campaign_key,campaign_label,iq2,ixb,it,iphi,Q2_low_GeV2,Q2_high_GeV2,Q2_flux_coordinate_GeV2,xB_low,xB_high,xB_flux_coordinate,beam_energy_GeV,virtual_photon_epsilon,minus_t_low_GeV2,minus_t_high_GeV2,minus_t_center_GeV2,phi_low_deg,phi_high_deg,phi_center_deg,reduced_cross_section_nb_per_GeV2_rad,propagated_statistical_and_finite_MC_uncertainty_nb_per_GeV2_rad,relative_uncertainty,combination_contributor_count,torus_plus1_BLUE_weight,torus_minus1_BLUE_weight
torus_minus1,RGA Fall 2018 torus-1,1,0,0,15,1.5,2,1.536904761904762,0.05,0.1,0.09761904761904762,10.604,0.3910526191938313,0.09,0.15,0.12,270,288,279,16.01569535571766,23.93033490514519,1.494180200961551,,,
torus_minus1,RGA Fall 2018 torus-1,1,0,1,2,1.5,2,1.536904761904762,0.05,0.1,0.09761904761904762,10.604,0.3910526191938313,0.15,0.2,0.175,36,54,45,6.066632232535403,30.87995353002387,5.090131121582483,,,
torus_minus1,RGA Fall 2018 torus-1,1,0,2,2,1.5,2,1.536904761904762,0.05,0.1,0.09761904761904762,10.604,0.3910526191938313,0.2,0.3,0.25,36,54,45,9.794042406576969,17.60697579717348,1.797723051040693,,,
torus_minus1,RGA Fall 2018 torus-1,1,0,2,3,1.5,2,1.536904761904762,0.05,0.1,0.09761904761904762,10.604,0.3910526191938313,0.2,0.3,0.25,54,72,63,6.48470293367693,10.71032932765553,1.651629910760246,,,
torus_minus1,RGA Fall 2018 torus-1,1,0,2,8,1.5,2,1.536904761904762,0.05,0.1,0.09761904761904762,10.604,0.3910526191938313,0.2,0.3,0.25,144,162,153,33.21388428512751,27.47171052716089,0.8271152597307673,,,
torus_minus1,RGA Fall 2018 torus-1,1,0,2,15,1.5,2,1.536904761904762,0.05,0.1,0.09761904761904762,10.604,0.3910526191938313,0.2,0.3,0.25,270,288,279,13.33489342722055,20.2972150040154,1.522113027358932,,,
torus_minus1,RGA Fall 2018 torus-1,1,0,2,16,1.5,2,1.536904761904762,0.05,0.1,0.09761904761904762,10.604,0.3910526191938313,0.2,0.3,0.25,288,306,297,18.34039991160427,24.38827797167332,1.329757153018373,,,
torus_minus1,RGA Fall 2018 torus-1,1,0,2,17,1.5,2,1.536904761904762,0.05,0.1,0.09761904761904762,10.604,0.3910526191938313,0.2,0.3,0.25,306,324,315,36.03405323841353,42.22325906487648,1.171759912367145,,,
torus_minus1,RGA Fall 2018 torus-1,1,0,3,9,1.5,2,1.536904761904762,0.05,0.1,0.09761904761904762,10.604,0.3910526191938313,0.3,0.4,0.35,162,180,171,7.092080097395997,12.68632638890136,1.788801905037622,,,
torus_minus1,RGA Fall 2018 torus-1,1,0,3,16,1.5,2,1.536904761904762,0.05,0.1,0.09761904761904762,10.604,0.3910526191938313,0.3,0.4,0.35,288,306,297,30.11979880545109,27.50833961006181,0.9132975883319429,,,
torus_minus1,RGA Fall 2018 torus-1,1,0,4,1,1.5,2,1.536904761904762,0.05,0.1,0.09761904761904762,10.604,0.3910526191938313,0.4,0.6,0.5,18,36,27,45.25549734297823,29.75743134601384,0.657542908444712,,,
torus_minus1,RGA Fall 2018 torus-1,1,0,4,3,1.5,2,1.536904761904762,0.05,0.1,0.09761904761904762,10.604,0.3910526191938313,0.4,0.6,0.5,54,72,63,5.645695684793083,8.878359533107684,1.572589106604154,,,
torus_minus1,RGA Fall 2018 torus-1,1,0,4,7,1.5,2,1.536904761904762,0.05,0.1,0.09761904761904762,10.604,0.3910526191938313,0.4,0.6,0.5,126,144,135,9.283216773084831,13.23156992341257,1.425321658088966,,,
torus_minus1,RGA Fall 2018 torus-1,1,0,4,9,1.5,2,1.536904761904762,0.05,0.1,0.09761904761904762,10.604,0.3910526191938313,0.4,0.6,0.5,162,180,171,5.982963035630072,8.043305104287446,1.34436817616748,,,
torus_minus1,RGA Fall 2018 torus-1,1,0,4,14,1.5,2,1.536904761904762,0.05,0.1,0.09761904761904762,10.604,0.3910526191938313,0.4,0.6,0.5,252,270,261,19.29165703123744,12.99206179972855,0.6734549436936155,,,
torus_minus1,RGA Fall 2018 torus-1,1,0,4,16,1.5,2,1.536904761904762,0.05,0.1,0.09761904761904762,10.604,0.3910526191938313,0.4,0.6,0.5,288,306,297,12.51730517575461,16.66246374912463,1.331154231295644,,,
torus_minus1,RGA Fall 2018 torus-1,1,0,5,2,1.5,2,1.536904761904762,0.05,0.1,0.09761904761904762,10.604,0.3910526191938313,0.6,1,0.8,36,54,45,2.331119085537555,3.995976405733471,1.714188018331977,,,
torus_minus1,RGA Fall 2018 torus-1,1,0,5,7,1.5,2,1.536904761904762,0.05,0.1,0.09761904761904762,10.604,0.3910526191938313,0.6,1,0.8,126,144,135,1.912054337458847,3.054437670329678,1.597463843202844,,,
torus_minus1,RGA Fall 2018 torus-1,1,0,5,8,1.5,2,1.536904761904762,0.05,0.1,0.09761904761904762,10.604,0.3910526191938313,0.6,1,0.8,144,162,153,1.326963479982352,2.140877374935127,1.613365708424469,,,
torus_minus1,RGA Fall 2018 torus-1,1,0,5,9,1.5,2,1.536904761904762,0.05,0.1,0.09761904761904762,10.604,0.3910526191938313,0.6,1,0.8,162,180,171,2.073205398536719,3.361393722622364,1.62135103689912,,,
torus_minus1,RGA Fall 2018 torus-1,1,0,5,14,1.5,2,1.536904761904762,0.05,0.1,0.09761904761904762,10.604,0.3910526191938313,0.6,1,0.8,252,270,261,2.849387256884857,3.745272647091273,1.314413349060127,,,
torus_minus1,RGA Fall 2018 torus-1,1,0,5,17,1.5,2,1.536904761904762,0.05,0.1,0.09761904761904762,10.604,0.3910526191938313,0.6,1,0.8,306,324,315,3.241984914155068,5.769105644389364,1.779497991863086,,,
torus_minus1,RGA Fall 2018 torus-1,1,0,6,3,1.5,2,1.536904761904762,0.05,0.1,0.09761904761904762,10.604,0.3910526191938313,1,1.5,1.25,54,72,63,4.966145717425671,4.155624485397762,0.8367906867525299,,,
torus_minus1,RGA Fall 2018 torus-1,1,0,6,5,1.5,2,1.536904761904762,0.05,0.1,0.09761904761904762,10.604,0.3910526191938313,1,1.5,1.25,90,108,99,2.025128525905565,3.153769731109834,1.557318308821698,,,
torus_minus1,RGA Fall 2018 torus-1,1,0,6,7,1.5,2,1.536904761904762,0.05,0.1,0.09761904761904762,10.604,0.3910526191938313,1,1.5,1.25,126,144,135,3.996158078673278,3.628661111301326,0.9080374299171965,,,
torus_minus1,RGA Fall 2018 torus-1,1,0,6,9,1.5,2,1.536904761904762,0.05,0.1,0.09761904761904762,10.604,0.3910526191938313,1,1.5,1.25,162,180,171,0.9758040395697657,1.655906026144765,1.696965742091884,,,
torus_minus1,RGA Fall 2018 torus-1,1,0,7,5,1.5,2,1.536904761904762,0.05,0.1,0.09761904761904762,10.604,0.3910526191938313,1.5,2,1.75,90,108,99,1.139017448675494,1.769017744553232,1.553108555633045,,,
torus_minus1,RGA Fall 2018 torus-1,1,0,7,12,1.5,2,1.536904761904762,0.05,0.1,0.09761904761904762,10.604,0.3910526191938313,1.5,2,1.75,216,234,225,2.327350492975062,1.858527342512935,0.7985592836673139,,,
torus_minus1,RGA Fall 2018 torus-1,1,1,0,0,1.5,2,1.722596371882086,0.1,0.15,0.1288219954648526,10.604,0.5813536032047781,0.09,0.15,0.12,0,18,9,28.69112903520324,13.89185306436554,0.4841863506772636,,,
torus_minus1,RGA Fall 2018 torus-1,1,1,0,2,1.5,2,1.722596371882086,0.1,0.15,0.1288219954648526,10.604,0.5813536032047781,0.09,0.15,0.12,36,54,45,23.89696950931364,10.94758066490031,0.4581158569346452,,,
torus_minus1,RGA Fall 2018 torus-1,1,1,0,6,1.5,2,1.722596371882086,0.1,0.15,0.1288219954648526,10.604,0.5813536032047781,0.09,0.15,0.12,108,126,117,17.7751299639011,6.989112253476216,0.3931961267045677,,,
torus_minus1,RGA Fall 2018 torus-1,1,1,0,7,1.5,2,1.722596371882086,0.1,0.15,0.1288219954648526,10.604,0.5813536032047781,0.09,0.15,0.12,126,144,135,10.74941450226101,4.587109373877521,0.4267310906015094,,,
torus_minus1,RGA Fall 2018 torus-1,1,1,0,8,1.5,2,1.722596371882086,0.1,0.15,0.1288219954648526,10.604,0.5813536032047781,0.09,0.15,0.12,144,162,153,3.777170358704991,2.589577618000077,0.6855866619921049,,,
torus_minus1,RGA Fall 2018 torus-1,1,1,0,9,1.5,2,1.722596371882086,0.1,0.15,0.1288219954648526,10.604,0.5813536032047781,0.09,0.15,0.12,162,180,171,7.623217232504737,4.466048379261863,0.5858482374369473,,,
torus_minus1,RGA Fall 2018 torus-1,1,1,0,10,1.5,2,1.722596371882086,0.1,0.15,0.1288219954648526,10.604,0.5813536032047781,0.09,0.15,0.12,180,198,189,13.70320181532501,7.33083221618912,0.5349722141573268,,,
torus_minus1,RGA Fall 2018 torus-1,1,1,0,17,1.5,2,1.722596371882086,0.1,0.15,0.1288219954648526,10.604,0.5813536032047781,0.09,0.15,0.12,306,324,315,12.64498435182976,5.24059812974853,0.4144408552779428,,,
torus_minus1,RGA Fall 2018 torus-1,1,1,0,18,1.5,2,1.722596371882086,0.1,0.15,0.1288219954648526,10.604,0.5813536032047781,0.09,0.15,0.12,324,342,333,21.39532197049317,5.930772863159535,0.2771995145171834,,,
torus_minus1,RGA Fall 2018 torus-1,1,1,0,19,1.5,2,1.722596371882086,0.1,0.15,0.1288219954648526,10.604,0.5813536032047781,0.09,0.15,0.12,342,360,351,13.82364433052122,7.57064132548059,0.5476588621978195,,,
torus_minus1,RGA Fall 2018 torus-1,1,1,1,0,1.5,2,1.722596371882086,0.1,0.15,0.1288219954648526,10.604,0.5813536032047781,0.15,0.2,0.175,0,18,9,11.52793232117575,3.946458696446315,0.3423388155391088,,,
torus_minus1,RGA Fall 2018 torus-1,1,1,1,1,1.5,2,1.722596371882086,0.1,0.15,0.1288219954648526,10.604,0.5813536032047781,0.15,0.2,0.175,18,36,27,19.47282943876691,5.025033868701233,0.2580536066678267,,,
torus_minus1,RGA Fall 2018 torus-1,1,1,1,2,1.5,2,1.722596371882086,0.1,0.15,0.1288219954648526,10.604,0.5813536032047781,0.15,0.2,0.175,36,54,45,14.57004883522082,4.404568087902485,0.3023029049329696,,,
torus_minus1,RGA Fall 2018 torus-1,1,1,1,3,1.5,2,1.722596371882086,0.1,0.15,0.1288219954648526,10.604,0.5813536032047781,0.15,0.2,0.175,54,72,63,24.51995184804202,13.31656323400466,0.5430909210805823,,,
torus_minus1,RGA Fall 2018 torus-1,1,1,1,5,1.5,2,1.722596371882086,0.1,0.15,0.1288219954648526,10.604,0.5813536032047781,0.15,0.2,0.175,90,108,99,51.03203660180361,23.46661955151869,0.4598409374610246,,,
torus_minus1,RGA Fall 2018 torus-1,1,1,1,6,1.5,2,1.722596371882086,0.1,0.15,0.1288219954648526,10.604,0.5813536032047781,0.15,0.2,0.175,108,126,117,23.23186162940407,6.605073679229875,0.2843109942971584,,,
torus_minus1,RGA Fall 2018 torus-1,1,1,1,7,1.5,2,1.722596371882086,0.1,0.15,0.1288219954648526,10.604,0.5813536032047781,0.15,0.2,0.175,126,144,135,20.93195308594953,4.785331395441156,0.2286137072728912,,,
torus_minus1,RGA Fall 2018 torus-1,1,1,1,8,1.5,2,1.722596371882086,0.1,0.15,0.1288219954648526,10.604,0.5813536032047781,0.15,0.2,0.175,144,162,153,10.00589315008526,2.319127425561297,0.2317761533903184,,,
torus_minus1,RGA Fall 2018 torus-1,1,1,1,9,1.5,2,1.722596371882086,0.1,0.15,0.1288219954648526,10.604,0.5813536032047781,0.15,0.2,0.175,162,180,171,8.600937214148693,2.333831539370115,0.2713461895211746,,,
torus_minus1,RGA Fall 2018 torus-1,1,1,1,10,1.5,2,1.722596371882086,0.1,0.15,0.1288219954648526,10.604,0.5813536032047781,0.15,0.2,0.175,180,198,189,6.075332696319993,2.475011923765206,0.4073870596855367,,,
torus_minus1,RGA Fall 2018 torus-1,1,1,1,11,1.5,2,1.722596371882086,0.1,0.15,0.1288219954648526,10.604,0.5813536032047781,0.15,0.2,0.175,198,216,207,12.40620555492819,4.671457319984257,0.3765419893537544,,,
torus_minus1,RGA Fall 2018 torus-1,1,1,1,16,1.5,2,1.722596371882086,0.1,0.15,0.1288219954648526,10.604,0.5813536032047781,0.15,0.2,0.175,288,306,297,21.97880180508318,9.183808433808659,0.4178484575844648,,,
torus_minus1,RGA Fall 2018 torus-1,1,1,1,17,1.5,2,1.722596371882086,0.1,0.15,0.1288219954648526,10.604,0.5813536032047781,0.15,0.2,0.175,306,324,315,19.95672550993424,6.409318440660886,0.3211608255808497,,,
torus_minus1,RGA Fall 2018 torus-1,1,1,1,19,1.5,2,1.722596371882086,0.1,0.15,0.1288219954648526,10.604,0.5813536032047781,0.15,0.2,0.175,342,360,351,16.07370873924058,5.257572184991168,0.32709141805935,,,
torus_minus1,RGA Fall 2018 torus-1,1,1,2,0,1.5,2,1.722596371882086,0.1,0.15,0.1288219954648526,10.604,0.5813536032047781,0.2,0.3,0.25,0,18,9,12.16011034568373,3.90700119366123,0.3212965246691228,,,
torus_minus1,RGA Fall 2018 torus-1,1,1,2,1,1.5,2,1.722596371882086,0.1,0.15,0.1288219954648526,10.604,0.5813536032047781,0.2,0.3,0.25,18,36,27,13.09921256050251,2.904213923697791,0.221709046271586,,,
torus_minus1,RGA Fall 2018 torus-1,1,1,2,2,1.5,2,1.722596371882086,0.1,0.15,0.1288219954648526,10.604,0.5813536032047781,0.2,0.3,0.25,36,54,45,14.35262313332938,2.865668963889025,0.199661688129637,,,
torus_minus1,RGA Fall 2018 torus-1,1,1,2,5,1.5,2,1.722596371882086,0.1,0.15,0.1288219954648526,10.604,0.5813536032047781,0.2,0.3,0.25,90,108,99,15.09612181556285,7.892915382278706,0.5228439117483648,,,
torus_minus1,RGA Fall 2018 torus-1,1,1,2,6,1.5,2,1.722596371882086,0.1,0.15,0.1288219954648526,10.604,0.5813536032047781,0.2,0.3,0.25,108,126,117,21.07813264887958,4.306368497386555,0.2043050287766105,,,
torus_minus1,RGA Fall 2018 torus-1,1,1,2,7,1.5,2,1.722596371882086,0.1,0.15,0.1288219954648526,10.604,0.5813536032047781,0.2,0.3,0.25,126,144,135,17.68372268450125,2.937578668985212,0.1661176620666998,,,
torus_minus1,RGA Fall 2018 torus-1,1,1,2,8,1.5,2,1.722596371882086,0.1,0.15,0.1288219954648526,10.604,0.5813536032047781,0.2,0.3,0.25,144,162,153,11.44414315249662,1.488028986677115,0.1300253734026816,,,
torus_minus1,RGA Fall 2018 torus-1,1,1,2,9,1.5,2,1.722596371882086,0.1,0.15,0.1288219954648526,10.604,0.5813536032047781,0.2,0.3,0.25,162,180,171,6.326173653673199,1.194431133696557,0.188807832204073,,,
torus_minus1,RGA Fall 2018 torus-1,1,1,2,10,1.5,2,1.722596371882086,0.1,0.15,0.1288219954648526,10.604,0.5813536032047781,0.2,0.3,0.25,180,198,189,8.193953348219013,1.959189073435098,0.2391018096119543,,,
torus_minus1,RGA Fall 2018 torus-1,1,1,2,11,1.5,2,1.722596371882086,0.1,0.15,0.1288219954648526,10.604,0.5813536032047781,0.2,0.3,0.25,198,216,207,6.937978860640206,2.325542625302357,0.3351902149047146,,,
torus_minus1,RGA Fall 2018 torus-1,1,1,2,16,1.5,2,1.722596371882086,0.1,0.15,0.1288219954648526,10.604,0.5813536032047781,0.2,0.3,0.25,288,306,297,28.48508057795347,7.286672173196482,0.2558066196532416,,,
torus_minus1,RGA Fall 2018 torus-1,1,1,2,17,1.5,2,1.722596371882086,0.1,0.15,0.1288219954648526,10.604,0.5813536032047781,0.2,0.3,0.25,306,324,315,11.90403222907891,2.36664298395698,0.1988101962775097,,,
torus_minus1,RGA Fall 2018 torus-1,1,1,2,18,1.5,2,1.722596371882086,0.1,0.15,0.1288219954648526,10.604,0.5813536032047781,0.2,0.3,0.25,324,342,333,8.027316884717031,1.996649565352029,0.2487318731808621,,,
torus_minus1,RGA Fall 2018 torus-1,1,1,2,19,1.5,2,1.722596371882086,0.1,0.15,0.1288219954648526,10.604,0.5813536032047781,0.2,0.3,0.25,342,360,351,9.617007901692247,2.709994254349923,0.2817918298552153,,,
torus_minus1,RGA Fall 2018 torus-1,1,1,3,1,1.5,2,1.722596371882086,0.1,0.15,0.1288219954648526,10.604,0.5813536032047781,0.3,0.4,0.35,18,36,27,8.734943245168314,2.299289954013435,0.2632289517490883,,,
torus_minus1,RGA Fall 2018 torus-1,1,1,3,2,1.5,2,1.722596371882086,0.1,0.15,0.1288219954648526,10.604,0.5813536032047781,0.3,0.4,0.35,36,54,45,10.81109096980525,2.381418830636927,0.2202755334580102,,,
torus_minus1,RGA Fall 2018 torus-1,1,1,3,6,1.5,2,1.722596371882086,0.1,0.15,0.1288219954648526,10.604,0.5813536032047781,0.3,0.4,0.35,108,126,117,12.04551402228037,3.323639498337084,0.2759234261144362,,,
torus_minus1,RGA Fall 2018 torus-1,1,1,3,7,1.5,2,1.722596371882086,0.1,0.15,0.1288219954648526,10.604,0.5813536032047781,0.3,0.4,0.35,126,144,135,14.70933561891818,2.501387884881985,0.1700544436327133,,,
torus_minus1,RGA Fall 2018 torus-1,1,1,3,8,1.5,2,1.722596371882086,0.1,0.15,0.1288219954648526,10.604,0.5813536032047781,0.3,0.4,0.35,144,162,153,7.597760877991741,1.14951685684258,0.1512967932660739,,,
torus_minus1,RGA Fall 2018 torus-1,1,1,3,9,1.5,2,1.722596371882086,0.1,0.15,0.1288219954648526,10.604,0.5813536032047781,0.3,0.4,0.35,162,180,171,6.619815318669228,1.014082750920224,0.1531889791638603,,,
torus_minus1,RGA Fall 2018 torus-1,1,1,3,10,1.5,2,1.722596371882086,0.1,0.15,0.1288219954648526,10.604,0.5813536032047781,0.3,0.4,0.35,180,198,189,5.32962636983797,1.38303780761137,0.2594999558390088,,,
torus_minus1,RGA Fall 2018 torus-1,1,1,3,11,1.5,2,1.722596371882086,0.1,0.15,0.1288219954648526,10.604,0.5813536032047781,0.3,0.4,0.35,198,216,207,6.19033883733744,2.126043012858819,0.3434453377633305,,,
torus_minus1,RGA Fall 2018 torus-1,1,1,3,14,1.5,2,1.722596371882086,0.1,0.15,0.1288219954648526,10.604,0.5813536032047781,0.3,0.4,0.35,252,270,261,13.09413515638488,3.793655647352052,0.2897217419893679,,,
torus_minus1,RGA Fall 2018 torus-1,1,1,3,15,1.5,2,1.722596371882086,0.1,0.15,0.1288219954648526,10.604,0.5813536032047781,0.3,0.4,0.35,270,288,279,21.89341812374926,5.874669838999763,0.2683304089747007,,,
torus_minus1,RGA Fall 2018 torus-1,1,1,3,16,1.5,2,1.722596371882086,0.1,0.15,0.1288219954648526,10.604,0.5813536032047781,0.3,0.4,0.35,288,306,297,19.06387641700039,5.249787762875118,0.2753788184544446,,,
torus_minus1,RGA Fall 2018 torus-1,1,1,3,17,1.5,2,1.722596371882086,0.1,0.15,0.1288219954648526,10.604,0.5813536032047781,0.3,0.4,0.35,306,324,315,14.51756654992421,2.856621539515785,0.1967699978982151,,,
torus_minus1,RGA Fall 2018 torus-1,1,1,3,18,1.5,2,1.722596371882086,0.1,0.15,0.1288219954648526,10.604,0.5813536032047781,0.3,0.4,0.35,324,342,333,6.649004254659342,1.763806521418485,0.2652737844441118,,,
torus_minus1,RGA Fall 2018 torus-1,1,1,3,19,1.5,2,1.722596371882086,0.1,0.15,0.1288219954648526,10.604,0.5813536032047781,0.3,0.4,0.35,342,360,351,10.20301584417644,3.444190443334666,0.3375659212859597,,,
torus_minus1,RGA Fall 2018 torus-1,1,1,4,1,1.5,2,1.722596371882086,0.1,0.15,0.1288219954648526,10.604,0.5813536032047781,0.4,0.6,0.5,18,36,27,3.986597568378879,1.12634895155891,0.2825338982025547,,,
torus_minus1,RGA Fall 2018 torus-1,1,1,4,2,1.5,2,1.722596371882086,0.1,0.15,0.1288219954648526,10.604,0.5813536032047781,0.4,0.6,0.5,36,54,45,6.254499760485751,1.212585230091909,0.1938740549248553,,,
torus_minus1,RGA Fall 2018 torus-1,1,1,4,3,1.5,2,1.722596371882086,0.1,0.15,0.1288219954648526,10.604,0.5813536032047781,0.4,0.6,0.5,54,72,63,6.49714743073973,3.411010297215739,0.5250012153144845,,,
torus_minus1,RGA Fall 2018 torus-1,1,1,4,6,1.5,2,1.722596371882086,0.1,0.15,0.1288219954648526,10.604,0.5813536032047781,0.4,0.6,0.5,108,126,117,7.929343728419896,2.088144728514661,0.2633439538042037,,,
torus_minus1,RGA Fall 2018 torus-1,1,1,4,7,1.5,2,1.722596371882086,0.1,0.15,0.1288219954648526,10.604,0.5813536032047781,0.4,0.6,0.5,126,144,135,6.34621741906835,1.091466061095425,0.1719868685582563,,,
torus_minus1,RGA Fall 2018 torus-1,1,1,4,8,1.5,2,1.722596371882086,0.1,0.15,0.1288219954648526,10.604,0.5813536032047781,0.4,0.6,0.5,144,162,153,5.207527401866324,0.6816117193997234,0.130889703845906,,,
torus_minus1,RGA Fall 2018 torus-1,1,1,4,9,1.5,2,1.722596371882086,0.1,0.15,0.1288219954648526,10.604,0.5813536032047781,0.4,0.6,0.5,162,180,171,5.053432485701355,0.6254833443806567,0.1237739588191703,,,
torus_minus1,RGA Fall 2018 torus-1,1,1,4,10,1.5,2,1.722596371882086,0.1,0.15,0.1288219954648526,10.604,0.5813536032047781,0.4,0.6,0.5,180,198,189,4.067280815372678,0.8452853940427988,0.2078256782388768,,,
torus_minus1,RGA Fall 2018 torus-1,1,1,4,11,1.5,2,1.722596371882086,0.1,0.15,0.1288219954648526,10.604,0.5813536032047781,0.4,0.6,0.5,198,216,207,4.701511793316632,1.536377214647758,0.3267836564467995,,,
torus_minus1,RGA Fall 2018 torus-1,1,1,4,14,1.5,2,1.722596371882086,0.1,0.15,0.1288219954648526,10.604,0.5813536032047781,0.4,0.6,0.5,252,270,261,10.92739826744284,1.782058419485545,0.1630816756075433,,,
torus_minus1,RGA Fall 2018 torus-1,1,1,4,15,1.5,2,1.722596371882086,0.1,0.15,0.1288219954648526,10.604,0.5813536032047781,0.4,0.6,0.5,270,288,279,9.25676856799732,1.66947180742683,0.1803514687834543,,,
torus_minus1,RGA Fall 2018 torus-1,1,1,4,16,1.5,2,1.722596371882086,0.1,0.15,0.1288219954648526,10.604,0.5813536032047781,0.4,0.6,0.5,288,306,297,7.903031397905596,1.62168218530761,0.2051974873511671,,,
torus_minus1,RGA Fall 2018 torus-1,1,1,4,17,1.5,2,1.722596371882086,0.1,0.15,0.1288219954648526,10.604,0.5813536032047781,0.4,0.6,0.5,306,324,315,4.819755768572467,1.087540607967376,0.225642264916981,,,
torus_minus1,RGA Fall 2018 torus-1,1,1,4,18,1.5,2,1.722596371882086,0.1,0.15,0.1288219954648526,10.604,0.5813536032047781,0.4,0.6,0.5,324,342,333,5.678278531585937,1.152059459192804,0.2028888602037341,,,
torus_minus1,RGA Fall 2018 torus-1,1,1,5,1,1.5,2,1.722596371882086,0.1,0.15,0.1288219954648526,10.604,0.5813536032047781,0.6,1,0.8,18,36,27,1.698696583274695,0.4577189967996019,0.2694530626047562,,,
torus_minus1,RGA Fall 2018 torus-1,1,1,5,2,1.5,2,1.722596371882086,0.1,0.15,0.1288219954648526,10.604,0.5813536032047781,0.6,1,0.8,36,54,45,4.553353796968196,0.8565258744253342,0.1881087902713914,,,
torus_minus1,RGA Fall 2018 torus-1,1,1,5,3,1.5,2,1.722596371882086,0.1,0.15,0.1288219954648526,10.604,0.5813536032047781,0.6,1,0.8,54,72,63,6.425713920367019,1.09932921019359,0.1710828125586393,,,
torus_minus1,RGA Fall 2018 torus-1,1,1,5,4,1.5,2,1.722596371882086,0.1,0.15,0.1288219954648526,10.604,0.5813536032047781,0.6,1,0.8,72,90,81,6.10568372810253,1.237166955046354,0.2026254568922504,,,
torus_minus1,RGA Fall 2018 torus-1,1,1,5,6,1.5,2,1.722596371882086,0.1,0.15,0.1288219954648526,10.604,0.5813536032047781,0.6,1,0.8,108,126,117,2.716776254168443,0.921648929224663,0.3392435898284025,,,
torus_minus1,RGA Fall 2018 torus-1,1,1,5,7,1.5,2,1.722596371882086,0.1,0.15,0.1288219954648526,10.604,0.5813536032047781,0.6,1,0.8,126,144,135,3.54976400232838,0.6422104238349292,0.1809163717401177,,,
torus_minus1,RGA Fall 2018 torus-1,1,1,5,8,1.5,2,1.722596371882086,0.1,0.15,0.1288219954648526,10.604,0.5813536032047781,0.6,1,0.8,144,162,153,2.589516128239549,0.3422077903177873,0.1321512488707429,,,
torus_minus1,RGA Fall 2018 torus-1,1,1,5,9,1.5,2,1.722596371882086,0.1,0.15,0.1288219954648526,10.604,0.5813536032047781,0.6,1,0.8,162,180,171,2.27061235386371,0.3416439045113472,0.1504633337918736,,,
torus_minus1,RGA Fall 2018 torus-1,1,1,5,10,1.5,2,1.722596371882086,0.1,0.15,0.1288219954648526,10.604,0.5813536032047781,0.6,1,0.8,180,198,189,2.139061565526411,0.4424468242326023,0.2068415567663751,,,
torus_minus1,RGA Fall 2018 torus-1,1,1,5,11,1.5,2,1.722596371882086,0.1,0.15,0.1288219954648526,10.604,0.5813536032047781,0.6,1,0.8,198,216,207,2.638543688207306,1.085128875144407,0.4112605298120615,,,
torus_minus1,RGA Fall 2018 torus-1,1,1,5,12,1.5,2,1.722596371882086,0.1,0.15,0.1288219954648526,10.604,0.5813536032047781,0.6,1,0.8,216,234,225,1.497137809946754,0.8039754224829153,0.5370082948553071,,,
torus_minus1,RGA Fall 2018 torus-1,1,1,5,13,1.5,2,1.722596371882086,0.1,0.15,0.1288219954648526,10.604,0.5813536032047781,0.6,1,0.8,234,252,243,3.048199957669411,0.7818656018415406,0.2565007587098513,,,
torus_minus1,RGA Fall 2018 torus-1,1,1,5,14,1.5,2,1.722596371882086,0.1,0.15,0.1288219954648526,10.604,0.5813536032047781,0.6,1,0.8,252,270,261,6.067236519529329,0.7845860066422304,0.1293152169223651,,,
torus_minus1,RGA Fall 2018 torus-1,1,1,5,15,1.5,2,1.722596371882086,0.1,0.15,0.1288219954648526,10.604,0.5813536032047781,0.6,1,0.8,270,288,279,5.184910922367313,0.5687528449598113,0.1096938507672822,,,
torus_minus1,RGA Fall 2018 torus-1,1,1,5,16,1.5,2,1.722596371882086,0.1,0.15,0.1288219954648526,10.604,0.5813536032047781,0.6,1,0.8,288,306,297,3.980187096850934,0.7966573899425898,0.2001557641782452,,,
torus_minus1,RGA Fall 2018 torus-1,1,1,5,17,1.5,2,1.722596371882086,0.1,0.15,0.1288219954648526,10.604,0.5813536032047781,0.6,1,0.8,306,324,315,3.0056512275766,0.888356917800342,0.2955622094971437,,,
torus_minus1,RGA Fall 2018 torus-1,1,1,5,18,1.5,2,1.722596371882086,0.1,0.15,0.1288219954648526,10.604,0.5813536032047781,0.6,1,0.8,324,342,333,1.475075796965554,0.352253863417762,0.2388039069872881,,,
torus_minus1,RGA Fall 2018 torus-1,1,1,6,0,1.5,2,1.722596371882086,0.1,0.15,0.1288219954648526,10.604,0.5813536032047781,1,1.5,1.25,0,18,9,0.5171797824299899,0.253867183467074,0.4908683442231034,,,
torus_minus1,RGA Fall 2018 torus-1,1,1,6,1,1.5,2,1.722596371882086,0.1,0.15,0.1288219954648526,10.604,0.5813536032047781,1,1.5,1.25,18,36,27,2.228875859457696,1.009841540603557,0.4530721333440527,,,
torus_minus1,RGA Fall 2018 torus-1,1,1,6,3,1.5,2,1.722596371882086,0.1,0.15,0.1288219954648526,10.604,0.5813536032047781,1,1.5,1.25,54,72,63,3.350659611459922,0.6033555800062522,0.1800706875573562,,,
torus_minus1,RGA Fall 2018 torus-1,1,1,6,4,1.5,2,1.722596371882086,0.1,0.15,0.1288219954648526,10.604,0.5813536032047781,1,1.5,1.25,72,90,81,3.030535222598653,0.6080917772722703,0.2006549116267449,,,
torus_minus1,RGA Fall 2018 torus-1,1,1,6,5,1.5,2,1.722596371882086,0.1,0.15,0.1288219954648526,10.604,0.5813536032047781,1,1.5,1.25,90,108,99,3.388670267089898,0.8523889604285204,0.2515408385131935,,,
torus_minus1,RGA Fall 2018 torus-1,1,1,6,7,1.5,2,1.722596371882086,0.1,0.15,0.1288219954648526,10.604,0.5813536032047781,1,1.5,1.25,126,144,135,2.049384499868749,0.5432594882365441,0.2650842183452332,,,
torus_minus1,RGA Fall 2018 torus-1,1,1,6,8,1.5,2,1.722596371882086,0.1,0.15,0.1288219954648526,10.604,0.5813536032047781,1,1.5,1.25,144,162,153,1.603970596315347,0.3148947827969419,0.1963220420126907,,,
torus_minus1,RGA Fall 2018 torus-1,1,1,6,9,1.5,2,1.722596371882086,0.1,0.15,0.1288219954648526,10.604,0.5813536032047781,1,1.5,1.25,162,180,171,1.548519261695433,0.2632346948548925,0.1699912305686684,,,
torus_minus1,RGA Fall 2018 torus-1,1,1,6,10,1.5,2,1.722596371882086,0.1,0.15,0.1288219954648526,10.604,0.5813536032047781,1,1.5,1.25,180,198,189,0.7895287203067252,0.2740200344587565,0.3470678487190461,,,
torus_minus1,RGA Fall 2018 torus-1,1,1,6,11,1.5,2,1.722596371882086,0.1,0.15,0.1288219954648526,10.604,0.5813536032047781,1,1.5,1.25,198,216,207,0.8934237039025967,0.4335740803644085,0.4852950268394466,,,
torus_minus1,RGA Fall 2018 torus-1,1,1,6,12,1.5,2,1.722596371882086,0.1,0.15,0.1288219954648526,10.604,0.5813536032047781,1,1.5,1.25,216,234,225,1.129028448406829,0.448928793897345,0.3976239877133548,,,
torus_minus1,RGA Fall 2018 torus-1,1,1,6,13,1.5,2,1.722596371882086,0.1,0.15,0.1288219954648526,10.604,0.5813536032047781,1,1.5,1.25,234,252,243,1.865025861350217,0.4446998854183492,0.2384416723832457,,,
torus_minus1,RGA Fall 2018 torus-1,1,1,6,14,1.5,2,1.722596371882086,0.1,0.15,0.1288219954648526,10.604,0.5813536032047781,1,1.5,1.25,252,270,261,2.582015220135024,0.4344714715261317,0.1682683619128362,,,
torus_minus1,RGA Fall 2018 torus-1,1,1,6,15,1.5,2,1.722596371882086,0.1,0.15,0.1288219954648526,10.604,0.5813536032047781,1,1.5,1.25,270,288,279,3.337448851006054,0.5332824813164011,0.1597874619578503,,,
torus_minus1,RGA Fall 2018 torus-1,1,1,6,16,1.5,2,1.722596371882086,0.1,0.15,0.1288219954648526,10.604,0.5813536032047781,1,1.5,1.25,288,306,297,3.135973083527614,1.571167212083304,0.5010142530674784,,,
torus_minus1,RGA Fall 2018 torus-1,1,1,6,18,1.5,2,1.722596371882086,0.1,0.15,0.1288219954648526,10.604,0.5813536032047781,1,1.5,1.25,324,342,333,1.20886421622217,0.427096375340961,0.3533038447243338,,,
torus_minus1,RGA Fall 2018 torus-1,1,1,6,19,1.5,2,1.722596371882086,0.1,0.15,0.1288219954648526,10.604,0.5813536032047781,1,1.5,1.25,342,360,351,0.6062445306671924,0.2510849012912639,0.4141643983409409,,,
torus_minus1,RGA Fall 2018 torus-1,1,1,7,3,1.5,2,1.722596371882086,0.1,0.15,0.1288219954648526,10.604,0.5813536032047781,1.5,2,1.75,54,72,63,1.330525584679436,0.5553621308099129,0.4174005650133489,,,
torus_minus1,RGA Fall 2018 torus-1,1,1,7,4,1.5,2,1.722596371882086,0.1,0.15,0.1288219954648526,10.604,0.5813536032047781,1.5,2,1.75,72,90,81,1.052728954309609,0.3063916327419072,0.2910451275113282,,,
torus_minus1,RGA Fall 2018 torus-1,1,1,7,5,1.5,2,1.722596371882086,0.1,0.15,0.1288219954648526,10.604,0.5813536032047781,1.5,2,1.75,90,108,99,2.336709162410092,0.7613797462703615,0.3258341938819083,,,
torus_minus1,RGA Fall 2018 torus-1,1,1,7,8,1.5,2,1.722596371882086,0.1,0.15,0.1288219954648526,10.604,0.5813536032047781,1.5,2,1.75,144,162,153,0.9694808385381388,0.3131202485855081,0.3229772432198412,,,
torus_minus1,RGA Fall 2018 torus-1,1,1,7,9,1.5,2,1.722596371882086,0.1,0.15,0.1288219954648526,10.604,0.5813536032047781,1.5,2,1.75,162,180,171,0.4073604412510695,0.1681725108918839,0.4128346640027173,,,
torus_minus1,RGA Fall 2018 torus-1,1,1,7,10,1.5,2,1.722596371882086,0.1,0.15,0.1288219954648526,10.604,0.5813536032047781,1.5,2,1.75,180,198,189,0.2470991829046425,0.1653431765162066,0.6691368808775617,,,
torus_minus1,RGA Fall 2018 torus-1,1,1,7,11,1.5,2,1.722596371882086,0.1,0.15,0.1288219954648526,10.604,0.5813536032047781,1.5,2,1.75,198,216,207,0.655559866871925,0.3862271218332609,0.5891561417207943,,,
torus_minus1,RGA Fall 2018 torus-1,1,1,7,12,1.5,2,1.722596371882086,0.1,0.15,0.1288219954648526,10.604,0.5813536032047781,1.5,2,1.75,216,234,225,1.461955363474124,0.8118540635804109,0.5553206916325805,,,
torus_minus1,RGA Fall 2018 torus-1,1,1,7,13,1.5,2,1.722596371882086,0.1,0.15,0.1288219954648526,10.604,0.5813536032047781,1.5,2,1.75,234,252,243,0.7359373960880562,0.3241051687181102,0.4403977436680368,,,
torus_minus1,RGA Fall 2018 torus-1,1,1,7,14,1.5,2,1.722596371882086,0.1,0.15,0.1288219954648526,10.604,0.5813536032047781,1.5,2,1.75,252,270,261,1.171803480189886,0.3599938982292925,0.3072135424712658,,,
torus_minus1,RGA Fall 2018 torus-1,1,1,7,15,1.5,2,1.722596371882086,0.1,0.15,0.1288219954648526,10.604,0.5813536032047781,1.5,2,1.75,270,288,279,1.952600228484214,0.5388095629971025,0.2759446378920971,,,
torus_minus1,RGA Fall 2018 torus-1,1,2,0,0,1.5,2,1.75,0.15,0.2,0.175,10.604,0.786408074467129,0.09,0.15,0.12,0,18,9,6.186782762215621,4.818422870382846,0.7788252886153164,,,
torus_minus1,RGA Fall 2018 torus-1,1,2,0,1,1.5,2,1.75,0.15,0.2,0.175,10.604,0.786408074467129,0.09,0.15,0.12,18,36,27,28.91219762415201,9.173787409470515,0.3172981704374879,,,
torus_minus1,RGA Fall 2018 torus-1,1,2,0,2,1.5,2,1.75,0.15,0.2,0.175,10.604,0.786408074467129,0.09,0.15,0.12,36,54,45,28.6137825814419,9.307130151743849,0.325267382082514,,,
torus_minus1,RGA Fall 2018 torus-1,1,2,0,5,1.5,2,1.75,0.15,0.2,0.175,10.604,0.786408074467129,0.09,0.15,0.12,90,108,99,48.36970082647105,9.291529703269127,0.1920940081189048,,,
torus_minus1,RGA Fall 2018 torus-1,1,2,1,0,1.5,2,1.75,0.15,0.2,0.175,10.604,0.786408074467129,0.15,0.2,0.175,0,18,9,12.68725293042613,6.71459484734601,0.5292394566552151,,,
torus_minus1,RGA Fall 2018 torus-1,1,2,1,1,1.5,2,1.75,0.15,0.2,0.175,10.604,0.786408074467129,0.15,0.2,0.175,18,36,27,24.55275435221185,6.99799602523213,0.2850187773170023,,,
torus_minus1,RGA Fall 2018 torus-1,1,2,1,2,1.5,2,1.75,0.15,0.2,0.175,10.604,0.786408074467129,0.15,0.2,0.175,36,54,45,15.48979284303539,6.370109984727296,0.411245653784935,,,
torus_minus1,RGA Fall 2018 torus-1,1,2,1,4,1.5,2,1.75,0.15,0.2,0.175,10.604,0.786408074467129,0.15,0.2,0.175,72,90,81,52.76480405123212,12.03065379504422,0.2280052775968432,,,
torus_minus1,RGA Fall 2018 torus-1,1,2,1,5,1.5,2,1.75,0.15,0.2,0.175,10.604,0.786408074467129,0.15,0.2,0.175,90,108,99,50.13343238649198,7.408489400134598,0.1477754274437182,,,
torus_minus1,RGA Fall 2018 torus-1,1,2,1,6,1.5,2,1.75,0.15,0.2,0.175,10.604,0.786408074467129,0.15,0.2,0.175,108,126,117,44.55896373629007,6.131162053448824,0.1375966032274542,,,
torus_minus1,RGA Fall 2018 torus-1,1,2,1,7,1.5,2,1.75,0.15,0.2,0.175,10.604,0.786408074467129,0.15,0.2,0.175,126,144,135,26.43595549493767,5.03745269204479,0.190553078098858,,,
torus_minus1,RGA Fall 2018 torus-1,1,2,1,8,1.5,2,1.75,0.15,0.2,0.175,10.604,0.786408074467129,0.15,0.2,0.175,144,162,153,16.63810185669594,3.842477665415813,0.2309444730240921,,,
torus_minus1,RGA Fall 2018 torus-1,1,2,1,9,1.5,2,1.75,0.15,0.2,0.175,10.604,0.786408074467129,0.15,0.2,0.175,162,180,171,12.75548653573026,3.4957451104075,0.2740581553369471,,,
torus_minus1,RGA Fall 2018 torus-1,1,2,1,10,1.5,2,1.75,0.15,0.2,0.175,10.604,0.786408074467129,0.15,0.2,0.175,180,198,189,7.66815646618685,3.998013184919166,0.5213786654652419,,,
torus_minus1,RGA Fall 2018 torus-1,1,2,1,11,1.5,2,1.75,0.15,0.2,0.175,10.604,0.786408074467129,0.15,0.2,0.175,198,216,207,7.33215585291518,3.536755003540597,0.4823622239473297,,,
torus_minus1,RGA Fall 2018 torus-1,1,2,1,12,1.5,2,1.75,0.15,0.2,0.175,10.604,0.786408074467129,0.15,0.2,0.175,216,234,225,31.12503459244012,9.341427103032565,0.3001258384240151,,,
torus_minus1,RGA Fall 2018 torus-1,1,2,1,19,1.5,2,1.75,0.15,0.2,0.175,10.604,0.786408074467129,0.15,0.2,0.175,342,360,351,12.16627580087671,5.312670700830954,0.4366718943234969,,,
torus_minus1,RGA Fall 2018 torus-1,1,2,2,0,1.5,2,1.75,0.15,0.2,0.175,10.604,0.786408074467129,0.2,0.3,0.25,0,18,9,21.81370698015249,5.846247552143307,0.2680079803704432,,,
torus_minus1,RGA Fall 2018 torus-1,1,2,2,5,1.5,2,1.75,0.15,0.2,0.175,10.604,0.786408074467129,0.2,0.3,0.25,90,108,99,38.7339438165641,4.986525512819303,0.1287378723022486,,,
torus_minus1,RGA Fall 2018 torus-1,1,2,2,6,1.5,2,1.75,0.15,0.2,0.175,10.604,0.786408074467129,0.2,0.3,0.25,108,126,117,36.64754928570432,3.882701754413143,0.1059471050613398,,,
torus_minus1,RGA Fall 2018 torus-1,1,2,2,7,1.5,2,1.75,0.15,0.2,0.175,10.604,0.786408074467129,0.2,0.3,0.25,126,144,135,28.80300301521918,3.646390986159678,0.1265975976266421,,,
torus_minus1,RGA Fall 2018 torus-1,1,2,2,8,1.5,2,1.75,0.15,0.2,0.175,10.604,0.786408074467129,0.2,0.3,0.25,144,162,153,18.60955572090901,2.571521865648478,0.1381828725099122,,,
torus_minus1,RGA Fall 2018 torus-1,1,2,2,9,1.5,2,1.75,0.15,0.2,0.175,10.604,0.786408074467129,0.2,0.3,0.25,162,180,171,11.71768915587783,1.810238725786292,0.1544876896549384,,,
torus_minus1,RGA Fall 2018 torus-1,1,2,2,10,1.5,2,1.75,0.15,0.2,0.175,10.604,0.786408074467129,0.2,0.3,0.25,180,198,189,8.954939388866935,1.939458500291748,0.2165797462239605,,,
torus_minus1,RGA Fall 2018 torus-1,1,2,2,11,1.5,2,1.75,0.15,0.2,0.175,10.604,0.786408074467129,0.2,0.3,0.25,198,216,207,15.14224747990233,2.462649679614738,0.1626343568141592,,,
torus_minus1,RGA Fall 2018 torus-1,1,2,2,12,1.5,2,1.75,0.15,0.2,0.175,10.604,0.786408074467129,0.2,0.3,0.25,216,234,225,23.88267498863597,4.531577989756177,0.1897433177779468,,,
torus_minus1,RGA Fall 2018 torus-1,1,2,2,19,1.5,2,1.75,0.15,0.2,0.175,10.604,0.786408074467129,0.2,0.3,0.25,342,360,351,13.73619840521463,4.127152083858066,0.3004581007137526,,,
torus_minus1,RGA Fall 2018 torus-1,1,2,3,0,1.5,2,1.75,0.15,0.2,0.175,10.604,0.786408074467129,0.3,0.4,0.35,0,18,9,13.83302267784422,3.701957371940663,0.2676173861747465,,,
torus_minus1,RGA Fall 2018 torus-1,1,2,3,5,1.5,2,1.75,0.15,0.2,0.175,10.604,0.786408074467129,0.3,0.4,0.35,90,108,99,40.02994558705031,7.274564139960966,0.1817280546670113,,,
torus_minus1,RGA Fall 2018 torus-1,1,2,3,6,1.5,2,1.75,0.15,0.2,0.175,10.604,0.786408074467129,0.3,0.4,0.35,108,126,117,28.84966479242809,3.666268464077712,0.1270818392676772,,,
torus_minus1,RGA Fall 2018 torus-1,1,2,3,7,1.5,2,1.75,0.15,0.2,0.175,10.604,0.786408074467129,0.3,0.4,0.35,126,144,135,24.90694788810574,3.030822014462158,0.1216858054257832,,,
torus_minus1,RGA Fall 2018 torus-1,1,2,3,8,1.5,2,1.75,0.15,0.2,0.175,10.604,0.786408074467129,0.3,0.4,0.35,144,162,153,11.03829679235664,1.75864107737854,0.1593217785733297,,,
torus_minus1,RGA Fall 2018 torus-1,1,2,3,9,1.5,2,1.75,0.15,0.2,0.175,10.604,0.786408074467129,0.3,0.4,0.35,162,180,171,8.2663856448382,1.272531544253156,0.1539405005920291,,,
torus_minus1,RGA Fall 2018 torus-1,1,2,3,10,1.5,2,1.75,0.15,0.2,0.175,10.604,0.786408074467129,0.3,0.4,0.35,180,198,189,11.56102240909951,2.237512301212992,0.1935393101091024,,,
torus_minus1,RGA Fall 2018 torus-1,1,2,3,11,1.5,2,1.75,0.15,0.2,0.175,10.604,0.786408074467129,0.3,0.4,0.35,198,216,207,13.16842038076355,2.09821252805849,0.1593366909157579,,,
torus_minus1,RGA Fall 2018 torus-1,1,2,3,12,1.5,2,1.75,0.15,0.2,0.175,10.604,0.786408074467129,0.3,0.4,0.35,216,234,225,17.41360301712551,3.881318622361942,0.222890037090247,,,
torus_minus1,RGA Fall 2018 torus-1,1,2,3,19,1.5,2,1.75,0.15,0.2,0.175,10.604,0.786408074467129,0.3,0.4,0.35,342,360,351,16.52625196418304,3.921544938608971,0.2372918522062984,,,
torus_minus1,RGA Fall 2018 torus-1,1,2,4,0,1.5,2,1.75,0.15,0.2,0.175,10.604,0.786408074467129,0.4,0.6,0.5,0,18,9,3.25420078130584,1.104421137940681,0.3393832194636439,,,
torus_minus1,RGA Fall 2018 torus-1,1,2,4,6,1.5,2,1.75,0.15,0.2,0.175,10.604,0.786408074467129,0.4,0.6,0.5,108,126,117,13.16055494603769,1.860517386165823,0.1413707395922524,,,
torus_minus1,RGA Fall 2018 torus-1,1,2,4,7,1.5,2,1.75,0.15,0.2,0.175,10.604,0.786408074467129,0.4,0.6,0.5,126,144,135,16.49180158574235,1.858163187543108,0.1126719344689148,,,
torus_minus1,RGA Fall 2018 torus-1,1,2,4,8,1.5,2,1.75,0.15,0.2,0.175,10.604,0.786408074467129,0.4,0.6,0.5,144,162,153,10.60248743037435,1.25717847771884,0.1185739182408492,,,
torus_minus1,RGA Fall 2018 torus-1,1,2,4,9,1.5,2,1.75,0.15,0.2,0.175,10.604,0.786408074467129,0.4,0.6,0.5,162,180,171,7.966894275852089,0.9735706414825401,0.1222020285161137,,,
torus_minus1,RGA Fall 2018 torus-1,1,2,4,10,1.5,2,1.75,0.15,0.2,0.175,10.604,0.786408074467129,0.4,0.6,0.5,180,198,189,7.564680631466148,1.25727446570364,0.1662032446517126,,,
torus_minus1,RGA Fall 2018 torus-1,1,2,4,11,1.5,2,1.75,0.15,0.2,0.175,10.604,0.786408074467129,0.4,0.6,0.5,198,216,207,11.25150453468289,1.675784189196972,0.1489386760705066,,,
torus_minus1,RGA Fall 2018 torus-1,1,2,4,12,1.5,2,1.75,0.15,0.2,0.175,10.604,0.786408074467129,0.4,0.6,0.5,216,234,225,12.96573104634149,2.7167759240178,0.2095351133158347,,,
torus_minus1,RGA Fall 2018 torus-1,1,2,4,14,1.5,2,1.75,0.15,0.2,0.175,10.604,0.786408074467129,0.4,0.6,0.5,252,270,261,21.88130963467059,3.791396375543271,0.1732709988041969,,,
torus_minus1,RGA Fall 2018 torus-1,1,2,4,15,1.5,2,1.75,0.15,0.2,0.175,10.604,0.786408074467129,0.4,0.6,0.5,270,288,279,21.50309801337063,2.648598253896567,0.1231728680327676,,,
torus_minus1,RGA Fall 2018 torus-1,1,2,4,16,1.5,2,1.75,0.15,0.2,0.175,10.604,0.786408074467129,0.4,0.6,0.5,288,306,297,22.76554645990726,3.155132092275382,0.1385924163003041,,,
torus_minus1,RGA Fall 2018 torus-1,1,2,4,17,1.5,2,1.75,0.15,0.2,0.175,10.604,0.786408074467129,0.4,0.6,0.5,306,324,315,19.4809632420077,5.813225578357858,0.2984054487522738,,,
torus_minus1,RGA Fall 2018 torus-1,1,2,4,18,1.5,2,1.75,0.15,0.2,0.175,10.604,0.786408074467129,0.4,0.6,0.5,324,342,333,5.290674675695,1.730256999728916,0.3270390084042776,,,
torus_minus1,RGA Fall 2018 torus-1,1,2,4,19,1.5,2,1.75,0.15,0.2,0.175,10.604,0.786408074467129,0.4,0.6,0.5,342,360,351,5.509784397530438,1.299210454125814,0.2358005976981855,,,
torus_minus1,RGA Fall 2018 torus-1,1,2,5,2,1.5,2,1.75,0.15,0.2,0.175,10.604,0.786408074467129,0.6,1,0.8,36,54,45,5.645694611794559,1.095030883796734,0.1939585753556486,,,
torus_minus1,RGA Fall 2018 torus-1,1,2,5,3,1.5,2,1.75,0.15,0.2,0.175,10.604,0.786408074467129,0.6,1,0.8,54,72,63,10.74828141305592,1.283472168231492,0.1194118500351564,,,
torus_minus1,RGA Fall 2018 torus-1,1,2,5,4,1.5,2,1.75,0.15,0.2,0.175,10.604,0.786408074467129,0.6,1,0.8,72,90,81,12.34970487235324,1.910039122510878,0.1546627342315524,,,
torus_minus1,RGA Fall 2018 torus-1,1,2,5,6,1.5,2,1.75,0.15,0.2,0.175,10.604,0.786408074467129,0.6,1,0.8,108,126,117,8.713311378447168,1.708827149321225,0.1961168464090585,,,
torus_minus1,RGA Fall 2018 torus-1,1,2,5,7,1.5,2,1.75,0.15,0.2,0.175,10.604,0.786408074467129,0.6,1,0.8,126,144,135,7.705173679734526,0.9354807696394799,0.1214094332616927,,,
torus_minus1,RGA Fall 2018 torus-1,1,2,5,8,1.5,2,1.75,0.15,0.2,0.175,10.604,0.786408074467129,0.6,1,0.8,144,162,153,6.398520762705208,0.7904514534216588,0.1235365927120109,,,
torus_minus1,RGA Fall 2018 torus-1,1,2,5,9,1.5,2,1.75,0.15,0.2,0.175,10.604,0.786408074467129,0.6,1,0.8,162,180,171,3.892725337118588,0.4974167328931439,0.1277811018799836,,,
torus_minus1,RGA Fall 2018 torus-1,1,2,5,10,1.5,2,1.75,0.15,0.2,0.175,10.604,0.786408074467129,0.6,1,0.8,180,198,189,4.156900902315265,0.5785002196040167,0.1391662282066455,,,
torus_minus1,RGA Fall 2018 torus-1,1,2,5,11,1.5,2,1.75,0.15,0.2,0.175,10.604,0.786408074467129,0.6,1,0.8,198,216,207,5.231876042496066,0.8098679853771524,0.1547949490391164,,,
torus_minus1,RGA Fall 2018 torus-1,1,2,5,14,1.5,2,1.75,0.15,0.2,0.175,10.604,0.786408074467129,0.6,1,0.8,252,270,261,14.21918118924961,1.383575465456609,0.09730345559578767,,,
torus_minus1,RGA Fall 2018 torus-1,1,2,5,15,1.5,2,1.75,0.15,0.2,0.175,10.604,0.786408074467129,0.6,1,0.8,270,288,279,12.13093772422209,0.9527793022527969,0.07854127388275706,,,
torus_minus1,RGA Fall 2018 torus-1,1,2,5,16,1.5,2,1.75,0.15,0.2,0.175,10.604,0.786408074467129,0.6,1,0.8,288,306,297,9.872728174498596,0.8679607876970999,0.08791498888210612,,,
torus_minus1,RGA Fall 2018 torus-1,1,2,5,17,1.5,2,1.75,0.15,0.2,0.175,10.604,0.786408074467129,0.6,1,0.8,306,324,315,8.335353385435724,1.424886553118847,0.1709449482500091,,,
torus_minus1,RGA Fall 2018 torus-1,1,2,5,18,1.5,2,1.75,0.15,0.2,0.175,10.604,0.786408074467129,0.6,1,0.8,324,342,333,5.599789107176989,0.9576310076075956,0.1710119772868311,,,
torus_minus1,RGA Fall 2018 torus-1,1,2,5,19,1.5,2,1.75,0.15,0.2,0.175,10.604,0.786408074467129,0.6,1,0.8,342,360,351,3.536397910969467,1.094389597379689,0.3094644960582711,,,
torus_minus1,RGA Fall 2018 torus-1,1,2,6,0,1.5,2,1.75,0.15,0.2,0.175,10.604,0.786408074467129,1,1.5,1.25,0,18,9,0.3893515801939122,0.3508743034266974,0.9011760097440683,,,
torus_minus1,RGA Fall 2018 torus-1,1,2,6,2,1.5,2,1.75,0.15,0.2,0.175,10.604,0.786408074467129,1,1.5,1.25,36,54,45,4.20031219522166,0.8756696250237332,0.2084772712894791,,,
torus_minus1,RGA Fall 2018 torus-1,1,2,6,3,1.5,2,1.75,0.15,0.2,0.175,10.604,0.786408074467129,1,1.5,1.25,54,72,63,6.522690678627605,0.7229324428960741,0.1108334701911975,,,
torus_minus1,RGA Fall 2018 torus-1,1,2,6,4,1.5,2,1.75,0.15,0.2,0.175,10.604,0.786408074467129,1,1.5,1.25,72,90,81,5.099841227568198,0.7218392351837782,0.1415415113870083,,,
torus_minus1,RGA Fall 2018 torus-1,1,2,6,5,1.5,2,1.75,0.15,0.2,0.175,10.604,0.786408074467129,1,1.5,1.25,90,108,99,5.384952151478274,1.289866847421627,0.2395317193426749,,,
torus_minus1,RGA Fall 2018 torus-1,1,2,6,7,1.5,2,1.75,0.15,0.2,0.175,10.604,0.786408074467129,1,1.5,1.25,126,144,135,3.285335977806079,0.7184513415810502,0.2186842826531325,,,
torus_minus1,RGA Fall 2018 torus-1,1,2,6,8,1.5,2,1.75,0.15,0.2,0.175,10.604,0.786408074467129,1,1.5,1.25,144,162,153,2.516884395027449,0.3763733457967723,0.1495393854959586,,,
torus_minus1,RGA Fall 2018 torus-1,1,2,6,9,1.5,2,1.75,0.15,0.2,0.175,10.604,0.786408074467129,1,1.5,1.25,162,180,171,2.208680162261762,0.4016895740737193,0.1818686023160437,,,
torus_minus1,RGA Fall 2018 torus-1,1,2,6,10,1.5,2,1.75,0.15,0.2,0.175,10.604,0.786408074467129,1,1.5,1.25,180,198,189,2.042405331170045,0.3584187673225593,0.175488558442623,,,
torus_minus1,RGA Fall 2018 torus-1,1,2,6,11,1.5,2,1.75,0.15,0.2,0.175,10.604,0.786408074467129,1,1.5,1.25,198,216,207,1.811938392602785,0.4355014206781069,0.2403511192521975,,,
torus_minus1,RGA Fall 2018 torus-1,1,2,6,13,1.5,2,1.75,0.15,0.2,0.175,10.604,0.786408074467129,1,1.5,1.25,234,252,243,6.263186793620179,1.496596875381232,0.2389513397406092,,,
torus_minus1,RGA Fall 2018 torus-1,1,2,6,14,1.5,2,1.75,0.15,0.2,0.175,10.604,0.786408074467129,1,1.5,1.25,252,270,261,7.121802376474025,0.7607223798577722,0.1068159911837378,,,
torus_minus1,RGA Fall 2018 torus-1,1,2,6,15,1.5,2,1.75,0.15,0.2,0.175,10.604,0.786408074467129,1,1.5,1.25,270,288,279,6.321422523068781,0.6019592886560461,0.09522528931728812,,,
torus_minus1,RGA Fall 2018 torus-1,1,2,6,16,1.5,2,1.75,0.15,0.2,0.175,10.604,0.786408074467129,1,1.5,1.25,288,306,297,5.808390039968325,0.8158829454999128,0.1404662806536253,,,
torus_minus1,RGA Fall 2018 torus-1,1,2,6,18,1.5,2,1.75,0.15,0.2,0.175,10.604,0.786408074467129,1,1.5,1.25,324,342,333,1.48084217896902,0.826716526622975,0.5582745672456093,,,
torus_minus1,RGA Fall 2018 torus-1,1,2,6,19,1.5,2,1.75,0.15,0.2,0.175,10.604,0.786408074467129,1,1.5,1.25,342,360,351,1.391720229782216,0.5693695963764474,0.4091121075861241,,,
torus_minus1,RGA Fall 2018 torus-1,1,2,7,3,1.5,2,1.75,0.15,0.2,0.175,10.604,0.786408074467129,1.5,2,1.75,54,72,63,2.7675120136892,0.5416283986877335,0.1957095022564047,,,
torus_minus1,RGA Fall 2018 torus-1,1,2,7,4,1.5,2,1.75,0.15,0.2,0.175,10.604,0.786408074467129,1.5,2,1.75,72,90,81,2.225649858792816,0.4622862021558821,0.2077084139401085,,,
torus_minus1,RGA Fall 2018 torus-1,1,2,7,5,1.5,2,1.75,0.15,0.2,0.175,10.604,0.786408074467129,1.5,2,1.75,90,108,99,2.663674239651322,0.7174910316850127,0.2693614035096624,,,
torus_minus1,RGA Fall 2018 torus-1,1,2,7,7,1.5,2,1.75,0.15,0.2,0.175,10.604,0.786408074467129,1.5,2,1.75,126,144,135,0.6788947738421415,0.2870514873025146,0.4228217661449558,,,
torus_minus1,RGA Fall 2018 torus-1,1,2,7,8,1.5,2,1.75,0.15,0.2,0.175,10.604,0.786408074467129,1.5,2,1.75,144,162,153,1.227638121669558,0.2327327710660426,0.1895776670323105,,,
torus_minus1,RGA Fall 2018 torus-1,1,2,7,9,1.5,2,1.75,0.15,0.2,0.175,10.604,0.786408074467129,1.5,2,1.75,162,180,171,1.395395181855455,0.2986073313105542,0.2139948132209375,,,
torus_minus1,RGA Fall 2018 torus-1,1,2,7,10,1.5,2,1.75,0.15,0.2,0.175,10.604,0.786408074467129,1.5,2,1.75,180,198,189,1.094645342507079,0.2492658022857392,0.2277137558680356,,,
torus_minus1,RGA Fall 2018 torus-1,1,2,7,11,1.5,2,1.75,0.15,0.2,0.175,10.604,0.786408074467129,1.5,2,1.75,198,216,207,1.111743304944991,0.3112973283472067,0.2800082779564025,,,
torus_minus1,RGA Fall 2018 torus-1,1,2,7,13,1.5,2,1.75,0.15,0.2,0.175,10.604,0.786408074467129,1.5,2,1.75,234,252,243,1.82166015587089,0.526776462224701,0.2891738398773191,,,
torus_minus1,RGA Fall 2018 torus-1,1,2,7,14,1.5,2,1.75,0.15,0.2,0.175,10.604,0.786408074467129,1.5,2,1.75,252,270,261,4.26906615272035,0.8948967027546945,0.2096235267247956,,,
torus_minus1,RGA Fall 2018 torus-1,1,2,7,15,1.5,2,1.75,0.15,0.2,0.175,10.604,0.786408074467129,1.5,2,1.75,270,288,279,4.461102352955616,0.6942605919277419,0.1556253448136587,,,
torus_minus1,RGA Fall 2018 torus-1,1,2,7,16,1.5,2,1.75,0.15,0.2,0.175,10.604,0.786408074467129,1.5,2,1.75,288,306,297,3.083758115219593,0.7698392996445661,0.2496432180737841,,,
torus_minus1,RGA Fall 2018 torus-1,1,2,7,18,1.5,2,1.75,0.15,0.2,0.175,10.604,0.786408074467129,1.5,2,1.75,324,342,333,1.105876705186154,0.5848668002985183,0.5288716161175188,,,
torus_minus1,RGA Fall 2018 torus-1,1,3,0,0,1.5,2,1.75,0.2,0.25,0.225,10.604,0.8779115635834277,0.09,0.15,0.12,0,18,9,29.48611814478408,9.648868573630113,0.3272342777116947,,,
torus_minus1,RGA Fall 2018 torus-1,1,3,0,1,1.5,2,1.75,0.2,0.25,0.225,10.604,0.8779115635834277,0.09,0.15,0.12,18,36,27,23.92951746520572,7.011888199861956,0.2930225488272994,,,
torus_minus1,RGA Fall 2018 torus-1,1,3,0,2,1.5,2,1.75,0.2,0.25,0.225,10.604,0.8779115635834277,0.09,0.15,0.12,36,54,45,40.8001867619115,10.09919156818886,0.2475280720434551,,,
torus_minus1,RGA Fall 2018 torus-1,1,3,0,18,1.5,2,1.75,0.2,0.25,0.225,10.604,0.8779115635834277,0.09,0.15,0.12,324,342,333,15.65788145674927,7.201690946780127,0.4599403161068042,,,
torus_minus1,RGA Fall 2018 torus-1,1,3,0,19,1.5,2,1.75,0.2,0.25,0.225,10.604,0.8779115635834277,0.09,0.15,0.12,342,360,351,30.22950566411777,14.14251291862222,0.4678380478913782,,,
torus_minus1,RGA Fall 2018 torus-1,1,3,1,0,1.5,2,1.75,0.2,0.25,0.225,10.604,0.8779115635834277,0.15,0.2,0.175,0,18,9,30.46129027846708,6.901351129375088,0.2265613526638304,,,
torus_minus1,RGA Fall 2018 torus-1,1,3,1,1,1.5,2,1.75,0.2,0.25,0.225,10.604,0.8779115635834277,0.15,0.2,0.175,18,36,27,42.8916893638515,7.958839566415165,0.1855566820625807,,,
torus_minus1,RGA Fall 2018 torus-1,1,3,1,2,1.5,2,1.75,0.2,0.25,0.225,10.604,0.8779115635834277,0.15,0.2,0.175,36,54,45,41.55276324467479,7.529749822811816,0.1812093645487414,,,
torus_minus1,RGA Fall 2018 torus-1,1,3,1,3,1.5,2,1.75,0.2,0.25,0.225,10.604,0.8779115635834277,0.15,0.2,0.175,54,72,63,59.29752063056455,9.976156802016909,0.1682390207201135,,,
torus_minus1,RGA Fall 2018 torus-1,1,3,1,4,1.5,2,1.75,0.2,0.25,0.225,10.604,0.8779115635834277,0.15,0.2,0.175,72,90,81,79.43657317319413,14.50984934458625,0.182659557996676,,,
torus_minus1,RGA Fall 2018 torus-1,1,3,1,5,1.5,2,1.75,0.2,0.25,0.225,10.604,0.8779115635834277,0.15,0.2,0.175,90,108,99,62.87949103822243,13.73353433607261,0.2184103927896686,,,
torus_minus1,RGA Fall 2018 torus-1,1,3,1,18,1.5,2,1.75,0.2,0.25,0.225,10.604,0.8779115635834277,0.15,0.2,0.175,324,342,333,26.58109307858984,9.756095369937983,0.367031383588818,,,
torus_minus1,RGA Fall 2018 torus-1,1,3,1,19,1.5,2,1.75,0.2,0.25,0.225,10.604,0.8779115635834277,0.15,0.2,0.175,342,360,351,21.88884697258754,5.623954258314858,0.2569324124453886,,,
torus_minus1,RGA Fall 2018 torus-1,1,3,2,0,1.5,2,1.75,0.2,0.25,0.225,10.604,0.8779115635834277,0.2,0.3,0.25,0,18,9,27.64544210603841,5.400178007101536,0.1953370102163066,,,
torus_minus1,RGA Fall 2018 torus-1,1,3,2,1,1.5,2,1.75,0.2,0.25,0.225,10.604,0.8779115635834277,0.2,0.3,0.25,18,36,27,42.47666951582008,6.926554285554605,0.163067264088934,,,
torus_minus1,RGA Fall 2018 torus-1,1,3,2,2,1.5,2,1.75,0.2,0.25,0.225,10.604,0.8779115635834277,0.2,0.3,0.25,36,54,45,59.37364767015337,8.609066898035062,0.1449981134031414,,,
torus_minus1,RGA Fall 2018 torus-1,1,3,2,3,1.5,2,1.75,0.2,0.25,0.225,10.604,0.8779115635834277,0.2,0.3,0.25,54,72,63,57.18582399864396,9.657093030938777,0.1688721496986346,,,
torus_minus1,RGA Fall 2018 torus-1,1,3,2,4,1.5,2,1.75,0.2,0.25,0.225,10.604,0.8779115635834277,0.2,0.3,0.25,72,90,81,69.47192228593087,10.64646418164387,0.1532484467296789,,,
torus_minus1,RGA Fall 2018 torus-1,1,3,2,5,1.5,2,1.75,0.2,0.25,0.225,10.604,0.8779115635834277,0.2,0.3,0.25,90,108,99,80.92840343260525,8.684391759681148,0.1073095648910614,,,
torus_minus1,RGA Fall 2018 torus-1,1,3,2,6,1.5,2,1.75,0.2,0.25,0.225,10.604,0.8779115635834277,0.2,0.3,0.25,108,126,117,60.34271455477854,7.402954291805031,0.1226818240847402,,,
torus_minus1,RGA Fall 2018 torus-1,1,3,2,7,1.5,2,1.75,0.2,0.25,0.225,10.604,0.8779115635834277,0.2,0.3,0.25,126,144,135,36.70340225095628,7.289283111626947,0.1985996573774582,,,
torus_minus1,RGA Fall 2018 torus-1,1,3,2,8,1.5,2,1.75,0.2,0.25,0.225,10.604,0.8779115635834277,0.2,0.3,0.25,144,162,153,13.29581073154949,5.07315559682746,0.3815604553387197,,,
torus_minus1,RGA Fall 2018 torus-1,1,3,2,9,1.5,2,1.75,0.2,0.25,0.225,10.604,0.8779115635834277,0.2,0.3,0.25,162,180,171,9.792284255323102,2.102316340361078,0.2146911063389786,,,
torus_minus1,RGA Fall 2018 torus-1,1,3,2,10,1.5,2,1.75,0.2,0.25,0.225,10.604,0.8779115635834277,0.2,0.3,0.25,180,198,189,12.19908022264053,3.32710553862469,0.2727341305986204,,,
torus_minus1,RGA Fall 2018 torus-1,1,3,2,11,1.5,2,1.75,0.2,0.25,0.225,10.604,0.8779115635834277,0.2,0.3,0.25,198,216,207,23.72644855488065,4.414775333436574,0.1860697914070428,,,
torus_minus1,RGA Fall 2018 torus-1,1,3,2,12,1.5,2,1.75,0.2,0.25,0.225,10.604,0.8779115635834277,0.2,0.3,0.25,216,234,225,27.75241810639436,5.514631275716523,0.1987081361550225,,,
torus_minus1,RGA Fall 2018 torus-1,1,3,2,19,1.5,2,1.75,0.2,0.25,0.225,10.604,0.8779115635834277,0.2,0.3,0.25,342,360,351,19.71895022389647,4.045403014979169,0.2051530618540096,,,
torus_minus1,RGA Fall 2018 torus-1,1,3,3,0,1.5,2,1.75,0.2,0.25,0.225,10.604,0.8779115635834277,0.3,0.4,0.35,0,18,9,26.63853380152744,7.872406514395607,0.2955270201073982,,,
torus_minus1,RGA Fall 2018 torus-1,1,3,3,5,1.5,2,1.75,0.2,0.25,0.225,10.604,0.8779115635834277,0.3,0.4,0.35,90,108,99,56.08414735906002,7.777690158059425,0.1386789409182841,,,
torus_minus1,RGA Fall 2018 torus-1,1,3,3,6,1.5,2,1.75,0.2,0.25,0.225,10.604,0.8779115635834277,0.3,0.4,0.35,108,126,117,54.40673782900176,5.843570775344832,0.1074052775174822,,,
torus_minus1,RGA Fall 2018 torus-1,1,3,3,7,1.5,2,1.75,0.2,0.25,0.225,10.604,0.8779115635834277,0.3,0.4,0.35,126,144,135,32.95170825720031,4.050300810535139,0.1229162621531193,,,
torus_minus1,RGA Fall 2018 torus-1,1,3,3,8,1.5,2,1.75,0.2,0.25,0.225,10.604,0.8779115635834277,0.3,0.4,0.35,144,162,153,20.00644648345123,3.04289824634622,0.1520958881360175,,,
torus_minus1,RGA Fall 2018 torus-1,1,3,3,9,1.5,2,1.75,0.2,0.25,0.225,10.604,0.8779115635834277,0.3,0.4,0.35,162,180,171,16.19749430568553,2.137086818158193,0.1319393467795847,,,
torus_minus1,RGA Fall 2018 torus-1,1,3,3,10,1.5,2,1.75,0.2,0.25,0.225,10.604,0.8779115635834277,0.3,0.4,0.35,180,198,189,11.21028635750144,1.619289582588557,0.1444467635302642,,,
torus_minus1,RGA Fall 2018 torus-1,1,3,3,11,1.5,2,1.75,0.2,0.25,0.225,10.604,0.8779115635834277,0.3,0.4,0.35,198,216,207,21.77627080000306,3.88153017322875,0.1782458626124453,,,
torus_minus1,RGA Fall 2018 torus-1,1,3,3,12,1.5,2,1.75,0.2,0.25,0.225,10.604,0.8779115635834277,0.3,0.4,0.35,216,234,225,25.70926333894988,4.027373513773388,0.1566506772549902,,,
torus_minus1,RGA Fall 2018 torus-1,1,3,3,19,1.5,2,1.75,0.2,0.25,0.225,10.604,0.8779115635834277,0.3,0.4,0.35,342,360,351,10.65079212868107,4.334764025284498,0.4069898250677144,,,
torus_minus1,RGA Fall 2018 torus-1,1,3,4,0,1.5,2,1.75,0.2,0.25,0.225,10.604,0.8779115635834277,0.4,0.6,0.5,0,18,9,17.86672129210155,3.670352339525642,0.2054295401780413,,,
torus_minus1,RGA Fall 2018 torus-1,1,3,4,5,1.5,2,1.75,0.2,0.25,0.225,10.604,0.8779115635834277,0.4,0.6,0.5,90,108,99,33.91987267790049,5.98760844386702,0.1765221379432852,,,
torus_minus1,RGA Fall 2018 torus-1,1,3,4,6,1.5,2,1.75,0.2,0.25,0.225,10.604,0.8779115635834277,0.4,0.6,0.5,108,126,117,42.69909939054107,4.20665335973784,0.09851855003456395,,,
torus_minus1,RGA Fall 2018 torus-1,1,3,4,7,1.5,2,1.75,0.2,0.25,0.225,10.604,0.8779115635834277,0.4,0.6,0.5,126,144,135,25.38073300042343,2.533344513761731,0.09981368598454063,,,
torus_minus1,RGA Fall 2018 torus-1,1,3,4,8,1.5,2,1.75,0.2,0.25,0.225,10.604,0.8779115635834277,0.4,0.6,0.5,144,162,153,17.83530402903978,1.984587069730924,0.1112729598833628,,,
torus_minus1,RGA Fall 2018 torus-1,1,3,4,9,1.5,2,1.75,0.2,0.25,0.225,10.604,0.8779115635834277,0.4,0.6,0.5,162,180,171,11.25473227654072,1.531151388811636,0.1360451187278045,,,
torus_minus1,RGA Fall 2018 torus-1,1,3,4,10,1.5,2,1.75,0.2,0.25,0.225,10.604,0.8779115635834277,0.4,0.6,0.5,180,198,189,12.70108073326419,1.391671617135907,0.1095711181089585,,,
torus_minus1,RGA Fall 2018 torus-1,1,3,4,11,1.5,2,1.75,0.2,0.25,0.225,10.604,0.8779115635834277,0.4,0.6,0.5,198,216,207,16.81380648786385,1.96914307578456,0.1171146508201983,,,
torus_minus1,RGA Fall 2018 torus-1,1,3,4,12,1.5,2,1.75,0.2,0.25,0.225,10.604,0.8779115635834277,0.4,0.6,0.5,216,234,225,19.90491787176236,3.182949415625792,0.1599076889506391,,,
torus_minus1,RGA Fall 2018 torus-1,1,3,4,15,1.5,2,1.75,0.2,0.25,0.225,10.604,0.8779115635834277,0.4,0.6,0.5,270,288,279,39.1032851213717,5.856283032859348,0.1497644766848151,,,
torus_minus1,RGA Fall 2018 torus-1,1,3,4,16,1.5,2,1.75,0.2,0.25,0.225,10.604,0.8779115635834277,0.4,0.6,0.5,288,306,297,43.21954498196219,6.313737414373489,0.146085235673086,,,
torus_minus1,RGA Fall 2018 torus-1,1,3,4,19,1.5,2,1.75,0.2,0.25,0.225,10.604,0.8779115635834277,0.4,0.6,0.5,342,360,351,9.616317938000403,5.051340314674274,0.5252884053170812,,,
torus_minus1,RGA Fall 2018 torus-1,1,3,5,0,1.5,2,1.75,0.2,0.25,0.225,10.604,0.8779115635834277,0.6,1,0.8,0,18,9,4.587754486947174,1.170001917384977,0.2550271425190258,,,
torus_minus1,RGA Fall 2018 torus-1,1,3,5,2,1.5,2,1.75,0.2,0.25,0.225,10.604,0.8779115635834277,0.6,1,0.8,36,54,45,12.66631416359787,2.050773557736971,0.1619076813703829,,,
torus_minus1,RGA Fall 2018 torus-1,1,3,5,3,1.5,2,1.75,0.2,0.25,0.225,10.604,0.8779115635834277,0.6,1,0.8,54,72,63,16.96752682291319,2.196684539041793,0.1294640380986674,,,
torus_minus1,RGA Fall 2018 torus-1,1,3,5,4,1.5,2,1.75,0.2,0.25,0.225,10.604,0.8779115635834277,0.6,1,0.8,72,90,81,15.71502423486486,2.763058829463439,0.1758227533199346,,,
torus_minus1,RGA Fall 2018 torus-1,1,3,5,6,1.5,2,1.75,0.2,0.25,0.225,10.604,0.8779115635834277,0.6,1,0.8,108,126,117,16.35494895588686,2.648289998705229,0.1619259103680659,,,
torus_minus1,RGA Fall 2018 torus-1,1,3,5,7,1.5,2,1.75,0.2,0.25,0.225,10.604,0.8779115635834277,0.6,1,0.8,126,144,135,13.05758431707821,1.277472644604431,0.09783376569382793,,,
torus_minus1,RGA Fall 2018 torus-1,1,3,5,8,1.5,2,1.75,0.2,0.25,0.225,10.604,0.8779115635834277,0.6,1,0.8,144,162,153,11.19713367009341,0.9461656310825809,0.08450069981835696,,,
torus_minus1,RGA Fall 2018 torus-1,1,3,5,9,1.5,2,1.75,0.2,0.25,0.225,10.604,0.8779115635834277,0.6,1,0.8,162,180,171,8.381643442078603,0.8908729531053841,0.1062885768479376,,,
torus_minus1,RGA Fall 2018 torus-1,1,3,5,10,1.5,2,1.75,0.2,0.25,0.225,10.604,0.8779115635834277,0.6,1,0.8,180,198,189,8.111080788610483,0.7018113821662066,0.08652501441628899,,,
torus_minus1,RGA Fall 2018 torus-1,1,3,5,11,1.5,2,1.75,0.2,0.25,0.225,10.604,0.8779115635834277,0.6,1,0.8,198,216,207,11.10667372184627,1.029936384738336,0.09273130826851447,,,
torus_minus1,RGA Fall 2018 torus-1,1,3,5,14,1.5,2,1.75,0.2,0.25,0.225,10.604,0.8779115635834277,0.6,1,0.8,252,270,261,24.4575655037174,2.610496339269596,0.1067357394534144,,,
torus_minus1,RGA Fall 2018 torus-1,1,3,5,15,1.5,2,1.75,0.2,0.25,0.225,10.604,0.8779115635834277,0.6,1,0.8,270,288,279,26.28964569717345,1.898074435018781,0.07219855516055332,,,
torus_minus1,RGA Fall 2018 torus-1,1,3,5,16,1.5,2,1.75,0.2,0.25,0.225,10.604,0.8779115635834277,0.6,1,0.8,288,306,297,21.80391574429706,1.770519017090673,0.08120188308624161,,,
torus_minus1,RGA Fall 2018 torus-1,1,3,5,17,1.5,2,1.75,0.2,0.25,0.225,10.604,0.8779115635834277,0.6,1,0.8,306,324,315,18.21138874968723,2.047086890574375,0.1124069624074953,,,
torus_minus1,RGA Fall 2018 torus-1,1,3,5,18,1.5,2,1.75,0.2,0.25,0.225,10.604,0.8779115635834277,0.6,1,0.8,324,342,333,10.2532722700693,2.116077718546626,0.2063807204967867,,,
torus_minus1,RGA Fall 2018 torus-1,1,3,5,19,1.5,2,1.75,0.2,0.25,0.225,10.604,0.8779115635834277,0.6,1,0.8,342,360,351,6.027580278303874,1.596720250734744,0.264902361646198,,,
torus_minus1,RGA Fall 2018 torus-1,1,3,6,2,1.5,2,1.75,0.2,0.25,0.225,10.604,0.8779115635834277,1,1.5,1.25,36,54,45,6.581768817376212,0.8981320535147885,0.1364575509160506,,,
torus_minus1,RGA Fall 2018 torus-1,1,3,6,3,1.5,2,1.75,0.2,0.25,0.225,10.604,0.8779115635834277,1,1.5,1.25,54,72,63,9.142495774753549,0.8997380008297149,0.09841273356825465,,,
torus_minus1,RGA Fall 2018 torus-1,1,3,6,4,1.5,2,1.75,0.2,0.25,0.225,10.604,0.8779115635834277,1,1.5,1.25,72,90,81,12.24126021721598,1.241687336097713,0.1014346002016538,,,
torus_minus1,RGA Fall 2018 torus-1,1,3,6,5,1.5,2,1.75,0.2,0.25,0.225,10.604,0.8779115635834277,1,1.5,1.25,90,108,99,6.994310060471596,2.066450476199484,0.2954473648341739,,,
torus_minus1,RGA Fall 2018 torus-1,1,3,6,7,1.5,2,1.75,0.2,0.25,0.225,10.604,0.8779115635834277,1,1.5,1.25,126,144,135,5.549489723843702,0.9557990987617737,0.1722318891149808,,,
torus_minus1,RGA Fall 2018 torus-1,1,3,6,8,1.5,2,1.75,0.2,0.25,0.225,10.604,0.8779115635834277,1,1.5,1.25,144,162,153,3.972011926379666,0.5020145851055506,0.1263879853359648,,,
torus_minus1,RGA Fall 2018 torus-1,1,3,6,9,1.5,2,1.75,0.2,0.25,0.225,10.604,0.8779115635834277,1,1.5,1.25,162,180,171,4.5579209777443,0.6142008543946532,0.1347546079437777,,,
torus_minus1,RGA Fall 2018 torus-1,1,3,6,10,1.5,2,1.75,0.2,0.25,0.225,10.604,0.8779115635834277,1,1.5,1.25,180,198,189,5.125035950591736,0.6876120516416125,0.1341672640486007,,,
torus_minus1,RGA Fall 2018 torus-1,1,3,6,11,1.5,2,1.75,0.2,0.25,0.225,10.604,0.8779115635834277,1,1.5,1.25,198,216,207,6.138226539210796,0.738799867393203,0.1203604758921446,,,
torus_minus1,RGA Fall 2018 torus-1,1,3,6,12,1.5,2,1.75,0.2,0.25,0.225,10.604,0.8779115635834277,1,1.5,1.25,216,234,225,3.563479984769014,1.253232123249777,0.3516877121820042,,,
torus_minus1,RGA Fall 2018 torus-1,1,3,6,13,1.5,2,1.75,0.2,0.25,0.225,10.604,0.8779115635834277,1,1.5,1.25,234,252,243,5.775074277249982,1.386767093372133,0.2401297415056789,,,
torus_minus1,RGA Fall 2018 torus-1,1,3,6,14,1.5,2,1.75,0.2,0.25,0.225,10.604,0.8779115635834277,1,1.5,1.25,252,270,261,12.8260876897509,1.453650366230134,0.1133354458032998,,,
torus_minus1,RGA Fall 2018 torus-1,1,3,6,15,1.5,2,1.75,0.2,0.25,0.225,10.604,0.8779115635834277,1,1.5,1.25,270,288,279,12.22622618277288,0.972692174831615,0.07955784232113809,,,
torus_minus1,RGA Fall 2018 torus-1,1,3,6,16,1.5,2,1.75,0.2,0.25,0.225,10.604,0.8779115635834277,1,1.5,1.25,288,306,297,8.548292320228537,0.8700313483644154,0.1017783804966037,,,
torus_minus1,RGA Fall 2018 torus-1,1,3,6,17,1.5,2,1.75,0.2,0.25,0.225,10.604,0.8779115635834277,1,1.5,1.25,306,324,315,6.600198701767371,1.537724788848981,0.2329815901507959,,,
torus_minus1,RGA Fall 2018 torus-1,1,3,7,2,1.5,2,1.75,0.2,0.25,0.225,10.604,0.8779115635834277,1.5,2,1.75,36,54,45,4.24525660089585,1.316343624579889,0.3100739833493478,,,
torus_minus1,RGA Fall 2018 torus-1,1,3,7,3,1.5,2,1.75,0.2,0.25,0.225,10.604,0.8779115635834277,1.5,2,1.75,54,72,63,4.168401789347029,0.7536514945412879,0.1808010678018987,,,
torus_minus1,RGA Fall 2018 torus-1,1,3,7,4,1.5,2,1.75,0.2,0.25,0.225,10.604,0.8779115635834277,1.5,2,1.75,72,90,81,6.758380062777563,1.069235979623617,0.1582089154045269,,,
torus_minus1,RGA Fall 2018 torus-1,1,3,7,5,1.5,2,1.75,0.2,0.25,0.225,10.604,0.8779115635834277,1.5,2,1.75,90,108,99,2.272510841724702,0.5850783994000033,0.2574590134654598,,,
torus_minus1,RGA Fall 2018 torus-1,1,3,7,6,1.5,2,1.75,0.2,0.25,0.225,10.604,0.8779115635834277,1.5,2,1.75,108,126,117,1.704007326951002,0.6474971023392838,0.3799849285260159,,,
torus_minus1,RGA Fall 2018 torus-1,1,3,7,7,1.5,2,1.75,0.2,0.25,0.225,10.604,0.8779115635834277,1.5,2,1.75,126,144,135,2.579029509278578,0.8836928992236398,0.3426455168676343,,,
torus_minus1,RGA Fall 2018 torus-1,1,3,7,8,1.5,2,1.75,0.2,0.25,0.225,10.604,0.8779115635834277,1.5,2,1.75,144,162,153,2.44759632637336,0.5779940046562687,0.2361476026206867,,,
torus_minus1,RGA Fall 2018 torus-1,1,3,7,9,1.5,2,1.75,0.2,0.25,0.225,10.604,0.8779115635834277,1.5,2,1.75,162,180,171,1.660208361020959,0.480510509261897,0.2894278336042127,,,
torus_minus1,RGA Fall 2018 torus-1,1,3,7,10,1.5,2,1.75,0.2,0.25,0.225,10.604,0.8779115635834277,1.5,2,1.75,180,198,189,2.112296548624421,0.6118541855966326,0.2896630144072748,,,
torus_minus1,RGA Fall 2018 torus-1,1,3,7,11,1.5,2,1.75,0.2,0.25,0.225,10.604,0.8779115635834277,1.5,2,1.75,198,216,207,2.413578592432776,0.5737050467156116,0.2376989290982,,,
torus_minus1,RGA Fall 2018 torus-1,1,3,7,12,1.5,2,1.75,0.2,0.25,0.225,10.604,0.8779115635834277,1.5,2,1.75,216,234,225,4.095267481752359,2.012596251751708,0.4914443954441094,,,
torus_minus1,RGA Fall 2018 torus-1,1,3,7,13,1.5,2,1.75,0.2,0.25,0.225,10.604,0.8779115635834277,1.5,2,1.75,234,252,243,3.607116507767773,0.6908709812463102,0.1915299879442621,,,
torus_minus1,RGA Fall 2018 torus-1,1,3,7,14,1.5,2,1.75,0.2,0.25,0.225,10.604,0.8779115635834277,1.5,2,1.75,252,270,261,5.560946627304832,0.894086805352488,0.1607796055733439,,,
torus_minus1,RGA Fall 2018 torus-1,1,3,7,15,1.5,2,1.75,0.2,0.25,0.225,10.604,0.8779115635834277,1.5,2,1.75,270,288,279,7.880025779274948,1.276770640117395,0.1620262009136311,,,
torus_minus1,RGA Fall 2018 torus-1,1,3,7,16,1.5,2,1.75,0.2,0.25,0.225,10.604,0.8779115635834277,1.5,2,1.75,288,306,297,4.342113081660091,0.9755452781223531,0.2246706292018953,,,
torus_minus1,RGA Fall 2018 torus-1,1,3,7,18,1.5,2,1.75,0.2,0.25,0.225,10.604,0.8779115635834277,1.5,2,1.75,324,342,333,2.508635863523087,1.337710553212135,0.5332422184754532,,,
torus_minus1,RGA Fall 2018 torus-1,1,4,1,0,1.5,2,1.75,0.25,0.3,0.275,10.604,0.9198653139267774,0.15,0.2,0.175,0,18,9,45.26543954086195,10.39310007743946,0.2296034277554604,,,
torus_minus1,RGA Fall 2018 torus-1,1,4,1,1,1.5,2,1.75,0.25,0.3,0.275,10.604,0.9198653139267774,0.15,0.2,0.175,18,36,27,53.67192933488666,10.62445001635738,0.1979517067490904,,,
torus_minus1,RGA Fall 2018 torus-1,1,4,1,2,1.5,2,1.75,0.25,0.3,0.275,10.604,0.9198653139267774,0.15,0.2,0.175,36,54,45,43.43257237463193,7.912219454555912,0.1821724807434449,,,
torus_minus1,RGA Fall 2018 torus-1,1,4,1,3,1.5,2,1.75,0.25,0.3,0.275,10.604,0.9198653139267774,0.15,0.2,0.175,54,72,63,129.3578241383027,22.90001647278585,0.1770284605923978,,,
torus_minus1,RGA Fall 2018 torus-1,1,4,1,16,1.5,2,1.75,0.25,0.3,0.275,10.604,0.9198653139267774,0.15,0.2,0.175,288,306,297,85.40149825252374,37.27985800121528,0.4365246367339183,,,
torus_minus1,RGA Fall 2018 torus-1,1,4,1,17,1.5,2,1.75,0.25,0.3,0.275,10.604,0.9198653139267774,0.15,0.2,0.175,306,324,315,56.93521569839394,14.69746920056885,0.2581437344231128,,,
torus_minus1,RGA Fall 2018 torus-1,1,4,1,18,1.5,2,1.75,0.25,0.3,0.275,10.604,0.9198653139267774,0.15,0.2,0.175,324,342,333,44.48841127565932,9.131326013768767,0.2052517892174031,,,
torus_minus1,RGA Fall 2018 torus-1,1,4,1,19,1.5,2,1.75,0.25,0.3,0.275,10.604,0.9198653139267774,0.15,0.2,0.175,342,360,351,38.36015315188972,7.65588762917805,0.1995791726603391,,,
torus_minus1,RGA Fall 2018 torus-1,1,4,2,0,1.5,2,1.75,0.25,0.3,0.275,10.604,0.9198653139267774,0.2,0.3,0.25,0,18,9,50.30628589395011,7.048822302302872,0.1401181219611876,,,
torus_minus1,RGA Fall 2018 torus-1,1,4,2,1,1.5,2,1.75,0.25,0.3,0.275,10.604,0.9198653139267774,0.2,0.3,0.25,18,36,27,54.36738998014441,8.10945186958695,0.1491602203554118,,,
torus_minus1,RGA Fall 2018 torus-1,1,4,2,2,1.5,2,1.75,0.25,0.3,0.275,10.604,0.9198653139267774,0.2,0.3,0.25,36,54,45,50.94498878636249,6.517734304170267,0.1279367109393693,,,
torus_minus1,RGA Fall 2018 torus-1,1,4,2,3,1.5,2,1.75,0.25,0.3,0.275,10.604,0.9198653139267774,0.2,0.3,0.25,54,72,63,100.4489914008426,10.59567097001241,0.1054830996533384,,,
torus_minus1,RGA Fall 2018 torus-1,1,4,2,4,1.5,2,1.75,0.25,0.3,0.275,10.604,0.9198653139267774,0.2,0.3,0.25,72,90,81,97.52449173521451,14.93352981579801,0.1531259435459918,,,
torus_minus1,RGA Fall 2018 torus-1,1,4,2,6,1.5,2,1.75,0.25,0.3,0.275,10.604,0.9198653139267774,0.2,0.3,0.25,108,126,117,60.81835776002123,9.963907262027531,0.1638305871615836,,,
torus_minus1,RGA Fall 2018 torus-1,1,4,2,7,1.5,2,1.75,0.25,0.3,0.275,10.604,0.9198653139267774,0.2,0.3,0.25,126,144,135,46.06707753736094,6.563906521820413,0.1424858461337602,,,
torus_minus1,RGA Fall 2018 torus-1,1,4,2,8,1.5,2,1.75,0.25,0.3,0.275,10.604,0.9198653139267774,0.2,0.3,0.25,144,162,153,18.71336682767073,5.674500501323,0.3032324730006541,,,
torus_minus1,RGA Fall 2018 torus-1,1,4,2,9,1.5,2,1.75,0.25,0.3,0.275,10.604,0.9198653139267774,0.2,0.3,0.25,162,180,171,23.92087088978765,5.632636890798286,0.2354695578079051,,,
torus_minus1,RGA Fall 2018 torus-1,1,4,2,10,1.5,2,1.75,0.25,0.3,0.275,10.604,0.9198653139267774,0.2,0.3,0.25,180,198,189,14.66911659062637,4.352722182279211,0.2967269470787777,,,
torus_minus1,RGA Fall 2018 torus-1,1,4,2,11,1.5,2,1.75,0.25,0.3,0.275,10.604,0.9198653139267774,0.2,0.3,0.25,198,216,207,28.75315066536819,5.590666925313093,0.1944366720147573,,,
torus_minus1,RGA Fall 2018 torus-1,1,4,2,12,1.5,2,1.75,0.25,0.3,0.275,10.604,0.9198653139267774,0.2,0.3,0.25,216,234,225,38.39077306673677,6.734217338404495,0.1754123921052081,,,
torus_minus1,RGA Fall 2018 torus-1,1,4,2,18,1.5,2,1.75,0.25,0.3,0.275,10.604,0.9198653139267774,0.2,0.3,0.25,324,342,333,44.4890617901817,8.376808826517946,0.188289176922284,,,
torus_minus1,RGA Fall 2018 torus-1,1,4,2,19,1.5,2,1.75,0.25,0.3,0.275,10.604,0.9198653139267774,0.2,0.3,0.25,342,360,351,33.08770585675927,4.990667532682236,0.1508314766302459,,,
torus_minus1,RGA Fall 2018 torus-1,1,4,3,0,1.5,2,1.75,0.25,0.3,0.275,10.604,0.9198653139267774,0.3,0.4,0.35,0,18,9,30.88998421969847,5.891565928078238,0.1907273854908997,,,
torus_minus1,RGA Fall 2018 torus-1,1,4,3,1,1.5,2,1.75,0.25,0.3,0.275,10.604,0.9198653139267774,0.3,0.4,0.35,18,36,27,41.59822150035595,8.10062603079237,0.1947349126626255,,,
torus_minus1,RGA Fall 2018 torus-1,1,4,3,2,1.5,2,1.75,0.25,0.3,0.275,10.604,0.9198653139267774,0.3,0.4,0.35,36,54,45,69.13508913318624,11.98170572512676,0.1733086031326934,,,
torus_minus1,RGA Fall 2018 torus-1,1,4,3,3,1.5,2,1.75,0.25,0.3,0.275,10.604,0.9198653139267774,0.3,0.4,0.35,54,72,63,89.17055863037996,14.48869555436636,0.1624829515134397,,,
torus_minus1,RGA Fall 2018 torus-1,1,4,3,4,1.5,2,1.75,0.25,0.3,0.275,10.604,0.9198653139267774,0.3,0.4,0.35,72,90,81,87.47556404158497,16.34165730128251,0.1868139689103788,,,
torus_minus1,RGA Fall 2018 torus-1,1,4,3,5,1.5,2,1.75,0.25,0.3,0.275,10.604,0.9198653139267774,0.3,0.4,0.35,90,108,99,99.15684818864013,17.43357936737646,0.1758182080798906,,,
torus_minus1,RGA Fall 2018 torus-1,1,4,3,6,1.5,2,1.75,0.25,0.3,0.275,10.604,0.9198653139267774,0.3,0.4,0.35,108,126,117,80.48339903819274,9.562242379996853,0.1188101210220901,,,
torus_minus1,RGA Fall 2018 torus-1,1,4,3,7,1.5,2,1.75,0.25,0.3,0.275,10.604,0.9198653139267774,0.3,0.4,0.35,126,144,135,43.47582498415166,4.749478067418232,0.1092441159920386,,,
torus_minus1,RGA Fall 2018 torus-1,1,4,3,8,1.5,2,1.75,0.25,0.3,0.275,10.604,0.9198653139267774,0.3,0.4,0.35,144,162,153,27.15372905654747,3.714714711788139,0.1368031147417089,,,
torus_minus1,RGA Fall 2018 torus-1,1,4,3,9,1.5,2,1.75,0.25,0.3,0.275,10.604,0.9198653139267774,0.3,0.4,0.35,162,180,171,25.23482129608837,3.68419367796041,0.1459964243349523,,,
torus_minus1,RGA Fall 2018 torus-1,1,4,3,10,1.5,2,1.75,0.25,0.3,0.275,10.604,0.9198653139267774,0.3,0.4,0.35,180,198,189,17.97341631195649,2.509146569359027,0.1396032076378191,,,
torus_minus1,RGA Fall 2018 torus-1,1,4,3,11,1.5,2,1.75,0.25,0.3,0.275,10.604,0.9198653139267774,0.3,0.4,0.35,198,216,207,23.32779149107149,3.736693273266015,0.1601820418660807,,,
torus_minus1,RGA Fall 2018 torus-1,1,4,3,12,1.5,2,1.75,0.25,0.3,0.275,10.604,0.9198653139267774,0.3,0.4,0.35,216,234,225,37.72783488247335,4.830024400169313,0.1280228355328475,,,
torus_minus1,RGA Fall 2018 torus-1,1,4,3,13,1.5,2,1.75,0.25,0.3,0.275,10.604,0.9198653139267774,0.3,0.4,0.35,234,252,243,36.50120868655549,7.565924064155238,0.2072787268258872,,,
torus_minus1,RGA Fall 2018 torus-1,1,4,3,19,1.5,2,1.75,0.25,0.3,0.275,10.604,0.9198653139267774,0.3,0.4,0.35,342,360,351,28.16350957974839,5.681791534452013,0.2017430220606324,,,
torus_minus1,RGA Fall 2018 torus-1,1,4,4,0,1.5,2,1.75,0.25,0.3,0.275,10.604,0.9198653139267774,0.4,0.6,0.5,0,18,9,24.38003448086974,4.304596100561453,0.1765623466996791,,,
torus_minus1,RGA Fall 2018 torus-1,1,4,4,6,1.5,2,1.75,0.25,0.3,0.275,10.604,0.9198653139267774,0.4,0.6,0.5,108,126,117,58.97493728827816,6.821073243134768,0.1156605425418659,,,
torus_minus1,RGA Fall 2018 torus-1,1,4,4,7,1.5,2,1.75,0.25,0.3,0.275,10.604,0.9198653139267774,0.4,0.6,0.5,126,144,135,31.92765171442948,3.192171713150092,0.09998141240395113,,,
torus_minus1,RGA Fall 2018 torus-1,1,4,4,8,1.5,2,1.75,0.25,0.3,0.275,10.604,0.9198653139267774,0.4,0.6,0.5,144,162,153,26.80486627343986,2.508864942810194,0.09359736837397148,,,
torus_minus1,RGA Fall 2018 torus-1,1,4,4,9,1.5,2,1.75,0.25,0.3,0.275,10.604,0.9198653139267774,0.4,0.6,0.5,162,180,171,16.26427169220597,2.258771132938965,0.1388793286096786,,,
torus_minus1,RGA Fall 2018 torus-1,1,4,4,10,1.5,2,1.75,0.25,0.3,0.275,10.604,0.9198653139267774,0.4,0.6,0.5,180,198,189,18.72583345731745,1.963401283844709,0.1048498742830309,,,
torus_minus1,RGA Fall 2018 torus-1,1,4,4,11,1.5,2,1.75,0.25,0.3,0.275,10.604,0.9198653139267774,0.4,0.6,0.5,198,216,207,24.45987288311217,3.175597228736214,0.1298288525010586,,,
torus_minus1,RGA Fall 2018 torus-1,1,4,4,12,1.5,2,1.75,0.25,0.3,0.275,10.604,0.9198653139267774,0.4,0.6,0.5,216,234,225,33.71510072115419,3.493402325914575,0.1036153608084189,,,
torus_minus1,RGA Fall 2018 torus-1,1,4,4,13,1.5,2,1.75,0.25,0.3,0.275,10.604,0.9198653139267774,0.4,0.6,0.5,234,252,243,39.32806315194132,7.263470117640519,0.1846892405959224,,,
torus_minus1,RGA Fall 2018 torus-1,1,4,4,19,1.5,2,1.75,0.25,0.3,0.275,10.604,0.9198653139267774,0.4,0.6,0.5,342,360,351,23.52879385853253,5.438888702832097,0.231158840335529,,,
torus_minus1,RGA Fall 2018 torus-1,1,4,5,2,1.5,2,1.75,0.25,0.3,0.275,10.604,0.9198653139267774,0.6,1,0.8,36,54,45,24.34236327783853,8.615921708105773,0.3539476266032794,,,
torus_minus1,RGA Fall 2018 torus-1,1,4,5,3,1.5,2,1.75,0.25,0.3,0.275,10.604,0.9198653139267774,0.6,1,0.8,54,72,63,36.70280363999834,4.702517106543319,0.1281241932542331,,,
torus_minus1,RGA Fall 2018 torus-1,1,4,5,6,1.5,2,1.75,0.25,0.3,0.275,10.604,0.9198653139267774,0.6,1,0.8,108,126,117,22.53957515540077,2.591565751674015,0.1149784649358417,,,
torus_minus1,RGA Fall 2018 torus-1,1,4,5,7,1.5,2,1.75,0.25,0.3,0.275,10.604,0.9198653139267774,0.6,1,0.8,126,144,135,18.15496436048261,1.889848461275592,0.1040954101451816,,,
torus_minus1,RGA Fall 2018 torus-1,1,4,5,8,1.5,2,1.75,0.25,0.3,0.275,10.604,0.9198653139267774,0.6,1,0.8,144,162,153,17.60466137806268,1.557400071846579,0.08846521034407784,,,
torus_minus1,RGA Fall 2018 torus-1,1,4,5,9,1.5,2,1.75,0.25,0.3,0.275,10.604,0.9198653139267774,0.6,1,0.8,162,180,171,12.65715985590512,1.576767357555431,0.1245751318231001,,,
torus_minus1,RGA Fall 2018 torus-1,1,4,5,10,1.5,2,1.75,0.25,0.3,0.275,10.604,0.9198653139267774,0.6,1,0.8,180,198,189,12.6070628658287,1.357614962782491,0.1076868559497939,,,
torus_minus1,RGA Fall 2018 torus-1,1,4,5,11,1.5,2,1.75,0.25,0.3,0.275,10.604,0.9198653139267774,0.6,1,0.8,198,216,207,13.83846919013514,1.56820204044426,0.113321930258165,,,
torus_minus1,RGA Fall 2018 torus-1,1,4,5,12,1.5,2,1.75,0.25,0.3,0.275,10.604,0.9198653139267774,0.6,1,0.8,216,234,225,18.14777879241021,2.798111227813666,0.1541847770915026,,,
torus_minus1,RGA Fall 2018 torus-1,1,4,5,14,1.5,2,1.75,0.25,0.3,0.275,10.604,0.9198653139267774,0.6,1,0.8,252,270,261,38.97348793351728,4.695985923123004,0.1204918053814846,,,
torus_minus1,RGA Fall 2018 torus-1,1,4,5,15,1.5,2,1.75,0.25,0.3,0.275,10.604,0.9198653139267774,0.6,1,0.8,270,288,279,41.83810058552523,3.130141445169328,0.07481557244145701,,,
torus_minus1,RGA Fall 2018 torus-1,1,4,5,16,1.5,2,1.75,0.25,0.3,0.275,10.604,0.9198653139267774,0.6,1,0.8,288,306,297,33.8506970203954,3.258826354421899,0.09627058351142435,,,
torus_minus1,RGA Fall 2018 torus-1,1,4,5,17,1.5,2,1.75,0.25,0.3,0.275,10.604,0.9198653139267774,0.6,1,0.8,306,324,315,30.92908059433364,3.523021623659519,0.1139064451953012,,,
torus_minus1,RGA Fall 2018 torus-1,1,4,5,18,1.5,2,1.75,0.25,0.3,0.275,10.604,0.9198653139267774,0.6,1,0.8,324,342,333,27.13038898242279,10.73807310525228,0.395795029411825,,,
torus_minus1,RGA Fall 2018 torus-1,1,4,6,2,1.5,2,1.75,0.25,0.3,0.275,10.604,0.9198653139267774,1,1.5,1.25,36,54,45,10.3481315241066,1.561300320555509,0.1508775102943334,,,
torus_minus1,RGA Fall 2018 torus-1,1,4,6,3,1.5,2,1.75,0.25,0.3,0.275,10.604,0.9198653139267774,1,1.5,1.25,54,72,63,18.39146141368178,1.699769831936893,0.09242168382945359,,,
torus_minus1,RGA Fall 2018 torus-1,1,4,6,4,1.5,2,1.75,0.25,0.3,0.275,10.604,0.9198653139267774,1,1.5,1.25,72,90,81,19.19762717642912,2.038318370873776,0.1061755368067793,,,
torus_minus1,RGA Fall 2018 torus-1,1,4,6,6,1.5,2,1.75,0.25,0.3,0.275,10.604,0.9198653139267774,1,1.5,1.25,108,126,117,10.38798412473442,2.371340421516365,0.228277247350625,,,
torus_minus1,RGA Fall 2018 torus-1,1,4,6,7,1.5,2,1.75,0.25,0.3,0.275,10.604,0.9198653139267774,1,1.5,1.25,126,144,135,9.786910961123484,1.986702071113132,0.2029958256496767,,,
torus_minus1,RGA Fall 2018 torus-1,1,4,6,8,1.5,2,1.75,0.25,0.3,0.275,10.604,0.9198653139267774,1,1.5,1.25,144,162,153,8.774484004503593,2.023330192331668,0.2305924988059894,,,
torus_minus1,RGA Fall 2018 torus-1,1,4,6,9,1.5,2,1.75,0.25,0.3,0.275,10.604,0.9198653139267774,1,1.5,1.25,162,180,171,5.80840887995455,2.665026827715447,0.458822180530841,,,
torus_minus1,RGA Fall 2018 torus-1,1,4,6,10,1.5,2,1.75,0.25,0.3,0.275,10.604,0.9198653139267774,1,1.5,1.25,180,198,189,8.046727553264926,3.547902185295292,0.4409124282896524,,,
torus_minus1,RGA Fall 2018 torus-1,1,4,6,11,1.5,2,1.75,0.25,0.3,0.275,10.604,0.9198653139267774,1,1.5,1.25,198,216,207,7.181323492590007,1.569712962733011,0.2185826838677728,,,
torus_minus1,RGA Fall 2018 torus-1,1,4,6,13,1.5,2,1.75,0.25,0.3,0.275,10.604,0.9198653139267774,1,1.5,1.25,234,252,243,8.150935179696894,1.843857331577856,0.2262142062141172,,,
torus_minus1,RGA Fall 2018 torus-1,1,4,6,14,1.5,2,1.75,0.25,0.3,0.275,10.604,0.9198653139267774,1,1.5,1.25,252,270,261,20.74595320166335,2.376688988514625,0.1145615708958636,,,
torus_minus1,RGA Fall 2018 torus-1,1,4,6,15,1.5,2,1.75,0.25,0.3,0.275,10.604,0.9198653139267774,1,1.5,1.25,270,288,279,20.2940153212415,1.767371765159768,0.08708832319200441,,,
torus_minus1,RGA Fall 2018 torus-1,1,4,6,16,1.5,2,1.75,0.25,0.3,0.275,10.604,0.9198653139267774,1,1.5,1.25,288,306,297,16.07558038405043,1.60293951418204,0.09971269937926566,,,
torus_minus1,RGA Fall 2018 torus-1,1,4,6,17,1.5,2,1.75,0.25,0.3,0.275,10.604,0.9198653139267774,1,1.5,1.25,306,324,315,10.34301961699995,1.594072779309951,0.1541206377187864,,,
torus_minus1,RGA Fall 2018 torus-1,1,4,7,2,1.5,2,1.75,0.25,0.3,0.275,10.604,0.9198653139267774,1.5,2,1.75,36,54,45,6.621662597986601,2.38399718267383,0.3600299996255795,,,
torus_minus1,RGA Fall 2018 torus-1,1,4,7,3,1.5,2,1.75,0.25,0.3,0.275,10.604,0.9198653139267774,1.5,2,1.75,54,72,63,9.898789163330891,1.491573940541684,0.1506824638782161,,,
torus_minus1,RGA Fall 2018 torus-1,1,4,7,4,1.5,2,1.75,0.25,0.3,0.275,10.604,0.9198653139267774,1.5,2,1.75,72,90,81,10.52016604222753,1.924462089379213,0.1829307714017534,,,
torus_minus1,RGA Fall 2018 torus-1,1,4,7,5,1.5,2,1.75,0.25,0.3,0.275,10.604,0.9198653139267774,1.5,2,1.75,90,108,99,3.996191763051395,1.349845004075389,0.3377828402920985,,,
torus_minus1,RGA Fall 2018 torus-1,1,4,7,13,1.5,2,1.75,0.25,0.3,0.275,10.604,0.9198653139267774,1.5,2,1.75,234,252,243,4.592066727959089,1.437724932610519,0.3130888590657536,,,
torus_minus1,RGA Fall 2018 torus-1,1,4,7,14,1.5,2,1.75,0.25,0.3,0.275,10.604,0.9198653139267774,1.5,2,1.75,252,270,261,8.016188401339317,1.342694519529686,0.1674978745890445,,,
torus_minus1,RGA Fall 2018 torus-1,1,4,7,15,1.5,2,1.75,0.25,0.3,0.275,10.604,0.9198653139267774,1.5,2,1.75,270,288,279,12.4239921030143,2.196927782508382,0.1768294574153315,,,
torus_minus1,RGA Fall 2018 torus-1,1,4,7,16,1.5,2,1.75,0.25,0.3,0.275,10.604,0.9198653139267774,1.5,2,1.75,288,306,297,6.19384350072511,1.195845726940731,0.1930700584864203,,,
torus_minus1,RGA Fall 2018 torus-1,1,5,1,0,1.5,2,1.787426051414435,0.3,0.38,0.3297612850023305,10.604,0.9413959354414788,0.15,0.2,0.175,0,18,9,72.94319192466442,22.71343602291241,0.3113852770025585,,,
torus_minus1,RGA Fall 2018 torus-1,1,5,1,1,1.5,2,1.787426051414435,0.3,0.38,0.3297612850023305,10.604,0.9413959354414788,0.15,0.2,0.175,18,36,27,54.80677369638354,21.11155141074178,0.3851996749105273,,,
torus_minus1,RGA Fall 2018 torus-1,1,5,1,2,1.5,2,1.787426051414435,0.3,0.38,0.3297612850023305,10.604,0.9413959354414788,0.15,0.2,0.175,36,54,45,174.036622232484,80.43217756038095,0.4621566227189638,,,
torus_minus1,RGA Fall 2018 torus-1,1,5,1,17,1.5,2,1.787426051414435,0.3,0.38,0.3297612850023305,10.604,0.9413959354414788,0.15,0.2,0.175,306,324,315,77.07828493558586,39.5019064555503,0.5124907292444552,,,
torus_minus1,RGA Fall 2018 torus-1,1,5,1,18,1.5,2,1.787426051414435,0.3,0.38,0.3297612850023305,10.604,0.9413959354414788,0.15,0.2,0.175,324,342,333,84.26464653671999,20.86922501239027,0.2476628796312115,,,
torus_minus1,RGA Fall 2018 torus-1,1,5,1,19,1.5,2,1.787426051414435,0.3,0.38,0.3297612850023305,10.604,0.9413959354414788,0.15,0.2,0.175,342,360,351,54.35558841417399,17.11888736781228,0.3149425453252621,,,
torus_minus1,RGA Fall 2018 torus-1,1,5,2,0,1.5,2,1.793484383000512,0.3,0.38,0.3316088069636456,10.604,0.9416072738627249,0.2,0.3,0.25,0,18,9,74.26567910565488,8.990806185988607,0.1210627344186503,,,
torus_minus1,RGA Fall 2018 torus-1,1,5,2,1,1.5,2,1.793484383000512,0.3,0.38,0.3316088069636456,10.604,0.9416072738627249,0.2,0.3,0.25,18,36,27,68.34826456700883,9.637544513690537,0.1410064260555125,,,
torus_minus1,RGA Fall 2018 torus-1,1,5,2,2,1.5,2,1.793484383000512,0.3,0.38,0.3316088069636456,10.604,0.9416072738627249,0.2,0.3,0.25,36,54,45,80.79390458568545,9.01539781325638,0.1115851234011739,,,
torus_minus1,RGA Fall 2018 torus-1,1,5,2,3,1.5,2,1.793484383000512,0.3,0.38,0.3316088069636456,10.604,0.9416072738627249,0.2,0.3,0.25,54,72,63,130.9141299947768,12.97381159632795,0.09910169052680236,,,
torus_minus1,RGA Fall 2018 torus-1,1,5,2,4,1.5,2,1.793484383000512,0.3,0.38,0.3316088069636456,10.604,0.9416072738627249,0.2,0.3,0.25,72,90,81,86.52063286514277,12.76942774235149,0.147588237851367,,,
torus_minus1,RGA Fall 2018 torus-1,1,5,2,5,1.5,2,1.793484383000512,0.3,0.38,0.3316088069636456,10.604,0.9416072738627249,0.2,0.3,0.25,90,108,99,67.24899726543437,9.950250340576201,0.1479613190558393,,,
torus_minus1,RGA Fall 2018 torus-1,1,5,2,6,1.5,2,1.793484383000512,0.3,0.38,0.3316088069636456,10.604,0.9416072738627249,0.2,0.3,0.25,108,126,117,68.60994909100359,13.29839500262215,0.1938260438727812,,,
torus_minus1,RGA Fall 2018 torus-1,1,5,2,7,1.5,2,1.793484383000512,0.3,0.38,0.3316088069636456,10.604,0.9416072738627249,0.2,0.3,0.25,126,144,135,51.46829270990558,18.59125677715125,0.3612176701088275,,,
torus_minus1,RGA Fall 2018 torus-1,1,5,2,13,1.5,2,1.793484383000512,0.3,0.38,0.3316088069636456,10.604,0.9416072738627249,0.2,0.3,0.25,234,252,243,69.56585658646256,12.45330746834259,0.1790146499937728,,,
torus_minus1,RGA Fall 2018 torus-1,1,5,2,14,1.5,2,1.793484383000512,0.3,0.38,0.3316088069636456,10.604,0.9416072738627249,0.2,0.3,0.25,252,270,261,79.65886998049041,13.5542246224865,0.1701533630317142,,,
torus_minus1,RGA Fall 2018 torus-1,1,5,2,17,1.5,2,1.793484383000512,0.3,0.38,0.3316088069636456,10.604,0.9416072738627249,0.2,0.3,0.25,306,324,315,75.54889649610469,11.74230995523218,0.155426624343052,,,
torus_minus1,RGA Fall 2018 torus-1,1,5,2,18,1.5,2,1.793484383000512,0.3,0.38,0.3316088069636456,10.604,0.9416072738627249,0.2,0.3,0.25,324,342,333,73.71196559967539,8.739557607978444,0.1185636217522997,,,
torus_minus1,RGA Fall 2018 torus-1,1,5,2,19,1.5,2,1.793484383000512,0.3,0.38,0.3316088069636456,10.604,0.9416072738627249,0.2,0.3,0.25,342,360,351,71.7372006744443,7.931419959738895,0.1105621614053919,,,
torus_minus1,RGA Fall 2018 torus-1,1,5,3,0,1.5,2,1.793484383000512,0.3,0.38,0.3316088069636456,10.604,0.9416072738627249,0.3,0.4,0.35,0,18,9,47.60932720983466,6.875640704789324,0.1444179346304441,,,
torus_minus1,RGA Fall 2018 torus-1,1,5,3,1,1.5,2,1.793484383000512,0.3,0.38,0.3316088069636456,10.604,0.9416072738627249,0.3,0.4,0.35,18,36,27,74.63494622343578,11.18301665898737,0.1498361990575916,,,
torus_minus1,RGA Fall 2018 torus-1,1,5,3,2,1.5,2,1.793484383000512,0.3,0.38,0.3316088069636456,10.604,0.9416072738627249,0.3,0.4,0.35,36,54,45,104.0871321637778,11.66131213889636,0.1120341380964138,,,
torus_minus1,RGA Fall 2018 torus-1,1,5,3,3,1.5,2,1.793484383000512,0.3,0.38,0.3316088069636456,10.604,0.9416072738627249,0.3,0.4,0.35,54,72,63,102.0473599051887,11.21902786712224,0.1099394230046298,,,
torus_minus1,RGA Fall 2018 torus-1,1,5,3,4,1.5,2,1.793484383000512,0.3,0.38,0.3316088069636456,10.604,0.9416072738627249,0.3,0.4,0.35,72,90,81,122.5067355813406,13.39591855180267,0.1093484247068865,,,
torus_minus1,RGA Fall 2018 torus-1,1,5,3,5,1.5,2,1.793484383000512,0.3,0.38,0.3316088069636456,10.604,0.9416072738627249,0.3,0.4,0.35,90,108,99,97.15377025075534,8.853579765298599,0.09112955413307561,,,
torus_minus1,RGA Fall 2018 torus-1,1,5,3,6,1.5,2,1.793484383000512,0.3,0.38,0.3316088069636456,10.604,0.9416072738627249,0.3,0.4,0.35,108,126,117,75.29687066852833,8.087697913755422,0.1074108105947598,,,
torus_minus1,RGA Fall 2018 torus-1,1,5,3,7,1.5,2,1.793484383000512,0.3,0.38,0.3316088069636456,10.604,0.9416072738627249,0.3,0.4,0.35,126,144,135,54.42838021554734,6.430474975072784,0.1181456245731879,,,
torus_minus1,RGA Fall 2018 torus-1,1,5,3,8,1.5,2,1.793484383000512,0.3,0.38,0.3316088069636456,10.604,0.9416072738627249,0.3,0.4,0.35,144,162,153,37.28058812100521,5.027700063527226,0.134861071590618,,,
torus_minus1,RGA Fall 2018 torus-1,1,5,3,9,1.5,2,1.793484383000512,0.3,0.38,0.3316088069636456,10.604,0.9416072738627249,0.3,0.4,0.35,162,180,171,22.47213925894753,6.154083966798017,0.2738539440275007,,,
torus_minus1,RGA Fall 2018 torus-1,1,5,3,10,1.5,2,1.793484383000512,0.3,0.38,0.3316088069636456,10.604,0.9416072738627249,0.3,0.4,0.35,180,198,189,25.55874649560633,5.972299896117001,0.2336695149405573,,,
torus_minus1,RGA Fall 2018 torus-1,1,5,3,11,1.5,2,1.793484383000512,0.3,0.38,0.3316088069636456,10.604,0.9416072738627249,0.3,0.4,0.35,198,216,207,38.28142256764774,6.026856876375206,0.1574355515583321,,,
torus_minus1,RGA Fall 2018 torus-1,1,5,3,12,1.5,2,1.793484383000512,0.3,0.38,0.3316088069636456,10.604,0.9416072738627249,0.3,0.4,0.35,216,234,225,65.78045499437457,7.542684592775727,0.114664524491671,,,
torus_minus1,RGA Fall 2018 torus-1,1,5,3,13,1.5,2,1.793484383000512,0.3,0.38,0.3316088069636456,10.604,0.9416072738627249,0.3,0.4,0.35,234,252,243,68.92866181090571,10.46459949762589,0.1518178247291928,,,
torus_minus1,RGA Fall 2018 torus-1,1,5,3,14,1.5,2,1.793484383000512,0.3,0.38,0.3316088069636456,10.604,0.9416072738627249,0.3,0.4,0.35,252,270,261,56.8282169186586,11.29498972402802,0.1987567151754061,,,
torus_minus1,RGA Fall 2018 torus-1,1,5,3,17,1.5,2,1.793484383000512,0.3,0.38,0.3316088069636456,10.604,0.9416072738627249,0.3,0.4,0.35,306,324,315,113.2823694948252,44.54539486872393,0.3932244273082476,,,
torus_minus1,RGA Fall 2018 torus-1,1,5,3,18,1.5,2,1.793484383000512,0.3,0.38,0.3316088069636456,10.604,0.9416072738627249,0.3,0.4,0.35,324,342,333,67.33483096927823,10.52032500852438,0.1562389755359202,,,
torus_minus1,RGA Fall 2018 torus-1,1,5,3,19,1.5,2,1.793484383000512,0.3,0.38,0.3316088069636456,10.604,0.9416072738627249,0.3,0.4,0.35,342,360,351,61.37219633095798,7.52040927203335,0.1225377242730326,,,
torus_minus1,RGA Fall 2018 torus-1,1,5,4,0,1.5,2,1.793484383000512,0.3,0.38,0.3316088069636456,10.604,0.9416072738627249,0.4,0.6,0.5,0,18,9,35.82102503670467,4.242699817343329,0.118441608329074,,,
torus_minus1,RGA Fall 2018 torus-1,1,5,4,1,1.5,2,1.793484383000512,0.3,0.38,0.3316088069636456,10.604,0.9416072738627249,0.4,0.6,0.5,18,36,27,57.86147149860362,8.986241001377339,0.1553061263157506,,,
torus_minus1,RGA Fall 2018 torus-1,1,5,4,2,1.5,2,1.793484383000512,0.3,0.38,0.3316088069636456,10.604,0.9416072738627249,0.4,0.6,0.5,36,54,45,77.21582087354469,11.28771415358704,0.1461839559029331,,,
torus_minus1,RGA Fall 2018 torus-1,1,5,4,3,1.5,2,1.793484383000512,0.3,0.38,0.3316088069636456,10.604,0.9416072738627249,0.4,0.6,0.5,54,72,63,107.1010290295025,12.10556238722848,0.1130293751322766,,,
torus_minus1,RGA Fall 2018 torus-1,1,5,4,4,1.5,2,1.793484383000512,0.3,0.38,0.3316088069636456,10.604,0.9416072738627249,0.4,0.6,0.5,72,90,81,96.0800369782956,11.50474679535366,0.1197412819267812,,,
torus_minus1,RGA Fall 2018 torus-1,1,5,4,5,1.5,2,1.793484383000512,0.3,0.38,0.3316088069636456,10.604,0.9416072738627249,0.4,0.6,0.5,90,108,99,83.22042600715643,8.25922902603511,0.0992452144540196,,,
torus_minus1,RGA Fall 2018 torus-1,1,5,4,6,1.5,2,1.793484383000512,0.3,0.38,0.3316088069636456,10.604,0.9416072738627249,0.4,0.6,0.5,108,126,117,64.00576703017221,5.190622547670433,0.08109616974394795,,,
torus_minus1,RGA Fall 2018 torus-1,1,5,4,7,1.5,2,1.793484383000512,0.3,0.38,0.3316088069636456,10.604,0.9416072738627249,0.4,0.6,0.5,126,144,135,45.87985518132641,4.901751974858678,0.1068388719948214,,,
torus_minus1,RGA Fall 2018 torus-1,1,5,4,8,1.5,2,1.793484383000512,0.3,0.38,0.3316088069636456,10.604,0.9416072738627249,0.4,0.6,0.5,144,162,153,33.35162114543311,3.845566232725112,0.1153037273947234,,,
torus_minus1,RGA Fall 2018 torus-1,1,5,4,9,1.5,2,1.793484383000512,0.3,0.38,0.3316088069636456,10.604,0.9416072738627249,0.4,0.6,0.5,162,180,171,23.47270595355095,3.767141215614128,0.1604902827594206,,,
torus_minus1,RGA Fall 2018 torus-1,1,5,4,10,1.5,2,1.793484383000512,0.3,0.38,0.3316088069636456,10.604,0.9416072738627249,0.4,0.6,0.5,180,198,189,23.44217185675075,3.352140896420771,0.1429961744545201,,,
torus_minus1,RGA Fall 2018 torus-1,1,5,4,11,1.5,2,1.793484383000512,0.3,0.38,0.3316088069636456,10.604,0.9416072738627249,0.4,0.6,0.5,198,216,207,24.44728601758796,4.043538788533286,0.1653982689785798,,,
torus_minus1,RGA Fall 2018 torus-1,1,5,4,12,1.5,2,1.793484383000512,0.3,0.38,0.3316088069636456,10.604,0.9416072738627249,0.4,0.6,0.5,216,234,225,44.8674983454676,4.598469675976602,0.1024899948860449,,,
torus_minus1,RGA Fall 2018 torus-1,1,5,4,13,1.5,2,1.793484383000512,0.3,0.38,0.3316088069636456,10.604,0.9416072738627249,0.4,0.6,0.5,234,252,243,44.43399357100876,6.386663893141814,0.1437337358150232,,,
torus_minus1,RGA Fall 2018 torus-1,1,5,4,18,1.5,2,1.793484383000512,0.3,0.38,0.3316088069636456,10.604,0.9416072738627249,0.4,0.6,0.5,324,342,333,51.09775110033621,9.667121492831244,0.1891887858987915,,,
torus_minus1,RGA Fall 2018 torus-1,1,5,4,19,1.5,2,1.793484383000512,0.3,0.38,0.3316088069636456,10.604,0.9416072738627249,0.4,0.6,0.5,342,360,351,31.60718873117227,4.480051624041097,0.1417415405762643,,,
torus_minus1,RGA Fall 2018 torus-1,1,5,5,0,1.5,2,1.793484383000512,0.3,0.38,0.3316088069636456,10.604,0.9416072738627249,0.6,1,0.8,0,18,9,16.59283889189346,3.172980383586864,0.1912258899311706,,,
torus_minus1,RGA Fall 2018 torus-1,1,5,5,3,1.5,2,1.793484383000512,0.3,0.38,0.3316088069636456,10.604,0.9416072738627249,0.6,1,0.8,54,72,63,49.21714839353387,5.541860237069318,0.1126001895265717,,,
torus_minus1,RGA Fall 2018 torus-1,1,5,5,4,1.5,2,1.793484383000512,0.3,0.38,0.3316088069636456,10.604,0.9416072738627249,0.6,1,0.8,72,90,81,50.03834496042668,24.1663378940915,0.4829563790170056,,,
torus_minus1,RGA Fall 2018 torus-1,1,5,5,5,1.5,2,1.793484383000512,0.3,0.38,0.3316088069636456,10.604,0.9416072738627249,0.6,1,0.8,90,108,99,41.44988684897888,20.37237787570428,0.4914941734323734,,,
torus_minus1,RGA Fall 2018 torus-1,1,5,5,6,1.5,2,1.793484383000512,0.3,0.38,0.3316088069636456,10.604,0.9416072738627249,0.6,1,0.8,108,126,117,39.45538039342759,3.657776721249352,0.09270666471279691,,,
torus_minus1,RGA Fall 2018 torus-1,1,5,5,7,1.5,2,1.793484383000512,0.3,0.38,0.3316088069636456,10.604,0.9416072738627249,0.6,1,0.8,126,144,135,35.65033470650657,4.797415661562777,0.1345686008576855,,,
torus_minus1,RGA Fall 2018 torus-1,1,5,5,12,1.5,2,1.793484383000512,0.3,0.38,0.3316088069636456,10.604,0.9416072738627249,0.6,1,0.8,216,234,225,28.31755744783888,4.606556627245996,0.162674928292502,,,
torus_minus1,RGA Fall 2018 torus-1,1,5,5,15,1.5,2,1.793484383000512,0.3,0.38,0.3316088069636456,10.604,0.9416072738627249,0.6,1,0.8,270,288,279,74.03524664501575,6.328329251044674,0.08547724952397,,,
torus_minus1,RGA Fall 2018 torus-1,1,5,5,16,1.5,2,1.793484383000512,0.3,0.38,0.3316088069636456,10.604,0.9416072738627249,0.6,1,0.8,288,306,297,65.98215866509972,6.256691754154211,0.09482399304197962,,,
torus_minus1,RGA Fall 2018 torus-1,1,5,5,17,1.5,2,1.793484383000512,0.3,0.38,0.3316088069636456,10.604,0.9416072738627249,0.6,1,0.8,306,324,315,40.98321881931828,4.760878426455634,0.1161665326348524,,,
torus_minus1,RGA Fall 2018 torus-1,1,5,5,18,1.5,2,1.793484383000512,0.3,0.38,0.3316088069636456,10.604,0.9416072738627249,0.6,1,0.8,324,342,333,18.55211203011191,3.440617852744938,0.1854569359628961,,,
torus_minus1,RGA Fall 2018 torus-1,1,5,5,19,1.5,2,1.793484383000512,0.3,0.38,0.3316088069636456,10.604,0.9416072738627249,0.6,1,0.8,342,360,351,20.76478276441126,3.344393970538442,0.1610608696696984,,,
torus_minus1,RGA Fall 2018 torus-1,1,5,6,2,1.5,2,1.793484383000512,0.3,0.38,0.3316088069636456,10.604,0.9416072738627249,1,1.5,1.25,36,54,45,15.56788688270583,2.319762247741027,0.1490094490805956,,,
torus_minus1,RGA Fall 2018 torus-1,1,5,6,3,1.5,2,1.793484383000512,0.3,0.38,0.3316088069636456,10.604,0.9416072738627249,1,1.5,1.25,54,72,63,28.01861130797552,2.413341400713448,0.08613351226391755,,,
torus_minus1,RGA Fall 2018 torus-1,1,5,6,4,1.5,2,1.793484383000512,0.3,0.38,0.3316088069636456,10.604,0.9416072738627249,1,1.5,1.25,72,90,81,28.09577663067988,3.157241047577961,0.1123742222569613,,,
torus_minus1,RGA Fall 2018 torus-1,1,5,6,14,1.5,2,1.793484383000512,0.3,0.38,0.3316088069636456,10.604,0.9416072738627249,1,1.5,1.25,252,270,261,25.33918113374077,4.141858641993485,0.1634566886803745,,,
torus_minus1,RGA Fall 2018 torus-1,1,5,6,15,1.5,2,1.793484383000512,0.3,0.38,0.3316088069636456,10.604,0.9416072738627249,1,1.5,1.25,270,288,279,28.91616737754869,2.678658414635931,0.09263531987699435,,,
torus_minus1,RGA Fall 2018 torus-1,1,5,6,16,1.5,2,1.793484383000512,0.3,0.38,0.3316088069636456,10.604,0.9416072738627249,1,1.5,1.25,288,306,297,23.93717283840639,2.471707646085091,0.1032581275479333,,,
torus_minus1,RGA Fall 2018 torus-1,1,5,6,17,1.5,2,1.793484383000512,0.3,0.38,0.3316088069636456,10.604,0.9416072738627249,1,1.5,1.25,306,324,315,19.65962078659461,2.383835645585532,0.1212554235639686,,,
torus_minus1,RGA Fall 2018 torus-1,1,5,6,18,1.5,2,1.793484383000512,0.3,0.38,0.3316088069636456,10.604,0.9416072738627249,1,1.5,1.25,324,342,333,9.48965073701571,1.77507300914066,0.187053565861675,,,
torus_minus1,RGA Fall 2018 torus-1,1,5,7,2,1.5,2,1.793484383000512,0.3,0.38,0.3316088069636456,10.604,0.9416072738627249,1.5,2,1.75,36,54,45,10.33956221342256,4.311687527791164,0.4170087126313569,,,
torus_minus1,RGA Fall 2018 torus-1,1,5,7,3,1.5,2,1.793484383000512,0.3,0.38,0.3316088069636456,10.604,0.9416072738627249,1.5,2,1.75,54,72,63,9.813711228403553,1.634837885510682,0.1665871195373078,,,
torus_minus1,RGA Fall 2018 torus-1,1,5,7,4,1.5,2,1.793484383000512,0.3,0.38,0.3316088069636456,10.604,0.9416072738627249,1.5,2,1.75,72,90,81,10.56963137856281,2.591331663069849,0.2451676477881294,,,
torus_minus1,RGA Fall 2018 torus-1,1,5,7,15,1.5,2,1.793484383000512,0.3,0.38,0.3316088069636456,10.604,0.9416072738627249,1.5,2,1.75,270,288,279,12.80123318672541,3.014627215663285,0.2354950629904458,,,
torus_minus1,RGA Fall 2018 torus-1,1,5,7,16,1.5,2,1.793484383000512,0.3,0.38,0.3316088069636456,10.604,0.9416072738627249,1.5,2,1.75,288,306,297,11.51104157140179,2.136606564206526,0.1856136606712241,,,
torus_minus1,RGA Fall 2018 torus-1,1,5,7,17,1.5,2,1.793484383000512,0.3,0.38,0.3316088069636456,10.604,0.9416072738627249,1.5,2,1.75,306,324,315,3.671042929682755,1.981553619907237,0.5397794735346447,,,
torus_minus1,RGA Fall 2018 torus-1,1,6,2,1,1.5,2,1.972916666666667,0.38,0.48,0.38375,10.604,0.9459214015756572,0.2,0.3,0.25,18,36,27,540.7503660493727,338.7443744280325,0.6264339253301657,,,
torus_minus1,RGA Fall 2018 torus-1,1,6,2,4,1.5,2,1.972916666666667,0.38,0.48,0.38375,10.604,0.9459214015756572,0.2,0.3,0.25,72,90,81,226.1948736795103,211.6167443571054,0.9355505759911241,,,
torus_minus1,RGA Fall 2018 torus-1,1,6,2,5,1.5,2,1.972916666666667,0.38,0.48,0.38375,10.604,0.9459214015756572,0.2,0.3,0.25,90,108,99,106.3400092941182,114.8217717734216,1.079760783693786,,,
torus_minus1,RGA Fall 2018 torus-1,1,6,2,6,1.5,2,1.972916666666667,0.38,0.48,0.38375,10.604,0.9459214015756572,0.2,0.3,0.25,108,126,117,96.71701317315663,129.6380669002387,1.340385343250231,,,
torus_minus1,RGA Fall 2018 torus-1,1,6,2,13,1.5,2,1.972916666666667,0.38,0.48,0.38375,10.604,0.9459214015756572,0.2,0.3,0.25,234,252,243,104.5585342269797,122.7710321994689,1.174184710096957,,,
torus_minus1,RGA Fall 2018 torus-1,1,6,2,14,1.5,2,1.972916666666667,0.38,0.48,0.38375,10.604,0.9459214015756572,0.2,0.3,0.25,252,270,261,58.20610876632642,76.16828431920563,1.308596055183657,,,
torus_minus1,RGA Fall 2018 torus-1,1,6,2,17,1.5,2,1.972916666666667,0.38,0.48,0.38375,10.604,0.9459214015756572,0.2,0.3,0.25,306,324,315,81.96018893232316,113.4486063193554,1.384191615432135,,,
torus_minus1,RGA Fall 2018 torus-1,1,6,2,18,1.5,2,1.972916666666667,0.38,0.48,0.38375,10.604,0.9459214015756572,0.2,0.3,0.25,324,342,333,85.13287942832824,123.6273478652411,1.452169228803316,,,
torus_minus1,RGA Fall 2018 torus-1,1,6,2,19,1.5,2,1.972916666666667,0.38,0.48,0.38375,10.604,0.9459214015756572,0.2,0.3,0.25,342,360,351,50.80443825758771,75.40613031386775,1.484242969709556,,,
torus_minus1,RGA Fall 2018 torus-1,1,6,3,0,1.5,2,1.972916666666667,0.38,0.48,0.38375,10.604,0.9459214015756572,0.3,0.4,0.35,0,18,9,129.6443201633859,131.4373363729314,1.013830271987896,,,
torus_minus1,RGA Fall 2018 torus-1,1,6,3,1,1.5,2,1.972916666666667,0.38,0.48,0.38375,10.604,0.9459214015756572,0.3,0.4,0.35,18,36,27,46.98604331562015,64.92867853965797,1.381871593305089,,,
torus_minus1,RGA Fall 2018 torus-1,1,6,3,4,1.5,2,1.972916666666667,0.38,0.48,0.38375,10.604,0.9459214015756572,0.3,0.4,0.35,72,90,81,212.7291168174727,191.5816374718695,0.900589634075582,,,
torus_minus1,RGA Fall 2018 torus-1,1,6,3,5,1.5,2,1.972916666666667,0.38,0.48,0.38375,10.604,0.9459214015756572,0.3,0.4,0.35,90,108,99,137.8252384613036,90.85099440492668,0.6591753108443518,,,
torus_minus1,RGA Fall 2018 torus-1,1,6,3,6,1.5,2,1.972916666666667,0.38,0.48,0.38375,10.604,0.9459214015756572,0.3,0.4,0.35,108,126,117,172.897753013305,125.3575991653374,0.7250389145062556,,,
torus_minus1,RGA Fall 2018 torus-1,1,6,3,7,1.5,2,1.972916666666667,0.38,0.48,0.38375,10.604,0.9459214015756572,0.3,0.4,0.35,126,144,135,33.02506053323619,41.463594541775,1.255519107983052,,,
torus_minus1,RGA Fall 2018 torus-1,1,6,3,11,1.5,2,1.972916666666667,0.38,0.48,0.38375,10.604,0.9459214015756572,0.3,0.4,0.35,198,216,207,184.2621664857358,137.7375160000084,0.7475083932146811,,,
torus_minus1,RGA Fall 2018 torus-1,1,6,3,12,1.5,2,1.972916666666667,0.38,0.48,0.38375,10.604,0.9459214015756572,0.3,0.4,0.35,216,234,225,40.92034862577781,51.15896198994353,1.250208361072366,,,
torus_minus1,RGA Fall 2018 torus-1,1,6,3,13,1.5,2,1.972916666666667,0.38,0.48,0.38375,10.604,0.9459214015756572,0.3,0.4,0.35,234,252,243,114.0886806054799,111.2399323268448,0.9750304038620091,,,
torus_minus1,RGA Fall 2018 torus-1,1,6,3,14,1.5,2,1.972916666666667,0.38,0.48,0.38375,10.604,0.9459214015756572,0.3,0.4,0.35,252,270,261,181.559613342596,195.1077356416363,1.074620792860334,,,
torus_minus1,RGA Fall 2018 torus-1,1,6,3,15,1.5,2,1.972916666666667,0.38,0.48,0.38375,10.604,0.9459214015756572,0.3,0.4,0.35,270,288,279,591.4738443179749,429.9348739551755,0.7268873815560365,,,
torus_minus1,RGA Fall 2018 torus-1,1,6,3,17,1.5,2,1.972916666666667,0.38,0.48,0.38375,10.604,0.9459214015756572,0.3,0.4,0.35,306,324,315,255.3590571269088,246.2523719151089,0.9643377238533819,,,
torus_minus1,RGA Fall 2018 torus-1,1,6,3,18,1.5,2,1.972916666666667,0.38,0.48,0.38375,10.604,0.9459214015756572,0.3,0.4,0.35,324,342,333,55.38594703739664,77.15337276859246,1.393013515079889,,,
torus_minus1,RGA Fall 2018 torus-1,1,6,3,19,1.5,2,1.972916666666667,0.38,0.48,0.38375,10.604,0.9459214015756572,0.3,0.4,0.35,342,360,351,84.06727615003813,84.18630174988891,1.001415837473292,,,
torus_minus1,RGA Fall 2018 torus-1,1,6,4,0,1.5,2,1.972916666666667,0.38,0.48,0.38375,10.604,0.9459214015756572,0.4,0.6,0.5,0,18,9,35.93432267103611,58.19147297883029,1.619384161252995,,,
torus_minus1,RGA Fall 2018 torus-1,1,6,4,1,1.5,2,1.972916666666667,0.38,0.48,0.38375,10.604,0.9459214015756572,0.4,0.6,0.5,18,36,27,267.5959687964576,195.9306697706828,0.7321884206697976,,,
torus_minus1,RGA Fall 2018 torus-1,1,6,4,2,1.5,2,1.972916666666667,0.38,0.48,0.38375,10.604,0.9459214015756572,0.4,0.6,0.5,36,54,45,53.56684175428332,65.93539116487919,1.230899358736356,,,
torus_minus1,RGA Fall 2018 torus-1,1,6,4,3,1.5,2,1.972916666666667,0.38,0.48,0.38375,10.604,0.9459214015756572,0.4,0.6,0.5,54,72,63,15.1443771719052,49.11020193399516,3.242801032788658,,,
torus_minus1,RGA Fall 2018 torus-1,1,6,4,4,1.5,2,1.972916666666667,0.38,0.48,0.38375,10.604,0.9459214015756572,0.4,0.6,0.5,72,90,81,86.24239977471623,77.22222411547015,0.8954090368216941,,,
torus_minus1,RGA Fall 2018 torus-1,1,6,4,5,1.5,2,1.972916666666667,0.38,0.48,0.38375,10.604,0.9459214015756572,0.4,0.6,0.5,90,108,99,61.66134139198402,48.14622096756003,0.7808169572810988,,,
torus_minus1,RGA Fall 2018 torus-1,1,6,4,6,1.5,2,1.972916666666667,0.38,0.48,0.38375,10.604,0.9459214015756572,0.4,0.6,0.5,108,126,117,185.1937431881812,76.88340648513791,0.4151512095471512,,,
torus_minus1,RGA Fall 2018 torus-1,1,6,4,7,1.5,2,1.972916666666667,0.38,0.48,0.38375,10.604,0.9459214015756572,0.4,0.6,0.5,126,144,135,34.93204422282209,45.77574267073728,1.310422670335184,,,
torus_minus1,RGA Fall 2018 torus-1,1,6,4,11,1.5,2,1.972916666666667,0.38,0.48,0.38375,10.604,0.9459214015756572,0.4,0.6,0.5,198,216,207,312.8818096302413,162.7093029145301,0.520034396076964,,,
torus_minus1,RGA Fall 2018 torus-1,1,6,4,12,1.5,2,1.972916666666667,0.38,0.48,0.38375,10.604,0.9459214015756572,0.4,0.6,0.5,216,234,225,20.14529818750504,61.93674459794607,3.074501256891886,,,
torus_minus1,RGA Fall 2018 torus-1,1,6,4,13,1.5,2,1.972916666666667,0.38,0.48,0.38375,10.604,0.9459214015756572,0.4,0.6,0.5,234,252,243,71.45568244364161,86.28287506463846,1.207501938459427,,,
torus_minus1,RGA Fall 2018 torus-1,1,6,4,14,1.5,2,1.972916666666667,0.38,0.48,0.38375,10.604,0.9459214015756572,0.4,0.6,0.5,252,270,261,60.35058042467317,65.28468731635438,1.081757405760823,,,
torus_minus1,RGA Fall 2018 torus-1,1,6,4,18,1.5,2,1.972916666666667,0.38,0.48,0.38375,10.604,0.9459214015756572,0.4,0.6,0.5,324,342,333,75.34492357108516,68.20224744241065,0.9052003002971307,,,
torus_minus1,RGA Fall 2018 torus-1,1,6,4,19,1.5,2,1.972916666666667,0.38,0.48,0.38375,10.604,0.9459214015756572,0.4,0.6,0.5,342,360,351,85.06986126995405,73.54324684263614,0.8645041351279479,,,
torus_minus1,RGA Fall 2018 torus-1,1,6,5,0,1.5,2,1.972916666666667,0.38,0.48,0.38375,10.604,0.9459214015756572,0.6,1,0.8,0,18,9,17.20963277165932,24.07442070418147,1.398892179955578,,,
torus_minus1,RGA Fall 2018 torus-1,1,6,5,6,1.5,2,1.972916666666667,0.38,0.48,0.38375,10.604,0.9459214015756572,0.6,1,0.8,108,126,117,44.90843565778171,55.42842509271428,1.23425419480426,,,
torus_minus1,RGA Fall 2018 torus-1,1,6,5,15,1.5,2,1.972916666666667,0.38,0.48,0.38375,10.604,0.9459214015756572,0.6,1,0.8,270,288,279,151.5275580541169,100.6418107513067,0.6641815656750916,,,
torus_minus1,RGA Fall 2018 torus-1,1,6,5,16,1.5,2,1.972916666666667,0.38,0.48,0.38375,10.604,0.9459214015756572,0.6,1,0.8,288,306,297,102.3562555794407,78.5394155977207,0.7673142706628688,,,
torus_minus1,RGA Fall 2018 torus-1,1,6,5,17,1.5,2,1.972916666666667,0.38,0.48,0.38375,10.604,0.9459214015756572,0.6,1,0.8,306,324,315,56.14428922997284,50.39212862885729,0.8975468265783166,,,
torus_minus1,RGA Fall 2018 torus-1,1,6,5,19,1.5,2,1.972916666666667,0.38,0.48,0.38375,10.604,0.9459214015756572,0.6,1,0.8,342,360,351,17.4900259445013,22.82811580918326,1.305207658446053,,,
torus_minus1,RGA Fall 2018 torus-1,1,6,6,3,1.5,2,1.972916666666667,0.38,0.48,0.38375,10.604,0.9459214015756572,1,1.5,1.25,54,72,63,10.08175960479162,12.26429030597479,1.216483112744116,,,
torus_minus1,RGA Fall 2018 torus-1,1,6,6,4,1.5,2,1.972916666666667,0.38,0.48,0.38375,10.604,0.9459214015756572,1,1.5,1.25,72,90,81,63.24625916817801,54.62666720225051,0.8637138056970743,,,
torus_minus1,RGA Fall 2018 torus-1,1,6,6,15,1.5,2,1.972916666666667,0.38,0.48,0.38375,10.604,0.9459214015756572,1,1.5,1.25,270,288,279,19.63947571526484,25.12567440718015,1.279345475992067,,,
torus_minus1,RGA Fall 2018 torus-1,1,6,6,16,1.5,2,1.972916666666667,0.38,0.48,0.38375,10.604,0.9459214015756572,1,1.5,1.25,288,306,297,53.86235562541355,34.83305567735891,0.6467050182432763,,,
torus_minus1,RGA Fall 2018 torus-1,1,6,6,18,1.5,2,1.972916666666667,0.38,0.48,0.38375,10.604,0.9459214015756572,1,1.5,1.25,324,342,333,22.08821105903316,24.02939493137601,1.087883254427207,,,
torus_minus1,RGA Fall 2018 torus-1,1,6,7,3,1.5,2,1.972916666666667,0.38,0.48,0.38375,10.604,0.9459214015756572,1.5,2,1.75,54,72,63,23.32471532068153,26.15666407062334,1.121414075627786,,,
torus_minus1,RGA Fall 2018 torus-1,2,1,0,0,2,2.5,2.141164154103853,0.1,0.15,0.141285594639866,10.604,0.4382118372248699,0.09,0.15,0.12,0,18,9,13.53427538196327,11.96173051044723,0.8838101910050004,,,
torus_minus1,RGA Fall 2018 torus-1,2,1,0,1,2,2.5,2.141164154103853,0.1,0.15,0.141285594639866,10.604,0.4382118372248699,0.09,0.15,0.12,18,36,27,11.84184716518096,6.727851186465239,0.5681420383677471,,,
torus_minus1,RGA Fall 2018 torus-1,2,1,0,2,2,2.5,2.141164154103853,0.1,0.15,0.141285594639866,10.604,0.4382118372248699,0.09,0.15,0.12,36,54,45,24.43371625641749,16.95895184246057,0.6940799207327425,,,
torus_minus1,RGA Fall 2018 torus-1,2,1,0,3,2,2.5,2.141164154103853,0.1,0.15,0.141285594639866,10.604,0.4382118372248699,0.09,0.15,0.12,54,72,63,33.19824199749613,22.02465366165377,0.6634283123580733,,,
torus_minus1,RGA Fall 2018 torus-1,2,1,0,7,2,2.5,2.141164154103853,0.1,0.15,0.141285594639866,10.604,0.4382118372248699,0.09,0.15,0.12,126,144,135,12.05707558821409,11.91596499767631,0.988296449706617,,,
torus_minus1,RGA Fall 2018 torus-1,2,1,0,9,2,2.5,2.141164154103853,0.1,0.15,0.141285594639866,10.604,0.4382118372248699,0.09,0.15,0.12,162,180,171,8.942334427980557,9.517123081336331,1.064277248629537,,,
torus_minus1,RGA Fall 2018 torus-1,2,1,0,17,2,2.5,2.141164154103853,0.1,0.15,0.141285594639866,10.604,0.4382118372248699,0.09,0.15,0.12,306,324,315,4.642775957311917,5.370935392549469,1.156837082368959,,,
torus_minus1,RGA Fall 2018 torus-1,2,1,0,18,2,2.5,2.141164154103853,0.1,0.15,0.141285594639866,10.604,0.4382118372248699,0.09,0.15,0.12,324,342,333,36.61810853800403,21.31377171588749,0.5820555066017961,,,
torus_minus1,RGA Fall 2018 torus-1,2,1,0,19,2,2.5,2.141164154103853,0.1,0.15,0.141285594639866,10.604,0.4382118372248699,0.09,0.15,0.12,342,360,351,3.855999949598019,7.528693073059435,1.952461922061043,,,
torus_minus1,RGA Fall 2018 torus-1,2,1,1,0,2,2.5,2.141164154103853,0.1,0.15,0.141285594639866,10.604,0.4382118372248699,0.15,0.2,0.175,0,18,9,17.61662901972195,14.81839556976133,0.8411595404076471,,,
torus_minus1,RGA Fall 2018 torus-1,2,1,1,1,2,2.5,2.141164154103853,0.1,0.15,0.141285594639866,10.604,0.4382118372248699,0.15,0.2,0.175,18,36,27,11.70396140864693,5.790591357157679,0.4947548231729104,,,
torus_minus1,RGA Fall 2018 torus-1,2,1,1,2,2,2.5,2.141164154103853,0.1,0.15,0.141285594639866,10.604,0.4382118372248699,0.15,0.2,0.175,36,54,45,8.793472368824668,3.909268337472348,0.4445648059726444,,,
torus_minus1,RGA Fall 2018 torus-1,2,1,1,3,2,2.5,2.141164154103853,0.1,0.15,0.141285594639866,10.604,0.4382118372248699,0.15,0.2,0.175,54,72,63,19.104037027632,14.55146439897447,0.7616957807361495,,,
torus_minus1,RGA Fall 2018 torus-1,2,1,1,4,2,2.5,2.141164154103853,0.1,0.15,0.141285594639866,10.604,0.4382118372248699,0.15,0.2,0.175,72,90,81,12.15705831815102,13.07553586909512,1.075550970218903,,,
torus_minus1,RGA Fall 2018 torus-1,2,1,1,5,2,2.5,2.141164154103853,0.1,0.15,0.141285594639866,10.604,0.4382118372248699,0.15,0.2,0.175,90,108,99,16.2467543208736,16.34027326243413,1.005756161490075,,,
torus_minus1,RGA Fall 2018 torus-1,2,1,1,6,2,2.5,2.141164154103853,0.1,0.15,0.141285594639866,10.604,0.4382118372248699,0.15,0.2,0.175,108,126,117,12.63695672577714,10.84672608834268,0.8583337209834151,,,
torus_minus1,RGA Fall 2018 torus-1,2,1,1,7,2,2.5,2.141164154103853,0.1,0.15,0.141285594639866,10.604,0.4382118372248699,0.15,0.2,0.175,126,144,135,3.867483100055753,4.793015611549222,1.239311326655862,,,
torus_minus1,RGA Fall 2018 torus-1,2,1,1,8,2,2.5,2.141164154103853,0.1,0.15,0.141285594639866,10.604,0.4382118372248699,0.15,0.2,0.175,144,162,153,10.04056311808363,5.861572465325387,0.583789215444337,,,
torus_minus1,RGA Fall 2018 torus-1,2,1,1,9,2,2.5,2.141164154103853,0.1,0.15,0.141285594639866,10.604,0.4382118372248699,0.15,0.2,0.175,162,180,171,3.035244893348281,3.630552274549225,1.196131581509471,,,
torus_minus1,RGA Fall 2018 torus-1,2,1,1,10,2,2.5,2.141164154103853,0.1,0.15,0.141285594639866,10.604,0.4382118372248699,0.15,0.2,0.175,180,198,189,5.935847067554512,6.826010327817444,1.149963981573681,,,
torus_minus1,RGA Fall 2018 torus-1,2,1,1,11,2,2.5,2.141164154103853,0.1,0.15,0.141285594639866,10.604,0.4382118372248699,0.15,0.2,0.175,198,216,207,8.0274227727721,8.489396948279701,1.057549501077052,,,
torus_minus1,RGA Fall 2018 torus-1,2,1,1,15,2,2.5,2.141164154103853,0.1,0.15,0.141285594639866,10.604,0.4382118372248699,0.15,0.2,0.175,270,288,279,9.730189464466552,10.31361692103151,1.059960544313711,,,
torus_minus1,RGA Fall 2018 torus-1,2,1,1,16,2,2.5,2.141164154103853,0.1,0.15,0.141285594639866,10.604,0.4382118372248699,0.15,0.2,0.175,288,306,297,5.476221620030456,4.523174221336919,0.825966247383495,,,
torus_minus1,RGA Fall 2018 torus-1,2,1,1,17,2,2.5,2.141164154103853,0.1,0.15,0.141285594639866,10.604,0.4382118372248699,0.15,0.2,0.175,306,324,315,3.502311040578639,3.290076579842926,0.9394015956102378,,,
torus_minus1,RGA Fall 2018 torus-1,2,1,1,18,2,2.5,2.141164154103853,0.1,0.15,0.141285594639866,10.604,0.4382118372248699,0.15,0.2,0.175,324,342,333,8.962626003668737,4.287691810251545,0.4783968234863792,,,
torus_minus1,RGA Fall 2018 torus-1,2,1,1,19,2,2.5,2.141164154103853,0.1,0.15,0.141285594639866,10.604,0.4382118372248699,0.15,0.2,0.175,342,360,351,5.354861503676602,5.916918124932014,1.10496193428523,,,
torus_minus1,RGA Fall 2018 torus-1,2,1,2,0,2,2.5,2.141164154103853,0.1,0.15,0.141285594639866,10.604,0.4382118372248699,0.2,0.3,0.25,0,18,9,6.690696575502754,7.042134687660704,1.052526386182973,,,
torus_minus1,RGA Fall 2018 torus-1,2,1,2,1,2,2.5,2.141164154103853,0.1,0.15,0.141285594639866,10.604,0.4382118372248699,0.2,0.3,0.25,18,36,27,5.437483141921454,3.53004678687733,0.6492060195390161,,,
torus_minus1,RGA Fall 2018 torus-1,2,1,2,2,2,2.5,2.141164154103853,0.1,0.15,0.141285594639866,10.604,0.4382118372248699,0.2,0.3,0.25,36,54,45,9.831538673440942,3.204141370074515,0.3259043651763511,,,
torus_minus1,RGA Fall 2018 torus-1,2,1,2,3,2,2.5,2.141164154103853,0.1,0.15,0.141285594639866,10.604,0.4382118372248699,0.2,0.3,0.25,54,72,63,13.4972926919208,9.381072920861728,0.6950336734178583,,,
torus_minus1,RGA Fall 2018 torus-1,2,1,2,5,2,2.5,2.141164154103853,0.1,0.15,0.141285594639866,10.604,0.4382118372248699,0.2,0.3,0.25,90,108,99,11.64030710964352,6.987375855002696,0.600274184279377,,,
torus_minus1,RGA Fall 2018 torus-1,2,1,2,6,2,2.5,2.141164154103853,0.1,0.15,0.141285594639866,10.604,0.4382118372248699,0.2,0.3,0.25,108,126,117,6.316255266482556,4.053133264786275,0.6416987746354041,,,
torus_minus1,RGA Fall 2018 torus-1,2,1,2,7,2,2.5,2.141164154103853,0.1,0.15,0.141285594639866,10.604,0.4382118372248699,0.2,0.3,0.25,126,144,135,4.477548711567582,2.393934067077506,0.5346528248576874,,,
torus_minus1,RGA Fall 2018 torus-1,2,1,2,8,2,2.5,2.141164154103853,0.1,0.15,0.141285594639866,10.604,0.4382118372248699,0.2,0.3,0.25,144,162,153,6.253852787164127,3.418122127337712,0.5465626140662153,,,
torus_minus1,RGA Fall 2018 torus-1,2,1,2,9,2,2.5,2.141164154103853,0.1,0.15,0.141285594639866,10.604,0.4382118372248699,0.2,0.3,0.25,162,180,171,3.913405537080226,2.174709525977519,0.5557076835946984,,,
torus_minus1,RGA Fall 2018 torus-1,2,1,2,11,2,2.5,2.141164154103853,0.1,0.15,0.141285594639866,10.604,0.4382118372248699,0.2,0.3,0.25,198,216,207,5.925247288096363,4.83806836906215,0.8165175449776886,,,
torus_minus1,RGA Fall 2018 torus-1,2,1,2,13,2,2.5,2.141164154103853,0.1,0.15,0.141285594639866,10.604,0.4382118372248699,0.2,0.3,0.25,234,252,243,2.374299754272396,5.516945411858751,2.323609477670784,,,
torus_minus1,RGA Fall 2018 torus-1,2,1,2,14,2,2.5,2.141164154103853,0.1,0.15,0.141285594639866,10.604,0.4382118372248699,0.2,0.3,0.25,252,270,261,11.2350049083812,8.035949009378536,0.7152599464717454,,,
torus_minus1,RGA Fall 2018 torus-1,2,1,2,15,2,2.5,2.141164154103853,0.1,0.15,0.141285594639866,10.604,0.4382118372248699,0.2,0.3,0.25,270,288,279,20.17134017334553,13.23732027904848,0.6562439662060887,,,
torus_minus1,RGA Fall 2018 torus-1,2,1,2,16,2,2.5,2.141164154103853,0.1,0.15,0.141285594639866,10.604,0.4382118372248699,0.2,0.3,0.25,288,306,297,18.8136943919145,9.416899673370352,0.5005343170354368,,,
torus_minus1,RGA Fall 2018 torus-1,2,1,2,17,2,2.5,2.141164154103853,0.1,0.15,0.141285594639866,10.604,0.4382118372248699,0.2,0.3,0.25,306,324,315,10.32746613797256,3.679126015882789,0.3562467275835637,,,
torus_minus1,RGA Fall 2018 torus-1,2,1,2,18,2,2.5,2.141164154103853,0.1,0.15,0.141285594639866,10.604,0.4382118372248699,0.2,0.3,0.25,324,342,333,18.01256393063112,5.416417860703156,0.3007022143856106,,,
torus_minus1,RGA Fall 2018 torus-1,2,1,3,1,2,2.5,2.141164154103853,0.1,0.15,0.141285594639866,10.604,0.4382118372248699,0.3,0.4,0.35,18,36,27,8.858336280203655,4.507830017443686,0.5088799831992887,,,
torus_minus1,RGA Fall 2018 torus-1,2,1,3,2,2,2.5,2.141164154103853,0.1,0.15,0.141285594639866,10.604,0.4382118372248699,0.3,0.4,0.35,36,54,45,4.906101807931978,2.276103582473687,0.4639332145113212,,,
torus_minus1,RGA Fall 2018 torus-1,2,1,3,3,2,2.5,2.141164154103853,0.1,0.15,0.141285594639866,10.604,0.4382118372248699,0.3,0.4,0.35,54,72,63,3.02082388013613,3.865846500710367,1.279732501497623,,,
torus_minus1,RGA Fall 2018 torus-1,2,1,3,5,2,2.5,2.141164154103853,0.1,0.15,0.141285594639866,10.604,0.4382118372248699,0.3,0.4,0.35,90,108,99,3.1613098710473,3.714354754686312,1.174941687527707,,,
torus_minus1,RGA Fall 2018 torus-1,2,1,3,6,2,2.5,2.141164154103853,0.1,0.15,0.141285594639866,10.604,0.4382118372248699,0.3,0.4,0.35,108,126,117,4.687558051865326,3.211476173203737,0.6851064323194441,,,
torus_minus1,RGA Fall 2018 torus-1,2,1,3,7,2,2.5,2.141164154103853,0.1,0.15,0.141285594639866,10.604,0.4382118372248699,0.3,0.4,0.35,126,144,135,2.456664940677998,2.188800110621973,0.8909640359901507,,,
torus_minus1,RGA Fall 2018 torus-1,2,1,3,8,2,2.5,2.141164154103853,0.1,0.15,0.141285594639866,10.604,0.4382118372248699,0.3,0.4,0.35,144,162,153,9.097344642000262,3.870501340305287,0.4254539640540944,,,
torus_minus1,RGA Fall 2018 torus-1,2,1,3,9,2,2.5,2.141164154103853,0.1,0.15,0.141285594639866,10.604,0.4382118372248699,0.3,0.4,0.35,162,180,171,6.345354443347065,3.714866096761157,0.5854465861487209,,,
torus_minus1,RGA Fall 2018 torus-1,2,1,3,10,2,2.5,2.141164154103853,0.1,0.15,0.141285594639866,10.604,0.4382118372248699,0.3,0.4,0.35,180,198,189,5.503484605337822,3.516454348209477,0.6389505196033205,,,
torus_minus1,RGA Fall 2018 torus-1,2,1,3,11,2,2.5,2.141164154103853,0.1,0.15,0.141285594639866,10.604,0.4382118372248699,0.3,0.4,0.35,198,216,207,2.538840443687654,4.95089033608116,1.950059661445292,,,
torus_minus1,RGA Fall 2018 torus-1,2,1,3,13,2,2.5,2.141164154103853,0.1,0.15,0.141285594639866,10.604,0.4382118372248699,0.3,0.4,0.35,234,252,243,7.165557241100501,6.772037801443492,0.9450818092136863,,,
torus_minus1,RGA Fall 2018 torus-1,2,1,3,14,2,2.5,2.141164154103853,0.1,0.15,0.141285594639866,10.604,0.4382118372248699,0.3,0.4,0.35,252,270,261,6.421692499280822,4.6924292618197,0.730715346825656,,,
torus_minus1,RGA Fall 2018 torus-1,2,1,3,15,2,2.5,2.141164154103853,0.1,0.15,0.141285594639866,10.604,0.4382118372248699,0.3,0.4,0.35,270,288,279,12.33147666683979,10.00110131480466,0.8110221983145235,,,
torus_minus1,RGA Fall 2018 torus-1,2,1,3,16,2,2.5,2.141164154103853,0.1,0.15,0.141285594639866,10.604,0.4382118372248699,0.3,0.4,0.35,288,306,297,13.04117217657443,8.519303334149335,0.6532620855548836,,,
torus_minus1,RGA Fall 2018 torus-1,2,1,3,17,2,2.5,2.141164154103853,0.1,0.15,0.141285594639866,10.604,0.4382118372248699,0.3,0.4,0.35,306,324,315,6.500104176077805,2.388406164087738,0.3674412131543581,,,
torus_minus1,RGA Fall 2018 torus-1,2,1,3,18,2,2.5,2.141164154103853,0.1,0.15,0.141285594639866,10.604,0.4382118372248699,0.3,0.4,0.35,324,342,333,7.212440282994886,3.281730303685777,0.4550097019760799,,,
torus_minus1,RGA Fall 2018 torus-1,2,1,4,1,2,2.5,2.141164154103853,0.1,0.15,0.141285594639866,10.604,0.4382118372248699,0.4,0.6,0.5,18,36,27,3.249273518017533,2.388219726240961,0.735001135791756,,,
torus_minus1,RGA Fall 2018 torus-1,2,1,4,2,2,2.5,2.141164154103853,0.1,0.15,0.141285594639866,10.604,0.4382118372248699,0.4,0.6,0.5,36,54,45,1.861582141453048,0.8600297897836033,0.4619886335567829,,,
torus_minus1,RGA Fall 2018 torus-1,2,1,4,5,2,2.5,2.141164154103853,0.1,0.15,0.141285594639866,10.604,0.4382118372248699,0.4,0.6,0.5,90,108,99,6.037649014636537,4.600072628726636,0.7618979867122265,,,
torus_minus1,RGA Fall 2018 torus-1,2,1,4,6,2,2.5,2.141164154103853,0.1,0.15,0.141285594639866,10.604,0.4382118372248699,0.4,0.6,0.5,108,126,117,3.317351447781078,2.251371408499424,0.6786653280300855,,,
torus_minus1,RGA Fall 2018 torus-1,2,1,4,7,2,2.5,2.141164154103853,0.1,0.15,0.141285594639866,10.604,0.4382118372248699,0.4,0.6,0.5,126,144,135,3.356981610295283,2.243726830444196,0.6683762650242329,,,
torus_minus1,RGA Fall 2018 torus-1,2,1,4,8,2,2.5,2.141164154103853,0.1,0.15,0.141285594639866,10.604,0.4382118372248699,0.4,0.6,0.5,144,162,153,2.789079910323164,1.081502440800654,0.3877631604593728,,,
torus_minus1,RGA Fall 2018 torus-1,2,1,4,9,2,2.5,2.141164154103853,0.1,0.15,0.141285594639866,10.604,0.4382118372248699,0.4,0.6,0.5,162,180,171,3.98501799433762,1.337395561062752,0.3356059026491423,,,
torus_minus1,RGA Fall 2018 torus-1,2,1,4,10,2,2.5,2.141164154103853,0.1,0.15,0.141285594639866,10.604,0.4382118372248699,0.4,0.6,0.5,180,198,189,6.850664545514604,3.371765348014196,0.4921807695607897,,,
torus_minus1,RGA Fall 2018 torus-1,2,1,4,12,2,2.5,2.141164154103853,0.1,0.15,0.141285594639866,10.604,0.4382118372248699,0.4,0.6,0.5,216,234,225,2.996570875733113,2.769955686959263,0.9243751614189974,,,
torus_minus1,RGA Fall 2018 torus-1,2,1,4,13,2,2.5,2.141164154103853,0.1,0.15,0.141285594639866,10.604,0.4382118372248699,0.4,0.6,0.5,234,252,243,4.556603688572228,3.567018521076189,0.782823955048389,,,
torus_minus1,RGA Fall 2018 torus-1,2,1,4,14,2,2.5,2.141164154103853,0.1,0.15,0.141285594639866,10.604,0.4382118372248699,0.4,0.6,0.5,252,270,261,5.177102925788773,2.275446563047173,0.4395212140196131,,,
torus_minus1,RGA Fall 2018 torus-1,2,1,4,15,2,2.5,2.141164154103853,0.1,0.15,0.141285594639866,10.604,0.4382118372248699,0.4,0.6,0.5,270,288,279,8.825284163156478,3.374824259528333,0.3824040333587721,,,
torus_minus1,RGA Fall 2018 torus-1,2,1,4,16,2,2.5,2.141164154103853,0.1,0.15,0.141285594639866,10.604,0.4382118372248699,0.4,0.6,0.5,288,306,297,6.820507905030859,3.670260637183612,0.5381213083084911,,,
torus_minus1,RGA Fall 2018 torus-1,2,1,4,17,2,2.5,2.141164154103853,0.1,0.15,0.141285594639866,10.604,0.4382118372248699,0.4,0.6,0.5,306,324,315,5.040479695204042,1.616273725273804,0.3206587116721588,,,
torus_minus1,RGA Fall 2018 torus-1,2,1,4,18,2,2.5,2.141164154103853,0.1,0.15,0.141285594639866,10.604,0.4382118372248699,0.4,0.6,0.5,324,342,333,4.266891157064008,2.472397541102386,0.5794376866185661,,,
torus_minus1,RGA Fall 2018 torus-1,2,1,5,1,2,2.5,2.141164154103853,0.1,0.15,0.141285594639866,10.604,0.4382118372248699,0.6,1,0.8,18,36,27,3.400230145403252,1.282719312117501,0.3772448502792083,,,
torus_minus1,RGA Fall 2018 torus-1,2,1,5,2,2,2.5,2.141164154103853,0.1,0.15,0.141285594639866,10.604,0.4382118372248699,0.6,1,0.8,36,54,45,1.40457633143336,0.6913810583279232,0.4922345926350431,,,
torus_minus1,RGA Fall 2018 torus-1,2,1,5,3,2,2.5,2.141164154103853,0.1,0.15,0.141285594639866,10.604,0.4382118372248699,0.6,1,0.8,54,72,63,3.441635293352233,2.312900590566246,0.6720353533780237,,,
torus_minus1,RGA Fall 2018 torus-1,2,1,5,4,2,2.5,2.141164154103853,0.1,0.15,0.141285594639866,10.604,0.4382118372248699,0.6,1,0.8,72,90,81,2.613560706710228,1.989272279681658,0.7611349047964598,,,
torus_minus1,RGA Fall 2018 torus-1,2,1,5,5,2,2.5,2.141164154103853,0.1,0.15,0.141285594639866,10.604,0.4382118372248699,0.6,1,0.8,90,108,99,3.71183909438148,2.371037213267222,0.638776938595265,,,
torus_minus1,RGA Fall 2018 torus-1,2,1,5,6,2,2.5,2.141164154103853,0.1,0.15,0.141285594639866,10.604,0.4382118372248699,0.6,1,0.8,108,126,117,8.985090137996616,4.645619080551111,0.5170364469584423,,,
torus_minus1,RGA Fall 2018 torus-1,2,1,5,7,2,2.5,2.141164154103853,0.1,0.15,0.141285594639866,10.604,0.4382118372248699,0.6,1,0.8,126,144,135,2.521753923759324,0.8799995927491436,0.3489633086154884,,,
torus_minus1,RGA Fall 2018 torus-1,2,1,5,8,2,2.5,2.141164154103853,0.1,0.15,0.141285594639866,10.604,0.4382118372248699,0.6,1,0.8,144,162,153,3.043911934679401,1.023710499226007,0.3363140988288246,,,
torus_minus1,RGA Fall 2018 torus-1,2,1,5,9,2,2.5,2.141164154103853,0.1,0.15,0.141285594639866,10.604,0.4382118372248699,0.6,1,0.8,162,180,171,1.346976627125796,0.5930425480477266,0.4402767918201906,,,
torus_minus1,RGA Fall 2018 torus-1,2,1,5,10,2,2.5,2.141164154103853,0.1,0.15,0.141285594639866,10.604,0.4382118372248699,0.6,1,0.8,180,198,189,2.108607065358382,0.838878116707847,0.3978352014889364,,,
torus_minus1,RGA Fall 2018 torus-1,2,1,5,11,2,2.5,2.141164154103853,0.1,0.15,0.141285594639866,10.604,0.4382118372248699,0.6,1,0.8,198,216,207,1.680479495912064,1.342276699628903,0.7987462524202923,,,
torus_minus1,RGA Fall 2018 torus-1,2,1,5,12,2,2.5,2.141164154103853,0.1,0.15,0.141285594639866,10.604,0.4382118372248699,0.6,1,0.8,216,234,225,2.005352705248942,1.372931700661769,0.6846335295871731,,,
torus_minus1,RGA Fall 2018 torus-1,2,1,5,13,2,2.5,2.141164154103853,0.1,0.15,0.141285594639866,10.604,0.4382118372248699,0.6,1,0.8,234,252,243,1.532325219299952,1.074261351002122,0.7010661558470611,,,
torus_minus1,RGA Fall 2018 torus-1,2,1,5,14,2,2.5,2.141164154103853,0.1,0.15,0.141285594639866,10.604,0.4382118372248699,0.6,1,0.8,252,270,261,2.012881022446485,0.7210308813480175,0.358208395482643,,,
torus_minus1,RGA Fall 2018 torus-1,2,1,5,15,2,2.5,2.141164154103853,0.1,0.15,0.141285594639866,10.604,0.4382118372248699,0.6,1,0.8,270,288,279,2.265975631299309,0.9624505725607778,0.4247400365947047,,,
torus_minus1,RGA Fall 2018 torus-1,2,1,5,16,2,2.5,2.141164154103853,0.1,0.15,0.141285594639866,10.604,0.4382118372248699,0.6,1,0.8,288,306,297,3.085873413531913,2.114082045012992,0.6850838520279209,,,
torus_minus1,RGA Fall 2018 torus-1,2,1,5,17,2,2.5,2.141164154103853,0.1,0.15,0.141285594639866,10.604,0.4382118372248699,0.6,1,0.8,306,324,315,0.8602168102837157,0.4945699225876505,0.5749363610140704,,,
torus_minus1,RGA Fall 2018 torus-1,2,1,5,18,2,2.5,2.141164154103853,0.1,0.15,0.141285594639866,10.604,0.4382118372248699,0.6,1,0.8,324,342,333,1.819269237622179,0.7787860911605714,0.4280763259529745,,,
torus_minus1,RGA Fall 2018 torus-1,2,1,6,0,2,2.5,2.141164154103853,0.1,0.15,0.141285594639866,10.604,0.4382118372248699,1,1.5,1.25,0,18,9,0.68154311366278,0.5310136357617774,0.7791343278460842,,,
torus_minus1,RGA Fall 2018 torus-1,2,1,6,1,2,2.5,2.141164154103853,0.1,0.15,0.141285594639866,10.604,0.4382118372248699,1,1.5,1.25,18,36,27,0.2304747893118878,0.2412516404734025,1.046759349227265,,,
torus_minus1,RGA Fall 2018 torus-1,2,1,6,3,2,2.5,2.141164154103853,0.1,0.15,0.141285594639866,10.604,0.4382118372248699,1,1.5,1.25,54,72,63,0.8216208188170284,0.5201246233533374,0.6330470351301639,,,
torus_minus1,RGA Fall 2018 torus-1,2,1,6,4,2,2.5,2.141164154103853,0.1,0.15,0.141285594639866,10.604,0.4382118372248699,1,1.5,1.25,72,90,81,5.303048934736856,3.16676346719586,0.5971590128939661,,,
torus_minus1,RGA Fall 2018 torus-1,2,1,6,5,2,2.5,2.141164154103853,0.1,0.15,0.141285594639866,10.604,0.4382118372248699,1,1.5,1.25,90,108,99,2.13979993310497,1.392457968628926,0.6507421311152166,,,
torus_minus1,RGA Fall 2018 torus-1,2,1,6,6,2,2.5,2.141164154103853,0.1,0.15,0.141285594639866,10.604,0.4382118372248699,1,1.5,1.25,108,126,117,1.233552106273309,1.037472813990304,0.8410449860319394,,,
torus_minus1,RGA Fall 2018 torus-1,2,1,6,7,2,2.5,2.141164154103853,0.1,0.15,0.141285594639866,10.604,0.4382118372248699,1,1.5,1.25,126,144,135,0.2503941708358676,0.2792587700415771,1.115276642061409,,,
torus_minus1,RGA Fall 2018 torus-1,2,1,6,8,2,2.5,2.141164154103853,0.1,0.15,0.141285594639866,10.604,0.4382118372248699,1,1.5,1.25,144,162,153,1.240602973460352,0.509590422765663,0.4107602784025962,,,
torus_minus1,RGA Fall 2018 torus-1,2,1,6,9,2,2.5,2.141164154103853,0.1,0.15,0.141285594639866,10.604,0.4382118372248699,1,1.5,1.25,162,180,171,0.6416097329882516,0.363999069475421,0.5673216143092488,,,
torus_minus1,RGA Fall 2018 torus-1,2,1,6,10,2,2.5,2.141164154103853,0.1,0.15,0.141285594639866,10.604,0.4382118372248699,1,1.5,1.25,180,198,189,0.4250839430607052,0.3299751555240677,0.7762588093734341,,,
torus_minus1,RGA Fall 2018 torus-1,2,1,6,11,2,2.5,2.141164154103853,0.1,0.15,0.141285594639866,10.604,0.4382118372248699,1,1.5,1.25,198,216,207,0.7355405814676056,0.9601858941635676,1.305415252884801,,,
torus_minus1,RGA Fall 2018 torus-1,2,1,6,12,2,2.5,2.141164154103853,0.1,0.15,0.141285594639866,10.604,0.4382118372248699,1,1.5,1.25,216,234,225,0.3512509896776405,0.4510695137083501,1.284180050630798,,,
torus_minus1,RGA Fall 2018 torus-1,2,1,6,13,2,2.5,2.141164154103853,0.1,0.15,0.141285594639866,10.604,0.4382118372248699,1,1.5,1.25,234,252,243,0.2588860398095951,0.2726767998487201,1.053269616427629,,,
torus_minus1,RGA Fall 2018 torus-1,2,1,6,14,2,2.5,2.141164154103853,0.1,0.15,0.141285594639866,10.604,0.4382118372248699,1,1.5,1.25,252,270,261,2.366495343893439,0.972530202769036,0.4109580039016667,,,
torus_minus1,RGA Fall 2018 torus-1,2,1,6,15,2,2.5,2.141164154103853,0.1,0.15,0.141285594639866,10.604,0.4382118372248699,1,1.5,1.25,270,288,279,1.604270938223558,0.817551571962987,0.5096094135247993,,,
torus_minus1,RGA Fall 2018 torus-1,2,1,6,17,2,2.5,2.141164154103853,0.1,0.15,0.141285594639866,10.604,0.4382118372248699,1,1.5,1.25,306,324,315,0.9797073174239647,0.8944871360951258,0.9130146526281786,,,
torus_minus1,RGA Fall 2018 torus-1,2,1,6,18,2,2.5,2.141164154103853,0.1,0.15,0.141285594639866,10.604,0.4382118372248699,1,1.5,1.25,324,342,333,0.4872424674416658,0.3263579086274765,0.6698059599383117,,,
torus_minus1,RGA Fall 2018 torus-1,2,1,6,19,2,2.5,2.141164154103853,0.1,0.15,0.141285594639866,10.604,0.4382118372248699,1,1.5,1.25,342,360,351,0.7319224205062901,0.5437249524321585,0.7428723826441189,,,
torus_minus1,RGA Fall 2018 torus-1,2,1,7,0,2,2.5,2.141164154103853,0.1,0.15,0.141285594639866,10.604,0.4382118372248699,1.5,2,1.75,0,18,9,0.8354761864917415,0.9392404983725217,1.124197809056052,,,
torus_minus1,RGA Fall 2018 torus-1,2,1,7,3,2,2.5,2.141164154103853,0.1,0.15,0.141285594639866,10.604,0.4382118372248699,1.5,2,1.75,54,72,63,1.496040294493567,1.247919034803459,0.8341480101817035,,,
torus_minus1,RGA Fall 2018 torus-1,2,1,7,4,2,2.5,2.141164154103853,0.1,0.15,0.141285594639866,10.604,0.4382118372248699,1.5,2,1.75,72,90,81,1.231590828091121,1.046779792751098,0.8499412052081717,,,
torus_minus1,RGA Fall 2018 torus-1,2,1,7,5,2,2.5,2.141164154103853,0.1,0.15,0.141285594639866,10.604,0.4382118372248699,1.5,2,1.75,90,108,99,1.576447187068349,1.441269719815688,0.9142518262828427,,,
torus_minus1,RGA Fall 2018 torus-1,2,1,7,6,2,2.5,2.141164154103853,0.1,0.15,0.141285594639866,10.604,0.4382118372248699,1.5,2,1.75,108,126,117,1.339121272094531,1.250048760160275,0.9334843573988362,,,
torus_minus1,RGA Fall 2018 torus-1,2,1,7,8,2,2.5,2.141164154103853,0.1,0.15,0.141285594639866,10.604,0.4382118372248699,1.5,2,1.75,144,162,153,3.036426652963647,2.115579032491703,0.6967331255727293,,,
torus_minus1,RGA Fall 2018 torus-1,2,1,7,9,2,2.5,2.141164154103853,0.1,0.15,0.141285594639866,10.604,0.4382118372248699,1.5,2,1.75,162,180,171,1.579950744372972,1.39273207915638,0.8815034798500044,,,
torus_minus1,RGA Fall 2018 torus-1,2,1,7,13,2,2.5,2.141164154103853,0.1,0.15,0.141285594639866,10.604,0.4382118372248699,1.5,2,1.75,234,252,243,0.3812912868029647,0.3305214058296811,0.8668475186019151,,,
torus_minus1,RGA Fall 2018 torus-1,2,1,7,14,2,2.5,2.141164154103853,0.1,0.15,0.141285594639866,10.604,0.4382118372248699,1.5,2,1.75,252,270,261,1.466639715978626,1.41308823814739,0.9634869578071508,,,
torus_minus1,RGA Fall 2018 torus-1,2,1,7,15,2,2.5,2.141164154103853,0.1,0.15,0.141285594639866,10.604,0.4382118372248699,1.5,2,1.75,270,288,279,0.7966652228684241,1.028094990325995,1.290498142525036,,,
torus_minus1,RGA Fall 2018 torus-1,2,1,7,17,2,2.5,2.141164154103853,0.1,0.15,0.141285594639866,10.604,0.4382118372248699,1.5,2,1.75,306,324,315,0.7606838751283399,0.767668704288107,1.009182302120692,,,
torus_minus1,RGA Fall 2018 torus-1,2,2,0,0,2,2.5,2.248236282194849,0.15,0.2,0.1751819708846585,10.604,0.6162606739504454,0.09,0.15,0.12,0,18,9,13.12558761081647,7.610247134991908,0.5798023951872822,,,
torus_minus1,RGA Fall 2018 torus-1,2,2,0,1,2,2.5,2.248236282194849,0.15,0.2,0.1751819708846585,10.604,0.6162606739504454,0.09,0.15,0.12,18,36,27,9.100513385465659,4.416234875824014,0.4852731586414828,,,
torus_minus1,RGA Fall 2018 torus-1,2,2,0,2,2,2.5,2.248236282194849,0.15,0.2,0.1751819708846585,10.604,0.6162606739504454,0.09,0.15,0.12,36,54,45,17.3526010959057,8.876459134627394,0.5115347886791317,,,
torus_minus1,RGA Fall 2018 torus-1,2,2,0,3,2,2.5,2.248236282194849,0.15,0.2,0.1751819708846585,10.604,0.6162606739504454,0.09,0.15,0.12,54,72,63,8.81935788989397,6.583819302932922,0.7465191213611215,,,
torus_minus1,RGA Fall 2018 torus-1,2,2,0,4,2,2.5,2.248236282194849,0.15,0.2,0.1751819708846585,10.604,0.6162606739504454,0.09,0.15,0.12,72,90,81,22.69729160066405,10.14918472741251,0.4471539999563462,,,
torus_minus1,RGA Fall 2018 torus-1,2,2,0,5,2,2.5,2.248236282194849,0.15,0.2,0.1751819708846585,10.604,0.6162606739504454,0.09,0.15,0.12,90,108,99,14.28948719333697,6.263432370432589,0.4383245028802126,,,
torus_minus1,RGA Fall 2018 torus-1,2,2,0,6,2,2.5,2.248236282194849,0.15,0.2,0.1751819708846585,10.604,0.6162606739504454,0.09,0.15,0.12,108,126,117,17.32426364598469,7.442763844515192,0.4296150183699283,,,
torus_minus1,RGA Fall 2018 torus-1,2,2,0,7,2,2.5,2.248236282194849,0.15,0.2,0.1751819708846585,10.604,0.6162606739504454,0.09,0.15,0.12,126,144,135,31.15927396289941,15.81501260862322,0.507553950950647,,,
torus_minus1,RGA Fall 2018 torus-1,2,2,0,18,2,2.5,2.248236282194849,0.15,0.2,0.1751819708846585,10.604,0.6162606739504454,0.09,0.15,0.12,324,342,333,6.929914611987924,4.390940749058215,0.6336211908675488,,,
torus_minus1,RGA Fall 2018 torus-1,2,2,0,19,2,2.5,2.248236282194849,0.15,0.2,0.1751819708846585,10.604,0.6162606739504454,0.09,0.15,0.12,342,360,351,3.630554659364775,3.892362586843294,1.072112377320419,,,
torus_minus1,RGA Fall 2018 torus-1,2,2,1,0,2,2.5,2.248236282194849,0.15,0.2,0.1751819708846585,10.604,0.6162606739504454,0.15,0.2,0.175,0,18,9,14.36925975308042,4.637335594169388,0.3227261302152503,,,
torus_minus1,RGA Fall 2018 torus-1,2,2,1,1,2,2.5,2.248236282194849,0.15,0.2,0.1751819708846585,10.604,0.6162606739504454,0.15,0.2,0.175,18,36,27,14.98076280349732,4.802946908197749,0.3206076333493833,,,
torus_minus1,RGA Fall 2018 torus-1,2,2,1,2,2,2.5,2.248236282194849,0.15,0.2,0.1751819708846585,10.604,0.6162606739504454,0.15,0.2,0.175,36,54,45,14.91648782548861,6.746510018992109,0.4522854238826907,,,
torus_minus1,RGA Fall 2018 torus-1,2,2,1,3,2,2.5,2.248236282194849,0.15,0.2,0.1751819708846585,10.604,0.6162606739504454,0.15,0.2,0.175,54,72,63,18.39755406324981,8.546740771535916,0.4645585354527389,,,
torus_minus1,RGA Fall 2018 torus-1,2,2,1,4,2,2.5,2.248236282194849,0.15,0.2,0.1751819708846585,10.604,0.6162606739504454,0.15,0.2,0.175,72,90,81,22.5609641901928,6.303702878071634,0.2794075122379673,,,
torus_minus1,RGA Fall 2018 torus-1,2,2,1,5,2,2.5,2.248236282194849,0.15,0.2,0.1751819708846585,10.604,0.6162606739504454,0.15,0.2,0.175,90,108,99,23.85981234536726,5.137926481334555,0.2153380926456515,,,
torus_minus1,RGA Fall 2018 torus-1,2,2,1,6,2,2.5,2.248236282194849,0.15,0.2,0.1751819708846585,10.604,0.6162606739504454,0.15,0.2,0.175,108,126,117,20.25954033077821,4.586581906876438,0.2263912128306544,,,
torus_minus1,RGA Fall 2018 torus-1,2,2,1,7,2,2.5,2.248236282194849,0.15,0.2,0.1751819708846585,10.604,0.6162606739504454,0.15,0.2,0.175,126,144,135,12.68440546523589,3.542303703475695,0.2792644647937246,,,
torus_minus1,RGA Fall 2018 torus-1,2,2,1,8,2,2.5,2.248236282194849,0.15,0.2,0.1751819708846585,10.604,0.6162606739504454,0.15,0.2,0.175,144,162,153,15.76141260882996,3.21277185299292,0.2038378115419072,,,
torus_minus1,RGA Fall 2018 torus-1,2,2,1,9,2,2.5,2.248236282194849,0.15,0.2,0.1751819708846585,10.604,0.6162606739504454,0.15,0.2,0.175,162,180,171,8.368917380746757,2.957489465328348,0.3533897314044761,,,
torus_minus1,RGA Fall 2018 torus-1,2,2,1,10,2,2.5,2.248236282194849,0.15,0.2,0.1751819708846585,10.604,0.6162606739504454,0.15,0.2,0.175,180,198,189,11.57655155780368,4.43985031747824,0.3835209730038619,,,
torus_minus1,RGA Fall 2018 torus-1,2,2,1,11,2,2.5,2.248236282194849,0.15,0.2,0.1751819708846585,10.604,0.6162606739504454,0.15,0.2,0.175,198,216,207,9.883007119440213,4.857033747387216,0.4914530252470692,,,
torus_minus1,RGA Fall 2018 torus-1,2,2,1,12,2,2.5,2.248236282194849,0.15,0.2,0.1751819708846585,10.604,0.6162606739504454,0.15,0.2,0.175,216,234,225,11.0234526427791,4.765296809302193,0.4322871394039774,,,
torus_minus1,RGA Fall 2018 torus-1,2,2,1,18,2,2.5,2.248236282194849,0.15,0.2,0.1751819708846585,10.604,0.6162606739504454,0.15,0.2,0.175,324,342,333,9.499565548654264,4.741913269379434,0.4991715931736675,,,
torus_minus1,RGA Fall 2018 torus-1,2,2,1,19,2,2.5,2.248236282194849,0.15,0.2,0.1751819708846585,10.604,0.6162606739504454,0.15,0.2,0.175,342,360,351,15.65649374046258,4.906072171558868,0.3133570167680413,,,
torus_minus1,RGA Fall 2018 torus-1,2,2,2,0,2,2.5,2.248236282194849,0.15,0.2,0.1751819708846585,10.604,0.6162606739504454,0.2,0.3,0.25,0,18,9,15.49502889208641,3.416928903211116,0.2205177497252814,,,
torus_minus1,RGA Fall 2018 torus-1,2,2,2,1,2,2.5,2.248236282194849,0.15,0.2,0.1751819708846585,10.604,0.6162606739504454,0.2,0.3,0.25,18,36,27,13.87763650075674,2.901889263373464,0.209105438322673,,,
torus_minus1,RGA Fall 2018 torus-1,2,2,2,2,2,2.5,2.248236282194849,0.15,0.2,0.1751819708846585,10.604,0.6162606739504454,0.2,0.3,0.25,36,54,45,12.23951701494064,4.022450566061587,0.328644550365135,,,
torus_minus1,RGA Fall 2018 torus-1,2,2,2,4,2,2.5,2.248236282194849,0.15,0.2,0.1751819708846585,10.604,0.6162606739504454,0.2,0.3,0.25,72,90,81,19.00944955579306,5.295104227282363,0.2785511601343922,,,
torus_minus1,RGA Fall 2018 torus-1,2,2,2,5,2,2.5,2.248236282194849,0.15,0.2,0.1751819708846585,10.604,0.6162606739504454,0.2,0.3,0.25,90,108,99,19.67808461446357,3.045705608440181,0.1547765277013577,,,
torus_minus1,RGA Fall 2018 torus-1,2,2,2,6,2,2.5,2.248236282194849,0.15,0.2,0.1751819708846585,10.604,0.6162606739504454,0.2,0.3,0.25,108,126,117,26.0981937515823,3.75269738930943,0.143791460245478,,,
torus_minus1,RGA Fall 2018 torus-1,2,2,2,7,2,2.5,2.248236282194849,0.15,0.2,0.1751819708846585,10.604,0.6162606739504454,0.2,0.3,0.25,126,144,135,13.49630608796384,2.491062083426378,0.1845736208997168,,,
torus_minus1,RGA Fall 2018 torus-1,2,2,2,8,2,2.5,2.248236282194849,0.15,0.2,0.1751819708846585,10.604,0.6162606739504454,0.2,0.3,0.25,144,162,153,14.39736198920468,2.185325666171209,0.1517865333808925,,,
torus_minus1,RGA Fall 2018 torus-1,2,2,2,9,2,2.5,2.248236282194849,0.15,0.2,0.1751819708846585,10.604,0.6162606739504454,0.2,0.3,0.25,162,180,171,8.235900692490343,1.550347566486649,0.1882426251084215,,,
torus_minus1,RGA Fall 2018 torus-1,2,2,2,10,2,2.5,2.248236282194849,0.15,0.2,0.1751819708846585,10.604,0.6162606739504454,0.2,0.3,0.25,180,198,189,3.585303918792186,1.106530232759287,0.3086294098972936,,,
torus_minus1,RGA Fall 2018 torus-1,2,2,2,11,2,2.5,2.248236282194849,0.15,0.2,0.1751819708846585,10.604,0.6162606739504454,0.2,0.3,0.25,198,216,207,8.33005595381502,2.266168546878064,0.2720472178629483,,,
torus_minus1,RGA Fall 2018 torus-1,2,2,2,12,2,2.5,2.248236282194849,0.15,0.2,0.1751819708846585,10.604,0.6162606739504454,0.2,0.3,0.25,216,234,225,8.549119688829085,2.247915217456369,0.2629411330377866,,,
torus_minus1,RGA Fall 2018 torus-1,2,2,2,13,2,2.5,2.248236282194849,0.15,0.2,0.1751819708846585,10.604,0.6162606739504454,0.2,0.3,0.25,234,252,243,11.25091652400648,5.519123884276643,0.4905488252890591,,,
torus_minus1,RGA Fall 2018 torus-1,2,2,2,17,2,2.5,2.248236282194849,0.15,0.2,0.1751819708846585,10.604,0.6162606739504454,0.2,0.3,0.25,306,324,315,8.281269329473551,4.290273865655645,0.5180695971795404,,,
torus_minus1,RGA Fall 2018 torus-1,2,2,2,18,2,2.5,2.248236282194849,0.15,0.2,0.1751819708846585,10.604,0.6162606739504454,0.2,0.3,0.25,324,342,333,9.240734542629427,2.748816183068688,0.2974672814577487,,,
torus_minus1,RGA Fall 2018 torus-1,2,2,2,19,2,2.5,2.248236282194849,0.15,0.2,0.1751819708846585,10.604,0.6162606739504454,0.2,0.3,0.25,342,360,351,9.06152749931111,2.136231930024155,0.2357474421598962,,,
torus_minus1,RGA Fall 2018 torus-1,2,2,3,0,2,2.5,2.248236282194849,0.15,0.2,0.1751819708846585,10.604,0.6162606739504454,0.3,0.4,0.35,0,18,9,9.964764377108251,2.846754824879761,0.2856821011663381,,,
torus_minus1,RGA Fall 2018 torus-1,2,2,3,1,2,2.5,2.248236282194849,0.15,0.2,0.1751819708846585,10.604,0.6162606739504454,0.3,0.4,0.35,18,36,27,17.84241164155438,3.988810431605456,0.223557807752605,,,
torus_minus1,RGA Fall 2018 torus-1,2,2,3,2,2,2.5,2.248236282194849,0.15,0.2,0.1751819708846585,10.604,0.6162606739504454,0.3,0.4,0.35,36,54,45,7.990080941475083,3.113537304854759,0.3896753146382965,,,
torus_minus1,RGA Fall 2018 torus-1,2,2,3,4,2,2.5,2.248236282194849,0.15,0.2,0.1751819708846585,10.604,0.6162606739504454,0.3,0.4,0.35,72,90,81,17.2369959318662,6.233800628294735,0.3616523814785061,,,
torus_minus1,RGA Fall 2018 torus-1,2,2,3,5,2,2.5,2.248236282194849,0.15,0.2,0.1751819708846585,10.604,0.6162606739504454,0.3,0.4,0.35,90,108,99,16.89272962499935,3.413904084503909,0.2020930992378942,,,
torus_minus1,RGA Fall 2018 torus-1,2,2,3,6,2,2.5,2.248236282194849,0.15,0.2,0.1751819708846585,10.604,0.6162606739504454,0.3,0.4,0.35,108,126,117,18.37141710096691,2.820346635437823,0.1535181864271855,,,
torus_minus1,RGA Fall 2018 torus-1,2,2,3,7,2,2.5,2.248236282194849,0.15,0.2,0.1751819708846585,10.604,0.6162606739504454,0.3,0.4,0.35,126,144,135,9.122469093345574,1.615983826836713,0.1771432503964853,,,
torus_minus1,RGA Fall 2018 torus-1,2,2,3,8,2,2.5,2.248236282194849,0.15,0.2,0.1751819708846585,10.604,0.6162606739504454,0.3,0.4,0.35,144,162,153,8.659576525464459,1.348302704857104,0.1557007667629322,,,
torus_minus1,RGA Fall 2018 torus-1,2,2,3,9,2,2.5,2.248236282194849,0.15,0.2,0.1751819708846585,10.604,0.6162606739504454,0.3,0.4,0.35,162,180,171,6.212590643238478,1.066317315877506,0.1716381099466196,,,
torus_minus1,RGA Fall 2018 torus-1,2,2,3,10,2,2.5,2.248236282194849,0.15,0.2,0.1751819708846585,10.604,0.6162606739504454,0.3,0.4,0.35,180,198,189,7.086702720882343,1.718142142520979,0.242445917402199,,,
torus_minus1,RGA Fall 2018 torus-1,2,2,3,11,2,2.5,2.248236282194849,0.15,0.2,0.1751819708846585,10.604,0.6162606739504454,0.3,0.4,0.35,198,216,207,11.25055822087818,2.494813261732074,0.2217501756581583,,,
torus_minus1,RGA Fall 2018 torus-1,2,2,3,12,2,2.5,2.248236282194849,0.15,0.2,0.1751819708846585,10.604,0.6162606739504454,0.3,0.4,0.35,216,234,225,10.81972917546697,2.920465332206067,0.2699203727601641,,,
torus_minus1,RGA Fall 2018 torus-1,2,2,3,13,2,2.5,2.248236282194849,0.15,0.2,0.1751819708846585,10.604,0.6162606739504454,0.3,0.4,0.35,234,252,243,14.10819064808029,5.292371053029477,0.3751275542728517,,,
torus_minus1,RGA Fall 2018 torus-1,2,2,3,14,2,2.5,2.248236282194849,0.15,0.2,0.1751819708846585,10.604,0.6162606739504454,0.3,0.4,0.35,252,270,261,21.39293057731258,5.447809012442198,0.25465463895908,,,
torus_minus1,RGA Fall 2018 torus-1,2,2,3,15,2,2.5,2.248236282194849,0.15,0.2,0.1751819708846585,10.604,0.6162606739504454,0.3,0.4,0.35,270,288,279,19.68899692868665,4.748879112096653,0.2411945681792244,,,
torus_minus1,RGA Fall 2018 torus-1,2,2,3,16,2,2.5,2.248236282194849,0.15,0.2,0.1751819708846585,10.604,0.6162606739504454,0.3,0.4,0.35,288,306,297,37.6053261387256,17.92678950235219,0.4767087895002022,,,
torus_minus1,RGA Fall 2018 torus-1,2,2,3,17,2,2.5,2.248236282194849,0.15,0.2,0.1751819708846585,10.604,0.6162606739504454,0.3,0.4,0.35,306,324,315,9.145781786304417,2.946838664201821,0.3222074102636737,,,
torus_minus1,RGA Fall 2018 torus-1,2,2,3,18,2,2.5,2.248236282194849,0.15,0.2,0.1751819708846585,10.604,0.6162606739504454,0.3,0.4,0.35,324,342,333,7.833363171546509,2.039782743663791,0.2603968051772435,,,
torus_minus1,RGA Fall 2018 torus-1,2,2,3,19,2,2.5,2.248236282194849,0.15,0.2,0.1751819708846585,10.604,0.6162606739504454,0.3,0.4,0.35,342,360,351,5.412609277756893,1.394394174944527,0.2576195885180161,,,
torus_minus1,RGA Fall 2018 torus-1,2,2,4,0,2,2.5,2.248236282194849,0.15,0.2,0.1751819708846585,10.604,0.6162606739504454,0.4,0.6,0.5,0,18,9,5.447438556284301,1.486797636430915,0.2729351824841987,,,
torus_minus1,RGA Fall 2018 torus-1,2,2,4,1,2,2.5,2.248236282194849,0.15,0.2,0.1751819708846585,10.604,0.6162606739504454,0.4,0.6,0.5,18,36,27,4.125187717987987,0.9742109417370931,0.236161602413636,,,
torus_minus1,RGA Fall 2018 torus-1,2,2,4,2,2,2.5,2.248236282194849,0.15,0.2,0.1751819708846585,10.604,0.6162606739504454,0.4,0.6,0.5,36,54,45,10.30739406449958,2.882045979362732,0.2796095658444833,,,
torus_minus1,RGA Fall 2018 torus-1,2,2,4,5,2,2.5,2.248236282194849,0.15,0.2,0.1751819708846585,10.604,0.6162606739504454,0.4,0.6,0.5,90,108,99,8.517152773121735,1.808397911883715,0.2123242308850702,,,
torus_minus1,RGA Fall 2018 torus-1,2,2,4,6,2,2.5,2.248236282194849,0.15,0.2,0.1751819708846585,10.604,0.6162606739504454,0.4,0.6,0.5,108,126,117,10.95932333382736,1.66202763481897,0.1516542202645768,,,
torus_minus1,RGA Fall 2018 torus-1,2,2,4,7,2,2.5,2.248236282194849,0.15,0.2,0.1751819708846585,10.604,0.6162606739504454,0.4,0.6,0.5,126,144,135,9.606866836839242,1.259314767665506,0.1310848572227981,,,
torus_minus1,RGA Fall 2018 torus-1,2,2,4,8,2,2.5,2.248236282194849,0.15,0.2,0.1751819708846585,10.604,0.6162606739504454,0.4,0.6,0.5,144,162,153,6.190305478133319,0.7748282468817653,0.1251680146672526,,,
torus_minus1,RGA Fall 2018 torus-1,2,2,4,9,2,2.5,2.248236282194849,0.15,0.2,0.1751819708846585,10.604,0.6162606739504454,0.4,0.6,0.5,162,180,171,4.769233226489732,0.6655467176258127,0.1395500463112539,,,
torus_minus1,RGA Fall 2018 torus-1,2,2,4,10,2,2.5,2.248236282194849,0.15,0.2,0.1751819708846585,10.604,0.6162606739504454,0.4,0.6,0.5,180,198,189,4.497984647704603,0.8952250222110734,0.1990280297350329,,,
torus_minus1,RGA Fall 2018 torus-1,2,2,4,11,2,2.5,2.248236282194849,0.15,0.2,0.1751819708846585,10.604,0.6162606739504454,0.4,0.6,0.5,198,216,207,7.6039144596354,1.480665176538637,0.1947240706610518,,,
torus_minus1,RGA Fall 2018 torus-1,2,2,4,12,2,2.5,2.248236282194849,0.15,0.2,0.1751819708846585,10.604,0.6162606739504454,0.4,0.6,0.5,216,234,225,5.342862477227916,1.460872760896372,0.2734251100646575,,,
torus_minus1,RGA Fall 2018 torus-1,2,2,4,13,2,2.5,2.248236282194849,0.15,0.2,0.1751819708846585,10.604,0.6162606739504454,0.4,0.6,0.5,234,252,243,8.087550796895401,2.34464872763878,0.2899083772727374,,,
torus_minus1,RGA Fall 2018 torus-1,2,2,4,14,2,2.5,2.248236282194849,0.15,0.2,0.1751819708846585,10.604,0.6162606739504454,0.4,0.6,0.5,252,270,261,10.31208019554741,1.617621713321639,0.1568666731296468,,,
torus_minus1,RGA Fall 2018 torus-1,2,2,4,15,2,2.5,2.248236282194849,0.15,0.2,0.1751819708846585,10.604,0.6162606739504454,0.4,0.6,0.5,270,288,279,11.73184149770348,1.707726880053541,0.145563412222014,,,
torus_minus1,RGA Fall 2018 torus-1,2,2,4,16,2,2.5,2.248236282194849,0.15,0.2,0.1751819708846585,10.604,0.6162606739504454,0.4,0.6,0.5,288,306,297,11.60592380149512,2.248643229832247,0.1937496116890384,,,
torus_minus1,RGA Fall 2018 torus-1,2,2,4,17,2,2.5,2.248236282194849,0.15,0.2,0.1751819708846585,10.604,0.6162606739504454,0.4,0.6,0.5,306,324,315,7.288848992637303,1.568814367368691,0.2152348565532637,,,
torus_minus1,RGA Fall 2018 torus-1,2,2,4,18,2,2.5,2.248236282194849,0.15,0.2,0.1751819708846585,10.604,0.6162606739504454,0.4,0.6,0.5,324,342,333,8.148934252149386,1.426589521706321,0.1750645517025787,,,
torus_minus1,RGA Fall 2018 torus-1,2,2,4,19,2,2.5,2.248236282194849,0.15,0.2,0.1751819708846585,10.604,0.6162606739504454,0.4,0.6,0.5,342,360,351,5.418502866700908,1.230428202346588,0.2270789981321432,,,
torus_minus1,RGA Fall 2018 torus-1,2,2,5,1,2,2.5,2.248236282194849,0.15,0.2,0.1751819708846585,10.604,0.6162606739504454,0.6,1,0.8,18,36,27,2.413936034533109,0.5667604325853522,0.2347868479021119,,,
torus_minus1,RGA Fall 2018 torus-1,2,2,5,2,2,2.5,2.248236282194849,0.15,0.2,0.1751819708846585,10.604,0.6162606739504454,0.6,1,0.8,36,54,45,4.547788434197613,1.000110736580097,0.2199114473003297,,,
torus_minus1,RGA Fall 2018 torus-1,2,2,5,3,2,2.5,2.248236282194849,0.15,0.2,0.1751819708846585,10.604,0.6162606739504454,0.6,1,0.8,54,72,63,5.083527392582639,0.9082816453506483,0.1786715355711311,,,
torus_minus1,RGA Fall 2018 torus-1,2,2,5,4,2,2.5,2.248236282194849,0.15,0.2,0.1751819708846585,10.604,0.6162606739504454,0.6,1,0.8,72,90,81,6.481464196473117,1.45971689899611,0.2252140650241366,,,
torus_minus1,RGA Fall 2018 torus-1,2,2,5,5,2,2.5,2.248236282194849,0.15,0.2,0.1751819708846585,10.604,0.6162606739504454,0.6,1,0.8,90,108,99,3.692256816914231,1.255796271897966,0.3401161766822835,,,
torus_minus1,RGA Fall 2018 torus-1,2,2,5,6,2,2.5,2.248236282194849,0.15,0.2,0.1751819708846585,10.604,0.6162606739504454,0.6,1,0.8,108,126,117,6.391739024913927,0.9502324098615146,0.1486657083710189,,,
torus_minus1,RGA Fall 2018 torus-1,2,2,5,7,2,2.5,2.248236282194849,0.15,0.2,0.1751819708846585,10.604,0.6162606739504454,0.6,1,0.8,126,144,135,3.823089475961978,0.5810207118570214,0.1519767495660883,,,
torus_minus1,RGA Fall 2018 torus-1,2,2,5,8,2,2.5,2.248236282194849,0.15,0.2,0.1751819708846585,10.604,0.6162606739504454,0.6,1,0.8,144,162,153,4.304648089385266,0.5086826019999798,0.1181705429659462,,,
torus_minus1,RGA Fall 2018 torus-1,2,2,5,9,2,2.5,2.248236282194849,0.15,0.2,0.1751819708846585,10.604,0.6162606739504454,0.6,1,0.8,162,180,171,3.195762284174167,0.3976488206448779,0.1244300374324107,,,
torus_minus1,RGA Fall 2018 torus-1,2,2,5,10,2,2.5,2.248236282194849,0.15,0.2,0.1751819708846585,10.604,0.6162606739504454,0.6,1,0.8,180,198,189,2.91546570330564,0.5566406055469819,0.1909268234285338,,,
torus_minus1,RGA Fall 2018 torus-1,2,2,5,11,2,2.5,2.248236282194849,0.15,0.2,0.1751819708846585,10.604,0.6162606739504454,0.6,1,0.8,198,216,207,3.316918474770746,0.7369912674329193,0.2221915531052833,,,
torus_minus1,RGA Fall 2018 torus-1,2,2,5,12,2,2.5,2.248236282194849,0.15,0.2,0.1751819708846585,10.604,0.6162606739504454,0.6,1,0.8,216,234,225,2.181524953477732,0.5942558384974268,0.2724038693896575,,,
torus_minus1,RGA Fall 2018 torus-1,2,2,5,13,2,2.5,2.248236282194849,0.15,0.2,0.1751819708846585,10.604,0.6162606739504454,0.6,1,0.8,234,252,243,3.534484746973185,0.8425988281876012,0.2383936806939611,,,
torus_minus1,RGA Fall 2018 torus-1,2,2,5,14,2,2.5,2.248236282194849,0.15,0.2,0.1751819708846585,10.604,0.6162606739504454,0.6,1,0.8,252,270,261,6.255032497180622,0.7203501043967074,0.1151632872765084,,,
torus_minus1,RGA Fall 2018 torus-1,2,2,5,15,2,2.5,2.248236282194849,0.15,0.2,0.1751819708846585,10.604,0.6162606739504454,0.6,1,0.8,270,288,279,5.460493897092332,0.6275010418518979,0.1149165356976293,,,
torus_minus1,RGA Fall 2018 torus-1,2,2,5,16,2,2.5,2.248236282194849,0.15,0.2,0.1751819708846585,10.604,0.6162606739504454,0.6,1,0.8,288,306,297,6.083134568503246,0.8504505964978213,0.139804665986055,,,
torus_minus1,RGA Fall 2018 torus-1,2,2,5,17,2,2.5,2.248236282194849,0.15,0.2,0.1751819708846585,10.604,0.6162606739504454,0.6,1,0.8,306,324,315,4.066886762863358,1.003452158177671,0.2467371767861012,,,
torus_minus1,RGA Fall 2018 torus-1,2,2,5,18,2,2.5,2.248236282194849,0.15,0.2,0.1751819708846585,10.604,0.6162606739504454,0.6,1,0.8,324,342,333,2.571355914353897,0.5525663260150093,0.2148929764761298,,,
torus_minus1,RGA Fall 2018 torus-1,2,2,5,19,2,2.5,2.248236282194849,0.15,0.2,0.1751819708846585,10.604,0.6162606739504454,0.6,1,0.8,342,360,351,1.840791648995839,1.03302192134117,0.5611835114010264,,,
torus_minus1,RGA Fall 2018 torus-1,2,2,6,0,2,2.5,2.248236282194849,0.15,0.2,0.1751819708846585,10.604,0.6162606739504454,1,1.5,1.25,0,18,9,1.148041175780307,0.5994940062745862,0.522188592989375,,,
torus_minus1,RGA Fall 2018 torus-1,2,2,6,2,2,2.5,2.248236282194849,0.15,0.2,0.1751819708846585,10.604,0.6162606739504454,1,1.5,1.25,36,54,45,1.592323520362687,0.5804045671931866,0.3645016604797664,,,
torus_minus1,RGA Fall 2018 torus-1,2,2,6,3,2,2.5,2.248236282194849,0.15,0.2,0.1751819708846585,10.604,0.6162606739504454,1,1.5,1.25,54,72,63,3.249721015197953,0.5322586975864166,0.1637859665790402,,,
torus_minus1,RGA Fall 2018 torus-1,2,2,6,4,2,2.5,2.248236282194849,0.15,0.2,0.1751819708846585,10.604,0.6162606739504454,1,1.5,1.25,72,90,81,4.015022914875567,0.6938606588461438,0.172816114268092,,,
torus_minus1,RGA Fall 2018 torus-1,2,2,6,5,2,2.5,2.248236282194849,0.15,0.2,0.1751819708846585,10.604,0.6162606739504454,1,1.5,1.25,90,108,99,3.938024283683196,1.124642689733332,0.2855855141353938,,,
torus_minus1,RGA Fall 2018 torus-1,2,2,6,6,2,2.5,2.248236282194849,0.15,0.2,0.1751819708846585,10.604,0.6162606739504454,1,1.5,1.25,108,126,117,2.63948335027164,0.6784103542899124,0.2570239187983869,,,
torus_minus1,RGA Fall 2018 torus-1,2,2,6,7,2,2.5,2.248236282194849,0.15,0.2,0.1751819708846585,10.604,0.6162606739504454,1,1.5,1.25,126,144,135,2.515960843564256,0.6168692351418531,0.2451823670943783,,,
torus_minus1,RGA Fall 2018 torus-1,2,2,6,8,2,2.5,2.248236282194849,0.15,0.2,0.1751819708846585,10.604,0.6162606739504454,1,1.5,1.25,144,162,153,1.990591171134534,0.4025967739595376,0.2022498541124737,,,
torus_minus1,RGA Fall 2018 torus-1,2,2,6,9,2,2.5,2.248236282194849,0.15,0.2,0.1751819708846585,10.604,0.6162606739504454,1,1.5,1.25,162,180,171,1.294632660724334,0.2655385945619615,0.2051072884360845,,,
torus_minus1,RGA Fall 2018 torus-1,2,2,6,10,2,2.5,2.248236282194849,0.15,0.2,0.1751819708846585,10.604,0.6162606739504454,1,1.5,1.25,180,198,189,0.7599638262924922,0.2268010869594062,0.2984366875274347,,,
torus_minus1,RGA Fall 2018 torus-1,2,2,6,11,2,2.5,2.248236282194849,0.15,0.2,0.1751819708846585,10.604,0.6162606739504454,1,1.5,1.25,198,216,207,1.363946817131355,0.4515171822759045,0.3310372344469654,,,
torus_minus1,RGA Fall 2018 torus-1,2,2,6,12,2,2.5,2.248236282194849,0.15,0.2,0.1751819708846585,10.604,0.6162606739504454,1,1.5,1.25,216,234,225,2.646756160508288,0.8227159969546328,0.3108393622465913,,,
torus_minus1,RGA Fall 2018 torus-1,2,2,6,13,2,2.5,2.248236282194849,0.15,0.2,0.1751819708846585,10.604,0.6162606739504454,1,1.5,1.25,234,252,243,2.654075462665862,0.7005269565200979,0.2639438728755888,,,
torus_minus1,RGA Fall 2018 torus-1,2,2,6,14,2,2.5,2.248236282194849,0.15,0.2,0.1751819708846585,10.604,0.6162606739504454,1,1.5,1.25,252,270,261,3.193048842947027,0.4299645956939501,0.1346564418028489,,,
torus_minus1,RGA Fall 2018 torus-1,2,2,6,15,2,2.5,2.248236282194849,0.15,0.2,0.1751819708846585,10.604,0.6162606739504454,1,1.5,1.25,270,288,279,3.761044263383248,0.4685055234227121,0.1245679366190888,,,
torus_minus1,RGA Fall 2018 torus-1,2,2,6,16,2,2.5,2.248236282194849,0.15,0.2,0.1751819708846585,10.604,0.6162606739504454,1,1.5,1.25,288,306,297,2.927297528628342,0.4820623720122936,0.1646782970633586,,,
torus_minus1,RGA Fall 2018 torus-1,2,2,6,18,2,2.5,2.248236282194849,0.15,0.2,0.1751819708846585,10.604,0.6162606739504454,1,1.5,1.25,324,342,333,0.938617956041039,0.2769618815915655,0.2950741351249581,,,
torus_minus1,RGA Fall 2018 torus-1,2,2,6,19,2,2.5,2.248236282194849,0.15,0.2,0.1751819708846585,10.604,0.6162606739504454,1,1.5,1.25,342,360,351,0.7294097771993161,0.411141161679093,0.5636628059164964,,,
torus_minus1,RGA Fall 2018 torus-1,2,2,7,0,2,2.5,2.248236282194849,0.15,0.2,0.1751819708846585,10.604,0.6162606739504454,1.5,2,1.75,0,18,9,0.1281014842881487,0.1396910031508772,1.090471386238268,,,
torus_minus1,RGA Fall 2018 torus-1,2,2,7,2,2,2.5,2.248236282194849,0.15,0.2,0.1751819708846585,10.604,0.6162606739504454,1.5,2,1.75,36,54,45,0.1674508243962876,0.1956472580018909,1.168386352872613,,,
torus_minus1,RGA Fall 2018 torus-1,2,2,7,3,2,2.5,2.248236282194849,0.15,0.2,0.1751819708846585,10.604,0.6162606739504454,1.5,2,1.75,54,72,63,1.450056703765174,0.4239560451057963,0.2923720458689406,,,
torus_minus1,RGA Fall 2018 torus-1,2,2,7,4,2,2.5,2.248236282194849,0.15,0.2,0.1751819708846585,10.604,0.6162606739504454,1.5,2,1.75,72,90,81,2.118943082860342,0.5265251006719522,0.2484847775907226,,,
torus_minus1,RGA Fall 2018 torus-1,2,2,7,5,2,2.5,2.248236282194849,0.15,0.2,0.1751819708846585,10.604,0.6162606739504454,1.5,2,1.75,90,108,99,2.468792180414368,1.111667233861429,0.45028789489881,,,
torus_minus1,RGA Fall 2018 torus-1,2,2,7,6,2,2.5,2.248236282194849,0.15,0.2,0.1751819708846585,10.604,0.6162606739504454,1.5,2,1.75,108,126,117,0.9600511835940206,0.5324589285979717,0.5546151472931614,,,
torus_minus1,RGA Fall 2018 torus-1,2,2,7,7,2,2.5,2.248236282194849,0.15,0.2,0.1751819708846585,10.604,0.6162606739504454,1.5,2,1.75,126,144,135,1.113070622827467,0.3553994065448924,0.319296367414758,,,
torus_minus1,RGA Fall 2018 torus-1,2,2,7,8,2,2.5,2.248236282194849,0.15,0.2,0.1751819708846585,10.604,0.6162606739504454,1.5,2,1.75,144,162,153,1.068467726831705,0.270198609108439,0.2528842026044631,,,
torus_minus1,RGA Fall 2018 torus-1,2,2,7,9,2,2.5,2.248236282194849,0.15,0.2,0.1751819708846585,10.604,0.6162606739504454,1.5,2,1.75,162,180,171,0.3959885757168699,0.1173540476501796,0.2963571548440003,,,
torus_minus1,RGA Fall 2018 torus-1,2,2,7,10,2,2.5,2.248236282194849,0.15,0.2,0.1751819708846585,10.604,0.6162606739504454,1.5,2,1.75,180,198,189,0.3940593751110649,0.1471457499974958,0.3734100983031379,,,
torus_minus1,RGA Fall 2018 torus-1,2,2,7,11,2,2.5,2.248236282194849,0.15,0.2,0.1751819708846585,10.604,0.6162606739504454,1.5,2,1.75,198,216,207,0.7713908132879534,0.2736863959515338,0.3547960271719869,,,
torus_minus1,RGA Fall 2018 torus-1,2,2,7,12,2,2.5,2.248236282194849,0.15,0.2,0.1751819708846585,10.604,0.6162606739504454,1.5,2,1.75,216,234,225,0.539725158037156,0.3667123382508267,0.6794427363446737,,,
torus_minus1,RGA Fall 2018 torus-1,2,2,7,13,2,2.5,2.248236282194849,0.15,0.2,0.1751819708846585,10.604,0.6162606739504454,1.5,2,1.75,234,252,243,0.7134465411106637,0.394270475804174,0.5526279168589004,,,
torus_minus1,RGA Fall 2018 torus-1,2,2,7,14,2,2.5,2.248236282194849,0.15,0.2,0.1751819708846585,10.604,0.6162606739504454,1.5,2,1.75,252,270,261,1.65121239672563,0.3848641366084571,0.233079728187389,,,
torus_minus1,RGA Fall 2018 torus-1,2,2,7,15,2,2.5,2.248236282194849,0.15,0.2,0.1751819708846585,10.604,0.6162606739504454,1.5,2,1.75,270,288,279,2.52774655312979,0.4656191748160259,0.1842032676256678,,,
torus_minus1,RGA Fall 2018 torus-1,2,2,7,16,2,2.5,2.248236282194849,0.15,0.2,0.1751819708846585,10.604,0.6162606739504454,1.5,2,1.75,288,306,297,2.71493161009256,1.208517832982195,0.4451374865170149,,,
torus_minus1,RGA Fall 2018 torus-1,2,2,7,19,2,2.5,2.248236282194849,0.15,0.2,0.1751819708846585,10.604,0.6162606739504454,1.5,2,1.75,342,360,351,0.4733489385398484,0.2373176072449127,0.5013586974061299,,,
torus_minus1,RGA Fall 2018 torus-1,2,3,0,0,2,2.5,2.25,0.2,0.25,0.225,10.604,0.7832495555538929,0.09,0.15,0.12,0,18,9,14.1547944193493,7.026294309045965,0.4963897108559323,,,
torus_minus1,RGA Fall 2018 torus-1,2,3,0,1,2,2.5,2.25,0.2,0.25,0.225,10.604,0.7832495555538929,0.09,0.15,0.12,18,36,27,16.61191951186979,7.312851912290874,0.440217152934409,,,
torus_minus1,RGA Fall 2018 torus-1,2,3,0,2,2,2.5,2.25,0.2,0.25,0.225,10.604,0.7832495555538929,0.09,0.15,0.12,36,54,45,38.94462009406248,11.68427912423919,0.3000229324620008,,,
torus_minus1,RGA Fall 2018 torus-1,2,3,0,3,2,2.5,2.25,0.2,0.25,0.225,10.604,0.7832495555538929,0.09,0.15,0.12,54,72,63,33.6411570649957,16.38912586647209,0.4871748565249353,,,
torus_minus1,RGA Fall 2018 torus-1,2,3,0,18,2,2.5,2.25,0.2,0.25,0.225,10.604,0.7832495555538929,0.09,0.15,0.12,324,342,333,7.761651170494615,5.927362686298135,0.7636729036252747,,,
torus_minus1,RGA Fall 2018 torus-1,2,3,0,19,2,2.5,2.25,0.2,0.25,0.225,10.604,0.7832495555538929,0.09,0.15,0.12,342,360,351,19.91855668381604,8.893552586520064,0.4464958343967831,,,
torus_minus1,RGA Fall 2018 torus-1,2,3,1,0,2,2.5,2.25,0.2,0.25,0.225,10.604,0.7832495555538929,0.15,0.2,0.175,0,18,9,20.11947309522216,6.406170541892767,0.3184064767289588,,,
torus_minus1,RGA Fall 2018 torus-1,2,3,1,1,2,2.5,2.25,0.2,0.25,0.225,10.604,0.7832495555538929,0.15,0.2,0.175,18,36,27,16.03673436581065,4.38517720968373,0.2734457720415114,,,
torus_minus1,RGA Fall 2018 torus-1,2,3,1,2,2,2.5,2.25,0.2,0.25,0.225,10.604,0.7832495555538929,0.15,0.2,0.175,36,54,45,40.68139132395478,6.884092662176335,0.169219695741397,,,
torus_minus1,RGA Fall 2018 torus-1,2,3,1,3,2,2.5,2.25,0.2,0.25,0.225,10.604,0.7832495555538929,0.15,0.2,0.175,54,72,63,40.82595141447914,7.68534881004797,0.1882466554673438,,,
torus_minus1,RGA Fall 2018 torus-1,2,3,1,4,2,2.5,2.25,0.2,0.25,0.225,10.604,0.7832495555538929,0.15,0.2,0.175,72,90,81,53.00607524678921,11.01790615248384,0.2078611951778346,,,
torus_minus1,RGA Fall 2018 torus-1,2,3,1,5,2,2.5,2.25,0.2,0.25,0.225,10.604,0.7832495555538929,0.15,0.2,0.175,90,108,99,47.82188417449549,9.175976117270862,0.1918781803700788,,,
torus_minus1,RGA Fall 2018 torus-1,2,3,1,6,2,2.5,2.25,0.2,0.25,0.225,10.604,0.7832495555538929,0.15,0.2,0.175,108,126,117,52.72032546034766,16.74050591969234,0.3175341914814868,,,
torus_minus1,RGA Fall 2018 torus-1,2,3,1,15,2,2.5,2.25,0.2,0.25,0.225,10.604,0.7832495555538929,0.15,0.2,0.175,270,288,279,17.96580375867654,8.117033420594639,0.4518046356080529,,,
torus_minus1,RGA Fall 2018 torus-1,2,3,1,16,2,2.5,2.25,0.2,0.25,0.225,10.604,0.7832495555538929,0.15,0.2,0.175,288,306,297,24.65813125094062,11.96869110762735,0.4853851650729121,,,
torus_minus1,RGA Fall 2018 torus-1,2,3,1,17,2,2.5,2.25,0.2,0.25,0.225,10.604,0.7832495555538929,0.15,0.2,0.175,306,324,315,19.42612367169192,8.303754688579435,0.4274529921108147,,,
torus_minus1,RGA Fall 2018 torus-1,2,3,1,18,2,2.5,2.25,0.2,0.25,0.225,10.604,0.7832495555538929,0.15,0.2,0.175,324,342,333,18.75835030295275,6.335498383803635,0.3377428335372523,,,
torus_minus1,RGA Fall 2018 torus-1,2,3,1,19,2,2.5,2.25,0.2,0.25,0.225,10.604,0.7832495555538929,0.15,0.2,0.175,342,360,351,18.523796445523,6.03611431851572,0.3258573012431576,,,
torus_minus1,RGA Fall 2018 torus-1,2,3,2,0,2,2.5,2.25,0.2,0.25,0.225,10.604,0.7832495555538929,0.2,0.3,0.25,0,18,9,16.85934319695655,3.707734220545449,0.2199216290474928,,,
torus_minus1,RGA Fall 2018 torus-1,2,3,2,1,2,2.5,2.25,0.2,0.25,0.225,10.604,0.7832495555538929,0.2,0.3,0.25,18,36,27,16.10807017071729,3.549722839510779,0.2203692187760509,,,
torus_minus1,RGA Fall 2018 torus-1,2,3,2,2,2,2.5,2.25,0.2,0.25,0.225,10.604,0.7832495555538929,0.2,0.3,0.25,36,54,45,34.79508991761741,5.193902896247825,0.149271144536346,,,
torus_minus1,RGA Fall 2018 torus-1,2,3,2,3,2,2.5,2.25,0.2,0.25,0.225,10.604,0.7832495555538929,0.2,0.3,0.25,54,72,63,35.10789901684113,6.063839699858533,0.1727200963221904,,,
torus_minus1,RGA Fall 2018 torus-1,2,3,2,4,2,2.5,2.25,0.2,0.25,0.225,10.604,0.7832495555538929,0.2,0.3,0.25,72,90,81,37.55482130748692,5.787921548743044,0.1541192674398151,,,
torus_minus1,RGA Fall 2018 torus-1,2,3,2,5,2,2.5,2.25,0.2,0.25,0.225,10.604,0.7832495555538929,0.2,0.3,0.25,90,108,99,38.78618673952116,4.39946382933749,0.1134286249608204,,,
torus_minus1,RGA Fall 2018 torus-1,2,3,2,6,2,2.5,2.25,0.2,0.25,0.225,10.604,0.7832495555538929,0.2,0.3,0.25,108,126,117,38.04139795089515,4.528427797846684,0.1190394686255247,,,
torus_minus1,RGA Fall 2018 torus-1,2,3,2,7,2,2.5,2.25,0.2,0.25,0.225,10.604,0.7832495555538929,0.2,0.3,0.25,126,144,135,29.8846948136766,5.018476973599153,0.1679279980902622,,,
torus_minus1,RGA Fall 2018 torus-1,2,3,2,8,2,2.5,2.25,0.2,0.25,0.225,10.604,0.7832495555538929,0.2,0.3,0.25,144,162,153,19.58988504642692,4.076752198388384,0.2081049576721207,,,
torus_minus1,RGA Fall 2018 torus-1,2,3,2,9,2,2.5,2.25,0.2,0.25,0.225,10.604,0.7832495555538929,0.2,0.3,0.25,162,180,171,12.99982470872001,2.509748911514684,0.1930602117912557,,,
torus_minus1,RGA Fall 2018 torus-1,2,3,2,10,2,2.5,2.25,0.2,0.25,0.225,10.604,0.7832495555538929,0.2,0.3,0.25,180,198,189,9.477163131890615,2.89595049155367,0.3055714512087281,,,
torus_minus1,RGA Fall 2018 torus-1,2,3,2,11,2,2.5,2.25,0.2,0.25,0.225,10.604,0.7832495555538929,0.2,0.3,0.25,198,216,207,14.88768164250562,4.360729573893836,0.2929085722416025,,,
torus_minus1,RGA Fall 2018 torus-1,2,3,2,12,2,2.5,2.25,0.2,0.25,0.225,10.604,0.7832495555538929,0.2,0.3,0.25,216,234,225,21.94680977119747,4.251975924603391,0.1937400455433662,,,
torus_minus1,RGA Fall 2018 torus-1,2,3,2,13,2,2.5,2.25,0.2,0.25,0.225,10.604,0.7832495555538929,0.2,0.3,0.25,234,252,243,46.3438223445671,13.44101573590608,0.2900282077721578,,,
torus_minus1,RGA Fall 2018 torus-1,2,3,2,14,2,2.5,2.25,0.2,0.25,0.225,10.604,0.7832495555538929,0.2,0.3,0.25,252,270,261,46.91914721198393,12.86528734656576,0.2742012187143876,,,
torus_minus1,RGA Fall 2018 torus-1,2,3,2,15,2,2.5,2.25,0.2,0.25,0.225,10.604,0.7832495555538929,0.2,0.3,0.25,270,288,279,29.86360093320182,8.605287734297406,0.2881530513867201,,,
torus_minus1,RGA Fall 2018 torus-1,2,3,2,18,2,2.5,2.25,0.2,0.25,0.225,10.604,0.7832495555538929,0.2,0.3,0.25,324,342,333,24.57870828205213,9.767287281373829,0.3973881446205251,,,
torus_minus1,RGA Fall 2018 torus-1,2,3,2,19,2,2.5,2.25,0.2,0.25,0.225,10.604,0.7832495555538929,0.2,0.3,0.25,342,360,351,16.34339351916815,4.387996745388394,0.2684874925297482,,,
torus_minus1,RGA Fall 2018 torus-1,2,3,3,0,2,2.5,2.25,0.2,0.25,0.225,10.604,0.7832495555538929,0.3,0.4,0.35,0,18,9,9.160010927515547,3.048517633811675,0.3328072049187521,,,
torus_minus1,RGA Fall 2018 torus-1,2,3,3,1,2,2.5,2.25,0.2,0.25,0.225,10.604,0.7832495555538929,0.3,0.4,0.35,18,36,27,19.31278792693815,5.201575592338817,0.2693332320541602,,,
torus_minus1,RGA Fall 2018 torus-1,2,3,3,2,2,2.5,2.25,0.2,0.25,0.225,10.604,0.7832495555538929,0.3,0.4,0.35,36,54,45,32.02526952838124,7.560922420662295,0.2360923899160849,,,
torus_minus1,RGA Fall 2018 torus-1,2,3,3,3,2,2.5,2.25,0.2,0.25,0.225,10.604,0.7832495555538929,0.3,0.4,0.35,54,72,63,27.02892755046707,7.08452967183391,0.2621091665071072,,,
torus_minus1,RGA Fall 2018 torus-1,2,3,3,4,2,2.5,2.25,0.2,0.25,0.225,10.604,0.7832495555538929,0.3,0.4,0.35,72,90,81,34.00754030573414,8.181900104633504,0.2405907640210581,,,
torus_minus1,RGA Fall 2018 torus-1,2,3,3,5,2,2.5,2.25,0.2,0.25,0.225,10.604,0.7832495555538929,0.3,0.4,0.35,90,108,99,36.59092818583664,4.379489296538585,0.1196878437818303,,,
torus_minus1,RGA Fall 2018 torus-1,2,3,3,6,2,2.5,2.25,0.2,0.25,0.225,10.604,0.7832495555538929,0.3,0.4,0.35,108,126,117,29.70125245299228,3.514252181989558,0.1183199997222848,,,
torus_minus1,RGA Fall 2018 torus-1,2,3,3,7,2,2.5,2.25,0.2,0.25,0.225,10.604,0.7832495555538929,0.3,0.4,0.35,126,144,135,19.38507250615952,2.602906286681269,0.1342737452157688,,,
torus_minus1,RGA Fall 2018 torus-1,2,3,3,8,2,2.5,2.25,0.2,0.25,0.225,10.604,0.7832495555538929,0.3,0.4,0.35,144,162,153,14.52551178745507,2.578570681545632,0.1775201259189097,,,
torus_minus1,RGA Fall 2018 torus-1,2,3,3,9,2,2.5,2.25,0.2,0.25,0.225,10.604,0.7832495555538929,0.3,0.4,0.35,162,180,171,12.79671740527146,1.780300447307363,0.1391216505706369,,,
torus_minus1,RGA Fall 2018 torus-1,2,3,3,10,2,2.5,2.25,0.2,0.25,0.225,10.604,0.7832495555538929,0.3,0.4,0.35,180,198,189,10.35316129877196,1.68153047590811,0.1624171040499064,,,
torus_minus1,RGA Fall 2018 torus-1,2,3,3,11,2,2.5,2.25,0.2,0.25,0.225,10.604,0.7832495555538929,0.3,0.4,0.35,198,216,207,19.11516801911031,3.517764519187971,0.1840300077755582,,,
torus_minus1,RGA Fall 2018 torus-1,2,3,3,12,2,2.5,2.25,0.2,0.25,0.225,10.604,0.7832495555538929,0.3,0.4,0.35,216,234,225,17.06168986861344,3.123616704402527,0.1830778034565445,,,
torus_minus1,RGA Fall 2018 torus-1,2,3,3,13,2,2.5,2.25,0.2,0.25,0.225,10.604,0.7832495555538929,0.3,0.4,0.35,234,252,243,16.90788226858042,5.503562583960835,0.3255027741817196,,,
torus_minus1,RGA Fall 2018 torus-1,2,3,3,14,2,2.5,2.25,0.2,0.25,0.225,10.604,0.7832495555538929,0.3,0.4,0.35,252,270,261,15.83787444069252,6.509167441841932,0.410987438132343,,,
torus_minus1,RGA Fall 2018 torus-1,2,3,3,15,2,2.5,2.25,0.2,0.25,0.225,10.604,0.7832495555538929,0.3,0.4,0.35,270,288,279,37.20290984260034,17.59076172204977,0.4728329530263496,,,
torus_minus1,RGA Fall 2018 torus-1,2,3,3,19,2,2.5,2.25,0.2,0.25,0.225,10.604,0.7832495555538929,0.3,0.4,0.35,342,360,351,12.20370523002088,4.178876264060675,0.3424268437573141,,,
torus_minus1,RGA Fall 2018 torus-1,2,3,4,0,2,2.5,2.25,0.2,0.25,0.225,10.604,0.7832495555538929,0.4,0.6,0.5,0,18,9,12.34893243277735,2.452634219439573,0.198611032394155,,,
torus_minus1,RGA Fall 2018 torus-1,2,3,4,4,2,2.5,2.25,0.2,0.25,0.225,10.604,0.7832495555538929,0.4,0.6,0.5,72,90,81,18.75570223867391,5.970840089755216,0.3183479889888343,,,
torus_minus1,RGA Fall 2018 torus-1,2,3,4,5,2,2.5,2.25,0.2,0.25,0.225,10.604,0.7832495555538929,0.4,0.6,0.5,90,108,99,22.65298156918017,2.630968679739274,0.1161422690299964,,,
torus_minus1,RGA Fall 2018 torus-1,2,3,4,6,2,2.5,2.25,0.2,0.25,0.225,10.604,0.7832495555538929,0.4,0.6,0.5,108,126,117,21.09880059126458,1.948344006121106,0.09234382768316074,,,
torus_minus1,RGA Fall 2018 torus-1,2,3,4,7,2,2.5,2.25,0.2,0.25,0.225,10.604,0.7832495555538929,0.4,0.6,0.5,126,144,135,15.4454424514137,1.826717559818099,0.1182690340897875,,,
torus_minus1,RGA Fall 2018 torus-1,2,3,4,8,2,2.5,2.25,0.2,0.25,0.225,10.604,0.7832495555538929,0.4,0.6,0.5,144,162,153,9.860929887538333,1.157009194349053,0.1173326661424916,,,
torus_minus1,RGA Fall 2018 torus-1,2,3,4,9,2,2.5,2.25,0.2,0.25,0.225,10.604,0.7832495555538929,0.4,0.6,0.5,162,180,171,7.037731183079567,0.951364290641918,0.1351805384282411,,,
torus_minus1,RGA Fall 2018 torus-1,2,3,4,10,2,2.5,2.25,0.2,0.25,0.225,10.604,0.7832495555538929,0.4,0.6,0.5,180,198,189,7.176930056975322,0.9100752620389839,0.1268056473748791,,,
torus_minus1,RGA Fall 2018 torus-1,2,3,4,11,2,2.5,2.25,0.2,0.25,0.225,10.604,0.7832495555538929,0.4,0.6,0.5,198,216,207,8.987010688878174,1.301036653529177,0.1447685663865146,,,
torus_minus1,RGA Fall 2018 torus-1,2,3,4,12,2,2.5,2.25,0.2,0.25,0.225,10.604,0.7832495555538929,0.4,0.6,0.5,216,234,225,12.04954718778334,2.171038171496375,0.1801759134731239,,,
torus_minus1,RGA Fall 2018 torus-1,2,3,4,13,2,2.5,2.25,0.2,0.25,0.225,10.604,0.7832495555538929,0.4,0.6,0.5,234,252,243,14.50852628782452,3.689444890749881,0.2542949447488713,,,
torus_minus1,RGA Fall 2018 torus-1,2,3,4,14,2,2.5,2.25,0.2,0.25,0.225,10.604,0.7832495555538929,0.4,0.6,0.5,252,270,261,27.47962152697205,4.450157121913875,0.161943901503371,,,
torus_minus1,RGA Fall 2018 torus-1,2,3,4,15,2,2.5,2.25,0.2,0.25,0.225,10.604,0.7832495555538929,0.4,0.6,0.5,270,288,279,20.540024059675,3.058557974357917,0.1489072245228087,,,
torus_minus1,RGA Fall 2018 torus-1,2,3,4,16,2,2.5,2.25,0.2,0.25,0.225,10.604,0.7832495555538929,0.4,0.6,0.5,288,306,297,17.96685433406,3.477473453317716,0.1935493764607099,,,
torus_minus1,RGA Fall 2018 torus-1,2,3,4,17,2,2.5,2.25,0.2,0.25,0.225,10.604,0.7832495555538929,0.4,0.6,0.5,306,324,315,19.04913254143813,4.518981558405938,0.2372276820782083,,,
torus_minus1,RGA Fall 2018 torus-1,2,3,5,0,2,2.5,2.25,0.2,0.25,0.225,10.604,0.7832495555538929,0.6,1,0.8,0,18,9,2.982723113059892,0.7315144430821269,0.2452505362898693,,,
torus_minus1,RGA Fall 2018 torus-1,2,3,5,1,2,2.5,2.25,0.2,0.25,0.225,10.604,0.7832495555538929,0.6,1,0.8,18,36,27,4.316984053054973,2.270472143054184,0.5259394325182769,,,
torus_minus1,RGA Fall 2018 torus-1,2,3,5,2,2,2.5,2.25,0.2,0.25,0.225,10.604,0.7832495555538929,0.6,1,0.8,36,54,45,13.43630867858477,3.01783702055506,0.2246031326568873,,,
torus_minus1,RGA Fall 2018 torus-1,2,3,5,3,2,2.5,2.25,0.2,0.25,0.225,10.604,0.7832495555538929,0.6,1,0.8,54,72,63,10.47339850111244,1.781027442843253,0.170052485127352,,,
torus_minus1,RGA Fall 2018 torus-1,2,3,5,4,2,2.5,2.25,0.2,0.25,0.225,10.604,0.7832495555538929,0.6,1,0.8,72,90,81,8.759446310882094,1.813738992303727,0.2070609177717627,,,
torus_minus1,RGA Fall 2018 torus-1,2,3,5,5,2,2.5,2.25,0.2,0.25,0.225,10.604,0.7832495555538929,0.6,1,0.8,90,108,99,12.29440860771483,1.984453045929292,0.1614110209973039,,,
torus_minus1,RGA Fall 2018 torus-1,2,3,5,6,2,2.5,2.25,0.2,0.25,0.225,10.604,0.7832495555538929,0.6,1,0.8,108,126,117,12.24947161141879,1.601121448063109,0.1307094296680165,,,
torus_minus1,RGA Fall 2018 torus-1,2,3,5,7,2,2.5,2.25,0.2,0.25,0.225,10.604,0.7832495555538929,0.6,1,0.8,126,144,135,9.210442776033446,1.079554298890152,0.1172098155475508,,,
torus_minus1,RGA Fall 2018 torus-1,2,3,5,8,2,2.5,2.25,0.2,0.25,0.225,10.604,0.7832495555538929,0.6,1,0.8,144,162,153,6.697270892023974,0.6192403745177257,0.09246159883650545,,,
torus_minus1,RGA Fall 2018 torus-1,2,3,5,9,2,2.5,2.25,0.2,0.25,0.225,10.604,0.7832495555538929,0.6,1,0.8,162,180,171,5.616512603509842,0.6102058146522733,0.1086449648970692,,,
torus_minus1,RGA Fall 2018 torus-1,2,3,5,10,2,2.5,2.25,0.2,0.25,0.225,10.604,0.7832495555538929,0.6,1,0.8,180,198,189,5.492383931374383,0.6014918181128435,0.1095137968554812,,,
torus_minus1,RGA Fall 2018 torus-1,2,3,5,11,2,2.5,2.25,0.2,0.25,0.225,10.604,0.7832495555538929,0.6,1,0.8,198,216,207,6.243512600560329,0.759844994115661,0.1217015232815368,,,
torus_minus1,RGA Fall 2018 torus-1,2,3,5,12,2,2.5,2.25,0.2,0.25,0.225,10.604,0.7832495555538929,0.6,1,0.8,216,234,225,6.618099741649075,1.199631444402362,0.1812652409652929,,,
torus_minus1,RGA Fall 2018 torus-1,2,3,5,13,2,2.5,2.25,0.2,0.25,0.225,10.604,0.7832495555538929,0.6,1,0.8,234,252,243,7.188264545779228,1.680449391705366,0.233776787290346,,,
torus_minus1,RGA Fall 2018 torus-1,2,3,5,14,2,2.5,2.25,0.2,0.25,0.225,10.604,0.7832495555538929,0.6,1,0.8,252,270,261,15.71823075806039,1.758932508928563,0.1119039754538896,,,
torus_minus1,RGA Fall 2018 torus-1,2,3,5,15,2,2.5,2.25,0.2,0.25,0.225,10.604,0.7832495555538929,0.6,1,0.8,270,288,279,13.07380795280993,1.082624605743975,0.08280866673670916,,,
torus_minus1,RGA Fall 2018 torus-1,2,3,5,16,2,2.5,2.25,0.2,0.25,0.225,10.604,0.7832495555538929,0.6,1,0.8,288,306,297,14.57841644055626,1.330148822937903,0.09124096765664556,,,
torus_minus1,RGA Fall 2018 torus-1,2,3,5,17,2,2.5,2.25,0.2,0.25,0.225,10.604,0.7832495555538929,0.6,1,0.8,306,324,315,8.258607182324711,1.280789572228074,0.1550854210585598,,,
torus_minus1,RGA Fall 2018 torus-1,2,3,5,18,2,2.5,2.25,0.2,0.25,0.225,10.604,0.7832495555538929,0.6,1,0.8,324,342,333,6.129751296824272,1.436111294582697,0.2342854098055698,,,
torus_minus1,RGA Fall 2018 torus-1,2,3,5,19,2,2.5,2.25,0.2,0.25,0.225,10.604,0.7832495555538929,0.6,1,0.8,342,360,351,3.111008582660918,0.850318351722764,0.2733256206562655,,,
torus_minus1,RGA Fall 2018 torus-1,2,3,6,1,2,2.5,2.25,0.2,0.25,0.225,10.604,0.7832495555538929,1,1.5,1.25,18,36,27,1.458101108050122,0.6501589922952505,0.445894313299501,,,
torus_minus1,RGA Fall 2018 torus-1,2,3,6,2,2,2.5,2.25,0.2,0.25,0.225,10.604,0.7832495555538929,1,1.5,1.25,36,54,45,4.525038550278294,0.7733518855037034,0.1709050380258399,,,
torus_minus1,RGA Fall 2018 torus-1,2,3,6,3,2,2.5,2.25,0.2,0.25,0.225,10.604,0.7832495555538929,1,1.5,1.25,54,72,63,7.076106701021085,0.8173361253696989,0.1155064726838781,,,
torus_minus1,RGA Fall 2018 torus-1,2,3,6,4,2,2.5,2.25,0.2,0.25,0.225,10.604,0.7832495555538929,1,1.5,1.25,72,90,81,5.136124974775541,0.7493774409829348,0.145903272343112,,,
torus_minus1,RGA Fall 2018 torus-1,2,3,6,5,2,2.5,2.25,0.2,0.25,0.225,10.604,0.7832495555538929,1,1.5,1.25,90,108,99,7.346197770590793,1.421833120866207,0.1935468068336337,,,
torus_minus1,RGA Fall 2018 torus-1,2,3,6,6,2,2.5,2.25,0.2,0.25,0.225,10.604,0.7832495555538929,1,1.5,1.25,108,126,117,3.573769358909294,1.025127270862994,0.2868476300260911,,,
torus_minus1,RGA Fall 2018 torus-1,2,3,6,7,2,2.5,2.25,0.2,0.25,0.225,10.604,0.7832495555538929,1,1.5,1.25,126,144,135,3.377873722537367,0.5542680818711573,0.1640878633718747,,,
torus_minus1,RGA Fall 2018 torus-1,2,3,6,8,2,2.5,2.25,0.2,0.25,0.225,10.604,0.7832495555538929,1,1.5,1.25,144,162,153,3.308138141369732,0.3745994741197153,0.1132357411062081,,,
torus_minus1,RGA Fall 2018 torus-1,2,3,6,9,2,2.5,2.25,0.2,0.25,0.225,10.604,0.7832495555538929,1,1.5,1.25,162,180,171,3.295427008474919,0.411757032582304,0.1249480056828386,,,
torus_minus1,RGA Fall 2018 torus-1,2,3,6,10,2,2.5,2.25,0.2,0.25,0.225,10.604,0.7832495555538929,1,1.5,1.25,180,198,189,2.478622295864806,0.351453115917152,0.1417937361829984,,,
torus_minus1,RGA Fall 2018 torus-1,2,3,6,11,2,2.5,2.25,0.2,0.25,0.225,10.604,0.7832495555538929,1,1.5,1.25,198,216,207,4.54109718260369,0.6176513252555991,0.136013676963738,,,
torus_minus1,RGA Fall 2018 torus-1,2,3,6,12,2,2.5,2.25,0.2,0.25,0.225,10.604,0.7832495555538929,1,1.5,1.25,216,234,225,5.061532787794391,0.9555671088462371,0.1887900659560153,,,
torus_minus1,RGA Fall 2018 torus-1,2,3,6,13,2,2.5,2.25,0.2,0.25,0.225,10.604,0.7832495555538929,1,1.5,1.25,234,252,243,5.28706842439569,1.117332242496511,0.2113330399396565,,,
torus_minus1,RGA Fall 2018 torus-1,2,3,6,14,2,2.5,2.25,0.2,0.25,0.225,10.604,0.7832495555538929,1,1.5,1.25,252,270,261,8.175121857835331,0.969497341974453,0.1185911792917499,,,
torus_minus1,RGA Fall 2018 torus-1,2,3,6,15,2,2.5,2.25,0.2,0.25,0.225,10.604,0.7832495555538929,1,1.5,1.25,270,288,279,7.29998348631699,0.6667011362757979,0.09132912937754657,,,
torus_minus1,RGA Fall 2018 torus-1,2,3,6,16,2,2.5,2.25,0.2,0.25,0.225,10.604,0.7832495555538929,1,1.5,1.25,288,306,297,4.928759799289928,0.5723398611803789,0.1161224901369376,,,
torus_minus1,RGA Fall 2018 torus-1,2,3,6,17,2,2.5,2.25,0.2,0.25,0.225,10.604,0.7832495555538929,1,1.5,1.25,306,324,315,6.169825471952084,1.253129718734787,0.203106185812142,,,
torus_minus1,RGA Fall 2018 torus-1,2,3,6,18,2,2.5,2.25,0.2,0.25,0.225,10.604,0.7832495555538929,1,1.5,1.25,324,342,333,4.14111819090597,1.172081438805356,0.2830350124706135,,,
torus_minus1,RGA Fall 2018 torus-1,2,3,6,19,2,2.5,2.25,0.2,0.25,0.225,10.604,0.7832495555538929,1,1.5,1.25,342,360,351,2.725396615332706,0.9048271598916144,0.3319983428471224,,,
torus_minus1,RGA Fall 2018 torus-1,2,3,7,0,2,2.5,2.25,0.2,0.25,0.225,10.604,0.7832495555538929,1.5,2,1.75,0,18,9,0.3130433149395303,0.3235433791283502,1.033541889213792,,,
torus_minus1,RGA Fall 2018 torus-1,2,3,7,2,2,2.5,2.25,0.2,0.25,0.225,10.604,0.7832495555538929,1.5,2,1.75,36,54,45,1.991745897178726,0.5719662438142963,0.2871682801628846,,,
torus_minus1,RGA Fall 2018 torus-1,2,3,7,3,2,2.5,2.25,0.2,0.25,0.225,10.604,0.7832495555538929,1.5,2,1.75,54,72,63,3.64712340845601,0.5474942937796441,0.1501167447501928,,,
torus_minus1,RGA Fall 2018 torus-1,2,3,7,4,2,2.5,2.25,0.2,0.25,0.225,10.604,0.7832495555538929,1.5,2,1.75,72,90,81,3.067780114297381,0.5840990957232101,0.1903979665951343,,,
torus_minus1,RGA Fall 2018 torus-1,2,3,7,5,2,2.5,2.25,0.2,0.25,0.225,10.604,0.7832495555538929,1.5,2,1.75,90,108,99,3.253124967789498,0.804088270769883,0.2471741106571328,,,
torus_minus1,RGA Fall 2018 torus-1,2,3,7,6,2,2.5,2.25,0.2,0.25,0.225,10.604,0.7832495555538929,1.5,2,1.75,108,126,117,2.410795913835812,0.6904527588296925,0.2864003356182543,,,
torus_minus1,RGA Fall 2018 torus-1,2,3,7,7,2,2.5,2.25,0.2,0.25,0.225,10.604,0.7832495555538929,1.5,2,1.75,126,144,135,1.557788951069321,0.4074357100446206,0.2615474386083831,,,
torus_minus1,RGA Fall 2018 torus-1,2,3,7,8,2,2.5,2.25,0.2,0.25,0.225,10.604,0.7832495555538929,1.5,2,1.75,144,162,153,2.045255087448872,0.3302651479043797,0.1614787074390474,,,
torus_minus1,RGA Fall 2018 torus-1,2,3,7,9,2,2.5,2.25,0.2,0.25,0.225,10.604,0.7832495555538929,1.5,2,1.75,162,180,171,1.45904349344744,0.26071688952913,0.1786902794193653,,,
torus_minus1,RGA Fall 2018 torus-1,2,3,7,10,2,2.5,2.25,0.2,0.25,0.225,10.604,0.7832495555538929,1.5,2,1.75,180,198,189,1.969681660081121,0.3336292706044653,0.1693823308436171,,,
torus_minus1,RGA Fall 2018 torus-1,2,3,7,11,2,2.5,2.25,0.2,0.25,0.225,10.604,0.7832495555538929,1.5,2,1.75,198,216,207,1.188788325127426,0.2757098103840231,0.2319250656793502,,,
torus_minus1,RGA Fall 2018 torus-1,2,3,7,12,2,2.5,2.25,0.2,0.25,0.225,10.604,0.7832495555538929,1.5,2,1.75,216,234,225,2.562057314342213,0.672355446315885,0.2624279490361466,,,
torus_minus1,RGA Fall 2018 torus-1,2,3,7,13,2,2.5,2.25,0.2,0.25,0.225,10.604,0.7832495555538929,1.5,2,1.75,234,252,243,2.173359109908644,0.4120562777739827,0.1895941981678782,,,
torus_minus1,RGA Fall 2018 torus-1,2,3,7,14,2,2.5,2.25,0.2,0.25,0.225,10.604,0.7832495555538929,1.5,2,1.75,252,270,261,3.004375270352334,0.584264969863897,0.194471368350525,,,
torus_minus1,RGA Fall 2018 torus-1,2,3,7,15,2,2.5,2.25,0.2,0.25,0.225,10.604,0.7832495555538929,1.5,2,1.75,270,288,279,4.18465542118765,0.6649217671568808,0.1588952255878141,,,
torus_minus1,RGA Fall 2018 torus-1,2,3,7,16,2,2.5,2.25,0.2,0.25,0.225,10.604,0.7832495555538929,1.5,2,1.75,288,306,297,3.154527519815998,0.5742869109763258,0.182051640814287,,,
torus_minus1,RGA Fall 2018 torus-1,2,3,7,17,2,2.5,2.25,0.2,0.25,0.225,10.604,0.7832495555538929,1.5,2,1.75,306,324,315,1.447699139606878,0.8342193284134475,0.5762380494610083,,,
torus_minus1,RGA Fall 2018 torus-1,2,3,7,18,2,2.5,2.25,0.2,0.25,0.225,10.604,0.7832495555538929,1.5,2,1.75,324,342,333,2.606692006329213,1.334906045247773,0.5121073153278316,,,
torus_minus1,RGA Fall 2018 torus-1,2,3,7,19,2,2.5,2.25,0.2,0.25,0.225,10.604,0.7832495555538929,1.5,2,1.75,342,360,351,0.2584961555687736,0.289250396611118,1.118973688311439,,,
torus_minus1,RGA Fall 2018 torus-1,2,4,1,0,2,2.5,2.25,0.25,0.3,0.275,10.604,0.8606420663373128,0.15,0.2,0.175,0,18,9,25.94666063471549,6.130119789143409,0.2362585257288015,,,
torus_minus1,RGA Fall 2018 torus-1,2,4,1,1,2,2.5,2.25,0.25,0.3,0.275,10.604,0.8606420663373128,0.15,0.2,0.175,18,36,27,29.89963731759426,5.945115354753122,0.1988357013031311,,,
torus_minus1,RGA Fall 2018 torus-1,2,4,1,2,2,2.5,2.25,0.25,0.3,0.275,10.604,0.8606420663373128,0.15,0.2,0.175,36,54,45,49.53890672227806,8.324625813294288,0.1680421786448233,,,
torus_minus1,RGA Fall 2018 torus-1,2,4,1,3,2,2.5,2.25,0.25,0.3,0.275,10.604,0.8606420663373128,0.15,0.2,0.175,54,72,63,66.12967350473215,13.55204930255079,0.2049314412777347,,,
torus_minus1,RGA Fall 2018 torus-1,2,4,1,16,2,2.5,2.25,0.25,0.3,0.275,10.604,0.8606420663373128,0.15,0.2,0.175,288,306,297,65.49327031016203,26.87269991727318,0.4103123846161577,,,
torus_minus1,RGA Fall 2018 torus-1,2,4,1,17,2,2.5,2.25,0.25,0.3,0.275,10.604,0.8606420663373128,0.15,0.2,0.175,306,324,315,14.16930726285947,6.604892354092542,0.4661408092550339,,,
torus_minus1,RGA Fall 2018 torus-1,2,4,1,18,2,2.5,2.25,0.25,0.3,0.275,10.604,0.8606420663373128,0.15,0.2,0.175,324,342,333,30.38711119985855,6.160310209744444,0.2027277344406835,,,
torus_minus1,RGA Fall 2018 torus-1,2,4,1,19,2,2.5,2.25,0.25,0.3,0.275,10.604,0.8606420663373128,0.15,0.2,0.175,342,360,351,28.73788032706158,5.52583594529445,0.1922840474803892,,,
torus_minus1,RGA Fall 2018 torus-1,2,4,2,0,2,2.5,2.25,0.25,0.3,0.275,10.604,0.8606420663373128,0.2,0.3,0.25,0,18,9,30.55961610468958,4.236950232261334,0.1386454010988425,,,
torus_minus1,RGA Fall 2018 torus-1,2,4,2,1,2,2.5,2.25,0.25,0.3,0.275,10.604,0.8606420663373128,0.2,0.3,0.25,18,36,27,35.0563917560782,4.449293957743044,0.1269181947960064,,,
torus_minus1,RGA Fall 2018 torus-1,2,4,2,2,2,2.5,2.25,0.25,0.3,0.275,10.604,0.8606420663373128,0.2,0.3,0.25,36,54,45,38.54268782589649,4.194379760809321,0.1088242672580596,,,
torus_minus1,RGA Fall 2018 torus-1,2,4,2,3,2,2.5,2.25,0.25,0.3,0.275,10.604,0.8606420663373128,0.2,0.3,0.25,54,72,63,61.26869769807697,6.232324864900986,0.1017211904129733,,,
torus_minus1,RGA Fall 2018 torus-1,2,4,2,4,2,2.5,2.25,0.25,0.3,0.275,10.604,0.8606420663373128,0.2,0.3,0.25,72,90,81,72.23259110045394,10.59077391042727,0.1466204347522114,,,
torus_minus1,RGA Fall 2018 torus-1,2,4,2,5,2,2.5,2.25,0.25,0.3,0.275,10.604,0.8606420663373128,0.2,0.3,0.25,90,108,99,62.32708284433832,13.16483463052673,0.2112217358769359,,,
torus_minus1,RGA Fall 2018 torus-1,2,4,2,6,2,2.5,2.25,0.25,0.3,0.275,10.604,0.8606420663373128,0.2,0.3,0.25,108,126,117,48.56042804982588,6.49463879343535,0.1337434420217933,,,
torus_minus1,RGA Fall 2018 torus-1,2,4,2,7,2,2.5,2.25,0.25,0.3,0.275,10.604,0.8606420663373128,0.2,0.3,0.25,126,144,135,25.01121383390173,3.680004446999535,0.1471341803495931,,,
torus_minus1,RGA Fall 2018 torus-1,2,4,2,8,2,2.5,2.25,0.25,0.3,0.275,10.604,0.8606420663373128,0.2,0.3,0.25,144,162,153,12.19068951114781,3.202289359629026,0.2626832023488651,,,
torus_minus1,RGA Fall 2018 torus-1,2,4,2,9,2,2.5,2.25,0.25,0.3,0.275,10.604,0.8606420663373128,0.2,0.3,0.25,162,180,171,21.47582183740425,3.50678866483899,0.1632900799508053,,,
torus_minus1,RGA Fall 2018 torus-1,2,4,2,10,2,2.5,2.25,0.25,0.3,0.275,10.604,0.8606420663373128,0.2,0.3,0.25,180,198,189,13.82623257601539,3.030333369300107,0.2191727466350364,,,
torus_minus1,RGA Fall 2018 torus-1,2,4,2,11,2,2.5,2.25,0.25,0.3,0.275,10.604,0.8606420663373128,0.2,0.3,0.25,198,216,207,19.40808031184866,3.952180789898954,0.2036358427209384,,,
torus_minus1,RGA Fall 2018 torus-1,2,4,2,12,2,2.5,2.25,0.25,0.3,0.275,10.604,0.8606420663373128,0.2,0.3,0.25,216,234,225,24.46674147599823,4.103335775759525,0.1677107586960397,,,
torus_minus1,RGA Fall 2018 torus-1,2,4,2,13,2,2.5,2.25,0.25,0.3,0.275,10.604,0.8606420663373128,0.2,0.3,0.25,234,252,243,34.43112862958368,10.71337953731917,0.3111538878837128,,,
torus_minus1,RGA Fall 2018 torus-1,2,4,2,14,2,2.5,2.25,0.25,0.3,0.275,10.604,0.8606420663373128,0.2,0.3,0.25,252,270,261,38.07526985993599,9.464793487329738,0.2485811268612674,,,
torus_minus1,RGA Fall 2018 torus-1,2,4,2,15,2,2.5,2.25,0.25,0.3,0.275,10.604,0.8606420663373128,0.2,0.3,0.25,270,288,279,43.93718827681811,9.209999257326317,0.2096174019898684,,,
torus_minus1,RGA Fall 2018 torus-1,2,4,2,16,2,2.5,2.25,0.25,0.3,0.275,10.604,0.8606420663373128,0.2,0.3,0.25,288,306,297,45.07874671239043,10.9627066149656,0.243190137581007,,,
torus_minus1,RGA Fall 2018 torus-1,2,4,2,17,2,2.5,2.25,0.25,0.3,0.275,10.604,0.8606420663373128,0.2,0.3,0.25,306,324,315,17.168494292435,5.236426391490334,0.3050020754468653,,,
torus_minus1,RGA Fall 2018 torus-1,2,4,2,18,2,2.5,2.25,0.25,0.3,0.275,10.604,0.8606420663373128,0.2,0.3,0.25,324,342,333,30.73942860306362,5.261733919520327,0.171172144657104,,,
torus_minus1,RGA Fall 2018 torus-1,2,4,2,19,2,2.5,2.25,0.25,0.3,0.275,10.604,0.8606420663373128,0.2,0.3,0.25,342,360,351,30.60478501256334,4.334524087803729,0.1416289670397748,,,
torus_minus1,RGA Fall 2018 torus-1,2,4,3,0,2,2.5,2.25,0.25,0.3,0.275,10.604,0.8606420663373128,0.3,0.4,0.35,0,18,9,23.25954179012857,3.812468719846282,0.1639098806952554,,,
torus_minus1,RGA Fall 2018 torus-1,2,4,3,1,2,2.5,2.25,0.25,0.3,0.275,10.604,0.8606420663373128,0.3,0.4,0.35,18,36,27,29.49089206364449,4.664332510086317,0.1581617978872999,,,
torus_minus1,RGA Fall 2018 torus-1,2,4,3,2,2,2.5,2.25,0.25,0.3,0.275,10.604,0.8606420663373128,0.3,0.4,0.35,36,54,45,33.80855078802185,5.173084927133957,0.1530111408669652,,,
torus_minus1,RGA Fall 2018 torus-1,2,4,3,3,2,2.5,2.25,0.25,0.3,0.275,10.604,0.8606420663373128,0.3,0.4,0.35,54,72,63,55.88246622856053,7.092800837455554,0.1269235471542333,,,
torus_minus1,RGA Fall 2018 torus-1,2,4,3,4,2,2.5,2.25,0.25,0.3,0.275,10.604,0.8606420663373128,0.3,0.4,0.35,72,90,81,49.0166710325063,9.111791744126883,0.1858916885254046,,,
torus_minus1,RGA Fall 2018 torus-1,2,4,3,5,2,2.5,2.25,0.25,0.3,0.275,10.604,0.8606420663373128,0.3,0.4,0.35,90,108,99,73.16894912483457,9.76251436799711,0.1334242801730164,,,
torus_minus1,RGA Fall 2018 torus-1,2,4,3,6,2,2.5,2.25,0.25,0.3,0.275,10.604,0.8606420663373128,0.3,0.4,0.35,108,126,117,41.08404979346292,4.978936169212313,0.1211890306394414,,,
torus_minus1,RGA Fall 2018 torus-1,2,4,3,7,2,2.5,2.25,0.25,0.3,0.275,10.604,0.8606420663373128,0.3,0.4,0.35,126,144,135,28.50793693637617,2.645531252799291,0.0927998142658857,,,
torus_minus1,RGA Fall 2018 torus-1,2,4,3,8,2,2.5,2.25,0.25,0.3,0.275,10.604,0.8606420663373128,0.3,0.4,0.35,144,162,153,21.42853555917578,2.364603733592434,0.1103483589469977,,,
torus_minus1,RGA Fall 2018 torus-1,2,4,3,9,2,2.5,2.25,0.25,0.3,0.275,10.604,0.8606420663373128,0.3,0.4,0.35,162,180,171,18.3680920902293,2.197108334634688,0.1196154899399386,,,
torus_minus1,RGA Fall 2018 torus-1,2,4,3,10,2,2.5,2.25,0.25,0.3,0.275,10.604,0.8606420663373128,0.3,0.4,0.35,180,198,189,19.0647062647533,2.063446106041057,0.1082338262853775,,,
torus_minus1,RGA Fall 2018 torus-1,2,4,3,11,2,2.5,2.25,0.25,0.3,0.275,10.604,0.8606420663373128,0.3,0.4,0.35,198,216,207,26.88106415953725,3.541955391007465,0.1317639573339138,,,
torus_minus1,RGA Fall 2018 torus-1,2,4,3,12,2,2.5,2.25,0.25,0.3,0.275,10.604,0.8606420663373128,0.3,0.4,0.35,216,234,225,31.70628652774018,3.546469510281047,0.1118538277000115,,,
torus_minus1,RGA Fall 2018 torus-1,2,4,3,13,2,2.5,2.25,0.25,0.3,0.275,10.604,0.8606420663373128,0.3,0.4,0.35,234,252,243,26.02943264930586,4.383292990007554,0.1683975616781046,,,
torus_minus1,RGA Fall 2018 torus-1,2,4,3,14,2,2.5,2.25,0.25,0.3,0.275,10.604,0.8606420663373128,0.3,0.4,0.35,252,270,261,30.07583081571351,8.860025180198651,0.2945895405013921,,,
torus_minus1,RGA Fall 2018 torus-1,2,4,3,15,2,2.5,2.25,0.25,0.3,0.275,10.604,0.8606420663373128,0.3,0.4,0.35,270,288,279,49.35548088490496,11.59120092350265,0.2348513420532338,,,
torus_minus1,RGA Fall 2018 torus-1,2,4,3,16,2,2.5,2.25,0.25,0.3,0.275,10.604,0.8606420663373128,0.3,0.4,0.35,288,306,297,30.15303530446639,14.13148105846837,0.4686586579353475,,,
torus_minus1,RGA Fall 2018 torus-1,2,4,3,18,2,2.5,2.25,0.25,0.3,0.275,10.604,0.8606420663373128,0.3,0.4,0.35,324,342,333,21.90314416638953,6.911184373234747,0.315533894163012,,,
torus_minus1,RGA Fall 2018 torus-1,2,4,3,19,2,2.5,2.25,0.25,0.3,0.275,10.604,0.8606420663373128,0.3,0.4,0.35,342,360,351,21.53689744853465,4.022416432578361,0.1867686115045342,,,
torus_minus1,RGA Fall 2018 torus-1,2,4,4,0,2,2.5,2.25,0.25,0.3,0.275,10.604,0.8606420663373128,0.4,0.6,0.5,0,18,9,18.98758724034728,3.705895762632801,0.1951746536157071,,,
torus_minus1,RGA Fall 2018 torus-1,2,4,4,1,2,2.5,2.25,0.25,0.3,0.275,10.604,0.8606420663373128,0.4,0.6,0.5,18,36,27,14.98433092233009,3.462774530749655,0.2310930363656962,,,
torus_minus1,RGA Fall 2018 torus-1,2,4,4,2,2,2.5,2.25,0.25,0.3,0.275,10.604,0.8606420663373128,0.4,0.6,0.5,36,54,45,33.25864123007455,6.346075007007078,0.1908098097906826,,,
torus_minus1,RGA Fall 2018 torus-1,2,4,4,3,2,2.5,2.25,0.25,0.3,0.275,10.604,0.8606420663373128,0.4,0.6,0.5,54,72,63,56.84206904927778,9.50122131278747,0.1671512221793093,,,
torus_minus1,RGA Fall 2018 torus-1,2,4,4,4,2,2.5,2.25,0.25,0.3,0.275,10.604,0.8606420663373128,0.4,0.6,0.5,72,90,81,48.2331216117331,7.50230911822332,0.1555426824457972,,,
torus_minus1,RGA Fall 2018 torus-1,2,4,4,5,2,2.5,2.25,0.25,0.3,0.275,10.604,0.8606420663373128,0.4,0.6,0.5,90,108,99,38.4441335055914,4.916749264748033,0.1278933563174972,,,
torus_minus1,RGA Fall 2018 torus-1,2,4,4,6,2,2.5,2.25,0.25,0.3,0.275,10.604,0.8606420663373128,0.4,0.6,0.5,108,126,117,34.38005181864871,3.692611175675131,0.107405631473544,,,
torus_minus1,RGA Fall 2018 torus-1,2,4,4,7,2,2.5,2.25,0.25,0.3,0.275,10.604,0.8606420663373128,0.4,0.6,0.5,126,144,135,26.73099484587041,2.014592270678409,0.07536540567586236,,,
torus_minus1,RGA Fall 2018 torus-1,2,4,4,8,2,2.5,2.25,0.25,0.3,0.275,10.604,0.8606420663373128,0.4,0.6,0.5,144,162,153,17.63967777692068,1.497872246651482,0.08491494377585859,,,
torus_minus1,RGA Fall 2018 torus-1,2,4,4,9,2,2.5,2.25,0.25,0.3,0.275,10.604,0.8606420663373128,0.4,0.6,0.5,162,180,171,12.03317980296156,1.336258077002966,0.1110477944220605,,,
torus_minus1,RGA Fall 2018 torus-1,2,4,4,10,2,2.5,2.25,0.25,0.3,0.275,10.604,0.8606420663373128,0.4,0.6,0.5,180,198,189,12.0384543261108,1.148043577573902,0.09536469936043644,,,
torus_minus1,RGA Fall 2018 torus-1,2,4,4,11,2,2.5,2.25,0.25,0.3,0.275,10.604,0.8606420663373128,0.4,0.6,0.5,198,216,207,17.12045437364311,1.901097988465036,0.1110424961262577,,,
torus_minus1,RGA Fall 2018 torus-1,2,4,4,12,2,2.5,2.25,0.25,0.3,0.275,10.604,0.8606420663373128,0.4,0.6,0.5,216,234,225,23.29160027569406,2.653109857877515,0.1139084402305396,,,
torus_minus1,RGA Fall 2018 torus-1,2,4,4,13,2,2.5,2.25,0.25,0.3,0.275,10.604,0.8606420663373128,0.4,0.6,0.5,234,252,243,30.52415940797244,4.178981571001502,0.136907343299682,,,
torus_minus1,RGA Fall 2018 torus-1,2,4,4,14,2,2.5,2.25,0.25,0.3,0.275,10.604,0.8606420663373128,0.4,0.6,0.5,252,270,261,29.30288489090174,6.532895604565832,0.2229437691506693,,,
torus_minus1,RGA Fall 2018 torus-1,2,4,4,15,2,2.5,2.25,0.25,0.3,0.275,10.604,0.8606420663373128,0.4,0.6,0.5,270,288,279,36.68590964557099,6.677150805587122,0.1820085932200195,,,
torus_minus1,RGA Fall 2018 torus-1,2,4,4,16,2,2.5,2.25,0.25,0.3,0.275,10.604,0.8606420663373128,0.4,0.6,0.5,288,306,297,47.8514975638602,10.55225899965384,0.2205209771245158,,,
torus_minus1,RGA Fall 2018 torus-1,2,4,4,19,2,2.5,2.25,0.25,0.3,0.275,10.604,0.8606420663373128,0.4,0.6,0.5,342,360,351,18.16223043614248,4.081593102914101,0.224729727841786,,,
torus_minus1,RGA Fall 2018 torus-1,2,4,5,0,2,2.5,2.25,0.25,0.3,0.275,10.604,0.8606420663373128,0.6,1,0.8,0,18,9,9.045317023624536,1.785613440089413,0.1974075021832571,,,
torus_minus1,RGA Fall 2018 torus-1,2,4,5,2,2,2.5,2.25,0.25,0.3,0.275,10.604,0.8606420663373128,0.6,1,0.8,36,54,45,17.71410005081012,4.623271107015236,0.2609938463570888,,,
torus_minus1,RGA Fall 2018 torus-1,2,4,5,3,2,2.5,2.25,0.25,0.3,0.275,10.604,0.8606420663373128,0.6,1,0.8,54,72,63,16.82676225878159,2.766594363975842,0.1644163221318471,,,
torus_minus1,RGA Fall 2018 torus-1,2,4,5,4,2,2.5,2.25,0.25,0.3,0.275,10.604,0.8606420663373128,0.6,1,0.8,72,90,81,28.1265059760517,4.161381909896244,0.1479523234574338,,,
torus_minus1,RGA Fall 2018 torus-1,2,4,5,5,2,2.5,2.25,0.25,0.3,0.275,10.604,0.8606420663373128,0.6,1,0.8,90,108,99,25.20567509535775,3.508962221097951,0.1392131814689705,,,
torus_minus1,RGA Fall 2018 torus-1,2,4,5,6,2,2.5,2.25,0.25,0.3,0.275,10.604,0.8606420663373128,0.6,1,0.8,108,126,117,15.89699026768615,1.840143164129908,0.1157541857385653,,,
torus_minus1,RGA Fall 2018 torus-1,2,4,5,7,2,2.5,2.25,0.25,0.3,0.275,10.604,0.8606420663373128,0.6,1,0.8,126,144,135,13.68663161815657,1.135710725893653,0.08297956411620144,,,
torus_minus1,RGA Fall 2018 torus-1,2,4,5,8,2,2.5,2.25,0.25,0.3,0.275,10.604,0.8606420663373128,0.6,1,0.8,144,162,153,12.32425617165363,0.9030122985690637,0.07327113993670746,,,
torus_minus1,RGA Fall 2018 torus-1,2,4,5,9,2,2.5,2.25,0.25,0.3,0.275,10.604,0.8606420663373128,0.6,1,0.8,162,180,171,8.8207219377855,0.7587412965550009,0.08601804953229122,,,
torus_minus1,RGA Fall 2018 torus-1,2,4,5,10,2,2.5,2.25,0.25,0.3,0.275,10.604,0.8606420663373128,0.6,1,0.8,180,198,189,10.74610876521743,0.8597815184738801,0.08000863728987985,,,
torus_minus1,RGA Fall 2018 torus-1,2,4,5,11,2,2.5,2.25,0.25,0.3,0.275,10.604,0.8606420663373128,0.6,1,0.8,198,216,207,12.25101520061341,1.056709327415413,0.086254837669494,,,
torus_minus1,RGA Fall 2018 torus-1,2,4,5,12,2,2.5,2.25,0.25,0.3,0.275,10.604,0.8606420663373128,0.6,1,0.8,216,234,225,14.48017302888996,1.863589146422459,0.1286993700078265,,,
torus_minus1,RGA Fall 2018 torus-1,2,4,5,13,2,2.5,2.25,0.25,0.3,0.275,10.604,0.8606420663373128,0.6,1,0.8,234,252,243,9.145426834378231,1.64196341356344,0.1795392870446677,,,
torus_minus1,RGA Fall 2018 torus-1,2,4,5,14,2,2.5,2.25,0.25,0.3,0.275,10.604,0.8606420663373128,0.6,1,0.8,252,270,261,25.57621064103381,2.937040630661153,0.1148348624384975,,,
torus_minus1,RGA Fall 2018 torus-1,2,4,5,15,2,2.5,2.25,0.25,0.3,0.275,10.604,0.8606420663373128,0.6,1,0.8,270,288,279,22.67756768960114,1.856837833127475,0.08187993785501664,,,
torus_minus1,RGA Fall 2018 torus-1,2,4,5,16,2,2.5,2.25,0.25,0.3,0.275,10.604,0.8606420663373128,0.6,1,0.8,288,306,297,24.77301568434663,2.271329545795831,0.09168562982951729,,,
torus_minus1,RGA Fall 2018 torus-1,2,4,5,17,2,2.5,2.25,0.25,0.3,0.275,10.604,0.8606420663373128,0.6,1,0.8,306,324,315,17.71777835866887,2.214223861402699,0.1249718681755229,,,
torus_minus1,RGA Fall 2018 torus-1,2,4,5,18,2,2.5,2.25,0.25,0.3,0.275,10.604,0.8606420663373128,0.6,1,0.8,324,342,333,12.2204682625588,2.838834524393302,0.2323016158955998,,,
torus_minus1,RGA Fall 2018 torus-1,2,4,5,19,2,2.5,2.25,0.25,0.3,0.275,10.604,0.8606420663373128,0.6,1,0.8,342,360,351,7.145457616501399,1.841569960399406,0.2577259651147559,,,
torus_minus1,RGA Fall 2018 torus-1,2,4,6,0,2,2.5,2.25,0.25,0.3,0.275,10.604,0.8606420663373128,1,1.5,1.25,0,18,9,3.434003640198418,1.060709431930677,0.3088841897294521,,,
torus_minus1,RGA Fall 2018 torus-1,2,4,6,1,2,2.5,2.25,0.25,0.3,0.275,10.604,0.8606420663373128,1,1.5,1.25,18,36,27,4.427611394928906,1.567621417307839,0.3540557825610642,,,
torus_minus1,RGA Fall 2018 torus-1,2,4,6,2,2,2.5,2.25,0.25,0.3,0.275,10.604,0.8606420663373128,1,1.5,1.25,36,54,45,5.699903291804853,0.8730800424175824,0.1531745360790367,,,
torus_minus1,RGA Fall 2018 torus-1,2,4,6,3,2,2.5,2.25,0.25,0.3,0.275,10.604,0.8606420663373128,1,1.5,1.25,54,72,63,10.06501842932786,1.040326274383406,0.103360593096587,,,
torus_minus1,RGA Fall 2018 torus-1,2,4,6,4,2,2.5,2.25,0.25,0.3,0.275,10.604,0.8606420663373128,1,1.5,1.25,72,90,81,12.38294768652547,1.37091999989601,0.1107103118418064,,,
torus_minus1,RGA Fall 2018 torus-1,2,4,6,5,2,2.5,2.25,0.25,0.3,0.275,10.604,0.8606420663373128,1,1.5,1.25,90,108,99,8.408727681075309,2.020375182962283,0.2402712110072659,,,
torus_minus1,RGA Fall 2018 torus-1,2,4,6,6,2,2.5,2.25,0.25,0.3,0.275,10.604,0.8606420663373128,1,1.5,1.25,108,126,117,6.831771632966701,1.046400055891468,0.1531667204509686,,,
torus_minus1,RGA Fall 2018 torus-1,2,4,6,7,2,2.5,2.25,0.25,0.3,0.275,10.604,0.8606420663373128,1,1.5,1.25,126,144,135,6.665859670153176,0.8182368772319507,0.1227503904553617,,,
torus_minus1,RGA Fall 2018 torus-1,2,4,6,8,2,2.5,2.25,0.25,0.3,0.275,10.604,0.8606420663373128,1,1.5,1.25,144,162,153,6.163608398304309,0.5830930701405151,0.09460254975006717,,,
torus_minus1,RGA Fall 2018 torus-1,2,4,6,9,2,2.5,2.25,0.25,0.3,0.275,10.604,0.8606420663373128,1,1.5,1.25,162,180,171,5.005202259139836,0.5695974516845865,0.1138010857891833,,,
torus_minus1,RGA Fall 2018 torus-1,2,4,6,10,2,2.5,2.25,0.25,0.3,0.275,10.604,0.8606420663373128,1,1.5,1.25,180,198,189,5.779255524996977,0.6441642254615988,0.1114614542782196,,,
torus_minus1,RGA Fall 2018 torus-1,2,4,6,11,2,2.5,2.25,0.25,0.3,0.275,10.604,0.8606420663373128,1,1.5,1.25,198,216,207,6.091646494019061,0.7057473608396057,0.115854943574373,,,
torus_minus1,RGA Fall 2018 torus-1,2,4,6,12,2,2.5,2.25,0.25,0.3,0.275,10.604,0.8606420663373128,1,1.5,1.25,216,234,225,5.702089175395482,1.080191448118528,0.1894378384644622,,,
torus_minus1,RGA Fall 2018 torus-1,2,4,6,13,2,2.5,2.25,0.25,0.3,0.275,10.604,0.8606420663373128,1,1.5,1.25,234,252,243,6.957410671099221,1.031342963887398,0.148236608796366,,,
torus_minus1,RGA Fall 2018 torus-1,2,4,6,14,2,2.5,2.25,0.25,0.3,0.275,10.604,0.8606420663373128,1,1.5,1.25,252,270,261,12.67812772739199,1.260349770889309,0.09941134826763376,,,
torus_minus1,RGA Fall 2018 torus-1,2,4,6,15,2,2.5,2.25,0.25,0.3,0.275,10.604,0.8606420663373128,1,1.5,1.25,270,288,279,13.60935045472762,1.139272795718741,0.08371250336366939,,,
torus_minus1,RGA Fall 2018 torus-1,2,4,6,16,2,2.5,2.25,0.25,0.3,0.275,10.604,0.8606420663373128,1,1.5,1.25,288,306,297,11.04064985120077,1.056258282503675,0.09566993761592733,,,
torus_minus1,RGA Fall 2018 torus-1,2,4,6,17,2,2.5,2.25,0.25,0.3,0.275,10.604,0.8606420663373128,1,1.5,1.25,306,324,315,7.466303555685667,0.9839179165287963,0.1317811296032201,,,
torus_minus1,RGA Fall 2018 torus-1,2,4,6,18,2,2.5,2.25,0.25,0.3,0.275,10.604,0.8606420663373128,1,1.5,1.25,324,342,333,5.967017887215285,1.366696478343183,0.2290417934344419,,,
torus_minus1,RGA Fall 2018 torus-1,2,4,6,19,2,2.5,2.25,0.25,0.3,0.275,10.604,0.8606420663373128,1,1.5,1.25,342,360,351,1.789682697254497,0.6202328108972536,0.3465602097225031,,,
torus_minus1,RGA Fall 2018 torus-1,2,4,7,0,2,2.5,2.25,0.25,0.3,0.275,10.604,0.8606420663373128,1.5,2,1.75,0,18,9,0.8446607349972839,0.6507677192682101,0.770448645597694,,,
torus_minus1,RGA Fall 2018 torus-1,2,4,7,2,2,2.5,2.25,0.25,0.3,0.275,10.604,0.8606420663373128,1.5,2,1.75,36,54,45,1.94130451675074,0.5210130981948516,0.2683829835552526,,,
torus_minus1,RGA Fall 2018 torus-1,2,4,7,3,2,2.5,2.25,0.25,0.3,0.275,10.604,0.8606420663373128,1.5,2,1.75,54,72,63,4.637678314422458,0.5989002595057804,0.1291379476759511,,,
torus_minus1,RGA Fall 2018 torus-1,2,4,7,4,2,2.5,2.25,0.25,0.3,0.275,10.604,0.8606420663373128,1.5,2,1.75,72,90,81,5.681907316526075,0.9289016379076438,0.1634841235804556,,,
torus_minus1,RGA Fall 2018 torus-1,2,4,7,5,2,2.5,2.25,0.25,0.3,0.275,10.604,0.8606420663373128,1.5,2,1.75,90,108,99,3.929907946859746,0.9469998380389862,0.2409725242535773,,,
torus_minus1,RGA Fall 2018 torus-1,2,4,7,6,2,2.5,2.25,0.25,0.3,0.275,10.604,0.8606420663373128,1.5,2,1.75,108,126,117,4.42794834409369,0.9232836752524389,0.2085127475536113,,,
torus_minus1,RGA Fall 2018 torus-1,2,4,7,7,2,2.5,2.25,0.25,0.3,0.275,10.604,0.8606420663373128,1.5,2,1.75,126,144,135,2.591138340379427,0.5874986781257178,0.226733813849433,,,
torus_minus1,RGA Fall 2018 torus-1,2,4,7,8,2,2.5,2.25,0.25,0.3,0.275,10.604,0.8606420663373128,1.5,2,1.75,144,162,153,2.595656953277542,0.5516369681993253,0.2125230637672563,,,
torus_minus1,RGA Fall 2018 torus-1,2,4,7,9,2,2.5,2.25,0.25,0.3,0.275,10.604,0.8606420663373128,1.5,2,1.75,162,180,171,2.629802391471316,0.5337846275097419,0.2029751852233662,,,
torus_minus1,RGA Fall 2018 torus-1,2,4,7,10,2,2.5,2.25,0.25,0.3,0.275,10.604,0.8606420663373128,1.5,2,1.75,180,198,189,3.466471097980838,0.7955737503360722,0.2295053753078976,,,
torus_minus1,RGA Fall 2018 torus-1,2,4,7,11,2,2.5,2.25,0.25,0.3,0.275,10.604,0.8606420663373128,1.5,2,1.75,198,216,207,2.323356623778542,0.4851888375814684,0.2088309786865143,,,
torus_minus1,RGA Fall 2018 torus-1,2,4,7,12,2,2.5,2.25,0.25,0.3,0.275,10.604,0.8606420663373128,1.5,2,1.75,216,234,225,3.08920424009087,0.7110384109255641,0.2301687928877919,,,
torus_minus1,RGA Fall 2018 torus-1,2,4,7,13,2,2.5,2.25,0.25,0.3,0.275,10.604,0.8606420663373128,1.5,2,1.75,234,252,243,4.110612917498309,0.6848024473990423,0.1665937564891925,,,
torus_minus1,RGA Fall 2018 torus-1,2,4,7,14,2,2.5,2.25,0.25,0.3,0.275,10.604,0.8606420663373128,1.5,2,1.75,252,270,261,5.439915273429638,0.8526106190448181,0.1567323342716849,,,
torus_minus1,RGA Fall 2018 torus-1,2,4,7,15,2,2.5,2.25,0.25,0.3,0.275,10.604,0.8606420663373128,1.5,2,1.75,270,288,279,5.195509282011802,0.8183880423465465,0.1575183486208018,,,
torus_minus1,RGA Fall 2018 torus-1,2,4,7,16,2,2.5,2.25,0.25,0.3,0.275,10.604,0.8606420663373128,1.5,2,1.75,288,306,297,4.383697409993883,0.6814439663153145,0.1554495902846235,,,
torus_minus1,RGA Fall 2018 torus-1,2,4,7,17,2,2.5,2.25,0.25,0.3,0.275,10.604,0.8606420663373128,1.5,2,1.75,306,324,315,4.16473775720698,1.553109527624873,0.3729189250721137,,,
torus_minus1,RGA Fall 2018 torus-1,2,4,7,19,2,2.5,2.25,0.25,0.3,0.275,10.604,0.8606420663373128,1.5,2,1.75,342,360,351,2.036113800993555,0.8302444978616813,0.4077593784082943,,,
torus_minus1,RGA Fall 2018 torus-1,2,5,1,0,2,2.5,2.248709896452215,0.3,0.38,0.3356822271261246,10.604,0.9080501201049564,0.15,0.2,0.175,0,18,9,69.17936292927796,20.07821832797087,0.2902342183823929,,,
torus_minus1,RGA Fall 2018 torus-1,2,5,1,1,2,2.5,2.248709896452215,0.3,0.38,0.3356822271261246,10.604,0.9080501201049564,0.15,0.2,0.175,18,36,27,41.78012732218826,16.3624884291594,0.3916332830433893,,,
torus_minus1,RGA Fall 2018 torus-1,2,5,1,18,2,2.5,2.248709896452215,0.3,0.38,0.3356822271261246,10.604,0.9080501201049564,0.15,0.2,0.175,324,342,333,88.1079579029217,30.74863973740328,0.3489882238705664,,,
torus_minus1,RGA Fall 2018 torus-1,2,5,1,19,2,2.5,2.248709896452215,0.3,0.38,0.3356822271261246,10.604,0.9080501201049564,0.15,0.2,0.175,342,360,351,76.02474986998735,19.82237413909719,0.2607358021301766,,,
torus_minus1,RGA Fall 2018 torus-1,2,5,2,0,2,2.5,2.25,0.3,0.38,0.34,10.604,0.9102640176705501,0.2,0.3,0.25,0,18,9,44.59986602480024,4.970396893069386,0.1114442112966336,,,
torus_minus1,RGA Fall 2018 torus-1,2,5,2,1,2,2.5,2.25,0.3,0.38,0.34,10.604,0.9102640176705501,0.2,0.3,0.25,18,36,27,62.91106424663004,5.697589815484712,0.09056578335964036,,,
torus_minus1,RGA Fall 2018 torus-1,2,5,2,2,2,2.5,2.25,0.3,0.38,0.34,10.604,0.9102640176705501,0.2,0.3,0.25,36,54,45,79.54994763431921,6.725107829765071,0.08453943754532083,,,
torus_minus1,RGA Fall 2018 torus-1,2,5,2,3,2,2.5,2.25,0.3,0.38,0.34,10.604,0.9102640176705501,0.2,0.3,0.25,54,72,63,100.2900421670615,9.857284287585728,0.09828776690676454,,,
torus_minus1,RGA Fall 2018 torus-1,2,5,2,4,2,2.5,2.25,0.3,0.38,0.34,10.604,0.9102640176705501,0.2,0.3,0.25,72,90,81,56.47092786996875,6.888501445299486,0.1219831461094655,,,
torus_minus1,RGA Fall 2018 torus-1,2,5,2,5,2,2.5,2.25,0.3,0.38,0.34,10.604,0.9102640176705501,0.2,0.3,0.25,90,108,99,52.42119100309588,6.137098244450892,0.1170728502541739,,,
torus_minus1,RGA Fall 2018 torus-1,2,5,2,6,2,2.5,2.25,0.3,0.38,0.34,10.604,0.9102640176705501,0.2,0.3,0.25,108,126,117,53.01230588673039,8.103081824414524,0.1528528459359626,,,
torus_minus1,RGA Fall 2018 torus-1,2,5,2,7,2,2.5,2.25,0.3,0.38,0.34,10.604,0.9102640176705501,0.2,0.3,0.25,126,144,135,39.37965684306419,6.942526045109717,0.1762972712732636,,,
torus_minus1,RGA Fall 2018 torus-1,2,5,2,8,2,2.5,2.25,0.3,0.38,0.34,10.604,0.9102640176705501,0.2,0.3,0.25,144,162,153,32.54807694449201,12.04381919532541,0.3700316677960767,,,
torus_minus1,RGA Fall 2018 torus-1,2,5,2,12,2,2.5,2.25,0.3,0.38,0.34,10.604,0.9102640176705501,0.2,0.3,0.25,216,234,225,53.08434244512098,9.354451159289287,0.1762186499523846,,,
torus_minus1,RGA Fall 2018 torus-1,2,5,2,13,2,2.5,2.25,0.3,0.38,0.34,10.604,0.9102640176705501,0.2,0.3,0.25,234,252,243,54.74222023768588,8.956502861079882,0.1636123420312793,,,
torus_minus1,RGA Fall 2018 torus-1,2,5,2,14,2,2.5,2.25,0.3,0.38,0.34,10.604,0.9102640176705501,0.2,0.3,0.25,252,270,261,57.70993741385989,7.675617731157774,0.1330033972505117,,,
torus_minus1,RGA Fall 2018 torus-1,2,5,2,15,2,2.5,2.25,0.3,0.38,0.34,10.604,0.9102640176705501,0.2,0.3,0.25,270,288,279,54.2721436578375,9.294534709602733,0.1712579250268936,,,
torus_minus1,RGA Fall 2018 torus-1,2,5,2,16,2,2.5,2.25,0.3,0.38,0.34,10.604,0.9102640176705501,0.2,0.3,0.25,288,306,297,82.5884735468254,15.60436926229949,0.1889412479993621,,,
torus_minus1,RGA Fall 2018 torus-1,2,5,2,17,2,2.5,2.25,0.3,0.38,0.34,10.604,0.9102640176705501,0.2,0.3,0.25,306,324,315,65.06270055447581,9.081964186822145,0.1395878761475322,,,
torus_minus1,RGA Fall 2018 torus-1,2,5,2,18,2,2.5,2.25,0.3,0.38,0.34,10.604,0.9102640176705501,0.2,0.3,0.25,324,342,333,46.14985234442693,4.901521922841375,0.1062088321813078,,,
torus_minus1,RGA Fall 2018 torus-1,2,5,2,19,2,2.5,2.25,0.3,0.38,0.34,10.604,0.9102640176705501,0.2,0.3,0.25,342,360,351,53.19388168008054,5.037748255219833,0.09470540776696719,,,
torus_minus1,RGA Fall 2018 torus-1,2,5,3,0,2,2.5,2.25,0.3,0.38,0.34,10.604,0.9102640176705501,0.3,0.4,0.35,0,18,9,46.92930145396165,4.415671554289297,0.09409199407370547,,,
torus_minus1,RGA Fall 2018 torus-1,2,5,3,1,2,2.5,2.25,0.3,0.38,0.34,10.604,0.9102640176705501,0.3,0.4,0.35,18,36,27,53.60280629588107,5.449118049417903,0.1016573277775687,,,
torus_minus1,RGA Fall 2018 torus-1,2,5,3,2,2,2.5,2.25,0.3,0.38,0.34,10.604,0.9102640176705501,0.3,0.4,0.35,36,54,45,59.08492367595177,5.470162384715802,0.09258135653549501,,,
torus_minus1,RGA Fall 2018 torus-1,2,5,3,3,2,2.5,2.25,0.3,0.38,0.34,10.604,0.9102640176705501,0.3,0.4,0.35,54,72,63,79.46472381932239,6.939992497030141,0.08733425554727259,,,
torus_minus1,RGA Fall 2018 torus-1,2,5,3,4,2,2.5,2.25,0.3,0.38,0.34,10.604,0.9102640176705501,0.3,0.4,0.35,72,90,81,74.48104899275266,7.052088937956376,0.09468299699488088,,,
torus_minus1,RGA Fall 2018 torus-1,2,5,3,5,2,2.5,2.25,0.3,0.38,0.34,10.604,0.9102640176705501,0.3,0.4,0.35,90,108,99,59.15927706834607,5.050382204721362,0.08536923463224053,,,
torus_minus1,RGA Fall 2018 torus-1,2,5,3,6,2,2.5,2.25,0.3,0.38,0.34,10.604,0.9102640176705501,0.3,0.4,0.35,108,126,117,52.48162620746486,4.098741520676752,0.07809859977421502,,,
torus_minus1,RGA Fall 2018 torus-1,2,5,3,7,2,2.5,2.25,0.3,0.38,0.34,10.604,0.9102640176705501,0.3,0.4,0.35,126,144,135,43.83900720154,3.849173407556679,0.08780247668157648,,,
torus_minus1,RGA Fall 2018 torus-1,2,5,3,8,2,2.5,2.25,0.3,0.38,0.34,10.604,0.9102640176705501,0.3,0.4,0.35,144,162,153,39.41053938348578,3.961936175270351,0.100529864276116,,,
torus_minus1,RGA Fall 2018 torus-1,2,5,3,9,2,2.5,2.25,0.3,0.38,0.34,10.604,0.9102640176705501,0.3,0.4,0.35,162,180,171,26.64193359474239,3.911226513222058,0.1468071564443022,,,
torus_minus1,RGA Fall 2018 torus-1,2,5,3,10,2,2.5,2.25,0.3,0.38,0.34,10.604,0.9102640176705501,0.3,0.4,0.35,180,198,189,22.79384272657121,3.193609746760461,0.1401084400322553,,,
torus_minus1,RGA Fall 2018 torus-1,2,5,3,11,2,2.5,2.25,0.3,0.38,0.34,10.604,0.9102640176705501,0.3,0.4,0.35,198,216,207,36.98715310163678,3.911493866887252,0.1057527692423064,,,
torus_minus1,RGA Fall 2018 torus-1,2,5,3,12,2,2.5,2.25,0.3,0.38,0.34,10.604,0.9102640176705501,0.3,0.4,0.35,216,234,225,47.59337185175566,4.152254579924132,0.08724438757685879,,,
torus_minus1,RGA Fall 2018 torus-1,2,5,3,13,2,2.5,2.25,0.3,0.38,0.34,10.604,0.9102640176705501,0.3,0.4,0.35,234,252,243,49.0361265824375,5.263525203139833,0.1073397425526874,,,
torus_minus1,RGA Fall 2018 torus-1,2,5,3,14,2,2.5,2.25,0.3,0.38,0.34,10.604,0.9102640176705501,0.3,0.4,0.35,252,270,261,65.91427189352997,7.070947504655654,0.1072749087796527,,,
torus_minus1,RGA Fall 2018 torus-1,2,5,3,15,2,2.5,2.25,0.3,0.38,0.34,10.604,0.9102640176705501,0.3,0.4,0.35,270,288,279,55.00608042402838,8.401595885766582,0.1527394030078264,,,
torus_minus1,RGA Fall 2018 torus-1,2,5,3,16,2,2.5,2.25,0.3,0.38,0.34,10.604,0.9102640176705501,0.3,0.4,0.35,288,306,297,49.43988037963749,9.941076633928837,0.2010740430113017,,,
torus_minus1,RGA Fall 2018 torus-1,2,5,3,17,2,2.5,2.25,0.3,0.38,0.34,10.604,0.9102640176705501,0.3,0.4,0.35,306,324,315,67.68999525667985,10.64339647422747,0.1572373647518781,,,
torus_minus1,RGA Fall 2018 torus-1,2,5,3,18,2,2.5,2.25,0.3,0.38,0.34,10.604,0.9102640176705501,0.3,0.4,0.35,324,342,333,43.75628266216191,4.862182446138243,0.1111196415764724,,,
torus_minus1,RGA Fall 2018 torus-1,2,5,3,19,2,2.5,2.25,0.3,0.38,0.34,10.604,0.9102640176705501,0.3,0.4,0.35,342,360,351,37.00427596588089,3.953800979858791,0.1068471379768198,,,
torus_minus1,RGA Fall 2018 torus-1,2,5,4,0,2,2.5,2.25,0.3,0.38,0.34,10.604,0.9102640176705501,0.4,0.6,0.5,0,18,9,27.99216348545618,2.421757567220169,0.08651555527240459,,,
torus_minus1,RGA Fall 2018 torus-1,2,5,4,1,2,2.5,2.25,0.3,0.38,0.34,10.604,0.9102640176705501,0.4,0.6,0.5,18,36,27,39.85472648184979,3.800189134573082,0.0953510278461884,,,
torus_minus1,RGA Fall 2018 torus-1,2,5,4,2,2,2.5,2.25,0.3,0.38,0.34,10.604,0.9102640176705501,0.4,0.6,0.5,36,54,45,52.12270806492347,4.205550371572394,0.08068556925964029,,,
torus_minus1,RGA Fall 2018 torus-1,2,5,4,3,2,2.5,2.25,0.3,0.38,0.34,10.604,0.9102640176705501,0.4,0.6,0.5,54,72,63,60.38697202006261,4.861273503480122,0.08050202454040983,,,
torus_minus1,RGA Fall 2018 torus-1,2,5,4,4,2,2.5,2.25,0.3,0.38,0.34,10.604,0.9102640176705501,0.4,0.6,0.5,72,90,81,69.92155363154691,6.329423961020963,0.09052178666358007,,,
torus_minus1,RGA Fall 2018 torus-1,2,5,4,5,2,2.5,2.25,0.3,0.38,0.34,10.604,0.9102640176705501,0.4,0.6,0.5,90,108,99,65.10809005830937,4.584153785893348,0.07040835911156174,,,
torus_minus1,RGA Fall 2018 torus-1,2,5,4,6,2,2.5,2.25,0.3,0.38,0.34,10.604,0.9102640176705501,0.4,0.6,0.5,108,126,117,50.68050411649016,2.921512279235904,0.05764568309187985,,,
torus_minus1,RGA Fall 2018 torus-1,2,5,4,7,2,2.5,2.25,0.3,0.38,0.34,10.604,0.9102640176705501,0.4,0.6,0.5,126,144,135,44.35063349094317,2.862094352583338,0.06453333644417515,,,
torus_minus1,RGA Fall 2018 torus-1,2,5,4,8,2,2.5,2.25,0.3,0.38,0.34,10.604,0.9102640176705501,0.4,0.6,0.5,144,162,153,33.65064435441332,2.095195634659058,0.06226316538227807,,,
torus_minus1,RGA Fall 2018 torus-1,2,5,4,9,2,2.5,2.25,0.3,0.38,0.34,10.604,0.9102640176705501,0.4,0.6,0.5,162,180,171,22.23475564204224,1.773182316280863,0.07974822592284618,,,
torus_minus1,RGA Fall 2018 torus-1,2,5,4,10,2,2.5,2.25,0.3,0.38,0.34,10.604,0.9102640176705501,0.4,0.6,0.5,180,198,189,21.24489173593031,1.550901670890242,0.07300115670946383,,,
torus_minus1,RGA Fall 2018 torus-1,2,5,4,11,2,2.5,2.25,0.3,0.38,0.34,10.604,0.9102640176705501,0.4,0.6,0.5,198,216,207,29.67501270859818,2.379984385104226,0.08020162985185977,,,
torus_minus1,RGA Fall 2018 torus-1,2,5,4,12,2,2.5,2.25,0.3,0.38,0.34,10.604,0.9102640176705501,0.4,0.6,0.5,216,234,225,40.3487814329847,2.739685128682478,0.06790007111448512,,,
torus_minus1,RGA Fall 2018 torus-1,2,5,4,13,2,2.5,2.25,0.3,0.38,0.34,10.604,0.9102640176705501,0.4,0.6,0.5,234,252,243,48.61856932953598,4.163489279994404,0.08563578355780756,,,
torus_minus1,RGA Fall 2018 torus-1,2,5,4,14,2,2.5,2.25,0.3,0.38,0.34,10.604,0.9102640176705501,0.4,0.6,0.5,252,270,261,51.04853483758416,7.027038713282338,0.1376540724555473,,,
torus_minus1,RGA Fall 2018 torus-1,2,5,4,15,2,2.5,2.25,0.3,0.38,0.34,10.604,0.9102640176705501,0.4,0.6,0.5,270,288,279,59.18828634593633,9.099768047730683,0.1537427185261876,,,
torus_minus1,RGA Fall 2018 torus-1,2,5,4,16,2,2.5,2.25,0.3,0.38,0.34,10.604,0.9102640176705501,0.4,0.6,0.5,288,306,297,55.56225019230133,10.33037887638402,0.1859244152393129,,,
torus_minus1,RGA Fall 2018 torus-1,2,5,4,17,2,2.5,2.25,0.3,0.38,0.34,10.604,0.9102640176705501,0.4,0.6,0.5,306,324,315,48.45324376978933,8.566442956858145,0.176798131360595,,,
torus_minus1,RGA Fall 2018 torus-1,2,5,4,18,2,2.5,2.25,0.3,0.38,0.34,10.604,0.9102640176705501,0.4,0.6,0.5,324,342,333,38.63302630412793,4.901687484335433,0.1268781649604211,,,
torus_minus1,RGA Fall 2018 torus-1,2,5,4,19,2,2.5,2.25,0.3,0.38,0.34,10.604,0.9102640176705501,0.4,0.6,0.5,342,360,351,28.37461619164414,2.70862462223168,0.09545942767780329,,,
torus_minus1,RGA Fall 2018 torus-1,2,5,5,0,2,2.5,2.25,0.3,0.38,0.34,10.604,0.9102640176705501,0.6,1,0.8,0,18,9,11.52509990227871,1.619402161165707,0.1405109001133711,,,
torus_minus1,RGA Fall 2018 torus-1,2,5,5,1,2,2.5,2.25,0.3,0.38,0.34,10.604,0.9102640176705501,0.6,1,0.8,18,36,27,21.35943463630379,3.61771739350815,0.1693732748599655,,,
torus_minus1,RGA Fall 2018 torus-1,2,5,5,2,2,2.5,2.25,0.3,0.38,0.34,10.604,0.9102640176705501,0.6,1,0.8,36,54,45,22.38340117616315,3.218074149633288,0.1437705612434059,,,
torus_minus1,RGA Fall 2018 torus-1,2,5,5,3,2,2.5,2.25,0.3,0.38,0.34,10.604,0.9102640176705501,0.6,1,0.8,54,72,63,36.13660436147376,3.385890159693893,0.09369696515546667,,,
torus_minus1,RGA Fall 2018 torus-1,2,5,5,4,2,2.5,2.25,0.3,0.38,0.34,10.604,0.9102640176705501,0.6,1,0.8,72,90,81,44.92759423953444,4.698868820596853,0.1045875903246571,,,
torus_minus1,RGA Fall 2018 torus-1,2,5,5,5,2,2.5,2.25,0.3,0.38,0.34,10.604,0.9102640176705501,0.6,1,0.8,90,108,99,28.23411570820552,2.587398629462446,0.0916408594553746,,,
torus_minus1,RGA Fall 2018 torus-1,2,5,5,6,2,2.5,2.25,0.3,0.38,0.34,10.604,0.9102640176705501,0.6,1,0.8,108,126,117,33.11539312630805,1.861707383378136,0.05621879155344013,,,
torus_minus1,RGA Fall 2018 torus-1,2,5,5,7,2,2.5,2.25,0.3,0.38,0.34,10.604,0.9102640176705501,0.6,1,0.8,126,144,135,25.19224401134193,1.634177888526258,0.06486829389992121,,,
torus_minus1,RGA Fall 2018 torus-1,2,5,5,8,2,2.5,2.25,0.3,0.38,0.34,10.604,0.9102640176705501,0.6,1,0.8,144,162,153,22.37601316265417,1.393707953392479,0.06228580325107218,,,
torus_minus1,RGA Fall 2018 torus-1,2,5,5,9,2,2.5,2.25,0.3,0.38,0.34,10.604,0.9102640176705501,0.6,1,0.8,162,180,171,16.32525888341785,1.438758470466652,0.08813082112456121,,,
torus_minus1,RGA Fall 2018 torus-1,2,5,5,10,2,2.5,2.25,0.3,0.38,0.34,10.604,0.9102640176705501,0.6,1,0.8,180,198,189,16.90502680540835,1.332014524616545,0.07879399068390706,,,
torus_minus1,RGA Fall 2018 torus-1,2,5,5,11,2,2.5,2.25,0.3,0.38,0.34,10.604,0.9102640176705501,0.6,1,0.8,198,216,207,19.30373608537181,1.477952605635962,0.07656303417637071,,,
torus_minus1,RGA Fall 2018 torus-1,2,5,5,12,2,2.5,2.25,0.3,0.38,0.34,10.604,0.9102640176705501,0.6,1,0.8,216,234,225,28.1377084927962,2.064216957388526,0.07336123188272442,,,
torus_minus1,RGA Fall 2018 torus-1,2,5,5,13,2,2.5,2.25,0.3,0.38,0.34,10.604,0.9102640176705501,0.6,1,0.8,234,252,243,24.67888381843742,2.241474376996508,0.09082559784660592,,,
torus_minus1,RGA Fall 2018 torus-1,2,5,5,14,2,2.5,2.25,0.3,0.38,0.34,10.604,0.9102640176705501,0.6,1,0.8,252,270,261,28.96875512072083,3.548324115885512,0.1224879737185344,,,
torus_minus1,RGA Fall 2018 torus-1,2,5,5,15,2,2.5,2.25,0.3,0.38,0.34,10.604,0.9102640176705501,0.6,1,0.8,270,288,279,49.21783389281636,3.998056837275798,0.08123187310482875,,,
torus_minus1,RGA Fall 2018 torus-1,2,5,5,16,2,2.5,2.25,0.3,0.38,0.34,10.604,0.9102640176705501,0.6,1,0.8,288,306,297,44.71807990881425,4.083772281505555,0.09132262140576868,,,
torus_minus1,RGA Fall 2018 torus-1,2,5,5,17,2,2.5,2.25,0.3,0.38,0.34,10.604,0.9102640176705501,0.6,1,0.8,306,324,315,32.72377904528327,3.323931915516972,0.1015754296261842,,,
torus_minus1,RGA Fall 2018 torus-1,2,5,5,18,2,2.5,2.25,0.3,0.38,0.34,10.604,0.9102640176705501,0.6,1,0.8,324,342,333,16.59006031912615,2.849800422731909,0.1717775805460132,,,
torus_minus1,RGA Fall 2018 torus-1,2,5,5,19,2,2.5,2.25,0.3,0.38,0.34,10.604,0.9102640176705501,0.6,1,0.8,342,360,351,12.21432585249883,1.71306161055095,0.140250197287842,,,
torus_minus1,RGA Fall 2018 torus-1,2,5,6,0,2,2.5,2.25,0.3,0.38,0.34,10.604,0.9102640176705501,1,1.5,1.25,0,18,9,3.993146585099914,1.042767015949493,0.2611391777703551,,,
torus_minus1,RGA Fall 2018 torus-1,2,5,6,1,2,2.5,2.25,0.3,0.38,0.34,10.604,0.9102640176705501,1,1.5,1.25,18,36,27,7.34787319523467,1.624953054859336,0.2211460393618618,,,
torus_minus1,RGA Fall 2018 torus-1,2,5,6,2,2,2.5,2.25,0.3,0.38,0.34,10.604,0.9102640176705501,1,1.5,1.25,36,54,45,14.06374094342467,1.589031451923442,0.1129878215416342,,,
torus_minus1,RGA Fall 2018 torus-1,2,5,6,3,2,2.5,2.25,0.3,0.38,0.34,10.604,0.9102640176705501,1,1.5,1.25,54,72,63,19.71198174435176,1.539168342871791,0.07808288191585923,,,
torus_minus1,RGA Fall 2018 torus-1,2,5,6,4,2,2.5,2.25,0.3,0.38,0.34,10.604,0.9102640176705501,1,1.5,1.25,72,90,81,26.39915076638494,2.714589198389879,0.1028286562098986,,,
torus_minus1,RGA Fall 2018 torus-1,2,5,6,5,2,2.5,2.25,0.3,0.38,0.34,10.604,0.9102640176705501,1,1.5,1.25,90,108,99,13.50320649980374,2.121686501922939,0.1571246430952364,,,
torus_minus1,RGA Fall 2018 torus-1,2,5,6,6,2,2.5,2.25,0.3,0.38,0.34,10.604,0.9102640176705501,1,1.5,1.25,108,126,117,15.99248789806101,1.51635930005442,0.09481697342652161,,,
torus_minus1,RGA Fall 2018 torus-1,2,5,6,7,2,2.5,2.25,0.3,0.38,0.34,10.604,0.9102640176705501,1,1.5,1.25,126,144,135,13.89485001617161,1.604877399420414,0.1155015993373492,,,
torus_minus1,RGA Fall 2018 torus-1,2,5,6,8,2,2.5,2.25,0.3,0.38,0.34,10.604,0.9102640176705501,1,1.5,1.25,144,162,153,12.65549604549062,1.791262232239441,0.1415402624915441,,,
torus_minus1,RGA Fall 2018 torus-1,2,5,6,9,2,2.5,2.25,0.3,0.38,0.34,10.604,0.9102640176705501,1,1.5,1.25,162,180,171,8.833001889394861,1.588766334771083,0.1798670887502695,,,
torus_minus1,RGA Fall 2018 torus-1,2,5,6,10,2,2.5,2.25,0.3,0.38,0.34,10.604,0.9102640176705501,1,1.5,1.25,180,198,189,6.596088116642597,1.372185560658849,0.2080302046294206,,,
torus_minus1,RGA Fall 2018 torus-1,2,5,6,11,2,2.5,2.25,0.3,0.38,0.34,10.604,0.9102640176705501,1,1.5,1.25,198,216,207,11.29348058935397,1.729427667960104,0.1531350458591467,,,
torus_minus1,RGA Fall 2018 torus-1,2,5,6,12,2,2.5,2.25,0.3,0.38,0.34,10.604,0.9102640176705501,1,1.5,1.25,216,234,225,9.811826943859343,1.786277342175575,0.1820534903842248,,,
torus_minus1,RGA Fall 2018 torus-1,2,5,6,13,2,2.5,2.25,0.3,0.38,0.34,10.604,0.9102640176705501,1,1.5,1.25,234,252,243,14.71227678664781,1.629459850585,0.1107551111371031,,,
torus_minus1,RGA Fall 2018 torus-1,2,5,6,14,2,2.5,2.25,0.3,0.38,0.34,10.604,0.9102640176705501,1,1.5,1.25,252,270,261,16.94487342865139,1.541692852144952,0.09098284850792493,,,
torus_minus1,RGA Fall 2018 torus-1,2,5,6,15,2,2.5,2.25,0.3,0.38,0.34,10.604,0.9102640176705501,1,1.5,1.25,270,288,279,25.41411471177347,1.945439710063029,0.0765495761755484,,,
torus_minus1,RGA Fall 2018 torus-1,2,5,6,16,2,2.5,2.25,0.3,0.38,0.34,10.604,0.9102640176705501,1,1.5,1.25,288,306,297,20.26684716297465,1.566767991155321,0.07730694264165751,,,
torus_minus1,RGA Fall 2018 torus-1,2,5,6,17,2,2.5,2.25,0.3,0.38,0.34,10.604,0.9102640176705501,1,1.5,1.25,306,324,315,13.21740018457034,1.164787286493028,0.08812529470453435,,,
torus_minus1,RGA Fall 2018 torus-1,2,5,6,18,2,2.5,2.25,0.3,0.38,0.34,10.604,0.9102640176705501,1,1.5,1.25,324,342,333,9.191075402282268,1.259007946900179,0.1369815709038303,,,
torus_minus1,RGA Fall 2018 torus-1,2,5,6,19,2,2.5,2.25,0.3,0.38,0.34,10.604,0.9102640176705501,1,1.5,1.25,342,360,351,4.90713997410138,1.130359945833591,0.2303500515166348,,,
torus_minus1,RGA Fall 2018 torus-1,2,5,7,0,2,2.5,2.25,0.3,0.38,0.34,10.604,0.9102640176705501,1.5,2,1.75,0,18,9,2.220868660861812,1.117563547346968,0.5032101028942864,,,
torus_minus1,RGA Fall 2018 torus-1,2,5,7,1,2,2.5,2.25,0.3,0.38,0.34,10.604,0.9102640176705501,1.5,2,1.75,18,36,27,1.609622590285424,0.9190586359696737,0.5709777195700905,,,
torus_minus1,RGA Fall 2018 torus-1,2,5,7,2,2,2.5,2.25,0.3,0.38,0.34,10.604,0.9102640176705501,1.5,2,1.75,36,54,45,5.172582868527615,0.7742246557504179,0.1496785407656122,,,
torus_minus1,RGA Fall 2018 torus-1,2,5,7,3,2,2.5,2.25,0.3,0.38,0.34,10.604,0.9102640176705501,1.5,2,1.75,54,72,63,8.568288713293107,0.8486103649825883,0.09904082289687882,,,
torus_minus1,RGA Fall 2018 torus-1,2,5,7,4,2,2.5,2.25,0.3,0.38,0.34,10.604,0.9102640176705501,1.5,2,1.75,72,90,81,11.49292533419982,1.320584500248704,0.1149041224795052,,,
torus_minus1,RGA Fall 2018 torus-1,2,5,7,5,2,2.5,2.25,0.3,0.38,0.34,10.604,0.9102640176705501,1.5,2,1.75,90,108,99,8.522607646982543,1.732252115909113,0.2032537678209817,,,
torus_minus1,RGA Fall 2018 torus-1,2,5,7,6,2,2.5,2.25,0.3,0.38,0.34,10.604,0.9102640176705501,1.5,2,1.75,108,126,117,8.882628161108315,1.961479344528789,0.2208219582034208,,,
torus_minus1,RGA Fall 2018 torus-1,2,5,7,13,2,2.5,2.25,0.3,0.38,0.34,10.604,0.9102640176705501,1.5,2,1.75,234,252,243,7.467256342998501,1.396317938850039,0.1869920992011027,,,
torus_minus1,RGA Fall 2018 torus-1,2,5,7,14,2,2.5,2.25,0.3,0.38,0.34,10.604,0.9102640176705501,1.5,2,1.75,252,270,261,10.50495070928515,1.166760036988436,0.1110676355632165,,,
torus_minus1,RGA Fall 2018 torus-1,2,5,7,15,2,2.5,2.25,0.3,0.38,0.34,10.604,0.9102640176705501,1.5,2,1.75,270,288,279,8.188577147749045,1.102989946275305,0.1346986083630544,,,
torus_minus1,RGA Fall 2018 torus-1,2,5,7,16,2,2.5,2.25,0.3,0.38,0.34,10.604,0.9102640176705501,1.5,2,1.75,288,306,297,9.23957853952467,1.130136761036626,0.1223147523669154,,,
torus_minus1,RGA Fall 2018 torus-1,2,5,7,17,2,2.5,2.25,0.3,0.38,0.34,10.604,0.9102640176705501,1.5,2,1.75,306,324,315,5.126338607841489,0.9004249477079146,0.1756467952254621,,,
torus_minus1,RGA Fall 2018 torus-1,2,5,7,18,2,2.5,2.25,0.3,0.38,0.34,10.604,0.9102640176705501,1.5,2,1.75,324,342,333,5.76869774238835,1.398962600093246,0.2425092564329864,,,
torus_minus1,RGA Fall 2018 torus-1,2,5,7,19,2,2.5,2.25,0.3,0.38,0.34,10.604,0.9102640176705501,1.5,2,1.75,342,360,351,1.114368496297137,0.6391648961956083,0.5735669110527155,,,
torus_minus1,RGA Fall 2018 torus-1,2,6,2,0,2,2.5,2.296344475394615,0.38,0.48,0.3996878365831013,10.604,0.9315454450930315,0.2,0.3,0.25,0,18,9,83.0994326999862,16.72561133355446,0.201272268535682,,,
torus_minus1,RGA Fall 2018 torus-1,2,6,2,1,2,2.5,2.296344475394615,0.38,0.48,0.3996878365831013,10.604,0.9315454450930315,0.2,0.3,0.25,18,36,27,74.57472169557612,20.75718334961766,0.2783407417107265,,,
torus_minus1,RGA Fall 2018 torus-1,2,6,2,2,2,2.5,2.296344475394615,0.38,0.48,0.3996878365831013,10.604,0.9315454450930315,0.2,0.3,0.25,36,54,45,105.2460133943799,27.01121405870468,0.2566483345786004,,,
torus_minus1,RGA Fall 2018 torus-1,2,6,2,3,2,2.5,2.296344475394615,0.38,0.48,0.3996878365831013,10.604,0.9315454450930315,0.2,0.3,0.25,54,72,63,100.5125135406495,19.65670657111739,0.1955647697852843,,,
torus_minus1,RGA Fall 2018 torus-1,2,6,2,4,2,2.5,2.296344475394615,0.38,0.48,0.3996878365831013,10.604,0.9315454450930315,0.2,0.3,0.25,72,90,81,109.6805186146978,18.39428548927041,0.1677078639087095,,,
torus_minus1,RGA Fall 2018 torus-1,2,6,2,5,2,2.5,2.296344475394615,0.38,0.48,0.3996878365831013,10.604,0.9315454450930315,0.2,0.3,0.25,90,108,99,99.05296418725032,13.89114438156347,0.1402395626980285,,,
torus_minus1,RGA Fall 2018 torus-1,2,6,2,6,2,2.5,2.296344475394615,0.38,0.48,0.3996878365831013,10.604,0.9315454450930315,0.2,0.3,0.25,108,126,117,59.21058855325791,12.99168648591166,0.2194149189080613,,,
torus_minus1,RGA Fall 2018 torus-1,2,6,2,13,2,2.5,2.296344475394615,0.38,0.48,0.3996878365831013,10.604,0.9315454450930315,0.2,0.3,0.25,234,252,243,69.16074186144928,15.49863996964191,0.2240959184719355,,,
torus_minus1,RGA Fall 2018 torus-1,2,6,2,14,2,2.5,2.296344475394615,0.38,0.48,0.3996878365831013,10.604,0.9315454450930315,0.2,0.3,0.25,252,270,261,59.71174861703103,13.47972582602055,0.2257466267229,,,
torus_minus1,RGA Fall 2018 torus-1,2,6,2,15,2,2.5,2.296344475394615,0.38,0.48,0.3996878365831013,10.604,0.9315454450930315,0.2,0.3,0.25,270,288,279,41.3492159326367,15.07787813713916,0.3646472562310009,,,
torus_minus1,RGA Fall 2018 torus-1,2,6,2,16,2,2.5,2.296344475394615,0.38,0.48,0.3996878365831013,10.604,0.9315454450930315,0.2,0.3,0.25,288,306,297,73.24121338084294,19.20802027621732,0.262256991515673,,,
torus_minus1,RGA Fall 2018 torus-1,2,6,2,17,2,2.5,2.296344475394615,0.38,0.48,0.3996878365831013,10.604,0.9315454450930315,0.2,0.3,0.25,306,324,315,89.66637324558174,17.5001403703817,0.1951694903779775,,,
torus_minus1,RGA Fall 2018 torus-1,2,6,2,18,2,2.5,2.296344475394615,0.38,0.48,0.3996878365831013,10.604,0.9315454450930315,0.2,0.3,0.25,324,342,333,67.32828142135482,11.8230087224723,0.1756024136199375,,,
torus_minus1,RGA Fall 2018 torus-1,2,6,2,19,2,2.5,2.296344475394615,0.38,0.48,0.3996878365831013,10.604,0.9315454450930315,0.2,0.3,0.25,342,360,351,74.05723465974791,12.76020884895118,0.1723019892327507,,,
torus_minus1,RGA Fall 2018 torus-1,2,6,3,0,2,2.5,2.308860153256705,0.38,0.48,0.4025670498084292,10.604,0.9316980348652862,0.3,0.4,0.35,0,18,9,72.77726757073177,9.665223817654795,0.1328055331049799,,,
torus_minus1,RGA Fall 2018 torus-1,2,6,3,1,2,2.5,2.308860153256705,0.38,0.48,0.4025670498084292,10.604,0.9316980348652862,0.3,0.4,0.35,18,36,27,81.51176228972834,12.66036941701653,0.1553195399213191,,,
torus_minus1,RGA Fall 2018 torus-1,2,6,3,2,2,2.5,2.308860153256705,0.38,0.48,0.4025670498084292,10.604,0.9316980348652862,0.3,0.4,0.35,36,54,45,97.67784943973497,13.20315234413763,0.1351703832534077,,,
torus_minus1,RGA Fall 2018 torus-1,2,6,3,3,2,2.5,2.308860153256705,0.38,0.48,0.4025670498084292,10.604,0.9316980348652862,0.3,0.4,0.35,54,72,63,132.7549301544006,18.74823493268623,0.1412243967955171,,,
torus_minus1,RGA Fall 2018 torus-1,2,6,3,4,2,2.5,2.308860153256705,0.38,0.48,0.4025670498084292,10.604,0.9316980348652862,0.3,0.4,0.35,72,90,81,103.7685157087665,12.12581834994817,0.1168545031903522,,,
torus_minus1,RGA Fall 2018 torus-1,2,6,3,5,2,2.5,2.308860153256705,0.38,0.48,0.4025670498084292,10.604,0.9316980348652862,0.3,0.4,0.35,90,108,99,93.85738520811793,9.322862408239157,0.09933008881045199,,,
torus_minus1,RGA Fall 2018 torus-1,2,6,3,6,2,2.5,2.308860153256705,0.38,0.48,0.4025670498084292,10.604,0.9316980348652862,0.3,0.4,0.35,108,126,117,74.16309460031263,8.632272181367853,0.1163957926498318,,,
torus_minus1,RGA Fall 2018 torus-1,2,6,3,7,2,2.5,2.308860153256705,0.38,0.48,0.4025670498084292,10.604,0.9316980348652862,0.3,0.4,0.35,126,144,135,47.48276877675782,6.638846696035212,0.1398159135843156,,,
torus_minus1,RGA Fall 2018 torus-1,2,6,3,8,2,2.5,2.308860153256705,0.38,0.48,0.4025670498084292,10.604,0.9316980348652862,0.3,0.4,0.35,144,162,153,64.16366861904336,30.47897577020284,0.4750192192276999,,,
torus_minus1,RGA Fall 2018 torus-1,2,6,3,11,2,2.5,2.308860153256705,0.38,0.48,0.4025670498084292,10.604,0.9316980348652862,0.3,0.4,0.35,198,216,207,60.70823766146734,17.96736806438918,0.2959626033715917,,,
torus_minus1,RGA Fall 2018 torus-1,2,6,3,12,2,2.5,2.308860153256705,0.38,0.48,0.4025670498084292,10.604,0.9316980348652862,0.3,0.4,0.35,216,234,225,68.82331099026131,12.21477384681688,0.1774801832557184,,,
torus_minus1,RGA Fall 2018 torus-1,2,6,3,13,2,2.5,2.308860153256705,0.38,0.48,0.4025670498084292,10.604,0.9316980348652862,0.3,0.4,0.35,234,252,243,74.35102324424592,9.81556069853546,0.1320164843769664,,,
torus_minus1,RGA Fall 2018 torus-1,2,6,3,14,2,2.5,2.308860153256705,0.38,0.48,0.4025670498084292,10.604,0.9316980348652862,0.3,0.4,0.35,252,270,261,71.02343333636284,9.824351802180614,0.1383254982289163,,,
torus_minus1,RGA Fall 2018 torus-1,2,6,3,15,2,2.5,2.308860153256705,0.38,0.48,0.4025670498084292,10.604,0.9316980348652862,0.3,0.4,0.35,270,288,279,74.20680930886283,10.5597329018445,0.1423014006422629,,,
torus_minus1,RGA Fall 2018 torus-1,2,6,3,16,2,2.5,2.308860153256705,0.38,0.48,0.4025670498084292,10.604,0.9316980348652862,0.3,0.4,0.35,288,306,297,77.49854371871082,16.78448884785579,0.2165781193099172,,,
torus_minus1,RGA Fall 2018 torus-1,2,6,3,17,2,2.5,2.308860153256705,0.38,0.48,0.4025670498084292,10.604,0.9316980348652862,0.3,0.4,0.35,306,324,315,76.85541374829036,13.4101142859924,0.1744849664060355,,,
torus_minus1,RGA Fall 2018 torus-1,2,6,3,18,2,2.5,2.308860153256705,0.38,0.48,0.4025670498084292,10.604,0.9316980348652862,0.3,0.4,0.35,324,342,333,47.2234807977533,8.084240806131533,0.1711911250412559,,,
torus_minus1,RGA Fall 2018 torus-1,2,6,3,19,2,2.5,2.308860153256705,0.38,0.48,0.4025670498084292,10.604,0.9316980348652862,0.3,0.4,0.35,342,360,351,66.98410421677868,8.633133070043172,0.1288833100179114,,,
torus_minus1,RGA Fall 2018 torus-1,2,6,4,0,2,2.5,2.308860153256705,0.38,0.48,0.4025670498084292,10.604,0.9316980348652862,0.4,0.6,0.5,0,18,9,39.926594844469,4.539684139068114,0.113700759024207,,,
torus_minus1,RGA Fall 2018 torus-1,2,6,4,1,2,2.5,2.308860153256705,0.38,0.48,0.4025670498084292,10.604,0.9316980348652862,0.4,0.6,0.5,18,36,27,59.11420932015737,7.371405542628764,0.1246976932856512,,,
torus_minus1,RGA Fall 2018 torus-1,2,6,4,2,2,2.5,2.308860153256705,0.38,0.48,0.4025670498084292,10.604,0.9316980348652862,0.4,0.6,0.5,36,54,45,80.10404959719851,8.686105878752137,0.1084352903808239,,,
torus_minus1,RGA Fall 2018 torus-1,2,6,4,3,2,2.5,2.308860153256705,0.38,0.48,0.4025670498084292,10.604,0.9316980348652862,0.4,0.6,0.5,54,72,63,104.5614860963451,10.44766069230897,0.09991882367358744,,,
torus_minus1,RGA Fall 2018 torus-1,2,6,4,4,2,2.5,2.308860153256705,0.38,0.48,0.4025670498084292,10.604,0.9316980348652862,0.4,0.6,0.5,72,90,81,90.66127535010297,9.974952696674775,0.1100244030117038,,,
torus_minus1,RGA Fall 2018 torus-1,2,6,4,5,2,2.5,2.308860153256705,0.38,0.48,0.4025670498084292,10.604,0.9316980348652862,0.4,0.6,0.5,90,108,99,85.38778517899271,6.84416259244794,0.08015388358066647,,,
torus_minus1,RGA Fall 2018 torus-1,2,6,4,6,2,2.5,2.308860153256705,0.38,0.48,0.4025670498084292,10.604,0.9316980348652862,0.4,0.6,0.5,108,126,117,76.10828869971353,5.835081064675577,0.07666814172761106,,,
torus_minus1,RGA Fall 2018 torus-1,2,6,4,7,2,2.5,2.308860153256705,0.38,0.48,0.4025670498084292,10.604,0.9316980348652862,0.4,0.6,0.5,126,144,135,67.87551861977067,5.753011313114653,0.08475826675214419,,,
torus_minus1,RGA Fall 2018 torus-1,2,6,4,8,2,2.5,2.308860153256705,0.38,0.48,0.4025670498084292,10.604,0.9316980348652862,0.4,0.6,0.5,144,162,153,41.16501611124775,5.810075613654599,0.1411410989844622,,,
torus_minus1,RGA Fall 2018 torus-1,2,6,4,9,2,2.5,2.308860153256705,0.38,0.48,0.4025670498084292,10.604,0.9316980348652862,0.4,0.6,0.5,162,180,171,49.31707773325816,12.96025033481899,0.2627943692227112,,,
torus_minus1,RGA Fall 2018 torus-1,2,6,4,10,2,2.5,2.308860153256705,0.38,0.48,0.4025670498084292,10.604,0.9316980348652862,0.4,0.6,0.5,180,198,189,44.29627340143599,8.60338733391181,0.194223727489295,,,
torus_minus1,RGA Fall 2018 torus-1,2,6,4,11,2,2.5,2.308860153256705,0.38,0.48,0.4025670498084292,10.604,0.9316980348652862,0.4,0.6,0.5,198,216,207,38.85784869635168,4.855380861397064,0.1249523847637229,,,
torus_minus1,RGA Fall 2018 torus-1,2,6,4,12,2,2.5,2.308860153256705,0.38,0.48,0.4025670498084292,10.604,0.9316980348652862,0.4,0.6,0.5,216,234,225,59.97528123983746,6.066302364812706,0.1011467097678781,,,
torus_minus1,RGA Fall 2018 torus-1,2,6,4,13,2,2.5,2.308860153256705,0.38,0.48,0.4025670498084292,10.604,0.9316980348652862,0.4,0.6,0.5,234,252,243,87.2572567274768,10.43368868169176,0.1195738792737711,,,
torus_minus1,RGA Fall 2018 torus-1,2,6,4,14,2,2.5,2.308860153256705,0.38,0.48,0.4025670498084292,10.604,0.9316980348652862,0.4,0.6,0.5,252,270,261,71.63035972102607,8.934838087500083,0.1247353513551795,,,
torus_minus1,RGA Fall 2018 torus-1,2,6,4,15,2,2.5,2.308860153256705,0.38,0.48,0.4025670498084292,10.604,0.9316980348652862,0.4,0.6,0.5,270,288,279,74.44884181611384,12.90849085479306,0.1733873964980758,,,
torus_minus1,RGA Fall 2018 torus-1,2,6,4,16,2,2.5,2.308860153256705,0.38,0.48,0.4025670498084292,10.604,0.9316980348652862,0.4,0.6,0.5,288,306,297,111.2226872922119,19.29745029857753,0.1735028236449452,,,
torus_minus1,RGA Fall 2018 torus-1,2,6,4,17,2,2.5,2.308860153256705,0.38,0.48,0.4025670498084292,10.604,0.9316980348652862,0.4,0.6,0.5,306,324,315,73.47190745829219,11.80390899734745,0.1606588069603089,,,
torus_minus1,RGA Fall 2018 torus-1,2,6,4,18,2,2.5,2.308860153256705,0.38,0.48,0.4025670498084292,10.604,0.9316980348652862,0.4,0.6,0.5,324,342,333,48.23236062651404,6.413450736389053,0.1329698702920936,,,
torus_minus1,RGA Fall 2018 torus-1,2,6,4,19,2,2.5,2.308860153256705,0.38,0.48,0.4025670498084292,10.604,0.9316980348652862,0.4,0.6,0.5,342,360,351,38.87528764804837,4.444050697962831,0.114315570811884,,,
torus_minus1,RGA Fall 2018 torus-1,2,6,5,0,2,2.5,2.308860153256705,0.38,0.48,0.4025670498084292,10.604,0.9316980348652862,0.6,1,0.8,0,18,9,22.27188475668435,2.961871115793086,0.1329869989967578,,,
torus_minus1,RGA Fall 2018 torus-1,2,6,5,1,2,2.5,2.308860153256705,0.38,0.48,0.4025670498084292,10.604,0.9316980348652862,0.6,1,0.8,18,36,27,31.38463943720743,5.937110899534081,0.189172506232315,,,
torus_minus1,RGA Fall 2018 torus-1,2,6,5,2,2,2.5,2.308860153256705,0.38,0.48,0.4025670498084292,10.604,0.9316980348652862,0.6,1,0.8,36,54,45,49.6739425762704,7.571104499639979,0.1524160174726447,,,
torus_minus1,RGA Fall 2018 torus-1,2,6,5,3,2,2.5,2.308860153256705,0.38,0.48,0.4025670498084292,10.604,0.9316980348652862,0.6,1,0.8,54,72,63,69.05012098091481,7.928362899193414,0.1148204056207922,,,
torus_minus1,RGA Fall 2018 torus-1,2,6,5,4,2,2.5,2.308860153256705,0.38,0.48,0.4025670498084292,10.604,0.9316980348652862,0.6,1,0.8,72,90,81,71.18301363985545,9.102524328044336,0.1278749502528483,,,
torus_minus1,RGA Fall 2018 torus-1,2,6,5,5,2,2.5,2.308860153256705,0.38,0.48,0.4025670498084292,10.604,0.9316980348652862,0.6,1,0.8,90,108,99,53.89493779459504,5.006418691947228,0.09289218796443822,,,
torus_minus1,RGA Fall 2018 torus-1,2,6,5,6,2,2.5,2.308860153256705,0.38,0.48,0.4025670498084292,10.604,0.9316980348652862,0.6,1,0.8,108,126,117,50.80223739909789,4.198624765861512,0.08264645379449503,,,
torus_minus1,RGA Fall 2018 torus-1,2,6,5,7,2,2.5,2.308860153256705,0.38,0.48,0.4025670498084292,10.604,0.9316980348652862,0.6,1,0.8,126,144,135,48.15218787172157,5.42504389179074,0.1126645357474341,,,
torus_minus1,RGA Fall 2018 torus-1,2,6,5,8,2,2.5,2.308860153256705,0.38,0.48,0.4025670498084292,10.604,0.9316980348652862,0.6,1,0.8,144,162,153,30.77190402154377,6.403465669540807,0.2080945548594479,,,
torus_minus1,RGA Fall 2018 torus-1,2,6,5,10,2,2.5,2.308860153256705,0.38,0.48,0.4025670498084292,10.604,0.9316980348652862,0.6,1,0.8,180,198,189,14.42558851570409,6.872947671585425,0.4764414057771956,,,
torus_minus1,RGA Fall 2018 torus-1,2,6,5,11,2,2.5,2.308860153256705,0.38,0.48,0.4025670498084292,10.604,0.9316980348652862,0.6,1,0.8,198,216,207,27.20484909088191,6.063187066215981,0.222871556683185,,,
torus_minus1,RGA Fall 2018 torus-1,2,6,5,12,2,2.5,2.308860153256705,0.38,0.48,0.4025670498084292,10.604,0.9316980348652862,0.6,1,0.8,216,234,225,30.12093760296498,4.537851977660038,0.1506544064954124,,,
torus_minus1,RGA Fall 2018 torus-1,2,6,5,13,2,2.5,2.308860153256705,0.38,0.48,0.4025670498084292,10.604,0.9316980348652862,0.6,1,0.8,234,252,243,55.07767072053758,7.265811278579748,0.1319193637553457,,,
torus_minus1,RGA Fall 2018 torus-1,2,6,5,14,2,2.5,2.308860153256705,0.38,0.48,0.4025670498084292,10.604,0.9316980348652862,0.6,1,0.8,252,270,261,47.17927518383106,7.698246781799821,0.1631700943222228,,,
torus_minus1,RGA Fall 2018 torus-1,2,6,5,15,2,2.5,2.308860153256705,0.38,0.48,0.4025670498084292,10.604,0.9316980348652862,0.6,1,0.8,270,288,279,74.74009386639966,10.31725277942443,0.1380417423326608,,,
torus_minus1,RGA Fall 2018 torus-1,2,6,5,16,2,2.5,2.308860153256705,0.38,0.48,0.4025670498084292,10.604,0.9316980348652862,0.6,1,0.8,288,306,297,73.67165053049887,10.03901832430258,0.1362670477994326,,,
torus_minus1,RGA Fall 2018 torus-1,2,6,5,17,2,2.5,2.308860153256705,0.38,0.48,0.4025670498084292,10.604,0.9316980348652862,0.6,1,0.8,306,324,315,48.2067288485884,7.695494598237707,0.1596352787679981,,,
torus_minus1,RGA Fall 2018 torus-1,2,6,5,18,2,2.5,2.308860153256705,0.38,0.48,0.4025670498084292,10.604,0.9316980348652862,0.6,1,0.8,324,342,333,29.59200225954973,5.540187584664699,0.1872190849430206,,,
torus_minus1,RGA Fall 2018 torus-1,2,6,5,19,2,2.5,2.308860153256705,0.38,0.48,0.4025670498084292,10.604,0.9316980348652862,0.6,1,0.8,342,360,351,20.52467087262876,3.148991247084616,0.1534246890791335,,,
torus_minus1,RGA Fall 2018 torus-1,2,6,6,0,2,2.5,2.308860153256705,0.38,0.48,0.4025670498084292,10.604,0.9316980348652862,1,1.5,1.25,0,18,9,4.250462704172485,1.687888403312087,0.3971069788837728,,,
torus_minus1,RGA Fall 2018 torus-1,2,6,6,1,2,2.5,2.308860153256705,0.38,0.48,0.4025670498084292,10.604,0.9316980348652862,1,1.5,1.25,18,36,27,15.80144793968639,6.47329597734044,0.4096647346527229,,,
torus_minus1,RGA Fall 2018 torus-1,2,6,6,2,2,2.5,2.308860153256705,0.38,0.48,0.4025670498084292,10.604,0.9316980348652862,1,1.5,1.25,36,54,45,15.45899667980508,3.437014376771029,0.2223310120288069,,,
torus_minus1,RGA Fall 2018 torus-1,2,6,6,3,2,2.5,2.308860153256705,0.38,0.48,0.4025670498084292,10.604,0.9316980348652862,1,1.5,1.25,54,72,63,29.06877835199822,3.900521380558986,0.1341825010093987,,,
torus_minus1,RGA Fall 2018 torus-1,2,6,6,4,2,2.5,2.308860153256705,0.38,0.48,0.4025670498084292,10.604,0.9316980348652862,1,1.5,1.25,72,90,81,36.44029988864632,5.751294039308194,0.1578278460079337,,,
torus_minus1,RGA Fall 2018 torus-1,2,6,6,5,2,2.5,2.308860153256705,0.38,0.48,0.4025670498084292,10.604,0.9316980348652862,1,1.5,1.25,90,108,99,17.51017681186794,3.735362789396039,0.2133252467710267,,,
torus_minus1,RGA Fall 2018 torus-1,2,6,6,6,2,2.5,2.308860153256705,0.38,0.48,0.4025670498084292,10.604,0.9316980348652862,1,1.5,1.25,108,126,117,17.45158924998056,4.748897166011285,0.272118321030079,,,
torus_minus1,RGA Fall 2018 torus-1,2,6,6,13,2,2.5,2.308860153256705,0.38,0.48,0.4025670498084292,10.604,0.9316980348652862,1,1.5,1.25,234,252,243,27.28654119635798,9.247847845684609,0.3389160897724534,,,
torus_minus1,RGA Fall 2018 torus-1,2,6,6,14,2,2.5,2.308860153256705,0.38,0.48,0.4025670498084292,10.604,0.9316980348652862,1,1.5,1.25,252,270,261,18.91223606753463,4.007920433573037,0.2119220815170114,,,
torus_minus1,RGA Fall 2018 torus-1,2,6,6,15,2,2.5,2.308860153256705,0.38,0.48,0.4025670498084292,10.604,0.9316980348652862,1,1.5,1.25,270,288,279,30.6706574471385,4.160089281448094,0.1356374342029704,,,
torus_minus1,RGA Fall 2018 torus-1,2,6,6,16,2,2.5,2.308860153256705,0.38,0.48,0.4025670498084292,10.604,0.9316980348652862,1,1.5,1.25,288,306,297,33.78978361142484,4.178731188179992,0.1236684802789651,,,
torus_minus1,RGA Fall 2018 torus-1,2,6,6,17,2,2.5,2.308860153256705,0.38,0.48,0.4025670498084292,10.604,0.9316980348652862,1,1.5,1.25,306,324,315,21.53019758006671,2.635023069976203,0.122387314848229,,,
torus_minus1,RGA Fall 2018 torus-1,2,6,6,18,2,2.5,2.308860153256705,0.38,0.48,0.4025670498084292,10.604,0.9316980348652862,1,1.5,1.25,324,342,333,14.11011806005484,2.745597811009397,0.1945836171833367,,,
torus_minus1,RGA Fall 2018 torus-1,2,6,6,19,2,2.5,2.308860153256705,0.38,0.48,0.4025670498084292,10.604,0.9316980348652862,1,1.5,1.25,342,360,351,8.283326502211137,2.419761472223837,0.2921243623051572,,,
torus_minus1,RGA Fall 2018 torus-1,2,6,7,1,2,2.5,2.308860153256705,0.38,0.48,0.4025670498084292,10.604,0.9316980348652862,1.5,2,1.75,18,36,27,3.784069822722309,2.098985548621966,0.5546899626476578,,,
torus_minus1,RGA Fall 2018 torus-1,2,6,7,2,2,2.5,2.308860153256705,0.38,0.48,0.4025670498084292,10.604,0.9316980348652862,1.5,2,1.75,36,54,45,5.218221530979715,2.008742404332283,0.3849477053449557,,,
torus_minus1,RGA Fall 2018 torus-1,2,6,7,3,2,2.5,2.308860153256705,0.38,0.48,0.4025670498084292,10.604,0.9316980348652862,1.5,2,1.75,54,72,63,12.06820347948235,2.103960133199288,0.1743391331424198,,,
torus_minus1,RGA Fall 2018 torus-1,2,6,7,4,2,2.5,2.308860153256705,0.38,0.48,0.4025670498084292,10.604,0.9316980348652862,1.5,2,1.75,72,90,81,13.11855716661848,3.02595107418512,0.2306618811621269,,,
torus_minus1,RGA Fall 2018 torus-1,2,6,7,5,2,2.5,2.308860153256705,0.38,0.48,0.4025670498084292,10.604,0.9316980348652862,1.5,2,1.75,90,108,99,11.18912345965909,3.995239949537765,0.3570646050999506,,,
torus_minus1,RGA Fall 2018 torus-1,2,6,7,14,2,2.5,2.308860153256705,0.38,0.48,0.4025670498084292,10.604,0.9316980348652862,1.5,2,1.75,252,270,261,10.31838588637525,5.447655007027369,0.5279561228874604,,,
torus_minus1,RGA Fall 2018 torus-1,2,6,7,15,2,2.5,2.308860153256705,0.38,0.48,0.4025670498084292,10.604,0.9316980348652862,1.5,2,1.75,270,288,279,8.749836702326759,2.144180752443237,0.2450538021895947,,,
torus_minus1,RGA Fall 2018 torus-1,2,6,7,16,2,2.5,2.308860153256705,0.38,0.48,0.4025670498084292,10.604,0.9316980348652862,1.5,2,1.75,288,306,297,13.53665991615874,2.463028340709372,0.1819524429190431,,,
torus_minus1,RGA Fall 2018 torus-1,2,6,7,17,2,2.5,2.308860153256705,0.38,0.48,0.4025670498084292,10.604,0.9316980348652862,1.5,2,1.75,306,324,315,7.600256496847699,1.730437466585235,0.2276814561854532,,,
torus_minus1,RGA Fall 2018 torus-1,2,6,7,18,2,2.5,2.308860153256705,0.38,0.48,0.4025670498084292,10.604,0.9316980348652862,1.5,2,1.75,324,342,333,5.077845137822853,1.72238980554749,0.3391969937637705,,,
torus_minus1,RGA Fall 2018 torus-1,3,2,0,0,2.5,3,2.706398252184769,0.15,0.2,0.1838077403245943,10.604,0.4705874030191914,0.09,0.15,0.12,0,18,9,5.523326435100685,3.320527261222362,0.6011825120674462,,,
torus_minus1,RGA Fall 2018 torus-1,3,2,0,1,2.5,3,2.706398252184769,0.15,0.2,0.1838077403245943,10.604,0.4705874030191914,0.09,0.15,0.12,18,36,27,13.00172849778374,6.625918322134745,0.5096182652379022,,,
torus_minus1,RGA Fall 2018 torus-1,3,2,0,4,2.5,3,2.706398252184769,0.15,0.2,0.1838077403245943,10.604,0.4705874030191914,0.09,0.15,0.12,72,90,81,6.322496157506086,5.477423852654996,0.8663388187515437,,,
torus_minus1,RGA Fall 2018 torus-1,3,2,0,5,2.5,3,2.706398252184769,0.15,0.2,0.1838077403245943,10.604,0.4705874030191914,0.09,0.15,0.12,90,108,99,4.124726010657159,4.963565293468626,1.203368485723448,,,
torus_minus1,RGA Fall 2018 torus-1,3,2,0,17,2.5,3,2.706398252184769,0.15,0.2,0.1838077403245943,10.604,0.4705874030191914,0.09,0.15,0.12,306,324,315,6.339791432179915,6.056391224459516,0.9552981812174612,,,
torus_minus1,RGA Fall 2018 torus-1,3,2,0,18,2.5,3,2.706398252184769,0.15,0.2,0.1838077403245943,10.604,0.4705874030191914,0.09,0.15,0.12,324,342,333,10.41928580077975,7.57561819060311,0.7270765324467993,,,
torus_minus1,RGA Fall 2018 torus-1,3,2,0,19,2.5,3,2.706398252184769,0.15,0.2,0.1838077403245943,10.604,0.4705874030191914,0.09,0.15,0.12,342,360,351,8.726905134202987,8.248728837883638,0.9452066581490324,,,
torus_minus1,RGA Fall 2018 torus-1,3,2,1,0,2.5,3,2.706398252184769,0.15,0.2,0.1838077403245943,10.604,0.4705874030191914,0.15,0.2,0.175,0,18,9,7.407458563529135,3.25937881399876,0.4400131011257246,,,
torus_minus1,RGA Fall 2018 torus-1,3,2,1,1,2.5,3,2.706398252184769,0.15,0.2,0.1838077403245943,10.604,0.4705874030191914,0.15,0.2,0.175,18,36,27,12.02636894082132,4.78219783630667,0.3976427016199685,,,
torus_minus1,RGA Fall 2018 torus-1,3,2,1,2,2.5,3,2.706398252184769,0.15,0.2,0.1838077403245943,10.604,0.4705874030191914,0.15,0.2,0.175,36,54,45,3.332407330589677,3.199372210631123,0.9600783737518026,,,
torus_minus1,RGA Fall 2018 torus-1,3,2,1,4,2.5,3,2.706398252184769,0.15,0.2,0.1838077403245943,10.604,0.4705874030191914,0.15,0.2,0.175,72,90,81,19.43907686954862,12.11941520984925,0.6234563138558474,,,
torus_minus1,RGA Fall 2018 torus-1,3,2,1,5,2.5,3,2.706398252184769,0.15,0.2,0.1838077403245943,10.604,0.4705874030191914,0.15,0.2,0.175,90,108,99,14.16641936971127,7.850858568010363,0.5541879259056818,,,
torus_minus1,RGA Fall 2018 torus-1,3,2,1,6,2.5,3,2.706398252184769,0.15,0.2,0.1838077403245943,10.604,0.4705874030191914,0.15,0.2,0.175,108,126,117,11.27681260864858,6.55451273009468,0.5812380641199799,,,
torus_minus1,RGA Fall 2018 torus-1,3,2,1,7,2.5,3,2.706398252184769,0.15,0.2,0.1838077403245943,10.604,0.4705874030191914,0.15,0.2,0.175,126,144,135,7.274451248331835,4.703068955403044,0.6465187262725204,,,
torus_minus1,RGA Fall 2018 torus-1,3,2,1,8,2.5,3,2.706398252184769,0.15,0.2,0.1838077403245943,10.604,0.4705874030191914,0.15,0.2,0.175,144,162,153,8.420237712735062,4.094534646088289,0.4862730466499267,,,
torus_minus1,RGA Fall 2018 torus-1,3,2,1,9,2.5,3,2.706398252184769,0.15,0.2,0.1838077403245943,10.604,0.4705874030191914,0.15,0.2,0.175,162,180,171,4.812696782323773,4.631507440391148,0.9623518060397858,,,
torus_minus1,RGA Fall 2018 torus-1,3,2,1,10,2.5,3,2.706398252184769,0.15,0.2,0.1838077403245943,10.604,0.4705874030191914,0.15,0.2,0.175,180,198,189,9.922810377187217,7.93595430943286,0.7997688162698152,,,
torus_minus1,RGA Fall 2018 torus-1,3,2,1,11,2.5,3,2.706398252184769,0.15,0.2,0.1838077403245943,10.604,0.4705874030191914,0.15,0.2,0.175,198,216,207,6.995752039468458,6.085241861932329,0.8698481346395304,,,
torus_minus1,RGA Fall 2018 torus-1,3,2,1,12,2.5,3,2.706398252184769,0.15,0.2,0.1838077403245943,10.604,0.4705874030191914,0.15,0.2,0.175,216,234,225,9.707523981522918,7.610549757296504,0.7839846465259578,,,
torus_minus1,RGA Fall 2018 torus-1,3,2,1,14,2.5,3,2.706398252184769,0.15,0.2,0.1838077403245943,10.604,0.4705874030191914,0.15,0.2,0.175,252,270,261,9.409486233181413,6.012766401903039,0.6390111269518358,,,
torus_minus1,RGA Fall 2018 torus-1,3,2,1,17,2.5,3,2.706398252184769,0.15,0.2,0.1838077403245943,10.604,0.4705874030191914,0.15,0.2,0.175,306,324,315,19.26015269346755,10.13112163285544,0.5260146061194835,,,
torus_minus1,RGA Fall 2018 torus-1,3,2,1,18,2.5,3,2.706398252184769,0.15,0.2,0.1838077403245943,10.604,0.4705874030191914,0.15,0.2,0.175,324,342,333,5.525347680946925,3.603279453751798,0.6521362386256703,,,
torus_minus1,RGA Fall 2018 torus-1,3,2,1,19,2.5,3,2.706398252184769,0.15,0.2,0.1838077403245943,10.604,0.4705874030191914,0.15,0.2,0.175,342,360,351,2.569092022507528,2.512677188198004,0.9780409444989591,,,
torus_minus1,RGA Fall 2018 torus-1,3,2,2,0,2.5,3,2.706398252184769,0.15,0.2,0.1838077403245943,10.604,0.4705874030191914,0.2,0.3,0.25,0,18,9,6.237241747235547,2.61884837069186,0.4198728343105473,,,
torus_minus1,RGA Fall 2018 torus-1,3,2,2,1,2.5,3,2.706398252184769,0.15,0.2,0.1838077403245943,10.604,0.4705874030191914,0.2,0.3,0.25,18,36,27,6.761796448255755,2.421660811137455,0.3581386736008796,,,
torus_minus1,RGA Fall 2018 torus-1,3,2,2,2,2.5,3,2.706398252184769,0.15,0.2,0.1838077403245943,10.604,0.4705874030191914,0.2,0.3,0.25,36,54,45,11.56379290186741,3.280434012560963,0.2836814910470435,,,
torus_minus1,RGA Fall 2018 torus-1,3,2,2,3,2.5,3,2.706398252184769,0.15,0.2,0.1838077403245943,10.604,0.4705874030191914,0.2,0.3,0.25,54,72,63,1.367151388383966,3.080631416530812,2.253321353220623,,,
torus_minus1,RGA Fall 2018 torus-1,3,2,2,4,2.5,3,2.706398252184769,0.15,0.2,0.1838077403245943,10.604,0.4705874030191914,0.2,0.3,0.25,72,90,81,2.649381113499956,3.476383982805297,1.312149454486309,,,
torus_minus1,RGA Fall 2018 torus-1,3,2,2,5,2.5,3,2.706398252184769,0.15,0.2,0.1838077403245943,10.604,0.4705874030191914,0.2,0.3,0.25,90,108,99,7.682065395132115,2.801701768852717,0.3647068366051749,,,
torus_minus1,RGA Fall 2018 torus-1,3,2,2,6,2.5,3,2.706398252184769,0.15,0.2,0.1838077403245943,10.604,0.4705874030191914,0.2,0.3,0.25,108,126,117,12.13313207562355,3.987810073609567,0.3286711171323523,,,
torus_minus1,RGA Fall 2018 torus-1,3,2,2,7,2.5,3,2.706398252184769,0.15,0.2,0.1838077403245943,10.604,0.4705874030191914,0.2,0.3,0.25,126,144,135,14.66603527068041,4.250984884970944,0.2898523565853749,,,
torus_minus1,RGA Fall 2018 torus-1,3,2,2,8,2.5,3,2.706398252184769,0.15,0.2,0.1838077403245943,10.604,0.4705874030191914,0.2,0.3,0.25,144,162,153,5.22055099240322,1.902590041522239,0.3644423824785596,,,
torus_minus1,RGA Fall 2018 torus-1,3,2,2,9,2.5,3,2.706398252184769,0.15,0.2,0.1838077403245943,10.604,0.4705874030191914,0.2,0.3,0.25,162,180,171,9.672254669982188,3.241162338847497,0.3350989453272394,,,
torus_minus1,RGA Fall 2018 torus-1,3,2,2,10,2.5,3,2.706398252184769,0.15,0.2,0.1838077403245943,10.604,0.4705874030191914,0.2,0.3,0.25,180,198,189,2.980790269882982,2.033145773918673,0.6820828001422886,,,
torus_minus1,RGA Fall 2018 torus-1,3,2,2,11,2.5,3,2.706398252184769,0.15,0.2,0.1838077403245943,10.604,0.4705874030191914,0.2,0.3,0.25,198,216,207,5.025414583543561,3.779684742774806,0.7521140156579169,,,
torus_minus1,RGA Fall 2018 torus-1,3,2,2,12,2.5,3,2.706398252184769,0.15,0.2,0.1838077403245943,10.604,0.4705874030191914,0.2,0.3,0.25,216,234,225,2.945572856678077,3.249114782446361,1.103050218255545,,,
torus_minus1,RGA Fall 2018 torus-1,3,2,2,13,2.5,3,2.706398252184769,0.15,0.2,0.1838077403245943,10.604,0.4705874030191914,0.2,0.3,0.25,234,252,243,13.34194642320086,7.366477548586342,0.5521291507944054,,,
torus_minus1,RGA Fall 2018 torus-1,3,2,2,14,2.5,3,2.706398252184769,0.15,0.2,0.1838077403245943,10.604,0.4705874030191914,0.2,0.3,0.25,252,270,261,9.739778132166382,6.800129899822494,0.6981811913522477,,,
torus_minus1,RGA Fall 2018 torus-1,3,2,2,16,2.5,3,2.706398252184769,0.15,0.2,0.1838077403245943,10.604,0.4705874030191914,0.2,0.3,0.25,288,306,297,10.86904071595938,8.325732752253955,0.766004376083439,,,
torus_minus1,RGA Fall 2018 torus-1,3,2,2,17,2.5,3,2.706398252184769,0.15,0.2,0.1838077403245943,10.604,0.4705874030191914,0.2,0.3,0.25,306,324,315,12.46784946167766,3.938168590550248,0.315865907962313,,,
torus_minus1,RGA Fall 2018 torus-1,3,2,2,18,2.5,3,2.706398252184769,0.15,0.2,0.1838077403245943,10.604,0.4705874030191914,0.2,0.3,0.25,324,342,333,7.636365956875283,2.177193865033916,0.2851086337832872,,,
torus_minus1,RGA Fall 2018 torus-1,3,2,2,19,2.5,3,2.706398252184769,0.15,0.2,0.1838077403245943,10.604,0.4705874030191914,0.2,0.3,0.25,342,360,351,6.08786239580476,2.054807216727185,0.3375252400815079,,,
torus_minus1,RGA Fall 2018 torus-1,3,2,3,0,2.5,3,2.706398252184769,0.15,0.2,0.1838077403245943,10.604,0.4705874030191914,0.3,0.4,0.35,0,18,9,1.46997464971284,1.05802771262403,0.7197591555954495,,,
torus_minus1,RGA Fall 2018 torus-1,3,2,3,1,2.5,3,2.706398252184769,0.15,0.2,0.1838077403245943,10.604,0.4705874030191914,0.3,0.4,0.35,18,36,27,9.268157416259783,2.883067457599793,0.3110723446002141,,,
torus_minus1,RGA Fall 2018 torus-1,3,2,3,2,2.5,3,2.706398252184769,0.15,0.2,0.1838077403245943,10.604,0.4705874030191914,0.3,0.4,0.35,36,54,45,6.392608905941528,2.319952661824207,0.3629117150695637,,,
torus_minus1,RGA Fall 2018 torus-1,3,2,3,4,2.5,3,2.706398252184769,0.15,0.2,0.1838077403245943,10.604,0.4705874030191914,0.3,0.4,0.35,72,90,81,26.76406860181826,15.30404925712682,0.5718132577229723,,,
torus_minus1,RGA Fall 2018 torus-1,3,2,3,5,2.5,3,2.706398252184769,0.15,0.2,0.1838077403245943,10.604,0.4705874030191914,0.3,0.4,0.35,90,108,99,5.520418989892122,2.51901787160253,0.4563091816427063,,,
torus_minus1,RGA Fall 2018 torus-1,3,2,3,6,2.5,3,2.706398252184769,0.15,0.2,0.1838077403245943,10.604,0.4705874030191914,0.3,0.4,0.35,108,126,117,8.271547867878621,3.440653205260801,0.4159624365618542,,,
torus_minus1,RGA Fall 2018 torus-1,3,2,3,7,2.5,3,2.706398252184769,0.15,0.2,0.1838077403245943,10.604,0.4705874030191914,0.3,0.4,0.35,126,144,135,8.830974373209665,2.863771707059505,0.3242871721774289,,,
torus_minus1,RGA Fall 2018 torus-1,3,2,3,8,2.5,3,2.706398252184769,0.15,0.2,0.1838077403245943,10.604,0.4705874030191914,0.3,0.4,0.35,144,162,153,6.061227132483656,2.022971960985434,0.3337561712782241,,,
torus_minus1,RGA Fall 2018 torus-1,3,2,3,9,2.5,3,2.706398252184769,0.15,0.2,0.1838077403245943,10.604,0.4705874030191914,0.3,0.4,0.35,162,180,171,3.875647378979551,1.501846470735638,0.3875085434452168,,,
torus_minus1,RGA Fall 2018 torus-1,3,2,3,10,2.5,3,2.706398252184769,0.15,0.2,0.1838077403245943,10.604,0.4705874030191914,0.3,0.4,0.35,180,198,189,2.952807464439687,1.236956470059637,0.418908609842043,,,
torus_minus1,RGA Fall 2018 torus-1,3,2,3,11,2.5,3,2.706398252184769,0.15,0.2,0.1838077403245943,10.604,0.4705874030191914,0.3,0.4,0.35,198,216,207,4.152059122719336,2.794919774309749,0.673140649422943,,,
torus_minus1,RGA Fall 2018 torus-1,3,2,3,12,2.5,3,2.706398252184769,0.15,0.2,0.1838077403245943,10.604,0.4705874030191914,0.3,0.4,0.35,216,234,225,18.29648263693522,10.36506898812088,0.5665060981282188,,,
torus_minus1,RGA Fall 2018 torus-1,3,2,3,13,2.5,3,2.706398252184769,0.15,0.2,0.1838077403245943,10.604,0.4705874030191914,0.3,0.4,0.35,234,252,243,5.855981456754527,3.412468685584368,0.582732153574067,,,
torus_minus1,RGA Fall 2018 torus-1,3,2,3,14,2.5,3,2.706398252184769,0.15,0.2,0.1838077403245943,10.604,0.4705874030191914,0.3,0.4,0.35,252,270,261,8.251552267137583,3.784872267485466,0.4586860926227178,,,
torus_minus1,RGA Fall 2018 torus-1,3,2,3,15,2.5,3,2.706398252184769,0.15,0.2,0.1838077403245943,10.604,0.4705874030191914,0.3,0.4,0.35,270,288,279,14.5797175699391,9.461480242594853,0.6489481155727471,,,
torus_minus1,RGA Fall 2018 torus-1,3,2,3,16,2.5,3,2.706398252184769,0.15,0.2,0.1838077403245943,10.604,0.4705874030191914,0.3,0.4,0.35,288,306,297,38.20257456551413,18.95273845929379,0.4961115494138091,,,
torus_minus1,RGA Fall 2018 torus-1,3,2,3,17,2.5,3,2.706398252184769,0.15,0.2,0.1838077403245943,10.604,0.4705874030191914,0.3,0.4,0.35,306,324,315,7.829350484672206,3.728852852413603,0.4762659252148321,,,
torus_minus1,RGA Fall 2018 torus-1,3,2,3,18,2.5,3,2.706398252184769,0.15,0.2,0.1838077403245943,10.604,0.4705874030191914,0.3,0.4,0.35,324,342,333,5.286750114147074,1.779304851486899,0.3365592874771157,,,
torus_minus1,RGA Fall 2018 torus-1,3,2,3,19,2.5,3,2.706398252184769,0.15,0.2,0.1838077403245943,10.604,0.4705874030191914,0.3,0.4,0.35,342,360,351,3.752667421426368,2.055338684165945,0.54770072946798,,,
torus_minus1,RGA Fall 2018 torus-1,3,2,4,0,2.5,3,2.706398252184769,0.15,0.2,0.1838077403245943,10.604,0.4705874030191914,0.4,0.6,0.5,0,18,9,0.8379497077563232,1.079719547452036,1.288525477672247,,,
torus_minus1,RGA Fall 2018 torus-1,3,2,4,1,2.5,3,2.706398252184769,0.15,0.2,0.1838077403245943,10.604,0.4705874030191914,0.4,0.6,0.5,18,36,27,2.87942276873403,1.020926135899199,0.3545593050749059,,,
torus_minus1,RGA Fall 2018 torus-1,3,2,4,2,2.5,3,2.706398252184769,0.15,0.2,0.1838077403245943,10.604,0.4705874030191914,0.4,0.6,0.5,36,54,45,4.07311807001865,1.603148225911026,0.3935923777195305,,,
torus_minus1,RGA Fall 2018 torus-1,3,2,4,4,2.5,3,2.706398252184769,0.15,0.2,0.1838077403245943,10.604,0.4705874030191914,0.4,0.6,0.5,72,90,81,4.05406664521592,2.744177892703232,0.6768951112191389,,,
torus_minus1,RGA Fall 2018 torus-1,3,2,4,5,2.5,3,2.706398252184769,0.15,0.2,0.1838077403245943,10.604,0.4705874030191914,0.4,0.6,0.5,90,108,99,6.89966471582799,2.577212032210115,0.3735271405721979,,,
torus_minus1,RGA Fall 2018 torus-1,3,2,4,6,2.5,3,2.706398252184769,0.15,0.2,0.1838077403245943,10.604,0.4705874030191914,0.4,0.6,0.5,108,126,117,7.854238597432091,2.133276827418254,0.2716083552791126,,,
torus_minus1,RGA Fall 2018 torus-1,3,2,4,7,2.5,3,2.706398252184769,0.15,0.2,0.1838077403245943,10.604,0.4705874030191914,0.4,0.6,0.5,126,144,135,4.447826204690419,1.300975404443814,0.2924969062576863,,,
torus_minus1,RGA Fall 2018 torus-1,3,2,4,8,2.5,3,2.706398252184769,0.15,0.2,0.1838077403245943,10.604,0.4705874030191914,0.4,0.6,0.5,144,162,153,3.736253046225406,0.935383347784369,0.2503533182072213,,,
torus_minus1,RGA Fall 2018 torus-1,3,2,4,9,2.5,3,2.706398252184769,0.15,0.2,0.1838077403245943,10.604,0.4705874030191914,0.4,0.6,0.5,162,180,171,4.521888683035853,1.202190654633047,0.2658602939836047,,,
torus_minus1,RGA Fall 2018 torus-1,3,2,4,10,2.5,3,2.706398252184769,0.15,0.2,0.1838077403245943,10.604,0.4705874030191914,0.4,0.6,0.5,180,198,189,3.694455013943335,1.406991862130244,0.3808388129832628,,,
torus_minus1,RGA Fall 2018 torus-1,3,2,4,11,2.5,3,2.706398252184769,0.15,0.2,0.1838077403245943,10.604,0.4705874030191914,0.4,0.6,0.5,198,216,207,4.453826693808773,2.236543155576437,0.5021621426548628,,,
torus_minus1,RGA Fall 2018 torus-1,3,2,4,12,2.5,3,2.706398252184769,0.15,0.2,0.1838077403245943,10.604,0.4705874030191914,0.4,0.6,0.5,216,234,225,7.443906645936591,3.3316499679761,0.4475674033062665,,,
torus_minus1,RGA Fall 2018 torus-1,3,2,4,13,2.5,3,2.706398252184769,0.15,0.2,0.1838077403245943,10.604,0.4705874030191914,0.4,0.6,0.5,234,252,243,3.709257068087624,1.69682850470697,0.4574577802400202,,,
torus_minus1,RGA Fall 2018 torus-1,3,2,4,14,2.5,3,2.706398252184769,0.15,0.2,0.1838077403245943,10.604,0.4705874030191914,0.4,0.6,0.5,252,270,261,5.855708854090885,1.597481057659786,0.2728074597738516,,,
torus_minus1,RGA Fall 2018 torus-1,3,2,4,15,2.5,3,2.706398252184769,0.15,0.2,0.1838077403245943,10.604,0.4705874030191914,0.4,0.6,0.5,270,288,279,4.543794922715435,1.591101074479258,0.3501700894388944,,,
torus_minus1,RGA Fall 2018 torus-1,3,2,4,16,2.5,3,2.706398252184769,0.15,0.2,0.1838077403245943,10.604,0.4705874030191914,0.4,0.6,0.5,288,306,297,3.438910085380504,2.559760568665135,0.7443522817148347,,,
torus_minus1,RGA Fall 2018 torus-1,3,2,4,17,2.5,3,2.706398252184769,0.15,0.2,0.1838077403245943,10.604,0.4705874030191914,0.4,0.6,0.5,306,324,315,4.794353765181418,1.850254567826946,0.3859236632190683,,,
torus_minus1,RGA Fall 2018 torus-1,3,2,4,18,2.5,3,2.706398252184769,0.15,0.2,0.1838077403245943,10.604,0.4705874030191914,0.4,0.6,0.5,324,342,333,3.333785138902714,1.053404422107321,0.3159784983785845,,,
torus_minus1,RGA Fall 2018 torus-1,3,2,4,19,2.5,3,2.706398252184769,0.15,0.2,0.1838077403245943,10.604,0.4705874030191914,0.4,0.6,0.5,342,360,351,2.318091874149565,2.048860682839621,0.8838565484343814,,,
torus_minus1,RGA Fall 2018 torus-1,3,2,5,1,2.5,3,2.706398252184769,0.15,0.2,0.1838077403245943,10.604,0.4705874030191914,0.6,1,0.8,18,36,27,2.177559804838034,0.7214690200236944,0.3313199565957991,,,
torus_minus1,RGA Fall 2018 torus-1,3,2,5,2,2.5,3,2.706398252184769,0.15,0.2,0.1838077403245943,10.604,0.4705874030191914,0.6,1,0.8,36,54,45,2.113291332249529,0.8095119509985517,0.383057432094255,,,
torus_minus1,RGA Fall 2018 torus-1,3,2,5,3,2.5,3,2.706398252184769,0.15,0.2,0.1838077403245943,10.604,0.4705874030191914,0.6,1,0.8,54,72,63,3.78223739369617,1.662724581722739,0.4396140190708258,,,
torus_minus1,RGA Fall 2018 torus-1,3,2,5,4,2.5,3,2.706398252184769,0.15,0.2,0.1838077403245943,10.604,0.4705874030191914,0.6,1,0.8,72,90,81,5.463200309744657,2.373856461548795,0.4345175587493233,,,
torus_minus1,RGA Fall 2018 torus-1,3,2,5,5,2.5,3,2.706398252184769,0.15,0.2,0.1838077403245943,10.604,0.4705874030191914,0.6,1,0.8,90,108,99,3.193535919342573,1.515706656846522,0.4746170687062596,,,
torus_minus1,RGA Fall 2018 torus-1,3,2,5,6,2.5,3,2.706398252184769,0.15,0.2,0.1838077403245943,10.604,0.4705874030191914,0.6,1,0.8,108,126,117,2.798679838756261,0.8783710031650539,0.3138519065315466,,,
torus_minus1,RGA Fall 2018 torus-1,3,2,5,7,2.5,3,2.706398252184769,0.15,0.2,0.1838077403245943,10.604,0.4705874030191914,0.6,1,0.8,126,144,135,3.20229955097417,0.8872386715070389,0.2770629847033306,,,
torus_minus1,RGA Fall 2018 torus-1,3,2,5,8,2.5,3,2.706398252184769,0.15,0.2,0.1838077403245943,10.604,0.4705874030191914,0.6,1,0.8,144,162,153,1.831638910226747,0.5864908788683422,0.3202000544942222,,,
torus_minus1,RGA Fall 2018 torus-1,3,2,5,9,2.5,3,2.706398252184769,0.15,0.2,0.1838077403245943,10.604,0.4705874030191914,0.6,1,0.8,162,180,171,2.078171989455326,0.4830572975176217,0.2324433684837739,,,
torus_minus1,RGA Fall 2018 torus-1,3,2,5,10,2.5,3,2.706398252184769,0.15,0.2,0.1838077403245943,10.604,0.4705874030191914,0.6,1,0.8,180,198,189,1.945789063634265,0.6904441070991287,0.3548401622781996,,,
torus_minus1,RGA Fall 2018 torus-1,3,2,5,11,2.5,3,2.706398252184769,0.15,0.2,0.1838077403245943,10.604,0.4705874030191914,0.6,1,0.8,198,216,207,1.587759626301426,0.8219562413871699,0.5176830470880905,,,
torus_minus1,RGA Fall 2018 torus-1,3,2,5,12,2.5,3,2.706398252184769,0.15,0.2,0.1838077403245943,10.604,0.4705874030191914,0.6,1,0.8,216,234,225,3.262381520508581,1.125084619449696,0.3448660472041615,,,
torus_minus1,RGA Fall 2018 torus-1,3,2,5,13,2.5,3,2.706398252184769,0.15,0.2,0.1838077403245943,10.604,0.4705874030191914,0.6,1,0.8,234,252,243,1.745819568779203,0.813446083303104,0.4659393776138741,,,
torus_minus1,RGA Fall 2018 torus-1,3,2,5,14,2.5,3,2.706398252184769,0.15,0.2,0.1838077403245943,10.604,0.4705874030191914,0.6,1,0.8,252,270,261,2.522491638712575,0.7136196378815644,0.2829026772297966,,,
torus_minus1,RGA Fall 2018 torus-1,3,2,5,15,2.5,3,2.706398252184769,0.15,0.2,0.1838077403245943,10.604,0.4705874030191914,0.6,1,0.8,270,288,279,3.120069012624175,0.7949892898770816,0.2547986235754592,,,
torus_minus1,RGA Fall 2018 torus-1,3,2,5,16,2.5,3,2.706398252184769,0.15,0.2,0.1838077403245943,10.604,0.4705874030191914,0.6,1,0.8,288,306,297,3.358926530440464,1.302838964900734,0.3878736117309149,,,
torus_minus1,RGA Fall 2018 torus-1,3,2,5,17,2.5,3,2.706398252184769,0.15,0.2,0.1838077403245943,10.604,0.4705874030191914,0.6,1,0.8,306,324,315,3.280306513245949,1.16167577445623,0.3541363496872498,,,
torus_minus1,RGA Fall 2018 torus-1,3,2,5,18,2.5,3,2.706398252184769,0.15,0.2,0.1838077403245943,10.604,0.4705874030191914,0.6,1,0.8,324,342,333,2.136972095337769,0.6719733710021635,0.3144511678314413,,,
torus_minus1,RGA Fall 2018 torus-1,3,2,6,1,2.5,3,2.706398252184769,0.15,0.2,0.1838077403245943,10.604,0.4705874030191914,1,1.5,1.25,18,36,27,0.8023670885062191,0.3626812684655821,0.4520141387413985,,,
torus_minus1,RGA Fall 2018 torus-1,3,2,6,2,2.5,3,2.706398252184769,0.15,0.2,0.1838077403245943,10.604,0.4705874030191914,1,1.5,1.25,36,54,45,2.199607393739341,1.560382987497299,0.7093915904895379,,,
torus_minus1,RGA Fall 2018 torus-1,3,2,6,3,2.5,3,2.706398252184769,0.15,0.2,0.1838077403245943,10.604,0.4705874030191914,1,1.5,1.25,54,72,63,3.342132562344461,1.236660399144326,0.3700213489667283,,,
torus_minus1,RGA Fall 2018 torus-1,3,2,6,4,2.5,3,2.706398252184769,0.15,0.2,0.1838077403245943,10.604,0.4705874030191914,1,1.5,1.25,72,90,81,1.79492981089531,0.7485459993677737,0.4170335769254395,,,
torus_minus1,RGA Fall 2018 torus-1,3,2,6,5,2.5,3,2.706398252184769,0.15,0.2,0.1838077403245943,10.604,0.4705874030191914,1,1.5,1.25,90,108,99,2.827789369423356,1.282769232441032,0.4536296961547088,,,
torus_minus1,RGA Fall 2018 torus-1,3,2,6,6,2.5,3,2.706398252184769,0.15,0.2,0.1838077403245943,10.604,0.4705874030191914,1,1.5,1.25,108,126,117,3.048852569109098,1.185861164714619,0.3889532661335403,,,
torus_minus1,RGA Fall 2018 torus-1,3,2,6,7,2.5,3,2.706398252184769,0.15,0.2,0.1838077403245943,10.604,0.4705874030191914,1,1.5,1.25,126,144,135,1.428599859610581,0.6408324491365739,0.448573787002371,,,
torus_minus1,RGA Fall 2018 torus-1,3,2,6,8,2.5,3,2.706398252184769,0.15,0.2,0.1838077403245943,10.604,0.4705874030191914,1,1.5,1.25,144,162,153,1.521665234781024,0.7248385162930486,0.4763455849061025,,,
torus_minus1,RGA Fall 2018 torus-1,3,2,6,9,2.5,3,2.706398252184769,0.15,0.2,0.1838077403245943,10.604,0.4705874030191914,1,1.5,1.25,162,180,171,0.9633973803136366,0.3660869722633736,0.3799958145455959,,,
torus_minus1,RGA Fall 2018 torus-1,3,2,6,10,2.5,3,2.706398252184769,0.15,0.2,0.1838077403245943,10.604,0.4705874030191914,1,1.5,1.25,180,198,189,0.6398288868586507,0.4202594167359736,0.6568309517866707,,,
torus_minus1,RGA Fall 2018 torus-1,3,2,6,11,2.5,3,2.706398252184769,0.15,0.2,0.1838077403245943,10.604,0.4705874030191914,1,1.5,1.25,198,216,207,1.516353254491251,0.7602608182741408,0.5013744759160453,,,
torus_minus1,RGA Fall 2018 torus-1,3,2,6,12,2.5,3,2.706398252184769,0.15,0.2,0.1838077403245943,10.604,0.4705874030191914,1,1.5,1.25,216,234,225,0.6538711426140016,0.5671941154939579,0.8674402011785807,,,
torus_minus1,RGA Fall 2018 torus-1,3,2,6,13,2.5,3,2.706398252184769,0.15,0.2,0.1838077403245943,10.604,0.4705874030191914,1,1.5,1.25,234,252,243,1.841206753266438,0.879527045202111,0.477690538361194,,,
torus_minus1,RGA Fall 2018 torus-1,3,2,6,14,2.5,3,2.706398252184769,0.15,0.2,0.1838077403245943,10.604,0.4705874030191914,1,1.5,1.25,252,270,261,3.534637495111627,0.8738237679596395,0.2472173650531717,,,
torus_minus1,RGA Fall 2018 torus-1,3,2,6,15,2.5,3,2.706398252184769,0.15,0.2,0.1838077403245943,10.604,0.4705874030191914,1,1.5,1.25,270,288,279,3.631811485043973,1.019518950531623,0.2807191272812661,,,
torus_minus1,RGA Fall 2018 torus-1,3,2,6,16,2.5,3,2.706398252184769,0.15,0.2,0.1838077403245943,10.604,0.4705874030191914,1,1.5,1.25,288,306,297,3.546675004004258,1.635801689940835,0.4612211967812065,,,
torus_minus1,RGA Fall 2018 torus-1,3,2,6,18,2.5,3,2.706398252184769,0.15,0.2,0.1838077403245943,10.604,0.4705874030191914,1,1.5,1.25,324,342,333,1.152324080878272,0.4232042194724762,0.3672614557789339,,,
torus_minus1,RGA Fall 2018 torus-1,3,2,6,19,2.5,3,2.706398252184769,0.15,0.2,0.1838077403245943,10.604,0.4705874030191914,1,1.5,1.25,342,360,351,0.6206161056505933,0.602915860639291,0.9714795590218416,,,
torus_minus1,RGA Fall 2018 torus-1,3,2,7,0,2.5,3,2.706398252184769,0.15,0.2,0.1838077403245943,10.604,0.4705874030191914,1.5,2,1.75,0,18,9,0.6965456672434205,0.3865272030513976,0.5549201168404063,,,
torus_minus1,RGA Fall 2018 torus-1,3,2,7,1,2.5,3,2.706398252184769,0.15,0.2,0.1838077403245943,10.604,0.4705874030191914,1.5,2,1.75,18,36,27,0.2439966429831467,0.6273362877691487,2.57108573339052,,,
torus_minus1,RGA Fall 2018 torus-1,3,2,7,2,2.5,3,2.706398252184769,0.15,0.2,0.1838077403245943,10.604,0.4705874030191914,1.5,2,1.75,36,54,45,0.6517867292870936,0.6469804371003285,0.9926259741556536,,,
torus_minus1,RGA Fall 2018 torus-1,3,2,7,3,2.5,3,2.706398252184769,0.15,0.2,0.1838077403245943,10.604,0.4705874030191914,1.5,2,1.75,54,72,63,1.161131277021827,0.7145485694745494,0.6153899938922385,,,
torus_minus1,RGA Fall 2018 torus-1,3,2,7,4,2.5,3,2.706398252184769,0.15,0.2,0.1838077403245943,10.604,0.4705874030191914,1.5,2,1.75,72,90,81,0.6484730208209913,0.3693756523323378,0.5696083575916455,,,
torus_minus1,RGA Fall 2018 torus-1,3,2,7,5,2.5,3,2.706398252184769,0.15,0.2,0.1838077403245943,10.604,0.4705874030191914,1.5,2,1.75,90,108,99,0.4302952062433488,0.5802915267120038,1.348589336558461,,,
torus_minus1,RGA Fall 2018 torus-1,3,2,7,6,2.5,3,2.706398252184769,0.15,0.2,0.1838077403245943,10.604,0.4705874030191914,1.5,2,1.75,108,126,117,2.590326516697411,1.633080410086989,0.6304534967155869,,,
torus_minus1,RGA Fall 2018 torus-1,3,2,7,7,2.5,3,2.706398252184769,0.15,0.2,0.1838077403245943,10.604,0.4705874030191914,1.5,2,1.75,126,144,135,0.3419658556044236,0.2518204728662972,0.7363906914659807,,,
torus_minus1,RGA Fall 2018 torus-1,3,2,7,8,2.5,3,2.706398252184769,0.15,0.2,0.1838077403245943,10.604,0.4705874030191914,1.5,2,1.75,144,162,153,1.084993616262851,0.571249531721703,0.526500361992279,,,
torus_minus1,RGA Fall 2018 torus-1,3,2,7,9,2.5,3,2.706398252184769,0.15,0.2,0.1838077403245943,10.604,0.4705874030191914,1.5,2,1.75,162,180,171,0.4924386394759487,0.3647249910605166,0.7406506350692861,,,
torus_minus1,RGA Fall 2018 torus-1,3,2,7,10,2.5,3,2.706398252184769,0.15,0.2,0.1838077403245943,10.604,0.4705874030191914,1.5,2,1.75,180,198,189,0.1693967045767734,0.201748603214715,1.190983046091544,,,
torus_minus1,RGA Fall 2018 torus-1,3,2,7,11,2.5,3,2.706398252184769,0.15,0.2,0.1838077403245943,10.604,0.4705874030191914,1.5,2,1.75,198,216,207,0.4009114667776692,0.2542828608972436,0.6342618806616961,,,
torus_minus1,RGA Fall 2018 torus-1,3,2,7,12,2.5,3,2.706398252184769,0.15,0.2,0.1838077403245943,10.604,0.4705874030191914,1.5,2,1.75,216,234,225,2.233107486031311,1.578763368466009,0.7069804648193598,,,
torus_minus1,RGA Fall 2018 torus-1,3,2,7,13,2.5,3,2.706398252184769,0.15,0.2,0.1838077403245943,10.604,0.4705874030191914,1.5,2,1.75,234,252,243,0.3162572459361538,0.4140728669764195,1.309291319952912,,,
torus_minus1,RGA Fall 2018 torus-1,3,2,7,14,2.5,3,2.706398252184769,0.15,0.2,0.1838077403245943,10.604,0.4705874030191914,1.5,2,1.75,252,270,261,0.7239171857674187,0.4596835289273732,0.6349946346971532,,,
torus_minus1,RGA Fall 2018 torus-1,3,2,7,15,2.5,3,2.706398252184769,0.15,0.2,0.1838077403245943,10.604,0.4705874030191914,1.5,2,1.75,270,288,279,1.339585822642069,0.6543823579906163,0.4884960313330101,,,
torus_minus1,RGA Fall 2018 torus-1,3,2,7,16,2.5,3,2.706398252184769,0.15,0.2,0.1838077403245943,10.604,0.4705874030191914,1.5,2,1.75,288,306,297,0.7433517554957418,0.6587234907970713,0.886153138035933,,,
torus_minus1,RGA Fall 2018 torus-1,3,3,0,1,2.5,3,2.75,0.2,0.25,0.225,10.604,0.6540060453433645,0.09,0.15,0.12,18,36,27,22.97208259444674,11.52088497346335,0.5015167835174165,,,
torus_minus1,RGA Fall 2018 torus-1,3,3,0,2,2.5,3,2.75,0.2,0.25,0.225,10.604,0.6540060453433645,0.09,0.15,0.12,36,54,45,14.01413051845484,9.350346322316062,0.6672084514984955,,,
torus_minus1,RGA Fall 2018 torus-1,3,3,0,19,2.5,3,2.75,0.2,0.25,0.225,10.604,0.6540060453433645,0.09,0.15,0.12,342,360,351,6.586603497364844,4.993151005970399,0.7580767550328558,,,
torus_minus1,RGA Fall 2018 torus-1,3,3,1,0,2.5,3,2.75,0.2,0.25,0.225,10.604,0.6540060453433645,0.15,0.2,0.175,0,18,9,9.202228444007424,6.452831962973267,0.7012249263574206,,,
torus_minus1,RGA Fall 2018 torus-1,3,3,1,1,2.5,3,2.75,0.2,0.25,0.225,10.604,0.6540060453433645,0.15,0.2,0.175,18,36,27,11.88782199115491,6.657647464259307,0.5600392964508473,,,
torus_minus1,RGA Fall 2018 torus-1,3,3,1,2,2.5,3,2.75,0.2,0.25,0.225,10.604,0.6540060453433645,0.15,0.2,0.175,36,54,45,20.40647914072784,6.933686560133912,0.3397786806983014,,,
torus_minus1,RGA Fall 2018 torus-1,3,3,1,3,2.5,3,2.75,0.2,0.25,0.225,10.604,0.6540060453433645,0.15,0.2,0.175,54,72,63,23.5521975010812,8.215947913959516,0.3488399718787323,,,
torus_minus1,RGA Fall 2018 torus-1,3,3,1,4,2.5,3,2.75,0.2,0.25,0.225,10.604,0.6540060453433645,0.15,0.2,0.175,72,90,81,14.80217839216247,5.10910989295382,0.3451593243639745,,,
torus_minus1,RGA Fall 2018 torus-1,3,3,1,5,2.5,3,2.75,0.2,0.25,0.225,10.604,0.6540060453433645,0.15,0.2,0.175,90,108,99,22.20468553306432,7.372995985387392,0.3320468544536913,,,
torus_minus1,RGA Fall 2018 torus-1,3,3,1,6,2.5,3,2.75,0.2,0.25,0.225,10.604,0.6540060453433645,0.15,0.2,0.175,108,126,117,12.51131916036361,7.334429356328316,0.5862235038783201,,,
torus_minus1,RGA Fall 2018 torus-1,3,3,1,15,2.5,3,2.75,0.2,0.25,0.225,10.604,0.6540060453433645,0.15,0.2,0.175,270,288,279,23.76260844860958,13.78577272750393,0.5801455996431478,,,
torus_minus1,RGA Fall 2018 torus-1,3,3,1,16,2.5,3,2.75,0.2,0.25,0.225,10.604,0.6540060453433645,0.15,0.2,0.175,288,306,297,45.61568706215147,23.78343317555216,0.5213871522563538,,,
torus_minus1,RGA Fall 2018 torus-1,3,3,1,17,2.5,3,2.75,0.2,0.25,0.225,10.604,0.6540060453433645,0.15,0.2,0.175,306,324,315,8.270487949489995,6.92333569241104,0.8371133281003054,,,
torus_minus1,RGA Fall 2018 torus-1,3,3,1,18,2.5,3,2.75,0.2,0.25,0.225,10.604,0.6540060453433645,0.15,0.2,0.175,324,342,333,12.33181250453962,7.186662404778187,0.5827742192911718,,,
torus_minus1,RGA Fall 2018 torus-1,3,3,1,19,2.5,3,2.75,0.2,0.25,0.225,10.604,0.6540060453433645,0.15,0.2,0.175,342,360,351,15.96836960479255,10.35937979957541,0.6487437387763288,,,
torus_minus1,RGA Fall 2018 torus-1,3,3,2,0,2.5,3,2.75,0.2,0.25,0.225,10.604,0.6540060453433645,0.2,0.3,0.25,0,18,9,5.771873892928874,3.0611333190528,0.5303534650684235,,,
torus_minus1,RGA Fall 2018 torus-1,3,3,2,1,2.5,3,2.75,0.2,0.25,0.225,10.604,0.6540060453433645,0.2,0.3,0.25,18,36,27,28.25143733234426,7.371256422157378,0.2609161557142524,,,
torus_minus1,RGA Fall 2018 torus-1,3,3,2,2,2.5,3,2.75,0.2,0.25,0.225,10.604,0.6540060453433645,0.2,0.3,0.25,36,54,45,12.88123406506362,3.736190664163094,0.2900491245863128,,,
torus_minus1,RGA Fall 2018 torus-1,3,3,2,3,2.5,3,2.75,0.2,0.25,0.225,10.604,0.6540060453433645,0.2,0.3,0.25,54,72,63,24.75233791070302,7.10067769759357,0.2868689706487565,,,
torus_minus1,RGA Fall 2018 torus-1,3,3,2,4,2.5,3,2.75,0.2,0.25,0.225,10.604,0.6540060453433645,0.2,0.3,0.25,72,90,81,23.66459450104143,4.492030566194101,0.189820728430247,,,
torus_minus1,RGA Fall 2018 torus-1,3,3,2,5,2.5,3,2.75,0.2,0.25,0.225,10.604,0.6540060453433645,0.2,0.3,0.25,90,108,99,18.27564800617657,2.934318052011563,0.1605589060929528,,,
torus_minus1,RGA Fall 2018 torus-1,3,3,2,6,2.5,3,2.75,0.2,0.25,0.225,10.604,0.6540060453433645,0.2,0.3,0.25,108,126,117,23.71115031532022,4.878884355071106,0.20576329238311,,,
torus_minus1,RGA Fall 2018 torus-1,3,3,2,7,2.5,3,2.75,0.2,0.25,0.225,10.604,0.6540060453433645,0.2,0.3,0.25,126,144,135,29.08544280719358,6.672136309369647,0.2293977902828921,,,
torus_minus1,RGA Fall 2018 torus-1,3,3,2,8,2.5,3,2.75,0.2,0.25,0.225,10.604,0.6540060453433645,0.2,0.3,0.25,144,162,153,11.77588150137697,3.266096386078027,0.2773547259027799,,,
torus_minus1,RGA Fall 2018 torus-1,3,3,2,9,2.5,3,2.75,0.2,0.25,0.225,10.604,0.6540060453433645,0.2,0.3,0.25,162,180,171,10.67162651254146,2.605408263847507,0.2441435015351775,,,
torus_minus1,RGA Fall 2018 torus-1,3,3,2,10,2.5,3,2.75,0.2,0.25,0.225,10.604,0.6540060453433645,0.2,0.3,0.25,180,198,189,5.262181077882252,2.06315194912852,0.3920716369492228,,,
torus_minus1,RGA Fall 2018 torus-1,3,3,2,11,2.5,3,2.75,0.2,0.25,0.225,10.604,0.6540060453433645,0.2,0.3,0.25,198,216,207,7.765692962444068,4.409110933684936,0.5677678675950733,,,
torus_minus1,RGA Fall 2018 torus-1,3,3,2,12,2.5,3,2.75,0.2,0.25,0.225,10.604,0.6540060453433645,0.2,0.3,0.25,216,234,225,26.28483170221092,7.305770913798649,0.2779462694137826,,,
torus_minus1,RGA Fall 2018 torus-1,3,3,2,13,2.5,3,2.75,0.2,0.25,0.225,10.604,0.6540060453433645,0.2,0.3,0.25,234,252,243,14.70625813950868,6.572014738890567,0.4468855827598121,,,
torus_minus1,RGA Fall 2018 torus-1,3,3,2,14,2.5,3,2.75,0.2,0.25,0.225,10.604,0.6540060453433645,0.2,0.3,0.25,252,270,261,1.985044284488853,2.170817061659718,1.093586212973934,,,
torus_minus1,RGA Fall 2018 torus-1,3,3,2,15,2.5,3,2.75,0.2,0.25,0.225,10.604,0.6540060453433645,0.2,0.3,0.25,270,288,279,14.63768564682357,7.478552001270349,0.5109108216771429,,,
torus_minus1,RGA Fall 2018 torus-1,3,3,2,17,2.5,3,2.75,0.2,0.25,0.225,10.604,0.6540060453433645,0.2,0.3,0.25,306,324,315,5.804108293152718,5.042629022204816,0.8688034005419503,,,
torus_minus1,RGA Fall 2018 torus-1,3,3,2,18,2.5,3,2.75,0.2,0.25,0.225,10.604,0.6540060453433645,0.2,0.3,0.25,324,342,333,18.99813062589578,10.6881937933851,0.5625918677923154,,,
torus_minus1,RGA Fall 2018 torus-1,3,3,2,19,2.5,3,2.75,0.2,0.25,0.225,10.604,0.6540060453433645,0.2,0.3,0.25,342,360,351,14.68676866193768,6.094960943121756,0.4149967282399901,,,
torus_minus1,RGA Fall 2018 torus-1,3,3,3,0,2.5,3,2.75,0.2,0.25,0.225,10.604,0.6540060453433645,0.3,0.4,0.35,0,18,9,16.83680137205426,4.685561782761768,0.2782928704343373,,,
torus_minus1,RGA Fall 2018 torus-1,3,3,3,1,2.5,3,2.75,0.2,0.25,0.225,10.604,0.6540060453433645,0.3,0.4,0.35,18,36,27,16.0067366511941,5.230334314020347,0.3267583160762606,,,
torus_minus1,RGA Fall 2018 torus-1,3,3,3,2,2.5,3,2.75,0.2,0.25,0.225,10.604,0.6540060453433645,0.3,0.4,0.35,36,54,45,13.9667284201905,5.384420935785109,0.3855176941796417,,,
torus_minus1,RGA Fall 2018 torus-1,3,3,3,3,2.5,3,2.75,0.2,0.25,0.225,10.604,0.6540060453433645,0.3,0.4,0.35,54,72,63,38.19682226613109,18.16807005999874,0.475643495509004,,,
torus_minus1,RGA Fall 2018 torus-1,3,3,3,4,2.5,3,2.75,0.2,0.25,0.225,10.604,0.6540060453433645,0.3,0.4,0.35,72,90,81,16.66700938345546,5.0366577755872,0.3021932525331658,,,
torus_minus1,RGA Fall 2018 torus-1,3,3,3,5,2.5,3,2.75,0.2,0.25,0.225,10.604,0.6540060453433645,0.3,0.4,0.35,90,108,99,19.15068213039764,3.148284581201211,0.1643954277849966,,,
torus_minus1,RGA Fall 2018 torus-1,3,3,3,6,2.5,3,2.75,0.2,0.25,0.225,10.604,0.6540060453433645,0.3,0.4,0.35,108,126,117,20.88657478102246,3.554057096500264,0.1701598818265539,,,
torus_minus1,RGA Fall 2018 torus-1,3,3,3,7,2.5,3,2.75,0.2,0.25,0.225,10.604,0.6540060453433645,0.3,0.4,0.35,126,144,135,17.15489235404418,3.029941149560393,0.1766225684794868,,,
torus_minus1,RGA Fall 2018 torus-1,3,3,3,8,2.5,3,2.75,0.2,0.25,0.225,10.604,0.6540060453433645,0.3,0.4,0.35,144,162,153,6.604640854737718,1.652805823158757,0.2502491595698421,,,
torus_minus1,RGA Fall 2018 torus-1,3,3,3,9,2.5,3,2.75,0.2,0.25,0.225,10.604,0.6540060453433645,0.3,0.4,0.35,162,180,171,7.285260091474282,1.815826225378776,0.2492465886707027,,,
torus_minus1,RGA Fall 2018 torus-1,3,3,3,10,2.5,3,2.75,0.2,0.25,0.225,10.604,0.6540060453433645,0.3,0.4,0.35,180,198,189,6.657740075565643,1.654432473032064,0.2484976064331414,,,
torus_minus1,RGA Fall 2018 torus-1,3,3,3,11,2.5,3,2.75,0.2,0.25,0.225,10.604,0.6540060453433645,0.3,0.4,0.35,198,216,207,10.90396243922084,3.409578393722537,0.3126916854976045,,,
torus_minus1,RGA Fall 2018 torus-1,3,3,3,12,2.5,3,2.75,0.2,0.25,0.225,10.604,0.6540060453433645,0.3,0.4,0.35,216,234,225,12.67643688832286,3.320030880694564,0.2619056845344981,,,
torus_minus1,RGA Fall 2018 torus-1,3,3,3,13,2.5,3,2.75,0.2,0.25,0.225,10.604,0.6540060453433645,0.3,0.4,0.35,234,252,243,18.9663051852136,5.808902726945502,0.3062748737943015,,,
torus_minus1,RGA Fall 2018 torus-1,3,3,3,14,2.5,3,2.75,0.2,0.25,0.225,10.604,0.6540060453433645,0.3,0.4,0.35,252,270,261,12.23764152841541,4.137094430058108,0.338063050829844,,,
torus_minus1,RGA Fall 2018 torus-1,3,3,3,15,2.5,3,2.75,0.2,0.25,0.225,10.604,0.6540060453433645,0.3,0.4,0.35,270,288,279,15.23382501491648,6.042802349157731,0.396670064362746,,,
torus_minus1,RGA Fall 2018 torus-1,3,3,3,16,2.5,3,2.75,0.2,0.25,0.225,10.604,0.6540060453433645,0.3,0.4,0.35,288,306,297,21.75936821709991,11.89179229621031,0.5465136752851572,,,
torus_minus1,RGA Fall 2018 torus-1,3,3,3,18,2.5,3,2.75,0.2,0.25,0.225,10.604,0.6540060453433645,0.3,0.4,0.35,324,342,333,2.790424509303869,4.653694506974196,1.667737110055401,,,
torus_minus1,RGA Fall 2018 torus-1,3,3,3,19,2.5,3,2.75,0.2,0.25,0.225,10.604,0.6540060453433645,0.3,0.4,0.35,342,360,351,9.913803274989322,3.195262793840875,0.3223044380860298,,,
torus_minus1,RGA Fall 2018 torus-1,3,3,4,0,2.5,3,2.75,0.2,0.25,0.225,10.604,0.6540060453433645,0.4,0.6,0.5,0,18,9,5.069590250924888,1.313084725145923,0.2590120029732907,,,
torus_minus1,RGA Fall 2018 torus-1,3,3,4,1,2.5,3,2.75,0.2,0.25,0.225,10.604,0.6540060453433645,0.4,0.6,0.5,18,36,27,4.999835371745908,1.796220359071345,0.359255900548605,,,
torus_minus1,RGA Fall 2018 torus-1,3,3,4,3,2.5,3,2.75,0.2,0.25,0.225,10.604,0.6540060453433645,0.4,0.6,0.5,54,72,63,9.902958294256889,5.241477799159832,0.5292840425471215,,,
torus_minus1,RGA Fall 2018 torus-1,3,3,4,4,2.5,3,2.75,0.2,0.25,0.225,10.604,0.6540060453433645,0.4,0.6,0.5,72,90,81,12.06934726897594,3.198655652467223,0.2650230854397002,,,
torus_minus1,RGA Fall 2018 torus-1,3,3,4,5,2.5,3,2.75,0.2,0.25,0.225,10.604,0.6540060453433645,0.4,0.6,0.5,90,108,99,13.1537722018866,2.011628602652276,0.1529316892354085,,,
torus_minus1,RGA Fall 2018 torus-1,3,3,4,6,2.5,3,2.75,0.2,0.25,0.225,10.604,0.6540060453433645,0.4,0.6,0.5,108,126,117,14.52577638668992,1.934264707020915,0.1331608483793883,,,
torus_minus1,RGA Fall 2018 torus-1,3,3,4,7,2.5,3,2.75,0.2,0.25,0.225,10.604,0.6540060453433645,0.4,0.6,0.5,126,144,135,12.6906610203083,1.926408936409433,0.1517973676333082,,,
torus_minus1,RGA Fall 2018 torus-1,3,3,4,8,2.5,3,2.75,0.2,0.25,0.225,10.604,0.6540060453433645,0.4,0.6,0.5,144,162,153,7.471635805519398,1.327940234177078,0.177730856902328,,,
torus_minus1,RGA Fall 2018 torus-1,3,3,4,9,2.5,3,2.75,0.2,0.25,0.225,10.604,0.6540060453433645,0.4,0.6,0.5,162,180,171,6.641504470659936,1.230926621988711,0.1853385219307696,,,
torus_minus1,RGA Fall 2018 torus-1,3,3,4,10,2.5,3,2.75,0.2,0.25,0.225,10.604,0.6540060453433645,0.4,0.6,0.5,180,198,189,5.446591538503766,1.110289207621329,0.2038502795321305,,,
torus_minus1,RGA Fall 2018 torus-1,3,3,4,11,2.5,3,2.75,0.2,0.25,0.225,10.604,0.6540060453433645,0.4,0.6,0.5,198,216,207,6.390125216935938,1.570409765530734,0.2457557109160601,,,
torus_minus1,RGA Fall 2018 torus-1,3,3,4,12,2.5,3,2.75,0.2,0.25,0.225,10.604,0.6540060453433645,0.4,0.6,0.5,216,234,225,6.681295547164844,1.809524852746936,0.2708344272414044,,,
torus_minus1,RGA Fall 2018 torus-1,3,3,4,13,2.5,3,2.75,0.2,0.25,0.225,10.604,0.6540060453433645,0.4,0.6,0.5,234,252,243,9.648753138099238,2.127225488681499,0.2204663605996819,,,
torus_minus1,RGA Fall 2018 torus-1,3,3,4,14,2.5,3,2.75,0.2,0.25,0.225,10.604,0.6540060453433645,0.4,0.6,0.5,252,270,261,13.12000356681899,2.79120934159007,0.2127445566134714,,,
torus_minus1,RGA Fall 2018 torus-1,3,3,4,15,2.5,3,2.75,0.2,0.25,0.225,10.604,0.6540060453433645,0.4,0.6,0.5,270,288,279,12.31371371779179,2.529410662361788,0.2054141196012299,,,
torus_minus1,RGA Fall 2018 torus-1,3,3,4,16,2.5,3,2.75,0.2,0.25,0.225,10.604,0.6540060453433645,0.4,0.6,0.5,288,306,297,12.48993094416607,2.944752838706624,0.2357701457174262,,,
torus_minus1,RGA Fall 2018 torus-1,3,3,4,17,2.5,3,2.75,0.2,0.25,0.225,10.604,0.6540060453433645,0.4,0.6,0.5,306,324,315,8.881769781540674,2.635535097618087,0.2967353537011984,,,
torus_minus1,RGA Fall 2018 torus-1,3,3,4,18,2.5,3,2.75,0.2,0.25,0.225,10.604,0.6540060453433645,0.4,0.6,0.5,324,342,333,8.678663296057463,2.635272784106324,0.3036496167910414,,,
torus_minus1,RGA Fall 2018 torus-1,3,3,4,19,2.5,3,2.75,0.2,0.25,0.225,10.604,0.6540060453433645,0.4,0.6,0.5,342,360,351,5.11007232714907,1.231443912300132,0.2409836560937993,,,
torus_minus1,RGA Fall 2018 torus-1,3,3,5,0,2.5,3,2.75,0.2,0.25,0.225,10.604,0.6540060453433645,0.6,1,0.8,0,18,9,1.783525485873927,0.605351561456932,0.3394129022834287,,,
torus_minus1,RGA Fall 2018 torus-1,3,3,5,1,2.5,3,2.75,0.2,0.25,0.225,10.604,0.6540060453433645,0.6,1,0.8,18,36,27,5.005515791780402,1.260829917827953,0.2518881110910431,,,
torus_minus1,RGA Fall 2018 torus-1,3,3,5,2,2.5,3,2.75,0.2,0.25,0.225,10.604,0.6540060453433645,0.6,1,0.8,36,54,45,7.604759353367881,2.446590022884498,0.3217182699937756,,,
torus_minus1,RGA Fall 2018 torus-1,3,3,5,3,2.5,3,2.75,0.2,0.25,0.225,10.604,0.6540060453433645,0.6,1,0.8,54,72,63,5.221621826482722,1.214202948129557,0.2325336817713286,,,
torus_minus1,RGA Fall 2018 torus-1,3,3,5,4,2.5,3,2.75,0.2,0.25,0.225,10.604,0.6540060453433645,0.6,1,0.8,72,90,81,5.191956857483769,1.322851886981785,0.2547886901400203,,,
torus_minus1,RGA Fall 2018 torus-1,3,3,5,5,2.5,3,2.75,0.2,0.25,0.225,10.604,0.6540060453433645,0.6,1,0.8,90,108,99,8.212098118147354,1.448338186915142,0.1763664006540007,,,
torus_minus1,RGA Fall 2018 torus-1,3,3,5,6,2.5,3,2.75,0.2,0.25,0.225,10.604,0.6540060453433645,0.6,1,0.8,108,126,117,7.126318285985271,1.026053197420154,0.1439808265984985,,,
torus_minus1,RGA Fall 2018 torus-1,3,3,5,7,2.5,3,2.75,0.2,0.25,0.225,10.604,0.6540060453433645,0.6,1,0.8,126,144,135,5.466162429428995,0.9783914019233554,0.1789905467601627,,,
torus_minus1,RGA Fall 2018 torus-1,3,3,5,8,2.5,3,2.75,0.2,0.25,0.225,10.604,0.6540060453433645,0.6,1,0.8,144,162,153,4.403565204469754,0.6034647430261172,0.1370400380159199,,,
torus_minus1,RGA Fall 2018 torus-1,3,3,5,9,2.5,3,2.75,0.2,0.25,0.225,10.604,0.6540060453433645,0.6,1,0.8,162,180,171,3.88340635170411,0.568304864297718,0.1463418485805214,,,
torus_minus1,RGA Fall 2018 torus-1,3,3,5,10,2.5,3,2.75,0.2,0.25,0.225,10.604,0.6540060453433645,0.6,1,0.8,180,198,189,3.804569847796051,0.7330116383451135,0.1926661009442999,,,
torus_minus1,RGA Fall 2018 torus-1,3,3,5,11,2.5,3,2.75,0.2,0.25,0.225,10.604,0.6540060453433645,0.6,1,0.8,198,216,207,3.840930086374573,0.8305121460373117,0.2162268323975733,,,
torus_minus1,RGA Fall 2018 torus-1,3,3,5,12,2.5,3,2.75,0.2,0.25,0.225,10.604,0.6540060453433645,0.6,1,0.8,216,234,225,5.680934118542233,1.325603615290115,0.2333425432559451,,,
torus_minus1,RGA Fall 2018 torus-1,3,3,5,13,2.5,3,2.75,0.2,0.25,0.225,10.604,0.6540060453433645,0.6,1,0.8,234,252,243,5.156874727377011,1.169768999858417,0.226836807504418,,,
torus_minus1,RGA Fall 2018 torus-1,3,3,5,14,2.5,3,2.75,0.2,0.25,0.225,10.604,0.6540060453433645,0.6,1,0.8,252,270,261,7.601628596053113,1.017758779895378,0.1338869384415616,,,
torus_minus1,RGA Fall 2018 torus-1,3,3,5,15,2.5,3,2.75,0.2,0.25,0.225,10.604,0.6540060453433645,0.6,1,0.8,270,288,279,6.094059756564708,0.7814930248858876,0.1282384906127708,,,
torus_minus1,RGA Fall 2018 torus-1,3,3,5,16,2.5,3,2.75,0.2,0.25,0.225,10.604,0.6540060453433645,0.6,1,0.8,288,306,297,8.312073535474898,1.168573562221793,0.140587490863076,,,
torus_minus1,RGA Fall 2018 torus-1,3,3,5,17,2.5,3,2.75,0.2,0.25,0.225,10.604,0.6540060453433645,0.6,1,0.8,306,324,315,7.049726221010054,1.496325231961027,0.2122529563632671,,,
torus_minus1,RGA Fall 2018 torus-1,3,3,5,18,2.5,3,2.75,0.2,0.25,0.225,10.604,0.6540060453433645,0.6,1,0.8,324,342,333,3.398217169655387,0.7391834220616701,0.2175209485321477,,,
torus_minus1,RGA Fall 2018 torus-1,3,3,5,19,2.5,3,2.75,0.2,0.25,0.225,10.604,0.6540060453433645,0.6,1,0.8,342,360,351,3.581505691987205,0.7838617314147495,0.2188637402331818,,,
torus_minus1,RGA Fall 2018 torus-1,3,3,6,0,2.5,3,2.75,0.2,0.25,0.225,10.604,0.6540060453433645,1,1.5,1.25,0,18,9,1.051314596715912,0.8103779080766421,0.7708234153773702,,,
torus_minus1,RGA Fall 2018 torus-1,3,3,6,1,2.5,3,2.75,0.2,0.25,0.225,10.604,0.6540060453433645,1,1.5,1.25,18,36,27,1.776670490831479,0.6771620949223806,0.3811410716938681,,,
torus_minus1,RGA Fall 2018 torus-1,3,3,6,2,2.5,3,2.75,0.2,0.25,0.225,10.604,0.6540060453433645,1,1.5,1.25,36,54,45,2.134278981212065,0.6411155306335465,0.3003897504858782,,,
torus_minus1,RGA Fall 2018 torus-1,3,3,6,3,2.5,3,2.75,0.2,0.25,0.225,10.604,0.6540060453433645,1,1.5,1.25,54,72,63,3.016486903559871,0.6194679727745712,0.2053607367045133,,,
torus_minus1,RGA Fall 2018 torus-1,3,3,6,4,2.5,3,2.75,0.2,0.25,0.225,10.604,0.6540060453433645,1,1.5,1.25,72,90,81,4.303787657985024,0.8710929952348946,0.2024014808487853,,,
torus_minus1,RGA Fall 2018 torus-1,3,3,6,5,2.5,3,2.75,0.2,0.25,0.225,10.604,0.6540060453433645,1,1.5,1.25,90,108,99,2.77882914559864,0.8727489272063491,0.3140707404011101,,,
torus_minus1,RGA Fall 2018 torus-1,3,3,6,6,2.5,3,2.75,0.2,0.25,0.225,10.604,0.6540060453433645,1,1.5,1.25,108,126,117,3.490851705909349,0.8101026120864335,0.232064458858302,,,
torus_minus1,RGA Fall 2018 torus-1,3,3,6,7,2.5,3,2.75,0.2,0.25,0.225,10.604,0.6540060453433645,1,1.5,1.25,126,144,135,1.071630127228402,0.3159183717392831,0.2948016892324171,,,
torus_minus1,RGA Fall 2018 torus-1,3,3,6,8,2.5,3,2.75,0.2,0.25,0.225,10.604,0.6540060453433645,1,1.5,1.25,144,162,153,1.429168451598751,0.2801721811395826,0.1960385991071701,,,
torus_minus1,RGA Fall 2018 torus-1,3,3,6,9,2.5,3,2.75,0.2,0.25,0.225,10.604,0.6540060453433645,1,1.5,1.25,162,180,171,1.33571038107513,0.2987764148024741,0.2236835312771809,,,
torus_minus1,RGA Fall 2018 torus-1,3,3,6,10,2.5,3,2.75,0.2,0.25,0.225,10.604,0.6540060453433645,1,1.5,1.25,180,198,189,1.200504019647902,0.3065228008924412,0.2553284252911889,,,
torus_minus1,RGA Fall 2018 torus-1,3,3,6,11,2.5,3,2.75,0.2,0.25,0.225,10.604,0.6540060453433645,1,1.5,1.25,198,216,207,1.517051701941428,0.4425466491020439,0.2917149419071878,,,
torus_minus1,RGA Fall 2018 torus-1,3,3,6,12,2.5,3,2.75,0.2,0.25,0.225,10.604,0.6540060453433645,1,1.5,1.25,216,234,225,1.562567226567436,0.5466672439648868,0.3498519837548213,,,
torus_minus1,RGA Fall 2018 torus-1,3,3,6,13,2.5,3,2.75,0.2,0.25,0.225,10.604,0.6540060453433645,1,1.5,1.25,234,252,243,3.935645685216714,1.07338828842553,0.2727349904635595,,,
torus_minus1,RGA Fall 2018 torus-1,3,3,6,14,2.5,3,2.75,0.2,0.25,0.225,10.604,0.6540060453433645,1,1.5,1.25,252,270,261,4.830354896889537,0.737901281134814,0.1527633676792525,,,
torus_minus1,RGA Fall 2018 torus-1,3,3,6,15,2.5,3,2.75,0.2,0.25,0.225,10.604,0.6540060453433645,1,1.5,1.25,270,288,279,4.233024463892741,0.6040445646598214,0.1426981038763794,,,
torus_minus1,RGA Fall 2018 torus-1,3,3,6,16,2.5,3,2.75,0.2,0.25,0.225,10.604,0.6540060453433645,1,1.5,1.25,288,306,297,3.14024540140963,0.5200362966306181,0.1656037124987678,,,
torus_minus1,RGA Fall 2018 torus-1,3,3,6,17,2.5,3,2.75,0.2,0.25,0.225,10.604,0.6540060453433645,1,1.5,1.25,306,324,315,1.531401349321905,0.9450686303271325,0.6171266799167983,,,
torus_minus1,RGA Fall 2018 torus-1,3,3,6,18,2.5,3,2.75,0.2,0.25,0.225,10.604,0.6540060453433645,1,1.5,1.25,324,342,333,1.842382591249997,0.5691749113419906,0.3089341562632894,,,
torus_minus1,RGA Fall 2018 torus-1,3,3,6,19,2.5,3,2.75,0.2,0.25,0.225,10.604,0.6540060453433645,1,1.5,1.25,342,360,351,0.4921869443950632,0.64942823723043,1.319474733383326,,,
torus_minus1,RGA Fall 2018 torus-1,3,3,7,0,2.5,3,2.75,0.2,0.25,0.225,10.604,0.6540060453433645,1.5,2,1.75,0,18,9,0.3596262157267173,0.3455039096846887,0.9607305990930308,,,
torus_minus1,RGA Fall 2018 torus-1,3,3,7,2,2.5,3,2.75,0.2,0.25,0.225,10.604,0.6540060453433645,1.5,2,1.75,36,54,45,1.834431211106072,0.9799687753327598,0.5342085161873619,,,
torus_minus1,RGA Fall 2018 torus-1,3,3,7,3,2.5,3,2.75,0.2,0.25,0.225,10.604,0.6540060453433645,1.5,2,1.75,54,72,63,1.373617948014799,0.4234239213587486,0.3082545055345963,,,
torus_minus1,RGA Fall 2018 torus-1,3,3,7,4,2.5,3,2.75,0.2,0.25,0.225,10.604,0.6540060453433645,1.5,2,1.75,72,90,81,2.763928028760523,0.9181538018807557,0.3321916462103029,,,
torus_minus1,RGA Fall 2018 torus-1,3,3,7,5,2.5,3,2.75,0.2,0.25,0.225,10.604,0.6540060453433645,1.5,2,1.75,90,108,99,2.541447754653518,1.329521363030169,0.523135429636808,,,
torus_minus1,RGA Fall 2018 torus-1,3,3,7,6,2.5,3,2.75,0.2,0.25,0.225,10.604,0.6540060453433645,1.5,2,1.75,108,126,117,1.309442313802577,0.6883796964952645,0.5257044844505082,,,
torus_minus1,RGA Fall 2018 torus-1,3,3,7,7,2.5,3,2.75,0.2,0.25,0.225,10.604,0.6540060453433645,1.5,2,1.75,126,144,135,1.316105068298138,0.4753102840619245,0.3611491935644246,,,
torus_minus1,RGA Fall 2018 torus-1,3,3,7,8,2.5,3,2.75,0.2,0.25,0.225,10.604,0.6540060453433645,1.5,2,1.75,144,162,153,1.322299006419342,0.2606164086356965,0.1970934012432033,,,
torus_minus1,RGA Fall 2018 torus-1,3,3,7,9,2.5,3,2.75,0.2,0.25,0.225,10.604,0.6540060453433645,1.5,2,1.75,162,180,171,0.6654874519539627,0.1812101082352427,0.2722968069543384,,,
torus_minus1,RGA Fall 2018 torus-1,3,3,7,10,2.5,3,2.75,0.2,0.25,0.225,10.604,0.6540060453433645,1.5,2,1.75,180,198,189,1.254478569150384,0.3468674819554809,0.2765033141940421,,,
torus_minus1,RGA Fall 2018 torus-1,3,3,7,11,2.5,3,2.75,0.2,0.25,0.225,10.604,0.6540060453433645,1.5,2,1.75,198,216,207,0.552608371901997,0.2000498105572774,0.3620100974379654,,,
torus_minus1,RGA Fall 2018 torus-1,3,3,7,12,2.5,3,2.75,0.2,0.25,0.225,10.604,0.6540060453433645,1.5,2,1.75,216,234,225,0.7384651330257719,0.3352299294353148,0.453954986421296,,,
torus_minus1,RGA Fall 2018 torus-1,3,3,7,13,2.5,3,2.75,0.2,0.25,0.225,10.604,0.6540060453433645,1.5,2,1.75,234,252,243,0.6822034189958792,0.2671433351829345,0.3915889714773596,,,
torus_minus1,RGA Fall 2018 torus-1,3,3,7,14,2.5,3,2.75,0.2,0.25,0.225,10.604,0.6540060453433645,1.5,2,1.75,252,270,261,2.36940246722772,0.6650276834550394,0.2806731623915054,,,
torus_minus1,RGA Fall 2018 torus-1,3,3,7,15,2.5,3,2.75,0.2,0.25,0.225,10.604,0.6540060453433645,1.5,2,1.75,270,288,279,2.255680038993713,0.5559299243536399,0.2464577931015638,,,
torus_minus1,RGA Fall 2018 torus-1,3,3,7,16,2.5,3,2.75,0.2,0.25,0.225,10.604,0.6540060453433645,1.5,2,1.75,288,306,297,1.736889636685953,0.4458611255829277,0.2567008957654019,,,
torus_minus1,RGA Fall 2018 torus-1,3,3,7,17,2.5,3,2.75,0.2,0.25,0.225,10.604,0.6540060453433645,1.5,2,1.75,306,324,315,1.198149199768638,0.8987174015533326,0.7500880539142157,,,
torus_minus1,RGA Fall 2018 torus-1,3,3,7,18,2.5,3,2.75,0.2,0.25,0.225,10.604,0.6540060453433645,1.5,2,1.75,324,342,333,0.971351743002596,0.5283230530390742,0.5439049827675682,,,
torus_minus1,RGA Fall 2018 torus-1,3,3,7,19,2.5,3,2.75,0.2,0.25,0.225,10.604,0.6540060453433645,1.5,2,1.75,342,360,351,1.572582532265026,0.8644457622585739,0.5496981840523775,,,
torus_minus1,RGA Fall 2018 torus-1,3,4,1,0,2.5,3,2.75,0.25,0.3,0.275,10.604,0.7801021859790077,0.15,0.2,0.175,0,18,9,40.28438662501507,11.64489813159602,0.289067281574668,,,
torus_minus1,RGA Fall 2018 torus-1,3,4,1,1,2.5,3,2.75,0.25,0.3,0.275,10.604,0.7801021859790077,0.15,0.2,0.175,18,36,27,22.59207493836054,6.626855754285382,0.2933265657256304,,,
torus_minus1,RGA Fall 2018 torus-1,3,4,1,2,2.5,3,2.75,0.25,0.3,0.275,10.604,0.7801021859790077,0.15,0.2,0.175,36,54,45,14.78650945609063,4.740264481330533,0.3205803570752798,,,
torus_minus1,RGA Fall 2018 torus-1,3,4,1,3,2.5,3,2.75,0.25,0.3,0.275,10.604,0.7801021859790077,0.15,0.2,0.175,54,72,63,47.18689200526588,16.66252762372963,0.3531177179855406,,,
torus_minus1,RGA Fall 2018 torus-1,3,4,1,16,2.5,3,2.75,0.25,0.3,0.275,10.604,0.7801021859790077,0.15,0.2,0.175,288,306,297,10.42981985512535,8.205957895423516,0.7867784879708155,,,
torus_minus1,RGA Fall 2018 torus-1,3,4,1,17,2.5,3,2.75,0.25,0.3,0.275,10.604,0.7801021859790077,0.15,0.2,0.175,306,324,315,14.8939886361414,10.47540582099059,0.703331127537671,,,
torus_minus1,RGA Fall 2018 torus-1,3,4,1,18,2.5,3,2.75,0.25,0.3,0.275,10.604,0.7801021859790077,0.15,0.2,0.175,324,342,333,16.89439991725103,5.997374553342753,0.3549918661046243,,,
torus_minus1,RGA Fall 2018 torus-1,3,4,1,19,2.5,3,2.75,0.25,0.3,0.275,10.604,0.7801021859790077,0.15,0.2,0.175,342,360,351,25.607722841639,7.009163774252688,0.2737128880064086,,,
torus_minus1,RGA Fall 2018 torus-1,3,4,2,0,2.5,3,2.75,0.25,0.3,0.275,10.604,0.7801021859790077,0.2,0.3,0.25,0,18,9,20.10284705358168,4.098527185312617,0.2038779469588807,,,
torus_minus1,RGA Fall 2018 torus-1,3,4,2,1,2.5,3,2.75,0.25,0.3,0.275,10.604,0.7801021859790077,0.2,0.3,0.25,18,36,27,25.33898713142251,4.308674332596866,0.1700413007927117,,,
torus_minus1,RGA Fall 2018 torus-1,3,4,2,2,2.5,3,2.75,0.25,0.3,0.275,10.604,0.7801021859790077,0.2,0.3,0.25,36,54,45,37.2711143102125,4.914801632428246,0.1318662380609738,,,
torus_minus1,RGA Fall 2018 torus-1,3,4,2,3,2.5,3,2.75,0.25,0.3,0.275,10.604,0.7801021859790077,0.2,0.3,0.25,54,72,63,32.24128770604725,5.057682397822473,0.1568697393210459,,,
torus_minus1,RGA Fall 2018 torus-1,3,4,2,4,2.5,3,2.75,0.25,0.3,0.275,10.604,0.7801021859790077,0.2,0.3,0.25,72,90,81,52.42582827273169,10.23265100177581,0.1951833922116235,,,
torus_minus1,RGA Fall 2018 torus-1,3,4,2,5,2.5,3,2.75,0.25,0.3,0.275,10.604,0.7801021859790077,0.2,0.3,0.25,90,108,99,29.55820086234212,6.443428389483238,0.2179912241442382,,,
torus_minus1,RGA Fall 2018 torus-1,3,4,2,6,2.5,3,2.75,0.25,0.3,0.275,10.604,0.7801021859790077,0.2,0.3,0.25,108,126,117,18.53537024559178,3.527500453994028,0.1903118420217673,,,
torus_minus1,RGA Fall 2018 torus-1,3,4,2,7,2.5,3,2.75,0.25,0.3,0.275,10.604,0.7801021859790077,0.2,0.3,0.25,126,144,135,17.87958630115221,3.255457509848335,0.1820767804699455,,,
torus_minus1,RGA Fall 2018 torus-1,3,4,2,8,2.5,3,2.75,0.25,0.3,0.275,10.604,0.7801021859790077,0.2,0.3,0.25,144,162,153,7.481424254153645,2.556601693932059,0.3417266027271008,,,
torus_minus1,RGA Fall 2018 torus-1,3,4,2,9,2.5,3,2.75,0.25,0.3,0.275,10.604,0.7801021859790077,0.2,0.3,0.25,162,180,171,13.11439356034863,3.000471825777322,0.2287922664490753,,,
torus_minus1,RGA Fall 2018 torus-1,3,4,2,10,2.5,3,2.75,0.25,0.3,0.275,10.604,0.7801021859790077,0.2,0.3,0.25,180,198,189,17.12188225702389,4.563564694509783,0.266534054258998,,,
torus_minus1,RGA Fall 2018 torus-1,3,4,2,11,2.5,3,2.75,0.25,0.3,0.275,10.604,0.7801021859790077,0.2,0.3,0.25,198,216,207,15.55099756190502,5.041784007353538,0.3242096841236924,,,
torus_minus1,RGA Fall 2018 torus-1,3,4,2,12,2.5,3,2.75,0.25,0.3,0.275,10.604,0.7801021859790077,0.2,0.3,0.25,216,234,225,18.09488265095878,4.060890799222498,0.2244220577472121,,,
torus_minus1,RGA Fall 2018 torus-1,3,4,2,13,2.5,3,2.75,0.25,0.3,0.275,10.604,0.7801021859790077,0.2,0.3,0.25,234,252,243,37.18565934465777,12.21191739552664,0.3284039495532313,,,
torus_minus1,RGA Fall 2018 torus-1,3,4,2,14,2.5,3,2.75,0.25,0.3,0.275,10.604,0.7801021859790077,0.2,0.3,0.25,252,270,261,28.93660077036879,10.80677599007623,0.3734639073827364,,,
torus_minus1,RGA Fall 2018 torus-1,3,4,2,15,2.5,3,2.75,0.25,0.3,0.275,10.604,0.7801021859790077,0.2,0.3,0.25,270,288,279,29.57960437135626,8.347448742910672,0.2822028529561409,,,
torus_minus1,RGA Fall 2018 torus-1,3,4,2,16,2.5,3,2.75,0.25,0.3,0.275,10.604,0.7801021859790077,0.2,0.3,0.25,288,306,297,26.97890622851127,9.548305716111473,0.353917450738638,,,
torus_minus1,RGA Fall 2018 torus-1,3,4,2,17,2.5,3,2.75,0.25,0.3,0.275,10.604,0.7801021859790077,0.2,0.3,0.25,306,324,315,27.07740460384376,8.223927672090351,0.303719200285648,,,
torus_minus1,RGA Fall 2018 torus-1,3,4,2,18,2.5,3,2.75,0.25,0.3,0.275,10.604,0.7801021859790077,0.2,0.3,0.25,324,342,333,12.73317692379043,3.702869570554093,0.2908048472675912,,,
torus_minus1,RGA Fall 2018 torus-1,3,4,2,19,2.5,3,2.75,0.25,0.3,0.275,10.604,0.7801021859790077,0.2,0.3,0.25,342,360,351,17.71380110834658,3.507655619526326,0.1980182343739622,,,
torus_minus1,RGA Fall 2018 torus-1,3,4,3,0,2.5,3,2.75,0.25,0.3,0.275,10.604,0.7801021859790077,0.3,0.4,0.35,0,18,9,9.871907763982986,4.146686535602634,0.420049157137747,,,
torus_minus1,RGA Fall 2018 torus-1,3,4,3,1,2.5,3,2.75,0.25,0.3,0.275,10.604,0.7801021859790077,0.3,0.4,0.35,18,36,27,26.86071264154656,5.039300321001302,0.1876085861254035,,,
torus_minus1,RGA Fall 2018 torus-1,3,4,3,2,2.5,3,2.75,0.25,0.3,0.275,10.604,0.7801021859790077,0.3,0.4,0.35,36,54,45,25.22867037824113,4.532157841926093,0.1796431509856709,,,
torus_minus1,RGA Fall 2018 torus-1,3,4,3,3,2.5,3,2.75,0.25,0.3,0.275,10.604,0.7801021859790077,0.3,0.4,0.35,54,72,63,30.90080657201968,5.719958245586958,0.1851070855466379,,,
torus_minus1,RGA Fall 2018 torus-1,3,4,3,4,2.5,3,2.75,0.25,0.3,0.275,10.604,0.7801021859790077,0.3,0.4,0.35,72,90,81,30.99689371404517,7.070837845072827,0.2281144010849358,,,
torus_minus1,RGA Fall 2018 torus-1,3,4,3,5,2.5,3,2.75,0.25,0.3,0.275,10.604,0.7801021859790077,0.3,0.4,0.35,90,108,99,41.8629577707766,6.609974301711584,0.1578955394863626,,,
torus_minus1,RGA Fall 2018 torus-1,3,4,3,6,2.5,3,2.75,0.25,0.3,0.275,10.604,0.7801021859790077,0.3,0.4,0.35,108,126,117,29.32942442059257,4.654310552251616,0.1586908248013133,,,
torus_minus1,RGA Fall 2018 torus-1,3,4,3,7,2.5,3,2.75,0.25,0.3,0.275,10.604,0.7801021859790077,0.3,0.4,0.35,126,144,135,18.31762423552372,2.475107957921833,0.1351216689510318,,,
torus_minus1,RGA Fall 2018 torus-1,3,4,3,8,2.5,3,2.75,0.25,0.3,0.275,10.604,0.7801021859790077,0.3,0.4,0.35,144,162,153,14.46228232325262,2.399324261012946,0.1659021866248099,,,
torus_minus1,RGA Fall 2018 torus-1,3,4,3,9,2.5,3,2.75,0.25,0.3,0.275,10.604,0.7801021859790077,0.3,0.4,0.35,162,180,171,8.698381715088088,1.52824831401302,0.1756934064369861,,,
torus_minus1,RGA Fall 2018 torus-1,3,4,3,10,2.5,3,2.75,0.25,0.3,0.275,10.604,0.7801021859790077,0.3,0.4,0.35,180,198,189,11.99093013588038,1.812650544253013,0.1511684684767724,,,
torus_minus1,RGA Fall 2018 torus-1,3,4,3,11,2.5,3,2.75,0.25,0.3,0.275,10.604,0.7801021859790077,0.3,0.4,0.35,198,216,207,17.01686473080961,3.908526495730416,0.2296854654226578,,,
torus_minus1,RGA Fall 2018 torus-1,3,4,3,12,2.5,3,2.75,0.25,0.3,0.275,10.604,0.7801021859790077,0.3,0.4,0.35,216,234,225,16.57327040341536,3.334505064573269,0.2011977710739641,,,
torus_minus1,RGA Fall 2018 torus-1,3,4,3,13,2.5,3,2.75,0.25,0.3,0.275,10.604,0.7801021859790077,0.3,0.4,0.35,234,252,243,13.69552448714557,3.416099080939008,0.2494317821960971,,,
torus_minus1,RGA Fall 2018 torus-1,3,4,3,14,2.5,3,2.75,0.25,0.3,0.275,10.604,0.7801021859790077,0.3,0.4,0.35,252,270,261,31.56750176871014,8.74646798925882,0.2770719093751144,,,
torus_minus1,RGA Fall 2018 torus-1,3,4,3,15,2.5,3,2.75,0.25,0.3,0.275,10.604,0.7801021859790077,0.3,0.4,0.35,270,288,279,36.77871980865567,9.772977447708422,0.2657236983384181,,,
torus_minus1,RGA Fall 2018 torus-1,3,4,3,16,2.5,3,2.75,0.25,0.3,0.275,10.604,0.7801021859790077,0.3,0.4,0.35,288,306,297,21.3968151475909,7.227634690160792,0.3377902103797238,,,
torus_minus1,RGA Fall 2018 torus-1,3,4,3,17,2.5,3,2.75,0.25,0.3,0.275,10.604,0.7801021859790077,0.3,0.4,0.35,306,324,315,28.94116472068976,16.30403864437727,0.5633511574854371,,,
torus_minus1,RGA Fall 2018 torus-1,3,4,3,18,2.5,3,2.75,0.25,0.3,0.275,10.604,0.7801021859790077,0.3,0.4,0.35,324,342,333,21.07415848959423,8.567140938071708,0.4065235127799717,,,
torus_minus1,RGA Fall 2018 torus-1,3,4,3,19,2.5,3,2.75,0.25,0.3,0.275,10.604,0.7801021859790077,0.3,0.4,0.35,342,360,351,13.3894302177865,3.448321971897435,0.2575406059711703,,,
torus_minus1,RGA Fall 2018 torus-1,3,4,4,0,2.5,3,2.75,0.25,0.3,0.275,10.604,0.7801021859790077,0.4,0.6,0.5,0,18,9,12.33394225063139,3.04300319956965,0.2467178082833876,,,
torus_minus1,RGA Fall 2018 torus-1,3,4,4,1,2.5,3,2.75,0.25,0.3,0.275,10.604,0.7801021859790077,0.4,0.6,0.5,18,36,27,12.87697921612579,3.126713969781647,0.2428142437215458,,,
torus_minus1,RGA Fall 2018 torus-1,3,4,4,2,2.5,3,2.75,0.25,0.3,0.275,10.604,0.7801021859790077,0.4,0.6,0.5,36,54,45,15.85207596111523,3.472396534745811,0.2190499555555701,,,
torus_minus1,RGA Fall 2018 torus-1,3,4,4,3,2.5,3,2.75,0.25,0.3,0.275,10.604,0.7801021859790077,0.4,0.6,0.5,54,72,63,21.5136014416582,4.586330812037932,0.2131828473477769,,,
torus_minus1,RGA Fall 2018 torus-1,3,4,4,4,2.5,3,2.75,0.25,0.3,0.275,10.604,0.7801021859790077,0.4,0.6,0.5,72,90,81,23.96247519017114,5.091721466704121,0.2124872921639009,,,
torus_minus1,RGA Fall 2018 torus-1,3,4,4,5,2.5,3,2.75,0.25,0.3,0.275,10.604,0.7801021859790077,0.4,0.6,0.5,90,108,99,27.02590903914686,3.468472658639856,0.1283387971748071,,,
torus_minus1,RGA Fall 2018 torus-1,3,4,4,6,2.5,3,2.75,0.25,0.3,0.275,10.604,0.7801021859790077,0.4,0.6,0.5,108,126,117,25.63428729851999,3.170857979860817,0.1236959679407154,,,
torus_minus1,RGA Fall 2018 torus-1,3,4,4,7,2.5,3,2.75,0.25,0.3,0.275,10.604,0.7801021859790077,0.4,0.6,0.5,126,144,135,11.34034562483883,1.395583428408775,0.1230635709507847,,,
torus_minus1,RGA Fall 2018 torus-1,3,4,4,8,2.5,3,2.75,0.25,0.3,0.275,10.604,0.7801021859790077,0.4,0.6,0.5,144,162,153,10.31045823010769,1.184819292496451,0.1149143196212799,,,
torus_minus1,RGA Fall 2018 torus-1,3,4,4,9,2.5,3,2.75,0.25,0.3,0.275,10.604,0.7801021859790077,0.4,0.6,0.5,162,180,171,9.596115881599699,1.223402557681452,0.1274893480629277,,,
torus_minus1,RGA Fall 2018 torus-1,3,4,4,10,2.5,3,2.75,0.25,0.3,0.275,10.604,0.7801021859790077,0.4,0.6,0.5,180,198,189,10.06001363182946,1.220305439918964,0.1213025632547821,,,
torus_minus1,RGA Fall 2018 torus-1,3,4,4,11,2.5,3,2.75,0.25,0.3,0.275,10.604,0.7801021859790077,0.4,0.6,0.5,198,216,207,8.78670872924469,1.352209748220866,0.1538926337367169,,,
torus_minus1,RGA Fall 2018 torus-1,3,4,4,12,2.5,3,2.75,0.25,0.3,0.275,10.604,0.7801021859790077,0.4,0.6,0.5,216,234,225,14.94429842535355,2.559318085945877,0.1712571586233784,,,
torus_minus1,RGA Fall 2018 torus-1,3,4,4,13,2.5,3,2.75,0.25,0.3,0.275,10.604,0.7801021859790077,0.4,0.6,0.5,234,252,243,17.66192458372923,3.743263336160571,0.2119397191633913,,,
torus_minus1,RGA Fall 2018 torus-1,3,4,4,14,2.5,3,2.75,0.25,0.3,0.275,10.604,0.7801021859790077,0.4,0.6,0.5,252,270,261,20.70531954123712,4.162695261448535,0.2010447244321938,,,
torus_minus1,RGA Fall 2018 torus-1,3,4,4,15,2.5,3,2.75,0.25,0.3,0.275,10.604,0.7801021859790077,0.4,0.6,0.5,270,288,279,20.72918883190565,4.307816599433101,0.2078140459023973,,,
torus_minus1,RGA Fall 2018 torus-1,3,4,4,16,2.5,3,2.75,0.25,0.3,0.275,10.604,0.7801021859790077,0.4,0.6,0.5,288,306,297,18.54795991435488,4.776731928080646,0.2575340873140325,,,
torus_minus1,RGA Fall 2018 torus-1,3,4,4,17,2.5,3,2.75,0.25,0.3,0.275,10.604,0.7801021859790077,0.4,0.6,0.5,306,324,315,13.34070700159567,4.904162745823042,0.3676089089758481,,,
torus_minus1,RGA Fall 2018 torus-1,3,4,4,19,2.5,3,2.75,0.25,0.3,0.275,10.604,0.7801021859790077,0.4,0.6,0.5,342,360,351,11.29927671162119,3.543408732303985,0.313596066610142,,,
torus_minus1,RGA Fall 2018 torus-1,3,4,5,0,2.5,3,2.75,0.25,0.3,0.275,10.604,0.7801021859790077,0.6,1,0.8,0,18,9,5.744384384527969,1.396344383390936,0.243079900285203,,,
torus_minus1,RGA Fall 2018 torus-1,3,4,5,1,2.5,3,2.75,0.25,0.3,0.275,10.604,0.7801021859790077,0.6,1,0.8,18,36,27,3.145535984027841,2.083330880639914,0.6623134789169448,,,
torus_minus1,RGA Fall 2018 torus-1,3,4,5,2,2.5,3,2.75,0.25,0.3,0.275,10.604,0.7801021859790077,0.6,1,0.8,36,54,45,14.64404909526449,7.092090852005383,0.4842984891589022,,,
torus_minus1,RGA Fall 2018 torus-1,3,4,5,3,2.5,3,2.75,0.25,0.3,0.275,10.604,0.7801021859790077,0.6,1,0.8,54,72,63,12.1141291235836,2.592987696977583,0.2140465625324724,,,
torus_minus1,RGA Fall 2018 torus-1,3,4,5,4,2.5,3,2.75,0.25,0.3,0.275,10.604,0.7801021859790077,0.6,1,0.8,72,90,81,12.92321306341467,2.373547808105941,0.1836654550581853,,,
torus_minus1,RGA Fall 2018 torus-1,3,4,5,5,2.5,3,2.75,0.25,0.3,0.275,10.604,0.7801021859790077,0.6,1,0.8,90,108,99,18.63343060855403,2.439358358612392,0.1309130030780568,,,
torus_minus1,RGA Fall 2018 torus-1,3,4,5,6,2.5,3,2.75,0.25,0.3,0.275,10.604,0.7801021859790077,0.6,1,0.8,108,126,117,11.11001862283163,1.746832066709369,0.1572303455117117,,,
torus_minus1,RGA Fall 2018 torus-1,3,4,5,7,2.5,3,2.75,0.25,0.3,0.275,10.604,0.7801021859790077,0.6,1,0.8,126,144,135,8.388475856188947,0.9302120440963505,0.1108916637591617,,,
torus_minus1,RGA Fall 2018 torus-1,3,4,5,8,2.5,3,2.75,0.25,0.3,0.275,10.604,0.7801021859790077,0.6,1,0.8,144,162,153,6.181179781712421,0.6203287269361309,0.1003576580592963,,,
torus_minus1,RGA Fall 2018 torus-1,3,4,5,9,2.5,3,2.75,0.25,0.3,0.275,10.604,0.7801021859790077,0.6,1,0.8,162,180,171,6.580945978693795,0.6988405485971491,0.1061915036014103,,,
torus_minus1,RGA Fall 2018 torus-1,3,4,5,10,2.5,3,2.75,0.25,0.3,0.275,10.604,0.7801021859790077,0.6,1,0.8,180,198,189,5.638863442581074,0.6218017975484426,0.1102707671288854,,,
torus_minus1,RGA Fall 2018 torus-1,3,4,5,11,2.5,3,2.75,0.25,0.3,0.275,10.604,0.7801021859790077,0.6,1,0.8,198,216,207,7.187434389999423,0.7896796178425776,0.1098694714961622,,,
torus_minus1,RGA Fall 2018 torus-1,3,4,5,12,2.5,3,2.75,0.25,0.3,0.275,10.604,0.7801021859790077,0.6,1,0.8,216,234,225,7.97975202740057,1.414105479194968,0.1772117071231369,,,
torus_minus1,RGA Fall 2018 torus-1,3,4,5,13,2.5,3,2.75,0.25,0.3,0.275,10.604,0.7801021859790077,0.6,1,0.8,234,252,243,11.22720854885059,2.045684943092446,0.1822077976187481,,,
torus_minus1,RGA Fall 2018 torus-1,3,4,5,14,2.5,3,2.75,0.25,0.3,0.275,10.604,0.7801021859790077,0.6,1,0.8,252,270,261,16.2235499766533,2.089860163142971,0.1288164530050704,,,
torus_minus1,RGA Fall 2018 torus-1,3,4,5,15,2.5,3,2.75,0.25,0.3,0.275,10.604,0.7801021859790077,0.6,1,0.8,270,288,279,15.69897779610255,1.628528750599407,0.1037346999117171,,,
torus_minus1,RGA Fall 2018 torus-1,3,4,5,16,2.5,3,2.75,0.25,0.3,0.275,10.604,0.7801021859790077,0.6,1,0.8,288,306,297,13.78535382695324,1.860363396813669,0.1349521688138516,,,
torus_minus1,RGA Fall 2018 torus-1,3,4,5,17,2.5,3,2.75,0.25,0.3,0.275,10.604,0.7801021859790077,0.6,1,0.8,306,324,315,11.47720248281207,1.83544944057155,0.1599213260653253,,,
torus_minus1,RGA Fall 2018 torus-1,3,4,5,18,2.5,3,2.75,0.25,0.3,0.275,10.604,0.7801021859790077,0.6,1,0.8,324,342,333,5.57781249495256,1.961719799162129,0.351700563785053,,,
torus_minus1,RGA Fall 2018 torus-1,3,4,5,19,2.5,3,2.75,0.25,0.3,0.275,10.604,0.7801021859790077,0.6,1,0.8,342,360,351,5.184927162082994,1.170092156468624,0.2256718599685306,,,
torus_minus1,RGA Fall 2018 torus-1,3,4,6,0,2.5,3,2.75,0.25,0.3,0.275,10.604,0.7801021859790077,1,1.5,1.25,0,18,9,1.688160929643433,0.7184036140645744,0.4255539868561659,,,
torus_minus1,RGA Fall 2018 torus-1,3,4,6,1,2.5,3,2.75,0.25,0.3,0.275,10.604,0.7801021859790077,1,1.5,1.25,18,36,27,1.332275296472879,0.9328051056606911,0.7001594251054855,,,
torus_minus1,RGA Fall 2018 torus-1,3,4,6,2,2.5,3,2.75,0.25,0.3,0.275,10.604,0.7801021859790077,1,1.5,1.25,36,54,45,3.504920703904509,0.9261808579849938,0.2642515869055814,,,
torus_minus1,RGA Fall 2018 torus-1,3,4,6,3,2.5,3,2.75,0.25,0.3,0.275,10.604,0.7801021859790077,1,1.5,1.25,54,72,63,6.622411618089943,1.075426217906829,0.1623919321126413,,,
torus_minus1,RGA Fall 2018 torus-1,3,4,6,4,2.5,3,2.75,0.25,0.3,0.275,10.604,0.7801021859790077,1,1.5,1.25,72,90,81,7.23699044714938,1.190644385562457,0.1645220336074158,,,
torus_minus1,RGA Fall 2018 torus-1,3,4,6,5,2.5,3,2.75,0.25,0.3,0.275,10.604,0.7801021859790077,1,1.5,1.25,90,108,99,6.204896321267696,1.323159158830804,0.2132443622459231,,,
torus_minus1,RGA Fall 2018 torus-1,3,4,6,6,2.5,3,2.75,0.25,0.3,0.275,10.604,0.7801021859790077,1,1.5,1.25,108,126,117,2.615781152826185,0.565585647736084,0.2162205531319028,,,
torus_minus1,RGA Fall 2018 torus-1,3,4,6,7,2.5,3,2.75,0.25,0.3,0.275,10.604,0.7801021859790077,1,1.5,1.25,126,144,135,6.25247957530364,0.8992518501371978,0.1438232367346082,,,
torus_minus1,RGA Fall 2018 torus-1,3,4,6,8,2.5,3,2.75,0.25,0.3,0.275,10.604,0.7801021859790077,1,1.5,1.25,144,162,153,3.644374028715534,0.4401438158328165,0.1207735024903429,,,
torus_minus1,RGA Fall 2018 torus-1,3,4,6,9,2.5,3,2.75,0.25,0.3,0.275,10.604,0.7801021859790077,1,1.5,1.25,162,180,171,2.862952509265961,0.4256704887706327,0.1486823436270591,,,
torus_minus1,RGA Fall 2018 torus-1,3,4,6,10,2.5,3,2.75,0.25,0.3,0.275,10.604,0.7801021859790077,1,1.5,1.25,180,198,189,2.674531115410471,0.412142865617864,0.1540991103985009,,,
torus_minus1,RGA Fall 2018 torus-1,3,4,6,11,2.5,3,2.75,0.25,0.3,0.275,10.604,0.7801021859790077,1,1.5,1.25,198,216,207,4.582837808134996,0.5870286008635474,0.1280928161632761,,,
torus_minus1,RGA Fall 2018 torus-1,3,4,6,12,2.5,3,2.75,0.25,0.3,0.275,10.604,0.7801021859790077,1,1.5,1.25,216,234,225,5.424112728743149,0.8026498331795184,0.1479780884578895,,,
torus_minus1,RGA Fall 2018 torus-1,3,4,6,13,2.5,3,2.75,0.25,0.3,0.275,10.604,0.7801021859790077,1,1.5,1.25,234,252,243,4.633672019577878,0.8603735381829264,0.1856785578581596,,,
torus_minus1,RGA Fall 2018 torus-1,3,4,6,14,2.5,3,2.75,0.25,0.3,0.275,10.604,0.7801021859790077,1,1.5,1.25,252,270,261,9.736792932928232,1.576388160463981,0.1619001422052322,,,
torus_minus1,RGA Fall 2018 torus-1,3,4,6,15,2.5,3,2.75,0.25,0.3,0.275,10.604,0.7801021859790077,1,1.5,1.25,270,288,279,10.01744204067729,1.145136450289618,0.114314257635794,,,
torus_minus1,RGA Fall 2018 torus-1,3,4,6,16,2.5,3,2.75,0.25,0.3,0.275,10.604,0.7801021859790077,1,1.5,1.25,288,306,297,7.315590569511894,0.8981869931346329,0.1227770997570414,,,
torus_minus1,RGA Fall 2018 torus-1,3,4,6,17,2.5,3,2.75,0.25,0.3,0.275,10.604,0.7801021859790077,1,1.5,1.25,306,324,315,3.682134067168129,0.7972823068394151,0.2165272345590046,,,
torus_minus1,RGA Fall 2018 torus-1,3,4,6,18,2.5,3,2.75,0.25,0.3,0.275,10.604,0.7801021859790077,1,1.5,1.25,324,342,333,3.512636207992255,1.126729774936722,0.3207647214855578,,,
torus_minus1,RGA Fall 2018 torus-1,3,4,6,19,2.5,3,2.75,0.25,0.3,0.275,10.604,0.7801021859790077,1,1.5,1.25,342,360,351,2.244523583382269,0.7458460981301228,0.3322959507541501,,,
torus_minus1,RGA Fall 2018 torus-1,3,4,7,0,2.5,3,2.75,0.25,0.3,0.275,10.604,0.7801021859790077,1.5,2,1.75,0,18,9,0.3640999769535729,0.353706178922269,0.9714534504553697,,,
torus_minus1,RGA Fall 2018 torus-1,3,4,7,1,2.5,3,2.75,0.25,0.3,0.275,10.604,0.7801021859790077,1.5,2,1.75,18,36,27,1.455387542089897,1.027124244658715,0.7057393408657271,,,
torus_minus1,RGA Fall 2018 torus-1,3,4,7,2,2.5,3,2.75,0.25,0.3,0.275,10.604,0.7801021859790077,1.5,2,1.75,36,54,45,2.111548978334839,0.6291558156734354,0.2979593758557217,,,
torus_minus1,RGA Fall 2018 torus-1,3,4,7,3,2.5,3,2.75,0.25,0.3,0.275,10.604,0.7801021859790077,1.5,2,1.75,54,72,63,3.899823724920024,0.6843950719068738,0.1754938479740925,,,
torus_minus1,RGA Fall 2018 torus-1,3,4,7,4,2.5,3,2.75,0.25,0.3,0.275,10.604,0.7801021859790077,1.5,2,1.75,72,90,81,4.405889478186563,1.08423126525572,0.2460868050875354,,,
torus_minus1,RGA Fall 2018 torus-1,3,4,7,5,2.5,3,2.75,0.25,0.3,0.275,10.604,0.7801021859790077,1.5,2,1.75,90,108,99,2.001097520685007,0.7322715681689217,0.3659349734830782,,,
torus_minus1,RGA Fall 2018 torus-1,3,4,7,6,2.5,3,2.75,0.25,0.3,0.275,10.604,0.7801021859790077,1.5,2,1.75,108,126,117,2.049778828017324,0.4222776313568924,0.2060113147745536,,,
torus_minus1,RGA Fall 2018 torus-1,3,4,7,7,2.5,3,2.75,0.25,0.3,0.275,10.604,0.7801021859790077,1.5,2,1.75,126,144,135,3.499730969241042,0.7759270162607886,0.2217104751994859,,,
torus_minus1,RGA Fall 2018 torus-1,3,4,7,8,2.5,3,2.75,0.25,0.3,0.275,10.604,0.7801021859790077,1.5,2,1.75,144,162,153,2.278512209886109,0.3588711163764843,0.1575023889797028,,,
torus_minus1,RGA Fall 2018 torus-1,3,4,7,9,2.5,3,2.75,0.25,0.3,0.275,10.604,0.7801021859790077,1.5,2,1.75,162,180,171,1.455587330826335,0.2856359255738462,0.1962341382922665,,,
torus_minus1,RGA Fall 2018 torus-1,3,4,7,10,2.5,3,2.75,0.25,0.3,0.275,10.604,0.7801021859790077,1.5,2,1.75,180,198,189,1.626611177428715,0.3653174266026422,0.2245880464070842,,,
torus_minus1,RGA Fall 2018 torus-1,3,4,7,11,2.5,3,2.75,0.25,0.3,0.275,10.604,0.7801021859790077,1.5,2,1.75,198,216,207,1.370169192485547,0.3065392189909393,0.2237236252808048,,,
torus_minus1,RGA Fall 2018 torus-1,3,4,7,12,2.5,3,2.75,0.25,0.3,0.275,10.604,0.7801021859790077,1.5,2,1.75,216,234,225,2.314620065206266,0.5381154918212077,0.2324854518934855,,,
torus_minus1,RGA Fall 2018 torus-1,3,4,7,13,2.5,3,2.75,0.25,0.3,0.275,10.604,0.7801021859790077,1.5,2,1.75,234,252,243,2.115513491604904,0.4476349021687458,0.2115963353318792,,,
torus_minus1,RGA Fall 2018 torus-1,3,4,7,14,2.5,3,2.75,0.25,0.3,0.275,10.604,0.7801021859790077,1.5,2,1.75,252,270,261,2.989387001208444,0.5776345438149018,0.1932284256208366,,,
torus_minus1,RGA Fall 2018 torus-1,3,4,7,15,2.5,3,2.75,0.25,0.3,0.275,10.604,0.7801021859790077,1.5,2,1.75,270,288,279,3.631278673713783,0.6308025015561687,0.1737136029031432,,,
torus_minus1,RGA Fall 2018 torus-1,3,4,7,16,2.5,3,2.75,0.25,0.3,0.275,10.604,0.7801021859790077,1.5,2,1.75,288,306,297,3.361246803344881,0.6534266488182957,0.1944000804011329,,,
torus_minus1,RGA Fall 2018 torus-1,3,4,7,17,2.5,3,2.75,0.25,0.3,0.275,10.604,0.7801021859790077,1.5,2,1.75,306,324,315,0.8101039067609855,0.5006771437174995,0.6180406482908373,,,
torus_minus1,RGA Fall 2018 torus-1,3,4,7,18,2.5,3,2.75,0.25,0.3,0.275,10.604,0.7801021859790077,1.5,2,1.75,324,342,333,1.31209377205834,1.036179177129799,0.7897142713392344,,,
torus_minus1,RGA Fall 2018 torus-1,3,4,7,19,2.5,3,2.75,0.25,0.3,0.275,10.604,0.7801021859790077,1.5,2,1.75,342,360,351,0.5020737858605416,0.4011788434035457,0.7990435961836474,,,
torus_minus1,RGA Fall 2018 torus-1,3,5,1,18,2.5,3,2.74900351657294,0.3,0.38,0.3348850429399712,10.604,0.8566139321995446,0.15,0.2,0.175,324,342,333,44.04668700732096,24.54762359237608,0.5573091930454621,,,
torus_minus1,RGA Fall 2018 torus-1,3,5,1,19,2.5,3,2.74900351657294,0.3,0.38,0.3348850429399712,10.604,0.8566139321995446,0.15,0.2,0.175,342,360,351,16.74178623462813,13.96181594817071,0.8339501981749455,,,
torus_minus1,RGA Fall 2018 torus-1,3,5,2,0,2.5,3,2.75,0.3,0.38,0.34,10.604,0.860996335109348,0.2,0.3,0.25,0,18,9,39.44739054224858,5.297378912127438,0.1342897169954471,,,
torus_minus1,RGA Fall 2018 torus-1,3,5,2,1,2.5,3,2.75,0.3,0.38,0.34,10.604,0.860996335109348,0.2,0.3,0.25,18,36,27,31.83580427448762,4.018197845535017,0.1262163132707502,,,
torus_minus1,RGA Fall 2018 torus-1,3,5,2,2,2.5,3,2.75,0.3,0.38,0.34,10.604,0.860996335109348,0.2,0.3,0.25,36,54,45,55.382261823715,6.820970135367121,0.1231616389572291,,,
torus_minus1,RGA Fall 2018 torus-1,3,5,2,3,2.5,3,2.75,0.3,0.38,0.34,10.604,0.860996335109348,0.2,0.3,0.25,54,72,63,42.5215543698039,5.798586069383767,0.1363681585803353,,,
torus_minus1,RGA Fall 2018 torus-1,3,5,2,4,2.5,3,2.75,0.3,0.38,0.34,10.604,0.860996335109348,0.2,0.3,0.25,72,90,81,37.85876189571444,5.133212693848221,0.1355884988523434,,,
torus_minus1,RGA Fall 2018 torus-1,3,5,2,5,2.5,3,2.75,0.3,0.38,0.34,10.604,0.860996335109348,0.2,0.3,0.25,90,108,99,33.38603661756768,5.650226600893621,0.169239214154593,,,
torus_minus1,RGA Fall 2018 torus-1,3,5,2,6,2.5,3,2.75,0.3,0.38,0.34,10.604,0.860996335109348,0.2,0.3,0.25,108,126,117,34.38648400089232,6.671118381597934,0.1940040854838436,,,
torus_minus1,RGA Fall 2018 torus-1,3,5,2,7,2.5,3,2.75,0.3,0.38,0.34,10.604,0.860996335109348,0.2,0.3,0.25,126,144,135,30.942568796457,5.032220095906895,0.1626309738215108,,,
torus_minus1,RGA Fall 2018 torus-1,3,5,2,8,2.5,3,2.75,0.3,0.38,0.34,10.604,0.860996335109348,0.2,0.3,0.25,144,162,153,9.837111373219207,4.186004941705826,0.4255319252663854,,,
torus_minus1,RGA Fall 2018 torus-1,3,5,2,9,2.5,3,2.75,0.3,0.38,0.34,10.604,0.860996335109348,0.2,0.3,0.25,162,180,171,28.02854120660093,13.46256539814985,0.4803163068286735,,,
torus_minus1,RGA Fall 2018 torus-1,3,5,2,10,2.5,3,2.75,0.3,0.38,0.34,10.604,0.860996335109348,0.2,0.3,0.25,180,198,189,8.282775850167956,5.186940990942327,0.6262322058174673,,,
torus_minus1,RGA Fall 2018 torus-1,3,5,2,11,2.5,3,2.75,0.3,0.38,0.34,10.604,0.860996335109348,0.2,0.3,0.25,198,216,207,16.61140854294328,6.112100011170536,0.3679459207429479,,,
torus_minus1,RGA Fall 2018 torus-1,3,5,2,12,2.5,3,2.75,0.3,0.38,0.34,10.604,0.860996335109348,0.2,0.3,0.25,216,234,225,27.28951014690421,5.968934678895432,0.2187263401491494,,,
torus_minus1,RGA Fall 2018 torus-1,3,5,2,13,2.5,3,2.75,0.3,0.38,0.34,10.604,0.860996335109348,0.2,0.3,0.25,234,252,243,23.00602141439087,6.007239584026195,0.2611159694160985,,,
torus_minus1,RGA Fall 2018 torus-1,3,5,2,14,2.5,3,2.75,0.3,0.38,0.34,10.604,0.860996335109348,0.2,0.3,0.25,252,270,261,45.58764632229985,6.504827038762145,0.1426883720377601,,,
torus_minus1,RGA Fall 2018 torus-1,3,5,2,15,2.5,3,2.75,0.3,0.38,0.34,10.604,0.860996335109348,0.2,0.3,0.25,270,288,279,35.89943110982059,7.060893849435678,0.1966853967082535,,,
torus_minus1,RGA Fall 2018 torus-1,3,5,2,16,2.5,3,2.75,0.3,0.38,0.34,10.604,0.860996335109348,0.2,0.3,0.25,288,306,297,41.38227655093528,10.67523144743723,0.2579662681026657,,,
torus_minus1,RGA Fall 2018 torus-1,3,5,2,17,2.5,3,2.75,0.3,0.38,0.34,10.604,0.860996335109348,0.2,0.3,0.25,306,324,315,52.19887556003743,11.49179817648916,0.2201541326933694,,,
torus_minus1,RGA Fall 2018 torus-1,3,5,2,18,2.5,3,2.75,0.3,0.38,0.34,10.604,0.860996335109348,0.2,0.3,0.25,324,342,333,33.35175891425605,5.009086168209492,0.150189565146694,,,
torus_minus1,RGA Fall 2018 torus-1,3,5,2,19,2.5,3,2.75,0.3,0.38,0.34,10.604,0.860996335109348,0.2,0.3,0.25,342,360,351,28.47684039534185,3.817909512012726,0.1340706854766531,,,
torus_minus1,RGA Fall 2018 torus-1,3,5,3,0,2.5,3,2.75,0.3,0.38,0.34,10.604,0.860996335109348,0.3,0.4,0.35,0,18,9,27.06890986914516,3.409451708667862,0.1259545258804149,,,
torus_minus1,RGA Fall 2018 torus-1,3,5,3,1,2.5,3,2.75,0.3,0.38,0.34,10.604,0.860996335109348,0.3,0.4,0.35,18,36,27,29.76653493915068,3.625448725591963,0.1217961288743609,,,
torus_minus1,RGA Fall 2018 torus-1,3,5,3,2,2.5,3,2.75,0.3,0.38,0.34,10.604,0.860996335109348,0.3,0.4,0.35,36,54,45,36.35843588665664,3.970270932132416,0.1091980673896229,,,
torus_minus1,RGA Fall 2018 torus-1,3,5,3,3,2.5,3,2.75,0.3,0.38,0.34,10.604,0.860996335109348,0.3,0.4,0.35,54,72,63,41.84307218197932,4.066972252542287,0.09719583291720685,,,
torus_minus1,RGA Fall 2018 torus-1,3,5,3,4,2.5,3,2.75,0.3,0.38,0.34,10.604,0.860996335109348,0.3,0.4,0.35,72,90,81,45.52706702911467,4.813418731685111,0.1057265281026541,,,
torus_minus1,RGA Fall 2018 torus-1,3,5,3,5,2.5,3,2.75,0.3,0.38,0.34,10.604,0.860996335109348,0.3,0.4,0.35,90,108,99,41.31780322945608,3.626689490561692,0.08777546740375032,,,
torus_minus1,RGA Fall 2018 torus-1,3,5,3,6,2.5,3,2.75,0.3,0.38,0.34,10.604,0.860996335109348,0.3,0.4,0.35,108,126,117,33.51339144674552,3.527892762004652,0.1052681513182768,,,
torus_minus1,RGA Fall 2018 torus-1,3,5,3,7,2.5,3,2.75,0.3,0.38,0.34,10.604,0.860996335109348,0.3,0.4,0.35,126,144,135,26.43125452490989,2.750989829894974,0.1040809405131463,,,
torus_minus1,RGA Fall 2018 torus-1,3,5,3,8,2.5,3,2.75,0.3,0.38,0.34,10.604,0.860996335109348,0.3,0.4,0.35,144,162,153,19.3762360017962,2.17718547922304,0.1123636953545163,,,
torus_minus1,RGA Fall 2018 torus-1,3,5,3,9,2.5,3,2.75,0.3,0.38,0.34,10.604,0.860996335109348,0.3,0.4,0.35,162,180,171,17.4996294605763,2.769570176762671,0.1582645040000442,,,
torus_minus1,RGA Fall 2018 torus-1,3,5,3,10,2.5,3,2.75,0.3,0.38,0.34,10.604,0.860996335109348,0.3,0.4,0.35,180,198,189,19.00111377833182,2.57059909848866,0.1352867588962116,,,
torus_minus1,RGA Fall 2018 torus-1,3,5,3,11,2.5,3,2.75,0.3,0.38,0.34,10.604,0.860996335109348,0.3,0.4,0.35,198,216,207,25.56600039836244,3.55799959240003,0.1391691909942991,,,
torus_minus1,RGA Fall 2018 torus-1,3,5,3,12,2.5,3,2.75,0.3,0.38,0.34,10.604,0.860996335109348,0.3,0.4,0.35,216,234,225,35.15939045407332,3.632161604319612,0.1033055908367949,,,
torus_minus1,RGA Fall 2018 torus-1,3,5,3,13,2.5,3,2.75,0.3,0.38,0.34,10.604,0.860996335109348,0.3,0.4,0.35,234,252,243,41.58986492207638,4.980735087559292,0.1197583857723823,,,
torus_minus1,RGA Fall 2018 torus-1,3,5,3,14,2.5,3,2.75,0.3,0.38,0.34,10.604,0.860996335109348,0.3,0.4,0.35,252,270,261,42.87125460781587,5.972731434077155,0.1393178596874621,,,
torus_minus1,RGA Fall 2018 torus-1,3,5,3,15,2.5,3,2.75,0.3,0.38,0.34,10.604,0.860996335109348,0.3,0.4,0.35,270,288,279,56.95566839846711,8.078639767533677,0.1418408385801878,,,
torus_minus1,RGA Fall 2018 torus-1,3,5,3,16,2.5,3,2.75,0.3,0.38,0.34,10.604,0.860996335109348,0.3,0.4,0.35,288,306,297,61.44781839515644,10.97518077839331,0.1786097711039065,,,
torus_minus1,RGA Fall 2018 torus-1,3,5,3,17,2.5,3,2.75,0.3,0.38,0.34,10.604,0.860996335109348,0.3,0.4,0.35,306,324,315,43.76153375092871,8.188082347060023,0.1871068412195734,,,
torus_minus1,RGA Fall 2018 torus-1,3,5,3,18,2.5,3,2.75,0.3,0.38,0.34,10.604,0.860996335109348,0.3,0.4,0.35,324,342,333,28.40690817580149,4.079026024440201,0.1435927486087673,,,
torus_minus1,RGA Fall 2018 torus-1,3,5,3,19,2.5,3,2.75,0.3,0.38,0.34,10.604,0.860996335109348,0.3,0.4,0.35,342,360,351,25.02448434959029,3.177897173308904,0.1269915147466739,,,
torus_minus1,RGA Fall 2018 torus-1,3,5,4,0,2.5,3,2.75,0.3,0.38,0.34,10.604,0.860996335109348,0.4,0.6,0.5,0,18,9,21.84099572776772,2.373544160438962,0.1086738072761645,,,
torus_minus1,RGA Fall 2018 torus-1,3,5,4,1,2.5,3,2.75,0.3,0.38,0.34,10.604,0.860996335109348,0.4,0.6,0.5,18,36,27,21.66770770931786,2.340072318487496,0.1079981486680838,,,
torus_minus1,RGA Fall 2018 torus-1,3,5,4,2,2.5,3,2.75,0.3,0.38,0.34,10.604,0.860996335109348,0.4,0.6,0.5,36,54,45,31.71697794708118,3.175330391343087,0.1001145316127227,,,
torus_minus1,RGA Fall 2018 torus-1,3,5,4,3,2.5,3,2.75,0.3,0.38,0.34,10.604,0.860996335109348,0.4,0.6,0.5,54,72,63,33.84152764682819,3.166088621630566,0.09355631503022024,,,
torus_minus1,RGA Fall 2018 torus-1,3,5,4,4,2.5,3,2.75,0.3,0.38,0.34,10.604,0.860996335109348,0.4,0.6,0.5,72,90,81,45.26062133299016,5.004542469227583,0.1105716696288437,,,
torus_minus1,RGA Fall 2018 torus-1,3,5,4,5,2.5,3,2.75,0.3,0.38,0.34,10.604,0.860996335109348,0.4,0.6,0.5,90,108,99,36.72713202788547,3.163814865000111,0.08614380405739142,,,
torus_minus1,RGA Fall 2018 torus-1,3,5,4,6,2.5,3,2.75,0.3,0.38,0.34,10.604,0.860996335109348,0.4,0.6,0.5,108,126,117,29.63837674823888,2.45958462088329,0.0829864820795032,,,
torus_minus1,RGA Fall 2018 torus-1,3,5,4,7,2.5,3,2.75,0.3,0.38,0.34,10.604,0.860996335109348,0.4,0.6,0.5,126,144,135,29.25682291676128,2.05458193237047,0.07022573634245832,,,
torus_minus1,RGA Fall 2018 torus-1,3,5,4,8,2.5,3,2.75,0.3,0.38,0.34,10.604,0.860996335109348,0.4,0.6,0.5,144,162,153,18.49210453040467,1.391045134910858,0.07522373305989617,,,
torus_minus1,RGA Fall 2018 torus-1,3,5,4,9,2.5,3,2.75,0.3,0.38,0.34,10.604,0.860996335109348,0.4,0.6,0.5,162,180,171,16.83801374819957,1.379696887749344,0.08193940855386639,,,
torus_minus1,RGA Fall 2018 torus-1,3,5,4,10,2.5,3,2.75,0.3,0.38,0.34,10.604,0.860996335109348,0.4,0.6,0.5,180,198,189,16.92491504778412,1.366062520764446,0.08071310945476778,,,
torus_minus1,RGA Fall 2018 torus-1,3,5,4,11,2.5,3,2.75,0.3,0.38,0.34,10.604,0.860996335109348,0.4,0.6,0.5,198,216,207,20.02453431987965,1.884620711639432,0.09411558249164614,,,
torus_minus1,RGA Fall 2018 torus-1,3,5,4,12,2.5,3,2.75,0.3,0.38,0.34,10.604,0.860996335109348,0.4,0.6,0.5,216,234,225,26.79407486370637,2.184878422220721,0.08154334244920038,,,
torus_minus1,RGA Fall 2018 torus-1,3,5,4,13,2.5,3,2.75,0.3,0.38,0.34,10.604,0.860996335109348,0.4,0.6,0.5,234,252,243,28.22003808576308,2.432517100605804,0.0861982217463059,,,
torus_minus1,RGA Fall 2018 torus-1,3,5,4,14,2.5,3,2.75,0.3,0.38,0.34,10.604,0.860996335109348,0.4,0.6,0.5,252,270,261,32.82593808085601,4.166850655566637,0.1269377479876723,,,
torus_minus1,RGA Fall 2018 torus-1,3,5,4,15,2.5,3,2.75,0.3,0.38,0.34,10.604,0.860996335109348,0.4,0.6,0.5,270,288,279,43.40185493602759,5.715927943902082,0.131697780021778,,,
torus_minus1,RGA Fall 2018 torus-1,3,5,4,16,2.5,3,2.75,0.3,0.38,0.34,10.604,0.860996335109348,0.4,0.6,0.5,288,306,297,29.34289998780029,4.388916361848307,0.1495733674474254,,,
torus_minus1,RGA Fall 2018 torus-1,3,5,4,17,2.5,3,2.75,0.3,0.38,0.34,10.604,0.860996335109348,0.4,0.6,0.5,306,324,315,36.80212395589005,6.719716761378318,0.1825904605242994,,,
torus_minus1,RGA Fall 2018 torus-1,3,5,4,18,2.5,3,2.75,0.3,0.38,0.34,10.604,0.860996335109348,0.4,0.6,0.5,324,342,333,21.07137204372571,3.519214945530375,0.1670140386789986,,,
torus_minus1,RGA Fall 2018 torus-1,3,5,4,19,2.5,3,2.75,0.3,0.38,0.34,10.604,0.860996335109348,0.4,0.6,0.5,342,360,351,16.96182115473628,1.986776322076859,0.1171322527193425,,,
torus_minus1,RGA Fall 2018 torus-1,3,5,5,0,2.5,3,2.75,0.3,0.38,0.34,10.604,0.860996335109348,0.6,1,0.8,0,18,9,9.058939294091523,1.349173259027489,0.1489328071673308,,,
torus_minus1,RGA Fall 2018 torus-1,3,5,5,1,2.5,3,2.75,0.3,0.38,0.34,10.604,0.860996335109348,0.6,1,0.8,18,36,27,19.51358292515097,3.162068639163432,0.1620444923565449,,,
torus_minus1,RGA Fall 2018 torus-1,3,5,5,2,2.5,3,2.75,0.3,0.38,0.34,10.604,0.860996335109348,0.6,1,0.8,36,54,45,28.00920921483725,3.734569074934077,0.1333336134658087,,,
torus_minus1,RGA Fall 2018 torus-1,3,5,5,3,2.5,3,2.75,0.3,0.38,0.34,10.604,0.860996335109348,0.6,1,0.8,54,72,63,28.9662270028737,3.251807162389235,0.1122620202509159,,,
torus_minus1,RGA Fall 2018 torus-1,3,5,5,4,2.5,3,2.75,0.3,0.38,0.34,10.604,0.860996335109348,0.6,1,0.8,72,90,81,27.07062644883668,3.366602598130978,0.1243636753103529,,,
torus_minus1,RGA Fall 2018 torus-1,3,5,5,5,2.5,3,2.75,0.3,0.38,0.34,10.604,0.860996335109348,0.6,1,0.8,90,108,99,21.03707029411516,1.909618850609148,0.09077399200131676,,,
torus_minus1,RGA Fall 2018 torus-1,3,5,5,6,2.5,3,2.75,0.3,0.38,0.34,10.604,0.860996335109348,0.6,1,0.8,108,126,117,23.17860151032353,1.600291110115588,0.06904174565505314,,,
torus_minus1,RGA Fall 2018 torus-1,3,5,5,7,2.5,3,2.75,0.3,0.38,0.34,10.604,0.860996335109348,0.6,1,0.8,126,144,135,16.89850786878104,1.20380152168618,0.0712371489266298,,,
torus_minus1,RGA Fall 2018 torus-1,3,5,5,8,2.5,3,2.75,0.3,0.38,0.34,10.604,0.860996335109348,0.6,1,0.8,144,162,153,14.83456704084906,0.8424087158706964,0.05678687578484806,,,
torus_minus1,RGA Fall 2018 torus-1,3,5,5,9,2.5,3,2.75,0.3,0.38,0.34,10.604,0.860996335109348,0.6,1,0.8,162,180,171,13.59891707617445,0.9499440093530818,0.06985438649503946,,,
torus_minus1,RGA Fall 2018 torus-1,3,5,5,10,2.5,3,2.75,0.3,0.38,0.34,10.604,0.860996335109348,0.6,1,0.8,180,198,189,11.84896195414005,0.8024852438719103,0.06772620647933809,,,
torus_minus1,RGA Fall 2018 torus-1,3,5,5,11,2.5,3,2.75,0.3,0.38,0.34,10.604,0.860996335109348,0.6,1,0.8,198,216,207,15.19733166335929,1.008884103109725,0.06638560804342651,,,
torus_minus1,RGA Fall 2018 torus-1,3,5,5,12,2.5,3,2.75,0.3,0.38,0.34,10.604,0.860996335109348,0.6,1,0.8,216,234,225,17.42280086401221,1.508808611513066,0.08659965887744238,,,
torus_minus1,RGA Fall 2018 torus-1,3,5,5,13,2.5,3,2.75,0.3,0.38,0.34,10.604,0.860996335109348,0.6,1,0.8,234,252,243,20.11646449500441,1.657282327264676,0.08238437363962413,,,
torus_minus1,RGA Fall 2018 torus-1,3,5,5,14,2.5,3,2.75,0.3,0.38,0.34,10.604,0.860996335109348,0.6,1,0.8,252,270,261,20.37908803687018,2.30236846365705,0.1129770115076576,,,
torus_minus1,RGA Fall 2018 torus-1,3,5,5,15,2.5,3,2.75,0.3,0.38,0.34,10.604,0.860996335109348,0.6,1,0.8,270,288,279,28.13761568906084,2.885494312248948,0.1025493540083693,,,
torus_minus1,RGA Fall 2018 torus-1,3,5,5,16,2.5,3,2.75,0.3,0.38,0.34,10.604,0.860996335109348,0.6,1,0.8,288,306,297,28.91114491029145,2.982345032890025,0.1031555492576983,,,
torus_minus1,RGA Fall 2018 torus-1,3,5,5,17,2.5,3,2.75,0.3,0.38,0.34,10.604,0.860996335109348,0.6,1,0.8,306,324,315,18.33624172447147,2.331029733052187,0.1271269089969077,,,
torus_minus1,RGA Fall 2018 torus-1,3,5,5,18,2.5,3,2.75,0.3,0.38,0.34,10.604,0.860996335109348,0.6,1,0.8,324,342,333,14.58731827598937,3.405407122360919,0.2334498403291986,,,
torus_minus1,RGA Fall 2018 torus-1,3,5,5,19,2.5,3,2.75,0.3,0.38,0.34,10.604,0.860996335109348,0.6,1,0.8,342,360,351,9.991491475865729,1.687231129914295,0.1688667937104057,,,
torus_minus1,RGA Fall 2018 torus-1,3,5,6,0,2.5,3,2.75,0.3,0.38,0.34,10.604,0.860996335109348,1,1.5,1.25,0,18,9,5.868848590508611,1.600812067288291,0.2727642471262937,,,
torus_minus1,RGA Fall 2018 torus-1,3,5,6,1,2.5,3,2.75,0.3,0.38,0.34,10.604,0.860996335109348,1,1.5,1.25,18,36,27,5.374070117566844,2.213027498140694,0.4117972876659565,,,
torus_minus1,RGA Fall 2018 torus-1,3,5,6,2,2.5,3,2.75,0.3,0.38,0.34,10.604,0.860996335109348,1,1.5,1.25,36,54,45,7.524728117663205,1.466313522594757,0.1948659804934081,,,
torus_minus1,RGA Fall 2018 torus-1,3,5,6,3,2.5,3,2.75,0.3,0.38,0.34,10.604,0.860996335109348,1,1.5,1.25,54,72,63,11.636782316967,1.251678424614578,0.1075622444865683,,,
torus_minus1,RGA Fall 2018 torus-1,3,5,6,4,2.5,3,2.75,0.3,0.38,0.34,10.604,0.860996335109348,1,1.5,1.25,72,90,81,12.68483778804907,1.788380223870791,0.1409856597106587,,,
torus_minus1,RGA Fall 2018 torus-1,3,5,6,5,2.5,3,2.75,0.3,0.38,0.34,10.604,0.860996335109348,1,1.5,1.25,90,108,99,8.924187941011127,1.216223527774998,0.1362839437956971,,,
torus_minus1,RGA Fall 2018 torus-1,3,5,6,6,2.5,3,2.75,0.3,0.38,0.34,10.604,0.860996335109348,1,1.5,1.25,108,126,117,9.851264839747355,0.9506257176110334,0.0964978338391127,,,
torus_minus1,RGA Fall 2018 torus-1,3,5,6,7,2.5,3,2.75,0.3,0.38,0.34,10.604,0.860996335109348,1,1.5,1.25,126,144,135,7.121599484806815,0.7129847582541975,0.1001158180511661,,,
torus_minus1,RGA Fall 2018 torus-1,3,5,6,8,2.5,3,2.75,0.3,0.38,0.34,10.604,0.860996335109348,1,1.5,1.25,144,162,153,7.487513695183766,0.6884681487102499,0.09194883331607084,,,
torus_minus1,RGA Fall 2018 torus-1,3,5,6,9,2.5,3,2.75,0.3,0.38,0.34,10.604,0.860996335109348,1,1.5,1.25,162,180,171,7.181119293795019,0.667779493850295,0.09299100412205968,,,
torus_minus1,RGA Fall 2018 torus-1,3,5,6,10,2.5,3,2.75,0.3,0.38,0.34,10.604,0.860996335109348,1,1.5,1.25,180,198,189,5.516983133073465,0.5829103178226795,0.1056574406269655,,,
torus_minus1,RGA Fall 2018 torus-1,3,5,6,11,2.5,3,2.75,0.3,0.38,0.34,10.604,0.860996335109348,1,1.5,1.25,198,216,207,6.936594530811867,0.6697520863354842,0.09655344324372607,,,
torus_minus1,RGA Fall 2018 torus-1,3,5,6,12,2.5,3,2.75,0.3,0.38,0.34,10.604,0.860996335109348,1,1.5,1.25,216,234,225,6.386965650098944,0.8726766103140837,0.1366339914949385,,,
torus_minus1,RGA Fall 2018 torus-1,3,5,6,13,2.5,3,2.75,0.3,0.38,0.34,10.604,0.860996335109348,1,1.5,1.25,234,252,243,9.155019033338716,0.9943801201103044,0.1086158441057514,,,
torus_minus1,RGA Fall 2018 torus-1,3,5,6,14,2.5,3,2.75,0.3,0.38,0.34,10.604,0.860996335109348,1,1.5,1.25,252,270,261,9.016648223191691,1.13106893679307,0.1254422828522745,,,
torus_minus1,RGA Fall 2018 torus-1,3,5,6,15,2.5,3,2.75,0.3,0.38,0.34,10.604,0.860996335109348,1,1.5,1.25,270,288,279,13.61773929562991,1.447305486605547,0.1062808925318466,,,
torus_minus1,RGA Fall 2018 torus-1,3,5,6,16,2.5,3,2.75,0.3,0.38,0.34,10.604,0.860996335109348,1,1.5,1.25,288,306,297,13.16186695736121,1.370479360778434,0.1041249972529123,,,
torus_minus1,RGA Fall 2018 torus-1,3,5,6,17,2.5,3,2.75,0.3,0.38,0.34,10.604,0.860996335109348,1,1.5,1.25,306,324,315,8.500544171847402,0.8913255249758161,0.1048551136205797,,,
torus_minus1,RGA Fall 2018 torus-1,3,5,6,18,2.5,3,2.75,0.3,0.38,0.34,10.604,0.860996335109348,1,1.5,1.25,324,342,333,8.268539581505962,1.43134544815645,0.1731074071844446,,,
torus_minus1,RGA Fall 2018 torus-1,3,5,6,19,2.5,3,2.75,0.3,0.38,0.34,10.604,0.860996335109348,1,1.5,1.25,342,360,351,3.428764830288481,0.942708207633291,0.2749410514555399,,,
torus_minus1,RGA Fall 2018 torus-1,3,5,7,0,2.5,3,2.75,0.3,0.38,0.34,10.604,0.860996335109348,1.5,2,1.75,0,18,9,1.210448423424241,0.7580792323581343,0.6262796643690127,,,
torus_minus1,RGA Fall 2018 torus-1,3,5,7,1,2.5,3,2.75,0.3,0.38,0.34,10.604,0.860996335109348,1.5,2,1.75,18,36,27,1.699660873664758,1.239675241109855,0.7293662284740977,,,
torus_minus1,RGA Fall 2018 torus-1,3,5,7,2,2.5,3,2.75,0.3,0.38,0.34,10.604,0.860996335109348,1.5,2,1.75,36,54,45,3.846677461337869,0.6921122173943774,0.1799246815857708,,,
torus_minus1,RGA Fall 2018 torus-1,3,5,7,3,2.5,3,2.75,0.3,0.38,0.34,10.604,0.860996335109348,1.5,2,1.75,54,72,63,6.430711832967599,0.9192269213698573,0.1429432612199106,,,
torus_minus1,RGA Fall 2018 torus-1,3,5,7,4,2.5,3,2.75,0.3,0.38,0.34,10.604,0.860996335109348,1.5,2,1.75,72,90,81,7.290665525652824,1.166008671698394,0.1599317192094047,,,
torus_minus1,RGA Fall 2018 torus-1,3,5,7,5,2.5,3,2.75,0.3,0.38,0.34,10.604,0.860996335109348,1.5,2,1.75,90,108,99,5.852720707629351,1.044323538688975,0.1784338585177386,,,
torus_minus1,RGA Fall 2018 torus-1,3,5,7,6,2.5,3,2.75,0.3,0.38,0.34,10.604,0.860996335109348,1.5,2,1.75,108,126,117,4.828328442328099,0.7764325353419141,0.1608077297590671,,,
torus_minus1,RGA Fall 2018 torus-1,3,5,7,7,2.5,3,2.75,0.3,0.38,0.34,10.604,0.860996335109348,1.5,2,1.75,126,144,135,3.183038224732763,0.5958814994896723,0.1872052603263036,,,
torus_minus1,RGA Fall 2018 torus-1,3,5,7,8,2.5,3,2.75,0.3,0.38,0.34,10.604,0.860996335109348,1.5,2,1.75,144,162,153,3.00418514370387,0.650674798798348,0.2165894469460457,,,
torus_minus1,RGA Fall 2018 torus-1,3,5,7,9,2.5,3,2.75,0.3,0.38,0.34,10.604,0.860996335109348,1.5,2,1.75,162,180,171,3.377775998845775,0.6446982390274278,0.1908647107587148,,,
torus_minus1,RGA Fall 2018 torus-1,3,5,7,10,2.5,3,2.75,0.3,0.38,0.34,10.604,0.860996335109348,1.5,2,1.75,180,198,189,3.031649534646291,0.6628899526275731,0.2186565251200495,,,
torus_minus1,RGA Fall 2018 torus-1,3,5,7,11,2.5,3,2.75,0.3,0.38,0.34,10.604,0.860996335109348,1.5,2,1.75,198,216,207,4.287943675267822,0.6970003013316255,0.1625488472135986,,,
torus_minus1,RGA Fall 2018 torus-1,3,5,7,12,2.5,3,2.75,0.3,0.38,0.34,10.604,0.860996335109348,1.5,2,1.75,216,234,225,4.432136802621467,0.8393084218807454,0.1893687986761423,,,
torus_minus1,RGA Fall 2018 torus-1,3,5,7,13,2.5,3,2.75,0.3,0.38,0.34,10.604,0.860996335109348,1.5,2,1.75,234,252,243,4.547225331246247,0.693300303765751,0.1524666699496371,,,
torus_minus1,RGA Fall 2018 torus-1,3,5,7,14,2.5,3,2.75,0.3,0.38,0.34,10.604,0.860996335109348,1.5,2,1.75,252,270,261,6.96956437436286,0.7840498200777745,0.1124962448100568,,,
torus_minus1,RGA Fall 2018 torus-1,3,5,7,15,2.5,3,2.75,0.3,0.38,0.34,10.604,0.860996335109348,1.5,2,1.75,270,288,279,6.375022958676083,0.9583454097935062,0.1503281503463837,,,
torus_minus1,RGA Fall 2018 torus-1,3,5,7,16,2.5,3,2.75,0.3,0.38,0.34,10.604,0.860996335109348,1.5,2,1.75,288,306,297,6.2401744704258,0.8367836319690163,0.1340961916906016,,,
torus_minus1,RGA Fall 2018 torus-1,3,5,7,17,2.5,3,2.75,0.3,0.38,0.34,10.604,0.860996335109348,1.5,2,1.75,306,324,315,5.543507395135273,0.9153803652254041,0.1651265705947646,,,
torus_minus1,RGA Fall 2018 torus-1,3,5,7,18,2.5,3,2.75,0.3,0.38,0.34,10.604,0.860996335109348,1.5,2,1.75,324,342,333,3.179260519018125,1.079561770150949,0.3395637959497446,,,
torus_minus1,RGA Fall 2018 torus-1,3,5,7,19,2.5,3,2.75,0.3,0.38,0.34,10.604,0.860996335109348,1.5,2,1.75,342,360,351,0.616942004217497,0.6515358021958513,1.056073014548963,,,
torus_minus1,RGA Fall 2018 torus-1,3,6,4,0,2.5,3,2.768529161345253,0.38,0.48,0.4242464878671775,10.604,0.9097180558107452,0.4,0.6,0.5,0,18,9,44.18619202666975,3.222970054358921,0.07294066101947892,,,
torus_minus1,RGA Fall 2018 torus-1,3,6,4,1,2.5,3,2.768529161345253,0.38,0.48,0.4242464878671775,10.604,0.9097180558107452,0.4,0.6,0.5,18,36,27,47.06285030702378,4.070720867985978,0.08649541711625683,,,
torus_minus1,RGA Fall 2018 torus-1,3,6,4,2,2.5,3,2.768529161345253,0.38,0.48,0.4242464878671775,10.604,0.9097180558107452,0.4,0.6,0.5,36,54,45,58.86250395490796,4.369827999430987,0.07423788839799483,,,
torus_minus1,RGA Fall 2018 torus-1,3,6,4,3,2.5,3,2.768529161345253,0.38,0.48,0.4242464878671775,10.604,0.9097180558107452,0.4,0.6,0.5,54,72,63,64.20357601878112,5.4720654839019,0.08522991744729587,,,
torus_minus1,RGA Fall 2018 torus-1,3,6,4,4,2.5,3,2.768529161345253,0.38,0.48,0.4242464878671775,10.604,0.9097180558107452,0.4,0.6,0.5,72,90,81,64.21791834119692,4.837698516432631,0.0753325339935406,,,
torus_minus1,RGA Fall 2018 torus-1,3,6,4,5,2.5,3,2.768529161345253,0.38,0.48,0.4242464878671775,10.604,0.9097180558107452,0.4,0.6,0.5,90,108,99,56.34941511663176,3.305509361193762,0.0586609347116032,,,
torus_minus1,RGA Fall 2018 torus-1,3,6,4,6,2.5,3,2.768529161345253,0.38,0.48,0.4242464878671775,10.604,0.9097180558107452,0.4,0.6,0.5,108,126,117,53.25958720319118,3.12770034855013,0.05872558374546933,,,
torus_minus1,RGA Fall 2018 torus-1,3,6,4,7,2.5,3,2.768529161345253,0.38,0.48,0.4242464878671775,10.604,0.9097180558107452,0.4,0.6,0.5,126,144,135,40.12170749187032,2.434979939527986,0.06068983828819785,,,
torus_minus1,RGA Fall 2018 torus-1,3,6,4,8,2.5,3,2.768529161345253,0.38,0.48,0.4242464878671775,10.604,0.9097180558107452,0.4,0.6,0.5,144,162,153,34.61928904937201,2.939372238222341,0.08490562108396793,,,
torus_minus1,RGA Fall 2018 torus-1,3,6,4,9,2.5,3,2.768529161345253,0.38,0.48,0.4242464878671775,10.604,0.9097180558107452,0.4,0.6,0.5,162,180,171,27.49471455181763,4.56072951260596,0.165876590717486,,,
torus_minus1,RGA Fall 2018 torus-1,3,6,4,10,2.5,3,2.768529161345253,0.38,0.48,0.4242464878671775,10.604,0.9097180558107452,0.4,0.6,0.5,180,198,189,30.78347989355289,3.479361695242806,0.1130269127231292,,,
torus_minus1,RGA Fall 2018 torus-1,3,6,4,11,2.5,3,2.768529161345253,0.38,0.48,0.4242464878671775,10.604,0.9097180558107452,0.4,0.6,0.5,198,216,207,33.90602439873577,3.082414594076029,0.09091052840128791,,,
torus_minus1,RGA Fall 2018 torus-1,3,6,4,12,2.5,3,2.768529161345253,0.38,0.48,0.4242464878671775,10.604,0.9097180558107452,0.4,0.6,0.5,216,234,225,43.33799327085504,3.310609939951546,0.07639047611782115,,,
torus_minus1,RGA Fall 2018 torus-1,3,6,4,13,2.5,3,2.768529161345253,0.38,0.48,0.4242464878671775,10.604,0.9097180558107452,0.4,0.6,0.5,234,252,243,50.36966739396917,4.42892357422304,0.08792838633580737,,,
torus_minus1,RGA Fall 2018 torus-1,3,6,4,14,2.5,3,2.768529161345253,0.38,0.48,0.4242464878671775,10.604,0.9097180558107452,0.4,0.6,0.5,252,270,261,61.52679026309652,5.176237238379462,0.08412981103426982,,,
torus_minus1,RGA Fall 2018 torus-1,3,6,4,15,2.5,3,2.768529161345253,0.38,0.48,0.4242464878671775,10.604,0.9097180558107452,0.4,0.6,0.5,270,288,279,61.28420364703631,5.338328886828625,0.08710774668093098,,,
torus_minus1,RGA Fall 2018 torus-1,3,6,4,16,2.5,3,2.768529161345253,0.38,0.48,0.4242464878671775,10.604,0.9097180558107452,0.4,0.6,0.5,288,306,297,56.97851965257085,6.930921082902198,0.1216409468895262,,,
torus_minus1,RGA Fall 2018 torus-1,3,6,4,17,2.5,3,2.768529161345253,0.38,0.48,0.4242464878671775,10.604,0.9097180558107452,0.4,0.6,0.5,306,324,315,64.35044889913134,6.897182641037897,0.1071815777361423,,,
torus_minus1,RGA Fall 2018 torus-1,3,6,4,18,2.5,3,2.768529161345253,0.38,0.48,0.4242464878671775,10.604,0.9097180558107452,0.4,0.6,0.5,324,342,333,42.17618164650416,3.857709503396673,0.09146654231835673,,,
torus_minus1,RGA Fall 2018 torus-1,3,6,4,19,2.5,3,2.768529161345253,0.38,0.48,0.4242464878671775,10.604,0.9097180558107452,0.4,0.6,0.5,342,360,351,35.2064033752233,2.741659175320401,0.07787387839934422,,,
torus_minus1,RGA Fall 2018 torus-1,3,6,5,0,2.5,3,2.768529161345253,0.38,0.48,0.4242464878671775,10.604,0.9097180558107452,0.6,1,0.8,0,18,9,27.11422225657838,2.260277353317904,0.08336131982430443,,,
torus_minus1,RGA Fall 2018 torus-1,3,6,5,1,2.5,3,2.768529161345253,0.38,0.48,0.4242464878671775,10.604,0.9097180558107452,0.6,1,0.8,18,36,27,23.22295906061742,2.244036636941273,0.09663009055322393,,,
torus_minus1,RGA Fall 2018 torus-1,3,6,5,2,2.5,3,2.768529161345253,0.38,0.48,0.4242464878671775,10.604,0.9097180558107452,0.6,1,0.8,36,54,45,42.06315584314041,3.539430519850603,0.08414562457105337,,,
torus_minus1,RGA Fall 2018 torus-1,3,6,5,3,2.5,3,2.768529161345253,0.38,0.48,0.4242464878671775,10.604,0.9097180558107452,0.6,1,0.8,54,72,63,49.9309689910392,3.843818136304482,0.07698264652132643,,,
torus_minus1,RGA Fall 2018 torus-1,3,6,5,4,2.5,3,2.768529161345253,0.38,0.48,0.4242464878671775,10.604,0.9097180558107452,0.6,1,0.8,72,90,81,46.16656177463595,4.118556573974886,0.08921081440025351,,,
torus_minus1,RGA Fall 2018 torus-1,3,6,5,5,2.5,3,2.768529161345253,0.38,0.48,0.4242464878671775,10.604,0.9097180558107452,0.6,1,0.8,90,108,99,43.77276547238848,2.605393503587682,0.05952087960334935,,,
torus_minus1,RGA Fall 2018 torus-1,3,6,5,6,2.5,3,2.768529161345253,0.38,0.48,0.4242464878671775,10.604,0.9097180558107452,0.6,1,0.8,108,126,117,45.8261349842539,2.242369793501399,0.04893211688639876,,,
torus_minus1,RGA Fall 2018 torus-1,3,6,5,7,2.5,3,2.768529161345253,0.38,0.48,0.4242464878671775,10.604,0.9097180558107452,0.6,1,0.8,126,144,135,37.83811230354046,2.118664889379943,0.05599288020458945,,,
torus_minus1,RGA Fall 2018 torus-1,3,6,5,8,2.5,3,2.768529161345253,0.38,0.48,0.4242464878671775,10.604,0.9097180558107452,0.6,1,0.8,144,162,153,23.95743449190891,1.774242985763434,0.07405813783452668,,,
torus_minus1,RGA Fall 2018 torus-1,3,6,5,9,2.5,3,2.768529161345253,0.38,0.48,0.4242464878671775,10.604,0.9097180558107452,0.6,1,0.8,162,180,171,23.88003254993589,2.669017477205094,0.1117677487090469,,,
torus_minus1,RGA Fall 2018 torus-1,3,6,5,10,2.5,3,2.768529161345253,0.38,0.48,0.4242464878671775,10.604,0.9097180558107452,0.6,1,0.8,180,198,189,22.58124346677652,2.090942139608777,0.09259641271239788,,,
torus_minus1,RGA Fall 2018 torus-1,3,6,5,11,2.5,3,2.768529161345253,0.38,0.48,0.4242464878671775,10.604,0.9097180558107452,0.6,1,0.8,198,216,207,27.93241702384707,2.346999287314549,0.08402421048313928,,,
torus_minus1,RGA Fall 2018 torus-1,3,6,5,12,2.5,3,2.768529161345253,0.38,0.48,0.4242464878671775,10.604,0.9097180558107452,0.6,1,0.8,216,234,225,33.09453363112574,2.195986392212498,0.06635495809335568,,,
torus_minus1,RGA Fall 2018 torus-1,3,6,5,13,2.5,3,2.768529161345253,0.38,0.48,0.4242464878671775,10.604,0.9097180558107452,0.6,1,0.8,234,252,243,37.69332170409928,2.716431294339118,0.07206664659760396,,,
torus_minus1,RGA Fall 2018 torus-1,3,6,5,14,2.5,3,2.768529161345253,0.38,0.48,0.4242464878671775,10.604,0.9097180558107452,0.6,1,0.8,252,270,261,36.12117678561743,3.010415421697887,0.08334211921070525,,,
torus_minus1,RGA Fall 2018 torus-1,3,6,5,15,2.5,3,2.768529161345253,0.38,0.48,0.4242464878671775,10.604,0.9097180558107452,0.6,1,0.8,270,288,279,44.45132964665491,4.559946027501095,0.102582893779517,,,
torus_minus1,RGA Fall 2018 torus-1,3,6,5,16,2.5,3,2.768529161345253,0.38,0.48,0.4242464878671775,10.604,0.9097180558107452,0.6,1,0.8,288,306,297,44.29975754919369,4.647852500044799,0.104918237868085,,,
torus_minus1,RGA Fall 2018 torus-1,3,6,5,17,2.5,3,2.768529161345253,0.38,0.48,0.4242464878671775,10.604,0.9097180558107452,0.6,1,0.8,306,324,315,35.68731013276366,3.966692595134536,0.111151347086056,,,
torus_minus1,RGA Fall 2018 torus-1,3,6,5,18,2.5,3,2.768529161345253,0.38,0.48,0.4242464878671775,10.604,0.9097180558107452,0.6,1,0.8,324,342,333,27.65241918403268,3.109093131469107,0.1124347606181375,,,
torus_minus1,RGA Fall 2018 torus-1,3,6,5,19,2.5,3,2.768529161345253,0.38,0.48,0.4242464878671775,10.604,0.9097180558107452,0.6,1,0.8,342,360,351,20.54343353563135,1.864309237904031,0.09074964195593196,,,
torus_minus1,RGA Fall 2018 torus-1,3,6,6,0,2.5,3,2.768529161345253,0.38,0.48,0.4242464878671775,10.604,0.9097180558107452,1,1.5,1.25,0,18,9,11.32220808895587,1.899507108026378,0.1677682562537632,,,
torus_minus1,RGA Fall 2018 torus-1,3,6,6,1,2.5,3,2.768529161345253,0.38,0.48,0.4242464878671775,10.604,0.9097180558107452,1,1.5,1.25,18,36,27,15.38151947827543,2.927737759204488,0.1903412574641647,,,
torus_minus1,RGA Fall 2018 torus-1,3,6,6,2,2.5,3,2.768529161345253,0.38,0.48,0.4242464878671775,10.604,0.9097180558107452,1,1.5,1.25,36,54,45,15.55650572289031,2.633165158880536,0.1692645640213417,,,
torus_minus1,RGA Fall 2018 torus-1,3,6,6,3,2.5,3,2.768529161345253,0.38,0.48,0.4242464878671775,10.604,0.9097180558107452,1,1.5,1.25,54,72,63,30.35291218530853,3.16151358546638,0.10415849280507,,,
torus_minus1,RGA Fall 2018 torus-1,3,6,6,4,2.5,3,2.768529161345253,0.38,0.48,0.4242464878671775,10.604,0.9097180558107452,1,1.5,1.25,72,90,81,25.15308646108293,2.906064722320459,0.1155351144209179,,,
torus_minus1,RGA Fall 2018 torus-1,3,6,6,5,2.5,3,2.768529161345253,0.38,0.48,0.4242464878671775,10.604,0.9097180558107452,1,1.5,1.25,90,108,99,19.49877051054669,1.962478103782407,0.1006462485786436,,,
torus_minus1,RGA Fall 2018 torus-1,3,6,6,6,2.5,3,2.768529161345253,0.38,0.48,0.4242464878671775,10.604,0.9097180558107452,1,1.5,1.25,108,126,117,20.79371055465588,1.694715042714703,0.08150132888789501,,,
torus_minus1,RGA Fall 2018 torus-1,3,6,6,7,2.5,3,2.768529161345253,0.38,0.48,0.4242464878671775,10.604,0.9097180558107452,1,1.5,1.25,126,144,135,19.01735334405119,2.21116280806678,0.1162707958391304,,,
torus_minus1,RGA Fall 2018 torus-1,3,6,6,8,2.5,3,2.768529161345253,0.38,0.48,0.4242464878671775,10.604,0.9097180558107452,1,1.5,1.25,144,162,153,14.71030880165347,3.056078156021064,0.2077507819331131,,,
torus_minus1,RGA Fall 2018 torus-1,3,6,6,9,2.5,3,2.768529161345253,0.38,0.48,0.4242464878671775,10.604,0.9097180558107452,1,1.5,1.25,162,180,171,13.4578955799029,3.632158191905823,0.2698905018500694,,,
torus_minus1,RGA Fall 2018 torus-1,3,6,6,10,2.5,3,2.768529161345253,0.38,0.48,0.4242464878671775,10.604,0.9097180558107452,1,1.5,1.25,180,198,189,9.20071195082096,2.658314770717854,0.2889248989563963,,,
torus_minus1,RGA Fall 2018 torus-1,3,6,6,11,2.5,3,2.768529161345253,0.38,0.48,0.4242464878671775,10.604,0.9097180558107452,1,1.5,1.25,198,216,207,11.12747896033124,2.857230842180454,0.2567725225422848,,,
torus_minus1,RGA Fall 2018 torus-1,3,6,6,12,2.5,3,2.768529161345253,0.38,0.48,0.4242464878671775,10.604,0.9097180558107452,1,1.5,1.25,216,234,225,16.8431274116943,2.384769730990644,0.141587109846054,,,
torus_minus1,RGA Fall 2018 torus-1,3,6,6,13,2.5,3,2.768529161345253,0.38,0.48,0.4242464878671775,10.604,0.9097180558107452,1,1.5,1.25,234,252,243,20.55979343705201,2.003759204452446,0.09746008444040853,,,
torus_minus1,RGA Fall 2018 torus-1,3,6,6,14,2.5,3,2.768529161345253,0.38,0.48,0.4242464878671775,10.604,0.9097180558107452,1,1.5,1.25,252,270,261,19.56291462857749,2.093284963612064,0.1070027142353418,,,
torus_minus1,RGA Fall 2018 torus-1,3,6,6,15,2.5,3,2.768529161345253,0.38,0.48,0.4242464878671775,10.604,0.9097180558107452,1,1.5,1.25,270,288,279,22.27849468392883,2.296308359914117,0.1030728688132874,,,
torus_minus1,RGA Fall 2018 torus-1,3,6,6,16,2.5,3,2.768529161345253,0.38,0.48,0.4242464878671775,10.604,0.9097180558107452,1,1.5,1.25,288,306,297,23.97353817007819,2.286381937078578,0.09537106791905473,,,
torus_minus1,RGA Fall 2018 torus-1,3,6,6,17,2.5,3,2.768529161345253,0.38,0.48,0.4242464878671775,10.604,0.9097180558107452,1,1.5,1.25,306,324,315,19.5312209631356,1.907829149217008,0.09768099766102484,,,
torus_minus1,RGA Fall 2018 torus-1,3,6,6,18,2.5,3,2.768529161345253,0.38,0.48,0.4242464878671775,10.604,0.9097180558107452,1,1.5,1.25,324,342,333,10.10549852565336,1.933221903903817,0.1913039617982455,,,
torus_minus1,RGA Fall 2018 torus-1,3,6,6,19,2.5,3,2.768529161345253,0.38,0.48,0.4242464878671775,10.604,0.9097180558107452,1,1.5,1.25,342,360,351,11.87611057808621,1.895626543710354,0.1596167812051331,,,
torus_minus1,RGA Fall 2018 torus-1,3,6,7,0,2.5,3,2.768529161345253,0.38,0.48,0.4242464878671775,10.604,0.9097180558107452,1.5,2,1.75,0,18,9,5.501575762236744,1.855545609424809,0.3372752988628136,,,
torus_minus1,RGA Fall 2018 torus-1,3,6,7,1,2.5,3,2.768529161345253,0.38,0.48,0.4242464878671775,10.604,0.9097180558107452,1.5,2,1.75,18,36,27,4.599440267318873,1.348813969240811,0.29325611179794,,,
torus_minus1,RGA Fall 2018 torus-1,3,6,7,2,2.5,3,2.768529161345253,0.38,0.48,0.4242464878671775,10.604,0.9097180558107452,1.5,2,1.75,36,54,45,8.565070651042655,1.549608568424738,0.1809218664455615,,,
torus_minus1,RGA Fall 2018 torus-1,3,6,7,3,2.5,3,2.768529161345253,0.38,0.48,0.4242464878671775,10.604,0.9097180558107452,1.5,2,1.75,54,72,63,14.89426510238499,1.933758530626059,0.1298324232402987,,,
torus_minus1,RGA Fall 2018 torus-1,3,6,7,4,2.5,3,2.768529161345253,0.38,0.48,0.4242464878671775,10.604,0.9097180558107452,1.5,2,1.75,72,90,81,9.148334125169216,1.252679767237844,0.1369298224243284,,,
torus_minus1,RGA Fall 2018 torus-1,3,6,7,5,2.5,3,2.768529161345253,0.38,0.48,0.4242464878671775,10.604,0.9097180558107452,1.5,2,1.75,90,108,99,11.16502299594348,1.630250724545536,0.1460140946541574,,,
torus_minus1,RGA Fall 2018 torus-1,3,6,7,6,2.5,3,2.768529161345253,0.38,0.48,0.4242464878671775,10.604,0.9097180558107452,1.5,2,1.75,108,126,117,16.68382436863994,3.187977613786935,0.19108194520312,,,
torus_minus1,RGA Fall 2018 torus-1,3,6,7,13,2.5,3,2.768529161345253,0.38,0.48,0.4242464878671775,10.604,0.9097180558107452,1.5,2,1.75,234,252,243,11.68389433360987,2.470959551361885,0.2114842432504654,,,
torus_minus1,RGA Fall 2018 torus-1,3,6,7,14,2.5,3,2.768529161345253,0.38,0.48,0.4242464878671775,10.604,0.9097180558107452,1.5,2,1.75,252,270,261,11.80383368395696,1.60225713352565,0.1357404023493942,,,
torus_minus1,RGA Fall 2018 torus-1,3,6,7,15,2.5,3,2.768529161345253,0.38,0.48,0.4242464878671775,10.604,0.9097180558107452,1.5,2,1.75,270,288,279,8.059280514208632,1.196201601583198,0.1484253587493668,,,
torus_minus1,RGA Fall 2018 torus-1,3,6,7,16,2.5,3,2.768529161345253,0.38,0.48,0.4242464878671775,10.604,0.9097180558107452,1.5,2,1.75,288,306,297,14.52919863514133,1.805766438867933,0.1242853432053974,,,
torus_minus1,RGA Fall 2018 torus-1,3,6,7,17,2.5,3,2.768529161345253,0.38,0.48,0.4242464878671775,10.604,0.9097180558107452,1.5,2,1.75,306,324,315,7.816102158894107,1.032855041027918,0.1321445165417408,,,
torus_minus1,RGA Fall 2018 torus-1,3,6,7,18,2.5,3,2.768529161345253,0.38,0.48,0.4242464878671775,10.604,0.9097180558107452,1.5,2,1.75,324,342,333,8.14163936925595,1.629190707752152,0.2001059779071302,,,
torus_minus1,RGA Fall 2018 torus-1,3,6,7,19,2.5,3,2.768529161345253,0.38,0.48,0.4242464878671775,10.604,0.9097180558107452,1.5,2,1.75,342,360,351,3.892707411414391,1.394545909781095,0.3582457560750489,,,
torus_minus1,RGA Fall 2018 torus-1,3,7,3,0,2.5,3,2.958661740558292,0.48,0.58,0.4833579638752052,10.604,0.9189749574167738,0.3,0.4,0.35,0,18,9,169.2135090538773,128.1214484875724,0.75715851059373,,,
torus_minus1,RGA Fall 2018 torus-1,3,7,3,1,2.5,3,2.958661740558292,0.48,0.58,0.4833579638752052,10.604,0.9189749574167738,0.3,0.4,0.35,18,36,27,71.65723668873322,114.3631847370499,1.595975368598485,,,
torus_minus1,RGA Fall 2018 torus-1,3,7,3,2,2.5,3,2.958661740558292,0.48,0.58,0.4833579638752052,10.604,0.9189749574167738,0.3,0.4,0.35,36,54,45,165.0469397814597,138.4923347050468,0.839108770440857,,,
torus_minus1,RGA Fall 2018 torus-1,3,7,3,3,2.5,3,2.958661740558292,0.48,0.58,0.4833579638752052,10.604,0.9189749574167738,0.3,0.4,0.35,54,72,63,183.3280161453933,150.5719816208923,0.8213255387080446,,,
torus_minus1,RGA Fall 2018 torus-1,3,7,3,8,2.5,3,2.958661740558292,0.48,0.58,0.4833579638752052,10.604,0.9189749574167738,0.3,0.4,0.35,144,162,153,109.9905783738182,87.0221663081379,0.7911783681360508,,,
torus_minus1,RGA Fall 2018 torus-1,3,7,3,10,2.5,3,2.958661740558292,0.48,0.58,0.4833579638752052,10.604,0.9189749574167738,0.3,0.4,0.35,180,198,189,96.47216411366415,126.6228580106487,1.312532575318418,,,
torus_minus1,RGA Fall 2018 torus-1,3,7,3,15,2.5,3,2.958661740558292,0.48,0.58,0.4833579638752052,10.604,0.9189749574167738,0.3,0.4,0.35,270,288,279,61.7926889674803,67.0827853039075,1.085610392181043,,,
torus_minus1,RGA Fall 2018 torus-1,3,7,3,16,2.5,3,2.958661740558292,0.48,0.58,0.4833579638752052,10.604,0.9189749574167738,0.3,0.4,0.35,288,306,297,316.6287047964454,256.4855023560633,0.8100513265875654,,,
torus_minus1,RGA Fall 2018 torus-1,3,7,3,17,2.5,3,2.958661740558292,0.48,0.58,0.4833579638752052,10.604,0.9189749574167738,0.3,0.4,0.35,306,324,315,65.14159339596436,134.0869482217424,2.058392207367303,,,
torus_minus1,RGA Fall 2018 torus-1,3,7,3,18,2.5,3,2.958661740558292,0.48,0.58,0.4833579638752052,10.604,0.9189749574167738,0.3,0.4,0.35,324,342,333,59.35625329661924,97.4880228136756,1.642422110548346,,,
torus_minus1,RGA Fall 2018 torus-1,3,7,4,0,2.5,3,2.959848484848485,0.48,0.58,0.4834848484848484,10.604,0.9189473974151007,0.4,0.6,0.5,0,18,9,52.03951602070283,60.38741726365987,1.160414659499062,,,
torus_minus1,RGA Fall 2018 torus-1,3,7,4,1,2.5,3,2.959848484848485,0.48,0.58,0.4834848484848484,10.604,0.9189473974151007,0.4,0.6,0.5,18,36,27,55.24311339857882,57.96686689166521,1.049304851329333,,,
torus_minus1,RGA Fall 2018 torus-1,3,7,4,2,2.5,3,2.959848484848485,0.48,0.58,0.4834848484848484,10.604,0.9189473974151007,0.4,0.6,0.5,36,54,45,25.10632715359678,32.8379129374966,1.307953677835835,,,
torus_minus1,RGA Fall 2018 torus-1,3,7,4,3,2.5,3,2.959848484848485,0.48,0.58,0.4834848484848484,10.604,0.9189473974151007,0.4,0.6,0.5,54,72,63,64.43537016419221,62.03700227510038,0.9627787055000945,,,
torus_minus1,RGA Fall 2018 torus-1,3,7,4,4,2.5,3,2.959848484848485,0.48,0.58,0.4834848484848484,10.604,0.9189473974151007,0.4,0.6,0.5,72,90,81,44.54707355955099,43.25139036536936,0.970914291542641,,,
torus_minus1,RGA Fall 2018 torus-1,3,7,4,5,2.5,3,2.959848484848485,0.48,0.58,0.4834848484848484,10.604,0.9189473974151007,0.4,0.6,0.5,90,108,99,87.72373576096474,74.77959207187841,0.8524442264479324,,,
torus_minus1,RGA Fall 2018 torus-1,3,7,4,6,2.5,3,2.959848484848485,0.48,0.58,0.4834848484848484,10.604,0.9189473974151007,0.4,0.6,0.5,108,126,117,104.0034455927645,63.05437161992786,0.6062719485931582,,,
torus_minus1,RGA Fall 2018 torus-1,3,7,4,7,2.5,3,2.959848484848485,0.48,0.58,0.4834848484848484,10.604,0.9189473974151007,0.4,0.6,0.5,126,144,135,138.7887005727295,113.9003959156781,0.8206748492179365,,,
torus_minus1,RGA Fall 2018 torus-1,3,7,4,8,2.5,3,2.959848484848485,0.48,0.58,0.4834848484848484,10.604,0.9189473974151007,0.4,0.6,0.5,144,162,153,129.4490960417644,147.8922987240563,1.142474557538367,,,
torus_minus1,RGA Fall 2018 torus-1,3,7,4,11,2.5,3,2.959848484848485,0.48,0.58,0.4834848484848484,10.604,0.9189473974151007,0.4,0.6,0.5,198,216,207,43.79072823994887,56.790884563478,1.296870064646916,,,
torus_minus1,RGA Fall 2018 torus-1,3,7,4,13,2.5,3,2.959848484848485,0.48,0.58,0.4834848484848484,10.604,0.9189473974151007,0.4,0.6,0.5,234,252,243,70.58638529909982,43.90625781232155,0.6220216211139725,,,
torus_minus1,RGA Fall 2018 torus-1,3,7,4,14,2.5,3,2.959848484848485,0.48,0.58,0.4834848484848484,10.604,0.9189473974151007,0.4,0.6,0.5,252,270,261,102.8304648142387,70.84188195484698,0.688919203884,,,
torus_minus1,RGA Fall 2018 torus-1,3,7,4,15,2.5,3,2.959848484848485,0.48,0.58,0.4834848484848484,10.604,0.9189473974151007,0.4,0.6,0.5,270,288,279,158.6716052404538,133.5017351216052,0.8413713021891619,,,
torus_minus1,RGA Fall 2018 torus-1,3,7,4,16,2.5,3,2.959848484848485,0.48,0.58,0.4834848484848484,10.604,0.9189473974151007,0.4,0.6,0.5,288,306,297,51.70620476409366,48.3080001578076,0.9342785914806518,,,
torus_minus1,RGA Fall 2018 torus-1,3,7,4,17,2.5,3,2.959848484848485,0.48,0.58,0.4834848484848484,10.604,0.9189473974151007,0.4,0.6,0.5,306,324,315,41.31950349640216,69.66722188108298,1.68606144764419,,,
torus_minus1,RGA Fall 2018 torus-1,3,7,4,18,2.5,3,2.959848484848485,0.48,0.58,0.4834848484848484,10.604,0.9189473974151007,0.4,0.6,0.5,324,342,333,47.73794678588781,48.39283353081746,1.013718368489263,,,
torus_minus1,RGA Fall 2018 torus-1,3,7,4,19,2.5,3,2.959848484848485,0.48,0.58,0.4834848484848484,10.604,0.9189473974151007,0.4,0.6,0.5,342,360,351,117.0075282981877,133.6092846862545,1.141886224156091,,,
torus_minus1,RGA Fall 2018 torus-1,3,7,5,0,2.5,3,2.959848484848485,0.48,0.58,0.4834848484848484,10.604,0.9189473974151007,0.6,1,0.8,0,18,9,39.47468109774191,34.93579312464841,0.8850177418316586,,,
torus_minus1,RGA Fall 2018 torus-1,3,7,5,1,2.5,3,2.959848484848485,0.48,0.58,0.4834848484848484,10.604,0.9189473974151007,0.6,1,0.8,18,36,27,32.54520101687623,30.43741532184588,0.9352351305515871,,,
torus_minus1,RGA Fall 2018 torus-1,3,7,5,2,2.5,3,2.959848484848485,0.48,0.58,0.4834848484848484,10.604,0.9189473974151007,0.6,1,0.8,36,54,45,19.03600599294418,23.8221580334842,1.251426273048771,,,
torus_minus1,RGA Fall 2018 torus-1,3,7,5,3,2.5,3,2.959848484848485,0.48,0.58,0.4834848484848484,10.604,0.9189473974151007,0.6,1,0.8,54,72,63,20.92040877806986,26.83313418488911,1.282629535089073,,,
torus_minus1,RGA Fall 2018 torus-1,3,7,5,4,2.5,3,2.959848484848485,0.48,0.58,0.4834848484848484,10.604,0.9189473974151007,0.6,1,0.8,72,90,81,60.65487982178788,44.5845484765199,0.7350529521699696,,,
torus_minus1,RGA Fall 2018 torus-1,3,7,5,5,2.5,3,2.959848484848485,0.48,0.58,0.4834848484848484,10.604,0.9189473974151007,0.6,1,0.8,90,108,99,47.12085122494666,29.94898011831582,0.6355780793378424,,,
torus_minus1,RGA Fall 2018 torus-1,3,7,5,6,2.5,3,2.959848484848485,0.48,0.58,0.4834848484848484,10.604,0.9189473974151007,0.6,1,0.8,108,126,117,75.22616760430562,32.28645542900387,0.4291918152581248,,,
torus_minus1,RGA Fall 2018 torus-1,3,7,5,7,2.5,3,2.959848484848485,0.48,0.58,0.4834848484848484,10.604,0.9189473974151007,0.6,1,0.8,126,144,135,72.64027180085303,52.39163423452208,0.721247772560053,,,
torus_minus1,RGA Fall 2018 torus-1,3,7,5,8,2.5,3,2.959848484848485,0.48,0.58,0.4834848484848484,10.604,0.9189473974151007,0.6,1,0.8,144,162,153,48.96682685045507,50.46555101140614,1.030606928350252,,,
torus_minus1,RGA Fall 2018 torus-1,3,7,5,11,2.5,3,2.959848484848485,0.48,0.58,0.4834848484848484,10.604,0.9189473974151007,0.6,1,0.8,198,216,207,38.80976441099472,39.48676954515062,1.01744419592416,,,
torus_minus1,RGA Fall 2018 torus-1,3,7,5,12,2.5,3,2.959848484848485,0.48,0.58,0.4834848484848484,10.604,0.9189473974151007,0.6,1,0.8,216,234,225,22.11175521417949,34.83088084948326,1.575220081450045,,,
torus_minus1,RGA Fall 2018 torus-1,3,7,5,13,2.5,3,2.959848484848485,0.48,0.58,0.4834848484848484,10.604,0.9189473974151007,0.6,1,0.8,234,252,243,131.2713518433102,103.7785304174494,0.7905649554163414,,,
torus_minus1,RGA Fall 2018 torus-1,3,7,5,14,2.5,3,2.959848484848485,0.48,0.58,0.4834848484848484,10.604,0.9189473974151007,0.6,1,0.8,252,270,261,26.89142467934202,28.30668284710787,1.052628605015972,,,
torus_minus1,RGA Fall 2018 torus-1,3,7,5,15,2.5,3,2.959848484848485,0.48,0.58,0.4834848484848484,10.604,0.9189473974151007,0.6,1,0.8,270,288,279,23.48250363786967,28.41484542623122,1.210043267294859,,,
torus_minus1,RGA Fall 2018 torus-1,3,7,5,16,2.5,3,2.959848484848485,0.48,0.58,0.4834848484848484,10.604,0.9189473974151007,0.6,1,0.8,288,306,297,51.93917195801255,65.55014537308659,1.262056034048388,,,
torus_minus1,RGA Fall 2018 torus-1,3,7,5,18,2.5,3,2.959848484848485,0.48,0.58,0.4834848484848484,10.604,0.9189473974151007,0.6,1,0.8,324,342,333,72.83588669416775,72.51515519337224,0.995596518208912,,,
torus_minus1,RGA Fall 2018 torus-1,3,7,5,19,2.5,3,2.959848484848485,0.48,0.58,0.4834848484848484,10.604,0.9189473974151007,0.6,1,0.8,342,360,351,28.83596222770941,23.23931039148017,0.8059141639861341,,,
torus_minus1,RGA Fall 2018 torus-1,3,7,6,2,2.5,3,2.959848484848485,0.48,0.58,0.4834848484848484,10.604,0.9189473974151007,1,1.5,1.25,36,54,45,40.1957716506422,40.89020014826379,1.017276157891859,,,
torus_minus1,RGA Fall 2018 torus-1,3,7,6,3,2.5,3,2.959848484848485,0.48,0.58,0.4834848484848484,10.604,0.9189473974151007,1,1.5,1.25,54,72,63,35.22665326781407,43.4177769629861,1.232526309919316,,,
torus_minus1,RGA Fall 2018 torus-1,3,7,6,4,2.5,3,2.959848484848485,0.48,0.58,0.4834848484848484,10.604,0.9189473974151007,1,1.5,1.25,72,90,81,25.11763301964805,35.04035664940708,1.395050107707086,,,
torus_minus1,RGA Fall 2018 torus-1,3,7,6,6,2.5,3,2.959848484848485,0.48,0.58,0.4834848484848484,10.604,0.9189473974151007,1,1.5,1.25,108,126,117,43.55534035515075,46.74447252670878,1.073220233054174,,,
torus_minus1,RGA Fall 2018 torus-1,3,7,6,14,2.5,3,2.959848484848485,0.48,0.58,0.4834848484848484,10.604,0.9189473974151007,1,1.5,1.25,252,270,261,40.64317104837978,43.6057065839341,1.072891348266794,,,
torus_minus1,RGA Fall 2018 torus-1,3,7,6,15,2.5,3,2.959848484848485,0.48,0.58,0.4834848484848484,10.604,0.9189473974151007,1,1.5,1.25,270,288,279,18.30030805127763,23.83210421380675,1.302278854925774,,,
torus_minus1,RGA Fall 2018 torus-1,3,7,6,16,2.5,3,2.959848484848485,0.48,0.58,0.4834848484848484,10.604,0.9189473974151007,1,1.5,1.25,288,306,297,123.2246040135802,97.14993760409166,0.7883972391859749,,,
torus_minus1,RGA Fall 2018 torus-1,3,7,6,17,2.5,3,2.959848484848485,0.48,0.58,0.4834848484848484,10.604,0.9189473974151007,1,1.5,1.25,306,324,315,49.74604233712732,46.45782151635421,0.933899850796392,,,
torus_minus1,RGA Fall 2018 torus-1,3,7,6,19,2.5,3,2.959848484848485,0.48,0.58,0.4834848484848484,10.604,0.9189473974151007,1,1.5,1.25,342,360,351,49.55179594151877,57.72998711596708,1.165043284891233,,,
torus_minus1,RGA Fall 2018 torus-1,3,7,7,4,2.5,3,2.959848484848485,0.48,0.58,0.4834848484848484,10.604,0.9189473974151007,1.5,2,1.75,72,90,81,85.66604453598586,72.55070472064281,0.846901536234305,,,
torus_minus1,RGA Fall 2018 torus-1,3,7,7,15,2.5,3,2.959848484848485,0.48,0.58,0.4834848484848484,10.604,0.9189473974151007,1.5,2,1.75,270,288,279,15.17333907662721,26.79437874227503,1.765885452566515,,,
torus_minus1,RGA Fall 2018 torus-1,3,7,7,17,2.5,3,2.959848484848485,0.48,0.58,0.4834848484848484,10.604,0.9189473974151007,1.5,2,1.75,306,324,315,79.21042237975398,73.38081726916568,0.9264035598416612,,,
torus_minus1,RGA Fall 2018 torus-1,3,7,7,18,2.5,3,2.959848484848485,0.48,0.58,0.4834848484848484,10.604,0.9189473974151007,1.5,2,1.75,324,342,333,39.52314478562324,28.97431442717763,0.7330973935484304,,,
torus_minus1,RGA Fall 2018 torus-1,4,2,0,1,3,3.5,3.075862068965517,0.15,0.2,0.1952586206896552,10.604,0.3812740923883566,0.09,0.15,0.12,18,36,27,10.52874290908946,16.75498229983933,1.591356389315459,,,
torus_minus1,RGA Fall 2018 torus-1,4,2,0,18,3,3.5,3.075862068965517,0.15,0.2,0.1952586206896552,10.604,0.3812740923883566,0.09,0.15,0.12,324,342,333,66.69758499799036,73.80549407238567,1.106569211982855,,,
torus_minus1,RGA Fall 2018 torus-1,4,2,1,0,3,3.5,3.075862068965517,0.15,0.2,0.1952586206896552,10.604,0.3812740923883566,0.15,0.2,0.175,0,18,9,8.100367015092974,13.05381725488597,1.611509358843062,,,
torus_minus1,RGA Fall 2018 torus-1,4,2,1,2,3,3.5,3.075862068965517,0.15,0.2,0.1952586206896552,10.604,0.3812740923883566,0.15,0.2,0.175,36,54,45,47.12754619978985,30.80010435881141,0.6535478046796493,,,
torus_minus1,RGA Fall 2018 torus-1,4,2,1,17,3,3.5,3.075862068965517,0.15,0.2,0.1952586206896552,10.604,0.3812740923883566,0.15,0.2,0.175,306,324,315,11.20450746577774,19.5614457806313,1.745855035607625,,,
torus_minus1,RGA Fall 2018 torus-1,4,2,1,18,3,3.5,3.075862068965517,0.15,0.2,0.1952586206896552,10.604,0.3812740923883566,0.15,0.2,0.175,324,342,333,13.07707266020059,19.89513561876283,1.521375321199573,,,
torus_minus1,RGA Fall 2018 torus-1,4,2,2,2,3,3.5,3.075862068965517,0.15,0.2,0.1952586206896552,10.604,0.3812740923883566,0.2,0.3,0.25,36,54,45,6.453825280819613,5.869135830138496,0.9094042021219911,,,
torus_minus1,RGA Fall 2018 torus-1,4,2,2,7,3,3.5,3.075862068965517,0.15,0.2,0.1952586206896552,10.604,0.3812740923883566,0.2,0.3,0.25,126,144,135,9.149072025418487,16.99633181661089,1.85771100821927,,,
torus_minus1,RGA Fall 2018 torus-1,4,2,2,17,3,3.5,3.075862068965517,0.15,0.2,0.1952586206896552,10.604,0.3812740923883566,0.2,0.3,0.25,306,324,315,5.747358402930805,7.871844615961471,1.369645681387697,,,
torus_minus1,RGA Fall 2018 torus-1,4,2,2,18,3,3.5,3.075862068965517,0.15,0.2,0.1952586206896552,10.604,0.3812740923883566,0.2,0.3,0.25,324,342,333,3.31670794172009,5.946366503228703,1.792852011004875,,,
torus_minus1,RGA Fall 2018 torus-1,4,2,2,19,3,3.5,3.075862068965517,0.15,0.2,0.1952586206896552,10.604,0.3812740923883566,0.2,0.3,0.25,342,360,351,9.10725111968652,14.76435354930604,1.621164647298563,,,
torus_minus1,RGA Fall 2018 torus-1,4,2,3,1,3,3.5,3.075862068965517,0.15,0.2,0.1952586206896552,10.604,0.3812740923883566,0.3,0.4,0.35,18,36,27,9.719106149467517,12.82615607779389,1.3196847406072,,,
torus_minus1,RGA Fall 2018 torus-1,4,2,3,2,3,3.5,3.075862068965517,0.15,0.2,0.1952586206896552,10.604,0.3812740923883566,0.3,0.4,0.35,36,54,45,12.0018070448749,12.65160804584812,1.054141930339624,,,
torus_minus1,RGA Fall 2018 torus-1,4,2,3,5,3,3.5,3.075862068965517,0.15,0.2,0.1952586206896552,10.604,0.3812740923883566,0.3,0.4,0.35,90,108,99,30.77173069934184,23.54090916762535,0.7650173920223748,,,
torus_minus1,RGA Fall 2018 torus-1,4,2,3,9,3,3.5,3.075862068965517,0.15,0.2,0.1952586206896552,10.604,0.3812740923883566,0.3,0.4,0.35,162,180,171,18.47058092767594,22.66127032090822,1.226884547358932,,,
torus_minus1,RGA Fall 2018 torus-1,4,2,3,13,3,3.5,3.075862068965517,0.15,0.2,0.1952586206896552,10.604,0.3812740923883566,0.3,0.4,0.35,234,252,243,10.24262337291943,15.22756848286876,1.486686362317009,,,
torus_minus1,RGA Fall 2018 torus-1,4,2,3,17,3,3.5,3.075862068965517,0.15,0.2,0.1952586206896552,10.604,0.3812740923883566,0.3,0.4,0.35,306,324,315,10.38237306010403,15.30649020001611,1.474276652496125,,,
torus_minus1,RGA Fall 2018 torus-1,4,2,4,2,3,3.5,3.075862068965517,0.15,0.2,0.1952586206896552,10.604,0.3812740923883566,0.4,0.6,0.5,36,54,45,4.167871171485245,3.918792929673653,0.9402384978893599,,,
torus_minus1,RGA Fall 2018 torus-1,4,2,4,6,3,3.5,3.075862068965517,0.15,0.2,0.1952586206896552,10.604,0.3812740923883566,0.4,0.6,0.5,108,126,117,22.12614451003974,20.88081232263126,0.9437167109324713,,,
torus_minus1,RGA Fall 2018 torus-1,4,2,4,7,3,3.5,3.075862068965517,0.15,0.2,0.1952586206896552,10.604,0.3812740923883566,0.4,0.6,0.5,126,144,135,27.34553226555239,20.17844549791901,0.7379064814671071,,,
torus_minus1,RGA Fall 2018 torus-1,4,2,4,8,3,3.5,3.075862068965517,0.15,0.2,0.1952586206896552,10.604,0.3812740923883566,0.4,0.6,0.5,144,162,153,7.796624963913416,19.28473004645187,2.473471551563786,,,
torus_minus1,RGA Fall 2018 torus-1,4,2,4,9,3,3.5,3.075862068965517,0.15,0.2,0.1952586206896552,10.604,0.3812740923883566,0.4,0.6,0.5,162,180,171,1.278240131518885,1.761071442769256,1.377731303645302,,,
torus_minus1,RGA Fall 2018 torus-1,4,2,4,12,3,3.5,3.075862068965517,0.15,0.2,0.1952586206896552,10.604,0.3812740923883566,0.4,0.6,0.5,216,234,225,7.245238787545117,9.002049880929016,1.242478011408531,,,
torus_minus1,RGA Fall 2018 torus-1,4,2,4,14,3,3.5,3.075862068965517,0.15,0.2,0.1952586206896552,10.604,0.3812740923883566,0.4,0.6,0.5,252,270,261,7.348831736432674,10.28664804894942,1.399766441508272,,,
torus_minus1,RGA Fall 2018 torus-1,4,2,4,16,3,3.5,3.075862068965517,0.15,0.2,0.1952586206896552,10.604,0.3812740923883566,0.4,0.6,0.5,288,306,297,8.930547421185034,12.4745848197632,1.39684436254949,,,
torus_minus1,RGA Fall 2018 torus-1,4,2,4,17,3,3.5,3.075862068965517,0.15,0.2,0.1952586206896552,10.604,0.3812740923883566,0.4,0.6,0.5,306,324,315,1.796084198748604,2.216691766349637,1.234180317322588,,,
torus_minus1,RGA Fall 2018 torus-1,4,2,4,18,3,3.5,3.075862068965517,0.15,0.2,0.1952586206896552,10.604,0.3812740923883566,0.4,0.6,0.5,324,342,333,2.416753645347719,4.839786735659573,2.002598297503853,,,
torus_minus1,RGA Fall 2018 torus-1,4,2,5,1,3,3.5,3.075862068965517,0.15,0.2,0.1952586206896552,10.604,0.3812740923883566,0.6,1,0.8,18,36,27,1.279675060077723,1.80817693255706,1.412996930992183,,,
torus_minus1,RGA Fall 2018 torus-1,4,2,5,2,3,3.5,3.075862068965517,0.15,0.2,0.1952586206896552,10.604,0.3812740923883566,0.6,1,0.8,36,54,45,1.903610686092699,1.687871141164146,0.886668242354021,,,
torus_minus1,RGA Fall 2018 torus-1,4,2,5,3,3,3.5,3.075862068965517,0.15,0.2,0.1952586206896552,10.604,0.3812740923883566,0.6,1,0.8,54,72,63,3.427281356589901,5.470604771549736,1.596193659744619,,,
torus_minus1,RGA Fall 2018 torus-1,4,2,5,7,3,3.5,3.075862068965517,0.15,0.2,0.1952586206896552,10.604,0.3812740923883566,0.6,1,0.8,126,144,135,1.397988056351451,1.831523529489275,1.310113860535611,,,
torus_minus1,RGA Fall 2018 torus-1,4,2,5,8,3,3.5,3.075862068965517,0.15,0.2,0.1952586206896552,10.604,0.3812740923883566,0.6,1,0.8,144,162,153,3.47585781959587,2.699422109549607,0.7766204055675276,,,
torus_minus1,RGA Fall 2018 torus-1,4,2,5,9,3,3.5,3.075862068965517,0.15,0.2,0.1952586206896552,10.604,0.3812740923883566,0.6,1,0.8,162,180,171,4.225448497743182,5.748119584957903,1.360357270483354,,,
torus_minus1,RGA Fall 2018 torus-1,4,2,5,13,3,3.5,3.075862068965517,0.15,0.2,0.1952586206896552,10.604,0.3812740923883566,0.6,1,0.8,234,252,243,6.709903614892949,9.535363367081565,1.421087978956564,,,
torus_minus1,RGA Fall 2018 torus-1,4,2,6,6,3,3.5,3.075862068965517,0.15,0.2,0.1952586206896552,10.604,0.3812740923883566,1,1.5,1.25,108,126,117,2.61517873069325,4.047916031828582,1.547854448462699,,,
torus_minus1,RGA Fall 2018 torus-1,4,2,6,9,3,3.5,3.075862068965517,0.15,0.2,0.1952586206896552,10.604,0.3812740923883566,1,1.5,1.25,162,180,171,1.35920193485685,2.131716587112351,1.568358999825042,,,
torus_minus1,RGA Fall 2018 torus-1,4,2,6,14,3,3.5,3.075862068965517,0.15,0.2,0.1952586206896552,10.604,0.3812740923883566,1,1.5,1.25,252,270,261,4.48666165303057,4.866155862121178,1.084582756275877,,,
torus_minus1,RGA Fall 2018 torus-1,4,2,6,15,3,3.5,3.075862068965517,0.15,0.2,0.1952586206896552,10.604,0.3812740923883566,1,1.5,1.25,270,288,279,4.782764060933928,4.240954540554672,0.886716234905918,,,
torus_minus1,RGA Fall 2018 torus-1,4,2,6,18,3,3.5,3.075862068965517,0.15,0.2,0.1952586206896552,10.604,0.3812740923883566,1,1.5,1.25,324,342,333,4.994373328410461,3.671671504737469,0.7351616035291532,,,
torus_minus1,RGA Fall 2018 torus-1,4,2,7,1,3,3.5,3.075862068965517,0.15,0.2,0.1952586206896552,10.604,0.3812740923883566,1.5,2,1.75,18,36,27,4.274425039514214,2.621558923028672,0.6133126441086474,,,
torus_minus1,RGA Fall 2018 torus-1,4,2,7,4,3,3.5,3.075862068965517,0.15,0.2,0.1952586206896552,10.604,0.3812740923883566,1.5,2,1.75,72,90,81,1.968520459140613,1.681032642932338,0.8539574151371624,,,
torus_minus1,RGA Fall 2018 torus-1,4,3,0,0,3,3.5,3.233883455582722,0.2,0.25,0.2269356153219234,10.604,0.5053658061968556,0.09,0.15,0.12,0,18,9,5.468870774958175,6.66804713628638,1.219273120663082,,,
torus_minus1,RGA Fall 2018 torus-1,4,3,0,18,3,3.5,3.233883455582722,0.2,0.25,0.2269356153219234,10.604,0.5053658061968556,0.09,0.15,0.12,324,342,333,7.603978987301053,5.698477738658906,0.7494073495173501,,,
torus_minus1,RGA Fall 2018 torus-1,4,3,1,0,3,3.5,3.233883455582722,0.2,0.25,0.2269356153219234,10.604,0.5053658061968556,0.15,0.2,0.175,0,18,9,9.297103092286237,7.626454659508003,0.8203044092127618,,,
torus_minus1,RGA Fall 2018 torus-1,4,3,1,1,3,3.5,3.233883455582722,0.2,0.25,0.2269356153219234,10.604,0.5053658061968556,0.15,0.2,0.175,18,36,27,9.624336911692605,7.678507807020138,0.7978220086717371,,,
torus_minus1,RGA Fall 2018 torus-1,4,3,1,2,3,3.5,3.233883455582722,0.2,0.25,0.2269356153219234,10.604,0.5053658061968556,0.15,0.2,0.175,36,54,45,10.7009297288895,8.222905307576225,0.7684290539145112,,,
torus_minus1,RGA Fall 2018 torus-1,4,3,1,4,3,3.5,3.233883455582722,0.2,0.25,0.2269356153219234,10.604,0.5053658061968556,0.15,0.2,0.175,72,90,81,17.10370893772727,12.68336857243669,0.7415566190126041,,,
torus_minus1,RGA Fall 2018 torus-1,4,3,1,5,3,3.5,3.233883455582722,0.2,0.25,0.2269356153219234,10.604,0.5053658061968556,0.15,0.2,0.175,90,108,99,3.430284288713914,3.875534736212952,1.129799867889659,,,
torus_minus1,RGA Fall 2018 torus-1,4,3,1,19,3,3.5,3.233883455582722,0.2,0.25,0.2269356153219234,10.604,0.5053658061968556,0.15,0.2,0.175,342,360,351,7.081659319511814,7.385583306951875,1.042917058520829,,,
torus_minus1,RGA Fall 2018 torus-1,4,3,2,0,3,3.5,3.233883455582722,0.2,0.25,0.2269356153219234,10.604,0.5053658061968556,0.2,0.3,0.25,0,18,9,3.05330457877875,1.820959552961626,0.5963897495250758,,,
torus_minus1,RGA Fall 2018 torus-1,4,3,2,1,3,3.5,3.233883455582722,0.2,0.25,0.2269356153219234,10.604,0.5053658061968556,0.2,0.3,0.25,18,36,27,3.356993305915217,1.99159197995737,0.5932665925928625,,,
torus_minus1,RGA Fall 2018 torus-1,4,3,2,2,3,3.5,3.233883455582722,0.2,0.25,0.2269356153219234,10.604,0.5053658061968556,0.2,0.3,0.25,36,54,45,11.99978747073343,6.940698538965539,0.5784017888561257,,,
torus_minus1,RGA Fall 2018 torus-1,4,3,2,3,3,3.5,3.233883455582722,0.2,0.25,0.2269356153219234,10.604,0.5053658061968556,0.2,0.3,0.25,54,72,63,8.870026152033631,6.96423391973136,0.7851424336708037,,,
torus_minus1,RGA Fall 2018 torus-1,4,3,2,4,3,3.5,3.233883455582722,0.2,0.25,0.2269356153219234,10.604,0.5053658061968556,0.2,0.3,0.25,72,90,81,9.290713348597704,3.50174499089388,0.3769080865488565,,,
torus_minus1,RGA Fall 2018 torus-1,4,3,2,5,3,3.5,3.233883455582722,0.2,0.25,0.2269356153219234,10.604,0.5053658061968556,0.2,0.3,0.25,90,108,99,16.48623382458115,4.258608218790777,0.2583129818552705,,,
torus_minus1,RGA Fall 2018 torus-1,4,3,2,6,3,3.5,3.233883455582722,0.2,0.25,0.2269356153219234,10.604,0.5053658061968556,0.2,0.3,0.25,108,126,117,17.56845709611437,5.385351341588375,0.3065352473541605,,,
torus_minus1,RGA Fall 2018 torus-1,4,3,2,7,3,3.5,3.233883455582722,0.2,0.25,0.2269356153219234,10.604,0.5053658061968556,0.2,0.3,0.25,126,144,135,8.305038820749491,3.001523030804355,0.3614098736426474,,,
torus_minus1,RGA Fall 2018 torus-1,4,3,2,8,3,3.5,3.233883455582722,0.2,0.25,0.2269356153219234,10.604,0.5053658061968556,0.2,0.3,0.25,144,162,153,15.32519690559783,7.987820744654454,0.5212214103256803,,,
torus_minus1,RGA Fall 2018 torus-1,4,3,2,9,3,3.5,3.233883455582722,0.2,0.25,0.2269356153219234,10.604,0.5053658061968556,0.2,0.3,0.25,162,180,171,13.15985011022666,4.988915176983965,0.3791012158342917,,,
torus_minus1,RGA Fall 2018 torus-1,4,3,2,10,3,3.5,3.233883455582722,0.2,0.25,0.2269356153219234,10.604,0.5053658061968556,0.2,0.3,0.25,180,198,189,6.34583197332253,3.148628941275192,0.4961727563086804,,,
torus_minus1,RGA Fall 2018 torus-1,4,3,2,11,3,3.5,3.233883455582722,0.2,0.25,0.2269356153219234,10.604,0.5053658061968556,0.2,0.3,0.25,198,216,207,6.831824739861296,5.739053009754572,0.8400468730219637,,,
torus_minus1,RGA Fall 2018 torus-1,4,3,2,12,3,3.5,3.233883455582722,0.2,0.25,0.2269356153219234,10.604,0.5053658061968556,0.2,0.3,0.25,216,234,225,4.826754952807821,4.129745132044976,0.8555945293312682,,,
torus_minus1,RGA Fall 2018 torus-1,4,3,2,13,3,3.5,3.233883455582722,0.2,0.25,0.2269356153219234,10.604,0.5053658061968556,0.2,0.3,0.25,234,252,243,3.936820423283671,3.69390325367835,0.9382961010442267,,,
torus_minus1,RGA Fall 2018 torus-1,4,3,2,14,3,3.5,3.233883455582722,0.2,0.25,0.2269356153219234,10.604,0.5053658061968556,0.2,0.3,0.25,252,270,261,9.509942789928429,6.337264316365656,0.6663830115862716,,,
torus_minus1,RGA Fall 2018 torus-1,4,3,2,15,3,3.5,3.233883455582722,0.2,0.25,0.2269356153219234,10.604,0.5053658061968556,0.2,0.3,0.25,270,288,279,15.4141118861748,10.29163382857529,0.6676760817991751,,,
torus_minus1,RGA Fall 2018 torus-1,4,3,2,16,3,3.5,3.233883455582722,0.2,0.25,0.2269356153219234,10.604,0.5053658061968556,0.2,0.3,0.25,288,306,297,6.790057386909294,5.483853278375899,0.8076298867441598,,,
torus_minus1,RGA Fall 2018 torus-1,4,3,2,17,3,3.5,3.233883455582722,0.2,0.25,0.2269356153219234,10.604,0.5053658061968556,0.2,0.3,0.25,306,324,315,11.48266787048295,6.114924231578482,0.5325351478028333,,,
torus_minus1,RGA Fall 2018 torus-1,4,3,2,18,3,3.5,3.233883455582722,0.2,0.25,0.2269356153219234,10.604,0.5053658061968556,0.2,0.3,0.25,324,342,333,3.870728247281266,2.518726256179694,0.6507112086591987,,,
torus_minus1,RGA Fall 2018 torus-1,4,3,2,19,3,3.5,3.233883455582722,0.2,0.25,0.2269356153219234,10.604,0.5053658061968556,0.2,0.3,0.25,342,360,351,4.460216113992595,2.225182205020182,0.4988956023990269,,,
torus_minus1,RGA Fall 2018 torus-1,4,3,3,0,3,3.5,3.233883455582722,0.2,0.25,0.2269356153219234,10.604,0.5053658061968556,0.3,0.4,0.35,0,18,9,2.93578012893644,1.679105473628698,0.5719452410889491,,,
torus_minus1,RGA Fall 2018 torus-1,4,3,3,1,3,3.5,3.233883455582722,0.2,0.25,0.2269356153219234,10.604,0.5053658061968556,0.3,0.4,0.35,18,36,27,4.014469470817,2.427742563663531,0.6047480448691648,,,
torus_minus1,RGA Fall 2018 torus-1,4,3,3,2,3,3.5,3.233883455582722,0.2,0.25,0.2269356153219234,10.604,0.5053658061968556,0.3,0.4,0.35,36,54,45,7.514822041825651,5.874067467722594,0.781664214405741,,,
torus_minus1,RGA Fall 2018 torus-1,4,3,3,3,3,3.5,3.233883455582722,0.2,0.25,0.2269356153219234,10.604,0.5053658061968556,0.3,0.4,0.35,54,72,63,21.9662502850565,11.60424697427677,0.5282761884112311,,,
torus_minus1,RGA Fall 2018 torus-1,4,3,3,4,3,3.5,3.233883455582722,0.2,0.25,0.2269356153219234,10.604,0.5053658061968556,0.3,0.4,0.35,72,90,81,9.536664777601574,3.393059280089592,0.3557909771620315,,,
torus_minus1,RGA Fall 2018 torus-1,4,3,3,5,3,3.5,3.233883455582722,0.2,0.25,0.2269356153219234,10.604,0.5053658061968556,0.3,0.4,0.35,90,108,99,6.11255734675778,2.127161571557082,0.3479986282149762,,,
torus_minus1,RGA Fall 2018 torus-1,4,3,3,6,3,3.5,3.233883455582722,0.2,0.25,0.2269356153219234,10.604,0.5053658061968556,0.3,0.4,0.35,108,126,117,10.43761826248748,3.065375532731062,0.2936853461816994,,,
torus_minus1,RGA Fall 2018 torus-1,4,3,3,7,3,3.5,3.233883455582722,0.2,0.25,0.2269356153219234,10.604,0.5053658061968556,0.3,0.4,0.35,126,144,135,5.592883492122301,2.247034363333053,0.4017667034362598,,,
torus_minus1,RGA Fall 2018 torus-1,4,3,3,8,3,3.5,3.233883455582722,0.2,0.25,0.2269356153219234,10.604,0.5053658061968556,0.3,0.4,0.35,144,162,153,3.188830010920519,1.7977786370252,0.5637737448746084,,,
torus_minus1,RGA Fall 2018 torus-1,4,3,3,9,3,3.5,3.233883455582722,0.2,0.25,0.2269356153219234,10.604,0.5053658061968556,0.3,0.4,0.35,162,180,171,9.596189231556039,2.890666184753415,0.3012306359328314,,,
torus_minus1,RGA Fall 2018 torus-1,4,3,3,10,3,3.5,3.233883455582722,0.2,0.25,0.2269356153219234,10.604,0.5053658061968556,0.3,0.4,0.35,180,198,189,3.782518982419106,1.887467304728491,0.4989974441638791,,,
torus_minus1,RGA Fall 2018 torus-1,4,3,3,11,3,3.5,3.233883455582722,0.2,0.25,0.2269356153219234,10.604,0.5053658061968556,0.3,0.4,0.35,198,216,207,7.31002835367326,3.775439808547218,0.5164740307265805,,,
torus_minus1,RGA Fall 2018 torus-1,4,3,3,12,3,3.5,3.233883455582722,0.2,0.25,0.2269356153219234,10.604,0.5053658061968556,0.3,0.4,0.35,216,234,225,13.65999697918754,5.941907773897776,0.4349860240050496,,,
torus_minus1,RGA Fall 2018 torus-1,4,3,3,13,3,3.5,3.233883455582722,0.2,0.25,0.2269356153219234,10.604,0.5053658061968556,0.3,0.4,0.35,234,252,243,5.704416572042811,3.593584533261372,0.6299653063335927,,,
torus_minus1,RGA Fall 2018 torus-1,4,3,3,14,3,3.5,3.233883455582722,0.2,0.25,0.2269356153219234,10.604,0.5053658061968556,0.3,0.4,0.35,252,270,261,4.009608210154193,2.631888791766464,0.6563955014610398,,,
torus_minus1,RGA Fall 2018 torus-1,4,3,3,15,3,3.5,3.233883455582722,0.2,0.25,0.2269356153219234,10.604,0.5053658061968556,0.3,0.4,0.35,270,288,279,12.06787080410541,7.58337956091768,0.6283941619873709,,,
torus_minus1,RGA Fall 2018 torus-1,4,3,3,16,3,3.5,3.233883455582722,0.2,0.25,0.2269356153219234,10.604,0.5053658061968556,0.3,0.4,0.35,288,306,297,10.71934689021343,7.3590012964202,0.6865158271105894,,,
torus_minus1,RGA Fall 2018 torus-1,4,3,3,17,3,3.5,3.233883455582722,0.2,0.25,0.2269356153219234,10.604,0.5053658061968556,0.3,0.4,0.35,306,324,315,7.277183673445524,3.415812445801081,0.4693865922699458,,,
torus_minus1,RGA Fall 2018 torus-1,4,3,3,18,3,3.5,3.233883455582722,0.2,0.25,0.2269356153219234,10.604,0.5053658061968556,0.3,0.4,0.35,324,342,333,5.139323548538173,2.459665736880134,0.478597175999896,,,
torus_minus1,RGA Fall 2018 torus-1,4,3,3,19,3,3.5,3.233883455582722,0.2,0.25,0.2269356153219234,10.604,0.5053658061968556,0.3,0.4,0.35,342,360,351,4.436909467589451,2.003914234138228,0.4516464103620632,,,
torus_minus1,RGA Fall 2018 torus-1,4,3,4,0,3,3.5,3.233883455582722,0.2,0.25,0.2269356153219234,10.604,0.5053658061968556,0.4,0.6,0.5,0,18,9,3.710974836517754,1.502005675562286,0.4047469308554284,,,
torus_minus1,RGA Fall 2018 torus-1,4,3,4,1,3,3.5,3.233883455582722,0.2,0.25,0.2269356153219234,10.604,0.5053658061968556,0.4,0.6,0.5,18,36,27,3.512246961410921,1.133352131647613,0.3226857746906068,,,
torus_minus1,RGA Fall 2018 torus-1,4,3,4,2,3,3.5,3.233883455582722,0.2,0.25,0.2269356153219234,10.604,0.5053658061968556,0.4,0.6,0.5,36,54,45,2.795566181384898,1.74654978608894,0.6247570877480407,,,
torus_minus1,RGA Fall 2018 torus-1,4,3,4,4,3,3.5,3.233883455582722,0.2,0.25,0.2269356153219234,10.604,0.5053658061968556,0.4,0.6,0.5,72,90,81,5.245831194726072,2.158443893932679,0.4114588925588539,,,
torus_minus1,RGA Fall 2018 torus-1,4,3,4,5,3,3.5,3.233883455582722,0.2,0.25,0.2269356153219234,10.604,0.5053658061968556,0.4,0.6,0.5,90,108,99,9.028003826300278,2.04693790046262,0.2267320594724943,,,
torus_minus1,RGA Fall 2018 torus-1,4,3,4,6,3,3.5,3.233883455582722,0.2,0.25,0.2269356153219234,10.604,0.5053658061968556,0.4,0.6,0.5,108,126,117,7.297532058161611,1.719948849935413,0.2356891119117196,,,
torus_minus1,RGA Fall 2018 torus-1,4,3,4,7,3,3.5,3.233883455582722,0.2,0.25,0.2269356153219234,10.604,0.5053658061968556,0.4,0.6,0.5,126,144,135,7.394143972955558,1.661723729083843,0.2247351059381151,,,
torus_minus1,RGA Fall 2018 torus-1,4,3,4,8,3,3.5,3.233883455582722,0.2,0.25,0.2269356153219234,10.604,0.5053658061968556,0.4,0.6,0.5,144,162,153,6.430865940793406,1.580299125454951,0.2457365990838836,,,
torus_minus1,RGA Fall 2018 torus-1,4,3,4,9,3,3.5,3.233883455582722,0.2,0.25,0.2269356153219234,10.604,0.5053658061968556,0.4,0.6,0.5,162,180,171,2.251472816129076,0.7853158734941428,0.3488009572526506,,,
torus_minus1,RGA Fall 2018 torus-1,4,3,4,10,3,3.5,3.233883455582722,0.2,0.25,0.2269356153219234,10.604,0.5053658061968556,0.4,0.6,0.5,180,198,189,3.83838790528836,1.262958844375728,0.3290336660960397,,,
torus_minus1,RGA Fall 2018 torus-1,4,3,4,11,3,3.5,3.233883455582722,0.2,0.25,0.2269356153219234,10.604,0.5053658061968556,0.4,0.6,0.5,198,216,207,3.636535443763787,1.580888340751575,0.4347237542982303,,,
torus_minus1,RGA Fall 2018 torus-1,4,3,4,12,3,3.5,3.233883455582722,0.2,0.25,0.2269356153219234,10.604,0.5053658061968556,0.4,0.6,0.5,216,234,225,4.62847968653194,1.707349546266937,0.3688791270349577,,,
torus_minus1,RGA Fall 2018 torus-1,4,3,4,13,3,3.5,3.233883455582722,0.2,0.25,0.2269356153219234,10.604,0.5053658061968556,0.4,0.6,0.5,234,252,243,5.79960645054374,1.968811651954434,0.3394733192232118,,,
torus_minus1,RGA Fall 2018 torus-1,4,3,4,14,3,3.5,3.233883455582722,0.2,0.25,0.2269356153219234,10.604,0.5053658061968556,0.4,0.6,0.5,252,270,261,8.391236341521129,2.196907183552052,0.26180971362723,,,
torus_minus1,RGA Fall 2018 torus-1,4,3,4,15,3,3.5,3.233883455582722,0.2,0.25,0.2269356153219234,10.604,0.5053658061968556,0.4,0.6,0.5,270,288,279,7.542212085491593,2.315759945852431,0.3070398869195273,,,
torus_minus1,RGA Fall 2018 torus-1,4,3,4,16,3,3.5,3.233883455582722,0.2,0.25,0.2269356153219234,10.604,0.5053658061968556,0.4,0.6,0.5,288,306,297,6.275262208854948,3.088197637514714,0.4921224858392364,,,
torus_minus1,RGA Fall 2018 torus-1,4,3,4,17,3,3.5,3.233883455582722,0.2,0.25,0.2269356153219234,10.604,0.5053658061968556,0.4,0.6,0.5,306,324,315,3.65190056839058,1.888752116328144,0.5171970268512901,,,
torus_minus1,RGA Fall 2018 torus-1,4,3,4,18,3,3.5,3.233883455582722,0.2,0.25,0.2269356153219234,10.604,0.5053658061968556,0.4,0.6,0.5,324,342,333,4.832103949391578,1.60660642183805,0.332485898205965,,,
torus_minus1,RGA Fall 2018 torus-1,4,3,4,19,3,3.5,3.233883455582722,0.2,0.25,0.2269356153219234,10.604,0.5053658061968556,0.4,0.6,0.5,342,360,351,4.288596111504708,1.667379096125237,0.3887936874382458,,,
torus_minus1,RGA Fall 2018 torus-1,4,3,5,0,3,3.5,3.233883455582722,0.2,0.25,0.2269356153219234,10.604,0.5053658061968556,0.6,1,0.8,0,18,9,1.773467856734089,0.9902046772557235,0.5583437407651832,,,
torus_minus1,RGA Fall 2018 torus-1,4,3,5,1,3,3.5,3.233883455582722,0.2,0.25,0.2269356153219234,10.604,0.5053658061968556,0.6,1,0.8,18,36,27,3.219384302810839,0.7656964963570165,0.2378394203166388,,,
torus_minus1,RGA Fall 2018 torus-1,4,3,5,2,3,3.5,3.233883455582722,0.2,0.25,0.2269356153219234,10.604,0.5053658061968556,0.6,1,0.8,36,54,45,2.08887093024655,1.071774087669487,0.5130877509712796,,,
torus_minus1,RGA Fall 2018 torus-1,4,3,5,3,3,3.5,3.233883455582722,0.2,0.25,0.2269356153219234,10.604,0.5053658061968556,0.6,1,0.8,54,72,63,3.519781010309724,1.550108905547902,0.4403992467166301,,,
torus_minus1,RGA Fall 2018 torus-1,4,3,5,4,3,3.5,3.233883455582722,0.2,0.25,0.2269356153219234,10.604,0.5053658061968556,0.6,1,0.8,72,90,81,6.535863635571395,2.164402760468144,0.3311578822863433,,,
torus_minus1,RGA Fall 2018 torus-1,4,3,5,5,3,3.5,3.233883455582722,0.2,0.25,0.2269356153219234,10.604,0.5053658061968556,0.6,1,0.8,90,108,99,3.841164393087351,1.122206618656544,0.2921527182424407,,,
torus_minus1,RGA Fall 2018 torus-1,4,3,5,6,3,3.5,3.233883455582722,0.2,0.25,0.2269356153219234,10.604,0.5053658061968556,0.6,1,0.8,108,126,117,6.471983737705076,1.616748254678446,0.2498072183431868,,,
torus_minus1,RGA Fall 2018 torus-1,4,3,5,7,3,3.5,3.233883455582722,0.2,0.25,0.2269356153219234,10.604,0.5053658061968556,0.6,1,0.8,126,144,135,2.991660387887216,0.8616981240339444,0.2880334036319199,,,
torus_minus1,RGA Fall 2018 torus-1,4,3,5,8,3,3.5,3.233883455582722,0.2,0.25,0.2269356153219234,10.604,0.5053658061968556,0.6,1,0.8,144,162,153,3.062749492917137,0.7539676061848791,0.2461734490295377,,,
torus_minus1,RGA Fall 2018 torus-1,4,3,5,9,3,3.5,3.233883455582722,0.2,0.25,0.2269356153219234,10.604,0.5053658061968556,0.6,1,0.8,162,180,171,2.662712381537302,0.7811858643645676,0.2933797393143732,,,
torus_minus1,RGA Fall 2018 torus-1,4,3,5,10,3,3.5,3.233883455582722,0.2,0.25,0.2269356153219234,10.604,0.5053658061968556,0.6,1,0.8,180,198,189,2.344968362915278,0.6350161751979652,0.270799463754176,,,
torus_minus1,RGA Fall 2018 torus-1,4,3,5,11,3,3.5,3.233883455582722,0.2,0.25,0.2269356153219234,10.604,0.5053658061968556,0.6,1,0.8,198,216,207,3.219384530406234,1.078450815029584,0.3349866425846,,,
torus_minus1,RGA Fall 2018 torus-1,4,3,5,12,3,3.5,3.233883455582722,0.2,0.25,0.2269356153219234,10.604,0.5053658061968556,0.6,1,0.8,216,234,225,4.230925476657724,1.599458848500644,0.3780399483103535,,,
torus_minus1,RGA Fall 2018 torus-1,4,3,5,13,3,3.5,3.233883455582722,0.2,0.25,0.2269356153219234,10.604,0.5053658061968556,0.6,1,0.8,234,252,243,2.77757350542817,0.9254545657174647,0.3331881456634227,,,
torus_minus1,RGA Fall 2018 torus-1,4,3,5,14,3,3.5,3.233883455582722,0.2,0.25,0.2269356153219234,10.604,0.5053658061968556,0.6,1,0.8,252,270,261,3.582123044161507,0.783595829793184,0.2187517905255557,,,
torus_minus1,RGA Fall 2018 torus-1,4,3,5,15,3,3.5,3.233883455582722,0.2,0.25,0.2269356153219234,10.604,0.5053658061968556,0.6,1,0.8,270,288,279,3.919202828415647,0.8234434268909337,0.2101048256346084,,,
torus_minus1,RGA Fall 2018 torus-1,4,3,5,16,3,3.5,3.233883455582722,0.2,0.25,0.2269356153219234,10.604,0.5053658061968556,0.6,1,0.8,288,306,297,2.95261585259723,0.9966150926423889,0.3375363211457831,,,
torus_minus1,RGA Fall 2018 torus-1,4,3,5,17,3,3.5,3.233883455582722,0.2,0.25,0.2269356153219234,10.604,0.5053658061968556,0.6,1,0.8,306,324,315,5.305012387449495,1.612699902306604,0.3039955017111554,,,
torus_minus1,RGA Fall 2018 torus-1,4,3,5,18,3,3.5,3.233883455582722,0.2,0.25,0.2269356153219234,10.604,0.5053658061968556,0.6,1,0.8,324,342,333,2.080002048259186,0.6279181931568469,0.3018834494333166,,,
torus_minus1,RGA Fall 2018 torus-1,4,3,5,19,3,3.5,3.233883455582722,0.2,0.25,0.2269356153219234,10.604,0.5053658061968556,0.6,1,0.8,342,360,351,2.38693348772517,1.446957045328911,0.6061991474709715,,,
torus_minus1,RGA Fall 2018 torus-1,4,3,6,1,3,3.5,3.233883455582722,0.2,0.25,0.2269356153219234,10.604,0.5053658061968556,1,1.5,1.25,18,36,27,0.8763331064047885,0.3758537413416072,0.4288936919016683,,,
torus_minus1,RGA Fall 2018 torus-1,4,3,6,2,3,3.5,3.233883455582722,0.2,0.25,0.2269356153219234,10.604,0.5053658061968556,1,1.5,1.25,36,54,45,1.803873110235045,1.148703113577477,0.6367981800159992,,,
torus_minus1,RGA Fall 2018 torus-1,4,3,6,3,3,3.5,3.233883455582722,0.2,0.25,0.2269356153219234,10.604,0.5053658061968556,1,1.5,1.25,54,72,63,1.223928164866202,0.5516870749173731,0.4507511884716556,,,
torus_minus1,RGA Fall 2018 torus-1,4,3,6,4,3,3.5,3.233883455582722,0.2,0.25,0.2269356153219234,10.604,0.5053658061968556,1,1.5,1.25,72,90,81,2.08482923956671,0.8584738154784716,0.4117717648937466,,,
torus_minus1,RGA Fall 2018 torus-1,4,3,6,5,3,3.5,3.233883455582722,0.2,0.25,0.2269356153219234,10.604,0.5053658061968556,1,1.5,1.25,90,108,99,3.145992850235591,1.183680904184742,0.376250347834103,,,
torus_minus1,RGA Fall 2018 torus-1,4,3,6,6,3,3.5,3.233883455582722,0.2,0.25,0.2269356153219234,10.604,0.5053658061968556,1,1.5,1.25,108,126,117,0.922839184739443,0.5335082524573121,0.5781161672365964,,,
torus_minus1,RGA Fall 2018 torus-1,4,3,6,7,3,3.5,3.233883455582722,0.2,0.25,0.2269356153219234,10.604,0.5053658061968556,1,1.5,1.25,126,144,135,1.649943360538411,0.5411770658399917,0.3279973596568759,,,
torus_minus1,RGA Fall 2018 torus-1,4,3,6,8,3,3.5,3.233883455582722,0.2,0.25,0.2269356153219234,10.604,0.5053658061968556,1,1.5,1.25,144,162,153,0.90721971177156,0.2998114217718439,0.3304727817106085,,,
torus_minus1,RGA Fall 2018 torus-1,4,3,6,9,3,3.5,3.233883455582722,0.2,0.25,0.2269356153219234,10.604,0.5053658061968556,1,1.5,1.25,162,180,171,0.6646500242288295,0.2573377710303182,0.3871778554870263,,,
torus_minus1,RGA Fall 2018 torus-1,4,3,6,10,3,3.5,3.233883455582722,0.2,0.25,0.2269356153219234,10.604,0.5053658061968556,1,1.5,1.25,180,198,189,1.240473282958082,0.4787570654791909,0.3859470994308946,,,
torus_minus1,RGA Fall 2018 torus-1,4,3,6,11,3,3.5,3.233883455582722,0.2,0.25,0.2269356153219234,10.604,0.5053658061968556,1,1.5,1.25,198,216,207,1.627142083171324,0.6764765893717182,0.415745248290337,,,
torus_minus1,RGA Fall 2018 torus-1,4,3,6,12,3,3.5,3.233883455582722,0.2,0.25,0.2269356153219234,10.604,0.5053658061968556,1,1.5,1.25,216,234,225,2.305001604513288,0.9844380392785592,0.4270877891585798,,,
torus_minus1,RGA Fall 2018 torus-1,4,3,6,13,3,3.5,3.233883455582722,0.2,0.25,0.2269356153219234,10.604,0.5053658061968556,1,1.5,1.25,234,252,243,1.737622721911962,0.7933245553649512,0.4565574249006314,,,
torus_minus1,RGA Fall 2018 torus-1,4,3,6,14,3,3.5,3.233883455582722,0.2,0.25,0.2269356153219234,10.604,0.5053658061968556,1,1.5,1.25,252,270,261,2.403601673964202,0.6255663397187919,0.2602620669202067,,,
torus_minus1,RGA Fall 2018 torus-1,4,3,6,15,3,3.5,3.233883455582722,0.2,0.25,0.2269356153219234,10.604,0.5053658061968556,1,1.5,1.25,270,288,279,2.010348591427048,0.5490967338808516,0.2731350852396572,,,
torus_minus1,RGA Fall 2018 torus-1,4,3,6,16,3,3.5,3.233883455582722,0.2,0.25,0.2269356153219234,10.604,0.5053658061968556,1,1.5,1.25,288,306,297,2.105896763089311,0.6526486869977588,0.3099148535849095,,,
torus_minus1,RGA Fall 2018 torus-1,4,3,6,17,3,3.5,3.233883455582722,0.2,0.25,0.2269356153219234,10.604,0.5053658061968556,1,1.5,1.25,306,324,315,2.785214463933691,1.663849923817814,0.5973866448574591,,,
torus_minus1,RGA Fall 2018 torus-1,4,3,6,18,3,3.5,3.233883455582722,0.2,0.25,0.2269356153219234,10.604,0.5053658061968556,1,1.5,1.25,324,342,333,0.8214920865368823,0.3571372067774893,0.4347421145382574,,,
torus_minus1,RGA Fall 2018 torus-1,4,3,7,1,3,3.5,3.233883455582722,0.2,0.25,0.2269356153219234,10.604,0.5053658061968556,1.5,2,1.75,18,36,27,0.3740430634487649,0.4186380242990691,1.119224135422077,,,
torus_minus1,RGA Fall 2018 torus-1,4,3,7,2,3,3.5,3.233883455582722,0.2,0.25,0.2269356153219234,10.604,0.5053658061968556,1.5,2,1.75,36,54,45,1.465575657204237,1.0765991014983,0.7345912824125663,,,
torus_minus1,RGA Fall 2018 torus-1,4,3,7,3,3,3.5,3.233883455582722,0.2,0.25,0.2269356153219234,10.604,0.5053658061968556,1.5,2,1.75,54,72,63,1.918365640067467,0.9303987121840178,0.4849955048982719,,,
torus_minus1,RGA Fall 2018 torus-1,4,3,7,4,3,3.5,3.233883455582722,0.2,0.25,0.2269356153219234,10.604,0.5053658061968556,1.5,2,1.75,72,90,81,0.8645568984950206,0.4805145610287123,0.5557928713138129,,,
torus_minus1,RGA Fall 2018 torus-1,4,3,7,5,3,3.5,3.233883455582722,0.2,0.25,0.2269356153219234,10.604,0.5053658061968556,1.5,2,1.75,90,108,99,1.021269934859233,0.8323770736025325,0.8150412003632159,,,
torus_minus1,RGA Fall 2018 torus-1,4,3,7,6,3,3.5,3.233883455582722,0.2,0.25,0.2269356153219234,10.604,0.5053658061968556,1.5,2,1.75,108,126,117,0.5587312335375547,0.4998100577939798,0.8945446894555706,,,
torus_minus1,RGA Fall 2018 torus-1,4,3,7,7,3,3.5,3.233883455582722,0.2,0.25,0.2269356153219234,10.604,0.5053658061968556,1.5,2,1.75,126,144,135,0.9310239287655698,0.3702550539837158,0.3976858623543986,,,
torus_minus1,RGA Fall 2018 torus-1,4,3,7,8,3,3.5,3.233883455582722,0.2,0.25,0.2269356153219234,10.604,0.5053658061968556,1.5,2,1.75,144,162,153,0.4955085893550777,0.1934854529529884,0.3904785045296927,,,
torus_minus1,RGA Fall 2018 torus-1,4,3,7,9,3,3.5,3.233883455582722,0.2,0.25,0.2269356153219234,10.604,0.5053658061968556,1.5,2,1.75,162,180,171,0.6549714046727195,0.2458011527174692,0.3752853192732785,,,
torus_minus1,RGA Fall 2018 torus-1,4,3,7,10,3,3.5,3.233883455582722,0.2,0.25,0.2269356153219234,10.604,0.5053658061968556,1.5,2,1.75,180,198,189,0.3521967834209183,0.2150639038164626,0.6106356274112671,,,
torus_minus1,RGA Fall 2018 torus-1,4,3,7,11,3,3.5,3.233883455582722,0.2,0.25,0.2269356153219234,10.604,0.5053658061968556,1.5,2,1.75,198,216,207,0.1418166834460094,0.1581713100663435,1.115322303574815,,,
torus_minus1,RGA Fall 2018 torus-1,4,3,7,12,3,3.5,3.233883455582722,0.2,0.25,0.2269356153219234,10.604,0.5053658061968556,1.5,2,1.75,216,234,225,0.831101908379962,0.446935732088168,0.5377628514406425,,,
torus_minus1,RGA Fall 2018 torus-1,4,3,7,13,3,3.5,3.233883455582722,0.2,0.25,0.2269356153219234,10.604,0.5053658061968556,1.5,2,1.75,234,252,243,0.9364146020910764,0.4485555030500505,0.4790137851848915,,,
torus_minus1,RGA Fall 2018 torus-1,4,3,7,14,3,3.5,3.233883455582722,0.2,0.25,0.2269356153219234,10.604,0.5053658061968556,1.5,2,1.75,252,270,261,0.6019540092069776,0.4478088154728407,0.7439252976532046,,,
torus_minus1,RGA Fall 2018 torus-1,4,3,7,15,3,3.5,3.233883455582722,0.2,0.25,0.2269356153219234,10.604,0.5053658061968556,1.5,2,1.75,270,288,279,1.423532527128384,0.7923781188078197,0.5566280388451972,,,
torus_minus1,RGA Fall 2018 torus-1,4,3,7,16,3,3.5,3.233883455582722,0.2,0.25,0.2269356153219234,10.604,0.5053658061968556,1.5,2,1.75,288,306,297,0.5852792448490343,0.4120816848198354,0.7040770511623506,,,
torus_minus1,RGA Fall 2018 torus-1,4,3,7,18,3,3.5,3.233883455582722,0.2,0.25,0.2269356153219234,10.604,0.5053658061968556,1.5,2,1.75,324,342,333,0.7229302343776484,0.5583809745457513,0.7723856991905268,,,
torus_minus1,RGA Fall 2018 torus-1,4,4,1,0,3,3.5,3.25,0.25,0.3,0.275,10.604,0.6764050244320809,0.15,0.2,0.175,0,18,9,35.74299238009078,22.03294702926338,0.6164270409977192,,,
torus_minus1,RGA Fall 2018 torus-1,4,4,1,1,3,3.5,3.25,0.25,0.3,0.275,10.604,0.6764050244320809,0.15,0.2,0.175,18,36,27,13.66102934376032,6.817714075339807,0.4990629844780913,,,
torus_minus1,RGA Fall 2018 torus-1,4,4,1,2,3,3.5,3.25,0.25,0.3,0.275,10.604,0.6764050244320809,0.15,0.2,0.175,36,54,45,17.3501562469553,11.35679408058159,0.6545643692733053,,,
torus_minus1,RGA Fall 2018 torus-1,4,4,1,3,3,3.5,3.25,0.25,0.3,0.275,10.604,0.6764050244320809,0.15,0.2,0.175,54,72,63,18.72455875662275,14.39238982664571,0.7686370618242325,,,
torus_minus1,RGA Fall 2018 torus-1,4,4,1,17,3,3.5,3.25,0.25,0.3,0.275,10.604,0.6764050244320809,0.15,0.2,0.175,306,324,315,16.02097233397921,14.57800574230034,0.9099326456847784,,,
torus_minus1,RGA Fall 2018 torus-1,4,4,1,18,3,3.5,3.25,0.25,0.3,0.275,10.604,0.6764050244320809,0.15,0.2,0.175,324,342,333,17.10186055961493,10.20256007326305,0.5965760297073066,,,
torus_minus1,RGA Fall 2018 torus-1,4,4,1,19,3,3.5,3.25,0.25,0.3,0.275,10.604,0.6764050244320809,0.15,0.2,0.175,342,360,351,22.70665732726796,13.75295821850111,0.605679559975808,,,
torus_minus1,RGA Fall 2018 torus-1,4,4,2,0,3,3.5,3.25,0.25,0.3,0.275,10.604,0.6764050244320809,0.2,0.3,0.25,0,18,9,13.09590375225343,4.875355558829073,0.3722809552559641,,,
torus_minus1,RGA Fall 2018 torus-1,4,4,2,1,3,3.5,3.25,0.25,0.3,0.275,10.604,0.6764050244320809,0.2,0.3,0.25,18,36,27,10.38540471471753,3.251803680399021,0.3131128511333577,,,
torus_minus1,RGA Fall 2018 torus-1,4,4,2,2,3,3.5,3.25,0.25,0.3,0.275,10.604,0.6764050244320809,0.2,0.3,0.25,36,54,45,12.98730402067925,3.338173917876694,0.2570336316576121,,,
torus_minus1,RGA Fall 2018 torus-1,4,4,2,3,3,3.5,3.25,0.25,0.3,0.275,10.604,0.6764050244320809,0.2,0.3,0.25,54,72,63,31.73827689593701,9.335362451596003,0.2941357680571208,,,
torus_minus1,RGA Fall 2018 torus-1,4,4,2,4,3,3.5,3.25,0.25,0.3,0.275,10.604,0.6764050244320809,0.2,0.3,0.25,72,90,81,25.9639954434288,8.255048603502392,0.3179421526817304,,,
torus_minus1,RGA Fall 2018 torus-1,4,4,2,5,3,3.5,3.25,0.25,0.3,0.275,10.604,0.6764050244320809,0.2,0.3,0.25,90,108,99,25.30267964495427,7.50648730086229,0.2966676812967196,,,
torus_minus1,RGA Fall 2018 torus-1,4,4,2,6,3,3.5,3.25,0.25,0.3,0.275,10.604,0.6764050244320809,0.2,0.3,0.25,108,126,117,14.83294600145604,3.971339395179286,0.267737736980196,,,
torus_minus1,RGA Fall 2018 torus-1,4,4,2,7,3,3.5,3.25,0.25,0.3,0.275,10.604,0.6764050244320809,0.2,0.3,0.25,126,144,135,13.55348905612759,4.599633553982355,0.3393689650638587,,,
torus_minus1,RGA Fall 2018 torus-1,4,4,2,8,3,3.5,3.25,0.25,0.3,0.275,10.604,0.6764050244320809,0.2,0.3,0.25,144,162,153,2.956788303509049,2.320445753229883,0.7847858943692489,,,
torus_minus1,RGA Fall 2018 torus-1,4,4,2,9,3,3.5,3.25,0.25,0.3,0.275,10.604,0.6764050244320809,0.2,0.3,0.25,162,180,171,2.957793674705601,1.66196114431354,0.5618921828544924,,,
torus_minus1,RGA Fall 2018 torus-1,4,4,2,10,3,3.5,3.25,0.25,0.3,0.275,10.604,0.6764050244320809,0.2,0.3,0.25,180,198,189,5.183630303618706,2.274483389410203,0.4387819455068738,,,
torus_minus1,RGA Fall 2018 torus-1,4,4,2,11,3,3.5,3.25,0.25,0.3,0.275,10.604,0.6764050244320809,0.2,0.3,0.25,198,216,207,11.63712922595387,6.287504346738219,0.5402968571248158,,,
torus_minus1,RGA Fall 2018 torus-1,4,4,2,12,3,3.5,3.25,0.25,0.3,0.275,10.604,0.6764050244320809,0.2,0.3,0.25,216,234,225,19.27262225898199,6.3269712764516,0.3282880342607722,,,
torus_minus1,RGA Fall 2018 torus-1,4,4,2,13,3,3.5,3.25,0.25,0.3,0.275,10.604,0.6764050244320809,0.2,0.3,0.25,234,252,243,13.26410186061356,6.94194168852821,0.5233631165892673,,,
torus_minus1,RGA Fall 2018 torus-1,4,4,2,14,3,3.5,3.25,0.25,0.3,0.275,10.604,0.6764050244320809,0.2,0.3,0.25,252,270,261,15.8841002981493,9.590466621144811,0.6037777677758823,,,
torus_minus1,RGA Fall 2018 torus-1,4,4,2,15,3,3.5,3.25,0.25,0.3,0.275,10.604,0.6764050244320809,0.2,0.3,0.25,270,288,279,20.52125133165396,8.763226439015302,0.4270317778086979,,,
torus_minus1,RGA Fall 2018 torus-1,4,4,2,16,3,3.5,3.25,0.25,0.3,0.275,10.604,0.6764050244320809,0.2,0.3,0.25,288,306,297,6.878945888879308,6.278401182434213,0.9126981493754804,,,
torus_minus1,RGA Fall 2018 torus-1,4,4,2,17,3,3.5,3.25,0.25,0.3,0.275,10.604,0.6764050244320809,0.2,0.3,0.25,306,324,315,18.84689363915934,9.298218129256519,0.4933554731766004,,,
torus_minus1,RGA Fall 2018 torus-1,4,4,2,18,3,3.5,3.25,0.25,0.3,0.275,10.604,0.6764050244320809,0.2,0.3,0.25,324,342,333,5.267854334183183,3.431961952765448,0.6514914299158572,,,
torus_minus1,RGA Fall 2018 torus-1,4,4,2,19,3,3.5,3.25,0.25,0.3,0.275,10.604,0.6764050244320809,0.2,0.3,0.25,342,360,351,6.527913235470267,3.669373815474682,0.5621051755922032,,,
torus_minus1,RGA Fall 2018 torus-1,4,4,3,0,3,3.5,3.25,0.25,0.3,0.275,10.604,0.6764050244320809,0.3,0.4,0.35,0,18,9,12.2527593372597,4.927546901400194,0.4021581397111017,,,
torus_minus1,RGA Fall 2018 torus-1,4,4,3,1,3,3.5,3.25,0.25,0.3,0.275,10.604,0.6764050244320809,0.3,0.4,0.35,18,36,27,18.11116184368824,5.500349977004728,0.3036994547603584,,,
torus_minus1,RGA Fall 2018 torus-1,4,4,3,2,3,3.5,3.25,0.25,0.3,0.275,10.604,0.6764050244320809,0.3,0.4,0.35,36,54,45,15.5451226595276,4.240662774810906,0.2727969966973406,,,
torus_minus1,RGA Fall 2018 torus-1,4,4,3,3,3,3.5,3.25,0.25,0.3,0.275,10.604,0.6764050244320809,0.3,0.4,0.35,54,72,63,19.23190140955754,5.812212532105796,0.3022172591430478,,,
torus_minus1,RGA Fall 2018 torus-1,4,4,3,4,3,3.5,3.25,0.25,0.3,0.275,10.604,0.6764050244320809,0.3,0.4,0.35,72,90,81,20.57471723827375,5.698586975438911,0.2769703665641741,,,
torus_minus1,RGA Fall 2018 torus-1,4,4,3,5,3,3.5,3.25,0.25,0.3,0.275,10.604,0.6764050244320809,0.3,0.4,0.35,90,108,99,19.71155654658267,4.223603407719239,0.214270415313877,,,
torus_minus1,RGA Fall 2018 torus-1,4,4,3,6,3,3.5,3.25,0.25,0.3,0.275,10.604,0.6764050244320809,0.3,0.4,0.35,108,126,117,14.21225165953433,3.29114134531615,0.2315707196972042,,,
torus_minus1,RGA Fall 2018 torus-1,4,4,3,7,3,3.5,3.25,0.25,0.3,0.275,10.604,0.6764050244320809,0.3,0.4,0.35,126,144,135,14.68029176935063,3.225428443254892,0.219711467178664,,,
torus_minus1,RGA Fall 2018 torus-1,4,4,3,8,3,3.5,3.25,0.25,0.3,0.275,10.604,0.6764050244320809,0.3,0.4,0.35,144,162,153,8.192013738203219,1.9003704339986,0.2319784237099454,,,
torus_minus1,RGA Fall 2018 torus-1,4,4,3,9,3,3.5,3.25,0.25,0.3,0.275,10.604,0.6764050244320809,0.3,0.4,0.35,162,180,171,9.800081447025045,2.217112808503046,0.2262341206537709,,,
torus_minus1,RGA Fall 2018 torus-1,4,4,3,10,3,3.5,3.25,0.25,0.3,0.275,10.604,0.6764050244320809,0.3,0.4,0.35,180,198,189,10.78117108452053,2.294552854199585,0.212829648672775,,,
torus_minus1,RGA Fall 2018 torus-1,4,4,3,11,3,3.5,3.25,0.25,0.3,0.275,10.604,0.6764050244320809,0.3,0.4,0.35,198,216,207,9.594581473446743,3.030808004577342,0.3158874634568671,,,
torus_minus1,RGA Fall 2018 torus-1,4,4,3,12,3,3.5,3.25,0.25,0.3,0.275,10.604,0.6764050244320809,0.3,0.4,0.35,216,234,225,8.011465401058048,2.721667816341065,0.3397215964986409,,,
torus_minus1,RGA Fall 2018 torus-1,4,4,3,13,3,3.5,3.25,0.25,0.3,0.275,10.604,0.6764050244320809,0.3,0.4,0.35,234,252,243,12.78662250548316,4.940693882967927,0.3863955380593473,,,
torus_minus1,RGA Fall 2018 torus-1,4,4,3,14,3,3.5,3.25,0.25,0.3,0.275,10.604,0.6764050244320809,0.3,0.4,0.35,252,270,261,18.45377916442797,8.516442160287768,0.4615012504703808,,,
torus_minus1,RGA Fall 2018 torus-1,4,4,3,15,3,3.5,3.25,0.25,0.3,0.275,10.604,0.6764050244320809,0.3,0.4,0.35,270,288,279,15.28898802829417,5.863047159827354,0.3834817025807762,,,
torus_minus1,RGA Fall 2018 torus-1,4,4,3,16,3,3.5,3.25,0.25,0.3,0.275,10.604,0.6764050244320809,0.3,0.4,0.35,288,306,297,9.086345693380006,5.314215329612294,0.5848572692412579,,,
torus_minus1,RGA Fall 2018 torus-1,4,4,3,18,3,3.5,3.25,0.25,0.3,0.275,10.604,0.6764050244320809,0.3,0.4,0.35,324,342,333,7.738521936258782,5.900480558738903,0.7624815962712788,,,
torus_minus1,RGA Fall 2018 torus-1,4,4,3,19,3,3.5,3.25,0.25,0.3,0.275,10.604,0.6764050244320809,0.3,0.4,0.35,342,360,351,6.592410183089082,3.952428417133147,0.5995422474274972,,,
torus_minus1,RGA Fall 2018 torus-1,4,4,4,0,3,3.5,3.25,0.25,0.3,0.275,10.604,0.6764050244320809,0.4,0.6,0.5,0,18,9,9.607090697332104,3.360399169666436,0.349783225279597,,,
torus_minus1,RGA Fall 2018 torus-1,4,4,4,1,3,3.5,3.25,0.25,0.3,0.275,10.604,0.6764050244320809,0.4,0.6,0.5,18,36,27,10.70450797466546,3.423076522962392,0.3197789689226113,,,
torus_minus1,RGA Fall 2018 torus-1,4,4,4,2,3,3.5,3.25,0.25,0.3,0.275,10.604,0.6764050244320809,0.4,0.6,0.5,36,54,45,12.81372887872111,3.90412172685986,0.3046827167806843,,,
torus_minus1,RGA Fall 2018 torus-1,4,4,4,3,3,3.5,3.25,0.25,0.3,0.275,10.604,0.6764050244320809,0.4,0.6,0.5,54,72,63,16.07361704518937,5.505034593707582,0.3424888485417269,,,
torus_minus1,RGA Fall 2018 torus-1,4,4,4,4,3,3.5,3.25,0.25,0.3,0.275,10.604,0.6764050244320809,0.4,0.6,0.5,72,90,81,22.14848559898441,4.93027529269788,0.2226010112819611,,,
torus_minus1,RGA Fall 2018 torus-1,4,4,4,5,3,3.5,3.25,0.25,0.3,0.275,10.604,0.6764050244320809,0.4,0.6,0.5,90,108,99,14.69200881773315,2.412511372273091,0.1642056850225414,,,
torus_minus1,RGA Fall 2018 torus-1,4,4,4,6,3,3.5,3.25,0.25,0.3,0.275,10.604,0.6764050244320809,0.4,0.6,0.5,108,126,117,11.06767122135478,2.36252163960334,0.2134614945052684,,,
torus_minus1,RGA Fall 2018 torus-1,4,4,4,7,3,3.5,3.25,0.25,0.3,0.275,10.604,0.6764050244320809,0.4,0.6,0.5,126,144,135,7.772581033491369,1.248907951210911,0.1606812390671099,,,
torus_minus1,RGA Fall 2018 torus-1,4,4,4,8,3,3.5,3.25,0.25,0.3,0.275,10.604,0.6764050244320809,0.4,0.6,0.5,144,162,153,5.675621120010761,1.141597341816622,0.2011405126729914,,,
torus_minus1,RGA Fall 2018 torus-1,4,4,4,9,3,3.5,3.25,0.25,0.3,0.275,10.604,0.6764050244320809,0.4,0.6,0.5,162,180,171,4.838874027268123,0.9112944037491604,0.1883277801021096,,,
torus_minus1,RGA Fall 2018 torus-1,4,4,4,10,3,3.5,3.25,0.25,0.3,0.275,10.604,0.6764050244320809,0.4,0.6,0.5,180,198,189,6.996673897561958,1.38922624446128,0.1985552370741998,,,
torus_minus1,RGA Fall 2018 torus-1,4,4,4,11,3,3.5,3.25,0.25,0.3,0.275,10.604,0.6764050244320809,0.4,0.6,0.5,198,216,207,6.253594046722689,1.44988797248847,0.2318487515588433,,,
torus_minus1,RGA Fall 2018 torus-1,4,4,4,12,3,3.5,3.25,0.25,0.3,0.275,10.604,0.6764050244320809,0.4,0.6,0.5,216,234,225,13.26591681258264,3.40308866003083,0.2565287200356194,,,
torus_minus1,RGA Fall 2018 torus-1,4,4,4,13,3,3.5,3.25,0.25,0.3,0.275,10.604,0.6764050244320809,0.4,0.6,0.5,234,252,243,10.23156761405584,3.041765622182699,0.2972922368224404,,,
torus_minus1,RGA Fall 2018 torus-1,4,4,4,14,3,3.5,3.25,0.25,0.3,0.275,10.604,0.6764050244320809,0.4,0.6,0.5,252,270,261,11.88433113610226,3.023056207041963,0.2543732728767976,,,
torus_minus1,RGA Fall 2018 torus-1,4,4,4,15,3,3.5,3.25,0.25,0.3,0.275,10.604,0.6764050244320809,0.4,0.6,0.5,270,288,279,13.58039049911391,3.923405302823898,0.2889022449744645,,,
torus_minus1,RGA Fall 2018 torus-1,4,4,4,16,3,3.5,3.25,0.25,0.3,0.275,10.604,0.6764050244320809,0.4,0.6,0.5,288,306,297,10.47320495115276,3.615120985411046,0.3451780999485872,,,
torus_minus1,RGA Fall 2018 torus-1,4,4,4,17,3,3.5,3.25,0.25,0.3,0.275,10.604,0.6764050244320809,0.4,0.6,0.5,306,324,315,12.86089181098986,5.680226771461849,0.4416666320610825,,,
torus_minus1,RGA Fall 2018 torus-1,4,4,4,18,3,3.5,3.25,0.25,0.3,0.275,10.604,0.6764050244320809,0.4,0.6,0.5,324,342,333,7.290300725399176,4.683708364952022,0.6424574981707039,,,
torus_minus1,RGA Fall 2018 torus-1,4,4,4,19,3,3.5,3.25,0.25,0.3,0.275,10.604,0.6764050244320809,0.4,0.6,0.5,342,360,351,4.896160348155863,2.274634857211285,0.4645752376284052,,,
torus_minus1,RGA Fall 2018 torus-1,4,4,5,0,3,3.5,3.25,0.25,0.3,0.275,10.604,0.6764050244320809,0.6,1,0.8,0,18,9,2.976613963342121,0.8027774722923745,0.2696948553553856,,,
torus_minus1,RGA Fall 2018 torus-1,4,4,5,1,3,3.5,3.25,0.25,0.3,0.275,10.604,0.6764050244320809,0.6,1,0.8,18,36,27,5.544643388874211,2.481404849054207,0.447531910534292,,,
torus_minus1,RGA Fall 2018 torus-1,4,4,5,2,3,3.5,3.25,0.25,0.3,0.275,10.604,0.6764050244320809,0.6,1,0.8,36,54,45,2.612307890433239,1.852063666574353,0.708976025895323,,,
torus_minus1,RGA Fall 2018 torus-1,4,4,5,3,3,3.5,3.25,0.25,0.3,0.275,10.604,0.6764050244320809,0.6,1,0.8,54,72,63,6.426502102588016,2.199436045816086,0.3422446629139593,,,
torus_minus1,RGA Fall 2018 torus-1,4,4,5,4,3,3.5,3.25,0.25,0.3,0.275,10.604,0.6764050244320809,0.6,1,0.8,72,90,81,6.646049732869061,1.64692308882744,0.2478048096273383,,,
torus_minus1,RGA Fall 2018 torus-1,4,4,5,5,3,3.5,3.25,0.25,0.3,0.275,10.604,0.6764050244320809,0.6,1,0.8,90,108,99,8.873222253539286,1.676859653582198,0.188979787237195,,,
torus_minus1,RGA Fall 2018 torus-1,4,4,5,6,3,3.5,3.25,0.25,0.3,0.275,10.604,0.6764050244320809,0.6,1,0.8,108,126,117,7.941915892164138,1.499634677432322,0.188825303339202,,,
torus_minus1,RGA Fall 2018 torus-1,4,4,5,7,3,3.5,3.25,0.25,0.3,0.275,10.604,0.6764050244320809,0.6,1,0.8,126,144,135,4.763927664345952,0.7746986954876243,0.16261764453008,,,
torus_minus1,RGA Fall 2018 torus-1,4,4,5,8,3,3.5,3.25,0.25,0.3,0.275,10.604,0.6764050244320809,0.6,1,0.8,144,162,153,4.189972940219923,0.6173684468547468,0.147344256314539,,,
torus_minus1,RGA Fall 2018 torus-1,4,4,5,9,3,3.5,3.25,0.25,0.3,0.275,10.604,0.6764050244320809,0.6,1,0.8,162,180,171,3.340198758936695,0.6212106988931831,0.185980159782748,,,
torus_minus1,RGA Fall 2018 torus-1,4,4,5,10,3,3.5,3.25,0.25,0.3,0.275,10.604,0.6764050244320809,0.6,1,0.8,180,198,189,3.094019394464217,0.5879914441965798,0.1900412923230562,,,
torus_minus1,RGA Fall 2018 torus-1,4,4,5,11,3,3.5,3.25,0.25,0.3,0.275,10.604,0.6764050244320809,0.6,1,0.8,198,216,207,3.855080434458059,0.7742156906126408,0.2008299706777659,,,
torus_minus1,RGA Fall 2018 torus-1,4,4,5,12,3,3.5,3.25,0.25,0.3,0.275,10.604,0.6764050244320809,0.6,1,0.8,216,234,225,3.398023573880943,1.015492393964663,0.2988479543727389,,,
torus_minus1,RGA Fall 2018 torus-1,4,4,5,13,3,3.5,3.25,0.25,0.3,0.275,10.604,0.6764050244320809,0.6,1,0.8,234,252,243,4.683895698632967,1.100362635534586,0.2349246666307568,,,
torus_minus1,RGA Fall 2018 torus-1,4,4,5,14,3,3.5,3.25,0.25,0.3,0.275,10.604,0.6764050244320809,0.6,1,0.8,252,270,261,7.565876358436451,1.373682078518684,0.1815628505463135,,,
torus_minus1,RGA Fall 2018 torus-1,4,4,5,15,3,3.5,3.25,0.25,0.3,0.275,10.604,0.6764050244320809,0.6,1,0.8,270,288,279,9.355141054866809,1.541291009744774,0.1647533693725496,,,
torus_minus1,RGA Fall 2018 torus-1,4,4,5,16,3,3.5,3.25,0.25,0.3,0.275,10.604,0.6764050244320809,0.6,1,0.8,288,306,297,9.837688719824039,1.777284017983614,0.1806607292221179,,,
torus_minus1,RGA Fall 2018 torus-1,4,4,5,17,3,3.5,3.25,0.25,0.3,0.275,10.604,0.6764050244320809,0.6,1,0.8,306,324,315,7.45541698970163,1.852080948621815,0.2484208396633139,,,
torus_minus1,RGA Fall 2018 torus-1,4,4,5,18,3,3.5,3.25,0.25,0.3,0.275,10.604,0.6764050244320809,0.6,1,0.8,324,342,333,6.575786040943815,2.024406698002768,0.3078577504495884,,,
torus_minus1,RGA Fall 2018 torus-1,4,4,5,19,3,3.5,3.25,0.25,0.3,0.275,10.604,0.6764050244320809,0.6,1,0.8,342,360,351,2.296218104935972,0.8343363145666973,0.3633523804960861,,,
torus_minus1,RGA Fall 2018 torus-1,4,4,6,0,3,3.5,3.25,0.25,0.3,0.275,10.604,0.6764050244320809,1,1.5,1.25,0,18,9,2.142346846292278,0.8912601725880208,0.41602048432564,,,
torus_minus1,RGA Fall 2018 torus-1,4,4,6,1,3,3.5,3.25,0.25,0.3,0.275,10.604,0.6764050244320809,1,1.5,1.25,18,36,27,2.332458801306434,1.117116136204604,0.4789435661538355,,,
torus_minus1,RGA Fall 2018 torus-1,4,4,6,2,3,3.5,3.25,0.25,0.3,0.275,10.604,0.6764050244320809,1,1.5,1.25,36,54,45,1.256279107619025,0.6525813714748124,0.5194557224720735,,,
torus_minus1,RGA Fall 2018 torus-1,4,4,6,3,3,3.5,3.25,0.25,0.3,0.275,10.604,0.6764050244320809,1,1.5,1.25,54,72,63,2.071538944032592,0.617413862219453,0.2980459836384033,,,
torus_minus1,RGA Fall 2018 torus-1,4,4,6,4,3,3.5,3.25,0.25,0.3,0.275,10.604,0.6764050244320809,1,1.5,1.25,72,90,81,5.034360042464076,1.222265708308883,0.2427847229835082,,,
torus_minus1,RGA Fall 2018 torus-1,4,4,6,5,3,3.5,3.25,0.25,0.3,0.275,10.604,0.6764050244320809,1,1.5,1.25,90,108,99,6.487679366633849,1.889757809475032,0.2912840944628154,,,
torus_minus1,RGA Fall 2018 torus-1,4,4,6,6,3,3.5,3.25,0.25,0.3,0.275,10.604,0.6764050244320809,1,1.5,1.25,108,126,117,2.299751025476505,1.040759442963179,0.4525530944148768,,,
torus_minus1,RGA Fall 2018 torus-1,4,4,6,7,3,3.5,3.25,0.25,0.3,0.275,10.604,0.6764050244320809,1,1.5,1.25,126,144,135,2.163877741643639,0.4585384839829316,0.2119059109294386,,,
torus_minus1,RGA Fall 2018 torus-1,4,4,6,8,3,3.5,3.25,0.25,0.3,0.275,10.604,0.6764050244320809,1,1.5,1.25,144,162,153,1.760104148831254,0.3313151360130895,0.1882360974111047,,,
torus_minus1,RGA Fall 2018 torus-1,4,4,6,9,3,3.5,3.25,0.25,0.3,0.275,10.604,0.6764050244320809,1,1.5,1.25,162,180,171,2.13254022916755,0.370273195363593,0.173630110372235,,,
torus_minus1,RGA Fall 2018 torus-1,4,4,6,10,3,3.5,3.25,0.25,0.3,0.275,10.604,0.6764050244320809,1,1.5,1.25,180,198,189,2.593106169949617,0.6198044557293148,0.2390200844500545,,,
torus_minus1,RGA Fall 2018 torus-1,4,4,6,11,3,3.5,3.25,0.25,0.3,0.275,10.604,0.6764050244320809,1,1.5,1.25,198,216,207,2.063839550219035,0.4616543191091586,0.2236871170824124,,,
torus_minus1,RGA Fall 2018 torus-1,4,4,6,12,3,3.5,3.25,0.25,0.3,0.275,10.604,0.6764050244320809,1,1.5,1.25,216,234,225,2.602433460624674,0.5758729351299515,0.2212824818935897,,,
torus_minus1,RGA Fall 2018 torus-1,4,4,6,13,3,3.5,3.25,0.25,0.3,0.275,10.604,0.6764050244320809,1,1.5,1.25,234,252,243,3.002116667136801,0.8136259813269986,0.2710174425376264,,,
torus_minus1,RGA Fall 2018 torus-1,4,4,6,14,3,3.5,3.25,0.25,0.3,0.275,10.604,0.6764050244320809,1,1.5,1.25,252,270,261,6.298671655409026,1.386283524478952,0.2200914097956625,,,
torus_minus1,RGA Fall 2018 torus-1,4,4,6,15,3,3.5,3.25,0.25,0.3,0.275,10.604,0.6764050244320809,1,1.5,1.25,270,288,279,5.490042887646229,0.8463081258789495,0.1541532813492812,,,
torus_minus1,RGA Fall 2018 torus-1,4,4,6,16,3,3.5,3.25,0.25,0.3,0.275,10.604,0.6764050244320809,1,1.5,1.25,288,306,297,4.707233355054065,0.8112795810315522,0.1723474320984102,,,
torus_minus1,RGA Fall 2018 torus-1,4,4,6,17,3,3.5,3.25,0.25,0.3,0.275,10.604,0.6764050244320809,1,1.5,1.25,306,324,315,4.497961335356557,1.313130477237069,0.2919390317820454,,,
torus_minus1,RGA Fall 2018 torus-1,4,4,6,18,3,3.5,3.25,0.25,0.3,0.275,10.604,0.6764050244320809,1,1.5,1.25,324,342,333,1.489146468759051,0.5812062812654227,0.3902949061483246,,,
torus_minus1,RGA Fall 2018 torus-1,4,4,6,19,3,3.5,3.25,0.25,0.3,0.275,10.604,0.6764050244320809,1,1.5,1.25,342,360,351,0.5046448812749244,0.3587829508902985,0.7109612406726028,,,
torus_minus1,RGA Fall 2018 torus-1,4,4,7,0,3,3.5,3.25,0.25,0.3,0.275,10.604,0.6764050244320809,1.5,2,1.75,0,18,9,0.2550190421916349,0.4603046242346722,1.804981386012637,,,
torus_minus1,RGA Fall 2018 torus-1,4,4,7,1,3,3.5,3.25,0.25,0.3,0.275,10.604,0.6764050244320809,1.5,2,1.75,18,36,27,0.7304614133028418,0.6849798591951715,0.9377358567073082,,,
torus_minus1,RGA Fall 2018 torus-1,4,4,7,2,3,3.5,3.25,0.25,0.3,0.275,10.604,0.6764050244320809,1.5,2,1.75,36,54,45,1.897638642719741,1.104764995369313,0.5821788039612946,,,
torus_minus1,RGA Fall 2018 torus-1,4,4,7,3,3,3.5,3.25,0.25,0.3,0.275,10.604,0.6764050244320809,1.5,2,1.75,54,72,63,2.358007931717382,0.5871332846802342,0.2489954663776783,,,
torus_minus1,RGA Fall 2018 torus-1,4,4,7,4,3,3.5,3.25,0.25,0.3,0.275,10.604,0.6764050244320809,1.5,2,1.75,72,90,81,2.839456914909015,1.070459115100551,0.3769943151734181,,,
torus_minus1,RGA Fall 2018 torus-1,4,4,7,5,3,3.5,3.25,0.25,0.3,0.275,10.604,0.6764050244320809,1.5,2,1.75,90,108,99,1.298815170835475,0.7907217462569575,0.6088023638870175,,,
torus_minus1,RGA Fall 2018 torus-1,4,4,7,6,3,3.5,3.25,0.25,0.3,0.275,10.604,0.6764050244320809,1.5,2,1.75,108,126,117,1.644754844910239,0.5392451676434146,0.3278574732958718,,,
torus_minus1,RGA Fall 2018 torus-1,4,4,7,7,3,3.5,3.25,0.25,0.3,0.275,10.604,0.6764050244320809,1.5,2,1.75,126,144,135,1.126348696999908,0.3833474064522439,0.3403452300990901,,,
torus_minus1,RGA Fall 2018 torus-1,4,4,7,8,3,3.5,3.25,0.25,0.3,0.275,10.604,0.6764050244320809,1.5,2,1.75,144,162,153,1.382709352323785,0.325374693404364,0.2353167662152124,,,
torus_minus1,RGA Fall 2018 torus-1,4,4,7,9,3,3.5,3.25,0.25,0.3,0.275,10.604,0.6764050244320809,1.5,2,1.75,162,180,171,1.040071657575893,0.272779150537383,0.2622695739764244,,,
torus_minus1,RGA Fall 2018 torus-1,4,4,7,10,3,3.5,3.25,0.25,0.3,0.275,10.604,0.6764050244320809,1.5,2,1.75,180,198,189,1.039955410808911,0.3085989471610723,0.2967424794886485,,,
torus_minus1,RGA Fall 2018 torus-1,4,4,7,11,3,3.5,3.25,0.25,0.3,0.275,10.604,0.6764050244320809,1.5,2,1.75,198,216,207,1.742302315218905,0.4984324289841254,0.2860768906924754,,,
torus_minus1,RGA Fall 2018 torus-1,4,4,7,12,3,3.5,3.25,0.25,0.3,0.275,10.604,0.6764050244320809,1.5,2,1.75,216,234,225,1.414906482534737,0.4328653919702149,0.3059321568693058,,,
torus_minus1,RGA Fall 2018 torus-1,4,4,7,13,3,3.5,3.25,0.25,0.3,0.275,10.604,0.6764050244320809,1.5,2,1.75,234,252,243,2.255641775666948,0.5921126213929465,0.262502950504129,,,
torus_minus1,RGA Fall 2018 torus-1,4,4,7,14,3,3.5,3.25,0.25,0.3,0.275,10.604,0.6764050244320809,1.5,2,1.75,252,270,261,1.17735936184067,0.405620729290487,0.3445173516574788,,,
torus_minus1,RGA Fall 2018 torus-1,4,4,7,15,3,3.5,3.25,0.25,0.3,0.275,10.604,0.6764050244320809,1.5,2,1.75,270,288,279,3.551367363988826,0.9760336126866475,0.2748331875163672,,,
torus_minus1,RGA Fall 2018 torus-1,4,4,7,16,3,3.5,3.25,0.25,0.3,0.275,10.604,0.6764050244320809,1.5,2,1.75,288,306,297,2.276914882406591,0.6582896770602128,0.2891147500272087,,,
torus_minus1,RGA Fall 2018 torus-1,4,4,7,17,3,3.5,3.25,0.25,0.3,0.275,10.604,0.6764050244320809,1.5,2,1.75,306,324,315,1.010745008025369,0.8007135077545833,0.7922012984450829,,,
torus_minus1,RGA Fall 2018 torus-1,4,4,7,18,3,3.5,3.25,0.25,0.3,0.275,10.604,0.6764050244320809,1.5,2,1.75,324,342,333,2.243894078051342,1.025987584350389,0.4572353010715123,,,
torus_minus1,RGA Fall 2018 torus-1,4,5,2,0,3,3.5,3.25,0.3,0.38,0.34,10.604,0.7978472743051973,0.2,0.3,0.25,0,18,9,29.01863230063666,6.094845394442501,0.2100321383619717,,,
torus_minus1,RGA Fall 2018 torus-1,4,5,2,1,3,3.5,3.25,0.3,0.38,0.34,10.604,0.7978472743051973,0.2,0.3,0.25,18,36,27,26.00727903029057,5.787431392490958,0.2225312146553417,,,
torus_minus1,RGA Fall 2018 torus-1,4,5,2,2,3,3.5,3.25,0.3,0.38,0.34,10.604,0.7978472743051973,0.2,0.3,0.25,36,54,45,28.29881083106608,4.87530542615852,0.1722795157458161,,,
torus_minus1,RGA Fall 2018 torus-1,4,5,2,3,3,3.5,3.25,0.3,0.38,0.34,10.604,0.7978472743051973,0.2,0.3,0.25,54,72,63,27.82143727360805,5.785186340540251,0.2079398804470892,,,
torus_minus1,RGA Fall 2018 torus-1,4,5,2,4,3,3.5,3.25,0.3,0.38,0.34,10.604,0.7978472743051973,0.2,0.3,0.25,72,90,81,24.60785138085752,4.343410499255294,0.1765050687291634,,,
torus_minus1,RGA Fall 2018 torus-1,4,5,2,5,3,3.5,3.25,0.3,0.38,0.34,10.604,0.7978472743051973,0.2,0.3,0.25,90,108,99,35.02953299298645,7.718896632064904,0.2203539691382802,,,
torus_minus1,RGA Fall 2018 torus-1,4,5,2,6,3,3.5,3.25,0.3,0.38,0.34,10.604,0.7978472743051973,0.2,0.3,0.25,108,126,117,20.67985141860808,4.746354190668385,0.2295158748770088,,,
torus_minus1,RGA Fall 2018 torus-1,4,5,2,7,3,3.5,3.25,0.3,0.38,0.34,10.604,0.7978472743051973,0.2,0.3,0.25,126,144,135,17.03803404023538,4.39576919750657,0.2579974419070853,,,
torus_minus1,RGA Fall 2018 torus-1,4,5,2,8,3,3.5,3.25,0.3,0.38,0.34,10.604,0.7978472743051973,0.2,0.3,0.25,144,162,153,8.498655069934323,3.848433266680727,0.4528285046295528,,,
torus_minus1,RGA Fall 2018 torus-1,4,5,2,9,3,3.5,3.25,0.3,0.38,0.34,10.604,0.7978472743051973,0.2,0.3,0.25,162,180,171,12.01178809242503,5.980807583630243,0.4979115130579025,,,
torus_minus1,RGA Fall 2018 torus-1,4,5,2,10,3,3.5,3.25,0.3,0.38,0.34,10.604,0.7978472743051973,0.2,0.3,0.25,180,198,189,11.3414236920832,6.09585225726548,0.5374856299144035,,,
torus_minus1,RGA Fall 2018 torus-1,4,5,2,11,3,3.5,3.25,0.3,0.38,0.34,10.604,0.7978472743051973,0.2,0.3,0.25,198,216,207,14.49773377709053,6.205956863938006,0.4280639277391562,,,
torus_minus1,RGA Fall 2018 torus-1,4,5,2,12,3,3.5,3.25,0.3,0.38,0.34,10.604,0.7978472743051973,0.2,0.3,0.25,216,234,225,23.75315976675032,6.12732685776157,0.2579583902912405,,,
torus_minus1,RGA Fall 2018 torus-1,4,5,2,13,3,3.5,3.25,0.3,0.38,0.34,10.604,0.7978472743051973,0.2,0.3,0.25,234,252,243,21.48679352165362,7.246547947521556,0.3372559028046109,,,
torus_minus1,RGA Fall 2018 torus-1,4,5,2,14,3,3.5,3.25,0.3,0.38,0.34,10.604,0.7978472743051973,0.2,0.3,0.25,252,270,261,24.62612197436103,6.799621020461965,0.2761141615208942,,,
torus_minus1,RGA Fall 2018 torus-1,4,5,2,15,3,3.5,3.25,0.3,0.38,0.34,10.604,0.7978472743051973,0.2,0.3,0.25,270,288,279,30.45319776788546,6.870344978958838,0.2256034007109752,,,
torus_minus1,RGA Fall 2018 torus-1,4,5,2,16,3,3.5,3.25,0.3,0.38,0.34,10.604,0.7978472743051973,0.2,0.3,0.25,288,306,297,23.87180022302423,8.251976531978263,0.3456788534959033,,,
torus_minus1,RGA Fall 2018 torus-1,4,5,2,17,3,3.5,3.25,0.3,0.38,0.34,10.604,0.7978472743051973,0.2,0.3,0.25,306,324,315,15.57542119926307,6.998085781075398,0.4493031483094981,,,
torus_minus1,RGA Fall 2018 torus-1,4,5,2,18,3,3.5,3.25,0.3,0.38,0.34,10.604,0.7978472743051973,0.2,0.3,0.25,324,342,333,26.89383764293091,5.805995507894075,0.2158857201779899,,,
torus_minus1,RGA Fall 2018 torus-1,4,5,2,19,3,3.5,3.25,0.3,0.38,0.34,10.604,0.7978472743051973,0.2,0.3,0.25,342,360,351,20.15938058504323,3.638492432627697,0.1804863208608299,,,
torus_minus1,RGA Fall 2018 torus-1,4,5,3,0,3,3.5,3.25,0.3,0.38,0.34,10.604,0.7978472743051973,0.3,0.4,0.35,0,18,9,26.50042513283357,4.718252886552853,0.1780444224159642,,,
torus_minus1,RGA Fall 2018 torus-1,4,5,3,1,3,3.5,3.25,0.3,0.38,0.34,10.604,0.7978472743051973,0.3,0.4,0.35,18,36,27,18.00193109265712,3.337349670402015,0.1853884260096574,,,
torus_minus1,RGA Fall 2018 torus-1,4,5,3,2,3,3.5,3.25,0.3,0.38,0.34,10.604,0.7978472743051973,0.3,0.4,0.35,36,54,45,25.56058851858358,3.491825607079186,0.1366097499883654,,,
torus_minus1,RGA Fall 2018 torus-1,4,5,3,3,3,3.5,3.25,0.3,0.38,0.34,10.604,0.7978472743051973,0.3,0.4,0.35,54,72,63,30.34919830373806,4.427283440725263,0.1458781018337463,,,
torus_minus1,RGA Fall 2018 torus-1,4,5,3,4,3,3.5,3.25,0.3,0.38,0.34,10.604,0.7978472743051973,0.3,0.4,0.35,72,90,81,21.76653028277618,3.068457969841259,0.1409713872619066,,,
torus_minus1,RGA Fall 2018 torus-1,4,5,3,5,3,3.5,3.25,0.3,0.38,0.34,10.604,0.7978472743051973,0.3,0.4,0.35,90,108,99,34.48938648640098,4.630922603513431,0.1342709475374224,,,
torus_minus1,RGA Fall 2018 torus-1,4,5,3,6,3,3.5,3.25,0.3,0.38,0.34,10.604,0.7978472743051973,0.3,0.4,0.35,108,126,117,23.50961305646046,3.060379801422727,0.13017567724628,,,
torus_minus1,RGA Fall 2018 torus-1,4,5,3,7,3,3.5,3.25,0.3,0.38,0.34,10.604,0.7978472743051973,0.3,0.4,0.35,126,144,135,15.76173590951141,2.276839898820534,0.1444536256597585,,,
torus_minus1,RGA Fall 2018 torus-1,4,5,3,8,3,3.5,3.25,0.3,0.38,0.34,10.604,0.7978472743051973,0.3,0.4,0.35,144,162,153,15.30298388080095,2.423301790673585,0.1583548548145468,,,
torus_minus1,RGA Fall 2018 torus-1,4,5,3,9,3,3.5,3.25,0.3,0.38,0.34,10.604,0.7978472743051973,0.3,0.4,0.35,162,180,171,14.76804791747558,2.356948582287166,0.1595978422779967,,,
torus_minus1,RGA Fall 2018 torus-1,4,5,3,10,3,3.5,3.25,0.3,0.38,0.34,10.604,0.7978472743051973,0.3,0.4,0.35,180,198,189,15.66407485635829,2.559437307995095,0.1633953700723142,,,
torus_minus1,RGA Fall 2018 torus-1,4,5,3,11,3,3.5,3.25,0.3,0.38,0.34,10.604,0.7978472743051973,0.3,0.4,0.35,198,216,207,18.23715591438128,3.01171315747428,0.1651416027594156,,,
torus_minus1,RGA Fall 2018 torus-1,4,5,3,12,3,3.5,3.25,0.3,0.38,0.34,10.604,0.7978472743051973,0.3,0.4,0.35,216,234,225,19.72839457483725,2.935120292303526,0.1487764390138035,,,
torus_minus1,RGA Fall 2018 torus-1,4,5,3,13,3,3.5,3.25,0.3,0.38,0.34,10.604,0.7978472743051973,0.3,0.4,0.35,234,252,243,17.83637371864944,2.947459458659832,0.1652499272079062,,,
torus_minus1,RGA Fall 2018 torus-1,4,5,3,14,3,3.5,3.25,0.3,0.38,0.34,10.604,0.7978472743051973,0.3,0.4,0.35,252,270,261,30.49978700718412,6.162226543599377,0.2020416254758725,,,
torus_minus1,RGA Fall 2018 torus-1,4,5,3,15,3,3.5,3.25,0.3,0.38,0.34,10.604,0.7978472743051973,0.3,0.4,0.35,270,288,279,27.28053058892126,5.491573812355196,0.2013001101446813,,,
torus_minus1,RGA Fall 2018 torus-1,4,5,3,16,3,3.5,3.25,0.3,0.38,0.34,10.604,0.7978472743051973,0.3,0.4,0.35,288,306,297,24.28627286698046,6.841126522240312,0.2816869661190988,,,
torus_minus1,RGA Fall 2018 torus-1,4,5,3,17,3,3.5,3.25,0.3,0.38,0.34,10.604,0.7978472743051973,0.3,0.4,0.35,306,324,315,15.423089466214,4.299591642999667,0.2787762887856161,,,
torus_minus1,RGA Fall 2018 torus-1,4,5,3,18,3,3.5,3.25,0.3,0.38,0.34,10.604,0.7978472743051973,0.3,0.4,0.35,324,342,333,11.77561290103427,3.035208251026642,0.2577537387255703,,,
torus_minus1,RGA Fall 2018 torus-1,4,5,3,19,3,3.5,3.25,0.3,0.38,0.34,10.604,0.7978472743051973,0.3,0.4,0.35,342,360,351,19.59869357226107,3.206381675491557,0.1636018066035634,,,
torus_minus1,RGA Fall 2018 torus-1,4,5,4,0,3,3.5,3.25,0.3,0.38,0.34,10.604,0.7978472743051973,0.4,0.6,0.5,0,18,9,7.033236519372938,1.66977833436252,0.237412509839978,,,
torus_minus1,RGA Fall 2018 torus-1,4,5,4,1,3,3.5,3.25,0.3,0.38,0.34,10.604,0.7978472743051973,0.4,0.6,0.5,18,36,27,14.11855897958351,1.962548968120877,0.1390049063051597,,,
torus_minus1,RGA Fall 2018 torus-1,4,5,4,2,3,3.5,3.25,0.3,0.38,0.34,10.604,0.7978472743051973,0.4,0.6,0.5,36,54,45,21.85764880294004,2.459009257103156,0.1125010873435023,,,
torus_minus1,RGA Fall 2018 torus-1,4,5,4,3,3,3.5,3.25,0.3,0.38,0.34,10.604,0.7978472743051973,0.4,0.6,0.5,54,72,63,30.88519598334791,3.673510209682079,0.1189408094305988,,,
torus_minus1,RGA Fall 2018 torus-1,4,5,4,4,3,3.5,3.25,0.3,0.38,0.34,10.604,0.7978472743051973,0.4,0.6,0.5,72,90,81,30.72520506514275,4.239029618777316,0.1379658690573371,,,
torus_minus1,RGA Fall 2018 torus-1,4,5,4,5,3,3.5,3.25,0.3,0.38,0.34,10.604,0.7978472743051973,0.4,0.6,0.5,90,108,99,21.27470735861409,2.397929222676349,0.112712677183098,,,
torus_minus1,RGA Fall 2018 torus-1,4,5,4,6,3,3.5,3.25,0.3,0.38,0.34,10.604,0.7978472743051973,0.4,0.6,0.5,108,126,117,19.72908078752252,2.231309904607473,0.1130975096426512,,,
torus_minus1,RGA Fall 2018 torus-1,4,5,4,7,3,3.5,3.25,0.3,0.38,0.34,10.604,0.7978472743051973,0.4,0.6,0.5,126,144,135,16.52793249760211,1.578698230121575,0.09551698195467669,,,
torus_minus1,RGA Fall 2018 torus-1,4,5,4,8,3,3.5,3.25,0.3,0.38,0.34,10.604,0.7978472743051973,0.4,0.6,0.5,144,162,153,13.88946232810496,1.350765198043013,0.09725107899315694,,,
torus_minus1,RGA Fall 2018 torus-1,4,5,4,9,3,3.5,3.25,0.3,0.38,0.34,10.604,0.7978472743051973,0.4,0.6,0.5,162,180,171,13.32230304080588,1.51833778955544,0.1139696180836609,,,
torus_minus1,RGA Fall 2018 torus-1,4,5,4,10,3,3.5,3.25,0.3,0.38,0.34,10.604,0.7978472743051973,0.4,0.6,0.5,180,198,189,9.423026560322237,1.054847121387444,0.1119435581163609,,,
torus_minus1,RGA Fall 2018 torus-1,4,5,4,11,3,3.5,3.25,0.3,0.38,0.34,10.604,0.7978472743051973,0.4,0.6,0.5,198,216,207,13.38861693765909,1.627998284702225,0.1215957026989876,,,
torus_minus1,RGA Fall 2018 torus-1,4,5,4,12,3,3.5,3.25,0.3,0.38,0.34,10.604,0.7978472743051973,0.4,0.6,0.5,216,234,225,17.01353234177954,2.029054576732242,0.1192612172458486,,,
torus_minus1,RGA Fall 2018 torus-1,4,5,4,13,3,3.5,3.25,0.3,0.38,0.34,10.604,0.7978472743051973,0.4,0.6,0.5,234,252,243,15.03161350960668,2.145751405179042,0.1427492400471644,,,
torus_minus1,RGA Fall 2018 torus-1,4,5,4,14,3,3.5,3.25,0.3,0.38,0.34,10.604,0.7978472743051973,0.4,0.6,0.5,252,270,261,20.32937552456234,3.335894931833844,0.1640923464571429,,,
torus_minus1,RGA Fall 2018 torus-1,4,5,4,15,3,3.5,3.25,0.3,0.38,0.34,10.604,0.7978472743051973,0.4,0.6,0.5,270,288,279,25.89610645044099,4.704800159388026,0.1816798277529442,,,
torus_minus1,RGA Fall 2018 torus-1,4,5,4,16,3,3.5,3.25,0.3,0.38,0.34,10.604,0.7978472743051973,0.4,0.6,0.5,288,306,297,26.62610079552584,5.413178962959159,0.2033034804656328,,,
torus_minus1,RGA Fall 2018 torus-1,4,5,4,17,3,3.5,3.25,0.3,0.38,0.34,10.604,0.7978472743051973,0.4,0.6,0.5,306,324,315,22.26813575468666,5.838257030940025,0.262179874204839,,,
torus_minus1,RGA Fall 2018 torus-1,4,5,4,18,3,3.5,3.25,0.3,0.38,0.34,10.604,0.7978472743051973,0.4,0.6,0.5,324,342,333,14.74220745857302,3.566663417782353,0.241935505778562,,,
torus_minus1,RGA Fall 2018 torus-1,4,5,4,19,3,3.5,3.25,0.3,0.38,0.34,10.604,0.7978472743051973,0.4,0.6,0.5,342,360,351,8.681742523203344,1.66236629936006,0.191478415181874,,,
torus_minus1,RGA Fall 2018 torus-1,4,5,5,0,3,3.5,3.25,0.3,0.38,0.34,10.604,0.7978472743051973,0.6,1,0.8,0,18,9,7.525873563361413,1.563249603487588,0.2077166976466406,,,
torus_minus1,RGA Fall 2018 torus-1,4,5,5,1,3,3.5,3.25,0.3,0.38,0.34,10.604,0.7978472743051973,0.6,1,0.8,18,36,27,9.249353817801024,1.833072564823124,0.1981838516432627,,,
torus_minus1,RGA Fall 2018 torus-1,4,5,5,2,3,3.5,3.25,0.3,0.38,0.34,10.604,0.7978472743051973,0.6,1,0.8,36,54,45,11.06292898563851,1.987429986247307,0.1796477215778313,,,
torus_minus1,RGA Fall 2018 torus-1,4,5,5,3,3,3.5,3.25,0.3,0.38,0.34,10.604,0.7978472743051973,0.6,1,0.8,54,72,63,13.9894361327262,1.983794486145375,0.1418066080236489,,,
torus_minus1,RGA Fall 2018 torus-1,4,5,5,4,3,3.5,3.25,0.3,0.38,0.34,10.604,0.7978472743051973,0.6,1,0.8,72,90,81,23.77484324287825,3.79144794321944,0.1594730995484131,,,
torus_minus1,RGA Fall 2018 torus-1,4,5,5,5,3,3.5,3.25,0.3,0.38,0.34,10.604,0.7978472743051973,0.6,1,0.8,90,108,99,14.24869462545198,1.56991574967059,0.110179619322201,,,
torus_minus1,RGA Fall 2018 torus-1,4,5,5,6,3,3.5,3.25,0.3,0.38,0.34,10.604,0.7978472743051973,0.6,1,0.8,108,126,117,11.85062611490766,1.325170566780705,0.1118228314631991,,,
torus_minus1,RGA Fall 2018 torus-1,4,5,5,7,3,3.5,3.25,0.3,0.38,0.34,10.604,0.7978472743051973,0.6,1,0.8,126,144,135,10.98778919791337,0.9723103216668292,0.08849007786311333,,,
torus_minus1,RGA Fall 2018 torus-1,4,5,5,8,3,3.5,3.25,0.3,0.38,0.34,10.604,0.7978472743051973,0.6,1,0.8,144,162,153,9.10990783651577,0.733843386699071,0.080554424904011,,,
torus_minus1,RGA Fall 2018 torus-1,4,5,5,9,3,3.5,3.25,0.3,0.38,0.34,10.604,0.7978472743051973,0.6,1,0.8,162,180,171,8.181091230440542,0.7710008483115552,0.09424181036421932,,,
torus_minus1,RGA Fall 2018 torus-1,4,5,5,10,3,3.5,3.25,0.3,0.38,0.34,10.604,0.7978472743051973,0.6,1,0.8,180,198,189,9.133802194387384,0.8042685255992943,0.08805407742391312,,,
torus_minus1,RGA Fall 2018 torus-1,4,5,5,11,3,3.5,3.25,0.3,0.38,0.34,10.604,0.7978472743051973,0.6,1,0.8,198,216,207,9.338725449095289,0.8068906165907355,0.08640264894701502,,,
torus_minus1,RGA Fall 2018 torus-1,4,5,5,12,3,3.5,3.25,0.3,0.38,0.34,10.604,0.7978472743051973,0.6,1,0.8,216,234,225,8.38616410952401,1.040064734670225,0.1240215098448935,,,
torus_minus1,RGA Fall 2018 torus-1,4,5,5,13,3,3.5,3.25,0.3,0.38,0.34,10.604,0.7978472743051973,0.6,1,0.8,234,252,243,9.495046752985081,1.112847826387861,0.1172029854448058,,,
torus_minus1,RGA Fall 2018 torus-1,4,5,5,14,3,3.5,3.25,0.3,0.38,0.34,10.604,0.7978472743051973,0.6,1,0.8,252,270,261,13.79692341150948,2.043469580849364,0.1481105257962575,,,
torus_minus1,RGA Fall 2018 torus-1,4,5,5,15,3,3.5,3.25,0.3,0.38,0.34,10.604,0.7978472743051973,0.6,1,0.8,270,288,279,17.84750024513797,2.338717592922306,0.1310389444347771,,,
torus_minus1,RGA Fall 2018 torus-1,4,5,5,16,3,3.5,3.25,0.3,0.38,0.34,10.604,0.7978472743051973,0.6,1,0.8,288,306,297,23.95137069242659,2.78223522333202,0.1161618372100834,,,
torus_minus1,RGA Fall 2018 torus-1,4,5,5,17,3,3.5,3.25,0.3,0.38,0.34,10.604,0.7978472743051973,0.6,1,0.8,306,324,315,11.46363843216274,1.725603987281972,0.1505284729183854,,,
torus_minus1,RGA Fall 2018 torus-1,4,5,5,18,3,3.5,3.25,0.3,0.38,0.34,10.604,0.7978472743051973,0.6,1,0.8,324,342,333,8.819589272014197,2.929676145354728,0.3321782970836301,,,
torus_minus1,RGA Fall 2018 torus-1,4,5,5,19,3,3.5,3.25,0.3,0.38,0.34,10.604,0.7978472743051973,0.6,1,0.8,342,360,351,5.277118469232247,1.41793608796164,0.2686951403931493,,,
torus_minus1,RGA Fall 2018 torus-1,4,5,6,0,3,3.5,3.25,0.3,0.38,0.34,10.604,0.7978472743051973,1,1.5,1.25,0,18,9,3.028534045279394,0.8677526762956471,0.2865256468383513,,,
torus_minus1,RGA Fall 2018 torus-1,4,5,6,1,3,3.5,3.25,0.3,0.38,0.34,10.604,0.7978472743051973,1,1.5,1.25,18,36,27,3.320669388141245,1.861462279559722,0.5605683860631728,,,
torus_minus1,RGA Fall 2018 torus-1,4,5,6,2,3,3.5,3.25,0.3,0.38,0.34,10.604,0.7978472743051973,1,1.5,1.25,36,54,45,5.189896691690124,1.578231189446355,0.3040968410745751,,,
torus_minus1,RGA Fall 2018 torus-1,4,5,6,3,3,3.5,3.25,0.3,0.38,0.34,10.604,0.7978472743051973,1,1.5,1.25,54,72,63,6.335054866276835,1.107049092411823,0.1747497244743588,,,
torus_minus1,RGA Fall 2018 torus-1,4,5,6,4,3,3.5,3.25,0.3,0.38,0.34,10.604,0.7978472743051973,1,1.5,1.25,72,90,81,9.719364521044044,1.893884887333949,0.1948568636594885,,,
torus_minus1,RGA Fall 2018 torus-1,4,5,6,5,3,3.5,3.25,0.3,0.38,0.34,10.604,0.7978472743051973,1,1.5,1.25,90,108,99,5.23113050073516,0.9937334450928951,0.1899653325324689,,,
torus_minus1,RGA Fall 2018 torus-1,4,5,6,6,3,3.5,3.25,0.3,0.38,0.34,10.604,0.7978472743051973,1,1.5,1.25,108,126,117,7.500476267881107,0.938511450771649,0.1251269142455109,,,
torus_minus1,RGA Fall 2018 torus-1,4,5,6,7,3,3.5,3.25,0.3,0.38,0.34,10.604,0.7978472743051973,1,1.5,1.25,126,144,135,7.876229940974799,0.7813910574795808,0.09920876654635508,,,
torus_minus1,RGA Fall 2018 torus-1,4,5,6,8,3,3.5,3.25,0.3,0.38,0.34,10.604,0.7978472743051973,1,1.5,1.25,144,162,153,5.628595487251475,0.5551630654161286,0.09863261033299496,,,
torus_minus1,RGA Fall 2018 torus-1,4,5,6,9,3,3.5,3.25,0.3,0.38,0.34,10.604,0.7978472743051973,1,1.5,1.25,162,180,171,4.651763576679602,0.5149248145865658,0.1106945368350203,,,
torus_minus1,RGA Fall 2018 torus-1,4,5,6,10,3,3.5,3.25,0.3,0.38,0.34,10.604,0.7978472743051973,1,1.5,1.25,180,198,189,4.392075525436391,0.4954633911238835,0.1128084861597764,,,
torus_minus1,RGA Fall 2018 torus-1,4,5,6,11,3,3.5,3.25,0.3,0.38,0.34,10.604,0.7978472743051973,1,1.5,1.25,198,216,207,4.368327961891909,0.5370617905588834,0.1229444756080731,,,
torus_minus1,RGA Fall 2018 torus-1,4,5,6,12,3,3.5,3.25,0.3,0.38,0.34,10.604,0.7978472743051973,1,1.5,1.25,216,234,225,5.742589617878918,0.7557450482098713,0.1316035270667684,,,
torus_minus1,RGA Fall 2018 torus-1,4,5,6,13,3,3.5,3.25,0.3,0.38,0.34,10.604,0.7978472743051973,1,1.5,1.25,234,252,243,5.061781818683838,0.6549563199827195,0.1293924438949881,,,
torus_minus1,RGA Fall 2018 torus-1,4,5,6,14,3,3.5,3.25,0.3,0.38,0.34,10.604,0.7978472743051973,1,1.5,1.25,252,270,261,7.691937105611363,0.9944303387253309,0.1292821723672027,,,
torus_minus1,RGA Fall 2018 torus-1,4,5,6,15,3,3.5,3.25,0.3,0.38,0.34,10.604,0.7978472743051973,1,1.5,1.25,270,288,279,6.460978740444058,0.9556426157324867,0.1479098839546415,,,
torus_minus1,RGA Fall 2018 torus-1,4,5,6,16,3,3.5,3.25,0.3,0.38,0.34,10.604,0.7978472743051973,1,1.5,1.25,288,306,297,9.64005725400464,1.161116417989071,0.1204470458416338,,,
torus_minus1,RGA Fall 2018 torus-1,4,5,6,17,3,3.5,3.25,0.3,0.38,0.34,10.604,0.7978472743051973,1,1.5,1.25,306,324,315,6.174566126163202,0.9192183518919155,0.1488717317313931,,,
torus_minus1,RGA Fall 2018 torus-1,4,5,6,18,3,3.5,3.25,0.3,0.38,0.34,10.604,0.7978472743051973,1,1.5,1.25,324,342,333,4.229660102448691,1.169568412931248,0.2765159338108861,,,
torus_minus1,RGA Fall 2018 torus-1,4,5,6,19,3,3.5,3.25,0.3,0.38,0.34,10.604,0.7978472743051973,1,1.5,1.25,342,360,351,1.413313665596576,0.5544163547296317,0.3922811816127216,,,
torus_minus1,RGA Fall 2018 torus-1,4,5,7,0,3,3.5,3.25,0.3,0.38,0.34,10.604,0.7978472743051973,1.5,2,1.75,0,18,9,1.052578762697196,0.6830022140908297,0.64888466145817,,,
torus_minus1,RGA Fall 2018 torus-1,4,5,7,1,3,3.5,3.25,0.3,0.38,0.34,10.604,0.7978472743051973,1.5,2,1.75,18,36,27,0.9972663707762273,0.7950075127381178,0.797186725668208,,,
torus_minus1,RGA Fall 2018 torus-1,4,5,7,2,3,3.5,3.25,0.3,0.38,0.34,10.604,0.7978472743051973,1.5,2,1.75,36,54,45,5.026399938847811,1.229303395821777,0.2445693559560975,,,
torus_minus1,RGA Fall 2018 torus-1,4,5,7,3,3,3.5,3.25,0.3,0.38,0.34,10.604,0.7978472743051973,1.5,2,1.75,54,72,63,4.240223809435149,0.8486105525626976,0.200133434153737,,,
torus_minus1,RGA Fall 2018 torus-1,4,5,7,4,3,3.5,3.25,0.3,0.38,0.34,10.604,0.7978472743051973,1.5,2,1.75,72,90,81,2.692921377929018,0.8390019797765,0.3115582900610829,,,
torus_minus1,RGA Fall 2018 torus-1,4,5,7,5,3,3.5,3.25,0.3,0.38,0.34,10.604,0.7978472743051973,1.5,2,1.75,90,108,99,3.943102332320629,0.9098190704403127,0.2307368649762782,,,
torus_minus1,RGA Fall 2018 torus-1,4,5,7,6,3,3.5,3.25,0.3,0.38,0.34,10.604,0.7978472743051973,1.5,2,1.75,108,126,117,3.574309672426581,0.5552970146224613,0.1553578356420005,,,
torus_minus1,RGA Fall 2018 torus-1,4,5,7,7,3,3.5,3.25,0.3,0.38,0.34,10.604,0.7978472743051973,1.5,2,1.75,126,144,135,3.724912157402147,0.6792008728008626,0.1823401047058665,,,
torus_minus1,RGA Fall 2018 torus-1,4,5,7,8,3,3.5,3.25,0.3,0.38,0.34,10.604,0.7978472743051973,1.5,2,1.75,144,162,153,2.356631692440579,0.3945663817288655,0.1674281063920701,,,
torus_minus1,RGA Fall 2018 torus-1,4,5,7,9,3,3.5,3.25,0.3,0.38,0.34,10.604,0.7978472743051973,1.5,2,1.75,162,180,171,2.082344429459853,0.3477669511754983,0.1670074106163632,,,
torus_minus1,RGA Fall 2018 torus-1,4,5,7,10,3,3.5,3.25,0.3,0.38,0.34,10.604,0.7978472743051973,1.5,2,1.75,180,198,189,1.781212421841906,0.3603189639509658,0.202288598222535,,,
torus_minus1,RGA Fall 2018 torus-1,4,5,7,11,3,3.5,3.25,0.3,0.38,0.34,10.604,0.7978472743051973,1.5,2,1.75,198,216,207,2.84991989244367,0.4838394804177035,0.1697730107083236,,,
torus_minus1,RGA Fall 2018 torus-1,4,5,7,12,3,3.5,3.25,0.3,0.38,0.34,10.604,0.7978472743051973,1.5,2,1.75,216,234,225,2.998072703274159,0.5085632205382886,0.1696300493256527,,,
torus_minus1,RGA Fall 2018 torus-1,4,5,7,13,3,3.5,3.25,0.3,0.38,0.34,10.604,0.7978472743051973,1.5,2,1.75,234,252,243,2.714909415704274,0.502247943183924,0.1849962066058974,,,
torus_minus1,RGA Fall 2018 torus-1,4,5,7,14,3,3.5,3.25,0.3,0.38,0.34,10.604,0.7978472743051973,1.5,2,1.75,252,270,261,4.097602663972291,0.6323172841512057,0.1543139576979447,,,
torus_minus1,RGA Fall 2018 torus-1,4,5,7,15,3,3.5,3.25,0.3,0.38,0.34,10.604,0.7978472743051973,1.5,2,1.75,270,288,279,4.403907806333279,0.9473446270576826,0.2151145456985503,,,
torus_minus1,RGA Fall 2018 torus-1,4,5,7,16,3,3.5,3.25,0.3,0.38,0.34,10.604,0.7978472743051973,1.5,2,1.75,288,306,297,4.785873093276578,0.9988954170650093,0.2087174894938825,,,
torus_minus1,RGA Fall 2018 torus-1,4,5,7,17,3,3.5,3.25,0.3,0.38,0.34,10.604,0.7978472743051973,1.5,2,1.75,306,324,315,3.491663858449282,0.7725111161538222,0.2212444116819738,,,
torus_minus1,RGA Fall 2018 torus-1,4,5,7,18,3,3.5,3.25,0.3,0.38,0.34,10.604,0.7978472743051973,1.5,2,1.75,324,342,333,3.713522771978473,1.597962289492746,0.4303090051179062,,,
torus_minus1,RGA Fall 2018 torus-1,4,5,7,19,3,3.5,3.25,0.3,0.38,0.34,10.604,0.7978472743051973,1.5,2,1.75,342,360,351,0.6593061332706966,0.4848826072595565,0.7354437988528074,,,
torus_minus1,RGA Fall 2018 torus-1,4,6,3,0,3,3.5,3.249448425540658,0.38,0.48,0.4282770842965018,10.604,0.8752687087493171,0.3,0.4,0.35,0,18,9,31.7420729915004,3.989239198450733,0.1256767067330144,,,
torus_minus1,RGA Fall 2018 torus-1,4,6,3,1,3,3.5,3.249448425540658,0.38,0.48,0.4282770842965018,10.604,0.8752687087493171,0.3,0.4,0.35,18,36,27,44.80995147620989,5.23362439306456,0.1167960290214363,,,
torus_minus1,RGA Fall 2018 torus-1,4,6,3,2,3,3.5,3.249448425540658,0.38,0.48,0.4282770842965018,10.604,0.8752687087493171,0.3,0.4,0.35,36,54,45,35.33059657641258,4.590696615653994,0.1299354401142163,,,
torus_minus1,RGA Fall 2018 torus-1,4,6,3,3,3,3.5,3.249448425540658,0.38,0.48,0.4282770842965018,10.604,0.8752687087493171,0.3,0.4,0.35,54,72,63,39.37120666241111,4.366546357460269,0.1109071000769998,,,
torus_minus1,RGA Fall 2018 torus-1,4,6,3,4,3,3.5,3.249448425540658,0.38,0.48,0.4282770842965018,10.604,0.8752687087493171,0.3,0.4,0.35,72,90,81,38.95476411654754,3.922503880963247,0.1006938167877908,,,
torus_minus1,RGA Fall 2018 torus-1,4,6,3,5,3,3.5,3.249448425540658,0.38,0.48,0.4282770842965018,10.604,0.8752687087493171,0.3,0.4,0.35,90,108,99,32.83254475781995,3.670200203593891,0.111785432127363,,,
torus_minus1,RGA Fall 2018 torus-1,4,6,3,6,3,3.5,3.249448425540658,0.38,0.48,0.4282770842965018,10.604,0.8752687087493171,0.3,0.4,0.35,108,126,117,41.84614403030838,4.823594486412309,0.1152697482214531,,,
torus_minus1,RGA Fall 2018 torus-1,4,6,3,7,3,3.5,3.249448425540658,0.38,0.48,0.4282770842965018,10.604,0.8752687087493171,0.3,0.4,0.35,126,144,135,23.18503170941704,3.99680069022989,0.1723871133894768,,,
torus_minus1,RGA Fall 2018 torus-1,4,6,3,8,3,3.5,3.249448425540658,0.38,0.48,0.4282770842965018,10.604,0.8752687087493171,0.3,0.4,0.35,144,162,153,39.01940546786093,10.92965886893776,0.2801082881167982,,,
torus_minus1,RGA Fall 2018 torus-1,4,6,3,9,3,3.5,3.249448425540658,0.38,0.48,0.4282770842965018,10.604,0.8752687087493171,0.3,0.4,0.35,162,180,171,20.79679427458371,11.14874626247911,0.5360800378789282,,,
torus_minus1,RGA Fall 2018 torus-1,4,6,3,11,3,3.5,3.249448425540658,0.38,0.48,0.4282770842965018,10.604,0.8752687087493171,0.3,0.4,0.35,198,216,207,41.78677953205435,10.46803186584222,0.2505106156317279,,,
torus_minus1,RGA Fall 2018 torus-1,4,6,3,12,3,3.5,3.249448425540658,0.38,0.48,0.4282770842965018,10.604,0.8752687087493171,0.3,0.4,0.35,216,234,225,27.99894568927624,5.165558998664487,0.1844911967754174,,,
torus_minus1,RGA Fall 2018 torus-1,4,6,3,13,3,3.5,3.249448425540658,0.38,0.48,0.4282770842965018,10.604,0.8752687087493171,0.3,0.4,0.35,234,252,243,32.52889452927126,4.622015594945256,0.142089537988637,,,
torus_minus1,RGA Fall 2018 torus-1,4,6,3,14,3,3.5,3.249448425540658,0.38,0.48,0.4282770842965018,10.604,0.8752687087493171,0.3,0.4,0.35,252,270,261,44.15309229145014,5.174777340718121,0.1172007909788047,,,
torus_minus1,RGA Fall 2018 torus-1,4,6,3,15,3,3.5,3.249448425540658,0.38,0.48,0.4282770842965018,10.604,0.8752687087493171,0.3,0.4,0.35,270,288,279,44.0080247051803,5.29100288661796,0.1202281384375596,,,
torus_minus1,RGA Fall 2018 torus-1,4,6,3,16,3,3.5,3.249448425540658,0.38,0.48,0.4282770842965018,10.604,0.8752687087493171,0.3,0.4,0.35,288,306,297,43.24085506263664,6.076593182957246,0.1405289783043139,,,
torus_minus1,RGA Fall 2018 torus-1,4,6,3,17,3,3.5,3.249448425540658,0.38,0.48,0.4282770842965018,10.604,0.8752687087493171,0.3,0.4,0.35,306,324,315,27.17673872451042,4.721449910892064,0.1737312912617376,,,
torus_minus1,RGA Fall 2018 torus-1,4,6,3,18,3,3.5,3.249448425540658,0.38,0.48,0.4282770842965018,10.604,0.8752687087493171,0.3,0.4,0.35,324,342,333,34.78081777589502,4.792054302510588,0.1377786552745099,,,
torus_minus1,RGA Fall 2018 torus-1,4,6,3,19,3,3.5,3.249448425540658,0.38,0.48,0.4282770842965018,10.604,0.8752687087493171,0.3,0.4,0.35,342,360,351,21.874184654893,3.474625768196336,0.1588459557700178,,,
torus_minus1,RGA Fall 2018 torus-1,4,6,4,0,3,3.5,3.25,0.38,0.48,0.43,10.604,0.8762230972732392,0.4,0.6,0.5,0,18,9,28.29364560576497,2.749035369195513,0.09716087518376859,,,
torus_minus1,RGA Fall 2018 torus-1,4,6,4,1,3,3.5,3.25,0.38,0.48,0.43,10.604,0.8762230972732392,0.4,0.6,0.5,18,36,27,31.3136046022511,2.896091105515148,0.09248667287914057,,,
torus_minus1,RGA Fall 2018 torus-1,4,6,4,2,3,3.5,3.25,0.38,0.48,0.43,10.604,0.8762230972732392,0.4,0.6,0.5,36,54,45,36.32641042258814,3.298654532458148,0.09080595891762018,,,
torus_minus1,RGA Fall 2018 torus-1,4,6,4,3,3,3.5,3.25,0.38,0.48,0.43,10.604,0.8762230972732392,0.4,0.6,0.5,54,72,63,38.80175613795961,3.620069425310056,0.09329653566294534,,,
torus_minus1,RGA Fall 2018 torus-1,4,6,4,4,3,3.5,3.25,0.38,0.48,0.43,10.604,0.8762230972732392,0.4,0.6,0.5,72,90,81,43.72702792114202,3.352943464247952,0.07667897004787749,,,
torus_minus1,RGA Fall 2018 torus-1,4,6,4,5,3,3.5,3.25,0.38,0.48,0.43,10.604,0.8762230972732392,0.4,0.6,0.5,90,108,99,41.76708280280749,2.794005841291851,0.06689492427524873,,,
torus_minus1,RGA Fall 2018 torus-1,4,6,4,6,3,3.5,3.25,0.38,0.48,0.43,10.604,0.8762230972732392,0.4,0.6,0.5,108,126,117,35.12441653364196,2.427752500292253,0.06911865704493528,,,
torus_minus1,RGA Fall 2018 torus-1,4,6,4,7,3,3.5,3.25,0.38,0.48,0.43,10.604,0.8762230972732392,0.4,0.6,0.5,126,144,135,30.64273087540457,2.265898522719428,0.07394571103772458,,,
torus_minus1,RGA Fall 2018 torus-1,4,6,4,8,3,3.5,3.25,0.38,0.48,0.43,10.604,0.8762230972732392,0.4,0.6,0.5,144,162,153,28.00816478351028,2.804729517168912,0.1001397106468107,,,
torus_minus1,RGA Fall 2018 torus-1,4,6,4,9,3,3.5,3.25,0.38,0.48,0.43,10.604,0.8762230972732392,0.4,0.6,0.5,162,180,171,32.24972162516799,4.896110151216644,0.1518186794950711,,,
torus_minus1,RGA Fall 2018 torus-1,4,6,4,10,3,3.5,3.25,0.38,0.48,0.43,10.604,0.8762230972732392,0.4,0.6,0.5,180,198,189,21.47948015929379,2.573638136094735,0.1198184554285485,,,
torus_minus1,RGA Fall 2018 torus-1,4,6,4,11,3,3.5,3.25,0.38,0.48,0.43,10.604,0.8762230972732392,0.4,0.6,0.5,198,216,207,28.36810017273456,2.508231613878988,0.08841732786497014,,,
torus_minus1,RGA Fall 2018 torus-1,4,6,4,12,3,3.5,3.25,0.38,0.48,0.43,10.604,0.8762230972732392,0.4,0.6,0.5,216,234,225,35.05123547093316,2.794335947449523,0.07972146801406683,,,
torus_minus1,RGA Fall 2018 torus-1,4,6,4,13,3,3.5,3.25,0.38,0.48,0.43,10.604,0.8762230972732392,0.4,0.6,0.5,234,252,243,30.54999529387614,3.09793926968066,0.1014055563635931,,,
torus_minus1,RGA Fall 2018 torus-1,4,6,4,14,3,3.5,3.25,0.38,0.48,0.43,10.604,0.8762230972732392,0.4,0.6,0.5,252,270,261,39.79288367857371,4.004978010974999,0.1006455838517544,,,
torus_minus1,RGA Fall 2018 torus-1,4,6,4,15,3,3.5,3.25,0.38,0.48,0.43,10.604,0.8762230972732392,0.4,0.6,0.5,270,288,279,44.44176328522635,4.034653936655618,0.09078519028962218,,,
torus_minus1,RGA Fall 2018 torus-1,4,6,4,16,3,3.5,3.25,0.38,0.48,0.43,10.604,0.8762230972732392,0.4,0.6,0.5,288,306,297,30.67244452694522,4.161230369716508,0.1356667339005516,,,
torus_minus1,RGA Fall 2018 torus-1,4,6,4,17,3,3.5,3.25,0.38,0.48,0.43,10.604,0.8762230972732392,0.4,0.6,0.5,306,324,315,34.77751011604421,5.183674707026277,0.1490524965625658,,,
torus_minus1,RGA Fall 2018 torus-1,4,6,4,18,3,3.5,3.25,0.38,0.48,0.43,10.604,0.8762230972732392,0.4,0.6,0.5,324,342,333,30.44163579323212,3.443950035386082,0.1131328834882044,,,
torus_minus1,RGA Fall 2018 torus-1,4,6,4,19,3,3.5,3.25,0.38,0.48,0.43,10.604,0.8762230972732392,0.4,0.6,0.5,342,360,351,26.76048891951905,2.541758415995288,0.09498176298794504,,,
torus_minus1,RGA Fall 2018 torus-1,4,6,5,0,3,3.5,3.25,0.38,0.48,0.43,10.604,0.8762230972732392,0.6,1,0.8,0,18,9,19.11507555072332,1.620255846281543,0.08476324574193125,,,
torus_minus1,RGA Fall 2018 torus-1,4,6,5,1,3,3.5,3.25,0.38,0.48,0.43,10.604,0.8762230972732392,0.6,1,0.8,18,36,27,21.42294795926988,2.085717174495036,0.09735901793070124,,,
torus_minus1,RGA Fall 2018 torus-1,4,6,5,2,3,3.5,3.25,0.38,0.48,0.43,10.604,0.8762230972732392,0.6,1,0.8,36,54,45,26.32201628153129,2.091498202472649,0.07945813041458144,,,
torus_minus1,RGA Fall 2018 torus-1,4,6,5,3,3,3.5,3.25,0.38,0.48,0.43,10.604,0.8762230972732392,0.6,1,0.8,54,72,63,37.15797885987031,3.204971729648682,0.08625258498949122,,,
torus_minus1,RGA Fall 2018 torus-1,4,6,5,4,3,3.5,3.25,0.38,0.48,0.43,10.604,0.8762230972732392,0.6,1,0.8,72,90,81,25.70392103770077,2.486126786509487,0.09672169405060828,,,
torus_minus1,RGA Fall 2018 torus-1,4,6,5,5,3,3.5,3.25,0.38,0.48,0.43,10.604,0.8762230972732392,0.6,1,0.8,90,108,99,30.14783692061035,2.053421137597423,0.0681117236704175,,,
torus_minus1,RGA Fall 2018 torus-1,4,6,5,6,3,3.5,3.25,0.38,0.48,0.43,10.604,0.8762230972732392,0.6,1,0.8,108,126,117,30.79482097963384,1.831889540035752,0.05948693584701376,,,
torus_minus1,RGA Fall 2018 torus-1,4,6,5,7,3,3.5,3.25,0.38,0.48,0.43,10.604,0.8762230972732392,0.6,1,0.8,126,144,135,26.81431162901174,1.58768938804577,0.05921052197841878,,,
torus_minus1,RGA Fall 2018 torus-1,4,6,5,8,3,3.5,3.25,0.38,0.48,0.43,10.604,0.8762230972732392,0.6,1,0.8,144,162,153,22.67815900909008,1.558288035260243,0.06871316294394243,,,
torus_minus1,RGA Fall 2018 torus-1,4,6,5,9,3,3.5,3.25,0.38,0.48,0.43,10.604,0.8762230972732392,0.6,1,0.8,162,180,171,14.91482449256988,1.397289647238246,0.09368461881226524,,,
torus_minus1,RGA Fall 2018 torus-1,4,6,5,10,3,3.5,3.25,0.38,0.48,0.43,10.604,0.8762230972732392,0.6,1,0.8,180,198,189,18.51076720927082,1.353196057996407,0.07310318598348967,,,
torus_minus1,RGA Fall 2018 torus-1,4,6,5,11,3,3.5,3.25,0.38,0.48,0.43,10.604,0.8762230972732392,0.6,1,0.8,198,216,207,18.43012756369438,1.496812089553493,0.08121550349451037,,,
torus_minus1,RGA Fall 2018 torus-1,4,6,5,12,3,3.5,3.25,0.38,0.48,0.43,10.604,0.8762230972732392,0.6,1,0.8,216,234,225,23.10107522319971,1.645102585163734,0.07121324740380945,,,
torus_minus1,RGA Fall 2018 torus-1,4,6,5,13,3,3.5,3.25,0.38,0.48,0.43,10.604,0.8762230972732392,0.6,1,0.8,234,252,243,27.02737537052806,1.99041234010606,0.07364430740383694,,,
torus_minus1,RGA Fall 2018 torus-1,4,6,5,14,3,3.5,3.25,0.38,0.48,0.43,10.604,0.8762230972732392,0.6,1,0.8,252,270,261,30.09493476012561,2.613698665673226,0.0868484576061037,,,
torus_minus1,RGA Fall 2018 torus-1,4,6,5,15,3,3.5,3.25,0.38,0.48,0.43,10.604,0.8762230972732392,0.6,1,0.8,270,288,279,25.86528453901155,3.042375005835749,0.1176238754012955,,,
torus_minus1,RGA Fall 2018 torus-1,4,6,5,16,3,3.5,3.25,0.38,0.48,0.43,10.604,0.8762230972732392,0.6,1,0.8,288,306,297,25.86622297365825,3.155776858415811,0.1220037754112614,,,
torus_minus1,RGA Fall 2018 torus-1,4,6,5,17,3,3.5,3.25,0.38,0.48,0.43,10.604,0.8762230972732392,0.6,1,0.8,306,324,315,24.07971706880145,3.369694689088722,0.1399391313220462,,,
torus_minus1,RGA Fall 2018 torus-1,4,6,5,18,3,3.5,3.25,0.38,0.48,0.43,10.604,0.8762230972732392,0.6,1,0.8,324,342,333,18.26372117647731,2.353120275374523,0.1288412286103675,,,
torus_minus1,RGA Fall 2018 torus-1,4,6,5,19,3,3.5,3.25,0.38,0.48,0.43,10.604,0.8762230972732392,0.6,1,0.8,342,360,351,18.21091170127555,1.747549929516336,0.09596169363634512,,,
torus_minus1,RGA Fall 2018 torus-1,4,6,6,0,3,3.5,3.25,0.38,0.48,0.43,10.604,0.8762230972732392,1,1.5,1.25,0,18,9,8.554871915360431,1.611998905456892,0.1884305132099661,,,
torus_minus1,RGA Fall 2018 torus-1,4,6,6,1,3,3.5,3.25,0.38,0.48,0.43,10.604,0.8762230972732392,1,1.5,1.25,18,36,27,8.23789773216877,1.859850107331269,0.225767564468372,,,
torus_minus1,RGA Fall 2018 torus-1,4,6,6,2,3,3.5,3.25,0.38,0.48,0.43,10.604,0.8762230972732392,1,1.5,1.25,36,54,45,15.34444022939258,2.496503931298471,0.1626976216777441,,,
torus_minus1,RGA Fall 2018 torus-1,4,6,6,3,3,3.5,3.25,0.38,0.48,0.43,10.604,0.8762230972732392,1,1.5,1.25,54,72,63,18.41532422526492,2.71991564740239,0.1476984936095124,,,
torus_minus1,RGA Fall 2018 torus-1,4,6,6,4,3,3.5,3.25,0.38,0.48,0.43,10.604,0.8762230972732392,1,1.5,1.25,72,90,81,11.99846902159183,1.664995141288144,0.1387672992522549,,,
torus_minus1,RGA Fall 2018 torus-1,4,6,6,5,3,3.5,3.25,0.38,0.48,0.43,10.604,0.8762230972732392,1,1.5,1.25,90,108,99,16.50773543818753,1.460577114549279,0.08847834519873084,,,
torus_minus1,RGA Fall 2018 torus-1,4,6,6,6,3,3.5,3.25,0.38,0.48,0.43,10.604,0.8762230972732392,1,1.5,1.25,108,126,117,18.89996132794701,1.455429061138636,0.07700698619877705,,,
torus_minus1,RGA Fall 2018 torus-1,4,6,6,7,3,3.5,3.25,0.38,0.48,0.43,10.604,0.8762230972732392,1,1.5,1.25,126,144,135,14.27890498083869,1.133591878325422,0.0793892724859942,,,
torus_minus1,RGA Fall 2018 torus-1,4,6,6,8,3,3.5,3.25,0.38,0.48,0.43,10.604,0.8762230972732392,1,1.5,1.25,144,162,153,8.209468910008676,0.8686794899430068,0.1058143345769841,,,
torus_minus1,RGA Fall 2018 torus-1,4,6,6,9,3,3.5,3.25,0.38,0.48,0.43,10.604,0.8762230972732392,1,1.5,1.25,162,180,171,8.733875489326605,1.224341832358268,0.140183110447876,,,
torus_minus1,RGA Fall 2018 torus-1,4,6,6,10,3,3.5,3.25,0.38,0.48,0.43,10.604,0.8762230972732392,1,1.5,1.25,180,198,189,10.05849791099336,1.09587383406871,0.1089500483835646,,,
torus_minus1,RGA Fall 2018 torus-1,4,6,6,11,3,3.5,3.25,0.38,0.48,0.43,10.604,0.8762230972732392,1,1.5,1.25,198,216,207,8.913304699463975,1.168044324303034,0.1310450347751803,,,
torus_minus1,RGA Fall 2018 torus-1,4,6,6,12,3,3.5,3.25,0.38,0.48,0.43,10.604,0.8762230972732392,1,1.5,1.25,216,234,225,10.95649596567494,1.239989710866982,0.1131739303105376,,,
torus_minus1,RGA Fall 2018 torus-1,4,6,6,13,3,3.5,3.25,0.38,0.48,0.43,10.604,0.8762230972732392,1,1.5,1.25,234,252,243,13.88194011839376,1.280698369519016,0.09225643956078396,,,
torus_minus1,RGA Fall 2018 torus-1,4,6,6,14,3,3.5,3.25,0.38,0.48,0.43,10.604,0.8762230972732392,1,1.5,1.25,252,270,261,11.30475295748633,1.259890571014229,0.1114478640756049,,,
torus_minus1,RGA Fall 2018 torus-1,4,6,6,15,3,3.5,3.25,0.38,0.48,0.43,10.604,0.8762230972732392,1,1.5,1.25,270,288,279,12.08065141726787,1.539819175730561,0.1274616014107957,,,
torus_minus1,RGA Fall 2018 torus-1,4,6,6,16,3,3.5,3.25,0.38,0.48,0.43,10.604,0.8762230972732392,1,1.5,1.25,288,306,297,19.6898624108983,2.137286025620163,0.1085475348185866,,,
torus_minus1,RGA Fall 2018 torus-1,4,6,6,17,3,3.5,3.25,0.38,0.48,0.43,10.604,0.8762230972732392,1,1.5,1.25,306,324,315,12.32912069162649,1.511261601021214,0.1225765923475476,,,
torus_minus1,RGA Fall 2018 torus-1,4,6,6,18,3,3.5,3.25,0.38,0.48,0.43,10.604,0.8762230972732392,1,1.5,1.25,324,342,333,9.183792443377985,1.866826149749097,0.2032739917913955,,,
torus_minus1,RGA Fall 2018 torus-1,4,6,6,19,3,3.5,3.25,0.38,0.48,0.43,10.604,0.8762230972732392,1,1.5,1.25,342,360,351,5.698412577570011,1.35054836134263,0.2370043135624531,,,
torus_minus1,RGA Fall 2018 torus-1,4,6,7,0,3,3.5,3.25,0.38,0.48,0.43,10.604,0.8762230972732392,1.5,2,1.75,0,18,9,4.341733042550396,1.337557795720622,0.3080700224108945,,,
torus_minus1,RGA Fall 2018 torus-1,4,6,7,1,3,3.5,3.25,0.38,0.48,0.43,10.604,0.8762230972732392,1.5,2,1.75,18,36,27,2.061616543229951,0.8991106540105261,0.4361192467935295,,,
torus_minus1,RGA Fall 2018 torus-1,4,6,7,2,3,3.5,3.25,0.38,0.48,0.43,10.604,0.8762230972732392,1.5,2,1.75,36,54,45,6.949517331869942,1.571777229632812,0.2261707043199626,,,
torus_minus1,RGA Fall 2018 torus-1,4,6,7,3,3,3.5,3.25,0.38,0.48,0.43,10.604,0.8762230972732392,1.5,2,1.75,54,72,63,11.53022466066649,2.123254149821917,0.184146815201707,,,
torus_minus1,RGA Fall 2018 torus-1,4,6,7,4,3,3.5,3.25,0.38,0.48,0.43,10.604,0.8762230972732392,1.5,2,1.75,72,90,81,8.155465307943356,1.251455956194466,0.1534499760517108,,,
torus_minus1,RGA Fall 2018 torus-1,4,6,7,5,3,3.5,3.25,0.38,0.48,0.43,10.604,0.8762230972732392,1.5,2,1.75,90,108,99,8.860758516549881,1.078758807684175,0.121745650292726,,,
torus_minus1,RGA Fall 2018 torus-1,4,6,7,6,3,3.5,3.25,0.38,0.48,0.43,10.604,0.8762230972732392,1.5,2,1.75,108,126,117,7.168283604285986,0.9531341863423253,0.1329654682987762,,,
torus_minus1,RGA Fall 2018 torus-1,4,6,7,7,3,3.5,3.25,0.38,0.48,0.43,10.604,0.8762230972732392,1.5,2,1.75,126,144,135,7.667877836774618,1.215297209210685,0.1584919889284363,,,
torus_minus1,RGA Fall 2018 torus-1,4,6,7,8,3,3.5,3.25,0.38,0.48,0.43,10.604,0.8762230972732392,1.5,2,1.75,144,162,153,3.274418680724651,1.034927060617896,0.3160643648627303,,,
torus_minus1,RGA Fall 2018 torus-1,4,6,7,9,3,3.5,3.25,0.38,0.48,0.43,10.604,0.8762230972732392,1.5,2,1.75,162,180,171,4.642088750940711,1.806870717352661,0.3892365730807068,,,
torus_minus1,RGA Fall 2018 torus-1,4,6,7,10,3,3.5,3.25,0.38,0.48,0.43,10.604,0.8762230972732392,1.5,2,1.75,180,198,189,5.747194705644258,1.822712299538424,0.3171481727856476,,,
torus_minus1,RGA Fall 2018 torus-1,4,6,7,11,3,3.5,3.25,0.38,0.48,0.43,10.604,0.8762230972732392,1.5,2,1.75,198,216,207,4.377338431313762,1.388341117790676,0.3171655880795116,,,
torus_minus1,RGA Fall 2018 torus-1,4,6,7,12,3,3.5,3.25,0.38,0.48,0.43,10.604,0.8762230972732392,1.5,2,1.75,216,234,225,3.999359216098107,1.089029631074563,0.2723010292976515,,,
torus_minus1,RGA Fall 2018 torus-1,4,6,7,13,3,3.5,3.25,0.38,0.48,0.43,10.604,0.8762230972732392,1.5,2,1.75,234,252,243,8.608203925962112,1.076673306379391,0.1250752556096137,,,
torus_minus1,RGA Fall 2018 torus-1,4,6,7,14,3,3.5,3.25,0.38,0.48,0.43,10.604,0.8762230972732392,1.5,2,1.75,252,270,261,9.832489029086943,1.22332152969138,0.1244162618511439,,,
torus_minus1,RGA Fall 2018 torus-1,4,6,7,15,3,3.5,3.25,0.38,0.48,0.43,10.604,0.8762230972732392,1.5,2,1.75,270,288,279,7.682215054730917,1.031144997210504,0.1342249585392037,,,
torus_minus1,RGA Fall 2018 torus-1,4,6,7,16,3,3.5,3.25,0.38,0.48,0.43,10.604,0.8762230972732392,1.5,2,1.75,288,306,297,7.368128256820993,1.15320611418153,0.156512763348542,,,
torus_minus1,RGA Fall 2018 torus-1,4,6,7,17,3,3.5,3.25,0.38,0.48,0.43,10.604,0.8762230972732392,1.5,2,1.75,306,324,315,8.294561749167318,1.153782953234666,0.1391011349515232,,,
torus_minus1,RGA Fall 2018 torus-1,4,6,7,18,3,3.5,3.25,0.38,0.48,0.43,10.604,0.8762230972732392,1.5,2,1.75,324,342,333,3.853718613749437,1.02044216939012,0.2647941564154035,,,
torus_minus1,RGA Fall 2018 torus-1,4,6,7,19,3,3.5,3.25,0.38,0.48,0.43,10.604,0.8762230972732392,1.5,2,1.75,342,360,351,1.996001136718241,0.9675011335667952,0.4847197307500178,,,
torus_minus1,RGA Fall 2018 torus-1,4,7,3,0,3,3.5,3.260330764290302,0.48,0.58,0.4899274245343609,10.604,0.9033702490176093,0.3,0.4,0.35,0,18,9,116.6158800394641,41.47512128524952,0.3556558615448759,,,
torus_minus1,RGA Fall 2018 torus-1,4,7,3,1,3,3.5,3.260330764290302,0.48,0.58,0.4899274245343609,10.604,0.9033702490176093,0.3,0.4,0.35,18,36,27,67.03333919437721,26.78404749144886,0.3995630803022195,,,
torus_minus1,RGA Fall 2018 torus-1,4,7,3,2,3,3.5,3.260330764290302,0.48,0.58,0.4899274245343609,10.604,0.9033702490176093,0.3,0.4,0.35,36,54,45,57.63612039908791,21.46997523827909,0.372509028880071,,,
torus_minus1,RGA Fall 2018 torus-1,4,7,3,3,3,3.5,3.260330764290302,0.48,0.58,0.4899274245343609,10.604,0.9033702490176093,0.3,0.4,0.35,54,72,63,65.46589218405721,24.12440939232504,0.3685034846007951,,,
torus_minus1,RGA Fall 2018 torus-1,4,7,3,4,3,3.5,3.260330764290302,0.48,0.58,0.4899274245343609,10.604,0.9033702490176093,0.3,0.4,0.35,72,90,81,70.05728326757709,29.52621846588907,0.4214582280205829,,,
torus_minus1,RGA Fall 2018 torus-1,4,7,3,5,3,3.5,3.260330764290302,0.48,0.58,0.4899274245343609,10.604,0.9033702490176093,0.3,0.4,0.35,90,108,99,23.21546156766271,16.69570889888453,0.7191633407857945,,,
torus_minus1,RGA Fall 2018 torus-1,4,7,3,6,3,3.5,3.260330764290302,0.48,0.58,0.4899274245343609,10.604,0.9033702490176093,0.3,0.4,0.35,108,126,117,40.68949402377433,23.44566214083624,0.5762092329567248,,,
torus_minus1,RGA Fall 2018 torus-1,4,7,3,7,3,3.5,3.260330764290302,0.48,0.58,0.4899274245343609,10.604,0.9033702490176093,0.3,0.4,0.35,126,144,135,39.27991429978522,20.9151491357811,0.5324642252566081,,,
torus_minus1,RGA Fall 2018 torus-1,4,7,3,8,3,3.5,3.260330764290302,0.48,0.58,0.4899274245343609,10.604,0.9033702490176093,0.3,0.4,0.35,144,162,153,53.17705777081888,41.30248261653175,0.7766974019987366,,,
torus_minus1,RGA Fall 2018 torus-1,4,7,3,9,3,3.5,3.260330764290302,0.48,0.58,0.4899274245343609,10.604,0.9033702490176093,0.3,0.4,0.35,162,180,171,39.91271372150225,28.16825890707318,0.7057465223643273,,,
torus_minus1,RGA Fall 2018 torus-1,4,7,3,10,3,3.5,3.260330764290302,0.48,0.58,0.4899274245343609,10.604,0.9033702490176093,0.3,0.4,0.35,180,198,189,21.94156621292373,16.78599134189437,0.7650315925035155,,,
torus_minus1,RGA Fall 2018 torus-1,4,7,3,11,3,3.5,3.260330764290302,0.48,0.58,0.4899274245343609,10.604,0.9033702490176093,0.3,0.4,0.35,198,216,207,20.84622740608926,17.64357100746967,0.8463675783521348,,,
torus_minus1,RGA Fall 2018 torus-1,4,7,3,12,3,3.5,3.260330764290302,0.48,0.58,0.4899274245343609,10.604,0.9033702490176093,0.3,0.4,0.35,216,234,225,89.45583142533431,51.1280762314239,0.5715454813485104,,,
torus_minus1,RGA Fall 2018 torus-1,4,7,3,13,3,3.5,3.260330764290302,0.48,0.58,0.4899274245343609,10.604,0.9033702490176093,0.3,0.4,0.35,234,252,243,114.980401620709,60.51434365614561,0.5263013766099632,,,
torus_minus1,RGA Fall 2018 torus-1,4,7,3,14,3,3.5,3.260330764290302,0.48,0.58,0.4899274245343609,10.604,0.9033702490176093,0.3,0.4,0.35,252,270,261,53.45410102665247,44.60009844634871,0.8343625201761581,,,
torus_minus1,RGA Fall 2018 torus-1,4,7,3,15,3,3.5,3.260330764290302,0.48,0.58,0.4899274245343609,10.604,0.9033702490176093,0.3,0.4,0.35,270,288,279,75.42668238228339,36.61271615944944,0.4854080148174358,,,
torus_minus1,RGA Fall 2018 torus-1,4,7,3,16,3,3.5,3.260330764290302,0.48,0.58,0.4899274245343609,10.604,0.9033702490176093,0.3,0.4,0.35,288,306,297,95.53895549310288,46.32603754222646,0.4848916057656797,,,
torus_minus1,RGA Fall 2018 torus-1,4,7,3,17,3,3.5,3.260330764290302,0.48,0.58,0.4899274245343609,10.604,0.9033702490176093,0.3,0.4,0.35,306,324,315,64.86982364948661,24.46443283122624,0.3771311752505413,,,
torus_minus1,RGA Fall 2018 torus-1,4,7,3,18,3,3.5,3.260330764290302,0.48,0.58,0.4899274245343609,10.604,0.9033702490176093,0.3,0.4,0.35,324,342,333,72.79397315073214,27.96894830491222,0.3842206585838888,,,
torus_minus1,RGA Fall 2018 torus-1,4,7,3,19,3,3.5,3.260330764290302,0.48,0.58,0.4899274245343609,10.604,0.9033702490176093,0.3,0.4,0.35,342,360,351,151.1990230563371,53.92404794600694,0.3566428331082188,,,
torus_minus1,RGA Fall 2018 torus-1,4,7,4,0,3,3.5,3.301773203996186,0.48,0.58,0.4968554906106205,10.604,0.9033874482585603,0.4,0.6,0.5,0,18,9,41.65364499181543,7.301343423878261,0.175287022907909,,,
torus_minus1,RGA Fall 2018 torus-1,4,7,4,1,3,3.5,3.301773203996186,0.48,0.58,0.4968554906106205,10.604,0.9033874482585603,0.4,0.6,0.5,18,36,27,39.67403980327229,6.745093131247558,0.1700127631240423,,,
torus_minus1,RGA Fall 2018 torus-1,4,7,4,2,3,3.5,3.301773203996186,0.48,0.58,0.4968554906106205,10.604,0.9033874482585603,0.4,0.6,0.5,36,54,45,56.34459463071189,7.62645546930302,0.1353538084582483,,,
torus_minus1,RGA Fall 2018 torus-1,4,7,4,3,3,3.5,3.301773203996186,0.48,0.58,0.4968554906106205,10.604,0.9033874482585603,0.4,0.6,0.5,54,72,63,58.12177921729684,8.66197056565548,0.1490314075429698,,,
torus_minus1,RGA Fall 2018 torus-1,4,7,4,4,3,3.5,3.301773203996186,0.48,0.58,0.4968554906106205,10.604,0.9033874482585603,0.4,0.6,0.5,72,90,81,45.07536180406154,7.759270876148183,0.1721399577418152,,,
torus_minus1,RGA Fall 2018 torus-1,4,7,4,5,3,3.5,3.301773203996186,0.48,0.58,0.4968554906106205,10.604,0.9033874482585603,0.4,0.6,0.5,90,108,99,51.98181172800014,7.510419335163555,0.1444816770616336,,,
torus_minus1,RGA Fall 2018 torus-1,4,7,4,6,3,3.5,3.301773203996186,0.48,0.58,0.4968554906106205,10.604,0.9033874482585603,0.4,0.6,0.5,108,126,117,53.52432771215197,7.371805477814985,0.1377281283654744,,,
torus_minus1,RGA Fall 2018 torus-1,4,7,4,7,3,3.5,3.301773203996186,0.48,0.58,0.4968554906106205,10.604,0.9033874482585603,0.4,0.6,0.5,126,144,135,49.0559885790266,7.005734338663842,0.1428109909023233,,,
torus_minus1,RGA Fall 2018 torus-1,4,7,4,8,3,3.5,3.301773203996186,0.48,0.58,0.4968554906106205,10.604,0.9033874482585603,0.4,0.6,0.5,144,162,153,32.16936163861153,6.900928420342847,0.2145186621316089,,,
torus_minus1,RGA Fall 2018 torus-1,4,7,4,9,3,3.5,3.301773203996186,0.48,0.58,0.4968554906106205,10.604,0.9033874482585603,0.4,0.6,0.5,162,180,171,74.67589705084816,29.43864177001753,0.3942187898991321,,,
torus_minus1,RGA Fall 2018 torus-1,4,7,4,10,3,3.5,3.301773203996186,0.48,0.58,0.4968554906106205,10.604,0.9033874482585603,0.4,0.6,0.5,180,198,189,79.87666319299817,31.93652927511433,0.3998230271330842,,,
torus_minus1,RGA Fall 2018 torus-1,4,7,4,11,3,3.5,3.301773203996186,0.48,0.58,0.4968554906106205,10.604,0.9033874482585603,0.4,0.6,0.5,198,216,207,38.69173618535233,7.760563610287676,0.200574189101021,,,
torus_minus1,RGA Fall 2018 torus-1,4,7,4,12,3,3.5,3.301773203996186,0.48,0.58,0.4968554906106205,10.604,0.9033874482585603,0.4,0.6,0.5,216,234,225,51.84114430850882,8.217653756926634,0.1585160564362359,,,
torus_minus1,RGA Fall 2018 torus-1,4,7,4,13,3,3.5,3.301773203996186,0.48,0.58,0.4968554906106205,10.604,0.9033874482585603,0.4,0.6,0.5,234,252,243,57.59115945405258,8.383731440357508,0.1455732358895504,,,
torus_minus1,RGA Fall 2018 torus-1,4,7,4,14,3,3.5,3.301773203996186,0.48,0.58,0.4968554906106205,10.604,0.9033874482585603,0.4,0.6,0.5,252,270,261,53.38097955403632,7.859573521285723,0.147235468268799,,,
torus_minus1,RGA Fall 2018 torus-1,4,7,4,15,3,3.5,3.301773203996186,0.48,0.58,0.4968554906106205,10.604,0.9033874482585603,0.4,0.6,0.5,270,288,279,62.86617716590214,10.14256824207902,0.1613358517937723,,,
torus_minus1,RGA Fall 2018 torus-1,4,7,4,16,3,3.5,3.301773203996186,0.48,0.58,0.4968554906106205,10.604,0.9033874482585603,0.4,0.6,0.5,288,306,297,56.09364230601155,10.28323861297138,0.1833227116341014,,,
torus_minus1,RGA Fall 2018 torus-1,4,7,4,17,3,3.5,3.301773203996186,0.48,0.58,0.4968554906106205,10.604,0.9033874482585603,0.4,0.6,0.5,306,324,315,41.90656262917361,8.371989516958635,0.199777528666367,,,
torus_minus1,RGA Fall 2018 torus-1,4,7,4,18,3,3.5,3.301773203996186,0.48,0.58,0.4968554906106205,10.604,0.9033874482585603,0.4,0.6,0.5,324,342,333,47.32847790581573,8.355240489381634,0.1765372743659466,,,
torus_minus1,RGA Fall 2018 torus-1,4,7,4,19,3,3.5,3.301773203996186,0.48,0.58,0.4968554906106205,10.604,0.9033874482585603,0.4,0.6,0.5,342,360,351,59.98002975136404,9.794476748442218,0.1632956300462568,,,
torus_minus1,RGA Fall 2018 torus-1,4,7,5,0,3,3.5,3.302777777777778,0.48,0.58,0.4970246913580246,10.604,0.9033882358777012,0.6,1,0.8,0,18,9,33.52118532677596,4.064328758538355,0.1212465704573955,,,
torus_minus1,RGA Fall 2018 torus-1,4,7,5,1,3,3.5,3.302777777777778,0.48,0.58,0.4970246913580246,10.604,0.9033882358777012,0.6,1,0.8,18,36,27,34.65851234369546,5.148572035033255,0.1485514434080955,,,
torus_minus1,RGA Fall 2018 torus-1,4,7,5,2,3,3.5,3.302777777777778,0.48,0.58,0.4970246913580246,10.604,0.9033882358777012,0.6,1,0.8,36,54,45,49.44803872721471,6.937968084603563,0.1403082561651756,,,
torus_minus1,RGA Fall 2018 torus-1,4,7,5,3,3,3.5,3.302777777777778,0.48,0.58,0.4970246913580246,10.604,0.9033882358777012,0.6,1,0.8,54,72,63,36.73528187577435,6.464136000493115,0.1759653300702176,,,
torus_minus1,RGA Fall 2018 torus-1,4,7,5,4,3,3.5,3.302777777777778,0.48,0.58,0.4970246913580246,10.604,0.9033882358777012,0.6,1,0.8,72,90,81,54.11009736945478,7.448988431662689,0.1376635562268947,,,
torus_minus1,RGA Fall 2018 torus-1,4,7,5,5,3,3.5,3.302777777777778,0.48,0.58,0.4970246913580246,10.604,0.9033882358777012,0.6,1,0.8,90,108,99,51.19776674560255,6.117929114339653,0.1194960152215063,,,
torus_minus1,RGA Fall 2018 torus-1,4,7,5,6,3,3.5,3.302777777777778,0.48,0.58,0.4970246913580246,10.604,0.9033882358777012,0.6,1,0.8,108,126,117,45.67997767377958,4.597563500125189,0.1006472361470571,,,
torus_minus1,RGA Fall 2018 torus-1,4,7,5,7,3,3.5,3.302777777777778,0.48,0.58,0.4970246913580246,10.604,0.9033882358777012,0.6,1,0.8,126,144,135,36.59059113105285,4.17221523936947,0.1140242644461868,,,
torus_minus1,RGA Fall 2018 torus-1,4,7,5,8,3,3.5,3.302777777777778,0.48,0.58,0.4970246913580246,10.604,0.9033882358777012,0.6,1,0.8,144,162,153,27.82785871576246,3.722562448745697,0.133771070450244,,,
torus_minus1,RGA Fall 2018 torus-1,4,7,5,9,3,3.5,3.302777777777778,0.48,0.58,0.4970246913580246,10.604,0.9033882358777012,0.6,1,0.8,162,180,171,32.25192315452956,10.87427518418383,0.3371667212550892,,,
torus_minus1,RGA Fall 2018 torus-1,4,7,5,10,3,3.5,3.302777777777778,0.48,0.58,0.4970246913580246,10.604,0.9033882358777012,0.6,1,0.8,180,198,189,47.02026372835219,15.93311531744961,0.3388563579630093,,,
torus_minus1,RGA Fall 2018 torus-1,4,7,5,11,3,3.5,3.302777777777778,0.48,0.58,0.4970246913580246,10.604,0.9033882358777012,0.6,1,0.8,198,216,207,29.11061884184277,4.512982844865891,0.1550287497969318,,,
torus_minus1,RGA Fall 2018 torus-1,4,7,5,12,3,3.5,3.302777777777778,0.48,0.58,0.4970246913580246,10.604,0.9033882358777012,0.6,1,0.8,216,234,225,33.04517949729992,4.474894362696022,0.1354174627213527,,,
torus_minus1,RGA Fall 2018 torus-1,4,7,5,13,3,3.5,3.302777777777778,0.48,0.58,0.4970246913580246,10.604,0.9033882358777012,0.6,1,0.8,234,252,243,64.87903649702095,7.713831736542018,0.1188955963748971,,,
torus_minus1,RGA Fall 2018 torus-1,4,7,5,14,3,3.5,3.302777777777778,0.48,0.58,0.4970246913580246,10.604,0.9033882358777012,0.6,1,0.8,252,270,261,48.69076826279752,7.162257074465369,0.1470968179390535,,,
torus_minus1,RGA Fall 2018 torus-1,4,7,5,15,3,3.5,3.302777777777778,0.48,0.58,0.4970246913580246,10.604,0.9033882358777012,0.6,1,0.8,270,288,279,46.87556989543639,7.120435154563488,0.1519007698561699,,,
torus_minus1,RGA Fall 2018 torus-1,4,7,5,16,3,3.5,3.302777777777778,0.48,0.58,0.4970246913580246,10.604,0.9033882358777012,0.6,1,0.8,288,306,297,45.7674671435114,8.232771694380641,0.1798826154955317,,,
torus_minus1,RGA Fall 2018 torus-1,4,7,5,17,3,3.5,3.302777777777778,0.48,0.58,0.4970246913580246,10.604,0.9033882358777012,0.6,1,0.8,306,324,315,31.79668425092225,7.591651313706154,0.2387560682050035,,,
torus_minus1,RGA Fall 2018 torus-1,4,7,5,18,3,3.5,3.302777777777778,0.48,0.58,0.4970246913580246,10.604,0.9033882358777012,0.6,1,0.8,324,342,333,28.33044782459113,4.723150343255839,0.1667164025256281,,,
torus_minus1,RGA Fall 2018 torus-1,4,7,5,19,3,3.5,3.302777777777778,0.48,0.58,0.4970246913580246,10.604,0.9033882358777012,0.6,1,0.8,342,360,351,28.04695991655561,4.085857478548036,0.1456791570531759,,,
torus_minus1,RGA Fall 2018 torus-1,4,7,6,0,3,3.5,3.302777777777778,0.48,0.58,0.4970246913580246,10.604,0.9033882358777012,1,1.5,1.25,0,18,9,14.72136620521436,3.506304740624947,0.2381779443393645,,,
torus_minus1,RGA Fall 2018 torus-1,4,7,6,1,3,3.5,3.302777777777778,0.48,0.58,0.4970246913580246,10.604,0.9033882358777012,1,1.5,1.25,18,36,27,17.69905518675953,4.919617863279307,0.2779593493193705,,,
torus_minus1,RGA Fall 2018 torus-1,4,7,6,2,3,3.5,3.302777777777778,0.48,0.58,0.4970246913580246,10.604,0.9033882358777012,1,1.5,1.25,36,54,45,22.61945272638223,5.423969078757668,0.2397922330115181,,,
torus_minus1,RGA Fall 2018 torus-1,4,7,6,3,3,3.5,3.302777777777778,0.48,0.58,0.4970246913580246,10.604,0.9033882358777012,1,1.5,1.25,54,72,63,13.89538383071152,5.015122004752054,0.3609200052227165,,,
torus_minus1,RGA Fall 2018 torus-1,4,7,6,4,3,3.5,3.302777777777778,0.48,0.58,0.4970246913580246,10.604,0.9033882358777012,1,1.5,1.25,72,90,81,16.84140952245014,4.383678911769023,0.2602916879329749,,,
torus_minus1,RGA Fall 2018 torus-1,4,7,6,5,3,3.5,3.302777777777778,0.48,0.58,0.4970246913580246,10.604,0.9033882358777012,1,1.5,1.25,90,108,99,29.92156472864593,4.634384010983147,0.1548844137334281,,,
torus_minus1,RGA Fall 2018 torus-1,4,7,6,6,3,3.5,3.302777777777778,0.48,0.58,0.4970246913580246,10.604,0.9033882358777012,1,1.5,1.25,108,126,117,30.8111755559453,4.561145838374484,0.1480354370151375,,,
torus_minus1,RGA Fall 2018 torus-1,4,7,6,7,3,3.5,3.302777777777778,0.48,0.58,0.4970246913580246,10.604,0.9033882358777012,1,1.5,1.25,126,144,135,20.76499917454897,4.372666479591128,0.210578697491622,,,
torus_minus1,RGA Fall 2018 torus-1,4,7,6,8,3,3.5,3.302777777777778,0.48,0.58,0.4970246913580246,10.604,0.9033882358777012,1,1.5,1.25,144,162,153,18.73129777566097,7.335088730751574,0.3915953298378836,,,
torus_minus1,RGA Fall 2018 torus-1,4,7,6,9,3,3.5,3.302777777777778,0.48,0.58,0.4970246913580246,10.604,0.9033882358777012,1,1.5,1.25,162,180,171,12.77011173426885,7.934502505952115,0.621333835682872,,,
torus_minus1,RGA Fall 2018 torus-1,4,7,6,11,3,3.5,3.302777777777778,0.48,0.58,0.4970246913580246,10.604,0.9033882358777012,1,1.5,1.25,198,216,207,10.13848232394451,5.285109906931099,0.5212920176868105,,,
torus_minus1,RGA Fall 2018 torus-1,4,7,6,12,3,3.5,3.302777777777778,0.48,0.58,0.4970246913580246,10.604,0.9033882358777012,1,1.5,1.25,216,234,225,14.27785676417543,4.294969066253291,0.3008132899210614,,,
torus_minus1,RGA Fall 2018 torus-1,4,7,6,13,3,3.5,3.302777777777778,0.48,0.58,0.4970246913580246,10.604,0.9033882358777012,1,1.5,1.25,234,252,243,23.84189944698699,4.053564106713335,0.1700185052674401,,,
torus_minus1,RGA Fall 2018 torus-1,4,7,6,14,3,3.5,3.302777777777778,0.48,0.58,0.4970246913580246,10.604,0.9033882358777012,1,1.5,1.25,252,270,261,29.35883658028403,4.576847707738589,0.1558933609382934,,,
torus_minus1,RGA Fall 2018 torus-1,4,7,6,15,3,3.5,3.302777777777778,0.48,0.58,0.4970246913580246,10.604,0.9033882358777012,1,1.5,1.25,270,288,279,20.02683110248667,3.938598038397574,0.1966660635545346,,,
torus_minus1,RGA Fall 2018 torus-1,4,7,6,16,3,3.5,3.302777777777778,0.48,0.58,0.4970246913580246,10.604,0.9033882358777012,1,1.5,1.25,288,306,297,20.80721642538052,5.030811906538028,0.2417820723199415,,,
torus_minus1,RGA Fall 2018 torus-1,4,7,6,17,3,3.5,3.302777777777778,0.48,0.58,0.4970246913580246,10.604,0.9033882358777012,1,1.5,1.25,306,324,315,20.94883591902094,5.006737102704059,0.2389983444453869,,,
torus_minus1,RGA Fall 2018 torus-1,4,7,6,18,3,3.5,3.302777777777778,0.48,0.58,0.4970246913580246,10.604,0.9033882358777012,1,1.5,1.25,324,342,333,10.83828679517494,4.208148841956419,0.3882669762743158,,,
torus_minus1,RGA Fall 2018 torus-1,4,7,6,19,3,3.5,3.302777777777778,0.48,0.58,0.4970246913580246,10.604,0.9033882358777012,1,1.5,1.25,342,360,351,9.952249972638196,2.753396743610706,0.2766607301043124,,,
torus_minus1,RGA Fall 2018 torus-1,4,7,7,0,3,3.5,3.302777777777778,0.48,0.58,0.4970246913580246,10.604,0.9033882358777012,1.5,2,1.75,0,18,9,12.84782170277645,7.441604867805604,0.5792114056344236,,,
torus_minus1,RGA Fall 2018 torus-1,4,7,7,1,3,3.5,3.302777777777778,0.48,0.58,0.4970246913580246,10.604,0.9033882358777012,1.5,2,1.75,18,36,27,8.811959349332863,5.502251310324697,0.6244072506690878,,,
torus_minus1,RGA Fall 2018 torus-1,4,7,7,2,3,3.5,3.302777777777778,0.48,0.58,0.4970246913580246,10.604,0.9033882358777012,1.5,2,1.75,36,54,45,4.39429022189346,2.782438177624428,0.6331939942795813,,,
torus_minus1,RGA Fall 2018 torus-1,4,7,7,3,3,3.5,3.302777777777778,0.48,0.58,0.4970246913580246,10.604,0.9033882358777012,1.5,2,1.75,54,72,63,10.59902782544979,4.348250493672633,0.4102499366245513,,,
torus_minus1,RGA Fall 2018 torus-1,4,7,7,4,3,3.5,3.302777777777778,0.48,0.58,0.4970246913580246,10.604,0.9033882358777012,1.5,2,1.75,72,90,81,6.312870177724867,2.525991368765335,0.4001335838773247,,,
torus_minus1,RGA Fall 2018 torus-1,4,7,7,5,3,3.5,3.302777777777778,0.48,0.58,0.4970246913580246,10.604,0.9033882358777012,1.5,2,1.75,90,108,99,23.15819439839626,5.67238210608674,0.2449406032483932,,,
torus_minus1,RGA Fall 2018 torus-1,4,7,7,6,3,3.5,3.302777777777778,0.48,0.58,0.4970246913580246,10.604,0.9033882358777012,1.5,2,1.75,108,126,117,15.26310450209133,5.286901780821364,0.346384431823615,,,
torus_minus1,RGA Fall 2018 torus-1,4,7,7,13,3,3.5,3.302777777777778,0.48,0.58,0.4970246913580246,10.604,0.9033882358777012,1.5,2,1.75,234,252,243,17.19426853347622,6.445754358020898,0.3748780790221693,,,
torus_minus1,RGA Fall 2018 torus-1,4,7,7,14,3,3.5,3.302777777777778,0.48,0.58,0.4970246913580246,10.604,0.9033882358777012,1.5,2,1.75,252,270,261,15.48004393918427,3.852790416704443,0.2488875633583937,,,
torus_minus1,RGA Fall 2018 torus-1,4,7,7,15,3,3.5,3.302777777777778,0.48,0.58,0.4970246913580246,10.604,0.9033882358777012,1.5,2,1.75,270,288,279,12.52921462252922,2.838656240707098,0.2265629830941527,,,
torus_minus1,RGA Fall 2018 torus-1,4,7,7,16,3,3.5,3.302777777777778,0.48,0.58,0.4970246913580246,10.604,0.9033882358777012,1.5,2,1.75,288,306,297,10.34608534284017,2.797531178466737,0.2703951384281514,,,
torus_minus1,RGA Fall 2018 torus-1,4,7,7,17,3,3.5,3.302777777777778,0.48,0.58,0.4970246913580246,10.604,0.9033882358777012,1.5,2,1.75,306,324,315,8.136137838188668,2.404935043332017,0.2955868117233647,,,
torus_minus1,RGA Fall 2018 torus-1,4,7,7,18,3,3.5,3.302777777777778,0.48,0.58,0.4970246913580246,10.604,0.9033882358777012,1.5,2,1.75,324,342,333,4.524301582519518,2.115429309315668,0.4675703577075903,,,
torus_minus1,RGA Fall 2018 torus-1,4,7,7,19,3,3.5,3.302777777777778,0.48,0.58,0.4970246913580246,10.604,0.9033882358777012,1.5,2,1.75,342,360,351,6.699241236778664,4.042699867452095,0.6034563802924091,,,
torus_minus1,RGA Fall 2018 torus-1,5,3,1,6,3.5,4,3.6775,0.2,0.25,0.238859375,10.604,0.4086101150215446,0.15,0.2,0.175,108,126,117,31.91673043590553,25.07791986412835,0.7857296007963369,,,
torus_minus1,RGA Fall 2018 torus-1,5,3,1,18,3.5,4,3.6775,0.2,0.25,0.238859375,10.604,0.4086101150215446,0.15,0.2,0.175,324,342,333,10.02470593752869,17.86538104833329,1.78213517280862,,,
torus_minus1,RGA Fall 2018 torus-1,5,3,2,0,3.5,4,3.6775,0.2,0.25,0.238859375,10.604,0.4086101150215446,0.2,0.3,0.25,0,18,9,3.799301720741644,2.520248510015136,0.6633451868948093,,,
torus_minus1,RGA Fall 2018 torus-1,5,3,2,1,3.5,4,3.6775,0.2,0.25,0.238859375,10.604,0.4086101150215446,0.2,0.3,0.25,18,36,27,5.154789984540662,3.684002828043945,0.7146756393747092,,,
torus_minus1,RGA Fall 2018 torus-1,5,3,2,5,3.5,4,3.6775,0.2,0.25,0.238859375,10.604,0.4086101150215446,0.2,0.3,0.25,90,108,99,10.18364500722134,8.344726297960779,0.8194243114369596,,,
torus_minus1,RGA Fall 2018 torus-1,5,3,2,6,3.5,4,3.6775,0.2,0.25,0.238859375,10.604,0.4086101150215446,0.2,0.3,0.25,108,126,117,5.476097269536935,8.131703122897848,1.484944974979503,,,
torus_minus1,RGA Fall 2018 torus-1,5,3,2,9,3.5,4,3.6775,0.2,0.25,0.238859375,10.604,0.4086101150215446,0.2,0.3,0.25,162,180,171,3.21646259447391,4.235447997086885,1.316803125384905,,,
torus_minus1,RGA Fall 2018 torus-1,5,3,2,10,3.5,4,3.6775,0.2,0.25,0.238859375,10.604,0.4086101150215446,0.2,0.3,0.25,180,198,189,16.56745713564007,14.69143862814004,0.8867648491774685,,,
torus_minus1,RGA Fall 2018 torus-1,5,3,2,12,3.5,4,3.6775,0.2,0.25,0.238859375,10.604,0.4086101150215446,0.2,0.3,0.25,216,234,225,18.07062046821129,15.9975834256974,0.8852813578725399,,,
torus_minus1,RGA Fall 2018 torus-1,5,3,2,18,3.5,4,3.6775,0.2,0.25,0.238859375,10.604,0.4086101150215446,0.2,0.3,0.25,324,342,333,2.603191958659952,3.035788630081278,1.166179320730544,,,
torus_minus1,RGA Fall 2018 torus-1,5,3,2,19,3.5,4,3.6775,0.2,0.25,0.238859375,10.604,0.4086101150215446,0.2,0.3,0.25,342,360,351,11.93148643840246,9.300577150573977,0.7794986147442041,,,
torus_minus1,RGA Fall 2018 torus-1,5,3,3,0,3.5,4,3.6775,0.2,0.25,0.238859375,10.604,0.4086101150215446,0.3,0.4,0.35,0,18,9,1.033491767957069,1.434954437832524,1.388452702113957,,,
torus_minus1,RGA Fall 2018 torus-1,5,3,3,1,3.5,4,3.6775,0.2,0.25,0.238859375,10.604,0.4086101150215446,0.3,0.4,0.35,18,36,27,3.180492907620035,2.252343493077747,0.7081743485990594,,,
torus_minus1,RGA Fall 2018 torus-1,5,3,3,2,3.5,4,3.6775,0.2,0.25,0.238859375,10.604,0.4086101150215446,0.3,0.4,0.35,36,54,45,17.73145981888436,13.54810473065711,0.7640715919074023,,,
torus_minus1,RGA Fall 2018 torus-1,5,3,3,4,3.5,4,3.6775,0.2,0.25,0.238859375,10.604,0.4086101150215446,0.3,0.4,0.35,72,90,81,20.32700092369096,17.29894444715733,0.851032796825209,,,
torus_minus1,RGA Fall 2018 torus-1,5,3,3,5,3.5,4,3.6775,0.2,0.25,0.238859375,10.604,0.4086101150215446,0.3,0.4,0.35,90,108,99,3.097097942778847,4.666517034815135,1.506738605311313,,,
torus_minus1,RGA Fall 2018 torus-1,5,3,3,6,3.5,4,3.6775,0.2,0.25,0.238859375,10.604,0.4086101150215446,0.3,0.4,0.35,108,126,117,6.228993397830815,9.736474310622544,1.563089521657412,,,
torus_minus1,RGA Fall 2018 torus-1,5,3,3,7,3.5,4,3.6775,0.2,0.25,0.238859375,10.604,0.4086101150215446,0.3,0.4,0.35,126,144,135,6.889324049306563,7.941854481365676,1.152777024933971,,,
torus_minus1,RGA Fall 2018 torus-1,5,3,3,8,3.5,4,3.6775,0.2,0.25,0.238859375,10.604,0.4086101150215446,0.3,0.4,0.35,144,162,153,10.64584627539158,10.91112825538117,1.024918824969585,,,
torus_minus1,RGA Fall 2018 torus-1,5,3,3,9,3.5,4,3.6775,0.2,0.25,0.238859375,10.604,0.4086101150215446,0.3,0.4,0.35,162,180,171,7.139547249043644,5.679660478215492,0.7955210996014199,,,
torus_minus1,RGA Fall 2018 torus-1,5,3,3,10,3.5,4,3.6775,0.2,0.25,0.238859375,10.604,0.4086101150215446,0.3,0.4,0.35,180,198,189,4.85885268506062,5.914194212733735,1.21719973748493,,,
torus_minus1,RGA Fall 2018 torus-1,5,3,3,13,3.5,4,3.6775,0.2,0.25,0.238859375,10.604,0.4086101150215446,0.3,0.4,0.35,234,252,243,13.37633191988582,13.5853820267091,1.015628358213248,,,
torus_minus1,RGA Fall 2018 torus-1,5,3,3,14,3.5,4,3.6775,0.2,0.25,0.238859375,10.604,0.4086101150215446,0.3,0.4,0.35,252,270,261,7.911160351284023,13.48959170383241,1.705134405680828,,,
torus_minus1,RGA Fall 2018 torus-1,5,3,3,15,3.5,4,3.6775,0.2,0.25,0.238859375,10.604,0.4086101150215446,0.3,0.4,0.35,270,288,279,8.408405916660609,8.670150307459835,1.031128895701931,,,
torus_minus1,RGA Fall 2018 torus-1,5,3,3,17,3.5,4,3.6775,0.2,0.25,0.238859375,10.604,0.4086101150215446,0.3,0.4,0.35,306,324,315,3.395879868045295,4.888964934431889,1.439675466860973,,,
torus_minus1,RGA Fall 2018 torus-1,5,3,3,18,3.5,4,3.6775,0.2,0.25,0.238859375,10.604,0.4086101150215446,0.3,0.4,0.35,324,342,333,4.848371162434116,2.678978095233888,0.552552188246436,,,
torus_minus1,RGA Fall 2018 torus-1,5,3,3,19,3.5,4,3.6775,0.2,0.25,0.238859375,10.604,0.4086101150215446,0.3,0.4,0.35,342,360,351,2.969135444097325,3.256812679863725,1.096889226235302,,,
torus_minus1,RGA Fall 2018 torus-1,5,3,4,0,3.5,4,3.6775,0.2,0.25,0.238859375,10.604,0.4086101150215446,0.4,0.6,0.5,0,18,9,1.507507334299095,1.823551349854592,1.209646751537988,,,
torus_minus1,RGA Fall 2018 torus-1,5,3,4,1,3.5,4,3.6775,0.2,0.25,0.238859375,10.604,0.4086101150215446,0.4,0.6,0.5,18,36,27,3.268582336873568,2.005123878829383,0.6134536848618305,,,
torus_minus1,RGA Fall 2018 torus-1,5,3,4,2,3.5,4,3.6775,0.2,0.25,0.238859375,10.604,0.4086101150215446,0.4,0.6,0.5,36,54,45,12.20895733202705,9.191633221703455,0.7528598038090913,,,
torus_minus1,RGA Fall 2018 torus-1,5,3,4,4,3.5,4,3.6775,0.2,0.25,0.238859375,10.604,0.4086101150215446,0.4,0.6,0.5,72,90,81,2.389618559953059,3.015331488719177,1.261846362951922,,,
torus_minus1,RGA Fall 2018 torus-1,5,3,4,5,3.5,4,3.6775,0.2,0.25,0.238859375,10.604,0.4086101150215446,0.4,0.6,0.5,90,108,99,7.624063281169622,4.214484926722588,0.5527872436646454,,,
torus_minus1,RGA Fall 2018 torus-1,5,3,4,6,3.5,4,3.6775,0.2,0.25,0.238859375,10.604,0.4086101150215446,0.4,0.6,0.5,108,126,117,14.73455289926788,10.65391043867241,0.7230562414419626,,,
torus_minus1,RGA Fall 2018 torus-1,5,3,4,7,3.5,4,3.6775,0.2,0.25,0.238859375,10.604,0.4086101150215446,0.4,0.6,0.5,126,144,135,4.518391355998004,3.0029488161559,0.6646057367672662,,,
torus_minus1,RGA Fall 2018 torus-1,5,3,4,8,3.5,4,3.6775,0.2,0.25,0.238859375,10.604,0.4086101150215446,0.4,0.6,0.5,144,162,153,6.361714244405513,3.932398645476102,0.6181350646068786,,,
torus_minus1,RGA Fall 2018 torus-1,5,3,4,9,3.5,4,3.6775,0.2,0.25,0.238859375,10.604,0.4086101150215446,0.4,0.6,0.5,162,180,171,1.96895987721813,1.745952506153014,0.8867384888613397,,,
torus_minus1,RGA Fall 2018 torus-1,5,3,4,10,3.5,4,3.6775,0.2,0.25,0.238859375,10.604,0.4086101150215446,0.4,0.6,0.5,180,198,189,5.709662970120219,4.145023486892145,0.7259664026727782,,,
torus_minus1,RGA Fall 2018 torus-1,5,3,4,11,3.5,4,3.6775,0.2,0.25,0.238859375,10.604,0.4086101150215446,0.4,0.6,0.5,198,216,207,1.676782235577542,1.870205392252364,1.115353772583475,,,
torus_minus1,RGA Fall 2018 torus-1,5,3,4,13,3.5,4,3.6775,0.2,0.25,0.238859375,10.604,0.4086101150215446,0.4,0.6,0.5,234,252,243,6.482548565698507,4.470276531219279,0.6895862770505289,,,
torus_minus1,RGA Fall 2018 torus-1,5,3,4,14,3.5,4,3.6775,0.2,0.25,0.238859375,10.604,0.4086101150215446,0.4,0.6,0.5,252,270,261,10.10468280409489,5.055001864050003,0.5002632900066374,,,
torus_minus1,RGA Fall 2018 torus-1,5,3,4,15,3.5,4,3.6775,0.2,0.25,0.238859375,10.604,0.4086101150215446,0.4,0.6,0.5,270,288,279,8.29559162007849,6.752571056633023,0.8139951152235159,,,
torus_minus1,RGA Fall 2018 torus-1,5,3,4,17,3.5,4,3.6775,0.2,0.25,0.238859375,10.604,0.4086101150215446,0.4,0.6,0.5,306,324,315,6.104215233569939,4.876180962027946,0.7988219247597205,,,
torus_minus1,RGA Fall 2018 torus-1,5,3,4,18,3.5,4,3.6775,0.2,0.25,0.238859375,10.604,0.4086101150215446,0.4,0.6,0.5,324,342,333,6.946958529124277,2.810116962916354,0.4045103984909771,,,
torus_minus1,RGA Fall 2018 torus-1,5,3,4,19,3.5,4,3.6775,0.2,0.25,0.238859375,10.604,0.4086101150215446,0.4,0.6,0.5,342,360,351,1.60042939176815,1.930242790260184,1.206078068916028,,,
torus_minus1,RGA Fall 2018 torus-1,5,3,5,1,3.5,4,3.6775,0.2,0.25,0.238859375,10.604,0.4086101150215446,0.6,1,0.8,18,36,27,2.226235023848268,1.336126045016245,0.600172951509234,,,
torus_minus1,RGA Fall 2018 torus-1,5,3,5,2,3.5,4,3.6775,0.2,0.25,0.238859375,10.604,0.4086101150215446,0.6,1,0.8,36,54,45,4.462436911200019,2.862901479978722,0.6415556201575168,,,
torus_minus1,RGA Fall 2018 torus-1,5,3,5,3,3.5,4,3.6775,0.2,0.25,0.238859375,10.604,0.4086101150215446,0.6,1,0.8,54,72,63,4.317702111811993,3.530551676759495,0.8176922782840713,,,
torus_minus1,RGA Fall 2018 torus-1,5,3,5,4,3.5,4,3.6775,0.2,0.25,0.238859375,10.604,0.4086101150215446,0.6,1,0.8,72,90,81,1.01184374045731,1.269294406717565,1.254437178357103,,,
torus_minus1,RGA Fall 2018 torus-1,5,3,5,5,3.5,4,3.6775,0.2,0.25,0.238859375,10.604,0.4086101150215446,0.6,1,0.8,90,108,99,5.23882250204349,3.253074413693623,0.6209552647421643,,,
torus_minus1,RGA Fall 2018 torus-1,5,3,5,6,3.5,4,3.6775,0.2,0.25,0.238859375,10.604,0.4086101150215446,0.6,1,0.8,108,126,117,2.929057728770014,1.79794306865395,0.613829850806304,,,
torus_minus1,RGA Fall 2018 torus-1,5,3,5,7,3.5,4,3.6775,0.2,0.25,0.238859375,10.604,0.4086101150215446,0.6,1,0.8,126,144,135,3.437707365093681,2.318244205678233,0.6743576341655998,,,
torus_minus1,RGA Fall 2018 torus-1,5,3,5,8,3.5,4,3.6775,0.2,0.25,0.238859375,10.604,0.4086101150215446,0.6,1,0.8,144,162,153,2.727207634384162,1.927314854988456,0.7066989805576971,,,
torus_minus1,RGA Fall 2018 torus-1,5,3,5,9,3.5,4,3.6775,0.2,0.25,0.238859375,10.604,0.4086101150215446,0.6,1,0.8,162,180,171,2.041040301288388,1.453436743694322,0.7121058524796663,,,
torus_minus1,RGA Fall 2018 torus-1,5,3,5,11,3.5,4,3.6775,0.2,0.25,0.238859375,10.604,0.4086101150215446,0.6,1,0.8,198,216,207,4.62196082074558,4.079396718276987,0.882611704531699,,,
torus_minus1,RGA Fall 2018 torus-1,5,3,5,12,3.5,4,3.6775,0.2,0.25,0.238859375,10.604,0.4086101150215446,0.6,1,0.8,216,234,225,17.00665545249703,8.560045248134269,0.5033350191661246,,,
torus_minus1,RGA Fall 2018 torus-1,5,3,5,13,3.5,4,3.6775,0.2,0.25,0.238859375,10.604,0.4086101150215446,0.6,1,0.8,234,252,243,1.871242818729426,1.295154476087331,0.692135976755139,,,
torus_minus1,RGA Fall 2018 torus-1,5,3,5,14,3.5,4,3.6775,0.2,0.25,0.238859375,10.604,0.4086101150215446,0.6,1,0.8,252,270,261,6.107047989274136,2.712723896061519,0.4441956082260857,,,
torus_minus1,RGA Fall 2018 torus-1,5,3,5,15,3.5,4,3.6775,0.2,0.25,0.238859375,10.604,0.4086101150215446,0.6,1,0.8,270,288,279,0.9596084383076651,0.7060921895985812,0.7358128184489738,,,
torus_minus1,RGA Fall 2018 torus-1,5,3,5,16,3.5,4,3.6775,0.2,0.25,0.238859375,10.604,0.4086101150215446,0.6,1,0.8,288,306,297,4.068608904767307,3.701461472491673,0.9097609426540271,,,
torus_minus1,RGA Fall 2018 torus-1,5,3,5,17,3.5,4,3.6775,0.2,0.25,0.238859375,10.604,0.4086101150215446,0.6,1,0.8,306,324,315,4.996886906448965,3.102725963437894,0.620931796441806,,,
torus_minus1,RGA Fall 2018 torus-1,5,3,5,18,3.5,4,3.6775,0.2,0.25,0.238859375,10.604,0.4086101150215446,0.6,1,0.8,324,342,333,2.297298016390318,1.242703959707266,0.5409415543133986,,,
torus_minus1,RGA Fall 2018 torus-1,5,3,6,1,3.5,4,3.6775,0.2,0.25,0.238859375,10.604,0.4086101150215446,1,1.5,1.25,18,36,27,0.7661523373903129,0.5974116567951681,0.7797557060650451,,,
torus_minus1,RGA Fall 2018 torus-1,5,3,6,3,3.5,4,3.6775,0.2,0.25,0.238859375,10.604,0.4086101150215446,1,1.5,1.25,54,72,63,2.28403538207396,2.371527718274692,1.038306033648781,,,
torus_minus1,RGA Fall 2018 torus-1,5,3,6,4,3.5,4,3.6775,0.2,0.25,0.238859375,10.604,0.4086101150215446,1,1.5,1.25,72,90,81,0.7605988935998136,0.9434969161683994,1.240465801498808,,,
torus_minus1,RGA Fall 2018 torus-1,5,3,6,5,3.5,4,3.6775,0.2,0.25,0.238859375,10.604,0.4086101150215446,1,1.5,1.25,90,108,99,4.440055446713031,3.626571325776073,0.8167851436316679,,,
torus_minus1,RGA Fall 2018 torus-1,5,3,6,6,3.5,4,3.6775,0.2,0.25,0.238859375,10.604,0.4086101150215446,1,1.5,1.25,108,126,117,1.812308838947871,2.173461170091674,1.199277475992154,,,
torus_minus1,RGA Fall 2018 torus-1,5,3,6,7,3.5,4,3.6775,0.2,0.25,0.238859375,10.604,0.4086101150215446,1,1.5,1.25,126,144,135,1.361021570962347,1.263757539003715,0.9285360099841333,,,
torus_minus1,RGA Fall 2018 torus-1,5,3,6,8,3.5,4,3.6775,0.2,0.25,0.238859375,10.604,0.4086101150215446,1,1.5,1.25,144,162,153,1.127092166012386,0.7852917190759797,0.6967413515562931,,,
torus_minus1,RGA Fall 2018 torus-1,5,3,6,9,3.5,4,3.6775,0.2,0.25,0.238859375,10.604,0.4086101150215446,1,1.5,1.25,162,180,171,0.5546826724323963,0.7371766273983501,1.329006049829681,,,
torus_minus1,RGA Fall 2018 torus-1,5,3,6,10,3.5,4,3.6775,0.2,0.25,0.238859375,10.604,0.4086101150215446,1,1.5,1.25,180,198,189,0.6880429692841775,0.8972517548455077,1.304063546756369,,,
torus_minus1,RGA Fall 2018 torus-1,5,3,6,11,3.5,4,3.6775,0.2,0.25,0.238859375,10.604,0.4086101150215446,1,1.5,1.25,198,216,207,0.8330671775100125,1.105950879320707,1.327565062191416,,,
torus_minus1,RGA Fall 2018 torus-1,5,3,6,13,3.5,4,3.6775,0.2,0.25,0.238859375,10.604,0.4086101150215446,1,1.5,1.25,234,252,243,0.6217240519243964,0.7622327425154326,1.225998479801651,,,
torus_minus1,RGA Fall 2018 torus-1,5,3,6,14,3.5,4,3.6775,0.2,0.25,0.238859375,10.604,0.4086101150215446,1,1.5,1.25,252,270,261,1.615187059585319,1.018267983002255,0.6304334702035584,,,
torus_minus1,RGA Fall 2018 torus-1,5,3,6,15,3.5,4,3.6775,0.2,0.25,0.238859375,10.604,0.4086101150215446,1,1.5,1.25,270,288,279,6.331901836129944,4.4676877230334,0.7055838575292963,,,
torus_minus1,RGA Fall 2018 torus-1,5,3,6,16,3.5,4,3.6775,0.2,0.25,0.238859375,10.604,0.4086101150215446,1,1.5,1.25,288,306,297,0.4188696082545125,1.379843301254813,3.29420725223969,,,
torus_minus1,RGA Fall 2018 torus-1,5,3,6,17,3.5,4,3.6775,0.2,0.25,0.238859375,10.604,0.4086101150215446,1,1.5,1.25,306,324,315,3.83758347229211,3.266946814495712,0.8513031281491401,,,
torus_minus1,RGA Fall 2018 torus-1,5,3,6,18,3.5,4,3.6775,0.2,0.25,0.238859375,10.604,0.4086101150215446,1,1.5,1.25,324,342,333,0.4764286839407065,0.5834213451448544,1.224572249343122,,,
torus_minus1,RGA Fall 2018 torus-1,5,3,7,3,3.5,4,3.6775,0.2,0.25,0.238859375,10.604,0.4086101150215446,1.5,2,1.75,54,72,63,0.3071814483875099,0.4055694041533145,1.320292635776911,,,
torus_minus1,RGA Fall 2018 torus-1,5,3,7,4,3.5,4,3.6775,0.2,0.25,0.238859375,10.604,0.4086101150215446,1.5,2,1.75,72,90,81,4.303651789133673,4.582634467586594,1.064824640124772,,,
torus_minus1,RGA Fall 2018 torus-1,5,3,7,5,3.5,4,3.6775,0.2,0.25,0.238859375,10.604,0.4086101150215446,1.5,2,1.75,90,108,99,1.000614669246482,1.548224054104303,1.547272992979607,,,
torus_minus1,RGA Fall 2018 torus-1,5,3,7,7,3.5,4,3.6775,0.2,0.25,0.238859375,10.604,0.4086101150215446,1.5,2,1.75,126,144,135,0.4727104396748916,0.7523722026377634,1.591613257272698,,,
torus_minus1,RGA Fall 2018 torus-1,5,3,7,8,3.5,4,3.6775,0.2,0.25,0.238859375,10.604,0.4086101150215446,1.5,2,1.75,144,162,153,0.1983648307004802,0.2421188000075259,1.220573219317853,,,
torus_minus1,RGA Fall 2018 torus-1,5,3,7,9,3.5,4,3.6775,0.2,0.25,0.238859375,10.604,0.4086101150215446,1.5,2,1.75,162,180,171,0.5058819550131896,0.4530296098371062,0.8955243517735172,,,
torus_minus1,RGA Fall 2018 torus-1,5,3,7,10,3.5,4,3.6775,0.2,0.25,0.238859375,10.604,0.4086101150215446,1.5,2,1.75,180,198,189,1.177363642481482,1.837211512977086,1.560445258106381,,,
torus_minus1,RGA Fall 2018 torus-1,5,3,7,11,3.5,4,3.6775,0.2,0.25,0.238859375,10.604,0.4086101150215446,1.5,2,1.75,198,216,207,0.3367078004246751,0.4460425011739858,1.324716863141904,,,
torus_minus1,RGA Fall 2018 torus-1,5,3,7,12,3.5,4,3.6775,0.2,0.25,0.238859375,10.604,0.4086101150215446,1.5,2,1.75,216,234,225,0.8667211500794356,1.059112184179875,1.221975700123167,,,
torus_minus1,RGA Fall 2018 torus-1,5,3,7,14,3.5,4,3.6775,0.2,0.25,0.238859375,10.604,0.4086101150215446,1.5,2,1.75,252,270,261,2.974242245107684,2.334646837129642,0.7849551733621869,,,
torus_minus1,RGA Fall 2018 torus-1,5,3,7,15,3.5,4,3.6775,0.2,0.25,0.238859375,10.604,0.4086101150215446,1.5,2,1.75,270,288,279,2.288003065039304,3.072937945397259,1.343065484636696,,,
torus_minus1,RGA Fall 2018 torus-1,5,3,7,16,3.5,4,3.6775,0.2,0.25,0.238859375,10.604,0.4086101150215446,1.5,2,1.75,288,306,297,1.426832098527729,2.154724359438569,1.510145700858505,,,
torus_minus1,RGA Fall 2018 torus-1,5,4,1,0,3.5,4,3.75,0.25,0.3,0.275,10.604,0.5492040799138768,0.15,0.2,0.175,0,18,9,9.804776598147264,10.1063907823309,1.03076196394323,,,
torus_minus1,RGA Fall 2018 torus-1,5,4,1,18,3.5,4,3.75,0.25,0.3,0.275,10.604,0.5492040799138768,0.15,0.2,0.175,324,342,333,9.934327173527878,10.79219002601918,1.086353392384465,,,
torus_minus1,RGA Fall 2018 torus-1,5,4,2,0,3.5,4,3.75,0.25,0.3,0.275,10.604,0.5492040799138768,0.2,0.3,0.25,0,18,9,15.05708109384999,9.387700502035626,0.6234741277889508,,,
torus_minus1,RGA Fall 2018 torus-1,5,4,2,1,3.5,4,3.75,0.25,0.3,0.275,10.604,0.5492040799138768,0.2,0.3,0.25,18,36,27,3.365790648348041,2.613380238174892,0.7764535918054088,,,
torus_minus1,RGA Fall 2018 torus-1,5,4,2,2,3.5,4,3.75,0.25,0.3,0.275,10.604,0.5492040799138768,0.2,0.3,0.25,36,54,45,5.853481811451149,3.643959520055597,0.6225285458181369,,,
torus_minus1,RGA Fall 2018 torus-1,5,4,2,3,3.5,4,3.75,0.25,0.3,0.275,10.604,0.5492040799138768,0.2,0.3,0.25,54,72,63,14.30356025004019,7.499864546601286,0.5243355091666924,,,
torus_minus1,RGA Fall 2018 torus-1,5,4,2,4,3.5,4,3.75,0.25,0.3,0.275,10.604,0.5492040799138768,0.2,0.3,0.25,72,90,81,10.06137379170258,6.898763630604281,0.6856681575923123,,,
torus_minus1,RGA Fall 2018 torus-1,5,4,2,5,3.5,4,3.75,0.25,0.3,0.275,10.604,0.5492040799138768,0.2,0.3,0.25,90,108,99,6.557345263410293,2.868420943992944,0.4374363143570631,,,
torus_minus1,RGA Fall 2018 torus-1,5,4,2,6,3.5,4,3.75,0.25,0.3,0.275,10.604,0.5492040799138768,0.2,0.3,0.25,108,126,117,7.150956188011076,3.40687492678129,0.4764222905592794,,,
torus_minus1,RGA Fall 2018 torus-1,5,4,2,7,3.5,4,3.75,0.25,0.3,0.275,10.604,0.5492040799138768,0.2,0.3,0.25,126,144,135,16.41682931378834,9.09006835859517,0.5537042619405507,,,
torus_minus1,RGA Fall 2018 torus-1,5,4,2,8,3.5,4,3.75,0.25,0.3,0.275,10.604,0.5492040799138768,0.2,0.3,0.25,144,162,153,7.507497507643847,5.583024291993958,0.7436598262349786,,,
torus_minus1,RGA Fall 2018 torus-1,5,4,2,9,3.5,4,3.75,0.25,0.3,0.275,10.604,0.5492040799138768,0.2,0.3,0.25,162,180,171,6.638659900936204,3.173131044354961,0.4779776478544226,,,
torus_minus1,RGA Fall 2018 torus-1,5,4,2,10,3.5,4,3.75,0.25,0.3,0.275,10.604,0.5492040799138768,0.2,0.3,0.25,180,198,189,2.530202001971557,2.266534077859845,0.8957917494704931,,,
torus_minus1,RGA Fall 2018 torus-1,5,4,2,11,3.5,4,3.75,0.25,0.3,0.275,10.604,0.5492040799138768,0.2,0.3,0.25,198,216,207,4.051787509769026,4.714311934739239,1.163514109111803,,,
torus_minus1,RGA Fall 2018 torus-1,5,4,2,12,3.5,4,3.75,0.25,0.3,0.275,10.604,0.5492040799138768,0.2,0.3,0.25,216,234,225,11.02695363274513,7.38137978607835,0.6693942889320714,,,
torus_minus1,RGA Fall 2018 torus-1,5,4,2,13,3.5,4,3.75,0.25,0.3,0.275,10.604,0.5492040799138768,0.2,0.3,0.25,234,252,243,3.721162927093193,4.129423209255266,1.109713089741273,,,
torus_minus1,RGA Fall 2018 torus-1,5,4,2,15,3.5,4,3.75,0.25,0.3,0.275,10.604,0.5492040799138768,0.2,0.3,0.25,270,288,279,6.054646773630311,4.695174318005708,0.7754662647628781,,,
torus_minus1,RGA Fall 2018 torus-1,5,4,2,18,3.5,4,3.75,0.25,0.3,0.275,10.604,0.5492040799138768,0.2,0.3,0.25,324,342,333,3.222367368898993,4.228558751148185,1.312252225478867,,,
torus_minus1,RGA Fall 2018 torus-1,5,4,2,19,3.5,4,3.75,0.25,0.3,0.275,10.604,0.5492040799138768,0.2,0.3,0.25,342,360,351,9.40339774983827,5.824731739729794,0.6194284124405962,,,
torus_minus1,RGA Fall 2018 torus-1,5,4,3,0,3.5,4,3.75,0.25,0.3,0.275,10.604,0.5492040799138768,0.3,0.4,0.35,0,18,9,10.16735764714644,4.937724094524457,0.4856447727999686,,,
torus_minus1,RGA Fall 2018 torus-1,5,4,3,1,3.5,4,3.75,0.25,0.3,0.275,10.604,0.5492040799138768,0.3,0.4,0.35,18,36,27,14.20800071319367,7.411955489640945,0.5216747689742259,,,
torus_minus1,RGA Fall 2018 torus-1,5,4,3,2,3.5,4,3.75,0.25,0.3,0.275,10.604,0.5492040799138768,0.3,0.4,0.35,36,54,45,8.579076879528062,4.531588646906113,0.5282140153936232,,,
torus_minus1,RGA Fall 2018 torus-1,5,4,3,3,3.5,4,3.75,0.25,0.3,0.275,10.604,0.5492040799138768,0.3,0.4,0.35,54,72,63,17.58396702986087,9.647671250699789,0.5486629515578728,,,
torus_minus1,RGA Fall 2018 torus-1,5,4,3,4,3.5,4,3.75,0.25,0.3,0.275,10.604,0.5492040799138768,0.3,0.4,0.35,72,90,81,15.17213250710123,6.215079788653497,0.4096378531985905,,,
torus_minus1,RGA Fall 2018 torus-1,5,4,3,5,3.5,4,3.75,0.25,0.3,0.275,10.604,0.5492040799138768,0.3,0.4,0.35,90,108,99,17.08482729181209,5.68460010571416,0.3327279818882634,,,
torus_minus1,RGA Fall 2018 torus-1,5,4,3,6,3.5,4,3.75,0.25,0.3,0.275,10.604,0.5492040799138768,0.3,0.4,0.35,108,126,117,6.459107944092963,3.088759332265526,0.478202154074586,,,
torus_minus1,RGA Fall 2018 torus-1,5,4,3,7,3.5,4,3.75,0.25,0.3,0.275,10.604,0.5492040799138768,0.3,0.4,0.35,126,144,135,13.13485445299207,3.495615759618085,0.2661328126724539,,,
torus_minus1,RGA Fall 2018 torus-1,5,4,3,8,3.5,4,3.75,0.25,0.3,0.275,10.604,0.5492040799138768,0.3,0.4,0.35,144,162,153,7.695849020332406,2.923447263265031,0.3798732609672167,,,
torus_minus1,RGA Fall 2018 torus-1,5,4,3,9,3.5,4,3.75,0.25,0.3,0.275,10.604,0.5492040799138768,0.3,0.4,0.35,162,180,171,4.500432486340549,1.870419204609604,0.4156087687764658,,,
torus_minus1,RGA Fall 2018 torus-1,5,4,3,10,3.5,4,3.75,0.25,0.3,0.275,10.604,0.5492040799138768,0.3,0.4,0.35,180,198,189,6.212293067235434,2.369686468344328,0.3814511715235087,,,
torus_minus1,RGA Fall 2018 torus-1,5,4,3,11,3.5,4,3.75,0.25,0.3,0.275,10.604,0.5492040799138768,0.3,0.4,0.35,198,216,207,3.885617860995224,3.135777977441526,0.8070217117641,,,
torus_minus1,RGA Fall 2018 torus-1,5,4,3,12,3.5,4,3.75,0.25,0.3,0.275,10.604,0.5492040799138768,0.3,0.4,0.35,216,234,225,6.246110929155861,3.844857918567323,0.6155603001893758,,,
torus_minus1,RGA Fall 2018 torus-1,5,4,3,13,3.5,4,3.75,0.25,0.3,0.275,10.604,0.5492040799138768,0.3,0.4,0.35,234,252,243,5.069039381523807,2.893548081113586,0.5708276979777093,,,
torus_minus1,RGA Fall 2018 torus-1,5,4,3,14,3.5,4,3.75,0.25,0.3,0.275,10.604,0.5492040799138768,0.3,0.4,0.35,252,270,261,4.091823786633562,3.116434842791038,0.7616248903413803,,,
torus_minus1,RGA Fall 2018 torus-1,5,4,3,15,3.5,4,3.75,0.25,0.3,0.275,10.604,0.5492040799138768,0.3,0.4,0.35,270,288,279,12.02982768370187,6.1142561323331,0.5082579977946612,,,
torus_minus1,RGA Fall 2018 torus-1,5,4,3,16,3.5,4,3.75,0.25,0.3,0.275,10.604,0.5492040799138768,0.3,0.4,0.35,288,306,297,7.328551848458406,6.9822184634243,0.9527419069693888,,,
torus_minus1,RGA Fall 2018 torus-1,5,4,3,18,3.5,4,3.75,0.25,0.3,0.275,10.604,0.5492040799138768,0.3,0.4,0.35,324,342,333,11.34564420495749,8.651828266767568,0.7625682694145427,,,
torus_minus1,RGA Fall 2018 torus-1,5,4,3,19,3.5,4,3.75,0.25,0.3,0.275,10.604,0.5492040799138768,0.3,0.4,0.35,342,360,351,6.882575275047325,4.114246501254837,0.5977771890372165,,,
torus_minus1,RGA Fall 2018 torus-1,5,4,4,0,3.5,4,3.75,0.25,0.3,0.275,10.604,0.5492040799138768,0.4,0.6,0.5,0,18,9,5.118080901681573,1.585329936140926,0.3097508551730899,,,
torus_minus1,RGA Fall 2018 torus-1,5,4,4,1,3.5,4,3.75,0.25,0.3,0.275,10.604,0.5492040799138768,0.4,0.6,0.5,18,36,27,8.550602542375945,3.614299882082333,0.4226953438860265,,,
torus_minus1,RGA Fall 2018 torus-1,5,4,4,2,3.5,4,3.75,0.25,0.3,0.275,10.604,0.5492040799138768,0.4,0.6,0.5,36,54,45,16.77117625290775,6.595512309543353,0.3932647424416542,,,
torus_minus1,RGA Fall 2018 torus-1,5,4,4,3,3.5,4,3.75,0.25,0.3,0.275,10.604,0.5492040799138768,0.4,0.6,0.5,54,72,63,4.309265583444196,3.402277420380166,0.7895260467239255,,,
torus_minus1,RGA Fall 2018 torus-1,5,4,4,4,3.5,4,3.75,0.25,0.3,0.275,10.604,0.5492040799138768,0.4,0.6,0.5,72,90,81,4.046088840038186,1.672218354377473,0.4132925450944106,,,
torus_minus1,RGA Fall 2018 torus-1,5,4,4,5,3.5,4,3.75,0.25,0.3,0.275,10.604,0.5492040799138768,0.4,0.6,0.5,90,108,99,7.431170117763049,1.971907662884761,0.2653562805904853,,,
torus_minus1,RGA Fall 2018 torus-1,5,4,4,6,3.5,4,3.75,0.25,0.3,0.275,10.604,0.5492040799138768,0.4,0.6,0.5,108,126,117,5.238536326001933,1.640605270994925,0.3131800886540841,,,
torus_minus1,RGA Fall 2018 torus-1,5,4,4,7,3.5,4,3.75,0.25,0.3,0.275,10.604,0.5492040799138768,0.4,0.6,0.5,126,144,135,5.397704545229092,1.464870274587705,0.2713876356723657,,,
torus_minus1,RGA Fall 2018 torus-1,5,4,4,8,3.5,4,3.75,0.25,0.3,0.275,10.604,0.5492040799138768,0.4,0.6,0.5,144,162,153,3.718687817824957,1.07922244713074,0.2902159309952433,,,
torus_minus1,RGA Fall 2018 torus-1,5,4,4,9,3.5,4,3.75,0.25,0.3,0.275,10.604,0.5492040799138768,0.4,0.6,0.5,162,180,171,4.597950537918456,1.381891948458305,0.3005451966179485,,,
torus_minus1,RGA Fall 2018 torus-1,5,4,4,10,3.5,4,3.75,0.25,0.3,0.275,10.604,0.5492040799138768,0.4,0.6,0.5,180,198,189,3.285625840503594,1.046585917244118,0.3185347230784215,,,
torus_minus1,RGA Fall 2018 torus-1,5,4,4,11,3.5,4,3.75,0.25,0.3,0.275,10.604,0.5492040799138768,0.4,0.6,0.5,198,216,207,2.54224577303318,1.184610306895829,0.4659700173215188,,,
torus_minus1,RGA Fall 2018 torus-1,5,4,4,12,3.5,4,3.75,0.25,0.3,0.275,10.604,0.5492040799138768,0.4,0.6,0.5,216,234,225,3.551267649958929,1.481278671907595,0.417112653259105,,,
torus_minus1,RGA Fall 2018 torus-1,5,4,4,13,3.5,4,3.75,0.25,0.3,0.275,10.604,0.5492040799138768,0.4,0.6,0.5,234,252,243,9.082148568717111,3.854435564193574,0.4243968852777782,,,
torus_minus1,RGA Fall 2018 torus-1,5,4,4,14,3.5,4,3.75,0.25,0.3,0.275,10.604,0.5492040799138768,0.4,0.6,0.5,252,270,261,7.985298846629634,2.479716925262136,0.3105352689847987,,,
torus_minus1,RGA Fall 2018 torus-1,5,4,4,15,3.5,4,3.75,0.25,0.3,0.275,10.604,0.5492040799138768,0.4,0.6,0.5,270,288,279,7.662803024692137,2.714958088455973,0.3543035204881898,,,
torus_minus1,RGA Fall 2018 torus-1,5,4,4,16,3.5,4,3.75,0.25,0.3,0.275,10.604,0.5492040799138768,0.4,0.6,0.5,288,306,297,5.488079077971241,2.618350763786042,0.4770978563876596,,,
torus_minus1,RGA Fall 2018 torus-1,5,4,4,17,3.5,4,3.75,0.25,0.3,0.275,10.604,0.5492040799138768,0.4,0.6,0.5,306,324,315,8.715368736401029,3.922630383115615,0.4500819760766023,,,
torus_minus1,RGA Fall 2018 torus-1,5,4,4,18,3.5,4,3.75,0.25,0.3,0.275,10.604,0.5492040799138768,0.4,0.6,0.5,324,342,333,5.047082378116034,2.31320006377649,0.4583242139669528,,,
torus_minus1,RGA Fall 2018 torus-1,5,4,4,19,3.5,4,3.75,0.25,0.3,0.275,10.604,0.5492040799138768,0.4,0.6,0.5,342,360,351,1.623742261746871,0.798235017494497,0.4916020456570068,,,
torus_minus1,RGA Fall 2018 torus-1,5,4,5,0,3.5,4,3.75,0.25,0.3,0.275,10.604,0.5492040799138768,0.6,1,0.8,0,18,9,2.123540227005001,0.8214724295631337,0.3868410021700988,,,
torus_minus1,RGA Fall 2018 torus-1,5,4,5,1,3.5,4,3.75,0.25,0.3,0.275,10.604,0.5492040799138768,0.6,1,0.8,18,36,27,3.064628332101195,1.078645996592766,0.3519663331746387,,,
torus_minus1,RGA Fall 2018 torus-1,5,4,5,2,3.5,4,3.75,0.25,0.3,0.275,10.604,0.5492040799138768,0.6,1,0.8,36,54,45,4.882582350005897,2.434579818508953,0.4986254494009738,,,
torus_minus1,RGA Fall 2018 torus-1,5,4,5,3,3.5,4,3.75,0.25,0.3,0.275,10.604,0.5492040799138768,0.6,1,0.8,54,72,63,1.549070820380706,1.204444489071357,0.7775270654025668,,,
torus_minus1,RGA Fall 2018 torus-1,5,4,5,4,3.5,4,3.75,0.25,0.3,0.275,10.604,0.5492040799138768,0.6,1,0.8,72,90,81,3.698541668307078,1.299143884534196,0.3512584150846809,,,
torus_minus1,RGA Fall 2018 torus-1,5,4,5,5,3.5,4,3.75,0.25,0.3,0.275,10.604,0.5492040799138768,0.6,1,0.8,90,108,99,7.12361099627631,1.786304824316713,0.25075833383525,,,
torus_minus1,RGA Fall 2018 torus-1,5,4,5,6,3.5,4,3.75,0.25,0.3,0.275,10.604,0.5492040799138768,0.6,1,0.8,108,126,117,4.662381866153033,1.342110755250907,0.2878594662084796,,,
torus_minus1,RGA Fall 2018 torus-1,5,4,5,7,3.5,4,3.75,0.25,0.3,0.275,10.604,0.5492040799138768,0.6,1,0.8,126,144,135,3.308317402851781,0.9019573004948517,0.2726332424202592,,,
torus_minus1,RGA Fall 2018 torus-1,5,4,5,8,3.5,4,3.75,0.25,0.3,0.275,10.604,0.5492040799138768,0.6,1,0.8,144,162,153,2.225787603725375,0.627488547253608,0.2819175316653573,,,
torus_minus1,RGA Fall 2018 torus-1,5,4,5,9,3.5,4,3.75,0.25,0.3,0.275,10.604,0.5492040799138768,0.6,1,0.8,162,180,171,2.359179439190246,0.5869368502709208,0.2487885578014271,,,
torus_minus1,RGA Fall 2018 torus-1,5,4,5,10,3.5,4,3.75,0.25,0.3,0.275,10.604,0.5492040799138768,0.6,1,0.8,180,198,189,1.979530869077538,0.6341039053119911,0.3203303950533915,,,
torus_minus1,RGA Fall 2018 torus-1,5,4,5,11,3.5,4,3.75,0.25,0.3,0.275,10.604,0.5492040799138768,0.6,1,0.8,198,216,207,3.96753850520564,0.93163962826985,0.2348155227850933,,,
torus_minus1,RGA Fall 2018 torus-1,5,4,5,12,3.5,4,3.75,0.25,0.3,0.275,10.604,0.5492040799138768,0.6,1,0.8,216,234,225,2.444324912093853,0.9506639491849223,0.388926997585835,,,
torus_minus1,RGA Fall 2018 torus-1,5,4,5,13,3.5,4,3.75,0.25,0.3,0.275,10.604,0.5492040799138768,0.6,1,0.8,234,252,243,5.326559129763075,1.642714399344304,0.3084006690483078,,,
torus_minus1,RGA Fall 2018 torus-1,5,4,5,14,3.5,4,3.75,0.25,0.3,0.275,10.604,0.5492040799138768,0.6,1,0.8,252,270,261,4.851991551971767,1.084152338972886,0.2234448117561757,,,
torus_minus1,RGA Fall 2018 torus-1,5,4,5,15,3.5,4,3.75,0.25,0.3,0.275,10.604,0.5492040799138768,0.6,1,0.8,270,288,279,5.366021016109785,1.164334395033721,0.2169828242450363,,,
torus_minus1,RGA Fall 2018 torus-1,5,4,5,16,3.5,4,3.75,0.25,0.3,0.275,10.604,0.5492040799138768,0.6,1,0.8,288,306,297,2.923141499058247,0.9604203460564585,0.3285575968066816,,,
torus_minus1,RGA Fall 2018 torus-1,5,4,5,17,3.5,4,3.75,0.25,0.3,0.275,10.604,0.5492040799138768,0.6,1,0.8,306,324,315,3.169179882271272,1.813203280568191,0.5721364352687718,,,
torus_minus1,RGA Fall 2018 torus-1,5,4,5,18,3.5,4,3.75,0.25,0.3,0.275,10.604,0.5492040799138768,0.6,1,0.8,324,342,333,2.573907981804965,0.8045012210742064,0.3125602106840067,,,
torus_minus1,RGA Fall 2018 torus-1,5,4,5,19,3.5,4,3.75,0.25,0.3,0.275,10.604,0.5492040799138768,0.6,1,0.8,342,360,351,1.74513308991879,0.6545777704278257,0.375087593152157,,,
torus_minus1,RGA Fall 2018 torus-1,5,4,6,0,3.5,4,3.75,0.25,0.3,0.275,10.604,0.5492040799138768,1,1.5,1.25,0,18,9,1.130554815975516,0.8993649303833045,0.7955075841300749,,,
torus_minus1,RGA Fall 2018 torus-1,5,4,6,1,3.5,4,3.75,0.25,0.3,0.275,10.604,0.5492040799138768,1,1.5,1.25,18,36,27,0.7138261898834193,0.4930589681167466,0.6907269235908422,,,
torus_minus1,RGA Fall 2018 torus-1,5,4,6,2,3.5,4,3.75,0.25,0.3,0.275,10.604,0.5492040799138768,1,1.5,1.25,36,54,45,1.449579475063222,0.8995583071852531,0.6205650139644947,,,
torus_minus1,RGA Fall 2018 torus-1,5,4,6,3,3.5,4,3.75,0.25,0.3,0.275,10.604,0.5492040799138768,1,1.5,1.25,54,72,63,3.497769891991417,1.298825425629874,0.3713295802001435,,,
torus_minus1,RGA Fall 2018 torus-1,5,4,6,4,3.5,4,3.75,0.25,0.3,0.275,10.604,0.5492040799138768,1,1.5,1.25,72,90,81,1.797034814830898,0.7625807818253938,0.424355040610136,,,
torus_minus1,RGA Fall 2018 torus-1,5,4,6,5,3.5,4,3.75,0.25,0.3,0.275,10.604,0.5492040799138768,1,1.5,1.25,90,108,99,3.882388865790581,1.582688490993133,0.4076584148844261,,,
torus_minus1,RGA Fall 2018 torus-1,5,4,6,6,3.5,4,3.75,0.25,0.3,0.275,10.604,0.5492040799138768,1,1.5,1.25,108,126,117,1.316378016329646,0.5900021051036378,0.448201122918092,,,
torus_minus1,RGA Fall 2018 torus-1,5,4,6,7,3.5,4,3.75,0.25,0.3,0.275,10.604,0.5492040799138768,1,1.5,1.25,126,144,135,2.290317619371169,0.5865860173449252,0.2561155764526576,,,
torus_minus1,RGA Fall 2018 torus-1,5,4,6,8,3.5,4,3.75,0.25,0.3,0.275,10.604,0.5492040799138768,1,1.5,1.25,144,162,153,1.055545396179729,0.3013584885302585,0.2855002632960619,,,
torus_minus1,RGA Fall 2018 torus-1,5,4,6,9,3.5,4,3.75,0.25,0.3,0.275,10.604,0.5492040799138768,1,1.5,1.25,162,180,171,0.7674652896699894,0.2586709976803199,0.3370458588316725,,,
torus_minus1,RGA Fall 2018 torus-1,5,4,6,10,3.5,4,3.75,0.25,0.3,0.275,10.604,0.5492040799138768,1,1.5,1.25,180,198,189,0.716372212042262,0.2958313875052885,0.4129576532036618,,,
torus_minus1,RGA Fall 2018 torus-1,5,4,6,11,3.5,4,3.75,0.25,0.3,0.275,10.604,0.5492040799138768,1,1.5,1.25,198,216,207,1.906552644816882,0.6097993429082812,0.3198439573992726,,,
torus_minus1,RGA Fall 2018 torus-1,5,4,6,12,3.5,4,3.75,0.25,0.3,0.275,10.604,0.5492040799138768,1,1.5,1.25,216,234,225,1.137262707678014,0.460707672671246,0.4051022420421115,,,
torus_minus1,RGA Fall 2018 torus-1,5,4,6,13,3.5,4,3.75,0.25,0.3,0.275,10.604,0.5492040799138768,1,1.5,1.25,234,252,243,3.311754831803048,1.062646654921042,0.3208711722004178,,,
torus_minus1,RGA Fall 2018 torus-1,5,4,6,14,3.5,4,3.75,0.25,0.3,0.275,10.604,0.5492040799138768,1,1.5,1.25,252,270,261,2.663452653304105,0.9002968899157315,0.3380187324895309,,,
torus_minus1,RGA Fall 2018 torus-1,5,4,6,15,3.5,4,3.75,0.25,0.3,0.275,10.604,0.5492040799138768,1,1.5,1.25,270,288,279,3.627935978893579,0.9086706084055719,0.2504648962087505,,,
torus_minus1,RGA Fall 2018 torus-1,5,4,6,16,3.5,4,3.75,0.25,0.3,0.275,10.604,0.5492040799138768,1,1.5,1.25,288,306,297,2.294276588975291,0.8573919302395098,0.3737090525002711,,,
torus_minus1,RGA Fall 2018 torus-1,5,4,6,17,3.5,4,3.75,0.25,0.3,0.275,10.604,0.5492040799138768,1,1.5,1.25,306,324,315,1.186128142458149,1.148368792681877,0.9681658764979476,,,
torus_minus1,RGA Fall 2018 torus-1,5,4,6,18,3.5,4,3.75,0.25,0.3,0.275,10.604,0.5492040799138768,1,1.5,1.25,324,342,333,1.094832734776817,0.4456294802859838,0.4070297371742596,,,
torus_minus1,RGA Fall 2018 torus-1,5,4,6,19,3.5,4,3.75,0.25,0.3,0.275,10.604,0.5492040799138768,1,1.5,1.25,342,360,351,1.693207038481614,0.9293773888687892,0.548885852554812,,,
torus_minus1,RGA Fall 2018 torus-1,5,4,7,0,3.5,4,3.75,0.25,0.3,0.275,10.604,0.5492040799138768,1.5,2,1.75,0,18,9,0.6064181022518226,0.7729090165508763,1.274548061281186,,,
torus_minus1,RGA Fall 2018 torus-1,5,4,7,1,3.5,4,3.75,0.25,0.3,0.275,10.604,0.5492040799138768,1.5,2,1.75,18,36,27,0.2387245745423651,0.3000486704329017,1.256882208327714,,,
torus_minus1,RGA Fall 2018 torus-1,5,4,7,3,3.5,4,3.75,0.25,0.3,0.275,10.604,0.5492040799138768,1.5,2,1.75,54,72,63,1.751745300227185,0.8757015256133316,0.4999023119969331,,,
torus_minus1,RGA Fall 2018 torus-1,5,4,7,4,3.5,4,3.75,0.25,0.3,0.275,10.604,0.5492040799138768,1.5,2,1.75,72,90,81,0.9178825657582521,0.6851567439217718,0.7464535981852666,,,
torus_minus1,RGA Fall 2018 torus-1,5,4,7,5,3.5,4,3.75,0.25,0.3,0.275,10.604,0.5492040799138768,1.5,2,1.75,90,108,99,0.7870068896667989,0.5647261405621358,0.7175618764928833,,,
torus_minus1,RGA Fall 2018 torus-1,5,4,7,6,3.5,4,3.75,0.25,0.3,0.275,10.604,0.5492040799138768,1.5,2,1.75,108,126,117,0.761336015471374,0.4307437430649109,0.5657735012026457,,,
torus_minus1,RGA Fall 2018 torus-1,5,4,7,7,3.5,4,3.75,0.25,0.3,0.275,10.604,0.5492040799138768,1.5,2,1.75,126,144,135,0.6613743903712933,0.3279519086188181,0.4958642387630204,,,
torus_minus1,RGA Fall 2018 torus-1,5,4,7,8,3.5,4,3.75,0.25,0.3,0.275,10.604,0.5492040799138768,1.5,2,1.75,144,162,153,1.195695162532205,0.3368586943187206,0.2817262333029198,,,
torus_minus1,RGA Fall 2018 torus-1,5,4,7,9,3.5,4,3.75,0.25,0.3,0.275,10.604,0.5492040799138768,1.5,2,1.75,162,180,171,0.5496132619475594,0.2577210636576645,0.4689134733474727,,,
torus_minus1,RGA Fall 2018 torus-1,5,4,7,10,3.5,4,3.75,0.25,0.3,0.275,10.604,0.5492040799138768,1.5,2,1.75,180,198,189,0.3957725553183825,0.2463227333241018,0.6223845742056204,,,
torus_minus1,RGA Fall 2018 torus-1,5,4,7,11,3.5,4,3.75,0.25,0.3,0.275,10.604,0.5492040799138768,1.5,2,1.75,198,216,207,0.5013838909816937,0.2456164500377619,0.4898770272751538,,,
torus_minus1,RGA Fall 2018 torus-1,5,4,7,12,3.5,4,3.75,0.25,0.3,0.275,10.604,0.5492040799138768,1.5,2,1.75,216,234,225,0.7197584932865839,0.2982514568562977,0.4143771273811754,,,
torus_minus1,RGA Fall 2018 torus-1,5,4,7,13,3.5,4,3.75,0.25,0.3,0.275,10.604,0.5492040799138768,1.5,2,1.75,234,252,243,1.126891028728369,0.4267015831990738,0.378653811523002,,,
torus_minus1,RGA Fall 2018 torus-1,5,4,7,14,3.5,4,3.75,0.25,0.3,0.275,10.604,0.5492040799138768,1.5,2,1.75,252,270,261,0.4847322919565916,0.3068773955171278,0.6330863460291377,,,
torus_minus1,RGA Fall 2018 torus-1,5,4,7,15,3.5,4,3.75,0.25,0.3,0.275,10.604,0.5492040799138768,1.5,2,1.75,270,288,279,0.9640419514676024,0.4873308254999021,0.5055079032173003,,,
torus_minus1,RGA Fall 2018 torus-1,5,4,7,16,3.5,4,3.75,0.25,0.3,0.275,10.604,0.5492040799138768,1.5,2,1.75,288,306,297,0.7382871276730891,0.4380450637658097,0.5933261563782465,,,
torus_minus1,RGA Fall 2018 torus-1,5,4,7,18,3.5,4,3.75,0.25,0.3,0.275,10.604,0.5492040799138768,1.5,2,1.75,324,342,333,0.4693851387830418,0.447158363803179,0.9526470415371707,,,
torus_minus1,RGA Fall 2018 torus-1,5,4,7,19,3.5,4,3.75,0.25,0.3,0.275,10.604,0.5492040799138768,1.5,2,1.75,342,360,351,0.8577555144637974,0.8525831571698761,0.9939698932776263,,,
torus_minus1,RGA Fall 2018 torus-1,5,5,2,0,3.5,4,3.75,0.3,0.38,0.34,10.604,0.7197768680304458,0.2,0.3,0.25,0,18,9,28.92361587777446,9.448873679550541,0.3266836940263497,,,
torus_minus1,RGA Fall 2018 torus-1,5,5,2,1,3.5,4,3.75,0.3,0.38,0.34,10.604,0.7197768680304458,0.2,0.3,0.25,18,36,27,14.45407023687332,5.837361468612976,0.403855894772219,,,
torus_minus1,RGA Fall 2018 torus-1,5,5,2,2,3.5,4,3.75,0.3,0.38,0.34,10.604,0.7197768680304458,0.2,0.3,0.25,36,54,45,12.82654749609934,4.226732352712511,0.3295300121874492,,,
torus_minus1,RGA Fall 2018 torus-1,5,5,2,3,3.5,4,3.75,0.3,0.38,0.34,10.604,0.7197768680304458,0.2,0.3,0.25,54,72,63,23.09768970388496,5.758903706209255,0.2493281267537604,,,
torus_minus1,RGA Fall 2018 torus-1,5,5,2,4,3.5,4,3.75,0.3,0.38,0.34,10.604,0.7197768680304458,0.2,0.3,0.25,72,90,81,15.69857156802571,4.202917429654331,0.2677261056168118,,,
torus_minus1,RGA Fall 2018 torus-1,5,5,2,5,3.5,4,3.75,0.3,0.38,0.34,10.604,0.7197768680304458,0.2,0.3,0.25,90,108,99,4.862688152073941,2.625302547637269,0.5398870882800854,,,
torus_minus1,RGA Fall 2018 torus-1,5,5,2,6,3.5,4,3.75,0.3,0.38,0.34,10.604,0.7197768680304458,0.2,0.3,0.25,108,126,117,11.60349045216704,3.567602447506669,0.3074594202678377,,,
torus_minus1,RGA Fall 2018 torus-1,5,5,2,7,3.5,4,3.75,0.3,0.38,0.34,10.604,0.7197768680304458,0.2,0.3,0.25,126,144,135,10.09922515516439,3.911503971682158,0.3873073341356243,,,
torus_minus1,RGA Fall 2018 torus-1,5,5,2,8,3.5,4,3.75,0.3,0.38,0.34,10.604,0.7197768680304458,0.2,0.3,0.25,144,162,153,9.585797805968205,4.64885515081269,0.4849732119238181,,,
torus_minus1,RGA Fall 2018 torus-1,5,5,2,9,3.5,4,3.75,0.3,0.38,0.34,10.604,0.7197768680304458,0.2,0.3,0.25,162,180,171,9.435649493191697,6.741162709733201,0.7144354731062545,,,
torus_minus1,RGA Fall 2018 torus-1,5,5,2,10,3.5,4,3.75,0.3,0.38,0.34,10.604,0.7197768680304458,0.2,0.3,0.25,180,198,189,10.61394052992704,5.033478052094742,0.4742327355144267,,,
torus_minus1,RGA Fall 2018 torus-1,5,5,2,11,3.5,4,3.75,0.3,0.38,0.34,10.604,0.7197768680304458,0.2,0.3,0.25,198,216,207,11.65112340111555,7.459811085148787,0.6402653914415275,,,
torus_minus1,RGA Fall 2018 torus-1,5,5,2,12,3.5,4,3.75,0.3,0.38,0.34,10.604,0.7197768680304458,0.2,0.3,0.25,216,234,225,16.54536600360294,6.423330715313438,0.388225362552553,,,
torus_minus1,RGA Fall 2018 torus-1,5,5,2,13,3.5,4,3.75,0.3,0.38,0.34,10.604,0.7197768680304458,0.2,0.3,0.25,234,252,243,6.904002481775493,3.625214083235233,0.5250887572541749,,,
torus_minus1,RGA Fall 2018 torus-1,5,5,2,14,3.5,4,3.75,0.3,0.38,0.34,10.604,0.7197768680304458,0.2,0.3,0.25,252,270,261,14.85466926545717,7.75119565773702,0.521801968069497,,,
torus_minus1,RGA Fall 2018 torus-1,5,5,2,15,3.5,4,3.75,0.3,0.38,0.34,10.604,0.7197768680304458,0.2,0.3,0.25,270,288,279,3.978845870412878,2.448738276283982,0.6154393399586201,,,
torus_minus1,RGA Fall 2018 torus-1,5,5,2,16,3.5,4,3.75,0.3,0.38,0.34,10.604,0.7197768680304458,0.2,0.3,0.25,288,306,297,12.40589230770543,6.145160241858351,0.4953420591956557,,,
torus_minus1,RGA Fall 2018 torus-1,5,5,2,17,3.5,4,3.75,0.3,0.38,0.34,10.604,0.7197768680304458,0.2,0.3,0.25,306,324,315,14.06539000148744,8.60514197791999,0.6117954764858977,,,
torus_minus1,RGA Fall 2018 torus-1,5,5,2,18,3.5,4,3.75,0.3,0.38,0.34,10.604,0.7197768680304458,0.2,0.3,0.25,324,342,333,36.25718878445737,12.07618246392475,0.3330700164239301,,,
torus_minus1,RGA Fall 2018 torus-1,5,5,2,19,3.5,4,3.75,0.3,0.38,0.34,10.604,0.7197768680304458,0.2,0.3,0.25,342,360,351,8.800255013432061,3.147157380436476,0.357621157072481,,,
torus_minus1,RGA Fall 2018 torus-1,5,5,3,0,3.5,4,3.75,0.3,0.38,0.34,10.604,0.7197768680304458,0.3,0.4,0.35,0,18,9,17.13100797308125,5.200398118607564,0.3035663824790224,,,
torus_minus1,RGA Fall 2018 torus-1,5,5,3,1,3.5,4,3.75,0.3,0.38,0.34,10.604,0.7197768680304458,0.3,0.4,0.35,18,36,27,14.76853986966575,3.640951992059874,0.246534323920424,,,
torus_minus1,RGA Fall 2018 torus-1,5,5,3,2,3.5,4,3.75,0.3,0.38,0.34,10.604,0.7197768680304458,0.3,0.4,0.35,36,54,45,17.59911179564068,3.500125824063362,0.1988808222088996,,,
torus_minus1,RGA Fall 2018 torus-1,5,5,3,3,3.5,4,3.75,0.3,0.38,0.34,10.604,0.7197768680304458,0.3,0.4,0.35,54,72,63,17.83223200996305,3.742668941195831,0.2098822480048916,,,
torus_minus1,RGA Fall 2018 torus-1,5,5,3,4,3.5,4,3.75,0.3,0.38,0.34,10.604,0.7197768680304458,0.3,0.4,0.35,72,90,81,14.19895267932301,2.783509671709202,0.1960362665172229,,,
torus_minus1,RGA Fall 2018 torus-1,5,5,3,5,3.5,4,3.75,0.3,0.38,0.34,10.604,0.7197768680304458,0.3,0.4,0.35,90,108,99,12.54401455087335,2.760821113016762,0.2200907135287519,,,
torus_minus1,RGA Fall 2018 torus-1,5,5,3,6,3.5,4,3.75,0.3,0.38,0.34,10.604,0.7197768680304458,0.3,0.4,0.35,108,126,117,14.32178460450517,2.469153249212198,0.1724054171597779,,,
torus_minus1,RGA Fall 2018 torus-1,5,5,3,7,3.5,4,3.75,0.3,0.38,0.34,10.604,0.7197768680304458,0.3,0.4,0.35,126,144,135,14.38008473703986,2.572588361733507,0.1788993882008983,,,
torus_minus1,RGA Fall 2018 torus-1,5,5,3,8,3.5,4,3.75,0.3,0.38,0.34,10.604,0.7197768680304458,0.3,0.4,0.35,144,162,153,12.47782467292798,2.591441304448749,0.2076837407461869,,,
torus_minus1,RGA Fall 2018 torus-1,5,5,3,9,3.5,4,3.75,0.3,0.38,0.34,10.604,0.7197768680304458,0.3,0.4,0.35,162,180,171,10.27485226062754,2.225084507068922,0.2165563504591961,,,
torus_minus1,RGA Fall 2018 torus-1,5,5,3,10,3.5,4,3.75,0.3,0.38,0.34,10.604,0.7197768680304458,0.3,0.4,0.35,180,198,189,8.721772868146759,1.921261088774645,0.2202833205839816,,,
torus_minus1,RGA Fall 2018 torus-1,5,5,3,11,3.5,4,3.75,0.3,0.38,0.34,10.604,0.7197768680304458,0.3,0.4,0.35,198,216,207,13.99219267256635,3.399163314192613,0.2429328550383063,,,
torus_minus1,RGA Fall 2018 torus-1,5,5,3,12,3.5,4,3.75,0.3,0.38,0.34,10.604,0.7197768680304458,0.3,0.4,0.35,216,234,225,9.34010447355271,2.15840018772347,0.231089512310613,,,
torus_minus1,RGA Fall 2018 torus-1,5,5,3,13,3.5,4,3.75,0.3,0.38,0.34,10.604,0.7197768680304458,0.3,0.4,0.35,234,252,243,16.61414308348721,3.482516670088036,0.2096115732594905,,,
torus_minus1,RGA Fall 2018 torus-1,5,5,3,14,3.5,4,3.75,0.3,0.38,0.34,10.604,0.7197768680304458,0.3,0.4,0.35,252,270,261,17.42618822775097,5.672993294531688,0.325544130499952,,,
torus_minus1,RGA Fall 2018 torus-1,5,5,3,15,3.5,4,3.75,0.3,0.38,0.34,10.604,0.7197768680304458,0.3,0.4,0.35,270,288,279,14.61933574067633,4.815798409387113,0.3294129428868511,,,
torus_minus1,RGA Fall 2018 torus-1,5,5,3,16,3.5,4,3.75,0.3,0.38,0.34,10.604,0.7197768680304458,0.3,0.4,0.35,288,306,297,25.18511511551122,9.557817792328054,0.3795026446570222,,,
torus_minus1,RGA Fall 2018 torus-1,5,5,3,17,3.5,4,3.75,0.3,0.38,0.34,10.604,0.7197768680304458,0.3,0.4,0.35,306,324,315,9.414187421424199,5.445681109982337,0.5784547158673947,,,
torus_minus1,RGA Fall 2018 torus-1,5,5,3,18,3.5,4,3.75,0.3,0.38,0.34,10.604,0.7197768680304458,0.3,0.4,0.35,324,342,333,20.8827872520456,6.294801703263489,0.3014349390858672,,,
torus_minus1,RGA Fall 2018 torus-1,5,5,3,19,3.5,4,3.75,0.3,0.38,0.34,10.604,0.7197768680304458,0.3,0.4,0.35,342,360,351,11.2187793004726,2.854761447930049,0.254462751380606,,,
torus_minus1,RGA Fall 2018 torus-1,5,5,4,0,3.5,4,3.75,0.3,0.38,0.34,10.604,0.7197768680304458,0.4,0.6,0.5,0,18,9,5.41347682383434,1.640205085048439,0.3029855189971405,,,
torus_minus1,RGA Fall 2018 torus-1,5,5,4,1,3.5,4,3.75,0.3,0.38,0.34,10.604,0.7197768680304458,0.4,0.6,0.5,18,36,27,9.810332401542466,2.031816290906132,0.2071098315268779,,,
torus_minus1,RGA Fall 2018 torus-1,5,5,4,2,3.5,4,3.75,0.3,0.38,0.34,10.604,0.7197768680304458,0.4,0.6,0.5,36,54,45,11.30524909936219,1.884136862731629,0.1666603580488931,,,
torus_minus1,RGA Fall 2018 torus-1,5,5,4,3,3.5,4,3.75,0.3,0.38,0.34,10.604,0.7197768680304458,0.4,0.6,0.5,54,72,63,17.16217602793636,2.99047283414106,0.1742478826270753,,,
torus_minus1,RGA Fall 2018 torus-1,5,5,4,4,3.5,4,3.75,0.3,0.38,0.34,10.604,0.7197768680304458,0.4,0.6,0.5,72,90,81,20.86279646835198,4.202873268389557,0.2014530158871628,,,
torus_minus1,RGA Fall 2018 torus-1,5,5,4,5,3.5,4,3.75,0.3,0.38,0.34,10.604,0.7197768680304458,0.4,0.6,0.5,90,108,99,14.72503639098881,2.142385641692445,0.1454927230606716,,,
torus_minus1,RGA Fall 2018 torus-1,5,5,4,6,3.5,4,3.75,0.3,0.38,0.34,10.604,0.7197768680304458,0.4,0.6,0.5,108,126,117,11.74399439063235,1.857225948495282,0.1581426120210604,,,
torus_minus1,RGA Fall 2018 torus-1,5,5,4,7,3.5,4,3.75,0.3,0.38,0.34,10.604,0.7197768680304458,0.4,0.6,0.5,126,144,135,10.23788364920625,1.421791970448266,0.1388755742070285,,,
torus_minus1,RGA Fall 2018 torus-1,5,5,4,8,3.5,4,3.75,0.3,0.38,0.34,10.604,0.7197768680304458,0.4,0.6,0.5,144,162,153,9.173707729963668,1.354387502203431,0.1476379607974272,,,
torus_minus1,RGA Fall 2018 torus-1,5,5,4,9,3.5,4,3.75,0.3,0.38,0.34,10.604,0.7197768680304458,0.4,0.6,0.5,162,180,171,8.232629752880623,1.222674301531588,0.1485156430244868,,,
torus_minus1,RGA Fall 2018 torus-1,5,5,4,10,3.5,4,3.75,0.3,0.38,0.34,10.604,0.7197768680304458,0.4,0.6,0.5,180,198,189,7.617840933172007,1.171873433754426,0.1538327518301786,,,
torus_minus1,RGA Fall 2018 torus-1,5,5,4,11,3.5,4,3.75,0.3,0.38,0.34,10.604,0.7197768680304458,0.4,0.6,0.5,198,216,207,7.087190941250363,1.17065405153134,0.1651788502998632,,,
torus_minus1,RGA Fall 2018 torus-1,5,5,4,12,3.5,4,3.75,0.3,0.38,0.34,10.604,0.7197768680304458,0.4,0.6,0.5,216,234,225,13.36762484652671,2.186944309908513,0.1636000662059829,,,
torus_minus1,RGA Fall 2018 torus-1,5,5,4,13,3.5,4,3.75,0.3,0.38,0.34,10.604,0.7197768680304458,0.4,0.6,0.5,234,252,243,7.924270008064,1.566425985040847,0.1976744840151585,,,
torus_minus1,RGA Fall 2018 torus-1,5,5,4,14,3.5,4,3.75,0.3,0.38,0.34,10.604,0.7197768680304458,0.4,0.6,0.5,252,270,261,12.62451715373481,2.67373476011837,0.2117890710241839,,,
torus_minus1,RGA Fall 2018 torus-1,5,5,4,15,3.5,4,3.75,0.3,0.38,0.34,10.604,0.7197768680304458,0.4,0.6,0.5,270,288,279,17.80167208986575,4.502228566355766,0.2529104313138552,,,
torus_minus1,RGA Fall 2018 torus-1,5,5,4,16,3.5,4,3.75,0.3,0.38,0.34,10.604,0.7197768680304458,0.4,0.6,0.5,288,306,297,12.86715855581444,3.662976648852052,0.2846764212131992,,,
torus_minus1,RGA Fall 2018 torus-1,5,5,4,17,3.5,4,3.75,0.3,0.38,0.34,10.604,0.7197768680304458,0.4,0.6,0.5,306,324,315,5.815131492406522,2.646609323722197,0.455124587840907,,,
torus_minus1,RGA Fall 2018 torus-1,5,5,4,18,3.5,4,3.75,0.3,0.38,0.34,10.604,0.7197768680304458,0.4,0.6,0.5,324,342,333,11.60740182184434,3.380640404067655,0.2912486752811054,,,
torus_minus1,RGA Fall 2018 torus-1,5,5,4,19,3.5,4,3.75,0.3,0.38,0.34,10.604,0.7197768680304458,0.4,0.6,0.5,342,360,351,8.303387650040831,2.036960430357917,0.2453167931221302,,,
torus_minus1,RGA Fall 2018 torus-1,5,5,5,0,3.5,4,3.75,0.3,0.38,0.34,10.604,0.7197768680304458,0.6,1,0.8,0,18,9,5.128163329649301,1.363906758574523,0.2659639857195804,,,
torus_minus1,RGA Fall 2018 torus-1,5,5,5,1,3.5,4,3.75,0.3,0.38,0.34,10.604,0.7197768680304458,0.6,1,0.8,18,36,27,8.967278425493602,2.344027510947144,0.2613978734376275,,,
torus_minus1,RGA Fall 2018 torus-1,5,5,5,2,3.5,4,3.75,0.3,0.38,0.34,10.604,0.7197768680304458,0.6,1,0.8,36,54,45,10.51141776536068,2.050031939161883,0.1950290612478135,,,
torus_minus1,RGA Fall 2018 torus-1,5,5,5,3,3.5,4,3.75,0.3,0.38,0.34,10.604,0.7197768680304458,0.6,1,0.8,54,72,63,9.565967142632026,2.126921598438074,0.2223425573938218,,,
torus_minus1,RGA Fall 2018 torus-1,5,5,5,4,3.5,4,3.75,0.3,0.38,0.34,10.604,0.7197768680304458,0.6,1,0.8,72,90,81,15.85440475591935,3.205188033826448,0.2021638833605385,,,
torus_minus1,RGA Fall 2018 torus-1,5,5,5,5,3.5,4,3.75,0.3,0.38,0.34,10.604,0.7197768680304458,0.6,1,0.8,90,108,99,7.841331667072882,1.258831165362384,0.160537931413925,,,
torus_minus1,RGA Fall 2018 torus-1,5,5,5,6,3.5,4,3.75,0.3,0.38,0.34,10.604,0.7197768680304458,0.6,1,0.8,108,126,117,7.472039661606493,1.15842655736653,0.1550348512359833,,,
torus_minus1,RGA Fall 2018 torus-1,5,5,5,7,3.5,4,3.75,0.3,0.38,0.34,10.604,0.7197768680304458,0.6,1,0.8,126,144,135,6.061142801619332,0.7563614648891339,0.1247885901462443,,,
torus_minus1,RGA Fall 2018 torus-1,5,5,5,8,3.5,4,3.75,0.3,0.38,0.34,10.604,0.7197768680304458,0.6,1,0.8,144,162,153,5.851269898490604,0.6684551508850693,0.1142410386944387,,,
torus_minus1,RGA Fall 2018 torus-1,5,5,5,9,3.5,4,3.75,0.3,0.38,0.34,10.604,0.7197768680304458,0.6,1,0.8,162,180,171,4.188197751601567,0.5767238049572996,0.1377021428218762,,,
torus_minus1,RGA Fall 2018 torus-1,5,5,5,10,3.5,4,3.75,0.3,0.38,0.34,10.604,0.7197768680304458,0.6,1,0.8,180,198,189,5.969876995646866,0.7783250697956554,0.1303753947297737,,,
torus_minus1,RGA Fall 2018 torus-1,5,5,5,11,3.5,4,3.75,0.3,0.38,0.34,10.604,0.7197768680304458,0.6,1,0.8,198,216,207,5.636589059529395,0.780818387629499,0.1385267542804851,,,
torus_minus1,RGA Fall 2018 torus-1,5,5,5,12,3.5,4,3.75,0.3,0.38,0.34,10.604,0.7197768680304458,0.6,1,0.8,216,234,225,6.97789005735295,1.08813802893559,0.1559408388484087,,,
torus_minus1,RGA Fall 2018 torus-1,5,5,5,13,3.5,4,3.75,0.3,0.38,0.34,10.604,0.7197768680304458,0.6,1,0.8,234,252,243,7.395093017696903,1.094860238787805,0.1480522606230562,,,
torus_minus1,RGA Fall 2018 torus-1,5,5,5,14,3.5,4,3.75,0.3,0.38,0.34,10.604,0.7197768680304458,0.6,1,0.8,252,270,261,9.947701134205724,1.562443196513907,0.1570657557394199,,,
torus_minus1,RGA Fall 2018 torus-1,5,5,5,15,3.5,4,3.75,0.3,0.38,0.34,10.604,0.7197768680304458,0.6,1,0.8,270,288,279,10.17502966928032,1.73486135880912,0.1705018476798041,,,
torus_minus1,RGA Fall 2018 torus-1,5,5,5,16,3.5,4,3.75,0.3,0.38,0.34,10.604,0.7197768680304458,0.6,1,0.8,288,306,297,8.753757966348326,1.811479080906543,0.206937304854707,,,
torus_minus1,RGA Fall 2018 torus-1,5,5,5,17,3.5,4,3.75,0.3,0.38,0.34,10.604,0.7197768680304458,0.6,1,0.8,306,324,315,7.430428256876016,1.610651355668695,0.2167642698357554,,,
torus_minus1,RGA Fall 2018 torus-1,5,5,5,18,3.5,4,3.75,0.3,0.38,0.34,10.604,0.7197768680304458,0.6,1,0.8,324,342,333,2.675257018415427,1.831243959083067,0.6845114119792965,,,
torus_minus1,RGA Fall 2018 torus-1,5,5,5,19,3.5,4,3.75,0.3,0.38,0.34,10.604,0.7197768680304458,0.6,1,0.8,342,360,351,3.260319366235322,1.039755757481521,0.3189122416194837,,,
torus_minus1,RGA Fall 2018 torus-1,5,5,6,0,3.5,4,3.75,0.3,0.38,0.34,10.604,0.7197768680304458,1,1.5,1.25,0,18,9,1.253410458214918,0.5418719145110734,0.4323180096030127,,,
torus_minus1,RGA Fall 2018 torus-1,5,5,6,1,3.5,4,3.75,0.3,0.38,0.34,10.604,0.7197768680304458,1,1.5,1.25,18,36,27,3.016795186488114,1.765876250112565,0.5853484048309695,,,
torus_minus1,RGA Fall 2018 torus-1,5,5,6,2,3.5,4,3.75,0.3,0.38,0.34,10.604,0.7197768680304458,1,1.5,1.25,36,54,45,5.257977122865322,2.555919921231519,0.4861032791711115,,,
torus_minus1,RGA Fall 2018 torus-1,5,5,6,3,3.5,4,3.75,0.3,0.38,0.34,10.604,0.7197768680304458,1,1.5,1.25,54,72,63,4.204489938065363,1.06246593368456,0.2526979370471366,,,
torus_minus1,RGA Fall 2018 torus-1,5,5,6,4,3.5,4,3.75,0.3,0.38,0.34,10.604,0.7197768680304458,1,1.5,1.25,72,90,81,5.446967844875433,1.398216705724713,0.2566963392376496,,,
torus_minus1,RGA Fall 2018 torus-1,5,5,6,5,3.5,4,3.75,0.3,0.38,0.34,10.604,0.7197768680304458,1,1.5,1.25,90,108,99,4.847219081783971,1.011413296135954,0.2086584656214287,,,
torus_minus1,RGA Fall 2018 torus-1,5,5,6,6,3.5,4,3.75,0.3,0.38,0.34,10.604,0.7197768680304458,1,1.5,1.25,108,126,117,3.978207349929286,0.7850262242166861,0.1973316509584751,,,
torus_minus1,RGA Fall 2018 torus-1,5,5,6,7,3.5,4,3.75,0.3,0.38,0.34,10.604,0.7197768680304458,1,1.5,1.25,126,144,135,3.906219825541357,0.6595679788666268,0.1688507069043966,,,
torus_minus1,RGA Fall 2018 torus-1,5,5,6,8,3.5,4,3.75,0.3,0.38,0.34,10.604,0.7197768680304458,1,1.5,1.25,144,162,153,3.236255230622946,0.4353722263322888,0.1345296323394382,,,
torus_minus1,RGA Fall 2018 torus-1,5,5,6,9,3.5,4,3.75,0.3,0.38,0.34,10.604,0.7197768680304458,1,1.5,1.25,162,180,171,2.141685659432421,0.3519779852984475,0.1643462399574207,,,
torus_minus1,RGA Fall 2018 torus-1,5,5,6,10,3.5,4,3.75,0.3,0.38,0.34,10.604,0.7197768680304458,1,1.5,1.25,180,198,189,2.812872145968641,0.4530901433101395,0.1610774040901576,,,
torus_minus1,RGA Fall 2018 torus-1,5,5,6,11,3.5,4,3.75,0.3,0.38,0.34,10.604,0.7197768680304458,1,1.5,1.25,198,216,207,3.256763838776102,0.5098817232166502,0.1565608525696062,,,
torus_minus1,RGA Fall 2018 torus-1,5,5,6,12,3.5,4,3.75,0.3,0.38,0.34,10.604,0.7197768680304458,1,1.5,1.25,216,234,225,4.131065277447838,0.6462425873465649,0.1564348525002761,,,
torus_minus1,RGA Fall 2018 torus-1,5,5,6,13,3.5,4,3.75,0.3,0.38,0.34,10.604,0.7197768680304458,1,1.5,1.25,234,252,243,4.978536536449723,0.7859100359615709,0.1578596501617755,,,
torus_minus1,RGA Fall 2018 torus-1,5,5,6,14,3.5,4,3.75,0.3,0.38,0.34,10.604,0.7197768680304458,1,1.5,1.25,252,270,261,4.78942382143384,0.9645762568729758,0.2013971393711832,,,
torus_minus1,RGA Fall 2018 torus-1,5,5,6,15,3.5,4,3.75,0.3,0.38,0.34,10.604,0.7197768680304458,1,1.5,1.25,270,288,279,6.51704223544113,1.222782708558349,0.1876284769045356,,,
torus_minus1,RGA Fall 2018 torus-1,5,5,6,16,3.5,4,3.75,0.3,0.38,0.34,10.604,0.7197768680304458,1,1.5,1.25,288,306,297,4.585718050605545,0.939701004613439,0.2049190539504171,,,
torus_minus1,RGA Fall 2018 torus-1,5,5,6,17,3.5,4,3.75,0.3,0.38,0.34,10.604,0.7197768680304458,1,1.5,1.25,306,324,315,4.440985870866509,1.016792947358421,0.2289565823725596,,,
torus_minus1,RGA Fall 2018 torus-1,5,5,6,18,3.5,4,3.75,0.3,0.38,0.34,10.604,0.7197768680304458,1,1.5,1.25,324,342,333,3.202720568575416,1.256389853427249,0.3922883144270362,,,
torus_minus1,RGA Fall 2018 torus-1,5,5,6,19,3.5,4,3.75,0.3,0.38,0.34,10.604,0.7197768680304458,1,1.5,1.25,342,360,351,2.057372723141231,0.7806053530227411,0.3794185391118143,,,
torus_minus1,RGA Fall 2018 torus-1,5,5,7,0,3.5,4,3.75,0.3,0.38,0.34,10.604,0.7197768680304458,1.5,2,1.75,0,18,9,0.6066066807236227,0.4653786655949405,0.7671835480608111,,,
torus_minus1,RGA Fall 2018 torus-1,5,5,7,1,3.5,4,3.75,0.3,0.38,0.34,10.604,0.7197768680304458,1.5,2,1.75,18,36,27,1.379936007411682,0.9083997058603743,0.6582911823311584,,,
torus_minus1,RGA Fall 2018 torus-1,5,5,7,2,3.5,4,3.75,0.3,0.38,0.34,10.604,0.7197768680304458,1.5,2,1.75,36,54,45,1.598379176992003,0.7873525433283848,0.4925943447349627,,,
torus_minus1,RGA Fall 2018 torus-1,5,5,7,3,3.5,4,3.75,0.3,0.38,0.34,10.604,0.7197768680304458,1.5,2,1.75,54,72,63,2.562012335362292,0.7507382769994416,0.2930268003152609,,,
torus_minus1,RGA Fall 2018 torus-1,5,5,7,4,3.5,4,3.75,0.3,0.38,0.34,10.604,0.7197768680304458,1.5,2,1.75,72,90,81,2.338683567562,1.020616640830274,0.4364064702837218,,,
torus_minus1,RGA Fall 2018 torus-1,5,5,7,5,3.5,4,3.75,0.3,0.38,0.34,10.604,0.7197768680304458,1.5,2,1.75,90,108,99,2.404389367400248,0.7424867921285696,0.3088047228105094,,,
torus_minus1,RGA Fall 2018 torus-1,5,5,7,6,3.5,4,3.75,0.3,0.38,0.34,10.604,0.7197768680304458,1.5,2,1.75,108,126,117,3.425358858717367,0.7625941337258429,0.2226318949867337,,,
torus_minus1,RGA Fall 2018 torus-1,5,5,7,7,3.5,4,3.75,0.3,0.38,0.34,10.604,0.7197768680304458,1.5,2,1.75,126,144,135,1.585847536544248,0.434681332409246,0.2741003295666548,,,
torus_minus1,RGA Fall 2018 torus-1,5,5,7,8,3.5,4,3.75,0.3,0.38,0.34,10.604,0.7197768680304458,1.5,2,1.75,144,162,153,1.83148670604264,0.3589860662362557,0.1960080108972945,,,
torus_minus1,RGA Fall 2018 torus-1,5,5,7,9,3.5,4,3.75,0.3,0.38,0.34,10.604,0.7197768680304458,1.5,2,1.75,162,180,171,1.387341426380239,0.2754680835752861,0.1985582484147536,,,
torus_minus1,RGA Fall 2018 torus-1,5,5,7,10,3.5,4,3.75,0.3,0.38,0.34,10.604,0.7197768680304458,1.5,2,1.75,180,198,189,1.303236483924768,0.3297921430423201,0.2530562542641019,,,
torus_minus1,RGA Fall 2018 torus-1,5,5,7,11,3.5,4,3.75,0.3,0.38,0.34,10.604,0.7197768680304458,1.5,2,1.75,198,216,207,2.036356825010947,0.3823878521539326,0.1877803769247941,,,
torus_minus1,RGA Fall 2018 torus-1,5,5,7,12,3.5,4,3.75,0.3,0.38,0.34,10.604,0.7197768680304458,1.5,2,1.75,216,234,225,1.844618493862802,0.3667540993036409,0.1988238221203257,,,
torus_minus1,RGA Fall 2018 torus-1,5,5,7,13,3.5,4,3.75,0.3,0.38,0.34,10.604,0.7197768680304458,1.5,2,1.75,234,252,243,2.50797080003374,0.568182968682395,0.2265508707975194,,,
torus_minus1,RGA Fall 2018 torus-1,5,5,7,14,3.5,4,3.75,0.3,0.38,0.34,10.604,0.7197768680304458,1.5,2,1.75,252,270,261,2.234924913448001,0.5342153179475455,0.2390305440388903,,,
torus_minus1,RGA Fall 2018 torus-1,5,5,7,15,3.5,4,3.75,0.3,0.38,0.34,10.604,0.7197768680304458,1.5,2,1.75,270,288,279,1.247218418607094,0.4656417548922226,0.3733441937237073,,,
torus_minus1,RGA Fall 2018 torus-1,5,5,7,16,3.5,4,3.75,0.3,0.38,0.34,10.604,0.7197768680304458,1.5,2,1.75,288,306,297,2.419964058435832,0.7113089373492687,0.2939336784237326,,,
torus_minus1,RGA Fall 2018 torus-1,5,5,7,17,3.5,4,3.75,0.3,0.38,0.34,10.604,0.7197768680304458,1.5,2,1.75,306,324,315,2.877239195342356,0.8741948919312994,0.3038311494388221,,,
torus_minus1,RGA Fall 2018 torus-1,5,5,7,18,3.5,4,3.75,0.3,0.38,0.34,10.604,0.7197768680304458,1.5,2,1.75,324,342,333,2.645665091517307,1.185277764080627,0.4480074851049502,,,
torus_minus1,RGA Fall 2018 torus-1,5,5,7,19,3.5,4,3.75,0.3,0.38,0.34,10.604,0.7197768680304458,1.5,2,1.75,342,360,351,2.160376215963173,1.000295383085267,0.4630190684816903,,,
torus_minus1,RGA Fall 2018 torus-1,5,6,2,0,3.5,4,3.748048609320844,0.38,0.48,0.4060864770416201,10.604,0.8094767678172975,0.2,0.3,0.25,0,18,9,25.78542486009477,7.758936492797746,0.300903961633201,,,
torus_minus1,RGA Fall 2018 torus-1,5,6,2,1,3.5,4,3.748048609320844,0.38,0.48,0.4060864770416201,10.604,0.8094767678172975,0.2,0.3,0.25,18,36,27,19.9286137043226,8.161482951193852,0.4095359101382748,,,
torus_minus1,RGA Fall 2018 torus-1,5,6,2,2,3.5,4,3.748048609320844,0.38,0.48,0.4060864770416201,10.604,0.8094767678172975,0.2,0.3,0.25,36,54,45,21.24219308417583,7.847211422892958,0.3694162552706794,,,
torus_minus1,RGA Fall 2018 torus-1,5,6,2,3,3.5,4,3.748048609320844,0.38,0.48,0.4060864770416201,10.604,0.8094767678172975,0.2,0.3,0.25,54,72,63,32.24327608995696,10.11189329596528,0.3136124650532923,,,
torus_minus1,RGA Fall 2018 torus-1,5,6,2,4,3.5,4,3.748048609320844,0.38,0.48,0.4060864770416201,10.604,0.8094767678172975,0.2,0.3,0.25,72,90,81,31.10042844012632,8.764982692275892,0.281828358382586,,,
torus_minus1,RGA Fall 2018 torus-1,5,6,2,5,3.5,4,3.748048609320844,0.38,0.48,0.4060864770416201,10.604,0.8094767678172975,0.2,0.3,0.25,90,108,99,23.97658003736463,7.794497565630854,0.3250879630657943,,,
torus_minus1,RGA Fall 2018 torus-1,5,6,2,6,3.5,4,3.748048609320844,0.38,0.48,0.4060864770416201,10.604,0.8094767678172975,0.2,0.3,0.25,108,126,117,24.48603128206621,15.2572992540323,0.6231021711226383,,,
torus_minus1,RGA Fall 2018 torus-1,5,6,2,13,3.5,4,3.748048609320844,0.38,0.48,0.4060864770416201,10.604,0.8094767678172975,0.2,0.3,0.25,234,252,243,25.41061879632121,19.90965517394431,0.783517132484263,,,
torus_minus1,RGA Fall 2018 torus-1,5,6,2,14,3.5,4,3.748048609320844,0.38,0.48,0.4060864770416201,10.604,0.8094767678172975,0.2,0.3,0.25,252,270,261,32.05250665417149,10.8055941855069,0.337121657974934,,,
torus_minus1,RGA Fall 2018 torus-1,5,6,2,15,3.5,4,3.748048609320844,0.38,0.48,0.4060864770416201,10.604,0.8094767678172975,0.2,0.3,0.25,270,288,279,15.20142388738828,7.959795773110346,0.5236217233383063,,,
torus_minus1,RGA Fall 2018 torus-1,5,6,2,16,3.5,4,3.748048609320844,0.38,0.48,0.4060864770416201,10.604,0.8094767678172975,0.2,0.3,0.25,288,306,297,24.20741140129273,11.69297462894109,0.4830328379645193,,,
torus_minus1,RGA Fall 2018 torus-1,5,6,2,17,3.5,4,3.748048609320844,0.38,0.48,0.4060864770416201,10.604,0.8094767678172975,0.2,0.3,0.25,306,324,315,38.44325137287142,20.06134873531447,0.5218431849255951,,,
torus_minus1,RGA Fall 2018 torus-1,5,6,2,18,3.5,4,3.748048609320844,0.38,0.48,0.4060864770416201,10.604,0.8094767678172975,0.2,0.3,0.25,324,342,333,16.12939991106106,6.176435815956804,0.3829302918902263,,,
torus_minus1,RGA Fall 2018 torus-1,5,6,2,19,3.5,4,3.748048609320844,0.38,0.48,0.4060864770416201,10.604,0.8094767678172975,0.2,0.3,0.25,342,360,351,24.45964329529367,7.135456043754239,0.2917236346258241,,,
torus_minus1,RGA Fall 2018 torus-1,5,6,4,0,3.5,4,3.75,0.38,0.48,0.43,10.604,0.8307914246737986,0.4,0.6,0.5,0,18,9,22.64956503668823,3.061653133158238,0.1351749196154058,,,
torus_minus1,RGA Fall 2018 torus-1,5,6,4,1,3.5,4,3.75,0.38,0.48,0.43,10.604,0.8307914246737986,0.4,0.6,0.5,18,36,27,21.96444529749416,2.999274831303281,0.1365513579186749,,,
torus_minus1,RGA Fall 2018 torus-1,5,6,4,2,3.5,4,3.75,0.38,0.48,0.43,10.604,0.8307914246737986,0.4,0.6,0.5,36,54,45,26.47855190301637,3.255274028427366,0.1229400323835887,,,
torus_minus1,RGA Fall 2018 torus-1,5,6,4,3,3.5,4,3.75,0.38,0.48,0.43,10.604,0.8307914246737986,0.4,0.6,0.5,54,72,63,22.28651755754417,2.735922186760936,0.122761314310176,,,
torus_minus1,RGA Fall 2018 torus-1,5,6,4,4,3.5,4,3.75,0.38,0.48,0.43,10.604,0.8307914246737986,0.4,0.6,0.5,72,90,81,31.86254121343273,2.993021021478759,0.09393541467486435,,,
torus_minus1,RGA Fall 2018 torus-1,5,6,4,5,3.5,4,3.75,0.38,0.48,0.43,10.604,0.8307914246737986,0.4,0.6,0.5,90,108,99,30.17453273942003,2.797939603881085,0.0927252006864005,,,
torus_minus1,RGA Fall 2018 torus-1,5,6,4,6,3.5,4,3.75,0.38,0.48,0.43,10.604,0.8307914246737986,0.4,0.6,0.5,108,126,117,27.29027545128389,2.365462902168563,0.08667786832680276,,,
torus_minus1,RGA Fall 2018 torus-1,5,6,4,7,3.5,4,3.75,0.38,0.48,0.43,10.604,0.8307914246737986,0.4,0.6,0.5,126,144,135,19.69118256009202,2.024303871565995,0.1028025546656927,,,
torus_minus1,RGA Fall 2018 torus-1,5,6,4,8,3.5,4,3.75,0.38,0.48,0.43,10.604,0.8307914246737986,0.4,0.6,0.5,144,162,153,18.39975820551927,2.39076869406074,0.1299347886725813,,,
torus_minus1,RGA Fall 2018 torus-1,5,6,4,9,3.5,4,3.75,0.38,0.48,0.43,10.604,0.8307914246737986,0.4,0.6,0.5,162,180,171,18.72587923256678,2.925146021121384,0.1562087411112942,,,
torus_minus1,RGA Fall 2018 torus-1,5,6,4,10,3.5,4,3.75,0.38,0.48,0.43,10.604,0.8307914246737986,0.4,0.6,0.5,180,198,189,17.68026829666759,2.39416522720512,0.1354145303132293,,,
torus_minus1,RGA Fall 2018 torus-1,5,6,4,11,3.5,4,3.75,0.38,0.48,0.43,10.604,0.8307914246737986,0.4,0.6,0.5,198,216,207,17.1347980668218,2.316054024205724,0.1351666950012275,,,
torus_minus1,RGA Fall 2018 torus-1,5,6,4,12,3.5,4,3.75,0.38,0.48,0.43,10.604,0.8307914246737986,0.4,0.6,0.5,216,234,225,21.94581411658541,2.33580475626186,0.1064350925353273,,,
torus_minus1,RGA Fall 2018 torus-1,5,6,4,13,3.5,4,3.75,0.38,0.48,0.43,10.604,0.8307914246737986,0.4,0.6,0.5,234,252,243,25.70033170994569,2.747231041574759,0.1068947697866334,,,
torus_minus1,RGA Fall 2018 torus-1,5,6,4,14,3.5,4,3.75,0.38,0.48,0.43,10.604,0.8307914246737986,0.4,0.6,0.5,252,270,261,27.20626973030072,3.393980520614892,0.124749940152026,,,
torus_minus1,RGA Fall 2018 torus-1,5,6,4,15,3.5,4,3.75,0.38,0.48,0.43,10.604,0.8307914246737986,0.4,0.6,0.5,270,288,279,23.70829894842223,3.139574760102688,0.1324251380047502,,,
torus_minus1,RGA Fall 2018 torus-1,5,6,4,16,3.5,4,3.75,0.38,0.48,0.43,10.604,0.8307914246737986,0.4,0.6,0.5,288,306,297,19.86543716575083,2.910587414646896,0.1465151453935743,,,
torus_minus1,RGA Fall 2018 torus-1,5,6,4,17,3.5,4,3.75,0.38,0.48,0.43,10.604,0.8307914246737986,0.4,0.6,0.5,306,324,315,18.25796969029492,3.649581775793539,0.199889792660434,,,
torus_minus1,RGA Fall 2018 torus-1,5,6,4,18,3.5,4,3.75,0.38,0.48,0.43,10.604,0.8307914246737986,0.4,0.6,0.5,324,342,333,19.0501690528943,2.843203150307262,0.1492481847490636,,,
torus_minus1,RGA Fall 2018 torus-1,5,6,4,19,3.5,4,3.75,0.38,0.48,0.43,10.604,0.8307914246737986,0.4,0.6,0.5,342,360,351,19.50854420003795,2.476102194663409,0.1269239861915782,,,
torus_minus1,RGA Fall 2018 torus-1,5,6,5,0,3.5,4,3.75,0.38,0.48,0.43,10.604,0.8307914246737986,0.6,1,0.8,0,18,9,13.27042254023356,1.577342289169534,0.1188614970161887,,,
torus_minus1,RGA Fall 2018 torus-1,5,6,5,1,3.5,4,3.75,0.38,0.48,0.43,10.604,0.8307914246737986,0.6,1,0.8,18,36,27,11.8369236655882,1.516841485099747,0.1281449072371265,,,
torus_minus1,RGA Fall 2018 torus-1,5,6,5,2,3.5,4,3.75,0.38,0.48,0.43,10.604,0.8307914246737986,0.6,1,0.8,36,54,45,19.30820146517481,1.992550846674201,0.1031971232674395,,,
torus_minus1,RGA Fall 2018 torus-1,5,6,5,3,3.5,4,3.75,0.38,0.48,0.43,10.604,0.8307914246737986,0.6,1,0.8,54,72,63,23.18420299899286,2.853090498634728,0.1230618321776543,,,
torus_minus1,RGA Fall 2018 torus-1,5,6,5,4,3.5,4,3.75,0.38,0.48,0.43,10.604,0.8307914246737986,0.6,1,0.8,72,90,81,13.81136877752676,1.687203873617341,0.1221605114449398,,,
torus_minus1,RGA Fall 2018 torus-1,5,6,5,5,3.5,4,3.75,0.38,0.48,0.43,10.604,0.8307914246737986,0.6,1,0.8,90,108,99,20.75482473844879,1.581710515568016,0.07620929280303006,,,
torus_minus1,RGA Fall 2018 torus-1,5,6,5,6,3.5,4,3.75,0.38,0.48,0.43,10.604,0.8307914246737986,0.6,1,0.8,108,126,117,17.26530003859384,1.394870573556242,0.08079040447824422,,,
torus_minus1,RGA Fall 2018 torus-1,5,6,5,7,3.5,4,3.75,0.38,0.48,0.43,10.604,0.8307914246737986,0.6,1,0.8,126,144,135,18.48972531346553,1.537345728575747,0.08314594741200093,,,
torus_minus1,RGA Fall 2018 torus-1,5,6,5,8,3.5,4,3.75,0.38,0.48,0.43,10.604,0.8307914246737986,0.6,1,0.8,144,162,153,13.26716701749175,1.228731328150654,0.09261444636452267,,,
torus_minus1,RGA Fall 2018 torus-1,5,6,5,9,3.5,4,3.75,0.38,0.48,0.43,10.604,0.8307914246737986,0.6,1,0.8,162,180,171,12.50786830259128,1.336910602681614,0.1068855675754632,,,
torus_minus1,RGA Fall 2018 torus-1,5,6,5,10,3.5,4,3.75,0.38,0.48,0.43,10.604,0.8307914246737986,0.6,1,0.8,180,198,189,12.50328856812336,1.14711048614044,0.09174470219498512,,,
torus_minus1,RGA Fall 2018 torus-1,5,6,5,11,3.5,4,3.75,0.38,0.48,0.43,10.604,0.8307914246737986,0.6,1,0.8,198,216,207,14.51613396033824,1.348581891786742,0.09290227656147364,,,
torus_minus1,RGA Fall 2018 torus-1,5,6,5,12,3.5,4,3.75,0.38,0.48,0.43,10.604,0.8307914246737986,0.6,1,0.8,216,234,225,16.47043244536462,1.552619051866388,0.09426704836176611,,,
torus_minus1,RGA Fall 2018 torus-1,5,6,5,13,3.5,4,3.75,0.38,0.48,0.43,10.604,0.8307914246737986,0.6,1,0.8,234,252,243,19.10841295788342,1.5884690707761,0.08312930405456601,,,
torus_minus1,RGA Fall 2018 torus-1,5,6,5,14,3.5,4,3.75,0.38,0.48,0.43,10.604,0.8307914246737986,0.6,1,0.8,252,270,261,18.56749581643246,1.879652889542382,0.1012335162547265,,,
torus_minus1,RGA Fall 2018 torus-1,5,6,5,15,3.5,4,3.75,0.38,0.48,0.43,10.604,0.8307914246737986,0.6,1,0.8,270,288,279,21.95955646027077,2.709453302450244,0.123383789984656,,,
torus_minus1,RGA Fall 2018 torus-1,5,6,5,16,3.5,4,3.75,0.38,0.48,0.43,10.604,0.8307914246737986,0.6,1,0.8,288,306,297,27.3716790311672,3.70193189735487,0.1352467962648403,,,
torus_minus1,RGA Fall 2018 torus-1,5,6,5,17,3.5,4,3.75,0.38,0.48,0.43,10.604,0.8307914246737986,0.6,1,0.8,306,324,315,11.79905701021972,2.493793719873223,0.2113553411694876,,,
torus_minus1,RGA Fall 2018 torus-1,5,6,5,18,3.5,4,3.75,0.38,0.48,0.43,10.604,0.8307914246737986,0.6,1,0.8,324,342,333,16.22065428196137,2.674808621108291,0.1649014013006174,,,
torus_minus1,RGA Fall 2018 torus-1,5,6,5,19,3.5,4,3.75,0.38,0.48,0.43,10.604,0.8307914246737986,0.6,1,0.8,342,360,351,13.75744253577887,1.649049274876984,0.1198659758591261,,,
torus_minus1,RGA Fall 2018 torus-1,5,6,6,0,3.5,4,3.75,0.38,0.48,0.43,10.604,0.8307914246737986,1,1.5,1.25,0,18,9,5.662291197785484,1.486933621024955,0.262602817320044,,,
torus_minus1,RGA Fall 2018 torus-1,5,6,6,1,3.5,4,3.75,0.38,0.48,0.43,10.604,0.8307914246737986,1,1.5,1.25,18,36,27,6.063809508965202,1.664258396534233,0.2744575656728111,,,
torus_minus1,RGA Fall 2018 torus-1,5,6,6,2,3.5,4,3.75,0.38,0.48,0.43,10.604,0.8307914246737986,1,1.5,1.25,36,54,45,7.752156257455462,1.820787469706404,0.2348749701678553,,,
torus_minus1,RGA Fall 2018 torus-1,5,6,6,3,3.5,4,3.75,0.38,0.48,0.43,10.604,0.8307914246737986,1,1.5,1.25,54,72,63,14.87143328578529,2.640951311203314,0.1775855265899381,,,
torus_minus1,RGA Fall 2018 torus-1,5,6,6,4,3.5,4,3.75,0.38,0.48,0.43,10.604,0.8307914246737986,1,1.5,1.25,72,90,81,8.84670737005314,1.442985464068161,0.1631098897825862,,,
torus_minus1,RGA Fall 2018 torus-1,5,6,6,5,3.5,4,3.75,0.38,0.48,0.43,10.604,0.8307914246737986,1,1.5,1.25,90,108,99,11.81441919454745,1.263433834148416,0.106939986921364,,,
torus_minus1,RGA Fall 2018 torus-1,5,6,6,6,3.5,4,3.75,0.38,0.48,0.43,10.604,0.8307914246737986,1,1.5,1.25,108,126,117,12.12056916135028,1.164060231433916,0.09604006346053756,,,
torus_minus1,RGA Fall 2018 torus-1,5,6,6,7,3.5,4,3.75,0.38,0.48,0.43,10.604,0.8307914246737986,1,1.5,1.25,126,144,135,9.505190802714935,0.9318914758831407,0.09804027033491718,,,
torus_minus1,RGA Fall 2018 torus-1,5,6,6,8,3.5,4,3.75,0.38,0.48,0.43,10.604,0.8307914246737986,1,1.5,1.25,144,162,153,7.891174256050322,0.8211369376008791,0.1040576359052389,,,
torus_minus1,RGA Fall 2018 torus-1,5,6,6,9,3.5,4,3.75,0.38,0.48,0.43,10.604,0.8307914246737986,1,1.5,1.25,162,180,171,5.139274862434669,0.6917019798692057,0.1345913574160383,,,
torus_minus1,RGA Fall 2018 torus-1,5,6,6,10,3.5,4,3.75,0.38,0.48,0.43,10.604,0.8307914246737986,1,1.5,1.25,180,198,189,6.383288435988367,0.7164810660871218,0.1122432541270845,,,
torus_minus1,RGA Fall 2018 torus-1,5,6,6,11,3.5,4,3.75,0.38,0.48,0.43,10.604,0.8307914246737986,1,1.5,1.25,198,216,207,6.411132461995474,0.8070028086092262,0.1258752355208779,,,
torus_minus1,RGA Fall 2018 torus-1,5,6,6,12,3.5,4,3.75,0.38,0.48,0.43,10.604,0.8307914246737986,1,1.5,1.25,216,234,225,9.626504824517278,1.146163693511842,0.1190633271790124,,,
torus_minus1,RGA Fall 2018 torus-1,5,6,6,13,3.5,4,3.75,0.38,0.48,0.43,10.604,0.8307914246737986,1,1.5,1.25,234,252,243,10.07626001055846,1.164726393897036,0.1155911412246777,,,
torus_minus1,RGA Fall 2018 torus-1,5,6,6,14,3.5,4,3.75,0.38,0.48,0.43,10.604,0.8307914246737986,1,1.5,1.25,252,270,261,10.05174564964084,1.304740358104219,0.1298023650400305,,,
torus_minus1,RGA Fall 2018 torus-1,5,6,6,15,3.5,4,3.75,0.38,0.48,0.43,10.604,0.8307914246737986,1,1.5,1.25,270,288,279,9.492283316504368,1.429027777750967,0.1505462626959624,,,
torus_minus1,RGA Fall 2018 torus-1,5,6,6,16,3.5,4,3.75,0.38,0.48,0.43,10.604,0.8307914246737986,1,1.5,1.25,288,306,297,11.8899585916978,1.945452148481419,0.1636214401822927,,,
torus_minus1,RGA Fall 2018 torus-1,5,6,6,17,3.5,4,3.75,0.38,0.48,0.43,10.604,0.8307914246737986,1,1.5,1.25,306,324,315,8.702575560028425,1.316254295969712,0.1512488213277189,,,
torus_minus1,RGA Fall 2018 torus-1,5,6,6,18,3.5,4,3.75,0.38,0.48,0.43,10.604,0.8307914246737986,1,1.5,1.25,324,342,333,8.586344851191093,2.588094580862374,0.3014198271460474,,,
torus_minus1,RGA Fall 2018 torus-1,5,6,6,19,3.5,4,3.75,0.38,0.48,0.43,10.604,0.8307914246737986,1,1.5,1.25,342,360,351,8.4619024160961,2.143745501223479,0.2533408441517452,,,
torus_minus1,RGA Fall 2018 torus-1,5,6,7,0,3.5,4,3.75,0.38,0.48,0.43,10.604,0.8307914246737986,1.5,2,1.75,0,18,9,4.600791956392538,1.718782823048889,0.373584121894653,,,
torus_minus1,RGA Fall 2018 torus-1,5,6,7,1,3.5,4,3.75,0.38,0.48,0.43,10.604,0.8307914246737986,1.5,2,1.75,18,36,27,0.1937923983274155,0.5880009114872976,3.034179444406587,,,
torus_minus1,RGA Fall 2018 torus-1,5,6,7,2,3.5,4,3.75,0.38,0.48,0.43,10.604,0.8307914246737986,1.5,2,1.75,36,54,45,4.973136303365937,1.639973047205979,0.3297663581221384,,,
torus_minus1,RGA Fall 2018 torus-1,5,6,7,3,3.5,4,3.75,0.38,0.48,0.43,10.604,0.8307914246737986,1.5,2,1.75,54,72,63,5.778632587219679,1.774872246930024,0.3071439860799288,,,
torus_minus1,RGA Fall 2018 torus-1,5,6,7,4,3.5,4,3.75,0.38,0.48,0.43,10.604,0.8307914246737986,1.5,2,1.75,72,90,81,4.357638876283589,0.8657179409969057,0.1986667471938916,,,
torus_minus1,RGA Fall 2018 torus-1,5,6,7,5,3.5,4,3.75,0.38,0.48,0.43,10.604,0.8307914246737986,1.5,2,1.75,90,108,99,5.791219892555773,0.8482869551762662,0.1464781118511287,,,
torus_minus1,RGA Fall 2018 torus-1,5,6,7,6,3.5,4,3.75,0.38,0.48,0.43,10.604,0.8307914246737986,1.5,2,1.75,108,126,117,8.384466925421373,1.096805484335013,0.1308139794802627,,,
torus_minus1,RGA Fall 2018 torus-1,5,6,7,7,3.5,4,3.75,0.38,0.48,0.43,10.604,0.8307914246737986,1.5,2,1.75,126,144,135,5.181665978274819,0.7788903441558491,0.1503165868702275,,,
torus_minus1,RGA Fall 2018 torus-1,5,6,7,8,3.5,4,3.75,0.38,0.48,0.43,10.604,0.8307914246737986,1.5,2,1.75,144,162,153,4.037043045548942,0.7420217616681305,0.1838032820795036,,,
torus_minus1,RGA Fall 2018 torus-1,5,6,7,9,3.5,4,3.75,0.38,0.48,0.43,10.604,0.8307914246737986,1.5,2,1.75,162,180,171,3.926713164922347,0.8365490924134724,0.2130405398302159,,,
torus_minus1,RGA Fall 2018 torus-1,5,6,7,10,3.5,4,3.75,0.38,0.48,0.43,10.604,0.8307914246737986,1.5,2,1.75,180,198,189,2.788904912380085,0.5496965477110353,0.1971012153447417,,,
torus_minus1,RGA Fall 2018 torus-1,5,6,7,11,3.5,4,3.75,0.38,0.48,0.43,10.604,0.8307914246737986,1.5,2,1.75,198,216,207,3.623612014094926,0.7031209107392656,0.1940386851584289,,,
torus_minus1,RGA Fall 2018 torus-1,5,6,7,12,3.5,4,3.75,0.38,0.48,0.43,10.604,0.8307914246737986,1.5,2,1.75,216,234,225,4.070807216681618,0.8150560214989029,0.2002197544897026,,,
torus_minus1,RGA Fall 2018 torus-1,5,6,7,13,3.5,4,3.75,0.38,0.48,0.43,10.604,0.8307914246737986,1.5,2,1.75,234,252,243,5.381746114221611,0.7769248851980249,0.1443629760134821,,,
torus_minus1,RGA Fall 2018 torus-1,5,6,7,14,3.5,4,3.75,0.38,0.48,0.43,10.604,0.8307914246737986,1.5,2,1.75,252,270,261,5.381310418047733,0.8778541691758642,0.1631301859546578,,,
torus_minus1,RGA Fall 2018 torus-1,5,6,7,15,3.5,4,3.75,0.38,0.48,0.43,10.604,0.8307914246737986,1.5,2,1.75,270,288,279,4.406892736693576,0.8326548250108556,0.1889437467079319,,,
torus_minus1,RGA Fall 2018 torus-1,5,6,7,16,3.5,4,3.75,0.38,0.48,0.43,10.604,0.8307914246737986,1.5,2,1.75,288,306,297,4.552103396172427,0.9823385745669322,0.2157988272834307,,,
torus_minus1,RGA Fall 2018 torus-1,5,6,7,17,3.5,4,3.75,0.38,0.48,0.43,10.604,0.8307914246737986,1.5,2,1.75,306,324,315,5.792102518060021,1.089079625874452,0.1880283752710964,,,
torus_minus1,RGA Fall 2018 torus-1,5,6,7,18,3.5,4,3.75,0.38,0.48,0.43,10.604,0.8307914246737986,1.5,2,1.75,324,342,333,2.909838079174791,1.107816414027237,0.3807141098178927,,,
torus_minus1,RGA Fall 2018 torus-1,5,6,7,19,3.5,4,3.75,0.38,0.48,0.43,10.604,0.8307914246737986,1.5,2,1.75,342,360,351,3.221665155380272,1.761373064071847,0.5467275396793808,,,
torus_minus1,RGA Fall 2018 torus-1,5,7,3,0,3.5,4,3.74176772051393,0.48,0.58,0.4898982243395409,10.604,0.8706550417242105,0.3,0.4,0.35,0,18,9,116.190447578486,59.32768370767125,0.5106072396149067,,,
torus_minus1,RGA Fall 2018 torus-1,5,7,3,1,3.5,4,3.74176772051393,0.48,0.58,0.4898982243395409,10.604,0.8706550417242105,0.3,0.4,0.35,18,36,27,40.91944338493818,21.21835165182038,0.5185395962553715,,,
torus_minus1,RGA Fall 2018 torus-1,5,7,3,2,3.5,4,3.74176772051393,0.48,0.58,0.4898982243395409,10.604,0.8706550417242105,0.3,0.4,0.35,36,54,45,47.32171532637128,22.10692794785894,0.46716243896466,,,
torus_minus1,RGA Fall 2018 torus-1,5,7,3,3,3.5,4,3.74176772051393,0.48,0.58,0.4898982243395409,10.604,0.8706550417242105,0.3,0.4,0.35,54,72,63,61.33311391913045,31.19419855475774,0.5086028828715305,,,
torus_minus1,RGA Fall 2018 torus-1,5,7,3,4,3.5,4,3.74176772051393,0.48,0.58,0.4898982243395409,10.604,0.8706550417242105,0.3,0.4,0.35,72,90,81,123.9126860039294,93.95004955866128,0.7581955697068984,,,
torus_minus1,RGA Fall 2018 torus-1,5,7,3,5,3.5,4,3.74176772051393,0.48,0.58,0.4898982243395409,10.604,0.8706550417242105,0.3,0.4,0.35,90,108,99,59.35419611044879,30.15605775529603,0.5080695170932881,,,
torus_minus1,RGA Fall 2018 torus-1,5,7,3,6,3.5,4,3.74176772051393,0.48,0.58,0.4898982243395409,10.604,0.8706550417242105,0.3,0.4,0.35,108,126,117,53.85040826329303,48.56708873116366,0.9018889605015171,,,
torus_minus1,RGA Fall 2018 torus-1,5,7,3,7,3.5,4,3.74176772051393,0.48,0.58,0.4898982243395409,10.604,0.8706550417242105,0.3,0.4,0.35,126,144,135,64.06218459363953,40.12333512609721,0.6263185587661163,,,
torus_minus1,RGA Fall 2018 torus-1,5,7,3,8,3.5,4,3.74176772051393,0.48,0.58,0.4898982243395409,10.604,0.8706550417242105,0.3,0.4,0.35,144,162,153,36.28316257763315,25.13153161513473,0.6926499739751772,,,
torus_minus1,RGA Fall 2018 torus-1,5,7,3,9,3.5,4,3.74176772051393,0.48,0.58,0.4898982243395409,10.604,0.8706550417242105,0.3,0.4,0.35,162,180,171,63.48697718084205,41.63909695526895,0.6558683182640808,,,
torus_minus1,RGA Fall 2018 torus-1,5,7,3,10,3.5,4,3.74176772051393,0.48,0.58,0.4898982243395409,10.604,0.8706550417242105,0.3,0.4,0.35,180,198,189,38.24335944956787,47.50640560136083,1.242213191652483,,,
torus_minus1,RGA Fall 2018 torus-1,5,7,3,11,3.5,4,3.74176772051393,0.48,0.58,0.4898982243395409,10.604,0.8706550417242105,0.3,0.4,0.35,198,216,207,32.74398166705397,47.95240797530564,1.464464782044328,,,
torus_minus1,RGA Fall 2018 torus-1,5,7,3,12,3.5,4,3.74176772051393,0.48,0.58,0.4898982243395409,10.604,0.8706550417242105,0.3,0.4,0.35,216,234,225,36.51952431369899,38.09753636027268,1.043210093127685,,,
torus_minus1,RGA Fall 2018 torus-1,5,7,3,13,3.5,4,3.74176772051393,0.48,0.58,0.4898982243395409,10.604,0.8706550417242105,0.3,0.4,0.35,234,252,243,64.17524911689924,91.10560606780925,1.419637746973988,,,
torus_minus1,RGA Fall 2018 torus-1,5,7,3,14,3.5,4,3.74176772051393,0.48,0.58,0.4898982243395409,10.604,0.8706550417242105,0.3,0.4,0.35,252,270,261,42.53634114597116,40.48251908911774,0.9517160620419759,,,
torus_minus1,RGA Fall 2018 torus-1,5,7,3,15,3.5,4,3.74176772051393,0.48,0.58,0.4898982243395409,10.604,0.8706550417242105,0.3,0.4,0.35,270,288,279,55.43051830054085,36.83319039263025,0.6644929818790971,,,
torus_minus1,RGA Fall 2018 torus-1,5,7,3,16,3.5,4,3.74176772051393,0.48,0.58,0.4898982243395409,10.604,0.8706550417242105,0.3,0.4,0.35,288,306,297,9.627427711302547,11.47378625740063,1.191781086440199,,,
torus_minus1,RGA Fall 2018 torus-1,5,7,3,17,3.5,4,3.74176772051393,0.48,0.58,0.4898982243395409,10.604,0.8706550417242105,0.3,0.4,0.35,306,324,315,8.463958291894896,10.18205579721119,1.202989835968538,,,
torus_minus1,RGA Fall 2018 torus-1,5,7,3,18,3.5,4,3.74176772051393,0.48,0.58,0.4898982243395409,10.604,0.8706550417242105,0.3,0.4,0.35,324,342,333,94.57953668344202,92.64869541114318,0.9795849996732235,,,
torus_minus1,RGA Fall 2018 torus-1,5,7,3,19,3.5,4,3.74176772051393,0.48,0.58,0.4898982243395409,10.604,0.8706550417242105,0.3,0.4,0.35,342,360,351,89.15380576288275,43.19025002526547,0.4844465096659596,,,
torus_minus1,RGA Fall 2018 torus-1,5,7,4,0,3.5,4,3.762711503217832,0.48,0.58,0.5103904019093892,10.604,0.8791798644151622,0.4,0.6,0.5,0,18,9,25.83577352061904,3.914360455609532,0.1515093191417534,,,
torus_minus1,RGA Fall 2018 torus-1,5,7,4,1,3.5,4,3.762711503217832,0.48,0.58,0.5103904019093892,10.604,0.8791798644151622,0.4,0.6,0.5,18,36,27,27.94529076516158,3.98053274409244,0.1424401977972916,,,
torus_minus1,RGA Fall 2018 torus-1,5,7,4,2,3.5,4,3.762711503217832,0.48,0.58,0.5103904019093892,10.604,0.8791798644151622,0.4,0.6,0.5,36,54,45,33.59501807637593,4.375018982004932,0.1302282074103557,,,
torus_minus1,RGA Fall 2018 torus-1,5,7,4,3,3.5,4,3.762711503217832,0.48,0.58,0.5103904019093892,10.604,0.8791798644151622,0.4,0.6,0.5,54,72,63,26.77847555052405,4.594165835155794,0.1715618884461064,,,
torus_minus1,RGA Fall 2018 torus-1,5,7,4,4,3.5,4,3.762711503217832,0.48,0.58,0.5103904019093892,10.604,0.8791798644151622,0.4,0.6,0.5,72,90,81,28.86721551887494,4.198845575208463,0.1454537786113466,,,
torus_minus1,RGA Fall 2018 torus-1,5,7,4,5,3.5,4,3.762711503217832,0.48,0.58,0.5103904019093892,10.604,0.8791798644151622,0.4,0.6,0.5,90,108,99,41.87493092920421,5.166919177970321,0.1233893182225367,,,
torus_minus1,RGA Fall 2018 torus-1,5,7,4,6,3.5,4,3.762711503217832,0.48,0.58,0.5103904019093892,10.604,0.8791798644151622,0.4,0.6,0.5,108,126,117,32.27197963609946,3.841395070832153,0.1190319005573233,,,
torus_minus1,RGA Fall 2018 torus-1,5,7,4,7,3.5,4,3.762711503217832,0.48,0.58,0.5103904019093892,10.604,0.8791798644151622,0.4,0.6,0.5,126,144,135,29.62388885811284,3.809344195047083,0.1285902810833646,,,
torus_minus1,RGA Fall 2018 torus-1,5,7,4,8,3.5,4,3.762711503217832,0.48,0.58,0.5103904019093892,10.604,0.8791798644151622,0.4,0.6,0.5,144,162,153,23.94454295848241,3.882229891727103,0.1621342240049654,,,
torus_minus1,RGA Fall 2018 torus-1,5,7,4,9,3.5,4,3.762711503217832,0.48,0.58,0.5103904019093892,10.604,0.8791798644151622,0.4,0.6,0.5,162,180,171,23.82480636668195,5.761336488538908,0.2418209155561452,,,
torus_minus1,RGA Fall 2018 torus-1,5,7,4,10,3.5,4,3.762711503217832,0.48,0.58,0.5103904019093892,10.604,0.8791798644151622,0.4,0.6,0.5,180,198,189,24.1393630559182,6.855903197802543,0.2840134257859672,,,
torus_minus1,RGA Fall 2018 torus-1,5,7,4,11,3.5,4,3.762711503217832,0.48,0.58,0.5103904019093892,10.604,0.8791798644151622,0.4,0.6,0.5,198,216,207,29.27617807921449,5.081997005866545,0.1735881299845851,,,
torus_minus1,RGA Fall 2018 torus-1,5,7,4,12,3.5,4,3.762711503217832,0.48,0.58,0.5103904019093892,10.604,0.8791798644151622,0.4,0.6,0.5,216,234,225,31.00747417012845,4.377541737888868,0.1411769857122398,,,
torus_minus1,RGA Fall 2018 torus-1,5,7,4,13,3.5,4,3.762711503217832,0.48,0.58,0.5103904019093892,10.604,0.8791798644151622,0.4,0.6,0.5,234,252,243,33.28957687206962,4.526496848851512,0.1359733969057835,,,
torus_minus1,RGA Fall 2018 torus-1,5,7,4,14,3.5,4,3.762711503217832,0.48,0.58,0.5103904019093892,10.604,0.8791798644151622,0.4,0.6,0.5,252,270,261,33.06900960097438,4.519319340885414,0.1366632806793298,,,
torus_minus1,RGA Fall 2018 torus-1,5,7,4,15,3.5,4,3.762711503217832,0.48,0.58,0.5103904019093892,10.604,0.8791798644151622,0.4,0.6,0.5,270,288,279,40.29219568497793,5.744046650626591,0.1425597824337018,,,
torus_minus1,RGA Fall 2018 torus-1,5,7,4,16,3.5,4,3.762711503217832,0.48,0.58,0.5103904019093892,10.604,0.8791798644151622,0.4,0.6,0.5,288,306,297,36.43441686261252,4.979779752482242,0.1366779046103599,,,
torus_minus1,RGA Fall 2018 torus-1,5,7,4,17,3.5,4,3.762711503217832,0.48,0.58,0.5103904019093892,10.604,0.8791798644151622,0.4,0.6,0.5,306,324,315,29.97259528943874,4.976338384118925,0.1660296125865486,,,
torus_minus1,RGA Fall 2018 torus-1,5,7,4,18,3.5,4,3.762711503217832,0.48,0.58,0.5103904019093892,10.604,0.8791798644151622,0.4,0.6,0.5,324,342,333,23.82496704402715,4.352216748752927,0.1826746177952852,,,
torus_minus1,RGA Fall 2018 torus-1,5,7,4,19,3.5,4,3.762711503217832,0.48,0.58,0.5103904019093892,10.604,0.8791798644151622,0.4,0.6,0.5,342,360,351,34.47786234057302,5.226716613825544,0.1515963072825088,,,
torus_minus1,RGA Fall 2018 torus-1,5,7,5,0,3.5,4,3.770418774592468,0.48,0.58,0.5136115795390669,10.604,0.8801233478898941,0.6,1,0.8,0,18,9,25.41353108743633,2.721512457193691,0.1070891112230808,,,
torus_minus1,RGA Fall 2018 torus-1,5,7,5,1,3.5,4,3.770418774592468,0.48,0.58,0.5136115795390669,10.604,0.8801233478898941,0.6,1,0.8,18,36,27,27.52943824378083,3.653538187274141,0.1327138663317807,,,
torus_minus1,RGA Fall 2018 torus-1,5,7,5,2,3.5,4,3.770418774592468,0.48,0.58,0.5136115795390669,10.604,0.8801233478898941,0.6,1,0.8,36,54,45,27.42625919915399,3.685078864631173,0.134363160424913,,,
torus_minus1,RGA Fall 2018 torus-1,5,7,5,3,3.5,4,3.770418774592468,0.48,0.58,0.5136115795390669,10.604,0.8801233478898941,0.6,1,0.8,54,72,63,29.85700127352753,3.796480014047746,0.127155435981907,,,
torus_minus1,RGA Fall 2018 torus-1,5,7,5,4,3.5,4,3.770418774592468,0.48,0.58,0.5136115795390669,10.604,0.8801233478898941,0.6,1,0.8,72,90,81,34.67713171644279,4.105265379795315,0.1183853789686051,,,
torus_minus1,RGA Fall 2018 torus-1,5,7,5,5,3.5,4,3.770418774592468,0.48,0.58,0.5136115795390669,10.604,0.8801233478898941,0.6,1,0.8,90,108,99,33.79560388759325,3.110677177291196,0.09204384060239151,,,
torus_minus1,RGA Fall 2018 torus-1,5,7,5,6,3.5,4,3.770418774592468,0.48,0.58,0.5136115795390669,10.604,0.8801233478898941,0.6,1,0.8,108,126,117,37.7846311025267,3.045935948442487,0.08061309213731616,,,
torus_minus1,RGA Fall 2018 torus-1,5,7,5,7,3.5,4,3.770418774592468,0.48,0.58,0.5136115795390669,10.604,0.8801233478898941,0.6,1,0.8,126,144,135,29.30027334837689,2.566582336046731,0.08759584955165303,,,
torus_minus1,RGA Fall 2018 torus-1,5,7,5,8,3.5,4,3.770418774592468,0.48,0.58,0.5136115795390669,10.604,0.8801233478898941,0.6,1,0.8,144,162,153,26.13139991138063,2.688698092507173,0.1028914677983326,,,
torus_minus1,RGA Fall 2018 torus-1,5,7,5,9,3.5,4,3.770418774592468,0.48,0.58,0.5136115795390669,10.604,0.8801233478898941,0.6,1,0.8,162,180,171,26.66125369031204,5.953178945740686,0.2232895352518215,,,
torus_minus1,RGA Fall 2018 torus-1,5,7,5,10,3.5,4,3.770418774592468,0.48,0.58,0.5136115795390669,10.604,0.8801233478898941,0.6,1,0.8,180,198,189,20.1782671736918,4.845663251989331,0.2401426847151203,,,
torus_minus1,RGA Fall 2018 torus-1,5,7,5,11,3.5,4,3.770418774592468,0.48,0.58,0.5136115795390669,10.604,0.8801233478898941,0.6,1,0.8,198,216,207,22.60129575153704,2.50073389528315,0.1106455984990632,,,
torus_minus1,RGA Fall 2018 torus-1,5,7,5,12,3.5,4,3.770418774592468,0.48,0.58,0.5136115795390669,10.604,0.8801233478898941,0.6,1,0.8,216,234,225,31.73585390426609,3.115570583508996,0.09817194750478057,,,
torus_minus1,RGA Fall 2018 torus-1,5,7,5,13,3.5,4,3.770418774592468,0.48,0.58,0.5136115795390669,10.604,0.8801233478898941,0.6,1,0.8,234,252,243,38.57319860378807,3.911064514994369,0.1013933159955857,,,
torus_minus1,RGA Fall 2018 torus-1,5,7,5,14,3.5,4,3.770418774592468,0.48,0.58,0.5136115795390669,10.604,0.8801233478898941,0.6,1,0.8,252,270,261,39.45928096663135,4.579331916172602,0.116052087214795,,,
torus_minus1,RGA Fall 2018 torus-1,5,7,5,15,3.5,4,3.770418774592468,0.48,0.58,0.5136115795390669,10.604,0.8801233478898941,0.6,1,0.8,270,288,279,33.53455932494781,3.790970935958779,0.1130466901092841,,,
torus_minus1,RGA Fall 2018 torus-1,5,7,5,16,3.5,4,3.770418774592468,0.48,0.58,0.5136115795390669,10.604,0.8801233478898941,0.6,1,0.8,288,306,297,43.90966121812261,5.351265404014407,0.1218698859331168,,,
torus_minus1,RGA Fall 2018 torus-1,5,7,5,17,3.5,4,3.770418774592468,0.48,0.58,0.5136115795390669,10.604,0.8801233478898941,0.6,1,0.8,306,324,315,28.16927735913648,4.704806940120236,0.1670190853722511,,,
torus_minus1,RGA Fall 2018 torus-1,5,7,5,18,3.5,4,3.770418774592468,0.48,0.58,0.5136115795390669,10.604,0.8801233478898941,0.6,1,0.8,324,342,333,23.3534248155833,3.76898340334521,0.161388894053357,,,
torus_minus1,RGA Fall 2018 torus-1,5,7,5,19,3.5,4,3.770418774592468,0.48,0.58,0.5136115795390669,10.604,0.8801233478898941,0.6,1,0.8,342,360,351,25.66408691478497,2.96793348469346,0.1156453956280691,,,
torus_minus1,RGA Fall 2018 torus-1,5,7,6,0,3.5,4,3.770418774592468,0.48,0.58,0.5136115795390669,10.604,0.8801233478898941,1,1.5,1.25,0,18,9,9.481329557288358,1.705291087495025,0.1798578012916086,,,
torus_minus1,RGA Fall 2018 torus-1,5,7,6,1,3.5,4,3.770418774592468,0.48,0.58,0.5136115795390669,10.604,0.8801233478898941,1,1.5,1.25,18,36,27,12.37540051215055,2.470261496113703,0.199610630273204,,,
torus_minus1,RGA Fall 2018 torus-1,5,7,6,2,3.5,4,3.770418774592468,0.48,0.58,0.5136115795390669,10.604,0.8801233478898941,1,1.5,1.25,36,54,45,19.52433488381597,3.24954998008542,0.1664358862630974,,,
torus_minus1,RGA Fall 2018 torus-1,5,7,6,3,3.5,4,3.770418774592468,0.48,0.58,0.5136115795390669,10.604,0.8801233478898941,1,1.5,1.25,54,72,63,15.75694043755787,3.062470552375311,0.1943569289045276,,,
torus_minus1,RGA Fall 2018 torus-1,5,7,6,4,3.5,4,3.770418774592468,0.48,0.58,0.5136115795390669,10.604,0.8801233478898941,1,1.5,1.25,72,90,81,14.18892821314829,2.444724976425278,0.1722980721094813,,,
torus_minus1,RGA Fall 2018 torus-1,5,7,6,5,3.5,4,3.770418774592468,0.48,0.58,0.5136115795390669,10.604,0.8801233478898941,1,1.5,1.25,90,108,99,26.3388835900377,3.146355450355141,0.1194566747523499,,,
torus_minus1,RGA Fall 2018 torus-1,5,7,6,6,3.5,4,3.770418774592468,0.48,0.58,0.5136115795390669,10.604,0.8801233478898941,1,1.5,1.25,108,126,117,23.28278425899024,2.496964112085125,0.1072450822165294,,,
torus_minus1,RGA Fall 2018 torus-1,5,7,6,7,3.5,4,3.770418774592468,0.48,0.58,0.5136115795390669,10.604,0.8801233478898941,1,1.5,1.25,126,144,135,20.60965487597563,2.138817945753467,0.103777475102053,,,
torus_minus1,RGA Fall 2018 torus-1,5,7,6,8,3.5,4,3.770418774592468,0.48,0.58,0.5136115795390669,10.604,0.8801233478898941,1,1.5,1.25,144,162,153,11.6420426026939,1.761001873612481,0.1512622770513651,,,
torus_minus1,RGA Fall 2018 torus-1,5,7,6,9,3.5,4,3.770418774592468,0.48,0.58,0.5136115795390669,10.604,0.8801233478898941,1,1.5,1.25,162,180,171,8.54656101652324,2.295627216820444,0.2686024486787447,,,
torus_minus1,RGA Fall 2018 torus-1,5,7,6,10,3.5,4,3.770418774592468,0.48,0.58,0.5136115795390669,10.604,0.8801233478898941,1,1.5,1.25,180,198,189,15.4200101171449,3.717552114577266,0.2410862305754176,,,
torus_minus1,RGA Fall 2018 torus-1,5,7,6,11,3.5,4,3.770418774592468,0.48,0.58,0.5136115795390669,10.604,0.8801233478898941,1,1.5,1.25,198,216,207,14.02695665036911,2.128500384991012,0.1517435633434428,,,
torus_minus1,RGA Fall 2018 torus-1,5,7,6,12,3.5,4,3.770418774592468,0.48,0.58,0.5136115795390669,10.604,0.8801233478898941,1,1.5,1.25,216,234,225,18.09312860042169,2.324181658444233,0.1284565930952408,,,
torus_minus1,RGA Fall 2018 torus-1,5,7,6,13,3.5,4,3.770418774592468,0.48,0.58,0.5136115795390669,10.604,0.8801233478898941,1,1.5,1.25,234,252,243,19.74725654869836,2.4030276328549,0.121689188922463,,,
torus_minus1,RGA Fall 2018 torus-1,5,7,6,14,3.5,4,3.770418774592468,0.48,0.58,0.5136115795390669,10.604,0.8801233478898941,1,1.5,1.25,252,270,261,24.18469387000869,2.516175451495383,0.1040399959172392,,,
torus_minus1,RGA Fall 2018 torus-1,5,7,6,15,3.5,4,3.770418774592468,0.48,0.58,0.5136115795390669,10.604,0.8801233478898941,1,1.5,1.25,270,288,279,18.75521908619172,2.731973263110089,0.145664694747366,,,
torus_minus1,RGA Fall 2018 torus-1,5,7,6,16,3.5,4,3.770418774592468,0.48,0.58,0.5136115795390669,10.604,0.8801233478898941,1,1.5,1.25,288,306,297,17.3398018288907,3.231160179007511,0.186343547111589,,,
torus_minus1,RGA Fall 2018 torus-1,5,7,6,17,3.5,4,3.770418774592468,0.48,0.58,0.5136115795390669,10.604,0.8801233478898941,1,1.5,1.25,306,324,315,17.72700721484807,3.431585158853574,0.1935794980654881,,,
torus_minus1,RGA Fall 2018 torus-1,5,7,6,18,3.5,4,3.770418774592468,0.48,0.58,0.5136115795390669,10.604,0.8801233478898941,1,1.5,1.25,324,342,333,17.81165561271211,4.172131956488587,0.2342360557157276,,,
torus_minus1,RGA Fall 2018 torus-1,5,7,6,19,3.5,4,3.770418774592468,0.48,0.58,0.5136115795390669,10.604,0.8801233478898941,1,1.5,1.25,342,360,351,12.29711434122974,2.076072525842219,0.1688259918736843,,,
torus_minus1,RGA Fall 2018 torus-1,5,7,7,0,3.5,4,3.770418774592468,0.48,0.58,0.5136115795390669,10.604,0.8801233478898941,1.5,2,1.75,0,18,9,4.16076953292038,1.766841863060546,0.4246430495804047,,,
torus_minus1,RGA Fall 2018 torus-1,5,7,7,1,3.5,4,3.770418774592468,0.48,0.58,0.5136115795390669,10.604,0.8801233478898941,1.5,2,1.75,18,36,27,4.434923412306248,2.281202835229297,0.5143725433677842,,,
torus_minus1,RGA Fall 2018 torus-1,5,7,7,2,3.5,4,3.770418774592468,0.48,0.58,0.5136115795390669,10.604,0.8801233478898941,1.5,2,1.75,36,54,45,8.932023066906806,2.918163246827477,0.3267079837309521,,,
torus_minus1,RGA Fall 2018 torus-1,5,7,7,3,3.5,4,3.770418774592468,0.48,0.58,0.5136115795390669,10.604,0.8801233478898941,1.5,2,1.75,54,72,63,11.22379465658905,3.259872277622132,0.2904429720396201,,,
torus_minus1,RGA Fall 2018 torus-1,5,7,7,4,3.5,4,3.770418774592468,0.48,0.58,0.5136115795390669,10.604,0.8801233478898941,1.5,2,1.75,72,90,81,12.0195745183897,2.201741389282971,0.1831796446633241,,,
torus_minus1,RGA Fall 2018 torus-1,5,7,7,5,3.5,4,3.770418774592468,0.48,0.58,0.5136115795390669,10.604,0.8801233478898941,1.5,2,1.75,90,108,99,11.72615455587466,2.282685082830462,0.1946661262184085,,,
torus_minus1,RGA Fall 2018 torus-1,5,7,7,6,3.5,4,3.770418774592468,0.48,0.58,0.5136115795390669,10.604,0.8801233478898941,1.5,2,1.75,108,126,117,13.3469752868158,2.372968594860602,0.1777907386405841,,,
torus_minus1,RGA Fall 2018 torus-1,5,7,7,7,3.5,4,3.770418774592468,0.48,0.58,0.5136115795390669,10.604,0.8801233478898941,1.5,2,1.75,126,144,135,12.70282279875935,3.103919434895047,0.2443487942851725,,,
torus_minus1,RGA Fall 2018 torus-1,5,7,7,8,3.5,4,3.770418774592468,0.48,0.58,0.5136115795390669,10.604,0.8801233478898941,1.5,2,1.75,144,162,153,4.711218565411179,2.341949038904037,0.4971004860819146,,,
torus_minus1,RGA Fall 2018 torus-1,5,7,7,9,3.5,4,3.770418774592468,0.48,0.58,0.5136115795390669,10.604,0.8801233478898941,1.5,2,1.75,162,180,171,2.176531131570368,1.795285611307601,0.8248380118561877,,,
torus_minus1,RGA Fall 2018 torus-1,5,7,7,11,3.5,4,3.770418774592468,0.48,0.58,0.5136115795390669,10.604,0.8801233478898941,1.5,2,1.75,198,216,207,6.04790696162388,3.572661366959961,0.5907269059576755,,,
torus_minus1,RGA Fall 2018 torus-1,5,7,7,12,3.5,4,3.770418774592468,0.48,0.58,0.5136115795390669,10.604,0.8801233478898941,1.5,2,1.75,216,234,225,7.805569745319134,2.015927561741406,0.2582678302183288,,,
torus_minus1,RGA Fall 2018 torus-1,5,7,7,13,3.5,4,3.770418774592468,0.48,0.58,0.5136115795390669,10.604,0.8801233478898941,1.5,2,1.75,234,252,243,10.466821559234,2.070256557222578,0.1977922854141107,,,
torus_minus1,RGA Fall 2018 torus-1,5,7,7,14,3.5,4,3.770418774592468,0.48,0.58,0.5136115795390669,10.604,0.8801233478898941,1.5,2,1.75,252,270,261,9.311803234580738,1.553878228386181,0.1668718925047329,,,
torus_minus1,RGA Fall 2018 torus-1,5,7,7,15,3.5,4,3.770418774592468,0.48,0.58,0.5136115795390669,10.604,0.8801233478898941,1.5,2,1.75,270,288,279,11.72976649784284,2.060445865067251,0.1756595807296059,,,
torus_minus1,RGA Fall 2018 torus-1,5,7,7,16,3.5,4,3.770418774592468,0.48,0.58,0.5136115795390669,10.604,0.8801233478898941,1.5,2,1.75,288,306,297,9.747549638381885,1.87991473839579,0.1928602375096866,,,
torus_minus1,RGA Fall 2018 torus-1,5,7,7,17,3.5,4,3.770418774592468,0.48,0.58,0.5136115795390669,10.604,0.8801233478898941,1.5,2,1.75,306,324,315,8.362313876066892,2.090194546389052,0.2499540889479442,,,
torus_minus1,RGA Fall 2018 torus-1,5,7,7,18,3.5,4,3.770418774592468,0.48,0.58,0.5136115795390669,10.604,0.8801233478898941,1.5,2,1.75,324,342,333,6.613850904634328,2.609651533849425,0.3945736865675097,,,
torus_minus1,RGA Fall 2018 torus-1,5,7,7,19,3.5,4,3.770418774592468,0.48,0.58,0.5136115795390669,10.604,0.8801233478898941,1.5,2,1.75,342,360,351,5.690591636218431,2.579825705841116,0.4533492948995875,,,
torus_minus1,RGA Fall 2018 torus-1,6,4,2,0,4,4.6,4.245107438016528,0.25,0.3,0.2815,10.604,0.4319467140215725,0.2,0.3,0.25,0,18,9,11.56503970533987,8.292753171795228,0.7170535841711166,,,
torus_minus1,RGA Fall 2018 torus-1,6,4,2,1,4,4.6,4.245107438016528,0.25,0.3,0.2815,10.604,0.4319467140215725,0.2,0.3,0.25,18,36,27,19.34456781855772,12.90622309259621,0.6671755716462662,,,
torus_minus1,RGA Fall 2018 torus-1,6,4,2,2,4,4.6,4.245107438016528,0.25,0.3,0.2815,10.604,0.4319467140215725,0.2,0.3,0.25,36,54,45,17.99016919714657,13.45899189348939,0.7481303675356274,,,
torus_minus1,RGA Fall 2018 torus-1,6,4,2,3,4,4.6,4.245107438016528,0.25,0.3,0.2815,10.604,0.4319467140215725,0.2,0.3,0.25,54,72,63,10.40265898670458,7.795530505317525,0.7493786459097458,,,
torus_minus1,RGA Fall 2018 torus-1,6,4,2,4,4,4.6,4.245107438016528,0.25,0.3,0.2815,10.604,0.4319467140215725,0.2,0.3,0.25,72,90,81,2.683393244685911,8.700794925121098,3.242459875141975,,,
torus_minus1,RGA Fall 2018 torus-1,6,4,2,5,4,4.6,4.245107438016528,0.25,0.3,0.2815,10.604,0.4319467140215725,0.2,0.3,0.25,90,108,99,21.90005103619227,15.16680635582795,0.6925466215016176,,,
torus_minus1,RGA Fall 2018 torus-1,6,4,2,6,4,4.6,4.245107438016528,0.25,0.3,0.2815,10.604,0.4319467140215725,0.2,0.3,0.25,108,126,117,10.80652978890055,8.656466164911219,0.8010403278397776,,,
torus_minus1,RGA Fall 2018 torus-1,6,4,2,8,4,4.6,4.245107438016528,0.25,0.3,0.2815,10.604,0.4319467140215725,0.2,0.3,0.25,144,162,153,8.201730894825745,6.733966537071866,0.8210421218916298,,,
torus_minus1,RGA Fall 2018 torus-1,6,4,2,9,4,4.6,4.245107438016528,0.25,0.3,0.2815,10.604,0.4319467140215725,0.2,0.3,0.25,162,180,171,5.329251352860294,5.243775668484147,0.9839610334141452,,,
torus_minus1,RGA Fall 2018 torus-1,6,4,2,10,4,4.6,4.245107438016528,0.25,0.3,0.2815,10.604,0.4319467140215725,0.2,0.3,0.25,180,198,189,7.052923974984957,6.52480575656773,0.9251206704778987,,,
torus_minus1,RGA Fall 2018 torus-1,6,4,2,11,4,4.6,4.245107438016528,0.25,0.3,0.2815,10.604,0.4319467140215725,0.2,0.3,0.25,198,216,207,6.992393626363118,7.43787883785919,1.06370997333681,,,
torus_minus1,RGA Fall 2018 torus-1,6,4,2,17,4,4.6,4.245107438016528,0.25,0.3,0.2815,10.604,0.4319467140215725,0.2,0.3,0.25,306,324,315,10.57403869702183,7.32559706746725,0.6927908320905333,,,
torus_minus1,RGA Fall 2018 torus-1,6,4,2,18,4,4.6,4.245107438016528,0.25,0.3,0.2815,10.604,0.4319467140215725,0.2,0.3,0.25,324,342,333,32.20993429042885,15.19568753415673,0.4717702121693589,,,
torus_minus1,RGA Fall 2018 torus-1,6,4,2,19,4,4.6,4.245107438016528,0.25,0.3,0.2815,10.604,0.4319467140215725,0.2,0.3,0.25,342,360,351,7.67296336035794,6.871442648912508,0.8955396143833479,,,
torus_minus1,RGA Fall 2018 torus-1,6,4,3,0,4,4.6,4.245107438016528,0.25,0.3,0.2815,10.604,0.4319467140215725,0.3,0.4,0.35,0,18,9,9.062265757017604,4.680084221080871,0.5164364350556289,,,
torus_minus1,RGA Fall 2018 torus-1,6,4,3,1,4,4.6,4.245107438016528,0.25,0.3,0.2815,10.604,0.4319467140215725,0.3,0.4,0.35,18,36,27,3.830243351158656,3.669655235712026,0.9580736520571072,,,
torus_minus1,RGA Fall 2018 torus-1,6,4,3,2,4,4.6,4.245107438016528,0.25,0.3,0.2815,10.604,0.4319467140215725,0.3,0.4,0.35,36,54,45,6.020680944909744,6.308724747748578,1.047842396146629,,,
torus_minus1,RGA Fall 2018 torus-1,6,4,3,4,4,4.6,4.245107438016528,0.25,0.3,0.2815,10.604,0.4319467140215725,0.3,0.4,0.35,72,90,81,6.647248129835204,6.091595669374392,0.91640864766777,,,
torus_minus1,RGA Fall 2018 torus-1,6,4,3,5,4,4.6,4.245107438016528,0.25,0.3,0.2815,10.604,0.4319467140215725,0.3,0.4,0.35,90,108,99,9.434496668277321,5.42723567097789,0.5752543947814938,,,
torus_minus1,RGA Fall 2018 torus-1,6,4,3,6,4,4.6,4.245107438016528,0.25,0.3,0.2815,10.604,0.4319467140215725,0.3,0.4,0.35,108,126,117,3.348738152692028,2.987596603766941,0.8921559308437513,,,
torus_minus1,RGA Fall 2018 torus-1,6,4,3,7,4,4.6,4.245107438016528,0.25,0.3,0.2815,10.604,0.4319467140215725,0.3,0.4,0.35,126,144,135,9.636004949776277,7.807070792576623,0.8101978810998725,,,
torus_minus1,RGA Fall 2018 torus-1,6,4,3,8,4,4.6,4.245107438016528,0.25,0.3,0.2815,10.604,0.4319467140215725,0.3,0.4,0.35,144,162,153,1.541011276095378,1.707586470676589,1.108094727900551,,,
torus_minus1,RGA Fall 2018 torus-1,6,4,3,9,4,4.6,4.245107438016528,0.25,0.3,0.2815,10.604,0.4319467140215725,0.3,0.4,0.35,162,180,171,2.397989809172886,1.802339815341594,0.7516044515482143,,,
torus_minus1,RGA Fall 2018 torus-1,6,4,3,10,4,4.6,4.245107438016528,0.25,0.3,0.2815,10.604,0.4319467140215725,0.3,0.4,0.35,180,198,189,4.222261437004771,2.48626598806819,0.5888470018170932,,,
torus_minus1,RGA Fall 2018 torus-1,6,4,3,11,4,4.6,4.245107438016528,0.25,0.3,0.2815,10.604,0.4319467140215725,0.3,0.4,0.35,198,216,207,3.457862712809714,2.947568725604624,0.8524250296824402,,,
torus_minus1,RGA Fall 2018 torus-1,6,4,3,12,4,4.6,4.245107438016528,0.25,0.3,0.2815,10.604,0.4319467140215725,0.3,0.4,0.35,216,234,225,16.01865843844166,12.29434651500668,0.7675016333142259,,,
torus_minus1,RGA Fall 2018 torus-1,6,4,3,13,4,4.6,4.245107438016528,0.25,0.3,0.2815,10.604,0.4319467140215725,0.3,0.4,0.35,234,252,243,5.700041401163974,6.603424579236904,1.158487125705518,,,
torus_minus1,RGA Fall 2018 torus-1,6,4,3,15,4,4.6,4.245107438016528,0.25,0.3,0.2815,10.604,0.4319467140215725,0.3,0.4,0.35,270,288,279,29.2693690599407,15.51128345472314,0.5299493618382275,,,
torus_minus1,RGA Fall 2018 torus-1,6,4,3,16,4,4.6,4.245107438016528,0.25,0.3,0.2815,10.604,0.4319467140215725,0.3,0.4,0.35,288,306,297,7.75244851232535,7.141518884850358,0.9211952679848571,,,
torus_minus1,RGA Fall 2018 torus-1,6,4,3,17,4,4.6,4.245107438016528,0.25,0.3,0.2815,10.604,0.4319467140215725,0.3,0.4,0.35,306,324,315,7.799717024384011,6.69717437982542,0.8586432506318183,,,
torus_minus1,RGA Fall 2018 torus-1,6,4,3,18,4,4.6,4.245107438016528,0.25,0.3,0.2815,10.604,0.4319467140215725,0.3,0.4,0.35,324,342,333,11.10953305000611,7.501165124999538,0.6752007569746966,,,
torus_minus1,RGA Fall 2018 torus-1,6,4,3,19,4,4.6,4.245107438016528,0.25,0.3,0.2815,10.604,0.4319467140215725,0.3,0.4,0.35,342,360,351,3.013792344301232,2.119798774284577,0.7033659031926655,,,
torus_minus1,RGA Fall 2018 torus-1,6,4,4,0,4,4.6,4.245107438016528,0.25,0.3,0.2815,10.604,0.4319467140215725,0.4,0.6,0.5,0,18,9,11.23487340104025,4.530262002763797,0.4032321363180054,,,
torus_minus1,RGA Fall 2018 torus-1,6,4,4,1,4,4.6,4.245107438016528,0.25,0.3,0.2815,10.604,0.4319467140215725,0.4,0.6,0.5,18,36,27,3.763569661943206,1.497336196795098,0.3978500018044021,,,
torus_minus1,RGA Fall 2018 torus-1,6,4,4,3,4,4.6,4.245107438016528,0.25,0.3,0.2815,10.604,0.4319467140215725,0.4,0.6,0.5,54,72,63,7.993858505538711,5.652730229889918,0.7071341362839118,,,
torus_minus1,RGA Fall 2018 torus-1,6,4,4,4,4,4.6,4.245107438016528,0.25,0.3,0.2815,10.604,0.4319467140215725,0.4,0.6,0.5,72,90,81,8.935806569313238,3.660520366420554,0.4096463299677137,,,
torus_minus1,RGA Fall 2018 torus-1,6,4,4,5,4,4.6,4.245107438016528,0.25,0.3,0.2815,10.604,0.4319467140215725,0.4,0.6,0.5,90,108,99,10.81105845871014,4.231064057211929,0.391364460137859,,,
torus_minus1,RGA Fall 2018 torus-1,6,4,4,6,4,4.6,4.245107438016528,0.25,0.3,0.2815,10.604,0.4319467140215725,0.4,0.6,0.5,108,126,117,4.135777816084825,2.948881848194173,0.7130174732127563,,,
torus_minus1,RGA Fall 2018 torus-1,6,4,4,7,4,4.6,4.245107438016528,0.25,0.3,0.2815,10.604,0.4319467140215725,0.4,0.6,0.5,126,144,135,5.506007348590828,2.224042602283496,0.4039301914213216,,,
torus_minus1,RGA Fall 2018 torus-1,6,4,4,8,4,4.6,4.245107438016528,0.25,0.3,0.2815,10.604,0.4319467140215725,0.4,0.6,0.5,144,162,153,9.705442040817152,3.625205393007706,0.3735229552411485,,,
torus_minus1,RGA Fall 2018 torus-1,6,4,4,9,4,4.6,4.245107438016528,0.25,0.3,0.2815,10.604,0.4319467140215725,0.4,0.6,0.5,162,180,171,7.001931097821047,2.877854198503886,0.4110086429441522,,,
torus_minus1,RGA Fall 2018 torus-1,6,4,4,10,4,4.6,4.245107438016528,0.25,0.3,0.2815,10.604,0.4319467140215725,0.4,0.6,0.5,180,198,189,1.94205198233216,1.265958083107916,0.6518662191460288,,,
torus_minus1,RGA Fall 2018 torus-1,6,4,4,11,4,4.6,4.245107438016528,0.25,0.3,0.2815,10.604,0.4319467140215725,0.4,0.6,0.5,198,216,207,3.868278529563563,2.883368221257912,0.745387954673271,,,
torus_minus1,RGA Fall 2018 torus-1,6,4,4,12,4,4.6,4.245107438016528,0.25,0.3,0.2815,10.604,0.4319467140215725,0.4,0.6,0.5,216,234,225,13.74708903266871,8.38313251969203,0.6098114662508023,,,
torus_minus1,RGA Fall 2018 torus-1,6,4,4,13,4,4.6,4.245107438016528,0.25,0.3,0.2815,10.604,0.4319467140215725,0.4,0.6,0.5,234,252,243,5.971408885858983,3.520528901269995,0.5895641997664961,,,
torus_minus1,RGA Fall 2018 torus-1,6,4,4,14,4,4.6,4.245107438016528,0.25,0.3,0.2815,10.604,0.4319467140215725,0.4,0.6,0.5,252,270,261,5.134828295585031,2.888442175083137,0.5625197200005001,,,
torus_minus1,RGA Fall 2018 torus-1,6,4,4,15,4,4.6,4.245107438016528,0.25,0.3,0.2815,10.604,0.4319467140215725,0.4,0.6,0.5,270,288,279,7.156699009559568,5.396909792303317,0.7541060180251243,,,
torus_minus1,RGA Fall 2018 torus-1,6,4,4,16,4,4.6,4.245107438016528,0.25,0.3,0.2815,10.604,0.4319467140215725,0.4,0.6,0.5,288,306,297,10.96619692592323,7.857814933038582,0.7165487712940232,,,
torus_minus1,RGA Fall 2018 torus-1,6,4,4,17,4,4.6,4.245107438016528,0.25,0.3,0.2815,10.604,0.4319467140215725,0.4,0.6,0.5,306,324,315,4.823205569459427,2.917594057714124,0.6049076730604954,,,
torus_minus1,RGA Fall 2018 torus-1,6,4,4,18,4,4.6,4.245107438016528,0.25,0.3,0.2815,10.604,0.4319467140215725,0.4,0.6,0.5,324,342,333,3.855783925644674,2.337519439299047,0.6062371451243139,,,
torus_minus1,RGA Fall 2018 torus-1,6,4,4,19,4,4.6,4.245107438016528,0.25,0.3,0.2815,10.604,0.4319467140215725,0.4,0.6,0.5,342,360,351,5.144091554036963,1.961993403973419,0.3814071704135384,,,
torus_minus1,RGA Fall 2018 torus-1,6,4,5,0,4,4.6,4.245107438016528,0.25,0.3,0.2815,10.604,0.4319467140215725,0.6,1,0.8,0,18,9,2.362701396004342,1.594526484560794,0.6748743143155375,,,
torus_minus1,RGA Fall 2018 torus-1,6,4,5,1,4,4.6,4.245107438016528,0.25,0.3,0.2815,10.604,0.4319467140215725,0.6,1,0.8,18,36,27,4.031076932056799,1.26067266935358,0.3127384296062888,,,
torus_minus1,RGA Fall 2018 torus-1,6,4,5,2,4,4.6,4.245107438016528,0.25,0.3,0.2815,10.604,0.4319467140215725,0.6,1,0.8,36,54,45,2.605158059411398,2.02033584551686,0.7755137306230584,,,
torus_minus1,RGA Fall 2018 torus-1,6,4,5,3,4,4.6,4.245107438016528,0.25,0.3,0.2815,10.604,0.4319467140215725,0.6,1,0.8,54,72,63,1.627454980344438,1.775151393762218,1.090752994830322,,,
torus_minus1,RGA Fall 2018 torus-1,6,4,5,4,4,4.6,4.245107438016528,0.25,0.3,0.2815,10.604,0.4319467140215725,0.6,1,0.8,72,90,81,6.055366434734192,3.122509531207998,0.5156598803495968,,,
torus_minus1,RGA Fall 2018 torus-1,6,4,5,5,4,4.6,4.245107438016528,0.25,0.3,0.2815,10.604,0.4319467140215725,0.6,1,0.8,90,108,99,3.561646616228752,1.577627168635386,0.4429488207636547,,,
torus_minus1,RGA Fall 2018 torus-1,6,4,5,6,4,4.6,4.245107438016528,0.25,0.3,0.2815,10.604,0.4319467140215725,0.6,1,0.8,108,126,117,1.761772309165898,0.989900904611269,0.5618778882271868,,,
torus_minus1,RGA Fall 2018 torus-1,6,4,5,7,4,4.6,4.245107438016528,0.25,0.3,0.2815,10.604,0.4319467140215725,0.6,1,0.8,126,144,135,2.658397636792575,1.432243136610231,0.538761815308514,,,
torus_minus1,RGA Fall 2018 torus-1,6,4,5,8,4,4.6,4.245107438016528,0.25,0.3,0.2815,10.604,0.4319467140215725,0.6,1,0.8,144,162,153,1.677555429492797,0.6603982166266442,0.3936670020055989,,,
torus_minus1,RGA Fall 2018 torus-1,6,4,5,9,4,4.6,4.245107438016528,0.25,0.3,0.2815,10.604,0.4319467140215725,0.6,1,0.8,162,180,171,2.505009308311984,0.9320421756852647,0.3720713422471579,,,
torus_minus1,RGA Fall 2018 torus-1,6,4,5,10,4,4.6,4.245107438016528,0.25,0.3,0.2815,10.604,0.4319467140215725,0.6,1,0.8,180,198,189,0.6510934293834799,0.4799528396083995,0.7371489527437969,,,
torus_minus1,RGA Fall 2018 torus-1,6,4,5,11,4,4.6,4.245107438016528,0.25,0.3,0.2815,10.604,0.4319467140215725,0.6,1,0.8,198,216,207,2.957329865479911,1.653806894723473,0.5592230051939421,,,
torus_minus1,RGA Fall 2018 torus-1,6,4,5,13,4,4.6,4.245107438016528,0.25,0.3,0.2815,10.604,0.4319467140215725,0.6,1,0.8,234,252,243,2.470813942552662,1.298358284939512,0.5254779660172001,,,
torus_minus1,RGA Fall 2018 torus-1,6,4,5,14,4,4.6,4.245107438016528,0.25,0.3,0.2815,10.604,0.4319467140215725,0.6,1,0.8,252,270,261,2.023832079776434,0.9810946672131777,0.4847707855888696,,,
torus_minus1,RGA Fall 2018 torus-1,6,4,5,15,4,4.6,4.245107438016528,0.25,0.3,0.2815,10.604,0.4319467140215725,0.6,1,0.8,270,288,279,2.630876153171156,1.299622314263657,0.4939884048502789,,,
torus_minus1,RGA Fall 2018 torus-1,6,4,5,16,4,4.6,4.245107438016528,0.25,0.3,0.2815,10.604,0.4319467140215725,0.6,1,0.8,288,306,297,8.327031501476617,3.855121951550016,0.4629647372976065,,,
torus_minus1,RGA Fall 2018 torus-1,6,4,5,17,4,4.6,4.245107438016528,0.25,0.3,0.2815,10.604,0.4319467140215725,0.6,1,0.8,306,324,315,1.325911264228124,1.088186345641807,0.8207082743770878,,,
torus_minus1,RGA Fall 2018 torus-1,6,4,5,18,4,4.6,4.245107438016528,0.25,0.3,0.2815,10.604,0.4319467140215725,0.6,1,0.8,324,342,333,1.603570889079855,0.8473003875064149,0.5283834929134965,,,
torus_minus1,RGA Fall 2018 torus-1,6,4,5,19,4,4.6,4.245107438016528,0.25,0.3,0.2815,10.604,0.4319467140215725,0.6,1,0.8,342,360,351,2.738087445932534,1.473221703190342,0.5380477184462582,,,
torus_minus1,RGA Fall 2018 torus-1,6,4,6,2,4,4.6,4.245107438016528,0.25,0.3,0.2815,10.604,0.4319467140215725,1,1.5,1.25,36,54,45,0.9455292921058702,1.04422266845793,1.104378972894908,,,
torus_minus1,RGA Fall 2018 torus-1,6,4,6,3,4,4.6,4.245107438016528,0.25,0.3,0.2815,10.604,0.4319467140215725,1,1.5,1.25,54,72,63,2.936021739845992,2.107468584720486,0.7177973364839705,,,
torus_minus1,RGA Fall 2018 torus-1,6,4,6,4,4,4.6,4.245107438016528,0.25,0.3,0.2815,10.604,0.4319467140215725,1,1.5,1.25,72,90,81,1.206973748122282,1.079766722520645,0.8946066343203107,,,
torus_minus1,RGA Fall 2018 torus-1,6,4,6,5,4,4.6,4.245107438016528,0.25,0.3,0.2815,10.604,0.4319467140215725,1,1.5,1.25,90,108,99,3.929650662989442,2.260310151415511,0.5751936610304191,,,
torus_minus1,RGA Fall 2018 torus-1,6,4,6,6,4,4.6,4.245107438016528,0.25,0.3,0.2815,10.604,0.4319467140215725,1,1.5,1.25,108,126,117,1.231668045947901,0.9187026994099319,0.7459012210574086,,,
torus_minus1,RGA Fall 2018 torus-1,6,4,6,7,4,4.6,4.245107438016528,0.25,0.3,0.2815,10.604,0.4319467140215725,1,1.5,1.25,126,144,135,1.102599134179021,0.6448805614109491,0.5848730888865769,,,
torus_minus1,RGA Fall 2018 torus-1,6,4,6,8,4,4.6,4.245107438016528,0.25,0.3,0.2815,10.604,0.4319467140215725,1,1.5,1.25,144,162,153,1.351375396147989,0.5835598177012875,0.4318265815440241,,,
torus_minus1,RGA Fall 2018 torus-1,6,4,6,9,4,4.6,4.245107438016528,0.25,0.3,0.2815,10.604,0.4319467140215725,1,1.5,1.25,162,180,171,0.8995903231430562,0.4264763521113088,0.4740784122946695,,,
torus_minus1,RGA Fall 2018 torus-1,6,4,6,11,4,4.6,4.245107438016528,0.25,0.3,0.2815,10.604,0.4319467140215725,1,1.5,1.25,198,216,207,0.293972372173338,0.3040620895376958,1.034321991858502,,,
torus_minus1,RGA Fall 2018 torus-1,6,4,6,12,4,4.6,4.245107438016528,0.25,0.3,0.2815,10.604,0.4319467140215725,1,1.5,1.25,216,234,225,2.427383194208905,1.045496283411403,0.4307092040126505,,,
torus_minus1,RGA Fall 2018 torus-1,6,4,6,13,4,4.6,4.245107438016528,0.25,0.3,0.2815,10.604,0.4319467140215725,1,1.5,1.25,234,252,243,2.31172604417776,1.139620034299082,0.4929736536772135,,,
torus_minus1,RGA Fall 2018 torus-1,6,4,6,14,4,4.6,4.245107438016528,0.25,0.3,0.2815,10.604,0.4319467140215725,1,1.5,1.25,252,270,261,1.623263236418112,0.8350645091083733,0.5144356690730114,,,
torus_minus1,RGA Fall 2018 torus-1,6,4,6,15,4,4.6,4.245107438016528,0.25,0.3,0.2815,10.604,0.4319467140215725,1,1.5,1.25,270,288,279,3.46271620241907,1.416236317404841,0.4089957809466025,,,
torus_minus1,RGA Fall 2018 torus-1,6,4,6,16,4,4.6,4.245107438016528,0.25,0.3,0.2815,10.604,0.4319467140215725,1,1.5,1.25,288,306,297,1.624352460450907,1.045457949615831,0.6436152097960441,,,
torus_minus1,RGA Fall 2018 torus-1,6,4,6,17,4,4.6,4.245107438016528,0.25,0.3,0.2815,10.604,0.4319467140215725,1,1.5,1.25,306,324,315,4.470914510753881,2.645308577994916,0.5916705791694654,,,
torus_minus1,RGA Fall 2018 torus-1,6,4,6,18,4,4.6,4.245107438016528,0.25,0.3,0.2815,10.604,0.4319467140215725,1,1.5,1.25,324,342,333,0.8764617063365316,0.508005733047558,0.5796097300941303,,,
torus_minus1,RGA Fall 2018 torus-1,6,4,7,2,4,4.6,4.245107438016528,0.25,0.3,0.2815,10.604,0.4319467140215725,1.5,2,1.75,36,54,45,2.568994920967816,1.751707701394035,0.681864992062388,,,
torus_minus1,RGA Fall 2018 torus-1,6,4,7,3,4,4.6,4.245107438016528,0.25,0.3,0.2815,10.604,0.4319467140215725,1.5,2,1.75,54,72,63,2.501153843995023,1.49127489515873,0.5962347732983743,,,
torus_minus1,RGA Fall 2018 torus-1,6,4,7,5,4,4.6,4.245107438016528,0.25,0.3,0.2815,10.604,0.4319467140215725,1.5,2,1.75,90,108,99,1.578449266597255,1.541049024956421,0.976305705585673,,,
torus_minus1,RGA Fall 2018 torus-1,6,4,7,7,4,4.6,4.245107438016528,0.25,0.3,0.2815,10.604,0.4319467140215725,1.5,2,1.75,126,144,135,0.5392003414389406,0.4049950425882092,0.7511030900080969,,,
torus_minus1,RGA Fall 2018 torus-1,6,4,7,8,4,4.6,4.245107438016528,0.25,0.3,0.2815,10.604,0.4319467140215725,1.5,2,1.75,144,162,153,0.760623808896344,0.3531228448252043,0.4642542616928877,,,
torus_minus1,RGA Fall 2018 torus-1,6,4,7,9,4,4.6,4.245107438016528,0.25,0.3,0.2815,10.604,0.4319467140215725,1.5,2,1.75,162,180,171,1.022835765312097,0.5423693461996812,0.5302604431652705,,,
torus_minus1,RGA Fall 2018 torus-1,6,4,7,10,4,4.6,4.245107438016528,0.25,0.3,0.2815,10.604,0.4319467140215725,1.5,2,1.75,180,198,189,0.7747685462279416,0.5108165111902756,0.6593149833937506,,,
torus_minus1,RGA Fall 2018 torus-1,6,4,7,11,4,4.6,4.245107438016528,0.25,0.3,0.2815,10.604,0.4319467140215725,1.5,2,1.75,198,216,207,0.5321299980078738,0.4531125059693774,0.8515071649140007,,,
torus_minus1,RGA Fall 2018 torus-1,6,4,7,12,4,4.6,4.245107438016528,0.25,0.3,0.2815,10.604,0.4319467140215725,1.5,2,1.75,216,234,225,0.657548856856735,0.4698664776611545,0.7145727237778892,,,
torus_minus1,RGA Fall 2018 torus-1,6,4,7,13,4,4.6,4.245107438016528,0.25,0.3,0.2815,10.604,0.4319467140215725,1.5,2,1.75,234,252,243,0.3713143011730137,0.2870330509022545,0.773019110751976,,,
torus_minus1,RGA Fall 2018 torus-1,6,4,7,14,4,4.6,4.245107438016528,0.25,0.3,0.2815,10.604,0.4319467140215725,1.5,2,1.75,252,270,261,1.819695778958809,1.172185792702688,0.6441658030186717,,,
torus_minus1,RGA Fall 2018 torus-1,6,4,7,15,4,4.6,4.245107438016528,0.25,0.3,0.2815,10.604,0.4319467140215725,1.5,2,1.75,270,288,279,1.253172812323562,1.124850667265543,0.897602195167248,,,
torus_minus1,RGA Fall 2018 torus-1,6,4,7,16,4,4.6,4.245107438016528,0.25,0.3,0.2815,10.604,0.4319467140215725,1.5,2,1.75,288,306,297,0.9680249795759471,0.9102133109348139,0.9402787429447759,,,
torus_minus1,RGA Fall 2018 torus-1,6,4,7,18,4,4.6,4.245107438016528,0.25,0.3,0.2815,10.604,0.4319467140215725,1.5,2,1.75,324,342,333,1.003332031467007,0.9074490129918645,0.9044354057599973,,,
torus_minus1,RGA Fall 2018 torus-1,6,5,2,0,4,4.6,4.3,0.3,0.38,0.34,10.604,0.6161355647167442,0.2,0.3,0.25,0,18,9,1.737293809038528,2.053035001992692,1.181743117549532,,,
torus_minus1,RGA Fall 2018 torus-1,6,5,2,1,4,4.6,4.3,0.3,0.38,0.34,10.604,0.6161355647167442,0.2,0.3,0.25,18,36,27,6.521158264297261,5.354095429978882,0.8210344256314188,,,
torus_minus1,RGA Fall 2018 torus-1,6,5,2,2,4,4.6,4.3,0.3,0.38,0.34,10.604,0.6161355647167442,0.2,0.3,0.25,36,54,45,17.35749135875752,5.996075712253221,0.3454459857315713,,,
torus_minus1,RGA Fall 2018 torus-1,6,5,2,3,4,4.6,4.3,0.3,0.38,0.34,10.604,0.6161355647167442,0.2,0.3,0.25,54,72,63,4.650444528779381,2.771079031110104,0.5958740103147599,,,
torus_minus1,RGA Fall 2018 torus-1,6,5,2,4,4,4.6,4.3,0.3,0.38,0.34,10.604,0.6161355647167442,0.2,0.3,0.25,72,90,81,6.730273787573419,3.381136668481131,0.5023772843719915,,,
torus_minus1,RGA Fall 2018 torus-1,6,5,2,5,4,4.6,4.3,0.3,0.38,0.34,10.604,0.6161355647167442,0.2,0.3,0.25,90,108,99,8.816468338316785,4.588580513374726,0.5204556220581591,,,
torus_minus1,RGA Fall 2018 torus-1,6,5,2,6,4,4.6,4.3,0.3,0.38,0.34,10.604,0.6161355647167442,0.2,0.3,0.25,108,126,117,11.59048459856472,5.222751307263998,0.4506068113761823,,,
torus_minus1,RGA Fall 2018 torus-1,6,5,2,7,4,4.6,4.3,0.3,0.38,0.34,10.604,0.6161355647167442,0.2,0.3,0.25,126,144,135,3.985337244925521,3.180239643373722,0.7979850757732184,,,
torus_minus1,RGA Fall 2018 torus-1,6,5,2,8,4,4.6,4.3,0.3,0.38,0.34,10.604,0.6161355647167442,0.2,0.3,0.25,144,162,153,15.58162054721604,9.030160901054126,0.5795392638198688,,,
torus_minus1,RGA Fall 2018 torus-1,6,5,2,9,4,4.6,4.3,0.3,0.38,0.34,10.604,0.6161355647167442,0.2,0.3,0.25,162,180,171,6.864158479138628,3.95859920234419,0.576705682768698,,,
torus_minus1,RGA Fall 2018 torus-1,6,5,2,10,4,4.6,4.3,0.3,0.38,0.34,10.604,0.6161355647167442,0.2,0.3,0.25,180,198,189,6.804327486603336,3.781250161266498,0.555712547450309,,,
torus_minus1,RGA Fall 2018 torus-1,6,5,2,11,4,4.6,4.3,0.3,0.38,0.34,10.604,0.6161355647167442,0.2,0.3,0.25,198,216,207,7.070969777970335,5.192084099089537,0.7342817551371126,,,
torus_minus1,RGA Fall 2018 torus-1,6,5,2,12,4,4.6,4.3,0.3,0.38,0.34,10.604,0.6161355647167442,0.2,0.3,0.25,216,234,225,14.981277378174,7.004380834142268,0.467542296783507,,,
torus_minus1,RGA Fall 2018 torus-1,6,5,2,13,4,4.6,4.3,0.3,0.38,0.34,10.604,0.6161355647167442,0.2,0.3,0.25,234,252,243,3.264157812440478,2.383858712672832,0.7303135600819856,,,
torus_minus1,RGA Fall 2018 torus-1,6,5,2,14,4,4.6,4.3,0.3,0.38,0.34,10.604,0.6161355647167442,0.2,0.3,0.25,252,270,261,9.619390169290442,6.890018693109582,0.716263564722192,,,
torus_minus1,RGA Fall 2018 torus-1,6,5,2,15,4,4.6,4.3,0.3,0.38,0.34,10.604,0.6161355647167442,0.2,0.3,0.25,270,288,279,11.84872508241128,4.393996085793059,0.3708412555132773,,,
torus_minus1,RGA Fall 2018 torus-1,6,5,2,16,4,4.6,4.3,0.3,0.38,0.34,10.604,0.6161355647167442,0.2,0.3,0.25,288,306,297,9.703921667916896,5.130272981945153,0.5286803786665819,,,
torus_minus1,RGA Fall 2018 torus-1,6,5,2,17,4,4.6,4.3,0.3,0.38,0.34,10.604,0.6161355647167442,0.2,0.3,0.25,306,324,315,3.484113199380292,3.821045823980222,1.096705418371555,,,
torus_minus1,RGA Fall 2018 torus-1,6,5,2,18,4,4.6,4.3,0.3,0.38,0.34,10.604,0.6161355647167442,0.2,0.3,0.25,324,342,333,7.821282898010598,4.249484404980025,0.5433231939559319,,,
torus_minus1,RGA Fall 2018 torus-1,6,5,2,19,4,4.6,4.3,0.3,0.38,0.34,10.604,0.6161355647167442,0.2,0.3,0.25,342,360,351,7.426804494788341,3.694386476925444,0.4974395757311141,,,
torus_minus1,RGA Fall 2018 torus-1,6,5,3,0,4,4.6,4.3,0.3,0.38,0.34,10.604,0.6161355647167442,0.3,0.4,0.35,0,18,9,6.381758481444841,2.792466679240042,0.4375700972324829,,,
torus_minus1,RGA Fall 2018 torus-1,6,5,3,1,4,4.6,4.3,0.3,0.38,0.34,10.604,0.6161355647167442,0.3,0.4,0.35,18,36,27,16.97727285183257,6.814081482937421,0.4013649036807401,,,
torus_minus1,RGA Fall 2018 torus-1,6,5,3,2,4,4.6,4.3,0.3,0.38,0.34,10.604,0.6161355647167442,0.3,0.4,0.35,36,54,45,12.03376394136174,3.935735097618765,0.3270576950650567,,,
torus_minus1,RGA Fall 2018 torus-1,6,5,3,3,4,4.6,4.3,0.3,0.38,0.34,10.604,0.6161355647167442,0.3,0.4,0.35,54,72,63,5.16489846014623,2.213139560253223,0.4284962380829775,,,
torus_minus1,RGA Fall 2018 torus-1,6,5,3,4,4,4.6,4.3,0.3,0.38,0.34,10.604,0.6161355647167442,0.3,0.4,0.35,72,90,81,10.61597913913618,3.088477691675256,0.2909272570336424,,,
torus_minus1,RGA Fall 2018 torus-1,6,5,3,5,4,4.6,4.3,0.3,0.38,0.34,10.604,0.6161355647167442,0.3,0.4,0.35,90,108,99,10.84674730084092,2.647133666618014,0.2440486159765877,,,
torus_minus1,RGA Fall 2018 torus-1,6,5,3,6,4,4.6,4.3,0.3,0.38,0.34,10.604,0.6161355647167442,0.3,0.4,0.35,108,126,117,11.39550396045878,2.445036120686818,0.2145614734697861,,,
torus_minus1,RGA Fall 2018 torus-1,6,5,3,7,4,4.6,4.3,0.3,0.38,0.34,10.604,0.6161355647167442,0.3,0.4,0.35,126,144,135,10.46881303196365,2.387615136933803,0.2280693264502743,,,
torus_minus1,RGA Fall 2018 torus-1,6,5,3,8,4,4.6,4.3,0.3,0.38,0.34,10.604,0.6161355647167442,0.3,0.4,0.35,144,162,153,6.394763632794191,1.979433107242789,0.3095396829198949,,,
torus_minus1,RGA Fall 2018 torus-1,6,5,3,9,4,4.6,4.3,0.3,0.38,0.34,10.604,0.6161355647167442,0.3,0.4,0.35,162,180,171,6.662907352725752,1.878738938863447,0.2819698428036624,,,
torus_minus1,RGA Fall 2018 torus-1,6,5,3,10,4,4.6,4.3,0.3,0.38,0.34,10.604,0.6161355647167442,0.3,0.4,0.35,180,198,189,4.436681862428666,1.384205794316349,0.3119912216465814,,,
torus_minus1,RGA Fall 2018 torus-1,6,5,3,11,4,4.6,4.3,0.3,0.38,0.34,10.604,0.6161355647167442,0.3,0.4,0.35,198,216,207,10.37567139429125,3.534646586704789,0.3406667821659783,,,
torus_minus1,RGA Fall 2018 torus-1,6,5,3,12,4,4.6,4.3,0.3,0.38,0.34,10.604,0.6161355647167442,0.3,0.4,0.35,216,234,225,8.039525515181088,2.578041101344894,0.3206708028324262,,,
torus_minus1,RGA Fall 2018 torus-1,6,5,3,13,4,4.6,4.3,0.3,0.38,0.34,10.604,0.6161355647167442,0.3,0.4,0.35,234,252,243,12.58067084720343,3.238794122915061,0.2574420841504661,,,
torus_minus1,RGA Fall 2018 torus-1,6,5,3,14,4,4.6,4.3,0.3,0.38,0.34,10.604,0.6161355647167442,0.3,0.4,0.35,252,270,261,4.204061943891347,1.971857210237225,0.4690361932231766,,,
torus_minus1,RGA Fall 2018 torus-1,6,5,3,15,4,4.6,4.3,0.3,0.38,0.34,10.604,0.6161355647167442,0.3,0.4,0.35,270,288,279,13.90189480639582,4.625506794593329,0.3327249169275313,,,
torus_minus1,RGA Fall 2018 torus-1,6,5,3,16,4,4.6,4.3,0.3,0.38,0.34,10.604,0.6161355647167442,0.3,0.4,0.35,288,306,297,10.19491835469358,4.524231954152227,0.4437732404271134,,,
torus_minus1,RGA Fall 2018 torus-1,6,5,3,17,4,4.6,4.3,0.3,0.38,0.34,10.604,0.6161355647167442,0.3,0.4,0.35,306,324,315,8.482816598046021,5.958667964109265,0.7024397964093456,,,
torus_minus1,RGA Fall 2018 torus-1,6,5,3,18,4,4.6,4.3,0.3,0.38,0.34,10.604,0.6161355647167442,0.3,0.4,0.35,324,342,333,5.675235269692499,3.014226955322636,0.5311192949866826,,,
torus_minus1,RGA Fall 2018 torus-1,6,5,3,19,4,4.6,4.3,0.3,0.38,0.34,10.604,0.6161355647167442,0.3,0.4,0.35,342,360,351,5.009723161544328,2.52488343991743,0.5039965999117393,,,
torus_minus1,RGA Fall 2018 torus-1,6,5,4,0,4,4.6,4.3,0.3,0.38,0.34,10.604,0.6161355647167442,0.4,0.6,0.5,0,18,9,6.347657038291989,2.270484171447622,0.3576885388972682,,,
torus_minus1,RGA Fall 2018 torus-1,6,5,4,1,4,4.6,4.3,0.3,0.38,0.34,10.604,0.6161355647167442,0.4,0.6,0.5,18,36,27,9.6605410404584,2.823262498778984,0.2922468303747321,,,
torus_minus1,RGA Fall 2018 torus-1,6,5,4,2,4,4.6,4.3,0.3,0.38,0.34,10.604,0.6161355647167442,0.4,0.6,0.5,36,54,45,10.6975388805225,2.402027836149009,0.2245402295777108,,,
torus_minus1,RGA Fall 2018 torus-1,6,5,4,3,4,4.6,4.3,0.3,0.38,0.34,10.604,0.6161355647167442,0.4,0.6,0.5,54,72,63,7.740023856378047,2.629831068170494,0.339770408589041,,,
torus_minus1,RGA Fall 2018 torus-1,6,5,4,4,4,4.6,4.3,0.3,0.38,0.34,10.604,0.6161355647167442,0.4,0.6,0.5,72,90,81,7.758053251600876,1.987112249840868,0.25613542281768,,,
torus_minus1,RGA Fall 2018 torus-1,6,5,4,5,4,4.6,4.3,0.3,0.38,0.34,10.604,0.6161355647167442,0.4,0.6,0.5,90,108,99,8.281102927839246,1.712936049121156,0.2068487813818425,,,
torus_minus1,RGA Fall 2018 torus-1,6,5,4,6,4,4.6,4.3,0.3,0.38,0.34,10.604,0.6161355647167442,0.4,0.6,0.5,108,126,117,8.116736592341207,1.538795695339244,0.1895830519855999,,,
torus_minus1,RGA Fall 2018 torus-1,6,5,4,7,4,4.6,4.3,0.3,0.38,0.34,10.604,0.6161355647167442,0.4,0.6,0.5,126,144,135,9.364447679075766,1.454392817117741,0.1553100478491096,,,
torus_minus1,RGA Fall 2018 torus-1,6,5,4,8,4,4.6,4.3,0.3,0.38,0.34,10.604,0.6161355647167442,0.4,0.6,0.5,144,162,153,5.118054350869064,1.070470939400575,0.2091558365766095,,,
torus_minus1,RGA Fall 2018 torus-1,6,5,4,9,4,4.6,4.3,0.3,0.38,0.34,10.604,0.6161355647167442,0.4,0.6,0.5,162,180,171,3.973300423832888,0.90655515748062,0.2281617448413583,,,
torus_minus1,RGA Fall 2018 torus-1,6,5,4,10,4,4.6,4.3,0.3,0.38,0.34,10.604,0.6161355647167442,0.4,0.6,0.5,180,198,189,4.912280729557098,1.091211681502303,0.2221395196199809,,,
torus_minus1,RGA Fall 2018 torus-1,6,5,4,11,4,4.6,4.3,0.3,0.38,0.34,10.604,0.6161355647167442,0.4,0.6,0.5,198,216,207,2.718794049288006,0.8210307962201382,0.3019834460926338,,,
torus_minus1,RGA Fall 2018 torus-1,6,5,4,12,4,4.6,4.3,0.3,0.38,0.34,10.604,0.6161355647167442,0.4,0.6,0.5,216,234,225,5.070137559354089,1.390731930925507,0.2742986584968869,,,
torus_minus1,RGA Fall 2018 torus-1,6,5,4,13,4,4.6,4.3,0.3,0.38,0.34,10.604,0.6161355647167442,0.4,0.6,0.5,234,252,243,10.0655093702369,2.273060933513585,0.2258267167516518,,,
torus_minus1,RGA Fall 2018 torus-1,6,5,4,14,4,4.6,4.3,0.3,0.38,0.34,10.604,0.6161355647167442,0.4,0.6,0.5,252,270,261,7.469697591115846,1.739424534998,0.2328641171587456,,,
torus_minus1,RGA Fall 2018 torus-1,6,5,4,15,4,4.6,4.3,0.3,0.38,0.34,10.604,0.6161355647167442,0.4,0.6,0.5,270,288,279,12.27473036043068,3.648968648271964,0.2972748517584489,,,
torus_minus1,RGA Fall 2018 torus-1,6,5,4,16,4,4.6,4.3,0.3,0.38,0.34,10.604,0.6161355647167442,0.4,0.6,0.5,288,306,297,9.073404947290173,2.864000346199153,0.3156478039762243,,,
torus_minus1,RGA Fall 2018 torus-1,6,5,4,17,4,4.6,4.3,0.3,0.38,0.34,10.604,0.6161355647167442,0.4,0.6,0.5,306,324,315,6.718837701523131,3.1244942554438,0.4650349352441555,,,
torus_minus1,RGA Fall 2018 torus-1,6,5,4,18,4,4.6,4.3,0.3,0.38,0.34,10.604,0.6161355647167442,0.4,0.6,0.5,324,342,333,4.51202868645166,2.261122118232151,0.5011320351356936,,,
torus_minus1,RGA Fall 2018 torus-1,6,5,4,19,4,4.6,4.3,0.3,0.38,0.34,10.604,0.6161355647167442,0.4,0.6,0.5,342,360,351,3.852592762521046,1.344351360572349,0.3489471749130935,,,
torus_minus1,RGA Fall 2018 torus-1,6,5,5,0,4,4.6,4.3,0.3,0.38,0.34,10.604,0.6161355647167442,0.6,1,0.8,0,18,9,4.238066181275675,1.161551539222621,0.2740758377852867,,,
torus_minus1,RGA Fall 2018 torus-1,6,5,5,1,4,4.6,4.3,0.3,0.38,0.34,10.604,0.6161355647167442,0.6,1,0.8,18,36,27,4.401462828707126,1.355647151655875,0.3079992276236215,,,
torus_minus1,RGA Fall 2018 torus-1,6,5,5,2,4,4.6,4.3,0.3,0.38,0.34,10.604,0.6161355647167442,0.6,1,0.8,36,54,45,5.304237253751924,1.502409576245503,0.2832470540760184,,,
torus_minus1,RGA Fall 2018 torus-1,6,5,5,3,4,4.6,4.3,0.3,0.38,0.34,10.604,0.6161355647167442,0.6,1,0.8,54,72,63,6.528623215703686,1.921878108602052,0.294377243884935,,,
torus_minus1,RGA Fall 2018 torus-1,6,5,5,4,4,4.6,4.3,0.3,0.38,0.34,10.604,0.6161355647167442,0.6,1,0.8,72,90,81,6.433181944588626,1.691619402850009,0.2629522089411666,,,
torus_minus1,RGA Fall 2018 torus-1,6,5,5,5,4,4.6,4.3,0.3,0.38,0.34,10.604,0.6161355647167442,0.6,1,0.8,90,108,99,8.148175455842599,1.517914798285563,0.1862889190974835,,,
torus_minus1,RGA Fall 2018 torus-1,6,5,5,6,4,4.6,4.3,0.3,0.38,0.34,10.604,0.6161355647167442,0.6,1,0.8,108,126,117,4.669931090899635,0.8384507305440064,0.1795424202678082,,,
torus_minus1,RGA Fall 2018 torus-1,6,5,5,7,4,4.6,4.3,0.3,0.38,0.34,10.604,0.6161355647167442,0.6,1,0.8,126,144,135,4.146046788565206,0.6701382240758452,0.1616330587305686,,,
torus_minus1,RGA Fall 2018 torus-1,6,5,5,8,4,4.6,4.3,0.3,0.38,0.34,10.604,0.6161355647167442,0.6,1,0.8,144,162,153,3.399563039338201,0.5374896195548072,0.1581055015998295,,,
torus_minus1,RGA Fall 2018 torus-1,6,5,5,9,4,4.6,4.3,0.3,0.38,0.34,10.604,0.6161355647167442,0.6,1,0.8,162,180,171,2.87302165510864,0.5287802235837205,0.1840502046489884,,,
torus_minus1,RGA Fall 2018 torus-1,6,5,5,10,4,4.6,4.3,0.3,0.38,0.34,10.604,0.6161355647167442,0.6,1,0.8,180,198,189,3.947505977260407,0.6270034922033562,0.1588353496651322,,,
torus_minus1,RGA Fall 2018 torus-1,6,5,5,11,4,4.6,4.3,0.3,0.38,0.34,10.604,0.6161355647167442,0.6,1,0.8,198,216,207,3.16575430514116,0.6100099717754206,0.1926902447182238,,,
torus_minus1,RGA Fall 2018 torus-1,6,5,5,12,4,4.6,4.3,0.3,0.38,0.34,10.604,0.6161355647167442,0.6,1,0.8,216,234,225,4.55199473158196,0.8376225645740754,0.1840121999181171,,,
torus_minus1,RGA Fall 2018 torus-1,6,5,5,13,4,4.6,4.3,0.3,0.38,0.34,10.604,0.6161355647167442,0.6,1,0.8,234,252,243,4.427574265951507,0.960474510413739,0.2169301863098909,,,
torus_minus1,RGA Fall 2018 torus-1,6,5,5,14,4,4.6,4.3,0.3,0.38,0.34,10.604,0.6161355647167442,0.6,1,0.8,252,270,261,7.673334611005028,1.740650856813608,0.2268441225431747,,,
torus_minus1,RGA Fall 2018 torus-1,6,5,5,15,4,4.6,4.3,0.3,0.38,0.34,10.604,0.6161355647167442,0.6,1,0.8,270,288,279,7.331018846987201,1.50364292994599,0.2051069518889501,,,
torus_minus1,RGA Fall 2018 torus-1,6,5,5,16,4,4.6,4.3,0.3,0.38,0.34,10.604,0.6161355647167442,0.6,1,0.8,288,306,297,7.422416444460174,1.607287100072039,0.2165449907181724,,,
torus_minus1,RGA Fall 2018 torus-1,6,5,5,17,4,4.6,4.3,0.3,0.38,0.34,10.604,0.6161355647167442,0.6,1,0.8,306,324,315,4.765071879843384,1.171855616809105,0.2459261153574918,,,
torus_minus1,RGA Fall 2018 torus-1,6,5,5,18,4,4.6,4.3,0.3,0.38,0.34,10.604,0.6161355647167442,0.6,1,0.8,324,342,333,4.523932095277627,2.218003447215094,0.4902822147862011,,,
torus_minus1,RGA Fall 2018 torus-1,6,5,5,19,4,4.6,4.3,0.3,0.38,0.34,10.604,0.6161355647167442,0.6,1,0.8,342,360,351,3.224741944561924,0.9869377242103842,0.3060516907018611,,,
torus_minus1,RGA Fall 2018 torus-1,6,5,6,0,4,4.6,4.3,0.3,0.38,0.34,10.604,0.6161355647167442,1,1.5,1.25,0,18,9,1.314554532852963,0.6199763925541749,0.4716247040802842,,,
torus_minus1,RGA Fall 2018 torus-1,6,5,6,1,4,4.6,4.3,0.3,0.38,0.34,10.604,0.6161355647167442,1,1.5,1.25,18,36,27,2.322493845644347,1.17690279236323,0.5067409735317135,,,
torus_minus1,RGA Fall 2018 torus-1,6,5,6,2,4,4.6,4.3,0.3,0.38,0.34,10.604,0.6161355647167442,1,1.5,1.25,36,54,45,1.95539991520312,1.232347129074751,0.6302276682602491,,,
torus_minus1,RGA Fall 2018 torus-1,6,5,6,3,4,4.6,4.3,0.3,0.38,0.34,10.604,0.6161355647167442,1,1.5,1.25,54,72,63,4.049843343342119,1.238790305123199,0.3058859812836344,,,
torus_minus1,RGA Fall 2018 torus-1,6,5,6,4,4,4.6,4.3,0.3,0.38,0.34,10.604,0.6161355647167442,1,1.5,1.25,72,90,81,5.048169833960976,1.536148289853413,0.3042980605603152,,,
torus_minus1,RGA Fall 2018 torus-1,6,5,6,5,4,4.6,4.3,0.3,0.38,0.34,10.604,0.6161355647167442,1,1.5,1.25,90,108,99,3.219567590115777,0.7669877795232684,0.2382269537927878,,,
torus_minus1,RGA Fall 2018 torus-1,6,5,6,6,4,4.6,4.3,0.3,0.38,0.34,10.604,0.6161355647167442,1,1.5,1.25,108,126,117,3.19452098383634,0.6877443630442668,0.2152887292098317,,,
torus_minus1,RGA Fall 2018 torus-1,6,5,6,7,4,4.6,4.3,0.3,0.38,0.34,10.604,0.6161355647167442,1,1.5,1.25,126,144,135,1.868600377808203,0.4353224483741337,0.2329671199599939,,,
torus_minus1,RGA Fall 2018 torus-1,6,5,6,8,4,4.6,4.3,0.3,0.38,0.34,10.604,0.6161355647167442,1,1.5,1.25,144,162,153,2.158987975778145,0.3370773791507804,0.156127492571741,,,
torus_minus1,RGA Fall 2018 torus-1,6,5,6,9,4,4.6,4.3,0.3,0.38,0.34,10.604,0.6161355647167442,1,1.5,1.25,162,180,171,2.134549594237058,0.4096889096229638,0.1919322515293429,,,
torus_minus1,RGA Fall 2018 torus-1,6,5,6,10,4,4.6,4.3,0.3,0.38,0.34,10.604,0.6161355647167442,1,1.5,1.25,180,198,189,2.388665877998216,0.4668215646846733,0.1954319224737643,,,
torus_minus1,RGA Fall 2018 torus-1,6,5,6,11,4,4.6,4.3,0.3,0.38,0.34,10.604,0.6161355647167442,1,1.5,1.25,198,216,207,1.730371756899978,0.4044716677236159,0.233748422043273,,,
torus_minus1,RGA Fall 2018 torus-1,6,5,6,12,4,4.6,4.3,0.3,0.38,0.34,10.604,0.6161355647167442,1,1.5,1.25,216,234,225,3.435343389581397,0.5921857042755392,0.172380352447881,,,
torus_minus1,RGA Fall 2018 torus-1,6,5,6,13,4,4.6,4.3,0.3,0.38,0.34,10.604,0.6161355647167442,1,1.5,1.25,234,252,243,2.580529443649725,0.5278854902457074,0.2045648002756761,,,
torus_minus1,RGA Fall 2018 torus-1,6,5,6,14,4,4.6,4.3,0.3,0.38,0.34,10.604,0.6161355647167442,1,1.5,1.25,252,270,261,0.9113612397265394,0.3325888436385382,0.3649363492113554,,,
torus_minus1,RGA Fall 2018 torus-1,6,5,6,15,4,4.6,4.3,0.3,0.38,0.34,10.604,0.6161355647167442,1,1.5,1.25,270,288,279,4.443953567349051,1.199057478993713,0.2698177334262712,,,
torus_minus1,RGA Fall 2018 torus-1,6,5,6,16,4,4.6,4.3,0.3,0.38,0.34,10.604,0.6161355647167442,1,1.5,1.25,288,306,297,2.695224494516921,0.6816074378415795,0.2528944951443636,,,
torus_minus1,RGA Fall 2018 torus-1,6,5,6,17,4,4.6,4.3,0.3,0.38,0.34,10.604,0.6161355647167442,1,1.5,1.25,306,324,315,3.815363420430054,1.162928409883921,0.3048014780602052,,,
torus_minus1,RGA Fall 2018 torus-1,6,5,6,18,4,4.6,4.3,0.3,0.38,0.34,10.604,0.6161355647167442,1,1.5,1.25,324,342,333,1.176496496684565,0.5548025082097779,0.4715717469395307,,,
torus_minus1,RGA Fall 2018 torus-1,6,5,6,19,4,4.6,4.3,0.3,0.38,0.34,10.604,0.6161355647167442,1,1.5,1.25,342,360,351,1.321687305703129,0.4933206823009528,0.37325067750311,,,
torus_minus1,RGA Fall 2018 torus-1,6,5,7,0,4,4.6,4.3,0.3,0.38,0.34,10.604,0.6161355647167442,1.5,2,1.75,0,18,9,0.4526350355507267,0.5275056727889852,1.165410609780046,,,
torus_minus1,RGA Fall 2018 torus-1,6,5,7,1,4,4.6,4.3,0.3,0.38,0.34,10.604,0.6161355647167442,1.5,2,1.75,18,36,27,1.992383911388291,1.317354802788182,0.661195262247551,,,
torus_minus1,RGA Fall 2018 torus-1,6,5,7,2,4,4.6,4.3,0.3,0.38,0.34,10.604,0.6161355647167442,1.5,2,1.75,36,54,45,0.4765165041429971,0.4003490086136,0.8401576968118188,,,
torus_minus1,RGA Fall 2018 torus-1,6,5,7,3,4,4.6,4.3,0.3,0.38,0.34,10.604,0.6161355647167442,1.5,2,1.75,54,72,63,1.827513139205916,0.769540697890655,0.4210862736806549,,,
torus_minus1,RGA Fall 2018 torus-1,6,5,7,4,4,4.6,4.3,0.3,0.38,0.34,10.604,0.6161355647167442,1.5,2,1.75,72,90,81,0.832521271250884,0.5656735044630382,0.6794703318668358,,,
torus_minus1,RGA Fall 2018 torus-1,6,5,7,5,4,4.6,4.3,0.3,0.38,0.34,10.604,0.6161355647167442,1.5,2,1.75,90,108,99,0.5880399696539982,0.2321792661516412,0.3948358583316286,,,
torus_minus1,RGA Fall 2018 torus-1,6,5,7,6,4,4.6,4.3,0.3,0.38,0.34,10.604,0.6161355647167442,1.5,2,1.75,108,126,117,1.675039943352214,0.5058443614406726,0.3019894322211441,,,
torus_minus1,RGA Fall 2018 torus-1,6,5,7,7,4,4.6,4.3,0.3,0.38,0.34,10.604,0.6161355647167442,1.5,2,1.75,126,144,135,1.291605802833191,0.3710196041627241,0.287254519412097,,,
torus_minus1,RGA Fall 2018 torus-1,6,5,7,8,4,4.6,4.3,0.3,0.38,0.34,10.604,0.6161355647167442,1.5,2,1.75,144,162,153,1.208706929677905,0.2433842988401684,0.201359231807354,,,
torus_minus1,RGA Fall 2018 torus-1,6,5,7,9,4,4.6,4.3,0.3,0.38,0.34,10.604,0.6161355647167442,1.5,2,1.75,162,180,171,1.231535988288161,0.3002834916752146,0.2438284341918498,,,
torus_minus1,RGA Fall 2018 torus-1,6,5,7,10,4,4.6,4.3,0.3,0.38,0.34,10.604,0.6161355647167442,1.5,2,1.75,180,198,189,0.5792713345367018,0.2081090419618421,0.359260038524583,,,
torus_minus1,RGA Fall 2018 torus-1,6,5,7,11,4,4.6,4.3,0.3,0.38,0.34,10.604,0.6161355647167442,1.5,2,1.75,198,216,207,1.030363006075577,0.3026554120393854,0.2937366833385568,,,
torus_minus1,RGA Fall 2018 torus-1,6,5,7,12,4,4.6,4.3,0.3,0.38,0.34,10.604,0.6161355647167442,1.5,2,1.75,216,234,225,1.269532099961722,0.3663527360974119,0.2885730389239137,,,
torus_minus1,RGA Fall 2018 torus-1,6,5,7,13,4,4.6,4.3,0.3,0.38,0.34,10.604,0.6161355647167442,1.5,2,1.75,234,252,243,1.843295067807632,0.5016967431838281,0.272173865131931,,,
torus_minus1,RGA Fall 2018 torus-1,6,5,7,14,4,4.6,4.3,0.3,0.38,0.34,10.604,0.6161355647167442,1.5,2,1.75,252,270,261,1.532947285779435,0.4112608210293822,0.2682811241094141,,,
torus_minus1,RGA Fall 2018 torus-1,6,5,7,15,4,4.6,4.3,0.3,0.38,0.34,10.604,0.6161355647167442,1.5,2,1.75,270,288,279,0.7753366213226416,0.3009885212646283,0.3882036692026413,,,
torus_minus1,RGA Fall 2018 torus-1,6,5,7,16,4,4.6,4.3,0.3,0.38,0.34,10.604,0.6161355647167442,1.5,2,1.75,288,306,297,1.901090530019085,0.5962380489005945,0.3136294876470763,,,
torus_minus1,RGA Fall 2018 torus-1,6,5,7,17,4,4.6,4.3,0.3,0.38,0.34,10.604,0.6161355647167442,1.5,2,1.75,306,324,315,1.361593465798416,0.8885043823695009,0.652547478147963,,,
torus_minus1,RGA Fall 2018 torus-1,6,5,7,18,4,4.6,4.3,0.3,0.38,0.34,10.604,0.6161355647167442,1.5,2,1.75,324,342,333,0.2583972673604507,0.2973558951095969,1.150770277670162,,,
torus_minus1,RGA Fall 2018 torus-1,6,5,7,19,4,4.6,4.3,0.3,0.38,0.34,10.604,0.6161355647167442,1.5,2,1.75,342,360,351,0.7946383490465908,0.7098149861386936,0.8932553871711975,,,
torus_minus1,RGA Fall 2018 torus-1,6,6,2,0,4,4.6,4.297859516751998,0.38,0.48,0.4052104853438726,10.604,0.7394629976402685,0.2,0.3,0.25,0,18,9,7.395538011884056,4.420305206972346,0.5976989368277545,,,
torus_minus1,RGA Fall 2018 torus-1,6,6,2,1,4,4.6,4.297859516751998,0.38,0.48,0.4052104853438726,10.604,0.7394629976402685,0.2,0.3,0.25,18,36,27,10.51970314436863,6.171454161606606,0.5866566838352554,,,
torus_minus1,RGA Fall 2018 torus-1,6,6,2,2,4,4.6,4.297859516751998,0.38,0.48,0.4052104853438726,10.604,0.7394629976402685,0.2,0.3,0.25,36,54,45,28.32867344672457,12.6834548552024,0.4477249836302834,,,
torus_minus1,RGA Fall 2018 torus-1,6,6,2,3,4,4.6,4.297859516751998,0.38,0.48,0.4052104853438726,10.604,0.7394629976402685,0.2,0.3,0.25,54,72,63,15.57720592796755,6.909577227614472,0.4435697428387279,,,
torus_minus1,RGA Fall 2018 torus-1,6,6,2,4,4,4.6,4.297859516751998,0.38,0.48,0.4052104853438726,10.604,0.7394629976402685,0.2,0.3,0.25,72,90,81,20.37276712426021,8.875984039837439,0.4356788641277786,,,
torus_minus1,RGA Fall 2018 torus-1,6,6,2,5,4,4.6,4.297859516751998,0.38,0.48,0.4052104853438726,10.604,0.7394629976402685,0.2,0.3,0.25,90,108,99,22.98429672989554,10.05075897788982,0.4372880795963993,,,
torus_minus1,RGA Fall 2018 torus-1,6,6,2,14,4,4.6,4.297859516751998,0.38,0.48,0.4052104853438726,10.604,0.7394629976402685,0.2,0.3,0.25,252,270,261,22.22497485557552,11.74067956238001,0.5282651448955252,,,
torus_minus1,RGA Fall 2018 torus-1,6,6,2,15,4,4.6,4.297859516751998,0.38,0.48,0.4052104853438726,10.604,0.7394629976402685,0.2,0.3,0.25,270,288,279,14.47644124290705,7.704601553451035,0.5322165457775075,,,
torus_minus1,RGA Fall 2018 torus-1,6,6,2,16,4,4.6,4.297859516751998,0.38,0.48,0.4052104853438726,10.604,0.7394629976402685,0.2,0.3,0.25,288,306,297,14.87282647218322,9.174638214510178,0.6168725380928491,,,
torus_minus1,RGA Fall 2018 torus-1,6,6,2,17,4,4.6,4.297859516751998,0.38,0.48,0.4052104853438726,10.604,0.7394629976402685,0.2,0.3,0.25,306,324,315,5.912880306107462,5.268188990871825,0.8909683129269959,,,
torus_minus1,RGA Fall 2018 torus-1,6,6,2,18,4,4.6,4.297859516751998,0.38,0.48,0.4052104853438726,10.604,0.7394629976402685,0.2,0.3,0.25,324,342,333,14.65054490663235,6.92173926060686,0.472456096665276,,,
torus_minus1,RGA Fall 2018 torus-1,6,6,2,19,4,4.6,4.297859516751998,0.38,0.48,0.4052104853438726,10.604,0.7394629976402685,0.2,0.3,0.25,342,360,351,12.35004562128276,5.046065510668138,0.4085867911266889,,,
torus_minus1,RGA Fall 2018 torus-1,6,6,4,0,4,4.6,4.3,0.38,0.48,0.43,10.604,0.770415560033293,0.4,0.6,0.5,0,18,9,15.80407486830694,2.496755303332876,0.1579817435780314,,,
torus_minus1,RGA Fall 2018 torus-1,6,6,4,1,4,4.6,4.3,0.38,0.48,0.43,10.604,0.770415560033293,0.4,0.6,0.5,18,36,27,11.91499570567293,2.103762206956842,0.1765642438255521,,,
torus_minus1,RGA Fall 2018 torus-1,6,6,4,2,4,4.6,4.3,0.38,0.48,0.43,10.604,0.770415560033293,0.4,0.6,0.5,36,54,45,16.53468018625135,2.48745247581417,0.1504384994323927,,,
torus_minus1,RGA Fall 2018 torus-1,6,6,4,3,4,4.6,4.3,0.38,0.48,0.43,10.604,0.770415560033293,0.4,0.6,0.5,54,72,63,18.82560792796917,2.486950058357945,0.1321046347014955,,,
torus_minus1,RGA Fall 2018 torus-1,6,6,4,4,4,4.6,4.3,0.38,0.48,0.43,10.604,0.770415560033293,0.4,0.6,0.5,72,90,81,14.49451090951957,1.820071579347784,0.1255697133010824,,,
torus_minus1,RGA Fall 2018 torus-1,6,6,4,5,4,4.6,4.3,0.38,0.48,0.43,10.604,0.770415560033293,0.4,0.6,0.5,90,108,99,18.36139191733651,2.144458741412819,0.116791730772222,,,
torus_minus1,RGA Fall 2018 torus-1,6,6,4,6,4,4.6,4.3,0.38,0.48,0.43,10.604,0.770415560033293,0.4,0.6,0.5,108,126,117,14.51529914109233,1.489607563651415,0.1026232769419395,,,
torus_minus1,RGA Fall 2018 torus-1,6,6,4,7,4,4.6,4.3,0.38,0.48,0.43,10.604,0.770415560033293,0.4,0.6,0.5,126,144,135,10.89936776908007,1.579951033123027,0.1449580440440884,,,
torus_minus1,RGA Fall 2018 torus-1,6,6,4,8,4,4.6,4.3,0.38,0.48,0.43,10.604,0.770415560033293,0.4,0.6,0.5,144,162,153,11.79829485073714,1.922818136551296,0.1629742399963128,,,
torus_minus1,RGA Fall 2018 torus-1,6,6,4,9,4,4.6,4.3,0.38,0.48,0.43,10.604,0.770415560033293,0.4,0.6,0.5,162,180,171,12.14991165493443,1.945615074041544,0.1601340922714754,,,
torus_minus1,RGA Fall 2018 torus-1,6,6,4,10,4,4.6,4.3,0.38,0.48,0.43,10.604,0.770415560033293,0.4,0.6,0.5,180,198,189,9.474778998732933,1.549641180664846,0.1635543352380124,,,
torus_minus1,RGA Fall 2018 torus-1,6,6,4,11,4,4.6,4.3,0.38,0.48,0.43,10.604,0.770415560033293,0.4,0.6,0.5,198,216,207,13.57792689951375,2.005088043970187,0.1476726203351406,,,
torus_minus1,RGA Fall 2018 torus-1,6,6,4,12,4,4.6,4.3,0.38,0.48,0.43,10.604,0.770415560033293,0.4,0.6,0.5,216,234,225,14.38582564245823,2.015880079989735,0.1401296060505613,,,
torus_minus1,RGA Fall 2018 torus-1,6,6,4,13,4,4.6,4.3,0.38,0.48,0.43,10.604,0.770415560033293,0.4,0.6,0.5,234,252,243,18.6202435849604,2.540679920371579,0.136447190326967,,,
torus_minus1,RGA Fall 2018 torus-1,6,6,4,14,4,4.6,4.3,0.38,0.48,0.43,10.604,0.770415560033293,0.4,0.6,0.5,252,270,261,17.34968811240046,2.836545462550529,0.1634925910007077,,,
torus_minus1,RGA Fall 2018 torus-1,6,6,4,15,4,4.6,4.3,0.38,0.48,0.43,10.604,0.770415560033293,0.4,0.6,0.5,270,288,279,15.83149052658527,2.630110585570515,0.166131583198301,,,
torus_minus1,RGA Fall 2018 torus-1,6,6,4,16,4,4.6,4.3,0.38,0.48,0.43,10.604,0.770415560033293,0.4,0.6,0.5,288,306,297,23.14568015854179,3.423954969216092,0.1479306266120894,,,
torus_minus1,RGA Fall 2018 torus-1,6,6,4,17,4,4.6,4.3,0.38,0.48,0.43,10.604,0.770415560033293,0.4,0.6,0.5,306,324,315,10.86874887361952,2.10666357672447,0.1938276062148916,,,
torus_minus1,RGA Fall 2018 torus-1,6,6,4,18,4,4.6,4.3,0.38,0.48,0.43,10.604,0.770415560033293,0.4,0.6,0.5,324,342,333,15.20637457598905,2.939436159928951,0.1933028905239739,,,
torus_minus1,RGA Fall 2018 torus-1,6,6,4,19,4,4.6,4.3,0.38,0.48,0.43,10.604,0.770415560033293,0.4,0.6,0.5,342,360,351,10.42396582033272,1.921956279299362,0.1843786052665717,,,
torus_minus1,RGA Fall 2018 torus-1,6,6,5,0,4,4.6,4.3,0.38,0.48,0.43,10.604,0.770415560033293,0.6,1,0.8,0,18,9,5.682719460643197,0.9726591337731815,0.1711608571405866,,,
torus_minus1,RGA Fall 2018 torus-1,6,6,5,1,4,4.6,4.3,0.38,0.48,0.43,10.604,0.770415560033293,0.6,1,0.8,18,36,27,12.45699622558803,1.725319268896642,0.1385020303171199,,,
torus_minus1,RGA Fall 2018 torus-1,6,6,5,2,4,4.6,4.3,0.38,0.48,0.43,10.604,0.770415560033293,0.6,1,0.8,36,54,45,12.00138287198953,1.563844132921879,0.130305328111129,,,
torus_minus1,RGA Fall 2018 torus-1,6,6,5,3,4,4.6,4.3,0.38,0.48,0.43,10.604,0.770415560033293,0.6,1,0.8,54,72,63,11.00440122140168,1.74620865873424,0.1586827509831395,,,
torus_minus1,RGA Fall 2018 torus-1,6,6,5,4,4,4.6,4.3,0.38,0.48,0.43,10.604,0.770415560033293,0.6,1,0.8,72,90,81,10.42185204524578,1.246115316827232,0.1195675501261489,,,
torus_minus1,RGA Fall 2018 torus-1,6,6,5,5,4,4.6,4.3,0.38,0.48,0.43,10.604,0.770415560033293,0.6,1,0.8,90,108,99,13.66394830775409,1.313102038173865,0.09609975159439817,,,
torus_minus1,RGA Fall 2018 torus-1,6,6,5,6,4,4.6,4.3,0.38,0.48,0.43,10.604,0.770415560033293,0.6,1,0.8,108,126,117,11.63594033557051,1.131893138724142,0.09727560524386662,,,
torus_minus1,RGA Fall 2018 torus-1,6,6,5,7,4,4.6,4.3,0.38,0.48,0.43,10.604,0.770415560033293,0.6,1,0.8,126,144,135,11.66765238977697,1.090274567508106,0.09344421063344234,,,
torus_minus1,RGA Fall 2018 torus-1,6,6,5,8,4,4.6,4.3,0.38,0.48,0.43,10.604,0.770415560033293,0.6,1,0.8,144,162,153,9.268904815519287,0.8996007397875987,0.09705577494779774,,,
torus_minus1,RGA Fall 2018 torus-1,6,6,5,9,4,4.6,4.3,0.38,0.48,0.43,10.604,0.770415560033293,0.6,1,0.8,162,180,171,7.224664134396389,0.8724293670081158,0.1207570830669495,,,
torus_minus1,RGA Fall 2018 torus-1,6,6,5,10,4,4.6,4.3,0.38,0.48,0.43,10.604,0.770415560033293,0.6,1,0.8,180,198,189,6.834243490787736,0.7770045232459082,0.1136928358337359,,,
torus_minus1,RGA Fall 2018 torus-1,6,6,5,11,4,4.6,4.3,0.38,0.48,0.43,10.604,0.770415560033293,0.6,1,0.8,198,216,207,11.01454026089558,1.107145585000224,0.1005167314091967,,,
torus_minus1,RGA Fall 2018 torus-1,6,6,5,12,4,4.6,4.3,0.38,0.48,0.43,10.604,0.770415560033293,0.6,1,0.8,216,234,225,9.537755773832439,1.170522627415908,0.1227251625196071,,,
torus_minus1,RGA Fall 2018 torus-1,6,6,5,13,4,4.6,4.3,0.38,0.48,0.43,10.604,0.770415560033293,0.6,1,0.8,234,252,243,13.6763023089273,1.381969735549892,0.1010484928113794,,,
torus_minus1,RGA Fall 2018 torus-1,6,6,5,14,4,4.6,4.3,0.38,0.48,0.43,10.604,0.770415560033293,0.6,1,0.8,252,270,261,10.29739559765631,1.296875303971765,0.1259420687175439,,,
torus_minus1,RGA Fall 2018 torus-1,6,6,5,15,4,4.6,4.3,0.38,0.48,0.43,10.604,0.770415560033293,0.6,1,0.8,270,288,279,12.06425846554346,1.460895106040879,0.1210928222578552,,,
torus_minus1,RGA Fall 2018 torus-1,6,6,5,16,4,4.6,4.3,0.38,0.48,0.43,10.604,0.770415560033293,0.6,1,0.8,288,306,297,12.85766712407828,1.959885045720023,0.1524292880510018,,,
torus_minus1,RGA Fall 2018 torus-1,6,6,5,17,4,4.6,4.3,0.38,0.48,0.43,10.604,0.770415560033293,0.6,1,0.8,306,324,315,10.29594816929205,2.006631128158176,0.1948952243313549,,,
torus_minus1,RGA Fall 2018 torus-1,6,6,5,18,4,4.6,4.3,0.38,0.48,0.43,10.604,0.770415560033293,0.6,1,0.8,324,342,333,7.485959560687853,1.717234672540883,0.2293940621264983,,,
torus_minus1,RGA Fall 2018 torus-1,6,6,5,19,4,4.6,4.3,0.38,0.48,0.43,10.604,0.770415560033293,0.6,1,0.8,342,360,351,8.525392856086143,1.340568033307396,0.1572441359520912,,,
torus_minus1,RGA Fall 2018 torus-1,6,6,6,0,4,4.6,4.3,0.38,0.48,0.43,10.604,0.770415560033293,1,1.5,1.25,0,18,9,2.148087522745334,0.8453484148465594,0.3935353685059227,,,
torus_minus1,RGA Fall 2018 torus-1,6,6,6,1,4,4.6,4.3,0.38,0.48,0.43,10.604,0.770415560033293,1,1.5,1.25,18,36,27,4.160216942825568,1.069273694030684,0.2570235419753007,,,
torus_minus1,RGA Fall 2018 torus-1,6,6,6,2,4,4.6,4.3,0.38,0.48,0.43,10.604,0.770415560033293,1,1.5,1.25,36,54,45,5.852089032485649,1.324667098981286,0.2263579879984566,,,
torus_minus1,RGA Fall 2018 torus-1,6,6,6,3,4,4.6,4.3,0.38,0.48,0.43,10.604,0.770415560033293,1,1.5,1.25,54,72,63,9.002136840485777,1.863650362236309,0.2070231096526791,,,
torus_minus1,RGA Fall 2018 torus-1,6,6,6,4,4,4.6,4.3,0.38,0.48,0.43,10.604,0.770415560033293,1,1.5,1.25,72,90,81,7.287008654019261,1.144429414607671,0.1570506457373895,,,
torus_minus1,RGA Fall 2018 torus-1,6,6,6,5,4,4.6,4.3,0.38,0.48,0.43,10.604,0.770415560033293,1,1.5,1.25,90,108,99,6.081057255676529,0.7784135989597902,0.1280062933518935,,,
torus_minus1,RGA Fall 2018 torus-1,6,6,6,6,4,4.6,4.3,0.38,0.48,0.43,10.604,0.770415560033293,1,1.5,1.25,108,126,117,7.184826926258474,0.8670397209373961,0.1206764936492229,,,
torus_minus1,RGA Fall 2018 torus-1,6,6,6,7,4,4.6,4.3,0.38,0.48,0.43,10.604,0.770415560033293,1,1.5,1.25,126,144,135,7.238969153234172,0.8533758528854283,0.1178863778559083,,,
torus_minus1,RGA Fall 2018 torus-1,6,6,6,8,4,4.6,4.3,0.38,0.48,0.43,10.604,0.770415560033293,1,1.5,1.25,144,162,153,5.39967447972758,0.6625379062396213,0.1226996013791274,,,
torus_minus1,RGA Fall 2018 torus-1,6,6,6,9,4,4.6,4.3,0.38,0.48,0.43,10.604,0.770415560033293,1,1.5,1.25,162,180,171,4.314071641701684,0.5779737043938431,0.1339740626481255,,,
torus_minus1,RGA Fall 2018 torus-1,6,6,6,10,4,4.6,4.3,0.38,0.48,0.43,10.604,0.770415560033293,1,1.5,1.25,180,198,189,3.753204944304405,0.5527797905863955,0.1472820692686272,,,
torus_minus1,RGA Fall 2018 torus-1,6,6,6,11,4,4.6,4.3,0.38,0.48,0.43,10.604,0.770415560033293,1,1.5,1.25,198,216,207,5.303150639968883,0.6461869876745424,0.1218496383648521,,,
torus_minus1,RGA Fall 2018 torus-1,6,6,6,12,4,4.6,4.3,0.38,0.48,0.43,10.604,0.770415560033293,1,1.5,1.25,216,234,225,5.036145068447985,0.7223391748240588,0.1434309705154434,,,
torus_minus1,RGA Fall 2018 torus-1,6,6,6,13,4,4.6,4.3,0.38,0.48,0.43,10.604,0.770415560033293,1,1.5,1.25,234,252,243,8.995280440111165,1.033751964593275,0.1149215937708441,,,
torus_minus1,RGA Fall 2018 torus-1,6,6,6,14,4,4.6,4.3,0.38,0.48,0.43,10.604,0.770415560033293,1,1.5,1.25,252,270,261,5.915925357549083,0.8993853901276894,0.1520278461559726,,,
torus_minus1,RGA Fall 2018 torus-1,6,6,6,15,4,4.6,4.3,0.38,0.48,0.43,10.604,0.770415560033293,1,1.5,1.25,270,288,279,7.496260098083355,1.043101497855204,0.139149587155054,,,
torus_minus1,RGA Fall 2018 torus-1,6,6,6,16,4,4.6,4.3,0.38,0.48,0.43,10.604,0.770415560033293,1,1.5,1.25,288,306,297,10.43940010839843,1.660574139132155,0.1590679657728833,,,
torus_minus1,RGA Fall 2018 torus-1,6,6,6,17,4,4.6,4.3,0.38,0.48,0.43,10.604,0.770415560033293,1,1.5,1.25,306,324,315,7.90703764505177,1.546484840817984,0.1955833410994035,,,
torus_minus1,RGA Fall 2018 torus-1,6,6,6,18,4,4.6,4.3,0.38,0.48,0.43,10.604,0.770415560033293,1,1.5,1.25,324,342,333,5.854789640682799,1.903382784711545,0.3250984068642931,,,
torus_minus1,RGA Fall 2018 torus-1,6,6,6,19,4,4.6,4.3,0.38,0.48,0.43,10.604,0.770415560033293,1,1.5,1.25,342,360,351,5.302593553371742,1.321501154229591,0.2492178857248624,,,
torus_minus1,RGA Fall 2018 torus-1,6,6,7,0,4,4.6,4.3,0.38,0.48,0.43,10.604,0.770415560033293,1.5,2,1.75,0,18,9,3.971431299939826,2.210667689674182,0.5566425610101016,,,
torus_minus1,RGA Fall 2018 torus-1,6,6,7,1,4,4.6,4.3,0.38,0.48,0.43,10.604,0.770415560033293,1.5,2,1.75,18,36,27,2.366619672415747,1.357709283182464,0.5736913704416945,,,
torus_minus1,RGA Fall 2018 torus-1,6,6,7,2,4,4.6,4.3,0.38,0.48,0.43,10.604,0.770415560033293,1.5,2,1.75,36,54,45,1.480879128260147,0.876281484524529,0.5917305928634791,,,
torus_minus1,RGA Fall 2018 torus-1,6,6,7,3,4,4.6,4.3,0.38,0.48,0.43,10.604,0.770415560033293,1.5,2,1.75,54,72,63,2.844105422475692,1.207239637153222,0.42447077650953,,,
torus_minus1,RGA Fall 2018 torus-1,6,6,7,4,4,4.6,4.3,0.38,0.48,0.43,10.604,0.770415560033293,1.5,2,1.75,72,90,81,4.426529256093733,0.79230455150572,0.1789900180632496,,,
torus_minus1,RGA Fall 2018 torus-1,6,6,7,5,4,4.6,4.3,0.38,0.48,0.43,10.604,0.770415560033293,1.5,2,1.75,90,108,99,4.294610320823147,0.7639384584965728,0.1778830677122177,,,
torus_minus1,RGA Fall 2018 torus-1,6,6,7,6,4,4.6,4.3,0.38,0.48,0.43,10.604,0.770415560033293,1.5,2,1.75,108,126,117,3.555883212738345,0.6489090722255483,0.1824888595612315,,,
torus_minus1,RGA Fall 2018 torus-1,6,6,7,7,4,4.6,4.3,0.38,0.48,0.43,10.604,0.770415560033293,1.5,2,1.75,126,144,135,3.867362907375995,0.6780013284804479,0.1753136037963584,,,
torus_minus1,RGA Fall 2018 torus-1,6,6,7,8,4,4.6,4.3,0.38,0.48,0.43,10.604,0.770415560033293,1.5,2,1.75,144,162,153,2.446989784937707,0.4037511067213326,0.164999097751285,,,
torus_minus1,RGA Fall 2018 torus-1,6,6,7,9,4,4.6,4.3,0.38,0.48,0.43,10.604,0.770415560033293,1.5,2,1.75,162,180,171,2.415074296709856,0.4789247812729825,0.1983064379946568,,,
torus_minus1,RGA Fall 2018 torus-1,6,6,7,10,4,4.6,4.3,0.38,0.48,0.43,10.604,0.770415560033293,1.5,2,1.75,180,198,189,2.826852933864304,0.5673447827414362,0.2006983723648745,,,
torus_minus1,RGA Fall 2018 torus-1,6,6,7,11,4,4.6,4.3,0.38,0.48,0.43,10.604,0.770415560033293,1.5,2,1.75,198,216,207,3.079785232310848,0.530820432813177,0.1723563147339621,,,
torus_minus1,RGA Fall 2018 torus-1,6,6,7,12,4,4.6,4.3,0.38,0.48,0.43,10.604,0.770415560033293,1.5,2,1.75,216,234,225,3.486532364562084,0.6497394631145416,0.1863569286545688,,,
torus_minus1,RGA Fall 2018 torus-1,6,6,7,13,4,4.6,4.3,0.38,0.48,0.43,10.604,0.770415560033293,1.5,2,1.75,234,252,243,4.381023759698819,0.7053914915439143,0.1610106519012368,,,
torus_minus1,RGA Fall 2018 torus-1,6,6,7,14,4,4.6,4.3,0.38,0.48,0.43,10.604,0.770415560033293,1.5,2,1.75,252,270,261,4.093416212977659,0.6880688922398741,0.1680916028178221,,,
torus_minus1,RGA Fall 2018 torus-1,6,6,7,15,4,4.6,4.3,0.38,0.48,0.43,10.604,0.770415560033293,1.5,2,1.75,270,288,279,3.403754964001387,0.6580401686584294,0.1933277147203483,,,
torus_minus1,RGA Fall 2018 torus-1,6,6,7,16,4,4.6,4.3,0.38,0.48,0.43,10.604,0.770415560033293,1.5,2,1.75,288,306,297,2.077049176965391,0.6021769880009779,0.2899194658841781,,,
torus_minus1,RGA Fall 2018 torus-1,6,6,7,17,4,4.6,4.3,0.38,0.48,0.43,10.604,0.770415560033293,1.5,2,1.75,306,324,315,4.188545632989758,1.03278556570998,0.2465737886620049,,,
torus_minus1,RGA Fall 2018 torus-1,6,6,7,18,4,4.6,4.3,0.38,0.48,0.43,10.604,0.770415560033293,1.5,2,1.75,324,342,333,2.214594034334148,0.9042993176057779,0.4083363829152866,,,
torus_minus1,RGA Fall 2018 torus-1,6,6,7,19,4,4.6,4.3,0.38,0.48,0.43,10.604,0.770415560033293,1.5,2,1.75,342,360,351,1.50801204504638,0.7235280812831232,0.4797893250652853,,,
torus_minus1,RGA Fall 2018 torus-1,6,7,5,0,4,4.6,4.309487776484284,0.48,0.58,0.5279025999223903,10.604,0.8488439308010567,0.6,1,0.8,0,18,9,15.03345286620528,1.903224242617899,0.126599275599306,,,
torus_minus1,RGA Fall 2018 torus-1,6,7,5,1,4,4.6,4.309487776484284,0.48,0.58,0.5279025999223903,10.604,0.8488439308010567,0.6,1,0.8,18,36,27,18.98974703081697,2.121159947417806,0.1117002740465969,,,
torus_minus1,RGA Fall 2018 torus-1,6,7,5,2,4,4.6,4.309487776484284,0.48,0.58,0.5279025999223903,10.604,0.8488439308010567,0.6,1,0.8,36,54,45,21.4671762474489,2.470955373846023,0.1151038844309887,,,
torus_minus1,RGA Fall 2018 torus-1,6,7,5,3,4,4.6,4.309487776484284,0.48,0.58,0.5279025999223903,10.604,0.8488439308010567,0.6,1,0.8,54,72,63,24.07144343465566,2.364028263424964,0.09820882864138812,,,
torus_minus1,RGA Fall 2018 torus-1,6,7,5,4,4,4.6,4.309487776484284,0.48,0.58,0.5279025999223903,10.604,0.8488439308010567,0.6,1,0.8,72,90,81,24.14763266679334,2.238508243590499,0.09270093985936713,,,
torus_minus1,RGA Fall 2018 torus-1,6,7,5,5,4,4.6,4.309487776484284,0.48,0.58,0.5279025999223903,10.604,0.8488439308010567,0.6,1,0.8,90,108,99,26.73735048575474,2.242949193659923,0.08388823697602096,,,
torus_minus1,RGA Fall 2018 torus-1,6,7,5,6,4,4.6,4.309487776484284,0.48,0.58,0.5279025999223903,10.604,0.8488439308010567,0.6,1,0.8,108,126,117,26.87220324087155,2.167819161083714,0.08067143366147765,,,
torus_minus1,RGA Fall 2018 torus-1,6,7,5,7,4,4.6,4.309487776484284,0.48,0.58,0.5279025999223903,10.604,0.8488439308010567,0.6,1,0.8,126,144,135,25.44723183027646,1.876484790498244,0.07374023245489712,,,
torus_minus1,RGA Fall 2018 torus-1,6,7,5,8,4,4.6,4.309487776484284,0.48,0.58,0.5279025999223903,10.604,0.8488439308010567,0.6,1,0.8,144,162,153,19.45608853683369,1.749748930744338,0.0899332323365904,,,
torus_minus1,RGA Fall 2018 torus-1,6,7,5,9,4,4.6,4.309487776484284,0.48,0.58,0.5279025999223903,10.604,0.8488439308010567,0.6,1,0.8,162,180,171,13.18623645774219,2.310642588550294,0.1752313934271685,,,
torus_minus1,RGA Fall 2018 torus-1,6,7,5,10,4,4.6,4.309487776484284,0.48,0.58,0.5279025999223903,10.604,0.8488439308010567,0.6,1,0.8,180,198,189,23.35993463907413,3.769123841106886,0.1613499309540994,,,
torus_minus1,RGA Fall 2018 torus-1,6,7,5,11,4,4.6,4.309487776484284,0.48,0.58,0.5279025999223903,10.604,0.8488439308010567,0.6,1,0.8,198,216,207,17.58825425775516,1.883137626952394,0.1070679101720437,,,
torus_minus1,RGA Fall 2018 torus-1,6,7,5,12,4,4.6,4.309487776484284,0.48,0.58,0.5279025999223903,10.604,0.8488439308010567,0.6,1,0.8,216,234,225,18.98111588878672,1.782527027121536,0.09391054970453984,,,
torus_minus1,RGA Fall 2018 torus-1,6,7,5,13,4,4.6,4.309487776484284,0.48,0.58,0.5279025999223903,10.604,0.8488439308010567,0.6,1,0.8,234,252,243,22.89363259084489,2.358561751361428,0.103022608666508,,,
torus_minus1,RGA Fall 2018 torus-1,6,7,5,14,4,4.6,4.309487776484284,0.48,0.58,0.5279025999223903,10.604,0.8488439308010567,0.6,1,0.8,252,270,261,23.679348286687,2.448404850481008,0.1033983207999669,,,
torus_minus1,RGA Fall 2018 torus-1,6,7,5,15,4,4.6,4.309487776484284,0.48,0.58,0.5279025999223903,10.604,0.8488439308010567,0.6,1,0.8,270,288,279,22.47013247756262,2.49362936401945,0.1109752853709004,,,
torus_minus1,RGA Fall 2018 torus-1,6,7,5,16,4,4.6,4.309487776484284,0.48,0.58,0.5279025999223903,10.604,0.8488439308010567,0.6,1,0.8,288,306,297,23.00014952580461,2.505043380961008,0.1089142215423652,,,
torus_minus1,RGA Fall 2018 torus-1,6,7,5,17,4,4.6,4.309487776484284,0.48,0.58,0.5279025999223903,10.604,0.8488439308010567,0.6,1,0.8,306,324,315,20.15557577273365,2.584399780863208,0.1282225727512766,,,
torus_minus1,RGA Fall 2018 torus-1,6,7,5,18,4,4.6,4.309487776484284,0.48,0.58,0.5279025999223903,10.604,0.8488439308010567,0.6,1,0.8,324,342,333,19.30531549960673,2.655543478265347,0.1375550416836981,,,
torus_minus1,RGA Fall 2018 torus-1,6,7,5,19,4,4.6,4.309487776484284,0.48,0.58,0.5279025999223903,10.604,0.8488439308010567,0.6,1,0.8,342,360,351,16.43304950454734,2.000335612615086,0.1217263790303532,,,
torus_minus1,RGA Fall 2018 torus-1,6,7,6,0,4,4.6,4.309487776484284,0.48,0.58,0.5279025999223903,10.604,0.8488439308010567,1,1.5,1.25,0,18,9,8.384731913089846,1.463734459782662,0.1745714084784928,,,
torus_minus1,RGA Fall 2018 torus-1,6,7,6,1,4,4.6,4.309487776484284,0.48,0.58,0.5279025999223903,10.604,0.8488439308010567,1,1.5,1.25,18,36,27,8.431774206679695,1.53744831795787,0.1823398350420598,,,
torus_minus1,RGA Fall 2018 torus-1,6,7,6,2,4,4.6,4.309487776484284,0.48,0.58,0.5279025999223903,10.604,0.8488439308010567,1,1.5,1.25,36,54,45,9.775200758377391,1.886936883020728,0.1930330567792805,,,
torus_minus1,RGA Fall 2018 torus-1,6,7,6,3,4,4.6,4.309487776484284,0.48,0.58,0.5279025999223903,10.604,0.8488439308010567,1,1.5,1.25,54,72,63,9.927394513963614,1.69375672082048,0.1706144264175344,,,
torus_minus1,RGA Fall 2018 torus-1,6,7,6,4,4,4.6,4.309487776484284,0.48,0.58,0.5279025999223903,10.604,0.8488439308010567,1,1.5,1.25,72,90,81,16.83097874108885,2.217562107724655,0.1317547922695074,,,
torus_minus1,RGA Fall 2018 torus-1,6,7,6,5,4,4.6,4.309487776484284,0.48,0.58,0.5279025999223903,10.604,0.8488439308010567,1,1.5,1.25,90,108,99,20.21415311344159,2.102414395395212,0.1040070481111174,,,
torus_minus1,RGA Fall 2018 torus-1,6,7,6,6,4,4.6,4.309487776484284,0.48,0.58,0.5279025999223903,10.604,0.8488439308010567,1,1.5,1.25,108,126,117,17.04821241459844,1.642011146113358,0.09631573716827332,,,
torus_minus1,RGA Fall 2018 torus-1,6,7,6,7,4,4.6,4.309487776484284,0.48,0.58,0.5279025999223903,10.604,0.8488439308010567,1,1.5,1.25,126,144,135,16.45204429534843,1.524116333121873,0.09263993615387937,,,
torus_minus1,RGA Fall 2018 torus-1,6,7,6,8,4,4.6,4.309487776484284,0.48,0.58,0.5279025999223903,10.604,0.8488439308010567,1,1.5,1.25,144,162,153,11.34726002568522,1.28666442459358,0.1133898775282434,,,
torus_minus1,RGA Fall 2018 torus-1,6,7,6,9,4,4.6,4.309487776484284,0.48,0.58,0.5279025999223903,10.604,0.8488439308010567,1,1.5,1.25,162,180,171,7.612237107205495,1.248987118565602,0.164076223713966,,,
torus_minus1,RGA Fall 2018 torus-1,6,7,6,10,4,4.6,4.309487776484284,0.48,0.58,0.5279025999223903,10.604,0.8488439308010567,1,1.5,1.25,180,198,189,8.294086012089601,1.59178501684203,0.1919180744595386,,,
torus_minus1,RGA Fall 2018 torus-1,6,7,6,11,4,4.6,4.309487776484284,0.48,0.58,0.5279025999223903,10.604,0.8488439308010567,1,1.5,1.25,198,216,207,13.28823727537124,1.679501191874018,0.1263900664226434,,,
torus_minus1,RGA Fall 2018 torus-1,6,7,6,12,4,4.6,4.309487776484284,0.48,0.58,0.5279025999223903,10.604,0.8488439308010567,1,1.5,1.25,216,234,225,14.77420267474169,1.524376076090287,0.1031782296242893,,,
torus_minus1,RGA Fall 2018 torus-1,6,7,6,13,4,4.6,4.309487776484284,0.48,0.58,0.5279025999223903,10.604,0.8488439308010567,1,1.5,1.25,234,252,243,17.88938430797129,1.784293302726582,0.099740341646723,,,
torus_minus1,RGA Fall 2018 torus-1,6,7,6,14,4,4.6,4.309487776484284,0.48,0.58,0.5279025999223903,10.604,0.8488439308010567,1,1.5,1.25,252,270,261,15.09601708392975,1.637569122286275,0.1084768991172861,,,
torus_minus1,RGA Fall 2018 torus-1,6,7,6,15,4,4.6,4.309487776484284,0.48,0.58,0.5279025999223903,10.604,0.8488439308010567,1,1.5,1.25,270,288,279,12.79022558007195,1.721769783640986,0.1346160607459201,,,
torus_minus1,RGA Fall 2018 torus-1,6,7,6,16,4,4.6,4.309487776484284,0.48,0.58,0.5279025999223903,10.604,0.8488439308010567,1,1.5,1.25,288,306,297,11.47660213697129,1.725021054506257,0.1503076462805302,,,
torus_minus1,RGA Fall 2018 torus-1,6,7,6,17,4,4.6,4.309487776484284,0.48,0.58,0.5279025999223903,10.604,0.8488439308010567,1,1.5,1.25,306,324,315,10.59021151228458,2.307856285123023,0.2179235308422239,,,
torus_minus1,RGA Fall 2018 torus-1,6,7,6,18,4,4.6,4.309487776484284,0.48,0.58,0.5279025999223903,10.604,0.8488439308010567,1,1.5,1.25,324,342,333,8.167629548946472,1.831055938080133,0.2241844989549406,,,
torus_minus1,RGA Fall 2018 torus-1,6,7,6,19,4,4.6,4.309487776484284,0.48,0.58,0.5279025999223903,10.604,0.8488439308010567,1,1.5,1.25,342,360,351,11.7139988183171,1.709814816114819,0.1459633761821107,,,
torus_minus1,RGA Fall 2018 torus-1,6,7,7,0,4,4.6,4.309487776484284,0.48,0.58,0.5279025999223903,10.604,0.8488439308010567,1.5,2,1.75,0,18,9,2.89032245468452,1.016146751605831,0.3515686458993186,,,
torus_minus1,RGA Fall 2018 torus-1,6,7,7,1,4,4.6,4.309487776484284,0.48,0.58,0.5279025999223903,10.604,0.8488439308010567,1.5,2,1.75,18,36,27,7.380480788095436,2.458457284595016,0.3331025925249284,,,
torus_minus1,RGA Fall 2018 torus-1,6,7,7,2,4,4.6,4.309487776484284,0.48,0.58,0.5279025999223903,10.604,0.8488439308010567,1.5,2,1.75,36,54,45,5.352918726997457,1.930699434838089,0.3606816268479105,,,
torus_minus1,RGA Fall 2018 torus-1,6,7,7,3,4,4.6,4.309487776484284,0.48,0.58,0.5279025999223903,10.604,0.8488439308010567,1.5,2,1.75,54,72,63,6.159979200930336,1.386920206491507,0.2251501443839359,,,
torus_minus1,RGA Fall 2018 torus-1,6,7,7,4,4,4.6,4.309487776484284,0.48,0.58,0.5279025999223903,10.604,0.8488439308010567,1.5,2,1.75,72,90,81,9.453319308790707,1.597305246744925,0.1689676604131609,,,
torus_minus1,RGA Fall 2018 torus-1,6,7,7,5,4,4.6,4.309487776484284,0.48,0.58,0.5279025999223903,10.604,0.8488439308010567,1.5,2,1.75,90,108,99,9.790646742201885,1.626530262651746,0.1661310335752084,,,
torus_minus1,RGA Fall 2018 torus-1,6,7,7,6,4,4.6,4.309487776484284,0.48,0.58,0.5279025999223903,10.604,0.8488439308010567,1.5,2,1.75,108,126,117,11.7009579507593,1.564011819121319,0.1336652798602551,,,
torus_minus1,RGA Fall 2018 torus-1,6,7,7,7,4,4.6,4.309487776484284,0.48,0.58,0.5279025999223903,10.604,0.8488439308010567,1.5,2,1.75,126,144,135,9.154680512473441,1.318856403727078,0.1440636188155457,,,
torus_minus1,RGA Fall 2018 torus-1,6,7,7,8,4,4.6,4.309487776484284,0.48,0.58,0.5279025999223903,10.604,0.8488439308010567,1.5,2,1.75,144,162,153,7.666491457714326,1.327177995036887,0.1731141295020199,,,
torus_minus1,RGA Fall 2018 torus-1,6,7,7,9,4,4.6,4.309487776484284,0.48,0.58,0.5279025999223903,10.604,0.8488439308010567,1.5,2,1.75,162,180,171,4.884027990636912,1.276358554702576,0.2613331776864223,,,
torus_minus1,RGA Fall 2018 torus-1,6,7,7,10,4,4.6,4.309487776484284,0.48,0.58,0.5279025999223903,10.604,0.8488439308010567,1.5,2,1.75,180,198,189,5.716110817171021,1.589407841995897,0.2780575627087853,,,
torus_minus1,RGA Fall 2018 torus-1,6,7,7,11,4,4.6,4.309487776484284,0.48,0.58,0.5279025999223903,10.604,0.8488439308010567,1.5,2,1.75,198,216,207,8.339657698419035,1.692474393623467,0.2029429090290256,,,
torus_minus1,RGA Fall 2018 torus-1,6,7,7,12,4,4.6,4.309487776484284,0.48,0.58,0.5279025999223903,10.604,0.8488439308010567,1.5,2,1.75,216,234,225,6.682273214330629,1.062015085577588,0.1589302100518754,,,
torus_minus1,RGA Fall 2018 torus-1,6,7,7,13,4,4.6,4.309487776484284,0.48,0.58,0.5279025999223903,10.604,0.8488439308010567,1.5,2,1.75,234,252,243,11.70432189512728,1.567225777122561,0.1339014588940027,,,
torus_minus1,RGA Fall 2018 torus-1,6,7,7,14,4,4.6,4.309487776484284,0.48,0.58,0.5279025999223903,10.604,0.8488439308010567,1.5,2,1.75,252,270,261,9.916255906507764,1.364605829251437,0.1376130106077521,,,
torus_minus1,RGA Fall 2018 torus-1,6,7,7,15,4,4.6,4.309487776484284,0.48,0.58,0.5279025999223903,10.604,0.8488439308010567,1.5,2,1.75,270,288,279,7.944846194734011,1.291811950818265,0.1625974775540024,,,
torus_minus1,RGA Fall 2018 torus-1,6,7,7,16,4,4.6,4.309487776484284,0.48,0.58,0.5279025999223903,10.604,0.8488439308010567,1.5,2,1.75,288,306,297,5.492706304028265,1.168443148650945,0.2127263108522709,,,
torus_minus1,RGA Fall 2018 torus-1,6,7,7,17,4,4.6,4.309487776484284,0.48,0.58,0.5279025999223903,10.604,0.8488439308010567,1.5,2,1.75,306,324,315,8.367073297927794,2.049457484736214,0.2449431732890145,,,
torus_minus1,RGA Fall 2018 torus-1,6,7,7,18,4,4.6,4.309487776484284,0.48,0.58,0.5279025999223903,10.604,0.8488439308010567,1.5,2,1.75,324,342,333,8.475928833711796,2.751279283162491,0.3245991486171604,,,
torus_minus1,RGA Fall 2018 torus-1,6,7,7,19,4,4.6,4.309487776484284,0.48,0.58,0.5279025999223903,10.604,0.8488439308010567,1.5,2,1.75,342,360,351,3.869625459310764,1.652641987853701,0.4270806064388619,,,
torus_minus1,RGA Fall 2018 torus-1,6,8,5,0,4,4.6,4.502643419572554,0.58,0.7,0.5855320584926884,10.604,0.8643842942394883,0.6,1,0.8,0,18,9,39.0941321022759,24.47493778898977,0.6260514423228476,,,
torus_minus1,RGA Fall 2018 torus-1,6,8,5,1,4,4.6,4.502643419572554,0.58,0.7,0.5855320584926884,10.604,0.8643842942394883,0.6,1,0.8,18,36,27,28.16490133540079,13.73068746483654,0.487510582811035,,,
torus_minus1,RGA Fall 2018 torus-1,6,8,5,2,4,4.6,4.502643419572554,0.58,0.7,0.5855320584926884,10.604,0.8643842942394883,0.6,1,0.8,36,54,45,33.69515407294377,16.57055359430318,0.4917785376030929,,,
torus_minus1,RGA Fall 2018 torus-1,6,8,5,3,4,4.6,4.502643419572554,0.58,0.7,0.5855320584926884,10.604,0.8643842942394883,0.6,1,0.8,54,72,63,18.36162022639708,10.39489360994852,0.5661207171143094,,,
torus_minus1,RGA Fall 2018 torus-1,6,8,5,4,4,4.6,4.502643419572554,0.58,0.7,0.5855320584926884,10.604,0.8643842942394883,0.6,1,0.8,72,90,81,57.62071896276656,29.17508851732566,0.5063298244539097,,,
torus_minus1,RGA Fall 2018 torus-1,6,8,5,5,4,4.6,4.502643419572554,0.58,0.7,0.5855320584926884,10.604,0.8643842942394883,0.6,1,0.8,90,108,99,30.6524463773173,14.59420474725695,0.476118759579875,,,
torus_minus1,RGA Fall 2018 torus-1,6,8,5,6,4,4.6,4.502643419572554,0.58,0.7,0.5855320584926884,10.604,0.8643842942394883,0.6,1,0.8,108,126,117,9.048352436158654,6.906544355156036,0.763293030845747,,,
torus_minus1,RGA Fall 2018 torus-1,6,8,5,7,4,4.6,4.502643419572554,0.58,0.7,0.5855320584926884,10.604,0.8643842942394883,0.6,1,0.8,126,144,135,24.08814702554557,15.08564600838659,0.6262684295470385,,,
torus_minus1,RGA Fall 2018 torus-1,6,8,5,8,4,4.6,4.502643419572554,0.58,0.7,0.5855320584926884,10.604,0.8643842942394883,0.6,1,0.8,144,162,153,27.30412333821189,19.91795135770239,0.7294851078345147,,,
torus_minus1,RGA Fall 2018 torus-1,6,8,5,9,4,4.6,4.502643419572554,0.58,0.7,0.5855320584926884,10.604,0.8643842942394883,0.6,1,0.8,162,180,171,47.8712263121244,50.37381896138253,1.052277596419632,,,
torus_minus1,RGA Fall 2018 torus-1,6,8,5,10,4,4.6,4.502643419572554,0.58,0.7,0.5855320584926884,10.604,0.8643842942394883,0.6,1,0.8,180,198,189,10.7155988167185,18.37489182711036,1.714779746927611,,,
torus_minus1,RGA Fall 2018 torus-1,6,8,5,11,4,4.6,4.502643419572554,0.58,0.7,0.5855320584926884,10.604,0.8643842942394883,0.6,1,0.8,198,216,207,17.25830034195653,15.53918913845823,0.9003893101037895,,,
torus_minus1,RGA Fall 2018 torus-1,6,8,5,12,4,4.6,4.502643419572554,0.58,0.7,0.5855320584926884,10.604,0.8643842942394883,0.6,1,0.8,216,234,225,132.0298407519703,122.9503084199181,0.9312312104571207,,,
torus_minus1,RGA Fall 2018 torus-1,6,8,5,13,4,4.6,4.502643419572554,0.58,0.7,0.5855320584926884,10.604,0.8643842942394883,0.6,1,0.8,234,252,243,37.58617705940926,21.80784808796908,0.5802092629292752,,,
torus_minus1,RGA Fall 2018 torus-1,6,8,5,14,4,4.6,4.502643419572554,0.58,0.7,0.5855320584926884,10.604,0.8643842942394883,0.6,1,0.8,252,270,261,35.26115039533523,20.48393178953123,0.5809206891968305,,,
torus_minus1,RGA Fall 2018 torus-1,6,8,5,15,4,4.6,4.502643419572554,0.58,0.7,0.5855320584926884,10.604,0.8643842942394883,0.6,1,0.8,270,288,279,6.105750087881585,6.498569306505456,1.064335947749241,,,
torus_minus1,RGA Fall 2018 torus-1,6,8,5,16,4,4.6,4.502643419572554,0.58,0.7,0.5855320584926884,10.604,0.8643842942394883,0.6,1,0.8,288,306,297,31.44738037308237,19.57171361934511,0.622363878553702,,,
torus_minus1,RGA Fall 2018 torus-1,6,8,5,17,4,4.6,4.502643419572554,0.58,0.7,0.5855320584926884,10.604,0.8643842942394883,0.6,1,0.8,306,324,315,12.16072095266195,7.517747338277888,0.618199148516131,,,
torus_minus1,RGA Fall 2018 torus-1,6,8,5,18,4,4.6,4.502643419572554,0.58,0.7,0.5855320584926884,10.604,0.8643842942394883,0.6,1,0.8,324,342,333,22.54382366287892,25.97033707578414,1.151993444596862,,,
torus_minus1,RGA Fall 2018 torus-1,6,8,5,19,4,4.6,4.502643419572554,0.58,0.7,0.5855320584926884,10.604,0.8643842942394883,0.6,1,0.8,342,360,351,41.17982219227476,36.62202613174143,0.8893196760478396,,,
torus_minus1,RGA Fall 2018 torus-1,6,8,6,0,4,4.6,4.503333333333333,0.58,0.7,0.5856,10.604,0.8643705323234673,1,1.5,1.25,0,18,9,16.9234715510798,17.90187793748467,1.057813574682462,,,
torus_minus1,RGA Fall 2018 torus-1,6,8,6,1,4,4.6,4.503333333333333,0.58,0.7,0.5856,10.604,0.8643705323234673,1,1.5,1.25,18,36,27,13.12023200093093,14.26223948319939,1.087041714063245,,,
torus_minus1,RGA Fall 2018 torus-1,6,8,6,3,4,4.6,4.503333333333333,0.58,0.7,0.5856,10.604,0.8643705323234673,1,1.5,1.25,54,72,63,32.15442940818586,17.82987151908297,0.5545074768001903,,,
torus_minus1,RGA Fall 2018 torus-1,6,8,6,4,4,4.6,4.503333333333333,0.58,0.7,0.5856,10.604,0.8643705323234673,1,1.5,1.25,72,90,81,39.18445979029314,21.16519403089853,0.5401425499846146,,,
torus_minus1,RGA Fall 2018 torus-1,6,8,6,5,4,4.6,4.503333333333333,0.58,0.7,0.5856,10.604,0.8643705323234673,1,1.5,1.25,90,108,99,98.68175937161512,76.37007418029347,0.7739026408386128,,,
torus_minus1,RGA Fall 2018 torus-1,6,8,6,6,4,4.6,4.503333333333333,0.58,0.7,0.5856,10.604,0.8643705323234673,1,1.5,1.25,108,126,117,28.60398732547706,16.52587784283271,0.5777473488150167,,,
torus_minus1,RGA Fall 2018 torus-1,6,8,6,7,4,4.6,4.503333333333333,0.58,0.7,0.5856,10.604,0.8643705323234673,1,1.5,1.25,126,144,135,32.52905330820192,11.94094950232017,0.3670856753556172,,,
torus_minus1,RGA Fall 2018 torus-1,6,8,6,8,4,4.6,4.503333333333333,0.58,0.7,0.5856,10.604,0.8643705323234673,1,1.5,1.25,144,162,153,10.4896395284509,8.842831926112801,0.8430062732020979,,,
torus_minus1,RGA Fall 2018 torus-1,6,8,6,9,4,4.6,4.503333333333333,0.58,0.7,0.5856,10.604,0.8643705323234673,1,1.5,1.25,162,180,171,49.57116529590991,37.6129281521188,0.7587662692130061,,,
torus_minus1,RGA Fall 2018 torus-1,6,8,6,11,4,4.6,4.503333333333333,0.58,0.7,0.5856,10.604,0.8643705323234673,1,1.5,1.25,198,216,207,2.108819324876138,7.547306018735757,3.578924912962399,,,
torus_minus1,RGA Fall 2018 torus-1,6,8,6,12,4,4.6,4.503333333333333,0.58,0.7,0.5856,10.604,0.8643705323234673,1,1.5,1.25,216,234,225,17.39789746722149,10.85586309704142,0.6239755762151381,,,
torus_minus1,RGA Fall 2018 torus-1,6,8,6,13,4,4.6,4.503333333333333,0.58,0.7,0.5856,10.604,0.8643705323234673,1,1.5,1.25,234,252,243,38.93572638870821,19.05978680127611,0.4895192299996145,,,
torus_minus1,RGA Fall 2018 torus-1,6,8,6,14,4,4.6,4.503333333333333,0.58,0.7,0.5856,10.604,0.8643705323234673,1,1.5,1.25,252,270,261,11.39133100540313,10.36467959003382,0.9098743233005568,,,
torus_minus1,RGA Fall 2018 torus-1,6,8,6,15,4,4.6,4.503333333333333,0.58,0.7,0.5856,10.604,0.8643705323234673,1,1.5,1.25,270,288,279,29.27068908888437,17.04911013369354,0.5824635724127174,,,
torus_minus1,RGA Fall 2018 torus-1,6,8,6,16,4,4.6,4.503333333333333,0.58,0.7,0.5856,10.604,0.8643705323234673,1,1.5,1.25,288,306,297,52.24301586784929,35.1495230155672,0.6728080764801034,,,
torus_minus1,RGA Fall 2018 torus-1,6,8,6,17,4,4.6,4.503333333333333,0.58,0.7,0.5856,10.604,0.8643705323234673,1,1.5,1.25,306,324,315,24.2050927267761,27.67398531027376,1.143312509588543,,,
torus_minus1,RGA Fall 2018 torus-1,6,8,6,18,4,4.6,4.503333333333333,0.58,0.7,0.5856,10.604,0.8643705323234673,1,1.5,1.25,324,342,333,8.323924331028026,11.08367803654024,1.331544785339414,,,
torus_minus1,RGA Fall 2018 torus-1,6,8,6,19,4,4.6,4.503333333333333,0.58,0.7,0.5856,10.604,0.8643705323234673,1,1.5,1.25,342,360,351,6.281220232035036,10.77980004045052,1.716195204471919,,,
torus_minus1,RGA Fall 2018 torus-1,6,8,7,2,4,4.6,4.503333333333333,0.58,0.7,0.5856,10.604,0.8643705323234673,1.5,2,1.75,36,54,45,17.822277709721,34.68391250623363,1.946098757473384,,,
torus_minus1,RGA Fall 2018 torus-1,6,8,7,3,4,4.6,4.503333333333333,0.58,0.7,0.5856,10.604,0.8643705323234673,1.5,2,1.75,54,72,63,12.02903780529361,12.81378155213583,1.065237449540385,,,
torus_minus1,RGA Fall 2018 torus-1,6,8,7,6,4,4.6,4.503333333333333,0.58,0.7,0.5856,10.604,0.8643705323234673,1.5,2,1.75,108,126,117,13.11548766095408,29.83599943629165,2.274867714230402,,,
torus_minus1,RGA Fall 2018 torus-1,6,8,7,7,4,4.6,4.503333333333333,0.58,0.7,0.5856,10.604,0.8643705323234673,1.5,2,1.75,126,144,135,8.645959172914273,11.4059162660672,1.319219306725298,,,
torus_minus1,RGA Fall 2018 torus-1,6,8,7,8,4,4.6,4.503333333333333,0.58,0.7,0.5856,10.604,0.8643705323234673,1.5,2,1.75,144,162,153,18.42874845748975,24.87659298853028,1.349879675546823,,,
torus_minus1,RGA Fall 2018 torus-1,6,8,7,11,4,4.6,4.503333333333333,0.58,0.7,0.5856,10.604,0.8643705323234673,1.5,2,1.75,198,216,207,12.37521153736851,22.0205912214984,1.779411297738584,,,
torus_minus1,RGA Fall 2018 torus-1,6,8,7,12,4,4.6,4.503333333333333,0.58,0.7,0.5856,10.604,0.8643705323234673,1.5,2,1.75,216,234,225,7.274662034862024,9.1369100770704,1.255991004569561,,,
torus_minus1,RGA Fall 2018 torus-1,6,8,7,13,4,4.6,4.503333333333333,0.58,0.7,0.5856,10.604,0.8643705323234673,1.5,2,1.75,234,252,243,23.4677822241334,15.26736292432308,0.6505669252641471,,,
torus_minus1,RGA Fall 2018 torus-1,6,8,7,14,4,4.6,4.503333333333333,0.58,0.7,0.5856,10.604,0.8643705323234673,1.5,2,1.75,252,270,261,22.11782778630203,14.44083682647031,0.6529048406559066,,,
torus_minus1,RGA Fall 2018 torus-1,6,8,7,16,4,4.6,4.503333333333333,0.58,0.7,0.5856,10.604,0.8643705323234673,1.5,2,1.75,288,306,297,20.45116441073896,23.37926282652563,1.14317514430861,,,
torus_minus1,RGA Fall 2018 torus-1,6,8,7,19,4,4.6,4.503333333333333,0.58,0.7,0.5856,10.604,0.8643705323234673,1.5,2,1.75,342,360,351,14.36974435894243,23.20059008200193,1.61454438593154,,,
torus_minus1,RGA Fall 2018 torus-1,7,4,4,11,4.6,5.5,4.683108108108108,0.25,0.3,0.2950225225225225,10.604,0.3614213012398909,0.4,0.6,0.5,198,216,207,38.572917367891,23.77993921305343,0.6164931468950391,,,
torus_minus1,RGA Fall 2018 torus-1,7,4,4,14,4.6,5.5,4.683108108108108,0.25,0.3,0.2950225225225225,10.604,0.3614213012398909,0.4,0.6,0.5,252,270,261,40.2042554921777,25.50574151435255,0.6344040251986521,,,
torus_minus1,RGA Fall 2018 torus-1,7,4,4,18,4.6,5.5,4.683108108108108,0.25,0.3,0.2950225225225225,10.604,0.3614213012398909,0.4,0.6,0.5,324,342,333,4.886316004091194,8.378003568655233,1.714584885963277,,,
torus_minus1,RGA Fall 2018 torus-1,7,4,5,9,4.6,5.5,4.683108108108108,0.25,0.3,0.2950225225225225,10.604,0.3614213012398909,0.6,1,0.8,162,180,171,5.093494447118384,9.195107098268293,1.805264969606549,,,
torus_minus1,RGA Fall 2018 torus-1,7,4,5,11,4.6,5.5,4.683108108108108,0.25,0.3,0.2950225225225225,10.604,0.3614213012398909,0.6,1,0.8,198,216,207,5.183651155095307,9.814796606341362,1.893413795157461,,,
torus_minus1,RGA Fall 2018 torus-1,7,4,5,12,4.6,5.5,4.683108108108108,0.25,0.3,0.2950225225225225,10.604,0.3614213012398909,0.6,1,0.8,216,234,225,10.5272668321692,7.63807718763967,0.7255517799073212,,,
torus_minus1,RGA Fall 2018 torus-1,7,4,5,14,4.6,5.5,4.683108108108108,0.25,0.3,0.2950225225225225,10.604,0.3614213012398909,0.6,1,0.8,252,270,261,7.137782518943384,9.606915457822248,1.345924372496064,,,
torus_minus1,RGA Fall 2018 torus-1,7,4,5,15,4.6,5.5,4.683108108108108,0.25,0.3,0.2950225225225225,10.604,0.3614213012398909,0.6,1,0.8,270,288,279,11.29665126243136,9.143673679703836,0.8094145306682559,,,
torus_minus1,RGA Fall 2018 torus-1,7,4,6,18,4.6,5.5,4.683108108108108,0.25,0.3,0.2950225225225225,10.604,0.3614213012398909,1,1.5,1.25,324,342,333,3.906157582497238,5.536733732001259,1.417437370373978,,,
torus_minus1,RGA Fall 2018 torus-1,7,5,2,0,4.6,5.5,4.997182810368349,0.3,0.38,0.3460081855388813,10.604,0.4794929737438784,0.2,0.3,0.25,0,18,9,6.208650211709235,5.033172368375651,0.8106709504882905,,,
torus_minus1,RGA Fall 2018 torus-1,7,5,2,2,4.6,5.5,4.997182810368349,0.3,0.38,0.3460081855388813,10.604,0.4794929737438784,0.2,0.3,0.25,36,54,45,8.366069808374805,6.030552990206786,0.7208346485669934,,,
torus_minus1,RGA Fall 2018 torus-1,7,5,2,3,4.6,5.5,4.997182810368349,0.3,0.38,0.3460081855388813,10.604,0.4794929737438784,0.2,0.3,0.25,54,72,63,9.608418594920472,4.702191268242551,0.4893824328936275,,,
torus_minus1,RGA Fall 2018 torus-1,7,5,2,4,4.6,5.5,4.997182810368349,0.3,0.38,0.3460081855388813,10.604,0.4794929737438784,0.2,0.3,0.25,72,90,81,6.043594690204698,3.557175680758061,0.5885860755228076,,,
torus_minus1,RGA Fall 2018 torus-1,7,5,2,6,4.6,5.5,4.997182810368349,0.3,0.38,0.3460081855388813,10.604,0.4794929737438784,0.2,0.3,0.25,108,126,117,4.058103540771977,3.475232537337573,0.8563686220476464,,,
torus_minus1,RGA Fall 2018 torus-1,7,5,2,7,4.6,5.5,4.997182810368349,0.3,0.38,0.3460081855388813,10.604,0.4794929737438784,0.2,0.3,0.25,126,144,135,3.475418618746238,4.228856223490486,1.216790461062803,,,
torus_minus1,RGA Fall 2018 torus-1,7,5,2,8,4.6,5.5,4.997182810368349,0.3,0.38,0.3460081855388813,10.604,0.4794929737438784,0.2,0.3,0.25,144,162,153,6.504800101525927,5.672697000012112,0.8720786052566603,,,
torus_minus1,RGA Fall 2018 torus-1,7,5,2,9,4.6,5.5,4.997182810368349,0.3,0.38,0.3460081855388813,10.604,0.4794929737438784,0.2,0.3,0.25,162,180,171,4.919499516859956,4.18073677580663,0.8498296953742019,,,
torus_minus1,RGA Fall 2018 torus-1,7,5,2,10,4.6,5.5,4.997182810368349,0.3,0.38,0.3460081855388813,10.604,0.4794929737438784,0.2,0.3,0.25,180,198,189,8.216457524263623,5.504446482400923,0.6699294028047986,,,
torus_minus1,RGA Fall 2018 torus-1,7,5,2,13,4.6,5.5,4.997182810368349,0.3,0.38,0.3460081855388813,10.604,0.4794929737438784,0.2,0.3,0.25,234,252,243,10.86495625985518,6.904214600237622,0.6354571923817067,,,
torus_minus1,RGA Fall 2018 torus-1,7,5,2,15,4.6,5.5,4.997182810368349,0.3,0.38,0.3460081855388813,10.604,0.4794929737438784,0.2,0.3,0.25,270,288,279,4.030284074645222,4.074978958790176,1.011089760254403,,,
torus_minus1,RGA Fall 2018 torus-1,7,5,2,18,4.6,5.5,4.997182810368349,0.3,0.38,0.3460081855388813,10.604,0.4794929737438784,0.2,0.3,0.25,324,342,333,8.333094317959546,6.497611581763696,0.7797357540715693,,,
torus_minus1,RGA Fall 2018 torus-1,7,5,2,19,4.6,5.5,4.997182810368349,0.3,0.38,0.3460081855388813,10.604,0.4794929737438784,0.2,0.3,0.25,342,360,351,7.21095670876605,5.91215141210282,0.8198844689936458,,,
torus_minus1,RGA Fall 2018 torus-1,7,5,3,0,4.6,5.5,4.997182810368349,0.3,0.38,0.3460081855388813,10.604,0.4794929737438784,0.3,0.4,0.35,0,18,9,2.869575928436536,3.422932914916675,1.192835805805505,,,
torus_minus1,RGA Fall 2018 torus-1,7,5,3,1,4.6,5.5,4.997182810368349,0.3,0.38,0.3460081855388813,10.604,0.4794929737438784,0.3,0.4,0.35,18,36,27,3.694640170613996,3.953437169416219,1.070046604500382,,,
torus_minus1,RGA Fall 2018 torus-1,7,5,3,2,4.6,5.5,4.997182810368349,0.3,0.38,0.3460081855388813,10.604,0.4794929737438784,0.3,0.4,0.35,36,54,45,6.278408735955543,4.043025704591448,0.6439570717079348,,,
torus_minus1,RGA Fall 2018 torus-1,7,5,3,3,4.6,5.5,4.997182810368349,0.3,0.38,0.3460081855388813,10.604,0.4794929737438784,0.3,0.4,0.35,54,72,63,7.598916118768672,2.937244260958756,0.3865346340255045,,,
torus_minus1,RGA Fall 2018 torus-1,7,5,3,4,4.6,5.5,4.997182810368349,0.3,0.38,0.3460081855388813,10.604,0.4794929737438784,0.3,0.4,0.35,72,90,81,5.08838361631472,2.387996255700271,0.4693035029913458,,,
torus_minus1,RGA Fall 2018 torus-1,7,5,3,5,4.6,5.5,4.997182810368349,0.3,0.38,0.3460081855388813,10.604,0.4794929737438784,0.3,0.4,0.35,90,108,99,6.736891482581497,2.553470726096617,0.3790280328395845,,,
torus_minus1,RGA Fall 2018 torus-1,7,5,3,6,4.6,5.5,4.997182810368349,0.3,0.38,0.3460081855388813,10.604,0.4794929737438784,0.3,0.4,0.35,108,126,117,5.159892056702633,2.145883670459429,0.4158776282290546,,,
torus_minus1,RGA Fall 2018 torus-1,7,5,3,7,4.6,5.5,4.997182810368349,0.3,0.38,0.3460081855388813,10.604,0.4794929737438784,0.3,0.4,0.35,126,144,135,3.872655934234976,2.364239673232424,0.6104956684460707,,,
torus_minus1,RGA Fall 2018 torus-1,7,5,3,8,4.6,5.5,4.997182810368349,0.3,0.38,0.3460081855388813,10.604,0.4794929737438784,0.3,0.4,0.35,144,162,153,5.525939693304213,3.274946225243314,0.5926496500154661,,,
torus_minus1,RGA Fall 2018 torus-1,7,5,3,9,4.6,5.5,4.997182810368349,0.3,0.38,0.3460081855388813,10.604,0.4794929737438784,0.3,0.4,0.35,162,180,171,2.686609738702645,1.599037497025981,0.5951878585083039,,,
torus_minus1,RGA Fall 2018 torus-1,7,5,3,10,4.6,5.5,4.997182810368349,0.3,0.38,0.3460081855388813,10.604,0.4794929737438784,0.3,0.4,0.35,180,198,189,1.657003610426061,0.9876967970915156,0.596074016300756,,,
torus_minus1,RGA Fall 2018 torus-1,7,5,3,11,4.6,5.5,4.997182810368349,0.3,0.38,0.3460081855388813,10.604,0.4794929737438784,0.3,0.4,0.35,198,216,207,6.478349625424697,3.393205108040663,0.5237761627936555,,,
torus_minus1,RGA Fall 2018 torus-1,7,5,3,12,4.6,5.5,4.997182810368349,0.3,0.38,0.3460081855388813,10.604,0.4794929737438784,0.3,0.4,0.35,216,234,225,3.637274139113072,2.020377988848361,0.5554648650544164,,,
torus_minus1,RGA Fall 2018 torus-1,7,5,3,13,4.6,5.5,4.997182810368349,0.3,0.38,0.3460081855388813,10.604,0.4794929737438784,0.3,0.4,0.35,234,252,243,4.076547325068302,1.955054507137513,0.4795858728574325,,,
torus_minus1,RGA Fall 2018 torus-1,7,5,3,14,4.6,5.5,4.997182810368349,0.3,0.38,0.3460081855388813,10.604,0.4794929737438784,0.3,0.4,0.35,252,270,261,11.78792464947031,5.955621718812548,0.505230725162479,,,
torus_minus1,RGA Fall 2018 torus-1,7,5,3,15,4.6,5.5,4.997182810368349,0.3,0.38,0.3460081855388813,10.604,0.4794929737438784,0.3,0.4,0.35,270,288,279,15.71964579240723,10.08587346039201,0.6416094607719213,,,
torus_minus1,RGA Fall 2018 torus-1,7,5,3,17,4.6,5.5,4.997182810368349,0.3,0.38,0.3460081855388813,10.604,0.4794929737438784,0.3,0.4,0.35,306,324,315,2.063003431410263,3.475483569046769,1.684671734487101,,,
torus_minus1,RGA Fall 2018 torus-1,7,5,3,18,4.6,5.5,4.997182810368349,0.3,0.38,0.3460081855388813,10.604,0.4794929737438784,0.3,0.4,0.35,324,342,333,6.885053162234421,5.634983006856298,0.8184371092099985,,,
torus_minus1,RGA Fall 2018 torus-1,7,5,3,19,4.6,5.5,4.997182810368349,0.3,0.38,0.3460081855388813,10.604,0.4794929737438784,0.3,0.4,0.35,342,360,351,4.436875625295684,4.150760524448152,0.9355142841470874,,,
torus_minus1,RGA Fall 2018 torus-1,7,5,4,0,4.6,5.5,4.997182810368349,0.3,0.38,0.3460081855388813,10.604,0.4794929737438784,0.4,0.6,0.5,0,18,9,4.355341173204531,1.972835191091028,0.4529691504372949,,,
torus_minus1,RGA Fall 2018 torus-1,7,5,4,1,4.6,5.5,4.997182810368349,0.3,0.38,0.3460081855388813,10.604,0.4794929737438784,0.4,0.6,0.5,18,36,27,5.027004729483304,2.651312517539424,0.5274139691951188,,,
torus_minus1,RGA Fall 2018 torus-1,7,5,4,2,4.6,5.5,4.997182810368349,0.3,0.38,0.3460081855388813,10.604,0.4794929737438784,0.4,0.6,0.5,36,54,45,6.97377281421295,2.976770860939864,0.4268522850175207,,,
torus_minus1,RGA Fall 2018 torus-1,7,5,4,3,4.6,5.5,4.997182810368349,0.3,0.38,0.3460081855388813,10.604,0.4794929737438784,0.4,0.6,0.5,54,72,63,7.119123395151118,3.425875076446921,0.4812214771807871,,,
torus_minus1,RGA Fall 2018 torus-1,7,5,4,4,4.6,5.5,4.997182810368349,0.3,0.38,0.3460081855388813,10.604,0.4794929737438784,0.4,0.6,0.5,72,90,81,4.407725425338668,1.656781987954275,0.3758813964295374,,,
torus_minus1,RGA Fall 2018 torus-1,7,5,4,5,4.6,5.5,4.997182810368349,0.3,0.38,0.3460081855388813,10.604,0.4794929737438784,0.4,0.6,0.5,90,108,99,5.059087300768784,1.553001046401011,0.3069725731289547,,,
torus_minus1,RGA Fall 2018 torus-1,7,5,4,6,4.6,5.5,4.997182810368349,0.3,0.38,0.3460081855388813,10.604,0.4794929737438784,0.4,0.6,0.5,108,126,117,5.75543928319936,1.359756514086234,0.2362559045762996,,,
torus_minus1,RGA Fall 2018 torus-1,7,5,4,7,4.6,5.5,4.997182810368349,0.3,0.38,0.3460081855388813,10.604,0.4794929737438784,0.4,0.6,0.5,126,144,135,4.104350778370045,1.187554871493032,0.2893404914978159,,,
torus_minus1,RGA Fall 2018 torus-1,7,5,4,8,4.6,5.5,4.997182810368349,0.3,0.38,0.3460081855388813,10.604,0.4794929737438784,0.4,0.6,0.5,144,162,153,2.940469968802234,1.049365595513841,0.3568700264404632,,,
torus_minus1,RGA Fall 2018 torus-1,7,5,4,9,4.6,5.5,4.997182810368349,0.3,0.38,0.3460081855388813,10.604,0.4794929737438784,0.4,0.6,0.5,162,180,171,4.298693359100679,1.299004102000649,0.302185802402154,,,
torus_minus1,RGA Fall 2018 torus-1,7,5,4,10,4.6,5.5,4.997182810368349,0.3,0.38,0.3460081855388813,10.604,0.4794929737438784,0.4,0.6,0.5,180,198,189,3.125590464795279,1.031575011260616,0.3300416426526893,,,
torus_minus1,RGA Fall 2018 torus-1,7,5,4,11,4.6,5.5,4.997182810368349,0.3,0.38,0.3460081855388813,10.604,0.4794929737438784,0.4,0.6,0.5,198,216,207,3.604575408008206,1.339202393807769,0.371528472072603,,,
torus_minus1,RGA Fall 2018 torus-1,7,5,4,12,4.6,5.5,4.997182810368349,0.3,0.38,0.3460081855388813,10.604,0.4794929737438784,0.4,0.6,0.5,216,234,225,4.096134494969316,1.949440138102957,0.4759219064943229,,,
torus_minus1,RGA Fall 2018 torus-1,7,5,4,13,4.6,5.5,4.997182810368349,0.3,0.38,0.3460081855388813,10.604,0.4794929737438784,0.4,0.6,0.5,234,252,243,3.558549862298774,1.830677628006602,0.5144448437836444,,,
torus_minus1,RGA Fall 2018 torus-1,7,5,4,14,4.6,5.5,4.997182810368349,0.3,0.38,0.3460081855388813,10.604,0.4794929737438784,0.4,0.6,0.5,252,270,261,5.689499640932712,1.787513370849966,0.3141776050023494,,,
torus_minus1,RGA Fall 2018 torus-1,7,5,4,15,4.6,5.5,4.997182810368349,0.3,0.38,0.3460081855388813,10.604,0.4794929737438784,0.4,0.6,0.5,270,288,279,3.623598957366968,1.953659243142316,0.539148858946,,,
torus_minus1,RGA Fall 2018 torus-1,7,5,4,16,4.6,5.5,4.997182810368349,0.3,0.38,0.3460081855388813,10.604,0.4794929737438784,0.4,0.6,0.5,288,306,297,14.97141087174442,6.573851137845369,0.4390936294622849,,,
torus_minus1,RGA Fall 2018 torus-1,7,5,4,18,4.6,5.5,4.997182810368349,0.3,0.38,0.3460081855388813,10.604,0.4794929737438784,0.4,0.6,0.5,324,342,333,3.821335209539963,2.39390887400873,0.6264587487725067,,,
torus_minus1,RGA Fall 2018 torus-1,7,5,4,19,4.6,5.5,4.997182810368349,0.3,0.38,0.3460081855388813,10.604,0.4794929737438784,0.4,0.6,0.5,342,360,351,7.34133847141665,3.026598949656186,0.4122680028226715,,,
torus_minus1,RGA Fall 2018 torus-1,7,5,5,0,4.6,5.5,4.997182810368349,0.3,0.38,0.3460081855388813,10.604,0.4794929737438784,0.6,1,0.8,0,18,9,2.953853532349012,0.8867536571968472,0.3002023111456269,,,
torus_minus1,RGA Fall 2018 torus-1,7,5,5,1,4.6,5.5,4.997182810368349,0.3,0.38,0.3460081855388813,10.604,0.4794929737438784,0.6,1,0.8,18,36,27,0.6096608374668134,0.4599730016450938,0.7544735915075604,,,
torus_minus1,RGA Fall 2018 torus-1,7,5,5,2,4.6,5.5,4.997182810368349,0.3,0.38,0.3460081855388813,10.604,0.4794929737438784,0.6,1,0.8,36,54,45,3.21908513458511,1.486707339931222,0.4618415723021363,,,
torus_minus1,RGA Fall 2018 torus-1,7,5,5,3,4.6,5.5,4.997182810368349,0.3,0.38,0.3460081855388813,10.604,0.4794929737438784,0.6,1,0.8,54,72,63,4.525886647780534,2.591261372545009,0.5725422606011901,,,
torus_minus1,RGA Fall 2018 torus-1,7,5,5,4,4.6,5.5,4.997182810368349,0.3,0.38,0.3460081855388813,10.604,0.4794929737438784,0.6,1,0.8,72,90,81,5.528124916101793,1.645271038037835,0.2976182816067791,,,
torus_minus1,RGA Fall 2018 torus-1,7,5,5,5,4.6,5.5,4.997182810368349,0.3,0.38,0.3460081855388813,10.604,0.4794929737438784,0.6,1,0.8,90,108,99,5.594495477008671,1.485110187952654,0.2654591810925425,,,
torus_minus1,RGA Fall 2018 torus-1,7,5,5,6,4.6,5.5,4.997182810368349,0.3,0.38,0.3460081855388813,10.604,0.4794929737438784,0.6,1,0.8,108,126,117,1.911578986971427,0.5767129817600481,0.301694560199028,,,
torus_minus1,RGA Fall 2018 torus-1,7,5,5,7,4.6,5.5,4.997182810368349,0.3,0.38,0.3460081855388813,10.604,0.4794929737438784,0.6,1,0.8,126,144,135,3.314078936891677,0.5980281452620005,0.1804507848635916,,,
torus_minus1,RGA Fall 2018 torus-1,7,5,5,8,4.6,5.5,4.997182810368349,0.3,0.38,0.3460081855388813,10.604,0.4794929737438784,0.6,1,0.8,144,162,153,2.927417725922311,0.614296084203186,0.2098423053066833,,,
torus_minus1,RGA Fall 2018 torus-1,7,5,5,9,4.6,5.5,4.997182810368349,0.3,0.38,0.3460081855388813,10.604,0.4794929737438784,0.6,1,0.8,162,180,171,2.308831169983967,0.6162752223199269,0.2669208690231804,,,
torus_minus1,RGA Fall 2018 torus-1,7,5,5,10,4.6,5.5,4.997182810368349,0.3,0.38,0.3460081855388813,10.604,0.4794929737438784,0.6,1,0.8,180,198,189,2.70387281457602,0.779337114407829,0.2882299456566831,,,
torus_minus1,RGA Fall 2018 torus-1,7,5,5,11,4.6,5.5,4.997182810368349,0.3,0.38,0.3460081855388813,10.604,0.4794929737438784,0.6,1,0.8,198,216,207,3.258683981803007,0.8162218598469968,0.25047591739638,,,
torus_minus1,RGA Fall 2018 torus-1,7,5,5,12,4.6,5.5,4.997182810368349,0.3,0.38,0.3460081855388813,10.604,0.4794929737438784,0.6,1,0.8,216,234,225,3.428176058784508,0.8950414599123254,0.2610838663372706,,,
torus_minus1,RGA Fall 2018 torus-1,7,5,5,13,4.6,5.5,4.997182810368349,0.3,0.38,0.3460081855388813,10.604,0.4794929737438784,0.6,1,0.8,234,252,243,4.304300391200321,1.035782982703928,0.2406391024245137,,,
torus_minus1,RGA Fall 2018 torus-1,7,5,5,14,4.6,5.5,4.997182810368349,0.3,0.38,0.3460081855388813,10.604,0.4794929737438784,0.6,1,0.8,252,270,261,2.498856135737993,0.8880956965305423,0.3554008907632687,,,
torus_minus1,RGA Fall 2018 torus-1,7,5,5,15,4.6,5.5,4.997182810368349,0.3,0.38,0.3460081855388813,10.604,0.4794929737438784,0.6,1,0.8,270,288,279,4.577366428814741,1.429461545647944,0.3122890788575314,,,
torus_minus1,RGA Fall 2018 torus-1,7,5,5,16,4.6,5.5,4.997182810368349,0.3,0.38,0.3460081855388813,10.604,0.4794929737438784,0.6,1,0.8,288,306,297,4.078522436744213,1.383475536896236,0.3392099855654175,,,
torus_minus1,RGA Fall 2018 torus-1,7,5,5,17,4.6,5.5,4.997182810368349,0.3,0.38,0.3460081855388813,10.604,0.4794929737438784,0.6,1,0.8,306,324,315,2.961275467780898,1.383010008053361,0.4670318662011382,,,
torus_minus1,RGA Fall 2018 torus-1,7,5,5,18,4.6,5.5,4.997182810368349,0.3,0.38,0.3460081855388813,10.604,0.4794929737438784,0.6,1,0.8,324,342,333,2.060333886511619,0.7163025142189297,0.3476633175371939,,,
torus_minus1,RGA Fall 2018 torus-1,7,5,5,19,4.6,5.5,4.997182810368349,0.3,0.38,0.3460081855388813,10.604,0.4794929737438784,0.6,1,0.8,342,360,351,4.308536648167006,1.369995578785644,0.317972362929415,,,
torus_minus1,RGA Fall 2018 torus-1,7,5,6,0,4.6,5.5,4.997182810368349,0.3,0.38,0.3460081855388813,10.604,0.4794929737438784,1,1.5,1.25,0,18,9,1.055070385863745,0.4797387844057228,0.4546983697329153,,,
torus_minus1,RGA Fall 2018 torus-1,7,5,6,1,4.6,5.5,4.997182810368349,0.3,0.38,0.3460081855388813,10.604,0.4794929737438784,1,1.5,1.25,18,36,27,1.701998352122347,0.6840919533178883,0.4019345567901658,,,
torus_minus1,RGA Fall 2018 torus-1,7,5,6,3,4.6,5.5,4.997182810368349,0.3,0.38,0.3460081855388813,10.604,0.4794929737438784,1,1.5,1.25,54,72,63,1.693599938822899,0.9886554296044966,0.5837597220814974,,,
torus_minus1,RGA Fall 2018 torus-1,7,5,6,4,4.6,5.5,4.997182810368349,0.3,0.38,0.3460081855388813,10.604,0.4794929737438784,1,1.5,1.25,72,90,81,1.338176477748523,0.9156385493346749,0.6842434944568994,,,
torus_minus1,RGA Fall 2018 torus-1,7,5,6,5,4.6,5.5,4.997182810368349,0.3,0.38,0.3460081855388813,10.604,0.4794929737438784,1,1.5,1.25,90,108,99,3.033434005878982,0.9509463761827082,0.3134884010463769,,,
torus_minus1,RGA Fall 2018 torus-1,7,5,6,6,4.6,5.5,4.997182810368349,0.3,0.38,0.3460081855388813,10.604,0.4794929737438784,1,1.5,1.25,108,126,117,2.89701435625919,0.8288719677185691,0.2861124819515433,,,
torus_minus1,RGA Fall 2018 torus-1,7,5,6,7,4.6,5.5,4.997182810368349,0.3,0.38,0.3460081855388813,10.604,0.4794929737438784,1,1.5,1.25,126,144,135,2.130616213923634,0.4848499837008289,0.2275632657502188,,,
torus_minus1,RGA Fall 2018 torus-1,7,5,6,8,4.6,5.5,4.997182810368349,0.3,0.38,0.3460081855388813,10.604,0.4794929737438784,1,1.5,1.25,144,162,153,1.115143884118796,0.3316755487113667,0.2974284784545645,,,
torus_minus1,RGA Fall 2018 torus-1,7,5,6,9,4.6,5.5,4.997182810368349,0.3,0.38,0.3460081855388813,10.604,0.4794929737438784,1,1.5,1.25,162,180,171,1.576238594976121,0.3826975386607016,0.242791630582107,,,
torus_minus1,RGA Fall 2018 torus-1,7,5,6,10,4.6,5.5,4.997182810368349,0.3,0.38,0.3460081855388813,10.604,0.4794929737438784,1,1.5,1.25,180,198,189,0.5590679136872769,0.2288431686663057,0.4093298203379143,,,
torus_minus1,RGA Fall 2018 torus-1,7,5,6,11,4.6,5.5,4.997182810368349,0.3,0.38,0.3460081855388813,10.604,0.4794929737438784,1,1.5,1.25,198,216,207,1.019986263020458,0.3462460293708136,0.3394614632803822,,,
torus_minus1,RGA Fall 2018 torus-1,7,5,6,12,4.6,5.5,4.997182810368349,0.3,0.38,0.3460081855388813,10.604,0.4794929737438784,1,1.5,1.25,216,234,225,0.9687070537749463,0.2948219086859872,0.3043457849688388,,,
torus_minus1,RGA Fall 2018 torus-1,7,5,6,13,4.6,5.5,4.997182810368349,0.3,0.38,0.3460081855388813,10.604,0.4794929737438784,1,1.5,1.25,234,252,243,2.652499086059786,0.6517179135513033,0.2456995808128297,,,
torus_minus1,RGA Fall 2018 torus-1,7,5,6,14,4.6,5.5,4.997182810368349,0.3,0.38,0.3460081855388813,10.604,0.4794929737438784,1,1.5,1.25,252,270,261,1.385351394703837,0.5077174281340866,0.3664899967438424,,,
torus_minus1,RGA Fall 2018 torus-1,7,5,6,15,4.6,5.5,4.997182810368349,0.3,0.38,0.3460081855388813,10.604,0.4794929737438784,1,1.5,1.25,270,288,279,3.614567147442258,1.39276905268262,0.3853211175418809,,,
torus_minus1,RGA Fall 2018 torus-1,7,5,6,16,4.6,5.5,4.997182810368349,0.3,0.38,0.3460081855388813,10.604,0.4794929737438784,1,1.5,1.25,288,306,297,1.835402077764716,0.721695740943333,0.3932085234545803,,,
torus_minus1,RGA Fall 2018 torus-1,7,5,6,17,4.6,5.5,4.997182810368349,0.3,0.38,0.3460081855388813,10.604,0.4794929737438784,1,1.5,1.25,306,324,315,0.6995275571942302,0.5691813884433541,0.8136654268865575,,,
torus_minus1,RGA Fall 2018 torus-1,7,5,6,18,4.6,5.5,4.997182810368349,0.3,0.38,0.3460081855388813,10.604,0.4794929737438784,1,1.5,1.25,324,342,333,1.278018612711981,0.5597829858221489,0.438008476757845,,,
torus_minus1,RGA Fall 2018 torus-1,7,5,6,19,4.6,5.5,4.997182810368349,0.3,0.38,0.3460081855388813,10.604,0.4794929737438784,1,1.5,1.25,342,360,351,1.027235612669434,0.5732734396634782,0.5580739536217371,,,
torus_minus1,RGA Fall 2018 torus-1,7,5,7,1,4.6,5.5,4.997182810368349,0.3,0.38,0.3460081855388813,10.604,0.4794929737438784,1.5,2,1.75,18,36,27,0.553017930645847,0.3763679458794951,0.6805709634766278,,,
torus_minus1,RGA Fall 2018 torus-1,7,5,7,3,4.6,5.5,4.997182810368349,0.3,0.38,0.3460081855388813,10.604,0.4794929737438784,1.5,2,1.75,54,72,63,2.567894594980981,1.739430222782272,0.6773760208779734,,,
torus_minus1,RGA Fall 2018 torus-1,7,5,7,4,4.6,5.5,4.997182810368349,0.3,0.38,0.3460081855388813,10.604,0.4794929737438784,1.5,2,1.75,72,90,81,0.4033706968943637,0.5181367018120523,1.284517457022278,,,
torus_minus1,RGA Fall 2018 torus-1,7,5,7,5,4.6,5.5,4.997182810368349,0.3,0.38,0.3460081855388813,10.604,0.4794929737438784,1.5,2,1.75,90,108,99,1.759342393820012,0.8343912957830748,0.4742631671435962,,,
torus_minus1,RGA Fall 2018 torus-1,7,5,7,6,4.6,5.5,4.997182810368349,0.3,0.38,0.3460081855388813,10.604,0.4794929737438784,1.5,2,1.75,108,126,117,1.494453233668852,0.5553556358288614,0.3716112510697138,,,
torus_minus1,RGA Fall 2018 torus-1,7,5,7,7,4.6,5.5,4.997182810368349,0.3,0.38,0.3460081855388813,10.604,0.4794929737438784,1.5,2,1.75,126,144,135,0.9645756848162914,0.4021618441332769,0.4169313517475518,,,
torus_minus1,RGA Fall 2018 torus-1,7,5,7,8,4.6,5.5,4.997182810368349,0.3,0.38,0.3460081855388813,10.604,0.4794929737438784,1.5,2,1.75,144,162,153,0.9110956979768946,0.250550408600158,0.2749990030207694,,,
torus_minus1,RGA Fall 2018 torus-1,7,5,7,9,4.6,5.5,4.997182810368349,0.3,0.38,0.3460081855388813,10.604,0.4794929737438784,1.5,2,1.75,162,180,171,0.5764103482652689,0.2752271539630943,0.4774847550731903,,,
torus_minus1,RGA Fall 2018 torus-1,7,5,7,10,4.6,5.5,4.997182810368349,0.3,0.38,0.3460081855388813,10.604,0.4794929737438784,1.5,2,1.75,180,198,189,0.5203638956948288,0.3131290111627351,0.6017500709664374,,,
torus_minus1,RGA Fall 2018 torus-1,7,5,7,11,4.6,5.5,4.997182810368349,0.3,0.38,0.3460081855388813,10.604,0.4794929737438784,1.5,2,1.75,198,216,207,0.3152159240849469,0.1743390610798636,0.553078216419299,,,
torus_minus1,RGA Fall 2018 torus-1,7,5,7,12,4.6,5.5,4.997182810368349,0.3,0.38,0.3460081855388813,10.604,0.4794929737438784,1.5,2,1.75,216,234,225,0.5246847652394617,0.2286827774136015,0.4358479463554324,,,
torus_minus1,RGA Fall 2018 torus-1,7,5,7,13,4.6,5.5,4.997182810368349,0.3,0.38,0.3460081855388813,10.604,0.4794929737438784,1.5,2,1.75,234,252,243,1.461548175588977,0.3922306777897172,0.268366574801173,,,
torus_minus1,RGA Fall 2018 torus-1,7,5,7,14,4.6,5.5,4.997182810368349,0.3,0.38,0.3460081855388813,10.604,0.4794929737438784,1.5,2,1.75,252,270,261,1.881128056021916,0.6234162953289474,0.3314055591979774,,,
torus_minus1,RGA Fall 2018 torus-1,7,5,7,15,4.6,5.5,4.997182810368349,0.3,0.38,0.3460081855388813,10.604,0.4794929737438784,1.5,2,1.75,270,288,279,0.8064834971254513,0.4688836027241245,0.58139268118364,,,
torus_minus1,RGA Fall 2018 torus-1,7,5,7,16,4.6,5.5,4.997182810368349,0.3,0.38,0.3460081855388813,10.604,0.4794929737438784,1.5,2,1.75,288,306,297,0.2257785656459319,0.2622906682319753,1.161716425479034,,,
torus_minus1,RGA Fall 2018 torus-1,7,5,7,17,4.6,5.5,4.997182810368349,0.3,0.38,0.3460081855388813,10.604,0.4794929737438784,1.5,2,1.75,306,324,315,1.544905514531313,1.286669185427776,0.8328465225383834,,,
torus_minus1,RGA Fall 2018 torus-1,7,5,7,18,4.6,5.5,4.997182810368349,0.3,0.38,0.3460081855388813,10.604,0.4794929737438784,1.5,2,1.75,324,342,333,1.264223803233664,0.7685556513941564,0.6079268950863961,,,
torus_minus1,RGA Fall 2018 torus-1,7,5,7,19,4.6,5.5,4.997182810368349,0.3,0.38,0.3460081855388813,10.604,0.4794929737438784,1.5,2,1.75,342,360,351,1.653575396192525,1.105013621821429,0.6682571743422171,,,
torus_minus1,RGA Fall 2018 torus-1,7,6,2,0,4.6,5.5,5.046350512555252,0.38,0.48,0.4043601680303457,10.604,0.6227014604479099,0.2,0.3,0.25,0,18,9,2.971400631388959,2.42449059773804,0.8159420079966563,,,
torus_minus1,RGA Fall 2018 torus-1,7,6,2,1,4.6,5.5,5.046350512555252,0.38,0.48,0.4043601680303457,10.604,0.6227014604479099,0.2,0.3,0.25,18,36,27,5.420196263649006,4.370871669927801,0.8064046867161274,,,
torus_minus1,RGA Fall 2018 torus-1,7,6,2,2,4.6,5.5,5.046350512555252,0.38,0.48,0.4043601680303457,10.604,0.6227014604479099,0.2,0.3,0.25,36,54,45,5.888588173236207,5.201878698987933,0.883383002165207,,,
torus_minus1,RGA Fall 2018 torus-1,7,6,2,3,4.6,5.5,5.046350512555252,0.38,0.48,0.4043601680303457,10.604,0.6227014604479099,0.2,0.3,0.25,54,72,63,6.387173420149403,6.28391297733472,0.9838331549776101,,,
torus_minus1,RGA Fall 2018 torus-1,7,6,2,4,4.6,5.5,5.046350512555252,0.38,0.48,0.4043601680303457,10.604,0.6227014604479099,0.2,0.3,0.25,72,90,81,18.31791440027767,8.175936670688136,0.4463355648481577,,,
torus_minus1,RGA Fall 2018 torus-1,7,6,2,5,4.6,5.5,5.046350512555252,0.38,0.48,0.4043601680303457,10.604,0.6227014604479099,0.2,0.3,0.25,90,108,99,13.24235725500349,8.086479603048208,0.61065257848959,,,
torus_minus1,RGA Fall 2018 torus-1,7,6,2,14,4.6,5.5,5.046350512555252,0.38,0.48,0.4043601680303457,10.604,0.6227014604479099,0.2,0.3,0.25,252,270,261,8.579861160581173,9.756787934207436,1.137173172339136,,,
torus_minus1,RGA Fall 2018 torus-1,7,6,2,15,4.6,5.5,5.046350512555252,0.38,0.48,0.4043601680303457,10.604,0.6227014604479099,0.2,0.3,0.25,270,288,279,5.156498523945844,3.895405219996932,0.7554361165638614,,,
torus_minus1,RGA Fall 2018 torus-1,7,6,2,16,4.6,5.5,5.046350512555252,0.38,0.48,0.4043601680303457,10.604,0.6227014604479099,0.2,0.3,0.25,288,306,297,8.087153966186674,6.120579991512348,0.7568274348557231,,,
torus_minus1,RGA Fall 2018 torus-1,7,6,2,18,4.6,5.5,5.046350512555252,0.38,0.48,0.4043601680303457,10.604,0.6227014604479099,0.2,0.3,0.25,324,342,333,6.625071343348905,5.639162130338889,0.8511851175761604,,,
torus_minus1,RGA Fall 2018 torus-1,7,6,2,19,4.6,5.5,5.046350512555252,0.38,0.48,0.4043601680303457,10.604,0.6227014604479099,0.2,0.3,0.25,342,360,351,3.601156764010508,2.897348611584694,0.8045605346982999,,,
torus_minus1,RGA Fall 2018 torus-1,7,6,4,0,4.6,5.5,5.049999999999999,0.38,0.48,0.43,10.604,0.6696569907432222,0.4,0.6,0.5,0,18,9,9.28633882298149,1.852844150600467,0.199523642839212,,,
torus_minus1,RGA Fall 2018 torus-1,7,6,4,1,4.6,5.5,5.049999999999999,0.38,0.48,0.43,10.604,0.6696569907432222,0.4,0.6,0.5,18,36,27,8.644390461683162,1.930689099380521,0.2233458921063815,,,
torus_minus1,RGA Fall 2018 torus-1,7,6,4,2,4.6,5.5,5.049999999999999,0.38,0.48,0.43,10.604,0.6696569907432222,0.4,0.6,0.5,36,54,45,9.333470019169496,1.715254355185148,0.1837745609791731,,,
torus_minus1,RGA Fall 2018 torus-1,7,6,4,3,4.6,5.5,5.049999999999999,0.38,0.48,0.43,10.604,0.6696569907432222,0.4,0.6,0.5,54,72,63,11.47516737104537,1.944859686787713,0.1694842108965718,,,
torus_minus1,RGA Fall 2018 torus-1,7,6,4,4,4.6,5.5,5.049999999999999,0.38,0.48,0.43,10.604,0.6696569907432222,0.4,0.6,0.5,72,90,81,8.925663170847203,1.210099886210663,0.1355753475173771,,,
torus_minus1,RGA Fall 2018 torus-1,7,6,4,5,4.6,5.5,5.049999999999999,0.38,0.48,0.43,10.604,0.6696569907432222,0.4,0.6,0.5,90,108,99,10.34740923007539,1.400625804824949,0.135360047494202,,,
torus_minus1,RGA Fall 2018 torus-1,7,6,4,6,4.6,5.5,5.049999999999999,0.38,0.48,0.43,10.604,0.6696569907432222,0.4,0.6,0.5,108,126,117,8.988804936323588,1.348038791867628,0.1499686333630657,,,
torus_minus1,RGA Fall 2018 torus-1,7,6,4,7,4.6,5.5,5.049999999999999,0.38,0.48,0.43,10.604,0.6696569907432222,0.4,0.6,0.5,126,144,135,9.225446044005738,1.346347825483408,0.1459385073698634,,,
torus_minus1,RGA Fall 2018 torus-1,7,6,4,8,4.6,5.5,5.049999999999999,0.38,0.48,0.43,10.604,0.6696569907432222,0.4,0.6,0.5,144,162,153,9.141623280550208,1.722322102396041,0.1884044058193109,,,
torus_minus1,RGA Fall 2018 torus-1,7,6,4,9,4.6,5.5,5.049999999999999,0.38,0.48,0.43,10.604,0.6696569907432222,0.4,0.6,0.5,162,180,171,8.304111692828947,1.720175907384411,0.2071474916299448,,,
torus_minus1,RGA Fall 2018 torus-1,7,6,4,10,4.6,5.5,5.049999999999999,0.38,0.48,0.43,10.604,0.6696569907432222,0.4,0.6,0.5,180,198,189,5.933933741929878,1.027266600771065,0.1731173021889809,,,
torus_minus1,RGA Fall 2018 torus-1,7,6,4,11,4.6,5.5,5.049999999999999,0.38,0.48,0.43,10.604,0.6696569907432222,0.4,0.6,0.5,198,216,207,7.196363080723848,1.535812711959925,0.2134151229909102,,,
torus_minus1,RGA Fall 2018 torus-1,7,6,4,12,4.6,5.5,5.049999999999999,0.38,0.48,0.43,10.604,0.6696569907432222,0.4,0.6,0.5,216,234,225,8.133888815328653,1.357357327217974,0.1668767987902635,,,
torus_minus1,RGA Fall 2018 torus-1,7,6,4,13,4.6,5.5,5.049999999999999,0.38,0.48,0.43,10.604,0.6696569907432222,0.4,0.6,0.5,234,252,243,12.99986194427367,1.95159066514335,0.1501239531242106,,,
torus_minus1,RGA Fall 2018 torus-1,7,6,4,14,4.6,5.5,5.049999999999999,0.38,0.48,0.43,10.604,0.6696569907432222,0.4,0.6,0.5,252,270,261,8.660404748604799,1.705401240270573,0.1969193461247079,,,
torus_minus1,RGA Fall 2018 torus-1,7,6,4,15,4.6,5.5,5.049999999999999,0.38,0.48,0.43,10.604,0.6696569907432222,0.4,0.6,0.5,270,288,279,9.400135670584508,2.16330758345051,0.230135783063224,,,
torus_minus1,RGA Fall 2018 torus-1,7,6,4,16,4.6,5.5,5.049999999999999,0.38,0.48,0.43,10.604,0.6696569907432222,0.4,0.6,0.5,288,306,297,11.26378071667148,2.204601154417848,0.1957247934660895,,,
torus_minus1,RGA Fall 2018 torus-1,7,6,4,17,4.6,5.5,5.049999999999999,0.38,0.48,0.43,10.604,0.6696569907432222,0.4,0.6,0.5,306,324,315,6.106445585660026,1.402165272405796,0.2296205300999567,,,
torus_minus1,RGA Fall 2018 torus-1,7,6,4,18,4.6,5.5,5.049999999999999,0.38,0.48,0.43,10.604,0.6696569907432222,0.4,0.6,0.5,324,342,333,8.989222822111397,2.228434906485742,0.2479007307510846,,,
torus_minus1,RGA Fall 2018 torus-1,7,6,4,19,4.6,5.5,5.049999999999999,0.38,0.48,0.43,10.604,0.6696569907432222,0.4,0.6,0.5,342,360,351,6.58216030426751,1.693780585902998,0.2573289782694663,,,
torus_minus1,RGA Fall 2018 torus-1,7,6,5,0,4.6,5.5,5.049999999999999,0.38,0.48,0.43,10.604,0.6696569907432222,0.6,1,0.8,0,18,9,5.411857443583544,1.259877135562484,0.2327993944216381,,,
torus_minus1,RGA Fall 2018 torus-1,7,6,5,1,4.6,5.5,5.049999999999999,0.38,0.48,0.43,10.604,0.6696569907432222,0.6,1,0.8,18,36,27,5.182039655147578,1.087991386796552,0.2099542765397012,,,
torus_minus1,RGA Fall 2018 torus-1,7,6,5,2,4.6,5.5,5.049999999999999,0.38,0.48,0.43,10.604,0.6696569907432222,0.6,1,0.8,36,54,45,7.134242898281221,1.335648551277901,0.1872165792952865,,,
torus_minus1,RGA Fall 2018 torus-1,7,6,5,3,4.6,5.5,5.049999999999999,0.38,0.48,0.43,10.604,0.6696569907432222,0.6,1,0.8,54,72,63,6.21155358111575,1.042859203990226,0.1678902371800683,,,
torus_minus1,RGA Fall 2018 torus-1,7,6,5,4,4.6,5.5,5.049999999999999,0.38,0.48,0.43,10.604,0.6696569907432222,0.6,1,0.8,72,90,81,8.388662137608408,1.120310025500463,0.1335505003208844,,,
torus_minus1,RGA Fall 2018 torus-1,7,6,5,5,4.6,5.5,5.049999999999999,0.38,0.48,0.43,10.604,0.6696569907432222,0.6,1,0.8,90,108,99,8.982190913248381,0.9179078138298943,0.1021919732830457,,,
torus_minus1,RGA Fall 2018 torus-1,7,6,5,6,4.6,5.5,5.049999999999999,0.38,0.48,0.43,10.604,0.6696569907432222,0.6,1,0.8,108,126,117,7.388946268230617,0.7757418784978202,0.1049868073656438,,,
torus_minus1,RGA Fall 2018 torus-1,7,6,5,7,4.6,5.5,5.049999999999999,0.38,0.48,0.43,10.604,0.6696569907432222,0.6,1,0.8,126,144,135,7.541241087953608,0.8458124018951428,0.1121582498199461,,,
torus_minus1,RGA Fall 2018 torus-1,7,6,5,8,4.6,5.5,5.049999999999999,0.38,0.48,0.43,10.604,0.6696569907432222,0.6,1,0.8,144,162,153,5.477186772052923,0.8255927925998336,0.1507329997969725,,,
torus_minus1,RGA Fall 2018 torus-1,7,6,5,9,4.6,5.5,5.049999999999999,0.38,0.48,0.43,10.604,0.6696569907432222,0.6,1,0.8,162,180,171,6.447704949626971,0.9205696432373112,0.1427747780689888,,,
torus_minus1,RGA Fall 2018 torus-1,7,6,5,10,4.6,5.5,5.049999999999999,0.38,0.48,0.43,10.604,0.6696569907432222,0.6,1,0.8,180,198,189,5.30965877117212,0.6491578903839202,0.1222598133628495,,,
torus_minus1,RGA Fall 2018 torus-1,7,6,5,11,4.6,5.5,5.049999999999999,0.38,0.48,0.43,10.604,0.6696569907432222,0.6,1,0.8,198,216,207,5.085526015639788,0.6675629310858614,0.1312672335237043,,,
torus_minus1,RGA Fall 2018 torus-1,7,6,5,12,4.6,5.5,5.049999999999999,0.38,0.48,0.43,10.604,0.6696569907432222,0.6,1,0.8,216,234,225,5.956802114642063,0.925761608515371,0.1554125167663051,,,
torus_minus1,RGA Fall 2018 torus-1,7,6,5,13,4.6,5.5,5.049999999999999,0.38,0.48,0.43,10.604,0.6696569907432222,0.6,1,0.8,234,252,243,6.285079435034453,0.7528905918598235,0.1197901473866887,,,
torus_minus1,RGA Fall 2018 torus-1,7,6,5,14,4.6,5.5,5.049999999999999,0.38,0.48,0.43,10.604,0.6696569907432222,0.6,1,0.8,252,270,261,6.786034576873253,1.022514750534945,0.1506792721068157,,,
torus_minus1,RGA Fall 2018 torus-1,7,6,5,15,4.6,5.5,5.049999999999999,0.38,0.48,0.43,10.604,0.6696569907432222,0.6,1,0.8,270,288,279,7.481190857008573,1.049895136542807,0.1403379697978482,,,
torus_minus1,RGA Fall 2018 torus-1,7,6,5,16,4.6,5.5,5.049999999999999,0.38,0.48,0.43,10.604,0.6696569907432222,0.6,1,0.8,288,306,297,6.478638419529624,1.194358234650386,0.1843532787769165,,,
torus_minus1,RGA Fall 2018 torus-1,7,6,5,17,4.6,5.5,5.049999999999999,0.38,0.48,0.43,10.604,0.6696569907432222,0.6,1,0.8,306,324,315,5.288900237813235,1.526437273936721,0.2886114703059415,,,
torus_minus1,RGA Fall 2018 torus-1,7,6,5,18,4.6,5.5,5.049999999999999,0.38,0.48,0.43,10.604,0.6696569907432222,0.6,1,0.8,324,342,333,5.990749162731649,1.608619340458638,0.2685172249350435,,,
torus_minus1,RGA Fall 2018 torus-1,7,6,5,19,4.6,5.5,5.049999999999999,0.38,0.48,0.43,10.604,0.6696569907432222,0.6,1,0.8,342,360,351,6.619217000145008,1.354148549409624,0.2045783586457368,,,
torus_minus1,RGA Fall 2018 torus-1,7,6,6,0,4.6,5.5,5.049999999999999,0.38,0.48,0.43,10.604,0.6696569907432222,1,1.5,1.25,0,18,9,2.196488730693424,0.6894097357393671,0.3138690065219333,,,
torus_minus1,RGA Fall 2018 torus-1,7,6,6,1,4.6,5.5,5.049999999999999,0.38,0.48,0.43,10.604,0.6696569907432222,1,1.5,1.25,18,36,27,3.153489722599672,0.9643612610473766,0.305807643556351,,,
torus_minus1,RGA Fall 2018 torus-1,7,6,6,2,4.6,5.5,5.049999999999999,0.38,0.48,0.43,10.604,0.6696569907432222,1,1.5,1.25,36,54,45,7.530563984635248,2.451119150390769,0.3254894527676591,,,
torus_minus1,RGA Fall 2018 torus-1,7,6,6,3,4.6,5.5,5.049999999999999,0.38,0.48,0.43,10.604,0.6696569907432222,1,1.5,1.25,54,72,63,2.70765496867172,0.8914385857991443,0.3292290177712164,,,
torus_minus1,RGA Fall 2018 torus-1,7,6,6,4,4.6,5.5,5.049999999999999,0.38,0.48,0.43,10.604,0.6696569907432222,1,1.5,1.25,72,90,81,4.755358495746326,0.7715341912631661,0.162245221249524,,,
torus_minus1,RGA Fall 2018 torus-1,7,6,6,5,4.6,5.5,5.049999999999999,0.38,0.48,0.43,10.604,0.6696569907432222,1,1.5,1.25,90,108,99,4.875359602052698,0.6770477038783298,0.1388713365047511,,,
torus_minus1,RGA Fall 2018 torus-1,7,6,6,6,4.6,5.5,5.049999999999999,0.38,0.48,0.43,10.604,0.6696569907432222,1,1.5,1.25,108,126,117,4.15895177260048,0.5754284482341339,0.1383590096007134,,,
torus_minus1,RGA Fall 2018 torus-1,7,6,6,7,4.6,5.5,5.049999999999999,0.38,0.48,0.43,10.604,0.6696569907432222,1,1.5,1.25,126,144,135,3.007165861316802,0.4681470162461171,0.1556771517887348,,,
torus_minus1,RGA Fall 2018 torus-1,7,6,6,8,4.6,5.5,5.049999999999999,0.38,0.48,0.43,10.604,0.6696569907432222,1,1.5,1.25,144,162,153,3.766936574533359,0.5839271237116813,0.1550137922839906,,,
torus_minus1,RGA Fall 2018 torus-1,7,6,6,9,4.6,5.5,5.049999999999999,0.38,0.48,0.43,10.604,0.6696569907432222,1,1.5,1.25,162,180,171,3.033712967639647,0.5805146401166456,0.191354503972177,,,
torus_minus1,RGA Fall 2018 torus-1,7,6,6,10,4.6,5.5,5.049999999999999,0.38,0.48,0.43,10.604,0.6696569907432222,1,1.5,1.25,180,198,189,2.370614824041888,0.3874525742906135,0.1634396994236324,,,
torus_minus1,RGA Fall 2018 torus-1,7,6,6,11,4.6,5.5,5.049999999999999,0.38,0.48,0.43,10.604,0.6696569907432222,1,1.5,1.25,198,216,207,3.800693831735976,0.5291641261777502,0.139228296096677,,,
torus_minus1,RGA Fall 2018 torus-1,7,6,6,12,4.6,5.5,5.049999999999999,0.38,0.48,0.43,10.604,0.6696569907432222,1,1.5,1.25,216,234,225,3.999189805861381,0.6039066858064093,0.1510072577503819,,,
torus_minus1,RGA Fall 2018 torus-1,7,6,6,13,4.6,5.5,5.049999999999999,0.38,0.48,0.43,10.604,0.6696569907432222,1,1.5,1.25,234,252,243,4.468189408977007,0.6758152037408478,0.1512503481573705,,,
torus_minus1,RGA Fall 2018 torus-1,7,6,6,14,4.6,5.5,5.049999999999999,0.38,0.48,0.43,10.604,0.6696569907432222,1,1.5,1.25,252,270,261,3.31376044996436,0.5565344843544291,0.167946504509828,,,
torus_minus1,RGA Fall 2018 torus-1,7,6,6,15,4.6,5.5,5.049999999999999,0.38,0.48,0.43,10.604,0.6696569907432222,1,1.5,1.25,270,288,279,2.319463710567065,0.4928553950631661,0.2124867885700494,,,
torus_minus1,RGA Fall 2018 torus-1,7,6,6,16,4.6,5.5,5.049999999999999,0.38,0.48,0.43,10.604,0.6696569907432222,1,1.5,1.25,288,306,297,5.839580190614504,1.096464882582856,0.1877643335295091,,,
torus_minus1,RGA Fall 2018 torus-1,7,6,6,17,4.6,5.5,5.049999999999999,0.38,0.48,0.43,10.604,0.6696569907432222,1,1.5,1.25,306,324,315,4.144182043168689,0.9891370437249094,0.238680886462363,,,
torus_minus1,RGA Fall 2018 torus-1,7,6,6,18,4.6,5.5,5.049999999999999,0.38,0.48,0.43,10.604,0.6696569907432222,1,1.5,1.25,324,342,333,3.225088944131836,1.18779076905259,0.3682970577334984,,,
torus_minus1,RGA Fall 2018 torus-1,7,6,6,19,4.6,5.5,5.049999999999999,0.38,0.48,0.43,10.604,0.6696569907432222,1,1.5,1.25,342,360,351,2.848845148853976,1.022082963245558,0.3587709790603109,,,
torus_minus1,RGA Fall 2018 torus-1,7,6,7,0,4.6,5.5,5.049999999999999,0.38,0.48,0.43,10.604,0.6696569907432222,1.5,2,1.75,0,18,9,1.730173363381221,0.6676370967530102,0.3858787280416043,,,
torus_minus1,RGA Fall 2018 torus-1,7,6,7,1,4.6,5.5,5.049999999999999,0.38,0.48,0.43,10.604,0.6696569907432222,1.5,2,1.75,18,36,27,1.348176382299164,0.8487128879330921,0.6295265953893265,,,
torus_minus1,RGA Fall 2018 torus-1,7,6,7,2,4.6,5.5,5.049999999999999,0.38,0.48,0.43,10.604,0.6696569907432222,1.5,2,1.75,36,54,45,3.089543678658895,1.707451150618523,0.5526548022003337,,,
torus_minus1,RGA Fall 2018 torus-1,7,6,7,3,4.6,5.5,5.049999999999999,0.38,0.48,0.43,10.604,0.6696569907432222,1.5,2,1.75,54,72,63,0.6615499623496872,0.3946384159859663,0.596536072021368,,,
torus_minus1,RGA Fall 2018 torus-1,7,6,7,4,4.6,5.5,5.049999999999999,0.38,0.48,0.43,10.604,0.6696569907432222,1.5,2,1.75,72,90,81,2.717667546926392,0.5612789102651493,0.2065296437380431,,,
torus_minus1,RGA Fall 2018 torus-1,7,6,7,5,4.6,5.5,5.049999999999999,0.38,0.48,0.43,10.604,0.6696569907432222,1.5,2,1.75,90,108,99,2.400484311743793,0.5168736876268701,0.2153205855577517,,,
torus_minus1,RGA Fall 2018 torus-1,7,6,7,6,4.6,5.5,5.049999999999999,0.38,0.48,0.43,10.604,0.6696569907432222,1.5,2,1.75,108,126,117,2.794953748963606,0.4838272427101918,0.1731074236522158,,,
torus_minus1,RGA Fall 2018 torus-1,7,6,7,7,4.6,5.5,5.049999999999999,0.38,0.48,0.43,10.604,0.6696569907432222,1.5,2,1.75,126,144,135,1.877949315728731,0.3444047423084817,0.1833940561781544,,,
torus_minus1,RGA Fall 2018 torus-1,7,6,7,8,4.6,5.5,5.049999999999999,0.38,0.48,0.43,10.604,0.6696569907432222,1.5,2,1.75,144,162,153,1.777472114806894,0.3997781854674776,0.2249138999915674,,,
torus_minus1,RGA Fall 2018 torus-1,7,6,7,9,4.6,5.5,5.049999999999999,0.38,0.48,0.43,10.604,0.6696569907432222,1.5,2,1.75,162,180,171,1.737229474463927,0.4594791680999184,0.2644896226168993,,,
torus_minus1,RGA Fall 2018 torus-1,7,6,7,10,4.6,5.5,5.049999999999999,0.38,0.48,0.43,10.604,0.6696569907432222,1.5,2,1.75,180,198,189,1.49832357494332,0.3701367036947414,0.2470338916670541,,,
torus_minus1,RGA Fall 2018 torus-1,7,6,7,11,4.6,5.5,5.049999999999999,0.38,0.48,0.43,10.604,0.6696569907432222,1.5,2,1.75,198,216,207,1.583833106949953,0.3459081898357788,0.218399393419618,,,
torus_minus1,RGA Fall 2018 torus-1,7,6,7,12,4.6,5.5,5.049999999999999,0.38,0.48,0.43,10.604,0.6696569907432222,1.5,2,1.75,216,234,225,2.21428395986364,0.4695233649060658,0.2120429779633955,,,
torus_minus1,RGA Fall 2018 torus-1,7,6,7,13,4.6,5.5,5.049999999999999,0.38,0.48,0.43,10.604,0.6696569907432222,1.5,2,1.75,234,252,243,2.081837706298475,0.3949545379333902,0.189714374342668,,,
torus_minus1,RGA Fall 2018 torus-1,7,6,7,14,4.6,5.5,5.049999999999999,0.38,0.48,0.43,10.604,0.6696569907432222,1.5,2,1.75,252,270,261,2.676847182697529,0.5651800886719407,0.2111364788864764,,,
torus_minus1,RGA Fall 2018 torus-1,7,6,7,15,4.6,5.5,5.049999999999999,0.38,0.48,0.43,10.604,0.6696569907432222,1.5,2,1.75,270,288,279,2.345627139510608,0.5805360265910454,0.2474971476976382,,,
torus_minus1,RGA Fall 2018 torus-1,7,6,7,16,4.6,5.5,5.049999999999999,0.38,0.48,0.43,10.604,0.6696569907432222,1.5,2,1.75,288,306,297,1.612218492947326,0.3902601746466257,0.2420640728001971,,,
torus_minus1,RGA Fall 2018 torus-1,7,6,7,17,4.6,5.5,5.049999999999999,0.38,0.48,0.43,10.604,0.6696569907432222,1.5,2,1.75,306,324,315,1.735095137733494,0.6351181270204549,0.3660422493316947,,,
torus_minus1,RGA Fall 2018 torus-1,7,6,7,18,4.6,5.5,5.049999999999999,0.38,0.48,0.43,10.604,0.6696569907432222,1.5,2,1.75,324,342,333,2.073250446899015,1.056820782896959,0.5097410129478849,,,
torus_minus1,RGA Fall 2018 torus-1,7,6,7,19,4.6,5.5,5.049999999999999,0.38,0.48,0.43,10.604,0.6696569907432222,1.5,2,1.75,342,360,351,1.743730868679707,0.8865924713070892,0.5084457052586254,,,
torus_minus1,RGA Fall 2018 torus-1,7,7,5,0,4.6,5.5,5.049999999999999,0.48,0.58,0.53,10.604,0.7881137362824093,0.6,1,0.8,0,18,9,9.619386624367118,1.322870112343337,0.1375212541091071,,,
torus_minus1,RGA Fall 2018 torus-1,7,7,5,1,4.6,5.5,5.049999999999999,0.48,0.58,0.53,10.604,0.7881137362824093,0.6,1,0.8,18,36,27,9.008530794531636,1.204840891053889,0.1337444383034415,,,
torus_minus1,RGA Fall 2018 torus-1,7,7,5,2,4.6,5.5,5.049999999999999,0.48,0.58,0.53,10.604,0.7881137362824093,0.6,1,0.8,36,54,45,12.63631680955273,1.377216898880028,0.1089887915629725,,,
torus_minus1,RGA Fall 2018 torus-1,7,7,5,3,4.6,5.5,5.049999999999999,0.48,0.58,0.53,10.604,0.7881137362824093,0.6,1,0.8,54,72,63,12.17764164702851,1.393555041907381,0.1144355436216523,,,
torus_minus1,RGA Fall 2018 torus-1,7,7,5,4,4.6,5.5,5.049999999999999,0.48,0.58,0.53,10.604,0.7881137362824093,0.6,1,0.8,72,90,81,12.16152988931868,1.226105435357395,0.1008183548053661,,,
torus_minus1,RGA Fall 2018 torus-1,7,7,5,5,4.6,5.5,5.049999999999999,0.48,0.58,0.53,10.604,0.7881137362824093,0.6,1,0.8,90,108,99,15.97854622361688,1.381768716758343,0.08647649776273371,,,
torus_minus1,RGA Fall 2018 torus-1,7,7,5,6,4.6,5.5,5.049999999999999,0.48,0.58,0.53,10.604,0.7881137362824093,0.6,1,0.8,108,126,117,13.38496030894644,1.051146527609601,0.07853191218707017,,,
torus_minus1,RGA Fall 2018 torus-1,7,7,5,7,4.6,5.5,5.049999999999999,0.48,0.58,0.53,10.604,0.7881137362824093,0.6,1,0.8,126,144,135,11.87426085616839,1.115461282081107,0.09393942878572109,,,
torus_minus1,RGA Fall 2018 torus-1,7,7,5,8,4.6,5.5,5.049999999999999,0.48,0.58,0.53,10.604,0.7881137362824093,0.6,1,0.8,144,162,153,11.47877405198655,1.1590412594256,0.1009725650297135,,,
torus_minus1,RGA Fall 2018 torus-1,7,7,5,9,4.6,5.5,5.049999999999999,0.48,0.58,0.53,10.604,0.7881137362824093,0.6,1,0.8,162,180,171,7.95003269742211,1.304171648598331,0.1640460735490086,,,
torus_minus1,RGA Fall 2018 torus-1,7,7,5,10,4.6,5.5,5.049999999999999,0.48,0.58,0.53,10.604,0.7881137362824093,0.6,1,0.8,180,198,189,9.918028161618569,1.572844144740123,0.158584359623702,,,
torus_minus1,RGA Fall 2018 torus-1,7,7,5,11,4.6,5.5,5.049999999999999,0.48,0.58,0.53,10.604,0.7881137362824093,0.6,1,0.8,198,216,207,15.86125540519651,1.587634734604502,0.100095149724678,,,
torus_minus1,RGA Fall 2018 torus-1,7,7,5,12,4.6,5.5,5.049999999999999,0.48,0.58,0.53,10.604,0.7881137362824093,0.6,1,0.8,216,234,225,12.05179826523013,1.180816654453554,0.09797846167573612,,,
torus_minus1,RGA Fall 2018 torus-1,7,7,5,13,4.6,5.5,5.049999999999999,0.48,0.58,0.53,10.604,0.7881137362824093,0.6,1,0.8,234,252,243,16.63361063164551,1.591830149044631,0.09569961593402748,,,
torus_minus1,RGA Fall 2018 torus-1,7,7,5,14,4.6,5.5,5.049999999999999,0.48,0.58,0.53,10.604,0.7881137362824093,0.6,1,0.8,252,270,261,13.60342443945345,1.458385617169873,0.1072072420926732,,,
torus_minus1,RGA Fall 2018 torus-1,7,7,5,15,4.6,5.5,5.049999999999999,0.48,0.58,0.53,10.604,0.7881137362824093,0.6,1,0.8,270,288,279,13.91468246626968,1.659476545540236,0.1192608275153201,,,
torus_minus1,RGA Fall 2018 torus-1,7,7,5,16,4.6,5.5,5.049999999999999,0.48,0.58,0.53,10.604,0.7881137362824093,0.6,1,0.8,288,306,297,11.76813984845817,1.336327946928461,0.1135547303258419,,,
torus_minus1,RGA Fall 2018 torus-1,7,7,5,17,4.6,5.5,5.049999999999999,0.48,0.58,0.53,10.604,0.7881137362824093,0.6,1,0.8,306,324,315,12.01306213445798,1.587414333574166,0.1321406911748891,,,
torus_minus1,RGA Fall 2018 torus-1,7,7,5,18,4.6,5.5,5.049999999999999,0.48,0.58,0.53,10.604,0.7881137362824093,0.6,1,0.8,324,342,333,13.29453087275788,1.755449564489813,0.1320429867959421,,,
torus_minus1,RGA Fall 2018 torus-1,7,7,5,19,4.6,5.5,5.049999999999999,0.48,0.58,0.53,10.604,0.7881137362824093,0.6,1,0.8,342,360,351,9.900557481798165,1.478304315721662,0.1493152601193896,,,
torus_minus1,RGA Fall 2018 torus-1,7,7,6,0,4.6,5.5,5.049999999999999,0.48,0.58,0.53,10.604,0.7881137362824093,1,1.5,1.25,0,18,9,5.528427942462701,1.063482136833534,0.1923661026067011,,,
torus_minus1,RGA Fall 2018 torus-1,7,7,6,1,4.6,5.5,5.049999999999999,0.48,0.58,0.53,10.604,0.7881137362824093,1,1.5,1.25,18,36,27,4.606985888230818,0.8466316480340201,0.1837712701045726,,,
torus_minus1,RGA Fall 2018 torus-1,7,7,6,2,4.6,5.5,5.049999999999999,0.48,0.58,0.53,10.604,0.7881137362824093,1,1.5,1.25,36,54,45,6.040448312023155,1.066694075748207,0.1765918721007869,,,
torus_minus1,RGA Fall 2018 torus-1,7,7,6,3,4.6,5.5,5.049999999999999,0.48,0.58,0.53,10.604,0.7881137362824093,1,1.5,1.25,54,72,63,4.600791369432001,0.8873011411329097,0.1928583736763645,,,
torus_minus1,RGA Fall 2018 torus-1,7,7,6,4,4.6,5.5,5.049999999999999,0.48,0.58,0.53,10.604,0.7881137362824093,1,1.5,1.25,72,90,81,8.713132712792838,1.259307283050435,0.1445297948006104,,,
torus_minus1,RGA Fall 2018 torus-1,7,7,6,5,4.6,5.5,5.049999999999999,0.48,0.58,0.53,10.604,0.7881137362824093,1,1.5,1.25,90,108,99,11.78604297640224,1.125042055585743,0.09545545165907493,,,
torus_minus1,RGA Fall 2018 torus-1,7,7,6,6,4.6,5.5,5.049999999999999,0.48,0.58,0.53,10.604,0.7881137362824093,1,1.5,1.25,108,126,117,10.75285448529572,1.014382334261063,0.09433609797735176,,,
torus_minus1,RGA Fall 2018 torus-1,7,7,6,7,4.6,5.5,5.049999999999999,0.48,0.58,0.53,10.604,0.7881137362824093,1,1.5,1.25,126,144,135,7.435343950325459,0.7393237080270053,0.09943369304316363,,,
torus_minus1,RGA Fall 2018 torus-1,7,7,6,8,4.6,5.5,5.049999999999999,0.48,0.58,0.53,10.604,0.7881137362824093,1,1.5,1.25,144,162,153,6.772647987714813,0.7698952697453038,0.1136771424030673,,,
torus_minus1,RGA Fall 2018 torus-1,7,7,6,9,4.6,5.5,5.049999999999999,0.48,0.58,0.53,10.604,0.7881137362824093,1,1.5,1.25,162,180,171,6.327478175094437,0.887254296229508,0.1402224190550078,,,
torus_minus1,RGA Fall 2018 torus-1,7,7,6,10,4.6,5.5,5.049999999999999,0.48,0.58,0.53,10.604,0.7881137362824093,1,1.5,1.25,180,198,189,4.325591442017275,0.787542684054649,0.1820658965626611,,,
torus_minus1,RGA Fall 2018 torus-1,7,7,6,11,4.6,5.5,5.049999999999999,0.48,0.58,0.53,10.604,0.7881137362824093,1,1.5,1.25,198,216,207,7.332579833259531,0.9358953805331692,0.1276352118647358,,,
torus_minus1,RGA Fall 2018 torus-1,7,7,6,12,4.6,5.5,5.049999999999999,0.48,0.58,0.53,10.604,0.7881137362824093,1,1.5,1.25,216,234,225,7.853110026071504,0.9366314506959215,0.1192688562348424,,,
torus_minus1,RGA Fall 2018 torus-1,7,7,6,13,4.6,5.5,5.049999999999999,0.48,0.58,0.53,10.604,0.7881137362824093,1,1.5,1.25,234,252,243,9.037381924419151,0.9818963483644146,0.1086483183488478,,,
torus_minus1,RGA Fall 2018 torus-1,7,7,6,14,4.6,5.5,5.049999999999999,0.48,0.58,0.53,10.604,0.7881137362824093,1,1.5,1.25,252,270,261,9.165891170212731,1.028967793082239,0.1122605291699485,,,
torus_minus1,RGA Fall 2018 torus-1,7,7,6,15,4.6,5.5,5.049999999999999,0.48,0.58,0.53,10.604,0.7881137362824093,1,1.5,1.25,270,288,279,8.761060631417706,1.103258979884182,0.1259275590363827,,,
torus_minus1,RGA Fall 2018 torus-1,7,7,6,16,4.6,5.5,5.049999999999999,0.48,0.58,0.53,10.604,0.7881137362824093,1,1.5,1.25,288,306,297,5.870988735543724,1.052468914854043,0.1792660422736395,,,
torus_minus1,RGA Fall 2018 torus-1,7,7,6,17,4.6,5.5,5.049999999999999,0.48,0.58,0.53,10.604,0.7881137362824093,1,1.5,1.25,306,324,315,4.642047737931522,1.083670025374456,0.2334465491424125,,,
torus_minus1,RGA Fall 2018 torus-1,7,7,6,18,4.6,5.5,5.049999999999999,0.48,0.58,0.53,10.604,0.7881137362824093,1,1.5,1.25,324,342,333,7.512444566878856,1.71257464377085,0.2279650290294737,,,
torus_minus1,RGA Fall 2018 torus-1,7,7,6,19,4.6,5.5,5.049999999999999,0.48,0.58,0.53,10.604,0.7881137362824093,1,1.5,1.25,342,360,351,5.256995878320519,1.02617873178228,0.1952024988290687,,,
torus_minus1,RGA Fall 2018 torus-1,7,7,7,0,4.6,5.5,5.049999999999999,0.48,0.58,0.53,10.604,0.7881137362824093,1.5,2,1.75,0,18,9,4.524302590704668,1.586245005078493,0.3506054189075432,,,
torus_minus1,RGA Fall 2018 torus-1,7,7,7,1,4.6,5.5,5.049999999999999,0.48,0.58,0.53,10.604,0.7881137362824093,1.5,2,1.75,18,36,27,3.474251831897785,1.222645018925236,0.3519160608047734,,,
torus_minus1,RGA Fall 2018 torus-1,7,7,7,2,4.6,5.5,5.049999999999999,0.48,0.58,0.53,10.604,0.7881137362824093,1.5,2,1.75,36,54,45,4.197341037720726,1.34036213575637,0.3193360090854624,,,
torus_minus1,RGA Fall 2018 torus-1,7,7,7,3,4.6,5.5,5.049999999999999,0.48,0.58,0.53,10.604,0.7881137362824093,1.5,2,1.75,54,72,63,5.344350281265228,1.009988406908416,0.1889824494567579,,,
torus_minus1,RGA Fall 2018 torus-1,7,7,7,4,4.6,5.5,5.049999999999999,0.48,0.58,0.53,10.604,0.7881137362824093,1.5,2,1.75,72,90,81,6.047948617811916,0.9212044431818712,0.1523168435110074,,,
torus_minus1,RGA Fall 2018 torus-1,7,7,7,5,4.6,5.5,5.049999999999999,0.48,0.58,0.53,10.604,0.7881137362824093,1.5,2,1.75,90,108,99,5.36487479359173,0.8882567744124404,0.1655689663947892,,,
torus_minus1,RGA Fall 2018 torus-1,7,7,7,6,4.6,5.5,5.049999999999999,0.48,0.58,0.53,10.604,0.7881137362824093,1.5,2,1.75,108,126,117,6.403185724345512,0.8355724409691156,0.1304932383566809,,,
torus_minus1,RGA Fall 2018 torus-1,7,7,7,7,4.6,5.5,5.049999999999999,0.48,0.58,0.53,10.604,0.7881137362824093,1.5,2,1.75,126,144,135,5.91844153674068,0.7656283970319965,0.1293631764847393,,,
torus_minus1,RGA Fall 2018 torus-1,7,7,7,8,4.6,5.5,5.049999999999999,0.48,0.58,0.53,10.604,0.7881137362824093,1.5,2,1.75,144,162,153,5.285408924933352,0.8101707981109955,0.153284411786778,,,
torus_minus1,RGA Fall 2018 torus-1,7,7,7,9,4.6,5.5,5.049999999999999,0.48,0.58,0.53,10.604,0.7881137362824093,1.5,2,1.75,162,180,171,4.986890745203867,1.032050969942943,0.2069527933683961,,,
torus_minus1,RGA Fall 2018 torus-1,7,7,7,10,4.6,5.5,5.049999999999999,0.48,0.58,0.53,10.604,0.7881137362824093,1.5,2,1.75,180,198,189,3.771130523219715,0.7693194978379104,0.2040023523717978,,,
torus_minus1,RGA Fall 2018 torus-1,7,7,7,11,4.6,5.5,5.049999999999999,0.48,0.58,0.53,10.604,0.7881137362824093,1.5,2,1.75,198,216,207,2.741498621462512,0.5161675018988247,0.1882793220678199,,,
torus_minus1,RGA Fall 2018 torus-1,7,7,7,12,4.6,5.5,5.049999999999999,0.48,0.58,0.53,10.604,0.7881137362824093,1.5,2,1.75,216,234,225,4.703993185454769,0.726212559554127,0.1543821453227549,,,
torus_minus1,RGA Fall 2018 torus-1,7,7,7,13,4.6,5.5,5.049999999999999,0.48,0.58,0.53,10.604,0.7881137362824093,1.5,2,1.75,234,252,243,6.362610886383627,0.9218062806986831,0.1448786193528516,,,
torus_minus1,RGA Fall 2018 torus-1,7,7,7,14,4.6,5.5,5.049999999999999,0.48,0.58,0.53,10.604,0.7881137362824093,1.5,2,1.75,252,270,261,4.818342836841624,0.6982315372860167,0.1449111366562078,,,
torus_minus1,RGA Fall 2018 torus-1,7,7,7,15,4.6,5.5,5.049999999999999,0.48,0.58,0.53,10.604,0.7881137362824093,1.5,2,1.75,270,288,279,6.586000201056362,1.05200584957643,0.1597336497815006,,,
torus_minus1,RGA Fall 2018 torus-1,7,7,7,16,4.6,5.5,5.049999999999999,0.48,0.58,0.53,10.604,0.7881137362824093,1.5,2,1.75,288,306,297,4.582800424260542,0.8728174990785018,0.1904550533027707,,,
torus_minus1,RGA Fall 2018 torus-1,7,7,7,17,4.6,5.5,5.049999999999999,0.48,0.58,0.53,10.604,0.7881137362824093,1.5,2,1.75,306,324,315,2.45304866208247,0.7414897192604668,0.3022727313656277,,,
torus_minus1,RGA Fall 2018 torus-1,7,7,7,18,4.6,5.5,5.049999999999999,0.48,0.58,0.53,10.604,0.7881137362824093,1.5,2,1.75,324,342,333,5.530586149644362,1.950963695400159,0.3527589377711102,,,
torus_minus1,RGA Fall 2018 torus-1,7,7,7,19,4.6,5.5,5.049999999999999,0.48,0.58,0.53,10.604,0.7881137362824093,1.5,2,1.75,342,360,351,4.039706308804653,1.497820059157761,0.3707744931588766,,,
torus_minus1,RGA Fall 2018 torus-1,7,8,6,0,4.6,5.5,5.132659574468086,0.58,0.7,0.6007234042553191,10.604,0.8294233522827024,1,1.5,1.25,0,18,9,7.029940707524474,2.026303368587511,0.2882390411086489,,,
torus_minus1,RGA Fall 2018 torus-1,7,8,6,1,4.6,5.5,5.132659574468086,0.58,0.7,0.6007234042553191,10.604,0.8294233522827024,1,1.5,1.25,18,36,27,9.076891526781314,2.299854553976263,0.2533746874897156,,,
torus_minus1,RGA Fall 2018 torus-1,7,8,6,2,4.6,5.5,5.132659574468086,0.58,0.7,0.6007234042553191,10.604,0.8294233522827024,1,1.5,1.25,36,54,45,8.775018846087674,1.954187256865968,0.2226989242008567,,,
torus_minus1,RGA Fall 2018 torus-1,7,8,6,3,4.6,5.5,5.132659574468086,0.58,0.7,0.6007234042553191,10.604,0.8294233522827024,1,1.5,1.25,54,72,63,14.62839320114223,2.578221999494298,0.1762477918144135,,,
torus_minus1,RGA Fall 2018 torus-1,7,8,6,4,4.6,5.5,5.132659574468086,0.58,0.7,0.6007234042553191,10.604,0.8294233522827024,1,1.5,1.25,72,90,81,16.54303847398197,3.147863181427204,0.1902832533683579,,,
torus_minus1,RGA Fall 2018 torus-1,7,8,6,5,4.6,5.5,5.132659574468086,0.58,0.7,0.6007234042553191,10.604,0.8294233522827024,1,1.5,1.25,90,108,99,17.52766574334351,2.754345652827551,0.1571427532427454,,,
torus_minus1,RGA Fall 2018 torus-1,7,8,6,6,4.6,5.5,5.132659574468086,0.58,0.7,0.6007234042553191,10.604,0.8294233522827024,1,1.5,1.25,108,126,117,16.63913418730366,3.071905617353444,0.1846193186961275,,,
torus_minus1,RGA Fall 2018 torus-1,7,8,6,7,4.6,5.5,5.132659574468086,0.58,0.7,0.6007234042553191,10.604,0.8294233522827024,1,1.5,1.25,126,144,135,15.30140275657507,2.600432576756293,0.1699473321580844,,,
torus_minus1,RGA Fall 2018 torus-1,7,8,6,8,4.6,5.5,5.132659574468086,0.58,0.7,0.6007234042553191,10.604,0.8294233522827024,1,1.5,1.25,144,162,153,13.38781454124325,2.245330474823136,0.167714489015817,,,
torus_minus1,RGA Fall 2018 torus-1,7,8,6,9,4.6,5.5,5.132659574468086,0.58,0.7,0.6007234042553191,10.604,0.8294233522827024,1,1.5,1.25,162,180,171,9.66324997940592,6.333052695715549,0.6553750248842154,,,
torus_minus1,RGA Fall 2018 torus-1,7,8,6,10,4.6,5.5,5.132659574468086,0.58,0.7,0.6007234042553191,10.604,0.8294233522827024,1,1.5,1.25,180,198,189,16.41792425224783,10.21089318979496,0.6219356986250535,,,
torus_minus1,RGA Fall 2018 torus-1,7,8,6,11,4.6,5.5,5.132659574468086,0.58,0.7,0.6007234042553191,10.604,0.8294233522827024,1,1.5,1.25,198,216,207,13.30099597959747,2.526133558882025,0.1899206317148646,,,
torus_minus1,RGA Fall 2018 torus-1,7,8,6,12,4.6,5.5,5.132659574468086,0.58,0.7,0.6007234042553191,10.604,0.8294233522827024,1,1.5,1.25,216,234,225,16.20500740452897,2.697327216593162,0.1664502304293495,,,
torus_minus1,RGA Fall 2018 torus-1,7,8,6,13,4.6,5.5,5.132659574468086,0.58,0.7,0.6007234042553191,10.604,0.8294233522827024,1,1.5,1.25,234,252,243,15.85802815447903,2.750769169865743,0.1734622453100388,,,
torus_minus1,RGA Fall 2018 torus-1,7,8,6,14,4.6,5.5,5.132659574468086,0.58,0.7,0.6007234042553191,10.604,0.8294233522827024,1,1.5,1.25,252,270,261,15.58232938393198,2.701880563178944,0.1733938807611808,,,
torus_minus1,RGA Fall 2018 torus-1,7,8,6,15,4.6,5.5,5.132659574468086,0.58,0.7,0.6007234042553191,10.604,0.8294233522827024,1,1.5,1.25,270,288,279,19.60060134712769,3.577885961083443,0.182539601602976,,,
torus_minus1,RGA Fall 2018 torus-1,7,8,6,16,4.6,5.5,5.132659574468086,0.58,0.7,0.6007234042553191,10.604,0.8294233522827024,1,1.5,1.25,288,306,297,17.9179717003473,3.577742103373169,0.1996733873234001,,,
torus_minus1,RGA Fall 2018 torus-1,7,8,6,17,4.6,5.5,5.132659574468086,0.58,0.7,0.6007234042553191,10.604,0.8294233522827024,1,1.5,1.25,306,324,315,7.251464592121229,2.135156491870602,0.2944448621028179,,,
torus_minus1,RGA Fall 2018 torus-1,7,8,6,18,4.6,5.5,5.132659574468086,0.58,0.7,0.6007234042553191,10.604,0.8294233522827024,1,1.5,1.25,324,342,333,10.05367203158909,2.353688164506102,0.2341122882376417,,,
torus_minus1,RGA Fall 2018 torus-1,7,8,6,19,4.6,5.5,5.132659574468086,0.58,0.7,0.6007234042553191,10.604,0.8294233522827024,1,1.5,1.25,342,360,351,9.947826221727059,2.564097843639885,0.2577545874333466,,,
torus_minus1,RGA Fall 2018 torus-1,7,8,7,0,4.6,5.5,5.132659574468086,0.58,0.7,0.6007234042553191,10.604,0.8294233522827024,1.5,2,1.75,0,18,9,2.280420183421483,1.463313703903857,0.6416859991601808,,,
torus_minus1,RGA Fall 2018 torus-1,7,8,7,1,4.6,5.5,5.132659574468086,0.58,0.7,0.6007234042553191,10.604,0.8294233522827024,1.5,2,1.75,18,36,27,2.320423749430687,1.458018975090871,0.628341687783791,,,
torus_minus1,RGA Fall 2018 torus-1,7,8,7,2,4.6,5.5,5.132659574468086,0.58,0.7,0.6007234042553191,10.604,0.8294233522827024,1.5,2,1.75,36,54,45,3.93988312259641,1.777482558329829,0.4511510882481345,,,
torus_minus1,RGA Fall 2018 torus-1,7,8,7,3,4.6,5.5,5.132659574468086,0.58,0.7,0.6007234042553191,10.604,0.8294233522827024,1.5,2,1.75,54,72,63,4.127610587714644,1.433544639188328,0.3473061735656721,,,
torus_minus1,RGA Fall 2018 torus-1,7,8,7,4,4.6,5.5,5.132659574468086,0.58,0.7,0.6007234042553191,10.604,0.8294233522827024,1.5,2,1.75,72,90,81,10.35664829142253,2.611359100888022,0.2521432636706195,,,
torus_minus1,RGA Fall 2018 torus-1,7,8,7,5,4.6,5.5,5.132659574468086,0.58,0.7,0.6007234042553191,10.604,0.8294233522827024,1.5,2,1.75,90,108,99,12.11125979907361,2.580543133728163,0.2130697529851971,,,
torus_minus1,RGA Fall 2018 torus-1,7,8,7,6,4.6,5.5,5.132659574468086,0.58,0.7,0.6007234042553191,10.604,0.8294233522827024,1.5,2,1.75,108,126,117,10.12074719787323,2.383901097501588,0.2355459583065704,,,
torus_minus1,RGA Fall 2018 torus-1,7,8,7,7,4.6,5.5,5.132659574468086,0.58,0.7,0.6007234042553191,10.604,0.8294233522827024,1.5,2,1.75,126,144,135,7.680358812588579,1.698132218282651,0.221100636014467,,,
torus_minus1,RGA Fall 2018 torus-1,7,8,7,8,4.6,5.5,5.132659574468086,0.58,0.7,0.6007234042553191,10.604,0.8294233522827024,1.5,2,1.75,144,162,153,8.074767637786929,1.788477613102387,0.2214896692175974,,,
torus_minus1,RGA Fall 2018 torus-1,7,8,7,9,4.6,5.5,5.132659574468086,0.58,0.7,0.6007234042553191,10.604,0.8294233522827024,1.5,2,1.75,162,180,171,6.367218210907753,4.476770733154427,0.703096797512801,,,
torus_minus1,RGA Fall 2018 torus-1,7,8,7,11,4.6,5.5,5.132659574468086,0.58,0.7,0.6007234042553191,10.604,0.8294233522827024,1.5,2,1.75,198,216,207,6.878455595373273,1.724132044973639,0.2506568547354379,,,
torus_minus1,RGA Fall 2018 torus-1,7,8,7,12,4.6,5.5,5.132659574468086,0.58,0.7,0.6007234042553191,10.604,0.8294233522827024,1.5,2,1.75,216,234,225,12.40397039611649,2.53513941158573,0.2043812852358505,,,
torus_minus1,RGA Fall 2018 torus-1,7,8,7,13,4.6,5.5,5.132659574468086,0.58,0.7,0.6007234042553191,10.604,0.8294233522827024,1.5,2,1.75,234,252,243,9.498851636946984,2.159549724883983,0.2273485056324221,,,
torus_minus1,RGA Fall 2018 torus-1,7,8,7,14,4.6,5.5,5.132659574468086,0.58,0.7,0.6007234042553191,10.604,0.8294233522827024,1.5,2,1.75,252,270,261,12.37573611052119,2.368365415658503,0.1913716804000892,,,
torus_minus1,RGA Fall 2018 torus-1,7,8,7,15,4.6,5.5,5.132659574468086,0.58,0.7,0.6007234042553191,10.604,0.8294233522827024,1.5,2,1.75,270,288,279,11.22977471384002,2.509499642557714,0.2234683870785855,,,
torus_minus1,RGA Fall 2018 torus-1,7,8,7,16,4.6,5.5,5.132659574468086,0.58,0.7,0.6007234042553191,10.604,0.8294233522827024,1.5,2,1.75,288,306,297,15.29897858982977,3.487010131670459,0.2279243748983675,,,
torus_minus1,RGA Fall 2018 torus-1,7,8,7,17,4.6,5.5,5.132659574468086,0.58,0.7,0.6007234042553191,10.604,0.8294233522827024,1.5,2,1.75,306,324,315,8.33102509405243,3.059840193916485,0.367282556392841,,,
torus_minus1,RGA Fall 2018 torus-1,7,8,7,19,4.6,5.5,5.132659574468086,0.58,0.7,0.6007234042553191,10.604,0.8294233522827024,1.5,2,1.75,342,360,351,3.81127344643835,2.03987936837385,0.5352225173662428,,,
torus_minus1,RGA Fall 2018 torus-1,8,5,3,4,5.5,7,5.711702127659574,0.3,0.38,0.3668085106382978,10.604,0.3817998794642796,0.3,0.4,0.35,72,90,81,11.73439020914092,15.03923945817521,1.281637919834969,,,
torus_minus1,RGA Fall 2018 torus-1,8,5,3,6,5.5,7,5.711702127659574,0.3,0.38,0.3668085106382978,10.604,0.3817998794642796,0.3,0.4,0.35,108,126,117,8.108038603102678,13.42748169763517,1.656070272346375,,,
torus_minus1,RGA Fall 2018 torus-1,8,5,3,7,5.5,7,5.711702127659574,0.3,0.38,0.3668085106382978,10.604,0.3817998794642796,0.3,0.4,0.35,126,144,135,4.170265908738931,8.117463307349151,1.946509763403513,,,
torus_minus1,RGA Fall 2018 torus-1,8,5,3,10,5.5,7,5.711702127659574,0.3,0.38,0.3668085106382978,10.604,0.3817998794642796,0.3,0.4,0.35,180,198,189,7.077730668407351,10.66482544146102,1.506814251786278,,,
torus_minus1,RGA Fall 2018 torus-1,8,5,3,14,5.5,7,5.711702127659574,0.3,0.38,0.3668085106382978,10.604,0.3817998794642796,0.3,0.4,0.35,252,270,261,5.782065228960199,10.62509937311844,1.837595902568048,,,
torus_minus1,RGA Fall 2018 torus-1,8,5,4,0,5.5,7,5.711702127659574,0.3,0.38,0.3668085106382978,10.604,0.3817998794642796,0.4,0.6,0.5,0,18,9,5.713631376677585,7.361415035267946,1.288395164118643,,,
torus_minus1,RGA Fall 2018 torus-1,8,5,4,1,5.5,7,5.711702127659574,0.3,0.38,0.3668085106382978,10.604,0.3817998794642796,0.4,0.6,0.5,18,36,27,5.348665154406184,6.292489229249989,1.17645974230903,,,
torus_minus1,RGA Fall 2018 torus-1,8,5,4,4,5.5,7,5.711702127659574,0.3,0.38,0.3668085106382978,10.604,0.3817998794642796,0.4,0.6,0.5,72,90,81,9.391892530182851,8.048873490078405,0.8570022989734638,,,
torus_minus1,RGA Fall 2018 torus-1,8,5,4,5,5.5,7,5.711702127659574,0.3,0.38,0.3668085106382978,10.604,0.3817998794642796,0.4,0.6,0.5,90,108,99,12.83416067072697,13.48762131417041,1.050915728749906,,,
torus_minus1,RGA Fall 2018 torus-1,8,5,4,6,5.5,7,5.711702127659574,0.3,0.38,0.3668085106382978,10.604,0.3817998794642796,0.4,0.6,0.5,108,126,117,10.41466597221109,10.63699223274836,1.021347421139621,,,
torus_minus1,RGA Fall 2018 torus-1,8,5,4,9,5.5,7,5.711702127659574,0.3,0.38,0.3668085106382978,10.604,0.3817998794642796,0.4,0.6,0.5,162,180,171,13.2437691577393,19.92938170451013,1.504811920771357,,,
torus_minus1,RGA Fall 2018 torus-1,8,5,4,11,5.5,7,5.711702127659574,0.3,0.38,0.3668085106382978,10.604,0.3817998794642796,0.4,0.6,0.5,198,216,207,3.396936406547882,5.543597877274089,1.631940435089787,,,
torus_minus1,RGA Fall 2018 torus-1,8,5,4,12,5.5,7,5.711702127659574,0.3,0.38,0.3668085106382978,10.604,0.3817998794642796,0.4,0.6,0.5,216,234,225,3.359834013467319,5.002979892496267,1.48905567133456,,,
torus_minus1,RGA Fall 2018 torus-1,8,5,4,13,5.5,7,5.711702127659574,0.3,0.38,0.3668085106382978,10.604,0.3817998794642796,0.4,0.6,0.5,234,252,243,7.358388614305547,9.662961062963568,1.313189825850957,,,
torus_minus1,RGA Fall 2018 torus-1,8,5,4,14,5.5,7,5.711702127659574,0.3,0.38,0.3668085106382978,10.604,0.3817998794642796,0.4,0.6,0.5,252,270,261,27.72942166808029,23.76884719282631,0.857170678759123,,,
torus_minus1,RGA Fall 2018 torus-1,8,5,4,15,5.5,7,5.711702127659574,0.3,0.38,0.3668085106382978,10.604,0.3817998794642796,0.4,0.6,0.5,270,288,279,10.2830782555292,9.890014213519331,0.9617756441950135,,,
torus_minus1,RGA Fall 2018 torus-1,8,5,4,18,5.5,7,5.711702127659574,0.3,0.38,0.3668085106382978,10.604,0.3817998794642796,0.4,0.6,0.5,324,342,333,8.05146942064173,8.690179153028952,1.079328343562946,,,
torus_minus1,RGA Fall 2018 torus-1,8,5,4,19,5.5,7,5.711702127659574,0.3,0.38,0.3668085106382978,10.604,0.3817998794642796,0.4,0.6,0.5,342,360,351,3.870395145070374,4.887437107806758,1.262774710233854,,,
torus_minus1,RGA Fall 2018 torus-1,8,5,5,0,5.5,7,5.711702127659574,0.3,0.38,0.3668085106382978,10.604,0.3817998794642796,0.6,1,0.8,0,18,9,0.2228774943292577,0.6503437479388484,2.917942656776701,,,
torus_minus1,RGA Fall 2018 torus-1,8,5,5,1,5.5,7,5.711702127659574,0.3,0.38,0.3668085106382978,10.604,0.3817998794642796,0.6,1,0.8,18,36,27,1.285450074910927,1.627871064507693,1.266382177168952,,,
torus_minus1,RGA Fall 2018 torus-1,8,5,5,4,5.5,7,5.711702127659574,0.3,0.38,0.3668085106382978,10.604,0.3817998794642796,0.6,1,0.8,72,90,81,5.352226638435522,5.748517459232241,1.074042234674979,,,
torus_minus1,RGA Fall 2018 torus-1,8,5,5,5,5.5,7,5.711702127659574,0.3,0.38,0.3668085106382978,10.604,0.3817998794642796,0.6,1,0.8,90,108,99,3.10787612580002,4.49705121201237,1.446985346256281,,,
torus_minus1,RGA Fall 2018 torus-1,8,5,5,6,5.5,7,5.711702127659574,0.3,0.38,0.3668085106382978,10.604,0.3817998794642796,0.6,1,0.8,108,126,117,0.4031186420193473,1.652510578154674,4.099315699905944,,,
torus_minus1,RGA Fall 2018 torus-1,8,5,5,7,5.5,7,5.711702127659574,0.3,0.38,0.3668085106382978,10.604,0.3817998794642796,0.6,1,0.8,126,144,135,3.444685013967437,3.81477978256346,1.107439364439817,,,
torus_minus1,RGA Fall 2018 torus-1,8,5,5,8,5.5,7,5.711702127659574,0.3,0.38,0.3668085106382978,10.604,0.3817998794642796,0.6,1,0.8,144,162,153,0.8640816509296378,0.9109892893518082,1.054286117951589,,,
torus_minus1,RGA Fall 2018 torus-1,8,5,5,9,5.5,7,5.711702127659574,0.3,0.38,0.3668085106382978,10.604,0.3817998794642796,0.6,1,0.8,162,180,171,4.442910559234183,3.784348333870243,0.8517723423454522,,,
torus_minus1,RGA Fall 2018 torus-1,8,5,5,10,5.5,7,5.711702127659574,0.3,0.38,0.3668085106382978,10.604,0.3817998794642796,0.6,1,0.8,180,198,189,1.174234897645661,1.296016019434615,1.103711039446303,,,
torus_minus1,RGA Fall 2018 torus-1,8,5,5,12,5.5,7,5.711702127659574,0.3,0.38,0.3668085106382978,10.604,0.3817998794642796,0.6,1,0.8,216,234,225,2.698441456989406,2.174629086090186,0.8058833666587577,,,
torus_minus1,RGA Fall 2018 torus-1,8,5,5,14,5.5,7,5.711702127659574,0.3,0.38,0.3668085106382978,10.604,0.3817998794642796,0.6,1,0.8,252,270,261,4.481556145852894,6.204605234180725,1.384475622362177,,,
torus_minus1,RGA Fall 2018 torus-1,8,5,5,15,5.5,7,5.711702127659574,0.3,0.38,0.3668085106382978,10.604,0.3817998794642796,0.6,1,0.8,270,288,279,2.491942757415153,3.490745446050091,1.400812854012336,,,
torus_minus1,RGA Fall 2018 torus-1,8,5,5,16,5.5,7,5.711702127659574,0.3,0.38,0.3668085106382978,10.604,0.3817998794642796,0.6,1,0.8,288,306,297,8.887024604811414,6.683145420431607,0.7520115806603448,,,
torus_minus1,RGA Fall 2018 torus-1,8,5,6,1,5.5,7,5.711702127659574,0.3,0.38,0.3668085106382978,10.604,0.3817998794642796,1,1.5,1.25,18,36,27,1.915590976490468,2.137882942007935,1.116043543870062,,,
torus_minus1,RGA Fall 2018 torus-1,8,5,6,5,5.5,7,5.711702127659574,0.3,0.38,0.3668085106382978,10.604,0.3817998794642796,1,1.5,1.25,90,108,99,3.961890335471849,5.757629096029925,1.453253020276799,,,
torus_minus1,RGA Fall 2018 torus-1,8,5,6,6,5.5,7,5.711702127659574,0.3,0.38,0.3668085106382978,10.604,0.3817998794642796,1,1.5,1.25,108,126,117,1.070945447077211,1.643311977279724,1.534449753500141,,,
torus_minus1,RGA Fall 2018 torus-1,8,5,6,7,5.5,7,5.711702127659574,0.3,0.38,0.3668085106382978,10.604,0.3817998794642796,1,1.5,1.25,126,144,135,1.113821588801471,1.53701840224711,1.379950270043716,,,
torus_minus1,RGA Fall 2018 torus-1,8,5,6,8,5.5,7,5.711702127659574,0.3,0.38,0.3668085106382978,10.604,0.3817998794642796,1,1.5,1.25,144,162,153,0.8362968323329373,1.429345513754466,1.709136587026353,,,
torus_minus1,RGA Fall 2018 torus-1,8,5,6,9,5.5,7,5.711702127659574,0.3,0.38,0.3668085106382978,10.604,0.3817998794642796,1,1.5,1.25,162,180,171,1.073173511976807,0.9366889345623043,0.8728215187094067,,,
torus_minus1,RGA Fall 2018 torus-1,8,5,6,11,5.5,7,5.711702127659574,0.3,0.38,0.3668085106382978,10.604,0.3817998794642796,1,1.5,1.25,198,216,207,1.621150536409828,1.96391738629761,1.211434312970631,,,
torus_minus1,RGA Fall 2018 torus-1,8,5,6,12,5.5,7,5.711702127659574,0.3,0.38,0.3668085106382978,10.604,0.3817998794642796,1,1.5,1.25,216,234,225,2.025437704919442,1.983093709937173,0.9790939040586526,,,
torus_minus1,RGA Fall 2018 torus-1,8,5,6,18,5.5,7,5.711702127659574,0.3,0.38,0.3668085106382978,10.604,0.3817998794642796,1,1.5,1.25,324,342,333,0.9816554549217057,1.291979464787248,1.316123145152077,,,
torus_minus1,RGA Fall 2018 torus-1,8,5,6,19,5.5,7,5.711702127659574,0.3,0.38,0.3668085106382978,10.604,0.3817998794642796,1,1.5,1.25,342,360,351,2.985745668255966,4.462613752954461,1.494639613949826,,,
torus_minus1,RGA Fall 2018 torus-1,8,5,7,5,5.5,7,5.711702127659574,0.3,0.38,0.3668085106382978,10.604,0.3817998794642796,1.5,2,1.75,90,108,99,1.550631983033749,2.037955873595849,1.314274370639944,,,
torus_minus1,RGA Fall 2018 torus-1,8,5,7,9,5.5,7,5.711702127659574,0.3,0.38,0.3668085106382978,10.604,0.3817998794642796,1.5,2,1.75,162,180,171,0.5198977822219519,0.9503554608739041,1.827965983644422,,,
torus_minus1,RGA Fall 2018 torus-1,8,5,7,12,5.5,7,5.711702127659574,0.3,0.38,0.3668085106382978,10.604,0.3817998794642796,1.5,2,1.75,216,234,225,0.7164224525312737,1.075925164051331,1.50180268673861,,,
torus_minus1,RGA Fall 2018 torus-1,8,5,7,13,5.5,7,5.711702127659574,0.3,0.38,0.3668085106382978,10.604,0.3817998794642796,1.5,2,1.75,234,252,243,13.33735218562837,7.856831032690896,0.589084769101097,,,
torus_minus1,RGA Fall 2018 torus-1,8,5,7,14,5.5,7,5.711702127659574,0.3,0.38,0.3668085106382978,10.604,0.3817998794642796,1.5,2,1.75,252,270,261,1.30913171394011,1.609018635313185,1.229073146865033,,,
torus_minus1,RGA Fall 2018 torus-1,8,5,7,15,5.5,7,5.711702127659574,0.3,0.38,0.3668085106382978,10.604,0.3817998794642796,1.5,2,1.75,270,288,279,2.443336054777964,2.858751380051981,1.170019725473976,,,
torus_minus1,RGA Fall 2018 torus-1,8,5,7,16,5.5,7,5.711702127659574,0.3,0.38,0.3668085106382978,10.604,0.3817998794642796,1.5,2,1.75,288,306,297,3.766358151327723,2.982508390758817,0.7918812473283823,,,
torus_minus1,RGA Fall 2018 torus-1,8,5,7,18,5.5,7,5.711702127659574,0.3,0.38,0.3668085106382978,10.604,0.3817998794642796,1.5,2,1.75,324,342,333,1.637055557957851,2.447925720986426,1.495322323721314,,,
torus_minus1,RGA Fall 2018 torus-1,8,6,2,2,5.5,7,6.02924465733235,0.38,0.48,0.4075585851142225,10.604,0.4450854483544502,0.2,0.3,0.25,36,54,45,5.700762789607322,10.4203357210738,1.827884461368997,,,
torus_minus1,RGA Fall 2018 torus-1,8,6,2,15,5.5,7,6.02924465733235,0.38,0.48,0.4075585851142225,10.604,0.4450854483544502,0.2,0.3,0.25,270,288,279,17.72732449205281,12.07511793438288,0.6811585098358286,,,
torus_minus1,RGA Fall 2018 torus-1,8,6,2,16,5.5,7,6.02924465733235,0.38,0.48,0.4075585851142225,10.604,0.4450854483544502,0.2,0.3,0.25,288,306,297,9.986809557598876,10.21092237073478,1.02244088182951,,,
torus_minus1,RGA Fall 2018 torus-1,8,6,4,0,5.5,7,6.165,0.38,0.48,0.4358947368421052,10.604,0.4959768892044153,0.4,0.6,0.5,0,18,9,4.884516318532955,1.636293367229479,0.3349959874268438,,,
torus_minus1,RGA Fall 2018 torus-1,8,6,4,1,5.5,7,6.165,0.38,0.48,0.4358947368421052,10.604,0.4959768892044153,0.4,0.6,0.5,18,36,27,2.886758049016739,1.130284013258295,0.3915409584268008,,,
torus_minus1,RGA Fall 2018 torus-1,8,6,4,2,5.5,7,6.165,0.38,0.48,0.4358947368421052,10.604,0.4959768892044153,0.4,0.6,0.5,36,54,45,5.075431800486184,1.765600428161696,0.3478719639169551,,,
torus_minus1,RGA Fall 2018 torus-1,8,6,4,3,5.5,7,6.165,0.38,0.48,0.4358947368421052,10.604,0.4959768892044153,0.4,0.6,0.5,54,72,63,3.581425263642033,1.06820155826448,0.2982615801336593,,,
torus_minus1,RGA Fall 2018 torus-1,8,6,4,4,5.5,7,6.165,0.38,0.48,0.4358947368421052,10.604,0.4959768892044153,0.4,0.6,0.5,72,90,81,4.671454659169315,1.013919466908527,0.2170457685848166,,,
torus_minus1,RGA Fall 2018 torus-1,8,6,4,5,5.5,7,6.165,0.38,0.48,0.4358947368421052,10.604,0.4959768892044153,0.4,0.6,0.5,90,108,99,4.854034310037859,1.170512475941277,0.241142192489395,,,
torus_minus1,RGA Fall 2018 torus-1,8,6,4,6,5.5,7,6.165,0.38,0.48,0.4358947368421052,10.604,0.4959768892044153,0.4,0.6,0.5,108,126,117,6.212311430384087,1.221877800666067,0.1966865013704766,,,
torus_minus1,RGA Fall 2018 torus-1,8,6,4,7,5.5,7,6.165,0.38,0.48,0.4358947368421052,10.604,0.4959768892044153,0.4,0.6,0.5,126,144,135,4.87509768185727,1.234733628097941,0.253273618022674,,,
torus_minus1,RGA Fall 2018 torus-1,8,6,4,8,5.5,7,6.165,0.38,0.48,0.4358947368421052,10.604,0.4959768892044153,0.4,0.6,0.5,144,162,153,4.76177180639688,1.086747636825243,0.2282233758798196,,,
torus_minus1,RGA Fall 2018 torus-1,8,6,4,9,5.5,7,6.165,0.38,0.48,0.4358947368421052,10.604,0.4959768892044153,0.4,0.6,0.5,162,180,171,4.158962921863421,1.473947204397742,0.3544025835501657,,,
torus_minus1,RGA Fall 2018 torus-1,8,6,4,10,5.5,7,6.165,0.38,0.48,0.4358947368421052,10.604,0.4959768892044153,0.4,0.6,0.5,180,198,189,3.713263604604636,1.070263113680719,0.2882270766754986,,,
torus_minus1,RGA Fall 2018 torus-1,8,6,4,11,5.5,7,6.165,0.38,0.48,0.4358947368421052,10.604,0.4959768892044153,0.4,0.6,0.5,198,216,207,3.00603468297325,1.017144662763028,0.3383675739086872,,,
torus_minus1,RGA Fall 2018 torus-1,8,6,4,12,5.5,7,6.165,0.38,0.48,0.4358947368421052,10.604,0.4959768892044153,0.4,0.6,0.5,216,234,225,6.100183670345013,1.484972016186294,0.2434307057679638,,,
torus_minus1,RGA Fall 2018 torus-1,8,6,4,13,5.5,7,6.165,0.38,0.48,0.4358947368421052,10.604,0.4959768892044153,0.4,0.6,0.5,234,252,243,5.519837278435069,1.446556170094403,0.2620650024858191,,,
torus_minus1,RGA Fall 2018 torus-1,8,6,4,14,5.5,7,6.165,0.38,0.48,0.4358947368421052,10.604,0.4959768892044153,0.4,0.6,0.5,252,270,261,4.472945686673369,1.330494678118544,0.2974537969648506,,,
torus_minus1,RGA Fall 2018 torus-1,8,6,4,15,5.5,7,6.165,0.38,0.48,0.4358947368421052,10.604,0.4959768892044153,0.4,0.6,0.5,270,288,279,6.914020964300313,2.122109343401302,0.3069283929508674,,,
torus_minus1,RGA Fall 2018 torus-1,8,6,4,16,5.5,7,6.165,0.38,0.48,0.4358947368421052,10.604,0.4959768892044153,0.4,0.6,0.5,288,306,297,4.679902694307816,2.158786333572921,0.4612887221348985,,,
torus_minus1,RGA Fall 2018 torus-1,8,6,4,17,5.5,7,6.165,0.38,0.48,0.4358947368421052,10.604,0.4959768892044153,0.4,0.6,0.5,306,324,315,4.811226017473059,2.090257378035688,0.434454205735595,,,
torus_minus1,RGA Fall 2018 torus-1,8,6,4,18,5.5,7,6.165,0.38,0.48,0.4358947368421052,10.604,0.4959768892044153,0.4,0.6,0.5,324,342,333,5.995828432379907,2.218290723716049,0.369972348063927,,,
torus_minus1,RGA Fall 2018 torus-1,8,6,4,19,5.5,7,6.165,0.38,0.48,0.4358947368421052,10.604,0.4959768892044153,0.4,0.6,0.5,342,360,351,4.686141195964657,2.044489661566181,0.4362842637619921,,,
torus_minus1,RGA Fall 2018 torus-1,8,6,5,0,5.5,7,6.165,0.38,0.48,0.4358947368421052,10.604,0.4959768892044153,0.6,1,0.8,0,18,9,2.415375969796294,0.9781689452237655,0.4049758536375029,,,
torus_minus1,RGA Fall 2018 torus-1,8,6,5,1,5.5,7,6.165,0.38,0.48,0.4358947368421052,10.604,0.4959768892044153,0.6,1,0.8,18,36,27,3.57342301194822,1.157102266231505,0.3238078062302106,,,
torus_minus1,RGA Fall 2018 torus-1,8,6,5,2,5.5,7,6.165,0.38,0.48,0.4358947368421052,10.604,0.4959768892044153,0.6,1,0.8,36,54,45,4.501063813434167,1.287032390483044,0.2859396009098301,,,
torus_minus1,RGA Fall 2018 torus-1,8,6,5,3,5.5,7,6.165,0.38,0.48,0.4358947368421052,10.604,0.4959768892044153,0.6,1,0.8,54,72,63,3.551845130007563,0.7511211054347947,0.2114734955893742,,,
torus_minus1,RGA Fall 2018 torus-1,8,6,5,4,5.5,7,6.165,0.38,0.48,0.4358947368421052,10.604,0.4959768892044153,0.6,1,0.8,72,90,81,5.823062193697874,0.8949038497495658,0.1536826879022679,,,
torus_minus1,RGA Fall 2018 torus-1,8,6,5,5,5.5,7,6.165,0.38,0.48,0.4358947368421052,10.604,0.4959768892044153,0.6,1,0.8,90,108,99,4.991124992346718,0.8544458507536017,0.1711930380553062,,,
torus_minus1,RGA Fall 2018 torus-1,8,6,5,6,5.5,7,6.165,0.38,0.48,0.4358947368421052,10.604,0.4959768892044153,0.6,1,0.8,108,126,117,3.703093831475991,0.6653591906087047,0.1796765679965241,,,
torus_minus1,RGA Fall 2018 torus-1,8,6,5,7,5.5,7,6.165,0.38,0.48,0.4358947368421052,10.604,0.4959768892044153,0.6,1,0.8,126,144,135,3.743439774149359,0.7767438458424851,0.2074946820852724,,,
torus_minus1,RGA Fall 2018 torus-1,8,6,5,8,5.5,7,6.165,0.38,0.48,0.4358947368421052,10.604,0.4959768892044153,0.6,1,0.8,144,162,153,3.331262035052851,0.738184221377248,0.2215929619494903,,,
torus_minus1,RGA Fall 2018 torus-1,8,6,5,9,5.5,7,6.165,0.38,0.48,0.4358947368421052,10.604,0.4959768892044153,0.6,1,0.8,162,180,171,3.630117823067161,0.7139431221437196,0.1966721624314922,,,
torus_minus1,RGA Fall 2018 torus-1,8,6,5,10,5.5,7,6.165,0.38,0.48,0.4358947368421052,10.604,0.4959768892044153,0.6,1,0.8,180,198,189,3.52006872121909,0.7097007492214908,0.201615594872734,,,
torus_minus1,RGA Fall 2018 torus-1,8,6,5,11,5.5,7,6.165,0.38,0.48,0.4358947368421052,10.604,0.4959768892044153,0.6,1,0.8,198,216,207,3.5854911557009,0.6995479334119084,0.1951051900656994,,,
torus_minus1,RGA Fall 2018 torus-1,8,6,5,12,5.5,7,6.165,0.38,0.48,0.4358947368421052,10.604,0.4959768892044153,0.6,1,0.8,216,234,225,4.347519076824713,0.875156498660982,0.2013002089688743,,,
torus_minus1,RGA Fall 2018 torus-1,8,6,5,13,5.5,7,6.165,0.38,0.48,0.4358947368421052,10.604,0.4959768892044153,0.6,1,0.8,234,252,243,3.784481370627209,0.7369315533096872,0.1947245820865421,,,
torus_minus1,RGA Fall 2018 torus-1,8,6,5,14,5.5,7,6.165,0.38,0.48,0.4358947368421052,10.604,0.4959768892044153,0.6,1,0.8,252,270,261,3.835544050874057,0.8244218669046686,0.2149426146511853,,,
torus_minus1,RGA Fall 2018 torus-1,8,6,5,15,5.5,7,6.165,0.38,0.48,0.4358947368421052,10.604,0.4959768892044153,0.6,1,0.8,270,288,279,3.088939360299882,0.7403481325462555,0.2396771338607245,,,
torus_minus1,RGA Fall 2018 torus-1,8,6,5,16,5.5,7,6.165,0.38,0.48,0.4358947368421052,10.604,0.4959768892044153,0.6,1,0.8,288,306,297,4.744957671902165,1.239116031670377,0.2611437482378295,,,
torus_minus1,RGA Fall 2018 torus-1,8,6,5,17,5.5,7,6.165,0.38,0.48,0.4358947368421052,10.604,0.4959768892044153,0.6,1,0.8,306,324,315,4.373509859957863,1.839885553313356,0.4206885572977953,,,
torus_minus1,RGA Fall 2018 torus-1,8,6,5,18,5.5,7,6.165,0.38,0.48,0.4358947368421052,10.604,0.4959768892044153,0.6,1,0.8,324,342,333,3.116456524025016,1.704070569322289,0.5467974785418859,,,
torus_minus1,RGA Fall 2018 torus-1,8,6,5,19,5.5,7,6.165,0.38,0.48,0.4358947368421052,10.604,0.4959768892044153,0.6,1,0.8,342,360,351,1.712679617561373,0.9463849120935025,0.5525755677766682,,,
torus_minus1,RGA Fall 2018 torus-1,8,6,6,0,5.5,7,6.165,0.38,0.48,0.4358947368421052,10.604,0.4959768892044153,1,1.5,1.25,0,18,9,3.232219238291805,1.412961451907928,0.4371490136463219,,,
torus_minus1,RGA Fall 2018 torus-1,8,6,6,1,5.5,7,6.165,0.38,0.48,0.4358947368421052,10.604,0.4959768892044153,1,1.5,1.25,18,36,27,1.683637045057461,0.8400325910224872,0.4989392419752903,,,
torus_minus1,RGA Fall 2018 torus-1,8,6,6,2,5.5,7,6.165,0.38,0.48,0.4358947368421052,10.604,0.4959768892044153,1,1.5,1.25,36,54,45,3.015151898620471,1.576423027665838,0.52283370147524,,,
torus_minus1,RGA Fall 2018 torus-1,8,6,6,3,5.5,7,6.165,0.38,0.48,0.4358947368421052,10.604,0.4959768892044153,1,1.5,1.25,54,72,63,1.852889516019604,0.6697669544948387,0.361471608913649,,,
torus_minus1,RGA Fall 2018 torus-1,8,6,6,4,5.5,7,6.165,0.38,0.48,0.4358947368421052,10.604,0.4959768892044153,1,1.5,1.25,72,90,81,2.597176544666842,0.5847628776401537,0.2251533030517051,,,
torus_minus1,RGA Fall 2018 torus-1,8,6,6,5,5.5,7,6.165,0.38,0.48,0.4358947368421052,10.604,0.4959768892044153,1,1.5,1.25,90,108,99,2.396060314281582,0.4663744218135863,0.1946421878588732,,,
torus_minus1,RGA Fall 2018 torus-1,8,6,6,6,5.5,7,6.165,0.38,0.48,0.4358947368421052,10.604,0.4959768892044153,1,1.5,1.25,108,126,117,2.638286217190031,0.5059081645135197,0.1917563610866865,,,
torus_minus1,RGA Fall 2018 torus-1,8,6,6,7,5.5,7,6.165,0.38,0.48,0.4358947368421052,10.604,0.4959768892044153,1,1.5,1.25,126,144,135,2.030759812623594,0.422531739959436,0.2080658369014876,,,
torus_minus1,RGA Fall 2018 torus-1,8,6,6,8,5.5,7,6.165,0.38,0.48,0.4358947368421052,10.604,0.4959768892044153,1,1.5,1.25,144,162,153,1.647926857388439,0.491391172057345,0.2981874892409241,,,
torus_minus1,RGA Fall 2018 torus-1,8,6,6,9,5.5,7,6.165,0.38,0.48,0.4358947368421052,10.604,0.4959768892044153,1,1.5,1.25,162,180,171,1.852006957632025,0.465232428953423,0.251204471471462,,,
torus_minus1,RGA Fall 2018 torus-1,8,6,6,10,5.5,7,6.165,0.38,0.48,0.4358947368421052,10.604,0.4959768892044153,1,1.5,1.25,180,198,189,1.199359443028917,0.3388319541534489,0.2825107653279881,,,
torus_minus1,RGA Fall 2018 torus-1,8,6,6,11,5.5,7,6.165,0.38,0.48,0.4358947368421052,10.604,0.4959768892044153,1,1.5,1.25,198,216,207,2.481626104941854,0.4721753518831003,0.1902685303570998,,,
torus_minus1,RGA Fall 2018 torus-1,8,6,6,12,5.5,7,6.165,0.38,0.48,0.4358947368421052,10.604,0.4959768892044153,1,1.5,1.25,216,234,225,1.328328997543956,0.393122787148183,0.2959528760382829,,,
torus_minus1,RGA Fall 2018 torus-1,8,6,6,13,5.5,7,6.165,0.38,0.48,0.4358947368421052,10.604,0.4959768892044153,1,1.5,1.25,234,252,243,3.708663743209683,0.7290067110635402,0.1965685652678281,,,
torus_minus1,RGA Fall 2018 torus-1,8,6,6,14,5.5,7,6.165,0.38,0.48,0.4358947368421052,10.604,0.4959768892044153,1,1.5,1.25,252,270,261,1.880574573284444,0.463564712031241,0.246501637646637,,,
torus_minus1,RGA Fall 2018 torus-1,8,6,6,15,5.5,7,6.165,0.38,0.48,0.4358947368421052,10.604,0.4959768892044153,1,1.5,1.25,270,288,279,2.454064533836766,0.5687214841313736,0.2317467516806559,,,
torus_minus1,RGA Fall 2018 torus-1,8,6,6,16,5.5,7,6.165,0.38,0.48,0.4358947368421052,10.604,0.4959768892044153,1,1.5,1.25,288,306,297,2.036690743127906,0.5492758668706832,0.2696903635095416,,,
torus_minus1,RGA Fall 2018 torus-1,8,6,6,17,5.5,7,6.165,0.38,0.48,0.4358947368421052,10.604,0.4959768892044153,1,1.5,1.25,306,324,315,2.203492815117473,0.9699950049845036,0.4402079273096206,,,
torus_minus1,RGA Fall 2018 torus-1,8,6,6,18,5.5,7,6.165,0.38,0.48,0.4358947368421052,10.604,0.4959768892044153,1,1.5,1.25,324,342,333,4.242161664895749,1.825328205361775,0.430282565717974,,,
torus_minus1,RGA Fall 2018 torus-1,8,6,6,19,5.5,7,6.165,0.38,0.48,0.4358947368421052,10.604,0.4959768892044153,1,1.5,1.25,342,360,351,2.038438986695069,0.8113835535215536,0.3980416185215597,,,
torus_minus1,RGA Fall 2018 torus-1,8,6,7,0,5.5,7,6.165,0.38,0.48,0.4358947368421052,10.604,0.4959768892044153,1.5,2,1.75,0,18,9,1.222509251453648,0.8768855815692111,0.7172833911289701,,,
torus_minus1,RGA Fall 2018 torus-1,8,6,7,1,5.5,7,6.165,0.38,0.48,0.4358947368421052,10.604,0.4959768892044153,1.5,2,1.75,18,36,27,1.45891606829013,0.9372905544349672,0.6424568039294302,,,
torus_minus1,RGA Fall 2018 torus-1,8,6,7,3,5.5,7,6.165,0.38,0.48,0.4358947368421052,10.604,0.4959768892044153,1.5,2,1.75,54,72,63,1.403884597073906,0.5915947333074653,0.4213984073480945,,,
torus_minus1,RGA Fall 2018 torus-1,8,6,7,4,5.5,7,6.165,0.38,0.48,0.4358947368421052,10.604,0.4959768892044153,1.5,2,1.75,72,90,81,1.834093369352236,0.5568679634040791,0.3036202914799007,,,
torus_minus1,RGA Fall 2018 torus-1,8,6,7,5,5.5,7,6.165,0.38,0.48,0.4358947368421052,10.604,0.4959768892044153,1.5,2,1.75,90,108,99,1.588840365356456,0.4180190693849836,0.2630969595810849,,,
torus_minus1,RGA Fall 2018 torus-1,8,6,7,6,5.5,7,6.165,0.38,0.48,0.4358947368421052,10.604,0.4959768892044153,1.5,2,1.75,108,126,117,1.99805128567569,0.571354957716849,0.2859561022346988,,,
torus_minus1,RGA Fall 2018 torus-1,8,6,7,7,5.5,7,6.165,0.38,0.48,0.4358947368421052,10.604,0.4959768892044153,1.5,2,1.75,126,144,135,1.167748467837709,0.3599514253914873,0.3082439714590253,,,
torus_minus1,RGA Fall 2018 torus-1,8,6,7,8,5.5,7,6.165,0.38,0.48,0.4358947368421052,10.604,0.4959768892044153,1.5,2,1.75,144,162,153,1.935632848570187,0.6908486936523908,0.3569110196506052,,,
torus_minus1,RGA Fall 2018 torus-1,8,6,7,9,5.5,7,6.165,0.38,0.48,0.4358947368421052,10.604,0.4959768892044153,1.5,2,1.75,162,180,171,1.149536739597897,0.3694833839932843,0.3214193781423009,,,
torus_minus1,RGA Fall 2018 torus-1,8,6,7,10,5.5,7,6.165,0.38,0.48,0.4358947368421052,10.604,0.4959768892044153,1.5,2,1.75,180,198,189,1.024645618830331,0.3301627673464043,0.3222214210248581,,,
torus_minus1,RGA Fall 2018 torus-1,8,6,7,11,5.5,7,6.165,0.38,0.48,0.4358947368421052,10.604,0.4959768892044153,1.5,2,1.75,198,216,207,0.9493875602492324,0.2896772493651334,0.3051201232182646,,,
torus_minus1,RGA Fall 2018 torus-1,8,6,7,12,5.5,7,6.165,0.38,0.48,0.4358947368421052,10.604,0.4959768892044153,1.5,2,1.75,216,234,225,1.296331940219089,0.324930142347448,0.2506535033708517,,,
torus_minus1,RGA Fall 2018 torus-1,8,6,7,13,5.5,7,6.165,0.38,0.48,0.4358947368421052,10.604,0.4959768892044153,1.5,2,1.75,234,252,243,1.285850171843627,0.3325539778135351,0.2586257599022797,,,
torus_minus1,RGA Fall 2018 torus-1,8,6,7,14,5.5,7,6.165,0.38,0.48,0.4358947368421052,10.604,0.4959768892044153,1.5,2,1.75,252,270,261,0.9645174993390138,0.3047572672685487,0.3159686241850455,,,
torus_minus1,RGA Fall 2018 torus-1,8,6,7,15,5.5,7,6.165,0.38,0.48,0.4358947368421052,10.604,0.4959768892044153,1.5,2,1.75,270,288,279,1.065581873418981,0.3417229050136327,0.3206913645379448,,,
torus_minus1,RGA Fall 2018 torus-1,8,6,7,16,5.5,7,6.165,0.38,0.48,0.4358947368421052,10.604,0.4959768892044153,1.5,2,1.75,288,306,297,1.228266270389457,0.427542849920915,0.3480864534245903,,,
torus_minus1,RGA Fall 2018 torus-1,8,6,7,17,5.5,7,6.165,0.38,0.48,0.4358947368421052,10.604,0.4959768892044153,1.5,2,1.75,306,324,315,0.6503134434382221,0.3960312749734225,0.6089852193114694,,,
torus_minus1,RGA Fall 2018 torus-1,8,6,7,18,5.5,7,6.165,0.38,0.48,0.4358947368421052,10.604,0.4959768892044153,1.5,2,1.75,324,342,333,1.432927197952319,0.996420322728792,0.6953740037544797,,,
torus_minus1,RGA Fall 2018 torus-1,8,7,5,0,5.5,7,6.24976276966417,0.48,0.58,0.5299608322830949,10.604,0.6592172448579029,0.6,1,0.8,0,18,9,5.652148503201802,0.9042248245207427,0.1599789573838199,,,
torus_minus1,RGA Fall 2018 torus-1,8,7,5,1,5.5,7,6.24976276966417,0.48,0.58,0.5299608322830949,10.604,0.6592172448579029,0.6,1,0.8,18,36,27,5.899246982602503,0.8350777257299641,0.1415566644679729,,,
torus_minus1,RGA Fall 2018 torus-1,8,7,5,2,5.5,7,6.24976276966417,0.48,0.58,0.5299608322830949,10.604,0.6592172448579029,0.6,1,0.8,36,54,45,7.58666060200656,0.9909830063114484,0.1306217660573017,,,
torus_minus1,RGA Fall 2018 torus-1,8,7,5,3,5.5,7,6.24976276966417,0.48,0.58,0.5299608322830949,10.604,0.6592172448579029,0.6,1,0.8,54,72,63,6.325039296788145,0.9101925168166491,0.1439030611681488,,,
torus_minus1,RGA Fall 2018 torus-1,8,7,5,4,5.5,7,6.24976276966417,0.48,0.58,0.5299608322830949,10.604,0.6592172448579029,0.6,1,0.8,72,90,81,7.50564531382047,0.9972253761666375,0.1328633760951111,,,
torus_minus1,RGA Fall 2018 torus-1,8,7,5,5,5.5,7,6.24976276966417,0.48,0.58,0.5299608322830949,10.604,0.6592172448579029,0.6,1,0.8,90,108,99,8.619668760633683,0.914680184819059,0.1061154680324184,,,
torus_minus1,RGA Fall 2018 torus-1,8,7,5,6,5.5,7,6.24976276966417,0.48,0.58,0.5299608322830949,10.604,0.6592172448579029,0.6,1,0.8,108,126,117,6.480986847734826,0.7128246482318039,0.1099870536662088,,,
torus_minus1,RGA Fall 2018 torus-1,8,7,5,7,5.5,7,6.24976276966417,0.48,0.58,0.5299608322830949,10.604,0.6592172448579029,0.6,1,0.8,126,144,135,7.348687619077984,0.8338454838397944,0.1134686255645215,,,
torus_minus1,RGA Fall 2018 torus-1,8,7,5,8,5.5,7,6.24976276966417,0.48,0.58,0.5299608322830949,10.604,0.6592172448579029,0.6,1,0.8,144,162,153,5.550037943732587,0.7906029095274324,0.1424500008004856,,,
torus_minus1,RGA Fall 2018 torus-1,8,7,5,9,5.5,7,6.24976276966417,0.48,0.58,0.5299608322830949,10.604,0.6592172448579029,0.6,1,0.8,162,180,171,5.767826119229116,1.116929834222395,0.1936483193379754,,,
torus_minus1,RGA Fall 2018 torus-1,8,7,5,10,5.5,7,6.24976276966417,0.48,0.58,0.5299608322830949,10.604,0.6592172448579029,0.6,1,0.8,180,198,189,5.694054759711388,1.126182732125909,0.1977822096292925,,,
torus_minus1,RGA Fall 2018 torus-1,8,7,5,11,5.5,7,6.24976276966417,0.48,0.58,0.5299608322830949,10.604,0.6592172448579029,0.6,1,0.8,198,216,207,6.051552223830262,0.8987990186282847,0.1485237151369075,,,
torus_minus1,RGA Fall 2018 torus-1,8,7,5,12,5.5,7,6.24976276966417,0.48,0.58,0.5299608322830949,10.604,0.6592172448579029,0.6,1,0.8,216,234,225,6.058844796367446,0.9478356625199617,0.1564383466446,,,
torus_minus1,RGA Fall 2018 torus-1,8,7,5,13,5.5,7,6.24976276966417,0.48,0.58,0.5299608322830949,10.604,0.6592172448579029,0.6,1,0.8,234,252,243,6.048651597392189,0.87993434084538,0.1454761159040396,,,
torus_minus1,RGA Fall 2018 torus-1,8,7,5,14,5.5,7,6.24976276966417,0.48,0.58,0.5299608322830949,10.604,0.6592172448579029,0.6,1,0.8,252,270,261,5.654380780532078,0.8797984649027316,0.1555958997193575,,,
torus_minus1,RGA Fall 2018 torus-1,8,7,5,15,5.5,7,6.24976276966417,0.48,0.58,0.5299608322830949,10.604,0.6592172448579029,0.6,1,0.8,270,288,279,8.245996690260277,1.285139756972083,0.1558501422259871,,,
torus_minus1,RGA Fall 2018 torus-1,8,7,5,16,5.5,7,6.24976276966417,0.48,0.58,0.5299608322830949,10.604,0.6592172448579029,0.6,1,0.8,288,306,297,8.08698076332896,1.196586048733273,0.1479644979692898,,,
torus_minus1,RGA Fall 2018 torus-1,8,7,5,17,5.5,7,6.24976276966417,0.48,0.58,0.5299608322830949,10.604,0.6592172448579029,0.6,1,0.8,306,324,315,5.641549679229717,0.9352511502157538,0.1657791215876434,,,
torus_minus1,RGA Fall 2018 torus-1,8,7,5,18,5.5,7,6.24976276966417,0.48,0.58,0.5299608322830949,10.604,0.6592172448579029,0.6,1,0.8,324,342,333,5.986646529131994,0.9229752458131339,0.1541723302556426,,,
torus_minus1,RGA Fall 2018 torus-1,8,7,5,19,5.5,7,6.24976276966417,0.48,0.58,0.5299608322830949,10.604,0.6592172448579029,0.6,1,0.8,342,360,351,5.162611000403713,0.8345724599200116,0.1616570490890653,,,
torus_minus1,RGA Fall 2018 torus-1,8,7,6,0,5.5,7,6.25,0.48,0.58,0.53,10.604,0.6592418848801118,1,1.5,1.25,0,18,9,2.170949721435282,0.7555739653448662,0.3480384450568173,,,
torus_minus1,RGA Fall 2018 torus-1,8,7,6,1,5.5,7,6.25,0.48,0.58,0.53,10.604,0.6592418848801118,1,1.5,1.25,18,36,27,2.63280045769753,0.7103282963378993,0.2697995187068239,,,
torus_minus1,RGA Fall 2018 torus-1,8,7,6,2,5.5,7,6.25,0.48,0.58,0.53,10.604,0.6592418848801118,1,1.5,1.25,36,54,45,3.125986104215939,0.6394999743011011,0.2045754373119648,,,
torus_minus1,RGA Fall 2018 torus-1,8,7,6,3,5.5,7,6.25,0.48,0.58,0.53,10.604,0.6592418848801118,1,1.5,1.25,54,72,63,3.801552041855873,0.7825729275674516,0.2058561658373112,,,
torus_minus1,RGA Fall 2018 torus-1,8,7,6,4,5.5,7,6.25,0.48,0.58,0.53,10.604,0.6592418848801118,1,1.5,1.25,72,90,81,6.269012809954725,0.8390503301625395,0.133840902164084,,,
torus_minus1,RGA Fall 2018 torus-1,8,7,6,5,5.5,7,6.25,0.48,0.58,0.53,10.604,0.6592418848801118,1,1.5,1.25,90,108,99,5.445422082674129,0.6244628197635773,0.1146766605568465,,,
torus_minus1,RGA Fall 2018 torus-1,8,7,6,6,5.5,7,6.25,0.48,0.58,0.53,10.604,0.6592418848801118,1,1.5,1.25,108,126,117,4.880285120396151,0.5707172789389345,0.1169434295045055,,,
torus_minus1,RGA Fall 2018 torus-1,8,7,6,7,5.5,7,6.25,0.48,0.58,0.53,10.604,0.6592418848801118,1,1.5,1.25,126,144,135,4.119512957644339,0.5645006988965434,0.1370309317389165,,,
torus_minus1,RGA Fall 2018 torus-1,8,7,6,8,5.5,7,6.25,0.48,0.58,0.53,10.604,0.6592418848801118,1,1.5,1.25,144,162,153,3.542956799859185,0.5632864451093814,0.158987669601777,,,
torus_minus1,RGA Fall 2018 torus-1,8,7,6,9,5.5,7,6.25,0.48,0.58,0.53,10.604,0.6592418848801118,1,1.5,1.25,162,180,171,3.490087555766554,0.5666428343447939,0.162357770483021,,,
torus_minus1,RGA Fall 2018 torus-1,8,7,6,10,5.5,7,6.25,0.48,0.58,0.53,10.604,0.6592418848801118,1,1.5,1.25,180,198,189,2.619092331214425,0.4454207007347207,0.1700668187318876,,,
torus_minus1,RGA Fall 2018 torus-1,8,7,6,11,5.5,7,6.25,0.48,0.58,0.53,10.604,0.6592418848801118,1,1.5,1.25,198,216,207,4.416042843977736,0.6663322738008685,0.1508889966295417,,,
torus_minus1,RGA Fall 2018 torus-1,8,7,6,12,5.5,7,6.25,0.48,0.58,0.53,10.604,0.6592418848801118,1,1.5,1.25,216,234,225,3.799155953430607,0.639236516130026,0.1682575087639665,,,
torus_minus1,RGA Fall 2018 torus-1,8,7,6,13,5.5,7,6.25,0.48,0.58,0.53,10.604,0.6592418848801118,1,1.5,1.25,234,252,243,3.89936500751744,0.5903773694617376,0.1514034639803074,,,
torus_minus1,RGA Fall 2018 torus-1,8,7,6,14,5.5,7,6.25,0.48,0.58,0.53,10.604,0.6592418848801118,1,1.5,1.25,252,270,261,6.020804258443699,0.7568388220702476,0.125703940799743,,,
torus_minus1,RGA Fall 2018 torus-1,8,7,6,15,5.5,7,6.25,0.48,0.58,0.53,10.604,0.6592418848801118,1,1.5,1.25,270,288,279,4.538842644941683,0.7064350621194279,0.1556421135036957,,,
torus_minus1,RGA Fall 2018 torus-1,8,7,6,16,5.5,7,6.25,0.48,0.58,0.53,10.604,0.6592418848801118,1,1.5,1.25,288,306,297,3.546990392943863,0.7194030280221684,0.2028206869275143,,,
torus_minus1,RGA Fall 2018 torus-1,8,7,6,17,5.5,7,6.25,0.48,0.58,0.53,10.604,0.6592418848801118,1,1.5,1.25,306,324,315,3.343949234004901,0.7588113415702181,0.2269207121489172,,,
torus_minus1,RGA Fall 2018 torus-1,8,7,6,18,5.5,7,6.25,0.48,0.58,0.53,10.604,0.6592418848801118,1,1.5,1.25,324,342,333,4.479724035652946,1.344181508446012,0.3000589986677807,,,
torus_minus1,RGA Fall 2018 torus-1,8,7,6,19,5.5,7,6.25,0.48,0.58,0.53,10.604,0.6592418848801118,1,1.5,1.25,342,360,351,2.261023336235829,0.737382091050978,0.3261275897658703,,,
torus_minus1,RGA Fall 2018 torus-1,8,7,7,0,5.5,7,6.25,0.48,0.58,0.53,10.604,0.6592418848801118,1.5,2,1.75,0,18,9,2.061919318385109,1.453615150144779,0.7049815854498357,,,
torus_minus1,RGA Fall 2018 torus-1,8,7,7,1,5.5,7,6.25,0.48,0.58,0.53,10.604,0.6592418848801118,1.5,2,1.75,18,36,27,1.405623990720518,0.6629167709462555,0.4716174277919422,,,
torus_minus1,RGA Fall 2018 torus-1,8,7,7,2,5.5,7,6.25,0.48,0.58,0.53,10.604,0.6592418848801118,1.5,2,1.75,36,54,45,1.496143051069344,0.4772607660927842,0.3189940732951102,,,
torus_minus1,RGA Fall 2018 torus-1,8,7,7,3,5.5,7,6.25,0.48,0.58,0.53,10.604,0.6592418848801118,1.5,2,1.75,54,72,63,1.867576432964343,0.5468177907527313,0.2927954010882357,,,
torus_minus1,RGA Fall 2018 torus-1,8,7,7,4,5.5,7,6.25,0.48,0.58,0.53,10.604,0.6592418848801118,1.5,2,1.75,72,90,81,3.618611001172189,0.6952342894250992,0.1921273906479281,,,
torus_minus1,RGA Fall 2018 torus-1,8,7,7,5,5.5,7,6.25,0.48,0.58,0.53,10.604,0.6592418848801118,1.5,2,1.75,90,108,99,3.307509653224894,0.5455459275775048,0.164941597992189,,,
torus_minus1,RGA Fall 2018 torus-1,8,7,7,6,5.5,7,6.25,0.48,0.58,0.53,10.604,0.6592418848801118,1.5,2,1.75,108,126,117,3.33435016748626,0.484882323878321,0.1454203366540443,,,
torus_minus1,RGA Fall 2018 torus-1,8,7,7,7,5.5,7,6.25,0.48,0.58,0.53,10.604,0.6592418848801118,1.5,2,1.75,126,144,135,2.439500874864329,0.4021792735244393,0.1648612950576647,,,
torus_minus1,RGA Fall 2018 torus-1,8,7,7,8,5.5,7,6.25,0.48,0.58,0.53,10.604,0.6592418848801118,1.5,2,1.75,144,162,153,1.248821921150313,0.3170282801559379,0.2538618795736042,,,
torus_minus1,RGA Fall 2018 torus-1,8,7,7,9,5.5,7,6.25,0.48,0.58,0.53,10.604,0.6592418848801118,1.5,2,1.75,162,180,171,2.033742163491579,0.4391439894800813,0.2159290382838639,,,
torus_minus1,RGA Fall 2018 torus-1,8,7,7,10,5.5,7,6.25,0.48,0.58,0.53,10.604,0.6592418848801118,1.5,2,1.75,180,198,189,2.423945156439533,0.5058638098106646,0.2086944122752819,,,
torus_minus1,RGA Fall 2018 torus-1,8,7,7,11,5.5,7,6.25,0.48,0.58,0.53,10.604,0.6592418848801118,1.5,2,1.75,198,216,207,2.653619921872747,0.5059599642396961,0.190667834556587,,,
torus_minus1,RGA Fall 2018 torus-1,8,7,7,12,5.5,7,6.25,0.48,0.58,0.53,10.604,0.6592418848801118,1.5,2,1.75,216,234,225,1.866554156560874,0.4697350711632141,0.2516589564316211,,,
torus_minus1,RGA Fall 2018 torus-1,8,7,7,13,5.5,7,6.25,0.48,0.58,0.53,10.604,0.6592418848801118,1.5,2,1.75,234,252,243,2.335219133931593,0.429297809868606,0.1838361991946498,,,
torus_minus1,RGA Fall 2018 torus-1,8,7,7,14,5.5,7,6.25,0.48,0.58,0.53,10.604,0.6592418848801118,1.5,2,1.75,252,270,261,3.232911851264406,0.603460767328985,0.1866616830560873,,,
torus_minus1,RGA Fall 2018 torus-1,8,7,7,15,5.5,7,6.25,0.48,0.58,0.53,10.604,0.6592418848801118,1.5,2,1.75,270,288,279,3.188761224823224,0.5971816146718525,0.1872769933424409,,,
torus_minus1,RGA Fall 2018 torus-1,8,7,7,16,5.5,7,6.25,0.48,0.58,0.53,10.604,0.6592418848801118,1.5,2,1.75,288,306,297,2.09810161996421,0.484173014124444,0.2307671894999553,,,
torus_minus1,RGA Fall 2018 torus-1,8,7,7,17,5.5,7,6.25,0.48,0.58,0.53,10.604,0.6592418848801118,1.5,2,1.75,306,324,315,3.631300644780869,0.8850725639924807,0.2437343119095804,,,
torus_minus1,RGA Fall 2018 torus-1,8,7,7,18,5.5,7,6.25,0.48,0.58,0.53,10.604,0.6592418848801118,1.5,2,1.75,324,342,333,3.215578774533493,1.650867571680378,0.5133967125155816,,,
torus_minus1,RGA Fall 2018 torus-1,8,7,7,19,5.5,7,6.25,0.48,0.58,0.53,10.604,0.6592418848801118,1.5,2,1.75,342,360,351,0.8985529840596062,0.9663910712711765,1.075497036251643,,,
torus_minus1,RGA Fall 2018 torus-1,8,8,5,0,5.5,7,6.255210663683817,0.58,0.7,0.6112479492915736,10.604,0.7466978989370152,0.6,1,0.8,0,18,9,8.594485257142571,1.743321513676264,0.2028418761004275,,,
torus_minus1,RGA Fall 2018 torus-1,8,8,5,1,5.5,7,6.255210663683817,0.58,0.7,0.6112479492915736,10.604,0.7466978989370152,0.6,1,0.8,18,36,27,7.796197727933726,1.497992404924836,0.1921439728955999,,,
torus_minus1,RGA Fall 2018 torus-1,8,8,5,2,5.5,7,6.255210663683817,0.58,0.7,0.6112479492915736,10.604,0.7466978989370152,0.6,1,0.8,36,54,45,10.05728127121239,1.757224181439368,0.174721590661801,,,
torus_minus1,RGA Fall 2018 torus-1,8,8,5,3,5.5,7,6.255210663683817,0.58,0.7,0.6112479492915736,10.604,0.7466978989370152,0.6,1,0.8,54,72,63,14.00098606489639,2.139878927326956,0.1528377299576144,,,
torus_minus1,RGA Fall 2018 torus-1,8,8,5,4,5.5,7,6.255210663683817,0.58,0.7,0.6112479492915736,10.604,0.7466978989370152,0.6,1,0.8,72,90,81,9.382989924091639,1.426234016179685,0.1520020833143714,,,
torus_minus1,RGA Fall 2018 torus-1,8,8,5,5,5.5,7,6.255210663683817,0.58,0.7,0.6112479492915736,10.604,0.7466978989370152,0.6,1,0.8,90,108,99,9.552133485112192,1.639479286225333,0.1716348801846833,,,
torus_minus1,RGA Fall 2018 torus-1,8,8,5,6,5.5,7,6.255210663683817,0.58,0.7,0.6112479492915736,10.604,0.7466978989370152,0.6,1,0.8,108,126,117,12.2375147614027,1.958466668017109,0.1600379412161479,,,
torus_minus1,RGA Fall 2018 torus-1,8,8,5,7,5.5,7,6.255210663683817,0.58,0.7,0.6112479492915736,10.604,0.7466978989370152,0.6,1,0.8,126,144,135,7.645056789945403,1.468558373902667,0.1920925395654457,,,
torus_minus1,RGA Fall 2018 torus-1,8,8,5,8,5.5,7,6.255210663683817,0.58,0.7,0.6112479492915736,10.604,0.7466978989370152,0.6,1,0.8,144,162,153,7.123108981389711,1.620517668590527,0.2275014565724594,,,
torus_minus1,RGA Fall 2018 torus-1,8,8,5,9,5.5,7,6.255210663683817,0.58,0.7,0.6112479492915736,10.604,0.7466978989370152,0.6,1,0.8,162,180,171,8.000305580699138,2.311815873782825,0.2889659464208614,,,
torus_minus1,RGA Fall 2018 torus-1,8,8,5,10,5.5,7,6.255210663683817,0.58,0.7,0.6112479492915736,10.604,0.7466978989370152,0.6,1,0.8,180,198,189,17.28134888032837,5.230279896878105,0.302654609492423,,,
torus_minus1,RGA Fall 2018 torus-1,8,8,5,11,5.5,7,6.255210663683817,0.58,0.7,0.6112479492915736,10.604,0.7466978989370152,0.6,1,0.8,198,216,207,11.89493522772749,2.635407936188141,0.2215571489657982,,,
torus_minus1,RGA Fall 2018 torus-1,8,8,5,12,5.5,7,6.255210663683817,0.58,0.7,0.6112479492915736,10.604,0.7466978989370152,0.6,1,0.8,216,234,225,10.40359046812309,2.534911839875638,0.2436574034361197,,,
torus_minus1,RGA Fall 2018 torus-1,8,8,5,13,5.5,7,6.255210663683817,0.58,0.7,0.6112479492915736,10.604,0.7466978989370152,0.6,1,0.8,234,252,243,8.45063050867069,1.952120108712749,0.2310028946017454,,,
torus_minus1,RGA Fall 2018 torus-1,8,8,5,14,5.5,7,6.255210663683817,0.58,0.7,0.6112479492915736,10.604,0.7466978989370152,0.6,1,0.8,252,270,261,9.057583217720648,1.756586998023954,0.1939355074968885,,,
torus_minus1,RGA Fall 2018 torus-1,8,8,5,15,5.5,7,6.255210663683817,0.58,0.7,0.6112479492915736,10.604,0.7466978989370152,0.6,1,0.8,270,288,279,12.62311302403492,2.412420403181587,0.1911113683754745,,,
torus_minus1,RGA Fall 2018 torus-1,8,8,5,16,5.5,7,6.255210663683817,0.58,0.7,0.6112479492915736,10.604,0.7466978989370152,0.6,1,0.8,288,306,297,6.981464326307107,1.416242144324801,0.2028574634390393,,,
torus_minus1,RGA Fall 2018 torus-1,8,8,5,17,5.5,7,6.255210663683817,0.58,0.7,0.6112479492915736,10.604,0.7466978989370152,0.6,1,0.8,306,324,315,9.608531327147974,1.951189361092421,0.2030684289470467,,,
torus_minus1,RGA Fall 2018 torus-1,8,8,5,18,5.5,7,6.255210663683817,0.58,0.7,0.6112479492915736,10.604,0.7466978989370152,0.6,1,0.8,324,342,333,7.749531523301676,1.644961936917344,0.2122659843335292,,,
torus_minus1,RGA Fall 2018 torus-1,8,8,5,19,5.5,7,6.255210663683817,0.58,0.7,0.6112479492915736,10.604,0.7466978989370152,0.6,1,0.8,342,360,351,8.63220966648449,1.807477926595994,0.2093876303322111,,,
torus_minus1,RGA Fall 2018 torus-1,8,8,6,0,5.5,7,6.326261219436707,0.58,0.7,0.6244423810997627,10.604,0.7514185053773942,1,1.5,1.25,0,18,9,6.115820858722806,1.100654225576239,0.1799683560067672,,,
torus_minus1,RGA Fall 2018 torus-1,8,8,6,1,5.5,7,6.326261219436707,0.58,0.7,0.6244423810997627,10.604,0.7514185053773942,1,1.5,1.25,18,36,27,5.849317792838291,0.9133099432946304,0.1561395662948689,,,
torus_minus1,RGA Fall 2018 torus-1,8,8,6,2,5.5,7,6.326261219436707,0.58,0.7,0.6244423810997627,10.604,0.7514185053773942,1,1.5,1.25,36,54,45,9.168901213322421,1.111395077016407,0.1212135512379116,,,
torus_minus1,RGA Fall 2018 torus-1,8,8,6,3,5.5,7,6.326261219436707,0.58,0.7,0.6244423810997627,10.604,0.7514185053773942,1,1.5,1.25,54,72,63,8.411657302153341,1.037754889309564,0.1233710376008667,,,
torus_minus1,RGA Fall 2018 torus-1,8,8,6,4,5.5,7,6.326261219436707,0.58,0.7,0.6244423810997627,10.604,0.7514185053773942,1,1.5,1.25,72,90,81,11.75674984957353,1.332003577164734,0.1132969225515207,,,
torus_minus1,RGA Fall 2018 torus-1,8,8,6,5,5.5,7,6.326261219436707,0.58,0.7,0.6244423810997627,10.604,0.7514185053773942,1,1.5,1.25,90,108,99,8.717552040869581,1.144815863547562,0.1313230891172709,,,
torus_minus1,RGA Fall 2018 torus-1,8,8,6,6,5.5,7,6.326261219436707,0.58,0.7,0.6244423810997627,10.604,0.7514185053773942,1,1.5,1.25,108,126,117,9.726052852452105,1.154458679401174,0.1186975535620409,,,
torus_minus1,RGA Fall 2018 torus-1,8,8,6,7,5.5,7,6.326261219436707,0.58,0.7,0.6244423810997627,10.604,0.7514185053773942,1,1.5,1.25,126,144,135,7.916582535766596,0.9322362886325073,0.1177574141898635,,,
torus_minus1,RGA Fall 2018 torus-1,8,8,6,8,5.5,7,6.326261219436707,0.58,0.7,0.6244423810997627,10.604,0.7514185053773942,1,1.5,1.25,144,162,153,5.743002005610691,0.8902530767354785,0.1550152822279595,,,
torus_minus1,RGA Fall 2018 torus-1,8,8,6,9,5.5,7,6.326261219436707,0.58,0.7,0.6244423810997627,10.604,0.7514185053773942,1,1.5,1.25,162,180,171,5.668550632431919,2.02303731783165,0.3568879329148248,,,
torus_minus1,RGA Fall 2018 torus-1,8,8,6,10,5.5,7,6.326261219436707,0.58,0.7,0.6244423810997627,10.604,0.7514185053773942,1,1.5,1.25,180,198,189,5.787029374508282,2.055887891486144,0.3552578980404486,,,
torus_minus1,RGA Fall 2018 torus-1,8,8,6,11,5.5,7,6.326261219436707,0.58,0.7,0.6244423810997627,10.604,0.7514185053773942,1,1.5,1.25,198,216,207,5.331119181878682,0.9611532616668265,0.1802910850190591,,,
torus_minus1,RGA Fall 2018 torus-1,8,8,6,12,5.5,7,6.326261219436707,0.58,0.7,0.6244423810997627,10.604,0.7514185053773942,1,1.5,1.25,216,234,225,6.376119754191714,0.9957393102338138,0.1561669712334381,,,
torus_minus1,RGA Fall 2018 torus-1,8,8,6,13,5.5,7,6.326261219436707,0.58,0.7,0.6244423810997627,10.604,0.7514185053773942,1,1.5,1.25,234,252,243,10.25093821045863,1.46707300080203,0.143115973453555,,,
torus_minus1,RGA Fall 2018 torus-1,8,8,6,14,5.5,7,6.326261219436707,0.58,0.7,0.6244423810997627,10.604,0.7514185053773942,1,1.5,1.25,252,270,261,9.913149587966911,1.368115811807407,0.1380102055020028,,,
torus_minus1,RGA Fall 2018 torus-1,8,8,6,15,5.5,7,6.326261219436707,0.58,0.7,0.6244423810997627,10.604,0.7514185053773942,1,1.5,1.25,270,288,279,10.51079620844486,1.426560218219107,0.1357233258002798,,,
torus_minus1,RGA Fall 2018 torus-1,8,8,6,16,5.5,7,6.326261219436707,0.58,0.7,0.6244423810997627,10.604,0.7514185053773942,1,1.5,1.25,288,306,297,9.005390490289125,1.238481900049084,0.1375267292833763,,,
torus_minus1,RGA Fall 2018 torus-1,8,8,6,17,5.5,7,6.326261219436707,0.58,0.7,0.6244423810997627,10.604,0.7514185053773942,1,1.5,1.25,306,324,315,9.750219098432655,1.559764501115414,0.1599722514303443,,,
torus_minus1,RGA Fall 2018 torus-1,8,8,6,18,5.5,7,6.326261219436707,0.58,0.7,0.6244423810997627,10.604,0.7514185053773942,1,1.5,1.25,324,342,333,6.540870113216509,1.125042470736213,0.1720019586481235,,,
torus_minus1,RGA Fall 2018 torus-1,8,8,6,19,5.5,7,6.326261219436707,0.58,0.7,0.6244423810997627,10.604,0.7514185053773942,1,1.5,1.25,342,360,351,5.434484567807414,0.9541411940558776,0.1755716079695914,,,
torus_minus1,RGA Fall 2018 torus-1,8,8,7,0,5.5,7,6.327777777777778,0.58,0.7,0.6246049382716049,10.604,0.7514196276859646,1.5,2,1.75,0,18,9,4.221541929696202,1.190875389232139,0.2820948859597941,,,
torus_minus1,RGA Fall 2018 torus-1,8,8,7,1,5.5,7,6.327777777777778,0.58,0.7,0.6246049382716049,10.604,0.7514196276859646,1.5,2,1.75,18,36,27,2.792192254399819,0.6117125046252514,0.2190796510023049,,,
torus_minus1,RGA Fall 2018 torus-1,8,8,7,2,5.5,7,6.327777777777778,0.58,0.7,0.6246049382716049,10.604,0.7514196276859646,1.5,2,1.75,36,54,45,6.95297687732206,1.093532050441961,0.1572753756752223,,,
torus_minus1,RGA Fall 2018 torus-1,8,8,7,3,5.5,7,6.327777777777778,0.58,0.7,0.6246049382716049,10.604,0.7514196276859646,1.5,2,1.75,54,72,63,5.382422150261216,1.072233709772165,0.1992102588460342,,,
torus_minus1,RGA Fall 2018 torus-1,8,8,7,4,5.5,7,6.327777777777778,0.58,0.7,0.6246049382716049,10.604,0.7514196276859646,1.5,2,1.75,72,90,81,5.083292594138189,0.9722735432080372,0.1912684594094026,,,
torus_minus1,RGA Fall 2018 torus-1,8,8,7,5,5.5,7,6.327777777777778,0.58,0.7,0.6246049382716049,10.604,0.7514196276859646,1.5,2,1.75,90,108,99,6.186488820728792,1.055160089376357,0.1705587967508936,,,
torus_minus1,RGA Fall 2018 torus-1,8,8,7,6,5.5,7,6.327777777777778,0.58,0.7,0.6246049382716049,10.604,0.7514196276859646,1.5,2,1.75,108,126,117,6.139153772532687,0.9950204749357983,0.1620777898393162,,,
torus_minus1,RGA Fall 2018 torus-1,8,8,7,7,5.5,7,6.327777777777778,0.58,0.7,0.6246049382716049,10.604,0.7514196276859646,1.5,2,1.75,126,144,135,5.847389805940397,0.919401274243438,0.157232766200983,,,
torus_minus1,RGA Fall 2018 torus-1,8,8,7,8,5.5,7,6.327777777777778,0.58,0.7,0.6246049382716049,10.604,0.7514196276859646,1.5,2,1.75,144,162,153,6.103883983970152,0.9347320569569504,0.1531372580821846,,,
torus_minus1,RGA Fall 2018 torus-1,8,8,7,9,5.5,7,6.327777777777778,0.58,0.7,0.6246049382716049,10.604,0.7514196276859646,1.5,2,1.75,162,180,171,2.907858940349059,1.717748083984599,0.5907260700130111,,,
torus_minus1,RGA Fall 2018 torus-1,8,8,7,10,5.5,7,6.327777777777778,0.58,0.7,0.6246049382716049,10.604,0.7514196276859646,1.5,2,1.75,180,198,189,6.39285334092162,2.256431985059336,0.3529616377425043,,,
torus_minus1,RGA Fall 2018 torus-1,8,8,7,11,5.5,7,6.327777777777778,0.58,0.7,0.6246049382716049,10.604,0.7514196276859646,1.5,2,1.75,198,216,207,5.387794681576104,1.037221965431924,0.1925132687366073,,,
torus_minus1,RGA Fall 2018 torus-1,8,8,7,12,5.5,7,6.327777777777778,0.58,0.7,0.6246049382716049,10.604,0.7514196276859646,1.5,2,1.75,216,234,225,4.173820396251581,0.7931888060465458,0.1900390363607624,,,
torus_minus1,RGA Fall 2018 torus-1,8,8,7,13,5.5,7,6.327777777777778,0.58,0.7,0.6246049382716049,10.604,0.7514196276859646,1.5,2,1.75,234,252,243,6.669941093064754,1.067708671908447,0.1600776764008644,,,
torus_minus1,RGA Fall 2018 torus-1,8,8,7,14,5.5,7,6.327777777777778,0.58,0.7,0.6246049382716049,10.604,0.7514196276859646,1.5,2,1.75,252,270,261,8.224258214433471,1.181741964081359,0.1436897934463459,,,
torus_minus1,RGA Fall 2018 torus-1,8,8,7,15,5.5,7,6.327777777777778,0.58,0.7,0.6246049382716049,10.604,0.7514196276859646,1.5,2,1.75,270,288,279,5.975041455734727,1.148277874743483,0.1921790640701562,,,
torus_minus1,RGA Fall 2018 torus-1,8,8,7,16,5.5,7,6.327777777777778,0.58,0.7,0.6246049382716049,10.604,0.7514196276859646,1.5,2,1.75,288,306,297,5.399876098089412,1.041684028042028,0.192908875892652,,,
torus_minus1,RGA Fall 2018 torus-1,8,8,7,17,5.5,7,6.327777777777778,0.58,0.7,0.6246049382716049,10.604,0.7514196276859646,1.5,2,1.75,306,324,315,3.776656815979503,0.8843843651345001,0.2341712282123597,,,
torus_minus1,RGA Fall 2018 torus-1,8,8,7,18,5.5,7,6.327777777777778,0.58,0.7,0.6246049382716049,10.604,0.7514196276859646,1.5,2,1.75,324,342,333,5.497308560369288,1.350955904794416,0.245748604059377,,,
torus_minus1,RGA Fall 2018 torus-1,8,8,7,19,5.5,7,6.327777777777778,0.58,0.7,0.6246049382716049,10.604,0.7514196276859646,1.5,2,1.75,342,360,351,3.776505840638015,1.040600660806158,0.275545889432639,,,
torus_minus1,RGA Fall 2018 torus-1,9,6,3,1,7,10.5,7.222492625368733,0.38,0.48,0.460929203539823,10.604,0.3647842889595371,0.3,0.4,0.35,18,36,27,21.67818591098663,16.80476325185499,0.7751923210206551,,,
torus_minus1,RGA Fall 2018 torus-1,9,6,4,1,7,10.5,7.247592592592593,0.38,0.48,0.4641851851851853,10.604,0.3694401994655675,0.4,0.6,0.5,18,36,27,9.958773055510854,13.91706160525395,1.397467491997191,,,
torus_minus1,RGA Fall 2018 torus-1,9,6,4,3,7,10.5,7.247592592592593,0.38,0.48,0.4641851851851853,10.604,0.3694401994655675,0.4,0.6,0.5,54,72,63,12.53995344171367,15.93859410288285,1.271024982426469,,,
torus_minus1,RGA Fall 2018 torus-1,9,6,4,5,7,10.5,7.247592592592593,0.38,0.48,0.4641851851851853,10.604,0.3694401994655675,0.4,0.6,0.5,90,108,99,3.741154019866722,5.581015824786352,1.491789911655435,,,
torus_minus1,RGA Fall 2018 torus-1,9,6,4,6,7,10.5,7.247592592592593,0.38,0.48,0.4641851851851853,10.604,0.3694401994655675,0.4,0.6,0.5,108,126,117,10.32946951334958,13.72515990847634,1.328738120649685,,,
torus_minus1,RGA Fall 2018 torus-1,9,6,4,7,7,10.5,7.247592592592593,0.38,0.48,0.4641851851851853,10.604,0.3694401994655675,0.4,0.6,0.5,126,144,135,3.079152853790097,4.621339918063562,1.500847842735447,,,
torus_minus1,RGA Fall 2018 torus-1,9,6,4,8,7,10.5,7.247592592592593,0.38,0.48,0.4641851851851853,10.604,0.3694401994655675,0.4,0.6,0.5,144,162,153,7.842038188094386,8.625709661569134,1.099932116457237,,,
torus_minus1,RGA Fall 2018 torus-1,9,6,4,11,7,10.5,7.247592592592593,0.38,0.48,0.4641851851851853,10.604,0.3694401994655675,0.4,0.6,0.5,198,216,207,10.72340079918039,15.34499016819547,1.430981687205827,,,
torus_minus1,RGA Fall 2018 torus-1,9,6,4,12,7,10.5,7.247592592592593,0.38,0.48,0.4641851851851853,10.604,0.3694401994655675,0.4,0.6,0.5,216,234,225,8.836903176487427,12.35205683397215,1.39778116691802,,,
torus_minus1,RGA Fall 2018 torus-1,9,6,4,13,7,10.5,7.247592592592593,0.38,0.48,0.4641851851851853,10.604,0.3694401994655675,0.4,0.6,0.5,234,252,243,3.003861194532254,5.700346166054906,1.897672960531898,,,
torus_minus1,RGA Fall 2018 torus-1,9,6,4,16,7,10.5,7.247592592592593,0.38,0.48,0.4641851851851853,10.604,0.3694401994655675,0.4,0.6,0.5,288,306,297,19.86040571776602,14.201993251139,0.7150907918479573,,,
torus_minus1,RGA Fall 2018 torus-1,9,6,4,17,7,10.5,7.247592592592593,0.38,0.48,0.4641851851851853,10.604,0.3694401994655675,0.4,0.6,0.5,306,324,315,19.5150559097976,20.87677746439333,1.069777999145371,,,
torus_minus1,RGA Fall 2018 torus-1,9,6,5,4,7,10.5,7.247592592592593,0.38,0.48,0.4641851851851853,10.604,0.3694401994655675,0.6,1,0.8,72,90,81,1.639757933304618,1.906837796743984,1.162877616271761,,,
torus_minus1,RGA Fall 2018 torus-1,9,6,5,6,7,10.5,7.247592592592593,0.38,0.48,0.4641851851851853,10.604,0.3694401994655675,0.6,1,0.8,108,126,117,1.468998857742658,1.593978300880711,1.08507797162627,,,
torus_minus1,RGA Fall 2018 torus-1,9,6,5,8,7,10.5,7.247592592592593,0.38,0.48,0.4641851851851853,10.604,0.3694401994655675,0.6,1,0.8,144,162,153,2.975214705562182,2.03308219425911,0.6833396562803518,,,
torus_minus1,RGA Fall 2018 torus-1,9,6,5,9,7,10.5,7.247592592592593,0.38,0.48,0.4641851851851853,10.604,0.3694401994655675,0.6,1,0.8,162,180,171,5.080949368733631,3.952138086072421,0.7778345736709136,,,
torus_minus1,RGA Fall 2018 torus-1,9,6,5,10,7,10.5,7.247592592592593,0.38,0.48,0.4641851851851853,10.604,0.3694401994655675,0.6,1,0.8,180,198,189,3.99502839715467,4.249975848806854,1.063816180088673,,,
torus_minus1,RGA Fall 2018 torus-1,9,6,5,14,7,10.5,7.247592592592593,0.38,0.48,0.4641851851851853,10.604,0.3694401994655675,0.6,1,0.8,252,270,261,11.93964182694616,9.213090442896508,0.7716387624043967,,,
torus_minus1,RGA Fall 2018 torus-1,9,6,5,15,7,10.5,7.247592592592593,0.38,0.48,0.4641851851851853,10.604,0.3694401994655675,0.6,1,0.8,270,288,279,3.206019231092539,4.641069345197625,1.447611199642135,,,
torus_minus1,RGA Fall 2018 torus-1,9,6,5,16,7,10.5,7.247592592592593,0.38,0.48,0.4641851851851853,10.604,0.3694401994655675,0.6,1,0.8,288,306,297,3.259606132986832,4.21417475215669,1.29284784118846,,,
torus_minus1,RGA Fall 2018 torus-1,9,6,6,3,7,10.5,7.247592592592593,0.38,0.48,0.4641851851851853,10.604,0.3694401994655675,1,1.5,1.25,54,72,63,4.565982515273359,6.763803777275429,1.481346841484891,,,
torus_minus1,RGA Fall 2018 torus-1,9,6,6,4,7,10.5,7.247592592592593,0.38,0.48,0.4641851851851853,10.604,0.3694401994655675,1,1.5,1.25,72,90,81,5.466838465836176,5.165273408238577,0.9448373937729888,,,
torus_minus1,RGA Fall 2018 torus-1,9,6,6,5,7,10.5,7.247592592592593,0.38,0.48,0.4641851851851853,10.604,0.3694401994655675,1,1.5,1.25,90,108,99,2.10817373259423,2.092556493047838,0.9925920528726189,,,
torus_minus1,RGA Fall 2018 torus-1,9,6,6,6,7,10.5,7.247592592592593,0.38,0.48,0.4641851851851853,10.604,0.3694401994655675,1,1.5,1.25,108,126,117,1.161722653025458,1.918545458701991,1.651465996385239,,,
torus_minus1,RGA Fall 2018 torus-1,9,6,6,7,7,10.5,7.247592592592593,0.38,0.48,0.4641851851851853,10.604,0.3694401994655675,1,1.5,1.25,126,144,135,2.741476787417093,2.972859963299609,1.084400924693043,,,
torus_minus1,RGA Fall 2018 torus-1,9,6,6,8,7,10.5,7.247592592592593,0.38,0.48,0.4641851851851853,10.604,0.3694401994655675,1,1.5,1.25,144,162,153,5.855250120870746,5.960319386052359,1.017944453782956,,,
torus_minus1,RGA Fall 2018 torus-1,9,6,6,9,7,10.5,7.247592592592593,0.38,0.48,0.4641851851851853,10.604,0.3694401994655675,1,1.5,1.25,162,180,171,1.512285970387494,2.368203700235936,1.565976109418729,,,
torus_minus1,RGA Fall 2018 torus-1,9,6,6,10,7,10.5,7.247592592592593,0.38,0.48,0.4641851851851853,10.604,0.3694401994655675,1,1.5,1.25,180,198,189,0.7990119999130104,0.9827810943652618,1.229995412424668,,,
torus_minus1,RGA Fall 2018 torus-1,9,6,6,11,7,10.5,7.247592592592593,0.38,0.48,0.4641851851851853,10.604,0.3694401994655675,1,1.5,1.25,198,216,207,5.03251762830936,5.997981704158005,1.19184514534388,,,
torus_minus1,RGA Fall 2018 torus-1,9,6,6,12,7,10.5,7.247592592592593,0.38,0.48,0.4641851851851853,10.604,0.3694401994655675,1,1.5,1.25,216,234,225,1.406580295457239,1.212845327587961,0.862265262427624,,,
torus_minus1,RGA Fall 2018 torus-1,9,6,6,13,7,10.5,7.247592592592593,0.38,0.48,0.4641851851851853,10.604,0.3694401994655675,1,1.5,1.25,234,252,243,3.363061879258993,4.56094393723771,1.356187932599876,,,
torus_minus1,RGA Fall 2018 torus-1,9,6,6,14,7,10.5,7.247592592592593,0.38,0.48,0.4641851851851853,10.604,0.3694401994655675,1,1.5,1.25,252,270,261,1.559637987046061,1.136768029997932,0.7288665956072021,,,
torus_minus1,RGA Fall 2018 torus-1,9,6,6,15,7,10.5,7.247592592592593,0.38,0.48,0.4641851851851853,10.604,0.3694401994655675,1,1.5,1.25,270,288,279,11.59784838181552,11.38154897520326,0.9813500401547407,,,
torus_minus1,RGA Fall 2018 torus-1,9,6,7,5,7,10.5,7.247592592592593,0.38,0.48,0.4641851851851853,10.604,0.3694401994655675,1.5,2,1.75,90,108,99,3.649490860389086,2.927710736541386,0.8022244330896205,,,
torus_minus1,RGA Fall 2018 torus-1,9,6,7,6,7,10.5,7.247592592592593,0.38,0.48,0.4641851851851853,10.604,0.3694401994655675,1.5,2,1.75,108,126,117,1.503226938019778,2.196277450431407,1.461041839314424,,,
torus_minus1,RGA Fall 2018 torus-1,9,6,7,8,7,10.5,7.247592592592593,0.38,0.48,0.4641851851851853,10.604,0.3694401994655675,1.5,2,1.75,144,162,153,4.489772465661101,3.450137800929095,0.7684437969444128,,,
torus_minus1,RGA Fall 2018 torus-1,9,6,7,9,7,10.5,7.247592592592593,0.38,0.48,0.4641851851851853,10.604,0.3694401994655675,1.5,2,1.75,162,180,171,0.7884234574540643,0.9192642202636495,1.165952397246131,,,
torus_minus1,RGA Fall 2018 torus-1,9,6,7,13,7,10.5,7.247592592592593,0.38,0.48,0.4641851851851853,10.604,0.3694401994655675,1.5,2,1.75,234,252,243,1.423891586613547,2.828190393510289,1.986239977888062,,,
torus_minus1,RGA Fall 2018 torus-1,9,6,7,14,7,10.5,7.247592592592593,0.38,0.48,0.4641851851851853,10.604,0.3694401994655675,1.5,2,1.75,252,270,261,2.247174012966419,3.298361700263367,1.467782059258202,,,
torus_minus1,RGA Fall 2018 torus-1,9,6,7,15,7,10.5,7.247592592592593,0.38,0.48,0.4641851851851853,10.604,0.3694401994655675,1.5,2,1.75,270,288,279,1.793510318287673,2.418777221283647,1.348627435605132,,,
torus_minus1,RGA Fall 2018 torus-1,9,7,4,1,7,10.5,7.668427446638372,0.48,0.58,0.5174494064095466,10.604,0.433388847965305,0.4,0.6,0.5,18,36,27,1.465827969567734,1.107505784498768,0.7555496330346095,,,
torus_minus1,RGA Fall 2018 torus-1,9,7,4,2,7,10.5,7.668427446638372,0.48,0.58,0.5174494064095466,10.604,0.433388847965305,0.4,0.6,0.5,36,54,45,3.936293319119231,2.326161579237737,0.5909522971622017,,,
torus_minus1,RGA Fall 2018 torus-1,9,7,4,3,7,10.5,7.668427446638372,0.48,0.58,0.5174494064095466,10.604,0.433388847965305,0.4,0.6,0.5,54,72,63,3.942960350540523,2.401650814298816,0.609098393284524,,,
torus_minus1,RGA Fall 2018 torus-1,9,7,4,4,7,10.5,7.668427446638372,0.48,0.58,0.5174494064095466,10.604,0.433388847965305,0.4,0.6,0.5,72,90,81,1.964341541481035,1.598026281620326,0.8135175313838133,,,
torus_minus1,RGA Fall 2018 torus-1,9,7,4,5,7,10.5,7.668427446638372,0.48,0.58,0.5174494064095466,10.604,0.433388847965305,0.4,0.6,0.5,90,108,99,2.53178708857433,2.299265375988041,0.9081590574358983,,,
torus_minus1,RGA Fall 2018 torus-1,9,7,4,6,7,10.5,7.668427446638372,0.48,0.58,0.5174494064095466,10.604,0.433388847965305,0.4,0.6,0.5,108,126,117,2.39924460503427,2.101346287535491,0.8758366208790438,,,
torus_minus1,RGA Fall 2018 torus-1,9,7,4,7,7,10.5,7.668427446638372,0.48,0.58,0.5174494064095466,10.604,0.433388847965305,0.4,0.6,0.5,126,144,135,5.282085787971631,3.936209319910052,0.7451998089227536,,,
torus_minus1,RGA Fall 2018 torus-1,9,7,4,12,7,10.5,7.668427446638372,0.48,0.58,0.5174494064095466,10.604,0.433388847965305,0.4,0.6,0.5,216,234,225,3.841230337060993,3.304080790809483,0.8601621097623386,,,
torus_minus1,RGA Fall 2018 torus-1,9,7,4,13,7,10.5,7.668427446638372,0.48,0.58,0.5174494064095466,10.604,0.433388847965305,0.4,0.6,0.5,234,252,243,3.213449933920119,4.243014076207102,1.320392152813474,,,
torus_minus1,RGA Fall 2018 torus-1,9,7,4,14,7,10.5,7.668427446638372,0.48,0.58,0.5174494064095466,10.604,0.433388847965305,0.4,0.6,0.5,252,270,261,6.162506761563691,3.880063579905941,0.6296242308578667,,,
torus_minus1,RGA Fall 2018 torus-1,9,7,4,15,7,10.5,7.668427446638372,0.48,0.58,0.5174494064095466,10.604,0.433388847965305,0.4,0.6,0.5,270,288,279,1.466346975478371,1.212696576470241,0.8270188412088613,,,
torus_minus1,RGA Fall 2018 torus-1,9,7,4,16,7,10.5,7.668427446638372,0.48,0.58,0.5174494064095466,10.604,0.433388847965305,0.4,0.6,0.5,288,306,297,1.189147435535849,1.408597910262185,1.184544378744296,,,
torus_minus1,RGA Fall 2018 torus-1,9,7,4,17,7,10.5,7.668427446638372,0.48,0.58,0.5174494064095466,10.604,0.433388847965305,0.4,0.6,0.5,306,324,315,2.813791508664645,2.349723799063129,0.8350738822785947,,,
torus_minus1,RGA Fall 2018 torus-1,9,7,4,19,7,10.5,7.668427446638372,0.48,0.58,0.5174494064095466,10.604,0.433388847965305,0.4,0.6,0.5,342,360,351,1.450062282422122,1.768306821875983,1.219469565763947,,,
torus_minus1,RGA Fall 2018 torus-1,9,7,5,0,7,10.5,7.8475324097257,0.48,0.58,0.5383191453847437,10.604,0.451836836700708,0.6,1,0.8,0,18,9,3.639928665784042,1.368652655763928,0.3760108456601087,,,
torus_minus1,RGA Fall 2018 torus-1,9,7,5,1,7,10.5,7.8475324097257,0.48,0.58,0.5383191453847437,10.604,0.451836836700708,0.6,1,0.8,18,36,27,3.578816801220565,1.208267047727053,0.3376163449648975,,,
torus_minus1,RGA Fall 2018 torus-1,9,7,5,2,7,10.5,7.8475324097257,0.48,0.58,0.5383191453847437,10.604,0.451836836700708,0.6,1,0.8,36,54,45,2.406352298136754,0.8548439511262588,0.3552447211441846,,,
torus_minus1,RGA Fall 2018 torus-1,9,7,5,3,7,10.5,7.8475324097257,0.48,0.58,0.5383191453847437,10.604,0.451836836700708,0.6,1,0.8,54,72,63,3.671673451972208,0.9799226693679457,0.2668872061162162,,,
torus_minus1,RGA Fall 2018 torus-1,9,7,5,4,7,10.5,7.8475324097257,0.48,0.58,0.5383191453847437,10.604,0.451836836700708,0.6,1,0.8,72,90,81,3.499617160050938,0.90249973050911,0.2578852740840869,,,
torus_minus1,RGA Fall 2018 torus-1,9,7,5,5,7,10.5,7.8475324097257,0.48,0.58,0.5383191453847437,10.604,0.451836836700708,0.6,1,0.8,90,108,99,2.936237694335558,0.7437879244315808,0.2533132538508238,,,
torus_minus1,RGA Fall 2018 torus-1,9,7,5,6,7,10.5,7.8475324097257,0.48,0.58,0.5383191453847437,10.604,0.451836836700708,0.6,1,0.8,108,126,117,2.891617745449505,0.7617540184289828,0.2634352412685748,,,
torus_minus1,RGA Fall 2018 torus-1,9,7,5,7,7,10.5,7.8475324097257,0.48,0.58,0.5383191453847437,10.604,0.451836836700708,0.6,1,0.8,126,144,135,1.476490302893539,0.5787583276107348,0.3919824779590616,,,
torus_minus1,RGA Fall 2018 torus-1,9,7,5,8,7,10.5,7.8475324097257,0.48,0.58,0.5383191453847437,10.604,0.451836836700708,0.6,1,0.8,144,162,153,2.431384825943694,0.7717114266588272,0.3173958389574561,,,
torus_minus1,RGA Fall 2018 torus-1,9,7,5,9,7,10.5,7.8475324097257,0.48,0.58,0.5383191453847437,10.604,0.451836836700708,0.6,1,0.8,162,180,171,2.361118044494922,0.9411388178008561,0.3985987994099548,,,
torus_minus1,RGA Fall 2018 torus-1,9,7,5,10,7,10.5,7.8475324097257,0.48,0.58,0.5383191453847437,10.604,0.451836836700708,0.6,1,0.8,180,198,189,2.70983809732666,0.9803965404356156,0.3617915555186885,,,
torus_minus1,RGA Fall 2018 torus-1,9,7,5,11,7,10.5,7.8475324097257,0.48,0.58,0.5383191453847437,10.604,0.451836836700708,0.6,1,0.8,198,216,207,2.094455440143571,0.8870524167619186,0.4235241293560835,,,
torus_minus1,RGA Fall 2018 torus-1,9,7,5,12,7,10.5,7.8475324097257,0.48,0.58,0.5383191453847437,10.604,0.451836836700708,0.6,1,0.8,216,234,225,2.840741423667299,0.9345215206301496,0.3289709907576575,,,
torus_minus1,RGA Fall 2018 torus-1,9,7,5,13,7,10.5,7.8475324097257,0.48,0.58,0.5383191453847437,10.604,0.451836836700708,0.6,1,0.8,234,252,243,2.978289802594408,0.9687869833836809,0.3252829803667071,,,
torus_minus1,RGA Fall 2018 torus-1,9,7,5,14,7,10.5,7.8475324097257,0.48,0.58,0.5383191453847437,10.604,0.451836836700708,0.6,1,0.8,252,270,261,4.03479218506688,1.158438643848184,0.2871123445057882,,,
torus_minus1,RGA Fall 2018 torus-1,9,7,5,15,7,10.5,7.8475324097257,0.48,0.58,0.5383191453847437,10.604,0.451836836700708,0.6,1,0.8,270,288,279,2.087137017191699,0.7828759140371753,0.3750956010978889,,,
torus_minus1,RGA Fall 2018 torus-1,9,7,5,16,7,10.5,7.8475324097257,0.48,0.58,0.5383191453847437,10.604,0.451836836700708,0.6,1,0.8,288,306,297,2.391819222850637,0.9986618107864887,0.4175323123276246,,,
torus_minus1,RGA Fall 2018 torus-1,9,7,5,17,7,10.5,7.8475324097257,0.48,0.58,0.5383191453847437,10.604,0.451836836700708,0.6,1,0.8,306,324,315,2.887356435892329,1.193158474869227,0.4132356019635259,,,
torus_minus1,RGA Fall 2018 torus-1,9,7,5,18,7,10.5,7.8475324097257,0.48,0.58,0.5383191453847437,10.604,0.451836836700708,0.6,1,0.8,324,342,333,4.552196200473423,1.657380927067045,0.3640838079199396,,,
torus_minus1,RGA Fall 2018 torus-1,9,7,5,19,7,10.5,7.8475324097257,0.48,0.58,0.5383191453847437,10.604,0.451836836700708,0.6,1,0.8,342,360,351,2.454432812919941,1.425106061378598,0.5806254112465216,,,
torus_minus1,RGA Fall 2018 torus-1,9,7,6,0,7,10.5,7.850912106135986,0.48,0.58,0.5385655058043117,10.604,0.451848511141537,1,1.5,1.25,0,18,9,1.169981913199623,1.119854418970716,0.957155325511127,,,
torus_minus1,RGA Fall 2018 torus-1,9,7,6,1,7,10.5,7.850912106135986,0.48,0.58,0.5385655058043117,10.604,0.451848511141537,1,1.5,1.25,18,36,27,0.1908075710089703,0.5738358730189619,3.007406205029382,,,
torus_minus1,RGA Fall 2018 torus-1,9,7,6,2,7,10.5,7.850912106135986,0.48,0.58,0.5385655058043117,10.604,0.451848511141537,1,1.5,1.25,36,54,45,1.840307207085419,0.8036507416271155,0.4366937968470464,,,
torus_minus1,RGA Fall 2018 torus-1,9,7,6,3,7,10.5,7.850912106135986,0.48,0.58,0.5385655058043117,10.604,0.451848511141537,1,1.5,1.25,54,72,63,1.316200043605918,0.6609712364784718,0.5021814424710447,,,
torus_minus1,RGA Fall 2018 torus-1,9,7,6,4,7,10.5,7.850912106135986,0.48,0.58,0.5385655058043117,10.604,0.451848511141537,1,1.5,1.25,72,90,81,1.513632934206974,0.6279101781878081,0.4148364930476253,,,
torus_minus1,RGA Fall 2018 torus-1,9,7,6,5,7,10.5,7.850912106135986,0.48,0.58,0.5385655058043117,10.604,0.451848511141537,1,1.5,1.25,90,108,99,2.544472936023471,0.6373882128307912,0.2504991127266255,,,
torus_minus1,RGA Fall 2018 torus-1,9,7,6,6,7,10.5,7.850912106135986,0.48,0.58,0.5385655058043117,10.604,0.451848511141537,1,1.5,1.25,108,126,117,2.600011478296552,0.6152255810865689,0.2366241788631048,,,
torus_minus1,RGA Fall 2018 torus-1,9,7,6,7,7,10.5,7.850912106135986,0.48,0.58,0.5385655058043117,10.604,0.451848511141537,1,1.5,1.25,126,144,135,3.382737884386556,0.9078548908697095,0.2683787280888731,,,
torus_minus1,RGA Fall 2018 torus-1,9,7,6,8,7,10.5,7.850912106135986,0.48,0.58,0.5385655058043117,10.604,0.451848511141537,1,1.5,1.25,144,162,153,2.589770078119547,0.7899386088907813,0.3050226796443498,,,
torus_minus1,RGA Fall 2018 torus-1,9,7,6,9,7,10.5,7.850912106135986,0.48,0.58,0.5385655058043117,10.604,0.451848511141537,1,1.5,1.25,162,180,171,1.767316131234875,0.555613963144555,0.3143828958072891,,,
torus_minus1,RGA Fall 2018 torus-1,9,7,6,10,7,10.5,7.850912106135986,0.48,0.58,0.5385655058043117,10.604,0.451848511141537,1,1.5,1.25,180,198,189,0.7170147994951395,0.3353605967008646,0.4677178168944307,,,
torus_minus1,RGA Fall 2018 torus-1,9,7,6,11,7,10.5,7.850912106135986,0.48,0.58,0.5385655058043117,10.604,0.451848511141537,1,1.5,1.25,198,216,207,1.454354417636474,0.5831100807740992,0.4009408392499905,,,
torus_minus1,RGA Fall 2018 torus-1,9,7,6,12,7,10.5,7.850912106135986,0.48,0.58,0.5385655058043117,10.604,0.451848511141537,1,1.5,1.25,216,234,225,2.32379667217038,0.7330092596594387,0.3154360570517655,,,
torus_minus1,RGA Fall 2018 torus-1,9,7,6,13,7,10.5,7.850912106135986,0.48,0.58,0.5385655058043117,10.604,0.451848511141537,1,1.5,1.25,234,252,243,2.228506658817155,0.6318645178527175,0.283537190859505,,,
torus_minus1,RGA Fall 2018 torus-1,9,7,6,14,7,10.5,7.850912106135986,0.48,0.58,0.5385655058043117,10.604,0.451848511141537,1,1.5,1.25,252,270,261,1.365373955666701,0.5421487841248952,0.3970698151043669,,,
torus_minus1,RGA Fall 2018 torus-1,9,7,6,15,7,10.5,7.850912106135986,0.48,0.58,0.5385655058043117,10.604,0.451848511141537,1,1.5,1.25,270,288,279,3.717850860090731,1.069610124026176,0.2876958125211276,,,
torus_minus1,RGA Fall 2018 torus-1,9,7,6,16,7,10.5,7.850912106135986,0.48,0.58,0.5385655058043117,10.604,0.451848511141537,1,1.5,1.25,288,306,297,2.042217462392663,0.6990224101743376,0.342285982294639,,,
torus_minus1,RGA Fall 2018 torus-1,9,7,6,17,7,10.5,7.850912106135986,0.48,0.58,0.5385655058043117,10.604,0.451848511141537,1,1.5,1.25,306,324,315,2.234295351880714,1.427413466231248,0.6388651639228113,,,
torus_minus1,RGA Fall 2018 torus-1,9,7,6,18,7,10.5,7.850912106135986,0.48,0.58,0.5385655058043117,10.604,0.451848511141537,1,1.5,1.25,324,342,333,1.590312939655777,1.561665302019631,0.9819861632752945,,,
torus_minus1,RGA Fall 2018 torus-1,9,7,6,19,7,10.5,7.850912106135986,0.48,0.58,0.5385655058043117,10.604,0.451848511141537,1,1.5,1.25,342,360,351,2.81417279284552,1.71035214173443,0.6077637258389617,,,
torus_minus1,RGA Fall 2018 torus-1,9,7,7,2,7,10.5,7.850912106135986,0.48,0.58,0.5385655058043117,10.604,0.451848511141537,1.5,2,1.75,36,54,45,1.538923690469083,1.198754913826022,0.7789566963262662,,,
torus_minus1,RGA Fall 2018 torus-1,9,7,7,3,7,10.5,7.850912106135986,0.48,0.58,0.5385655058043117,10.604,0.451848511141537,1.5,2,1.75,54,72,63,0.8195304501432091,0.5440727911730646,0.6638835580520411,,,
torus_minus1,RGA Fall 2018 torus-1,9,7,7,4,7,10.5,7.850912106135986,0.48,0.58,0.5385655058043117,10.604,0.451848511141537,1.5,2,1.75,72,90,81,1.609501081541218,0.6794277922531249,0.4221356543622337,,,
torus_minus1,RGA Fall 2018 torus-1,9,7,7,5,7,10.5,7.850912106135986,0.48,0.58,0.5385655058043117,10.604,0.451848511141537,1.5,2,1.75,90,108,99,1.203084810722385,0.4198613382986326,0.3489873154050788,,,
torus_minus1,RGA Fall 2018 torus-1,9,7,7,6,7,10.5,7.850912106135986,0.48,0.58,0.5385655058043117,10.604,0.451848511141537,1.5,2,1.75,108,126,117,2.33573610425693,0.7709844370605887,0.3300819967013623,,,
torus_minus1,RGA Fall 2018 torus-1,9,7,7,7,7,10.5,7.850912106135986,0.48,0.58,0.5385655058043117,10.604,0.451848511141537,1.5,2,1.75,126,144,135,2.691735111125512,0.8649232849370219,0.3213255573931144,,,
torus_minus1,RGA Fall 2018 torus-1,9,7,7,8,7,10.5,7.850912106135986,0.48,0.58,0.5385655058043117,10.604,0.451848511141537,1.5,2,1.75,144,162,153,1.058190459932623,0.4244022847610845,0.4010641759028022,,,
torus_minus1,RGA Fall 2018 torus-1,9,7,7,9,7,10.5,7.850912106135986,0.48,0.58,0.5385655058043117,10.604,0.451848511141537,1.5,2,1.75,162,180,171,0.747274683425326,0.4697041771388621,0.6285562558948899,,,
torus_minus1,RGA Fall 2018 torus-1,9,7,7,10,7,10.5,7.850912106135986,0.48,0.58,0.5385655058043117,10.604,0.451848511141537,1.5,2,1.75,180,198,189,1.876174743335637,0.7137402110517118,0.3804230994937916,,,
torus_minus1,RGA Fall 2018 torus-1,9,7,7,11,7,10.5,7.850912106135986,0.48,0.58,0.5385655058043117,10.604,0.451848511141537,1.5,2,1.75,198,216,207,0.3013494821975914,0.1829297383270853,0.6070351838439209,,,
torus_minus1,RGA Fall 2018 torus-1,9,7,7,12,7,10.5,7.850912106135986,0.48,0.58,0.5385655058043117,10.604,0.451848511141537,1.5,2,1.75,216,234,225,2.053149838710955,0.7543131229951361,0.3673931189886863,,,
torus_minus1,RGA Fall 2018 torus-1,9,7,7,13,7,10.5,7.850912106135986,0.48,0.58,0.5385655058043117,10.604,0.451848511141537,1.5,2,1.75,234,252,243,1.27049442821322,0.3964905877925225,0.3120758178767721,,,
torus_minus1,RGA Fall 2018 torus-1,9,7,7,14,7,10.5,7.850912106135986,0.48,0.58,0.5385655058043117,10.604,0.451848511141537,1.5,2,1.75,252,270,261,1.43492421085121,0.6681649952321845,0.4656447986446774,,,
torus_minus1,RGA Fall 2018 torus-1,9,7,7,15,7,10.5,7.850912106135986,0.48,0.58,0.5385655058043117,10.604,0.451848511141537,1.5,2,1.75,270,288,279,2.652246593017034,0.8332256995663572,0.3141584578749634,,,
torus_minus1,RGA Fall 2018 torus-1,9,7,7,16,7,10.5,7.850912106135986,0.48,0.58,0.5385655058043117,10.604,0.451848511141537,1.5,2,1.75,288,306,297,1.038628048952348,0.4547756065775432,0.4378618573186717,,,
torus_minus1,RGA Fall 2018 torus-1,9,7,7,17,7,10.5,7.850912106135986,0.48,0.58,0.5385655058043117,10.604,0.451848511141537,1.5,2,1.75,306,324,315,0.8890921749651496,0.5800178351873605,0.6523708694321777,,,
torus_minus1,RGA Fall 2018 torus-1,9,8,6,0,7,10.5,8.588519706691109,0.58,0.7,0.640760246169962,10.604,0.5369229159501802,1,1.5,1.25,0,18,9,2.004443145589616,0.5072649205505485,0.2530702463009167,,,
torus_minus1,RGA Fall 2018 torus-1,9,8,6,1,7,10.5,8.588519706691109,0.58,0.7,0.640760246169962,10.604,0.5369229159501802,1,1.5,1.25,18,36,27,2.984250649542024,0.5430014810814736,0.1819557218375089,,,
torus_minus1,RGA Fall 2018 torus-1,9,8,6,2,7,10.5,8.588519706691109,0.58,0.7,0.640760246169962,10.604,0.5369229159501802,1,1.5,1.25,36,54,45,2.025774508247142,0.3966290068635053,0.1957912913055163,,,
torus_minus1,RGA Fall 2018 torus-1,9,8,6,3,7,10.5,8.588519706691109,0.58,0.7,0.640760246169962,10.604,0.5369229159501802,1,1.5,1.25,54,72,63,3.901058160311341,0.663822065336072,0.1701646163827234,,,
torus_minus1,RGA Fall 2018 torus-1,9,8,6,4,7,10.5,8.588519706691109,0.58,0.7,0.640760246169962,10.604,0.5369229159501802,1,1.5,1.25,72,90,81,3.159249797214828,0.5388033370104717,0.170547874209085,,,
torus_minus1,RGA Fall 2018 torus-1,9,8,6,5,7,10.5,8.588519706691109,0.58,0.7,0.640760246169962,10.604,0.5369229159501802,1,1.5,1.25,90,108,99,3.302843327251846,0.5742836675215079,0.1738755401393334,,,
torus_minus1,RGA Fall 2018 torus-1,9,8,6,6,7,10.5,8.588519706691109,0.58,0.7,0.640760246169962,10.604,0.5369229159501802,1,1.5,1.25,108,126,117,3.897286291132704,0.614062542621001,0.1575615689353246,,,
torus_minus1,RGA Fall 2018 torus-1,9,8,6,7,7,10.5,8.588519706691109,0.58,0.7,0.640760246169962,10.604,0.5369229159501802,1,1.5,1.25,126,144,135,3.14802040819037,0.5972150401012232,0.1897112987410811,,,
torus_minus1,RGA Fall 2018 torus-1,9,8,6,8,7,10.5,8.588519706691109,0.58,0.7,0.640760246169962,10.604,0.5369229159501802,1,1.5,1.25,144,162,153,2.424753461533224,0.6375392886672805,0.2629295302723893,,,
torus_minus1,RGA Fall 2018 torus-1,9,8,6,9,7,10.5,8.588519706691109,0.58,0.7,0.640760246169962,10.604,0.5369229159501802,1,1.5,1.25,162,180,171,3.371354107876357,1.279523074751004,0.3795279385697593,,,
torus_minus1,RGA Fall 2018 torus-1,9,8,6,10,7,10.5,8.588519706691109,0.58,0.7,0.640760246169962,10.604,0.5369229159501802,1,1.5,1.25,180,198,189,4.625078757565076,1.523210806293984,0.3293372688632648,,,
torus_minus1,RGA Fall 2018 torus-1,9,8,6,11,7,10.5,8.588519706691109,0.58,0.7,0.640760246169962,10.604,0.5369229159501802,1,1.5,1.25,198,216,207,2.995581197147762,0.7285845430396729,0.243219761071205,,,
torus_minus1,RGA Fall 2018 torus-1,9,8,6,12,7,10.5,8.588519706691109,0.58,0.7,0.640760246169962,10.604,0.5369229159501802,1,1.5,1.25,216,234,225,3.332626690066292,0.7611495688065792,0.2283932884158227,,,
torus_minus1,RGA Fall 2018 torus-1,9,8,6,13,7,10.5,8.588519706691109,0.58,0.7,0.640760246169962,10.604,0.5369229159501802,1,1.5,1.25,234,252,243,4.040337929915514,0.80677585117682,0.199680290404246,,,
torus_minus1,RGA Fall 2018 torus-1,9,8,6,14,7,10.5,8.588519706691109,0.58,0.7,0.640760246169962,10.604,0.5369229159501802,1,1.5,1.25,252,270,261,3.312200891755346,0.718315971408354,0.2168696872210769,,,
torus_minus1,RGA Fall 2018 torus-1,9,8,6,15,7,10.5,8.588519706691109,0.58,0.7,0.640760246169962,10.604,0.5369229159501802,1,1.5,1.25,270,288,279,3.858107532856483,0.8584576095153809,0.2225074345918482,,,
torus_minus1,RGA Fall 2018 torus-1,9,8,6,16,7,10.5,8.588519706691109,0.58,0.7,0.640760246169962,10.604,0.5369229159501802,1,1.5,1.25,288,306,297,3.603644096888101,0.7038370347563315,0.1953125824395713,,,
torus_minus1,RGA Fall 2018 torus-1,9,8,6,17,7,10.5,8.588519706691109,0.58,0.7,0.640760246169962,10.604,0.5369229159501802,1,1.5,1.25,306,324,315,4.825979175271767,0.9059579201815501,0.1877252029647501,,,
torus_minus1,RGA Fall 2018 torus-1,9,8,6,18,7,10.5,8.588519706691109,0.58,0.7,0.640760246169962,10.604,0.5369229159501802,1,1.5,1.25,324,342,333,2.323431037609816,0.6032582533531171,0.2596411271038658,,,
torus_minus1,RGA Fall 2018 torus-1,9,8,6,19,7,10.5,8.588519706691109,0.58,0.7,0.640760246169962,10.604,0.5369229159501802,1,1.5,1.25,342,360,351,3.897772197432811,0.7920965798326949,0.2032177715143008,,,
torus_minus1,RGA Fall 2018 torus-1,9,8,7,0,7,10.5,8.612068965517242,0.58,0.7,0.6435960591133005,10.604,0.5384076743758021,1.5,2,1.75,0,18,9,2.000805754370111,0.7047162875290289,0.3522162438756511,,,
torus_minus1,RGA Fall 2018 torus-1,9,8,7,1,7,10.5,8.612068965517242,0.58,0.7,0.6435960591133005,10.604,0.5384076743758021,1.5,2,1.75,18,36,27,1.869257628562352,0.4643459820620955,0.2484119764803231,,,
torus_minus1,RGA Fall 2018 torus-1,9,8,7,2,7,10.5,8.612068965517242,0.58,0.7,0.6435960591133005,10.604,0.5384076743758021,1.5,2,1.75,36,54,45,2.165236654908088,0.4549208098374256,0.2101021192331221,,,
torus_minus1,RGA Fall 2018 torus-1,9,8,7,3,7,10.5,8.612068965517242,0.58,0.7,0.6435960591133005,10.604,0.5384076743758021,1.5,2,1.75,54,72,63,3.191218558779371,0.571749675540635,0.179163433970291,,,
torus_minus1,RGA Fall 2018 torus-1,9,8,7,4,7,10.5,8.612068965517242,0.58,0.7,0.6435960591133005,10.604,0.5384076743758021,1.5,2,1.75,72,90,81,2.304565376564726,0.4558129573744371,0.1977869502031179,,,
torus_minus1,RGA Fall 2018 torus-1,9,8,7,5,7,10.5,8.612068965517242,0.58,0.7,0.6435960591133005,10.604,0.5384076743758021,1.5,2,1.75,90,108,99,2.983317347399041,0.5325479658416763,0.1785086545707147,,,
torus_minus1,RGA Fall 2018 torus-1,9,8,7,6,7,10.5,8.612068965517242,0.58,0.7,0.6435960591133005,10.604,0.5384076743758021,1.5,2,1.75,108,126,117,3.319400100148873,0.5529426882277172,0.1665791021103235,,,
torus_minus1,RGA Fall 2018 torus-1,9,8,7,7,7,10.5,8.612068965517242,0.58,0.7,0.6435960591133005,10.604,0.5384076743758021,1.5,2,1.75,126,144,135,3.301665399858517,0.6231230760561132,0.1887299288664488,,,
torus_minus1,RGA Fall 2018 torus-1,9,8,7,8,7,10.5,8.612068965517242,0.58,0.7,0.6435960591133005,10.604,0.5384076743758021,1.5,2,1.75,144,162,153,2.198560537570952,0.5472905407552221,0.2489313036428318,,,
torus_minus1,RGA Fall 2018 torus-1,9,8,7,9,7,10.5,8.612068965517242,0.58,0.7,0.6435960591133005,10.604,0.5384076743758021,1.5,2,1.75,162,180,171,2.423104883069047,0.9738479567407877,0.4019008684045633,,,
torus_minus1,RGA Fall 2018 torus-1,9,8,7,10,7,10.5,8.612068965517242,0.58,0.7,0.6435960591133005,10.604,0.5384076743758021,1.5,2,1.75,180,198,189,0.9194136346808975,0.5579689353553725,0.6068747670345652,,,
torus_minus1,RGA Fall 2018 torus-1,9,8,7,11,7,10.5,8.612068965517242,0.58,0.7,0.6435960591133005,10.604,0.5384076743758021,1.5,2,1.75,198,216,207,1.572651481061927,0.4511824443189591,0.2868928365579766,,,
torus_minus1,RGA Fall 2018 torus-1,9,8,7,12,7,10.5,8.612068965517242,0.58,0.7,0.6435960591133005,10.604,0.5384076743758021,1.5,2,1.75,216,234,225,2.450431272732346,0.6309966393968974,0.2575043203286034,,,
torus_minus1,RGA Fall 2018 torus-1,9,8,7,13,7,10.5,8.612068965517242,0.58,0.7,0.6435960591133005,10.604,0.5384076743758021,1.5,2,1.75,234,252,243,2.084672796844668,0.4497943301734285,0.2157625555695027,,,
torus_minus1,RGA Fall 2018 torus-1,9,8,7,14,7,10.5,8.612068965517242,0.58,0.7,0.6435960591133005,10.604,0.5384076743758021,1.5,2,1.75,252,270,261,1.829571460631481,0.4470080164085185,0.2443238900623387,,,
torus_minus1,RGA Fall 2018 torus-1,9,8,7,15,7,10.5,8.612068965517242,0.58,0.7,0.6435960591133005,10.604,0.5384076743758021,1.5,2,1.75,270,288,279,2.369822525223458,0.5733218688240324,0.2419260778905678,,,
torus_minus1,RGA Fall 2018 torus-1,9,8,7,16,7,10.5,8.612068965517242,0.58,0.7,0.6435960591133005,10.604,0.5384076743758021,1.5,2,1.75,288,306,297,2.668969810481991,0.6601774872593972,0.2473529242131725,,,
torus_minus1,RGA Fall 2018 torus-1,9,8,7,17,7,10.5,8.612068965517242,0.58,0.7,0.6435960591133005,10.604,0.5384076743758021,1.5,2,1.75,306,324,315,3.071353963207652,0.707190107683525,0.2302535351363253,,,
torus_minus1,RGA Fall 2018 torus-1,9,8,7,18,7,10.5,8.612068965517242,0.58,0.7,0.6435960591133005,10.604,0.5384076743758021,1.5,2,1.75,324,342,333,1.741973143412487,0.5414263139944178,0.3108120903252133,,,
torus_minus1,RGA Fall 2018 torus-1,9,8,7,19,7,10.5,8.612068965517242,0.58,0.7,0.6435960591133005,10.604,0.5384076743758021,1.5,2,1.75,342,360,351,2.10883200795084,0.631352395169407,0.2993848693442843,,,
