campaign_key,campaign_label,iq2,ixb,it,iphi,Q2_low_GeV2,Q2_high_GeV2,Q2_flux_coordinate_GeV2,xB_low,xB_high,xB_flux_coordinate,beam_energy_GeV,virtual_photon_epsilon,minus_t_low_GeV2,minus_t_high_GeV2,minus_t_center_GeV2,phi_low_deg,phi_high_deg,phi_center_deg,reduced_cross_section_nb_per_GeV2_rad,propagated_statistical_and_finite_MC_uncertainty_nb_per_GeV2_rad,relative_uncertainty,combination_contributor_count,torus_plus1_BLUE_weight,torus_minus1_BLUE_weight
torus_plus1,RGA Fall 2018 torus+1,0,0,0,0,1,1.5,1.192977067977068,0.05,0.1,0.08692260442260442,10.604,0.5585262308647171,0.09,0.15,0.12,0,18,9,14.26081982052684,4.792452964924369,0.3360573252616357,,,
torus_plus1,RGA Fall 2018 torus+1,0,0,0,1,1,1.5,1.192977067977068,0.05,0.1,0.08692260442260442,10.604,0.5585262308647171,0.09,0.15,0.12,18,36,27,22.59348969664577,5.412356359271786,0.2395538020881877,,,
torus_plus1,RGA Fall 2018 torus+1,0,0,0,2,1,1.5,1.192977067977068,0.05,0.1,0.08692260442260442,10.604,0.5585262308647171,0.09,0.15,0.12,36,54,45,19.64442085929211,3.941875232440557,0.2006613104389886,,,
torus_plus1,RGA Fall 2018 torus+1,0,0,0,3,1,1.5,1.192977067977068,0.05,0.1,0.08692260442260442,10.604,0.5585262308647171,0.09,0.15,0.12,54,72,63,35.49456552581872,7.141866711770493,0.2012101460032101,,,
torus_plus1,RGA Fall 2018 torus+1,0,0,0,4,1,1.5,1.192977067977068,0.05,0.1,0.08692260442260442,10.604,0.5585262308647171,0.09,0.15,0.12,72,90,81,37.15309113674935,8.06295853248821,0.2170198571852578,,,
torus_plus1,RGA Fall 2018 torus+1,0,0,0,5,1,1.5,1.192977067977068,0.05,0.1,0.08692260442260442,10.604,0.5585262308647171,0.09,0.15,0.12,90,108,99,28.95005213956779,10.63385364589735,0.3673172536834026,,,
torus_plus1,RGA Fall 2018 torus+1,0,0,0,6,1,1.5,1.192977067977068,0.05,0.1,0.08692260442260442,10.604,0.5585262308647171,0.09,0.15,0.12,108,126,117,31.82787424464308,11.86628361217354,0.3728267719346899,,,
torus_plus1,RGA Fall 2018 torus+1,0,0,0,7,1,1.5,1.192977067977068,0.05,0.1,0.08692260442260442,10.604,0.5585262308647171,0.09,0.15,0.12,126,144,135,21.86722119119302,5.873996551398954,0.268621079013217,,,
torus_plus1,RGA Fall 2018 torus+1,0,0,0,8,1,1.5,1.192977067977068,0.05,0.1,0.08692260442260442,10.604,0.5585262308647171,0.09,0.15,0.12,144,162,153,16.41211690167943,4.457332840604745,0.2715879290470221,,,
torus_plus1,RGA Fall 2018 torus+1,0,0,0,9,1,1.5,1.192977067977068,0.05,0.1,0.08692260442260442,10.604,0.5585262308647171,0.09,0.15,0.12,162,180,171,5.563332408327369,2.691575270510644,0.4838063004255885,,,
torus_plus1,RGA Fall 2018 torus+1,0,0,0,10,1,1.5,1.192977067977068,0.05,0.1,0.08692260442260442,10.604,0.5585262308647171,0.09,0.15,0.12,180,198,189,4.167012539206726,3.006234853662797,0.7214364788628866,,,
torus_plus1,RGA Fall 2018 torus+1,0,0,0,11,1,1.5,1.192977067977068,0.05,0.1,0.08692260442260442,10.604,0.5585262308647171,0.09,0.15,0.12,198,216,207,14.89688983019894,8.017954426756271,0.538230094882107,,,
torus_plus1,RGA Fall 2018 torus+1,0,0,0,15,1,1.5,1.192977067977068,0.05,0.1,0.08692260442260442,10.604,0.5585262308647171,0.09,0.15,0.12,270,288,279,32.95873347326206,7.503066090842162,0.227650316021065,,,
torus_plus1,RGA Fall 2018 torus+1,0,0,0,16,1,1.5,1.192977067977068,0.05,0.1,0.08692260442260442,10.604,0.5585262308647171,0.09,0.15,0.12,288,306,297,42.69356726239882,7.742135065047713,0.1813419576177319,,,
torus_plus1,RGA Fall 2018 torus+1,0,0,0,17,1,1.5,1.192977067977068,0.05,0.1,0.08692260442260442,10.604,0.5585262308647171,0.09,0.15,0.12,306,324,315,30.84646542652876,4.764933846811802,0.1544726042651822,,,
torus_plus1,RGA Fall 2018 torus+1,0,0,0,18,1,1.5,1.192977067977068,0.05,0.1,0.08692260442260442,10.604,0.5585262308647171,0.09,0.15,0.12,324,342,333,21.76911940714645,4.16700407817469,0.1914181276807518,,,
torus_plus1,RGA Fall 2018 torus+1,0,0,0,19,1,1.5,1.192977067977068,0.05,0.1,0.08692260442260442,10.604,0.5585262308647171,0.09,0.15,0.12,342,360,351,16.75877690665634,4.515596548768623,0.2694466651068728,,,
torus_plus1,RGA Fall 2018 torus+1,0,0,1,0,1,1.5,1.192977067977068,0.05,0.1,0.08692260442260442,10.604,0.5585262308647171,0.15,0.2,0.175,0,18,9,7.369036315085236,3.839036236290822,0.5209685598145158,,,
torus_plus1,RGA Fall 2018 torus+1,0,0,1,1,1,1.5,1.192977067977068,0.05,0.1,0.08692260442260442,10.604,0.5585262308647171,0.15,0.2,0.175,18,36,27,20.75870851502316,3.822708647244579,0.1841496374631433,,,
torus_plus1,RGA Fall 2018 torus+1,0,0,1,2,1,1.5,1.192977067977068,0.05,0.1,0.08692260442260442,10.604,0.5585262308647171,0.15,0.2,0.175,36,54,45,19.95741248903184,3.335472674746481,0.1671295152404944,,,
torus_plus1,RGA Fall 2018 torus+1,0,0,1,3,1,1.5,1.192977067977068,0.05,0.1,0.08692260442260442,10.604,0.5585262308647171,0.15,0.2,0.175,54,72,63,17.2307538437422,3.879993046010587,0.2251783689324602,,,
torus_plus1,RGA Fall 2018 torus+1,0,0,1,4,1,1.5,1.192977067977068,0.05,0.1,0.08692260442260442,10.604,0.5585262308647171,0.15,0.2,0.175,72,90,81,36.66386667854079,8.408066178878373,0.2293284080644876,,,
torus_plus1,RGA Fall 2018 torus+1,0,0,1,5,1,1.5,1.192977067977068,0.05,0.1,0.08692260442260442,10.604,0.5585262308647171,0.15,0.2,0.175,90,108,99,25.30553985440955,7.483558510187624,0.2957280719258631,,,
torus_plus1,RGA Fall 2018 torus+1,0,0,1,6,1,1.5,1.192977067977068,0.05,0.1,0.08692260442260442,10.604,0.5585262308647171,0.15,0.2,0.175,108,126,117,32.7936014922068,8.000786728655749,0.243974018241244,,,
torus_plus1,RGA Fall 2018 torus+1,0,0,1,7,1,1.5,1.192977067977068,0.05,0.1,0.08692260442260442,10.604,0.5585262308647171,0.15,0.2,0.175,126,144,135,15.33532245563287,3.5214863411871,0.2296323635433966,,,
torus_plus1,RGA Fall 2018 torus+1,0,0,1,8,1,1.5,1.192977067977068,0.05,0.1,0.08692260442260442,10.604,0.5585262308647171,0.15,0.2,0.175,144,162,153,8.481117011624852,1.890833021572162,0.2229462250055559,,,
torus_plus1,RGA Fall 2018 torus+1,0,0,1,9,1,1.5,1.192977067977068,0.05,0.1,0.08692260442260442,10.604,0.5585262308647171,0.15,0.2,0.175,162,180,171,10.32787766553081,2.23192864509282,0.2161071923365107,,,
torus_plus1,RGA Fall 2018 torus+1,0,0,1,10,1,1.5,1.192977067977068,0.05,0.1,0.08692260442260442,10.604,0.5585262308647171,0.15,0.2,0.175,180,198,189,7.708439225660663,2.816397538816882,0.3653654723567596,,,
torus_plus1,RGA Fall 2018 torus+1,0,0,1,11,1,1.5,1.192977067977068,0.05,0.1,0.08692260442260442,10.604,0.5585262308647171,0.15,0.2,0.175,198,216,207,11.93328383000502,3.984944466534043,0.3339352791152346,,,
torus_plus1,RGA Fall 2018 torus+1,0,0,1,12,1,1.5,1.192977067977068,0.05,0.1,0.08692260442260442,10.604,0.5585262308647171,0.15,0.2,0.175,216,234,225,31.796088239734,10.03459456790774,0.3155921097038598,,,
torus_plus1,RGA Fall 2018 torus+1,0,0,1,14,1,1.5,1.192977067977068,0.05,0.1,0.08692260442260442,10.604,0.5585262308647171,0.15,0.2,0.175,252,270,261,35.79873902998318,11.07365389138867,0.3093308365446601,,,
torus_plus1,RGA Fall 2018 torus+1,0,0,1,15,1,1.5,1.192977067977068,0.05,0.1,0.08692260442260442,10.604,0.5585262308647171,0.15,0.2,0.175,270,288,279,37.13152980504729,8.735257819525216,0.2352517621920827,,,
torus_plus1,RGA Fall 2018 torus+1,0,0,1,16,1,1.5,1.192977067977068,0.05,0.1,0.08692260442260442,10.604,0.5585262308647171,0.15,0.2,0.175,288,306,297,39.25060431975929,5.97144755712485,0.1521364488678393,,,
torus_plus1,RGA Fall 2018 torus+1,0,0,1,17,1,1.5,1.192977067977068,0.05,0.1,0.08692260442260442,10.604,0.5585262308647171,0.15,0.2,0.175,306,324,315,25.87596042887941,4.043665929729112,0.1562711436680083,,,
torus_plus1,RGA Fall 2018 torus+1,0,0,1,18,1,1.5,1.192977067977068,0.05,0.1,0.08692260442260442,10.604,0.5585262308647171,0.15,0.2,0.175,324,342,333,9.448854386245037,2.596701700138017,0.2748165644205618,,,
torus_plus1,RGA Fall 2018 torus+1,0,0,1,19,1,1.5,1.192977067977068,0.05,0.1,0.08692260442260442,10.604,0.5585262308647171,0.15,0.2,0.175,342,360,351,16.3530914613192,5.872847982333306,0.3591276913129638,,,
torus_plus1,RGA Fall 2018 torus+1,0,0,2,1,1,1.5,1.192977067977068,0.05,0.1,0.08692260442260442,10.604,0.5585262308647171,0.2,0.3,0.25,18,36,27,13.46212488541741,2.770952798281396,0.2058332411759883,,,
torus_plus1,RGA Fall 2018 torus+1,0,0,2,2,1,1.5,1.192977067977068,0.05,0.1,0.08692260442260442,10.604,0.5585262308647171,0.2,0.3,0.25,36,54,45,16.1848529510802,1.832874136759554,0.1132462644115173,,,
torus_plus1,RGA Fall 2018 torus+1,0,0,2,3,1,1.5,1.192977067977068,0.05,0.1,0.08692260442260442,10.604,0.5585262308647171,0.2,0.3,0.25,54,72,63,20.20826282815761,3.007621161083757,0.1488312571278034,,,
torus_plus1,RGA Fall 2018 torus+1,0,0,2,5,1,1.5,1.192977067977068,0.05,0.1,0.08692260442260442,10.604,0.5585262308647171,0.2,0.3,0.25,90,108,99,33.16136243342768,6.784174062499467,0.2045806795821154,,,
torus_plus1,RGA Fall 2018 torus+1,0,0,2,6,1,1.5,1.192977067977068,0.05,0.1,0.08692260442260442,10.604,0.5585262308647171,0.2,0.3,0.25,108,126,117,17.3407857490845,3.652760452462963,0.2106456134870249,,,
torus_plus1,RGA Fall 2018 torus+1,0,0,2,7,1,1.5,1.192977067977068,0.05,0.1,0.08692260442260442,10.604,0.5585262308647171,0.2,0.3,0.25,126,144,135,13.50522511495757,2.007995379503452,0.1486828514453653,,,
torus_plus1,RGA Fall 2018 torus+1,0,0,2,8,1,1.5,1.192977067977068,0.05,0.1,0.08692260442260442,10.604,0.5585262308647171,0.2,0.3,0.25,144,162,153,8.378859062361368,1.305679538011551,0.155830230380266,,,
torus_plus1,RGA Fall 2018 torus+1,0,0,2,9,1,1.5,1.192977067977068,0.05,0.1,0.08692260442260442,10.604,0.5585262308647171,0.2,0.3,0.25,162,180,171,7.188808964876688,1.118140326372644,0.1555390234788113,,,
torus_plus1,RGA Fall 2018 torus+1,0,0,2,10,1,1.5,1.192977067977068,0.05,0.1,0.08692260442260442,10.604,0.5585262308647171,0.2,0.3,0.25,180,198,189,10.14560724453683,1.890164875927471,0.1863037697369254,,,
torus_plus1,RGA Fall 2018 torus+1,0,0,2,11,1,1.5,1.192977067977068,0.05,0.1,0.08692260442260442,10.604,0.5585262308647171,0.2,0.3,0.25,198,216,207,10.20156374725885,2.557693352111353,0.2507158133279914,,,
torus_plus1,RGA Fall 2018 torus+1,0,0,2,12,1,1.5,1.192977067977068,0.05,0.1,0.08692260442260442,10.604,0.5585262308647171,0.2,0.3,0.25,216,234,225,10.42101243262159,3.49768782523681,0.3356380052179733,,,
torus_plus1,RGA Fall 2018 torus+1,0,0,2,13,1,1.5,1.192977067977068,0.05,0.1,0.08692260442260442,10.604,0.5585262308647171,0.2,0.3,0.25,234,252,243,18.38616944712325,4.891135544297324,0.2660225425618822,,,
torus_plus1,RGA Fall 2018 torus+1,0,0,2,14,1,1.5,1.192977067977068,0.05,0.1,0.08692260442260442,10.604,0.5585262308647171,0.2,0.3,0.25,252,270,261,16.28710156107592,3.131740325871715,0.1922834651781243,,,
torus_plus1,RGA Fall 2018 torus+1,0,0,2,15,1,1.5,1.192977067977068,0.05,0.1,0.08692260442260442,10.604,0.5585262308647171,0.2,0.3,0.25,270,288,279,23.59644510333904,3.631588287294751,0.1539040423839462,,,
torus_plus1,RGA Fall 2018 torus+1,0,0,2,16,1,1.5,1.192977067977068,0.05,0.1,0.08692260442260442,10.604,0.5585262308647171,0.2,0.3,0.25,288,306,297,22.02668064897498,3.297666977179213,0.1497123887948442,,,
torus_plus1,RGA Fall 2018 torus+1,0,0,2,17,1,1.5,1.192977067977068,0.05,0.1,0.08692260442260442,10.604,0.5585262308647171,0.2,0.3,0.25,306,324,315,21.08741726368986,2.218284233803798,0.1051946858197486,,,
torus_plus1,RGA Fall 2018 torus+1,0,0,2,18,1,1.5,1.192977067977068,0.05,0.1,0.08692260442260442,10.604,0.5585262308647171,0.2,0.3,0.25,324,342,333,14.02725783787627,2.081409287478323,0.1483831916069954,,,
torus_plus1,RGA Fall 2018 torus+1,0,0,3,1,1,1.5,1.192977067977068,0.05,0.1,0.08692260442260442,10.604,0.5585262308647171,0.3,0.4,0.35,18,36,27,9.427083122358443,2.256148978580881,0.2393263058463882,,,
torus_plus1,RGA Fall 2018 torus+1,0,0,3,2,1,1.5,1.192977067977068,0.05,0.1,0.08692260442260442,10.604,0.5585262308647171,0.3,0.4,0.35,36,54,45,10.15466869566687,1.434381794397466,0.1412534310459125,,,
torus_plus1,RGA Fall 2018 torus+1,0,0,3,3,1,1.5,1.192977067977068,0.05,0.1,0.08692260442260442,10.604,0.5585262308647171,0.3,0.4,0.35,54,72,63,13.5440324093336,4.030266589154778,0.297567701209678,,,
torus_plus1,RGA Fall 2018 torus+1,0,0,3,4,1,1.5,1.192977067977068,0.05,0.1,0.08692260442260442,10.604,0.5585262308647171,0.3,0.4,0.35,72,90,81,18.10766854017176,7.049609569492849,0.3893162476358196,,,
torus_plus1,RGA Fall 2018 torus+1,0,0,3,6,1,1.5,1.192977067977068,0.05,0.1,0.08692260442260442,10.604,0.5585262308647171,0.3,0.4,0.35,108,126,117,14.4301783196816,2.992151513186062,0.2073537448324536,,,
torus_plus1,RGA Fall 2018 torus+1,0,0,3,7,1,1.5,1.192977067977068,0.05,0.1,0.08692260442260442,10.604,0.5585262308647171,0.3,0.4,0.35,126,144,135,10.24162300060209,1.551748831812811,0.1515139574774023,,,
torus_plus1,RGA Fall 2018 torus+1,0,0,3,8,1,1.5,1.192977067977068,0.05,0.1,0.08692260442260442,10.604,0.5585262308647171,0.3,0.4,0.35,144,162,153,8.868785764735049,1.312667108791021,0.14800978889473,,,
torus_plus1,RGA Fall 2018 torus+1,0,0,3,9,1,1.5,1.192977067977068,0.05,0.1,0.08692260442260442,10.604,0.5585262308647171,0.3,0.4,0.35,162,180,171,5.722898687275683,0.8874825883053654,0.1550757119427254,,,
torus_plus1,RGA Fall 2018 torus+1,0,0,3,10,1,1.5,1.192977067977068,0.05,0.1,0.08692260442260442,10.604,0.5585262308647171,0.3,0.4,0.35,180,198,189,6.097495219735693,1.124867921198102,0.1844803285055894,,,
torus_plus1,RGA Fall 2018 torus+1,0,0,3,11,1,1.5,1.192977067977068,0.05,0.1,0.08692260442260442,10.604,0.5585262308647171,0.3,0.4,0.35,198,216,207,8.810898185475621,2.622667543270686,0.2976617693294923,,,
torus_plus1,RGA Fall 2018 torus+1,0,0,3,12,1,1.5,1.192977067977068,0.05,0.1,0.08692260442260442,10.604,0.5585262308647171,0.3,0.4,0.35,216,234,225,15.28314645553492,4.425293650012267,0.2895538338840958,,,
torus_plus1,RGA Fall 2018 torus+1,0,0,3,13,1,1.5,1.192977067977068,0.05,0.1,0.08692260442260442,10.604,0.5585262308647171,0.3,0.4,0.35,234,252,243,14.65753685341837,3.511613987619115,0.2395773602847979,,,
torus_plus1,RGA Fall 2018 torus+1,0,0,3,14,1,1.5,1.192977067977068,0.05,0.1,0.08692260442260442,10.604,0.5585262308647171,0.3,0.4,0.35,252,270,261,13.0397710398353,2.347857773198346,0.1800536041642032,,,
torus_plus1,RGA Fall 2018 torus+1,0,0,3,15,1,1.5,1.192977067977068,0.05,0.1,0.08692260442260442,10.604,0.5585262308647171,0.3,0.4,0.35,270,288,279,17.2832584454444,2.912684471558189,0.1685263505578097,,,
torus_plus1,RGA Fall 2018 torus+1,0,0,3,16,1,1.5,1.192977067977068,0.05,0.1,0.08692260442260442,10.604,0.5585262308647171,0.3,0.4,0.35,288,306,297,15.16513557313023,2.68326115101777,0.1769361795730996,,,
torus_plus1,RGA Fall 2018 torus+1,0,0,3,17,1,1.5,1.192977067977068,0.05,0.1,0.08692260442260442,10.604,0.5585262308647171,0.3,0.4,0.35,306,324,315,11.58961211217031,1.671970918709191,0.144264614080867,,,
torus_plus1,RGA Fall 2018 torus+1,0,0,3,18,1,1.5,1.192977067977068,0.05,0.1,0.08692260442260442,10.604,0.5585262308647171,0.3,0.4,0.35,324,342,333,10.87398442489716,2.456801264411301,0.22593385905411,,,
torus_plus1,RGA Fall 2018 torus+1,0,0,4,1,1,1.5,1.192977067977068,0.05,0.1,0.08692260442260442,10.604,0.5585262308647171,0.4,0.6,0.5,18,36,27,4.112863714695069,0.8557145851936578,0.20805809395926,,,
torus_plus1,RGA Fall 2018 torus+1,0,0,4,2,1,1.5,1.192977067977068,0.05,0.1,0.08692260442260442,10.604,0.5585262308647171,0.4,0.6,0.5,36,54,45,5.967370672651331,0.788881460726641,0.1321991717964014,,,
torus_plus1,RGA Fall 2018 torus+1,0,0,4,3,1,1.5,1.192977067977068,0.05,0.1,0.08692260442260442,10.604,0.5585262308647171,0.4,0.6,0.5,54,72,63,8.119836551624092,1.461699554874675,0.1800158840121372,,,
torus_plus1,RGA Fall 2018 torus+1,0,0,4,4,1,1.5,1.192977067977068,0.05,0.1,0.08692260442260442,10.604,0.5585262308647171,0.4,0.6,0.5,72,90,81,7.15860254708168,1.783261511394502,0.2491074898579859,,,
torus_plus1,RGA Fall 2018 torus+1,0,0,4,5,1,1.5,1.192977067977068,0.05,0.1,0.08692260442260442,10.604,0.5585262308647171,0.4,0.6,0.5,90,108,99,11.22143170027656,2.847982775193312,0.2537985215490034,,,
torus_plus1,RGA Fall 2018 torus+1,0,0,4,6,1,1.5,1.192977067977068,0.05,0.1,0.08692260442260442,10.604,0.5585262308647171,0.4,0.6,0.5,108,126,117,5.198691251171645,1.219632048741486,0.2346036703885066,,,
torus_plus1,RGA Fall 2018 torus+1,0,0,4,7,1,1.5,1.192977067977068,0.05,0.1,0.08692260442260442,10.604,0.5585262308647171,0.4,0.6,0.5,126,144,135,5.990254930166111,0.9297105385852283,0.1552038351328476,,,
torus_plus1,RGA Fall 2018 torus+1,0,0,4,8,1,1.5,1.192977067977068,0.05,0.1,0.08692260442260442,10.604,0.5585262308647171,0.4,0.6,0.5,144,162,153,4.384905412431726,0.594239934174693,0.13551944187666,,,
torus_plus1,RGA Fall 2018 torus+1,0,0,4,9,1,1.5,1.192977067977068,0.05,0.1,0.08692260442260442,10.604,0.5585262308647171,0.4,0.6,0.5,162,180,171,3.288245003561117,0.4579369610700933,0.1392648542228924,,,
torus_plus1,RGA Fall 2018 torus+1,0,0,4,10,1,1.5,1.192977067977068,0.05,0.1,0.08692260442260442,10.604,0.5585262308647171,0.4,0.6,0.5,180,198,189,2.021144769596657,0.4684707296284854,0.2317848462294833,,,
torus_plus1,RGA Fall 2018 torus+1,0,0,4,11,1,1.5,1.192977067977068,0.05,0.1,0.08692260442260442,10.604,0.5585262308647171,0.4,0.6,0.5,198,216,207,4.87785517173407,1.348738156940195,0.2765022964920708,,,
torus_plus1,RGA Fall 2018 torus+1,0,0,4,12,1,1.5,1.192977067977068,0.05,0.1,0.08692260442260442,10.604,0.5585262308647171,0.4,0.6,0.5,216,234,225,4.985438049674191,1.240491099543785,0.2488228892193041,,,
torus_plus1,RGA Fall 2018 torus+1,0,0,4,13,1,1.5,1.192977067977068,0.05,0.1,0.08692260442260442,10.604,0.5585262308647171,0.4,0.6,0.5,234,252,243,6.700166349642439,1.421602716260139,0.2121742419628141,,,
torus_plus1,RGA Fall 2018 torus+1,0,0,4,14,1,1.5,1.192977067977068,0.05,0.1,0.08692260442260442,10.604,0.5585262308647171,0.4,0.6,0.5,252,270,261,11.20083976728947,1.241305404394526,0.110822530290951,,,
torus_plus1,RGA Fall 2018 torus+1,0,0,4,15,1,1.5,1.192977067977068,0.05,0.1,0.08692260442260442,10.604,0.5585262308647171,0.4,0.6,0.5,270,288,279,7.918345217787268,1.151721925053343,0.1454498248530751,,,
torus_plus1,RGA Fall 2018 torus+1,0,0,4,16,1,1.5,1.192977067977068,0.05,0.1,0.08692260442260442,10.604,0.5585262308647171,0.4,0.6,0.5,288,306,297,9.242859945784783,1.629913210314351,0.176342952276116,,,
torus_plus1,RGA Fall 2018 torus+1,0,0,4,17,1,1.5,1.192977067977068,0.05,0.1,0.08692260442260442,10.604,0.5585262308647171,0.4,0.6,0.5,306,324,315,5.485517371822239,0.8000515877322358,0.1458479726710748,,,
torus_plus1,RGA Fall 2018 torus+1,0,0,4,18,1,1.5,1.192977067977068,0.05,0.1,0.08692260442260442,10.604,0.5585262308647171,0.4,0.6,0.5,324,342,333,3.382762884989231,0.7802549377381562,0.230656112848016,,,
torus_plus1,RGA Fall 2018 torus+1,0,0,5,0,1,1.5,1.192977067977068,0.05,0.1,0.08692260442260442,10.604,0.5585262308647171,0.6,1,0.8,0,18,9,0.9105826568431028,0.3545470247603869,0.3893628130251957,,,
torus_plus1,RGA Fall 2018 torus+1,0,0,5,1,1,1.5,1.192977067977068,0.05,0.1,0.08692260442260442,10.604,0.5585262308647171,0.6,1,0.8,18,36,27,1.689061476318795,0.3120714586649903,0.1847602725183992,,,
torus_plus1,RGA Fall 2018 torus+1,0,0,5,2,1,1.5,1.192977067977068,0.05,0.1,0.08692260442260442,10.604,0.5585262308647171,0.6,1,0.8,36,54,45,3.341466573154111,0.6542328312634845,0.1957921220938429,,,
torus_plus1,RGA Fall 2018 torus+1,0,0,5,3,1,1.5,1.192977067977068,0.05,0.1,0.08692260442260442,10.604,0.5585262308647171,0.6,1,0.8,54,72,63,4.933581172138378,0.9366232133358949,0.1898465193246088,,,
torus_plus1,RGA Fall 2018 torus+1,0,0,5,4,1,1.5,1.192977067977068,0.05,0.1,0.08692260442260442,10.604,0.5585262308647171,0.6,1,0.8,72,90,81,5.159639267921191,0.8179061212774429,0.1585200202585046,,,
torus_plus1,RGA Fall 2018 torus+1,0,0,5,5,1,1.5,1.192977067977068,0.05,0.1,0.08692260442260442,10.604,0.5585262308647171,0.6,1,0.8,90,108,99,5.750969249441,1.050397517297147,0.182647041174711,,,
torus_plus1,RGA Fall 2018 torus+1,0,0,5,6,1,1.5,1.192977067977068,0.05,0.1,0.08692260442260442,10.604,0.5585262308647171,0.6,1,0.8,108,126,117,3.274707905785596,0.716234091155299,0.2187169395749438,,,
torus_plus1,RGA Fall 2018 torus+1,0,0,5,7,1,1.5,1.192977067977068,0.05,0.1,0.08692260442260442,10.604,0.5585262308647171,0.6,1,0.8,126,144,135,3.112920499864989,0.4607914629107181,0.1480254516396108,,,
torus_plus1,RGA Fall 2018 torus+1,0,0,5,8,1,1.5,1.192977067977068,0.05,0.1,0.08692260442260442,10.604,0.5585262308647171,0.6,1,0.8,144,162,153,2.718033182295664,0.3126287652491648,0.1150202165615642,,,
torus_plus1,RGA Fall 2018 torus+1,0,0,5,9,1,1.5,1.192977067977068,0.05,0.1,0.08692260442260442,10.604,0.5585262308647171,0.6,1,0.8,162,180,171,1.50875198548197,0.2352116029586645,0.1558981232316499,,,
torus_plus1,RGA Fall 2018 torus+1,0,0,5,10,1,1.5,1.192977067977068,0.05,0.1,0.08692260442260442,10.604,0.5585262308647171,0.6,1,0.8,180,198,189,1.914569343021099,0.3140878146475363,0.1640514175119512,,,
torus_plus1,RGA Fall 2018 torus+1,0,0,5,11,1,1.5,1.192977067977068,0.05,0.1,0.08692260442260442,10.604,0.5585262308647171,0.6,1,0.8,198,216,207,1.650801051987844,0.4553742013329998,0.2758504429014339,,,
torus_plus1,RGA Fall 2018 torus+1,0,0,5,12,1,1.5,1.192977067977068,0.05,0.1,0.08692260442260442,10.604,0.5585262308647171,0.6,1,0.8,216,234,225,3.372893310553139,0.5937614867271696,0.1760392138314613,,,
torus_plus1,RGA Fall 2018 torus+1,0,0,5,13,1,1.5,1.192977067977068,0.05,0.1,0.08692260442260442,10.604,0.5585262308647171,0.6,1,0.8,234,252,243,2.892773485515133,0.5973529351437913,0.2064983442827074,,,
torus_plus1,RGA Fall 2018 torus+1,0,0,5,14,1,1.5,1.192977067977068,0.05,0.1,0.08692260442260442,10.604,0.5585262308647171,0.6,1,0.8,252,270,261,4.772179425843309,0.5643431592071741,0.1182569029469061,,,
torus_plus1,RGA Fall 2018 torus+1,0,0,5,15,1,1.5,1.192977067977068,0.05,0.1,0.08692260442260442,10.604,0.5585262308647171,0.6,1,0.8,270,288,279,5.160936539040992,0.7013757613143469,0.1359008691559453,,,
torus_plus1,RGA Fall 2018 torus+1,0,0,5,16,1,1.5,1.192977067977068,0.05,0.1,0.08692260442260442,10.604,0.5585262308647171,0.6,1,0.8,288,306,297,4.796348681287481,1.098292316285824,0.228985086211666,,,
torus_plus1,RGA Fall 2018 torus+1,0,0,5,17,1,1.5,1.192977067977068,0.05,0.1,0.08692260442260442,10.604,0.5585262308647171,0.6,1,0.8,306,324,315,3.021279467802079,0.7608829971312805,0.2518413159855112,,,
torus_plus1,RGA Fall 2018 torus+1,0,0,5,18,1,1.5,1.192977067977068,0.05,0.1,0.08692260442260442,10.604,0.5585262308647171,0.6,1,0.8,324,342,333,2.071340500461447,0.3306661468584455,0.1596387203285895,,,
torus_plus1,RGA Fall 2018 torus+1,0,0,5,19,1,1.5,1.192977067977068,0.05,0.1,0.08692260442260442,10.604,0.5585262308647171,0.6,1,0.8,342,360,351,1.141785240049785,0.3557034594127196,0.3115327181819325,,,
torus_plus1,RGA Fall 2018 torus+1,0,0,6,0,1,1.5,1.192977067977068,0.05,0.1,0.08692260442260442,10.604,0.5585262308647171,1,1.5,1.25,0,18,9,0.677017058138962,0.2410966962351789,0.3561161322846496,,,
torus_plus1,RGA Fall 2018 torus+1,0,0,6,1,1,1.5,1.192977067977068,0.05,0.1,0.08692260442260442,10.604,0.5585262308647171,1,1.5,1.25,18,36,27,1.246834438826298,0.4318288817642847,0.3463401942689237,,,
torus_plus1,RGA Fall 2018 torus+1,0,0,6,3,1,1.5,1.192977067977068,0.05,0.1,0.08692260442260442,10.604,0.5585262308647171,1,1.5,1.25,54,72,63,2.134903102758035,0.5746088993339084,0.2691498731682875,,,
torus_plus1,RGA Fall 2018 torus+1,0,0,6,4,1,1.5,1.192977067977068,0.05,0.1,0.08692260442260442,10.604,0.5585262308647171,1,1.5,1.25,72,90,81,3.715302483416902,0.5615732512117375,0.1511514213764011,,,
torus_plus1,RGA Fall 2018 torus+1,0,0,6,5,1,1.5,1.192977067977068,0.05,0.1,0.08692260442260442,10.604,0.5585262308647171,1,1.5,1.25,90,108,99,3.584298165535976,0.6286163551838729,0.1753805978610245,,,
torus_plus1,RGA Fall 2018 torus+1,0,0,6,6,1,1.5,1.192977067977068,0.05,0.1,0.08692260442260442,10.604,0.5585262308647171,1,1.5,1.25,108,126,117,2.67437423583509,0.5922619057251167,0.2214581257137258,,,
torus_plus1,RGA Fall 2018 torus+1,0,0,6,7,1,1.5,1.192977067977068,0.05,0.1,0.08692260442260442,10.604,0.5585262308647171,1,1.5,1.25,126,144,135,2.071623972820074,0.4372531799551753,0.2110678316586327,,,
torus_plus1,RGA Fall 2018 torus+1,0,0,6,8,1,1.5,1.192977067977068,0.05,0.1,0.08692260442260442,10.604,0.5585262308647171,1,1.5,1.25,144,162,153,1.239807721372179,0.2412019154395826,0.1945478409931406,,,
torus_plus1,RGA Fall 2018 torus+1,0,0,6,9,1,1.5,1.192977067977068,0.05,0.1,0.08692260442260442,10.604,0.5585262308647171,1,1.5,1.25,162,180,171,1.864043319824159,0.2896253743217161,0.1553748087512458,,,
torus_plus1,RGA Fall 2018 torus+1,0,0,6,10,1,1.5,1.192977067977068,0.05,0.1,0.08692260442260442,10.604,0.5585262308647171,1,1.5,1.25,180,198,189,0.9260494427178581,0.2061144482203513,0.222573913133004,,,
torus_plus1,RGA Fall 2018 torus+1,0,0,6,11,1,1.5,1.192977067977068,0.05,0.1,0.08692260442260442,10.604,0.5585262308647171,1,1.5,1.25,198,216,207,1.533103559436169,0.3863390812690295,0.2519980329385667,,,
torus_plus1,RGA Fall 2018 torus+1,0,0,6,12,1,1.5,1.192977067977068,0.05,0.1,0.08692260442260442,10.604,0.5585262308647171,1,1.5,1.25,216,234,225,0.9618656978982509,0.2597014876367389,0.2699976599687527,,,
torus_plus1,RGA Fall 2018 torus+1,0,0,6,13,1,1.5,1.192977067977068,0.05,0.1,0.08692260442260442,10.604,0.5585262308647171,1,1.5,1.25,234,252,243,2.037086125281155,0.4383327803823591,0.2151763614421856,,,
torus_plus1,RGA Fall 2018 torus+1,0,0,6,14,1,1.5,1.192977067977068,0.05,0.1,0.08692260442260442,10.604,0.5585262308647171,1,1.5,1.25,252,270,261,2.738434792177598,0.4895503987362939,0.1787701500633521,,,
torus_plus1,RGA Fall 2018 torus+1,0,0,6,15,1,1.5,1.192977067977068,0.05,0.1,0.08692260442260442,10.604,0.5585262308647171,1,1.5,1.25,270,288,279,3.540379692621333,0.6714976261106779,0.1896682515466284,,,
torus_plus1,RGA Fall 2018 torus+1,0,0,6,16,1,1.5,1.192977067977068,0.05,0.1,0.08692260442260442,10.604,0.5585262308647171,1,1.5,1.25,288,306,297,2.160015846072398,1.025036867534691,0.4745506239681235,,,
torus_plus1,RGA Fall 2018 torus+1,0,0,6,17,1,1.5,1.192977067977068,0.05,0.1,0.08692260442260442,10.604,0.5585262308647171,1,1.5,1.25,306,324,315,2.486714725734338,1.089582506041066,0.438161440379659,,,
torus_plus1,RGA Fall 2018 torus+1,0,0,6,18,1,1.5,1.192977067977068,0.05,0.1,0.08692260442260442,10.604,0.5585262308647171,1,1.5,1.25,324,342,333,1.051108396040359,0.4298429583646241,0.408942560047936,,,
torus_plus1,RGA Fall 2018 torus+1,0,0,6,19,1,1.5,1.192977067977068,0.05,0.1,0.08692260442260442,10.604,0.5585262308647171,1,1.5,1.25,342,360,351,1.3015863047326,0.3575888893720529,0.2747331376120436,,,
torus_plus1,RGA Fall 2018 torus+1,0,0,7,1,1,1.5,1.192977067977068,0.05,0.1,0.08692260442260442,10.604,0.5585262308647171,1.5,2,1.75,18,36,27,0.151029591498472,0.2285868334763601,1.51352348376492,,,
torus_plus1,RGA Fall 2018 torus+1,0,0,7,2,1,1.5,1.192977067977068,0.05,0.1,0.08692260442260442,10.604,0.5585262308647171,1.5,2,1.75,36,54,45,0.2989283271631359,0.2268645053173573,0.7589260859629043,,,
torus_plus1,RGA Fall 2018 torus+1,0,0,7,3,1,1.5,1.192977067977068,0.05,0.1,0.08692260442260442,10.604,0.5585262308647171,1.5,2,1.75,54,72,63,2.011584787051935,0.7282787483729077,0.3620422828113709,,,
torus_plus1,RGA Fall 2018 torus+1,0,0,7,4,1,1.5,1.192977067977068,0.05,0.1,0.08692260442260442,10.604,0.5585262308647171,1.5,2,1.75,72,90,81,0.7836169264304707,0.2519174745308579,0.3214803892488535,,,
torus_plus1,RGA Fall 2018 torus+1,0,0,7,5,1,1.5,1.192977067977068,0.05,0.1,0.08692260442260442,10.604,0.5585262308647171,1.5,2,1.75,90,108,99,1.27223726949329,0.3025267479818627,0.2377911378923476,,,
torus_plus1,RGA Fall 2018 torus+1,0,0,7,6,1,1.5,1.192977067977068,0.05,0.1,0.08692260442260442,10.604,0.5585262308647171,1.5,2,1.75,108,126,117,1.411902365114995,0.4608387983335651,0.3263956557619557,,,
torus_plus1,RGA Fall 2018 torus+1,0,0,7,7,1,1.5,1.192977067977068,0.05,0.1,0.08692260442260442,10.604,0.5585262308647171,1.5,2,1.75,126,144,135,3.225745149496357,1.247565199335268,0.3867525615066192,,,
torus_plus1,RGA Fall 2018 torus+1,0,0,7,8,1,1.5,1.192977067977068,0.05,0.1,0.08692260442260442,10.604,0.5585262308647171,1.5,2,1.75,144,162,153,1.104421709390702,0.2964332035502066,0.2684058100539746,,,
torus_plus1,RGA Fall 2018 torus+1,0,0,7,9,1,1.5,1.192977067977068,0.05,0.1,0.08692260442260442,10.604,0.5585262308647171,1.5,2,1.75,162,180,171,0.7435117397127529,0.222088207568881,0.2987016824437529,,,
torus_plus1,RGA Fall 2018 torus+1,0,0,7,10,1,1.5,1.192977067977068,0.05,0.1,0.08692260442260442,10.604,0.5585262308647171,1.5,2,1.75,180,198,189,0.3400621431975594,0.1730138063225268,0.5087711460490746,,,
torus_plus1,RGA Fall 2018 torus+1,0,0,7,11,1,1.5,1.192977067977068,0.05,0.1,0.08692260442260442,10.604,0.5585262308647171,1.5,2,1.75,198,216,207,0.5367826350145559,0.230765604462489,0.4299051225012735,,,
torus_plus1,RGA Fall 2018 torus+1,0,0,7,12,1,1.5,1.192977067977068,0.05,0.1,0.08692260442260442,10.604,0.5585262308647171,1.5,2,1.75,216,234,225,0.9512331229310332,0.3040295156546526,0.3196161995682477,,,
torus_plus1,RGA Fall 2018 torus+1,0,0,7,13,1,1.5,1.192977067977068,0.05,0.1,0.08692260442260442,10.604,0.5585262308647171,1.5,2,1.75,234,252,243,1.004047056533534,0.325275626176079,0.3239645234348787,,,
torus_plus1,RGA Fall 2018 torus+1,0,0,7,14,1,1.5,1.192977067977068,0.05,0.1,0.08692260442260442,10.604,0.5585262308647171,1.5,2,1.75,252,270,261,1.094711963460227,0.3115594865171531,0.2846040756989248,,,
torus_plus1,RGA Fall 2018 torus+1,0,0,7,15,1,1.5,1.192977067977068,0.05,0.1,0.08692260442260442,10.604,0.5585262308647171,1.5,2,1.75,270,288,279,1.352765500147066,0.4341963579758859,0.3209694199982792,,,
torus_plus1,RGA Fall 2018 torus+1,0,0,7,16,1,1.5,1.192977067977068,0.05,0.1,0.08692260442260442,10.604,0.5585262308647171,1.5,2,1.75,288,306,297,1.001050185215141,0.4759443573752923,0.4754450520110583,,,
torus_plus1,RGA Fall 2018 torus+1,0,0,7,17,1,1.5,1.192977067977068,0.05,0.1,0.08692260442260442,10.604,0.5585262308647171,1.5,2,1.75,306,324,315,0.3291058814715218,0.3358134082717832,1.020381060254135,,,
torus_plus1,RGA Fall 2018 torus+1,0,1,0,0,1,1.5,1.25,0.1,0.15,0.125,10.604,0.7895778020674713,0.09,0.15,0.12,0,18,9,39.51540730657162,6.647773982764453,0.168232455031759,,,
torus_plus1,RGA Fall 2018 torus+1,0,1,0,1,1,1.5,1.25,0.1,0.15,0.125,10.604,0.7895778020674713,0.09,0.15,0.12,18,36,27,43.31560197649092,6.282309180619638,0.1450357121673917,,,
torus_plus1,RGA Fall 2018 torus+1,0,1,0,2,1,1.5,1.25,0.1,0.15,0.125,10.604,0.7895778020674713,0.09,0.15,0.12,36,54,45,44.55116366684329,7.718226559782217,0.1732441068767508,,,
torus_plus1,RGA Fall 2018 torus+1,0,1,0,3,1,1.5,1.25,0.1,0.15,0.125,10.604,0.7895778020674713,0.09,0.15,0.12,54,72,63,64.87631711807123,17.15363344135874,0.2644051666826293,,,
torus_plus1,RGA Fall 2018 torus+1,0,1,0,4,1,1.5,1.25,0.1,0.15,0.125,10.604,0.7895778020674713,0.09,0.15,0.12,72,90,81,70.27923008054873,8.970272283636575,0.1276376003743286,,,
torus_plus1,RGA Fall 2018 torus+1,0,1,0,5,1,1.5,1.25,0.1,0.15,0.125,10.604,0.7895778020674713,0.09,0.15,0.12,90,108,99,71.04167819345807,7.001686875913626,0.09855745322973497,,,
torus_plus1,RGA Fall 2018 torus+1,0,1,0,6,1,1.5,1.25,0.1,0.15,0.125,10.604,0.7895778020674713,0.09,0.15,0.12,108,126,117,56.80380248260708,6.281043391692958,0.1105743474411976,,,
torus_plus1,RGA Fall 2018 torus+1,0,1,0,7,1,1.5,1.25,0.1,0.15,0.125,10.604,0.7895778020674713,0.09,0.15,0.12,126,144,135,45.17426867114266,5.015482212792038,0.1110251999717691,,,
torus_plus1,RGA Fall 2018 torus+1,0,1,0,8,1,1.5,1.25,0.1,0.15,0.125,10.604,0.7895778020674713,0.09,0.15,0.12,144,162,153,23.60750883300212,3.36128842601124,0.1423821738154907,,,
torus_plus1,RGA Fall 2018 torus+1,0,1,0,9,1,1.5,1.25,0.1,0.15,0.125,10.604,0.7895778020674713,0.09,0.15,0.12,162,180,171,14.03223971640033,2.924400881692419,0.2084058525792211,,,
torus_plus1,RGA Fall 2018 torus+1,0,1,0,10,1,1.5,1.25,0.1,0.15,0.125,10.604,0.7895778020674713,0.09,0.15,0.12,180,198,189,11.9397942081569,3.118743058411666,0.2612057631848492,,,
torus_plus1,RGA Fall 2018 torus+1,0,1,0,11,1,1.5,1.25,0.1,0.15,0.125,10.604,0.7895778020674713,0.09,0.15,0.12,198,216,207,20.43439073077722,4.154501800869407,0.2033093061400706,,,
torus_plus1,RGA Fall 2018 torus+1,0,1,0,12,1,1.5,1.25,0.1,0.15,0.125,10.604,0.7895778020674713,0.09,0.15,0.12,216,234,225,48.11396557532849,7.541480124048483,0.1567420193673569,,,
torus_plus1,RGA Fall 2018 torus+1,0,1,0,13,1,1.5,1.25,0.1,0.15,0.125,10.604,0.7895778020674713,0.09,0.15,0.12,234,252,243,107.6635842811571,27.65702923146178,0.2568837868079618,,,
torus_plus1,RGA Fall 2018 torus+1,0,1,0,18,1,1.5,1.25,0.1,0.15,0.125,10.604,0.7895778020674713,0.09,0.15,0.12,324,342,333,32.48751640046671,7.103698234391142,0.218659319685302,,,
torus_plus1,RGA Fall 2018 torus+1,0,1,0,19,1,1.5,1.25,0.1,0.15,0.125,10.604,0.7895778020674713,0.09,0.15,0.12,342,360,351,23.36551179730234,4.660438243991568,0.1994579996544154,,,
torus_plus1,RGA Fall 2018 torus+1,0,1,1,0,1,1.5,1.25,0.1,0.15,0.125,10.604,0.7895778020674713,0.15,0.2,0.175,0,18,9,24.2927556083833,3.844812448026687,0.1582699184072746,,,
torus_plus1,RGA Fall 2018 torus+1,0,1,1,1,1,1.5,1.25,0.1,0.15,0.125,10.604,0.7895778020674713,0.15,0.2,0.175,18,36,27,40.03598294248798,6.690424257465307,0.1671102784481689,,,
torus_plus1,RGA Fall 2018 torus+1,0,1,1,2,1,1.5,1.25,0.1,0.15,0.125,10.604,0.7895778020674713,0.15,0.2,0.175,36,54,45,39.86540034011625,8.109661928181142,0.203426075217924,,,
torus_plus1,RGA Fall 2018 torus+1,0,1,1,3,1,1.5,1.25,0.1,0.15,0.125,10.604,0.7895778020674713,0.15,0.2,0.175,54,72,63,67.74493268722929,33.54001204107736,0.4950925583752191,,,
torus_plus1,RGA Fall 2018 torus+1,0,1,1,4,1,1.5,1.25,0.1,0.15,0.125,10.604,0.7895778020674713,0.15,0.2,0.175,72,90,81,59.52040056925629,7.274063651306607,0.1222112684346388,,,
torus_plus1,RGA Fall 2018 torus+1,0,1,1,5,1,1.5,1.25,0.1,0.15,0.125,10.604,0.7895778020674713,0.15,0.2,0.175,90,108,99,64.67925134707818,4.657469891426203,0.07200871677431064,,,
torus_plus1,RGA Fall 2018 torus+1,0,1,1,6,1,1.5,1.25,0.1,0.15,0.125,10.604,0.7895778020674713,0.15,0.2,0.175,108,126,117,65.32798237430366,4.701412246518962,0.07196628574232888,,,
torus_plus1,RGA Fall 2018 torus+1,0,1,1,7,1,1.5,1.25,0.1,0.15,0.125,10.604,0.7895778020674713,0.15,0.2,0.175,126,144,135,33.64123213310616,3.110739821866477,0.0924680704190146,,,
torus_plus1,RGA Fall 2018 torus+1,0,1,1,8,1,1.5,1.25,0.1,0.15,0.125,10.604,0.7895778020674713,0.15,0.2,0.175,144,162,153,21.16230177525327,1.939085099146648,0.0916292149946643,,,
torus_plus1,RGA Fall 2018 torus+1,0,1,1,9,1,1.5,1.25,0.1,0.15,0.125,10.604,0.7895778020674713,0.15,0.2,0.175,162,180,171,12.56362238864203,1.403127784470199,0.1116817857991878,,,
torus_plus1,RGA Fall 2018 torus+1,0,1,1,10,1,1.5,1.25,0.1,0.15,0.125,10.604,0.7895778020674713,0.15,0.2,0.175,180,198,189,14.11044315566724,1.918392032525457,0.1359554771853472,,,
torus_plus1,RGA Fall 2018 torus+1,0,1,1,11,1,1.5,1.25,0.1,0.15,0.125,10.604,0.7895778020674713,0.15,0.2,0.175,198,216,207,20.61568609351985,2.48987748550295,0.1207758730031108,,,
torus_plus1,RGA Fall 2018 torus+1,0,1,1,12,1,1.5,1.25,0.1,0.15,0.125,10.604,0.7895778020674713,0.15,0.2,0.175,216,234,225,34.53917889944239,3.528641413173717,0.1021634423750208,,,
torus_plus1,RGA Fall 2018 torus+1,0,1,1,13,1,1.5,1.25,0.1,0.15,0.125,10.604,0.7895778020674713,0.15,0.2,0.175,234,252,243,57.8786062455793,9.448255696952357,0.1632426264181855,,,
torus_plus1,RGA Fall 2018 torus+1,0,1,1,14,1,1.5,1.25,0.1,0.15,0.125,10.604,0.7895778020674713,0.15,0.2,0.175,252,270,261,72.5558305348062,10.7763903228825,0.1485254905560331,,,
torus_plus1,RGA Fall 2018 torus+1,0,1,1,15,1,1.5,1.25,0.1,0.15,0.125,10.604,0.7895778020674713,0.15,0.2,0.175,270,288,279,81.50837153944823,13.35692954680533,0.1638718734595362,,,
torus_plus1,RGA Fall 2018 torus+1,0,1,1,16,1,1.5,1.25,0.1,0.15,0.125,10.604,0.7895778020674713,0.15,0.2,0.175,288,306,297,60.46388327645085,27.01843808190042,0.4468525112482052,,,
torus_plus1,RGA Fall 2018 torus+1,0,1,1,17,1,1.5,1.25,0.1,0.15,0.125,10.604,0.7895778020674713,0.15,0.2,0.175,306,324,315,73.55546088445259,22.03129921671232,0.299519559143556,,,
torus_plus1,RGA Fall 2018 torus+1,0,1,1,18,1,1.5,1.25,0.1,0.15,0.125,10.604,0.7895778020674713,0.15,0.2,0.175,324,342,333,26.90843459861096,5.638261967624889,0.2095351160976098,,,
torus_plus1,RGA Fall 2018 torus+1,0,1,1,19,1,1.5,1.25,0.1,0.15,0.125,10.604,0.7895778020674713,0.15,0.2,0.175,342,360,351,26.98777783641259,3.808623687946779,0.1411240195851949,,,
torus_plus1,RGA Fall 2018 torus+1,0,1,2,0,1,1.5,1.25,0.1,0.15,0.125,10.604,0.7895778020674713,0.2,0.3,0.25,0,18,9,19.90979142276709,2.356942884513734,0.1183810937275084,,,
torus_plus1,RGA Fall 2018 torus+1,0,1,2,1,1,1.5,1.25,0.1,0.15,0.125,10.604,0.7895778020674713,0.2,0.3,0.25,18,36,27,22.43426459537705,2.689310864919744,0.1198751514000562,,,
torus_plus1,RGA Fall 2018 torus+1,0,1,2,2,1,1.5,1.25,0.1,0.15,0.125,10.604,0.7895778020674713,0.2,0.3,0.25,36,54,45,40.11486045589773,7.808063410660023,0.1946426666308414,,,
torus_plus1,RGA Fall 2018 torus+1,0,1,2,4,1,1.5,1.25,0.1,0.15,0.125,10.604,0.7895778020674713,0.2,0.3,0.25,72,90,81,60.58693880160575,6.062011775808289,0.100054762556309,,,
torus_plus1,RGA Fall 2018 torus+1,0,1,2,5,1,1.5,1.25,0.1,0.15,0.125,10.604,0.7895778020674713,0.2,0.3,0.25,90,108,99,47.5849517622076,2.952399676734731,0.06204481810738229,,,
torus_plus1,RGA Fall 2018 torus+1,0,1,2,6,1,1.5,1.25,0.1,0.15,0.125,10.604,0.7895778020674713,0.2,0.3,0.25,108,126,117,40.33991594227204,2.300215197321809,0.05702082276555817,,,
torus_plus1,RGA Fall 2018 torus+1,0,1,2,7,1,1.5,1.25,0.1,0.15,0.125,10.604,0.7895778020674713,0.2,0.3,0.25,126,144,135,34.44820416536474,2.022526275204522,0.05871209615153265,,,
torus_plus1,RGA Fall 2018 torus+1,0,1,2,8,1,1.5,1.25,0.1,0.15,0.125,10.604,0.7895778020674713,0.2,0.3,0.25,144,162,153,19.69074226430585,1.117212529817737,0.05673795912929856,,,
torus_plus1,RGA Fall 2018 torus+1,0,1,2,9,1,1.5,1.25,0.1,0.15,0.125,10.604,0.7895778020674713,0.2,0.3,0.25,162,180,171,13.41426698296398,0.8671530531346823,0.06464408783841562,,,
torus_plus1,RGA Fall 2018 torus+1,0,1,2,10,1,1.5,1.25,0.1,0.15,0.125,10.604,0.7895778020674713,0.2,0.3,0.25,180,198,189,12.45759692036677,1.135902495205843,0.09118150976202884,,,
torus_plus1,RGA Fall 2018 torus+1,0,1,2,11,1,1.5,1.25,0.1,0.15,0.125,10.604,0.7895778020674713,0.2,0.3,0.25,198,216,207,17.06466829465795,1.468856474693756,0.08607588787140845,,,
torus_plus1,RGA Fall 2018 torus+1,0,1,2,12,1,1.5,1.25,0.1,0.15,0.125,10.604,0.7895778020674713,0.2,0.3,0.25,216,234,225,27.99519410382151,2.226466569723094,0.07953031371978121,,,
torus_plus1,RGA Fall 2018 torus+1,0,1,2,13,1,1.5,1.25,0.1,0.15,0.125,10.604,0.7895778020674713,0.2,0.3,0.25,234,252,243,36.90784082144967,3.327920919274934,0.09016839905034085,,,
torus_plus1,RGA Fall 2018 torus+1,0,1,2,14,1,1.5,1.25,0.1,0.15,0.125,10.604,0.7895778020674713,0.2,0.3,0.25,252,270,261,50.16293974259764,4.007719946878375,0.07989404064919818,,,
torus_plus1,RGA Fall 2018 torus+1,0,1,2,15,1,1.5,1.25,0.1,0.15,0.125,10.604,0.7895778020674713,0.2,0.3,0.25,270,288,279,48.53041383136381,3.856280759563425,0.07946111428110719,,,
torus_plus1,RGA Fall 2018 torus+1,0,1,2,16,1,1.5,1.25,0.1,0.15,0.125,10.604,0.7895778020674713,0.2,0.3,0.25,288,306,297,65.90970187090404,6.285508489325725,0.09536545168474618,,,
torus_plus1,RGA Fall 2018 torus+1,0,1,2,17,1,1.5,1.25,0.1,0.15,0.125,10.604,0.7895778020674713,0.2,0.3,0.25,306,324,315,48.06172748930195,5.466945196707201,0.1137484123500156,,,
torus_plus1,RGA Fall 2018 torus+1,0,1,2,18,1,1.5,1.25,0.1,0.15,0.125,10.604,0.7895778020674713,0.2,0.3,0.25,324,342,333,18.81659711101804,2.452937779280698,0.1303603284275233,,,
torus_plus1,RGA Fall 2018 torus+1,0,1,2,19,1,1.5,1.25,0.1,0.15,0.125,10.604,0.7895778020674713,0.2,0.3,0.25,342,360,351,19.68224386205639,2.063871528511088,0.1048595649447185,,,
torus_plus1,RGA Fall 2018 torus+1,0,1,3,0,1,1.5,1.25,0.1,0.15,0.125,10.604,0.7895778020674713,0.3,0.4,0.35,0,18,9,14.36503384679155,2.116990357697831,0.1473710664573661,,,
torus_plus1,RGA Fall 2018 torus+1,0,1,3,1,1,1.5,1.25,0.1,0.15,0.125,10.604,0.7895778020674713,0.3,0.4,0.35,18,36,27,21.1063233336184,2.55824816249808,0.1212076647391861,,,
torus_plus1,RGA Fall 2018 torus+1,0,1,3,2,1,1.5,1.25,0.1,0.15,0.125,10.604,0.7895778020674713,0.3,0.4,0.35,36,54,45,29.16460153220126,3.976504218716948,0.1363469414909168,,,
torus_plus1,RGA Fall 2018 torus+1,0,1,3,3,1,1.5,1.25,0.1,0.15,0.125,10.604,0.7895778020674713,0.3,0.4,0.35,54,72,63,29.37500170703312,4.248277969096174,0.1446222203309363,,,
torus_plus1,RGA Fall 2018 torus+1,0,1,3,4,1,1.5,1.25,0.1,0.15,0.125,10.604,0.7895778020674713,0.3,0.4,0.35,72,90,81,41.10216884973178,4.957228507986602,0.1206074678470149,,,
torus_plus1,RGA Fall 2018 torus+1,0,1,3,5,1,1.5,1.25,0.1,0.15,0.125,10.604,0.7895778020674713,0.3,0.4,0.35,90,108,99,35.92058966031958,3.300771382212463,0.09189079058628952,,,
torus_plus1,RGA Fall 2018 torus+1,0,1,3,6,1,1.5,1.25,0.1,0.15,0.125,10.604,0.7895778020674713,0.3,0.4,0.35,108,126,117,34.56414527792383,2.488794959276974,0.07200510642647286,,,
torus_plus1,RGA Fall 2018 torus+1,0,1,3,7,1,1.5,1.25,0.1,0.15,0.125,10.604,0.7895778020674713,0.3,0.4,0.35,126,144,135,26.94881683945319,2.080945156016232,0.07721842366636737,,,
torus_plus1,RGA Fall 2018 torus+1,0,1,3,8,1,1.5,1.25,0.1,0.15,0.125,10.604,0.7895778020674713,0.3,0.4,0.35,144,162,153,16.25261362936381,1.048285639664708,0.06449951149830802,,,
torus_plus1,RGA Fall 2018 torus+1,0,1,3,9,1,1.5,1.25,0.1,0.15,0.125,10.604,0.7895778020674713,0.3,0.4,0.35,162,180,171,10.78624217025789,0.7852503697216588,0.07280110694036868,,,
torus_plus1,RGA Fall 2018 torus+1,0,1,3,10,1,1.5,1.25,0.1,0.15,0.125,10.604,0.7895778020674713,0.3,0.4,0.35,180,198,189,10.03900638198411,0.9858141315384755,0.09819837681422408,,,
torus_plus1,RGA Fall 2018 torus+1,0,1,3,11,1,1.5,1.25,0.1,0.15,0.125,10.604,0.7895778020674713,0.3,0.4,0.35,198,216,207,14.20375171856842,1.450310219544479,0.1021075451247506,,,
torus_plus1,RGA Fall 2018 torus+1,0,1,3,12,1,1.5,1.25,0.1,0.15,0.125,10.604,0.7895778020674713,0.3,0.4,0.35,216,234,225,18.33595804270712,1.751439930765218,0.09551941200377202,,,
torus_plus1,RGA Fall 2018 torus+1,0,1,3,13,1,1.5,1.25,0.1,0.15,0.125,10.604,0.7895778020674713,0.3,0.4,0.35,234,252,243,24.31052317360222,2.511180983599587,0.103296048615127,,,
torus_plus1,RGA Fall 2018 torus+1,0,1,3,14,1,1.5,1.25,0.1,0.15,0.125,10.604,0.7895778020674713,0.3,0.4,0.35,252,270,261,40.27127609769263,2.767411226641615,0.06871923352834046,,,
torus_plus1,RGA Fall 2018 torus+1,0,1,3,15,1,1.5,1.25,0.1,0.15,0.125,10.604,0.7895778020674713,0.3,0.4,0.35,270,288,279,39.71288965542248,2.49586469518741,0.06284772316603809,,,
torus_plus1,RGA Fall 2018 torus+1,0,1,3,16,1,1.5,1.25,0.1,0.15,0.125,10.604,0.7895778020674713,0.3,0.4,0.35,288,306,297,34.10683595687094,2.942694530020881,0.08627873115354358,,,
torus_plus1,RGA Fall 2018 torus+1,0,1,3,17,1,1.5,1.25,0.1,0.15,0.125,10.604,0.7895778020674713,0.3,0.4,0.35,306,324,315,29.9441391030244,3.207497408947803,0.1071160335554226,,,
torus_plus1,RGA Fall 2018 torus+1,0,1,3,18,1,1.5,1.25,0.1,0.15,0.125,10.604,0.7895778020674713,0.3,0.4,0.35,324,342,333,17.30239396034439,2.798667699897575,0.1617503165349189,,,
torus_plus1,RGA Fall 2018 torus+1,0,1,3,19,1,1.5,1.25,0.1,0.15,0.125,10.604,0.7895778020674713,0.3,0.4,0.35,342,360,351,11.65096901508258,1.529895730424504,0.1313105998689037,,,
torus_plus1,RGA Fall 2018 torus+1,0,1,4,0,1,1.5,1.25,0.1,0.15,0.125,10.604,0.7895778020674713,0.4,0.6,0.5,0,18,9,6.016396548403293,1.132920476794826,0.1883054861294831,,,
torus_plus1,RGA Fall 2018 torus+1,0,1,4,1,1,1.5,1.25,0.1,0.15,0.125,10.604,0.7895778020674713,0.4,0.6,0.5,18,36,27,10.74058902412525,1.216214058570323,0.1132353221819113,,,
torus_plus1,RGA Fall 2018 torus+1,0,1,4,2,1,1.5,1.25,0.1,0.15,0.125,10.604,0.7895778020674713,0.4,0.6,0.5,36,54,45,14.3641032178609,1.543963265907377,0.1074876198318842,,,
torus_plus1,RGA Fall 2018 torus+1,0,1,4,3,1,1.5,1.25,0.1,0.15,0.125,10.604,0.7895778020674713,0.4,0.6,0.5,54,72,63,20.36527639133784,1.391393333647339,0.06832184876406361,,,
torus_plus1,RGA Fall 2018 torus+1,0,1,4,4,1,1.5,1.25,0.1,0.15,0.125,10.604,0.7895778020674713,0.4,0.6,0.5,72,90,81,20.06451435402642,1.530681935002726,0.07628801315570134,,,
torus_plus1,RGA Fall 2018 torus+1,0,1,4,5,1,1.5,1.25,0.1,0.15,0.125,10.604,0.7895778020674713,0.4,0.6,0.5,90,108,99,27.38274157654177,2.20387673163451,0.08048415186894675,,,
torus_plus1,RGA Fall 2018 torus+1,0,1,4,6,1,1.5,1.25,0.1,0.15,0.125,10.604,0.7895778020674713,0.4,0.6,0.5,108,126,117,22.00516316751186,1.34237568056759,0.06100275968639287,,,
torus_plus1,RGA Fall 2018 torus+1,0,1,4,7,1,1.5,1.25,0.1,0.15,0.125,10.604,0.7895778020674713,0.4,0.6,0.5,126,144,135,17.67499210579179,1.083068260742926,0.06127687380341307,,,
torus_plus1,RGA Fall 2018 torus+1,0,1,4,8,1,1.5,1.25,0.1,0.15,0.125,10.604,0.7895778020674713,0.4,0.6,0.5,144,162,153,10.92590628730752,0.5966502848992016,0.05460876829891196,,,
torus_plus1,RGA Fall 2018 torus+1,0,1,4,9,1,1.5,1.25,0.1,0.15,0.125,10.604,0.7895778020674713,0.4,0.6,0.5,162,180,171,8.135707385684253,0.4587090151335012,0.05638219190880125,,,
torus_plus1,RGA Fall 2018 torus+1,0,1,4,10,1,1.5,1.25,0.1,0.15,0.125,10.604,0.7895778020674713,0.4,0.6,0.5,180,198,189,6.952474602074508,0.5742671907185976,0.08259896275597257,,,
torus_plus1,RGA Fall 2018 torus+1,0,1,4,11,1,1.5,1.25,0.1,0.15,0.125,10.604,0.7895778020674713,0.4,0.6,0.5,198,216,207,11.60445785277232,0.962030473028303,0.08290180249984475,,,
torus_plus1,RGA Fall 2018 torus+1,0,1,4,12,1,1.5,1.25,0.1,0.15,0.125,10.604,0.7895778020674713,0.4,0.6,0.5,216,234,225,16.15259563466184,1.127482335038654,0.06980192908557623,,,
torus_plus1,RGA Fall 2018 torus+1,0,1,4,13,1,1.5,1.25,0.1,0.15,0.125,10.604,0.7895778020674713,0.4,0.6,0.5,234,252,243,21.08578791566285,1.729382946741672,0.08201652002091228,,,
torus_plus1,RGA Fall 2018 torus+1,0,1,4,14,1,1.5,1.25,0.1,0.15,0.125,10.604,0.7895778020674713,0.4,0.6,0.5,252,270,261,25.77462739594842,1.392066778731047,0.05400919118426789,,,
torus_plus1,RGA Fall 2018 torus+1,0,1,4,15,1,1.5,1.25,0.1,0.15,0.125,10.604,0.7895778020674713,0.4,0.6,0.5,270,288,279,25.06763562642889,1.166759623929356,0.04654446240231916,,,
torus_plus1,RGA Fall 2018 torus+1,0,1,4,16,1,1.5,1.25,0.1,0.15,0.125,10.604,0.7895778020674713,0.4,0.6,0.5,288,306,297,22.90784911294968,1.359803779681964,0.05935973180970857,,,
torus_plus1,RGA Fall 2018 torus+1,0,1,4,17,1,1.5,1.25,0.1,0.15,0.125,10.604,0.7895778020674713,0.4,0.6,0.5,306,324,315,18.22704324450192,1.658915971840725,0.09101399220858969,,,
torus_plus1,RGA Fall 2018 torus+1,0,1,4,18,1,1.5,1.25,0.1,0.15,0.125,10.604,0.7895778020674713,0.4,0.6,0.5,324,342,333,12.23384711375328,1.318801435257164,0.1077994046349139,,,
torus_plus1,RGA Fall 2018 torus+1,0,1,4,19,1,1.5,1.25,0.1,0.15,0.125,10.604,0.7895778020674713,0.4,0.6,0.5,342,360,351,6.815930051517522,1.109858274765109,0.1628329907109311,,,
torus_plus1,RGA Fall 2018 torus+1,0,1,5,0,1,1.5,1.25,0.1,0.15,0.125,10.604,0.7895778020674713,0.6,1,0.8,0,18,9,2.248828257385756,0.5758739628734503,0.2560773420478533,,,
torus_plus1,RGA Fall 2018 torus+1,0,1,5,1,1,1.5,1.25,0.1,0.15,0.125,10.604,0.7895778020674713,0.6,1,0.8,18,36,27,5.277184352894485,0.6331592127411192,0.1199804991451241,,,
torus_plus1,RGA Fall 2018 torus+1,0,1,5,2,1,1.5,1.25,0.1,0.15,0.125,10.604,0.7895778020674713,0.6,1,0.8,36,54,45,8.457536519668443,0.6597670099612737,0.07800935986820171,,,
torus_plus1,RGA Fall 2018 torus+1,0,1,5,3,1,1.5,1.25,0.1,0.15,0.125,10.604,0.7895778020674713,0.6,1,0.8,54,72,63,11.5386503752842,0.5871656853212494,0.05088685992071992,,,
torus_plus1,RGA Fall 2018 torus+1,0,1,5,4,1,1.5,1.25,0.1,0.15,0.125,10.604,0.7895778020674713,0.6,1,0.8,72,90,81,12.13507812542792,0.645084372928903,0.05315865017607006,,,
torus_plus1,RGA Fall 2018 torus+1,0,1,5,5,1,1.5,1.25,0.1,0.15,0.125,10.604,0.7895778020674713,0.6,1,0.8,90,108,99,13.89695485161164,0.9598000874740923,0.06906549655824662,,,
torus_plus1,RGA Fall 2018 torus+1,0,1,5,6,1,1.5,1.25,0.1,0.15,0.125,10.604,0.7895778020674713,0.6,1,0.8,108,126,117,10.42838331878774,0.6528648617711609,0.06260460915307571,,,
torus_plus1,RGA Fall 2018 torus+1,0,1,5,7,1,1.5,1.25,0.1,0.15,0.125,10.604,0.7895778020674713,0.6,1,0.8,126,144,135,9.607431652924042,0.652417663266293,0.06790760390866048,,,
torus_plus1,RGA Fall 2018 torus+1,0,1,5,8,1,1.5,1.25,0.1,0.15,0.125,10.604,0.7895778020674713,0.6,1,0.8,144,162,153,7.304332345853047,0.4513955052463446,0.06179832514091714,,,
torus_plus1,RGA Fall 2018 torus+1,0,1,5,9,1,1.5,1.25,0.1,0.15,0.125,10.604,0.7895778020674713,0.6,1,0.8,162,180,171,5.28597757926524,0.3079485382672335,0.05825763232049858,,,
torus_plus1,RGA Fall 2018 torus+1,0,1,5,10,1,1.5,1.25,0.1,0.15,0.125,10.604,0.7895778020674713,0.6,1,0.8,180,198,189,4.869719909087414,0.3608624808017979,0.07410333397787215,,,
torus_plus1,RGA Fall 2018 torus+1,0,1,5,11,1,1.5,1.25,0.1,0.15,0.125,10.604,0.7895778020674713,0.6,1,0.8,198,216,207,5.873712645813727,0.5065705675273112,0.08624367552068636,,,
torus_plus1,RGA Fall 2018 torus+1,0,1,5,12,1,1.5,1.25,0.1,0.15,0.125,10.604,0.7895778020674713,0.6,1,0.8,216,234,225,7.793725526876302,0.5373832375987629,0.06895075221030324,,,
torus_plus1,RGA Fall 2018 torus+1,0,1,5,13,1,1.5,1.25,0.1,0.15,0.125,10.604,0.7895778020674713,0.6,1,0.8,234,252,243,10.891456004996,0.8221021798252911,0.07548138462370746,,,
torus_plus1,RGA Fall 2018 torus+1,0,1,5,14,1,1.5,1.25,0.1,0.15,0.125,10.604,0.7895778020674713,0.6,1,0.8,252,270,261,13.74742148070125,0.5782355045798183,0.04206137895688661,,,
torus_plus1,RGA Fall 2018 torus+1,0,1,5,15,1,1.5,1.25,0.1,0.15,0.125,10.604,0.7895778020674713,0.6,1,0.8,270,288,279,13.26422539108999,0.5193134582890001,0.03915143500485448,,,
torus_plus1,RGA Fall 2018 torus+1,0,1,5,16,1,1.5,1.25,0.1,0.15,0.125,10.604,0.7895778020674713,0.6,1,0.8,288,306,297,10.90612752335723,0.5515866029529516,0.05057584387965758,,,
torus_plus1,RGA Fall 2018 torus+1,0,1,5,17,1,1.5,1.25,0.1,0.15,0.125,10.604,0.7895778020674713,0.6,1,0.8,306,324,315,7.17196403104817,0.8321810988141041,0.1160325254297856,,,
torus_plus1,RGA Fall 2018 torus+1,0,1,5,18,1,1.5,1.25,0.1,0.15,0.125,10.604,0.7895778020674713,0.6,1,0.8,324,342,333,5.614795055033013,0.5842589529948454,0.1040570398862778,,,
torus_plus1,RGA Fall 2018 torus+1,0,1,5,19,1,1.5,1.25,0.1,0.15,0.125,10.604,0.7895778020674713,0.6,1,0.8,342,360,351,2.538487287647773,0.5340619712127309,0.2103859151910925,,,
torus_plus1,RGA Fall 2018 torus+1,0,1,6,0,1,1.5,1.25,0.1,0.15,0.125,10.604,0.7895778020674713,1,1.5,1.25,0,18,9,0.9769951065779378,0.2799404529203484,0.286532093186095,,,
torus_plus1,RGA Fall 2018 torus+1,0,1,6,1,1,1.5,1.25,0.1,0.15,0.125,10.604,0.7895778020674713,1,1.5,1.25,18,36,27,2.776589906722606,0.6220309896916262,0.2240269577389088,,,
torus_plus1,RGA Fall 2018 torus+1,0,1,6,2,1,1.5,1.25,0.1,0.15,0.125,10.604,0.7895778020674713,1,1.5,1.25,36,54,45,4.449300298034326,0.6638442976353099,0.149201953828244,,,
torus_plus1,RGA Fall 2018 torus+1,0,1,6,3,1,1.5,1.25,0.1,0.15,0.125,10.604,0.7895778020674713,1,1.5,1.25,54,72,63,5.272369232087319,0.3640091274669919,0.06904090200125866,,,
torus_plus1,RGA Fall 2018 torus+1,0,1,6,4,1,1.5,1.25,0.1,0.15,0.125,10.604,0.7895778020674713,1,1.5,1.25,72,90,81,6.699433787391876,0.4235724499675708,0.06322511176462715,,,
torus_plus1,RGA Fall 2018 torus+1,0,1,6,5,1,1.5,1.25,0.1,0.15,0.125,10.604,0.7895778020674713,1,1.5,1.25,90,108,99,7.308201501142506,0.556258470019926,0.0761142765334214,,,
torus_plus1,RGA Fall 2018 torus+1,0,1,6,6,1,1.5,1.25,0.1,0.15,0.125,10.604,0.7895778020674713,1,1.5,1.25,108,126,117,6.183503119793603,0.5674255723695791,0.09176441919358473,,,
torus_plus1,RGA Fall 2018 torus+1,0,1,6,7,1,1.5,1.25,0.1,0.15,0.125,10.604,0.7895778020674713,1,1.5,1.25,126,144,135,4.509548024003011,0.4820536919400971,0.1068962320335133,,,
torus_plus1,RGA Fall 2018 torus+1,0,1,6,8,1,1.5,1.25,0.1,0.15,0.125,10.604,0.7895778020674713,1,1.5,1.25,144,162,153,3.309427634781862,0.2587608234600768,0.07818899580716554,,,
torus_plus1,RGA Fall 2018 torus+1,0,1,6,9,1,1.5,1.25,0.1,0.15,0.125,10.604,0.7895778020674713,1,1.5,1.25,162,180,171,2.133079400894046,0.1879407812153846,0.08810772873087247,,,
torus_plus1,RGA Fall 2018 torus+1,0,1,6,10,1,1.5,1.25,0.1,0.15,0.125,10.604,0.7895778020674713,1,1.5,1.25,180,198,189,1.974705938013675,0.1945035361408518,0.0984974686086678,,,
torus_plus1,RGA Fall 2018 torus+1,0,1,6,11,1,1.5,1.25,0.1,0.15,0.125,10.604,0.7895778020674713,1,1.5,1.25,198,216,207,2.798637814664134,0.3121314133027458,0.1115297633967705,,,
torus_plus1,RGA Fall 2018 torus+1,0,1,6,12,1,1.5,1.25,0.1,0.15,0.125,10.604,0.7895778020674713,1,1.5,1.25,216,234,225,3.614414147855287,0.4157581819429168,0.1150278205361769,,,
torus_plus1,RGA Fall 2018 torus+1,0,1,6,13,1,1.5,1.25,0.1,0.15,0.125,10.604,0.7895778020674713,1,1.5,1.25,234,252,243,5.889952183433119,0.5554560680660643,0.09430570075397481,,,
torus_plus1,RGA Fall 2018 torus+1,0,1,6,14,1,1.5,1.25,0.1,0.15,0.125,10.604,0.7895778020674713,1,1.5,1.25,252,270,261,7.878627996871701,0.4520762389945532,0.05738007165385333,,,
torus_plus1,RGA Fall 2018 torus+1,0,1,6,15,1,1.5,1.25,0.1,0.15,0.125,10.604,0.7895778020674713,1,1.5,1.25,270,288,279,7.275500296583593,0.4169178864522554,0.05730435976313965,,,
torus_plus1,RGA Fall 2018 torus+1,0,1,6,16,1,1.5,1.25,0.1,0.15,0.125,10.604,0.7895778020674713,1,1.5,1.25,288,306,297,5.235645743554358,0.5007083642360907,0.09563450026245882,,,
torus_plus1,RGA Fall 2018 torus+1,0,1,6,17,1,1.5,1.25,0.1,0.15,0.125,10.604,0.7895778020674713,1,1.5,1.25,306,324,315,2.831478661810079,0.5671156066271582,0.2002895569287527,,,
torus_plus1,RGA Fall 2018 torus+1,0,1,6,18,1,1.5,1.25,0.1,0.15,0.125,10.604,0.7895778020674713,1,1.5,1.25,324,342,333,2.77409206628707,0.4696282628063552,0.169290799146014,,,
torus_plus1,RGA Fall 2018 torus+1,0,1,6,19,1,1.5,1.25,0.1,0.15,0.125,10.604,0.7895778020674713,1,1.5,1.25,342,360,351,1.503964270028809,0.3496006578576915,0.2324527682103743,,,
torus_plus1,RGA Fall 2018 torus+1,0,1,7,1,1,1.5,1.25,0.1,0.15,0.125,10.604,0.7895778020674713,1.5,2,1.75,18,36,27,0.9765384439825084,0.317926730627383,0.3255649919227119,,,
torus_plus1,RGA Fall 2018 torus+1,0,1,7,2,1,1.5,1.25,0.1,0.15,0.125,10.604,0.7895778020674713,1.5,2,1.75,36,54,45,1.538844708236524,0.5129652066103575,0.3333443614321567,,,
torus_plus1,RGA Fall 2018 torus+1,0,1,7,3,1,1.5,1.25,0.1,0.15,0.125,10.604,0.7895778020674713,1.5,2,1.75,54,72,63,2.349636657382888,0.3597257064475021,0.1530984398448132,,,
torus_plus1,RGA Fall 2018 torus+1,0,1,7,4,1,1.5,1.25,0.1,0.15,0.125,10.604,0.7895778020674713,1.5,2,1.75,72,90,81,3.645747807184851,0.3536424278449256,0.09700134143891835,,,
torus_plus1,RGA Fall 2018 torus+1,0,1,7,5,1,1.5,1.25,0.1,0.15,0.125,10.604,0.7895778020674713,1.5,2,1.75,90,108,99,3.266014258157163,0.3982151137916286,0.1219269367232708,,,
torus_plus1,RGA Fall 2018 torus+1,0,1,7,6,1,1.5,1.25,0.1,0.15,0.125,10.604,0.7895778020674713,1.5,2,1.75,108,126,117,3.394430144213345,0.4268055916089741,0.125737037875583,,,
torus_plus1,RGA Fall 2018 torus+1,0,1,7,7,1,1.5,1.25,0.1,0.15,0.125,10.604,0.7895778020674713,1.5,2,1.75,126,144,135,2.24748579401105,0.283892911257008,0.1263157756162495,,,
torus_plus1,RGA Fall 2018 torus+1,0,1,7,8,1,1.5,1.25,0.1,0.15,0.125,10.604,0.7895778020674713,1.5,2,1.75,144,162,153,1.499151862491598,0.159603182882068,0.106462318378344,,,
torus_plus1,RGA Fall 2018 torus+1,0,1,7,9,1,1.5,1.25,0.1,0.15,0.125,10.604,0.7895778020674713,1.5,2,1.75,162,180,171,0.8506395384191104,0.1094332273889777,0.1286481787483759,,,
torus_plus1,RGA Fall 2018 torus+1,0,1,7,10,1,1.5,1.25,0.1,0.15,0.125,10.604,0.7895778020674713,1.5,2,1.75,180,198,189,0.7742038171778903,0.1305411903339152,0.1686134677167582,,,
torus_plus1,RGA Fall 2018 torus+1,0,1,7,11,1,1.5,1.25,0.1,0.15,0.125,10.604,0.7895778020674713,1.5,2,1.75,198,216,207,1.280867040702633,0.1791000636394316,0.1398272091857281,,,
torus_plus1,RGA Fall 2018 torus+1,0,1,7,12,1,1.5,1.25,0.1,0.15,0.125,10.604,0.7895778020674713,1.5,2,1.75,216,234,225,1.543235676236914,0.231681553747278,0.1501271369725066,,,
torus_plus1,RGA Fall 2018 torus+1,0,1,7,13,1,1.5,1.25,0.1,0.15,0.125,10.604,0.7895778020674713,1.5,2,1.75,234,252,243,3.35157605788638,0.3916911318285908,0.1168677437311701,,,
torus_plus1,RGA Fall 2018 torus+1,0,1,7,14,1,1.5,1.25,0.1,0.15,0.125,10.604,0.7895778020674713,1.5,2,1.75,252,270,261,3.738411677569237,0.3924079584348971,0.1049664917294624,,,
torus_plus1,RGA Fall 2018 torus+1,0,1,7,15,1,1.5,1.25,0.1,0.15,0.125,10.604,0.7895778020674713,1.5,2,1.75,270,288,279,3.515363099646585,0.3815373664757769,0.1085342696218592,,,
torus_plus1,RGA Fall 2018 torus+1,0,1,7,16,1,1.5,1.25,0.1,0.15,0.125,10.604,0.7895778020674713,1.5,2,1.75,288,306,297,2.039099128024464,0.4658931566193461,0.2284798959581315,,,
torus_plus1,RGA Fall 2018 torus+1,0,1,7,17,1,1.5,1.25,0.1,0.15,0.125,10.604,0.7895778020674713,1.5,2,1.75,306,324,315,1.860262162363758,0.4104149907955593,0.2206221247192718,,,
torus_plus1,RGA Fall 2018 torus+1,0,1,7,18,1,1.5,1.25,0.1,0.15,0.125,10.604,0.7895778020674713,1.5,2,1.75,324,342,333,1.221161387835157,0.3829972821432979,0.3136336326701791,,,
torus_plus1,RGA Fall 2018 torus+1,0,2,0,0,1,1.5,1.25,0.15,0.2,0.175,10.604,0.9011874603084747,0.09,0.15,0.12,0,18,9,54.45163323682245,7.630170457715508,0.1401274856996515,,,
torus_plus1,RGA Fall 2018 torus+1,0,2,0,1,1,1.5,1.25,0.15,0.2,0.175,10.604,0.9011874603084747,0.09,0.15,0.12,18,36,27,61.28821325164613,6.772777899612705,0.1105070215019002,,,
torus_plus1,RGA Fall 2018 torus+1,0,2,0,2,1,1.5,1.25,0.15,0.2,0.175,10.604,0.9011874603084747,0.09,0.15,0.12,36,54,45,85.87536906560949,8.202955611234401,0.09552163443940806,,,
torus_plus1,RGA Fall 2018 torus+1,0,2,0,3,1,1.5,1.25,0.15,0.2,0.175,10.604,0.9011874603084747,0.09,0.15,0.12,54,72,63,132.5651951289958,14.34526233404515,0.1082128858942662,,,
torus_plus1,RGA Fall 2018 torus+1,0,2,0,4,1,1.5,1.25,0.15,0.2,0.175,10.604,0.9011874603084747,0.09,0.15,0.12,72,90,81,122.9473896375596,14.10500181019405,0.1147238819122116,,,
torus_plus1,RGA Fall 2018 torus+1,0,2,0,5,1,1.5,1.25,0.15,0.2,0.175,10.604,0.9011874603084747,0.09,0.15,0.12,90,108,99,129.4764813328888,11.61484127201746,0.08970618565201255,,,
torus_plus1,RGA Fall 2018 torus+1,0,2,0,6,1,1.5,1.25,0.15,0.2,0.175,10.604,0.9011874603084747,0.09,0.15,0.12,108,126,117,129.2627373286205,17.49265534946576,0.1353263570846,,,
torus_plus1,RGA Fall 2018 torus+1,0,2,0,14,1,1.5,1.25,0.15,0.2,0.175,10.604,0.9011874603084747,0.09,0.15,0.12,252,270,261,124.6191096137217,18.60266231944526,0.1492761613937653,,,
torus_plus1,RGA Fall 2018 torus+1,0,2,0,15,1,1.5,1.25,0.15,0.2,0.175,10.604,0.9011874603084747,0.09,0.15,0.12,270,288,279,123.1202493252916,14.58734690872708,0.1184804854495248,,,
torus_plus1,RGA Fall 2018 torus+1,0,2,0,16,1,1.5,1.25,0.15,0.2,0.175,10.604,0.9011874603084747,0.09,0.15,0.12,288,306,297,91.67647177143272,15.95226908372444,0.1740061411121552,,,
torus_plus1,RGA Fall 2018 torus+1,0,2,0,17,1,1.5,1.25,0.15,0.2,0.175,10.604,0.9011874603084747,0.09,0.15,0.12,306,324,315,64.19385807455005,12.45667359164979,0.194047747950957,,,
torus_plus1,RGA Fall 2018 torus+1,0,2,0,18,1,1.5,1.25,0.15,0.2,0.175,10.604,0.9011874603084747,0.09,0.15,0.12,324,342,333,56.03900058247927,9.187999748452787,0.1639572378691821,,,
torus_plus1,RGA Fall 2018 torus+1,0,2,0,19,1,1.5,1.25,0.15,0.2,0.175,10.604,0.9011874603084747,0.09,0.15,0.12,342,360,351,35.70146955644931,5.542883001612285,0.1552564381936202,,,
torus_plus1,RGA Fall 2018 torus+1,0,2,1,0,1,1.5,1.25,0.15,0.2,0.175,10.604,0.9011874603084747,0.15,0.2,0.175,0,18,9,53.19562779635529,6.652109813305187,0.1250499352836091,,,
torus_plus1,RGA Fall 2018 torus+1,0,2,1,1,1,1.5,1.25,0.15,0.2,0.175,10.604,0.9011874603084747,0.15,0.2,0.175,18,36,27,67.23497805120891,6.409558748892939,0.09533071824625505,,,
torus_plus1,RGA Fall 2018 torus+1,0,2,1,2,1,1.5,1.25,0.15,0.2,0.175,10.604,0.9011874603084747,0.15,0.2,0.175,36,54,45,92.90702809160234,7.47092414118254,0.08041290626384616,,,
torus_plus1,RGA Fall 2018 torus+1,0,2,1,3,1,1.5,1.25,0.15,0.2,0.175,10.604,0.9011874603084747,0.15,0.2,0.175,54,72,63,104.630940723103,10.36143584518216,0.09902841141993393,,,
torus_plus1,RGA Fall 2018 torus+1,0,2,1,4,1,1.5,1.25,0.15,0.2,0.175,10.604,0.9011874603084747,0.15,0.2,0.175,72,90,81,114.090290899372,10.01201627278745,0.08775519979713338,,,
torus_plus1,RGA Fall 2018 torus+1,0,2,1,5,1,1.5,1.25,0.15,0.2,0.175,10.604,0.9011874603084747,0.15,0.2,0.175,90,108,99,114.8888081956211,6.836927933258645,0.05950908570326025,,,
torus_plus1,RGA Fall 2018 torus+1,0,2,1,6,1,1.5,1.25,0.15,0.2,0.175,10.604,0.9011874603084747,0.15,0.2,0.175,108,126,117,108.6964017828838,7.110783857193312,0.06541876033207412,,,
torus_plus1,RGA Fall 2018 torus+1,0,2,1,7,1,1.5,1.25,0.15,0.2,0.175,10.604,0.9011874603084747,0.15,0.2,0.175,126,144,135,105.3957392442412,10.00962964722691,0.09497186242065123,,,
torus_plus1,RGA Fall 2018 torus+1,0,2,1,8,1,1.5,1.25,0.15,0.2,0.175,10.604,0.9011874603084747,0.15,0.2,0.175,144,162,153,65.71243619051619,9.620934303195625,0.1464096426938459,,,
torus_plus1,RGA Fall 2018 torus+1,0,2,1,9,1,1.5,1.25,0.15,0.2,0.175,10.604,0.9011874603084747,0.15,0.2,0.175,162,180,171,36.977926214417,8.034272077524683,0.217272110689438,,,
torus_plus1,RGA Fall 2018 torus+1,0,2,1,11,1,1.5,1.25,0.15,0.2,0.175,10.604,0.9011874603084747,0.15,0.2,0.175,198,216,207,65.46579000364906,9.63492500261877,0.1471749596557488,,,
torus_plus1,RGA Fall 2018 torus+1,0,2,1,12,1,1.5,1.25,0.15,0.2,0.175,10.604,0.9011874603084747,0.15,0.2,0.175,216,234,225,81.87881899138802,9.846269045163908,0.1202541654417308,,,
torus_plus1,RGA Fall 2018 torus+1,0,2,1,13,1,1.5,1.25,0.15,0.2,0.175,10.604,0.9011874603084747,0.15,0.2,0.175,234,252,243,133.4495058475846,12.05493380697883,0.09033329670584928,,,
torus_plus1,RGA Fall 2018 torus+1,0,2,1,14,1,1.5,1.25,0.15,0.2,0.175,10.604,0.9011874603084747,0.15,0.2,0.175,252,270,261,120.9245041488599,11.00650871882944,0.09101967211939326,,,
torus_plus1,RGA Fall 2018 torus+1,0,2,1,15,1,1.5,1.25,0.15,0.2,0.175,10.604,0.9011874603084747,0.15,0.2,0.175,270,288,279,124.1141641425319,11.68340633669875,0.09413435136445505,,,
torus_plus1,RGA Fall 2018 torus+1,0,2,1,16,1,1.5,1.25,0.15,0.2,0.175,10.604,0.9011874603084747,0.15,0.2,0.175,288,306,297,105.8338730061705,13.32933262156202,0.1259458077357224,,,
torus_plus1,RGA Fall 2018 torus+1,0,2,1,17,1,1.5,1.25,0.15,0.2,0.175,10.604,0.9011874603084747,0.15,0.2,0.175,306,324,315,58.45027899448486,10.93670441640887,0.1871112440274377,,,
torus_plus1,RGA Fall 2018 torus+1,0,2,1,18,1,1.5,1.25,0.15,0.2,0.175,10.604,0.9011874603084747,0.15,0.2,0.175,324,342,333,48.54781570950939,8.517222234646244,0.1754398650108148,,,
torus_plus1,RGA Fall 2018 torus+1,0,2,1,19,1,1.5,1.25,0.15,0.2,0.175,10.604,0.9011874603084747,0.15,0.2,0.175,342,360,351,38.8990072697059,5.427143569849635,0.1395188193935281,,,
torus_plus1,RGA Fall 2018 torus+1,0,2,2,0,1,1.5,1.25,0.15,0.2,0.175,10.604,0.9011874603084747,0.2,0.3,0.25,0,18,9,37.45381472050662,3.979394861155697,0.1062480521904464,,,
torus_plus1,RGA Fall 2018 torus+1,0,2,2,1,1,1.5,1.25,0.15,0.2,0.175,10.604,0.9011874603084747,0.2,0.3,0.25,18,36,27,52.81440814961066,5.228914249502785,0.0990054500788973,,,
torus_plus1,RGA Fall 2018 torus+1,0,2,2,2,1,1.5,1.25,0.15,0.2,0.175,10.604,0.9011874603084747,0.2,0.3,0.25,36,54,45,77.84588993652422,6.684423529828308,0.08586739178238964,,,
torus_plus1,RGA Fall 2018 torus+1,0,2,2,3,1,1.5,1.25,0.15,0.2,0.175,10.604,0.9011874603084747,0.2,0.3,0.25,54,72,63,101.5661644995999,9.585967820078801,0.09438150852015839,,,
torus_plus1,RGA Fall 2018 torus+1,0,2,2,4,1,1.5,1.25,0.15,0.2,0.175,10.604,0.9011874603084747,0.2,0.3,0.25,72,90,81,112.8872738044509,7.040280346833503,0.06236558036673854,,,
torus_plus1,RGA Fall 2018 torus+1,0,2,2,5,1,1.5,1.25,0.15,0.2,0.175,10.604,0.9011874603084747,0.2,0.3,0.25,90,108,99,121.4469164365723,5.089900045957139,0.04191049221587626,,,
torus_plus1,RGA Fall 2018 torus+1,0,2,2,6,1,1.5,1.25,0.15,0.2,0.175,10.604,0.9011874603084747,0.2,0.3,0.25,108,126,117,104.8027967806033,4.239607388027265,0.04045318940202102,,,
torus_plus1,RGA Fall 2018 torus+1,0,2,2,7,1,1.5,1.25,0.15,0.2,0.175,10.604,0.9011874603084747,0.2,0.3,0.25,126,144,135,85.32700543714562,4.563341226482998,0.05348062085507606,,,
torus_plus1,RGA Fall 2018 torus+1,0,2,2,8,1,1.5,1.25,0.15,0.2,0.175,10.604,0.9011874603084747,0.2,0.3,0.25,144,162,153,47.84255962330777,3.90958710077994,0.08171776618062218,,,
torus_plus1,RGA Fall 2018 torus+1,0,2,2,9,1,1.5,1.25,0.15,0.2,0.175,10.604,0.9011874603084747,0.2,0.3,0.25,162,180,171,27.11821091968988,2.968242641848349,0.1094556956813541,,,
torus_plus1,RGA Fall 2018 torus+1,0,2,2,10,1,1.5,1.25,0.15,0.2,0.175,10.604,0.9011874603084747,0.2,0.3,0.25,180,198,189,24.40998444315598,3.778151636465767,0.1547789448724977,,,
torus_plus1,RGA Fall 2018 torus+1,0,2,2,11,1,1.5,1.25,0.15,0.2,0.175,10.604,0.9011874603084747,0.2,0.3,0.25,198,216,207,45.30101083498393,4.115592693351212,0.09084990858908,,,
torus_plus1,RGA Fall 2018 torus+1,0,2,2,12,1,1.5,1.25,0.15,0.2,0.175,10.604,0.9011874603084747,0.2,0.3,0.25,216,234,225,81.13727124490445,4.526977118461403,0.05579405184575645,,,
torus_plus1,RGA Fall 2018 torus+1,0,2,2,13,1,1.5,1.25,0.15,0.2,0.175,10.604,0.9011874603084747,0.2,0.3,0.25,234,252,243,103.6634915882132,6.169390279644758,0.05951362611006472,,,
torus_plus1,RGA Fall 2018 torus+1,0,2,2,14,1,1.5,1.25,0.15,0.2,0.175,10.604,0.9011874603084747,0.2,0.3,0.25,252,270,261,120.8242453510994,6.991251298809411,0.05786298336475228,,,
torus_plus1,RGA Fall 2018 torus+1,0,2,2,15,1,1.5,1.25,0.15,0.2,0.175,10.604,0.9011874603084747,0.2,0.3,0.25,270,288,279,122.2817813670585,7.54839101174719,0.06172948191757903,,,
torus_plus1,RGA Fall 2018 torus+1,0,2,2,16,1,1.5,1.25,0.15,0.2,0.175,10.604,0.9011874603084747,0.2,0.3,0.25,288,306,297,98.08530801545392,7.829933766050319,0.07982779403431824,,,
torus_plus1,RGA Fall 2018 torus+1,0,2,2,17,1,1.5,1.25,0.15,0.2,0.175,10.604,0.9011874603084747,0.2,0.3,0.25,306,324,315,57.1563849436655,7.135075673734113,0.1248342714600755,,,
torus_plus1,RGA Fall 2018 torus+1,0,2,2,18,1,1.5,1.25,0.15,0.2,0.175,10.604,0.9011874603084747,0.2,0.3,0.25,324,342,333,47.06874700836664,6.66333860435067,0.1415660927444327,,,
torus_plus1,RGA Fall 2018 torus+1,0,2,2,19,1,1.5,1.25,0.15,0.2,0.175,10.604,0.9011874603084747,0.2,0.3,0.25,342,360,351,38.58497787584781,5.19774050788255,0.1347089150758867,,,
torus_plus1,RGA Fall 2018 torus+1,0,2,3,0,1,1.5,1.25,0.15,0.2,0.175,10.604,0.9011874603084747,0.3,0.4,0.35,0,18,9,27.44452960345536,3.513054488902156,0.128005636812221,,,
torus_plus1,RGA Fall 2018 torus+1,0,2,3,1,1,1.5,1.25,0.15,0.2,0.175,10.604,0.9011874603084747,0.3,0.4,0.35,18,36,27,43.45595787139587,6.989506829649642,0.1608411636060234,,,
torus_plus1,RGA Fall 2018 torus+1,0,2,3,2,1,1.5,1.25,0.15,0.2,0.175,10.604,0.9011874603084747,0.3,0.4,0.35,36,54,45,53.40677590477763,7.368090238276452,0.1379617120384405,,,
torus_plus1,RGA Fall 2018 torus+1,0,2,3,3,1,1.5,1.25,0.15,0.2,0.175,10.604,0.9011874603084747,0.3,0.4,0.35,54,72,63,69.1248800536911,6.792341874434034,0.09826189744066456,,,
torus_plus1,RGA Fall 2018 torus+1,0,2,3,4,1,1.5,1.25,0.15,0.2,0.175,10.604,0.9011874603084747,0.3,0.4,0.35,72,90,81,91.19338558206739,7.4284250392944,0.08145793679969651,,,
torus_plus1,RGA Fall 2018 torus+1,0,2,3,5,1,1.5,1.25,0.15,0.2,0.175,10.604,0.9011874603084747,0.3,0.4,0.35,90,108,99,95.66892766950532,4.666949538543029,0.04878229172449091,,,
torus_plus1,RGA Fall 2018 torus+1,0,2,3,6,1,1.5,1.25,0.15,0.2,0.175,10.604,0.9011874603084747,0.3,0.4,0.35,108,126,117,83.55523165075718,4.058984499308863,0.04857846024859989,,,
torus_plus1,RGA Fall 2018 torus+1,0,2,3,7,1,1.5,1.25,0.15,0.2,0.175,10.604,0.9011874603084747,0.3,0.4,0.35,126,144,135,54.76464386722151,3.377297086822513,0.06166929698312052,,,
torus_plus1,RGA Fall 2018 torus+1,0,2,3,8,1,1.5,1.25,0.15,0.2,0.175,10.604,0.9011874603084747,0.3,0.4,0.35,144,162,153,30.6872679192413,2.295461914427134,0.07480176861843901,,,
torus_plus1,RGA Fall 2018 torus+1,0,2,3,9,1,1.5,1.25,0.15,0.2,0.175,10.604,0.9011874603084747,0.3,0.4,0.35,162,180,171,18.06780909009326,1.292049454552488,0.07151113054769492,,,
torus_plus1,RGA Fall 2018 torus+1,0,2,3,10,1,1.5,1.25,0.15,0.2,0.175,10.604,0.9011874603084747,0.3,0.4,0.35,180,198,189,13.91806837998897,1.28747378769786,0.09250376938433182,,,
torus_plus1,RGA Fall 2018 torus+1,0,2,3,11,1,1.5,1.25,0.15,0.2,0.175,10.604,0.9011874603084747,0.3,0.4,0.35,198,216,207,32.28183790410411,2.508500994263583,0.0777062632466991,,,
torus_plus1,RGA Fall 2018 torus+1,0,2,3,12,1,1.5,1.25,0.15,0.2,0.175,10.604,0.9011874603084747,0.3,0.4,0.35,216,234,225,53.62401476558913,3.751320510292242,0.06995598010873828,,,
torus_plus1,RGA Fall 2018 torus+1,0,2,3,13,1,1.5,1.25,0.15,0.2,0.175,10.604,0.9011874603084747,0.3,0.4,0.35,234,252,243,70.69471391494255,4.796802600610913,0.06785235182339462,,,
torus_plus1,RGA Fall 2018 torus+1,0,2,3,14,1,1.5,1.25,0.15,0.2,0.175,10.604,0.9011874603084747,0.3,0.4,0.35,252,270,261,82.80354503179858,4.515926740463295,0.05453784302023625,,,
torus_plus1,RGA Fall 2018 torus+1,0,2,3,15,1,1.5,1.25,0.15,0.2,0.175,10.604,0.9011874603084747,0.3,0.4,0.35,270,288,279,89.69379309089521,4.62184111653572,0.05152910761452546,,,
torus_plus1,RGA Fall 2018 torus+1,0,2,3,16,1,1.5,1.25,0.15,0.2,0.175,10.604,0.9011874603084747,0.3,0.4,0.35,288,306,297,83.48773580033989,4.816192223118677,0.05768742171468818,,,
torus_plus1,RGA Fall 2018 torus+1,0,2,3,17,1,1.5,1.25,0.15,0.2,0.175,10.604,0.9011874603084747,0.3,0.4,0.35,306,324,315,63.56712466861632,5.191756784755792,0.08167361370867558,,,
torus_plus1,RGA Fall 2018 torus+1,0,2,3,18,1,1.5,1.25,0.15,0.2,0.175,10.604,0.9011874603084747,0.3,0.4,0.35,324,342,333,29.991174099828,4.797020696840704,0.1599477459893181,,,
torus_plus1,RGA Fall 2018 torus+1,0,2,3,19,1,1.5,1.25,0.15,0.2,0.175,10.604,0.9011874603084747,0.3,0.4,0.35,342,360,351,23.17626392038022,2.9891643206748,0.1289752451449371,,,
torus_plus1,RGA Fall 2018 torus+1,0,2,4,0,1,1.5,1.25,0.15,0.2,0.175,10.604,0.9011874603084747,0.4,0.6,0.5,0,18,9,16.11564096685542,1.812119096202506,0.112444742342513,,,
torus_plus1,RGA Fall 2018 torus+1,0,2,4,1,1,1.5,1.25,0.15,0.2,0.175,10.604,0.9011874603084747,0.4,0.6,0.5,18,36,27,32.77705291474063,3.789445984410532,0.1156127731882303,,,
torus_plus1,RGA Fall 2018 torus+1,0,2,4,2,1,1.5,1.25,0.15,0.2,0.175,10.604,0.9011874603084747,0.4,0.6,0.5,36,54,45,36.15247846311532,3.025855298655142,0.08369703620022291,,,
torus_plus1,RGA Fall 2018 torus+1,0,2,4,3,1,1.5,1.25,0.15,0.2,0.175,10.604,0.9011874603084747,0.4,0.6,0.5,54,72,63,51.90281029783763,2.500424198163001,0.04817512161315808,,,
torus_plus1,RGA Fall 2018 torus+1,0,2,4,4,1,1.5,1.25,0.15,0.2,0.175,10.604,0.9011874603084747,0.4,0.6,0.5,72,90,81,62.75056893402451,3.092366932379158,0.0492803011177548,,,
torus_plus1,RGA Fall 2018 torus+1,0,2,4,5,1,1.5,1.25,0.15,0.2,0.175,10.604,0.9011874603084747,0.4,0.6,0.5,90,108,99,64.73308781856667,3.050432910456049,0.04712324119321754,,,
torus_plus1,RGA Fall 2018 torus+1,0,2,4,6,1,1.5,1.25,0.15,0.2,0.175,10.604,0.9011874603084747,0.4,0.6,0.5,108,126,117,51.44816386454125,2.192966056496485,0.04262476815052881,,,
torus_plus1,RGA Fall 2018 torus+1,0,2,4,7,1,1.5,1.25,0.15,0.2,0.175,10.604,0.9011874603084747,0.4,0.6,0.5,126,144,135,41.6428101573696,1.95880762321847,0.04703831503724339,,,
torus_plus1,RGA Fall 2018 torus+1,0,2,4,8,1,1.5,1.25,0.15,0.2,0.175,10.604,0.9011874603084747,0.4,0.6,0.5,144,162,153,22.99696072212362,1.055711960066633,0.04590658621471718,,,
torus_plus1,RGA Fall 2018 torus+1,0,2,4,9,1,1.5,1.25,0.15,0.2,0.175,10.604,0.9011874603084747,0.4,0.6,0.5,162,180,171,14.31385881287338,0.7276148635432402,0.05083289370500491,,,
torus_plus1,RGA Fall 2018 torus+1,0,2,4,10,1,1.5,1.25,0.15,0.2,0.175,10.604,0.9011874603084747,0.4,0.6,0.5,180,198,189,15.31076391801889,0.771358969559211,0.05038017526032233,,,
torus_plus1,RGA Fall 2018 torus+1,0,2,4,11,1,1.5,1.25,0.15,0.2,0.175,10.604,0.9011874603084747,0.4,0.6,0.5,198,216,207,22.70444447368648,1.282626419820465,0.05649230578211138,,,
torus_plus1,RGA Fall 2018 torus+1,0,2,4,12,1,1.5,1.25,0.15,0.2,0.175,10.604,0.9011874603084747,0.4,0.6,0.5,216,234,225,39.37835501303725,2.04010180479303,0.05180769496637431,,,
torus_plus1,RGA Fall 2018 torus+1,0,2,4,13,1,1.5,1.25,0.15,0.2,0.175,10.604,0.9011874603084747,0.4,0.6,0.5,234,252,243,53.61862983863636,2.818584295853561,0.05256725702122574,,,
torus_plus1,RGA Fall 2018 torus+1,0,2,4,14,1,1.5,1.25,0.15,0.2,0.175,10.604,0.9011874603084747,0.4,0.6,0.5,252,270,261,61.56865473817434,2.445269406892969,0.03971614155436193,,,
torus_plus1,RGA Fall 2018 torus+1,0,2,4,15,1,1.5,1.25,0.15,0.2,0.175,10.604,0.9011874603084747,0.4,0.6,0.5,270,288,279,57.44395625047522,1.855911561217672,0.03230821277568811,,,
torus_plus1,RGA Fall 2018 torus+1,0,2,4,16,1,1.5,1.25,0.15,0.2,0.175,10.604,0.9011874603084747,0.4,0.6,0.5,288,306,297,55.23260621884604,2.119796824706458,0.03837944594371064,,,
torus_plus1,RGA Fall 2018 torus+1,0,2,4,17,1,1.5,1.25,0.15,0.2,0.175,10.604,0.9011874603084747,0.4,0.6,0.5,306,324,315,44.58986232968522,2.359558129587884,0.05291691892076181,,,
torus_plus1,RGA Fall 2018 torus+1,0,2,4,18,1,1.5,1.25,0.15,0.2,0.175,10.604,0.9011874603084747,0.4,0.6,0.5,324,342,333,27.54572573099714,2.305846275973663,0.08370976675262906,,,
torus_plus1,RGA Fall 2018 torus+1,0,2,4,19,1,1.5,1.25,0.15,0.2,0.175,10.604,0.9011874603084747,0.4,0.6,0.5,342,360,351,17.38862131960288,1.725718420173131,0.09924411995950831,,,
torus_plus1,RGA Fall 2018 torus+1,0,2,5,0,1,1.5,1.25,0.15,0.2,0.175,10.604,0.9011874603084747,0.6,1,0.8,0,18,9,4.648496345883014,0.7699853990998135,0.1656418208829525,,,
torus_plus1,RGA Fall 2018 torus+1,0,2,5,1,1,1.5,1.25,0.15,0.2,0.175,10.604,0.9011874603084747,0.6,1,0.8,18,36,27,10.45856148301875,1.184159301984568,0.1132239174486139,,,
torus_plus1,RGA Fall 2018 torus+1,0,2,5,2,1,1.5,1.25,0.15,0.2,0.175,10.604,0.9011874603084747,0.6,1,0.8,36,54,45,19.00199464690137,0.9293281889394956,0.04890687563113485,,,
torus_plus1,RGA Fall 2018 torus+1,0,2,5,3,1,1.5,1.25,0.15,0.2,0.175,10.604,0.9011874603084747,0.6,1,0.8,54,72,63,25.76575777511552,0.8820361276134226,0.03423288130362268,,,
torus_plus1,RGA Fall 2018 torus+1,0,2,5,4,1,1.5,1.25,0.15,0.2,0.175,10.604,0.9011874603084747,0.6,1,0.8,72,90,81,30.55597202145654,1.124381949005381,0.03679745315304762,,,
torus_plus1,RGA Fall 2018 torus+1,0,2,5,5,1,1.5,1.25,0.15,0.2,0.175,10.604,0.9011874603084747,0.6,1,0.8,90,108,99,32.95825474526141,1.507156497166003,0.04572925686796855,,,
torus_plus1,RGA Fall 2018 torus+1,0,2,5,6,1,1.5,1.25,0.15,0.2,0.175,10.604,0.9011874603084747,0.6,1,0.8,108,126,117,24.85527749710114,1.309409197797838,0.05268133489761095,,,
torus_plus1,RGA Fall 2018 torus+1,0,2,5,7,1,1.5,1.25,0.15,0.2,0.175,10.604,0.9011874603084747,0.6,1,0.8,126,144,135,19.33518772628149,0.9410990910880789,0.0486728706444822,,,
torus_plus1,RGA Fall 2018 torus+1,0,2,5,8,1,1.5,1.25,0.15,0.2,0.175,10.604,0.9011874603084747,0.6,1,0.8,144,162,153,12.73803206428135,0.5643977295747947,0.04430807888743031,,,
torus_plus1,RGA Fall 2018 torus+1,0,2,5,9,1,1.5,1.25,0.15,0.2,0.175,10.604,0.9011874603084747,0.6,1,0.8,162,180,171,11.23698019266247,0.4971499141361926,0.04424230581636354,,,
torus_plus1,RGA Fall 2018 torus+1,0,2,5,10,1,1.5,1.25,0.15,0.2,0.175,10.604,0.9011874603084747,0.6,1,0.8,180,198,189,9.919426413145732,0.4788263753341478,0.04827157895940259,,,
torus_plus1,RGA Fall 2018 torus+1,0,2,5,11,1,1.5,1.25,0.15,0.2,0.175,10.604,0.9011874603084747,0.6,1,0.8,198,216,207,13.50254502699418,0.7091200771624488,0.05251751249448022,,,
torus_plus1,RGA Fall 2018 torus+1,0,2,5,12,1,1.5,1.25,0.15,0.2,0.175,10.604,0.9011874603084747,0.6,1,0.8,216,234,225,18.05022689403299,1.06733717190236,0.05913150998978291,,,
torus_plus1,RGA Fall 2018 torus+1,0,2,5,13,1,1.5,1.25,0.15,0.2,0.175,10.604,0.9011874603084747,0.6,1,0.8,234,252,243,25.98640185438834,1.39690827472446,0.05375535568763487,,,
torus_plus1,RGA Fall 2018 torus+1,0,2,5,14,1,1.5,1.25,0.15,0.2,0.175,10.604,0.9011874603084747,0.6,1,0.8,252,270,261,30.33021402430033,1.085991460747005,0.03580559833428533,,,
torus_plus1,RGA Fall 2018 torus+1,0,2,5,15,1,1.5,1.25,0.15,0.2,0.175,10.604,0.9011874603084747,0.6,1,0.8,270,288,279,30.98965664138328,0.938909020023364,0.03029749670635441,,,
torus_plus1,RGA Fall 2018 torus+1,0,2,5,16,1,1.5,1.25,0.15,0.2,0.175,10.604,0.9011874603084747,0.6,1,0.8,288,306,297,24.51507285622401,0.8443052669574665,0.03444025118379813,,,
torus_plus1,RGA Fall 2018 torus+1,0,2,5,17,1,1.5,1.25,0.15,0.2,0.175,10.604,0.9011874603084747,0.6,1,0.8,306,324,315,19.63891142952741,1.086489202461093,0.0553232905173929,,,
torus_plus1,RGA Fall 2018 torus+1,0,2,5,18,1,1.5,1.25,0.15,0.2,0.175,10.604,0.9011874603084747,0.6,1,0.8,324,342,333,13.00252558867716,1.117221148088442,0.08592339545644415,,,
torus_plus1,RGA Fall 2018 torus+1,0,2,5,19,1,1.5,1.25,0.15,0.2,0.175,10.604,0.9011874603084747,0.6,1,0.8,342,360,351,5.849887678996907,0.7385926868204927,0.1262575843075231,,,
torus_plus1,RGA Fall 2018 torus+1,0,2,6,0,1,1.5,1.25,0.15,0.2,0.175,10.604,0.9011874603084747,1,1.5,1.25,0,18,9,2.060970354300965,0.7073324191007794,0.3432035873901208,,,
torus_plus1,RGA Fall 2018 torus+1,0,2,6,1,1,1.5,1.25,0.15,0.2,0.175,10.604,0.9011874603084747,1,1.5,1.25,18,36,27,2.010418061630903,0.5845953082886249,0.2907829567619314,,,
torus_plus1,RGA Fall 2018 torus+1,0,2,6,2,1,1.5,1.25,0.15,0.2,0.175,10.604,0.9011874603084747,1,1.5,1.25,36,54,45,9.826246311837767,0.8414117882528507,0.0856290145341863,,,
torus_plus1,RGA Fall 2018 torus+1,0,2,6,3,1,1.5,1.25,0.15,0.2,0.175,10.604,0.9011874603084747,1,1.5,1.25,54,72,63,13.69567482240858,0.6001526388938193,0.04382059640550622,,,
torus_plus1,RGA Fall 2018 torus+1,0,2,6,4,1,1.5,1.25,0.15,0.2,0.175,10.604,0.9011874603084747,1,1.5,1.25,72,90,81,14.77852133326613,0.6841779252688468,0.04629542495085603,,,
torus_plus1,RGA Fall 2018 torus+1,0,2,6,5,1,1.5,1.25,0.15,0.2,0.175,10.604,0.9011874603084747,1,1.5,1.25,90,108,99,16.08042956458788,1.027325028053929,0.06388666570924766,,,
torus_plus1,RGA Fall 2018 torus+1,0,2,6,6,1,1.5,1.25,0.15,0.2,0.175,10.604,0.9011874603084747,1,1.5,1.25,108,126,117,12.2514829756686,1.086428761195285,0.08867732692874232,,,
torus_plus1,RGA Fall 2018 torus+1,0,2,6,7,1,1.5,1.25,0.15,0.2,0.175,10.604,0.9011874603084747,1,1.5,1.25,126,144,135,8.289888476091431,0.5926459021514701,0.07149021411575063,,,
torus_plus1,RGA Fall 2018 torus+1,0,2,6,8,1,1.5,1.25,0.15,0.2,0.175,10.604,0.9011874603084747,1,1.5,1.25,144,162,153,6.973660872093378,0.472007749379014,0.06768435661502495,,,
torus_plus1,RGA Fall 2018 torus+1,0,2,6,9,1,1.5,1.25,0.15,0.2,0.175,10.604,0.9011874603084747,1,1.5,1.25,162,180,171,5.211061372607075,0.3825810976183895,0.07341711606574028,,,
torus_plus1,RGA Fall 2018 torus+1,0,2,6,10,1,1.5,1.25,0.15,0.2,0.175,10.604,0.9011874603084747,1,1.5,1.25,180,198,189,4.88144173725287,0.4379149124373658,0.08971015859831019,,,
torus_plus1,RGA Fall 2018 torus+1,0,2,6,11,1,1.5,1.25,0.15,0.2,0.175,10.604,0.9011874603084747,1,1.5,1.25,198,216,207,6.666307686085362,0.5573178547359808,0.08360217994427034,,,
torus_plus1,RGA Fall 2018 torus+1,0,2,6,12,1,1.5,1.25,0.15,0.2,0.175,10.604,0.9011874603084747,1,1.5,1.25,216,234,225,7.812534704547244,0.6449478907917786,0.08255296330605612,,,
torus_plus1,RGA Fall 2018 torus+1,0,2,6,13,1,1.5,1.25,0.15,0.2,0.175,10.604,0.9011874603084747,1,1.5,1.25,234,252,243,12.59380471691981,0.8410792571068463,0.06678515952981658,,,
torus_plus1,RGA Fall 2018 torus+1,0,2,6,14,1,1.5,1.25,0.15,0.2,0.175,10.604,0.9011874603084747,1,1.5,1.25,252,270,261,16.86738785181307,0.7817362842560185,0.04634601937916487,,,
torus_plus1,RGA Fall 2018 torus+1,0,2,6,15,1,1.5,1.25,0.15,0.2,0.175,10.604,0.9011874603084747,1,1.5,1.25,270,288,279,16.16630130162919,0.6387316672982312,0.03951006822035798,,,
torus_plus1,RGA Fall 2018 torus+1,0,2,6,16,1,1.5,1.25,0.15,0.2,0.175,10.604,0.9011874603084747,1,1.5,1.25,288,306,297,12.83361703764687,0.7237864585024161,0.05639769804406811,,,
torus_plus1,RGA Fall 2018 torus+1,0,2,6,17,1,1.5,1.25,0.15,0.2,0.175,10.604,0.9011874603084747,1,1.5,1.25,306,324,315,7.341319098628043,0.8455674258634426,0.1151792224944239,,,
torus_plus1,RGA Fall 2018 torus+1,0,2,6,18,1,1.5,1.25,0.15,0.2,0.175,10.604,0.9011874603084747,1,1.5,1.25,324,342,333,4.315530802197722,0.7100506509630855,0.1645337928306492,,,
torus_plus1,RGA Fall 2018 torus+1,0,2,6,19,1,1.5,1.25,0.15,0.2,0.175,10.604,0.9011874603084747,1,1.5,1.25,342,360,351,4.205481907557815,0.9537495023271879,0.2267872085273205,,,
torus_plus1,RGA Fall 2018 torus+1,0,2,7,1,1,1.5,1.25,0.15,0.2,0.175,10.604,0.9011874603084747,1.5,2,1.75,18,36,27,1.204887330624615,0.3610000222002098,0.2996130949547516,,,
torus_plus1,RGA Fall 2018 torus+1,0,2,7,2,1,1.5,1.25,0.15,0.2,0.175,10.604,0.9011874603084747,1.5,2,1.75,36,54,45,4.041175277064762,0.766130882654956,0.1895812059929808,,,
torus_plus1,RGA Fall 2018 torus+1,0,2,7,3,1,1.5,1.25,0.15,0.2,0.175,10.604,0.9011874603084747,1.5,2,1.75,54,72,63,5.803356656112667,0.5158010852442462,0.08887978385766686,,,
torus_plus1,RGA Fall 2018 torus+1,0,2,7,4,1,1.5,1.25,0.15,0.2,0.175,10.604,0.9011874603084747,1.5,2,1.75,72,90,81,7.38804336108798,0.615069386110379,0.08325200002884153,,,
torus_plus1,RGA Fall 2018 torus+1,0,2,7,5,1,1.5,1.25,0.15,0.2,0.175,10.604,0.9011874603084747,1.5,2,1.75,90,108,99,7.704585584137538,0.8234984224688253,0.1068841942860979,,,
torus_plus1,RGA Fall 2018 torus+1,0,2,7,6,1,1.5,1.25,0.15,0.2,0.175,10.604,0.9011874603084747,1.5,2,1.75,108,126,117,6.238335544661576,0.7231969222409707,0.115927865223576,,,
torus_plus1,RGA Fall 2018 torus+1,0,2,7,7,1,1.5,1.25,0.15,0.2,0.175,10.604,0.9011874603084747,1.5,2,1.75,126,144,135,5.035738715092495,0.7125256488552756,0.1414937686738555,,,
torus_plus1,RGA Fall 2018 torus+1,0,2,7,8,1,1.5,1.25,0.15,0.2,0.175,10.604,0.9011874603084747,1.5,2,1.75,144,162,153,2.90805464868712,0.4155798594981701,0.1429064820655241,,,
torus_plus1,RGA Fall 2018 torus+1,0,2,7,9,1,1.5,1.25,0.15,0.2,0.175,10.604,0.9011874603084747,1.5,2,1.75,162,180,171,2.224900021929992,0.4145485559065472,0.1863223299116814,,,
torus_plus1,RGA Fall 2018 torus+1,0,2,7,10,1,1.5,1.25,0.15,0.2,0.175,10.604,0.9011874603084747,1.5,2,1.75,180,198,189,2.023301886132292,0.4572385618762529,0.2259863271072722,,,
torus_plus1,RGA Fall 2018 torus+1,0,2,7,11,1,1.5,1.25,0.15,0.2,0.175,10.604,0.9011874603084747,1.5,2,1.75,198,216,207,3.014846234851539,0.4914699633943681,0.1630165935870921,,,
torus_plus1,RGA Fall 2018 torus+1,0,2,7,12,1,1.5,1.25,0.15,0.2,0.175,10.604,0.9011874603084747,1.5,2,1.75,216,234,225,3.642229365476968,0.5280418253822774,0.1449776420967183,,,
torus_plus1,RGA Fall 2018 torus+1,0,2,7,13,1,1.5,1.25,0.15,0.2,0.175,10.604,0.9011874603084747,1.5,2,1.75,234,252,243,6.477724538937799,0.5492107399012246,0.08478451601328556,,,
torus_plus1,RGA Fall 2018 torus+1,0,2,7,14,1,1.5,1.25,0.15,0.2,0.175,10.604,0.9011874603084747,1.5,2,1.75,252,270,261,6.01034075497114,0.5424444813166731,0.09025186814375181,,,
torus_plus1,RGA Fall 2018 torus+1,0,2,7,15,1,1.5,1.25,0.15,0.2,0.175,10.604,0.9011874603084747,1.5,2,1.75,270,288,279,8.427268580002053,0.6919620468486487,0.0821098841551909,,,
torus_plus1,RGA Fall 2018 torus+1,0,2,7,16,1,1.5,1.25,0.15,0.2,0.175,10.604,0.9011874603084747,1.5,2,1.75,288,306,297,5.49941725834999,0.7357131640536705,0.1337802042455693,,,
torus_plus1,RGA Fall 2018 torus+1,0,2,7,17,1,1.5,1.25,0.15,0.2,0.175,10.604,0.9011874603084747,1.5,2,1.75,306,324,315,3.315333476989613,0.5599666659490397,0.1689020636492653,,,
torus_plus1,RGA Fall 2018 torus+1,0,2,7,18,1,1.5,1.25,0.15,0.2,0.175,10.604,0.9011874603084747,1.5,2,1.75,324,342,333,1.899382300956496,0.3963981879269751,0.2086984740920013,,,
torus_plus1,RGA Fall 2018 torus+1,0,3,0,0,1,1.5,1.251312849162011,0.2,0.25,0.2248724394785848,10.604,0.9414046826955873,0.09,0.15,0.12,0,18,9,77.5679865993787,10.14195703762038,0.1307492624502595,,,
torus_plus1,RGA Fall 2018 torus+1,0,3,0,1,1,1.5,1.251312849162011,0.2,0.25,0.2248724394785848,10.604,0.9414046826955873,0.09,0.15,0.12,18,36,27,94.79155645299039,9.360354955291504,0.09874671653834008,,,
torus_plus1,RGA Fall 2018 torus+1,0,3,0,2,1,1.5,1.251312849162011,0.2,0.25,0.2248724394785848,10.604,0.9414046826955873,0.09,0.15,0.12,36,54,45,116.7576891802919,10.62225842213632,0.09097694975560804,,,
torus_plus1,RGA Fall 2018 torus+1,0,3,0,3,1,1.5,1.251312849162011,0.2,0.25,0.2248724394785848,10.604,0.9414046826955873,0.09,0.15,0.12,54,72,63,163.0567388776296,17.12430262467065,0.1050205145922982,,,
torus_plus1,RGA Fall 2018 torus+1,0,3,0,4,1,1.5,1.251312849162011,0.2,0.25,0.2248724394785848,10.604,0.9414046826955873,0.09,0.15,0.12,72,90,81,156.4994390531489,22.55055075265927,0.1440934925332279,,,
torus_plus1,RGA Fall 2018 torus+1,0,3,0,16,1,1.5,1.251312849162011,0.2,0.25,0.2248724394785848,10.604,0.9414046826955873,0.09,0.15,0.12,288,306,297,143.8821624079507,21.34793806922877,0.1483709843663645,,,
torus_plus1,RGA Fall 2018 torus+1,0,3,0,17,1,1.5,1.251312849162011,0.2,0.25,0.2248724394785848,10.604,0.9414046826955873,0.09,0.15,0.12,306,324,315,92.28430989614849,13.46904810323101,0.1459516587206245,,,
torus_plus1,RGA Fall 2018 torus+1,0,3,0,18,1,1.5,1.251312849162011,0.2,0.25,0.2248724394785848,10.604,0.9414046826955873,0.09,0.15,0.12,324,342,333,64.50674067903469,8.622391241378111,0.1336665153224905,,,
torus_plus1,RGA Fall 2018 torus+1,0,3,0,19,1,1.5,1.251312849162011,0.2,0.25,0.2248724394785848,10.604,0.9414046826955873,0.09,0.15,0.12,342,360,351,71.01286676868332,8.481782056439432,0.1194400739244609,,,
torus_plus1,RGA Fall 2018 torus+1,0,3,1,0,1,1.5,1.251312849162011,0.2,0.25,0.2248724394785848,10.604,0.9414046826955873,0.15,0.2,0.175,0,18,9,88.31684262288717,7.472423199245158,0.08460926565448448,,,
torus_plus1,RGA Fall 2018 torus+1,0,3,1,1,1,1.5,1.251312849162011,0.2,0.25,0.2248724394785848,10.604,0.9414046826955873,0.15,0.2,0.175,18,36,27,100.1668773128586,7.79198950764561,0.07779008107948017,,,
torus_plus1,RGA Fall 2018 torus+1,0,3,1,2,1,1.5,1.251312849162011,0.2,0.25,0.2248724394785848,10.604,0.9414046826955873,0.15,0.2,0.175,36,54,45,133.1220249421123,8.390988855726054,0.0630323108394336,,,
torus_plus1,RGA Fall 2018 torus+1,0,3,1,3,1,1.5,1.251312849162011,0.2,0.25,0.2248724394785848,10.604,0.9414046826955873,0.15,0.2,0.175,54,72,63,152.8391944208117,10.43839998467252,0.06829661739731828,,,
torus_plus1,RGA Fall 2018 torus+1,0,3,1,4,1,1.5,1.251312849162011,0.2,0.25,0.2248724394785848,10.604,0.9414046826955873,0.15,0.2,0.175,72,90,81,177.0099682485599,13.12259952100837,0.07413480523640015,,,
torus_plus1,RGA Fall 2018 torus+1,0,3,1,5,1,1.5,1.251312849162011,0.2,0.25,0.2248724394785848,10.604,0.9414046826955873,0.15,0.2,0.175,90,108,99,215.0857864335147,16.09449024705617,0.07482823720679073,,,
torus_plus1,RGA Fall 2018 torus+1,0,3,1,14,1,1.5,1.251312849162011,0.2,0.25,0.2248724394785848,10.604,0.9414046826955873,0.15,0.2,0.175,252,270,261,196.2049887233238,18.5050271852241,0.09431476388869375,,,
torus_plus1,RGA Fall 2018 torus+1,0,3,1,15,1,1.5,1.251312849162011,0.2,0.25,0.2248724394785848,10.604,0.9414046826955873,0.15,0.2,0.175,270,288,279,161.8144205826943,14.12703232279668,0.08730391439727796,,,
torus_plus1,RGA Fall 2018 torus+1,0,3,1,16,1,1.5,1.251312849162011,0.2,0.25,0.2248724394785848,10.604,0.9414046826955873,0.15,0.2,0.175,288,306,297,121.9777862133293,13.97301127120217,0.1145537372416688,,,
torus_plus1,RGA Fall 2018 torus+1,0,3,1,17,1,1.5,1.251312849162011,0.2,0.25,0.2248724394785848,10.604,0.9414046826955873,0.15,0.2,0.175,306,324,315,101.4404321794635,11.48527848387875,0.1132219001547584,,,
torus_plus1,RGA Fall 2018 torus+1,0,3,1,18,1,1.5,1.251312849162011,0.2,0.25,0.2248724394785848,10.604,0.9414046826955873,0.15,0.2,0.175,324,342,333,76.19794160351665,7.910745658681362,0.1038183642787047,,,
torus_plus1,RGA Fall 2018 torus+1,0,3,1,19,1,1.5,1.251312849162011,0.2,0.25,0.2248724394785848,10.604,0.9414046826955873,0.15,0.2,0.175,342,360,351,63.03225680863304,6.181946257062875,0.09807591493719421,,,
torus_plus1,RGA Fall 2018 torus+1,0,3,2,0,1,1.5,1.251312849162011,0.2,0.25,0.2248724394785848,10.604,0.9414046826955873,0.2,0.3,0.25,0,18,9,56.95677100052928,4.804919814909099,0.0843608183979469,,,
torus_plus1,RGA Fall 2018 torus+1,0,3,2,1,1,1.5,1.251312849162011,0.2,0.25,0.2248724394785848,10.604,0.9414046826955873,0.2,0.3,0.25,18,36,27,84.69428868207403,5.414337476294233,0.0639280116823297,,,
torus_plus1,RGA Fall 2018 torus+1,0,3,2,2,1,1.5,1.251312849162011,0.2,0.25,0.2248724394785848,10.604,0.9414046826955873,0.2,0.3,0.25,36,54,45,107.4175778606639,5.959653689626117,0.05548117736704739,,,
torus_plus1,RGA Fall 2018 torus+1,0,3,2,3,1,1.5,1.251312849162011,0.2,0.25,0.2248724394785848,10.604,0.9414046826955873,0.2,0.3,0.25,54,72,63,149.1829177426607,8.61024961267454,0.05771605585250148,,,
torus_plus1,RGA Fall 2018 torus+1,0,3,2,4,1,1.5,1.251312849162011,0.2,0.25,0.2248724394785848,10.604,0.9414046826955873,0.2,0.3,0.25,72,90,81,172.4328259663939,9.693639848813566,0.0562169053049261,,,
torus_plus1,RGA Fall 2018 torus+1,0,3,2,5,1,1.5,1.251312849162011,0.2,0.25,0.2248724394785848,10.604,0.9414046826955873,0.2,0.3,0.25,90,108,99,190.4452781558855,8.468084209998175,0.04446465825772156,,,
torus_plus1,RGA Fall 2018 torus+1,0,3,2,6,1,1.5,1.251312849162011,0.2,0.25,0.2248724394785848,10.604,0.9414046826955873,0.2,0.3,0.25,108,126,117,259.0599966290793,16.82704587389715,0.06495424261890201,,,
torus_plus1,RGA Fall 2018 torus+1,0,3,2,13,1,1.5,1.251312849162011,0.2,0.25,0.2248724394785848,10.604,0.9414046826955873,0.2,0.3,0.25,234,252,243,270.8446174986346,37.81534172922313,0.1396200599386612,,,
torus_plus1,RGA Fall 2018 torus+1,0,3,2,14,1,1.5,1.251312849162011,0.2,0.25,0.2248724394785848,10.604,0.9414046826955873,0.2,0.3,0.25,252,270,261,161.8177690853297,9.055898952346281,0.0559635632324836,,,
torus_plus1,RGA Fall 2018 torus+1,0,3,2,15,1,1.5,1.251312849162011,0.2,0.25,0.2248724394785848,10.604,0.9414046826955873,0.2,0.3,0.25,270,288,279,173.4005169229378,8.851922612746913,0.05104899783361581,,,
torus_plus1,RGA Fall 2018 torus+1,0,3,2,16,1,1.5,1.251312849162011,0.2,0.25,0.2248724394785848,10.604,0.9414046826955873,0.2,0.3,0.25,288,306,297,144.0470273104701,10.27678665085006,0.07134327478136782,,,
torus_plus1,RGA Fall 2018 torus+1,0,3,2,17,1,1.5,1.251312849162011,0.2,0.25,0.2248724394785848,10.604,0.9414046826955873,0.2,0.3,0.25,306,324,315,109.0895177920275,9.983476169446686,0.09151636538058193,,,
torus_plus1,RGA Fall 2018 torus+1,0,3,2,18,1,1.5,1.251312849162011,0.2,0.25,0.2248724394785848,10.604,0.9414046826955873,0.2,0.3,0.25,324,342,333,70.03243526195497,6.795966936456532,0.09704027728061074,,,
torus_plus1,RGA Fall 2018 torus+1,0,3,2,19,1,1.5,1.251312849162011,0.2,0.25,0.2248724394785848,10.604,0.9414046826955873,0.2,0.3,0.25,342,360,351,54.7885832829616,4.427053075653547,0.08080247398969143,,,
torus_plus1,RGA Fall 2018 torus+1,0,3,3,0,1,1.5,1.251312849162011,0.2,0.25,0.2248724394785848,10.604,0.9414046826955873,0.3,0.4,0.35,0,18,9,36.53226245163178,4.65432185590591,0.1274030553697069,,,
torus_plus1,RGA Fall 2018 torus+1,0,3,3,1,1,1.5,1.251312849162011,0.2,0.25,0.2248724394785848,10.604,0.9414046826955873,0.3,0.4,0.35,18,36,27,67.15538849850472,6.767374469854161,0.1007718758116461,,,
torus_plus1,RGA Fall 2018 torus+1,0,3,3,2,1,1.5,1.251312849162011,0.2,0.25,0.2248724394785848,10.604,0.9414046826955873,0.3,0.4,0.35,36,54,45,106.3620807709925,8.42413172680609,0.07920239681041996,,,
torus_plus1,RGA Fall 2018 torus+1,0,3,3,3,1,1.5,1.251312849162011,0.2,0.25,0.2248724394785848,10.604,0.9414046826955873,0.3,0.4,0.35,54,72,63,121.8798200861078,8.025330410749921,0.0658462607270018,,,
torus_plus1,RGA Fall 2018 torus+1,0,3,3,4,1,1.5,1.251312849162011,0.2,0.25,0.2248724394785848,10.604,0.9414046826955873,0.3,0.4,0.35,72,90,81,146.7998326608691,10.63720159650454,0.07246058393730027,,,
torus_plus1,RGA Fall 2018 torus+1,0,3,3,5,1,1.5,1.251312849162011,0.2,0.25,0.2248724394785848,10.604,0.9414046826955873,0.3,0.4,0.35,90,108,99,162.9684206728184,8.689505597306816,0.05332018044619943,,,
torus_plus1,RGA Fall 2018 torus+1,0,3,3,6,1,1.5,1.251312849162011,0.2,0.25,0.2248724394785848,10.604,0.9414046826955873,0.3,0.4,0.35,108,126,117,156.107375966769,7.325307775570991,0.04692480243297633,,,
torus_plus1,RGA Fall 2018 torus+1,0,3,3,7,1,1.5,1.251312849162011,0.2,0.25,0.2248724394785848,10.604,0.9414046826955873,0.3,0.4,0.35,126,144,135,87.93116881317761,6.586756815464909,0.07490810032855835,,,
torus_plus1,RGA Fall 2018 torus+1,0,3,3,8,1,1.5,1.251312849162011,0.2,0.25,0.2248724394785848,10.604,0.9414046826955873,0.3,0.4,0.35,144,162,153,56.8826251147953,7.509072077899629,0.132009942627393,,,
torus_plus1,RGA Fall 2018 torus+1,0,3,3,11,1,1.5,1.251312849162011,0.2,0.25,0.2248724394785848,10.604,0.9414046826955873,0.3,0.4,0.35,198,216,207,35.91167600930054,5.305790147077476,0.1477455450896629,,,
torus_plus1,RGA Fall 2018 torus+1,0,3,3,12,1,1.5,1.251312849162011,0.2,0.25,0.2248724394785848,10.604,0.9414046826955873,0.3,0.4,0.35,216,234,225,81.01464483575396,5.65075917936478,0.06974984820116062,,,
torus_plus1,RGA Fall 2018 torus+1,0,3,3,13,1,1.5,1.251312849162011,0.2,0.25,0.2248724394785848,10.604,0.9414046826955873,0.3,0.4,0.35,234,252,243,115.3739991249484,9.772827498308949,0.08470563187919934,,,
torus_plus1,RGA Fall 2018 torus+1,0,3,3,14,1,1.5,1.251312849162011,0.2,0.25,0.2248724394785848,10.604,0.9414046826955873,0.3,0.4,0.35,252,270,261,161.8600850895399,7.813863627092545,0.04827542023575467,,,
torus_plus1,RGA Fall 2018 torus+1,0,3,3,15,1,1.5,1.251312849162011,0.2,0.25,0.2248724394785848,10.604,0.9414046826955873,0.3,0.4,0.35,270,288,279,135.7635174666189,7.511583925047583,0.05532844217073641,,,
torus_plus1,RGA Fall 2018 torus+1,0,3,3,16,1,1.5,1.251312849162011,0.2,0.25,0.2248724394785848,10.604,0.9414046826955873,0.3,0.4,0.35,288,306,297,133.8202174197941,8.663084355635785,0.06473673801066757,,,
torus_plus1,RGA Fall 2018 torus+1,0,3,3,17,1,1.5,1.251312849162011,0.2,0.25,0.2248724394785848,10.604,0.9414046826955873,0.3,0.4,0.35,306,324,315,89.98641689898231,7.262793863122643,0.08070989059688607,,,
torus_plus1,RGA Fall 2018 torus+1,0,3,3,18,1,1.5,1.251312849162011,0.2,0.25,0.2248724394785848,10.604,0.9414046826955873,0.3,0.4,0.35,324,342,333,59.48917170504946,7.065450660203107,0.1187686844125851,,,
torus_plus1,RGA Fall 2018 torus+1,0,3,3,19,1,1.5,1.251312849162011,0.2,0.25,0.2248724394785848,10.604,0.9414046826955873,0.3,0.4,0.35,342,360,351,43.8518089634734,4.45676783474504,0.1016324740093922,,,
torus_plus1,RGA Fall 2018 torus+1,0,3,4,0,1,1.5,1.251312849162011,0.2,0.25,0.2248724394785848,10.604,0.9414046826955873,0.4,0.6,0.5,0,18,9,31.58373494301766,3.090451579237161,0.09784946539137479,,,
torus_plus1,RGA Fall 2018 torus+1,0,3,4,1,1,1.5,1.251312849162011,0.2,0.25,0.2248724394785848,10.604,0.9414046826955873,0.4,0.6,0.5,18,36,27,46.56576241546566,4.753545397318284,0.102082413145232,,,
torus_plus1,RGA Fall 2018 torus+1,0,3,4,2,1,1.5,1.251312849162011,0.2,0.25,0.2248724394785848,10.604,0.9414046826955873,0.4,0.6,0.5,36,54,45,71.61709438587934,4.627577407511436,0.06461554252086286,,,
torus_plus1,RGA Fall 2018 torus+1,0,3,4,3,1,1.5,1.251312849162011,0.2,0.25,0.2248724394785848,10.604,0.9414046826955873,0.4,0.6,0.5,54,72,63,87.64229753462851,4.085360457635242,0.04661402738810068,,,
torus_plus1,RGA Fall 2018 torus+1,0,3,4,4,1,1.5,1.251312849162011,0.2,0.25,0.2248724394785848,10.604,0.9414046826955873,0.4,0.6,0.5,72,90,81,107.5229291319367,4.978129101389459,0.04629830252560376,,,
torus_plus1,RGA Fall 2018 torus+1,0,3,4,5,1,1.5,1.251312849162011,0.2,0.25,0.2248724394785848,10.604,0.9414046826955873,0.4,0.6,0.5,90,108,99,117.5904880451459,5.13561467701882,0.04367372533607592,,,
torus_plus1,RGA Fall 2018 torus+1,0,3,4,6,1,1.5,1.251312849162011,0.2,0.25,0.2248724394785848,10.604,0.9414046826955873,0.4,0.6,0.5,108,126,117,97.84539087680002,4.672168179962132,0.0477505188348115,,,
torus_plus1,RGA Fall 2018 torus+1,0,3,4,7,1,1.5,1.251312849162011,0.2,0.25,0.2248724394785848,10.604,0.9414046826955873,0.4,0.6,0.5,126,144,135,58.6297224877516,2.60530733961872,0.04443663092833158,,,
torus_plus1,RGA Fall 2018 torus+1,0,3,4,8,1,1.5,1.251312849162011,0.2,0.25,0.2248724394785848,10.604,0.9414046826955873,0.4,0.6,0.5,144,162,153,41.1531266588565,1.972777961956467,0.04793749885178916,,,
torus_plus1,RGA Fall 2018 torus+1,0,3,4,11,1,1.5,1.251312849162011,0.2,0.25,0.2248724394785848,10.604,0.9414046826955873,0.4,0.6,0.5,198,216,207,41.81327383330434,2.634622805899433,0.06300924477721599,,,
torus_plus1,RGA Fall 2018 torus+1,0,3,4,12,1,1.5,1.251312849162011,0.2,0.25,0.2248724394785848,10.604,0.9414046826955873,0.4,0.6,0.5,216,234,225,62.04940102475969,3.090797783425104,0.0498118875022142,,,
torus_plus1,RGA Fall 2018 torus+1,0,3,4,13,1,1.5,1.251312849162011,0.2,0.25,0.2248724394785848,10.604,0.9414046826955873,0.4,0.6,0.5,234,252,243,83.8742369666904,4.711644710710124,0.05617511265802984,,,
torus_plus1,RGA Fall 2018 torus+1,0,3,4,14,1,1.5,1.251312849162011,0.2,0.25,0.2248724394785848,10.604,0.9414046826955873,0.4,0.6,0.5,252,270,261,105.4012713767043,4.187656363504026,0.03973060579636974,,,
torus_plus1,RGA Fall 2018 torus+1,0,3,4,15,1,1.5,1.251312849162011,0.2,0.25,0.2248724394785848,10.604,0.9414046826955873,0.4,0.6,0.5,270,288,279,114.6326347243111,4.067175630996786,0.03548008506284663,,,
torus_plus1,RGA Fall 2018 torus+1,0,3,4,16,1,1.5,1.251312849162011,0.2,0.25,0.2248724394785848,10.604,0.9414046826955873,0.4,0.6,0.5,288,306,297,108.2667221959245,3.97826834481186,0.03674507054543132,,,
torus_plus1,RGA Fall 2018 torus+1,0,3,4,17,1,1.5,1.251312849162011,0.2,0.25,0.2248724394785848,10.604,0.9414046826955873,0.4,0.6,0.5,306,324,315,77.26005267238641,3.336328989560164,0.04318310529385135,,,
torus_plus1,RGA Fall 2018 torus+1,0,3,4,18,1,1.5,1.251312849162011,0.2,0.25,0.2248724394785848,10.604,0.9414046826955873,0.4,0.6,0.5,324,342,333,44.03074864445272,3.265137143726867,0.07415583982213825,,,
torus_plus1,RGA Fall 2018 torus+1,0,3,4,19,1,1.5,1.251312849162011,0.2,0.25,0.2248724394785848,10.604,0.9414046826955873,0.4,0.6,0.5,342,360,351,27.63720440669668,2.669350730550864,0.09658541042248335,,,
torus_plus1,RGA Fall 2018 torus+1,0,3,5,0,1,1.5,1.251312849162011,0.2,0.25,0.2248724394785848,10.604,0.9414046826955873,0.6,1,0.8,0,18,9,13.04137162926826,1.603557986624718,0.1229593046045795,,,
torus_plus1,RGA Fall 2018 torus+1,0,3,5,1,1,1.5,1.251312849162011,0.2,0.25,0.2248724394785848,10.604,0.9414046826955873,0.6,1,0.8,18,36,27,18.53965135719169,1.830503385912871,0.09873450965423913,,,
torus_plus1,RGA Fall 2018 torus+1,0,3,5,2,1,1.5,1.251312849162011,0.2,0.25,0.2248724394785848,10.604,0.9414046826955873,0.6,1,0.8,36,54,45,33.19348280792933,1.506727113084306,0.0453922573236086,,,
torus_plus1,RGA Fall 2018 torus+1,0,3,5,3,1,1.5,1.251312849162011,0.2,0.25,0.2248724394785848,10.604,0.9414046826955873,0.6,1,0.8,54,72,63,50.49750630523371,1.558439078063511,0.03086170371747624,,,
torus_plus1,RGA Fall 2018 torus+1,0,3,5,4,1,1.5,1.251312849162011,0.2,0.25,0.2248724394785848,10.604,0.9414046826955873,0.6,1,0.8,72,90,81,58.09767284719639,1.972650432487366,0.03395403526188847,,,
torus_plus1,RGA Fall 2018 torus+1,0,3,5,5,1,1.5,1.251312849162011,0.2,0.25,0.2248724394785848,10.604,0.9414046826955873,0.6,1,0.8,90,108,99,64.1737907200191,2.925215791613959,0.04558271778546243,,,
torus_plus1,RGA Fall 2018 torus+1,0,3,5,6,1,1.5,1.251312849162011,0.2,0.25,0.2248724394785848,10.604,0.9414046826955873,0.6,1,0.8,108,126,117,48.22133795714863,2.711819856468908,0.05623692687413065,,,
torus_plus1,RGA Fall 2018 torus+1,0,3,5,7,1,1.5,1.251312849162011,0.2,0.25,0.2248724394785848,10.604,0.9414046826955873,0.6,1,0.8,126,144,135,40.67081523146266,2.152443316800147,0.05292353508407256,,,
torus_plus1,RGA Fall 2018 torus+1,0,3,5,8,1,1.5,1.251312849162011,0.2,0.25,0.2248724394785848,10.604,0.9414046826955873,0.6,1,0.8,144,162,153,26.66302967578427,1.580346326169044,0.05927107104427584,,,
torus_plus1,RGA Fall 2018 torus+1,0,3,5,9,1,1.5,1.251312849162011,0.2,0.25,0.2248724394785848,10.604,0.9414046826955873,0.6,1,0.8,162,180,171,19.14752464680145,1.609991847362149,0.08408355007032693,,,
torus_plus1,RGA Fall 2018 torus+1,0,3,5,10,1,1.5,1.251312849162011,0.2,0.25,0.2248724394785848,10.604,0.9414046826955873,0.6,1,0.8,180,198,189,16.78347080493956,1.27053396206278,0.07570150279576543,,,
torus_plus1,RGA Fall 2018 torus+1,0,3,5,11,1,1.5,1.251312849162011,0.2,0.25,0.2248724394785848,10.604,0.9414046826955873,0.6,1,0.8,198,216,207,24.39385350755101,1.786523118044637,0.07323660927502196,,,
torus_plus1,RGA Fall 2018 torus+1,0,3,5,12,1,1.5,1.251312849162011,0.2,0.25,0.2248724394785848,10.604,0.9414046826955873,0.6,1,0.8,216,234,225,31.03746843597707,2.233474301725009,0.07196058229852528,,,
torus_plus1,RGA Fall 2018 torus+1,0,3,5,13,1,1.5,1.251312849162011,0.2,0.25,0.2248724394785848,10.604,0.9414046826955873,0.6,1,0.8,234,252,243,51.99717266376054,2.603981031218886,0.05007928119587417,,,
torus_plus1,RGA Fall 2018 torus+1,0,3,5,14,1,1.5,1.251312849162011,0.2,0.25,0.2248724394785848,10.604,0.9414046826955873,0.6,1,0.8,252,270,261,69.86994050830033,2.06095033973369,0.02949695283465793,,,
torus_plus1,RGA Fall 2018 torus+1,0,3,5,15,1,1.5,1.251312849162011,0.2,0.25,0.2248724394785848,10.604,0.9414046826955873,0.6,1,0.8,270,288,279,58.57424195946773,1.568443474889665,0.02677701703719869,,,
torus_plus1,RGA Fall 2018 torus+1,0,3,5,16,1,1.5,1.251312849162011,0.2,0.25,0.2248724394785848,10.604,0.9414046826955873,0.6,1,0.8,288,306,297,53.17058743838226,1.710296498447331,0.03216621408272648,,,
torus_plus1,RGA Fall 2018 torus+1,0,3,5,17,1,1.5,1.251312849162011,0.2,0.25,0.2248724394785848,10.604,0.9414046826955873,0.6,1,0.8,306,324,315,42.12915779551211,1.835278321124195,0.04356313814846072,,,
torus_plus1,RGA Fall 2018 torus+1,0,3,5,18,1,1.5,1.251312849162011,0.2,0.25,0.2248724394785848,10.604,0.9414046826955873,0.6,1,0.8,324,342,333,22.55511868161331,1.770745742583695,0.07850748947852745,,,
torus_plus1,RGA Fall 2018 torus+1,0,3,5,19,1,1.5,1.251312849162011,0.2,0.25,0.2248724394785848,10.604,0.9414046826955873,0.6,1,0.8,342,360,351,14.21614840181104,1.463161699203033,0.1029225116288626,,,
torus_plus1,RGA Fall 2018 torus+1,0,3,6,1,1,1.5,1.251312849162011,0.2,0.25,0.2248724394785848,10.604,0.9414046826955873,1,1.5,1.25,18,36,27,6.147580259968991,1.117885753990741,0.1818415875381153,,,
torus_plus1,RGA Fall 2018 torus+1,0,3,6,2,1,1.5,1.251312849162011,0.2,0.25,0.2248724394785848,10.604,0.9414046826955873,1,1.5,1.25,36,54,45,13.86359802236886,0.9727917596872284,0.0701687800034041,,,
torus_plus1,RGA Fall 2018 torus+1,0,3,6,3,1,1.5,1.251312849162011,0.2,0.25,0.2248724394785848,10.604,0.9414046826955873,1,1.5,1.25,54,72,63,21.56022902770367,0.8748024969739063,0.04057482394318885,,,
torus_plus1,RGA Fall 2018 torus+1,0,3,6,4,1,1.5,1.251312849162011,0.2,0.25,0.2248724394785848,10.604,0.9414046826955873,1,1.5,1.25,72,90,81,26.52010608414016,1.226934300641151,0.04626430590995622,,,
torus_plus1,RGA Fall 2018 torus+1,0,3,6,5,1,1.5,1.251312849162011,0.2,0.25,0.2248724394785848,10.604,0.9414046826955873,1,1.5,1.25,90,108,99,27.6556496011176,2.400939830847697,0.08681552830893086,,,
torus_plus1,RGA Fall 2018 torus+1,0,3,6,6,1,1.5,1.251312849162011,0.2,0.25,0.2248724394785848,10.604,0.9414046826955873,1,1.5,1.25,108,126,117,20.40036928067136,2.036927324967508,0.09984757123477302,,,
torus_plus1,RGA Fall 2018 torus+1,0,3,6,7,1,1.5,1.251312849162011,0.2,0.25,0.2248724394785848,10.604,0.9414046826955873,1,1.5,1.25,126,144,135,18.71982180954976,2.630704772395269,0.1405304387594778,,,
torus_plus1,RGA Fall 2018 torus+1,0,3,6,8,1,1.5,1.251312849162011,0.2,0.25,0.2248724394785848,10.604,0.9414046826955873,1,1.5,1.25,144,162,153,11.80219976124639,4.478646067529544,0.3794755349113468,,,
torus_plus1,RGA Fall 2018 torus+1,0,3,6,12,1,1.5,1.251312849162011,0.2,0.25,0.2248724394785848,10.604,0.9414046826955873,1,1.5,1.25,216,234,225,17.93049394639266,2.610685099904254,0.1456002889663552,,,
torus_plus1,RGA Fall 2018 torus+1,0,3,6,13,1,1.5,1.251312849162011,0.2,0.25,0.2248724394785848,10.604,0.9414046826955873,1,1.5,1.25,234,252,243,18.80238799187891,1.709323642805872,0.09090992290682225,,,
torus_plus1,RGA Fall 2018 torus+1,0,3,6,14,1,1.5,1.251312849162011,0.2,0.25,0.2248724394785848,10.604,0.9414046826955873,1,1.5,1.25,252,270,261,37.28892341276107,2.123818829179612,0.05695575615499791,,,
torus_plus1,RGA Fall 2018 torus+1,0,3,6,15,1,1.5,1.251312849162011,0.2,0.25,0.2248724394785848,10.604,0.9414046826955873,1,1.5,1.25,270,288,279,26.94017107246341,1.06935857232893,0.03969383005967481,,,
torus_plus1,RGA Fall 2018 torus+1,0,3,6,16,1,1.5,1.251312849162011,0.2,0.25,0.2248724394785848,10.604,0.9414046826955873,1,1.5,1.25,288,306,297,19.04051907562362,1.044303795296129,0.05484639316546183,,,
torus_plus1,RGA Fall 2018 torus+1,0,3,6,17,1,1.5,1.251312849162011,0.2,0.25,0.2248724394785848,10.604,0.9414046826955873,1,1.5,1.25,306,324,315,12.39230169769381,1.25372688875769,0.1011698164991421,,,
torus_plus1,RGA Fall 2018 torus+1,0,3,6,18,1,1.5,1.251312849162011,0.2,0.25,0.2248724394785848,10.604,0.9414046826955873,1,1.5,1.25,324,342,333,6.403094157625754,0.9450887631571773,0.1475987608321557,,,
torus_plus1,RGA Fall 2018 torus+1,0,3,7,1,1,1.5,1.251312849162011,0.2,0.25,0.2248724394785848,10.604,0.9414046826955873,1.5,2,1.75,18,36,27,2.339047906871767,0.5441922346118029,0.232655446266427,,,
torus_plus1,RGA Fall 2018 torus+1,0,3,7,2,1,1.5,1.251312849162011,0.2,0.25,0.2248724394785848,10.604,0.9414046826955873,1.5,2,1.75,36,54,45,6.707239317623697,1.068294360071108,0.1592748237362124,,,
torus_plus1,RGA Fall 2018 torus+1,0,3,7,3,1,1.5,1.251312849162011,0.2,0.25,0.2248724394785848,10.604,0.9414046826955873,1.5,2,1.75,54,72,63,10.32218506351322,0.9070538643505557,0.08787421062201285,,,
torus_plus1,RGA Fall 2018 torus+1,0,3,7,4,1,1.5,1.251312849162011,0.2,0.25,0.2248724394785848,10.604,0.9414046826955873,1.5,2,1.75,72,90,81,16.7662496150955,1.733246942622608,0.1033771405301087,,,
torus_plus1,RGA Fall 2018 torus+1,0,3,7,5,1,1.5,1.251312849162011,0.2,0.25,0.2248724394785848,10.604,0.9414046826955873,1.5,2,1.75,90,108,99,10.65033401365454,2.123675079600789,0.1993998570258995,,,
torus_plus1,RGA Fall 2018 torus+1,0,3,7,14,1,1.5,1.251312849162011,0.2,0.25,0.2248724394785848,10.604,0.9414046826955873,1.5,2,1.75,252,270,261,11.74737375128439,1.490196800263753,0.1268536127149972,,,
torus_plus1,RGA Fall 2018 torus+1,0,3,7,15,1,1.5,1.251312849162011,0.2,0.25,0.2248724394785848,10.604,0.9414046826955873,1.5,2,1.75,270,288,279,18.54722933399553,1.747732490583022,0.09423145954094465,,,
torus_plus1,RGA Fall 2018 torus+1,0,3,7,16,1,1.5,1.251312849162011,0.2,0.25,0.2248724394785848,10.604,0.9414046826955873,1.5,2,1.75,288,306,297,8.277577970815447,1.108528988002941,0.1339194860998376,,,
torus_plus1,RGA Fall 2018 torus+1,0,3,7,17,1,1.5,1.251312849162011,0.2,0.25,0.2248724394785848,10.604,0.9414046826955873,1.5,2,1.75,306,324,315,4.440729631008292,0.7178422333329622,0.1616496145859644,,,
torus_plus1,RGA Fall 2018 torus+1,0,3,7,18,1,1.5,1.251312849162011,0.2,0.25,0.2248724394785848,10.604,0.9414046826955873,1.5,2,1.75,324,342,333,3.598826762365009,0.6548886430009445,0.1819728167661444,,,
torus_plus1,RGA Fall 2018 torus+1,0,4,0,0,1,1.5,1.328962465087307,0.25,0.3,0.2704989752245464,10.604,0.953735275832238,0.09,0.15,0.12,0,18,9,100.1723619516324,19.77153653447705,0.197375165657206,,,
torus_plus1,RGA Fall 2018 torus+1,0,4,0,1,1,1.5,1.328962465087307,0.25,0.3,0.2704989752245464,10.604,0.953735275832238,0.09,0.15,0.12,18,36,27,99.21858292776565,17.14541773958952,0.1728045012704116,,,
torus_plus1,RGA Fall 2018 torus+1,0,4,0,2,1,1.5,1.328962465087307,0.25,0.3,0.2704989752245464,10.604,0.953735275832238,0.09,0.15,0.12,36,54,45,120.7625388602349,22.20641826549339,0.1838849901225916,,,
torus_plus1,RGA Fall 2018 torus+1,0,4,0,3,1,1.5,1.328962465087307,0.25,0.3,0.2704989752245464,10.604,0.953735275832238,0.09,0.15,0.12,54,72,63,181.4924752908361,42.13006763979703,0.2321312085930003,,,
torus_plus1,RGA Fall 2018 torus+1,0,4,0,17,1,1.5,1.328962465087307,0.25,0.3,0.2704989752245464,10.604,0.953735275832238,0.09,0.15,0.12,306,324,315,125.9586682822475,27.073296889431,0.2149379416172082,,,
torus_plus1,RGA Fall 2018 torus+1,0,4,0,18,1,1.5,1.328962465087307,0.25,0.3,0.2704989752245464,10.604,0.953735275832238,0.09,0.15,0.12,324,342,333,126.8901045210787,21.67772412251863,0.170838570937717,,,
torus_plus1,RGA Fall 2018 torus+1,0,4,0,19,1,1.5,1.328962465087307,0.25,0.3,0.2704989752245464,10.604,0.953735275832238,0.09,0.15,0.12,342,360,351,108.6370786191915,18.78203681967111,0.1728879040047487,,,
torus_plus1,RGA Fall 2018 torus+1,0,4,1,0,1,1.5,1.330761316872428,0.25,0.3,0.2710684891240447,10.604,0.9537916638000176,0.15,0.2,0.175,0,18,9,101.2413347277733,12.18045351542075,0.1203110720356723,,,
torus_plus1,RGA Fall 2018 torus+1,0,4,1,1,1,1.5,1.330761316872428,0.25,0.3,0.2710684891240447,10.604,0.9537916638000176,0.15,0.2,0.175,18,36,27,136.3811740697094,13.01847287982635,0.09545652446995462,,,
torus_plus1,RGA Fall 2018 torus+1,0,4,1,2,1,1.5,1.330761316872428,0.25,0.3,0.2710684891240447,10.604,0.9537916638000176,0.15,0.2,0.175,36,54,45,168.5525120991451,14.04554980842126,0.08333040922083355,,,
torus_plus1,RGA Fall 2018 torus+1,0,4,1,3,1,1.5,1.330761316872428,0.25,0.3,0.2710684891240447,10.604,0.9537916638000176,0.15,0.2,0.175,54,72,63,205.672531993722,17.63989869134881,0.08576691559321713,,,
torus_plus1,RGA Fall 2018 torus+1,0,4,1,4,1,1.5,1.330761316872428,0.25,0.3,0.2710684891240447,10.604,0.9537916638000176,0.15,0.2,0.175,72,90,81,156.7725521685422,24.53184645991278,0.1564804943249199,,,
torus_plus1,RGA Fall 2018 torus+1,0,4,1,15,1,1.5,1.330761316872428,0.25,0.3,0.2710684891240447,10.604,0.9537916638000176,0.15,0.2,0.175,270,288,279,193.6705360421991,29.54117280931366,0.1525331287505545,,,
torus_plus1,RGA Fall 2018 torus+1,0,4,1,16,1,1.5,1.330761316872428,0.25,0.3,0.2710684891240447,10.604,0.9537916638000176,0.15,0.2,0.175,288,306,297,149.0421533618328,19.98777614755293,0.1341082082934495,,,
torus_plus1,RGA Fall 2018 torus+1,0,4,1,17,1,1.5,1.330761316872428,0.25,0.3,0.2710684891240447,10.604,0.9537916638000176,0.15,0.2,0.175,306,324,315,134.3594450001461,17.8830163626082,0.1330983196796381,,,
torus_plus1,RGA Fall 2018 torus+1,0,4,1,18,1,1.5,1.330761316872428,0.25,0.3,0.2710684891240447,10.604,0.9537916638000176,0.15,0.2,0.175,324,342,333,115.2646196136818,12.81704771855579,0.1111967207414826,,,
torus_plus1,RGA Fall 2018 torus+1,0,4,1,19,1,1.5,1.330761316872428,0.25,0.3,0.2710684891240447,10.604,0.9537916638000176,0.15,0.2,0.175,342,360,351,105.2026281520509,10.64920189362355,0.1012256260198377,,,
torus_plus1,RGA Fall 2018 torus+1,0,4,2,0,1,1.5,1.330761316872428,0.25,0.3,0.2710684891240447,10.604,0.9537916638000176,0.2,0.3,0.25,0,18,9,87.62688942965893,7.501082722644746,0.08560252191384836,,,
torus_plus1,RGA Fall 2018 torus+1,0,4,2,1,1,1.5,1.330761316872428,0.25,0.3,0.2710684891240447,10.604,0.9537916638000176,0.2,0.3,0.25,18,36,27,112.0661696718052,8.806047369395992,0.07857899841839169,,,
torus_plus1,RGA Fall 2018 torus+1,0,4,2,2,1,1.5,1.330761316872428,0.25,0.3,0.2710684891240447,10.604,0.9537916638000176,0.2,0.3,0.25,36,54,45,154.4930931133556,10.07540136083583,0.06521586925211761,,,
torus_plus1,RGA Fall 2018 torus+1,0,4,2,3,1,1.5,1.330761316872428,0.25,0.3,0.2710684891240447,10.604,0.9537916638000176,0.2,0.3,0.25,54,72,63,187.1786170054125,11.48038309384953,0.06133383864844753,,,
torus_plus1,RGA Fall 2018 torus+1,0,4,2,4,1,1.5,1.330761316872428,0.25,0.3,0.2710684891240447,10.604,0.9537916638000176,0.2,0.3,0.25,72,90,81,210.6708147833729,15.32755699473327,0.0727559582018714,,,
torus_plus1,RGA Fall 2018 torus+1,0,4,2,5,1,1.5,1.330761316872428,0.25,0.3,0.2710684891240447,10.604,0.9537916638000176,0.2,0.3,0.25,90,108,99,275.3914032001771,31.51383526438238,0.1144328940488949,,,
torus_plus1,RGA Fall 2018 torus+1,0,4,2,14,1,1.5,1.330761316872428,0.25,0.3,0.2710684891240447,10.604,0.9537916638000176,0.2,0.3,0.25,252,270,261,265.8225747991862,27.51141525051351,0.1034954058032762,,,
torus_plus1,RGA Fall 2018 torus+1,0,4,2,15,1,1.5,1.330761316872428,0.25,0.3,0.2710684891240447,10.604,0.9537916638000176,0.2,0.3,0.25,270,288,279,205.5129779439506,15.92501499016593,0.07748909654994707,,,
torus_plus1,RGA Fall 2018 torus+1,0,4,2,16,1,1.5,1.330761316872428,0.25,0.3,0.2710684891240447,10.604,0.9537916638000176,0.2,0.3,0.25,288,306,297,180.9340997972226,16.0476335378964,0.08869325105594456,,,
torus_plus1,RGA Fall 2018 torus+1,0,4,2,17,1,1.5,1.330761316872428,0.25,0.3,0.2710684891240447,10.604,0.9537916638000176,0.2,0.3,0.25,306,324,315,147.3241316731693,14.82522229353202,0.1006299655403433,,,
torus_plus1,RGA Fall 2018 torus+1,0,4,2,18,1,1.5,1.330761316872428,0.25,0.3,0.2710684891240447,10.604,0.9537916638000176,0.2,0.3,0.25,324,342,333,94.08394486442985,9.633405645482394,0.1023915999628166,,,
torus_plus1,RGA Fall 2018 torus+1,0,4,2,19,1,1.5,1.330761316872428,0.25,0.3,0.2710684891240447,10.604,0.9537916638000176,0.2,0.3,0.25,342,360,351,77.11642174556272,6.15479126211097,0.07981168112828207,,,
torus_plus1,RGA Fall 2018 torus+1,0,4,3,0,1,1.5,1.330761316872428,0.25,0.3,0.2710684891240447,10.604,0.9537916638000176,0.3,0.4,0.35,0,18,9,73.13746881764376,7.46817773971403,0.1021115149381872,,,
torus_plus1,RGA Fall 2018 torus+1,0,4,3,1,1,1.5,1.330761316872428,0.25,0.3,0.2710684891240447,10.604,0.9537916638000176,0.3,0.4,0.35,18,36,27,89.45001662034073,9.618988660740694,0.1075347889712226,,,
torus_plus1,RGA Fall 2018 torus+1,0,4,3,2,1,1.5,1.330761316872428,0.25,0.3,0.2710684891240447,10.604,0.9537916638000176,0.3,0.4,0.35,36,54,45,141.7511022361223,11.55426405765633,0.08151092919482049,,,
torus_plus1,RGA Fall 2018 torus+1,0,4,3,3,1,1.5,1.330761316872428,0.25,0.3,0.2710684891240447,10.604,0.9537916638000176,0.3,0.4,0.35,54,72,63,168.7162893271702,12.71961637777647,0.07539056500413502,,,
torus_plus1,RGA Fall 2018 torus+1,0,4,3,4,1,1.5,1.330761316872428,0.25,0.3,0.2710684891240447,10.604,0.9537916638000176,0.3,0.4,0.35,72,90,81,187.1213685700714,15.72264473663087,0.08402378016353169,,,
torus_plus1,RGA Fall 2018 torus+1,0,4,3,5,1,1.5,1.330761316872428,0.25,0.3,0.2710684891240447,10.604,0.9537916638000176,0.3,0.4,0.35,90,108,99,183.1158049278681,17.92494085198155,0.09788855123151405,,,
torus_plus1,RGA Fall 2018 torus+1,0,4,3,6,1,1.5,1.330761316872428,0.25,0.3,0.2710684891240447,10.604,0.9537916638000176,0.3,0.4,0.35,108,126,117,144.5156095234707,17.18553551484981,0.1189181955604506,,,
torus_plus1,RGA Fall 2018 torus+1,0,4,3,12,1,1.5,1.330761316872428,0.25,0.3,0.2710684891240447,10.604,0.9537916638000176,0.3,0.4,0.35,216,234,225,97.09066464926022,20.78522850002119,0.2140806078020763,,,
torus_plus1,RGA Fall 2018 torus+1,0,4,3,13,1,1.5,1.330761316872428,0.25,0.3,0.2710684891240447,10.604,0.9537916638000176,0.3,0.4,0.35,234,252,243,144.2935659351777,14.50084282240415,0.1004954221515219,,,
torus_plus1,RGA Fall 2018 torus+1,0,4,3,14,1,1.5,1.330761316872428,0.25,0.3,0.2710684891240447,10.604,0.9537916638000176,0.3,0.4,0.35,252,270,261,178.2592608088297,15.048282195969,0.08441795465598394,,,
torus_plus1,RGA Fall 2018 torus+1,0,4,3,15,1,1.5,1.330761316872428,0.25,0.3,0.2710684891240447,10.604,0.9537916638000176,0.3,0.4,0.35,270,288,279,183.7062222604258,14.75939443538906,0.08034237628851695,,,
torus_plus1,RGA Fall 2018 torus+1,0,4,3,16,1,1.5,1.330761316872428,0.25,0.3,0.2710684891240447,10.604,0.9537916638000176,0.3,0.4,0.35,288,306,297,167.8349145584068,14.69717365090476,0.08756922651984983,,,
torus_plus1,RGA Fall 2018 torus+1,0,4,3,17,1,1.5,1.330761316872428,0.25,0.3,0.2710684891240447,10.604,0.9537916638000176,0.3,0.4,0.35,306,324,315,112.8142753702063,13.20930090123034,0.1170889132415493,,,
torus_plus1,RGA Fall 2018 torus+1,0,4,3,18,1,1.5,1.330761316872428,0.25,0.3,0.2710684891240447,10.604,0.9537916638000176,0.3,0.4,0.35,324,342,333,98.29249806157378,10.48803470772381,0.1067022907603157,,,
torus_plus1,RGA Fall 2018 torus+1,0,4,3,19,1,1.5,1.330761316872428,0.25,0.3,0.2710684891240447,10.604,0.9537916638000176,0.3,0.4,0.35,342,360,351,50.0066371211371,6.388637768212153,0.1277557967502631,,,
torus_plus1,RGA Fall 2018 torus+1,0,4,4,0,1,1.5,1.330761316872428,0.25,0.3,0.2710684891240447,10.604,0.9537916638000176,0.4,0.6,0.5,0,18,9,30.13079874646053,4.082273179505883,0.1354850634348161,,,
torus_plus1,RGA Fall 2018 torus+1,0,4,4,1,1,1.5,1.330761316872428,0.25,0.3,0.2710684891240447,10.604,0.9537916638000176,0.4,0.6,0.5,18,36,27,75.82475269238934,8.302137247464554,0.109491121997393,,,
torus_plus1,RGA Fall 2018 torus+1,0,4,4,2,1,1.5,1.330761316872428,0.25,0.3,0.2710684891240447,10.604,0.9537916638000176,0.4,0.6,0.5,36,54,45,105.6772040267862,8.429347689125647,0.07976505213923947,,,
torus_plus1,RGA Fall 2018 torus+1,0,4,4,3,1,1.5,1.330761316872428,0.25,0.3,0.2710684891240447,10.604,0.9537916638000176,0.4,0.6,0.5,54,72,63,132.5359028875464,7.904529062365215,0.0596406625687835,,,
torus_plus1,RGA Fall 2018 torus+1,0,4,4,4,1,1.5,1.330761316872428,0.25,0.3,0.2710684891240447,10.604,0.9537916638000176,0.4,0.6,0.5,72,90,81,124.9494495950271,8.358350727152157,0.06689385791007769,,,
torus_plus1,RGA Fall 2018 torus+1,0,4,4,5,1,1.5,1.330761316872428,0.25,0.3,0.2710684891240447,10.604,0.9537916638000176,0.4,0.6,0.5,90,108,99,148.7633429759998,10.68030389779694,0.07179392237454631,,,
torus_plus1,RGA Fall 2018 torus+1,0,4,4,6,1,1.5,1.330761316872428,0.25,0.3,0.2710684891240447,10.604,0.9537916638000176,0.4,0.6,0.5,108,126,117,98.28218839633631,6.836463642506526,0.0695595382444839,,,
torus_plus1,RGA Fall 2018 torus+1,0,4,4,7,1,1.5,1.330761316872428,0.25,0.3,0.2710684891240447,10.604,0.9537916638000176,0.4,0.6,0.5,126,144,135,107.2729833656775,8.113889339418105,0.07563777089855953,,,
torus_plus1,RGA Fall 2018 torus+1,0,4,4,12,1,1.5,1.330761316872428,0.25,0.3,0.2710684891240447,10.604,0.9537916638000176,0.4,0.6,0.5,216,234,225,78.93808365632012,7.175571857551018,0.09090126748949158,,,
torus_plus1,RGA Fall 2018 torus+1,0,4,4,13,1,1.5,1.330761316872428,0.25,0.3,0.2710684891240447,10.604,0.9537916638000176,0.4,0.6,0.5,234,252,243,97.16703153588776,7.428084501860584,0.07644655172075612,,,
torus_plus1,RGA Fall 2018 torus+1,0,4,4,14,1,1.5,1.330761316872428,0.25,0.3,0.2710684891240447,10.604,0.9537916638000176,0.4,0.6,0.5,252,270,261,156.9030357853146,8.275736045340986,0.05274426975819901,,,
torus_plus1,RGA Fall 2018 torus+1,0,4,4,15,1,1.5,1.330761316872428,0.25,0.3,0.2710684891240447,10.604,0.9537916638000176,0.4,0.6,0.5,270,288,279,158.0823725328017,8.63748620142383,0.05463914833155464,,,
torus_plus1,RGA Fall 2018 torus+1,0,4,4,16,1,1.5,1.330761316872428,0.25,0.3,0.2710684891240447,10.604,0.9537916638000176,0.4,0.6,0.5,288,306,297,141.0703876083058,8.195868673505524,0.05809772562801818,,,
torus_plus1,RGA Fall 2018 torus+1,0,4,4,17,1,1.5,1.330761316872428,0.25,0.3,0.2710684891240447,10.604,0.9537916638000176,0.4,0.6,0.5,306,324,315,95.51052646825424,6.253778341083491,0.06547737272877581,,,
torus_plus1,RGA Fall 2018 torus+1,0,4,4,18,1,1.5,1.330761316872428,0.25,0.3,0.2710684891240447,10.604,0.9537916638000176,0.4,0.6,0.5,324,342,333,55.96214103337893,5.713156502857728,0.1020896698618104,,,
torus_plus1,RGA Fall 2018 torus+1,0,4,4,19,1,1.5,1.330761316872428,0.25,0.3,0.2710684891240447,10.604,0.9537916638000176,0.4,0.6,0.5,342,360,351,43.59576065454492,5.053278829975406,0.1159121610474434,,,
torus_plus1,RGA Fall 2018 torus+1,0,4,5,0,1,1.5,1.330761316872428,0.25,0.3,0.2710684891240447,10.604,0.9537916638000176,0.6,1,0.8,0,18,9,12.74956835973872,2.441833478749163,0.191522835114961,,,
torus_plus1,RGA Fall 2018 torus+1,0,4,5,1,1,1.5,1.330761316872428,0.25,0.3,0.2710684891240447,10.604,0.9537916638000176,0.6,1,0.8,18,36,27,20.11113696015821,2.965215617064296,0.1474414710087564,,,
torus_plus1,RGA Fall 2018 torus+1,0,4,5,2,1,1.5,1.330761316872428,0.25,0.3,0.2710684891240447,10.604,0.9537916638000176,0.6,1,0.8,36,54,45,37.7643939484927,3.138203957110505,0.08309954507387934,,,
torus_plus1,RGA Fall 2018 torus+1,0,4,5,3,1,1.5,1.330761316872428,0.25,0.3,0.2710684891240447,10.604,0.9537916638000176,0.6,1,0.8,54,72,63,69.2936181930405,3.169970576745765,0.04574693398048221,,,
torus_plus1,RGA Fall 2018 torus+1,0,4,5,4,1,1.5,1.330761316872428,0.25,0.3,0.2710684891240447,10.604,0.9537916638000176,0.6,1,0.8,72,90,81,81.42267249358474,3.846477297417072,0.04724086276731011,,,
torus_plus1,RGA Fall 2018 torus+1,0,4,5,5,1,1.5,1.330761316872428,0.25,0.3,0.2710684891240447,10.604,0.9537916638000176,0.6,1,0.8,90,108,99,85.78754342762697,6.287478917893271,0.0732912806064622,,,
torus_plus1,RGA Fall 2018 torus+1,0,4,5,6,1,1.5,1.330761316872428,0.25,0.3,0.2710684891240447,10.604,0.9537916638000176,0.6,1,0.8,108,126,117,55.12166083529581,4.851671936703922,0.08801752093792631,,,
torus_plus1,RGA Fall 2018 torus+1,0,4,5,13,1,1.5,1.330761316872428,0.25,0.3,0.2710684891240447,10.604,0.9537916638000176,0.6,1,0.8,234,252,243,64.61599986948224,5.358383988330942,0.08292658163851575,,,
torus_plus1,RGA Fall 2018 torus+1,0,4,5,14,1,1.5,1.330761316872428,0.25,0.3,0.2710684891240447,10.604,0.9537916638000176,0.6,1,0.8,252,270,261,88.04987421359859,4.881588923610678,0.05544117998134239,,,
torus_plus1,RGA Fall 2018 torus+1,0,4,5,15,1,1.5,1.330761316872428,0.25,0.3,0.2710684891240447,10.604,0.9537916638000176,0.6,1,0.8,270,288,279,84.99713265028862,3.386609907291377,0.03984381356986726,,,
torus_plus1,RGA Fall 2018 torus+1,0,4,5,16,1,1.5,1.330761316872428,0.25,0.3,0.2710684891240447,10.604,0.9537916638000176,0.6,1,0.8,288,306,297,78.70492993821303,3.313211634063843,0.04209662135097339,,,
torus_plus1,RGA Fall 2018 torus+1,0,4,5,17,1,1.5,1.330761316872428,0.25,0.3,0.2710684891240447,10.604,0.9537916638000176,0.6,1,0.8,306,324,315,48.33064157453936,2.698547689818029,0.05583513071425122,,,
torus_plus1,RGA Fall 2018 torus+1,0,4,5,18,1,1.5,1.330761316872428,0.25,0.3,0.2710684891240447,10.604,0.9537916638000176,0.6,1,0.8,324,342,333,27.32494256836135,2.820628221918783,0.1032254034884851,,,
torus_plus1,RGA Fall 2018 torus+1,0,4,5,19,1,1.5,1.330761316872428,0.25,0.3,0.2710684891240447,10.604,0.9537916638000176,0.6,1,0.8,342,360,351,11.76613830095125,2.049700870212837,0.1742033637363524,,,
torus_plus1,RGA Fall 2018 torus+1,0,4,6,1,1,1.5,1.330761316872428,0.25,0.3,0.2710684891240447,10.604,0.9537916638000176,1,1.5,1.25,18,36,27,5.344103032437026,1.463637585495177,0.2738789983298146,,,
torus_plus1,RGA Fall 2018 torus+1,0,4,6,2,1,1.5,1.330761316872428,0.25,0.3,0.2710684891240447,10.604,0.9537916638000176,1,1.5,1.25,36,54,45,12.08412665743575,1.344535872809167,0.1112646292880281,,,
torus_plus1,RGA Fall 2018 torus+1,0,4,6,3,1,1.5,1.330761316872428,0.25,0.3,0.2710684891240447,10.604,0.9537916638000176,1,1.5,1.25,54,72,63,23.60163455910049,1.620132251575038,0.06864491726274675,,,
torus_plus1,RGA Fall 2018 torus+1,0,4,6,4,1,1.5,1.330761316872428,0.25,0.3,0.2710684891240447,10.604,0.9537916638000176,1,1.5,1.25,72,90,81,34.92068198741907,2.39972928620973,0.06871942784720769,,,
torus_plus1,RGA Fall 2018 torus+1,0,4,6,5,1,1.5,1.330761316872428,0.25,0.3,0.2710684891240447,10.604,0.9537916638000176,1,1.5,1.25,90,108,99,31.13793897447825,7.750604597257165,0.2489119335614934,,,
torus_plus1,RGA Fall 2018 torus+1,0,4,6,14,1,1.5,1.330761316872428,0.25,0.3,0.2710684891240447,10.604,0.9537916638000176,1,1.5,1.25,252,270,261,38.98844542557848,5.623793006475246,0.1442425555850898,,,
torus_plus1,RGA Fall 2018 torus+1,0,4,6,15,1,1.5,1.330761316872428,0.25,0.3,0.2710684891240447,10.604,0.9537916638000176,1,1.5,1.25,270,288,279,34.90105684856602,2.222550386207088,0.06368146374050006,,,
torus_plus1,RGA Fall 2018 torus+1,0,4,6,16,1,1.5,1.330761316872428,0.25,0.3,0.2710684891240447,10.604,0.9537916638000176,1,1.5,1.25,288,306,297,23.32458832282348,1.521019301875847,0.06521098168268659,,,
torus_plus1,RGA Fall 2018 torus+1,0,4,6,17,1,1.5,1.330761316872428,0.25,0.3,0.2710684891240447,10.604,0.9537916638000176,1,1.5,1.25,306,324,315,12.6552200354491,1.613467408939943,0.1274942201257969,,,
torus_plus1,RGA Fall 2018 torus+1,0,4,6,18,1,1.5,1.330761316872428,0.25,0.3,0.2710684891240447,10.604,0.9537916638000176,1,1.5,1.25,324,342,333,10.60394988510088,1.911367291340018,0.1802505021289842,,,
torus_plus1,RGA Fall 2018 torus+1,0,4,7,1,1,1.5,1.330761316872428,0.25,0.3,0.2710684891240447,10.604,0.9537916638000176,1.5,2,1.75,18,36,27,2.209630068205106,1.073239829345433,0.4857101850615344,,,
torus_plus1,RGA Fall 2018 torus+1,0,4,7,2,1,1.5,1.330761316872428,0.25,0.3,0.2710684891240447,10.604,0.9537916638000176,1.5,2,1.75,36,54,45,8.69738733987494,1.766409051162125,0.203096514175431,,,
torus_plus1,RGA Fall 2018 torus+1,0,4,7,3,1,1.5,1.330761316872428,0.25,0.3,0.2710684891240447,10.604,0.9537916638000176,1.5,2,1.75,54,72,63,13.37964028937794,1.924131683185826,0.1438104195307395,,,
torus_plus1,RGA Fall 2018 torus+1,0,4,7,4,1,1.5,1.330761316872428,0.25,0.3,0.2710684891240447,10.604,0.9537916638000176,1.5,2,1.75,72,90,81,15.00057654049506,4.016991865282959,0.2677891649323492,,,
torus_plus1,RGA Fall 2018 torus+1,0,4,7,15,1,1.5,1.330761316872428,0.25,0.3,0.2710684891240447,10.604,0.9537916638000176,1.5,2,1.75,270,288,279,14.00872333142854,4.730830314231377,0.3377060280445235,,,
torus_plus1,RGA Fall 2018 torus+1,0,4,7,16,1,1.5,1.330761316872428,0.25,0.3,0.2710684891240447,10.604,0.9537916638000176,1.5,2,1.75,288,306,297,9.975805698047454,1.857627230628102,0.1862132530299474,,,
torus_plus1,RGA Fall 2018 torus+1,0,4,7,17,1,1.5,1.330761316872428,0.25,0.3,0.2710684891240447,10.604,0.9537916638000176,1.5,2,1.75,306,324,315,9.031698303815839,1.552912210606705,0.1719402219127059,,,
torus_plus1,RGA Fall 2018 torus+1,0,4,7,18,1,1.5,1.330761316872428,0.25,0.3,0.2710684891240447,10.604,0.9537916638000176,1.5,2,1.75,324,342,333,5.846014886740659,1.303829480589538,0.2230287650390273,,,
torus_plus1,RGA Fall 2018 torus+1,0,5,0,0,1,1.5,1.444900771775083,0.3,0.38,0.3077133406835722,10.604,0.9569016427618136,0.09,0.15,0.12,0,18,9,123.6836057050315,101.5748155164362,0.8212472052171429,,,
torus_plus1,RGA Fall 2018 torus+1,0,5,0,18,1,1.5,1.444900771775083,0.3,0.38,0.3077133406835722,10.604,0.9569016427618136,0.09,0.15,0.12,324,342,333,331.0068084240596,213.3595103328623,0.644577407179864,,,
torus_plus1,RGA Fall 2018 torus+1,0,5,0,19,1,1.5,1.444900771775083,0.3,0.38,0.3077133406835722,10.604,0.9569016427618136,0.09,0.15,0.12,342,360,351,140.8126006492069,126.7507615185412,0.9001379204287503,,,
torus_plus1,RGA Fall 2018 torus+1,0,5,1,0,1,1.5,1.447222222222222,0.3,0.38,0.3084444444444444,10.604,0.9569501595441109,0.15,0.2,0.175,0,18,9,202.5243503060125,61.83557726479641,0.3053241606323555,,,
torus_plus1,RGA Fall 2018 torus+1,0,5,1,1,1,1.5,1.447222222222222,0.3,0.38,0.3084444444444444,10.604,0.9569501595441109,0.15,0.2,0.175,18,36,27,112.7792613301408,41.63348118135051,0.3691590163857881,,,
torus_plus1,RGA Fall 2018 torus+1,0,5,1,2,1,1.5,1.447222222222222,0.3,0.38,0.3084444444444444,10.604,0.9569501595441109,0.15,0.2,0.175,36,54,45,182.9708652740229,54.53867240130437,0.2980729873011507,,,
torus_plus1,RGA Fall 2018 torus+1,0,5,1,3,1,1.5,1.447222222222222,0.3,0.38,0.3084444444444444,10.604,0.9569501595441109,0.15,0.2,0.175,54,72,63,201.7819019079806,106.8403489083502,0.529484299127446,,,
torus_plus1,RGA Fall 2018 torus+1,0,5,1,16,1,1.5,1.447222222222222,0.3,0.38,0.3084444444444444,10.604,0.9569501595441109,0.15,0.2,0.175,288,306,297,283.2409723518186,145.0060487425873,0.5119529407718341,,,
torus_plus1,RGA Fall 2018 torus+1,0,5,1,17,1,1.5,1.447222222222222,0.3,0.38,0.3084444444444444,10.604,0.9569501595441109,0.15,0.2,0.175,306,324,315,196.458867353626,74.04720023495706,0.3769094326583492,,,
torus_plus1,RGA Fall 2018 torus+1,0,5,1,18,1,1.5,1.447222222222222,0.3,0.38,0.3084444444444444,10.604,0.9569501595441109,0.15,0.2,0.175,324,342,333,99.91640488278929,37.70681990841685,0.3773836734082883,,,
torus_plus1,RGA Fall 2018 torus+1,0,5,1,19,1,1.5,1.447222222222222,0.3,0.38,0.3084444444444444,10.604,0.9569501595441109,0.15,0.2,0.175,342,360,351,95.9856921946364,42.54629658587125,0.4432566522476847,,,
torus_plus1,RGA Fall 2018 torus+1,0,5,2,0,1,1.5,1.447222222222222,0.3,0.38,0.3084444444444444,10.604,0.9569501595441109,0.2,0.3,0.25,0,18,9,104.5559979845106,30.35654124481903,0.2903376356210207,,,
torus_plus1,RGA Fall 2018 torus+1,0,5,2,1,1,1.5,1.447222222222222,0.3,0.38,0.3084444444444444,10.604,0.9569501595441109,0.2,0.3,0.25,18,36,27,175.3352870962422,41.01250083420501,0.2339089952366125,,,
torus_plus1,RGA Fall 2018 torus+1,0,5,2,2,1,1.5,1.447222222222222,0.3,0.38,0.3084444444444444,10.604,0.9569501595441109,0.2,0.3,0.25,36,54,45,125.5961485957394,28.55189250231911,0.227330955778111,,,
torus_plus1,RGA Fall 2018 torus+1,0,5,2,3,1,1.5,1.447222222222222,0.3,0.38,0.3084444444444444,10.604,0.9569501595441109,0.2,0.3,0.25,54,72,63,223.238336253809,40.05359779265362,0.1794207861642321,,,
torus_plus1,RGA Fall 2018 torus+1,0,5,2,4,1,1.5,1.447222222222222,0.3,0.38,0.3084444444444444,10.604,0.9569501595441109,0.2,0.3,0.25,72,90,81,368.9355950090491,87.71787266873577,0.2377593104470829,,,
torus_plus1,RGA Fall 2018 torus+1,0,5,2,15,1,1.5,1.447222222222222,0.3,0.38,0.3084444444444444,10.604,0.9569501595441109,0.2,0.3,0.25,270,288,279,241.4604626209073,74.71125628593455,0.3094140360495836,,,
torus_plus1,RGA Fall 2018 torus+1,0,5,2,16,1,1.5,1.447222222222222,0.3,0.38,0.3084444444444444,10.604,0.9569501595441109,0.2,0.3,0.25,288,306,297,114.0318795136185,43.44785863391391,0.3810150180741787,,,
torus_plus1,RGA Fall 2018 torus+1,0,5,2,17,1,1.5,1.447222222222222,0.3,0.38,0.3084444444444444,10.604,0.9569501595441109,0.2,0.3,0.25,306,324,315,155.7858735666259,49.69050357793657,0.3189666844643981,,,
torus_plus1,RGA Fall 2018 torus+1,0,5,2,18,1,1.5,1.447222222222222,0.3,0.38,0.3084444444444444,10.604,0.9569501595441109,0.2,0.3,0.25,324,342,333,96.63172777841589,29.34086352602213,0.3036359195946803,,,
torus_plus1,RGA Fall 2018 torus+1,0,5,2,19,1,1.5,1.447222222222222,0.3,0.38,0.3084444444444444,10.604,0.9569501595441109,0.2,0.3,0.25,342,360,351,96.72729438712256,25.84235761498431,0.2671671711560324,,,
torus_plus1,RGA Fall 2018 torus+1,0,5,3,0,1,1.5,1.447222222222222,0.3,0.38,0.3084444444444444,10.604,0.9569501595441109,0.3,0.4,0.35,0,18,9,126.6934171970169,30.66269694317368,0.2420228108260045,,,
torus_plus1,RGA Fall 2018 torus+1,0,5,3,1,1,1.5,1.447222222222222,0.3,0.38,0.3084444444444444,10.604,0.9569501595441109,0.3,0.4,0.35,18,36,27,170.206528084852,40.53105875982535,0.2381286970357544,,,
torus_plus1,RGA Fall 2018 torus+1,0,5,3,2,1,1.5,1.447222222222222,0.3,0.38,0.3084444444444444,10.604,0.9569501595441109,0.3,0.4,0.35,36,54,45,156.1812690629948,36.79096070122058,0.2355657686862639,,,
torus_plus1,RGA Fall 2018 torus+1,0,5,3,3,1,1.5,1.447222222222222,0.3,0.38,0.3084444444444444,10.604,0.9569501595441109,0.3,0.4,0.35,54,72,63,210.1579814301194,46.59187775001686,0.2216993017964885,,,
torus_plus1,RGA Fall 2018 torus+1,0,5,3,4,1,1.5,1.447222222222222,0.3,0.38,0.3084444444444444,10.604,0.9569501595441109,0.3,0.4,0.35,72,90,81,269.1010166071542,61.14898618070232,0.2272343187390123,,,
torus_plus1,RGA Fall 2018 torus+1,0,5,3,5,1,1.5,1.447222222222222,0.3,0.38,0.3084444444444444,10.604,0.9569501595441109,0.3,0.4,0.35,90,108,99,204.8853920563603,57.26289114698704,0.2794874274454621,,,
torus_plus1,RGA Fall 2018 torus+1,0,5,3,6,1,1.5,1.447222222222222,0.3,0.38,0.3084444444444444,10.604,0.9569501595441109,0.3,0.4,0.35,108,126,117,211.7949399361222,75.10261708923396,0.3546006203542213,,,
torus_plus1,RGA Fall 2018 torus+1,0,5,3,13,1,1.5,1.447222222222222,0.3,0.38,0.3084444444444444,10.604,0.9569501595441109,0.3,0.4,0.35,234,252,243,79.42841887891811,45.5821703785054,0.573877347955164,,,
torus_plus1,RGA Fall 2018 torus+1,0,5,3,14,1,1.5,1.447222222222222,0.3,0.38,0.3084444444444444,10.604,0.9569501595441109,0.3,0.4,0.35,252,270,261,136.9489701203092,51.30240632691625,0.3746096541058122,,,
torus_plus1,RGA Fall 2018 torus+1,0,5,3,15,1,1.5,1.447222222222222,0.3,0.38,0.3084444444444444,10.604,0.9569501595441109,0.3,0.4,0.35,270,288,279,215.2253149481071,54.72007781198938,0.254245546464564,,,
torus_plus1,RGA Fall 2018 torus+1,0,5,3,16,1,1.5,1.447222222222222,0.3,0.38,0.3084444444444444,10.604,0.9569501595441109,0.3,0.4,0.35,288,306,297,142.0192902285232,50.68723071074435,0.3569038447466084,,,
torus_plus1,RGA Fall 2018 torus+1,0,5,3,17,1,1.5,1.447222222222222,0.3,0.38,0.3084444444444444,10.604,0.9569501595441109,0.3,0.4,0.35,306,324,315,63.68654525027677,29.55633096852569,0.4640906623585025,,,
torus_plus1,RGA Fall 2018 torus+1,0,5,3,18,1,1.5,1.447222222222222,0.3,0.38,0.3084444444444444,10.604,0.9569501595441109,0.3,0.4,0.35,324,342,333,93.77593984812229,32.8722745300889,0.350540603307503,,,
torus_plus1,RGA Fall 2018 torus+1,0,5,3,19,1,1.5,1.447222222222222,0.3,0.38,0.3084444444444444,10.604,0.9569501595441109,0.3,0.4,0.35,342,360,351,95.49243496382064,26.19468173460243,0.2743115906985391,,,
torus_plus1,RGA Fall 2018 torus+1,0,5,4,0,1,1.5,1.447222222222222,0.3,0.38,0.3084444444444444,10.604,0.9569501595441109,0.4,0.6,0.5,0,18,9,36.45382346126863,15.13882350527007,0.4152876726732035,,,
torus_plus1,RGA Fall 2018 torus+1,0,5,4,1,1,1.5,1.447222222222222,0.3,0.38,0.3084444444444444,10.604,0.9569501595441109,0.4,0.6,0.5,18,36,27,62.27598322323664,23.16678234547387,0.3720018720929612,,,
torus_plus1,RGA Fall 2018 torus+1,0,5,4,2,1,1.5,1.447222222222222,0.3,0.38,0.3084444444444444,10.604,0.9569501595441109,0.4,0.6,0.5,36,54,45,181.3634122381011,36.22874410045871,0.1997577331247835,,,
torus_plus1,RGA Fall 2018 torus+1,0,5,4,3,1,1.5,1.447222222222222,0.3,0.38,0.3084444444444444,10.604,0.9569501595441109,0.4,0.6,0.5,54,72,63,168.7464600585332,32.35280475787806,0.1917243463753599,,,
torus_plus1,RGA Fall 2018 torus+1,0,5,4,4,1,1.5,1.447222222222222,0.3,0.38,0.3084444444444444,10.604,0.9569501595441109,0.4,0.6,0.5,72,90,81,193.9052079808374,39.3248615912045,0.2028045662140791,,,
torus_plus1,RGA Fall 2018 torus+1,0,5,4,5,1,1.5,1.447222222222222,0.3,0.38,0.3084444444444444,10.604,0.9569501595441109,0.4,0.6,0.5,90,108,99,106.6360202101317,28.81659376479794,0.270233207391024,,,
torus_plus1,RGA Fall 2018 torus+1,0,5,4,6,1,1.5,1.447222222222222,0.3,0.38,0.3084444444444444,10.604,0.9569501595441109,0.4,0.6,0.5,108,126,117,86.11020963652393,20.12204513521664,0.2336778091721404,,,
torus_plus1,RGA Fall 2018 torus+1,0,5,4,12,1,1.5,1.447222222222222,0.3,0.38,0.3084444444444444,10.604,0.9569501595441109,0.4,0.6,0.5,216,234,225,98.40144480161204,54.40835865246179,0.5529223555828364,,,
torus_plus1,RGA Fall 2018 torus+1,0,5,4,13,1,1.5,1.447222222222222,0.3,0.38,0.3084444444444444,10.604,0.9569501595441109,0.4,0.6,0.5,234,252,243,107.1759720878702,24.4090795800505,0.2277476854610496,,,
torus_plus1,RGA Fall 2018 torus+1,0,5,4,14,1,1.5,1.447222222222222,0.3,0.38,0.3084444444444444,10.604,0.9569501595441109,0.4,0.6,0.5,252,270,261,197.3645965269204,41.9312624464117,0.2124558466122485,,,
torus_plus1,RGA Fall 2018 torus+1,0,5,4,15,1,1.5,1.447222222222222,0.3,0.38,0.3084444444444444,10.604,0.9569501595441109,0.4,0.6,0.5,270,288,279,176.401504793856,32.0865944789991,0.1818952424271874,,,
torus_plus1,RGA Fall 2018 torus+1,0,5,4,16,1,1.5,1.447222222222222,0.3,0.38,0.3084444444444444,10.604,0.9569501595441109,0.4,0.6,0.5,288,306,297,182.4417991784133,36.50702938802107,0.2001023315513357,,,
torus_plus1,RGA Fall 2018 torus+1,0,5,4,17,1,1.5,1.447222222222222,0.3,0.38,0.3084444444444444,10.604,0.9569501595441109,0.4,0.6,0.5,306,324,315,101.6440720465093,26.64941041106309,0.2621836165602368,,,
torus_plus1,RGA Fall 2018 torus+1,0,5,4,18,1,1.5,1.447222222222222,0.3,0.38,0.3084444444444444,10.604,0.9569501595441109,0.4,0.6,0.5,324,342,333,60.36778779717898,23.36355504943971,0.3870202288666855,,,
torus_plus1,RGA Fall 2018 torus+1,0,5,4,19,1,1.5,1.447222222222222,0.3,0.38,0.3084444444444444,10.604,0.9569501595441109,0.4,0.6,0.5,342,360,351,29.48812352790561,14.136346585652,0.4793911885330479,,,
torus_plus1,RGA Fall 2018 torus+1,0,5,5,0,1,1.5,1.447222222222222,0.3,0.38,0.3084444444444444,10.604,0.9569501595441109,0.6,1,0.8,0,18,9,12.43039776110564,7.128235280759411,0.5734519053817777,,,
torus_plus1,RGA Fall 2018 torus+1,0,5,5,1,1,1.5,1.447222222222222,0.3,0.38,0.3084444444444444,10.604,0.9569501595441109,0.6,1,0.8,18,36,27,19.52705298030191,10.65152943966237,0.5454755231323026,,,
torus_plus1,RGA Fall 2018 torus+1,0,5,5,2,1,1.5,1.447222222222222,0.3,0.38,0.3084444444444444,10.604,0.9569501595441109,0.6,1,0.8,36,54,45,45.50217677253892,13.94858629658876,0.3065476705942316,,,
torus_plus1,RGA Fall 2018 torus+1,0,5,5,3,1,1.5,1.447222222222222,0.3,0.38,0.3084444444444444,10.604,0.9569501595441109,0.6,1,0.8,54,72,63,73.56529488372831,14.43473618288553,0.1962166563146382,,,
torus_plus1,RGA Fall 2018 torus+1,0,5,5,4,1,1.5,1.447222222222222,0.3,0.38,0.3084444444444444,10.604,0.9569501595441109,0.6,1,0.8,72,90,81,86.1304340970306,17.17953695157681,0.1994595421662816,,,
torus_plus1,RGA Fall 2018 torus+1,0,5,5,5,1,1.5,1.447222222222222,0.3,0.38,0.3084444444444444,10.604,0.9569501595441109,0.6,1,0.8,90,108,99,39.76974713177851,15.91841423690289,0.4002644066143202,,,
torus_plus1,RGA Fall 2018 torus+1,0,5,5,6,1,1.5,1.447222222222222,0.3,0.38,0.3084444444444444,10.604,0.9569501595441109,0.6,1,0.8,108,126,117,42.44609598651155,19.44368188216355,0.4580793929397495,,,
torus_plus1,RGA Fall 2018 torus+1,0,5,5,13,1,1.5,1.447222222222222,0.3,0.38,0.3084444444444444,10.604,0.9569501595441109,0.6,1,0.8,234,252,243,30.71443490695193,17.39601556924288,0.5663791511041425,,,
torus_plus1,RGA Fall 2018 torus+1,0,5,5,14,1,1.5,1.447222222222222,0.3,0.38,0.3084444444444444,10.604,0.9569501595441109,0.6,1,0.8,252,270,261,113.5908892568463,23.74652090817647,0.2090530416966978,,,
torus_plus1,RGA Fall 2018 torus+1,0,5,5,15,1,1.5,1.447222222222222,0.3,0.38,0.3084444444444444,10.604,0.9569501595441109,0.6,1,0.8,270,288,279,87.91874839079605,14.21581191830635,0.1616926102623472,,,
torus_plus1,RGA Fall 2018 torus+1,0,5,5,16,1,1.5,1.447222222222222,0.3,0.38,0.3084444444444444,10.604,0.9569501595441109,0.6,1,0.8,288,306,297,74.07700937766998,12.73958467861207,0.17197757827481,,,
torus_plus1,RGA Fall 2018 torus+1,0,5,5,17,1,1.5,1.447222222222222,0.3,0.38,0.3084444444444444,10.604,0.9569501595441109,0.6,1,0.8,306,324,315,56.66172742779641,10.6831895167035,0.1885433078318518,,,
torus_plus1,RGA Fall 2018 torus+1,0,5,5,18,1,1.5,1.447222222222222,0.3,0.38,0.3084444444444444,10.604,0.9569501595441109,0.6,1,0.8,324,342,333,32.10744074662031,10.62947026209105,0.3310594060104254,,,
torus_plus1,RGA Fall 2018 torus+1,0,5,5,19,1,1.5,1.447222222222222,0.3,0.38,0.3084444444444444,10.604,0.9569501595441109,0.6,1,0.8,342,360,351,3.196903188379213,3.279253984556958,1.025759552706223,,,
torus_plus1,RGA Fall 2018 torus+1,0,5,6,1,1,1.5,1.447222222222222,0.3,0.38,0.3084444444444444,10.604,0.9569501595441109,1,1.5,1.25,18,36,27,1.288824090828209,3.103073819653117,2.407678318349136,,,
torus_plus1,RGA Fall 2018 torus+1,0,5,6,2,1,1.5,1.447222222222222,0.3,0.38,0.3084444444444444,10.604,0.9569501595441109,1,1.5,1.25,36,54,45,13.92093857490126,5.564719228334128,0.3997373595460748,,,
torus_plus1,RGA Fall 2018 torus+1,0,5,6,3,1,1.5,1.447222222222222,0.3,0.38,0.3084444444444444,10.604,0.9569501595441109,1,1.5,1.25,54,72,63,23.52612345255232,5.998635379255506,0.2549776375761014,,,
torus_plus1,RGA Fall 2018 torus+1,0,5,6,4,1,1.5,1.447222222222222,0.3,0.38,0.3084444444444444,10.604,0.9569501595441109,1,1.5,1.25,72,90,81,31.48545687925829,8.975824033786527,0.2850784115411563,,,
torus_plus1,RGA Fall 2018 torus+1,0,5,6,15,1,1.5,1.447222222222222,0.3,0.38,0.3084444444444444,10.604,0.9569501595441109,1,1.5,1.25,270,288,279,34.01032706856937,9.369656017949755,0.275494440234558,,,
torus_plus1,RGA Fall 2018 torus+1,0,5,6,16,1,1.5,1.447222222222222,0.3,0.38,0.3084444444444444,10.604,0.9569501595441109,1,1.5,1.25,288,306,297,24.94229313758226,6.185954384180035,0.248010652030195,,,
torus_plus1,RGA Fall 2018 torus+1,0,5,6,17,1,1.5,1.447222222222222,0.3,0.38,0.3084444444444444,10.604,0.9569501595441109,1,1.5,1.25,306,324,315,11.03835775241648,4.463727242807999,0.4043832735744423,,,
torus_plus1,RGA Fall 2018 torus+1,0,5,6,18,1,1.5,1.447222222222222,0.3,0.38,0.3084444444444444,10.604,0.9569501595441109,1,1.5,1.25,324,342,333,7.526408727266964,5.804223317146387,0.7711809878353567,,,
torus_plus1,RGA Fall 2018 torus+1,0,5,6,19,1,1.5,1.447222222222222,0.3,0.38,0.3084444444444444,10.604,0.9569501595441109,1,1.5,1.25,342,360,351,16.94460932461491,12.03854484886407,0.7104645860070701,,,
torus_plus1,RGA Fall 2018 torus+1,0,5,7,1,1,1.5,1.447222222222222,0.3,0.38,0.3084444444444444,10.604,0.9569501595441109,1.5,2,1.75,18,36,27,2.139700896072899,3.485597435325998,1.629011532276913,,,
torus_plus1,RGA Fall 2018 torus+1,0,5,7,2,1,1.5,1.447222222222222,0.3,0.38,0.3084444444444444,10.604,0.9569501595441109,1.5,2,1.75,36,54,45,3.473399224911391,3.897552803339635,1.122114836493943,,,
torus_plus1,RGA Fall 2018 torus+1,0,5,7,3,1,1.5,1.447222222222222,0.3,0.38,0.3084444444444444,10.604,0.9569501595441109,1.5,2,1.75,54,72,63,13.07147355442091,5.801779548158589,0.4438504598585495,,,
torus_plus1,RGA Fall 2018 torus+1,0,5,7,16,1,1.5,1.447222222222222,0.3,0.38,0.3084444444444444,10.604,0.9569501595441109,1.5,2,1.75,288,306,297,8.462934671347034,5.95188441792925,0.7032884748691905,,,
torus_plus1,RGA Fall 2018 torus+1,0,5,7,17,1,1.5,1.447222222222222,0.3,0.38,0.3084444444444444,10.604,0.9569501595441109,1.5,2,1.75,306,324,315,7.186577780700666,6.085268051113838,0.8467546357677557,,,
torus_plus1,RGA Fall 2018 torus+1,0,5,7,18,1,1.5,1.447222222222222,0.3,0.38,0.3084444444444444,10.604,0.9569501595441109,1.5,2,1.75,324,342,333,8.326058190890679,5.027745248701998,0.6038566069839293,,,
torus_plus1,RGA Fall 2018 torus+1,1,0,0,2,1.5,2,1.536904761904762,0.05,0.1,0.09761904761904762,10.604,0.3910526191938313,0.09,0.15,0.12,36,54,45,17.9827813321054,25.32458769996298,1.40826867836901,,,
torus_plus1,RGA Fall 2018 torus+1,1,0,0,4,1.5,2,1.536904761904762,0.05,0.1,0.09761904761904762,10.604,0.3910526191938313,0.09,0.15,0.12,72,90,81,9.882357704308783,21.3432662673322,2.159734236094933,,,
torus_plus1,RGA Fall 2018 torus+1,1,0,0,15,1.5,2,1.536904761904762,0.05,0.1,0.09761904761904762,10.604,0.3910526191938313,0.09,0.15,0.12,270,288,279,39.87039344088926,47.96893198163154,1.203121610845124,,,
torus_plus1,RGA Fall 2018 torus+1,1,0,0,16,1.5,2,1.536904761904762,0.05,0.1,0.09761904761904762,10.604,0.3910526191938313,0.09,0.15,0.12,288,306,297,21.22689971288278,35.23633862914173,1.659985165320987,,,
torus_plus1,RGA Fall 2018 torus+1,1,0,1,3,1.5,2,1.536904761904762,0.05,0.1,0.09761904761904762,10.604,0.3910526191938313,0.15,0.2,0.175,54,72,63,29.40658698539444,28.43661891341112,0.9670152788399049,,,
torus_plus1,RGA Fall 2018 torus+1,1,0,1,4,1.5,2,1.536904761904762,0.05,0.1,0.09761904761904762,10.604,0.3910526191938313,0.15,0.2,0.175,72,90,81,111.6942848080212,68.27129321487949,0.6112335410197879,,,
torus_plus1,RGA Fall 2018 torus+1,1,0,1,16,1.5,2,1.536904761904762,0.05,0.1,0.09761904761904762,10.604,0.3910526191938313,0.15,0.2,0.175,288,306,297,20.91463832740694,26.17890569731242,1.251702529467463,,,
torus_plus1,RGA Fall 2018 torus+1,1,0,2,2,1.5,2,1.536904761904762,0.05,0.1,0.09761904761904762,10.604,0.3910526191938313,0.2,0.3,0.25,36,54,45,11.12772563377139,16.9471635521656,1.522967415797247,,,
torus_plus1,RGA Fall 2018 torus+1,1,0,2,3,1.5,2,1.536904761904762,0.05,0.1,0.09761904761904762,10.604,0.3910526191938313,0.2,0.3,0.25,54,72,63,4.590607380275527,9.681563125378716,2.108993935525288,,,
torus_plus1,RGA Fall 2018 torus+1,1,0,2,4,1.5,2,1.536904761904762,0.05,0.1,0.09761904761904762,10.604,0.3910526191938313,0.2,0.3,0.25,72,90,81,24.46618656395879,31.15135762776185,1.273241236280402,,,
torus_plus1,RGA Fall 2018 torus+1,1,0,2,14,1.5,2,1.536904761904762,0.05,0.1,0.09761904761904762,10.604,0.3910526191938313,0.2,0.3,0.25,252,270,261,43.0003373301201,35.97315157770723,0.8365783575495209,,,
torus_plus1,RGA Fall 2018 torus+1,1,0,2,15,1.5,2,1.536904761904762,0.05,0.1,0.09761904761904762,10.604,0.3910526191938313,0.2,0.3,0.25,270,288,279,65.48891838097973,47.81552680461833,0.730131570145242,,,
torus_plus1,RGA Fall 2018 torus+1,1,0,2,16,1.5,2,1.536904761904762,0.05,0.1,0.09761904761904762,10.604,0.3910526191938313,0.2,0.3,0.25,288,306,297,6.637748185744351,8.599079320783167,1.295481401245545,,,
torus_plus1,RGA Fall 2018 torus+1,1,0,2,17,1.5,2,1.536904761904762,0.05,0.1,0.09761904761904762,10.604,0.3910526191938313,0.2,0.3,0.25,306,324,315,2.1346244072477,3.065059755804713,1.435877780371058,,,
torus_plus1,RGA Fall 2018 torus+1,1,0,3,9,1.5,2,1.536904761904762,0.05,0.1,0.09761904761904762,10.604,0.3910526191938313,0.3,0.4,0.35,162,180,171,9.526144852799611,12.33465485318587,1.294821257054565,,,
torus_plus1,RGA Fall 2018 torus+1,1,0,3,16,1.5,2,1.536904761904762,0.05,0.1,0.09761904761904762,10.604,0.3910526191938313,0.3,0.4,0.35,288,306,297,3.25971139698689,4.677542640207606,1.434956065291942,,,
torus_plus1,RGA Fall 2018 torus+1,1,0,3,17,1.5,2,1.536904761904762,0.05,0.1,0.09761904761904762,10.604,0.3910526191938313,0.3,0.4,0.35,306,324,315,6.490710692774906,6.573886712559915,1.012814624425888,,,
torus_plus1,RGA Fall 2018 torus+1,1,0,4,1,1.5,2,1.536904761904762,0.05,0.1,0.09761904761904762,10.604,0.3910526191938313,0.4,0.6,0.5,18,36,27,20.08472126870996,23.48204245980477,1.169149531409605,,,
torus_plus1,RGA Fall 2018 torus+1,1,0,4,4,1.5,2,1.536904761904762,0.05,0.1,0.09761904761904762,10.604,0.3910526191938313,0.4,0.6,0.5,72,90,81,22.77348879493667,17.1656402679644,0.7537554049154257,,,
torus_plus1,RGA Fall 2018 torus+1,1,0,4,8,1.5,2,1.536904761904762,0.05,0.1,0.09761904761904762,10.604,0.3910526191938313,0.4,0.6,0.5,144,162,153,24.00398510859621,21.82199274421533,0.909098745291278,,,
torus_plus1,RGA Fall 2018 torus+1,1,0,4,17,1.5,2,1.536904761904762,0.05,0.1,0.09761904761904762,10.604,0.3910526191938313,0.4,0.6,0.5,306,324,315,2.411500251717015,3.115242574846249,1.29182759679505,,,
torus_plus1,RGA Fall 2018 torus+1,1,0,5,0,1.5,2,1.536904761904762,0.05,0.1,0.09761904761904762,10.604,0.3910526191938313,0.6,1,0.8,0,18,9,7.387010264889967,8.950122428467713,1.211602814606489,,,
torus_plus1,RGA Fall 2018 torus+1,1,0,5,1,1.5,2,1.536904761904762,0.05,0.1,0.09761904761904762,10.604,0.3910526191938313,0.6,1,0.8,18,36,27,1.089690274920853,1.647238648536325,1.511657657636678,,,
torus_plus1,RGA Fall 2018 torus+1,1,0,5,2,1.5,2,1.536904761904762,0.05,0.1,0.09761904761904762,10.604,0.3910526191938313,0.6,1,0.8,36,54,45,4.337324015826656,6.363723785289493,1.467200458639617,,,
torus_plus1,RGA Fall 2018 torus+1,1,0,5,7,1.5,2,1.536904761904762,0.05,0.1,0.09761904761904762,10.604,0.3910526191938313,0.6,1,0.8,126,144,135,1.567521323041418,2.471532425177678,1.576713751097326,,,
torus_plus1,RGA Fall 2018 torus+1,1,0,5,8,1.5,2,1.536904761904762,0.05,0.1,0.09761904761904762,10.604,0.3910526191938313,0.6,1,0.8,144,162,153,1.869641533397085,3.660108088120437,1.95765232144267,,,
torus_plus1,RGA Fall 2018 torus+1,1,0,5,9,1.5,2,1.536904761904762,0.05,0.1,0.09761904761904762,10.604,0.3910526191938313,0.6,1,0.8,162,180,171,2.34415604299941,2.492338669080485,1.063213635680785,,,
torus_plus1,RGA Fall 2018 torus+1,1,0,5,10,1.5,2,1.536904761904762,0.05,0.1,0.09761904761904762,10.604,0.3910526191938313,0.6,1,0.8,180,198,189,2.46545421063052,4.564573941354016,1.851412985758378,,,
torus_plus1,RGA Fall 2018 torus+1,1,0,5,11,1.5,2,1.536904761904762,0.05,0.1,0.09761904761904762,10.604,0.3910526191938313,0.6,1,0.8,198,216,207,9.74320637040414,8.196806672388414,0.8412843124504625,,,
torus_plus1,RGA Fall 2018 torus+1,1,0,5,15,1.5,2,1.536904761904762,0.05,0.1,0.09761904761904762,10.604,0.3910526191938313,0.6,1,0.8,270,288,279,4.112838106154978,7.777419494892211,1.89101036660137,,,
torus_plus1,RGA Fall 2018 torus+1,1,0,6,4,1.5,2,1.536904761904762,0.05,0.1,0.09761904761904762,10.604,0.3910526191938313,1,1.5,1.25,72,90,81,4.868610153840838,3.608225283605392,0.7411201902783012,,,
torus_plus1,RGA Fall 2018 torus+1,1,0,6,6,1.5,2,1.536904761904762,0.05,0.1,0.09761904761904762,10.604,0.3910526191938313,1,1.5,1.25,108,126,117,2.440338958726705,3.599034426277558,1.474809232302477,,,
torus_plus1,RGA Fall 2018 torus+1,1,0,6,10,1.5,2,1.536904761904762,0.05,0.1,0.09761904761904762,10.604,0.3910526191938313,1,1.5,1.25,180,198,189,1.209926830359119,2.009760948029117,1.66105990676527,,,
torus_plus1,RGA Fall 2018 torus+1,1,0,6,11,1.5,2,1.536904761904762,0.05,0.1,0.09761904761904762,10.604,0.3910526191938313,1,1.5,1.25,198,216,207,3.305187160758903,3.459360263031319,1.046645800910414,,,
torus_plus1,RGA Fall 2018 torus+1,1,0,6,12,1.5,2,1.536904761904762,0.05,0.1,0.09761904761904762,10.604,0.3910526191938313,1,1.5,1.25,216,234,225,3.123971146793726,4.052463303386347,1.297215343216462,,,
torus_plus1,RGA Fall 2018 torus+1,1,0,7,4,1.5,2,1.536904761904762,0.05,0.1,0.09761904761904762,10.604,0.3910526191938313,1.5,2,1.75,72,90,81,1.853709863305648,1.319928711174739,0.712047088545433,,,
torus_plus1,RGA Fall 2018 torus+1,1,0,7,8,1.5,2,1.536904761904762,0.05,0.1,0.09761904761904762,10.604,0.3910526191938313,1.5,2,1.75,144,162,153,0.8760250425985118,1.091367707458177,1.245817932579763,,,
torus_plus1,RGA Fall 2018 torus+1,1,1,0,0,1.5,2,1.722596371882086,0.1,0.15,0.1288219954648526,10.604,0.5813536032047781,0.09,0.15,0.12,0,18,9,17.47756370775755,5.351969138890266,0.306219403824273,,,
torus_plus1,RGA Fall 2018 torus+1,1,1,0,2,1.5,2,1.722596371882086,0.1,0.15,0.1288219954648526,10.604,0.5813536032047781,0.09,0.15,0.12,36,54,45,19.0380233135557,5.180165672780841,0.2720957731516377,,,
torus_plus1,RGA Fall 2018 torus+1,1,1,0,3,1.5,2,1.722596371882086,0.1,0.15,0.1288219954648526,10.604,0.5813536032047781,0.09,0.15,0.12,54,72,63,31.32465379471533,11.87346397536219,0.3790453376811245,,,
torus_plus1,RGA Fall 2018 torus+1,1,1,0,4,1.5,2,1.722596371882086,0.1,0.15,0.1288219954648526,10.604,0.5813536032047781,0.09,0.15,0.12,72,90,81,19.93610193276389,7.051126280521994,0.3536863075992731,,,
torus_plus1,RGA Fall 2018 torus+1,1,1,0,5,1.5,2,1.722596371882086,0.1,0.15,0.1288219954648526,10.604,0.5813536032047781,0.09,0.15,0.12,90,108,99,12.54055734506983,5.72691899631775,0.4566718080173062,,,
torus_plus1,RGA Fall 2018 torus+1,1,1,0,6,1.5,2,1.722596371882086,0.1,0.15,0.1288219954648526,10.604,0.5813536032047781,0.09,0.15,0.12,108,126,117,34.19331779792837,9.949513584739686,0.2909783029403039,,,
torus_plus1,RGA Fall 2018 torus+1,1,1,0,7,1.5,2,1.722596371882086,0.1,0.15,0.1288219954648526,10.604,0.5813536032047781,0.09,0.15,0.12,126,144,135,14.49049068064729,6.00452219486664,0.4143767334867377,,,
torus_plus1,RGA Fall 2018 torus+1,1,1,0,8,1.5,2,1.722596371882086,0.1,0.15,0.1288219954648526,10.604,0.5813536032047781,0.09,0.15,0.12,144,162,153,11.77223606175635,3.710677469898777,0.3152058326415487,,,
torus_plus1,RGA Fall 2018 torus+1,1,1,0,9,1.5,2,1.722596371882086,0.1,0.15,0.1288219954648526,10.604,0.5813536032047781,0.09,0.15,0.12,162,180,171,9.158967477458605,3.266718187496743,0.3566688270852098,,,
torus_plus1,RGA Fall 2018 torus+1,1,1,0,10,1.5,2,1.722596371882086,0.1,0.15,0.1288219954648526,10.604,0.5813536032047781,0.09,0.15,0.12,180,198,189,13.10812041666234,7.385380048419841,0.563420216908592,,,
torus_plus1,RGA Fall 2018 torus+1,1,1,0,11,1.5,2,1.722596371882086,0.1,0.15,0.1288219954648526,10.604,0.5813536032047781,0.09,0.15,0.12,198,216,207,6.691262448118016,5.114402862838571,0.7643404966542672,,,
torus_plus1,RGA Fall 2018 torus+1,1,1,0,12,1.5,2,1.722596371882086,0.1,0.15,0.1288219954648526,10.604,0.5813536032047781,0.09,0.15,0.12,216,234,225,19.57010928223333,6.711503745268792,0.3429466666985765,,,
torus_plus1,RGA Fall 2018 torus+1,1,1,0,16,1.5,2,1.722596371882086,0.1,0.15,0.1288219954648526,10.604,0.5813536032047781,0.09,0.15,0.12,288,306,297,26.68368685840382,10.65555797036298,0.399328549570619,,,
torus_plus1,RGA Fall 2018 torus+1,1,1,0,17,1.5,2,1.722596371882086,0.1,0.15,0.1288219954648526,10.604,0.5813536032047781,0.09,0.15,0.12,306,324,315,16.61018270743977,5.193292478458882,0.3126571555490949,,,
torus_plus1,RGA Fall 2018 torus+1,1,1,0,18,1.5,2,1.722596371882086,0.1,0.15,0.1288219954648526,10.604,0.5813536032047781,0.09,0.15,0.12,324,342,333,22.30865971872209,6.077041128706567,0.2724072716751573,,,
torus_plus1,RGA Fall 2018 torus+1,1,1,0,19,1.5,2,1.722596371882086,0.1,0.15,0.1288219954648526,10.604,0.5813536032047781,0.09,0.15,0.12,342,360,351,12.87889677841032,3.990220267609512,0.3098262480291449,,,
torus_plus1,RGA Fall 2018 torus+1,1,1,1,0,1.5,2,1.722596371882086,0.1,0.15,0.1288219954648526,10.604,0.5813536032047781,0.15,0.2,0.175,0,18,9,4.77492369512601,1.930805077228619,0.4043635459974957,,,
torus_plus1,RGA Fall 2018 torus+1,1,1,1,1,1.5,2,1.722596371882086,0.1,0.15,0.1288219954648526,10.604,0.5813536032047781,0.15,0.2,0.175,18,36,27,12.50371878168151,3.030358487803769,0.2423565773282885,,,
torus_plus1,RGA Fall 2018 torus+1,1,1,1,2,1.5,2,1.722596371882086,0.1,0.15,0.1288219954648526,10.604,0.5813536032047781,0.15,0.2,0.175,36,54,45,11.4360567303019,3.685820707809663,0.3222982182349109,,,
torus_plus1,RGA Fall 2018 torus+1,1,1,1,3,1.5,2,1.722596371882086,0.1,0.15,0.1288219954648526,10.604,0.5813536032047781,0.15,0.2,0.175,54,72,63,29.54859581803598,11.23172782214143,0.3801103744931855,,,
torus_plus1,RGA Fall 2018 torus+1,1,1,1,4,1.5,2,1.722596371882086,0.1,0.15,0.1288219954648526,10.604,0.5813536032047781,0.15,0.2,0.175,72,90,81,31.78240222653833,7.872185328309831,0.2476900667293346,,,
torus_plus1,RGA Fall 2018 torus+1,1,1,1,5,1.5,2,1.722596371882086,0.1,0.15,0.1288219954648526,10.604,0.5813536032047781,0.15,0.2,0.175,90,108,99,23.85526279160153,5.353712461209782,0.2244247949804438,,,
torus_plus1,RGA Fall 2018 torus+1,1,1,1,6,1.5,2,1.722596371882086,0.1,0.15,0.1288219954648526,10.604,0.5813536032047781,0.15,0.2,0.175,108,126,117,16.99995267088459,4.97788260108612,0.2928174388162633,,,
torus_plus1,RGA Fall 2018 torus+1,1,1,1,7,1.5,2,1.722596371882086,0.1,0.15,0.1288219954648526,10.604,0.5813536032047781,0.15,0.2,0.175,126,144,135,16.07938430106017,3.378900498581735,0.210138674175413,,,
torus_plus1,RGA Fall 2018 torus+1,1,1,1,8,1.5,2,1.722596371882086,0.1,0.15,0.1288219954648526,10.604,0.5813536032047781,0.15,0.2,0.175,144,162,153,14.35754867510956,3.013894565702405,0.2099170710754639,,,
torus_plus1,RGA Fall 2018 torus+1,1,1,1,9,1.5,2,1.722596371882086,0.1,0.15,0.1288219954648526,10.604,0.5813536032047781,0.15,0.2,0.175,162,180,171,11.60023915221304,2.638578595853762,0.2274589826323008,,,
torus_plus1,RGA Fall 2018 torus+1,1,1,1,10,1.5,2,1.722596371882086,0.1,0.15,0.1288219954648526,10.604,0.5813536032047781,0.15,0.2,0.175,180,198,189,9.382680536045642,3.243364504648376,0.3456756832110263,,,
torus_plus1,RGA Fall 2018 torus+1,1,1,1,11,1.5,2,1.722596371882086,0.1,0.15,0.1288219954648526,10.604,0.5813536032047781,0.15,0.2,0.175,198,216,207,9.292755303263981,3.08858370856533,0.3323646870891455,,,
torus_plus1,RGA Fall 2018 torus+1,1,1,1,12,1.5,2,1.722596371882086,0.1,0.15,0.1288219954648526,10.604,0.5813536032047781,0.15,0.2,0.175,216,234,225,15.74292126784839,5.016574276182101,0.3186558702054492,,,
torus_plus1,RGA Fall 2018 torus+1,1,1,1,13,1.5,2,1.722596371882086,0.1,0.15,0.1288219954648526,10.604,0.5813536032047781,0.15,0.2,0.175,234,252,243,8.335312864722743,4.621783409550535,0.554482295333046,,,
torus_plus1,RGA Fall 2018 torus+1,1,1,1,14,1.5,2,1.722596371882086,0.1,0.15,0.1288219954648526,10.604,0.5813536032047781,0.15,0.2,0.175,252,270,261,23.58368521616629,7.506985575037595,0.3183126600541487,,,
torus_plus1,RGA Fall 2018 torus+1,1,1,1,15,1.5,2,1.722596371882086,0.1,0.15,0.1288219954648526,10.604,0.5813536032047781,0.15,0.2,0.175,270,288,279,47.47401420398099,16.18206933371764,0.3408616188255821,,,
torus_plus1,RGA Fall 2018 torus+1,1,1,1,16,1.5,2,1.722596371882086,0.1,0.15,0.1288219954648526,10.604,0.5813536032047781,0.15,0.2,0.175,288,306,297,28.39965463979925,8.738052155981475,0.3076816344004401,,,
torus_plus1,RGA Fall 2018 torus+1,1,1,1,17,1.5,2,1.722596371882086,0.1,0.15,0.1288219954648526,10.604,0.5813536032047781,0.15,0.2,0.175,306,324,315,20.59872389279072,4.989197387675027,0.2422090520578889,,,
torus_plus1,RGA Fall 2018 torus+1,1,1,1,19,1.5,2,1.722596371882086,0.1,0.15,0.1288219954648526,10.604,0.5813536032047781,0.15,0.2,0.175,342,360,351,14.56152137582692,3.487130443167413,0.2394756944117308,,,
torus_plus1,RGA Fall 2018 torus+1,1,1,2,0,1.5,2,1.722596371882086,0.1,0.15,0.1288219954648526,10.604,0.5813536032047781,0.2,0.3,0.25,0,18,9,9.804816013032276,1.932487242031088,0.1970957169887209,,,
torus_plus1,RGA Fall 2018 torus+1,1,1,2,1,1.5,2,1.722596371882086,0.1,0.15,0.1288219954648526,10.604,0.5813536032047781,0.2,0.3,0.25,18,36,27,11.63902439142477,1.920402318987458,0.1649968463338167,,,
torus_plus1,RGA Fall 2018 torus+1,1,1,2,2,1.5,2,1.722596371882086,0.1,0.15,0.1288219954648526,10.604,0.5813536032047781,0.2,0.3,0.25,36,54,45,14.48729733908314,2.358822865070981,0.1628200767790871,,,
torus_plus1,RGA Fall 2018 torus+1,1,1,2,3,1.5,2,1.722596371882086,0.1,0.15,0.1288219954648526,10.604,0.5813536032047781,0.2,0.3,0.25,54,72,63,15.20138341113293,5.030239585884849,0.3309066977549483,,,
torus_plus1,RGA Fall 2018 torus+1,1,1,2,4,1.5,2,1.722596371882086,0.1,0.15,0.1288219954648526,10.604,0.5813536032047781,0.2,0.3,0.25,72,90,81,18.23708213763406,4.310644618346447,0.2363670123221629,,,
torus_plus1,RGA Fall 2018 torus+1,1,1,2,5,1.5,2,1.722596371882086,0.1,0.15,0.1288219954648526,10.604,0.5813536032047781,0.2,0.3,0.25,90,108,99,24.7081940895109,3.880212310315442,0.1570415181400354,,,
torus_plus1,RGA Fall 2018 torus+1,1,1,2,6,1.5,2,1.722596371882086,0.1,0.15,0.1288219954648526,10.604,0.5813536032047781,0.2,0.3,0.25,108,126,117,19.88332356304167,3.185364159632568,0.160202802591484,,,
torus_plus1,RGA Fall 2018 torus+1,1,1,2,7,1.5,2,1.722596371882086,0.1,0.15,0.1288219954648526,10.604,0.5813536032047781,0.2,0.3,0.25,126,144,135,13.47164830736245,2.137936133312818,0.1586989271494272,,,
torus_plus1,RGA Fall 2018 torus+1,1,1,2,8,1.5,2,1.722596371882086,0.1,0.15,0.1288219954648526,10.604,0.5813536032047781,0.2,0.3,0.25,144,162,153,8.591619635607778,1.252280302566583,0.145756022226186,,,
torus_plus1,RGA Fall 2018 torus+1,1,1,2,9,1.5,2,1.722596371882086,0.1,0.15,0.1288219954648526,10.604,0.5813536032047781,0.2,0.3,0.25,162,180,171,6.020293531955951,1.07335064810676,0.178288756587926,,,
torus_plus1,RGA Fall 2018 torus+1,1,1,2,10,1.5,2,1.722596371882086,0.1,0.15,0.1288219954648526,10.604,0.5813536032047781,0.2,0.3,0.25,180,198,189,6.819558771331568,1.639260101221734,0.2403762701060579,,,
torus_plus1,RGA Fall 2018 torus+1,1,1,2,11,1.5,2,1.722596371882086,0.1,0.15,0.1288219954648526,10.604,0.5813536032047781,0.2,0.3,0.25,198,216,207,8.54614373969296,2.171484210074631,0.2540893619643995,,,
torus_plus1,RGA Fall 2018 torus+1,1,1,2,12,1.5,2,1.722596371882086,0.1,0.15,0.1288219954648526,10.604,0.5813536032047781,0.2,0.3,0.25,216,234,225,15.0766879170229,2.937627032796295,0.1948456483920091,,,
torus_plus1,RGA Fall 2018 torus+1,1,1,2,13,1.5,2,1.722596371882086,0.1,0.15,0.1288219954648526,10.604,0.5813536032047781,0.2,0.3,0.25,234,252,243,15.6791580521925,3.701820984283598,0.2360981994033763,,,
torus_plus1,RGA Fall 2018 torus+1,1,1,2,14,1.5,2,1.722596371882086,0.1,0.15,0.1288219954648526,10.604,0.5813536032047781,0.2,0.3,0.25,252,270,261,18.51874824065998,3.806661838901619,0.2055571893646498,,,
torus_plus1,RGA Fall 2018 torus+1,1,1,2,15,1.5,2,1.722596371882086,0.1,0.15,0.1288219954648526,10.604,0.5813536032047781,0.2,0.3,0.25,270,288,279,21.81917050557775,4.947294605447961,0.2267407280301173,,,
torus_plus1,RGA Fall 2018 torus+1,1,1,2,16,1.5,2,1.722596371882086,0.1,0.15,0.1288219954648526,10.604,0.5813536032047781,0.2,0.3,0.25,288,306,297,14.33682818206773,3.481356363013027,0.242826120171228,,,
torus_plus1,RGA Fall 2018 torus+1,1,1,2,17,1.5,2,1.722596371882086,0.1,0.15,0.1288219954648526,10.604,0.5813536032047781,0.2,0.3,0.25,306,324,315,16.64359748091472,2.447912773379229,0.1470783450624938,,,
torus_plus1,RGA Fall 2018 torus+1,1,1,2,18,1.5,2,1.722596371882086,0.1,0.15,0.1288219954648526,10.604,0.5813536032047781,0.2,0.3,0.25,324,342,333,10.78100105458936,1.852877504504959,0.171865070332797,,,
torus_plus1,RGA Fall 2018 torus+1,1,1,2,19,1.5,2,1.722596371882086,0.1,0.15,0.1288219954648526,10.604,0.5813536032047781,0.2,0.3,0.25,342,360,351,9.458012177259992,1.983872274901016,0.2097557327818697,,,
torus_plus1,RGA Fall 2018 torus+1,1,1,3,0,1.5,2,1.722596371882086,0.1,0.15,0.1288219954648526,10.604,0.5813536032047781,0.3,0.4,0.35,0,18,9,7.848499366482126,2.540874412750096,0.323740156443304,,,
torus_plus1,RGA Fall 2018 torus+1,1,1,3,1,1.5,2,1.722596371882086,0.1,0.15,0.1288219954648526,10.604,0.5813536032047781,0.3,0.4,0.35,18,36,27,9.75911861189098,1.991415829551467,0.2040569347241082,,,
torus_plus1,RGA Fall 2018 torus+1,1,1,3,2,1.5,2,1.722596371882086,0.1,0.15,0.1288219954648526,10.604,0.5813536032047781,0.3,0.4,0.35,36,54,45,9.416992510433509,1.77540999788166,0.1885325910490641,,,
torus_plus1,RGA Fall 2018 torus+1,1,1,3,3,1.5,2,1.722596371882086,0.1,0.15,0.1288219954648526,10.604,0.5813536032047781,0.3,0.4,0.35,54,72,63,15.69190840267774,4.828526665384757,0.3077080582856828,,,
torus_plus1,RGA Fall 2018 torus+1,1,1,3,4,1.5,2,1.722596371882086,0.1,0.15,0.1288219954648526,10.604,0.5813536032047781,0.3,0.4,0.35,72,90,81,13.79141745943052,5.666543929704164,0.4108746578350729,,,
torus_plus1,RGA Fall 2018 torus+1,1,1,3,5,1.5,2,1.722596371882086,0.1,0.15,0.1288219954648526,10.604,0.5813536032047781,0.3,0.4,0.35,90,108,99,11.64312519474222,2.661826077966024,0.2286178352842969,,,
torus_plus1,RGA Fall 2018 torus+1,1,1,3,6,1.5,2,1.722596371882086,0.1,0.15,0.1288219954648526,10.604,0.5813536032047781,0.3,0.4,0.35,108,126,117,15.46858010386934,2.86657215436657,0.1853157907912648,,,
torus_plus1,RGA Fall 2018 torus+1,1,1,3,7,1.5,2,1.722596371882086,0.1,0.15,0.1288219954648526,10.604,0.5813536032047781,0.3,0.4,0.35,126,144,135,8.01964184937219,1.661747251433869,0.2072096588158681,,,
torus_plus1,RGA Fall 2018 torus+1,1,1,3,8,1.5,2,1.722596371882086,0.1,0.15,0.1288219954648526,10.604,0.5813536032047781,0.3,0.4,0.35,144,162,153,7.156586273842857,1.115147849980763,0.1558211984471704,,,
torus_plus1,RGA Fall 2018 torus+1,1,1,3,9,1.5,2,1.722596371882086,0.1,0.15,0.1288219954648526,10.604,0.5813536032047781,0.3,0.4,0.35,162,180,171,7.298542025206506,1.106160790334719,0.1515591451709728,,,
torus_plus1,RGA Fall 2018 torus+1,1,1,3,10,1.5,2,1.722596371882086,0.1,0.15,0.1288219954648526,10.604,0.5813536032047781,0.3,0.4,0.35,180,198,189,5.627795177437201,1.135286769657761,0.2017285160286788,,,
torus_plus1,RGA Fall 2018 torus+1,1,1,3,11,1.5,2,1.722596371882086,0.1,0.15,0.1288219954648526,10.604,0.5813536032047781,0.3,0.4,0.35,198,216,207,6.987843577997639,2.178817763427275,0.311801164280156,,,
torus_plus1,RGA Fall 2018 torus+1,1,1,3,12,1.5,2,1.722596371882086,0.1,0.15,0.1288219954648526,10.604,0.5813536032047781,0.3,0.4,0.35,216,234,225,7.64484620599959,2.033305370302353,0.265970735775775,,,
torus_plus1,RGA Fall 2018 torus+1,1,1,3,13,1.5,2,1.722596371882086,0.1,0.15,0.1288219954648526,10.604,0.5813536032047781,0.3,0.4,0.35,234,252,243,13.65369760231625,3.261886573012699,0.2389013341308617,,,
torus_plus1,RGA Fall 2018 torus+1,1,1,3,14,1.5,2,1.722596371882086,0.1,0.15,0.1288219954648526,10.604,0.5813536032047781,0.3,0.4,0.35,252,270,261,13.9166799010525,2.489315123339337,0.1788727728911171,,,
torus_plus1,RGA Fall 2018 torus+1,1,1,3,15,1.5,2,1.722596371882086,0.1,0.15,0.1288219954648526,10.604,0.5813536032047781,0.3,0.4,0.35,270,288,279,15.45656016337167,2.635010571136322,0.1704784598439091,,,
torus_plus1,RGA Fall 2018 torus+1,1,1,3,16,1.5,2,1.722596371882086,0.1,0.15,0.1288219954648526,10.604,0.5813536032047781,0.3,0.4,0.35,288,306,297,13.23677055683711,3.133540539002708,0.2367299882964397,,,
torus_plus1,RGA Fall 2018 torus+1,1,1,3,17,1.5,2,1.722596371882086,0.1,0.15,0.1288219954648526,10.604,0.5813536032047781,0.3,0.4,0.35,306,324,315,11.56033618647463,2.136111958779927,0.1847793977894117,,,
torus_plus1,RGA Fall 2018 torus+1,1,1,3,18,1.5,2,1.722596371882086,0.1,0.15,0.1288219954648526,10.604,0.5813536032047781,0.3,0.4,0.35,324,342,333,7.657891174923186,1.830855774659563,0.2390809340115658,,,
torus_plus1,RGA Fall 2018 torus+1,1,1,3,19,1.5,2,1.722596371882086,0.1,0.15,0.1288219954648526,10.604,0.5813536032047781,0.3,0.4,0.35,342,360,351,6.517298483416044,2.207062531715901,0.3386468392282485,,,
torus_plus1,RGA Fall 2018 torus+1,1,1,4,1,1.5,2,1.722596371882086,0.1,0.15,0.1288219954648526,10.604,0.5813536032047781,0.4,0.6,0.5,18,36,27,5.519394231203219,1.084474015540161,0.1964842462981209,,,
torus_plus1,RGA Fall 2018 torus+1,1,1,4,2,1.5,2,1.722596371882086,0.1,0.15,0.1288219954648526,10.604,0.5813536032047781,0.4,0.6,0.5,36,54,45,6.517837697456286,1.013343604571227,0.1554723593327131,,,
torus_plus1,RGA Fall 2018 torus+1,1,1,4,3,1.5,2,1.722596371882086,0.1,0.15,0.1288219954648526,10.604,0.5813536032047781,0.4,0.6,0.5,54,72,63,8.592826701252429,1.992115644721287,0.2318347284288801,,,
torus_plus1,RGA Fall 2018 torus+1,1,1,4,4,1.5,2,1.722596371882086,0.1,0.15,0.1288219954648526,10.604,0.5813536032047781,0.4,0.6,0.5,72,90,81,6.680627337683243,1.772998523538813,0.2653940167471858,,,
torus_plus1,RGA Fall 2018 torus+1,1,1,4,5,1.5,2,1.722596371882086,0.1,0.15,0.1288219954648526,10.604,0.5813536032047781,0.4,0.6,0.5,90,108,99,8.532013231658246,1.670168287836322,0.1957531291253887,,,
torus_plus1,RGA Fall 2018 torus+1,1,1,4,6,1.5,2,1.722596371882086,0.1,0.15,0.1288219954648526,10.604,0.5813536032047781,0.4,0.6,0.5,108,126,117,7.522595754912615,1.375796871475538,0.1828885821196861,,,
torus_plus1,RGA Fall 2018 torus+1,1,1,4,7,1.5,2,1.722596371882086,0.1,0.15,0.1288219954648526,10.604,0.5813536032047781,0.4,0.6,0.5,126,144,135,6.42352439980065,0.9521199359427291,0.1482239152033543,,,
torus_plus1,RGA Fall 2018 torus+1,1,1,4,8,1.5,2,1.722596371882086,0.1,0.15,0.1288219954648526,10.604,0.5813536032047781,0.4,0.6,0.5,144,162,153,6.26277577335172,0.739688413815293,0.1181087173777939,,,
torus_plus1,RGA Fall 2018 torus+1,1,1,4,9,1.5,2,1.722596371882086,0.1,0.15,0.1288219954648526,10.604,0.5813536032047781,0.4,0.6,0.5,162,180,171,5.146950564428513,0.6251326782948062,0.1214569035527967,,,
torus_plus1,RGA Fall 2018 torus+1,1,1,4,10,1.5,2,1.722596371882086,0.1,0.15,0.1288219954648526,10.604,0.5813536032047781,0.4,0.6,0.5,180,198,189,2.980675836589612,0.5654771041832544,0.1897143920320614,,,
torus_plus1,RGA Fall 2018 torus+1,1,1,4,11,1.5,2,1.722596371882086,0.1,0.15,0.1288219954648526,10.604,0.5813536032047781,0.4,0.6,0.5,198,216,207,4.489110292503832,1.181630517622644,0.2632215384852086,,,
torus_plus1,RGA Fall 2018 torus+1,1,1,4,12,1.5,2,1.722596371882086,0.1,0.15,0.1288219954648526,10.604,0.5813536032047781,0.4,0.6,0.5,216,234,225,6.608345791184748,1.317265881810793,0.1993336794766354,,,
torus_plus1,RGA Fall 2018 torus+1,1,1,4,13,1.5,2,1.722596371882086,0.1,0.15,0.1288219954648526,10.604,0.5813536032047781,0.4,0.6,0.5,234,252,243,8.482080984112979,1.584949526691666,0.1868585703980299,,,
torus_plus1,RGA Fall 2018 torus+1,1,1,4,14,1.5,2,1.722596371882086,0.1,0.15,0.1288219954648526,10.604,0.5813536032047781,0.4,0.6,0.5,252,270,261,9.056658056066651,1.176414786556898,0.1298950207984136,,,
torus_plus1,RGA Fall 2018 torus+1,1,1,4,15,1.5,2,1.722596371882086,0.1,0.15,0.1288219954648526,10.604,0.5813536032047781,0.4,0.6,0.5,270,288,279,8.933181072063336,1.250801816635224,0.1400175152104379,,,
torus_plus1,RGA Fall 2018 torus+1,1,1,4,16,1.5,2,1.722596371882086,0.1,0.15,0.1288219954648526,10.604,0.5813536032047781,0.4,0.6,0.5,288,306,297,13.35737949779091,2.259064148388315,0.1691248009208638,,,
torus_plus1,RGA Fall 2018 torus+1,1,1,4,17,1.5,2,1.722596371882086,0.1,0.15,0.1288219954648526,10.604,0.5813536032047781,0.4,0.6,0.5,306,324,315,4.830757855814883,0.9587152712376851,0.1984606349257725,,,
torus_plus1,RGA Fall 2018 torus+1,1,1,4,18,1.5,2,1.722596371882086,0.1,0.15,0.1288219954648526,10.604,0.5813536032047781,0.4,0.6,0.5,324,342,333,6.555192166932993,1.035279930548647,0.1579328117596631,,,
torus_plus1,RGA Fall 2018 torus+1,1,1,4,19,1.5,2,1.722596371882086,0.1,0.15,0.1288219954648526,10.604,0.5813536032047781,0.4,0.6,0.5,342,360,351,4.211477951466351,2.587014502971992,0.6142771095527749,,,
torus_plus1,RGA Fall 2018 torus+1,1,1,5,1,1.5,2,1.722596371882086,0.1,0.15,0.1288219954648526,10.604,0.5813536032047781,0.6,1,0.8,18,36,27,2.056212422306178,0.3783025949748174,0.1839803080999415,,,
torus_plus1,RGA Fall 2018 torus+1,1,1,5,2,1.5,2,1.722596371882086,0.1,0.15,0.1288219954648526,10.604,0.5813536032047781,0.6,1,0.8,36,54,45,3.532147712199441,0.6466116558317818,0.1830647267662376,,,
torus_plus1,RGA Fall 2018 torus+1,1,1,5,3,1.5,2,1.722596371882086,0.1,0.15,0.1288219954648526,10.604,0.5813536032047781,0.6,1,0.8,54,72,63,5.931906333264717,0.9414994123964047,0.1587178487827261,,,
torus_plus1,RGA Fall 2018 torus+1,1,1,5,4,1.5,2,1.722596371882086,0.1,0.15,0.1288219954648526,10.604,0.5813536032047781,0.6,1,0.8,72,90,81,4.756417714178673,0.7561281035378434,0.158970079790061,,,
torus_plus1,RGA Fall 2018 torus+1,1,1,5,5,1.5,2,1.722596371882086,0.1,0.15,0.1288219954648526,10.604,0.5813536032047781,0.6,1,0.8,90,108,99,4.928698180544383,0.8821533646658009,0.1789830361591274,,,
torus_plus1,RGA Fall 2018 torus+1,1,1,5,6,1.5,2,1.722596371882086,0.1,0.15,0.1288219954648526,10.604,0.5813536032047781,0.6,1,0.8,108,126,117,3.925312818451913,0.731772206061517,0.18642392082018,,,
torus_plus1,RGA Fall 2018 torus+1,1,1,5,7,1.5,2,1.722596371882086,0.1,0.15,0.1288219954648526,10.604,0.5813536032047781,0.6,1,0.8,126,144,135,3.651516102887129,0.5269775079678353,0.1443174542079034,,,
torus_plus1,RGA Fall 2018 torus+1,1,1,5,8,1.5,2,1.722596371882086,0.1,0.15,0.1288219954648526,10.604,0.5813536032047781,0.6,1,0.8,144,162,153,3.571540516681667,0.4466164955253643,0.1250486991367852,,,
torus_plus1,RGA Fall 2018 torus+1,1,1,5,9,1.5,2,1.722596371882086,0.1,0.15,0.1288219954648526,10.604,0.5813536032047781,0.6,1,0.8,162,180,171,2.489232925705336,0.3002037166009365,0.1206008941553239,,,
torus_plus1,RGA Fall 2018 torus+1,1,1,5,10,1.5,2,1.722596371882086,0.1,0.15,0.1288219954648526,10.604,0.5813536032047781,0.6,1,0.8,180,198,189,2.399479752836847,0.4071245367341092,0.1696720033802226,,,
torus_plus1,RGA Fall 2018 torus+1,1,1,5,11,1.5,2,1.722596371882086,0.1,0.15,0.1288219954648526,10.604,0.5813536032047781,0.6,1,0.8,198,216,207,1.326396766233307,0.3232906653779061,0.2437360174633001,,,
torus_plus1,RGA Fall 2018 torus+1,1,1,5,12,1.5,2,1.722596371882086,0.1,0.15,0.1288219954648526,10.604,0.5813536032047781,0.6,1,0.8,216,234,225,2.353584895735507,0.4812320497151674,0.2044676827197176,,,
torus_plus1,RGA Fall 2018 torus+1,1,1,5,13,1.5,2,1.722596371882086,0.1,0.15,0.1288219954648526,10.604,0.5813536032047781,0.6,1,0.8,234,252,243,3.541180174722369,0.6377314789567259,0.1800900963777491,,,
torus_plus1,RGA Fall 2018 torus+1,1,1,5,14,1.5,2,1.722596371882086,0.1,0.15,0.1288219954648526,10.604,0.5813536032047781,0.6,1,0.8,252,270,261,6.255768034847513,0.6379800034904255,0.1019826822120933,,,
torus_plus1,RGA Fall 2018 torus+1,1,1,5,15,1.5,2,1.722596371882086,0.1,0.15,0.1288219954648526,10.604,0.5813536032047781,0.6,1,0.8,270,288,279,4.846508386302542,0.5304306431379299,0.1094459352710626,,,
torus_plus1,RGA Fall 2018 torus+1,1,1,5,16,1.5,2,1.722596371882086,0.1,0.15,0.1288219954648526,10.604,0.5813536032047781,0.6,1,0.8,288,306,297,4.778291316696138,0.7790776254779196,0.1630452339219448,,,
torus_plus1,RGA Fall 2018 torus+1,1,1,5,17,1.5,2,1.722596371882086,0.1,0.15,0.1288219954648526,10.604,0.5813536032047781,0.6,1,0.8,306,324,315,2.567606566867096,0.653387458029665,0.2544733552488557,,,
torus_plus1,RGA Fall 2018 torus+1,1,1,5,18,1.5,2,1.722596371882086,0.1,0.15,0.1288219954648526,10.604,0.5813536032047781,0.6,1,0.8,324,342,333,3.302078578059951,0.4710657785626334,0.1426573497349647,,,
torus_plus1,RGA Fall 2018 torus+1,1,1,6,0,1.5,2,1.722596371882086,0.1,0.15,0.1288219954648526,10.604,0.5813536032047781,1,1.5,1.25,0,18,9,0.4857471554593204,0.1832632191798652,0.3772810959779524,,,
torus_plus1,RGA Fall 2018 torus+1,1,1,6,1,1.5,2,1.722596371882086,0.1,0.15,0.1288219954648526,10.604,0.5813536032047781,1,1.5,1.25,18,36,27,1.333469754018702,0.385438345460178,0.2890491848792036,,,
torus_plus1,RGA Fall 2018 torus+1,1,1,6,2,1.5,2,1.722596371882086,0.1,0.15,0.1288219954648526,10.604,0.5813536032047781,1,1.5,1.25,36,54,45,2.052432250306453,0.7247465777156633,0.3531159567422749,,,
torus_plus1,RGA Fall 2018 torus+1,1,1,6,3,1.5,2,1.722596371882086,0.1,0.15,0.1288219954648526,10.604,0.5813536032047781,1,1.5,1.25,54,72,63,2.525143233258083,0.4468162030380901,0.1769468745983104,,,
torus_plus1,RGA Fall 2018 torus+1,1,1,6,4,1.5,2,1.722596371882086,0.1,0.15,0.1288219954648526,10.604,0.5813536032047781,1,1.5,1.25,72,90,81,2.581920580979593,0.4109157626932924,0.1591512015204546,,,
torus_plus1,RGA Fall 2018 torus+1,1,1,6,5,1.5,2,1.722596371882086,0.1,0.15,0.1288219954648526,10.604,0.5813536032047781,1,1.5,1.25,90,108,99,1.791992406762952,0.4635272644420154,0.2586658641480123,,,
torus_plus1,RGA Fall 2018 torus+1,1,1,6,6,1.5,2,1.722596371882086,0.1,0.15,0.1288219954648526,10.604,0.5813536032047781,1,1.5,1.25,108,126,117,2.257124180911589,0.4823143250659699,0.2136853298302696,,,
torus_plus1,RGA Fall 2018 torus+1,1,1,6,7,1.5,2,1.722596371882086,0.1,0.15,0.1288219954648526,10.604,0.5813536032047781,1,1.5,1.25,126,144,135,2.4371284806698,0.5522560883762221,0.2266011384941202,,,
torus_plus1,RGA Fall 2018 torus+1,1,1,6,8,1.5,2,1.722596371882086,0.1,0.15,0.1288219954648526,10.604,0.5813536032047781,1,1.5,1.25,144,162,153,1.201524601840779,0.2439527695283823,0.2030360170358874,,,
torus_plus1,RGA Fall 2018 torus+1,1,1,6,9,1.5,2,1.722596371882086,0.1,0.15,0.1288219954648526,10.604,0.5813536032047781,1,1.5,1.25,162,180,171,1.17367042309759,0.2365674381762386,0.2015620684654232,,,
torus_plus1,RGA Fall 2018 torus+1,1,1,6,10,1.5,2,1.722596371882086,0.1,0.15,0.1288219954648526,10.604,0.5813536032047781,1,1.5,1.25,180,198,189,0.7992183118892978,0.2356331382603971,0.2948295037226766,,,
torus_plus1,RGA Fall 2018 torus+1,1,1,6,11,1.5,2,1.722596371882086,0.1,0.15,0.1288219954648526,10.604,0.5813536032047781,1,1.5,1.25,198,216,207,2.214078165631873,0.5045186682597007,0.2278684989948025,,,
torus_plus1,RGA Fall 2018 torus+1,1,1,6,12,1.5,2,1.722596371882086,0.1,0.15,0.1288219954648526,10.604,0.5813536032047781,1,1.5,1.25,216,234,225,1.443149518440809,0.3217653726362477,0.2229605238574904,,,
torus_plus1,RGA Fall 2018 torus+1,1,1,6,13,1.5,2,1.722596371882086,0.1,0.15,0.1288219954648526,10.604,0.5813536032047781,1,1.5,1.25,234,252,243,1.717492801628904,0.3714451433380972,0.2162717322516935,,,
torus_plus1,RGA Fall 2018 torus+1,1,1,6,14,1.5,2,1.722596371882086,0.1,0.15,0.1288219954648526,10.604,0.5813536032047781,1,1.5,1.25,252,270,261,3.056687755018197,0.451213170011057,0.1476150677380428,,,
torus_plus1,RGA Fall 2018 torus+1,1,1,6,15,1.5,2,1.722596371882086,0.1,0.15,0.1288219954648526,10.604,0.5813536032047781,1,1.5,1.25,270,288,279,1.8448727109552,0.3321125914548011,0.1800192444078414,,,
torus_plus1,RGA Fall 2018 torus+1,1,1,6,16,1.5,2,1.722596371882086,0.1,0.15,0.1288219954648526,10.604,0.5813536032047781,1,1.5,1.25,288,306,297,3.027166605337213,0.6707004744731031,0.2215604761530428,,,
torus_plus1,RGA Fall 2018 torus+1,1,1,6,17,1.5,2,1.722596371882086,0.1,0.15,0.1288219954648526,10.604,0.5813536032047781,1,1.5,1.25,306,324,315,2.967758521468447,1.390544868458888,0.4685505435835953,,,
torus_plus1,RGA Fall 2018 torus+1,1,1,6,18,1.5,2,1.722596371882086,0.1,0.15,0.1288219954648526,10.604,0.5813536032047781,1,1.5,1.25,324,342,333,1.214443392572158,0.297905565835531,0.2453021422468898,,,
torus_plus1,RGA Fall 2018 torus+1,1,1,6,19,1.5,2,1.722596371882086,0.1,0.15,0.1288219954648526,10.604,0.5813536032047781,1,1.5,1.25,342,360,351,0.6356145566268572,0.2110915534096776,0.3321062288597029,,,
torus_plus1,RGA Fall 2018 torus+1,1,1,7,2,1.5,2,1.722596371882086,0.1,0.15,0.1288219954648526,10.604,0.5813536032047781,1.5,2,1.75,36,54,45,3.382401568435667,1.590630809948796,0.4702666959454046,,,
torus_plus1,RGA Fall 2018 torus+1,1,1,7,3,1.5,2,1.722596371882086,0.1,0.15,0.1288219954648526,10.604,0.5813536032047781,1.5,2,1.75,54,72,63,0.8219600438976385,0.3017333942008104,0.3670900993800452,,,
torus_plus1,RGA Fall 2018 torus+1,1,1,7,4,1.5,2,1.722596371882086,0.1,0.15,0.1288219954648526,10.604,0.5813536032047781,1.5,2,1.75,72,90,81,1.791988856999428,0.4975799803798827,0.2776691263655784,,,
torus_plus1,RGA Fall 2018 torus+1,1,1,7,5,1.5,2,1.722596371882086,0.1,0.15,0.1288219954648526,10.604,0.5813536032047781,1.5,2,1.75,90,108,99,1.680367224765399,0.503706203763558,0.2997595979854236,,,
torus_plus1,RGA Fall 2018 torus+1,1,1,7,6,1.5,2,1.722596371882086,0.1,0.15,0.1288219954648526,10.604,0.5813536032047781,1.5,2,1.75,108,126,117,1.086056444472202,0.4960716676270433,0.4567641674168441,,,
torus_plus1,RGA Fall 2018 torus+1,1,1,7,7,1.5,2,1.722596371882086,0.1,0.15,0.1288219954648526,10.604,0.5813536032047781,1.5,2,1.75,126,144,135,0.9845644068847413,0.4659898392897554,0.473295435048473,,,
torus_plus1,RGA Fall 2018 torus+1,1,1,7,8,1.5,2,1.722596371882086,0.1,0.15,0.1288219954648526,10.604,0.5813536032047781,1.5,2,1.75,144,162,153,0.9232007391409809,0.256199674275316,0.2775124232609524,,,
torus_plus1,RGA Fall 2018 torus+1,1,1,7,9,1.5,2,1.722596371882086,0.1,0.15,0.1288219954648526,10.604,0.5813536032047781,1.5,2,1.75,162,180,171,0.3850922447793876,0.1171031520858698,0.304091172111129,,,
torus_plus1,RGA Fall 2018 torus+1,1,1,7,10,1.5,2,1.722596371882086,0.1,0.15,0.1288219954648526,10.604,0.5813536032047781,1.5,2,1.75,180,198,189,0.4412547273003753,0.1873088683796721,0.4244914712316847,,,
torus_plus1,RGA Fall 2018 torus+1,1,1,7,11,1.5,2,1.722596371882086,0.1,0.15,0.1288219954648526,10.604,0.5813536032047781,1.5,2,1.75,198,216,207,0.7614113165126759,0.2414864038081858,0.3171563103556335,,,
torus_plus1,RGA Fall 2018 torus+1,1,1,7,12,1.5,2,1.722596371882086,0.1,0.15,0.1288219954648526,10.604,0.5813536032047781,1.5,2,1.75,216,234,225,0.7928205419000262,0.2966065743703558,0.3741156525277792,,,
torus_plus1,RGA Fall 2018 torus+1,1,1,7,13,1.5,2,1.722596371882086,0.1,0.15,0.1288219954648526,10.604,0.5813536032047781,1.5,2,1.75,234,252,243,0.5013349609697554,0.2467916700803515,0.4922690203032538,,,
torus_plus1,RGA Fall 2018 torus+1,1,1,7,14,1.5,2,1.722596371882086,0.1,0.15,0.1288219954648526,10.604,0.5813536032047781,1.5,2,1.75,252,270,261,1.377480239733277,0.4189014521747612,0.3041070500262665,,,
torus_plus1,RGA Fall 2018 torus+1,1,1,7,15,1.5,2,1.722596371882086,0.1,0.15,0.1288219954648526,10.604,0.5813536032047781,1.5,2,1.75,270,288,279,1.794887271957943,0.4422033428623408,0.2463683094593265,,,
torus_plus1,RGA Fall 2018 torus+1,1,1,7,16,1.5,2,1.722596371882086,0.1,0.15,0.1288219954648526,10.604,0.5813536032047781,1.5,2,1.75,288,306,297,1.478299078237506,0.7763793153178323,0.5251841976682189,,,
torus_plus1,RGA Fall 2018 torus+1,1,1,7,17,1.5,2,1.722596371882086,0.1,0.15,0.1288219954648526,10.604,0.5813536032047781,1.5,2,1.75,306,324,315,1.577277587328169,0.8185608051631623,0.5189706692971934,,,
torus_plus1,RGA Fall 2018 torus+1,1,1,7,18,1.5,2,1.722596371882086,0.1,0.15,0.1288219954648526,10.604,0.5813536032047781,1.5,2,1.75,324,342,333,0.1234901261038305,0.202933767481976,1.643319785027584,,,
torus_plus1,RGA Fall 2018 torus+1,1,2,0,0,1.5,2,1.75,0.15,0.2,0.175,10.604,0.786408074467129,0.09,0.15,0.12,0,18,9,24.39535875411793,8.365248818547693,0.3429032916818918,,,
torus_plus1,RGA Fall 2018 torus+1,1,2,0,1,1.5,2,1.75,0.15,0.2,0.175,10.604,0.786408074467129,0.09,0.15,0.12,18,36,27,28.05193612557876,6.664674017859477,0.2375833877570535,,,
torus_plus1,RGA Fall 2018 torus+1,1,2,0,2,1.5,2,1.75,0.15,0.2,0.175,10.604,0.786408074467129,0.09,0.15,0.12,36,54,45,69.81380619928844,15.17289683748502,0.2173337576549388,,,
torus_plus1,RGA Fall 2018 torus+1,1,2,0,3,1.5,2,1.75,0.15,0.2,0.175,10.604,0.786408074467129,0.09,0.15,0.12,54,72,63,37.69720841031348,10.42878594223704,0.2766461067547871,,,
torus_plus1,RGA Fall 2018 torus+1,1,2,0,4,1.5,2,1.75,0.15,0.2,0.175,10.604,0.786408074467129,0.09,0.15,0.12,72,90,81,38.65248255388114,8.680076002495346,0.2245671022655638,,,
torus_plus1,RGA Fall 2018 torus+1,1,2,0,5,1.5,2,1.75,0.15,0.2,0.175,10.604,0.786408074467129,0.09,0.15,0.12,90,108,99,42.18532100115014,7.768532481857809,0.1841525037025559,,,
torus_plus1,RGA Fall 2018 torus+1,1,2,0,6,1.5,2,1.75,0.15,0.2,0.175,10.604,0.786408074467129,0.09,0.15,0.12,108,126,117,77.67192718648496,21.08342882885302,0.271442071705433,,,
torus_plus1,RGA Fall 2018 torus+1,1,2,0,7,1.5,2,1.75,0.15,0.2,0.175,10.604,0.786408074467129,0.09,0.15,0.12,126,144,135,21.69594138272938,9.807714875654289,0.4520529762982087,,,
torus_plus1,RGA Fall 2018 torus+1,1,2,0,14,1.5,2,1.75,0.15,0.2,0.175,10.604,0.786408074467129,0.09,0.15,0.12,252,270,261,53.99180215990448,17.52561894405831,0.3245977767542129,,,
torus_plus1,RGA Fall 2018 torus+1,1,2,0,15,1.5,2,1.75,0.15,0.2,0.175,10.604,0.786408074467129,0.09,0.15,0.12,270,288,279,52.18563934059115,13.80572476180658,0.2645502658634323,,,
torus_plus1,RGA Fall 2018 torus+1,1,2,0,16,1.5,2,1.75,0.15,0.2,0.175,10.604,0.786408074467129,0.09,0.15,0.12,288,306,297,26.48712988752705,11.68921713179569,0.4413168652636922,,,
torus_plus1,RGA Fall 2018 torus+1,1,2,0,18,1.5,2,1.75,0.15,0.2,0.175,10.604,0.786408074467129,0.09,0.15,0.12,324,342,333,36.99944516293792,11.73883861044596,0.3172706660532484,,,
torus_plus1,RGA Fall 2018 torus+1,1,2,0,19,1.5,2,1.75,0.15,0.2,0.175,10.604,0.786408074467129,0.09,0.15,0.12,342,360,351,23.16712269652318,7.015511421576072,0.3028218701767799,,,
torus_plus1,RGA Fall 2018 torus+1,1,2,1,0,1.5,2,1.75,0.15,0.2,0.175,10.604,0.786408074467129,0.15,0.2,0.175,0,18,9,34.17542604789065,11.30853844199886,0.330896780223076,,,
torus_plus1,RGA Fall 2018 torus+1,1,2,1,1,1.5,2,1.75,0.15,0.2,0.175,10.604,0.786408074467129,0.15,0.2,0.175,18,36,27,24.10435366404444,5.253326105549652,0.2179409653031204,,,
torus_plus1,RGA Fall 2018 torus+1,1,2,1,2,1.5,2,1.75,0.15,0.2,0.175,10.604,0.786408074467129,0.15,0.2,0.175,36,54,45,40.51996638701938,7.366103924918314,0.1817894875470098,,,
torus_plus1,RGA Fall 2018 torus+1,1,2,1,3,1.5,2,1.75,0.15,0.2,0.175,10.604,0.786408074467129,0.15,0.2,0.175,54,72,63,37.47732311758638,8.361312410785702,0.2231032452491817,,,
torus_plus1,RGA Fall 2018 torus+1,1,2,1,4,1.5,2,1.75,0.15,0.2,0.175,10.604,0.786408074467129,0.15,0.2,0.175,72,90,81,45.72310741305648,6.436787559499426,0.1407775613619245,,,
torus_plus1,RGA Fall 2018 torus+1,1,2,1,5,1.5,2,1.75,0.15,0.2,0.175,10.604,0.786408074467129,0.15,0.2,0.175,90,108,99,44.29943032929187,4.783573489948766,0.107982731479636,,,
torus_plus1,RGA Fall 2018 torus+1,1,2,1,6,1.5,2,1.75,0.15,0.2,0.175,10.604,0.786408074467129,0.15,0.2,0.175,108,126,117,38.10008208282625,5.147769323072719,0.1351117646382472,,,
torus_plus1,RGA Fall 2018 torus+1,1,2,1,7,1.5,2,1.75,0.15,0.2,0.175,10.604,0.786408074467129,0.15,0.2,0.175,126,144,135,32.71748899053555,5.525003351366819,0.168870030122577,,,
torus_plus1,RGA Fall 2018 torus+1,1,2,1,8,1.5,2,1.75,0.15,0.2,0.175,10.604,0.786408074467129,0.15,0.2,0.175,144,162,153,26.13080961291984,5.015104201430798,0.1919230316901924,,,
torus_plus1,RGA Fall 2018 torus+1,1,2,1,9,1.5,2,1.75,0.15,0.2,0.175,10.604,0.786408074467129,0.15,0.2,0.175,162,180,171,14.11578619617164,3.701310334664615,0.2622107109888399,,,
torus_plus1,RGA Fall 2018 torus+1,1,2,1,10,1.5,2,1.75,0.15,0.2,0.175,10.604,0.786408074467129,0.15,0.2,0.175,180,198,189,12.14225122192846,4.177316354438744,0.344031454965671,,,
torus_plus1,RGA Fall 2018 torus+1,1,2,1,11,1.5,2,1.75,0.15,0.2,0.175,10.604,0.786408074467129,0.15,0.2,0.175,198,216,207,25.6263397885713,5.754368768719812,0.2245489920213309,,,
torus_plus1,RGA Fall 2018 torus+1,1,2,1,12,1.5,2,1.75,0.15,0.2,0.175,10.604,0.786408074467129,0.15,0.2,0.175,216,234,225,33.43789356988226,6.026302158158414,0.1802237376455539,,,
torus_plus1,RGA Fall 2018 torus+1,1,2,1,13,1.5,2,1.75,0.15,0.2,0.175,10.604,0.786408074467129,0.15,0.2,0.175,234,252,243,44.98824421504639,8.354387487374925,0.1857015678905021,,,
torus_plus1,RGA Fall 2018 torus+1,1,2,1,14,1.5,2,1.75,0.15,0.2,0.175,10.604,0.786408074467129,0.15,0.2,0.175,252,270,261,54.13918336823577,9.180756974184092,0.1695769386054422,,,
torus_plus1,RGA Fall 2018 torus+1,1,2,1,15,1.5,2,1.75,0.15,0.2,0.175,10.604,0.786408074467129,0.15,0.2,0.175,270,288,279,43.55454338378072,9.15280193717139,0.2101457443032178,,,
torus_plus1,RGA Fall 2018 torus+1,1,2,1,16,1.5,2,1.75,0.15,0.2,0.175,10.604,0.786408074467129,0.15,0.2,0.175,288,306,297,41.08358224026092,10.3958726431501,0.253042020103164,,,
torus_plus1,RGA Fall 2018 torus+1,1,2,1,17,1.5,2,1.75,0.15,0.2,0.175,10.604,0.786408074467129,0.15,0.2,0.175,306,324,315,46.94120386665004,15.68946871347264,0.3342366070977446,,,
torus_plus1,RGA Fall 2018 torus+1,1,2,1,18,1.5,2,1.75,0.15,0.2,0.175,10.604,0.786408074467129,0.15,0.2,0.175,324,342,333,20.34572814026114,8.626520205814597,0.4239966319388692,,,
torus_plus1,RGA Fall 2018 torus+1,1,2,1,19,1.5,2,1.75,0.15,0.2,0.175,10.604,0.786408074467129,0.15,0.2,0.175,342,360,351,17.31322751139061,5.050282203675621,0.291700793532169,,,
torus_plus1,RGA Fall 2018 torus+1,1,2,2,0,1.5,2,1.75,0.15,0.2,0.175,10.604,0.786408074467129,0.2,0.3,0.25,0,18,9,16.9921215644267,3.866730205110343,0.2275601778417952,,,
torus_plus1,RGA Fall 2018 torus+1,1,2,2,1,1.5,2,1.75,0.15,0.2,0.175,10.604,0.786408074467129,0.2,0.3,0.25,18,36,27,20.6632022136354,4.048184843897629,0.1959127536014859,,,
torus_plus1,RGA Fall 2018 torus+1,1,2,2,2,1.5,2,1.75,0.15,0.2,0.175,10.604,0.786408074467129,0.2,0.3,0.25,36,54,45,32.12269183853532,5.542523429659232,0.1725423092659457,,,
torus_plus1,RGA Fall 2018 torus+1,1,2,2,3,1.5,2,1.75,0.15,0.2,0.175,10.604,0.786408074467129,0.2,0.3,0.25,54,72,63,38.2356826586781,7.227195911622638,0.1890170492348285,,,
torus_plus1,RGA Fall 2018 torus+1,1,2,2,4,1.5,2,1.75,0.15,0.2,0.175,10.604,0.786408074467129,0.2,0.3,0.25,72,90,81,55.27321103750867,5.692111162773105,0.1029813730002118,,,
torus_plus1,RGA Fall 2018 torus+1,1,2,2,5,1.5,2,1.75,0.15,0.2,0.175,10.604,0.786408074467129,0.2,0.3,0.25,90,108,99,48.71946240797183,3.63634762797832,0.07463850067818717,,,
torus_plus1,RGA Fall 2018 torus+1,1,2,2,6,1.5,2,1.75,0.15,0.2,0.175,10.604,0.786408074467129,0.2,0.3,0.25,108,126,117,45.19622874462677,3.60743290153666,0.07981712195324561,,,
torus_plus1,RGA Fall 2018 torus+1,1,2,2,7,1.5,2,1.75,0.15,0.2,0.175,10.604,0.786408074467129,0.2,0.3,0.25,126,144,135,35.00632913502336,3.200355574881868,0.09142219861264904,,,
torus_plus1,RGA Fall 2018 torus+1,1,2,2,8,1.5,2,1.75,0.15,0.2,0.175,10.604,0.786408074467129,0.2,0.3,0.25,144,162,153,22.53783303459601,2.28341912452174,0.101314936578714,,,
torus_plus1,RGA Fall 2018 torus+1,1,2,2,9,1.5,2,1.75,0.15,0.2,0.175,10.604,0.786408074467129,0.2,0.3,0.25,162,180,171,14.54933312002098,2.133755338850619,0.146656573277191,,,
torus_plus1,RGA Fall 2018 torus+1,1,2,2,10,1.5,2,1.75,0.15,0.2,0.175,10.604,0.786408074467129,0.2,0.3,0.25,180,198,189,16.1087064818831,2.68284260366886,0.1665461225385265,,,
torus_plus1,RGA Fall 2018 torus+1,1,2,2,11,1.5,2,1.75,0.15,0.2,0.175,10.604,0.786408074467129,0.2,0.3,0.25,198,216,207,16.0130043908206,2.535777355844964,0.1583573759149526,,,
torus_plus1,RGA Fall 2018 torus+1,1,2,2,12,1.5,2,1.75,0.15,0.2,0.175,10.604,0.786408074467129,0.2,0.3,0.25,216,234,225,29.99731956476918,3.258534757246855,0.1086275308769218,,,
torus_plus1,RGA Fall 2018 torus+1,1,2,2,13,1.5,2,1.75,0.15,0.2,0.175,10.604,0.786408074467129,0.2,0.3,0.25,234,252,243,40.83998618666769,4.479823972476563,0.1096921030286492,,,
torus_plus1,RGA Fall 2018 torus+1,1,2,2,14,1.5,2,1.75,0.15,0.2,0.175,10.604,0.786408074467129,0.2,0.3,0.25,252,270,261,41.6259233311049,5.347911388398601,0.1284755018131306,,,
torus_plus1,RGA Fall 2018 torus+1,1,2,2,15,1.5,2,1.75,0.15,0.2,0.175,10.604,0.786408074467129,0.2,0.3,0.25,270,288,279,52.95170418914685,6.650608607690613,0.1255976310778255,,,
torus_plus1,RGA Fall 2018 torus+1,1,2,2,16,1.5,2,1.75,0.15,0.2,0.175,10.604,0.786408074467129,0.2,0.3,0.25,288,306,297,45.18956266568323,7.784933984565241,0.1722728330468462,,,
torus_plus1,RGA Fall 2018 torus+1,1,2,2,17,1.5,2,1.75,0.15,0.2,0.175,10.604,0.786408074467129,0.2,0.3,0.25,306,324,315,23.47161610058809,7.564571501328998,0.3222859247914959,,,
torus_plus1,RGA Fall 2018 torus+1,1,2,2,18,1.5,2,1.75,0.15,0.2,0.175,10.604,0.786408074467129,0.2,0.3,0.25,324,342,333,32.46666934247003,10.76748830215559,0.3316474563059204,,,
torus_plus1,RGA Fall 2018 torus+1,1,2,2,19,1.5,2,1.75,0.15,0.2,0.175,10.604,0.786408074467129,0.2,0.3,0.25,342,360,351,20.39324405977821,3.653136647862953,0.1791346505320391,,,
torus_plus1,RGA Fall 2018 torus+1,1,2,3,0,1.5,2,1.75,0.15,0.2,0.175,10.604,0.786408074467129,0.3,0.4,0.35,0,18,9,11.16797847436051,2.326838407070541,0.2083491128150458,,,
torus_plus1,RGA Fall 2018 torus+1,1,2,3,1,1.5,2,1.75,0.15,0.2,0.175,10.604,0.786408074467129,0.3,0.4,0.35,18,36,27,8.624581708358104,2.645030912249198,0.3066851241824159,,,
torus_plus1,RGA Fall 2018 torus+1,1,2,3,2,1.5,2,1.75,0.15,0.2,0.175,10.604,0.786408074467129,0.3,0.4,0.35,36,54,45,40.41394091224478,9.24700489837053,0.2288073048468489,,,
torus_plus1,RGA Fall 2018 torus+1,1,2,3,3,1.5,2,1.75,0.15,0.2,0.175,10.604,0.786408074467129,0.3,0.4,0.35,54,72,63,52.7883176863152,10.69335877942252,0.202570554397392,,,
torus_plus1,RGA Fall 2018 torus+1,1,2,3,4,1.5,2,1.75,0.15,0.2,0.175,10.604,0.786408074467129,0.3,0.4,0.35,72,90,81,40.0323129025713,4.903953108789704,0.1224998695609896,,,
torus_plus1,RGA Fall 2018 torus+1,1,2,3,5,1.5,2,1.75,0.15,0.2,0.175,10.604,0.786408074467129,0.3,0.4,0.35,90,108,99,40.26977613941002,3.653071935574065,0.09071497996232926,,,
torus_plus1,RGA Fall 2018 torus+1,1,2,3,6,1.5,2,1.75,0.15,0.2,0.175,10.604,0.786408074467129,0.3,0.4,0.35,108,126,117,38.49883790638849,3.311576596768862,0.08601757291534606,,,
torus_plus1,RGA Fall 2018 torus+1,1,2,3,7,1.5,2,1.75,0.15,0.2,0.175,10.604,0.786408074467129,0.3,0.4,0.35,126,144,135,24.88381428838494,2.413475204913919,0.09698976117340903,,,
torus_plus1,RGA Fall 2018 torus+1,1,2,3,8,1.5,2,1.75,0.15,0.2,0.175,10.604,0.786408074467129,0.3,0.4,0.35,144,162,153,15.34810566533247,1.666293360558194,0.1085667115468154,,,
torus_plus1,RGA Fall 2018 torus+1,1,2,3,9,1.5,2,1.75,0.15,0.2,0.175,10.604,0.786408074467129,0.3,0.4,0.35,162,180,171,9.74021740106596,1.232766468537484,0.1265645742570973,,,
torus_plus1,RGA Fall 2018 torus+1,1,2,3,10,1.5,2,1.75,0.15,0.2,0.175,10.604,0.786408074467129,0.3,0.4,0.35,180,198,189,10.85095975267629,1.668752355672022,0.1537884568469108,,,
torus_plus1,RGA Fall 2018 torus+1,1,2,3,11,1.5,2,1.75,0.15,0.2,0.175,10.604,0.786408074467129,0.3,0.4,0.35,198,216,207,20.75668799637575,2.412391997372906,0.1162223952970785,,,
torus_plus1,RGA Fall 2018 torus+1,1,2,3,12,1.5,2,1.75,0.15,0.2,0.175,10.604,0.786408074467129,0.3,0.4,0.35,216,234,225,21.27914539156891,2.575944324704959,0.1210548768432018,,,
torus_plus1,RGA Fall 2018 torus+1,1,2,3,13,1.5,2,1.75,0.15,0.2,0.175,10.604,0.786408074467129,0.3,0.4,0.35,234,252,243,27.0426341910068,3.229184047091834,0.1194108541454782,,,
torus_plus1,RGA Fall 2018 torus+1,1,2,3,14,1.5,2,1.75,0.15,0.2,0.175,10.604,0.786408074467129,0.3,0.4,0.35,252,270,261,34.48694459744645,4.018956622160231,0.11653559539913,,,
torus_plus1,RGA Fall 2018 torus+1,1,2,3,15,1.5,2,1.75,0.15,0.2,0.175,10.604,0.786408074467129,0.3,0.4,0.35,270,288,279,29.15366960769752,3.578256771178207,0.1227377829044694,,,
torus_plus1,RGA Fall 2018 torus+1,1,2,3,16,1.5,2,1.75,0.15,0.2,0.175,10.604,0.786408074467129,0.3,0.4,0.35,288,306,297,35.3510271553882,5.578723070286126,0.1578093628160906,,,
torus_plus1,RGA Fall 2018 torus+1,1,2,3,17,1.5,2,1.75,0.15,0.2,0.175,10.604,0.786408074467129,0.3,0.4,0.35,306,324,315,34.14061302176396,5.729271289453606,0.1678139547699776,,,
torus_plus1,RGA Fall 2018 torus+1,1,2,3,18,1.5,2,1.75,0.15,0.2,0.175,10.604,0.786408074467129,0.3,0.4,0.35,324,342,333,26.32933374936093,6.20991961450591,0.2358555546304562,,,
torus_plus1,RGA Fall 2018 torus+1,1,2,3,19,1.5,2,1.75,0.15,0.2,0.175,10.604,0.786408074467129,0.3,0.4,0.35,342,360,351,14.69292772685725,2.5153668954199,0.1711957577264913,,,
torus_plus1,RGA Fall 2018 torus+1,1,2,4,0,1.5,2,1.75,0.15,0.2,0.175,10.604,0.786408074467129,0.4,0.6,0.5,0,18,9,7.33516596482285,1.122359680674757,0.1530108093064616,,,
torus_plus1,RGA Fall 2018 torus+1,1,2,4,1,1.5,2,1.75,0.15,0.2,0.175,10.604,0.786408074467129,0.4,0.6,0.5,18,36,27,15.08277767759258,2.478954657378599,0.1643566397628075,,,
torus_plus1,RGA Fall 2018 torus+1,1,2,4,2,1.5,2,1.75,0.15,0.2,0.175,10.604,0.786408074467129,0.4,0.6,0.5,36,54,45,18.56394571447868,4.264211381826621,0.2297039351122866,,,
torus_plus1,RGA Fall 2018 torus+1,1,2,4,3,1.5,2,1.75,0.15,0.2,0.175,10.604,0.786408074467129,0.4,0.6,0.5,54,72,63,11.74742952509727,1.792015954446561,0.1525453675306661,,,
torus_plus1,RGA Fall 2018 torus+1,1,2,4,4,1.5,2,1.75,0.15,0.2,0.175,10.604,0.786408074467129,0.4,0.6,0.5,72,90,81,22.84910974148756,2.362845690684828,0.1034108425850205,,,
torus_plus1,RGA Fall 2018 torus+1,1,2,4,5,1.5,2,1.75,0.15,0.2,0.175,10.604,0.786408074467129,0.4,0.6,0.5,90,108,99,23.17738585851435,1.915147525426653,0.08263000569251479,,,
torus_plus1,RGA Fall 2018 torus+1,1,2,4,6,1.5,2,1.75,0.15,0.2,0.175,10.604,0.786408074467129,0.4,0.6,0.5,108,126,117,24.77136382935285,1.898510345755604,0.07664133306644838,,,
torus_plus1,RGA Fall 2018 torus+1,1,2,4,7,1.5,2,1.75,0.15,0.2,0.175,10.604,0.786408074467129,0.4,0.6,0.5,126,144,135,16.6890220266199,1.443691984465052,0.08650548738939198,,,
torus_plus1,RGA Fall 2018 torus+1,1,2,4,8,1.5,2,1.75,0.15,0.2,0.175,10.604,0.786408074467129,0.4,0.6,0.5,144,162,153,11.80354606944912,1.223679552646441,0.1036705025292074,,,
torus_plus1,RGA Fall 2018 torus+1,1,2,4,9,1.5,2,1.75,0.15,0.2,0.175,10.604,0.786408074467129,0.4,0.6,0.5,162,180,171,9.161274455783339,0.8855155537501644,0.09665855531608436,,,
torus_plus1,RGA Fall 2018 torus+1,1,2,4,10,1.5,2,1.75,0.15,0.2,0.175,10.604,0.786408074467129,0.4,0.6,0.5,180,198,189,8.075735972303447,0.8941755255758352,0.1107237196266075,,,
torus_plus1,RGA Fall 2018 torus+1,1,2,4,11,1.5,2,1.75,0.15,0.2,0.175,10.604,0.786408074467129,0.4,0.6,0.5,198,216,207,11.34398141579193,1.367214702692054,0.120523355299997,,,
torus_plus1,RGA Fall 2018 torus+1,1,2,4,12,1.5,2,1.75,0.15,0.2,0.175,10.604,0.786408074467129,0.4,0.6,0.5,216,234,225,16.22457303277834,1.551967499384482,0.09565536770977315,,,
torus_plus1,RGA Fall 2018 torus+1,1,2,4,13,1.5,2,1.75,0.15,0.2,0.175,10.604,0.786408074467129,0.4,0.6,0.5,234,252,243,22.42665994928766,2.018453250332642,0.09000240137839846,,,
torus_plus1,RGA Fall 2018 torus+1,1,2,4,14,1.5,2,1.75,0.15,0.2,0.175,10.604,0.786408074467129,0.4,0.6,0.5,252,270,261,28.52011452176029,2.020404676365741,0.07084139423157687,,,
torus_plus1,RGA Fall 2018 torus+1,1,2,4,15,1.5,2,1.75,0.15,0.2,0.175,10.604,0.786408074467129,0.4,0.6,0.5,270,288,279,23.14420312829314,1.82582671393118,0.078889158715478,,,
torus_plus1,RGA Fall 2018 torus+1,1,2,4,16,1.5,2,1.75,0.15,0.2,0.175,10.604,0.786408074467129,0.4,0.6,0.5,288,306,297,24.04623585631338,2.288549776633364,0.09517289068893918,,,
torus_plus1,RGA Fall 2018 torus+1,1,2,4,17,1.5,2,1.75,0.15,0.2,0.175,10.604,0.786408074467129,0.4,0.6,0.5,306,324,315,18.75493281740361,2.557452359033959,0.1363615846525867,,,
torus_plus1,RGA Fall 2018 torus+1,1,2,4,18,1.5,2,1.75,0.15,0.2,0.175,10.604,0.786408074467129,0.4,0.6,0.5,324,342,333,10.03842182650907,1.941024171792275,0.193359494683367,,,
torus_plus1,RGA Fall 2018 torus+1,1,2,4,19,1.5,2,1.75,0.15,0.2,0.175,10.604,0.786408074467129,0.4,0.6,0.5,342,360,351,7.007740719412244,1.125847602496501,0.1606577137447129,,,
torus_plus1,RGA Fall 2018 torus+1,1,2,5,0,1.5,2,1.75,0.15,0.2,0.175,10.604,0.786408074467129,0.6,1,0.8,0,18,9,2.339114403818958,0.6541287579835338,0.2796480398374572,,,
torus_plus1,RGA Fall 2018 torus+1,1,2,5,1,1.5,2,1.75,0.15,0.2,0.175,10.604,0.786408074467129,0.6,1,0.8,18,36,27,6.379120940533177,1.086319961056664,0.1702930499646347,,,
torus_plus1,RGA Fall 2018 torus+1,1,2,5,2,1.5,2,1.75,0.15,0.2,0.175,10.604,0.786408074467129,0.6,1,0.8,36,54,45,8.196209194923609,1.080532037336955,0.1318331452552713,,,
torus_plus1,RGA Fall 2018 torus+1,1,2,5,3,1.5,2,1.75,0.15,0.2,0.175,10.604,0.786408074467129,0.6,1,0.8,54,72,63,11.5760181589389,0.829916047815362,0.07169270438423664,,,
torus_plus1,RGA Fall 2018 torus+1,1,2,5,4,1.5,2,1.75,0.15,0.2,0.175,10.604,0.786408074467129,0.6,1,0.8,72,90,81,12.514773486512,0.9965678269598658,0.0796313115881748,,,
torus_plus1,RGA Fall 2018 torus+1,1,2,5,5,1.5,2,1.75,0.15,0.2,0.175,10.604,0.786408074467129,0.6,1,0.8,90,108,99,12.93939781237135,1.162974925750147,0.08987859733613161,,,
torus_plus1,RGA Fall 2018 torus+1,1,2,5,6,1.5,2,1.75,0.15,0.2,0.175,10.604,0.786408074467129,0.6,1,0.8,108,126,117,11.45353569383925,0.9706094488663276,0.08474321596504124,,,
torus_plus1,RGA Fall 2018 torus+1,1,2,5,7,1.5,2,1.75,0.15,0.2,0.175,10.604,0.786408074467129,0.6,1,0.8,126,144,135,10.66463550287518,0.9831856409315589,0.09219120903536671,,,
torus_plus1,RGA Fall 2018 torus+1,1,2,5,8,1.5,2,1.75,0.15,0.2,0.175,10.604,0.786408074467129,0.6,1,0.8,144,162,153,7.006292535094095,0.6029719119593738,0.08606148100998125,,,
torus_plus1,RGA Fall 2018 torus+1,1,2,5,9,1.5,2,1.75,0.15,0.2,0.175,10.604,0.786408074467129,0.6,1,0.8,162,180,171,5.188122218926638,0.4449475751060345,0.08576273964457394,,,
torus_plus1,RGA Fall 2018 torus+1,1,2,5,10,1.5,2,1.75,0.15,0.2,0.175,10.604,0.786408074467129,0.6,1,0.8,180,198,189,4.829176487781737,0.491220374899616,0.1017192840523532,,,
torus_plus1,RGA Fall 2018 torus+1,1,2,5,11,1.5,2,1.75,0.15,0.2,0.175,10.604,0.786408074467129,0.6,1,0.8,198,216,207,6.669752698446726,0.7250582805855265,0.1087084204417924,,,
torus_plus1,RGA Fall 2018 torus+1,1,2,5,12,1.5,2,1.75,0.15,0.2,0.175,10.604,0.786408074467129,0.6,1,0.8,216,234,225,10.76556905849525,1.023279487139309,0.09505112842426344,,,
torus_plus1,RGA Fall 2018 torus+1,1,2,5,13,1.5,2,1.75,0.15,0.2,0.175,10.604,0.786408074467129,0.6,1,0.8,234,252,243,11.26776366607488,1.045087343170065,0.09275020085100177,,,
torus_plus1,RGA Fall 2018 torus+1,1,2,5,14,1.5,2,1.75,0.15,0.2,0.175,10.604,0.786408074467129,0.6,1,0.8,252,270,261,12.51425971813929,0.8440524730857245,0.06744725553859801,,,
torus_plus1,RGA Fall 2018 torus+1,1,2,5,15,1.5,2,1.75,0.15,0.2,0.175,10.604,0.786408074467129,0.6,1,0.8,270,288,279,13.17773852577727,0.7837163754657848,0.0594727520152824,,,
torus_plus1,RGA Fall 2018 torus+1,1,2,5,16,1.5,2,1.75,0.15,0.2,0.175,10.604,0.786408074467129,0.6,1,0.8,288,306,297,9.558205751025403,0.7388443766575857,0.07729948443287304,,,
torus_plus1,RGA Fall 2018 torus+1,1,2,5,17,1.5,2,1.75,0.15,0.2,0.175,10.604,0.786408074467129,0.6,1,0.8,306,324,315,9.285408024370492,1.196764207257736,0.128886550178162,,,
torus_plus1,RGA Fall 2018 torus+1,1,2,5,18,1.5,2,1.75,0.15,0.2,0.175,10.604,0.786408074467129,0.6,1,0.8,324,342,333,5.652841056654025,0.7796056391069321,0.1379139500462779,,,
torus_plus1,RGA Fall 2018 torus+1,1,2,5,19,1.5,2,1.75,0.15,0.2,0.175,10.604,0.786408074467129,0.6,1,0.8,342,360,351,3.006392476867803,0.610433414630401,0.2030451510663633,,,
torus_plus1,RGA Fall 2018 torus+1,1,2,6,0,1.5,2,1.75,0.15,0.2,0.175,10.604,0.786408074467129,1,1.5,1.25,0,18,9,1.028990069118295,0.3956314778051364,0.3844852245698921,,,
torus_plus1,RGA Fall 2018 torus+1,1,2,6,1,1.5,2,1.75,0.15,0.2,0.175,10.604,0.786408074467129,1,1.5,1.25,18,36,27,1.667657482790331,0.4969232995973332,0.2979768356064815,,,
torus_plus1,RGA Fall 2018 torus+1,1,2,6,2,1.5,2,1.75,0.15,0.2,0.175,10.604,0.786408074467129,1,1.5,1.25,36,54,45,2.708031855035771,0.4955908961173853,0.1830077793198038,,,
torus_plus1,RGA Fall 2018 torus+1,1,2,6,3,1.5,2,1.75,0.15,0.2,0.175,10.604,0.786408074467129,1,1.5,1.25,54,72,63,5.463454955742239,0.5230892305730874,0.09574330433955651,,,
torus_plus1,RGA Fall 2018 torus+1,1,2,6,4,1.5,2,1.75,0.15,0.2,0.175,10.604,0.786408074467129,1,1.5,1.25,72,90,81,7.215542165975375,0.6409377531802598,0.08882738655489789,,,
torus_plus1,RGA Fall 2018 torus+1,1,2,6,5,1.5,2,1.75,0.15,0.2,0.175,10.604,0.786408074467129,1,1.5,1.25,90,108,99,6.129197202820553,0.7583040932648012,0.123719969870743,,,
torus_plus1,RGA Fall 2018 torus+1,1,2,6,6,1.5,2,1.75,0.15,0.2,0.175,10.604,0.786408074467129,1,1.5,1.25,108,126,117,5.138742292751573,0.6660287421618643,0.1296092904097035,,,
torus_plus1,RGA Fall 2018 torus+1,1,2,6,7,1.5,2,1.75,0.15,0.2,0.175,10.604,0.786408074467129,1,1.5,1.25,126,144,135,3.652342296568254,0.5111821521594564,0.1399600888010316,,,
torus_plus1,RGA Fall 2018 torus+1,1,2,6,8,1.5,2,1.75,0.15,0.2,0.175,10.604,0.786408074467129,1,1.5,1.25,144,162,153,3.342441237188837,0.3075815450973258,0.09202302247683418,,,
torus_plus1,RGA Fall 2018 torus+1,1,2,6,9,1.5,2,1.75,0.15,0.2,0.175,10.604,0.786408074467129,1,1.5,1.25,162,180,171,2.419644671942854,0.2430734090505103,0.1004583077296777,,,
torus_plus1,RGA Fall 2018 torus+1,1,2,6,10,1.5,2,1.75,0.15,0.2,0.175,10.604,0.786408074467129,1,1.5,1.25,180,198,189,2.416787887306239,0.2892853723087567,0.1196982878920315,,,
torus_plus1,RGA Fall 2018 torus+1,1,2,6,11,1.5,2,1.75,0.15,0.2,0.175,10.604,0.786408074467129,1,1.5,1.25,198,216,207,2.773770618102867,0.3434103714210034,0.1238063339411535,,,
torus_plus1,RGA Fall 2018 torus+1,1,2,6,12,1.5,2,1.75,0.15,0.2,0.175,10.604,0.786408074467129,1,1.5,1.25,216,234,225,5.241001224045798,0.6122990241712859,0.1168286359793331,,,
torus_plus1,RGA Fall 2018 torus+1,1,2,6,13,1.5,2,1.75,0.15,0.2,0.175,10.604,0.786408074467129,1,1.5,1.25,234,252,243,7.545694956680439,0.9618989589589705,0.127476523299868,,,
torus_plus1,RGA Fall 2018 torus+1,1,2,6,14,1.5,2,1.75,0.15,0.2,0.175,10.604,0.786408074467129,1,1.5,1.25,252,270,261,6.140182773508203,0.5719701029900276,0.09315196698342444,,,
torus_plus1,RGA Fall 2018 torus+1,1,2,6,15,1.5,2,1.75,0.15,0.2,0.175,10.604,0.786408074467129,1,1.5,1.25,270,288,279,7.775460074024664,0.5433929562438052,0.0698856339136906,,,
torus_plus1,RGA Fall 2018 torus+1,1,2,6,16,1.5,2,1.75,0.15,0.2,0.175,10.604,0.786408074467129,1,1.5,1.25,288,306,297,6.044908378212405,0.6216156789918994,0.1028329364316557,,,
torus_plus1,RGA Fall 2018 torus+1,1,2,6,17,1.5,2,1.75,0.15,0.2,0.175,10.604,0.786408074467129,1,1.5,1.25,306,324,315,2.827569227610358,0.6501204651080841,0.2299220329461271,,,
torus_plus1,RGA Fall 2018 torus+1,1,2,6,18,1.5,2,1.75,0.15,0.2,0.175,10.604,0.786408074467129,1,1.5,1.25,324,342,333,0.873481198257186,0.4143207046695546,0.4743327108771526,,,
torus_plus1,RGA Fall 2018 torus+1,1,2,6,19,1.5,2,1.75,0.15,0.2,0.175,10.604,0.786408074467129,1,1.5,1.25,342,360,351,0.6828509186166795,0.2799120116056075,0.4099167240964598,,,
torus_plus1,RGA Fall 2018 torus+1,1,2,7,0,1.5,2,1.75,0.15,0.2,0.175,10.604,0.786408074467129,1.5,2,1.75,0,18,9,0.3849996085309874,0.3624255100136679,0.9413659182578035,,,
torus_plus1,RGA Fall 2018 torus+1,1,2,7,1,1.5,2,1.75,0.15,0.2,0.175,10.604,0.786408074467129,1.5,2,1.75,18,36,27,1.833152435640322,0.8897572057774121,0.4853700044135277,,,
torus_plus1,RGA Fall 2018 torus+1,1,2,7,2,1.5,2,1.75,0.15,0.2,0.175,10.604,0.786408074467129,1.5,2,1.75,36,54,45,2.030037132276108,0.592911313364847,0.2920691961432577,,,
torus_plus1,RGA Fall 2018 torus+1,1,2,7,3,1.5,2,1.75,0.15,0.2,0.175,10.604,0.786408074467129,1.5,2,1.75,54,72,63,2.359832606851644,0.3918758720574702,0.1660608769112183,,,
torus_plus1,RGA Fall 2018 torus+1,1,2,7,4,1.5,2,1.75,0.15,0.2,0.175,10.604,0.786408074467129,1.5,2,1.75,72,90,81,3.681819780350329,0.5860860728527271,0.1591838025263041,,,
torus_plus1,RGA Fall 2018 torus+1,1,2,7,5,1.5,2,1.75,0.15,0.2,0.175,10.604,0.786408074467129,1.5,2,1.75,90,108,99,3.398399020430017,0.6389729466822276,0.1880217546088437,,,
torus_plus1,RGA Fall 2018 torus+1,1,2,7,6,1.5,2,1.75,0.15,0.2,0.175,10.604,0.786408074467129,1.5,2,1.75,108,126,117,2.494430273874557,0.3937794584927495,0.1578634859498792,,,
torus_plus1,RGA Fall 2018 torus+1,1,2,7,7,1.5,2,1.75,0.15,0.2,0.175,10.604,0.786408074467129,1.5,2,1.75,126,144,135,1.864007666414697,0.3062772783626667,0.1643111688224824,,,
torus_plus1,RGA Fall 2018 torus+1,1,2,7,8,1.5,2,1.75,0.15,0.2,0.175,10.604,0.786408074467129,1.5,2,1.75,144,162,153,1.294513204333156,0.1803788274934706,0.139341048735296,,,
torus_plus1,RGA Fall 2018 torus+1,1,2,7,9,1.5,2,1.75,0.15,0.2,0.175,10.604,0.786408074467129,1.5,2,1.75,162,180,171,1.154815803691406,0.1536344367703521,0.1330380449239218,,,
torus_plus1,RGA Fall 2018 torus+1,1,2,7,10,1.5,2,1.75,0.15,0.2,0.175,10.604,0.786408074467129,1.5,2,1.75,180,198,189,1.321044364032473,0.2095732375578366,0.1586420889894392,,,
torus_plus1,RGA Fall 2018 torus+1,1,2,7,11,1.5,2,1.75,0.15,0.2,0.175,10.604,0.786408074467129,1.5,2,1.75,198,216,207,1.305616967911787,0.2012685407176596,0.1541558861934599,,,
torus_plus1,RGA Fall 2018 torus+1,1,2,7,12,1.5,2,1.75,0.15,0.2,0.175,10.604,0.786408074467129,1.5,2,1.75,216,234,225,2.707422239859404,0.373287657759693,0.1378756709108948,,,
torus_plus1,RGA Fall 2018 torus+1,1,2,7,13,1.5,2,1.75,0.15,0.2,0.175,10.604,0.786408074467129,1.5,2,1.75,234,252,243,2.113221597415126,0.3103657816582551,0.1468685451813911,,,
torus_plus1,RGA Fall 2018 torus+1,1,2,7,14,1.5,2,1.75,0.15,0.2,0.175,10.604,0.786408074467129,1.5,2,1.75,252,270,261,4.343384319523095,0.5855606597115506,0.1348166813329209,,,
torus_plus1,RGA Fall 2018 torus+1,1,2,7,15,1.5,2,1.75,0.15,0.2,0.175,10.604,0.786408074467129,1.5,2,1.75,270,288,279,3.018719386730069,0.4129690020467567,0.1368027130518057,,,
torus_plus1,RGA Fall 2018 torus+1,1,2,7,16,1.5,2,1.75,0.15,0.2,0.175,10.604,0.786408074467129,1.5,2,1.75,288,306,297,2.93626508571719,0.5753702716258943,0.1959531087382591,,,
torus_plus1,RGA Fall 2018 torus+1,1,2,7,17,1.5,2,1.75,0.15,0.2,0.175,10.604,0.786408074467129,1.5,2,1.75,306,324,315,1.643845075540002,0.5523341027549408,0.3360013123946607,,,
torus_plus1,RGA Fall 2018 torus+1,1,2,7,18,1.5,2,1.75,0.15,0.2,0.175,10.604,0.786408074467129,1.5,2,1.75,324,342,333,1.018333490626941,0.4273046665594755,0.4196117190414742,,,
torus_plus1,RGA Fall 2018 torus+1,1,2,7,19,1.5,2,1.75,0.15,0.2,0.175,10.604,0.786408074467129,1.5,2,1.75,342,360,351,0.6058057248710507,0.4303158523432394,0.7103198842084807,,,
torus_plus1,RGA Fall 2018 torus+1,1,3,0,0,1.5,2,1.75,0.2,0.25,0.225,10.604,0.8779115635834277,0.09,0.15,0.12,0,18,9,47.50230137577734,10.86816222845586,0.2287923303437634,,,
torus_plus1,RGA Fall 2018 torus+1,1,3,0,1,1.5,2,1.75,0.2,0.25,0.225,10.604,0.8779115635834277,0.09,0.15,0.12,18,36,27,52.63492052713907,9.512746744922467,0.180730713557696,,,
torus_plus1,RGA Fall 2018 torus+1,1,3,0,2,1.5,2,1.75,0.2,0.25,0.225,10.604,0.8779115635834277,0.09,0.15,0.12,36,54,45,77.71005493451119,13.26977941829194,0.1707601343156278,,,
torus_plus1,RGA Fall 2018 torus+1,1,3,0,3,1.5,2,1.75,0.2,0.25,0.225,10.604,0.8779115635834277,0.09,0.15,0.12,54,72,63,64.92347169834312,15.66710559031806,0.2413165097380011,,,
torus_plus1,RGA Fall 2018 torus+1,1,3,0,4,1.5,2,1.75,0.2,0.25,0.225,10.604,0.8779115635834277,0.09,0.15,0.12,72,90,81,91.1886573385991,38.21578129592656,0.4190848117658408,,,
torus_plus1,RGA Fall 2018 torus+1,1,3,0,16,1.5,2,1.75,0.2,0.25,0.225,10.604,0.8779115635834277,0.09,0.15,0.12,288,306,297,75.49532062163676,23.04754024819007,0.3052843548237704,,,
torus_plus1,RGA Fall 2018 torus+1,1,3,0,17,1.5,2,1.75,0.2,0.25,0.225,10.604,0.8779115635834277,0.09,0.15,0.12,306,324,315,52.85372311235027,15.20149864273752,0.2876145283166515,,,
torus_plus1,RGA Fall 2018 torus+1,1,3,0,18,1.5,2,1.75,0.2,0.25,0.225,10.604,0.8779115635834277,0.09,0.15,0.12,324,342,333,39.37543555885157,9.524836442452219,0.241897932232804,,,
torus_plus1,RGA Fall 2018 torus+1,1,3,0,19,1.5,2,1.75,0.2,0.25,0.225,10.604,0.8779115635834277,0.09,0.15,0.12,342,360,351,36.65825512212047,8.98160913106781,0.245009182819727,,,
torus_plus1,RGA Fall 2018 torus+1,1,3,1,0,1.5,2,1.75,0.2,0.25,0.225,10.604,0.8779115635834277,0.15,0.2,0.175,0,18,9,40.09336263566974,6.457838199785237,0.161070006985144,,,
torus_plus1,RGA Fall 2018 torus+1,1,3,1,1,1.5,2,1.75,0.2,0.25,0.225,10.604,0.8779115635834277,0.15,0.2,0.175,18,36,27,39.63643152994729,5.525022534286419,0.1393925315933648,,,
torus_plus1,RGA Fall 2018 torus+1,1,3,1,2,1.5,2,1.75,0.2,0.25,0.225,10.604,0.8779115635834277,0.15,0.2,0.175,36,54,45,64.2287662744672,7.078350712889872,0.1102053040010473,,,
torus_plus1,RGA Fall 2018 torus+1,1,3,1,3,1.5,2,1.75,0.2,0.25,0.225,10.604,0.8779115635834277,0.15,0.2,0.175,54,72,63,79.8045852464422,9.753545870008979,0.1222178630449534,,,
torus_plus1,RGA Fall 2018 torus+1,1,3,1,4,1.5,2,1.75,0.2,0.25,0.225,10.604,0.8779115635834277,0.15,0.2,0.175,72,90,81,86.18864815673778,11.57738007318881,0.1343260431714261,,,
torus_plus1,RGA Fall 2018 torus+1,1,3,1,5,1.5,2,1.75,0.2,0.25,0.225,10.604,0.8779115635834277,0.15,0.2,0.175,90,108,99,97.79781145204866,11.73508357633128,0.1199933148001489,,,
torus_plus1,RGA Fall 2018 torus+1,1,3,1,6,1.5,2,1.75,0.2,0.25,0.225,10.604,0.8779115635834277,0.15,0.2,0.175,108,126,117,134.7453131571227,34.6229880495915,0.2569513346205862,,,
torus_plus1,RGA Fall 2018 torus+1,1,3,1,14,1.5,2,1.75,0.2,0.25,0.225,10.604,0.8779115635834277,0.15,0.2,0.175,252,270,261,84.84044467499336,13.2462238783851,0.1561310048424276,,,
torus_plus1,RGA Fall 2018 torus+1,1,3,1,15,1.5,2,1.75,0.2,0.25,0.225,10.604,0.8779115635834277,0.15,0.2,0.175,270,288,279,86.17139790576397,10.25319564951326,0.1189860661274874,,,
torus_plus1,RGA Fall 2018 torus+1,1,3,1,16,1.5,2,1.75,0.2,0.25,0.225,10.604,0.8779115635834277,0.15,0.2,0.175,288,306,297,101.324087925109,15.58557712569482,0.1538190715046404,,,
torus_plus1,RGA Fall 2018 torus+1,1,3,1,17,1.5,2,1.75,0.2,0.25,0.225,10.604,0.8779115635834277,0.15,0.2,0.175,306,324,315,45.3181808820542,9.432987041551822,0.208150169710083,,,
torus_plus1,RGA Fall 2018 torus+1,1,3,1,18,1.5,2,1.75,0.2,0.25,0.225,10.604,0.8779115635834277,0.15,0.2,0.175,324,342,333,57.15537252294097,8.364992994804947,0.1463553227904763,,,
torus_plus1,RGA Fall 2018 torus+1,1,3,1,19,1.5,2,1.75,0.2,0.25,0.225,10.604,0.8779115635834277,0.15,0.2,0.175,342,360,351,30.19127660738998,5.155397564621034,0.170757852728862,,,
torus_plus1,RGA Fall 2018 torus+1,1,3,2,0,1.5,2,1.75,0.2,0.25,0.225,10.604,0.8779115635834277,0.2,0.3,0.25,0,18,9,29.95667171049903,4.087757296200577,0.1364556562125667,,,
torus_plus1,RGA Fall 2018 torus+1,1,3,2,1,1.5,2,1.75,0.2,0.25,0.225,10.604,0.8779115635834277,0.2,0.3,0.25,18,36,27,43.83079124639512,4.635310027883875,0.1057546509216876,,,
torus_plus1,RGA Fall 2018 torus+1,1,3,2,2,1.5,2,1.75,0.2,0.25,0.225,10.604,0.8779115635834277,0.2,0.3,0.25,36,54,45,55.60637220065168,4.956880310562006,0.08914230715637145,,,
torus_plus1,RGA Fall 2018 torus+1,1,3,2,3,1.5,2,1.75,0.2,0.25,0.225,10.604,0.8779115635834277,0.2,0.3,0.25,54,72,63,71.30604646801146,6.77092605708122,0.09495584725930246,,,
torus_plus1,RGA Fall 2018 torus+1,1,3,2,4,1.5,2,1.75,0.2,0.25,0.225,10.604,0.8779115635834277,0.2,0.3,0.25,72,90,81,90.69595299719909,7.584575763181507,0.08362639690676979,,,
torus_plus1,RGA Fall 2018 torus+1,1,3,2,5,1.5,2,1.75,0.2,0.25,0.225,10.604,0.8779115635834277,0.2,0.3,0.25,90,108,99,94.4730123185779,5.971320126705312,0.06320662356535302,,,
torus_plus1,RGA Fall 2018 torus+1,1,3,2,6,1.5,2,1.75,0.2,0.25,0.225,10.604,0.8779115635834277,0.2,0.3,0.25,108,126,117,116.1121022908296,9.594057039445072,0.08262753709699049,,,
torus_plus1,RGA Fall 2018 torus+1,1,3,2,13,1.5,2,1.75,0.2,0.25,0.225,10.604,0.8779115635834277,0.2,0.3,0.25,234,252,243,124.5262589805723,15.06505030025298,0.1209789037555792,,,
torus_plus1,RGA Fall 2018 torus+1,1,3,2,14,1.5,2,1.75,0.2,0.25,0.225,10.604,0.8779115635834277,0.2,0.3,0.25,252,270,261,93.55905692815355,8.473579706045026,0.09056931508568015,,,
torus_plus1,RGA Fall 2018 torus+1,1,3,2,15,1.5,2,1.75,0.2,0.25,0.225,10.604,0.8779115635834277,0.2,0.3,0.25,270,288,279,82.32010036877541,7.541388163599434,0.0916105316905072,,,
torus_plus1,RGA Fall 2018 torus+1,1,3,2,16,1.5,2,1.75,0.2,0.25,0.225,10.604,0.8779115635834277,0.2,0.3,0.25,288,306,297,62.39002413303493,7.70490235731329,0.1234957425386475,,,
torus_plus1,RGA Fall 2018 torus+1,1,3,2,17,1.5,2,1.75,0.2,0.25,0.225,10.604,0.8779115635834277,0.2,0.3,0.25,306,324,315,59.00117563444444,10.10703507711844,0.1713022659029532,,,
torus_plus1,RGA Fall 2018 torus+1,1,3,2,18,1.5,2,1.75,0.2,0.25,0.225,10.604,0.8779115635834277,0.2,0.3,0.25,324,342,333,45.59841445584458,7.600240695215514,0.1666777405730903,,,
torus_plus1,RGA Fall 2018 torus+1,1,3,2,19,1.5,2,1.75,0.2,0.25,0.225,10.604,0.8779115635834277,0.2,0.3,0.25,342,360,351,25.93173929615927,3.859230977290535,0.1488226814721264,,,
torus_plus1,RGA Fall 2018 torus+1,1,3,3,0,1.5,2,1.75,0.2,0.25,0.225,10.604,0.8779115635834277,0.3,0.4,0.35,0,18,9,20.30506465833963,4.106546704672713,0.2022424835266942,,,
torus_plus1,RGA Fall 2018 torus+1,1,3,3,1,1.5,2,1.75,0.2,0.25,0.225,10.604,0.8779115635834277,0.3,0.4,0.35,18,36,27,35.27091573993369,4.574494274082495,0.1296959315661673,,,
torus_plus1,RGA Fall 2018 torus+1,1,3,3,2,1.5,2,1.75,0.2,0.25,0.225,10.604,0.8779115635834277,0.3,0.4,0.35,36,54,45,36.04119231629129,4.26795961288123,0.1184189350736888,,,
torus_plus1,RGA Fall 2018 torus+1,1,3,3,3,1.5,2,1.75,0.2,0.25,0.225,10.604,0.8779115635834277,0.3,0.4,0.35,54,72,63,45.74089090418199,6.948373635541341,0.1519072649917728,,,
torus_plus1,RGA Fall 2018 torus+1,1,3,3,4,1.5,2,1.75,0.2,0.25,0.225,10.604,0.8779115635834277,0.3,0.4,0.35,72,90,81,73.90468220160186,8.578440224280579,0.1160743807933544,,,
torus_plus1,RGA Fall 2018 torus+1,1,3,3,5,1.5,2,1.75,0.2,0.25,0.225,10.604,0.8779115635834277,0.3,0.4,0.35,90,108,99,74.66632178353028,5.05981990288814,0.0677657581360091,,,
torus_plus1,RGA Fall 2018 torus+1,1,3,3,6,1.5,2,1.75,0.2,0.25,0.225,10.604,0.8779115635834277,0.3,0.4,0.35,108,126,117,68.46434989222352,5.891719704482238,0.08605529321109416,,,
torus_plus1,RGA Fall 2018 torus+1,1,3,3,7,1.5,2,1.75,0.2,0.25,0.225,10.604,0.8779115635834277,0.3,0.4,0.35,126,144,135,56.93414720377631,6.931706117733423,0.121749537986821,,,
torus_plus1,RGA Fall 2018 torus+1,1,3,3,8,1.5,2,1.75,0.2,0.25,0.225,10.604,0.8779115635834277,0.3,0.4,0.35,144,162,153,31.34418588259277,4.328026199348343,0.1380806703852514,,,
torus_plus1,RGA Fall 2018 torus+1,1,3,3,9,1.5,2,1.75,0.2,0.25,0.225,10.604,0.8779115635834277,0.3,0.4,0.35,162,180,171,22.31014108777709,2.950201571525723,0.1322358993570879,,,
torus_plus1,RGA Fall 2018 torus+1,1,3,3,10,1.5,2,1.75,0.2,0.25,0.225,10.604,0.8779115635834277,0.3,0.4,0.35,180,198,189,13.21765959262379,2.187134264964631,0.1654706152506134,,,
torus_plus1,RGA Fall 2018 torus+1,1,3,3,11,1.5,2,1.75,0.2,0.25,0.225,10.604,0.8779115635834277,0.3,0.4,0.35,198,216,207,25.2587521387882,3.591420970756883,0.14218520974525,,,
torus_plus1,RGA Fall 2018 torus+1,1,3,3,12,1.5,2,1.75,0.2,0.25,0.225,10.604,0.8779115635834277,0.3,0.4,0.35,216,234,225,47.67819794836855,5.493910140980539,0.1152289804855875,,,
torus_plus1,RGA Fall 2018 torus+1,1,3,3,13,1.5,2,1.75,0.2,0.25,0.225,10.604,0.8779115635834277,0.3,0.4,0.35,234,252,243,60.97863704266614,6.548128783445405,0.1073839807023523,,,
torus_plus1,RGA Fall 2018 torus+1,1,3,3,14,1.5,2,1.75,0.2,0.25,0.225,10.604,0.8779115635834277,0.3,0.4,0.35,252,270,261,73.20412906964772,6.591743564479867,0.09004606226799534,,,
torus_plus1,RGA Fall 2018 torus+1,1,3,3,15,1.5,2,1.75,0.2,0.25,0.225,10.604,0.8779115635834277,0.3,0.4,0.35,270,288,279,75.68768308415774,7.267206800243394,0.09601571225483185,,,
torus_plus1,RGA Fall 2018 torus+1,1,3,3,16,1.5,2,1.75,0.2,0.25,0.225,10.604,0.8779115635834277,0.3,0.4,0.35,288,306,297,78.10950175033773,9.297950096777937,0.1190373755871223,,,
torus_plus1,RGA Fall 2018 torus+1,1,3,3,17,1.5,2,1.75,0.2,0.25,0.225,10.604,0.8779115635834277,0.3,0.4,0.35,306,324,315,40.15427453356096,6.248801530216142,0.1556198338235047,,,
torus_plus1,RGA Fall 2018 torus+1,1,3,3,18,1.5,2,1.75,0.2,0.25,0.225,10.604,0.8779115635834277,0.3,0.4,0.35,324,342,333,31.70604313329132,8.618014307319013,0.2718098335730233,,,
torus_plus1,RGA Fall 2018 torus+1,1,3,3,19,1.5,2,1.75,0.2,0.25,0.225,10.604,0.8779115635834277,0.3,0.4,0.35,342,360,351,20.75360137182115,4.234101068711622,0.2040176542303932,,,
torus_plus1,RGA Fall 2018 torus+1,1,3,4,0,1.5,2,1.75,0.2,0.25,0.225,10.604,0.8779115635834277,0.4,0.6,0.5,0,18,9,16.92428618411657,2.563527310022605,0.1514703357136842,,,
torus_plus1,RGA Fall 2018 torus+1,1,3,4,1,1.5,2,1.75,0.2,0.25,0.225,10.604,0.8779115635834277,0.4,0.6,0.5,18,36,27,19.74646110842863,3.705832021870983,0.1876706920557616,,,
torus_plus1,RGA Fall 2018 torus+1,1,3,4,2,1.5,2,1.75,0.2,0.25,0.225,10.604,0.8779115635834277,0.4,0.6,0.5,36,54,45,33.37344743043785,5.000807567423115,0.149843901438309,,,
torus_plus1,RGA Fall 2018 torus+1,1,3,4,3,1.5,2,1.75,0.2,0.25,0.225,10.604,0.8779115635834277,0.4,0.6,0.5,54,72,63,34.12386860419986,3.588545462337501,0.1051623279869222,,,
torus_plus1,RGA Fall 2018 torus+1,1,3,4,4,1.5,2,1.75,0.2,0.25,0.225,10.604,0.8779115635834277,0.4,0.6,0.5,72,90,81,52.44668950718524,4.574396998196031,0.08721993782980973,,,
torus_plus1,RGA Fall 2018 torus+1,1,3,4,5,1.5,2,1.75,0.2,0.25,0.225,10.604,0.8779115635834277,0.4,0.6,0.5,90,108,99,53.52981699520401,3.446608894025957,0.06438671169630106,,,
torus_plus1,RGA Fall 2018 torus+1,1,3,4,6,1.5,2,1.75,0.2,0.25,0.225,10.604,0.8779115635834277,0.4,0.6,0.5,108,126,117,51.23973673328174,3.44484685176685,0.06722998733772413,,,
torus_plus1,RGA Fall 2018 torus+1,1,3,4,7,1.5,2,1.75,0.2,0.25,0.225,10.604,0.8779115635834277,0.4,0.6,0.5,126,144,135,26.9706716860463,1.835360342740752,0.06805022745096496,,,
torus_plus1,RGA Fall 2018 torus+1,1,3,4,8,1.5,2,1.75,0.2,0.25,0.225,10.604,0.8779115635834277,0.4,0.6,0.5,144,162,153,21.74118321260916,1.371511697610158,0.0630835812475343,,,
torus_plus1,RGA Fall 2018 torus+1,1,3,4,9,1.5,2,1.75,0.2,0.25,0.225,10.604,0.8779115635834277,0.4,0.6,0.5,162,180,171,13.02483574665103,1.043595331387094,0.08012349266327026,,,
torus_plus1,RGA Fall 2018 torus+1,1,3,4,10,1.5,2,1.75,0.2,0.25,0.225,10.604,0.8779115635834277,0.4,0.6,0.5,180,198,189,16.66664112547074,1.103176176262903,0.06619067201110948,,,
torus_plus1,RGA Fall 2018 torus+1,1,3,4,11,1.5,2,1.75,0.2,0.25,0.225,10.604,0.8779115635834277,0.4,0.6,0.5,198,216,207,18.91795016894729,1.293937988326813,0.06839736740879762,,,
torus_plus1,RGA Fall 2018 torus+1,1,3,4,12,1.5,2,1.75,0.2,0.25,0.225,10.604,0.8779115635834277,0.4,0.6,0.5,216,234,225,32.27338699016678,2.418128827665237,0.07492640386340622,,,
torus_plus1,RGA Fall 2018 torus+1,1,3,4,13,1.5,2,1.75,0.2,0.25,0.225,10.604,0.8779115635834277,0.4,0.6,0.5,234,252,243,40.95810200731821,3.381271752399968,0.08255440527482981,,,
torus_plus1,RGA Fall 2018 torus+1,1,3,4,14,1.5,2,1.75,0.2,0.25,0.225,10.604,0.8779115635834277,0.4,0.6,0.5,252,270,261,48.21476992451597,3.379154833104255,0.07008547045634748,,,
torus_plus1,RGA Fall 2018 torus+1,1,3,4,15,1.5,2,1.75,0.2,0.25,0.225,10.604,0.8779115635834277,0.4,0.6,0.5,270,288,279,50.71337069910459,3.557026587955006,0.07013981793992267,,,
torus_plus1,RGA Fall 2018 torus+1,1,3,4,16,1.5,2,1.75,0.2,0.25,0.225,10.604,0.8779115635834277,0.4,0.6,0.5,288,306,297,57.44676478634272,4.588600751100617,0.07987570349986883,,,
torus_plus1,RGA Fall 2018 torus+1,1,3,4,17,1.5,2,1.75,0.2,0.25,0.225,10.604,0.8779115635834277,0.4,0.6,0.5,306,324,315,35.1914404033019,3.403964437712065,0.09672705631545227,,,
torus_plus1,RGA Fall 2018 torus+1,1,3,4,18,1.5,2,1.75,0.2,0.25,0.225,10.604,0.8779115635834277,0.4,0.6,0.5,324,342,333,20.28359223836045,3.841257484172601,0.1893775737074813,,,
torus_plus1,RGA Fall 2018 torus+1,1,3,4,19,1.5,2,1.75,0.2,0.25,0.225,10.604,0.8779115635834277,0.4,0.6,0.5,342,360,351,16.82844673540623,2.661195628341582,0.1581367353852424,,,
torus_plus1,RGA Fall 2018 torus+1,1,3,5,0,1.5,2,1.75,0.2,0.25,0.225,10.604,0.8779115635834277,0.6,1,0.8,0,18,9,4.723707651209469,0.8747935688347873,0.185192148504534,,,
torus_plus1,RGA Fall 2018 torus+1,1,3,5,1,1.5,2,1.75,0.2,0.25,0.225,10.604,0.8779115635834277,0.6,1,0.8,18,36,27,8.405501008070523,1.651759799480358,0.1965093809273742,,,
torus_plus1,RGA Fall 2018 torus+1,1,3,5,2,1.5,2,1.75,0.2,0.25,0.225,10.604,0.8779115635834277,0.6,1,0.8,36,54,45,16.59925108702842,1.850097313707437,0.1114566737985671,,,
torus_plus1,RGA Fall 2018 torus+1,1,3,5,3,1.5,2,1.75,0.2,0.25,0.225,10.604,0.8779115635834277,0.6,1,0.8,54,72,63,22.20763624347086,1.40706298344552,0.06335942141790088,,,
torus_plus1,RGA Fall 2018 torus+1,1,3,5,4,1.5,2,1.75,0.2,0.25,0.225,10.604,0.8779115635834277,0.6,1,0.8,72,90,81,28.09383095498191,1.727560022675365,0.06149250436665758,,,
torus_plus1,RGA Fall 2018 torus+1,1,3,5,5,1.5,2,1.75,0.2,0.25,0.225,10.604,0.8779115635834277,0.6,1,0.8,90,108,99,25.60604901332563,1.617433475525214,0.06316606965344347,,,
torus_plus1,RGA Fall 2018 torus+1,1,3,5,6,1.5,2,1.75,0.2,0.25,0.225,10.604,0.8779115635834277,0.6,1,0.8,108,126,117,26.11159898478861,1.936618640190102,0.07416698767924114,,,
torus_plus1,RGA Fall 2018 torus+1,1,3,5,7,1.5,2,1.75,0.2,0.25,0.225,10.604,0.8779115635834277,0.6,1,0.8,126,144,135,16.70468001122387,1.003818886512313,0.0600920751452795,,,
torus_plus1,RGA Fall 2018 torus+1,1,3,5,8,1.5,2,1.75,0.2,0.25,0.225,10.604,0.8779115635834277,0.6,1,0.8,144,162,153,14.20657595654535,0.6817610939691149,0.04798912109817775,,,
torus_plus1,RGA Fall 2018 torus+1,1,3,5,9,1.5,2,1.75,0.2,0.25,0.225,10.604,0.8779115635834277,0.6,1,0.8,162,180,171,9.926987427578394,0.6014652054460033,0.06058889565781648,,,
torus_plus1,RGA Fall 2018 torus+1,1,3,5,10,1.5,2,1.75,0.2,0.25,0.225,10.604,0.8779115635834277,0.6,1,0.8,180,198,189,11.78725164933097,0.6606858314563305,0.05605088031643327,,,
torus_plus1,RGA Fall 2018 torus+1,1,3,5,11,1.5,2,1.75,0.2,0.25,0.225,10.604,0.8779115635834277,0.6,1,0.8,198,216,207,14.04601742917602,0.8686941706429111,0.06184629735959762,,,
torus_plus1,RGA Fall 2018 torus+1,1,3,5,12,1.5,2,1.75,0.2,0.25,0.225,10.604,0.8779115635834277,0.6,1,0.8,216,234,225,16.06288664299004,1.13992553004073,0.07096641813993013,,,
torus_plus1,RGA Fall 2018 torus+1,1,3,5,13,1.5,2,1.75,0.2,0.25,0.225,10.604,0.8779115635834277,0.6,1,0.8,234,252,243,20.80261394722398,1.535491222238443,0.07381241733053207,,,
torus_plus1,RGA Fall 2018 torus+1,1,3,5,14,1.5,2,1.75,0.2,0.25,0.225,10.604,0.8779115635834277,0.6,1,0.8,252,270,261,29.27284281771987,1.544311665049292,0.05275578032053881,,,
torus_plus1,RGA Fall 2018 torus+1,1,3,5,15,1.5,2,1.75,0.2,0.25,0.225,10.604,0.8779115635834277,0.6,1,0.8,270,288,279,26.54890830466422,1.364594138734009,0.05139925616053569,,,
torus_plus1,RGA Fall 2018 torus+1,1,3,5,16,1.5,2,1.75,0.2,0.25,0.225,10.604,0.8779115635834277,0.6,1,0.8,288,306,297,20.85221844777674,1.228619783487493,0.05892033917467845,,,
torus_plus1,RGA Fall 2018 torus+1,1,3,5,17,1.5,2,1.75,0.2,0.25,0.225,10.604,0.8779115635834277,0.6,1,0.8,306,324,315,19.62345821064077,1.470979391660518,0.07496025297227599,,,
torus_plus1,RGA Fall 2018 torus+1,1,3,5,18,1.5,2,1.75,0.2,0.25,0.225,10.604,0.8779115635834277,0.6,1,0.8,324,342,333,13.03883695699152,1.544932864598152,0.1184870145776113,,,
torus_plus1,RGA Fall 2018 torus+1,1,3,5,19,1.5,2,1.75,0.2,0.25,0.225,10.604,0.8779115635834277,0.6,1,0.8,342,360,351,6.810121267477153,0.9157156441023799,0.1344639262850618,,,
torus_plus1,RGA Fall 2018 torus+1,1,3,6,0,1.5,2,1.75,0.2,0.25,0.225,10.604,0.8779115635834277,1,1.5,1.25,0,18,9,1.68595294303559,0.5863822896084999,0.3478046596915733,,,
torus_plus1,RGA Fall 2018 torus+1,1,3,6,1,1.5,2,1.75,0.2,0.25,0.225,10.604,0.8779115635834277,1,1.5,1.25,18,36,27,2.43103131992485,0.8531004733889505,0.3509212186601209,,,
torus_plus1,RGA Fall 2018 torus+1,1,3,6,2,1.5,2,1.75,0.2,0.25,0.225,10.604,0.8779115635834277,1,1.5,1.25,36,54,45,6.764496560174925,0.7405580757378534,0.1094771900835593,,,
torus_plus1,RGA Fall 2018 torus+1,1,3,6,3,1.5,2,1.75,0.2,0.25,0.225,10.604,0.8779115635834277,1,1.5,1.25,54,72,63,11.81078870786589,0.790998510224314,0.06697253924266,,,
torus_plus1,RGA Fall 2018 torus+1,1,3,6,4,1.5,2,1.75,0.2,0.25,0.225,10.604,0.8779115635834277,1,1.5,1.25,72,90,81,14.6395745044835,0.9660933196826872,0.06599189883468351,,,
torus_plus1,RGA Fall 2018 torus+1,1,3,6,5,1.5,2,1.75,0.2,0.25,0.225,10.604,0.8779115635834277,1,1.5,1.25,90,108,99,13.81590287871875,1.26380088716875,0.0914743609782781,,,
torus_plus1,RGA Fall 2018 torus+1,1,3,6,6,1.5,2,1.75,0.2,0.25,0.225,10.604,0.8779115635834277,1,1.5,1.25,108,126,117,10.51211333944306,0.9046034354951659,0.08605343248164524,,,
torus_plus1,RGA Fall 2018 torus+1,1,3,6,7,1.5,2,1.75,0.2,0.25,0.225,10.604,0.8779115635834277,1,1.5,1.25,126,144,135,8.172144434202885,0.6974762760464509,0.08534801136496104,,,
torus_plus1,RGA Fall 2018 torus+1,1,3,6,8,1.5,2,1.75,0.2,0.25,0.225,10.604,0.8779115635834277,1,1.5,1.25,144,162,153,7.48426084424071,0.561703835805371,0.07505134407997197,,,
torus_plus1,RGA Fall 2018 torus+1,1,3,6,9,1.5,2,1.75,0.2,0.25,0.225,10.604,0.8779115635834277,1,1.5,1.25,162,180,171,5.431209785440137,0.4596278752515292,0.08462716289908173,,,
torus_plus1,RGA Fall 2018 torus+1,1,3,6,10,1.5,2,1.75,0.2,0.25,0.225,10.604,0.8779115635834277,1,1.5,1.25,180,198,189,5.108452436283748,0.5527715843660084,0.1082072489194269,,,
torus_plus1,RGA Fall 2018 torus+1,1,3,6,11,1.5,2,1.75,0.2,0.25,0.225,10.604,0.8779115635834277,1,1.5,1.25,198,216,207,6.546674851699271,0.5637499434357405,0.0861124091552236,,,
torus_plus1,RGA Fall 2018 torus+1,1,3,6,12,1.5,2,1.75,0.2,0.25,0.225,10.604,0.8779115635834277,1,1.5,1.25,216,234,225,8.293765381405032,0.6650538564924982,0.08018720399103363,,,
torus_plus1,RGA Fall 2018 torus+1,1,3,6,13,1.5,2,1.75,0.2,0.25,0.225,10.604,0.8779115635834277,1,1.5,1.25,234,252,243,9.910398234461908,0.8012250502818989,0.08084690759406218,,,
torus_plus1,RGA Fall 2018 torus+1,1,3,6,14,1.5,2,1.75,0.2,0.25,0.225,10.604,0.8779115635834277,1,1.5,1.25,252,270,261,16.15907992075559,1.118401988651802,0.06921198447785792,,,
torus_plus1,RGA Fall 2018 torus+1,1,3,6,15,1.5,2,1.75,0.2,0.25,0.225,10.604,0.8779115635834277,1,1.5,1.25,270,288,279,13.48753264203786,0.8700102170676894,0.0645047719370144,,,
torus_plus1,RGA Fall 2018 torus+1,1,3,6,16,1.5,2,1.75,0.2,0.25,0.225,10.604,0.8779115635834277,1,1.5,1.25,288,306,297,9.380442630163763,0.7299091006293095,0.0778117973113777,,,
torus_plus1,RGA Fall 2018 torus+1,1,3,6,17,1.5,2,1.75,0.2,0.25,0.225,10.604,0.8779115635834277,1,1.5,1.25,306,324,315,6.475093774837227,0.8851923115641045,0.1367072574306241,,,
torus_plus1,RGA Fall 2018 torus+1,1,3,6,18,1.5,2,1.75,0.2,0.25,0.225,10.604,0.8779115635834277,1,1.5,1.25,324,342,333,4.714352706174025,1.112264123223475,0.2359314613365327,,,
torus_plus1,RGA Fall 2018 torus+1,1,3,6,19,1.5,2,1.75,0.2,0.25,0.225,10.604,0.8779115635834277,1,1.5,1.25,342,360,351,1.862526390839572,0.5210225459529935,0.2797396850404529,,,
torus_plus1,RGA Fall 2018 torus+1,1,3,7,0,1.5,2,1.75,0.2,0.25,0.225,10.604,0.8779115635834277,1.5,2,1.75,0,18,9,0.07767286159885138,0.1640103482162437,2.111552797723485,,,
torus_plus1,RGA Fall 2018 torus+1,1,3,7,1,1.5,2,1.75,0.2,0.25,0.225,10.604,0.8779115635834277,1.5,2,1.75,18,36,27,2.012670213843227,0.7920126618404542,0.3935133815728773,,,
torus_plus1,RGA Fall 2018 torus+1,1,3,7,2,1.5,2,1.75,0.2,0.25,0.225,10.604,0.8779115635834277,1.5,2,1.75,36,54,45,2.894151799313494,0.6516710772402377,0.2251682435575138,,,
torus_plus1,RGA Fall 2018 torus+1,1,3,7,3,1.5,2,1.75,0.2,0.25,0.225,10.604,0.8779115635834277,1.5,2,1.75,54,72,63,4.81327122877473,0.5433819338773669,0.1128924400995559,,,
torus_plus1,RGA Fall 2018 torus+1,1,3,7,4,1.5,2,1.75,0.2,0.25,0.225,10.604,0.8779115635834277,1.5,2,1.75,72,90,81,7.262766769159113,0.8551023666517046,0.1177378255188978,,,
torus_plus1,RGA Fall 2018 torus+1,1,3,7,5,1.5,2,1.75,0.2,0.25,0.225,10.604,0.8779115635834277,1.5,2,1.75,90,108,99,4.460730359698238,0.6570102022628296,0.1472875850553037,,,
torus_plus1,RGA Fall 2018 torus+1,1,3,7,6,1.5,2,1.75,0.2,0.25,0.225,10.604,0.8779115635834277,1.5,2,1.75,108,126,117,4.405256495755212,0.5132104227044468,0.1164995552924019,,,
torus_plus1,RGA Fall 2018 torus+1,1,3,7,7,1.5,2,1.75,0.2,0.25,0.225,10.604,0.8779115635834277,1.5,2,1.75,126,144,135,3.409231038664364,0.5838834577515247,0.1712654411301714,,,
torus_plus1,RGA Fall 2018 torus+1,1,3,7,8,1.5,2,1.75,0.2,0.25,0.225,10.604,0.8779115635834277,1.5,2,1.75,144,162,153,2.255203711636337,0.4206254609047972,0.1865132886818453,,,
torus_plus1,RGA Fall 2018 torus+1,1,3,7,9,1.5,2,1.75,0.2,0.25,0.225,10.604,0.8779115635834277,1.5,2,1.75,162,180,171,2.311348466953081,0.4857272654424974,0.2101488686743994,,,
torus_plus1,RGA Fall 2018 torus+1,1,3,7,10,1.5,2,1.75,0.2,0.25,0.225,10.604,0.8779115635834277,1.5,2,1.75,180,198,189,1.249512229474134,0.3451566602770532,0.2762331189205845,,,
torus_plus1,RGA Fall 2018 torus+1,1,3,7,11,1.5,2,1.75,0.2,0.25,0.225,10.604,0.8779115635834277,1.5,2,1.75,198,216,207,3.110456257683873,0.5726794765533061,0.1841142999965343,,,
torus_plus1,RGA Fall 2018 torus+1,1,3,7,12,1.5,2,1.75,0.2,0.25,0.225,10.604,0.8779115635834277,1.5,2,1.75,216,234,225,3.561063456741978,0.5289207825601145,0.1485288844147767,,,
torus_plus1,RGA Fall 2018 torus+1,1,3,7,13,1.5,2,1.75,0.2,0.25,0.225,10.604,0.8779115635834277,1.5,2,1.75,234,252,243,5.312074964315817,0.548622931920951,0.1032784619205035,,,
torus_plus1,RGA Fall 2018 torus+1,1,3,7,14,1.5,2,1.75,0.2,0.25,0.225,10.604,0.8779115635834277,1.5,2,1.75,252,270,261,5.577184295355438,0.5931337677944848,0.106350039084854,,,
torus_plus1,RGA Fall 2018 torus+1,1,3,7,15,1.5,2,1.75,0.2,0.25,0.225,10.604,0.8779115635834277,1.5,2,1.75,270,288,279,6.610978935348915,0.7343616335581777,0.1110821318203791,,,
torus_plus1,RGA Fall 2018 torus+1,1,3,7,16,1.5,2,1.75,0.2,0.25,0.225,10.604,0.8779115635834277,1.5,2,1.75,288,306,297,6.118987155497074,0.7448455248280247,0.1217269306013958,,,
torus_plus1,RGA Fall 2018 torus+1,1,3,7,17,1.5,2,1.75,0.2,0.25,0.225,10.604,0.8779115635834277,1.5,2,1.75,306,324,315,2.622141790948131,0.7360701576219468,0.280713331431171,,,
torus_plus1,RGA Fall 2018 torus+1,1,3,7,18,1.5,2,1.75,0.2,0.25,0.225,10.604,0.8779115635834277,1.5,2,1.75,324,342,333,2.130906172363788,0.7084524307678962,0.3324653332727545,,,
torus_plus1,RGA Fall 2018 torus+1,1,3,7,19,1.5,2,1.75,0.2,0.25,0.225,10.604,0.8779115635834277,1.5,2,1.75,342,360,351,0.9243203849417251,0.6472581288044416,0.700253006802667,,,
torus_plus1,RGA Fall 2018 torus+1,1,4,1,0,1.5,2,1.75,0.25,0.3,0.275,10.604,0.9198653139267774,0.15,0.2,0.175,0,18,9,42.17477200434292,6.267776019103524,0.1486143426799819,,,
torus_plus1,RGA Fall 2018 torus+1,1,4,1,1,1.5,2,1.75,0.25,0.3,0.275,10.604,0.9198653139267774,0.15,0.2,0.175,18,36,27,55.94930278519409,7.024339338818582,0.1255482908480039,,,
torus_plus1,RGA Fall 2018 torus+1,1,4,1,2,1.5,2,1.75,0.25,0.3,0.275,10.604,0.9198653139267774,0.15,0.2,0.175,36,54,45,102.3987488451654,9.588786363408731,0.09364163597260056,,,
torus_plus1,RGA Fall 2018 torus+1,1,4,1,3,1.5,2,1.75,0.25,0.3,0.275,10.604,0.9198653139267774,0.15,0.2,0.175,54,72,63,103.2080734885852,13.21351074063815,0.12802787896336,,,
torus_plus1,RGA Fall 2018 torus+1,1,4,1,4,1.5,2,1.75,0.25,0.3,0.275,10.604,0.9198653139267774,0.15,0.2,0.175,72,90,81,146.786770369514,32.00992786201788,0.218070932287955,,,
torus_plus1,RGA Fall 2018 torus+1,1,4,1,15,1.5,2,1.75,0.25,0.3,0.275,10.604,0.9198653139267774,0.15,0.2,0.175,270,288,279,143.541201464893,38.40556363926891,0.2675577691096731,,,
torus_plus1,RGA Fall 2018 torus+1,1,4,1,16,1.5,2,1.75,0.25,0.3,0.275,10.604,0.9198653139267774,0.15,0.2,0.175,288,306,297,100.3863505338898,15.76756038718228,0.1570687678486654,,,
torus_plus1,RGA Fall 2018 torus+1,1,4,1,17,1.5,2,1.75,0.25,0.3,0.275,10.604,0.9198653139267774,0.15,0.2,0.175,306,324,315,83.97661995521995,13.84509791412362,0.164868482697999,,,
torus_plus1,RGA Fall 2018 torus+1,1,4,1,18,1.5,2,1.75,0.25,0.3,0.275,10.604,0.9198653139267774,0.15,0.2,0.175,324,342,333,56.1440709196994,7.568786769987826,0.1348100813853195,,,
torus_plus1,RGA Fall 2018 torus+1,1,4,1,19,1.5,2,1.75,0.25,0.3,0.275,10.604,0.9198653139267774,0.15,0.2,0.175,342,360,351,53.77672667479823,7.51671556612434,0.1397763685316859,,,
torus_plus1,RGA Fall 2018 torus+1,1,4,2,0,1.5,2,1.75,0.25,0.3,0.275,10.604,0.9198653139267774,0.2,0.3,0.25,0,18,9,42.84179709738113,4.510278576253866,0.1052775299318519,,,
torus_plus1,RGA Fall 2018 torus+1,1,4,2,1,1.5,2,1.75,0.25,0.3,0.275,10.604,0.9198653139267774,0.2,0.3,0.25,18,36,27,69.65962573579915,5.591140974848776,0.08026372401216338,,,
torus_plus1,RGA Fall 2018 torus+1,1,4,2,2,1.5,2,1.75,0.25,0.3,0.275,10.604,0.9198653139267774,0.2,0.3,0.25,36,54,45,88.91243574641126,5.929384481246966,0.06668790964357639,,,
torus_plus1,RGA Fall 2018 torus+1,1,4,2,3,1.5,2,1.75,0.25,0.3,0.275,10.604,0.9198653139267774,0.2,0.3,0.25,54,72,63,119.7358725370194,8.024083976010496,0.06701487036418136,,,
torus_plus1,RGA Fall 2018 torus+1,1,4,2,4,1.5,2,1.75,0.25,0.3,0.275,10.604,0.9198653139267774,0.2,0.3,0.25,72,90,81,112.212752274006,10.67180581090831,0.09510332466357681,,,
torus_plus1,RGA Fall 2018 torus+1,1,4,2,5,1.5,2,1.75,0.25,0.3,0.275,10.604,0.9198653139267774,0.2,0.3,0.25,90,108,99,189.5832680705084,25.44065686085704,0.1341925219444753,,,
torus_plus1,RGA Fall 2018 torus+1,1,4,2,14,1.5,2,1.75,0.25,0.3,0.275,10.604,0.9198653139267774,0.2,0.3,0.25,252,270,261,170.734525497505,23.36082754763767,0.1368254457003721,,,
torus_plus1,RGA Fall 2018 torus+1,1,4,2,15,1.5,2,1.75,0.25,0.3,0.275,10.604,0.9198653139267774,0.2,0.3,0.25,270,288,279,123.2625768509106,10.63514903423621,0.08628043730661014,,,
torus_plus1,RGA Fall 2018 torus+1,1,4,2,16,1.5,2,1.75,0.25,0.3,0.275,10.604,0.9198653139267774,0.2,0.3,0.25,288,306,297,100.3166165281084,10.96503274910372,0.1093042521627646,,,
torus_plus1,RGA Fall 2018 torus+1,1,4,2,17,1.5,2,1.75,0.25,0.3,0.275,10.604,0.9198653139267774,0.2,0.3,0.25,306,324,315,68.20185444909482,8.256412025081245,0.1210584681571048,,,
torus_plus1,RGA Fall 2018 torus+1,1,4,2,18,1.5,2,1.75,0.25,0.3,0.275,10.604,0.9198653139267774,0.2,0.3,0.25,324,342,333,56.33423674788414,6.124919125176891,0.1087246313922401,,,
torus_plus1,RGA Fall 2018 torus+1,1,4,2,19,1.5,2,1.75,0.25,0.3,0.275,10.604,0.9198653139267774,0.2,0.3,0.25,342,360,351,43.36511256737305,4.335327629491482,0.09997270554194958,,,
torus_plus1,RGA Fall 2018 torus+1,1,4,3,0,1.5,2,1.75,0.25,0.3,0.275,10.604,0.9198653139267774,0.3,0.4,0.35,0,18,9,38.77940947355366,4.65611223912058,0.1200666101503145,,,
torus_plus1,RGA Fall 2018 torus+1,1,4,3,1,1.5,2,1.75,0.25,0.3,0.275,10.604,0.9198653139267774,0.3,0.4,0.35,18,36,27,60.26194812860415,5.612923682015548,0.09314208810569963,,,
torus_plus1,RGA Fall 2018 torus+1,1,4,3,2,1.5,2,1.75,0.25,0.3,0.275,10.604,0.9198653139267774,0.3,0.4,0.35,36,54,45,77.19666059347352,6.655347620155331,0.08621289533757368,,,
torus_plus1,RGA Fall 2018 torus+1,1,4,3,3,1.5,2,1.75,0.25,0.3,0.275,10.604,0.9198653139267774,0.3,0.4,0.35,54,72,63,92.18764858866041,7.839854764906845,0.08504235529304076,,,
torus_plus1,RGA Fall 2018 torus+1,1,4,3,4,1.5,2,1.75,0.25,0.3,0.275,10.604,0.9198653139267774,0.3,0.4,0.35,72,90,81,119.6435059954009,11.14400444821575,0.09314341263657154,,,
torus_plus1,RGA Fall 2018 torus+1,1,4,3,5,1.5,2,1.75,0.25,0.3,0.275,10.604,0.9198653139267774,0.3,0.4,0.35,90,108,99,109.3222915917299,10.41799829794367,0.0952961939075542,,,
torus_plus1,RGA Fall 2018 torus+1,1,4,3,6,1.5,2,1.75,0.25,0.3,0.275,10.604,0.9198653139267774,0.3,0.4,0.35,108,126,117,93.80783177481253,9.730818353579354,0.103731406743718,,,
torus_plus1,RGA Fall 2018 torus+1,1,4,3,7,1.5,2,1.75,0.25,0.3,0.275,10.604,0.9198653139267774,0.3,0.4,0.35,126,144,135,87.95069789640064,16.73041919084955,0.1902249736614567,,,
torus_plus1,RGA Fall 2018 torus+1,1,4,3,12,1.5,2,1.75,0.25,0.3,0.275,10.604,0.9198653139267774,0.3,0.4,0.35,216,234,225,76.47302171319207,11.09972737725832,0.145145662203427,,,
torus_plus1,RGA Fall 2018 torus+1,1,4,3,13,1.5,2,1.75,0.25,0.3,0.275,10.604,0.9198653139267774,0.3,0.4,0.35,234,252,243,69.03338910108971,8.020811622171133,0.1161874236020164,,,
torus_plus1,RGA Fall 2018 torus+1,1,4,3,14,1.5,2,1.75,0.25,0.3,0.275,10.604,0.9198653139267774,0.3,0.4,0.35,252,270,261,123.6736709538085,10.55010537471825,0.08530599353405353,,,
torus_plus1,RGA Fall 2018 torus+1,1,4,3,15,1.5,2,1.75,0.25,0.3,0.275,10.604,0.9198653139267774,0.3,0.4,0.35,270,288,279,105.6833093634852,8.968446001497998,0.08486151744786957,,,
torus_plus1,RGA Fall 2018 torus+1,1,4,3,16,1.5,2,1.75,0.25,0.3,0.275,10.604,0.9198653139267774,0.3,0.4,0.35,288,306,297,98.34686752925738,9.497548896237943,0.09657195124605773,,,
torus_plus1,RGA Fall 2018 torus+1,1,4,3,17,1.5,2,1.75,0.25,0.3,0.275,10.604,0.9198653139267774,0.3,0.4,0.35,306,324,315,57.53500538057629,8.18494208300573,0.1422602123501139,,,
torus_plus1,RGA Fall 2018 torus+1,1,4,3,18,1.5,2,1.75,0.25,0.3,0.275,10.604,0.9198653139267774,0.3,0.4,0.35,324,342,333,61.57325177155827,8.4534158631716,0.1372903918496047,,,
torus_plus1,RGA Fall 2018 torus+1,1,4,3,19,1.5,2,1.75,0.25,0.3,0.275,10.604,0.9198653139267774,0.3,0.4,0.35,342,360,351,38.78730589180432,4.327383062185929,0.111566992413884,,,
torus_plus1,RGA Fall 2018 torus+1,1,4,4,0,1.5,2,1.75,0.25,0.3,0.275,10.604,0.9198653139267774,0.4,0.6,0.5,0,18,9,22.27703034809366,3.024541409912331,0.1357695061977215,,,
torus_plus1,RGA Fall 2018 torus+1,1,4,4,1,1.5,2,1.75,0.25,0.3,0.275,10.604,0.9198653139267774,0.4,0.6,0.5,18,36,27,38.14479170045289,4.509805901336777,0.118228615239318,,,
torus_plus1,RGA Fall 2018 torus+1,1,4,4,2,1.5,2,1.75,0.25,0.3,0.275,10.604,0.9198653139267774,0.4,0.6,0.5,36,54,45,56.92796114263277,5.312228160258958,0.09331492035959608,,,
torus_plus1,RGA Fall 2018 torus+1,1,4,4,3,1.5,2,1.75,0.25,0.3,0.275,10.604,0.9198653139267774,0.4,0.6,0.5,54,72,63,54.98799163862569,4.509081530630424,0.0820012041949732,,,
torus_plus1,RGA Fall 2018 torus+1,1,4,4,4,1.5,2,1.75,0.25,0.3,0.275,10.604,0.9198653139267774,0.4,0.6,0.5,72,90,81,67.32943420081388,5.410681174788592,0.08036130466581565,,,
torus_plus1,RGA Fall 2018 torus+1,1,4,4,5,1.5,2,1.75,0.25,0.3,0.275,10.604,0.9198653139267774,0.4,0.6,0.5,90,108,99,81.56257065204163,6.259576414048402,0.07674569798385475,,,
torus_plus1,RGA Fall 2018 torus+1,1,4,4,6,1.5,2,1.75,0.25,0.3,0.275,10.604,0.9198653139267774,0.4,0.6,0.5,108,126,117,60.71693736853599,3.8808780628062,0.06391755300914276,,,
torus_plus1,RGA Fall 2018 torus+1,1,4,4,7,1.5,2,1.75,0.25,0.3,0.275,10.604,0.9198653139267774,0.4,0.6,0.5,126,144,135,50.88174941884481,2.799654170554174,0.05502275771825724,,,
torus_plus1,RGA Fall 2018 torus+1,1,4,4,8,1.5,2,1.75,0.25,0.3,0.275,10.604,0.9198653139267774,0.4,0.6,0.5,144,162,153,35.48696972529115,3.069163439025125,0.0864870532137256,,,
torus_plus1,RGA Fall 2018 torus+1,1,4,4,9,1.5,2,1.75,0.25,0.3,0.275,10.604,0.9198653139267774,0.4,0.6,0.5,162,180,171,22.78242925191994,2.956995233939401,0.1297927978286252,,,
torus_plus1,RGA Fall 2018 torus+1,1,4,4,10,1.5,2,1.75,0.25,0.3,0.275,10.604,0.9198653139267774,0.4,0.6,0.5,180,198,189,24.01867338334745,2.470304276673142,0.1028493221605588,,,
torus_plus1,RGA Fall 2018 torus+1,1,4,4,11,1.5,2,1.75,0.25,0.3,0.275,10.604,0.9198653139267774,0.4,0.6,0.5,198,216,207,30.87404482494227,2.937338198065127,0.09513940316923213,,,
torus_plus1,RGA Fall 2018 torus+1,1,4,4,12,1.5,2,1.75,0.25,0.3,0.275,10.604,0.9198653139267774,0.4,0.6,0.5,216,234,225,50.12296204708488,2.989601546791556,0.05964534865244321,,,
torus_plus1,RGA Fall 2018 torus+1,1,4,4,13,1.5,2,1.75,0.25,0.3,0.275,10.604,0.9198653139267774,0.4,0.6,0.5,234,252,243,61.34984398605136,4.044268144930251,0.06592140879526547,,,
torus_plus1,RGA Fall 2018 torus+1,1,4,4,14,1.5,2,1.75,0.25,0.3,0.275,10.604,0.9198653139267774,0.4,0.6,0.5,252,270,261,87.2037515044794,5.417623814963266,0.06212604069774427,,,
torus_plus1,RGA Fall 2018 torus+1,1,4,4,15,1.5,2,1.75,0.25,0.3,0.275,10.604,0.9198653139267774,0.4,0.6,0.5,270,288,279,83.41285940311327,5.324981254908836,0.06383885282213557,,,
torus_plus1,RGA Fall 2018 torus+1,1,4,4,16,1.5,2,1.75,0.25,0.3,0.275,10.604,0.9198653139267774,0.4,0.6,0.5,288,306,297,78.97427558532283,5.495231984418878,0.06958255639182023,,,
torus_plus1,RGA Fall 2018 torus+1,1,4,4,17,1.5,2,1.75,0.25,0.3,0.275,10.604,0.9198653139267774,0.4,0.6,0.5,306,324,315,54.51997274234387,4.368626705510235,0.0801289231408083,,,
torus_plus1,RGA Fall 2018 torus+1,1,4,4,18,1.5,2,1.75,0.25,0.3,0.275,10.604,0.9198653139267774,0.4,0.6,0.5,324,342,333,27.24102878112247,4.461050138100487,0.1637621755750984,,,
torus_plus1,RGA Fall 2018 torus+1,1,4,4,19,1.5,2,1.75,0.25,0.3,0.275,10.604,0.9198653139267774,0.4,0.6,0.5,342,360,351,23.2363592288253,3.071640055880847,0.1321911072914727,,,
torus_plus1,RGA Fall 2018 torus+1,1,4,5,0,1.5,2,1.75,0.25,0.3,0.275,10.604,0.9198653139267774,0.6,1,0.8,0,18,9,14.43990662722286,1.875654525921458,0.1298938126362519,,,
torus_plus1,RGA Fall 2018 torus+1,1,4,5,1,1.5,2,1.75,0.25,0.3,0.275,10.604,0.9198653139267774,0.6,1,0.8,18,36,27,18.92023746638372,2.416574841197724,0.1277243399027809,,,
torus_plus1,RGA Fall 2018 torus+1,1,4,5,2,1.5,2,1.75,0.25,0.3,0.275,10.604,0.9198653139267774,0.6,1,0.8,36,54,45,30.58192848844893,2.709403130516849,0.08859490766058836,,,
torus_plus1,RGA Fall 2018 torus+1,1,4,5,3,1.5,2,1.75,0.25,0.3,0.275,10.604,0.9198653139267774,0.6,1,0.8,54,72,63,37.13577722311061,2.207073398861525,0.05943253551962831,,,
torus_plus1,RGA Fall 2018 torus+1,1,4,5,4,1.5,2,1.75,0.25,0.3,0.275,10.604,0.9198653139267774,0.6,1,0.8,72,90,81,42.0862700997796,2.535552429471655,0.06024654652123553,,,
torus_plus1,RGA Fall 2018 torus+1,1,4,5,5,1.5,2,1.75,0.25,0.3,0.275,10.604,0.9198653139267774,0.6,1,0.8,90,108,99,49.38502178807256,3.223701039077809,0.06527689818406428,,,
torus_plus1,RGA Fall 2018 torus+1,1,4,5,6,1.5,2,1.75,0.25,0.3,0.275,10.604,0.9198653139267774,0.6,1,0.8,108,126,117,34.63042712066689,2.066455247019793,0.05967166503085272,,,
torus_plus1,RGA Fall 2018 torus+1,1,4,5,7,1.5,2,1.75,0.25,0.3,0.275,10.604,0.9198653139267774,0.6,1,0.8,126,144,135,31.16797114010131,1.855912047152714,0.05954548786028815,,,
torus_plus1,RGA Fall 2018 torus+1,1,4,5,8,1.5,2,1.75,0.25,0.3,0.275,10.604,0.9198653139267774,0.6,1,0.8,144,162,153,24.715498862887,1.519568924303851,0.06148242982000451,,,
torus_plus1,RGA Fall 2018 torus+1,1,4,5,9,1.5,2,1.75,0.25,0.3,0.275,10.604,0.9198653139267774,0.6,1,0.8,162,180,171,18.97670242034224,1.492951860475961,0.07867288148417072,,,
torus_plus1,RGA Fall 2018 torus+1,1,4,5,10,1.5,2,1.75,0.25,0.3,0.275,10.604,0.9198653139267774,0.6,1,0.8,180,198,189,17.37535164647075,1.373726666580947,0.07906180516697493,,,
torus_plus1,RGA Fall 2018 torus+1,1,4,5,11,1.5,2,1.75,0.25,0.3,0.275,10.604,0.9198653139267774,0.6,1,0.8,198,216,207,21.20305533738947,1.556021425965731,0.0733866606112112,,,
torus_plus1,RGA Fall 2018 torus+1,1,4,5,12,1.5,2,1.75,0.25,0.3,0.275,10.604,0.9198653139267774,0.6,1,0.8,216,234,225,26.70087833899816,1.682863702497085,0.06302652973176415,,,
torus_plus1,RGA Fall 2018 torus+1,1,4,5,13,1.5,2,1.75,0.25,0.3,0.275,10.604,0.9198653139267774,0.6,1,0.8,234,252,243,36.02009495303309,1.919777389794357,0.05329739947375407,,,
torus_plus1,RGA Fall 2018 torus+1,1,4,5,14,1.5,2,1.75,0.25,0.3,0.275,10.604,0.9198653139267774,0.6,1,0.8,252,270,261,52.04331428754896,2.789779531947431,0.0536049552212102,,,
torus_plus1,RGA Fall 2018 torus+1,1,4,5,15,1.5,2,1.75,0.25,0.3,0.275,10.604,0.9198653139267774,0.6,1,0.8,270,288,279,52.27767127648787,2.466983815380651,0.04719000971434221,,,
torus_plus1,RGA Fall 2018 torus+1,1,4,5,16,1.5,2,1.75,0.25,0.3,0.275,10.604,0.9198653139267774,0.6,1,0.8,288,306,297,44.10317217273118,2.471386198902457,0.05603647259710051,,,
torus_plus1,RGA Fall 2018 torus+1,1,4,5,17,1.5,2,1.75,0.25,0.3,0.275,10.604,0.9198653139267774,0.6,1,0.8,306,324,315,29.44271261935013,1.92367559777246,0.06533622165330635,,,
torus_plus1,RGA Fall 2018 torus+1,1,4,5,18,1.5,2,1.75,0.25,0.3,0.275,10.604,0.9198653139267774,0.6,1,0.8,324,342,333,18.01869708929631,1.975805063541545,0.1096530483724729,,,
torus_plus1,RGA Fall 2018 torus+1,1,4,5,19,1.5,2,1.75,0.25,0.3,0.275,10.604,0.9198653139267774,0.6,1,0.8,342,360,351,13.00787512873813,1.559499778343619,0.1198888952199607,,,
torus_plus1,RGA Fall 2018 torus+1,1,4,6,0,1.5,2,1.75,0.25,0.3,0.275,10.604,0.9198653139267774,1,1.5,1.25,0,18,9,3.248487086612049,0.9042039235650547,0.27834616529385,,,
torus_plus1,RGA Fall 2018 torus+1,1,4,6,1,1.5,2,1.75,0.25,0.3,0.275,10.604,0.9198653139267774,1,1.5,1.25,18,36,27,6.828098111605612,1.254347340499078,0.1837037664070882,,,
torus_plus1,RGA Fall 2018 torus+1,1,4,6,2,1.5,2,1.75,0.25,0.3,0.275,10.604,0.9198653139267774,1,1.5,1.25,36,54,45,11.22534816026409,1.111789733279471,0.0990427840104796,,,
torus_plus1,RGA Fall 2018 torus+1,1,4,6,3,1.5,2,1.75,0.25,0.3,0.275,10.604,0.9198653139267774,1,1.5,1.25,54,72,63,17.65044225678927,1.104330260051042,0.06256671895154693,,,
torus_plus1,RGA Fall 2018 torus+1,1,4,6,4,1.5,2,1.75,0.25,0.3,0.275,10.604,0.9198653139267774,1,1.5,1.25,72,90,81,23.2585390471666,1.454083358308874,0.06251825857849888,,,
torus_plus1,RGA Fall 2018 torus+1,1,4,6,5,1.5,2,1.75,0.25,0.3,0.275,10.604,0.9198653139267774,1,1.5,1.25,90,108,99,18.48703692192595,1.814035423459083,0.09812472551010082,,,
torus_plus1,RGA Fall 2018 torus+1,1,4,6,6,1.5,2,1.75,0.25,0.3,0.275,10.604,0.9198653139267774,1,1.5,1.25,108,126,117,17.05773713148023,1.320735848102605,0.07742737726126481,,,
torus_plus1,RGA Fall 2018 torus+1,1,4,6,7,1.5,2,1.75,0.25,0.3,0.275,10.604,0.9198653139267774,1,1.5,1.25,126,144,135,14.03906098667654,2.025016139559963,0.1442415658341936,,,
torus_plus1,RGA Fall 2018 torus+1,1,4,6,8,1.5,2,1.75,0.25,0.3,0.275,10.604,0.9198653139267774,1,1.5,1.25,144,162,153,11.50642862107429,1.857042597318001,0.1613917452993873,,,
torus_plus1,RGA Fall 2018 torus+1,1,4,6,9,1.5,2,1.75,0.25,0.3,0.275,10.604,0.9198653139267774,1,1.5,1.25,162,180,171,8.245485499544795,1.699906985219939,0.2061621459784005,,,
torus_plus1,RGA Fall 2018 torus+1,1,4,6,10,1.5,2,1.75,0.25,0.3,0.275,10.604,0.9198653139267774,1,1.5,1.25,180,198,189,9.701875682811513,2.195179456103915,0.2262634080122301,,,
torus_plus1,RGA Fall 2018 torus+1,1,4,6,11,1.5,2,1.75,0.25,0.3,0.275,10.604,0.9198653139267774,1,1.5,1.25,198,216,207,10.23989520519835,1.648872882389726,0.1610243903231221,,,
torus_plus1,RGA Fall 2018 torus+1,1,4,6,12,1.5,2,1.75,0.25,0.3,0.275,10.604,0.9198653139267774,1,1.5,1.25,216,234,225,14.88501731509628,2.033171854226894,0.1365918366896936,,,
torus_plus1,RGA Fall 2018 torus+1,1,4,6,13,1.5,2,1.75,0.25,0.3,0.275,10.604,0.9198653139267774,1,1.5,1.25,234,252,243,18.90393321026456,1.456688759141235,0.07705744317538504,,,
torus_plus1,RGA Fall 2018 torus+1,1,4,6,14,1.5,2,1.75,0.25,0.3,0.275,10.604,0.9198653139267774,1,1.5,1.25,252,270,261,24.83195665367272,1.765911468334371,0.07111447128243867,,,
torus_plus1,RGA Fall 2018 torus+1,1,4,6,15,1.5,2,1.75,0.25,0.3,0.275,10.604,0.9198653139267774,1,1.5,1.25,270,288,279,23.818277934042,1.313288250715332,0.05513783382459947,,,
torus_plus1,RGA Fall 2018 torus+1,1,4,6,16,1.5,2,1.75,0.25,0.3,0.275,10.604,0.9198653139267774,1,1.5,1.25,288,306,297,18.72573335916687,1.137930749164633,0.06076828753986169,,,
torus_plus1,RGA Fall 2018 torus+1,1,4,6,17,1.5,2,1.75,0.25,0.3,0.275,10.604,0.9198653139267774,1,1.5,1.25,306,324,315,12.87287677009702,1.213048901048685,0.09423293042519683,,,
torus_plus1,RGA Fall 2018 torus+1,1,4,6,18,1.5,2,1.75,0.25,0.3,0.275,10.604,0.9198653139267774,1,1.5,1.25,324,342,333,8.132418605049747,1.291814681360522,0.1588475389791645,,,
torus_plus1,RGA Fall 2018 torus+1,1,4,6,19,1.5,2,1.75,0.25,0.3,0.275,10.604,0.9198653139267774,1,1.5,1.25,342,360,351,3.495572249215577,0.903921620309685,0.2585904555434462,,,
torus_plus1,RGA Fall 2018 torus+1,1,4,7,1,1.5,2,1.75,0.25,0.3,0.275,10.604,0.9198653139267774,1.5,2,1.75,18,36,27,3.285236304525485,1.210110637236864,0.368348126303703,,,
torus_plus1,RGA Fall 2018 torus+1,1,4,7,2,1.5,2,1.75,0.25,0.3,0.275,10.604,0.9198653139267774,1.5,2,1.75,36,54,45,5.321349623474065,0.9512140989408262,0.1787542947271753,,,
torus_plus1,RGA Fall 2018 torus+1,1,4,7,3,1.5,2,1.75,0.25,0.3,0.275,10.604,0.9198653139267774,1.5,2,1.75,54,72,63,9.247947931720054,0.91449506835576,0.09888626916021902,,,
torus_plus1,RGA Fall 2018 torus+1,1,4,7,4,1.5,2,1.75,0.25,0.3,0.275,10.604,0.9198653139267774,1.5,2,1.75,72,90,81,10.57384964504052,1.277123952229013,0.1207813611032407,,,
torus_plus1,RGA Fall 2018 torus+1,1,4,7,5,1.5,2,1.75,0.25,0.3,0.275,10.604,0.9198653139267774,1.5,2,1.75,90,108,99,8.480888003827236,1.300859463890636,0.1533871763550689,,,
torus_plus1,RGA Fall 2018 torus+1,1,4,7,6,1.5,2,1.75,0.25,0.3,0.275,10.604,0.9198653139267774,1.5,2,1.75,108,126,117,8.016844392635587,1.714044887093881,0.2138054330539872,,,
torus_plus1,RGA Fall 2018 torus+1,1,4,7,12,1.5,2,1.75,0.25,0.3,0.275,10.604,0.9198653139267774,1.5,2,1.75,216,234,225,2.454223561054474,1.335914466130441,0.5443328339478803,,,
torus_plus1,RGA Fall 2018 torus+1,1,4,7,13,1.5,2,1.75,0.25,0.3,0.275,10.604,0.9198653139267774,1.5,2,1.75,234,252,243,6.743045714703378,1.281429220170717,0.1900371544829556,,,
torus_plus1,RGA Fall 2018 torus+1,1,4,7,14,1.5,2,1.75,0.25,0.3,0.275,10.604,0.9198653139267774,1.5,2,1.75,252,270,261,10.06836345851767,1.18109968979894,0.117308010846564,,,
torus_plus1,RGA Fall 2018 torus+1,1,4,7,15,1.5,2,1.75,0.25,0.3,0.275,10.604,0.9198653139267774,1.5,2,1.75,270,288,279,13.3247418957346,1.511822006099411,0.1134597591405026,,,
torus_plus1,RGA Fall 2018 torus+1,1,4,7,16,1.5,2,1.75,0.25,0.3,0.275,10.604,0.9198653139267774,1.5,2,1.75,288,306,297,8.673745331596683,1.023879639866913,0.1180435441350957,,,
torus_plus1,RGA Fall 2018 torus+1,1,4,7,17,1.5,2,1.75,0.25,0.3,0.275,10.604,0.9198653139267774,1.5,2,1.75,306,324,315,5.13820662584689,1.054283559946353,0.2051851232768561,,,
torus_plus1,RGA Fall 2018 torus+1,1,4,7,18,1.5,2,1.75,0.25,0.3,0.275,10.604,0.9198653139267774,1.5,2,1.75,324,342,333,2.645723678260567,0.8627576558503518,0.3260951485370431,,,
torus_plus1,RGA Fall 2018 torus+1,1,5,1,0,1.5,2,1.787426051414435,0.3,0.38,0.3297612850023305,10.604,0.9413959354414788,0.15,0.2,0.175,0,18,9,71.68058914870359,12.77901286821279,0.1782771740575728,,,
torus_plus1,RGA Fall 2018 torus+1,1,5,1,1,1.5,2,1.787426051414435,0.3,0.38,0.3297612850023305,10.604,0.9413959354414788,0.15,0.2,0.175,18,36,27,106.2060977947593,18.07239555396841,0.1701634456892755,,,
torus_plus1,RGA Fall 2018 torus+1,1,5,1,2,1.5,2,1.787426051414435,0.3,0.38,0.3297612850023305,10.604,0.9413959354414788,0.15,0.2,0.175,36,54,45,120.9881178919419,22.94757920493372,0.1896680401742333,,,
torus_plus1,RGA Fall 2018 torus+1,1,5,1,3,1.5,2,1.787426051414435,0.3,0.38,0.3297612850023305,10.604,0.9413959354414788,0.15,0.2,0.175,54,72,63,216.7227265681848,70.8685541153971,0.3270010267847964,,,
torus_plus1,RGA Fall 2018 torus+1,1,5,1,17,1.5,2,1.787426051414435,0.3,0.38,0.3297612850023305,10.604,0.9413959354414788,0.15,0.2,0.175,306,324,315,111.122619540261,22.46312073709981,0.202147149068612,,,
torus_plus1,RGA Fall 2018 torus+1,1,5,1,18,1.5,2,1.787426051414435,0.3,0.38,0.3297612850023305,10.604,0.9413959354414788,0.15,0.2,0.175,324,342,333,86.617860232211,14.33279237753755,0.165471559088544,,,
torus_plus1,RGA Fall 2018 torus+1,1,5,1,19,1.5,2,1.787426051414435,0.3,0.38,0.3297612850023305,10.604,0.9413959354414788,0.15,0.2,0.175,342,360,351,90.10440774319942,13.35623367290748,0.1482306360746878,,,
torus_plus1,RGA Fall 2018 torus+1,1,5,2,0,1.5,2,1.793484383000512,0.3,0.38,0.3316088069636456,10.604,0.9416072738627249,0.2,0.3,0.25,0,18,9,87.64863884779405,7.285559598363966,0.08312233588721989,,,
torus_plus1,RGA Fall 2018 torus+1,1,5,2,1,1.5,2,1.793484383000512,0.3,0.38,0.3316088069636456,10.604,0.9416072738627249,0.2,0.3,0.25,18,36,27,94.41783279777376,7.459796126349413,0.07900833884131797,,,
torus_plus1,RGA Fall 2018 torus+1,1,5,2,2,1.5,2,1.793484383000512,0.3,0.38,0.3316088069636456,10.604,0.9416072738627249,0.2,0.3,0.25,36,54,45,122.1706173939142,8.681206723725991,0.07105805723920681,,,
torus_plus1,RGA Fall 2018 torus+1,1,5,2,3,1.5,2,1.793484383000512,0.3,0.38,0.3316088069636456,10.604,0.9416072738627249,0.2,0.3,0.25,54,72,63,145.6032629473276,10.81594880009499,0.0742836979141579,,,
torus_plus1,RGA Fall 2018 torus+1,1,5,2,4,1.5,2,1.793484383000512,0.3,0.38,0.3316088069636456,10.604,0.9416072738627249,0.2,0.3,0.25,72,90,81,184.5764568390327,23.5791785872878,0.1277474873615706,,,
torus_plus1,RGA Fall 2018 torus+1,1,5,2,15,1.5,2,1.793484383000512,0.3,0.38,0.3316088069636456,10.604,0.9416072738627249,0.2,0.3,0.25,270,288,279,183.1251075062783,27.55023665407419,0.150444889994834,,,
torus_plus1,RGA Fall 2018 torus+1,1,5,2,16,1.5,2,1.793484383000512,0.3,0.38,0.3316088069636456,10.604,0.9416072738627249,0.2,0.3,0.25,288,306,297,141.6926523250632,16.2826154294639,0.114915030259362,,,
torus_plus1,RGA Fall 2018 torus+1,1,5,2,17,1.5,2,1.793484383000512,0.3,0.38,0.3316088069636456,10.604,0.9416072738627249,0.2,0.3,0.25,306,324,315,95.71031391793514,9.782223746203334,0.1022065788499127,,,
torus_plus1,RGA Fall 2018 torus+1,1,5,2,18,1.5,2,1.793484383000512,0.3,0.38,0.3316088069636456,10.604,0.9416072738627249,0.2,0.3,0.25,324,342,333,81.87795837039771,6.902704653947959,0.08430479693596725,,,
torus_plus1,RGA Fall 2018 torus+1,1,5,2,19,1.5,2,1.793484383000512,0.3,0.38,0.3316088069636456,10.604,0.9416072738627249,0.2,0.3,0.25,342,360,351,73.79689245458856,5.521065636078194,0.07481433773753578,,,
torus_plus1,RGA Fall 2018 torus+1,1,5,3,0,1.5,2,1.793484383000512,0.3,0.38,0.3316088069636456,10.604,0.9416072738627249,0.3,0.4,0.35,0,18,9,71.95236384520722,6.246682136437244,0.08681691333832861,,,
torus_plus1,RGA Fall 2018 torus+1,1,5,3,1,1.5,2,1.793484383000512,0.3,0.38,0.3316088069636456,10.604,0.9416072738627249,0.3,0.4,0.35,18,36,27,83.28727447411551,6.862083823542012,0.08239054365591768,,,
torus_plus1,RGA Fall 2018 torus+1,1,5,3,2,1.5,2,1.793484383000512,0.3,0.38,0.3316088069636456,10.604,0.9416072738627249,0.3,0.4,0.35,36,54,45,105.2212604314834,7.964123729675537,0.0756893017344295,,,
torus_plus1,RGA Fall 2018 torus+1,1,5,3,3,1.5,2,1.793484383000512,0.3,0.38,0.3316088069636456,10.604,0.9416072738627249,0.3,0.4,0.35,54,72,63,136.1057429758707,9.081630124435454,0.06672481209000472,,,
torus_plus1,RGA Fall 2018 torus+1,1,5,3,4,1.5,2,1.793484383000512,0.3,0.38,0.3316088069636456,10.604,0.9416072738627249,0.3,0.4,0.35,72,90,81,131.1484304129676,11.06048932400299,0.08433565913961075,,,
torus_plus1,RGA Fall 2018 torus+1,1,5,3,5,1.5,2,1.793484383000512,0.3,0.38,0.3316088069636456,10.604,0.9416072738627249,0.3,0.4,0.35,90,108,99,113.5734952436639,10.21153580092049,0.08991125771917442,,,
torus_plus1,RGA Fall 2018 torus+1,1,5,3,6,1.5,2,1.793484383000512,0.3,0.38,0.3316088069636456,10.604,0.9416072738627249,0.3,0.4,0.35,108,126,117,82.44437387098034,14.83894640020568,0.1799873745590886,,,
torus_plus1,RGA Fall 2018 torus+1,1,5,3,13,1.5,2,1.793484383000512,0.3,0.38,0.3316088069636456,10.604,0.9416072738627249,0.3,0.4,0.35,234,252,243,106.4008533600027,18.5769732930786,0.1745942133586486,,,
torus_plus1,RGA Fall 2018 torus+1,1,5,3,14,1.5,2,1.793484383000512,0.3,0.38,0.3316088069636456,10.604,0.9416072738627249,0.3,0.4,0.35,252,270,261,134.797889247912,14.76279781635815,0.1095180191524165,,,
torus_plus1,RGA Fall 2018 torus+1,1,5,3,15,1.5,2,1.793484383000512,0.3,0.38,0.3316088069636456,10.604,0.9416072738627249,0.3,0.4,0.35,270,288,279,134.6501670654337,12.3319212447726,0.09158489375493949,,,
torus_plus1,RGA Fall 2018 torus+1,1,5,3,16,1.5,2,1.793484383000512,0.3,0.38,0.3316088069636456,10.604,0.9416072738627249,0.3,0.4,0.35,288,306,297,130.9279192924816,13.37486165807239,0.1021543894560343,,,
torus_plus1,RGA Fall 2018 torus+1,1,5,3,17,1.5,2,1.793484383000512,0.3,0.38,0.3316088069636456,10.604,0.9416072738627249,0.3,0.4,0.35,306,324,315,81.40731633116003,11.15906311706373,0.1370769068429837,,,
torus_plus1,RGA Fall 2018 torus+1,1,5,3,18,1.5,2,1.793484383000512,0.3,0.38,0.3316088069636456,10.604,0.9416072738627249,0.3,0.4,0.35,324,342,333,72.54309556159922,7.499316430990421,0.1033773975722121,,,
torus_plus1,RGA Fall 2018 torus+1,1,5,3,19,1.5,2,1.793484383000512,0.3,0.38,0.3316088069636456,10.604,0.9416072738627249,0.3,0.4,0.35,342,360,351,64.04743075561838,5.416063528522328,0.08456332228513661,,,
torus_plus1,RGA Fall 2018 torus+1,1,5,4,0,1.5,2,1.793484383000512,0.3,0.38,0.3316088069636456,10.604,0.9416072738627249,0.4,0.6,0.5,0,18,9,37.16651120362181,3.962210459639028,0.1066070053745835,,,
torus_plus1,RGA Fall 2018 torus+1,1,5,4,1,1.5,2,1.793484383000512,0.3,0.38,0.3316088069636456,10.604,0.9416072738627249,0.4,0.6,0.5,18,36,27,58.47015194824246,4.887278006672317,0.08358586122708413,,,
torus_plus1,RGA Fall 2018 torus+1,1,5,4,2,1.5,2,1.793484383000512,0.3,0.38,0.3316088069636456,10.604,0.9416072738627249,0.4,0.6,0.5,36,54,45,97.82747423073506,6.278033956106547,0.06417454815708754,,,
torus_plus1,RGA Fall 2018 torus+1,1,5,4,3,1.5,2,1.793484383000512,0.3,0.38,0.3316088069636456,10.604,0.9416072738627249,0.4,0.6,0.5,54,72,63,107.1369764915379,6.347810466799037,0.05924948299526083,,,
torus_plus1,RGA Fall 2018 torus+1,1,5,4,4,1.5,2,1.793484383000512,0.3,0.38,0.3316088069636456,10.604,0.9416072738627249,0.4,0.6,0.5,72,90,81,119.8118281897543,8.100557025585911,0.06761066205213477,,,
torus_plus1,RGA Fall 2018 torus+1,1,5,4,5,1.5,2,1.793484383000512,0.3,0.38,0.3316088069636456,10.604,0.9416072738627249,0.4,0.6,0.5,90,108,99,93.55759295150101,5.894454493892124,0.06300348595915384,,,
torus_plus1,RGA Fall 2018 torus+1,1,5,4,6,1.5,2,1.793484383000512,0.3,0.38,0.3316088069636456,10.604,0.9416072738627249,0.4,0.6,0.5,108,126,117,83.47755114260167,4.678468083347921,0.05604462540301241,,,
torus_plus1,RGA Fall 2018 torus+1,1,5,4,7,1.5,2,1.793484383000512,0.3,0.38,0.3316088069636456,10.604,0.9416072738627249,0.4,0.6,0.5,126,144,135,69.53897748481349,8.228121305578933,0.1183238753744382,,,
torus_plus1,RGA Fall 2018 torus+1,1,5,4,12,1.5,2,1.793484383000512,0.3,0.38,0.3316088069636456,10.604,0.9416072738627249,0.4,0.6,0.5,216,234,225,64.59293046487537,5.743997224424382,0.0889260973776051,,,
torus_plus1,RGA Fall 2018 torus+1,1,5,4,13,1.5,2,1.793484383000512,0.3,0.38,0.3316088069636456,10.604,0.9416072738627249,0.4,0.6,0.5,234,252,243,87.56124583861524,5.713030115064175,0.06524610357410746,,,
torus_plus1,RGA Fall 2018 torus+1,1,5,4,14,1.5,2,1.793484383000512,0.3,0.38,0.3316088069636456,10.604,0.9416072738627249,0.4,0.6,0.5,252,270,261,106.4240993057833,7.447104105679595,0.06997573063110625,,,
torus_plus1,RGA Fall 2018 torus+1,1,5,4,15,1.5,2,1.793484383000512,0.3,0.38,0.3316088069636456,10.604,0.9416072738627249,0.4,0.6,0.5,270,288,279,113.983482637997,7.378122395805909,0.06472975053094555,,,
torus_plus1,RGA Fall 2018 torus+1,1,5,4,16,1.5,2,1.793484383000512,0.3,0.38,0.3316088069636456,10.604,0.9416072738627249,0.4,0.6,0.5,288,306,297,86.49603114598698,6.302175966359933,0.07286086867642742,,,
torus_plus1,RGA Fall 2018 torus+1,1,5,4,17,1.5,2,1.793484383000512,0.3,0.38,0.3316088069636456,10.604,0.9416072738627249,0.4,0.6,0.5,306,324,315,75.83417872218087,6.694593264024335,0.08827936659734963,,,
torus_plus1,RGA Fall 2018 torus+1,1,5,4,18,1.5,2,1.793484383000512,0.3,0.38,0.3316088069636456,10.604,0.9416072738627249,0.4,0.6,0.5,324,342,333,43.29292116959686,5.025721567099355,0.1160864508867733,,,
torus_plus1,RGA Fall 2018 torus+1,1,5,4,19,1.5,2,1.793484383000512,0.3,0.38,0.3316088069636456,10.604,0.9416072738627249,0.4,0.6,0.5,342,360,351,42.16618987173449,3.924457242690557,0.09307118462987479,,,
torus_plus1,RGA Fall 2018 torus+1,1,5,5,0,1.5,2,1.793484383000512,0.3,0.38,0.3316088069636456,10.604,0.9416072738627249,0.6,1,0.8,0,18,9,15.23803499468649,2.134156877345315,0.140054598777959,,,
torus_plus1,RGA Fall 2018 torus+1,1,5,5,1,1.5,2,1.793484383000512,0.3,0.38,0.3316088069636456,10.604,0.9416072738627249,0.6,1,0.8,18,36,27,27.20148163731752,3.318368582543833,0.1219921997922123,,,
torus_plus1,RGA Fall 2018 torus+1,1,5,5,2,1.5,2,1.793484383000512,0.3,0.38,0.3316088069636456,10.604,0.9416072738627249,0.6,1,0.8,36,54,45,45.27187247441222,3.770401142654618,0.08328352543371512,,,
torus_plus1,RGA Fall 2018 torus+1,1,5,5,3,1.5,2,1.793484383000512,0.3,0.38,0.3316088069636456,10.604,0.9416072738627249,0.6,1,0.8,54,72,63,63.60444540718708,3.721823947015061,0.05851515445482539,,,
torus_plus1,RGA Fall 2018 torus+1,1,5,5,4,1.5,2,1.793484383000512,0.3,0.38,0.3316088069636456,10.604,0.9416072738627249,0.6,1,0.8,72,90,81,74.07024806000746,4.033108205702828,0.05444977317256228,,,
torus_plus1,RGA Fall 2018 torus+1,1,5,5,5,1.5,2,1.793484383000512,0.3,0.38,0.3316088069636456,10.604,0.9416072738627249,0.6,1,0.8,90,108,99,57.5314056171,3.689060038979624,0.06412254314681874,,,
torus_plus1,RGA Fall 2018 torus+1,1,5,5,6,1.5,2,1.793484383000512,0.3,0.38,0.3316088069636456,10.604,0.9416072738627249,0.6,1,0.8,108,126,117,65.4455772975482,3.600481526739295,0.05501489444228924,,,
torus_plus1,RGA Fall 2018 torus+1,1,5,5,7,1.5,2,1.793484383000512,0.3,0.38,0.3316088069636456,10.604,0.9416072738627249,0.6,1,0.8,126,144,135,40.54114696938476,4.979065836495605,0.1228151201606511,,,
torus_plus1,RGA Fall 2018 torus+1,1,5,5,12,1.5,2,1.793484383000512,0.3,0.38,0.3316088069636456,10.604,0.9416072738627249,0.6,1,0.8,216,234,225,52.21100732962987,5.264614925695364,0.1008334294808306,,,
torus_plus1,RGA Fall 2018 torus+1,1,5,5,13,1.5,2,1.793484383000512,0.3,0.38,0.3316088069636456,10.604,0.9416072738627249,0.6,1,0.8,234,252,243,60.35156801513016,3.987268671767581,0.06606735836205567,,,
torus_plus1,RGA Fall 2018 torus+1,1,5,5,14,1.5,2,1.793484383000512,0.3,0.38,0.3316088069636456,10.604,0.9416072738627249,0.6,1,0.8,252,270,261,74.87815859276473,3.991527233196224,0.05330696304785884,,,
torus_plus1,RGA Fall 2018 torus+1,1,5,5,15,1.5,2,1.793484383000512,0.3,0.38,0.3316088069636456,10.604,0.9416072738627249,0.6,1,0.8,270,288,279,88.43401424607869,4.242135002382183,0.04796949497936295,,,
torus_plus1,RGA Fall 2018 torus+1,1,5,5,16,1.5,2,1.793484383000512,0.3,0.38,0.3316088069636456,10.604,0.9416072738627249,0.6,1,0.8,288,306,297,60.92260033789624,3.268573300355144,0.05365124407406431,,,
torus_plus1,RGA Fall 2018 torus+1,1,5,5,17,1.5,2,1.793484383000512,0.3,0.38,0.3316088069636456,10.604,0.9416072738627249,0.6,1,0.8,306,324,315,45.14478843887512,2.652792644370407,0.05876188007752477,,,
torus_plus1,RGA Fall 2018 torus+1,1,5,5,18,1.5,2,1.793484383000512,0.3,0.38,0.3316088069636456,10.604,0.9416072738627249,0.6,1,0.8,324,342,333,25.4629589370058,2.520952894515106,0.09900471114735049,,,
torus_plus1,RGA Fall 2018 torus+1,1,5,5,19,1.5,2,1.793484383000512,0.3,0.38,0.3316088069636456,10.604,0.9416072738627249,0.6,1,0.8,342,360,351,13.487566221475,1.760667866387592,0.1305400720542335,,,
torus_plus1,RGA Fall 2018 torus+1,1,5,6,0,1.5,2,1.793484383000512,0.3,0.38,0.3316088069636456,10.604,0.9416072738627249,1,1.5,1.25,0,18,9,7.09132484753914,1.588059840914586,0.2239440266885645,,,
torus_plus1,RGA Fall 2018 torus+1,1,5,6,1,1.5,2,1.793484383000512,0.3,0.38,0.3316088069636456,10.604,0.9416072738627249,1,1.5,1.25,18,36,27,8.420648127467333,1.487435404394774,0.1766414392192574,,,
torus_plus1,RGA Fall 2018 torus+1,1,5,6,2,1.5,2,1.793484383000512,0.3,0.38,0.3316088069636456,10.604,0.9416072738627249,1,1.5,1.25,36,54,45,13.84883359750974,1.551001710037403,0.1119951149038501,,,
torus_plus1,RGA Fall 2018 torus+1,1,5,6,3,1.5,2,1.793484383000512,0.3,0.38,0.3316088069636456,10.604,0.9416072738627249,1,1.5,1.25,54,72,63,26.67153272367414,1.683522994124682,0.06312059421430834,,,
torus_plus1,RGA Fall 2018 torus+1,1,5,6,4,1.5,2,1.793484383000512,0.3,0.38,0.3316088069636456,10.604,0.9416072738627249,1,1.5,1.25,72,90,81,38.01676502259541,2.685351027966835,0.07063596879878617,,,
torus_plus1,RGA Fall 2018 torus+1,1,5,6,5,1.5,2,1.793484383000512,0.3,0.38,0.3316088069636456,10.604,0.9416072738627249,1,1.5,1.25,90,108,99,23.14140054229509,2.654577985409443,0.1147112068933651,,,
torus_plus1,RGA Fall 2018 torus+1,1,5,6,6,1.5,2,1.793484383000512,0.3,0.38,0.3316088069636456,10.604,0.9416072738627249,1,1.5,1.25,108,126,117,36.70744923390079,5.000395433320719,0.1362229067309492,,,
torus_plus1,RGA Fall 2018 torus+1,1,5,6,13,1.5,2,1.793484383000512,0.3,0.38,0.3316088069636456,10.604,0.9416072738627249,1,1.5,1.25,234,252,243,28.32536068635919,4.358459381663792,0.1538712756361376,,,
torus_plus1,RGA Fall 2018 torus+1,1,5,6,14,1.5,2,1.793484383000512,0.3,0.38,0.3316088069636456,10.604,0.9416072738627249,1,1.5,1.25,252,270,261,33.06936725954617,3.255545007894229,0.09844594189973341,,,
torus_plus1,RGA Fall 2018 torus+1,1,5,6,15,1.5,2,1.793484383000512,0.3,0.38,0.3316088069636456,10.604,0.9416072738627249,1,1.5,1.25,270,288,279,32.80609070106407,2.069758538941564,0.06309067903889051,,,
torus_plus1,RGA Fall 2018 torus+1,1,5,6,16,1.5,2,1.793484383000512,0.3,0.38,0.3316088069636456,10.604,0.9416072738627249,1,1.5,1.25,288,306,297,26.13556190060723,1.790329590378121,0.06850166823222288,,,
torus_plus1,RGA Fall 2018 torus+1,1,5,6,17,1.5,2,1.793484383000512,0.3,0.38,0.3316088069636456,10.604,0.9416072738627249,1,1.5,1.25,306,324,315,16.3447166237984,1.323181388389642,0.08095468516493279,,,
torus_plus1,RGA Fall 2018 torus+1,1,5,6,18,1.5,2,1.793484383000512,0.3,0.38,0.3316088069636456,10.604,0.9416072738627249,1,1.5,1.25,324,342,333,9.233205200235677,1.41942604446662,0.1537305858241285,,,
torus_plus1,RGA Fall 2018 torus+1,1,5,6,19,1.5,2,1.793484383000512,0.3,0.38,0.3316088069636456,10.604,0.9416072738627249,1,1.5,1.25,342,360,351,8.041504841444652,1.678933350630815,0.2087834781840653,,,
torus_plus1,RGA Fall 2018 torus+1,1,5,7,1,1.5,2,1.793484383000512,0.3,0.38,0.3316088069636456,10.604,0.9416072738627249,1.5,2,1.75,18,36,27,2.647085360503725,1.046662124319108,0.3954017274758128,,,
torus_plus1,RGA Fall 2018 torus+1,1,5,7,2,1.5,2,1.793484383000512,0.3,0.38,0.3316088069636456,10.604,0.9416072738627249,1.5,2,1.75,36,54,45,6.453108706929485,1.228915983755809,0.1904378245536407,,,
torus_plus1,RGA Fall 2018 torus+1,1,5,7,3,1.5,2,1.793484383000512,0.3,0.38,0.3316088069636456,10.604,0.9416072738627249,1.5,2,1.75,54,72,63,12.12586706209199,1.249615708443345,0.1030537199562336,,,
torus_plus1,RGA Fall 2018 torus+1,1,5,7,4,1.5,2,1.793484383000512,0.3,0.38,0.3316088069636456,10.604,0.9416072738627249,1.5,2,1.75,72,90,81,19.2477603793582,2.954376260548847,0.1534919493136042,,,
torus_plus1,RGA Fall 2018 torus+1,1,5,7,5,1.5,2,1.793484383000512,0.3,0.38,0.3316088069636456,10.604,0.9416072738627249,1.5,2,1.75,90,108,99,7.533878095502732,4.139212789045994,0.5494132950620548,,,
torus_plus1,RGA Fall 2018 torus+1,1,5,7,14,1.5,2,1.793484383000512,0.3,0.38,0.3316088069636456,10.604,0.9416072738627249,1.5,2,1.75,252,270,261,16.00672460103427,5.111535402071929,0.3193367493648044,,,
torus_plus1,RGA Fall 2018 torus+1,1,5,7,15,1.5,2,1.793484383000512,0.3,0.38,0.3316088069636456,10.604,0.9416072738627249,1.5,2,1.75,270,288,279,13.00176088883149,1.995305585799095,0.1534642578693369,,,
torus_plus1,RGA Fall 2018 torus+1,1,5,7,16,1.5,2,1.793484383000512,0.3,0.38,0.3316088069636456,10.604,0.9416072738627249,1.5,2,1.75,288,306,297,11.15969735512508,1.472017510063619,0.1319047876677047,,,
torus_plus1,RGA Fall 2018 torus+1,1,5,7,17,1.5,2,1.793484383000512,0.3,0.38,0.3316088069636456,10.604,0.9416072738627249,1.5,2,1.75,306,324,315,6.001639321040591,1.149494713035447,0.1915301222793479,,,
torus_plus1,RGA Fall 2018 torus+1,1,5,7,18,1.5,2,1.793484383000512,0.3,0.38,0.3316088069636456,10.604,0.9416072738627249,1.5,2,1.75,324,342,333,6.273217638574649,1.694056522432855,0.270045871199483,,,
torus_plus1,RGA Fall 2018 torus+1,1,6,2,0,1.5,2,1.972916666666667,0.38,0.48,0.38375,10.604,0.9459214015756572,0.2,0.3,0.25,0,18,9,438.3471523029879,293.7400702013871,0.6701083117755773,,,
torus_plus1,RGA Fall 2018 torus+1,1,6,2,1,1.5,2,1.972916666666667,0.38,0.48,0.38375,10.604,0.9459214015756572,0.2,0.3,0.25,18,36,27,171.2802889865317,148.4723739642448,0.8668386470081194,,,
torus_plus1,RGA Fall 2018 torus+1,1,6,2,16,1.5,2,1.972916666666667,0.38,0.48,0.38375,10.604,0.9459214015756572,0.2,0.3,0.25,288,306,297,268.1096281928193,193.3549207148442,0.721178579143704,,,
torus_plus1,RGA Fall 2018 torus+1,1,6,2,17,1.5,2,1.972916666666667,0.38,0.48,0.38375,10.604,0.9459214015756572,0.2,0.3,0.25,306,324,315,489.4790003378859,451.5228191911277,0.9224559559847162,,,
torus_plus1,RGA Fall 2018 torus+1,1,6,2,18,1.5,2,1.972916666666667,0.38,0.48,0.38375,10.604,0.9459214015756572,0.2,0.3,0.25,324,342,333,138.7592902027384,117.900588162779,0.8496770774087761,,,
torus_plus1,RGA Fall 2018 torus+1,1,6,2,19,1.5,2,1.972916666666667,0.38,0.48,0.38375,10.604,0.9459214015756572,0.2,0.3,0.25,342,360,351,115.4357637217222,151.7062312611883,1.314204769562597,,,
torus_plus1,RGA Fall 2018 torus+1,1,6,3,0,1.5,2,1.972916666666667,0.38,0.48,0.38375,10.604,0.9459214015756572,0.3,0.4,0.35,0,18,9,16.56848036542752,27.02457428918872,1.631083460471084,,,
torus_plus1,RGA Fall 2018 torus+1,1,6,3,1,1.5,2,1.972916666666667,0.38,0.48,0.38375,10.604,0.9459214015756572,0.3,0.4,0.35,18,36,27,62.45064700453528,75.08147880599365,1.20225301749942,,,
torus_plus1,RGA Fall 2018 torus+1,1,6,3,2,1.5,2,1.972916666666667,0.38,0.48,0.38375,10.604,0.9459214015756572,0.3,0.4,0.35,36,54,45,547.0868140683217,448.241939437758,0.8193250648914019,,,
torus_plus1,RGA Fall 2018 torus+1,1,6,3,3,1.5,2,1.972916666666667,0.38,0.48,0.38375,10.604,0.9459214015756572,0.3,0.4,0.35,54,72,63,522.2823722859098,354.7136236506344,0.6791606274171852,,,
torus_plus1,RGA Fall 2018 torus+1,1,6,3,4,1.5,2,1.972916666666667,0.38,0.48,0.38375,10.604,0.9459214015756572,0.3,0.4,0.35,72,90,81,131.6416605787213,158.0954827235401,1.2009532698731,,,
torus_plus1,RGA Fall 2018 torus+1,1,6,3,5,1.5,2,1.972916666666667,0.38,0.48,0.38375,10.604,0.9459214015756572,0.3,0.4,0.35,90,108,99,35.7904506981765,67.36022931776834,1.882072675916325,,,
torus_plus1,RGA Fall 2018 torus+1,1,6,3,14,1.5,2,1.972916666666667,0.38,0.48,0.38375,10.604,0.9459214015756572,0.3,0.4,0.35,252,270,261,182.1675128387739,232.4785615484615,1.276180137312491,,,
torus_plus1,RGA Fall 2018 torus+1,1,6,3,15,1.5,2,1.972916666666667,0.38,0.48,0.38375,10.604,0.9459214015756572,0.3,0.4,0.35,270,288,279,273.2129242334939,234.1691245294479,0.857093877189066,,,
torus_plus1,RGA Fall 2018 torus+1,1,6,3,16,1.5,2,1.972916666666667,0.38,0.48,0.38375,10.604,0.9459214015756572,0.3,0.4,0.35,288,306,297,1101.583390520012,602.5196332806805,0.5469578049794815,,,
torus_plus1,RGA Fall 2018 torus+1,1,6,3,17,1.5,2,1.972916666666667,0.38,0.48,0.38375,10.604,0.9459214015756572,0.3,0.4,0.35,306,324,315,152.9124495690914,152.814620129573,0.9993602258037588,,,
torus_plus1,RGA Fall 2018 torus+1,1,6,3,18,1.5,2,1.972916666666667,0.38,0.48,0.38375,10.604,0.9459214015756572,0.3,0.4,0.35,324,342,333,72.08154230677171,79.76477066638053,1.1065907875127,,,
torus_plus1,RGA Fall 2018 torus+1,1,6,3,19,1.5,2,1.972916666666667,0.38,0.48,0.38375,10.604,0.9459214015756572,0.3,0.4,0.35,342,360,351,33.17923379168086,34.24301110457529,1.032061539442817,,,
torus_plus1,RGA Fall 2018 torus+1,1,6,4,0,1.5,2,1.972916666666667,0.38,0.48,0.38375,10.604,0.9459214015756572,0.4,0.6,0.5,0,18,9,54.59859682212628,50.91832871968099,0.9325940900196571,,,
torus_plus1,RGA Fall 2018 torus+1,1,6,4,1,1.5,2,1.972916666666667,0.38,0.48,0.38375,10.604,0.9459214015756572,0.4,0.6,0.5,18,36,27,68.34795739169505,53.32772312206869,0.7802387248598088,,,
torus_plus1,RGA Fall 2018 torus+1,1,6,4,2,1.5,2,1.972916666666667,0.38,0.48,0.38375,10.604,0.9459214015756572,0.4,0.6,0.5,36,54,45,57.77010532287231,47.23203628442012,0.8175861203721925,,,
torus_plus1,RGA Fall 2018 torus+1,1,6,4,3,1.5,2,1.972916666666667,0.38,0.48,0.38375,10.604,0.9459214015756572,0.4,0.6,0.5,54,72,63,44.13625367350305,35.08491867288051,0.7949228979065693,,,
torus_plus1,RGA Fall 2018 torus+1,1,6,4,4,1.5,2,1.972916666666667,0.38,0.48,0.38375,10.604,0.9459214015756572,0.4,0.6,0.5,72,90,81,167.9338808507639,87.72912488244232,0.5224027720791118,,,
torus_plus1,RGA Fall 2018 torus+1,1,6,4,5,1.5,2,1.972916666666667,0.38,0.48,0.38375,10.604,0.9459214015756572,0.4,0.6,0.5,90,108,99,189.3142308996999,77.54201062970884,0.4095941982871388,,,
torus_plus1,RGA Fall 2018 torus+1,1,6,4,6,1.5,2,1.972916666666667,0.38,0.48,0.38375,10.604,0.9459214015756572,0.4,0.6,0.5,108,126,117,291.8788670453846,145.5817443516164,0.4987745287122129,,,
torus_plus1,RGA Fall 2018 torus+1,1,6,4,13,1.5,2,1.972916666666667,0.38,0.48,0.38375,10.604,0.9459214015756572,0.4,0.6,0.5,234,252,243,95.7942706295088,90.99594318980935,0.9499100790875341,,,
torus_plus1,RGA Fall 2018 torus+1,1,6,4,14,1.5,2,1.972916666666667,0.38,0.48,0.38375,10.604,0.9459214015756572,0.4,0.6,0.5,252,270,261,259.7612198324036,147.9665697577308,0.5696253268798089,,,
torus_plus1,RGA Fall 2018 torus+1,1,6,4,15,1.5,2,1.972916666666667,0.38,0.48,0.38375,10.604,0.9459214015756572,0.4,0.6,0.5,270,288,279,135.4690697442318,129.580477277362,0.9565318306386275,,,
torus_plus1,RGA Fall 2018 torus+1,1,6,4,16,1.5,2,1.972916666666667,0.38,0.48,0.38375,10.604,0.9459214015756572,0.4,0.6,0.5,288,306,297,392.2524014099295,242.8263296124217,0.6190563237843693,,,
torus_plus1,RGA Fall 2018 torus+1,1,6,4,17,1.5,2,1.972916666666667,0.38,0.48,0.38375,10.604,0.9459214015756572,0.4,0.6,0.5,306,324,315,203.2234449545386,172.4683475016832,0.8486636349475556,,,
torus_plus1,RGA Fall 2018 torus+1,1,6,4,18,1.5,2,1.972916666666667,0.38,0.48,0.38375,10.604,0.9459214015756572,0.4,0.6,0.5,324,342,333,49.17257442666863,42.69073106165789,0.8681817366573483,,,
torus_plus1,RGA Fall 2018 torus+1,1,6,4,19,1.5,2,1.972916666666667,0.38,0.48,0.38375,10.604,0.9459214015756572,0.4,0.6,0.5,342,360,351,30.91330709583256,34.41859286179962,1.113390836997819,,,
torus_plus1,RGA Fall 2018 torus+1,1,6,5,1,1.5,2,1.972916666666667,0.38,0.48,0.38375,10.604,0.9459214015756572,0.6,1,0.8,18,36,27,9.461319872192721,17.70919891167634,1.871747192875757,,,
torus_plus1,RGA Fall 2018 torus+1,1,6,5,2,1.5,2,1.972916666666667,0.38,0.48,0.38375,10.604,0.9459214015756572,0.6,1,0.8,36,54,45,28.70820282962856,28.71610966747119,1.00027542085757,,,
torus_plus1,RGA Fall 2018 torus+1,1,6,5,3,1.5,2,1.972916666666667,0.38,0.48,0.38375,10.604,0.9459214015756572,0.6,1,0.8,54,72,63,39.34754797155564,34.88803638369679,0.8866635453095417,,,
torus_plus1,RGA Fall 2018 torus+1,1,6,5,4,1.5,2,1.972916666666667,0.38,0.48,0.38375,10.604,0.9459214015756572,0.6,1,0.8,72,90,81,33.96955565209312,28.52914931136803,0.8398446421718246,,,
torus_plus1,RGA Fall 2018 torus+1,1,6,5,5,1.5,2,1.972916666666667,0.38,0.48,0.38375,10.604,0.9459214015756572,0.6,1,0.8,90,108,99,50.38495094489035,30.75154212897715,0.6103318858564004,,,
torus_plus1,RGA Fall 2018 torus+1,1,6,5,6,1.5,2,1.972916666666667,0.38,0.48,0.38375,10.604,0.9459214015756572,0.6,1,0.8,108,126,117,26.43057702138895,28.27317168973827,1.06971450781639,,,
torus_plus1,RGA Fall 2018 torus+1,1,6,5,13,1.5,2,1.972916666666667,0.38,0.48,0.38375,10.604,0.9459214015756572,0.6,1,0.8,234,252,243,53.04770858377902,51.38761557868196,0.968705660443839,,,
torus_plus1,RGA Fall 2018 torus+1,1,6,5,14,1.5,2,1.972916666666667,0.38,0.48,0.38375,10.604,0.9459214015756572,0.6,1,0.8,252,270,261,90.187848333893,50.40636933568875,0.5589042234279117,,,
torus_plus1,RGA Fall 2018 torus+1,1,6,5,15,1.5,2,1.972916666666667,0.38,0.48,0.38375,10.604,0.9459214015756572,0.6,1,0.8,270,288,279,76.50545692189085,45.53999906585529,0.5952516447597965,,,
torus_plus1,RGA Fall 2018 torus+1,1,6,5,16,1.5,2,1.972916666666667,0.38,0.48,0.38375,10.604,0.9459214015756572,0.6,1,0.8,288,306,297,80.56169980219055,48.96975831313549,0.6078540849234162,,,
torus_plus1,RGA Fall 2018 torus+1,1,6,5,17,1.5,2,1.972916666666667,0.38,0.48,0.38375,10.604,0.9459214015756572,0.6,1,0.8,306,324,315,7.53790029646812,9.496777502543885,1.259870405422263,,,
torus_plus1,RGA Fall 2018 torus+1,1,6,5,18,1.5,2,1.972916666666667,0.38,0.48,0.38375,10.604,0.9459214015756572,0.6,1,0.8,324,342,333,33.23562356822604,45.7691080797765,1.377109955100489,,,
torus_plus1,RGA Fall 2018 torus+1,1,6,5,19,1.5,2,1.972916666666667,0.38,0.48,0.38375,10.604,0.9459214015756572,0.6,1,0.8,342,360,351,20.4945943086513,21.23355155129386,1.03605620250461,,,
torus_plus1,RGA Fall 2018 torus+1,1,6,6,0,1.5,2,1.972916666666667,0.38,0.48,0.38375,10.604,0.9459214015756572,1,1.5,1.25,0,18,9,11.72786874891066,14.38679615481339,1.226718721263802,,,
torus_plus1,RGA Fall 2018 torus+1,1,6,6,2,1.5,2,1.972916666666667,0.38,0.48,0.38375,10.604,0.9459214015756572,1,1.5,1.25,36,54,45,9.400285169433079,18.24996835375612,1.941427097669288,,,
torus_plus1,RGA Fall 2018 torus+1,1,6,6,3,1.5,2,1.972916666666667,0.38,0.48,0.38375,10.604,0.9459214015756572,1,1.5,1.25,54,72,63,36.44108984190036,33.9639021276022,0.9320221287276137,,,
torus_plus1,RGA Fall 2018 torus+1,1,6,6,4,1.5,2,1.972916666666667,0.38,0.48,0.38375,10.604,0.9459214015756572,1,1.5,1.25,72,90,81,8.2680950671628,12.52150869361668,1.51443695215196,,,
torus_plus1,RGA Fall 2018 torus+1,1,6,6,15,1.5,2,1.972916666666667,0.38,0.48,0.38375,10.604,0.9459214015756572,1,1.5,1.25,270,288,279,65.76024058404775,51.12084157106701,0.7773822163215748,,,
torus_plus1,RGA Fall 2018 torus+1,1,6,6,16,1.5,2,1.972916666666667,0.38,0.48,0.38375,10.604,0.9459214015756572,1,1.5,1.25,288,306,297,12.24083688596632,14.12675041426979,1.154067368585363,,,
torus_plus1,RGA Fall 2018 torus+1,1,6,6,17,1.5,2,1.972916666666667,0.38,0.48,0.38375,10.604,0.9459214015756572,1,1.5,1.25,306,324,315,22.58836482219744,22.00348494776015,0.9741070290372446,,,
torus_plus1,RGA Fall 2018 torus+1,1,6,6,18,1.5,2,1.972916666666667,0.38,0.48,0.38375,10.604,0.9459214015756572,1,1.5,1.25,324,342,333,22.47449346259512,16.75653684944118,0.7455801785846484,,,
torus_plus1,RGA Fall 2018 torus+1,1,6,6,19,1.5,2,1.972916666666667,0.38,0.48,0.38375,10.604,0.9459214015756572,1,1.5,1.25,342,360,351,8.824424157464797,18.8752430550854,2.138977310957834,,,
torus_plus1,RGA Fall 2018 torus+1,1,6,7,4,1.5,2,1.972916666666667,0.38,0.48,0.38375,10.604,0.9459214015756572,1.5,2,1.75,72,90,81,25.32651010789859,27.79560590479388,1.097490565671156,,,
torus_plus1,RGA Fall 2018 torus+1,1,6,7,15,1.5,2,1.972916666666667,0.38,0.48,0.38375,10.604,0.9459214015756572,1.5,2,1.75,270,288,279,22.40376779465897,31.06448829305054,1.386574284190549,,,
torus_plus1,RGA Fall 2018 torus+1,1,6,7,17,1.5,2,1.972916666666667,0.38,0.48,0.38375,10.604,0.9459214015756572,1.5,2,1.75,306,324,315,33.39986233469639,27.57053239981093,0.8254684442567343,,,
torus_plus1,RGA Fall 2018 torus+1,2,1,0,0,2,2.5,2.141164154103853,0.1,0.15,0.141285594639866,10.604,0.4382118372248699,0.09,0.15,0.12,0,18,9,3.737903733510724,8.444700215055983,2.25920751766513,,,
torus_plus1,RGA Fall 2018 torus+1,2,1,0,1,2,2.5,2.141164154103853,0.1,0.15,0.141285594639866,10.604,0.4382118372248699,0.09,0.15,0.12,18,36,27,5.369873995439516,5.5168728681258,1.027374734083356,,,
torus_plus1,RGA Fall 2018 torus+1,2,1,0,2,2,2.5,2.141164154103853,0.1,0.15,0.141285594639866,10.604,0.4382118372248699,0.09,0.15,0.12,36,54,45,6.166530998551289,7.445384578783262,1.207386224204892,,,
torus_plus1,RGA Fall 2018 torus+1,2,1,0,3,2,2.5,2.141164154103853,0.1,0.15,0.141285594639866,10.604,0.4382118372248699,0.09,0.15,0.12,54,72,63,0.9124593521671314,6.952316810100324,7.619316732946256,,,
torus_plus1,RGA Fall 2018 torus+1,2,1,0,16,2,2.5,2.141164154103853,0.1,0.15,0.141285594639866,10.604,0.4382118372248699,0.09,0.15,0.12,288,306,297,15.96136540568265,12.69073402545649,0.7950907521319115,,,
torus_plus1,RGA Fall 2018 torus+1,2,1,0,17,2,2.5,2.141164154103853,0.1,0.15,0.141285594639866,10.604,0.4382118372248699,0.09,0.15,0.12,306,324,315,3.356757327631218,4.606604618682884,1.372337696491648,,,
torus_plus1,RGA Fall 2018 torus+1,2,1,0,18,2,2.5,2.141164154103853,0.1,0.15,0.141285594639866,10.604,0.4382118372248699,0.09,0.15,0.12,324,342,333,9.749068941696185,6.516227863321212,0.6683948900444938,,,
torus_plus1,RGA Fall 2018 torus+1,2,1,0,19,2,2.5,2.141164154103853,0.1,0.15,0.141285594639866,10.604,0.4382118372248699,0.09,0.15,0.12,342,360,351,4.011563915487749,6.650596752960748,1.65785636052919,,,
torus_plus1,RGA Fall 2018 torus+1,2,1,1,0,2,2.5,2.141164154103853,0.1,0.15,0.141285594639866,10.604,0.4382118372248699,0.15,0.2,0.175,0,18,9,1.505855171958037,5.102273746432339,3.388289817936437,,,
torus_plus1,RGA Fall 2018 torus+1,2,1,1,1,2,2.5,2.141164154103853,0.1,0.15,0.141285594639866,10.604,0.4382118372248699,0.15,0.2,0.175,18,36,27,28.22434204561763,10.21546413682317,0.3619380788509582,,,
torus_plus1,RGA Fall 2018 torus+1,2,1,1,2,2,2.5,2.141164154103853,0.1,0.15,0.141285594639866,10.604,0.4382118372248699,0.15,0.2,0.175,36,54,45,11.3337325509608,5.345613098421999,0.471655129886476,,,
torus_plus1,RGA Fall 2018 torus+1,2,1,1,3,2,2.5,2.141164154103853,0.1,0.15,0.141285594639866,10.604,0.4382118372248699,0.15,0.2,0.175,54,72,63,27.68633558782579,22.79753464078513,0.8234218850836166,,,
torus_plus1,RGA Fall 2018 torus+1,2,1,1,4,2,2.5,2.141164154103853,0.1,0.15,0.141285594639866,10.604,0.4382118372248699,0.15,0.2,0.175,72,90,81,13.46074817418737,12.66266996798605,0.9407107096965279,,,
torus_plus1,RGA Fall 2018 torus+1,2,1,1,6,2,2.5,2.141164154103853,0.1,0.15,0.141285594639866,10.604,0.4382118372248699,0.15,0.2,0.175,108,126,117,8.423106921349174,10.35765978917678,1.229672125249211,,,
torus_plus1,RGA Fall 2018 torus+1,2,1,1,7,2,2.5,2.141164154103853,0.1,0.15,0.141285594639866,10.604,0.4382118372248699,0.15,0.2,0.175,126,144,135,2.302616254322259,3.406528509394957,1.479416512847304,,,
torus_plus1,RGA Fall 2018 torus+1,2,1,1,8,2,2.5,2.141164154103853,0.1,0.15,0.141285594639866,10.604,0.4382118372248699,0.15,0.2,0.175,144,162,153,0.6947435404846997,3.287524799765258,4.731997648328851,,,
torus_plus1,RGA Fall 2018 torus+1,2,1,1,9,2,2.5,2.141164154103853,0.1,0.15,0.141285594639866,10.604,0.4382118372248699,0.15,0.2,0.175,162,180,171,5.153266471753676,7.378305475238999,1.431772549640371,,,
torus_plus1,RGA Fall 2018 torus+1,2,1,1,11,2,2.5,2.141164154103853,0.1,0.15,0.141285594639866,10.604,0.4382118372248699,0.15,0.2,0.175,198,216,207,9.886889192104201,7.586378038398991,0.7673169882856149,,,
torus_plus1,RGA Fall 2018 torus+1,2,1,1,12,2,2.5,2.141164154103853,0.1,0.15,0.141285594639866,10.604,0.4382118372248699,0.15,0.2,0.175,216,234,225,15.17687977027843,10.44849526416835,0.6884481805430197,,,
torus_plus1,RGA Fall 2018 torus+1,2,1,1,16,2,2.5,2.141164154103853,0.1,0.15,0.141285594639866,10.604,0.4382118372248699,0.15,0.2,0.175,288,306,297,26.0653985904917,24.22719349983542,0.9294771923677074,,,
torus_plus1,RGA Fall 2018 torus+1,2,1,1,17,2,2.5,2.141164154103853,0.1,0.15,0.141285594639866,10.604,0.4382118372248699,0.15,0.2,0.175,306,324,315,12.88799053966749,5.469000027300976,0.4243485445204305,,,
torus_plus1,RGA Fall 2018 torus+1,2,1,1,18,2,2.5,2.141164154103853,0.1,0.15,0.141285594639866,10.604,0.4382118372248699,0.15,0.2,0.175,324,342,333,15.47311121092924,8.102149526654529,0.5236276929834045,,,
torus_plus1,RGA Fall 2018 torus+1,2,1,1,19,2,2.5,2.141164154103853,0.1,0.15,0.141285594639866,10.604,0.4382118372248699,0.15,0.2,0.175,342,360,351,7.550853775797131,4.705435351599565,0.6231660010000419,,,
torus_plus1,RGA Fall 2018 torus+1,2,1,2,0,2,2.5,2.141164154103853,0.1,0.15,0.141285594639866,10.604,0.4382118372248699,0.2,0.3,0.25,0,18,9,11.40352488701939,11.23621323830569,0.9853280761544053,,,
torus_plus1,RGA Fall 2018 torus+1,2,1,2,1,2,2.5,2.141164154103853,0.1,0.15,0.141285594639866,10.604,0.4382118372248699,0.2,0.3,0.25,18,36,27,4.058785422540876,2.963462507339814,0.7301352988216437,,,
torus_plus1,RGA Fall 2018 torus+1,2,1,2,2,2,2.5,2.141164154103853,0.1,0.15,0.141285594639866,10.604,0.4382118372248699,0.2,0.3,0.25,36,54,45,8.056412776917261,2.938981345790196,0.3648002438766277,,,
torus_plus1,RGA Fall 2018 torus+1,2,1,2,3,2,2.5,2.141164154103853,0.1,0.15,0.141285594639866,10.604,0.4382118372248699,0.2,0.3,0.25,54,72,63,14.04545004253025,9.54196585538844,0.6793634825865275,,,
torus_plus1,RGA Fall 2018 torus+1,2,1,2,4,2,2.5,2.141164154103853,0.1,0.15,0.141285594639866,10.604,0.4382118372248699,0.2,0.3,0.25,72,90,81,5.764965171167111,6.602083345498082,1.145207845923811,,,
torus_plus1,RGA Fall 2018 torus+1,2,1,2,5,2,2.5,2.141164154103853,0.1,0.15,0.141285594639866,10.604,0.4382118372248699,0.2,0.3,0.25,90,108,99,3.599657083666073,5.380417426656033,1.494702773514288,,,
torus_plus1,RGA Fall 2018 torus+1,2,1,2,6,2,2.5,2.141164154103853,0.1,0.15,0.141285594639866,10.604,0.4382118372248699,0.2,0.3,0.25,108,126,117,10.05636003874994,6.270976860391418,0.6235831688829367,,,
torus_plus1,RGA Fall 2018 torus+1,2,1,2,7,2,2.5,2.141164154103853,0.1,0.15,0.141285594639866,10.604,0.4382118372248699,0.2,0.3,0.25,126,144,135,7.199430071715411,4.340640011036041,0.6029143929169097,,,
torus_plus1,RGA Fall 2018 torus+1,2,1,2,8,2,2.5,2.141164154103853,0.1,0.15,0.141285594639866,10.604,0.4382118372248699,0.2,0.3,0.25,144,162,153,10.84662162575865,5.114297240606128,0.4715106156612536,,,
torus_plus1,RGA Fall 2018 torus+1,2,1,2,9,2,2.5,2.141164154103853,0.1,0.15,0.141285594639866,10.604,0.4382118372248699,0.2,0.3,0.25,162,180,171,9.139976065407282,4.242976654167981,0.4642218561410326,,,
torus_plus1,RGA Fall 2018 torus+1,2,1,2,10,2,2.5,2.141164154103853,0.1,0.15,0.141285594639866,10.604,0.4382118372248699,0.2,0.3,0.25,180,198,189,4.274581886884554,3.701262477348309,0.8658770788096662,,,
torus_plus1,RGA Fall 2018 torus+1,2,1,2,11,2,2.5,2.141164154103853,0.1,0.15,0.141285594639866,10.604,0.4382118372248699,0.2,0.3,0.25,198,216,207,3.738846905424744,5.648229892720027,1.510687662692188,,,
torus_plus1,RGA Fall 2018 torus+1,2,1,2,13,2,2.5,2.141164154103853,0.1,0.15,0.141285594639866,10.604,0.4382118372248699,0.2,0.3,0.25,234,252,243,25.82039753105018,15.67974013950151,0.6072617635203301,,,
torus_plus1,RGA Fall 2018 torus+1,2,1,2,14,2,2.5,2.141164154103853,0.1,0.15,0.141285594639866,10.604,0.4382118372248699,0.2,0.3,0.25,252,270,261,9.534364511983609,6.713855282323061,0.704174386649945,,,
torus_plus1,RGA Fall 2018 torus+1,2,1,2,15,2,2.5,2.141164154103853,0.1,0.15,0.141285594639866,10.604,0.4382118372248699,0.2,0.3,0.25,270,288,279,2.896700740143731,4.750460971471041,1.6399557281279,,,
torus_plus1,RGA Fall 2018 torus+1,2,1,2,16,2,2.5,2.141164154103853,0.1,0.15,0.141285594639866,10.604,0.4382118372248699,0.2,0.3,0.25,288,306,297,16.18396780601109,8.104429571598065,0.5007690121941479,,,
torus_plus1,RGA Fall 2018 torus+1,2,1,2,17,2,2.5,2.141164154103853,0.1,0.15,0.141285594639866,10.604,0.4382118372248699,0.2,0.3,0.25,306,324,315,6.464182540783238,2.915172296747972,0.4509730779345771,,,
torus_plus1,RGA Fall 2018 torus+1,2,1,2,18,2,2.5,2.141164154103853,0.1,0.15,0.141285594639866,10.604,0.4382118372248699,0.2,0.3,0.25,324,342,333,11.14550280738957,4.136917176484209,0.3711736695935686,,,
torus_plus1,RGA Fall 2018 torus+1,2,1,2,19,2,2.5,2.141164154103853,0.1,0.15,0.141285594639866,10.604,0.4382118372248699,0.2,0.3,0.25,342,360,351,14.74521117893141,11.04164123118485,0.7488289653634542,,,
torus_plus1,RGA Fall 2018 torus+1,2,1,3,1,2,2.5,2.141164154103853,0.1,0.15,0.141285594639866,10.604,0.4382118372248699,0.3,0.4,0.35,18,36,27,5.470184701842816,4.480646455513313,0.8191033209543832,,,
torus_plus1,RGA Fall 2018 torus+1,2,1,3,2,2,2.5,2.141164154103853,0.1,0.15,0.141285594639866,10.604,0.4382118372248699,0.3,0.4,0.35,36,54,45,8.560356878854346,3.292983278395518,0.3846782704269948,,,
torus_plus1,RGA Fall 2018 torus+1,2,1,3,3,2,2.5,2.141164154103853,0.1,0.15,0.141285594639866,10.604,0.4382118372248699,0.3,0.4,0.35,54,72,63,24.08970269161353,15.24124423269856,0.6326871040216105,,,
torus_plus1,RGA Fall 2018 torus+1,2,1,3,5,2,2.5,2.141164154103853,0.1,0.15,0.141285594639866,10.604,0.4382118372248699,0.3,0.4,0.35,90,108,99,0.8511170766080305,4.878770320889777,5.732196492089212,,,
torus_plus1,RGA Fall 2018 torus+1,2,1,3,6,2,2.5,2.141164154103853,0.1,0.15,0.141285594639866,10.604,0.4382118372248699,0.3,0.4,0.35,108,126,117,17.83859972668983,12.99851638898213,0.7286735835848124,,,
torus_plus1,RGA Fall 2018 torus+1,2,1,3,7,2,2.5,2.141164154103853,0.1,0.15,0.141285594639866,10.604,0.4382118372248699,0.3,0.4,0.35,126,144,135,3.817704893384949,2.609106184680284,0.6834226996437467,,,
torus_plus1,RGA Fall 2018 torus+1,2,1,3,8,2,2.5,2.141164154103853,0.1,0.15,0.141285594639866,10.604,0.4382118372248699,0.3,0.4,0.35,144,162,153,5.680225755676023,3.552085918278821,0.6253423844517735,,,
torus_plus1,RGA Fall 2018 torus+1,2,1,3,9,2,2.5,2.141164154103853,0.1,0.15,0.141285594639866,10.604,0.4382118372248699,0.3,0.4,0.35,162,180,171,0.3934950672125384,0.627956905324439,1.595844414957458,,,
torus_plus1,RGA Fall 2018 torus+1,2,1,3,11,2,2.5,2.141164154103853,0.1,0.15,0.141285594639866,10.604,0.4382118372248699,0.3,0.4,0.35,198,216,207,3.786851862407191,5.739161199910073,1.515549434844239,,,
torus_plus1,RGA Fall 2018 torus+1,2,1,3,12,2,2.5,2.141164154103853,0.1,0.15,0.141285594639866,10.604,0.4382118372248699,0.3,0.4,0.35,216,234,225,10.17989941566907,8.651102514562885,0.8498220032750975,,,
torus_plus1,RGA Fall 2018 torus+1,2,1,3,13,2,2.5,2.141164154103853,0.1,0.15,0.141285594639866,10.604,0.4382118372248699,0.3,0.4,0.35,234,252,243,13.49463987413234,9.771603548626361,0.7241099903197411,,,
torus_plus1,RGA Fall 2018 torus+1,2,1,3,14,2,2.5,2.141164154103853,0.1,0.15,0.141285594639866,10.604,0.4382118372248699,0.3,0.4,0.35,252,270,261,4.323531038071077,5.659046558548853,1.30889463004147,,,
torus_plus1,RGA Fall 2018 torus+1,2,1,3,15,2,2.5,2.141164154103853,0.1,0.15,0.141285594639866,10.604,0.4382118372248699,0.3,0.4,0.35,270,288,279,1.959970165619126,3.321099170412683,1.694464144745589,,,
torus_plus1,RGA Fall 2018 torus+1,2,1,3,16,2,2.5,2.141164154103853,0.1,0.15,0.141285594639866,10.604,0.4382118372248699,0.3,0.4,0.35,288,306,297,1.541979938606539,2.579977043299478,1.673158631123929,,,
torus_plus1,RGA Fall 2018 torus+1,2,1,3,17,2,2.5,2.141164154103853,0.1,0.15,0.141285594639866,10.604,0.4382118372248699,0.3,0.4,0.35,306,324,315,4.924321941939484,2.504639310777593,0.5086262312474071,,,
torus_plus1,RGA Fall 2018 torus+1,2,1,3,18,2,2.5,2.141164154103853,0.1,0.15,0.141285594639866,10.604,0.4382118372248699,0.3,0.4,0.35,324,342,333,7.422645639635864,4.680468598877694,0.630566084669954,,,
torus_plus1,RGA Fall 2018 torus+1,2,1,4,1,2,2.5,2.141164154103853,0.1,0.15,0.141285594639866,10.604,0.4382118372248699,0.4,0.6,0.5,18,36,27,4.147518699691551,2.297643548258228,0.553980274622777,,,
torus_plus1,RGA Fall 2018 torus+1,2,1,4,2,2,2.5,2.141164154103853,0.1,0.15,0.141285594639866,10.604,0.4382118372248699,0.4,0.6,0.5,36,54,45,4.02240588232223,1.688863949511908,0.4198641308014613,,,
torus_plus1,RGA Fall 2018 torus+1,2,1,4,3,2,2.5,2.141164154103853,0.1,0.15,0.141285594639866,10.604,0.4382118372248699,0.4,0.6,0.5,54,72,63,5.294468526889601,4.848733200287653,0.9158111292307919,,,
torus_plus1,RGA Fall 2018 torus+1,2,1,4,5,2,2.5,2.141164154103853,0.1,0.15,0.141285594639866,10.604,0.4382118372248699,0.4,0.6,0.5,90,108,99,5.378309688211949,3.983404863400314,0.7406425241988288,,,
torus_plus1,RGA Fall 2018 torus+1,2,1,4,6,2,2.5,2.141164154103853,0.1,0.15,0.141285594639866,10.604,0.4382118372248699,0.4,0.6,0.5,108,126,117,8.116011366150275,3.250619890075373,0.4005193861153084,,,
torus_plus1,RGA Fall 2018 torus+1,2,1,4,7,2,2.5,2.141164154103853,0.1,0.15,0.141285594639866,10.604,0.4382118372248699,0.4,0.6,0.5,126,144,135,2.210745738738046,1.32679372362905,0.6001566351028772,,,
torus_plus1,RGA Fall 2018 torus+1,2,1,4,8,2,2.5,2.141164154103853,0.1,0.15,0.141285594639866,10.604,0.4382118372248699,0.4,0.6,0.5,144,162,153,3.450245866574314,1.447105783419151,0.4194210613911861,,,
torus_plus1,RGA Fall 2018 torus+1,2,1,4,9,2,2.5,2.141164154103853,0.1,0.15,0.141285594639866,10.604,0.4382118372248699,0.4,0.6,0.5,162,180,171,1.18525822394007,0.7602374220413785,0.6414107969773667,,,
torus_plus1,RGA Fall 2018 torus+1,2,1,4,10,2,2.5,2.141164154103853,0.1,0.15,0.141285594639866,10.604,0.4382118372248699,0.4,0.6,0.5,180,198,189,1.044382402091871,1.077490578215507,1.031701200687909,,,
torus_plus1,RGA Fall 2018 torus+1,2,1,4,11,2,2.5,2.141164154103853,0.1,0.15,0.141285594639866,10.604,0.4382118372248699,0.4,0.6,0.5,198,216,207,3.832283983477158,2.558431560466409,0.6675996798507243,,,
torus_plus1,RGA Fall 2018 torus+1,2,1,4,12,2,2.5,2.141164154103853,0.1,0.15,0.141285594639866,10.604,0.4382118372248699,0.4,0.6,0.5,216,234,225,1.400784600302313,2.227766818558524,1.59037072371993,,,
torus_plus1,RGA Fall 2018 torus+1,2,1,4,13,2,2.5,2.141164154103853,0.1,0.15,0.141285594639866,10.604,0.4382118372248699,0.4,0.6,0.5,234,252,243,4.843301002062599,3.447337123332102,0.7117742882104574,,,
torus_plus1,RGA Fall 2018 torus+1,2,1,4,14,2,2.5,2.141164154103853,0.1,0.15,0.141285594639866,10.604,0.4382118372248699,0.4,0.6,0.5,252,270,261,4.30309559114405,1.923987619101537,0.4471170993879811,,,
torus_plus1,RGA Fall 2018 torus+1,2,1,4,15,2,2.5,2.141164154103853,0.1,0.15,0.141285594639866,10.604,0.4382118372248699,0.4,0.6,0.5,270,288,279,2.242418780765588,1.47523885810964,0.6578783904075115,,,
torus_plus1,RGA Fall 2018 torus+1,2,1,4,16,2,2.5,2.141164154103853,0.1,0.15,0.141285594639866,10.604,0.4382118372248699,0.4,0.6,0.5,288,306,297,6.05683264203026,4.757978879098278,0.7855556130247303,,,
torus_plus1,RGA Fall 2018 torus+1,2,1,4,17,2,2.5,2.141164154103853,0.1,0.15,0.141285594639866,10.604,0.4382118372248699,0.4,0.6,0.5,306,324,315,1.617916179139674,0.9628031044718631,0.59508837162617,,,
torus_plus1,RGA Fall 2018 torus+1,2,1,4,18,2,2.5,2.141164154103853,0.1,0.15,0.141285594639866,10.604,0.4382118372248699,0.4,0.6,0.5,324,342,333,8.398325561487578,4.8444202531838,0.5768316812340527,,,
torus_plus1,RGA Fall 2018 torus+1,2,1,5,1,2,2.5,2.141164154103853,0.1,0.15,0.141285594639866,10.604,0.4382118372248699,0.6,1,0.8,18,36,27,0.5910284448294795,0.5444352324120377,0.9211658714143875,,,
torus_plus1,RGA Fall 2018 torus+1,2,1,5,2,2,2.5,2.141164154103853,0.1,0.15,0.141285594639866,10.604,0.4382118372248699,0.6,1,0.8,36,54,45,2.748153543652736,1.114734463746576,0.4056303427154639,,,
torus_plus1,RGA Fall 2018 torus+1,2,1,5,3,2,2.5,2.141164154103853,0.1,0.15,0.141285594639866,10.604,0.4382118372248699,0.6,1,0.8,54,72,63,1.764977321754085,1.350772941165971,0.7653202817493059,,,
torus_plus1,RGA Fall 2018 torus+1,2,1,5,4,2,2.5,2.141164154103853,0.1,0.15,0.141285594639866,10.604,0.4382118372248699,0.6,1,0.8,72,90,81,2.703921000776593,1.784330012419407,0.6599046391913556,,,
torus_plus1,RGA Fall 2018 torus+1,2,1,5,5,2,2.5,2.141164154103853,0.1,0.15,0.141285594639866,10.604,0.4382118372248699,0.6,1,0.8,90,108,99,0.5079842751301485,0.6995994685936698,1.377206938963669,,,
torus_plus1,RGA Fall 2018 torus+1,2,1,5,6,2,2.5,2.141164154103853,0.1,0.15,0.141285594639866,10.604,0.4382118372248699,0.6,1,0.8,108,126,117,1.658017221533224,0.9997825908741531,0.6029989181593788,,,
torus_plus1,RGA Fall 2018 torus+1,2,1,5,7,2,2.5,2.141164154103853,0.1,0.15,0.141285594639866,10.604,0.4382118372248699,0.6,1,0.8,126,144,135,0.799932939516469,0.492668000172397,0.6158866272842787,,,
torus_plus1,RGA Fall 2018 torus+1,2,1,5,8,2,2.5,2.141164154103853,0.1,0.15,0.141285594639866,10.604,0.4382118372248699,0.6,1,0.8,144,162,153,1.846334308155662,0.7283751287689951,0.3944979658080354,,,
torus_plus1,RGA Fall 2018 torus+1,2,1,5,9,2,2.5,2.141164154103853,0.1,0.15,0.141285594639866,10.604,0.4382118372248699,0.6,1,0.8,162,180,171,1.384422598515649,0.6735765348446909,0.4865396848959897,,,
torus_plus1,RGA Fall 2018 torus+1,2,1,5,10,2,2.5,2.141164154103853,0.1,0.15,0.141285594639866,10.604,0.4382118372248699,0.6,1,0.8,180,198,189,1.038816365853376,0.7343377083101831,0.7068984783532292,,,
torus_plus1,RGA Fall 2018 torus+1,2,1,5,11,2,2.5,2.141164154103853,0.1,0.15,0.141285594639866,10.604,0.4382118372248699,0.6,1,0.8,198,216,207,2.168166375852102,1.228374689181348,0.5665500133487632,,,
torus_plus1,RGA Fall 2018 torus+1,2,1,5,12,2,2.5,2.141164154103853,0.1,0.15,0.141285594639866,10.604,0.4382118372248699,0.6,1,0.8,216,234,225,1.861875196712924,1.719739846558674,0.9236601086876365,,,
torus_plus1,RGA Fall 2018 torus+1,2,1,5,13,2,2.5,2.141164154103853,0.1,0.15,0.141285594639866,10.604,0.4382118372248699,0.6,1,0.8,234,252,243,2.800606547004988,1.334072683387749,0.4763513406816916,,,
torus_plus1,RGA Fall 2018 torus+1,2,1,5,14,2,2.5,2.141164154103853,0.1,0.15,0.141285594639866,10.604,0.4382118372248699,0.6,1,0.8,252,270,261,1.577490009204197,0.8548342038834498,0.5418951618683732,,,
torus_plus1,RGA Fall 2018 torus+1,2,1,5,15,2,2.5,2.141164154103853,0.1,0.15,0.141285594639866,10.604,0.4382118372248699,0.6,1,0.8,270,288,279,2.379765025035293,1.326729451698728,0.5575043912913425,,,
torus_plus1,RGA Fall 2018 torus+1,2,1,5,16,2,2.5,2.141164154103853,0.1,0.15,0.141285594639866,10.604,0.4382118372248699,0.6,1,0.8,288,306,297,1.881333070759241,1.572175040394415,0.8356707617752872,,,
torus_plus1,RGA Fall 2018 torus+1,2,1,5,17,2,2.5,2.141164154103853,0.1,0.15,0.141285594639866,10.604,0.4382118372248699,0.6,1,0.8,306,324,315,0.5879601627060285,0.4536330702432986,0.7715370853622078,,,
torus_plus1,RGA Fall 2018 torus+1,2,1,5,18,2,2.5,2.141164154103853,0.1,0.15,0.141285594639866,10.604,0.4382118372248699,0.6,1,0.8,324,342,333,1.252496765409048,0.666147813997121,0.5318559156354916,,,
torus_plus1,RGA Fall 2018 torus+1,2,1,6,1,2,2.5,2.141164154103853,0.1,0.15,0.141285594639866,10.604,0.4382118372248699,1,1.5,1.25,18,36,27,1.167271614504104,0.7460248237566854,0.6391184489426841,,,
torus_plus1,RGA Fall 2018 torus+1,2,1,6,3,2,2.5,2.141164154103853,0.1,0.15,0.141285594639866,10.604,0.4382118372248699,1,1.5,1.25,54,72,63,1.446208832619698,1.530389284762703,1.058207673915612,,,
torus_plus1,RGA Fall 2018 torus+1,2,1,6,4,2,2.5,2.141164154103853,0.1,0.15,0.141285594639866,10.604,0.4382118372248699,1,1.5,1.25,72,90,81,1.079864648218531,0.8303927614515613,0.7689785593235899,,,
torus_plus1,RGA Fall 2018 torus+1,2,1,6,5,2,2.5,2.141164154103853,0.1,0.15,0.141285594639866,10.604,0.4382118372248699,1,1.5,1.25,90,108,99,1.015307067345802,0.7812252308669025,0.7694472499922295,,,
torus_plus1,RGA Fall 2018 torus+1,2,1,6,6,2,2.5,2.141164154103853,0.1,0.15,0.141285594639866,10.604,0.4382118372248699,1,1.5,1.25,108,126,117,1.086227684006463,0.9480574247677408,0.8727980686985507,,,
torus_plus1,RGA Fall 2018 torus+1,2,1,6,7,2,2.5,2.141164154103853,0.1,0.15,0.141285594639866,10.604,0.4382118372248699,1,1.5,1.25,126,144,135,1.272785964556469,0.8508928694104475,0.6685278539404388,,,
torus_plus1,RGA Fall 2018 torus+1,2,1,6,8,2,2.5,2.141164154103853,0.1,0.15,0.141285594639866,10.604,0.4382118372248699,1,1.5,1.25,144,162,153,0.7328827894429853,0.544531044204565,0.7429988151562765,,,
torus_plus1,RGA Fall 2018 torus+1,2,1,6,9,2,2.5,2.141164154103853,0.1,0.15,0.141285594639866,10.604,0.4382118372248699,1,1.5,1.25,162,180,171,0.5304818777031831,0.3327399058962863,0.6272408538005929,,,
torus_plus1,RGA Fall 2018 torus+1,2,1,6,10,2,2.5,2.141164154103853,0.1,0.15,0.141285594639866,10.604,0.4382118372248699,1,1.5,1.25,180,198,189,0.9227608573399805,0.8341168080903154,0.9039360539141235,,,
torus_plus1,RGA Fall 2018 torus+1,2,1,6,11,2,2.5,2.141164154103853,0.1,0.15,0.141285594639866,10.604,0.4382118372248699,1,1.5,1.25,198,216,207,1.056454867749029,1.023593394354624,0.9688945790325881,,,
torus_plus1,RGA Fall 2018 torus+1,2,1,6,12,2,2.5,2.141164154103853,0.1,0.15,0.141285594639866,10.604,0.4382118372248699,1,1.5,1.25,216,234,225,1.434798275178303,0.9278129661311986,0.6466504610314637,,,
torus_plus1,RGA Fall 2018 torus+1,2,1,6,13,2,2.5,2.141164154103853,0.1,0.15,0.141285594639866,10.604,0.4382118372248699,1,1.5,1.25,234,252,243,1.65155085112847,1.099358286631201,0.6656520965612609,,,
torus_plus1,RGA Fall 2018 torus+1,2,1,6,14,2,2.5,2.141164154103853,0.1,0.15,0.141285594639866,10.604,0.4382118372248699,1,1.5,1.25,252,270,261,1.072840743554179,0.8173491334436738,0.7618550454524167,,,
torus_plus1,RGA Fall 2018 torus+1,2,1,6,15,2,2.5,2.141164154103853,0.1,0.15,0.141285594639866,10.604,0.4382118372248699,1,1.5,1.25,270,288,279,2.401367897553902,1.319111490262965,0.5493167005383255,,,
torus_plus1,RGA Fall 2018 torus+1,2,1,6,17,2,2.5,2.141164154103853,0.1,0.15,0.141285594639866,10.604,0.4382118372248699,1,1.5,1.25,306,324,315,2.00866945867054,1.586809840695705,0.7899805684036996,,,
torus_plus1,RGA Fall 2018 torus+1,2,1,6,18,2,2.5,2.141164154103853,0.1,0.15,0.141285594639866,10.604,0.4382118372248699,1,1.5,1.25,324,342,333,1.110444244545069,0.7118432090292643,0.6410436296339176,,,
torus_plus1,RGA Fall 2018 torus+1,2,1,7,0,2,2.5,2.141164154103853,0.1,0.15,0.141285594639866,10.604,0.4382118372248699,1.5,2,1.75,0,18,9,0.4194700669919354,0.6165044903357275,1.469722249210169,,,
torus_plus1,RGA Fall 2018 torus+1,2,1,7,3,2,2.5,2.141164154103853,0.1,0.15,0.141285594639866,10.604,0.4382118372248699,1.5,2,1.75,54,72,63,1.210218504266074,1.179901422264922,0.9749490840750796,,,
torus_plus1,RGA Fall 2018 torus+1,2,1,7,4,2,2.5,2.141164154103853,0.1,0.15,0.141285594639866,10.604,0.4382118372248699,1.5,2,1.75,72,90,81,0.7958055685657841,0.6663642458843623,0.8373455429387062,,,
torus_plus1,RGA Fall 2018 torus+1,2,1,7,5,2,2.5,2.141164154103853,0.1,0.15,0.141285594639866,10.604,0.4382118372248699,1.5,2,1.75,90,108,99,0.3172900504319656,0.9921578041221626,3.126974207894062,,,
torus_plus1,RGA Fall 2018 torus+1,2,1,7,7,2,2.5,2.141164154103853,0.1,0.15,0.141285594639866,10.604,0.4382118372248699,1.5,2,1.75,126,144,135,0.3683178942039758,0.6950927792880205,1.887208822124389,,,
torus_plus1,RGA Fall 2018 torus+1,2,1,7,8,2,2.5,2.141164154103853,0.1,0.15,0.141285594639866,10.604,0.4382118372248699,1.5,2,1.75,144,162,153,1.338815597090909,0.9523878095757581,0.7113659354172349,,,
torus_plus1,RGA Fall 2018 torus+1,2,1,7,9,2,2.5,2.141164154103853,0.1,0.15,0.141285594639866,10.604,0.4382118372248699,1.5,2,1.75,162,180,171,1.171575971599116,0.859939355448629,0.7340022126562346,,,
torus_plus1,RGA Fall 2018 torus+1,2,1,7,10,2,2.5,2.141164154103853,0.1,0.15,0.141285594639866,10.604,0.4382118372248699,1.5,2,1.75,180,198,189,2.165586896061237,1.620540862452871,0.7483148634674072,,,
torus_plus1,RGA Fall 2018 torus+1,2,1,7,11,2,2.5,2.141164154103853,0.1,0.15,0.141285594639866,10.604,0.4382118372248699,1.5,2,1.75,198,216,207,1.167807743502693,1.125331231026311,0.9636271357912226,,,
torus_plus1,RGA Fall 2018 torus+1,2,1,7,12,2,2.5,2.141164154103853,0.1,0.15,0.141285594639866,10.604,0.4382118372248699,1.5,2,1.75,216,234,225,2.660524989738337,1.93249226640553,0.7263574948024037,,,
torus_plus1,RGA Fall 2018 torus+1,2,1,7,13,2,2.5,2.141164154103853,0.1,0.15,0.141285594639866,10.604,0.4382118372248699,1.5,2,1.75,234,252,243,1.031656568775057,1.005074015959523,0.9742331376350405,,,
torus_plus1,RGA Fall 2018 torus+1,2,1,7,14,2,2.5,2.141164154103853,0.1,0.15,0.141285594639866,10.604,0.4382118372248699,1.5,2,1.75,252,270,261,0.9016238470802138,0.7931446489412796,0.879684639564238,,,
torus_plus1,RGA Fall 2018 torus+1,2,1,7,15,2,2.5,2.141164154103853,0.1,0.15,0.141285594639866,10.604,0.4382118372248699,1.5,2,1.75,270,288,279,1.084151745347914,1.333312956462574,1.229821343906707,,,
torus_plus1,RGA Fall 2018 torus+1,2,2,0,0,2,2.5,2.248236282194849,0.15,0.2,0.1751819708846585,10.604,0.6162606739504454,0.09,0.15,0.12,0,18,9,14.59080037890741,6.46159111722154,0.4428537811100805,,,
torus_plus1,RGA Fall 2018 torus+1,2,2,0,1,2,2.5,2.248236282194849,0.15,0.2,0.1751819708846585,10.604,0.6162606739504454,0.09,0.15,0.12,18,36,27,17.33652340061014,9.544839897700973,0.5505625134370975,,,
torus_plus1,RGA Fall 2018 torus+1,2,2,0,2,2,2.5,2.248236282194849,0.15,0.2,0.1751819708846585,10.604,0.6162606739504454,0.09,0.15,0.12,36,54,45,30.91917507728218,14.00016546654864,0.4527988030584698,,,
torus_plus1,RGA Fall 2018 torus+1,2,2,0,3,2,2.5,2.248236282194849,0.15,0.2,0.1751819708846585,10.604,0.6162606739504454,0.09,0.15,0.12,54,72,63,38.15931010261657,18.82802979862316,0.4934059276226833,,,
torus_plus1,RGA Fall 2018 torus+1,2,2,0,4,2,2.5,2.248236282194849,0.15,0.2,0.1751819708846585,10.604,0.6162606739504454,0.09,0.15,0.12,72,90,81,32.14798982367189,15.00511104673128,0.4667511445982356,,,
torus_plus1,RGA Fall 2018 torus+1,2,2,0,5,2,2.5,2.248236282194849,0.15,0.2,0.1751819708846585,10.604,0.6162606739504454,0.09,0.15,0.12,90,108,99,16.14548395861063,6.288009776913834,0.3894593555097705,,,
torus_plus1,RGA Fall 2018 torus+1,2,2,0,6,2,2.5,2.248236282194849,0.15,0.2,0.1751819708846585,10.604,0.6162606739504454,0.09,0.15,0.12,108,126,117,26.56291491319832,13.27574857890189,0.4997850809026072,,,
torus_plus1,RGA Fall 2018 torus+1,2,2,0,8,2,2.5,2.248236282194849,0.15,0.2,0.1751819708846585,10.604,0.6162606739504454,0.09,0.15,0.12,144,162,153,3.370044882269332,3.706588018350299,1.099863102076654,,,
torus_plus1,RGA Fall 2018 torus+1,2,2,0,18,2,2.5,2.248236282194849,0.15,0.2,0.1751819708846585,10.604,0.6162606739504454,0.09,0.15,0.12,324,342,333,8.86098548446301,7.564602578293546,0.8536976605545104,,,
torus_plus1,RGA Fall 2018 torus+1,2,2,0,19,2,2.5,2.248236282194849,0.15,0.2,0.1751819708846585,10.604,0.6162606739504454,0.09,0.15,0.12,342,360,351,15.76142163686368,9.790846442943097,0.6211905669754894,,,
torus_plus1,RGA Fall 2018 torus+1,2,2,1,0,2,2.5,2.248236282194849,0.15,0.2,0.1751819708846585,10.604,0.6162606739504454,0.15,0.2,0.175,0,18,9,6.923679311985161,3.971662663316106,0.573634693975644,,,
torus_plus1,RGA Fall 2018 torus+1,2,2,1,1,2,2.5,2.248236282194849,0.15,0.2,0.1751819708846585,10.604,0.6162606739504454,0.15,0.2,0.175,18,36,27,10.32058101491114,4.298909140782641,0.4165375122361415,,,
torus_plus1,RGA Fall 2018 torus+1,2,2,1,2,2,2.5,2.248236282194849,0.15,0.2,0.1751819708846585,10.604,0.6162606739504454,0.15,0.2,0.175,36,54,45,25.32192442600456,10.08758837376404,0.3983736861407147,,,
torus_plus1,RGA Fall 2018 torus+1,2,2,1,3,2,2.5,2.248236282194849,0.15,0.2,0.1751819708846585,10.604,0.6162606739504454,0.15,0.2,0.175,54,72,63,14.63424669290893,7.802880041291565,0.5331931465302191,,,
torus_plus1,RGA Fall 2018 torus+1,2,2,1,4,2,2.5,2.248236282194849,0.15,0.2,0.1751819708846585,10.604,0.6162606739504454,0.15,0.2,0.175,72,90,81,19.23176885819446,6.233949922466842,0.3241485465238741,,,
torus_plus1,RGA Fall 2018 torus+1,2,2,1,5,2,2.5,2.248236282194849,0.15,0.2,0.1751819708846585,10.604,0.6162606739504454,0.15,0.2,0.175,90,108,99,27.58326204360099,6.046983429446169,0.2192265519534156,,,
torus_plus1,RGA Fall 2018 torus+1,2,2,1,6,2,2.5,2.248236282194849,0.15,0.2,0.1751819708846585,10.604,0.6162606739504454,0.15,0.2,0.175,108,126,117,21.37422831918973,5.99609724854282,0.2805292971985117,,,
torus_plus1,RGA Fall 2018 torus+1,2,2,1,7,2,2.5,2.248236282194849,0.15,0.2,0.1751819708846585,10.604,0.6162606739504454,0.15,0.2,0.175,126,144,135,18.68694153827772,5.381810742423771,0.2879984791197557,,,
torus_plus1,RGA Fall 2018 torus+1,2,2,1,8,2,2.5,2.248236282194849,0.15,0.2,0.1751819708846585,10.604,0.6162606739504454,0.15,0.2,0.175,144,162,153,12.65627978592351,3.361737820169469,0.2656181656088577,,,
torus_plus1,RGA Fall 2018 torus+1,2,2,1,9,2,2.5,2.248236282194849,0.15,0.2,0.1751819708846585,10.604,0.6162606739504454,0.15,0.2,0.175,162,180,171,11.97741166739928,4.531992325578635,0.3783782716523001,,,
torus_plus1,RGA Fall 2018 torus+1,2,2,1,10,2,2.5,2.248236282194849,0.15,0.2,0.1751819708846585,10.604,0.6162606739504454,0.15,0.2,0.175,180,198,189,6.28145642187434,3.617042106538282,0.5758285759879527,,,
torus_plus1,RGA Fall 2018 torus+1,2,2,1,11,2,2.5,2.248236282194849,0.15,0.2,0.1751819708846585,10.604,0.6162606739504454,0.15,0.2,0.175,198,216,207,9.527647384715491,6.050076797224725,0.6350021734568411,,,
torus_plus1,RGA Fall 2018 torus+1,2,2,1,12,2,2.5,2.248236282194849,0.15,0.2,0.1751819708846585,10.604,0.6162606739504454,0.15,0.2,0.175,216,234,225,16.66320451104221,5.083816187573994,0.3050923478857323,,,
torus_plus1,RGA Fall 2018 torus+1,2,2,1,13,2,2.5,2.248236282194849,0.15,0.2,0.1751819708846585,10.604,0.6162606739504454,0.15,0.2,0.175,234,252,243,32.33712704278328,10.16012033270081,0.3141936610280368,,,
torus_plus1,RGA Fall 2018 torus+1,2,2,1,14,2,2.5,2.248236282194849,0.15,0.2,0.1751819708846585,10.604,0.6162606739504454,0.15,0.2,0.175,252,270,261,16.37985786514032,7.68497161566267,0.4691720574705264,,,
torus_plus1,RGA Fall 2018 torus+1,2,2,1,15,2,2.5,2.248236282194849,0.15,0.2,0.1751819708846585,10.604,0.6162606739504454,0.15,0.2,0.175,270,288,279,10.60538903986808,5.651060791480004,0.5328480426541991,,,
torus_plus1,RGA Fall 2018 torus+1,2,2,1,16,2,2.5,2.248236282194849,0.15,0.2,0.1751819708846585,10.604,0.6162606739504454,0.15,0.2,0.175,288,306,297,19.32925469683532,12.39049408978223,0.6410228580520935,,,
torus_plus1,RGA Fall 2018 torus+1,2,2,1,17,2,2.5,2.248236282194849,0.15,0.2,0.1751819708846585,10.604,0.6162606739504454,0.15,0.2,0.175,306,324,315,24.40915347062328,12.99278322585926,0.532291430814929,,,
torus_plus1,RGA Fall 2018 torus+1,2,2,1,18,2,2.5,2.248236282194849,0.15,0.2,0.1751819708846585,10.604,0.6162606739504454,0.15,0.2,0.175,324,342,333,5.536188819180977,3.331459138165192,0.6017603891368083,,,
torus_plus1,RGA Fall 2018 torus+1,2,2,1,19,2,2.5,2.248236282194849,0.15,0.2,0.1751819708846585,10.604,0.6162606739504454,0.15,0.2,0.175,342,360,351,6.088455225429793,3.167616306493952,0.520266009884362,,,
torus_plus1,RGA Fall 2018 torus+1,2,2,2,0,2,2.5,2.248236282194849,0.15,0.2,0.1751819708846585,10.604,0.6162606739504454,0.2,0.3,0.25,0,18,9,8.362900008658411,2.28025156562304,0.2726627800478559,,,
torus_plus1,RGA Fall 2018 torus+1,2,2,2,1,2,2.5,2.248236282194849,0.15,0.2,0.1751819708846585,10.604,0.6162606739504454,0.2,0.3,0.25,18,36,27,11.77206136235374,2.75041664210833,0.2336393395725899,,,
torus_plus1,RGA Fall 2018 torus+1,2,2,2,2,2,2.5,2.248236282194849,0.15,0.2,0.1751819708846585,10.604,0.6162606739504454,0.2,0.3,0.25,36,54,45,7.528560195789574,3.177560407928155,0.422067477086155,,,
torus_plus1,RGA Fall 2018 torus+1,2,2,2,3,2,2.5,2.248236282194849,0.15,0.2,0.1751819708846585,10.604,0.6162606739504454,0.2,0.3,0.25,54,72,63,11.63083649352512,5.665078890325017,0.4870740718845771,,,
torus_plus1,RGA Fall 2018 torus+1,2,2,2,4,2,2.5,2.248236282194849,0.15,0.2,0.1751819708846585,10.604,0.6162606739504454,0.2,0.3,0.25,72,90,81,18.11547608536504,3.792759600940398,0.2093657148764893,,,
torus_plus1,RGA Fall 2018 torus+1,2,2,2,5,2,2.5,2.248236282194849,0.15,0.2,0.1751819708846585,10.604,0.6162606739504454,0.2,0.3,0.25,90,108,99,21.08312795248517,3.397955854874839,0.1611694366477677,,,
torus_plus1,RGA Fall 2018 torus+1,2,2,2,6,2,2.5,2.248236282194849,0.15,0.2,0.1751819708846585,10.604,0.6162606739504454,0.2,0.3,0.25,108,126,117,15.81510513171479,2.715438368781211,0.1716990400105411,,,
torus_plus1,RGA Fall 2018 torus+1,2,2,2,7,2,2.5,2.248236282194849,0.15,0.2,0.1751819708846585,10.604,0.6162606739504454,0.2,0.3,0.25,126,144,135,17.65592465481167,2.948353172258554,0.1669894514108643,,,
torus_plus1,RGA Fall 2018 torus+1,2,2,2,8,2,2.5,2.248236282194849,0.15,0.2,0.1751819708846585,10.604,0.6162606739504454,0.2,0.3,0.25,144,162,153,12.27665725610301,1.97769260000546,0.1610937373870485,,,
torus_plus1,RGA Fall 2018 torus+1,2,2,2,9,2,2.5,2.248236282194849,0.15,0.2,0.1751819708846585,10.604,0.6162606739504454,0.2,0.3,0.25,162,180,171,8.852036386552298,1.564031716907652,0.1766860921723813,,,
torus_plus1,RGA Fall 2018 torus+1,2,2,2,10,2,2.5,2.248236282194849,0.15,0.2,0.1751819708846585,10.604,0.6162606739504454,0.2,0.3,0.25,180,198,189,9.064650529797861,2.520841928217083,0.2780958758344209,,,
torus_plus1,RGA Fall 2018 torus+1,2,2,2,11,2,2.5,2.248236282194849,0.15,0.2,0.1751819708846585,10.604,0.6162606739504454,0.2,0.3,0.25,198,216,207,10.61120327102111,3.214394803262902,0.3029246279770478,,,
torus_plus1,RGA Fall 2018 torus+1,2,2,2,12,2,2.5,2.248236282194849,0.15,0.2,0.1751819708846585,10.604,0.6162606739504454,0.2,0.3,0.25,216,234,225,14.8315088101953,3.076442280263148,0.2074261168997437,,,
torus_plus1,RGA Fall 2018 torus+1,2,2,2,13,2,2.5,2.248236282194849,0.15,0.2,0.1751819708846585,10.604,0.6162606739504454,0.2,0.3,0.25,234,252,243,13.31797747620741,3.150952845699229,0.2365939461399759,,,
torus_plus1,RGA Fall 2018 torus+1,2,2,2,14,2,2.5,2.248236282194849,0.15,0.2,0.1751819708846585,10.604,0.6162606739504454,0.2,0.3,0.25,252,270,261,20.43623485678086,4.747091897461978,0.232287988992594,,,
torus_plus1,RGA Fall 2018 torus+1,2,2,2,15,2,2.5,2.248236282194849,0.15,0.2,0.1751819708846585,10.604,0.6162606739504454,0.2,0.3,0.25,270,288,279,20.77245816092382,6.557711639648237,0.3156926151371098,,,
torus_plus1,RGA Fall 2018 torus+1,2,2,2,16,2,2.5,2.248236282194849,0.15,0.2,0.1751819708846585,10.604,0.6162606739504454,0.2,0.3,0.25,288,306,297,20.64831594795708,7.264067211236029,0.3517994992688363,,,
torus_plus1,RGA Fall 2018 torus+1,2,2,2,17,2,2.5,2.248236282194849,0.15,0.2,0.1751819708846585,10.604,0.6162606739504454,0.2,0.3,0.25,306,324,315,13.96457847040927,4.357505028652908,0.312039854112775,,,
torus_plus1,RGA Fall 2018 torus+1,2,2,2,18,2,2.5,2.248236282194849,0.15,0.2,0.1751819708846585,10.604,0.6162606739504454,0.2,0.3,0.25,324,342,333,7.658427570616408,2.523490664388645,0.3295050636857476,,,
torus_plus1,RGA Fall 2018 torus+1,2,2,2,19,2,2.5,2.248236282194849,0.15,0.2,0.1751819708846585,10.604,0.6162606739504454,0.2,0.3,0.25,342,360,351,11.67562051449283,2.340309906823452,0.2004441566012229,,,
torus_plus1,RGA Fall 2018 torus+1,2,2,3,0,2,2.5,2.248236282194849,0.15,0.2,0.1751819708846585,10.604,0.6162606739504454,0.3,0.4,0.35,0,18,9,8.540615740841808,2.141093534514274,0.2506954532886216,,,
torus_plus1,RGA Fall 2018 torus+1,2,2,3,1,2,2.5,2.248236282194849,0.15,0.2,0.1751819708846585,10.604,0.6162606739504454,0.3,0.4,0.35,18,36,27,12.46249786017728,2.830536694944938,0.227124347518618,,,
torus_plus1,RGA Fall 2018 torus+1,2,2,3,2,2,2.5,2.248236282194849,0.15,0.2,0.1751819708846585,10.604,0.6162606739504454,0.3,0.4,0.35,36,54,45,10.44137821739092,3.995975182277332,0.3827057213215136,,,
torus_plus1,RGA Fall 2018 torus+1,2,2,3,3,2,2.5,2.248236282194849,0.15,0.2,0.1751819708846585,10.604,0.6162606739504454,0.3,0.4,0.35,54,72,63,12.9048422529839,7.32850714186267,0.5678881615285261,,,
torus_plus1,RGA Fall 2018 torus+1,2,2,3,4,2,2.5,2.248236282194849,0.15,0.2,0.1751819708846585,10.604,0.6162606739504454,0.3,0.4,0.35,72,90,81,14.69790648030757,3.5981512010413,0.244807055063396,,,
torus_plus1,RGA Fall 2018 torus+1,2,2,3,5,2,2.5,2.248236282194849,0.15,0.2,0.1751819708846585,10.604,0.6162606739504454,0.3,0.4,0.35,90,108,99,17.5910633140712,3.36752048300253,0.1914335945973676,,,
torus_plus1,RGA Fall 2018 torus+1,2,2,3,6,2,2.5,2.248236282194849,0.15,0.2,0.1751819708846585,10.604,0.6162606739504454,0.3,0.4,0.35,108,126,117,12.28527916304724,2.473587567668201,0.2013456540009671,,,
torus_plus1,RGA Fall 2018 torus+1,2,2,3,7,2,2.5,2.248236282194849,0.15,0.2,0.1751819708846585,10.604,0.6162606739504454,0.3,0.4,0.35,126,144,135,11.94836431617611,2.400601602685644,0.2009146640628981,,,
torus_plus1,RGA Fall 2018 torus+1,2,2,3,8,2,2.5,2.248236282194849,0.15,0.2,0.1751819708846585,10.604,0.6162606739504454,0.3,0.4,0.35,144,162,153,9.627248848337466,1.466136960644509,0.1522903358728176,,,
torus_plus1,RGA Fall 2018 torus+1,2,2,3,9,2,2.5,2.248236282194849,0.15,0.2,0.1751819708846585,10.604,0.6162606739504454,0.3,0.4,0.35,162,180,171,6.500555377132311,1.332686993057525,0.205011251461015,,,
torus_plus1,RGA Fall 2018 torus+1,2,2,3,10,2,2.5,2.248236282194849,0.15,0.2,0.1751819708846585,10.604,0.6162606739504454,0.3,0.4,0.35,180,198,189,5.076452998874209,1.582646194917877,0.3117622078385943,,,
torus_plus1,RGA Fall 2018 torus+1,2,2,3,11,2,2.5,2.248236282194849,0.15,0.2,0.1751819708846585,10.604,0.6162606739504454,0.3,0.4,0.35,198,216,207,8.945880175267281,2.496712641224829,0.2790907761236846,,,
torus_plus1,RGA Fall 2018 torus+1,2,2,3,12,2,2.5,2.248236282194849,0.15,0.2,0.1751819708846585,10.604,0.6162606739504454,0.3,0.4,0.35,216,234,225,7.972663249015461,2.22957220638511,0.2796521233554469,,,
torus_plus1,RGA Fall 2018 torus+1,2,2,3,13,2,2.5,2.248236282194849,0.15,0.2,0.1751819708846585,10.604,0.6162606739504454,0.3,0.4,0.35,234,252,243,14.29788301588799,3.368633744430918,0.2356036722840472,,,
torus_plus1,RGA Fall 2018 torus+1,2,2,3,14,2,2.5,2.248236282194849,0.15,0.2,0.1751819708846585,10.604,0.6162606739504454,0.3,0.4,0.35,252,270,261,20.23178806251537,3.859123156435588,0.1907455309689416,,,
torus_plus1,RGA Fall 2018 torus+1,2,2,3,15,2,2.5,2.248236282194849,0.15,0.2,0.1751819708846585,10.604,0.6162606739504454,0.3,0.4,0.35,270,288,279,20.13126641982635,4.682428397697386,0.2325948253849484,,,
torus_plus1,RGA Fall 2018 torus+1,2,2,3,16,2,2.5,2.248236282194849,0.15,0.2,0.1751819708846585,10.604,0.6162606739504454,0.3,0.4,0.35,288,306,297,19.33807613021881,4.971066710033696,0.2570610787008754,,,
torus_plus1,RGA Fall 2018 torus+1,2,2,3,17,2,2.5,2.248236282194849,0.15,0.2,0.1751819708846585,10.604,0.6162606739504454,0.3,0.4,0.35,306,324,315,12.09501171785142,3.630936535656579,0.3002011589866889,,,
torus_plus1,RGA Fall 2018 torus+1,2,2,3,18,2,2.5,2.248236282194849,0.15,0.2,0.1751819708846585,10.604,0.6162606739504454,0.3,0.4,0.35,324,342,333,7.578857970434579,1.844809673149578,0.2434152586506111,,,
torus_plus1,RGA Fall 2018 torus+1,2,2,3,19,2,2.5,2.248236282194849,0.15,0.2,0.1751819708846585,10.604,0.6162606739504454,0.3,0.4,0.35,342,360,351,4.805470760522691,1.44475994001141,0.3006489919531346,,,
torus_plus1,RGA Fall 2018 torus+1,2,2,4,0,2,2.5,2.248236282194849,0.15,0.2,0.1751819708846585,10.604,0.6162606739504454,0.4,0.6,0.5,0,18,9,6.297350852814951,1.538737453482423,0.24434678795046,,,
torus_plus1,RGA Fall 2018 torus+1,2,2,4,1,2,2.5,2.248236282194849,0.15,0.2,0.1751819708846585,10.604,0.6162606739504454,0.4,0.6,0.5,18,36,27,4.397120974469949,1.118028502835339,0.2542637578831026,,,
torus_plus1,RGA Fall 2018 torus+1,2,2,4,2,2,2.5,2.248236282194849,0.15,0.2,0.1751819708846585,10.604,0.6162606739504454,0.4,0.6,0.5,36,54,45,9.039673121998856,2.46977496631022,0.2732150745915581,,,
torus_plus1,RGA Fall 2018 torus+1,2,2,4,3,2,2.5,2.248236282194849,0.15,0.2,0.1751819708846585,10.604,0.6162606739504454,0.4,0.6,0.5,54,72,63,13.19098956806423,4.649249704482025,0.3524564764828557,,,
torus_plus1,RGA Fall 2018 torus+1,2,2,4,4,2,2.5,2.248236282194849,0.15,0.2,0.1751819708846585,10.604,0.6162606739504454,0.4,0.6,0.5,72,90,81,11.99568902610973,2.526067528259737,0.210581278220994,,,
torus_plus1,RGA Fall 2018 torus+1,2,2,4,5,2,2.5,2.248236282194849,0.15,0.2,0.1751819708846585,10.604,0.6162606739504454,0.4,0.6,0.5,90,108,99,8.489236184970542,1.53813699593575,0.1811867360527545,,,
torus_plus1,RGA Fall 2018 torus+1,2,2,4,6,2,2.5,2.248236282194849,0.15,0.2,0.1751819708846585,10.604,0.6162606739504454,0.4,0.6,0.5,108,126,117,7.674005094854563,1.281865241507531,0.1670399257836074,,,
torus_plus1,RGA Fall 2018 torus+1,2,2,4,7,2,2.5,2.248236282194849,0.15,0.2,0.1751819708846585,10.604,0.6162606739504454,0.4,0.6,0.5,126,144,135,8.540158768697653,1.169804375264813,0.1369768884804005,,,
torus_plus1,RGA Fall 2018 torus+1,2,2,4,8,2,2.5,2.248236282194849,0.15,0.2,0.1751819708846585,10.604,0.6162606739504454,0.4,0.6,0.5,144,162,153,5.367805927342693,0.799447599558417,0.1489337748755346,,,
torus_plus1,RGA Fall 2018 torus+1,2,2,4,9,2,2.5,2.248236282194849,0.15,0.2,0.1751819708846585,10.604,0.6162606739504454,0.4,0.6,0.5,162,180,171,5.241768525799474,0.8284191141126117,0.1580419108618043,,,
torus_plus1,RGA Fall 2018 torus+1,2,2,4,10,2,2.5,2.248236282194849,0.15,0.2,0.1751819708846585,10.604,0.6162606739504454,0.4,0.6,0.5,180,198,189,4.612903614908106,0.8778233123830032,0.1902973453739701,,,
torus_plus1,RGA Fall 2018 torus+1,2,2,4,11,2,2.5,2.248236282194849,0.15,0.2,0.1751819708846585,10.604,0.6162606739504454,0.4,0.6,0.5,198,216,207,10.07544089039337,2.100940388432194,0.2085209383179824,,,
torus_plus1,RGA Fall 2018 torus+1,2,2,4,12,2,2.5,2.248236282194849,0.15,0.2,0.1751819708846585,10.604,0.6162606739504454,0.4,0.6,0.5,216,234,225,6.461672762281725,1.327724934760779,0.2054769691388607,,,
torus_plus1,RGA Fall 2018 torus+1,2,2,4,13,2,2.5,2.248236282194849,0.15,0.2,0.1751819708846585,10.604,0.6162606739504454,0.4,0.6,0.5,234,252,243,10.92809475540422,1.932330596115147,0.1768222768346295,,,
torus_plus1,RGA Fall 2018 torus+1,2,2,4,14,2,2.5,2.248236282194849,0.15,0.2,0.1751819708846585,10.604,0.6162606739504454,0.4,0.6,0.5,252,270,261,12.49320636066854,1.818272126336853,0.1455408702814026,,,
torus_plus1,RGA Fall 2018 torus+1,2,2,4,15,2,2.5,2.248236282194849,0.15,0.2,0.1751819708846585,10.604,0.6162606739504454,0.4,0.6,0.5,270,288,279,11.48052742097781,1.61648324933109,0.1408021765948982,,,
torus_plus1,RGA Fall 2018 torus+1,2,2,4,16,2,2.5,2.248236282194849,0.15,0.2,0.1751819708846585,10.604,0.6162606739504454,0.4,0.6,0.5,288,306,297,8.174653283405911,1.983347445122667,0.2426215982944196,,,
torus_plus1,RGA Fall 2018 torus+1,2,2,4,17,2,2.5,2.248236282194849,0.15,0.2,0.1751819708846585,10.604,0.6162606739504454,0.4,0.6,0.5,306,324,315,7.977662336233968,1.814361320153802,0.2274301974292774,,,
torus_plus1,RGA Fall 2018 torus+1,2,2,4,18,2,2.5,2.248236282194849,0.15,0.2,0.1751819708846585,10.604,0.6162606739504454,0.4,0.6,0.5,324,342,333,6.574938163996327,1.240953741003589,0.1887399866053375,,,
torus_plus1,RGA Fall 2018 torus+1,2,2,4,19,2,2.5,2.248236282194849,0.15,0.2,0.1751819708846585,10.604,0.6162606739504454,0.4,0.6,0.5,342,360,351,4.543921724352363,1.128271433732991,0.2483034484696809,,,
torus_plus1,RGA Fall 2018 torus+1,2,2,5,0,2,2.5,2.248236282194849,0.15,0.2,0.1751819708846585,10.604,0.6162606739504454,0.6,1,0.8,0,18,9,2.546499773782431,1.188927814734067,0.4668870686637051,,,
torus_plus1,RGA Fall 2018 torus+1,2,2,5,1,2,2.5,2.248236282194849,0.15,0.2,0.1751819708846585,10.604,0.6162606739504454,0.6,1,0.8,18,36,27,2.382212287643172,0.5153128186255218,0.2163169173874691,,,
torus_plus1,RGA Fall 2018 torus+1,2,2,5,2,2,2.5,2.248236282194849,0.15,0.2,0.1751819708846585,10.604,0.6162606739504454,0.6,1,0.8,36,54,45,3.839359921215279,0.9886771746605357,0.2575109380074969,,,
torus_plus1,RGA Fall 2018 torus+1,2,2,5,3,2,2.5,2.248236282194849,0.15,0.2,0.1751819708846585,10.604,0.6162606739504454,0.6,1,0.8,54,72,63,2.825819737743545,0.6571202862683148,0.2325414737151756,,,
torus_plus1,RGA Fall 2018 torus+1,2,2,5,4,2,2.5,2.248236282194849,0.15,0.2,0.1751819708846585,10.604,0.6162606739504454,0.6,1,0.8,72,90,81,5.086357459382167,0.8688100549140675,0.1708118357492713,,,
torus_plus1,RGA Fall 2018 torus+1,2,2,5,5,2,2.5,2.248236282194849,0.15,0.2,0.1751819708846585,10.604,0.6162606739504454,0.6,1,0.8,90,108,99,7.042560977398817,1.068225088259556,0.1516813403089776,,,
torus_plus1,RGA Fall 2018 torus+1,2,2,5,6,2,2.5,2.248236282194849,0.15,0.2,0.1751819708846585,10.604,0.6162606739504454,0.6,1,0.8,108,126,117,5.73850427830057,0.8389563691124172,0.1461977422034562,,,
torus_plus1,RGA Fall 2018 torus+1,2,2,5,7,2,2.5,2.248236282194849,0.15,0.2,0.1751819708846585,10.604,0.6162606739504454,0.6,1,0.8,126,144,135,3.921906419786067,0.5559734935381913,0.1417610299759571,,,
torus_plus1,RGA Fall 2018 torus+1,2,2,5,8,2,2.5,2.248236282194849,0.15,0.2,0.1751819708846585,10.604,0.6162606739504454,0.6,1,0.8,144,162,153,4.062418184403786,0.5992792533364205,0.147517864024226,,,
torus_plus1,RGA Fall 2018 torus+1,2,2,5,9,2,2.5,2.248236282194849,0.15,0.2,0.1751819708846585,10.604,0.6162606739504454,0.6,1,0.8,162,180,171,3.738943285052751,0.5154272364628681,0.137853718863135,,,
torus_plus1,RGA Fall 2018 torus+1,2,2,5,10,2,2.5,2.248236282194849,0.15,0.2,0.1751819708846585,10.604,0.6162606739504454,0.6,1,0.8,180,198,189,2.463219598012333,0.493478842731779,0.2003389560273011,,,
torus_plus1,RGA Fall 2018 torus+1,2,2,5,11,2,2.5,2.248236282194849,0.15,0.2,0.1751819708846585,10.604,0.6162606739504454,0.6,1,0.8,198,216,207,4.117191033287778,0.8683266090672533,0.2109026766178134,,,
torus_plus1,RGA Fall 2018 torus+1,2,2,5,12,2,2.5,2.248236282194849,0.15,0.2,0.1751819708846585,10.604,0.6162606739504454,0.6,1,0.8,216,234,225,3.461121433381258,0.7148119159276483,0.2065261013478311,,,
torus_plus1,RGA Fall 2018 torus+1,2,2,5,13,2,2.5,2.248236282194849,0.15,0.2,0.1751819708846585,10.604,0.6162606739504454,0.6,1,0.8,234,252,243,5.717623025135697,0.9515636244933843,0.1664264363547824,,,
torus_plus1,RGA Fall 2018 torus+1,2,2,5,14,2,2.5,2.248236282194849,0.15,0.2,0.1751819708846585,10.604,0.6162606739504454,0.6,1,0.8,252,270,261,6.386548498292936,0.7996627901080333,0.1252104779791112,,,
torus_plus1,RGA Fall 2018 torus+1,2,2,5,15,2,2.5,2.248236282194849,0.15,0.2,0.1751819708846585,10.604,0.6162606739504454,0.6,1,0.8,270,288,279,5.348005082195565,0.6526557555959936,0.1220372354859568,,,
torus_plus1,RGA Fall 2018 torus+1,2,2,5,16,2,2.5,2.248236282194849,0.15,0.2,0.1751819708846585,10.604,0.6162606739504454,0.6,1,0.8,288,306,297,4.528592671984481,0.821366089609845,0.1813733645534327,,,
torus_plus1,RGA Fall 2018 torus+1,2,2,5,17,2,2.5,2.248236282194849,0.15,0.2,0.1751819708846585,10.604,0.6162606739504454,0.6,1,0.8,306,324,315,2.131765113491067,0.7634470473663053,0.358129065221474,,,
torus_plus1,RGA Fall 2018 torus+1,2,2,5,18,2,2.5,2.248236282194849,0.15,0.2,0.1751819708846585,10.604,0.6162606739504454,0.6,1,0.8,324,342,333,2.341879555519645,0.4506681723493966,0.1924386637592883,,,
torus_plus1,RGA Fall 2018 torus+1,2,2,5,19,2,2.5,2.248236282194849,0.15,0.2,0.1751819708846585,10.604,0.6162606739504454,0.6,1,0.8,342,360,351,0.9441814245611653,0.6471828681855785,0.6854433389074296,,,
torus_plus1,RGA Fall 2018 torus+1,2,2,6,0,2,2.5,2.248236282194849,0.15,0.2,0.1751819708846585,10.604,0.6162606739504454,1,1.5,1.25,0,18,9,0.7651905775795842,0.4731337006148078,0.618321388785788,,,
torus_plus1,RGA Fall 2018 torus+1,2,2,6,2,2,2.5,2.248236282194849,0.15,0.2,0.1751819708846585,10.604,0.6162606739504454,1,1.5,1.25,36,54,45,1.146700602616776,0.477617738559238,0.4165147706989185,,,
torus_plus1,RGA Fall 2018 torus+1,2,2,6,3,2,2.5,2.248236282194849,0.15,0.2,0.1751819708846585,10.604,0.6162606739504454,1,1.5,1.25,54,72,63,2.149189000790223,0.5043896885726914,0.234688381704557,,,
torus_plus1,RGA Fall 2018 torus+1,2,2,6,4,2,2.5,2.248236282194849,0.15,0.2,0.1751819708846585,10.604,0.6162606739504454,1,1.5,1.25,72,90,81,4.103689246226177,0.7342434047378443,0.1789227596638968,,,
torus_plus1,RGA Fall 2018 torus+1,2,2,6,5,2,2.5,2.248236282194849,0.15,0.2,0.1751819708846585,10.604,0.6162606739504454,1,1.5,1.25,90,108,99,3.078347313925568,0.7087871602512732,0.2302492499936318,,,
torus_plus1,RGA Fall 2018 torus+1,2,2,6,6,2,2.5,2.248236282194849,0.15,0.2,0.1751819708846585,10.604,0.6162606739504454,1,1.5,1.25,108,126,117,2.464338138739177,0.6140691089032512,0.2491821634580658,,,
torus_plus1,RGA Fall 2018 torus+1,2,2,6,7,2,2.5,2.248236282194849,0.15,0.2,0.1751819708846585,10.604,0.6162606739504454,1,1.5,1.25,126,144,135,2.24732115496949,0.474359012887504,0.211077536398639,,,
torus_plus1,RGA Fall 2018 torus+1,2,2,6,8,2,2.5,2.248236282194849,0.15,0.2,0.1751819708846585,10.604,0.6162606739504454,1,1.5,1.25,144,162,153,1.939251845556969,0.4025658506059402,0.2075882261132102,,,
torus_plus1,RGA Fall 2018 torus+1,2,2,6,9,2,2.5,2.248236282194849,0.15,0.2,0.1751819708846585,10.604,0.6162606739504454,1,1.5,1.25,162,180,171,1.188515485272057,0.2839128252624032,0.2388802070992068,,,
torus_plus1,RGA Fall 2018 torus+1,2,2,6,10,2,2.5,2.248236282194849,0.15,0.2,0.1751819708846585,10.604,0.6162606739504454,1,1.5,1.25,180,198,189,1.088594842235912,0.2789035922905693,0.2562051384679695,,,
torus_plus1,RGA Fall 2018 torus+1,2,2,6,11,2,2.5,2.248236282194849,0.15,0.2,0.1751819708846585,10.604,0.6162606739504454,1,1.5,1.25,198,216,207,1.290732424842522,0.3993439138998786,0.30939326092207,,,
torus_plus1,RGA Fall 2018 torus+1,2,2,6,12,2,2.5,2.248236282194849,0.15,0.2,0.1751819708846585,10.604,0.6162606739504454,1,1.5,1.25,216,234,225,1.866498385418498,0.5485920166890079,0.2939150770098336,,,
torus_plus1,RGA Fall 2018 torus+1,2,2,6,13,2,2.5,2.248236282194849,0.15,0.2,0.1751819708846585,10.604,0.6162606739504454,1,1.5,1.25,234,252,243,3.304584195184886,0.8716210950299313,0.2637612006678394,,,
torus_plus1,RGA Fall 2018 torus+1,2,2,6,14,2,2.5,2.248236282194849,0.15,0.2,0.1751819708846585,10.604,0.6162606739504454,1,1.5,1.25,252,270,261,3.168766251271506,0.5397735903880626,0.1703418768018852,,,
torus_plus1,RGA Fall 2018 torus+1,2,2,6,15,2,2.5,2.248236282194849,0.15,0.2,0.1751819708846585,10.604,0.6162606739504454,1,1.5,1.25,270,288,279,3.64254708709568,0.5758084761814306,0.1580785264853065,,,
torus_plus1,RGA Fall 2018 torus+1,2,2,6,16,2,2.5,2.248236282194849,0.15,0.2,0.1751819708846585,10.604,0.6162606739504454,1,1.5,1.25,288,306,297,2.71973377895385,0.5775605996531512,0.212359240497175,,,
torus_plus1,RGA Fall 2018 torus+1,2,2,6,17,2,2.5,2.248236282194849,0.15,0.2,0.1751819708846585,10.604,0.6162606739504454,1,1.5,1.25,306,324,315,1.605629401697469,0.9270662942608089,0.5773849764339865,,,
torus_plus1,RGA Fall 2018 torus+1,2,2,6,18,2,2.5,2.248236282194849,0.15,0.2,0.1751819708846585,10.604,0.6162606739504454,1,1.5,1.25,324,342,333,0.9619545802461169,0.3557683092283002,0.3698389887984905,,,
torus_plus1,RGA Fall 2018 torus+1,2,2,6,19,2,2.5,2.248236282194849,0.15,0.2,0.1751819708846585,10.604,0.6162606739504454,1,1.5,1.25,342,360,351,0.1695043307901508,0.2265664038713125,1.33664079740715,,,
torus_plus1,RGA Fall 2018 torus+1,2,2,7,0,2,2.5,2.248236282194849,0.15,0.2,0.1751819708846585,10.604,0.6162606739504454,1.5,2,1.75,0,18,9,0.1847054093856877,0.15475322496694,0.8378380767603628,,,
torus_plus1,RGA Fall 2018 torus+1,2,2,7,1,2,2.5,2.248236282194849,0.15,0.2,0.1751819708846585,10.604,0.6162606739504454,1.5,2,1.75,18,36,27,0.4597074135690177,0.4891402405358863,1.064025130111263,,,
torus_plus1,RGA Fall 2018 torus+1,2,2,7,2,2,2.5,2.248236282194849,0.15,0.2,0.1751819708846585,10.604,0.6162606739504454,1.5,2,1.75,36,54,45,0.6192442030306665,0.4821509584446875,0.7786119855219867,,,
torus_plus1,RGA Fall 2018 torus+1,2,2,7,3,2,2.5,2.248236282194849,0.15,0.2,0.1751819708846585,10.604,0.6162606739504454,1.5,2,1.75,54,72,63,2.211191506110561,0.6154373504562675,0.2783283803123904,,,
torus_plus1,RGA Fall 2018 torus+1,2,2,7,4,2,2.5,2.248236282194849,0.15,0.2,0.1751819708846585,10.604,0.6162606739504454,1.5,2,1.75,72,90,81,1.357461490551297,0.4891831031043834,0.3603660998926125,,,
torus_plus1,RGA Fall 2018 torus+1,2,2,7,5,2,2.5,2.248236282194849,0.15,0.2,0.1751819708846585,10.604,0.6162606739504454,1.5,2,1.75,90,108,99,1.696080489967261,0.6426630837888393,0.3789107224511759,,,
torus_plus1,RGA Fall 2018 torus+1,2,2,7,6,2,2.5,2.248236282194849,0.15,0.2,0.1751819708846585,10.604,0.6162606739504454,1.5,2,1.75,108,126,117,1.436096737394976,0.6076046821439525,0.4230945355715548,,,
torus_plus1,RGA Fall 2018 torus+1,2,2,7,7,2,2.5,2.248236282194849,0.15,0.2,0.1751819708846585,10.604,0.6162606739504454,1.5,2,1.75,126,144,135,1.26655465972486,0.4091599989793624,0.3230496179835195,,,
torus_plus1,RGA Fall 2018 torus+1,2,2,7,8,2,2.5,2.248236282194849,0.15,0.2,0.1751819708846585,10.604,0.6162606739504454,1.5,2,1.75,144,162,153,0.8258851330076635,0.1956382969758723,0.2368831804289871,,,
torus_plus1,RGA Fall 2018 torus+1,2,2,7,9,2,2.5,2.248236282194849,0.15,0.2,0.1751819708846585,10.604,0.6162606739504454,1.5,2,1.75,162,180,171,0.5336702623953198,0.1499463967919746,0.2809719921791348,,,
torus_plus1,RGA Fall 2018 torus+1,2,2,7,10,2,2.5,2.248236282194849,0.15,0.2,0.1751819708846585,10.604,0.6162606739504454,1.5,2,1.75,180,198,189,0.3422548547306107,0.1447354720602232,0.4228880030763764,,,
torus_plus1,RGA Fall 2018 torus+1,2,2,7,11,2,2.5,2.248236282194849,0.15,0.2,0.1751819708846585,10.604,0.6162606739504454,1.5,2,1.75,198,216,207,0.580975779251547,0.1931725404941512,0.3324967191283075,,,
torus_plus1,RGA Fall 2018 torus+1,2,2,7,12,2,2.5,2.248236282194849,0.15,0.2,0.1751819708846585,10.604,0.6162606739504454,1.5,2,1.75,216,234,225,1.721705103473158,0.4913445665893136,0.2853825347895729,,,
torus_plus1,RGA Fall 2018 torus+1,2,2,7,13,2,2.5,2.248236282194849,0.15,0.2,0.1751819708846585,10.604,0.6162606739504454,1.5,2,1.75,234,252,243,1.962576941943447,0.6043705503835531,0.3079474427051373,,,
torus_plus1,RGA Fall 2018 torus+1,2,2,7,14,2,2.5,2.248236282194849,0.15,0.2,0.1751819708846585,10.604,0.6162606739504454,1.5,2,1.75,252,270,261,1.298761832672731,0.3808370271501111,0.2932308430764275,,,
torus_plus1,RGA Fall 2018 torus+1,2,2,7,15,2,2.5,2.248236282194849,0.15,0.2,0.1751819708846585,10.604,0.6162606739504454,1.5,2,1.75,270,288,279,1.656611527469758,0.401489940354654,0.2423561189193664,,,
torus_plus1,RGA Fall 2018 torus+1,2,2,7,16,2,2.5,2.248236282194849,0.15,0.2,0.1751819708846585,10.604,0.6162606739504454,1.5,2,1.75,288,306,297,0.9404082603371272,0.5342998713358713,0.5681573566190603,,,
torus_plus1,RGA Fall 2018 torus+1,2,2,7,18,2,2.5,2.248236282194849,0.15,0.2,0.1751819708846585,10.604,0.6162606739504454,1.5,2,1.75,324,342,333,0.2796100051126024,0.3668799385877342,1.312113057041671,,,
torus_plus1,RGA Fall 2018 torus+1,2,2,7,19,2,2.5,2.248236282194849,0.15,0.2,0.1751819708846585,10.604,0.6162606739504454,1.5,2,1.75,342,360,351,0.1255662684748591,0.1133966473296901,0.9030820833255419,,,
torus_plus1,RGA Fall 2018 torus+1,2,3,0,0,2,2.5,2.25,0.2,0.25,0.225,10.604,0.7832495555538929,0.09,0.15,0.12,0,18,9,14.59206984063488,8.258164800264836,0.5659351202711577,,,
torus_plus1,RGA Fall 2018 torus+1,2,3,0,1,2,2.5,2.25,0.2,0.25,0.225,10.604,0.7832495555538929,0.09,0.15,0.12,18,36,27,24.7717593554358,10.10270020379357,0.4078313558127103,,,
torus_plus1,RGA Fall 2018 torus+1,2,3,0,2,2,2.5,2.25,0.2,0.25,0.225,10.604,0.7832495555538929,0.09,0.15,0.12,36,54,45,36.7601890209044,14.89135012098554,0.4050944926457611,,,
torus_plus1,RGA Fall 2018 torus+1,2,3,0,3,2,2.5,2.25,0.2,0.25,0.225,10.604,0.7832495555538929,0.09,0.15,0.12,54,72,63,33.27718054677126,14.11520231930753,0.4241706204487047,,,
torus_plus1,RGA Fall 2018 torus+1,2,3,0,17,2,2.5,2.25,0.2,0.25,0.225,10.604,0.7832495555538929,0.09,0.15,0.12,306,324,315,26.11186519368156,17.26101736131485,0.6610411486610922,,,
torus_plus1,RGA Fall 2018 torus+1,2,3,0,18,2,2.5,2.25,0.2,0.25,0.225,10.604,0.7832495555538929,0.09,0.15,0.12,324,342,333,14.21513545590248,7.42104732352928,0.5220525225771151,,,
torus_plus1,RGA Fall 2018 torus+1,2,3,0,19,2,2.5,2.25,0.2,0.25,0.225,10.604,0.7832495555538929,0.09,0.15,0.12,342,360,351,19.66905254055633,9.530506783202876,0.4845432571574854,,,
torus_plus1,RGA Fall 2018 torus+1,2,3,1,0,2,2.5,2.25,0.2,0.25,0.225,10.604,0.7832495555538929,0.15,0.2,0.175,0,18,9,27.80374125332004,8.162326919495989,0.2935693741762658,,,
torus_plus1,RGA Fall 2018 torus+1,2,3,1,1,2,2.5,2.25,0.2,0.25,0.225,10.604,0.7832495555538929,0.15,0.2,0.175,18,36,27,29.6032638046947,6.727319695898474,0.2272492567130928,,,
torus_plus1,RGA Fall 2018 torus+1,2,3,1,2,2,2.5,2.25,0.2,0.25,0.225,10.604,0.7832495555538929,0.15,0.2,0.175,36,54,45,33.28311227714044,7.067494537013185,0.2123447614563165,,,
torus_plus1,RGA Fall 2018 torus+1,2,3,1,3,2,2.5,2.25,0.2,0.25,0.225,10.604,0.7832495555538929,0.15,0.2,0.175,54,72,63,23.69965006374319,6.41519867137321,0.2706874850100625,,,
torus_plus1,RGA Fall 2018 torus+1,2,3,1,4,2,2.5,2.25,0.2,0.25,0.225,10.604,0.7832495555538929,0.15,0.2,0.175,72,90,81,54.50156291032766,11.45037610154897,0.2100926191857739,,,
torus_plus1,RGA Fall 2018 torus+1,2,3,1,5,2,2.5,2.25,0.2,0.25,0.225,10.604,0.7832495555538929,0.15,0.2,0.175,90,108,99,43.2338051567072,8.821668778557743,0.2040456246352206,,,
torus_plus1,RGA Fall 2018 torus+1,2,3,1,6,2,2.5,2.25,0.2,0.25,0.225,10.604,0.7832495555538929,0.15,0.2,0.175,108,126,117,51.95249782927549,19.0673229442125,0.3670145563909338,,,
torus_plus1,RGA Fall 2018 torus+1,2,3,1,14,2,2.5,2.25,0.2,0.25,0.225,10.604,0.7832495555538929,0.15,0.2,0.175,252,270,261,46.36848271570366,16.07507074741272,0.3466809739273302,,,
torus_plus1,RGA Fall 2018 torus+1,2,3,1,15,2,2.5,2.25,0.2,0.25,0.225,10.604,0.7832495555538929,0.15,0.2,0.175,270,288,279,33.99370444533049,8.791007889029613,0.2586069400929083,,,
torus_plus1,RGA Fall 2018 torus+1,2,3,1,16,2,2.5,2.25,0.2,0.25,0.225,10.604,0.7832495555538929,0.15,0.2,0.175,288,306,297,25.26570212298808,8.670891663583651,0.343188232861117,,,
torus_plus1,RGA Fall 2018 torus+1,2,3,1,17,2,2.5,2.25,0.2,0.25,0.225,10.604,0.7832495555538929,0.15,0.2,0.175,306,324,315,35.63997020642955,11.30436820892562,0.3171823136621558,,,
torus_plus1,RGA Fall 2018 torus+1,2,3,1,18,2,2.5,2.25,0.2,0.25,0.225,10.604,0.7832495555538929,0.15,0.2,0.175,324,342,333,24.12839121602131,7.183729956123532,0.2977293385127773,,,
torus_plus1,RGA Fall 2018 torus+1,2,3,1,19,2,2.5,2.25,0.2,0.25,0.225,10.604,0.7832495555538929,0.15,0.2,0.175,342,360,351,19.38607709166499,5.383943318971043,0.2777221659396919,,,
torus_plus1,RGA Fall 2018 torus+1,2,3,2,0,2,2.5,2.25,0.2,0.25,0.225,10.604,0.7832495555538929,0.2,0.3,0.25,0,18,9,19.63140413551581,5.335273264280357,0.2717723718309145,,,
torus_plus1,RGA Fall 2018 torus+1,2,3,2,1,2,2.5,2.25,0.2,0.25,0.225,10.604,0.7832495555538929,0.2,0.3,0.25,18,36,27,23.67876835142443,4.964246701445253,0.2096497008530691,,,
torus_plus1,RGA Fall 2018 torus+1,2,3,2,2,2,2.5,2.25,0.2,0.25,0.225,10.604,0.7832495555538929,0.2,0.3,0.25,36,54,45,28.70070236358065,4.369615235894791,0.1522476760512855,,,
torus_plus1,RGA Fall 2018 torus+1,2,3,2,3,2,2.5,2.25,0.2,0.25,0.225,10.604,0.7832495555538929,0.2,0.3,0.25,54,72,63,46.4314163161103,7.137856737281071,0.1537290331332075,,,
torus_plus1,RGA Fall 2018 torus+1,2,3,2,4,2,2.5,2.25,0.2,0.25,0.225,10.604,0.7832495555538929,0.2,0.3,0.25,72,90,81,37.80263334642225,4.944247594508987,0.130791089319097,,,
torus_plus1,RGA Fall 2018 torus+1,2,3,2,5,2,2.5,2.25,0.2,0.25,0.225,10.604,0.7832495555538929,0.2,0.3,0.25,90,108,99,43.47031554282059,4.35325911400098,0.1001432600532376,,,
torus_plus1,RGA Fall 2018 torus+1,2,3,2,6,2,2.5,2.25,0.2,0.25,0.225,10.604,0.7832495555538929,0.2,0.3,0.25,108,126,117,42.23095684351163,6.353536357982969,0.1504473692492034,,,
torus_plus1,RGA Fall 2018 torus+1,2,3,2,7,2,2.5,2.25,0.2,0.25,0.225,10.604,0.7832495555538929,0.2,0.3,0.25,126,144,135,42.72527565756188,10.03192039598424,0.2348006008525004,,,
torus_plus1,RGA Fall 2018 torus+1,2,3,2,12,2,2.5,2.25,0.2,0.25,0.225,10.604,0.7832495555538929,0.2,0.3,0.25,216,234,225,44.63856256344135,12.34319523409062,0.2765141735141715,,,
torus_plus1,RGA Fall 2018 torus+1,2,3,2,13,2,2.5,2.25,0.2,0.25,0.225,10.604,0.7832495555538929,0.2,0.3,0.25,234,252,243,31.98603120203923,7.280733696140641,0.2276222908103856,,,
torus_plus1,RGA Fall 2018 torus+1,2,3,2,14,2,2.5,2.25,0.2,0.25,0.225,10.604,0.7832495555538929,0.2,0.3,0.25,252,270,261,48.9739730701581,7.980034213567842,0.16294439093467,,,
torus_plus1,RGA Fall 2018 torus+1,2,3,2,15,2,2.5,2.25,0.2,0.25,0.225,10.604,0.7832495555538929,0.2,0.3,0.25,270,288,279,47.2030522742771,6.806427222943268,0.1441946419776836,,,
torus_plus1,RGA Fall 2018 torus+1,2,3,2,16,2,2.5,2.25,0.2,0.25,0.225,10.604,0.7832495555538929,0.2,0.3,0.25,288,306,297,41.71997567057497,8.172671948525553,0.1958934974712778,,,
torus_plus1,RGA Fall 2018 torus+1,2,3,2,17,2,2.5,2.25,0.2,0.25,0.225,10.604,0.7832495555538929,0.2,0.3,0.25,306,324,315,28.63343759324264,8.866492435370791,0.3096551857071902,,,
torus_plus1,RGA Fall 2018 torus+1,2,3,2,18,2,2.5,2.25,0.2,0.25,0.225,10.604,0.7832495555538929,0.2,0.3,0.25,324,342,333,15.11847759021117,5.472903347467338,0.3620009564330012,,,
torus_plus1,RGA Fall 2018 torus+1,2,3,2,19,2,2.5,2.25,0.2,0.25,0.225,10.604,0.7832495555538929,0.2,0.3,0.25,342,360,351,19.37947251184801,4.451151234441181,0.2296838178500413,,,
torus_plus1,RGA Fall 2018 torus+1,2,3,3,0,2,2.5,2.25,0.2,0.25,0.225,10.604,0.7832495555538929,0.3,0.4,0.35,0,18,9,14.85806232523867,4.490787725201933,0.3022458532546098,,,
torus_plus1,RGA Fall 2018 torus+1,2,3,3,1,2,2.5,2.25,0.2,0.25,0.225,10.604,0.7832495555538929,0.3,0.4,0.35,18,36,27,12.67873898630812,4.138099151066018,0.3263809717618439,,,
torus_plus1,RGA Fall 2018 torus+1,2,3,3,2,2,2.5,2.25,0.2,0.25,0.225,10.604,0.7832495555538929,0.3,0.4,0.35,36,54,45,23.86137014071264,4.958231953258339,0.2077932626676172,,,
torus_plus1,RGA Fall 2018 torus+1,2,3,3,3,2,2.5,2.25,0.2,0.25,0.225,10.604,0.7832495555538929,0.3,0.4,0.35,54,72,63,29.5503545209091,6.803032067273127,0.23021828934267,,,
torus_plus1,RGA Fall 2018 torus+1,2,3,3,4,2,2.5,2.25,0.2,0.25,0.225,10.604,0.7832495555538929,0.3,0.4,0.35,72,90,81,32.62950497271039,5.104363477403115,0.1564339845692461,,,
torus_plus1,RGA Fall 2018 torus+1,2,3,3,5,2,2.5,2.25,0.2,0.25,0.225,10.604,0.7832495555538929,0.3,0.4,0.35,90,108,99,34.81597884835111,4.132341565483798,0.118690948873882,,,
torus_plus1,RGA Fall 2018 torus+1,2,3,3,6,2,2.5,2.25,0.2,0.25,0.225,10.604,0.7832495555538929,0.3,0.4,0.35,108,126,117,33.83059823478422,4.614651832672637,0.1364046772287907,,,
torus_plus1,RGA Fall 2018 torus+1,2,3,3,7,2,2.5,2.25,0.2,0.25,0.225,10.604,0.7832495555538929,0.3,0.4,0.35,126,144,135,22.53570998699616,4.098445745280362,0.1818645051629303,,,
torus_plus1,RGA Fall 2018 torus+1,2,3,3,8,2,2.5,2.25,0.2,0.25,0.225,10.604,0.7832495555538929,0.3,0.4,0.35,144,162,153,14.17991606079054,3.141099433792399,0.2215174913819117,,,
torus_plus1,RGA Fall 2018 torus+1,2,3,3,9,2,2.5,2.25,0.2,0.25,0.225,10.604,0.7832495555538929,0.3,0.4,0.35,162,180,171,15.37374097976743,3.00572836735257,0.1955105378260406,,,
torus_plus1,RGA Fall 2018 torus+1,2,3,3,10,2,2.5,2.25,0.2,0.25,0.225,10.604,0.7832495555538929,0.3,0.4,0.35,180,198,189,9.034530345390701,2.101488597753865,0.2326062913526011,,,
torus_plus1,RGA Fall 2018 torus+1,2,3,3,11,2,2.5,2.25,0.2,0.25,0.225,10.604,0.7832495555538929,0.3,0.4,0.35,198,216,207,16.31376036872985,3.437597530253739,0.2107176673284299,,,
torus_plus1,RGA Fall 2018 torus+1,2,3,3,12,2,2.5,2.25,0.2,0.25,0.225,10.604,0.7832495555538929,0.3,0.4,0.35,216,234,225,22.45825545925885,4.46233985612274,0.1986948569633022,,,
torus_plus1,RGA Fall 2018 torus+1,2,3,3,13,2,2.5,2.25,0.2,0.25,0.225,10.604,0.7832495555538929,0.3,0.4,0.35,234,252,243,32.04373451265029,4.992959573525405,0.1558170309878917,,,
torus_plus1,RGA Fall 2018 torus+1,2,3,3,14,2,2.5,2.25,0.2,0.25,0.225,10.604,0.7832495555538929,0.3,0.4,0.35,252,270,261,31.08716568696007,5.080166437880104,0.1634168418258551,,,
torus_plus1,RGA Fall 2018 torus+1,2,3,3,15,2,2.5,2.25,0.2,0.25,0.225,10.604,0.7832495555538929,0.3,0.4,0.35,270,288,279,41.09906019797539,6.561324137884923,0.1596465735780534,,,
torus_plus1,RGA Fall 2018 torus+1,2,3,3,16,2,2.5,2.25,0.2,0.25,0.225,10.604,0.7832495555538929,0.3,0.4,0.35,288,306,297,32.15714306323071,5.626279175499841,0.1749620345450735,,,
torus_plus1,RGA Fall 2018 torus+1,2,3,3,17,2,2.5,2.25,0.2,0.25,0.225,10.604,0.7832495555538929,0.3,0.4,0.35,306,324,315,21.67241576408696,6.209033614846214,0.2864947628558839,,,
torus_plus1,RGA Fall 2018 torus+1,2,3,3,18,2,2.5,2.25,0.2,0.25,0.225,10.604,0.7832495555538929,0.3,0.4,0.35,324,342,333,8.153182629591589,5.944029670609901,0.7290440973364596,,,
torus_plus1,RGA Fall 2018 torus+1,2,3,3,19,2,2.5,2.25,0.2,0.25,0.225,10.604,0.7832495555538929,0.3,0.4,0.35,342,360,351,12.411533146038,3.818250907680074,0.3076373291480863,,,
torus_plus1,RGA Fall 2018 torus+1,2,3,4,0,2,2.5,2.25,0.2,0.25,0.225,10.604,0.7832495555538929,0.4,0.6,0.5,0,18,9,9.2722813867766,2.095319638826633,0.2259767096601289,,,
torus_plus1,RGA Fall 2018 torus+1,2,3,4,1,2,2.5,2.25,0.2,0.25,0.225,10.604,0.7832495555538929,0.4,0.6,0.5,18,36,27,12.75551351917976,3.554807595089831,0.2786879250094214,,,
torus_plus1,RGA Fall 2018 torus+1,2,3,4,2,2,2.5,2.25,0.2,0.25,0.225,10.604,0.7832495555538929,0.4,0.6,0.5,36,54,45,19.03813194423308,4.740497797928334,0.2490001546272663,,,
torus_plus1,RGA Fall 2018 torus+1,2,3,4,3,2,2.5,2.25,0.2,0.25,0.225,10.604,0.7832495555538929,0.4,0.6,0.5,54,72,63,22.93541528198768,3.769959622820056,0.1643728520486303,,,
torus_plus1,RGA Fall 2018 torus+1,2,3,4,4,2,2.5,2.25,0.2,0.25,0.225,10.604,0.7832495555538929,0.4,0.6,0.5,72,90,81,28.41336357832084,3.574627051307679,0.1258079509472468,,,
torus_plus1,RGA Fall 2018 torus+1,2,3,4,5,2,2.5,2.25,0.2,0.25,0.225,10.604,0.7832495555538929,0.4,0.6,0.5,90,108,99,29.38282817867065,2.763986537190064,0.09406809039561667,,,
torus_plus1,RGA Fall 2018 torus+1,2,3,4,6,2,2.5,2.25,0.2,0.25,0.225,10.604,0.7832495555538929,0.4,0.6,0.5,108,126,117,20.06140717072198,2.110739611061905,0.1052139360464385,,,
torus_plus1,RGA Fall 2018 torus+1,2,3,4,7,2,2.5,2.25,0.2,0.25,0.225,10.604,0.7832495555538929,0.4,0.6,0.5,126,144,135,17.1598685320489,2.260603079709744,0.1317377854898883,,,
torus_plus1,RGA Fall 2018 torus+1,2,3,4,8,2,2.5,2.25,0.2,0.25,0.225,10.604,0.7832495555538929,0.4,0.6,0.5,144,162,153,9.671037074391581,1.150541148984901,0.1189677115426923,,,
torus_plus1,RGA Fall 2018 torus+1,2,3,4,9,2,2.5,2.25,0.2,0.25,0.225,10.604,0.7832495555538929,0.4,0.6,0.5,162,180,171,8.99774797550095,1.094472585262165,0.121638502016526,,,
torus_plus1,RGA Fall 2018 torus+1,2,3,4,10,2,2.5,2.25,0.2,0.25,0.225,10.604,0.7832495555538929,0.4,0.6,0.5,180,198,189,8.223621797900808,1.056974645037984,0.1285290922921323,,,
torus_plus1,RGA Fall 2018 torus+1,2,3,4,11,2,2.5,2.25,0.2,0.25,0.225,10.604,0.7832495555538929,0.4,0.6,0.5,198,216,207,9.470109025226702,1.349316945788992,0.1424816696613154,,,
torus_plus1,RGA Fall 2018 torus+1,2,3,4,12,2,2.5,2.25,0.2,0.25,0.225,10.604,0.7832495555538929,0.4,0.6,0.5,216,234,225,15.64926279439695,2.358804333520683,0.1507294218591068,,,
torus_plus1,RGA Fall 2018 torus+1,2,3,4,13,2,2.5,2.25,0.2,0.25,0.225,10.604,0.7832495555538929,0.4,0.6,0.5,234,252,243,19.31079714719516,2.380136405372621,0.1232541767815281,,,
torus_plus1,RGA Fall 2018 torus+1,2,3,4,14,2,2.5,2.25,0.2,0.25,0.225,10.604,0.7832495555538929,0.4,0.6,0.5,252,270,261,26.3598641141074,2.819354270165828,0.106956327921924,,,
torus_plus1,RGA Fall 2018 torus+1,2,3,4,15,2,2.5,2.25,0.2,0.25,0.225,10.604,0.7832495555538929,0.4,0.6,0.5,270,288,279,26.87185192239339,2.930224904970407,0.10904439758871,,,
torus_plus1,RGA Fall 2018 torus+1,2,3,4,16,2,2.5,2.25,0.2,0.25,0.225,10.604,0.7832495555538929,0.4,0.6,0.5,288,306,297,25.21497896879659,3.35726845227395,0.1331457962518451,,,
torus_plus1,RGA Fall 2018 torus+1,2,3,4,17,2,2.5,2.25,0.2,0.25,0.225,10.604,0.7832495555538929,0.4,0.6,0.5,306,324,315,27.71671186216171,3.982612276508183,0.143689926002556,,,
torus_plus1,RGA Fall 2018 torus+1,2,3,4,18,2,2.5,2.25,0.2,0.25,0.225,10.604,0.7832495555538929,0.4,0.6,0.5,324,342,333,20.36310008501761,5.551847070707475,0.2726425272933914,,,
torus_plus1,RGA Fall 2018 torus+1,2,3,5,0,2,2.5,2.25,0.2,0.25,0.225,10.604,0.7832495555538929,0.6,1,0.8,0,18,9,4.077973117804809,0.81124337020448,0.198932986257932,,,
torus_plus1,RGA Fall 2018 torus+1,2,3,5,1,2,2.5,2.25,0.2,0.25,0.225,10.604,0.7832495555538929,0.6,1,0.8,18,36,27,5.063918020392946,1.165403966908284,0.2301387902045563,,,
torus_plus1,RGA Fall 2018 torus+1,2,3,5,2,2,2.5,2.25,0.2,0.25,0.225,10.604,0.7832495555538929,0.6,1,0.8,36,54,45,6.854286387070879,1.855886520402505,0.2707629088716269,,,
torus_plus1,RGA Fall 2018 torus+1,2,3,5,3,2,2.5,2.25,0.2,0.25,0.225,10.604,0.7832495555538929,0.6,1,0.8,54,72,63,13.67336697253212,1.42553899249666,0.1042566176538937,,,
torus_plus1,RGA Fall 2018 torus+1,2,3,5,4,2,2.5,2.25,0.2,0.25,0.225,10.604,0.7832495555538929,0.6,1,0.8,72,90,81,11.23780948652163,1.329555273417374,0.1183108927956122,,,
torus_plus1,RGA Fall 2018 torus+1,2,3,5,5,2,2.5,2.25,0.2,0.25,0.225,10.604,0.7832495555538929,0.6,1,0.8,90,108,99,13.70992511976778,1.350548880383073,0.09850884440176638,,,
torus_plus1,RGA Fall 2018 torus+1,2,3,5,6,2,2.5,2.25,0.2,0.25,0.225,10.604,0.7832495555538929,0.6,1,0.8,108,126,117,13.66328123939987,1.505943386486121,0.1102182821314938,,,
torus_plus1,RGA Fall 2018 torus+1,2,3,5,7,2,2.5,2.25,0.2,0.25,0.225,10.604,0.7832495555538929,0.6,1,0.8,126,144,135,9.496816724581326,1.041860293124139,0.1097062650927456,,,
torus_plus1,RGA Fall 2018 torus+1,2,3,5,8,2,2.5,2.25,0.2,0.25,0.225,10.604,0.7832495555538929,0.6,1,0.8,144,162,153,6.85306811897677,0.6454562555184234,0.09418500506818198,,,
torus_plus1,RGA Fall 2018 torus+1,2,3,5,9,2,2.5,2.25,0.2,0.25,0.225,10.604,0.7832495555538929,0.6,1,0.8,162,180,171,5.148352344039037,0.507628469384041,0.09860018030269296,,,
torus_plus1,RGA Fall 2018 torus+1,2,3,5,10,2,2.5,2.25,0.2,0.25,0.225,10.604,0.7832495555538929,0.6,1,0.8,180,198,189,5.909114338985842,0.5612656846426838,0.09498304694151706,,,
torus_plus1,RGA Fall 2018 torus+1,2,3,5,11,2,2.5,2.25,0.2,0.25,0.225,10.604,0.7832495555538929,0.6,1,0.8,198,216,207,7.06068878383141,0.7306009792895913,0.1034744628544778,,,
torus_plus1,RGA Fall 2018 torus+1,2,3,5,12,2,2.5,2.25,0.2,0.25,0.225,10.604,0.7832495555538929,0.6,1,0.8,216,234,225,9.273811027354212,1.064328501139941,0.1147671111693539,,,
torus_plus1,RGA Fall 2018 torus+1,2,3,5,13,2,2.5,2.25,0.2,0.25,0.225,10.604,0.7832495555538929,0.6,1,0.8,234,252,243,11.46334563517069,1.405939923893459,0.1226465613651127,,,
torus_plus1,RGA Fall 2018 torus+1,2,3,5,14,2,2.5,2.25,0.2,0.25,0.225,10.604,0.7832495555538929,0.6,1,0.8,252,270,261,13.14065421269027,1.215091911177521,0.09246814439452149,,,
torus_plus1,RGA Fall 2018 torus+1,2,3,5,15,2,2.5,2.25,0.2,0.25,0.225,10.604,0.7832495555538929,0.6,1,0.8,270,288,279,14.95297227095227,1.27002916113702,0.08493489709762826,,,
torus_plus1,RGA Fall 2018 torus+1,2,3,5,16,2,2.5,2.25,0.2,0.25,0.225,10.604,0.7832495555538929,0.6,1,0.8,288,306,297,12.27076648669858,1.419959225749313,0.1157188695008204,,,
torus_plus1,RGA Fall 2018 torus+1,2,3,5,17,2,2.5,2.25,0.2,0.25,0.225,10.604,0.7832495555538929,0.6,1,0.8,306,324,315,9.279199189653227,1.286718049474569,0.138666928382066,,,
torus_plus1,RGA Fall 2018 torus+1,2,3,5,18,2,2.5,2.25,0.2,0.25,0.225,10.604,0.7832495555538929,0.6,1,0.8,324,342,333,5.431964749947154,1.170667948279527,0.2155146438111396,,,
torus_plus1,RGA Fall 2018 torus+1,2,3,5,19,2,2.5,2.25,0.2,0.25,0.225,10.604,0.7832495555538929,0.6,1,0.8,342,360,351,3.063159271037057,0.808393844962394,0.2639085249683102,,,
torus_plus1,RGA Fall 2018 torus+1,2,3,6,0,2,2.5,2.25,0.2,0.25,0.225,10.604,0.7832495555538929,1,1.5,1.25,0,18,9,0.7429929421610744,0.4016211674876308,0.5405450640210292,,,
torus_plus1,RGA Fall 2018 torus+1,2,3,6,1,2,2.5,2.25,0.2,0.25,0.225,10.604,0.7832495555538929,1,1.5,1.25,18,36,27,2.272228078560842,0.7963778407666603,0.3504832319786582,,,
torus_plus1,RGA Fall 2018 torus+1,2,3,6,2,2,2.5,2.25,0.2,0.25,0.225,10.604,0.7832495555538929,1,1.5,1.25,36,54,45,2.796811915452171,0.6179887183294462,0.22096184406077,,,
torus_plus1,RGA Fall 2018 torus+1,2,3,6,3,2,2.5,2.25,0.2,0.25,0.225,10.604,0.7832495555538929,1,1.5,1.25,54,72,63,5.747532642422978,0.6925627445030215,0.1204974008135531,,,
torus_plus1,RGA Fall 2018 torus+1,2,3,6,4,2,2.5,2.25,0.2,0.25,0.225,10.604,0.7832495555538929,1,1.5,1.25,72,90,81,5.844448383799993,0.8201975576132242,0.1403378905504066,,,
torus_plus1,RGA Fall 2018 torus+1,2,3,6,5,2,2.5,2.25,0.2,0.25,0.225,10.604,0.7832495555538929,1,1.5,1.25,90,108,99,6.296265987566588,1.05027299490524,0.1668088668711334,,,
torus_plus1,RGA Fall 2018 torus+1,2,3,6,6,2,2.5,2.25,0.2,0.25,0.225,10.604,0.7832495555538929,1,1.5,1.25,108,126,117,5.754322152691226,0.9440350477777091,0.1640566903846694,,,
torus_plus1,RGA Fall 2018 torus+1,2,3,6,7,2,2.5,2.25,0.2,0.25,0.225,10.604,0.7832495555538929,1,1.5,1.25,126,144,135,4.380018245426418,0.5301900078573653,0.121047442761451,,,
torus_plus1,RGA Fall 2018 torus+1,2,3,6,8,2,2.5,2.25,0.2,0.25,0.225,10.604,0.7832495555538929,1,1.5,1.25,144,162,153,3.418947068423531,0.3626390576860186,0.1060674676818646,,,
torus_plus1,RGA Fall 2018 torus+1,2,3,6,9,2,2.5,2.25,0.2,0.25,0.225,10.604,0.7832495555538929,1,1.5,1.25,162,180,171,2.834905623168091,0.3518558780486584,0.1241155526212717,,,
torus_plus1,RGA Fall 2018 torus+1,2,3,6,10,2,2.5,2.25,0.2,0.25,0.225,10.604,0.7832495555538929,1,1.5,1.25,180,198,189,3.069651721682578,0.3777645810953231,0.1230643132662157,,,
torus_plus1,RGA Fall 2018 torus+1,2,3,6,11,2,2.5,2.25,0.2,0.25,0.225,10.604,0.7832495555538929,1,1.5,1.25,198,216,207,3.516506104205798,0.4227427546522929,0.1202166986562844,,,
torus_plus1,RGA Fall 2018 torus+1,2,3,6,12,2,2.5,2.25,0.2,0.25,0.225,10.604,0.7832495555538929,1,1.5,1.25,216,234,225,4.211391128829626,0.4913054310520709,0.1166610784946513,,,
torus_plus1,RGA Fall 2018 torus+1,2,3,6,13,2,2.5,2.25,0.2,0.25,0.225,10.604,0.7832495555538929,1,1.5,1.25,234,252,243,7.020292561980516,0.9175583343297943,0.1307008684081022,,,
torus_plus1,RGA Fall 2018 torus+1,2,3,6,14,2,2.5,2.25,0.2,0.25,0.225,10.604,0.7832495555538929,1,1.5,1.25,252,270,261,8.731394235817623,1.055565361303677,0.1208931051324625,,,
torus_plus1,RGA Fall 2018 torus+1,2,3,6,15,2,2.5,2.25,0.2,0.25,0.225,10.604,0.7832495555538929,1,1.5,1.25,270,288,279,7.160703008537527,0.759135226922639,0.1060140639847151,,,
torus_plus1,RGA Fall 2018 torus+1,2,3,6,16,2,2.5,2.25,0.2,0.25,0.225,10.604,0.7832495555538929,1,1.5,1.25,288,306,297,4.86918304910141,0.6261323692342458,0.1285908463329996,,,
torus_plus1,RGA Fall 2018 torus+1,2,3,6,17,2,2.5,2.25,0.2,0.25,0.225,10.604,0.7832495555538929,1,1.5,1.25,306,324,315,2.079795878472353,0.5667212729114782,0.2724888912308765,,,
torus_plus1,RGA Fall 2018 torus+1,2,3,6,18,2,2.5,2.25,0.2,0.25,0.225,10.604,0.7832495555538929,1,1.5,1.25,324,342,333,2.16778511704631,0.7157815086496181,0.3301902494952534,,,
torus_plus1,RGA Fall 2018 torus+1,2,3,6,19,2,2.5,2.25,0.2,0.25,0.225,10.604,0.7832495555538929,1,1.5,1.25,342,360,351,1.591275274368969,0.664983946666897,0.4178937217073273,,,
torus_plus1,RGA Fall 2018 torus+1,2,3,7,1,2,2.5,2.25,0.2,0.25,0.225,10.604,0.7832495555538929,1.5,2,1.75,18,36,27,2.560708914139213,1.496320770849889,0.5843384863417322,,,
torus_plus1,RGA Fall 2018 torus+1,2,3,7,2,2,2.5,2.25,0.2,0.25,0.225,10.604,0.7832495555538929,1.5,2,1.75,36,54,45,1.538011681823583,0.5434064562492951,0.3533175090094187,,,
torus_plus1,RGA Fall 2018 torus+1,2,3,7,3,2,2.5,2.25,0.2,0.25,0.225,10.604,0.7832495555538929,1.5,2,1.75,54,72,63,3.028323228377632,0.5987878384770003,0.1977291700126046,,,
torus_plus1,RGA Fall 2018 torus+1,2,3,7,4,2,2.5,2.25,0.2,0.25,0.225,10.604,0.7832495555538929,1.5,2,1.75,72,90,81,2.744669853057694,0.5153408939590252,0.1877606129512847,,,
torus_plus1,RGA Fall 2018 torus+1,2,3,7,5,2,2.5,2.25,0.2,0.25,0.225,10.604,0.7832495555538929,1.5,2,1.75,90,108,99,2.515726826643449,0.6089418629016845,0.2420540483380508,,,
torus_plus1,RGA Fall 2018 torus+1,2,3,7,6,2,2.5,2.25,0.2,0.25,0.225,10.604,0.7832495555538929,1.5,2,1.75,108,126,117,2.911644945227739,0.4961385910143725,0.1703980397155073,,,
torus_plus1,RGA Fall 2018 torus+1,2,3,7,7,2,2.5,2.25,0.2,0.25,0.225,10.604,0.7832495555538929,1.5,2,1.75,126,144,135,2.54188410821698,0.4453604842505405,0.1752088078330767,,,
torus_plus1,RGA Fall 2018 torus+1,2,3,7,8,2,2.5,2.25,0.2,0.25,0.225,10.604,0.7832495555538929,1.5,2,1.75,144,162,153,2.013587838230445,0.2794239256567173,0.1387691762691003,,,
torus_plus1,RGA Fall 2018 torus+1,2,3,7,9,2,2.5,2.25,0.2,0.25,0.225,10.604,0.7832495555538929,1.5,2,1.75,162,180,171,1.274151482954798,0.2075060807369958,0.1628582499906389,,,
torus_plus1,RGA Fall 2018 torus+1,2,3,7,10,2,2.5,2.25,0.2,0.25,0.225,10.604,0.7832495555538929,1.5,2,1.75,180,198,189,1.339699009532058,0.2762500164931869,0.2062030460033542,,,
torus_plus1,RGA Fall 2018 torus+1,2,3,7,11,2,2.5,2.25,0.2,0.25,0.225,10.604,0.7832495555538929,1.5,2,1.75,198,216,207,1.696749067019294,0.3082411392066283,0.1816657189905637,,,
torus_plus1,RGA Fall 2018 torus+1,2,3,7,12,2,2.5,2.25,0.2,0.25,0.225,10.604,0.7832495555538929,1.5,2,1.75,216,234,225,3.354342843690438,0.5503003017357203,0.1640560692151198,,,
torus_plus1,RGA Fall 2018 torus+1,2,3,7,13,2,2.5,2.25,0.2,0.25,0.225,10.604,0.7832495555538929,1.5,2,1.75,234,252,243,3.775591797639573,0.5592890913757278,0.1481328282695668,,,
torus_plus1,RGA Fall 2018 torus+1,2,3,7,14,2,2.5,2.25,0.2,0.25,0.225,10.604,0.7832495555538929,1.5,2,1.75,252,270,261,3.36361812969457,0.5966107679413017,0.1773717303621135,,,
torus_plus1,RGA Fall 2018 torus+1,2,3,7,15,2,2.5,2.25,0.2,0.25,0.225,10.604,0.7832495555538929,1.5,2,1.75,270,288,279,3.217518206222882,0.5706347949247957,0.1773524680672054,,,
torus_plus1,RGA Fall 2018 torus+1,2,3,7,16,2,2.5,2.25,0.2,0.25,0.225,10.604,0.7832495555538929,1.5,2,1.75,288,306,297,4.288679235315797,0.7633352674910479,0.1779884261814791,,,
torus_plus1,RGA Fall 2018 torus+1,2,3,7,17,2,2.5,2.25,0.2,0.25,0.225,10.604,0.7832495555538929,1.5,2,1.75,306,324,315,1.972637412907553,0.7008120612954029,0.3552665364196081,,,
torus_plus1,RGA Fall 2018 torus+1,2,3,7,18,2,2.5,2.25,0.2,0.25,0.225,10.604,0.7832495555538929,1.5,2,1.75,324,342,333,2.559776325538293,1.197925755600566,0.4679806370772083,,,
torus_plus1,RGA Fall 2018 torus+1,2,3,7,19,2,2.5,2.25,0.2,0.25,0.225,10.604,0.7832495555538929,1.5,2,1.75,342,360,351,0.6730831890995884,0.3805054542889854,0.5653171263986008,,,
torus_plus1,RGA Fall 2018 torus+1,2,4,1,0,2,2.5,2.25,0.25,0.3,0.275,10.604,0.8606420663373128,0.15,0.2,0.175,0,18,9,37.18130017396311,8.64106203593934,0.2324034392425686,,,
torus_plus1,RGA Fall 2018 torus+1,2,4,1,1,2,2.5,2.25,0.25,0.3,0.275,10.604,0.8606420663373128,0.15,0.2,0.175,18,36,27,43.42260249277555,8.65419833871818,0.1993016963955126,,,
torus_plus1,RGA Fall 2018 torus+1,2,4,1,2,2,2.5,2.25,0.25,0.3,0.275,10.604,0.8606420663373128,0.15,0.2,0.175,36,54,45,60.25931434721899,9.754562184112098,0.1618764217578967,,,
torus_plus1,RGA Fall 2018 torus+1,2,4,1,3,2,2.5,2.25,0.25,0.3,0.275,10.604,0.8606420663373128,0.15,0.2,0.175,54,72,63,87.55636449230292,18.77568196919545,0.2144410869280214,,,
torus_plus1,RGA Fall 2018 torus+1,2,4,1,4,2,2.5,2.25,0.25,0.3,0.275,10.604,0.8606420663373128,0.15,0.2,0.175,72,90,81,104.9794013763372,52.50531979539715,0.5001487825899535,,,
torus_plus1,RGA Fall 2018 torus+1,2,4,1,15,2,2.5,2.25,0.25,0.3,0.275,10.604,0.8606420663373128,0.15,0.2,0.175,270,288,279,63.10955113593819,27.24347808875791,0.4316854992372766,,,
torus_plus1,RGA Fall 2018 torus+1,2,4,1,16,2,2.5,2.25,0.25,0.3,0.275,10.604,0.8606420663373128,0.15,0.2,0.175,288,306,297,48.99735190875355,17.98521544439647,0.3670650503294516,,,
torus_plus1,RGA Fall 2018 torus+1,2,4,1,17,2,2.5,2.25,0.25,0.3,0.275,10.604,0.8606420663373128,0.15,0.2,0.175,306,324,315,54.31196213898245,13.4296671504859,0.2472690475832902,,,
torus_plus1,RGA Fall 2018 torus+1,2,4,1,18,2,2.5,2.25,0.25,0.3,0.275,10.604,0.8606420663373128,0.15,0.2,0.175,324,342,333,25.22675360615719,6.600174281914789,0.2616339139374581,,,
torus_plus1,RGA Fall 2018 torus+1,2,4,1,19,2,2.5,2.25,0.25,0.3,0.275,10.604,0.8606420663373128,0.15,0.2,0.175,342,360,351,38.11126817759599,6.816990740388546,0.1788707399770015,,,
torus_plus1,RGA Fall 2018 torus+1,2,4,2,0,2,2.5,2.25,0.25,0.3,0.275,10.604,0.8606420663373128,0.2,0.3,0.25,0,18,9,37.65631010573043,5.026653662827027,0.1334876850310961,,,
torus_plus1,RGA Fall 2018 torus+1,2,4,2,1,2,2.5,2.25,0.25,0.3,0.275,10.604,0.8606420663373128,0.2,0.3,0.25,18,36,27,44.61138861007496,5.525727663934845,0.1238636105285215,,,
torus_plus1,RGA Fall 2018 torus+1,2,4,2,2,2,2.5,2.25,0.25,0.3,0.275,10.604,0.8606420663373128,0.2,0.3,0.25,36,54,45,46.57660761733246,4.765521604328388,0.1023157728334642,,,
torus_plus1,RGA Fall 2018 torus+1,2,4,2,3,2,2.5,2.25,0.25,0.3,0.275,10.604,0.8606420663373128,0.2,0.3,0.25,54,72,63,52.49673702336535,6.77201893733988,0.1289988544302435,,,
torus_plus1,RGA Fall 2018 torus+1,2,4,2,4,2,2.5,2.25,0.25,0.3,0.275,10.604,0.8606420663373128,0.2,0.3,0.25,72,90,81,57.56114849258012,10.3530108062359,0.1798610882055359,,,
torus_plus1,RGA Fall 2018 torus+1,2,4,2,5,2,2.5,2.25,0.25,0.3,0.275,10.604,0.8606420663373128,0.2,0.3,0.25,90,108,99,68.02834223552193,15.72059940026115,0.231088967975063,,,
torus_plus1,RGA Fall 2018 torus+1,2,4,2,14,2,2.5,2.25,0.25,0.3,0.275,10.604,0.8606420663373128,0.2,0.3,0.25,252,270,261,84.0618368849932,21.9425554349876,0.2610287408423835,,,
torus_plus1,RGA Fall 2018 torus+1,2,4,2,15,2,2.5,2.25,0.25,0.3,0.275,10.604,0.8606420663373128,0.2,0.3,0.25,270,288,279,75.14183469698256,9.642574456266347,0.1283249802876261,,,
torus_plus1,RGA Fall 2018 torus+1,2,4,2,16,2,2.5,2.25,0.25,0.3,0.275,10.604,0.8606420663373128,0.2,0.3,0.25,288,306,297,58.67625137092245,9.016161503403321,0.1536594668668858,,,
torus_plus1,RGA Fall 2018 torus+1,2,4,2,17,2,2.5,2.25,0.25,0.3,0.275,10.604,0.8606420663373128,0.2,0.3,0.25,306,324,315,54.14070734201406,8.950119729669295,0.1653122053454196,,,
torus_plus1,RGA Fall 2018 torus+1,2,4,2,18,2,2.5,2.25,0.25,0.3,0.275,10.604,0.8606420663373128,0.2,0.3,0.25,324,342,333,38.82557641243618,6.201768212866305,0.1597340924700302,,,
torus_plus1,RGA Fall 2018 torus+1,2,4,2,19,2,2.5,2.25,0.25,0.3,0.275,10.604,0.8606420663373128,0.2,0.3,0.25,342,360,351,29.19204031875019,4.168046356490315,0.1427802343028814,,,
torus_plus1,RGA Fall 2018 torus+1,2,4,3,0,2,2.5,2.25,0.25,0.3,0.275,10.604,0.8606420663373128,0.3,0.4,0.35,0,18,9,23.49906724331245,4.56317089971273,0.1941851926489275,,,
torus_plus1,RGA Fall 2018 torus+1,2,4,3,1,2,2.5,2.25,0.25,0.3,0.275,10.604,0.8606420663373128,0.3,0.4,0.35,18,36,27,31.87106107402968,4.496042882805352,0.1410697583102741,,,
torus_plus1,RGA Fall 2018 torus+1,2,4,3,2,2,2.5,2.25,0.25,0.3,0.275,10.604,0.8606420663373128,0.3,0.4,0.35,36,54,45,37.17614687446355,4.677554420517983,0.1258213885455411,,,
torus_plus1,RGA Fall 2018 torus+1,2,4,3,3,2,2.5,2.25,0.25,0.3,0.275,10.604,0.8606420663373128,0.3,0.4,0.35,54,72,63,46.32974950943653,6.179095652601255,0.1333720928351379,,,
torus_plus1,RGA Fall 2018 torus+1,2,4,3,4,2,2.5,2.25,0.25,0.3,0.275,10.604,0.8606420663373128,0.3,0.4,0.35,72,90,81,57.60981959697433,7.988354836965605,0.1386630767610519,,,
torus_plus1,RGA Fall 2018 torus+1,2,4,3,5,2,2.5,2.25,0.25,0.3,0.275,10.604,0.8606420663373128,0.3,0.4,0.35,90,108,99,72.11668387207514,8.897712482863106,0.1233793902482593,,,
torus_plus1,RGA Fall 2018 torus+1,2,4,3,6,2,2.5,2.25,0.25,0.3,0.275,10.604,0.8606420663373128,0.3,0.4,0.35,108,126,117,55.75758081727714,9.312663472378953,0.1670205797288342,,,
torus_plus1,RGA Fall 2018 torus+1,2,4,3,7,2,2.5,2.25,0.25,0.3,0.275,10.604,0.8606420663373128,0.3,0.4,0.35,126,144,135,27.24363406369172,7.914634003624327,0.2905131519943721,,,
torus_plus1,RGA Fall 2018 torus+1,2,4,3,8,2,2.5,2.25,0.25,0.3,0.275,10.604,0.8606420663373128,0.3,0.4,0.35,144,162,153,16.11676116863118,9.555837543139475,0.592913020373998,,,
torus_plus1,RGA Fall 2018 torus+1,2,4,3,10,2,2.5,2.25,0.25,0.3,0.275,10.604,0.8606420663373128,0.3,0.4,0.35,180,198,189,13.54402683187607,6.746043414718012,0.4980825494852904,,,
torus_plus1,RGA Fall 2018 torus+1,2,4,3,11,2,2.5,2.25,0.25,0.3,0.275,10.604,0.8606420663373128,0.3,0.4,0.35,198,216,207,6.77604237625712,4.496002581647866,0.6635145313437844,,,
torus_plus1,RGA Fall 2018 torus+1,2,4,3,12,2,2.5,2.25,0.25,0.3,0.275,10.604,0.8606420663373128,0.3,0.4,0.35,216,234,225,46.79077061639523,8.264943883954333,0.1766361992990631,,,
torus_plus1,RGA Fall 2018 torus+1,2,4,3,13,2,2.5,2.25,0.25,0.3,0.275,10.604,0.8606420663373128,0.3,0.4,0.35,234,252,243,36.9883960297964,5.934167457221723,0.1604332194464824,,,
torus_plus1,RGA Fall 2018 torus+1,2,4,3,14,2,2.5,2.25,0.25,0.3,0.275,10.604,0.8606420663373128,0.3,0.4,0.35,252,270,261,63.85575169223998,8.937810343240091,0.1399687593737347,,,
torus_plus1,RGA Fall 2018 torus+1,2,4,3,15,2,2.5,2.25,0.25,0.3,0.275,10.604,0.8606420663373128,0.3,0.4,0.35,270,288,279,52.36372544543153,6.245214839075317,0.1192660527101626,,,
torus_plus1,RGA Fall 2018 torus+1,2,4,3,16,2,2.5,2.25,0.25,0.3,0.275,10.604,0.8606420663373128,0.3,0.4,0.35,288,306,297,42.32165152970448,7.43945969390443,0.1757837755618508,,,
torus_plus1,RGA Fall 2018 torus+1,2,4,3,17,2,2.5,2.25,0.25,0.3,0.275,10.604,0.8606420663373128,0.3,0.4,0.35,306,324,315,38.32077858983271,8.607291456909415,0.2246116016858046,,,
torus_plus1,RGA Fall 2018 torus+1,2,4,3,18,2,2.5,2.25,0.25,0.3,0.275,10.604,0.8606420663373128,0.3,0.4,0.35,324,342,333,23.56513408700366,5.954176949476803,0.2526689187294112,,,
torus_plus1,RGA Fall 2018 torus+1,2,4,3,19,2,2.5,2.25,0.25,0.3,0.275,10.604,0.8606420663373128,0.3,0.4,0.35,342,360,351,15.1770101680471,3.008268466029361,0.1982121928311556,,,
torus_plus1,RGA Fall 2018 torus+1,2,4,4,0,2,2.5,2.25,0.25,0.3,0.275,10.604,0.8606420663373128,0.4,0.6,0.5,0,18,9,16.45102353106449,3.2687068803404,0.1986932225929953,,,
torus_plus1,RGA Fall 2018 torus+1,2,4,4,1,2,2.5,2.25,0.25,0.3,0.275,10.604,0.8606420663373128,0.4,0.6,0.5,18,36,27,25.36998618126351,3.716768473532229,0.1465025817111865,,,
torus_plus1,RGA Fall 2018 torus+1,2,4,4,2,2,2.5,2.25,0.25,0.3,0.275,10.604,0.8606420663373128,0.4,0.6,0.5,36,54,45,33.32988104405828,4.027794582690419,0.1208463533778034,,,
torus_plus1,RGA Fall 2018 torus+1,2,4,4,3,2,2.5,2.25,0.25,0.3,0.275,10.604,0.8606420663373128,0.4,0.6,0.5,54,72,63,35.41950244764887,4.645179373222476,0.1311475049681513,,,
torus_plus1,RGA Fall 2018 torus+1,2,4,4,4,2,2.5,2.25,0.25,0.3,0.275,10.604,0.8606420663373128,0.4,0.6,0.5,72,90,81,42.44866605286244,5.347727896183009,0.1259810588517279,,,
torus_plus1,RGA Fall 2018 torus+1,2,4,4,5,2,2.5,2.25,0.25,0.3,0.275,10.604,0.8606420663373128,0.4,0.6,0.5,90,108,99,53.66122536459336,4.685687818510632,0.08731980655816954,,,
torus_plus1,RGA Fall 2018 torus+1,2,4,4,6,2,2.5,2.25,0.25,0.3,0.275,10.604,0.8606420663373128,0.4,0.6,0.5,108,126,117,39.71760760578168,3.316203155440825,0.08349453442301713,,,
torus_plus1,RGA Fall 2018 torus+1,2,4,4,7,2,2.5,2.25,0.25,0.3,0.275,10.604,0.8606420663373128,0.4,0.6,0.5,126,144,135,29.74880687729528,2.257996445190074,0.07590208422487724,,,
torus_plus1,RGA Fall 2018 torus+1,2,4,4,8,2,2.5,2.25,0.25,0.3,0.275,10.604,0.8606420663373128,0.4,0.6,0.5,144,162,153,20.66935111255922,2.037272724089696,0.0985649096091748,,,
torus_plus1,RGA Fall 2018 torus+1,2,4,4,9,2,2.5,2.25,0.25,0.3,0.275,10.604,0.8606420663373128,0.4,0.6,0.5,162,180,171,14.56533426078686,1.728728267944413,0.1186878541193892,,,
torus_plus1,RGA Fall 2018 torus+1,2,4,4,10,2,2.5,2.25,0.25,0.3,0.275,10.604,0.8606420663373128,0.4,0.6,0.5,180,198,189,14.5665133115218,1.429012063210333,0.09810254744215387,,,
torus_plus1,RGA Fall 2018 torus+1,2,4,4,11,2,2.5,2.25,0.25,0.3,0.275,10.604,0.8606420663373128,0.4,0.6,0.5,198,216,207,18.4164824217176,1.923405645759602,0.1044393604443936,,,
torus_plus1,RGA Fall 2018 torus+1,2,4,4,12,2,2.5,2.25,0.25,0.3,0.275,10.604,0.8606420663373128,0.4,0.6,0.5,216,234,225,31.48128324551449,2.985885639904914,0.0948463763887499,,,
torus_plus1,RGA Fall 2018 torus+1,2,4,4,13,2,2.5,2.25,0.25,0.3,0.275,10.604,0.8606420663373128,0.4,0.6,0.5,234,252,243,33.47453088126238,3.238353370042061,0.0967408141290713,,,
torus_plus1,RGA Fall 2018 torus+1,2,4,4,14,2,2.5,2.25,0.25,0.3,0.275,10.604,0.8606420663373128,0.4,0.6,0.5,252,270,261,49.26966526548792,4.415200099565134,0.08961295100695284,,,
torus_plus1,RGA Fall 2018 torus+1,2,4,4,15,2,2.5,2.25,0.25,0.3,0.275,10.604,0.8606420663373128,0.4,0.6,0.5,270,288,279,52.14584098202468,4.708601957748066,0.09029678818242054,,,
torus_plus1,RGA Fall 2018 torus+1,2,4,4,16,2,2.5,2.25,0.25,0.3,0.275,10.604,0.8606420663373128,0.4,0.6,0.5,288,306,297,37.86355610500345,4.341177509965569,0.1146531904696587,,,
torus_plus1,RGA Fall 2018 torus+1,2,4,4,17,2,2.5,2.25,0.25,0.3,0.275,10.604,0.8606420663373128,0.4,0.6,0.5,306,324,315,27.39033773800236,3.898201794014658,0.1423203259230407,,,
torus_plus1,RGA Fall 2018 torus+1,2,4,4,18,2,2.5,2.25,0.25,0.3,0.275,10.604,0.8606420663373128,0.4,0.6,0.5,324,342,333,22.89580987338604,5.567915061260358,0.2431848924345092,,,
torus_plus1,RGA Fall 2018 torus+1,2,4,4,19,2,2.5,2.25,0.25,0.3,0.275,10.604,0.8606420663373128,0.4,0.6,0.5,342,360,351,17.51457403446645,3.352618397681297,0.1914187802160515,,,
torus_plus1,RGA Fall 2018 torus+1,2,4,5,0,2,2.5,2.25,0.25,0.3,0.275,10.604,0.8606420663373128,0.6,1,0.8,0,18,9,7.275573821354009,1.566341939333729,0.2152877529379845,,,
torus_plus1,RGA Fall 2018 torus+1,2,4,5,1,2,2.5,2.25,0.25,0.3,0.275,10.604,0.8606420663373128,0.6,1,0.8,18,36,27,10.69929971868323,2.758556806926034,0.2578259212711849,,,
torus_plus1,RGA Fall 2018 torus+1,2,4,5,2,2,2.5,2.25,0.25,0.3,0.275,10.604,0.8606420663373128,0.6,1,0.8,36,54,45,12.9340057703293,2.600010342312081,0.2010212758893708,,,
torus_plus1,RGA Fall 2018 torus+1,2,4,5,3,2,2.5,2.25,0.25,0.3,0.275,10.604,0.8606420663373128,0.6,1,0.8,54,72,63,19.43196057642873,1.93899288996799,0.09978369821931496,,,
torus_plus1,RGA Fall 2018 torus+1,2,4,5,4,2,2.5,2.25,0.25,0.3,0.275,10.604,0.8606420663373128,0.6,1,0.8,72,90,81,24.6135963050729,2.2147626055238,0.08998126799809965,,,
torus_plus1,RGA Fall 2018 torus+1,2,4,5,5,2,2.5,2.25,0.25,0.3,0.275,10.604,0.8606420663373128,0.6,1,0.8,90,108,99,25.46144428036441,2.419981912956234,0.09504495842062256,,,
torus_plus1,RGA Fall 2018 torus+1,2,4,5,6,2,2.5,2.25,0.25,0.3,0.275,10.604,0.8606420663373128,0.6,1,0.8,108,126,117,17.84214488308725,1.602439696125715,0.08981205491973579,,,
torus_plus1,RGA Fall 2018 torus+1,2,4,5,7,2,2.5,2.25,0.25,0.3,0.275,10.604,0.8606420663373128,0.6,1,0.8,126,144,135,16.89222759479174,1.156307289504823,0.06845203114960034,,,
torus_plus1,RGA Fall 2018 torus+1,2,4,5,8,2,2.5,2.25,0.25,0.3,0.275,10.604,0.8606420663373128,0.6,1,0.8,144,162,153,12.13296814299988,0.8260486482190958,0.06808298171422174,,,
torus_plus1,RGA Fall 2018 torus+1,2,4,5,9,2,2.5,2.25,0.25,0.3,0.275,10.604,0.8606420663373128,0.6,1,0.8,162,180,171,10.9253823646866,0.8340393014276027,0.07633959833968039,,,
torus_plus1,RGA Fall 2018 torus+1,2,4,5,10,2,2.5,2.25,0.25,0.3,0.275,10.604,0.8606420663373128,0.6,1,0.8,180,198,189,9.400129278328254,0.7638409472745977,0.08125855769192585,,,
torus_plus1,RGA Fall 2018 torus+1,2,4,5,11,2,2.5,2.25,0.25,0.3,0.275,10.604,0.8606420663373128,0.6,1,0.8,198,216,207,12.03044947653089,0.9344516320506486,0.07767387526738589,,,
torus_plus1,RGA Fall 2018 torus+1,2,4,5,12,2,2.5,2.25,0.25,0.3,0.275,10.604,0.8606420663373128,0.6,1,0.8,216,234,225,16.16178273190833,1.328977534382246,0.08222963743711488,,,
torus_plus1,RGA Fall 2018 torus+1,2,4,5,13,2,2.5,2.25,0.25,0.3,0.275,10.604,0.8606420663373128,0.6,1,0.8,234,252,243,21.09429405406512,1.708980726709437,0.08101625597563414,,,
torus_plus1,RGA Fall 2018 torus+1,2,4,5,14,2,2.5,2.25,0.25,0.3,0.275,10.604,0.8606420663373128,0.6,1,0.8,252,270,261,29.29767490776592,2.453083275207851,0.08372962301379121,,,
torus_plus1,RGA Fall 2018 torus+1,2,4,5,15,2,2.5,2.25,0.25,0.3,0.275,10.604,0.8606420663373128,0.6,1,0.8,270,288,279,22.00851493584705,1.769190416305124,0.08038663314913178,,,
torus_plus1,RGA Fall 2018 torus+1,2,4,5,16,2,2.5,2.25,0.25,0.3,0.275,10.604,0.8606420663373128,0.6,1,0.8,288,306,297,23.51487558547407,2.100790889918922,0.08933880522917378,,,
torus_plus1,RGA Fall 2018 torus+1,2,4,5,17,2,2.5,2.25,0.25,0.3,0.275,10.604,0.8606420663373128,0.6,1,0.8,306,324,315,16.19025319995053,1.662166631455114,0.1026646471137457,,,
torus_plus1,RGA Fall 2018 torus+1,2,4,5,18,2,2.5,2.25,0.25,0.3,0.275,10.604,0.8606420663373128,0.6,1,0.8,324,342,333,12.70282375323163,2.358782003358892,0.1856895796699386,,,
torus_plus1,RGA Fall 2018 torus+1,2,4,5,19,2,2.5,2.25,0.25,0.3,0.275,10.604,0.8606420663373128,0.6,1,0.8,342,360,351,6.464018577671852,1.393087869460154,0.2155142118978722,,,
torus_plus1,RGA Fall 2018 torus+1,2,4,6,0,2,2.5,2.25,0.25,0.3,0.275,10.604,0.8606420663373128,1,1.5,1.25,0,18,9,3.859610945034932,1.045622711042981,0.2709140185199464,,,
torus_plus1,RGA Fall 2018 torus+1,2,4,6,1,2,2.5,2.25,0.25,0.3,0.275,10.604,0.8606420663373128,1,1.5,1.25,18,36,27,2.442638334838984,0.9824764071605732,0.4022193515706601,,,
torus_plus1,RGA Fall 2018 torus+1,2,4,6,2,2,2.5,2.25,0.25,0.3,0.275,10.604,0.8606420663373128,1,1.5,1.25,36,54,45,6.446313424003982,1.034326604407078,0.1604524223962771,,,
torus_plus1,RGA Fall 2018 torus+1,2,4,6,3,2,2.5,2.25,0.25,0.3,0.275,10.604,0.8606420663373128,1,1.5,1.25,54,72,63,9.77053230893064,1.127233031178317,0.1153706876490222,,,
torus_plus1,RGA Fall 2018 torus+1,2,4,6,4,2,2.5,2.25,0.25,0.3,0.275,10.604,0.8606420663373128,1,1.5,1.25,72,90,81,12.28418369304828,1.219787447572633,0.09929739558216809,,,
torus_plus1,RGA Fall 2018 torus+1,2,4,6,5,2,2.5,2.25,0.25,0.3,0.275,10.604,0.8606420663373128,1,1.5,1.25,90,108,99,12.47922248612946,1.489065183605633,0.1193235544330358,,,
torus_plus1,RGA Fall 2018 torus+1,2,4,6,6,2,2.5,2.25,0.25,0.3,0.275,10.604,0.8606420663373128,1,1.5,1.25,108,126,117,10.30417954100633,0.985581104155582,0.09564867345656985,,,
torus_plus1,RGA Fall 2018 torus+1,2,4,6,7,2,2.5,2.25,0.25,0.3,0.275,10.604,0.8606420663373128,1,1.5,1.25,126,144,135,6.946618540976479,0.7311207034008772,0.1052484311738391,,,
torus_plus1,RGA Fall 2018 torus+1,2,4,6,8,2,2.5,2.25,0.25,0.3,0.275,10.604,0.8606420663373128,1,1.5,1.25,144,162,153,6.625698989870267,0.5893621888549228,0.08895094536530744,,,
torus_plus1,RGA Fall 2018 torus+1,2,4,6,9,2,2.5,2.25,0.25,0.3,0.275,10.604,0.8606420663373128,1,1.5,1.25,162,180,171,5.53253097283095,0.5754319983144958,0.1040088164242218,,,
torus_plus1,RGA Fall 2018 torus+1,2,4,6,10,2,2.5,2.25,0.25,0.3,0.275,10.604,0.8606420663373128,1,1.5,1.25,180,198,189,5.141615905634501,0.5976302275229886,0.1162339308286464,,,
torus_plus1,RGA Fall 2018 torus+1,2,4,6,11,2,2.5,2.25,0.25,0.3,0.275,10.604,0.8606420663373128,1,1.5,1.25,198,216,207,7.065899666055826,0.7530592303051924,0.1065765530075166,,,
torus_plus1,RGA Fall 2018 torus+1,2,4,6,12,2,2.5,2.25,0.25,0.3,0.275,10.604,0.8606420663373128,1,1.5,1.25,216,234,225,6.411368610622002,0.6588262882879364,0.102759071939247,,,
torus_plus1,RGA Fall 2018 torus+1,2,4,6,13,2,2.5,2.25,0.25,0.3,0.275,10.604,0.8606420663373128,1,1.5,1.25,234,252,243,9.399939048639764,0.8857621300184769,0.09423062484076988,,,
torus_plus1,RGA Fall 2018 torus+1,2,4,6,14,2,2.5,2.25,0.25,0.3,0.275,10.604,0.8606420663373128,1,1.5,1.25,252,270,261,15.45457759174371,1.577853395077587,0.1020961838465596,,,
torus_plus1,RGA Fall 2018 torus+1,2,4,6,15,2,2.5,2.25,0.25,0.3,0.275,10.604,0.8606420663373128,1,1.5,1.25,270,288,279,11.49874728697928,1.06071600760243,0.09224622309975826,,,
torus_plus1,RGA Fall 2018 torus+1,2,4,6,16,2,2.5,2.25,0.25,0.3,0.275,10.604,0.8606420663373128,1,1.5,1.25,288,306,297,9.358991972579252,1.057605298899862,0.1130041891261924,,,
torus_plus1,RGA Fall 2018 torus+1,2,4,6,17,2,2.5,2.25,0.25,0.3,0.275,10.604,0.8606420663373128,1,1.5,1.25,306,324,315,5.695781908055776,0.8888744382750779,0.1560583696187361,,,
torus_plus1,RGA Fall 2018 torus+1,2,4,6,18,2,2.5,2.25,0.25,0.3,0.275,10.604,0.8606420663373128,1,1.5,1.25,324,342,333,3.700521946946929,1.075063348080539,0.2905166794018091,,,
torus_plus1,RGA Fall 2018 torus+1,2,4,6,19,2,2.5,2.25,0.25,0.3,0.275,10.604,0.8606420663373128,1,1.5,1.25,342,360,351,2.712264248623684,0.7443825261099876,0.2744505910468415,,,
torus_plus1,RGA Fall 2018 torus+1,2,4,7,0,2,2.5,2.25,0.25,0.3,0.275,10.604,0.8606420663373128,1.5,2,1.75,0,18,9,0.8175418036545438,0.5822886097859049,0.7122432237507378,,,
torus_plus1,RGA Fall 2018 torus+1,2,4,7,1,2,2.5,2.25,0.25,0.3,0.275,10.604,0.8606420663373128,1.5,2,1.75,18,36,27,1.037501781167469,0.9131656748304625,0.8801581755386533,,,
torus_plus1,RGA Fall 2018 torus+1,2,4,7,2,2,2.5,2.25,0.25,0.3,0.275,10.604,0.8606420663373128,1.5,2,1.75,36,54,45,2.753024702437883,0.6014366690180528,0.2184639565658322,,,
torus_plus1,RGA Fall 2018 torus+1,2,4,7,3,2,2.5,2.25,0.25,0.3,0.275,10.604,0.8606420663373128,1.5,2,1.75,54,72,63,5.880410036480353,0.8221598508233876,0.1398133541237681,,,
torus_plus1,RGA Fall 2018 torus+1,2,4,7,4,2,2.5,2.25,0.25,0.3,0.275,10.604,0.8606420663373128,1.5,2,1.75,72,90,81,4.976366695200368,0.8775002004733568,0.1763335088066747,,,
torus_plus1,RGA Fall 2018 torus+1,2,4,7,5,2,2.5,2.25,0.25,0.3,0.275,10.604,0.8606420663373128,1.5,2,1.75,90,108,99,5.987193472009619,0.9217705790192759,0.1539570390248106,,,
torus_plus1,RGA Fall 2018 torus+1,2,4,7,6,2,2.5,2.25,0.25,0.3,0.275,10.604,0.8606420663373128,1.5,2,1.75,108,126,117,5.690844777861204,0.7167198593275375,0.1259426126180344,,,
torus_plus1,RGA Fall 2018 torus+1,2,4,7,7,2,2.5,2.25,0.25,0.3,0.275,10.604,0.8606420663373128,1.5,2,1.75,126,144,135,3.55526254538576,0.6996692063851425,0.1967981822589211,,,
torus_plus1,RGA Fall 2018 torus+1,2,4,7,8,2,2.5,2.25,0.25,0.3,0.275,10.604,0.8606420663373128,1.5,2,1.75,144,162,153,2.373517713422672,0.4676659677805677,0.1970349600240319,,,
torus_plus1,RGA Fall 2018 torus+1,2,4,7,9,2,2.5,2.25,0.25,0.3,0.275,10.604,0.8606420663373128,1.5,2,1.75,162,180,171,2.626020389293966,0.5175172583930258,0.1970728256729819,,,
torus_plus1,RGA Fall 2018 torus+1,2,4,7,10,2,2.5,2.25,0.25,0.3,0.275,10.604,0.8606420663373128,1.5,2,1.75,180,198,189,2.047014262355239,0.5605291630259382,0.2738276783577505,,,
torus_plus1,RGA Fall 2018 torus+1,2,4,7,11,2,2.5,2.25,0.25,0.3,0.275,10.604,0.8606420663373128,1.5,2,1.75,198,216,207,3.166203736361091,0.6140342320052897,0.1939338978580695,,,
torus_plus1,RGA Fall 2018 torus+1,2,4,7,12,2,2.5,2.25,0.25,0.3,0.275,10.604,0.8606420663373128,1.5,2,1.75,216,234,225,3.652939628845076,0.5731203813525529,0.1568929244893522,,,
torus_plus1,RGA Fall 2018 torus+1,2,4,7,13,2,2.5,2.25,0.25,0.3,0.275,10.604,0.8606420663373128,1.5,2,1.75,234,252,243,6.515848590523289,0.8170673336356752,0.125396918342152,,,
torus_plus1,RGA Fall 2018 torus+1,2,4,7,14,2,2.5,2.25,0.25,0.3,0.275,10.604,0.8606420663373128,1.5,2,1.75,252,270,261,6.801093118409934,0.7430857890493311,0.1092597581170983,,,
torus_plus1,RGA Fall 2018 torus+1,2,4,7,15,2,2.5,2.25,0.25,0.3,0.275,10.604,0.8606420663373128,1.5,2,1.75,270,288,279,6.681944355357728,0.9697903525760335,0.1451359516034333,,,
torus_plus1,RGA Fall 2018 torus+1,2,4,7,16,2,2.5,2.25,0.25,0.3,0.275,10.604,0.8606420663373128,1.5,2,1.75,288,306,297,5.113918318294304,0.7658622511674328,0.1497603605493016,,,
torus_plus1,RGA Fall 2018 torus+1,2,4,7,17,2,2.5,2.25,0.25,0.3,0.275,10.604,0.8606420663373128,1.5,2,1.75,306,324,315,2.440672017021358,0.7237734160218261,0.296546775221823,,,
torus_plus1,RGA Fall 2018 torus+1,2,4,7,18,2,2.5,2.25,0.25,0.3,0.275,10.604,0.8606420663373128,1.5,2,1.75,324,342,333,0.6063891846040733,0.530171843653179,0.8743095310965044,,,
torus_plus1,RGA Fall 2018 torus+1,2,4,7,19,2,2.5,2.25,0.25,0.3,0.275,10.604,0.8606420663373128,1.5,2,1.75,342,360,351,0.2647646466432885,0.4650081232254365,1.756307456908821,,,
torus_plus1,RGA Fall 2018 torus+1,2,5,1,0,2,2.5,2.248709896452215,0.3,0.38,0.3356822271261246,10.604,0.9080501201049564,0.15,0.2,0.175,0,18,9,99.71677727126912,26.35344875508099,0.2642829970666739,,,
torus_plus1,RGA Fall 2018 torus+1,2,5,1,1,2,2.5,2.248709896452215,0.3,0.38,0.3356822271261246,10.604,0.9080501201049564,0.15,0.2,0.175,18,36,27,89.97172448204904,28.74457961494078,0.3194845911914896,,,
torus_plus1,RGA Fall 2018 torus+1,2,5,1,2,2,2.5,2.248709896452215,0.3,0.38,0.3356822271261246,10.604,0.9080501201049564,0.15,0.2,0.175,36,54,45,154.812865893765,49.96521046816844,0.3227458530640169,,,
torus_plus1,RGA Fall 2018 torus+1,2,5,1,18,2,2.5,2.248709896452215,0.3,0.38,0.3356822271261246,10.604,0.9080501201049564,0.15,0.2,0.175,324,342,333,92.73778266633946,28.25338015563992,0.3046587846217171,,,
torus_plus1,RGA Fall 2018 torus+1,2,5,1,19,2,2.5,2.248709896452215,0.3,0.38,0.3356822271261246,10.604,0.9080501201049564,0.15,0.2,0.175,342,360,351,65.06788043406159,21.01965875715125,0.3230420080834218,,,
torus_plus1,RGA Fall 2018 torus+1,2,5,2,0,2,2.5,2.25,0.3,0.38,0.34,10.604,0.9102640176705501,0.2,0.3,0.25,0,18,9,49.20011951902935,5.870682824242168,0.1193225317668494,,,
torus_plus1,RGA Fall 2018 torus+1,2,5,2,1,2,2.5,2.25,0.3,0.38,0.34,10.604,0.9102640176705501,0.2,0.3,0.25,18,36,27,59.67187344390546,6.13938044444915,0.1028856660620933,,,
torus_plus1,RGA Fall 2018 torus+1,2,5,2,2,2,2.5,2.25,0.3,0.38,0.34,10.604,0.9102640176705501,0.2,0.3,0.25,36,54,45,82.50483660419297,7.037279525013453,0.08529535739551797,,,
torus_plus1,RGA Fall 2018 torus+1,2,5,2,3,2,2.5,2.25,0.3,0.38,0.34,10.604,0.9102640176705501,0.2,0.3,0.25,54,72,63,118.5702251665772,13.29823222879769,0.1121549040673174,,,
torus_plus1,RGA Fall 2018 torus+1,2,5,2,16,2,2.5,2.25,0.3,0.38,0.34,10.604,0.9102640176705501,0.2,0.3,0.25,288,306,297,101.2619799622431,16.91622852738334,0.1670540960555065,,,
torus_plus1,RGA Fall 2018 torus+1,2,5,2,17,2,2.5,2.25,0.3,0.38,0.34,10.604,0.9102640176705501,0.2,0.3,0.25,306,324,315,60.57824014413436,9.746516358688982,0.1608913751125653,,,
torus_plus1,RGA Fall 2018 torus+1,2,5,2,18,2,2.5,2.25,0.3,0.38,0.34,10.604,0.9102640176705501,0.2,0.3,0.25,324,342,333,55.35962681292917,6.20738243716254,0.1121283287934451,,,
torus_plus1,RGA Fall 2018 torus+1,2,5,2,19,2,2.5,2.25,0.3,0.38,0.34,10.604,0.9102640176705501,0.2,0.3,0.25,342,360,351,38.40636651531355,3.922404789911117,0.1021290256225399,,,
torus_plus1,RGA Fall 2018 torus+1,2,5,3,0,2,2.5,2.25,0.3,0.38,0.34,10.604,0.9102640176705501,0.3,0.4,0.35,0,18,9,40.01690230084259,3.993495347393982,0.09979521446641051,,,
torus_plus1,RGA Fall 2018 torus+1,2,5,3,1,2,2.5,2.25,0.3,0.38,0.34,10.604,0.9102640176705501,0.3,0.4,0.35,18,36,27,50.69484801963691,4.923490304870659,0.0971201314769406,,,
torus_plus1,RGA Fall 2018 torus+1,2,5,3,2,2,2.5,2.25,0.3,0.38,0.34,10.604,0.9102640176705501,0.3,0.4,0.35,36,54,45,57.9204303827516,5.153961774789753,0.08898348545981412,,,
torus_plus1,RGA Fall 2018 torus+1,2,5,3,3,2,2.5,2.25,0.3,0.38,0.34,10.604,0.9102640176705501,0.3,0.4,0.35,54,72,63,85.3718482723352,7.513633271759995,0.08801066655827332,,,
torus_plus1,RGA Fall 2018 torus+1,2,5,3,4,2,2.5,2.25,0.3,0.38,0.34,10.604,0.9102640176705501,0.3,0.4,0.35,72,90,81,83.21951499782628,9.381121291472878,0.112727420866583,,,
torus_plus1,RGA Fall 2018 torus+1,2,5,3,5,2,2.5,2.25,0.3,0.38,0.34,10.604,0.9102640176705501,0.3,0.4,0.35,90,108,99,61.26940353677379,6.777090198189979,0.1106113297499686,,,
torus_plus1,RGA Fall 2018 torus+1,2,5,3,6,2,2.5,2.25,0.3,0.38,0.34,10.604,0.9102640176705501,0.3,0.4,0.35,108,126,117,60.54635954006481,13.17769805315717,0.2176464143056727,,,
torus_plus1,RGA Fall 2018 torus+1,2,5,3,13,2,2.5,2.25,0.3,0.38,0.34,10.604,0.9102640176705501,0.3,0.4,0.35,234,252,243,93.50679011782358,14.3238692128123,0.1531853376077123,,,
torus_plus1,RGA Fall 2018 torus+1,2,5,3,14,2,2.5,2.25,0.3,0.38,0.34,10.604,0.9102640176705501,0.3,0.4,0.35,252,270,261,67.41466618997089,9.058731770284975,0.1343733089882543,,,
torus_plus1,RGA Fall 2018 torus+1,2,5,3,15,2,2.5,2.25,0.3,0.38,0.34,10.604,0.9102640176705501,0.3,0.4,0.35,270,288,279,102.7650905448711,10.63493038669859,0.1034877732341897,,,
torus_plus1,RGA Fall 2018 torus+1,2,5,3,16,2,2.5,2.25,0.3,0.38,0.34,10.604,0.9102640176705501,0.3,0.4,0.35,288,306,297,77.2874033532906,8.928362752572593,0.1155215774524072,,,
torus_plus1,RGA Fall 2018 torus+1,2,5,3,17,2,2.5,2.25,0.3,0.38,0.34,10.604,0.9102640176705501,0.3,0.4,0.35,306,324,315,56.87386418639029,8.272501982295358,0.1454534890610605,,,
torus_plus1,RGA Fall 2018 torus+1,2,5,3,18,2,2.5,2.25,0.3,0.38,0.34,10.604,0.9102640176705501,0.3,0.4,0.35,324,342,333,48.67196968082135,5.590242927774178,0.1148554900168125,,,
torus_plus1,RGA Fall 2018 torus+1,2,5,3,19,2,2.5,2.25,0.3,0.38,0.34,10.604,0.9102640176705501,0.3,0.4,0.35,342,360,351,39.52831588495726,3.598178642319955,0.09102787613800831,,,
torus_plus1,RGA Fall 2018 torus+1,2,5,4,0,2,2.5,2.25,0.3,0.38,0.34,10.604,0.9102640176705501,0.4,0.6,0.5,0,18,9,33.1042633505684,2.904883160782057,0.08774951824240429,,,
torus_plus1,RGA Fall 2018 torus+1,2,5,4,1,2,2.5,2.25,0.3,0.38,0.34,10.604,0.9102640176705501,0.4,0.6,0.5,18,36,27,43.26694524204429,3.257411016106211,0.07528636463433173,,,
torus_plus1,RGA Fall 2018 torus+1,2,5,4,2,2,2.5,2.25,0.3,0.38,0.34,10.604,0.9102640176705501,0.4,0.6,0.5,36,54,45,53.87677124153574,3.520975965314129,0.06535239369726129,,,
torus_plus1,RGA Fall 2018 torus+1,2,5,4,3,2,2.5,2.25,0.3,0.38,0.34,10.604,0.9102640176705501,0.4,0.6,0.5,54,72,63,66.08773277300516,4.472410310295061,0.06767383480466295,,,
torus_plus1,RGA Fall 2018 torus+1,2,5,4,4,2,2.5,2.25,0.3,0.38,0.34,10.604,0.9102640176705501,0.4,0.6,0.5,72,90,81,59.39024429119242,5.107359007215265,0.085996598737222,,,
torus_plus1,RGA Fall 2018 torus+1,2,5,4,5,2,2.5,2.25,0.3,0.38,0.34,10.604,0.9102640176705501,0.4,0.6,0.5,90,108,99,50.42179211403162,3.459326584936271,0.0686077673937653,,,
torus_plus1,RGA Fall 2018 torus+1,2,5,4,6,2,2.5,2.25,0.3,0.38,0.34,10.604,0.9102640176705501,0.4,0.6,0.5,108,126,117,54.43500362758093,3.470618440143561,0.06375710864075483,,,
torus_plus1,RGA Fall 2018 torus+1,2,5,4,7,2,2.5,2.25,0.3,0.38,0.34,10.604,0.9102640176705501,0.4,0.6,0.5,126,144,135,45.96766589765837,4.934139534695613,0.1073393533985584,,,
torus_plus1,RGA Fall 2018 torus+1,2,5,4,8,2,2.5,2.25,0.3,0.38,0.34,10.604,0.9102640176705501,0.4,0.6,0.5,144,162,153,30.09880939272929,7.273959541111665,0.2416693446641373,,,
torus_plus1,RGA Fall 2018 torus+1,2,5,4,11,2,2.5,2.25,0.3,0.38,0.34,10.604,0.9102640176705501,0.4,0.6,0.5,198,216,207,40.75559480872665,9.073210342743456,0.2226249030427765,,,
torus_plus1,RGA Fall 2018 torus+1,2,5,4,12,2,2.5,2.25,0.3,0.38,0.34,10.604,0.9102640176705501,0.4,0.6,0.5,216,234,225,42.4957686929939,3.629637109224494,0.0854117297052894,,,
torus_plus1,RGA Fall 2018 torus+1,2,5,4,13,2,2.5,2.25,0.3,0.38,0.34,10.604,0.9102640176705501,0.4,0.6,0.5,234,252,243,50.35043151942039,3.05820708426821,0.06073844835051008,,,
torus_plus1,RGA Fall 2018 torus+1,2,5,4,14,2,2.5,2.25,0.3,0.38,0.34,10.604,0.9102640176705501,0.4,0.6,0.5,252,270,261,62.86501369296644,4.334792050741014,0.06895396654031122,,,
torus_plus1,RGA Fall 2018 torus+1,2,5,4,15,2,2.5,2.25,0.3,0.38,0.34,10.604,0.9102640176705501,0.4,0.6,0.5,270,288,279,81.72143605964828,5.848092235530063,0.07156130040668345,,,
torus_plus1,RGA Fall 2018 torus+1,2,5,4,16,2,2.5,2.25,0.3,0.38,0.34,10.604,0.9102640176705501,0.4,0.6,0.5,288,306,297,61.11234955460424,4.46158371279618,0.07300625397833427,,,
torus_plus1,RGA Fall 2018 torus+1,2,5,4,17,2,2.5,2.25,0.3,0.38,0.34,10.604,0.9102640176705501,0.4,0.6,0.5,306,324,315,40.65778505043448,4.42667966150772,0.1088765572452259,,,
torus_plus1,RGA Fall 2018 torus+1,2,5,4,18,2,2.5,2.25,0.3,0.38,0.34,10.604,0.9102640176705501,0.4,0.6,0.5,324,342,333,36.17416837702548,3.89605896425596,0.107702792878312,,,
torus_plus1,RGA Fall 2018 torus+1,2,5,4,19,2,2.5,2.25,0.3,0.38,0.34,10.604,0.9102640176705501,0.4,0.6,0.5,342,360,351,30.55784519378987,2.622376297102577,0.08581679370623653,,,
torus_plus1,RGA Fall 2018 torus+1,2,5,5,0,2,2.5,2.25,0.3,0.38,0.34,10.604,0.9102640176705501,0.6,1,0.8,0,18,9,12.23865119809079,1.661292858550891,0.1357414989333179,,,
torus_plus1,RGA Fall 2018 torus+1,2,5,5,1,2,2.5,2.25,0.3,0.38,0.34,10.604,0.9102640176705501,0.6,1,0.8,18,36,27,22.50725257718218,2.472242317490285,0.1098420302083712,,,
torus_plus1,RGA Fall 2018 torus+1,2,5,5,2,2,2.5,2.25,0.3,0.38,0.34,10.604,0.9102640176705501,0.6,1,0.8,36,54,45,36.36137908538319,3.010396698243585,0.08279104846861339,,,
torus_plus1,RGA Fall 2018 torus+1,2,5,5,3,2,2.5,2.25,0.3,0.38,0.34,10.604,0.9102640176705501,0.6,1,0.8,54,72,63,34.54850467042949,2.268057335598662,0.06564849498507883,,,
torus_plus1,RGA Fall 2018 torus+1,2,5,5,4,2,2.5,2.25,0.3,0.38,0.34,10.604,0.9102640176705501,0.6,1,0.8,72,90,81,42.71638498071601,2.961973639650309,0.06934045661840227,,,
torus_plus1,RGA Fall 2018 torus+1,2,5,5,5,2,2.5,2.25,0.3,0.38,0.34,10.604,0.9102640176705501,0.6,1,0.8,90,108,99,41.46457703814752,2.533066213850558,0.06108988430100543,,,
torus_plus1,RGA Fall 2018 torus+1,2,5,5,6,2,2.5,2.25,0.3,0.38,0.34,10.604,0.9102640176705501,0.6,1,0.8,108,126,117,38.57932216034742,1.840744223085548,0.04771323392969046,,,
torus_plus1,RGA Fall 2018 torus+1,2,5,5,7,2,2.5,2.25,0.3,0.38,0.34,10.604,0.9102640176705501,0.6,1,0.8,126,144,135,27.35827132095361,1.729435150477809,0.06321434312091351,,,
torus_plus1,RGA Fall 2018 torus+1,2,5,5,8,2,2.5,2.25,0.3,0.38,0.34,10.604,0.9102640176705501,0.6,1,0.8,144,162,153,27.0978338642311,2.190633805669669,0.08084165755260925,,,
torus_plus1,RGA Fall 2018 torus+1,2,5,5,9,2,2.5,2.25,0.3,0.38,0.34,10.604,0.9102640176705501,0.6,1,0.8,162,180,171,18.0258605267454,2.655935262671948,0.1473402758626293,,,
torus_plus1,RGA Fall 2018 torus+1,2,5,5,10,2,2.5,2.25,0.3,0.38,0.34,10.604,0.9102640176705501,0.6,1,0.8,180,198,189,19.52053600878509,2.294151526855043,0.1175250272749977,,,
torus_plus1,RGA Fall 2018 torus+1,2,5,5,11,2,2.5,2.25,0.3,0.38,0.34,10.604,0.9102640176705501,0.6,1,0.8,198,216,207,23.51414760291711,2.137717616392721,0.09091197573870466,,,
torus_plus1,RGA Fall 2018 torus+1,2,5,5,12,2,2.5,2.25,0.3,0.38,0.34,10.604,0.9102640176705501,0.6,1,0.8,216,234,225,30.13959981653564,1.98368797320479,0.06581666595707317,,,
torus_plus1,RGA Fall 2018 torus+1,2,5,5,13,2,2.5,2.25,0.3,0.38,0.34,10.604,0.9102640176705501,0.6,1,0.8,234,252,243,39.50382358649484,1.986476065216316,0.05028566566137239,,,
torus_plus1,RGA Fall 2018 torus+1,2,5,5,14,2,2.5,2.25,0.3,0.38,0.34,10.604,0.9102640176705501,0.6,1,0.8,252,270,261,43.72936671066572,2.5415399352075,0.05811975169966528,,,
torus_plus1,RGA Fall 2018 torus+1,2,5,5,15,2,2.5,2.25,0.3,0.38,0.34,10.604,0.9102640176705501,0.6,1,0.8,270,288,279,50.6759379636637,2.970627147312805,0.05862007230024714,,,
torus_plus1,RGA Fall 2018 torus+1,2,5,5,16,2,2.5,2.25,0.3,0.38,0.34,10.604,0.9102640176705501,0.6,1,0.8,288,306,297,44.28435963243726,2.745003907307638,0.06198585527918501,,,
torus_plus1,RGA Fall 2018 torus+1,2,5,5,17,2,2.5,2.25,0.3,0.38,0.34,10.604,0.9102640176705501,0.6,1,0.8,306,324,315,30.69628123209234,2.20886374023726,0.0719586755000126,,,
torus_plus1,RGA Fall 2018 torus+1,2,5,5,18,2,2.5,2.25,0.3,0.38,0.34,10.604,0.9102640176705501,0.6,1,0.8,324,342,333,15.77525762914674,2.112635236515965,0.1339208072654617,,,
torus_plus1,RGA Fall 2018 torus+1,2,5,5,19,2,2.5,2.25,0.3,0.38,0.34,10.604,0.9102640176705501,0.6,1,0.8,342,360,351,15.34975041947162,1.886540887166338,0.1229036847904188,,,
torus_plus1,RGA Fall 2018 torus+1,2,5,6,0,2,2.5,2.25,0.3,0.38,0.34,10.604,0.9102640176705501,1,1.5,1.25,0,18,9,4.389927006958717,1.067253429328904,0.2431141628635605,,,
torus_plus1,RGA Fall 2018 torus+1,2,5,6,1,2,2.5,2.25,0.3,0.38,0.34,10.604,0.9102640176705501,1,1.5,1.25,18,36,27,7.513422870306793,1.37911392973944,0.1835533489256578,,,
torus_plus1,RGA Fall 2018 torus+1,2,5,6,2,2,2.5,2.25,0.3,0.38,0.34,10.604,0.9102640176705501,1,1.5,1.25,36,54,45,10.91747542362566,1.316074821902895,0.1205475415181499,,,
torus_plus1,RGA Fall 2018 torus+1,2,5,6,3,2,2.5,2.25,0.3,0.38,0.34,10.604,0.9102640176705501,1,1.5,1.25,54,72,63,20.83930601937539,1.525889125766353,0.07322168618991702,,,
torus_plus1,RGA Fall 2018 torus+1,2,5,6,4,2,2.5,2.25,0.3,0.38,0.34,10.604,0.9102640176705501,1,1.5,1.25,72,90,81,26.64535944326202,2.029311357523117,0.07616002936062032,,,
torus_plus1,RGA Fall 2018 torus+1,2,5,6,5,2,2.5,2.25,0.3,0.38,0.34,10.604,0.9102640176705501,1,1.5,1.25,90,108,99,19.25008704867405,1.431889653748051,0.0743835417537335,,,
torus_plus1,RGA Fall 2018 torus+1,2,5,6,6,2,2.5,2.25,0.3,0.38,0.34,10.604,0.9102640176705501,1,1.5,1.25,108,126,117,19.83420985860321,1.372999897191262,0.06922382625671954,,,
torus_plus1,RGA Fall 2018 torus+1,2,5,6,7,2,2.5,2.25,0.3,0.38,0.34,10.604,0.9102640176705501,1,1.5,1.25,126,144,135,12.46870318424634,1.505215188828887,0.1207194658968754,,,
torus_plus1,RGA Fall 2018 torus+1,2,5,6,8,2,2.5,2.25,0.3,0.38,0.34,10.604,0.9102640176705501,1,1.5,1.25,144,162,153,15.24690616007263,2.241044997829049,0.1469835896083441,,,
torus_plus1,RGA Fall 2018 torus+1,2,5,6,9,2,2.5,2.25,0.3,0.38,0.34,10.604,0.9102640176705501,1,1.5,1.25,162,180,171,6.545662750228803,1.820359965503101,0.2781017041306429,,,
torus_plus1,RGA Fall 2018 torus+1,2,5,6,10,2,2.5,2.25,0.3,0.38,0.34,10.604,0.9102640176705501,1,1.5,1.25,180,198,189,6.739767938867546,1.446583048898765,0.2146339550589673,,,
torus_plus1,RGA Fall 2018 torus+1,2,5,6,11,2,2.5,2.25,0.3,0.38,0.34,10.604,0.9102640176705501,1,1.5,1.25,198,216,207,10.19541829333176,1.551046287399903,0.1521316970794964,,,
torus_plus1,RGA Fall 2018 torus+1,2,5,6,12,2,2.5,2.25,0.3,0.38,0.34,10.604,0.9102640176705501,1,1.5,1.25,216,234,225,13.51034264128325,1.641288252899749,0.1214838362340642,,,
torus_plus1,RGA Fall 2018 torus+1,2,5,6,13,2,2.5,2.25,0.3,0.38,0.34,10.604,0.9102640176705501,1,1.5,1.25,234,252,243,19.02915418102667,1.393284660465209,0.07321842301611105,,,
torus_plus1,RGA Fall 2018 torus+1,2,5,6,14,2,2.5,2.25,0.3,0.38,0.34,10.604,0.9102640176705501,1,1.5,1.25,252,270,261,21.96928774734721,1.523056737746989,0.06932663249089165,,,
torus_plus1,RGA Fall 2018 torus+1,2,5,6,15,2,2.5,2.25,0.3,0.38,0.34,10.604,0.9102640176705501,1,1.5,1.25,270,288,279,26.09561349188308,1.761169731251986,0.06748911006824154,,,
torus_plus1,RGA Fall 2018 torus+1,2,5,6,16,2,2.5,2.25,0.3,0.38,0.34,10.604,0.9102640176705501,1,1.5,1.25,288,306,297,22.12345527493759,1.558283298977678,0.07043580126215498,,,
torus_plus1,RGA Fall 2018 torus+1,2,5,6,17,2,2.5,2.25,0.3,0.38,0.34,10.604,0.9102640176705501,1,1.5,1.25,306,324,315,14.95427275611051,1.288049901047533,0.08613256706323072,,,
torus_plus1,RGA Fall 2018 torus+1,2,5,6,18,2,2.5,2.25,0.3,0.38,0.34,10.604,0.9102640176705501,1,1.5,1.25,324,342,333,10.04165994346701,1.244447735029362,0.1239284881220246,,,
torus_plus1,RGA Fall 2018 torus+1,2,5,6,19,2,2.5,2.25,0.3,0.38,0.34,10.604,0.9102640176705501,1,1.5,1.25,342,360,351,5.354984459554847,1.116621264938053,0.208519982340131,,,
torus_plus1,RGA Fall 2018 torus+1,2,5,7,0,2,2.5,2.25,0.3,0.38,0.34,10.604,0.9102640176705501,1.5,2,1.75,0,18,9,1.018919966495708,0.6218724102756313,0.6103250802066317,,,
torus_plus1,RGA Fall 2018 torus+1,2,5,7,1,2,2.5,2.25,0.3,0.38,0.34,10.604,0.9102640176705501,1.5,2,1.75,18,36,27,1.850248822698295,0.7389288255867587,0.3993672724023938,,,
torus_plus1,RGA Fall 2018 torus+1,2,5,7,2,2,2.5,2.25,0.3,0.38,0.34,10.604,0.9102640176705501,1.5,2,1.75,36,54,45,3.81960521956162,0.7249043071464406,0.189785138902297,,,
torus_plus1,RGA Fall 2018 torus+1,2,5,7,3,2,2.5,2.25,0.3,0.38,0.34,10.604,0.9102640176705501,1.5,2,1.75,54,72,63,8.659977154053234,0.8796442867300525,0.1015758207073724,,,
torus_plus1,RGA Fall 2018 torus+1,2,5,7,4,2,2.5,2.25,0.3,0.38,0.34,10.604,0.9102640176705501,1.5,2,1.75,72,90,81,10.16331806192259,1.170245835485445,0.1151440728663047,,,
torus_plus1,RGA Fall 2018 torus+1,2,5,7,5,2,2.5,2.25,0.3,0.38,0.34,10.604,0.9102640176705501,1.5,2,1.75,90,108,99,9.881203805057087,1.148821630162957,0.1162633271034247,,,
torus_plus1,RGA Fall 2018 torus+1,2,5,7,6,2,2.5,2.25,0.3,0.38,0.34,10.604,0.9102640176705501,1.5,2,1.75,108,126,117,9.21815724311322,1.502860583330492,0.1630326478161633,,,
torus_plus1,RGA Fall 2018 torus+1,2,5,7,7,2,2.5,2.25,0.3,0.38,0.34,10.604,0.9102640176705501,1.5,2,1.75,126,144,135,10.60587122691007,3.976636984868549,0.3749467535282444,,,
torus_plus1,RGA Fall 2018 torus+1,2,5,7,12,2,2.5,2.25,0.3,0.38,0.34,10.604,0.9102640176705501,1.5,2,1.75,216,234,225,4.974806297288366,1.731391583222972,0.3480319593883901,,,
torus_plus1,RGA Fall 2018 torus+1,2,5,7,13,2,2.5,2.25,0.3,0.38,0.34,10.604,0.9102640176705501,1.5,2,1.75,234,252,243,8.86228038825303,1.322072121367358,0.1491796764994895,,,
torus_plus1,RGA Fall 2018 torus+1,2,5,7,14,2,2.5,2.25,0.3,0.38,0.34,10.604,0.9102640176705501,1.5,2,1.75,252,270,261,12.55816994332098,1.258029506141974,0.1001761810693646,,,
torus_plus1,RGA Fall 2018 torus+1,2,5,7,15,2,2.5,2.25,0.3,0.38,0.34,10.604,0.9102640176705501,1.5,2,1.75,270,288,279,8.612056237076986,0.973599843420709,0.1130507995557584,,,
torus_plus1,RGA Fall 2018 torus+1,2,5,7,16,2,2.5,2.25,0.3,0.38,0.34,10.604,0.9102640176705501,1.5,2,1.75,288,306,297,9.561488688178892,1.032980544027554,0.1080355348121317,,,
torus_plus1,RGA Fall 2018 torus+1,2,5,7,17,2,2.5,2.25,0.3,0.38,0.34,10.604,0.9102640176705501,1.5,2,1.75,306,324,315,4.583323332982498,0.9364258931222378,0.204311549740236,,,
torus_plus1,RGA Fall 2018 torus+1,2,5,7,18,2,2.5,2.25,0.3,0.38,0.34,10.604,0.9102640176705501,1.5,2,1.75,324,342,333,4.403743381803809,1.33217659758016,0.3025100424980917,,,
torus_plus1,RGA Fall 2018 torus+1,2,5,7,19,2,2.5,2.25,0.3,0.38,0.34,10.604,0.9102640176705501,1.5,2,1.75,342,360,351,2.15358177617636,0.85147242195455,0.3953750126295746,,,
torus_plus1,RGA Fall 2018 torus+1,2,6,2,0,2,2.5,2.296344475394615,0.38,0.48,0.3996878365831013,10.604,0.9315454450930315,0.2,0.3,0.25,0,18,9,143.9176559350719,32.81129509118794,0.2279865863434483,,,
torus_plus1,RGA Fall 2018 torus+1,2,6,2,1,2,2.5,2.296344475394615,0.38,0.48,0.3996878365831013,10.604,0.9315454450930315,0.2,0.3,0.25,18,36,27,143.37498485744,37.89508220634383,0.264307488813502,,,
torus_plus1,RGA Fall 2018 torus+1,2,6,2,2,2,2.5,2.296344475394615,0.38,0.48,0.3996878365831013,10.604,0.9315454450930315,0.2,0.3,0.25,36,54,45,186.5010207759024,70.1686677639691,0.3762374461654181,,,
torus_plus1,RGA Fall 2018 torus+1,2,6,2,17,2,2.5,2.296344475394615,0.38,0.48,0.3996878365831013,10.604,0.9315454450930315,0.2,0.3,0.25,306,324,315,224.958339501668,101.8462298749973,0.4527337377249898,,,
torus_plus1,RGA Fall 2018 torus+1,2,6,2,18,2,2.5,2.296344475394615,0.38,0.48,0.3996878365831013,10.604,0.9315454450930315,0.2,0.3,0.25,324,342,333,39.24424942711502,14.01022093901998,0.3570006088418117,,,
torus_plus1,RGA Fall 2018 torus+1,2,6,2,19,2,2.5,2.296344475394615,0.38,0.48,0.3996878365831013,10.604,0.9315454450930315,0.2,0.3,0.25,342,360,351,126.7459409095336,29.91787067213352,0.2360459866204926,,,
torus_plus1,RGA Fall 2018 torus+1,2,6,3,0,2,2.5,2.308860153256705,0.38,0.48,0.4025670498084292,10.604,0.9316980348652862,0.3,0.4,0.35,0,18,9,67.13768522980683,9.514939442407185,0.141722780727967,,,
torus_plus1,RGA Fall 2018 torus+1,2,6,3,1,2,2.5,2.308860153256705,0.38,0.48,0.4025670498084292,10.604,0.9316980348652862,0.3,0.4,0.35,18,36,27,58.56130009166639,9.992177021919115,0.1706276501081481,,,
torus_plus1,RGA Fall 2018 torus+1,2,6,3,2,2,2.5,2.308860153256705,0.38,0.48,0.4025670498084292,10.604,0.9316980348652862,0.3,0.4,0.35,36,54,45,85.19805360199426,12.31839806604737,0.1445854399866129,,,
torus_plus1,RGA Fall 2018 torus+1,2,6,3,3,2,2.5,2.308860153256705,0.38,0.48,0.4025670498084292,10.604,0.9316980348652862,0.3,0.4,0.35,54,72,63,111.5492614139812,18.9436862076518,0.1698235018997398,,,
torus_plus1,RGA Fall 2018 torus+1,2,6,3,4,2,2.5,2.308860153256705,0.38,0.48,0.4025670498084292,10.604,0.9316980348652862,0.3,0.4,0.35,72,90,81,66.95831334404879,12.31637124674727,0.1839408824930018,,,
torus_plus1,RGA Fall 2018 torus+1,2,6,3,5,2,2.5,2.308860153256705,0.38,0.48,0.4025670498084292,10.604,0.9316980348652862,0.3,0.4,0.35,90,108,99,75.56867249928143,15.6834683013321,0.2075392855615034,,,
torus_plus1,RGA Fall 2018 torus+1,2,6,3,14,2,2.5,2.308860153256705,0.38,0.48,0.4025670498084292,10.604,0.9316980348652862,0.3,0.4,0.35,252,270,261,86.22807451148682,19.62075841984533,0.2275448980045537,,,
torus_plus1,RGA Fall 2018 torus+1,2,6,3,15,2,2.5,2.308860153256705,0.38,0.48,0.4025670498084292,10.604,0.9316980348652862,0.3,0.4,0.35,270,288,279,59.16170488863879,11.64408858845442,0.196818002631471,,,
torus_plus1,RGA Fall 2018 torus+1,2,6,3,16,2,2.5,2.308860153256705,0.38,0.48,0.4025670498084292,10.604,0.9316980348652862,0.3,0.4,0.35,288,306,297,57.87982329110167,14.41386996618671,0.2490309946817456,,,
torus_plus1,RGA Fall 2018 torus+1,2,6,3,17,2,2.5,2.308860153256705,0.38,0.48,0.4025670498084292,10.604,0.9316980348652862,0.3,0.4,0.35,306,324,315,75.8847205046102,15.95515270470427,0.2102551422553497,,,
torus_plus1,RGA Fall 2018 torus+1,2,6,3,18,2,2.5,2.308860153256705,0.38,0.48,0.4025670498084292,10.604,0.9316980348652862,0.3,0.4,0.35,324,342,333,69.21012550979603,9.713776611221704,0.1403519577470902,,,
torus_plus1,RGA Fall 2018 torus+1,2,6,3,19,2,2.5,2.308860153256705,0.38,0.48,0.4025670498084292,10.604,0.9316980348652862,0.3,0.4,0.35,342,360,351,59.94311994027994,8.400792556104969,0.1401460678802589,,,
torus_plus1,RGA Fall 2018 torus+1,2,6,4,0,2,2.5,2.308860153256705,0.38,0.48,0.4025670498084292,10.604,0.9316980348652862,0.4,0.6,0.5,0,18,9,39.83797914190605,4.922791228215845,0.1235703048761703,,,
torus_plus1,RGA Fall 2018 torus+1,2,6,4,1,2,2.5,2.308860153256705,0.38,0.48,0.4025670498084292,10.604,0.9316980348652862,0.4,0.6,0.5,18,36,27,63.19437866659508,6.950326547179977,0.109983303797462,,,
torus_plus1,RGA Fall 2018 torus+1,2,6,4,2,2,2.5,2.308860153256705,0.38,0.48,0.4025670498084292,10.604,0.9316980348652862,0.4,0.6,0.5,36,54,45,81.33342284566451,7.512778278168993,0.09237012307258949,,,
torus_plus1,RGA Fall 2018 torus+1,2,6,4,3,2,2.5,2.308860153256705,0.38,0.48,0.4025670498084292,10.604,0.9316980348652862,0.4,0.6,0.5,54,72,63,105.9706759160484,8.862933075527325,0.0836357133604458,,,
torus_plus1,RGA Fall 2018 torus+1,2,6,4,4,2,2.5,2.308860153256705,0.38,0.48,0.4025670498084292,10.604,0.9316980348652862,0.4,0.6,0.5,72,90,81,77.67226407771643,8.449972078238975,0.1087900832887296,,,
torus_plus1,RGA Fall 2018 torus+1,2,6,4,5,2,2.5,2.308860153256705,0.38,0.48,0.4025670498084292,10.604,0.9316980348652862,0.4,0.6,0.5,90,108,99,94.06284245069861,6.750151223025886,0.07176214376642784,,,
torus_plus1,RGA Fall 2018 torus+1,2,6,4,6,2,2.5,2.308860153256705,0.38,0.48,0.4025670498084292,10.604,0.9316980348652862,0.4,0.6,0.5,108,126,117,79.39055809672315,8.018695779266118,0.1010031415763166,,,
torus_plus1,RGA Fall 2018 torus+1,2,6,4,13,2,2.5,2.308860153256705,0.38,0.48,0.4025670498084292,10.604,0.9316980348652862,0.4,0.6,0.5,234,252,243,68.27091604092062,9.381776189719416,0.1374198082254545,,,
torus_plus1,RGA Fall 2018 torus+1,2,6,4,14,2,2.5,2.308860153256705,0.38,0.48,0.4025670498084292,10.604,0.9316980348652862,0.4,0.6,0.5,252,270,261,87.28143045352053,8.832502642194378,0.1011956678104388,,,
torus_plus1,RGA Fall 2018 torus+1,2,6,4,15,2,2.5,2.308860153256705,0.38,0.48,0.4025670498084292,10.604,0.9316980348652862,0.4,0.6,0.5,270,288,279,89.19973031050078,11.10245150470017,0.1244673214375534,,,
torus_plus1,RGA Fall 2018 torus+1,2,6,4,16,2,2.5,2.308860153256705,0.38,0.48,0.4025670498084292,10.604,0.9316980348652862,0.4,0.6,0.5,288,306,297,80.45660276943087,10.17264631048038,0.1264364385311261,,,
torus_plus1,RGA Fall 2018 torus+1,2,6,4,17,2,2.5,2.308860153256705,0.38,0.48,0.4025670498084292,10.604,0.9316980348652862,0.4,0.6,0.5,306,324,315,69.48658939815736,11.46080636492788,0.1649355143804453,,,
torus_plus1,RGA Fall 2018 torus+1,2,6,4,18,2,2.5,2.308860153256705,0.38,0.48,0.4025670498084292,10.604,0.9316980348652862,0.4,0.6,0.5,324,342,333,66.74066665704517,8.34888608903662,0.125094436529056,,,
torus_plus1,RGA Fall 2018 torus+1,2,6,4,19,2,2.5,2.308860153256705,0.38,0.48,0.4025670498084292,10.604,0.9316980348652862,0.4,0.6,0.5,342,360,351,45.16663965750654,5.071498922945957,0.1122841761397915,,,
torus_plus1,RGA Fall 2018 torus+1,2,6,5,0,2,2.5,2.308860153256705,0.38,0.48,0.4025670498084292,10.604,0.9316980348652862,0.6,1,0.8,0,18,9,22.09207838287496,3.177425343936372,0.143826456201577,,,
torus_plus1,RGA Fall 2018 torus+1,2,6,5,1,2,2.5,2.308860153256705,0.38,0.48,0.4025670498084292,10.604,0.9316980348652862,0.6,1,0.8,18,36,27,30.87728726497964,4.424476726684919,0.1432922746326575,,,
torus_plus1,RGA Fall 2018 torus+1,2,6,5,2,2,2.5,2.308860153256705,0.38,0.48,0.4025670498084292,10.604,0.9316980348652862,0.6,1,0.8,36,54,45,54.06206055380517,5.605995078293762,0.1036955495381906,,,
torus_plus1,RGA Fall 2018 torus+1,2,6,5,3,2,2.5,2.308860153256705,0.38,0.48,0.4025670498084292,10.604,0.9316980348652862,0.6,1,0.8,54,72,63,61.72278216024837,5.836928164248887,0.09456683512895944,,,
torus_plus1,RGA Fall 2018 torus+1,2,6,5,4,2,2.5,2.308860153256705,0.38,0.48,0.4025670498084292,10.604,0.9316980348652862,0.6,1,0.8,72,90,81,62.03275690250805,6.01634525476562,0.09698658507506012,,,
torus_plus1,RGA Fall 2018 torus+1,2,6,5,5,2,2.5,2.308860153256705,0.38,0.48,0.4025670498084292,10.604,0.9316980348652862,0.6,1,0.8,90,108,99,51.56270852620995,4.672107628093785,0.09061020574043152,,,
torus_plus1,RGA Fall 2018 torus+1,2,6,5,6,2,2.5,2.308860153256705,0.38,0.48,0.4025670498084292,10.604,0.9316980348652862,0.6,1,0.8,108,126,117,55.16708149383139,4.328593524170741,0.0784633409446311,,,
torus_plus1,RGA Fall 2018 torus+1,2,6,5,7,2,2.5,2.308860153256705,0.38,0.48,0.4025670498084292,10.604,0.9316980348652862,0.6,1,0.8,126,144,135,48.54593943496332,6.753041019487974,0.139106197100892,,,
torus_plus1,RGA Fall 2018 torus+1,2,6,5,12,2,2.5,2.308860153256705,0.38,0.48,0.4025670498084292,10.604,0.9316980348652862,0.6,1,0.8,216,234,225,46.44799462248685,6.74290196537291,0.145171002971751,,,
torus_plus1,RGA Fall 2018 torus+1,2,6,5,13,2,2.5,2.308860153256705,0.38,0.48,0.4025670498084292,10.604,0.9316980348652862,0.6,1,0.8,234,252,243,49.30958886902705,4.748832446726301,0.09630647011354816,,,
torus_plus1,RGA Fall 2018 torus+1,2,6,5,14,2,2.5,2.308860153256705,0.38,0.48,0.4025670498084292,10.604,0.9316980348652862,0.6,1,0.8,252,270,261,60.22498003312549,4.799460810329371,0.07969219429694337,,,
torus_plus1,RGA Fall 2018 torus+1,2,6,5,15,2,2.5,2.308860153256705,0.38,0.48,0.4025670498084292,10.604,0.9316980348652862,0.6,1,0.8,270,288,279,82.55298312042038,9.138971750565204,0.1107043186705216,,,
torus_plus1,RGA Fall 2018 torus+1,2,6,5,16,2,2.5,2.308860153256705,0.38,0.48,0.4025670498084292,10.604,0.9316980348652862,0.6,1,0.8,288,306,297,64.05648079596369,6.009810904112554,0.09382049762076912,,,
torus_plus1,RGA Fall 2018 torus+1,2,6,5,17,2,2.5,2.308860153256705,0.38,0.48,0.4025670498084292,10.604,0.9316980348652862,0.6,1,0.8,306,324,315,36.83658859922397,4.370397055928678,0.1186428282889569,,,
torus_plus1,RGA Fall 2018 torus+1,2,6,5,18,2,2.5,2.308860153256705,0.38,0.48,0.4025670498084292,10.604,0.9316980348652862,0.6,1,0.8,324,342,333,26.91573237030625,4.355658103984488,0.1618257324028716,,,
torus_plus1,RGA Fall 2018 torus+1,2,6,5,19,2,2.5,2.308860153256705,0.38,0.48,0.4025670498084292,10.604,0.9316980348652862,0.6,1,0.8,342,360,351,21.25029893496721,3.093193419306844,0.145559995592204,,,
torus_plus1,RGA Fall 2018 torus+1,2,6,6,0,2,2.5,2.308860153256705,0.38,0.48,0.4025670498084292,10.604,0.9316980348652862,1,1.5,1.25,0,18,9,6.698605593337876,2.333227748770113,0.3483154391252164,,,
torus_plus1,RGA Fall 2018 torus+1,2,6,6,1,2,2.5,2.308860153256705,0.38,0.48,0.4025670498084292,10.604,0.9316980348652862,1,1.5,1.25,18,36,27,7.283169295743,2.258656933281598,0.310120064708887,,,
torus_plus1,RGA Fall 2018 torus+1,2,6,6,2,2,2.5,2.308860153256705,0.38,0.48,0.4025670498084292,10.604,0.9316980348652862,1,1.5,1.25,36,54,45,17.17331912665373,3.307142061888948,0.1925744253337796,,,
torus_plus1,RGA Fall 2018 torus+1,2,6,6,3,2,2.5,2.308860153256705,0.38,0.48,0.4025670498084292,10.604,0.9316980348652862,1,1.5,1.25,54,72,63,22.55479869103276,3.167325792454166,0.1404280231378619,,,
torus_plus1,RGA Fall 2018 torus+1,2,6,6,4,2,2.5,2.308860153256705,0.38,0.48,0.4025670498084292,10.604,0.9316980348652862,1,1.5,1.25,72,90,81,31.97046006101535,3.591654307304844,0.1123429034317993,,,
torus_plus1,RGA Fall 2018 torus+1,2,6,6,5,2,2.5,2.308860153256705,0.38,0.48,0.4025670498084292,10.604,0.9316980348652862,1,1.5,1.25,90,108,99,24.83212607210011,3.014115781300404,0.1213796906696154,,,
torus_plus1,RGA Fall 2018 torus+1,2,6,6,6,2,2.5,2.308860153256705,0.38,0.48,0.4025670498084292,10.604,0.9316980348652862,1,1.5,1.25,108,126,117,21.72604127031882,4.651338857340657,0.2140904916578205,,,
torus_plus1,RGA Fall 2018 torus+1,2,6,6,13,2,2.5,2.308860153256705,0.38,0.48,0.4025670498084292,10.604,0.9316980348652862,1,1.5,1.25,234,252,243,28.7148829944163,5.872006460704781,0.2044934838093058,,,
torus_plus1,RGA Fall 2018 torus+1,2,6,6,14,2,2.5,2.308860153256705,0.38,0.48,0.4025670498084292,10.604,0.9316980348652862,1,1.5,1.25,252,270,261,21.84839757167725,3.024886060059722,0.1384488748035679,,,
torus_plus1,RGA Fall 2018 torus+1,2,6,6,15,2,2.5,2.308860153256705,0.38,0.48,0.4025670498084292,10.604,0.9316980348652862,1,1.5,1.25,270,288,279,24.07638812609049,3.480067168408735,0.1445427424654923,,,
torus_plus1,RGA Fall 2018 torus+1,2,6,6,16,2,2.5,2.308860153256705,0.38,0.48,0.4025670498084292,10.604,0.9316980348652862,1,1.5,1.25,288,306,297,26.95891838983338,3.323024528192368,0.123262531535595,,,
torus_plus1,RGA Fall 2018 torus+1,2,6,6,17,2,2.5,2.308860153256705,0.38,0.48,0.4025670498084292,10.604,0.9316980348652862,1,1.5,1.25,306,324,315,16.46875766463659,2.479413859869859,0.1505525741746696,,,
torus_plus1,RGA Fall 2018 torus+1,2,6,6,18,2,2.5,2.308860153256705,0.38,0.48,0.4025670498084292,10.604,0.9316980348652862,1,1.5,1.25,324,342,333,11.46818786798227,2.412047169954285,0.2103250485360827,,,
torus_plus1,RGA Fall 2018 torus+1,2,6,6,19,2,2.5,2.308860153256705,0.38,0.48,0.4025670498084292,10.604,0.9316980348652862,1,1.5,1.25,342,360,351,2.369020957336266,1.563650557509229,0.6600408293843891,,,
torus_plus1,RGA Fall 2018 torus+1,2,6,7,0,2,2.5,2.308860153256705,0.38,0.48,0.4025670498084292,10.604,0.9316980348652862,1.5,2,1.75,0,18,9,3.321586866459056,2.415353307846479,0.7271684905297515,,,
torus_plus1,RGA Fall 2018 torus+1,2,6,7,1,2,2.5,2.308860153256705,0.38,0.48,0.4025670498084292,10.604,0.9316980348652862,1.5,2,1.75,18,36,27,1.39378108223007,1.267306393001991,0.9092578520109358,,,
torus_plus1,RGA Fall 2018 torus+1,2,6,7,2,2,2.5,2.308860153256705,0.38,0.48,0.4025670498084292,10.604,0.9316980348652862,1.5,2,1.75,36,54,45,6.105095416262912,2.001875665717143,0.327902437099426,,,
torus_plus1,RGA Fall 2018 torus+1,2,6,7,3,2,2.5,2.308860153256705,0.38,0.48,0.4025670498084292,10.604,0.9316980348652862,1.5,2,1.75,54,72,63,10.06362448108889,2.27177883803992,0.2257416144957459,,,
torus_plus1,RGA Fall 2018 torus+1,2,6,7,4,2,2.5,2.308860153256705,0.38,0.48,0.4025670498084292,10.604,0.9316980348652862,1.5,2,1.75,72,90,81,8.881905202894739,2.286257854630609,0.2574062436385254,,,
torus_plus1,RGA Fall 2018 torus+1,2,6,7,5,2,2.5,2.308860153256705,0.38,0.48,0.4025670498084292,10.604,0.9316980348652862,1.5,2,1.75,90,108,99,9.749573780617609,3.664792604979097,0.3758925966861028,,,
torus_plus1,RGA Fall 2018 torus+1,2,6,7,14,2,2.5,2.308860153256705,0.38,0.48,0.4025670498084292,10.604,0.9316980348652862,1.5,2,1.75,252,270,261,8.351398850208463,3.377284726995573,0.4043974892794481,,,
torus_plus1,RGA Fall 2018 torus+1,2,6,7,15,2,2.5,2.308860153256705,0.38,0.48,0.4025670498084292,10.604,0.9316980348652862,1.5,2,1.75,270,288,279,6.742944377609327,1.954345252793712,0.2898355886314776,,,
torus_plus1,RGA Fall 2018 torus+1,2,6,7,16,2,2.5,2.308860153256705,0.38,0.48,0.4025670498084292,10.604,0.9316980348652862,1.5,2,1.75,288,306,297,10.39047061456682,2.170070358097209,0.20885197972216,,,
torus_plus1,RGA Fall 2018 torus+1,2,6,7,17,2,2.5,2.308860153256705,0.38,0.48,0.4025670498084292,10.604,0.9316980348652862,1.5,2,1.75,306,324,315,9.133584981154611,2.181327016818327,0.2388248449342809,,,
torus_plus1,RGA Fall 2018 torus+1,2,6,7,18,2,2.5,2.308860153256705,0.38,0.48,0.4025670498084292,10.604,0.9316980348652862,1.5,2,1.75,324,342,333,2.42272600659315,1.709427730728633,0.7055802951207176,,,
torus_plus1,RGA Fall 2018 torus+1,2,6,7,19,2,2.5,2.308860153256705,0.38,0.48,0.4025670498084292,10.604,0.9316980348652862,1.5,2,1.75,342,360,351,6.232308708977985,3.417865197236388,0.5484107666734744,,,
torus_plus1,RGA Fall 2018 torus+1,3,2,0,0,2.5,3,2.706398252184769,0.15,0.2,0.1838077403245943,10.604,0.4705874030191914,0.09,0.15,0.12,0,18,9,16.99387567068111,11.70547742006072,0.6888056407436086,,,
torus_plus1,RGA Fall 2018 torus+1,3,2,0,1,2.5,3,2.706398252184769,0.15,0.2,0.1838077403245943,10.604,0.4705874030191914,0.09,0.15,0.12,18,36,27,27.04485658302805,16.71067727623809,0.6178874428465204,,,
torus_plus1,RGA Fall 2018 torus+1,3,2,0,2,2.5,3,2.706398252184769,0.15,0.2,0.1838077403245943,10.604,0.4705874030191914,0.09,0.15,0.12,36,54,45,15.73085757463102,13.43717895939033,0.8541923983254619,,,
torus_plus1,RGA Fall 2018 torus+1,3,2,0,3,2.5,3,2.706398252184769,0.15,0.2,0.1838077403245943,10.604,0.4705874030191914,0.09,0.15,0.12,54,72,63,5.314602663270906,5.739908429410901,1.080025882100138,,,
torus_plus1,RGA Fall 2018 torus+1,3,2,0,18,2.5,3,2.706398252184769,0.15,0.2,0.1838077403245943,10.604,0.4705874030191914,0.09,0.15,0.12,324,342,333,9.012949518575178,8.603916260683096,0.9546171586727422,,,
torus_plus1,RGA Fall 2018 torus+1,3,2,0,19,2.5,3,2.706398252184769,0.15,0.2,0.1838077403245943,10.604,0.4705874030191914,0.09,0.15,0.12,342,360,351,3.34246785274089,4.045362820059838,1.210292214700752,,,
torus_plus1,RGA Fall 2018 torus+1,3,2,1,0,2.5,3,2.706398252184769,0.15,0.2,0.1838077403245943,10.604,0.4705874030191914,0.15,0.2,0.175,0,18,9,1.526569336663651,1.740858986686556,1.140373348839326,,,
torus_plus1,RGA Fall 2018 torus+1,3,2,1,1,2.5,3,2.706398252184769,0.15,0.2,0.1838077403245943,10.604,0.4705874030191914,0.15,0.2,0.175,18,36,27,3.407853527801933,2.818706590080765,0.8271208158112454,,,
torus_plus1,RGA Fall 2018 torus+1,3,2,1,2,2.5,3,2.706398252184769,0.15,0.2,0.1838077403245943,10.604,0.4705874030191914,0.15,0.2,0.175,36,54,45,1.708426066266326,2.42290104402057,1.418206553893018,,,
torus_plus1,RGA Fall 2018 torus+1,3,2,1,3,2.5,3,2.706398252184769,0.15,0.2,0.1838077403245943,10.604,0.4705874030191914,0.15,0.2,0.175,54,72,63,9.597810641733249,9.318120600071776,0.9708589748118885,,,
torus_plus1,RGA Fall 2018 torus+1,3,2,1,4,2.5,3,2.706398252184769,0.15,0.2,0.1838077403245943,10.604,0.4705874030191914,0.15,0.2,0.175,72,90,81,7.100742094283456,10.58320532391491,1.490436518238714,,,
torus_plus1,RGA Fall 2018 torus+1,3,2,1,5,2.5,3,2.706398252184769,0.15,0.2,0.1838077403245943,10.604,0.4705874030191914,0.15,0.2,0.175,90,108,99,13.35921739973004,8.078778868458281,0.6047344411523341,,,
torus_plus1,RGA Fall 2018 torus+1,3,2,1,6,2.5,3,2.706398252184769,0.15,0.2,0.1838077403245943,10.604,0.4705874030191914,0.15,0.2,0.175,108,126,117,4.617123730750754,5.039180442003071,1.09141117627872,,,
torus_plus1,RGA Fall 2018 torus+1,3,2,1,7,2.5,3,2.706398252184769,0.15,0.2,0.1838077403245943,10.604,0.4705874030191914,0.15,0.2,0.175,126,144,135,5.314957147133308,4.156215778242635,0.7819848143995564,,,
torus_plus1,RGA Fall 2018 torus+1,3,2,1,8,2.5,3,2.706398252184769,0.15,0.2,0.1838077403245943,10.604,0.4705874030191914,0.15,0.2,0.175,144,162,153,1.512195733196916,1.998843713993441,1.321815470122845,,,
torus_plus1,RGA Fall 2018 torus+1,3,2,1,10,2.5,3,2.706398252184769,0.15,0.2,0.1838077403245943,10.604,0.4705874030191914,0.15,0.2,0.175,180,198,189,7.992872605117671,7.299416790458078,0.9132407272179481,,,
torus_plus1,RGA Fall 2018 torus+1,3,2,1,11,2.5,3,2.706398252184769,0.15,0.2,0.1838077403245943,10.604,0.4705874030191914,0.15,0.2,0.175,198,216,207,13.83125211180373,12.30632506182922,0.8897477222128631,,,
torus_plus1,RGA Fall 2018 torus+1,3,2,1,12,2.5,3,2.706398252184769,0.15,0.2,0.1838077403245943,10.604,0.4705874030191914,0.15,0.2,0.175,216,234,225,2.191400389430993,3.278850396219434,1.496235198292906,,,
torus_plus1,RGA Fall 2018 torus+1,3,2,1,16,2.5,3,2.706398252184769,0.15,0.2,0.1838077403245943,10.604,0.4705874030191914,0.15,0.2,0.175,288,306,297,9.120638140808671,10.59192241265219,1.161313742429987,,,
torus_plus1,RGA Fall 2018 torus+1,3,2,1,17,2.5,3,2.706398252184769,0.15,0.2,0.1838077403245943,10.604,0.4705874030191914,0.15,0.2,0.175,306,324,315,10.53814432291319,7.042945889292247,0.6683288512170691,,,
torus_plus1,RGA Fall 2018 torus+1,3,2,1,18,2.5,3,2.706398252184769,0.15,0.2,0.1838077403245943,10.604,0.4705874030191914,0.15,0.2,0.175,324,342,333,7.150619291169531,3.726092130492039,0.5210866330268036,,,
torus_plus1,RGA Fall 2018 torus+1,3,2,1,19,2.5,3,2.706398252184769,0.15,0.2,0.1838077403245943,10.604,0.4705874030191914,0.15,0.2,0.175,342,360,351,0.7055991337521794,1.768963727002242,2.507037838319593,,,
torus_plus1,RGA Fall 2018 torus+1,3,2,2,0,2.5,3,2.706398252184769,0.15,0.2,0.1838077403245943,10.604,0.4705874030191914,0.2,0.3,0.25,0,18,9,5.283655159388518,2.439196664616252,0.4616494814734545,,,
torus_plus1,RGA Fall 2018 torus+1,3,2,2,1,2.5,3,2.706398252184769,0.15,0.2,0.1838077403245943,10.604,0.4705874030191914,0.2,0.3,0.25,18,36,27,5.857000829625034,2.57202879998511,0.4391375167603949,,,
torus_plus1,RGA Fall 2018 torus+1,3,2,2,2,2.5,3,2.706398252184769,0.15,0.2,0.1838077403245943,10.604,0.4705874030191914,0.2,0.3,0.25,36,54,45,6.254592947527996,2.954991073279786,0.4724513806206506,,,
torus_plus1,RGA Fall 2018 torus+1,3,2,2,4,2.5,3,2.706398252184769,0.15,0.2,0.1838077403245943,10.604,0.4705874030191914,0.2,0.3,0.25,72,90,81,14.07388373503305,7.498423319078287,0.5327899150120894,,,
torus_plus1,RGA Fall 2018 torus+1,3,2,2,5,2.5,3,2.706398252184769,0.15,0.2,0.1838077403245943,10.604,0.4705874030191914,0.2,0.3,0.25,90,108,99,11.97292022457038,5.935525087956165,0.4957458144401148,,,
torus_plus1,RGA Fall 2018 torus+1,3,2,2,6,2.5,3,2.706398252184769,0.15,0.2,0.1838077403245943,10.604,0.4705874030191914,0.2,0.3,0.25,108,126,117,11.3216383742265,4.804587280251267,0.4243720848025688,,,
torus_plus1,RGA Fall 2018 torus+1,3,2,2,7,2.5,3,2.706398252184769,0.15,0.2,0.1838077403245943,10.604,0.4705874030191914,0.2,0.3,0.25,126,144,135,4.07309388356992,2.87159734323709,0.7050162420317792,,,
torus_plus1,RGA Fall 2018 torus+1,3,2,2,8,2.5,3,2.706398252184769,0.15,0.2,0.1838077403245943,10.604,0.4705874030191914,0.2,0.3,0.25,144,162,153,5.543550597999089,2.73599980088006,0.493546464943894,,,
torus_plus1,RGA Fall 2018 torus+1,3,2,2,9,2.5,3,2.706398252184769,0.15,0.2,0.1838077403245943,10.604,0.4705874030191914,0.2,0.3,0.25,162,180,171,8.564165942264175,3.335101607013375,0.3894251500376286,,,
torus_plus1,RGA Fall 2018 torus+1,3,2,2,10,2.5,3,2.706398252184769,0.15,0.2,0.1838077403245943,10.604,0.4705874030191914,0.2,0.3,0.25,180,198,189,4.972727268863769,3.377376943245386,0.6791800073960402,,,
torus_plus1,RGA Fall 2018 torus+1,3,2,2,11,2.5,3,2.706398252184769,0.15,0.2,0.1838077403245943,10.604,0.4705874030191914,0.2,0.3,0.25,198,216,207,6.816721578053033,4.844485777846271,0.7106767853690065,,,
torus_plus1,RGA Fall 2018 torus+1,3,2,2,12,2.5,3,2.706398252184769,0.15,0.2,0.1838077403245943,10.604,0.4705874030191914,0.2,0.3,0.25,216,234,225,2.192160794651129,2.129874744654955,0.9715869154543076,,,
torus_plus1,RGA Fall 2018 torus+1,3,2,2,13,2.5,3,2.706398252184769,0.15,0.2,0.1838077403245943,10.604,0.4705874030191914,0.2,0.3,0.25,234,252,243,11.21871680584749,5.614207215670421,0.5004322074289412,,,
torus_plus1,RGA Fall 2018 torus+1,3,2,2,14,2.5,3,2.706398252184769,0.15,0.2,0.1838077403245943,10.604,0.4705874030191914,0.2,0.3,0.25,252,270,261,1.79818998949713,2.067851860550088,1.149962947535021,,,
torus_plus1,RGA Fall 2018 torus+1,3,2,2,15,2.5,3,2.706398252184769,0.15,0.2,0.1838077403245943,10.604,0.4705874030191914,0.2,0.3,0.25,270,288,279,7.690961771562724,6.97262211646678,0.9065995025808086,,,
torus_plus1,RGA Fall 2018 torus+1,3,2,2,16,2.5,3,2.706398252184769,0.15,0.2,0.1838077403245943,10.604,0.4705874030191914,0.2,0.3,0.25,288,306,297,5.814182493391156,4.236870732642495,0.7287130628353076,,,
torus_plus1,RGA Fall 2018 torus+1,3,2,2,17,2.5,3,2.706398252184769,0.15,0.2,0.1838077403245943,10.604,0.4705874030191914,0.2,0.3,0.25,306,324,315,5.637818748432795,2.796929823741985,0.4961014088151517,,,
torus_plus1,RGA Fall 2018 torus+1,3,2,2,18,2.5,3,2.706398252184769,0.15,0.2,0.1838077403245943,10.604,0.4705874030191914,0.2,0.3,0.25,324,342,333,4.915018098932808,1.914516508149166,0.3895237961717502,,,
torus_plus1,RGA Fall 2018 torus+1,3,2,2,19,2.5,3,2.706398252184769,0.15,0.2,0.1838077403245943,10.604,0.4705874030191914,0.2,0.3,0.25,342,360,351,5.227728557283658,2.552640164297717,0.4882885819963222,,,
torus_plus1,RGA Fall 2018 torus+1,3,2,3,0,2.5,3,2.706398252184769,0.15,0.2,0.1838077403245943,10.604,0.4705874030191914,0.3,0.4,0.35,0,18,9,5.210843564031756,2.49831087856894,0.479444613500532,,,
torus_plus1,RGA Fall 2018 torus+1,3,2,3,1,2.5,3,2.706398252184769,0.15,0.2,0.1838077403245943,10.604,0.4705874030191914,0.3,0.4,0.35,18,36,27,6.750375778038261,2.951990795205352,0.437307624385799,,,
torus_plus1,RGA Fall 2018 torus+1,3,2,3,2,2.5,3,2.706398252184769,0.15,0.2,0.1838077403245943,10.604,0.4705874030191914,0.3,0.4,0.35,36,54,45,5.807147136050212,2.568259363147694,0.4422583590493491,,,
torus_plus1,RGA Fall 2018 torus+1,3,2,3,4,2.5,3,2.706398252184769,0.15,0.2,0.1838077403245943,10.604,0.4705874030191914,0.3,0.4,0.35,72,90,81,4.3232541163828,3.965144561857691,0.9171666654596899,,,
torus_plus1,RGA Fall 2018 torus+1,3,2,3,5,2.5,3,2.706398252184769,0.15,0.2,0.1838077403245943,10.604,0.4705874030191914,0.3,0.4,0.35,90,108,99,14.99427409646678,5.041244318579501,0.3362112954682754,,,
torus_plus1,RGA Fall 2018 torus+1,3,2,3,6,2.5,3,2.706398252184769,0.15,0.2,0.1838077403245943,10.604,0.4705874030191914,0.3,0.4,0.35,108,126,117,9.269036103234534,3.930265879560478,0.4240209915882157,,,
torus_plus1,RGA Fall 2018 torus+1,3,2,3,7,2.5,3,2.706398252184769,0.15,0.2,0.1838077403245943,10.604,0.4705874030191914,0.3,0.4,0.35,126,144,135,6.871849933422062,2.90794414045507,0.4231675849485502,,,
torus_plus1,RGA Fall 2018 torus+1,3,2,3,8,2.5,3,2.706398252184769,0.15,0.2,0.1838077403245943,10.604,0.4705874030191914,0.3,0.4,0.35,144,162,153,3.496585849582413,1.488747551268384,0.4257717714684972,,,
torus_plus1,RGA Fall 2018 torus+1,3,2,3,9,2.5,3,2.706398252184769,0.15,0.2,0.1838077403245943,10.604,0.4705874030191914,0.3,0.4,0.35,162,180,171,4.366164723009494,2.049699698874857,0.4694508404763179,,,
torus_plus1,RGA Fall 2018 torus+1,3,2,3,10,2.5,3,2.706398252184769,0.15,0.2,0.1838077403245943,10.604,0.4705874030191914,0.3,0.4,0.35,180,198,189,3.466389727376789,2.389711805193941,0.6893950170462713,,,
torus_plus1,RGA Fall 2018 torus+1,3,2,3,11,2.5,3,2.706398252184769,0.15,0.2,0.1838077403245943,10.604,0.4705874030191914,0.3,0.4,0.35,198,216,207,7.125394220138804,5.632080989329731,0.7904237738048994,,,
torus_plus1,RGA Fall 2018 torus+1,3,2,3,12,2.5,3,2.706398252184769,0.15,0.2,0.1838077403245943,10.604,0.4705874030191914,0.3,0.4,0.35,216,234,225,1.195026939433874,1.742403283568416,1.458045192181068,,,
torus_plus1,RGA Fall 2018 torus+1,3,2,3,13,2.5,3,2.706398252184769,0.15,0.2,0.1838077403245943,10.604,0.4705874030191914,0.3,0.4,0.35,234,252,243,9.547108322629908,4.888547479184829,0.5120448322134673,,,
torus_plus1,RGA Fall 2018 torus+1,3,2,3,14,2.5,3,2.706398252184769,0.15,0.2,0.1838077403245943,10.604,0.4705874030191914,0.3,0.4,0.35,252,270,261,5.197613834522372,3.347771043262557,0.6440976859471124,,,
torus_plus1,RGA Fall 2018 torus+1,3,2,3,15,2.5,3,2.706398252184769,0.15,0.2,0.1838077403245943,10.604,0.4705874030191914,0.3,0.4,0.35,270,288,279,9.270047308967449,6.249244085294954,0.6741329226280972,,,
torus_plus1,RGA Fall 2018 torus+1,3,2,3,16,2.5,3,2.706398252184769,0.15,0.2,0.1838077403245943,10.604,0.4705874030191914,0.3,0.4,0.35,288,306,297,2.286752981693057,3.036422734061611,1.327831540341325,,,
torus_plus1,RGA Fall 2018 torus+1,3,2,3,17,2.5,3,2.706398252184769,0.15,0.2,0.1838077403245943,10.604,0.4705874030191914,0.3,0.4,0.35,306,324,315,8.02388817755889,3.466253030556913,0.4319916920391894,,,
torus_plus1,RGA Fall 2018 torus+1,3,2,3,18,2.5,3,2.706398252184769,0.15,0.2,0.1838077403245943,10.604,0.4705874030191914,0.3,0.4,0.35,324,342,333,7.125149175108423,2.146221619271639,0.3012177803616273,,,
torus_plus1,RGA Fall 2018 torus+1,3,2,3,19,2.5,3,2.706398252184769,0.15,0.2,0.1838077403245943,10.604,0.4705874030191914,0.3,0.4,0.35,342,360,351,0.509067423460663,0.8208810153385457,1.61251924108237,,,
torus_plus1,RGA Fall 2018 torus+1,3,2,4,0,2.5,3,2.706398252184769,0.15,0.2,0.1838077403245943,10.604,0.4705874030191914,0.4,0.6,0.5,0,18,9,2.323712284683756,2.817369878319101,1.212443509848092,,,
torus_plus1,RGA Fall 2018 torus+1,3,2,4,1,2.5,3,2.706398252184769,0.15,0.2,0.1838077403245943,10.604,0.4705874030191914,0.4,0.6,0.5,18,36,27,2.938903943543956,1.145257779458465,0.3896887416052889,,,
torus_plus1,RGA Fall 2018 torus+1,3,2,4,2,2.5,3,2.706398252184769,0.15,0.2,0.1838077403245943,10.604,0.4705874030191914,0.4,0.6,0.5,36,54,45,3.020420865162191,1.285339420489387,0.4255497753027099,,,
torus_plus1,RGA Fall 2018 torus+1,3,2,4,4,2.5,3,2.706398252184769,0.15,0.2,0.1838077403245943,10.604,0.4705874030191914,0.4,0.6,0.5,72,90,81,4.614834979325374,2.641462806396234,0.5723851054761616,,,
torus_plus1,RGA Fall 2018 torus+1,3,2,4,5,2.5,3,2.706398252184769,0.15,0.2,0.1838077403245943,10.604,0.4705874030191914,0.4,0.6,0.5,90,108,99,6.057557479974372,2.633591140716906,0.4347612299880393,,,
torus_plus1,RGA Fall 2018 torus+1,3,2,4,6,2.5,3,2.706398252184769,0.15,0.2,0.1838077403245943,10.604,0.4705874030191914,0.4,0.6,0.5,108,126,117,4.381147947403529,1.780864519119093,0.4064835382184515,,,
torus_plus1,RGA Fall 2018 torus+1,3,2,4,7,2.5,3,2.706398252184769,0.15,0.2,0.1838077403245943,10.604,0.4705874030191914,0.4,0.6,0.5,126,144,135,3.385290415683055,1.092722300774256,0.3227853940424121,,,
torus_plus1,RGA Fall 2018 torus+1,3,2,4,8,2.5,3,2.706398252184769,0.15,0.2,0.1838077403245943,10.604,0.4705874030191914,0.4,0.6,0.5,144,162,153,2.234764705759402,0.8974933559107041,0.4016053026064434,,,
torus_plus1,RGA Fall 2018 torus+1,3,2,4,9,2.5,3,2.706398252184769,0.15,0.2,0.1838077403245943,10.604,0.4705874030191914,0.4,0.6,0.5,162,180,171,4.598014774808065,1.192504576547051,0.2593520540822599,,,
torus_plus1,RGA Fall 2018 torus+1,3,2,4,10,2.5,3,2.706398252184769,0.15,0.2,0.1838077403245943,10.604,0.4705874030191914,0.4,0.6,0.5,180,198,189,1.573214044706416,0.7990773169346757,0.5079266356815386,,,
torus_plus1,RGA Fall 2018 torus+1,3,2,4,11,2.5,3,2.706398252184769,0.15,0.2,0.1838077403245943,10.604,0.4705874030191914,0.4,0.6,0.5,198,216,207,1.624132877021746,1.1251051214636,0.6927420393870489,,,
torus_plus1,RGA Fall 2018 torus+1,3,2,4,12,2.5,3,2.706398252184769,0.15,0.2,0.1838077403245943,10.604,0.4705874030191914,0.4,0.6,0.5,216,234,225,6.084703126951871,2.667261738465642,0.4383552792659919,,,
torus_plus1,RGA Fall 2018 torus+1,3,2,4,13,2.5,3,2.706398252184769,0.15,0.2,0.1838077403245943,10.604,0.4705874030191914,0.4,0.6,0.5,234,252,243,1.650186031588533,1.319433439427419,0.7995664816998128,,,
torus_plus1,RGA Fall 2018 torus+1,3,2,4,14,2.5,3,2.706398252184769,0.15,0.2,0.1838077403245943,10.604,0.4705874030191914,0.4,0.6,0.5,252,270,261,5.204793438040691,1.565145581909595,0.3007123338402423,,,
torus_plus1,RGA Fall 2018 torus+1,3,2,4,15,2.5,3,2.706398252184769,0.15,0.2,0.1838077403245943,10.604,0.4705874030191914,0.4,0.6,0.5,270,288,279,4.140043580932787,1.836287149708708,0.4435429516167018,,,
torus_plus1,RGA Fall 2018 torus+1,3,2,4,16,2.5,3,2.706398252184769,0.15,0.2,0.1838077403245943,10.604,0.4705874030191914,0.4,0.6,0.5,288,306,297,5.601347043185491,2.814302200675517,0.5024331074253562,,,
torus_plus1,RGA Fall 2018 torus+1,3,2,4,17,2.5,3,2.706398252184769,0.15,0.2,0.1838077403245943,10.604,0.4705874030191914,0.4,0.6,0.5,306,324,315,4.242102422520059,1.55679890845533,0.3669875814857152,,,
torus_plus1,RGA Fall 2018 torus+1,3,2,4,18,2.5,3,2.706398252184769,0.15,0.2,0.1838077403245943,10.604,0.4705874030191914,0.4,0.6,0.5,324,342,333,3.557199467401023,1.191576097478204,0.334975901238622,,,
torus_plus1,RGA Fall 2018 torus+1,3,2,4,19,2.5,3,2.706398252184769,0.15,0.2,0.1838077403245943,10.604,0.4705874030191914,0.4,0.6,0.5,342,360,351,2.590043478839363,2.319159172023244,0.8954132202686008,,,
torus_plus1,RGA Fall 2018 torus+1,3,2,5,1,2.5,3,2.706398252184769,0.15,0.2,0.1838077403245943,10.604,0.4705874030191914,0.6,1,0.8,18,36,27,1.45511199917113,0.5906007777389146,0.4058799446883375,,,
torus_plus1,RGA Fall 2018 torus+1,3,2,5,2,2.5,3,2.706398252184769,0.15,0.2,0.1838077403245943,10.604,0.4705874030191914,0.6,1,0.8,36,54,45,2.745607211171874,0.9569109050637955,0.348524326848402,,,
torus_plus1,RGA Fall 2018 torus+1,3,2,5,3,2.5,3,2.706398252184769,0.15,0.2,0.1838077403245943,10.604,0.4705874030191914,0.6,1,0.8,54,72,63,4.265581518744228,1.710581899777384,0.4010196247007778,,,
torus_plus1,RGA Fall 2018 torus+1,3,2,5,4,2.5,3,2.706398252184769,0.15,0.2,0.1838077403245943,10.604,0.4705874030191914,0.6,1,0.8,72,90,81,0.6730831873121974,0.6696317497014811,0.9948721975592663,,,
torus_plus1,RGA Fall 2018 torus+1,3,2,5,5,2.5,3,2.706398252184769,0.15,0.2,0.1838077403245943,10.604,0.4705874030191914,0.6,1,0.8,90,108,99,3.547919376468157,1.386702238325096,0.3908494222057307,,,
torus_plus1,RGA Fall 2018 torus+1,3,2,5,6,2.5,3,2.706398252184769,0.15,0.2,0.1838077403245943,10.604,0.4705874030191914,0.6,1,0.8,108,126,117,3.365219619714109,1.338718618966963,0.3978101789031806,,,
torus_plus1,RGA Fall 2018 torus+1,3,2,5,7,2.5,3,2.706398252184769,0.15,0.2,0.1838077403245943,10.604,0.4705874030191914,0.6,1,0.8,126,144,135,3.020769099127444,0.7962011066949426,0.2635756261294275,,,
torus_plus1,RGA Fall 2018 torus+1,3,2,5,8,2.5,3,2.706398252184769,0.15,0.2,0.1838077403245943,10.604,0.4705874030191914,0.6,1,0.8,144,162,153,1.500475247937235,0.4876749618504825,0.3250136665172647,,,
torus_plus1,RGA Fall 2018 torus+1,3,2,5,9,2.5,3,2.706398252184769,0.15,0.2,0.1838077403245943,10.604,0.4705874030191914,0.6,1,0.8,162,180,171,1.894082380989825,0.6039944048014666,0.3188849708246725,,,
torus_plus1,RGA Fall 2018 torus+1,3,2,5,10,2.5,3,2.706398252184769,0.15,0.2,0.1838077403245943,10.604,0.4705874030191914,0.6,1,0.8,180,198,189,1.078333486338435,0.5302533313092669,0.4917340860013383,,,
torus_plus1,RGA Fall 2018 torus+1,3,2,5,11,2.5,3,2.706398252184769,0.15,0.2,0.1838077403245943,10.604,0.4705874030191914,0.6,1,0.8,198,216,207,1.179868945847385,0.6428679614623074,0.5448638713010603,,,
torus_plus1,RGA Fall 2018 torus+1,3,2,5,12,2.5,3,2.706398252184769,0.15,0.2,0.1838077403245943,10.604,0.4705874030191914,0.6,1,0.8,216,234,225,2.955426317220675,1.434862301955675,0.4855009558502679,,,
torus_plus1,RGA Fall 2018 torus+1,3,2,5,13,2.5,3,2.706398252184769,0.15,0.2,0.1838077403245943,10.604,0.4705874030191914,0.6,1,0.8,234,252,243,1.908990598292569,0.6898022056806193,0.3613439512471089,,,
torus_plus1,RGA Fall 2018 torus+1,3,2,5,14,2.5,3,2.706398252184769,0.15,0.2,0.1838077403245943,10.604,0.4705874030191914,0.6,1,0.8,252,270,261,2.789643181895319,0.7912339067225195,0.2836326566270547,,,
torus_plus1,RGA Fall 2018 torus+1,3,2,5,15,2.5,3,2.706398252184769,0.15,0.2,0.1838077403245943,10.604,0.4705874030191914,0.6,1,0.8,270,288,279,3.679387508227408,0.9936435778212674,0.2700567895062426,,,
torus_plus1,RGA Fall 2018 torus+1,3,2,5,16,2.5,3,2.706398252184769,0.15,0.2,0.1838077403245943,10.604,0.4705874030191914,0.6,1,0.8,288,306,297,0.4408962007681842,0.4976411930968714,1.128703745302906,,,
torus_plus1,RGA Fall 2018 torus+1,3,2,5,17,2.5,3,2.706398252184769,0.15,0.2,0.1838077403245943,10.604,0.4705874030191914,0.6,1,0.8,306,324,315,1.676440452090251,0.7460649942766805,0.4450292244776471,,,
torus_plus1,RGA Fall 2018 torus+1,3,2,5,18,2.5,3,2.706398252184769,0.15,0.2,0.1838077403245943,10.604,0.4705874030191914,0.6,1,0.8,324,342,333,1.157771251485466,0.457568722477576,0.3952151358832734,,,
torus_plus1,RGA Fall 2018 torus+1,3,2,6,1,2.5,3,2.706398252184769,0.15,0.2,0.1838077403245943,10.604,0.4705874030191914,1,1.5,1.25,18,36,27,0.8798568671557901,0.4825712635569847,0.5484656443234183,,,
torus_plus1,RGA Fall 2018 torus+1,3,2,6,2,2.5,3,2.706398252184769,0.15,0.2,0.1838077403245943,10.604,0.4705874030191914,1,1.5,1.25,36,54,45,1.047111555098804,1.005974768290788,0.9607140360473493,,,
torus_plus1,RGA Fall 2018 torus+1,3,2,6,3,2.5,3,2.706398252184769,0.15,0.2,0.1838077403245943,10.604,0.4705874030191914,1,1.5,1.25,54,72,63,0.3965102707193773,0.3901946449660991,0.9840719743732742,,,
torus_plus1,RGA Fall 2018 torus+1,3,2,6,4,2.5,3,2.706398252184769,0.15,0.2,0.1838077403245943,10.604,0.4705874030191914,1,1.5,1.25,72,90,81,2.292152484728839,1.045171528695795,0.4559781845488512,,,
torus_plus1,RGA Fall 2018 torus+1,3,2,6,5,2.5,3,2.706398252184769,0.15,0.2,0.1838077403245943,10.604,0.4705874030191914,1,1.5,1.25,90,108,99,0.5025064833771848,0.5243100828579154,1.043389687898543,,,
torus_plus1,RGA Fall 2018 torus+1,3,2,6,6,2.5,3,2.706398252184769,0.15,0.2,0.1838077403245943,10.604,0.4705874030191914,1,1.5,1.25,108,126,117,0.227071089008222,0.2569991794874897,1.131800532643696,,,
torus_plus1,RGA Fall 2018 torus+1,3,2,6,7,2.5,3,2.706398252184769,0.15,0.2,0.1838077403245943,10.604,0.4705874030191914,1,1.5,1.25,126,144,135,1.657668899762395,0.7182466236267123,0.4332871442117686,,,
torus_plus1,RGA Fall 2018 torus+1,3,2,6,8,2.5,3,2.706398252184769,0.15,0.2,0.1838077403245943,10.604,0.4705874030191914,1,1.5,1.25,144,162,153,1.0971153779135,0.4211070167310543,0.3838311131249642,,,
torus_plus1,RGA Fall 2018 torus+1,3,2,6,9,2.5,3,2.706398252184769,0.15,0.2,0.1838077403245943,10.604,0.4705874030191914,1,1.5,1.25,162,180,171,1.494476420026068,0.5787524032795694,0.3872609801829288,,,
torus_plus1,RGA Fall 2018 torus+1,3,2,6,10,2.5,3,2.706398252184769,0.15,0.2,0.1838077403245943,10.604,0.4705874030191914,1,1.5,1.25,180,198,189,0.9102736366647889,0.5946654823662983,0.6532821103609373,,,
torus_plus1,RGA Fall 2018 torus+1,3,2,6,11,2.5,3,2.706398252184769,0.15,0.2,0.1838077403245943,10.604,0.4705874030191914,1,1.5,1.25,198,216,207,1.169446213246975,0.5882149706718433,0.5029859124847312,,,
torus_plus1,RGA Fall 2018 torus+1,3,2,6,12,2.5,3,2.706398252184769,0.15,0.2,0.1838077403245943,10.604,0.4705874030191914,1,1.5,1.25,216,234,225,0.5283287410495869,0.4364280644223353,0.8260539897097399,,,
torus_plus1,RGA Fall 2018 torus+1,3,2,6,13,2.5,3,2.706398252184769,0.15,0.2,0.1838077403245943,10.604,0.4705874030191914,1,1.5,1.25,234,252,243,0.4086792849020281,0.3579271206134348,0.8758141991445443,,,
torus_plus1,RGA Fall 2018 torus+1,3,2,6,14,2.5,3,2.706398252184769,0.15,0.2,0.1838077403245943,10.604,0.4705874030191914,1,1.5,1.25,252,270,261,1.72507094256654,0.6439472134817296,0.3732873805895036,,,
torus_plus1,RGA Fall 2018 torus+1,3,2,6,15,2.5,3,2.706398252184769,0.15,0.2,0.1838077403245943,10.604,0.4705874030191914,1,1.5,1.25,270,288,279,2.37036095440244,0.80770570095441,0.3407521961810368,,,
torus_plus1,RGA Fall 2018 torus+1,3,2,6,16,2.5,3,2.706398252184769,0.15,0.2,0.1838077403245943,10.604,0.4705874030191914,1,1.5,1.25,288,306,297,0.3626084923336057,0.3669781486473473,1.012050617694087,,,
torus_plus1,RGA Fall 2018 torus+1,3,2,6,18,2.5,3,2.706398252184769,0.15,0.2,0.1838077403245943,10.604,0.4705874030191914,1,1.5,1.25,324,342,333,0.3207068577828673,0.2346384684697015,0.7316290960904932,,,
torus_plus1,RGA Fall 2018 torus+1,3,2,7,0,2.5,3,2.706398252184769,0.15,0.2,0.1838077403245943,10.604,0.4705874030191914,1.5,2,1.75,0,18,9,0.08208621020547277,0.2506710437487021,3.053753402931369,,,
torus_plus1,RGA Fall 2018 torus+1,3,2,7,1,2.5,3,2.706398252184769,0.15,0.2,0.1838077403245943,10.604,0.4705874030191914,1.5,2,1.75,18,36,27,0.982612977428821,0.9058676386756092,0.9218966770070252,,,
torus_plus1,RGA Fall 2018 torus+1,3,2,7,3,2.5,3,2.706398252184769,0.15,0.2,0.1838077403245943,10.604,0.4705874030191914,1.5,2,1.75,54,72,63,1.354024452144267,0.9011857639792479,0.6655609228859254,,,
torus_plus1,RGA Fall 2018 torus+1,3,2,7,4,2.5,3,2.706398252184769,0.15,0.2,0.1838077403245943,10.604,0.4705874030191914,1.5,2,1.75,72,90,81,0.9701387568311503,0.6061758571271904,0.6248341825938343,,,
torus_plus1,RGA Fall 2018 torus+1,3,2,7,5,2.5,3,2.706398252184769,0.15,0.2,0.1838077403245943,10.604,0.4705874030191914,1.5,2,1.75,90,108,99,0.7607095382048712,0.8440244251690938,1.109522600651005,,,
torus_plus1,RGA Fall 2018 torus+1,3,2,7,6,2.5,3,2.706398252184769,0.15,0.2,0.1838077403245943,10.604,0.4705874030191914,1.5,2,1.75,108,126,117,1.017682673125764,0.8308219398792457,0.8163860521742164,,,
torus_plus1,RGA Fall 2018 torus+1,3,2,7,7,2.5,3,2.706398252184769,0.15,0.2,0.1838077403245943,10.604,0.4705874030191914,1.5,2,1.75,126,144,135,1.31758477958664,0.9891153274962163,0.7507033648389043,,,
torus_plus1,RGA Fall 2018 torus+1,3,2,7,8,2.5,3,2.706398252184769,0.15,0.2,0.1838077403245943,10.604,0.4705874030191914,1.5,2,1.75,144,162,153,0.4211873413728596,0.2589587678034725,0.6148303673120773,,,
torus_plus1,RGA Fall 2018 torus+1,3,2,7,9,2.5,3,2.706398252184769,0.15,0.2,0.1838077403245943,10.604,0.4705874030191914,1.5,2,1.75,162,180,171,0.3307308837467311,0.2731343522984078,0.8258507618162751,,,
torus_plus1,RGA Fall 2018 torus+1,3,2,7,10,2.5,3,2.706398252184769,0.15,0.2,0.1838077403245943,10.604,0.4705874030191914,1.5,2,1.75,180,198,189,0.430274681925801,0.2957423682789524,0.6873338839163953,,,
torus_plus1,RGA Fall 2018 torus+1,3,2,7,11,2.5,3,2.706398252184769,0.15,0.2,0.1838077403245943,10.604,0.4705874030191914,1.5,2,1.75,198,216,207,0.09460448582951997,0.127888467212979,1.351822443635894,,,
torus_plus1,RGA Fall 2018 torus+1,3,2,7,12,2.5,3,2.706398252184769,0.15,0.2,0.1838077403245943,10.604,0.4705874030191914,1.5,2,1.75,216,234,225,0.2214409125336965,0.3778361957558075,1.70626191624961,,,
torus_plus1,RGA Fall 2018 torus+1,3,2,7,13,2.5,3,2.706398252184769,0.15,0.2,0.1838077403245943,10.604,0.4705874030191914,1.5,2,1.75,234,252,243,0.7050534567464141,0.5567887236242668,0.7897113591835442,,,
torus_plus1,RGA Fall 2018 torus+1,3,2,7,14,2.5,3,2.706398252184769,0.15,0.2,0.1838077403245943,10.604,0.4705874030191914,1.5,2,1.75,252,270,261,0.6193095162549804,0.3768068998122275,0.6084306633794557,,,
torus_plus1,RGA Fall 2018 torus+1,3,2,7,15,2.5,3,2.706398252184769,0.15,0.2,0.1838077403245943,10.604,0.4705874030191914,1.5,2,1.75,270,288,279,0.5611132726002369,0.3925368938985748,0.6995680071503784,,,
torus_plus1,RGA Fall 2018 torus+1,3,2,7,16,2.5,3,2.706398252184769,0.15,0.2,0.1838077403245943,10.604,0.4705874030191914,1.5,2,1.75,288,306,297,0.7265005027165865,0.690641040810971,0.9506408298803276,,,
torus_plus1,RGA Fall 2018 torus+1,3,3,0,2,2.5,3,2.75,0.2,0.25,0.225,10.604,0.6540060453433645,0.09,0.15,0.12,36,54,45,17.23230015704787,12.03076805713641,0.6981521878967458,,,
torus_plus1,RGA Fall 2018 torus+1,3,3,0,19,2.5,3,2.75,0.2,0.25,0.225,10.604,0.6540060453433645,0.09,0.15,0.12,342,360,351,5.084591524674289,6.553454102133768,1.28888506979006,,,
torus_plus1,RGA Fall 2018 torus+1,3,3,1,0,2.5,3,2.75,0.2,0.25,0.225,10.604,0.6540060453433645,0.15,0.2,0.175,0,18,9,44.74306099571274,21.03680206655724,0.4701690407049481,,,
torus_plus1,RGA Fall 2018 torus+1,3,3,1,1,2.5,3,2.75,0.2,0.25,0.225,10.604,0.6540060453433645,0.15,0.2,0.175,18,36,27,11.90966766648772,6.347244923468613,0.532948953842679,,,
torus_plus1,RGA Fall 2018 torus+1,3,3,1,2,2.5,3,2.75,0.2,0.25,0.225,10.604,0.6540060453433645,0.15,0.2,0.175,36,54,45,13.78116675079226,8.241667613890627,0.5980384508022026,,,
torus_plus1,RGA Fall 2018 torus+1,3,3,1,3,2.5,3,2.75,0.2,0.25,0.225,10.604,0.6540060453433645,0.15,0.2,0.175,54,72,63,19.64763763058592,8.134233355878871,0.4140056687128699,,,
torus_plus1,RGA Fall 2018 torus+1,3,3,1,4,2.5,3,2.75,0.2,0.25,0.225,10.604,0.6540060453433645,0.15,0.2,0.175,72,90,81,23.40619392634364,8.858961646008042,0.3784879196458034,,,
torus_plus1,RGA Fall 2018 torus+1,3,3,1,5,2.5,3,2.75,0.2,0.25,0.225,10.604,0.6540060453433645,0.15,0.2,0.175,90,108,99,22.73422956249162,8.969512407964837,0.394537777640959,,,
torus_plus1,RGA Fall 2018 torus+1,3,3,1,6,2.5,3,2.75,0.2,0.25,0.225,10.604,0.6540060453433645,0.15,0.2,0.175,108,126,117,13.95151861639326,13.63681226518792,0.9774428605330783,,,
torus_plus1,RGA Fall 2018 torus+1,3,3,1,7,2.5,3,2.75,0.2,0.25,0.225,10.604,0.6540060453433645,0.15,0.2,0.175,126,144,135,32.31820741035909,19.1102435094125,0.5913150833757881,,,
torus_plus1,RGA Fall 2018 torus+1,3,3,1,14,2.5,3,2.75,0.2,0.25,0.225,10.604,0.6540060453433645,0.15,0.2,0.175,252,270,261,12.63957930700559,10.23856694329173,0.8100401678414187,,,
torus_plus1,RGA Fall 2018 torus+1,3,3,1,15,2.5,3,2.75,0.2,0.25,0.225,10.604,0.6540060453433645,0.15,0.2,0.175,270,288,279,17.85632684689523,8.956407201053857,0.5015817238253093,,,
torus_plus1,RGA Fall 2018 torus+1,3,3,1,16,2.5,3,2.75,0.2,0.25,0.225,10.604,0.6540060453433645,0.15,0.2,0.175,288,306,297,13.0456973126052,9.01201326920034,0.6908034927724888,,,
torus_plus1,RGA Fall 2018 torus+1,3,3,1,18,2.5,3,2.75,0.2,0.25,0.225,10.604,0.6540060453433645,0.15,0.2,0.175,324,342,333,11.3797131419146,7.192881010434665,0.6320792906405798,,,
torus_plus1,RGA Fall 2018 torus+1,3,3,1,19,2.5,3,2.75,0.2,0.25,0.225,10.604,0.6540060453433645,0.15,0.2,0.175,342,360,351,4.91332420016353,6.467626245507382,1.316344287904331,,,
torus_plus1,RGA Fall 2018 torus+1,3,3,2,0,2.5,3,2.75,0.2,0.25,0.225,10.604,0.6540060453433645,0.2,0.3,0.25,0,18,9,9.656024576058176,4.432671783857811,0.459057632770373,,,
torus_plus1,RGA Fall 2018 torus+1,3,3,2,1,2.5,3,2.75,0.2,0.25,0.225,10.604,0.6540060453433645,0.2,0.3,0.25,18,36,27,6.772651564457628,4.116291378639756,0.607781359998165,,,
torus_plus1,RGA Fall 2018 torus+1,3,3,2,2,2.5,3,2.75,0.2,0.25,0.225,10.604,0.6540060453433645,0.2,0.3,0.25,36,54,45,14.75614315024263,4.853998307186979,0.3289476293205494,,,
torus_plus1,RGA Fall 2018 torus+1,3,3,2,3,2.5,3,2.75,0.2,0.25,0.225,10.604,0.6540060453433645,0.2,0.3,0.25,54,72,63,19.62238964188858,5.722757768156078,0.2916442835249542,,,
torus_plus1,RGA Fall 2018 torus+1,3,3,2,4,2.5,3,2.75,0.2,0.25,0.225,10.604,0.6540060453433645,0.2,0.3,0.25,72,90,81,16.96784018586125,4.102225954636128,0.2417647685092167,,,
torus_plus1,RGA Fall 2018 torus+1,3,3,2,5,2.5,3,2.75,0.2,0.25,0.225,10.604,0.6540060453433645,0.2,0.3,0.25,90,108,99,20.97327353192035,3.915467296401575,0.1866884199284587,,,
torus_plus1,RGA Fall 2018 torus+1,3,3,2,6,2.5,3,2.75,0.2,0.25,0.225,10.604,0.6540060453433645,0.2,0.3,0.25,108,126,117,23.90029713754841,5.157634686835562,0.2157979315969547,,,
torus_plus1,RGA Fall 2018 torus+1,3,3,2,7,2.5,3,2.75,0.2,0.25,0.225,10.604,0.6540060453433645,0.2,0.3,0.25,126,144,135,14.70429007367188,5.446416958757093,0.3703964578683697,,,
torus_plus1,RGA Fall 2018 torus+1,3,3,2,8,2.5,3,2.75,0.2,0.25,0.225,10.604,0.6540060453433645,0.2,0.3,0.25,144,162,153,10.12118303274928,4.696163302431199,0.4639935160974509,,,
torus_plus1,RGA Fall 2018 torus+1,3,3,2,9,2.5,3,2.75,0.2,0.25,0.225,10.604,0.6540060453433645,0.2,0.3,0.25,162,180,171,13.88438659693302,6.819737460668369,0.4911803206469926,,,
torus_plus1,RGA Fall 2018 torus+1,3,3,2,10,2.5,3,2.75,0.2,0.25,0.225,10.604,0.6540060453433645,0.2,0.3,0.25,180,198,189,2.096827046975842,3.107207325637322,1.481861525068892,,,
torus_plus1,RGA Fall 2018 torus+1,3,3,2,11,2.5,3,2.75,0.2,0.25,0.225,10.604,0.6540060453433645,0.2,0.3,0.25,198,216,207,2.161781674038493,2.977923095552545,1.377531843902346,,,
torus_plus1,RGA Fall 2018 torus+1,3,3,2,12,2.5,3,2.75,0.2,0.25,0.225,10.604,0.6540060453433645,0.2,0.3,0.25,216,234,225,17.98791520396939,7.702926049476106,0.4282278386422627,,,
torus_plus1,RGA Fall 2018 torus+1,3,3,2,13,2.5,3,2.75,0.2,0.25,0.225,10.604,0.6540060453433645,0.2,0.3,0.25,234,252,243,23.52711253225597,8.068719667342515,0.3429540984377151,,,
torus_plus1,RGA Fall 2018 torus+1,3,3,2,14,2.5,3,2.75,0.2,0.25,0.225,10.604,0.6540060453433645,0.2,0.3,0.25,252,270,261,18.61011536420307,5.616311682992659,0.3017881175414822,,,
torus_plus1,RGA Fall 2018 torus+1,3,3,2,15,2.5,3,2.75,0.2,0.25,0.225,10.604,0.6540060453433645,0.2,0.3,0.25,270,288,279,20.9861194954854,5.717743624306332,0.2724535913147904,,,
torus_plus1,RGA Fall 2018 torus+1,3,3,2,16,2.5,3,2.75,0.2,0.25,0.225,10.604,0.6540060453433645,0.2,0.3,0.25,288,306,297,13.61246228693381,6.526935391795402,0.4794823489105576,,,
torus_plus1,RGA Fall 2018 torus+1,3,3,2,17,2.5,3,2.75,0.2,0.25,0.225,10.604,0.6540060453433645,0.2,0.3,0.25,306,324,315,26.08453124725262,11.08429269700804,0.4249373926616182,,,
torus_plus1,RGA Fall 2018 torus+1,3,3,2,18,2.5,3,2.75,0.2,0.25,0.225,10.604,0.6540060453433645,0.2,0.3,0.25,324,342,333,13.03868759504226,6.194068015949985,0.4750530274461959,,,
torus_plus1,RGA Fall 2018 torus+1,3,3,2,19,2.5,3,2.75,0.2,0.25,0.225,10.604,0.6540060453433645,0.2,0.3,0.25,342,360,351,16.11422833220319,6.342698497549223,0.3936085778847858,,,
torus_plus1,RGA Fall 2018 torus+1,3,3,3,0,2.5,3,2.75,0.2,0.25,0.225,10.604,0.6540060453433645,0.3,0.4,0.35,0,18,9,9.916912066243487,3.722508820935337,0.3753697518007154,,,
torus_plus1,RGA Fall 2018 torus+1,3,3,3,1,2.5,3,2.75,0.2,0.25,0.225,10.604,0.6540060453433645,0.3,0.4,0.35,18,36,27,8.818537524979968,4.042541684353219,0.4584140706893916,,,
torus_plus1,RGA Fall 2018 torus+1,3,3,3,2,2.5,3,2.75,0.2,0.25,0.225,10.604,0.6540060453433645,0.3,0.4,0.35,36,54,45,20.74502480128118,6.172367927652231,0.2975348541049242,,,
torus_plus1,RGA Fall 2018 torus+1,3,3,3,3,2.5,3,2.75,0.2,0.25,0.225,10.604,0.6540060453433645,0.3,0.4,0.35,54,72,63,10.03762481270239,4.769369586509717,0.4751492186153627,,,
torus_plus1,RGA Fall 2018 torus+1,3,3,3,4,2.5,3,2.75,0.2,0.25,0.225,10.604,0.6540060453433645,0.3,0.4,0.35,72,90,81,14.40617643812265,3.740285518222537,0.2596306892594156,,,
torus_plus1,RGA Fall 2018 torus+1,3,3,3,5,2.5,3,2.75,0.2,0.25,0.225,10.604,0.6540060453433645,0.3,0.4,0.35,90,108,99,16.12949558843873,3.566999733119185,0.2211476306596924,,,
torus_plus1,RGA Fall 2018 torus+1,3,3,3,6,2.5,3,2.75,0.2,0.25,0.225,10.604,0.6540060453433645,0.3,0.4,0.35,108,126,117,17.1871204092977,3.669925699121306,0.2135276655847474,,,
torus_plus1,RGA Fall 2018 torus+1,3,3,3,7,2.5,3,2.75,0.2,0.25,0.225,10.604,0.6540060453433645,0.3,0.4,0.35,126,144,135,13.49211700904022,3.632465641356663,0.2692287384494795,,,
torus_plus1,RGA Fall 2018 torus+1,3,3,3,8,2.5,3,2.75,0.2,0.25,0.225,10.604,0.6540060453433645,0.3,0.4,0.35,144,162,153,4.600767907089113,2.210310965553215,0.480422183902702,,,
torus_plus1,RGA Fall 2018 torus+1,3,3,3,9,2.5,3,2.75,0.2,0.25,0.225,10.604,0.6540060453433645,0.3,0.4,0.35,162,180,171,6.588722739477502,1.915121545156267,0.2906665860564259,,,
torus_plus1,RGA Fall 2018 torus+1,3,3,3,10,2.5,3,2.75,0.2,0.25,0.225,10.604,0.6540060453433645,0.3,0.4,0.35,180,198,189,5.613942754739734,2.07734998360873,0.3700340517107815,,,
torus_plus1,RGA Fall 2018 torus+1,3,3,3,11,2.5,3,2.75,0.2,0.25,0.225,10.604,0.6540060453433645,0.3,0.4,0.35,198,216,207,7.360823503411567,3.406010386618231,0.4627213769002376,,,
torus_plus1,RGA Fall 2018 torus+1,3,3,3,12,2.5,3,2.75,0.2,0.25,0.225,10.604,0.6540060453433645,0.3,0.4,0.35,216,234,225,10.84160920944861,3.718860526816314,0.3430173929876828,,,
torus_plus1,RGA Fall 2018 torus+1,3,3,3,13,2.5,3,2.75,0.2,0.25,0.225,10.604,0.6540060453433645,0.3,0.4,0.35,234,252,243,19.50910410743526,4.763016049703582,0.2441432483764497,,,
torus_plus1,RGA Fall 2018 torus+1,3,3,3,14,2.5,3,2.75,0.2,0.25,0.225,10.604,0.6540060453433645,0.3,0.4,0.35,252,270,261,17.28652600581647,4.906244920584114,0.2838190229160729,,,
torus_plus1,RGA Fall 2018 torus+1,3,3,3,15,2.5,3,2.75,0.2,0.25,0.225,10.604,0.6540060453433645,0.3,0.4,0.35,270,288,279,24.12864947987744,6.184439483093804,0.256311049992725,,,
torus_plus1,RGA Fall 2018 torus+1,3,3,3,16,2.5,3,2.75,0.2,0.25,0.225,10.604,0.6540060453433645,0.3,0.4,0.35,288,306,297,8.52887336297084,3.852624724813795,0.4517155503258429,,,
torus_plus1,RGA Fall 2018 torus+1,3,3,3,17,2.5,3,2.75,0.2,0.25,0.225,10.604,0.6540060453433645,0.3,0.4,0.35,306,324,315,13.17771208113365,6.516000658357293,0.4944713178007709,,,
torus_plus1,RGA Fall 2018 torus+1,3,3,3,18,2.5,3,2.75,0.2,0.25,0.225,10.604,0.6540060453433645,0.3,0.4,0.35,324,342,333,6.788546052758721,5.226338967074653,0.7698760421535006,,,
torus_plus1,RGA Fall 2018 torus+1,3,3,3,19,2.5,3,2.75,0.2,0.25,0.225,10.604,0.6540060453433645,0.3,0.4,0.35,342,360,351,9.532594192940346,3.334643146729813,0.3498148645831777,,,
torus_plus1,RGA Fall 2018 torus+1,3,3,4,0,2.5,3,2.75,0.2,0.25,0.225,10.604,0.6540060453433645,0.4,0.6,0.5,0,18,9,2.906246588332168,1.077472491343557,0.3707436580465441,,,
torus_plus1,RGA Fall 2018 torus+1,3,3,4,1,2.5,3,2.75,0.2,0.25,0.225,10.604,0.6540060453433645,0.4,0.6,0.5,18,36,27,3.491787886127601,1.56856651453131,0.4492158646758047,,,
torus_plus1,RGA Fall 2018 torus+1,3,3,4,2,2.5,3,2.75,0.2,0.25,0.225,10.604,0.6540060453433645,0.4,0.6,0.5,36,54,45,10.39768559796282,5.316458907978811,0.5113117585533116,,,
torus_plus1,RGA Fall 2018 torus+1,3,3,4,3,2.5,3,2.75,0.2,0.25,0.225,10.604,0.6540060453433645,0.4,0.6,0.5,54,72,63,13.05735001240743,5.472099741511667,0.4190819527937855,,,
torus_plus1,RGA Fall 2018 torus+1,3,3,4,4,2.5,3,2.75,0.2,0.25,0.225,10.604,0.6540060453433645,0.4,0.6,0.5,72,90,81,16.85323071946217,3.206741971552252,0.1902746141040539,,,
torus_plus1,RGA Fall 2018 torus+1,3,3,4,5,2.5,3,2.75,0.2,0.25,0.225,10.604,0.6540060453433645,0.4,0.6,0.5,90,108,99,11.82924454641183,1.939985383406952,0.1639990935850091,,,
torus_plus1,RGA Fall 2018 torus+1,3,3,4,6,2.5,3,2.75,0.2,0.25,0.225,10.604,0.6540060453433645,0.4,0.6,0.5,108,126,117,14.78173774919394,2.229717504938062,0.1508427184117545,,,
torus_plus1,RGA Fall 2018 torus+1,3,3,4,7,2.5,3,2.75,0.2,0.25,0.225,10.604,0.6540060453433645,0.4,0.6,0.5,126,144,135,7.403559164640616,1.658527781048458,0.2240176304620598,,,
torus_plus1,RGA Fall 2018 torus+1,3,3,4,8,2.5,3,2.75,0.2,0.25,0.225,10.604,0.6540060453433645,0.4,0.6,0.5,144,162,153,8.349835284179845,1.531711631324166,0.1834421373827876,,,
torus_plus1,RGA Fall 2018 torus+1,3,3,4,9,2.5,3,2.75,0.2,0.25,0.225,10.604,0.6540060453433645,0.4,0.6,0.5,162,180,171,4.464457931531106,1.051992504157954,0.2356372308333451,,,
torus_plus1,RGA Fall 2018 torus+1,3,3,4,10,2.5,3,2.75,0.2,0.25,0.225,10.604,0.6540060453433645,0.4,0.6,0.5,180,198,189,5.987541292340038,1.250407692046559,0.2088349175388947,,,
torus_plus1,RGA Fall 2018 torus+1,3,3,4,11,2.5,3,2.75,0.2,0.25,0.225,10.604,0.6540060453433645,0.4,0.6,0.5,198,216,207,5.883219978548949,1.755319088832785,0.298360267886111,,,
torus_plus1,RGA Fall 2018 torus+1,3,3,4,12,2.5,3,2.75,0.2,0.25,0.225,10.604,0.6540060453433645,0.4,0.6,0.5,216,234,225,8.518142614943486,2.075887840738311,0.2437019353370012,,,
torus_plus1,RGA Fall 2018 torus+1,3,3,4,13,2.5,3,2.75,0.2,0.25,0.225,10.604,0.6540060453433645,0.4,0.6,0.5,234,252,243,15.78103438543782,2.749575358546215,0.1742328982619432,,,
torus_plus1,RGA Fall 2018 torus+1,3,3,4,14,2.5,3,2.75,0.2,0.25,0.225,10.604,0.6540060453433645,0.4,0.6,0.5,252,270,261,12.65616846988818,2.296079281752712,0.1814197786016829,,,
torus_plus1,RGA Fall 2018 torus+1,3,3,4,15,2.5,3,2.75,0.2,0.25,0.225,10.604,0.6540060453433645,0.4,0.6,0.5,270,288,279,15.72673041778339,2.800943070175781,0.1781007873708159,,,
torus_plus1,RGA Fall 2018 torus+1,3,3,4,16,2.5,3,2.75,0.2,0.25,0.225,10.604,0.6540060453433645,0.4,0.6,0.5,288,306,297,10.24611642490262,2.558573021854688,0.2497114922134027,,,
torus_plus1,RGA Fall 2018 torus+1,3,3,4,17,2.5,3,2.75,0.2,0.25,0.225,10.604,0.6540060453433645,0.4,0.6,0.5,306,324,315,7.177283702112781,2.336977770450266,0.3256075511913133,,,
torus_plus1,RGA Fall 2018 torus+1,3,3,4,18,2.5,3,2.75,0.2,0.25,0.225,10.604,0.6540060453433645,0.4,0.6,0.5,324,342,333,6.10215900113469,2.157193073666625,0.3535130882799837,,,
torus_plus1,RGA Fall 2018 torus+1,3,3,4,19,2.5,3,2.75,0.2,0.25,0.225,10.604,0.6540060453433645,0.4,0.6,0.5,342,360,351,5.083484848132288,1.377067618499576,0.2708904736886392,,,
torus_plus1,RGA Fall 2018 torus+1,3,3,5,0,2.5,3,2.75,0.2,0.25,0.225,10.604,0.6540060453433645,0.6,1,0.8,0,18,9,1.913997085900916,0.6996118824987669,0.3655240060981913,,,
torus_plus1,RGA Fall 2018 torus+1,3,3,5,1,2.5,3,2.75,0.2,0.25,0.225,10.604,0.6540060453433645,0.6,1,0.8,18,36,27,2.918553716238865,0.9233825496997893,0.3163836062232052,,,
torus_plus1,RGA Fall 2018 torus+1,3,3,5,2,2.5,3,2.75,0.2,0.25,0.225,10.604,0.6540060453433645,0.6,1,0.8,36,54,45,2.316557228020701,1.225674335309494,0.5290930526057963,,,
torus_plus1,RGA Fall 2018 torus+1,3,3,5,3,2.5,3,2.75,0.2,0.25,0.225,10.604,0.6540060453433645,0.6,1,0.8,54,72,63,5.808774043969131,1.436549515394393,0.247306833510914,,,
torus_plus1,RGA Fall 2018 torus+1,3,3,5,4,2.5,3,2.75,0.2,0.25,0.225,10.604,0.6540060453433645,0.6,1,0.8,72,90,81,5.986465677488848,1.171229004425707,0.1956461571023329,,,
torus_plus1,RGA Fall 2018 torus+1,3,3,5,5,2.5,3,2.75,0.2,0.25,0.225,10.604,0.6540060453433645,0.6,1,0.8,90,108,99,6.837904511764802,1.215815049471063,0.1778052102627669,,,
torus_plus1,RGA Fall 2018 torus+1,3,3,5,6,2.5,3,2.75,0.2,0.25,0.225,10.604,0.6540060453433645,0.6,1,0.8,108,126,117,5.07887722934392,0.8485809274013217,0.1670804173998393,,,
torus_plus1,RGA Fall 2018 torus+1,3,3,5,7,2.5,3,2.75,0.2,0.25,0.225,10.604,0.6540060453433645,0.6,1,0.8,126,144,135,4.351162765791246,1.008833014235345,0.2318536603978066,,,
torus_plus1,RGA Fall 2018 torus+1,3,3,5,8,2.5,3,2.75,0.2,0.25,0.225,10.604,0.6540060453433645,0.6,1,0.8,144,162,153,4.79030685861916,0.8767969855172922,0.1830356616799357,,,
torus_plus1,RGA Fall 2018 torus+1,3,3,5,9,2.5,3,2.75,0.2,0.25,0.225,10.604,0.6540060453433645,0.6,1,0.8,162,180,171,2.522257300217562,0.5118654839876462,0.202939439978425,,,
torus_plus1,RGA Fall 2018 torus+1,3,3,5,10,2.5,3,2.75,0.2,0.25,0.225,10.604,0.6540060453433645,0.6,1,0.8,180,198,189,3.66915363414999,0.68014297088169,0.1853678092275508,,,
torus_plus1,RGA Fall 2018 torus+1,3,3,5,11,2.5,3,2.75,0.2,0.25,0.225,10.604,0.6540060453433645,0.6,1,0.8,198,216,207,2.775430025451009,0.6666975283208737,0.2402141369831635,,,
torus_plus1,RGA Fall 2018 torus+1,3,3,5,12,2.5,3,2.75,0.2,0.25,0.225,10.604,0.6540060453433645,0.6,1,0.8,216,234,225,3.655795532787116,0.9538672294977407,0.2609191955466198,,,
torus_plus1,RGA Fall 2018 torus+1,3,3,5,13,2.5,3,2.75,0.2,0.25,0.225,10.604,0.6540060453433645,0.6,1,0.8,234,252,243,6.693025630649546,1.28449430034874,0.1919153416156995,,,
torus_plus1,RGA Fall 2018 torus+1,3,3,5,14,2.5,3,2.75,0.2,0.25,0.225,10.604,0.6540060453433645,0.6,1,0.8,252,270,261,6.62727772507983,1.027681929678357,0.1550684869881438,,,
torus_plus1,RGA Fall 2018 torus+1,3,3,5,15,2.5,3,2.75,0.2,0.25,0.225,10.604,0.6540060453433645,0.6,1,0.8,270,288,279,8.974114300192717,1.29600906973011,0.1444163765222244,,,
torus_plus1,RGA Fall 2018 torus+1,3,3,5,16,2.5,3,2.75,0.2,0.25,0.225,10.604,0.6540060453433645,0.6,1,0.8,288,306,297,6.251054658860692,1.128380771956813,0.1805104631995764,,,
torus_plus1,RGA Fall 2018 torus+1,3,3,5,17,2.5,3,2.75,0.2,0.25,0.225,10.604,0.6540060453433645,0.6,1,0.8,306,324,315,5.467492173126967,1.662251044402073,0.3040244031024188,,,
torus_plus1,RGA Fall 2018 torus+1,3,3,5,18,2.5,3,2.75,0.2,0.25,0.225,10.604,0.6540060453433645,0.6,1,0.8,324,342,333,2.649512029045973,0.8247968721545538,0.3113014257389666,,,
torus_plus1,RGA Fall 2018 torus+1,3,3,5,19,2.5,3,2.75,0.2,0.25,0.225,10.604,0.6540060453433645,0.6,1,0.8,342,360,351,2.62826940965327,0.7357906155970593,0.279952509013955,,,
torus_plus1,RGA Fall 2018 torus+1,3,3,6,0,2.5,3,2.75,0.2,0.25,0.225,10.604,0.6540060453433645,1,1.5,1.25,0,18,9,0.5081707331465436,0.492242028289487,0.9686548165447711,,,
torus_plus1,RGA Fall 2018 torus+1,3,3,6,1,2.5,3,2.75,0.2,0.25,0.225,10.604,0.6540060453433645,1,1.5,1.25,18,36,27,1.266551180166888,0.5478962455529901,0.4325891082275856,,,
torus_plus1,RGA Fall 2018 torus+1,3,3,6,2,2.5,3,2.75,0.2,0.25,0.225,10.604,0.6540060453433645,1,1.5,1.25,36,54,45,1.354495697085196,0.6354814879510108,0.4691646413632273,,,
torus_plus1,RGA Fall 2018 torus+1,3,3,6,3,2.5,3,2.75,0.2,0.25,0.225,10.604,0.6540060453433645,1,1.5,1.25,54,72,63,2.451240130346908,0.5240202682110385,0.2137776147361284,,,
torus_plus1,RGA Fall 2018 torus+1,3,3,6,4,2.5,3,2.75,0.2,0.25,0.225,10.604,0.6540060453433645,1,1.5,1.25,72,90,81,3.58239243604448,0.8046517545726745,0.2246129559890249,,,
torus_plus1,RGA Fall 2018 torus+1,3,3,6,5,2.5,3,2.75,0.2,0.25,0.225,10.604,0.6540060453433645,1,1.5,1.25,90,108,99,4.170856355400253,0.9367903923440452,0.2246038493104965,,,
torus_plus1,RGA Fall 2018 torus+1,3,3,6,6,2.5,3,2.75,0.2,0.25,0.225,10.604,0.6540060453433645,1,1.5,1.25,108,126,117,3.456687298563295,0.9422329119931727,0.2725826291503988,,,
torus_plus1,RGA Fall 2018 torus+1,3,3,6,7,2.5,3,2.75,0.2,0.25,0.225,10.604,0.6540060453433645,1,1.5,1.25,126,144,135,2.752471680548881,0.5781647285625574,0.2100529253936823,,,
torus_plus1,RGA Fall 2018 torus+1,3,3,6,8,2.5,3,2.75,0.2,0.25,0.225,10.604,0.6540060453433645,1,1.5,1.25,144,162,153,1.645278820179236,0.3297675274073074,0.200432609575186,,,
torus_plus1,RGA Fall 2018 torus+1,3,3,6,9,2.5,3,2.75,0.2,0.25,0.225,10.604,0.6540060453433645,1,1.5,1.25,162,180,171,1.373466503049459,0.2967780143010496,0.2160795429973165,,,
torus_plus1,RGA Fall 2018 torus+1,3,3,6,10,2.5,3,2.75,0.2,0.25,0.225,10.604,0.6540060453433645,1,1.5,1.25,180,198,189,2.072230149060296,0.4178215661025796,0.2016289388956391,,,
torus_plus1,RGA Fall 2018 torus+1,3,3,6,11,2.5,3,2.75,0.2,0.25,0.225,10.604,0.6540060453433645,1,1.5,1.25,198,216,207,1.501614239039291,0.3576428855245604,0.2381722790224569,,,
torus_plus1,RGA Fall 2018 torus+1,3,3,6,12,2.5,3,2.75,0.2,0.25,0.225,10.604,0.6540060453433645,1,1.5,1.25,216,234,225,2.163919324665453,0.5763311295421942,0.2663366988652853,,,
torus_plus1,RGA Fall 2018 torus+1,3,3,6,13,2.5,3,2.75,0.2,0.25,0.225,10.604,0.6540060453433645,1,1.5,1.25,234,252,243,2.685788456329496,0.8801157382143446,0.3276936186616668,,,
torus_plus1,RGA Fall 2018 torus+1,3,3,6,14,2.5,3,2.75,0.2,0.25,0.225,10.604,0.6540060453433645,1,1.5,1.25,252,270,261,4.005327100382298,0.6847012036910575,0.1709476371170046,,,
torus_plus1,RGA Fall 2018 torus+1,3,3,6,15,2.5,3,2.75,0.2,0.25,0.225,10.604,0.6540060453433645,1,1.5,1.25,270,288,279,3.186654129187655,0.5996248640432595,0.1881675386578953,,,
torus_plus1,RGA Fall 2018 torus+1,3,3,6,16,2.5,3,2.75,0.2,0.25,0.225,10.604,0.6540060453433645,1,1.5,1.25,288,306,297,3.3159515219373,0.7796203376567982,0.2351121035693898,,,
torus_plus1,RGA Fall 2018 torus+1,3,3,6,17,2.5,3,2.75,0.2,0.25,0.225,10.604,0.6540060453433645,1,1.5,1.25,306,324,315,2.745409813305682,1.229213335571994,0.4477340066370375,,,
torus_plus1,RGA Fall 2018 torus+1,3,3,6,18,2.5,3,2.75,0.2,0.25,0.225,10.604,0.6540060453433645,1,1.5,1.25,324,342,333,1.915246429619031,0.6274348365103698,0.3276000554326449,,,
torus_plus1,RGA Fall 2018 torus+1,3,3,6,19,2.5,3,2.75,0.2,0.25,0.225,10.604,0.6540060453433645,1,1.5,1.25,342,360,351,1.623795002791603,0.8108555686681777,0.4993583348108395,,,
torus_plus1,RGA Fall 2018 torus+1,3,3,7,0,2.5,3,2.75,0.2,0.25,0.225,10.604,0.6540060453433645,1.5,2,1.75,0,18,9,0.01649568376428816,0.3114466786630832,18.88049523217342,,,
torus_plus1,RGA Fall 2018 torus+1,3,3,7,1,2.5,3,2.75,0.2,0.25,0.225,10.604,0.6540060453433645,1.5,2,1.75,18,36,27,0.5381591315178533,0.5498081152157865,1.021645983531075,,,
torus_plus1,RGA Fall 2018 torus+1,3,3,7,2,2.5,3,2.75,0.2,0.25,0.225,10.604,0.6540060453433645,1.5,2,1.75,36,54,45,0.6853449234287857,0.4442062236084635,0.6481498708505733,,,
torus_plus1,RGA Fall 2018 torus+1,3,3,7,3,2.5,3,2.75,0.2,0.25,0.225,10.604,0.6540060453433645,1.5,2,1.75,54,72,63,2.27794414588986,0.7340050906678791,0.322222602337401,,,
torus_plus1,RGA Fall 2018 torus+1,3,3,7,4,2.5,3,2.75,0.2,0.25,0.225,10.604,0.6540060453433645,1.5,2,1.75,72,90,81,2.031188531375926,0.6376546118578175,0.3139317704919644,,,
torus_plus1,RGA Fall 2018 torus+1,3,3,7,5,2.5,3,2.75,0.2,0.25,0.225,10.604,0.6540060453433645,1.5,2,1.75,90,108,99,1.268407026245209,0.6124578900081501,0.4828559581707564,,,
torus_plus1,RGA Fall 2018 torus+1,3,3,7,6,2.5,3,2.75,0.2,0.25,0.225,10.604,0.6540060453433645,1.5,2,1.75,108,126,117,1.876346433701291,0.6242521976631801,0.3326955973859139,,,
torus_plus1,RGA Fall 2018 torus+1,3,3,7,7,2.5,3,2.75,0.2,0.25,0.225,10.604,0.6540060453433645,1.5,2,1.75,126,144,135,1.004061340218863,0.2746965918035734,0.273585468138526,,,
torus_plus1,RGA Fall 2018 torus+1,3,3,7,8,2.5,3,2.75,0.2,0.25,0.225,10.604,0.6540060453433645,1.5,2,1.75,144,162,153,0.9140301165575602,0.2215478053107754,0.2423856734011932,,,
torus_plus1,RGA Fall 2018 torus+1,3,3,7,9,2.5,3,2.75,0.2,0.25,0.225,10.604,0.6540060453433645,1.5,2,1.75,162,180,171,0.6794694006872946,0.2111600417149295,0.3107719663333442,,,
torus_plus1,RGA Fall 2018 torus+1,3,3,7,10,2.5,3,2.75,0.2,0.25,0.225,10.604,0.6540060453433645,1.5,2,1.75,180,198,189,0.2593639230950612,0.1491322534670672,0.5749922799109098,,,
torus_plus1,RGA Fall 2018 torus+1,3,3,7,11,2.5,3,2.75,0.2,0.25,0.225,10.604,0.6540060453433645,1.5,2,1.75,198,216,207,0.8625759452749983,0.248746963148522,0.288376883810757,,,
torus_plus1,RGA Fall 2018 torus+1,3,3,7,12,2.5,3,2.75,0.2,0.25,0.225,10.604,0.6540060453433645,1.5,2,1.75,216,234,225,1.044913977846227,0.2879471759338122,0.2755702211270327,,,
torus_plus1,RGA Fall 2018 torus+1,3,3,7,13,2.5,3,2.75,0.2,0.25,0.225,10.604,0.6540060453433645,1.5,2,1.75,234,252,243,1.791868115888958,0.4500306689997797,0.2511516695951233,,,
torus_plus1,RGA Fall 2018 torus+1,3,3,7,14,2.5,3,2.75,0.2,0.25,0.225,10.604,0.6540060453433645,1.5,2,1.75,252,270,261,2.316388445156465,0.6742869981945969,0.2910940950359691,,,
torus_plus1,RGA Fall 2018 torus+1,3,3,7,15,2.5,3,2.75,0.2,0.25,0.225,10.604,0.6540060453433645,1.5,2,1.75,270,288,279,1.818342271127176,0.539369575785126,0.2966270896022096,,,
torus_plus1,RGA Fall 2018 torus+1,3,3,7,16,2.5,3,2.75,0.2,0.25,0.225,10.604,0.6540060453433645,1.5,2,1.75,288,306,297,2.227980411521659,0.6936045433588772,0.3113153687402312,,,
torus_plus1,RGA Fall 2018 torus+1,3,3,7,17,2.5,3,2.75,0.2,0.25,0.225,10.604,0.6540060453433645,1.5,2,1.75,306,324,315,0.07309467671129048,0.2471844288294719,3.381702197080665,,,
torus_plus1,RGA Fall 2018 torus+1,3,3,7,18,2.5,3,2.75,0.2,0.25,0.225,10.604,0.6540060453433645,1.5,2,1.75,324,342,333,0.2355457638526401,0.3645735606695009,1.547782285303938,,,
torus_plus1,RGA Fall 2018 torus+1,3,3,7,19,2.5,3,2.75,0.2,0.25,0.225,10.604,0.6540060453433645,1.5,2,1.75,342,360,351,0.3497342994900246,0.2847061982114129,0.8140642728681905,,,
torus_plus1,RGA Fall 2018 torus+1,3,4,1,0,2.5,3,2.75,0.25,0.3,0.275,10.604,0.7801021859790077,0.15,0.2,0.175,0,18,9,18.9687578111946,8.78494722010654,0.4631271750921937,,,
torus_plus1,RGA Fall 2018 torus+1,3,4,1,1,2.5,3,2.75,0.25,0.3,0.275,10.604,0.7801021859790077,0.15,0.2,0.175,18,36,27,19.44329952540075,6.186965064171957,0.3182055111628199,,,
torus_plus1,RGA Fall 2018 torus+1,3,4,1,2,2.5,3,2.75,0.25,0.3,0.275,10.604,0.7801021859790077,0.15,0.2,0.175,36,54,45,27.64405163023899,9.781987930974969,0.3538550738443402,,,
torus_plus1,RGA Fall 2018 torus+1,3,4,1,3,2.5,3,2.75,0.25,0.3,0.275,10.604,0.7801021859790077,0.15,0.2,0.175,54,72,63,67.74559214240733,29.23188008085462,0.4314949379939963,,,
torus_plus1,RGA Fall 2018 torus+1,3,4,1,16,2.5,3,2.75,0.25,0.3,0.275,10.604,0.7801021859790077,0.15,0.2,0.175,288,306,297,30.24411438274448,20.11628844051853,0.6651306824839847,,,
torus_plus1,RGA Fall 2018 torus+1,3,4,1,17,2.5,3,2.75,0.25,0.3,0.275,10.604,0.7801021859790077,0.15,0.2,0.175,306,324,315,14.17633704167122,9.825304161439595,0.6930777769009157,,,
torus_plus1,RGA Fall 2018 torus+1,3,4,1,18,2.5,3,2.75,0.25,0.3,0.275,10.604,0.7801021859790077,0.15,0.2,0.175,324,342,333,13.55751460073848,5.816793497451555,0.4290457114561922,,,
torus_plus1,RGA Fall 2018 torus+1,3,4,1,19,2.5,3,2.75,0.25,0.3,0.275,10.604,0.7801021859790077,0.15,0.2,0.175,342,360,351,20.31164633574709,6.554645532794835,0.3227038037413596,,,
torus_plus1,RGA Fall 2018 torus+1,3,4,2,0,2.5,3,2.75,0.25,0.3,0.275,10.604,0.7801021859790077,0.2,0.3,0.25,0,18,9,16.24886626847605,4.184430347119964,0.2575213727518981,,,
torus_plus1,RGA Fall 2018 torus+1,3,4,2,1,2.5,3,2.75,0.25,0.3,0.275,10.604,0.7801021859790077,0.2,0.3,0.25,18,36,27,20.68095453801087,4.588296838193932,0.2218609798576174,,,
torus_plus1,RGA Fall 2018 torus+1,3,4,2,2,2.5,3,2.75,0.25,0.3,0.275,10.604,0.7801021859790077,0.2,0.3,0.25,36,54,45,24.37942584238595,4.237652861756701,0.1738208639183429,,,
torus_plus1,RGA Fall 2018 torus+1,3,4,2,3,2.5,3,2.75,0.25,0.3,0.275,10.604,0.7801021859790077,0.2,0.3,0.25,54,72,63,25.97721230910553,6.373670328501256,0.2453562088441321,,,
torus_plus1,RGA Fall 2018 torus+1,3,4,2,4,2.5,3,2.75,0.25,0.3,0.275,10.604,0.7801021859790077,0.2,0.3,0.25,72,90,81,62.10132556770939,12.1454028226269,0.1955739706294145,,,
torus_plus1,RGA Fall 2018 torus+1,3,4,2,5,2.5,3,2.75,0.25,0.3,0.275,10.604,0.7801021859790077,0.2,0.3,0.25,90,108,99,97.38987239250336,26.91998242335618,0.2764145979662292,,,
torus_plus1,RGA Fall 2018 torus+1,3,4,2,14,2.5,3,2.75,0.25,0.3,0.275,10.604,0.7801021859790077,0.2,0.3,0.25,252,270,261,42.94024725695563,23.10740727417266,0.538129348345325,,,
torus_plus1,RGA Fall 2018 torus+1,3,4,2,15,2.5,3,2.75,0.25,0.3,0.275,10.604,0.7801021859790077,0.2,0.3,0.25,270,288,279,47.18622595945801,10.69032548997235,0.2265560610665788,,,
torus_plus1,RGA Fall 2018 torus+1,3,4,2,16,2.5,3,2.75,0.25,0.3,0.275,10.604,0.7801021859790077,0.2,0.3,0.25,288,306,297,38.41099089645346,8.594450703646004,0.2237497784635267,,,
torus_plus1,RGA Fall 2018 torus+1,3,4,2,17,2.5,3,2.75,0.25,0.3,0.275,10.604,0.7801021859790077,0.2,0.3,0.25,306,324,315,32.94914372611471,9.186194547165984,0.2787991889417517,,,
torus_plus1,RGA Fall 2018 torus+1,3,4,2,18,2.5,3,2.75,0.25,0.3,0.275,10.604,0.7801021859790077,0.2,0.3,0.25,324,342,333,21.6870421321318,5.894607323632172,0.2718031941708937,,,
torus_plus1,RGA Fall 2018 torus+1,3,4,2,19,2.5,3,2.75,0.25,0.3,0.275,10.604,0.7801021859790077,0.2,0.3,0.25,342,360,351,18.16375814488703,4.084382067247191,0.224864371935987,,,
torus_plus1,RGA Fall 2018 torus+1,3,4,3,0,2.5,3,2.75,0.25,0.3,0.275,10.604,0.7801021859790077,0.3,0.4,0.35,0,18,9,20.03858635156161,5.350148174070528,0.2669922957740774,,,
torus_plus1,RGA Fall 2018 torus+1,3,4,3,1,2.5,3,2.75,0.25,0.3,0.275,10.604,0.7801021859790077,0.3,0.4,0.35,18,36,27,19.86094109847132,4.804204813736014,0.2418921031947369,,,
torus_plus1,RGA Fall 2018 torus+1,3,4,3,2,2.5,3,2.75,0.25,0.3,0.275,10.604,0.7801021859790077,0.3,0.4,0.35,36,54,45,16.60722354799011,3.844158481072812,0.2314750849209861,,,
torus_plus1,RGA Fall 2018 torus+1,3,4,3,3,2.5,3,2.75,0.25,0.3,0.275,10.604,0.7801021859790077,0.3,0.4,0.35,54,72,63,25.06416903774175,6.221568679542539,0.2482256112370639,,,
torus_plus1,RGA Fall 2018 torus+1,3,4,3,4,2.5,3,2.75,0.25,0.3,0.275,10.604,0.7801021859790077,0.3,0.4,0.35,72,90,81,30.58557158725494,5.964178611312799,0.1949997434018229,,,
torus_plus1,RGA Fall 2018 torus+1,3,4,3,5,2.5,3,2.75,0.25,0.3,0.275,10.604,0.7801021859790077,0.3,0.4,0.35,90,108,99,36.52247105856579,6.73159906686827,0.1843138996831233,,,
torus_plus1,RGA Fall 2018 torus+1,3,4,3,6,2.5,3,2.75,0.25,0.3,0.275,10.604,0.7801021859790077,0.3,0.4,0.35,108,126,117,21.54401547535789,5.968761305718095,0.2770496202319007,,,
torus_plus1,RGA Fall 2018 torus+1,3,4,3,7,2.5,3,2.75,0.25,0.3,0.275,10.604,0.7801021859790077,0.3,0.4,0.35,126,144,135,17.64210790594537,6.264530753733872,0.3550896971683714,,,
torus_plus1,RGA Fall 2018 torus+1,3,4,3,8,2.5,3,2.75,0.25,0.3,0.275,10.604,0.7801021859790077,0.3,0.4,0.35,144,162,153,10.8543006096458,5.949801850203614,0.5481515635301506,,,
torus_plus1,RGA Fall 2018 torus+1,3,4,3,9,2.5,3,2.75,0.25,0.3,0.275,10.604,0.7801021859790077,0.3,0.4,0.35,162,180,171,14.26767244982938,7.008050163364945,0.4911838415135995,,,
torus_plus1,RGA Fall 2018 torus+1,3,4,3,10,2.5,3,2.75,0.25,0.3,0.275,10.604,0.7801021859790077,0.3,0.4,0.35,180,198,189,10.63869375409324,4.548997733994161,0.427589875142701,,,
torus_plus1,RGA Fall 2018 torus+1,3,4,3,11,2.5,3,2.75,0.25,0.3,0.275,10.604,0.7801021859790077,0.3,0.4,0.35,198,216,207,21.02752279763989,7.580886247174674,0.3605220795682859,,,
torus_plus1,RGA Fall 2018 torus+1,3,4,3,12,2.5,3,2.75,0.25,0.3,0.275,10.604,0.7801021859790077,0.3,0.4,0.35,216,234,225,25.07738463335858,7.311900724307237,0.2915734966468855,,,
torus_plus1,RGA Fall 2018 torus+1,3,4,3,13,2.5,3,2.75,0.25,0.3,0.275,10.604,0.7801021859790077,0.3,0.4,0.35,234,252,243,19.0214350429951,4.953246617278698,0.2604034136269229,,,
torus_plus1,RGA Fall 2018 torus+1,3,4,3,14,2.5,3,2.75,0.25,0.3,0.275,10.604,0.7801021859790077,0.3,0.4,0.35,252,270,261,42.95341064530977,10.58360079745018,0.2463972159241291,,,
torus_plus1,RGA Fall 2018 torus+1,3,4,3,15,2.5,3,2.75,0.25,0.3,0.275,10.604,0.7801021859790077,0.3,0.4,0.35,270,288,279,34.45009224180852,6.497026315863528,0.1885924214733672,,,
torus_plus1,RGA Fall 2018 torus+1,3,4,3,16,2.5,3,2.75,0.25,0.3,0.275,10.604,0.7801021859790077,0.3,0.4,0.35,288,306,297,22.576919865715,5.451208743783293,0.2414505068098959,,,
torus_plus1,RGA Fall 2018 torus+1,3,4,3,17,2.5,3,2.75,0.25,0.3,0.275,10.604,0.7801021859790077,0.3,0.4,0.35,306,324,315,25.8919704889151,8.886373360065601,0.3432096202901995,,,
torus_plus1,RGA Fall 2018 torus+1,3,4,3,18,2.5,3,2.75,0.25,0.3,0.275,10.604,0.7801021859790077,0.3,0.4,0.35,324,342,333,15.59753760400158,6.433340590890921,0.4124587325399642,,,
torus_plus1,RGA Fall 2018 torus+1,3,4,3,19,2.5,3,2.75,0.25,0.3,0.275,10.604,0.7801021859790077,0.3,0.4,0.35,342,360,351,19.37931569635709,5.225349190140617,0.2696353819718658,,,
torus_plus1,RGA Fall 2018 torus+1,3,4,4,0,2.5,3,2.75,0.25,0.3,0.275,10.604,0.7801021859790077,0.4,0.6,0.5,0,18,9,8.810699977826394,3.109060157278202,0.352873229720984,,,
torus_plus1,RGA Fall 2018 torus+1,3,4,4,1,2.5,3,2.75,0.25,0.3,0.275,10.604,0.7801021859790077,0.4,0.6,0.5,18,36,27,12.48370357122191,2.970430482969904,0.2379446504815683,,,
torus_plus1,RGA Fall 2018 torus+1,3,4,4,2,2.5,3,2.75,0.25,0.3,0.275,10.604,0.7801021859790077,0.4,0.6,0.5,36,54,45,10.50284645120345,2.389742489550259,0.2275328408020698,,,
torus_plus1,RGA Fall 2018 torus+1,3,4,4,3,2.5,3,2.75,0.25,0.3,0.275,10.604,0.7801021859790077,0.4,0.6,0.5,54,72,63,20.87492918866338,4.146780432886612,0.1986488382982692,,,
torus_plus1,RGA Fall 2018 torus+1,3,4,4,4,2.5,3,2.75,0.25,0.3,0.275,10.604,0.7801021859790077,0.4,0.6,0.5,72,90,81,22.0513327731049,3.734894714664979,0.1693727428221606,,,
torus_plus1,RGA Fall 2018 torus+1,3,4,4,5,2.5,3,2.75,0.25,0.3,0.275,10.604,0.7801021859790077,0.4,0.6,0.5,90,108,99,23.39533531652111,3.191447370058067,0.1364138332227433,,,
torus_plus1,RGA Fall 2018 torus+1,3,4,4,6,2.5,3,2.75,0.25,0.3,0.275,10.604,0.7801021859790077,0.4,0.6,0.5,108,126,117,14.10405087074219,2.526873048840312,0.179159382789956,,,
torus_plus1,RGA Fall 2018 torus+1,3,4,4,7,2.5,3,2.75,0.25,0.3,0.275,10.604,0.7801021859790077,0.4,0.6,0.5,126,144,135,14.70316660095158,1.967269854252651,0.1337990589132908,,,
torus_plus1,RGA Fall 2018 torus+1,3,4,4,8,2.5,3,2.75,0.25,0.3,0.275,10.604,0.7801021859790077,0.4,0.6,0.5,144,162,153,12.5842890481609,1.732264383563073,0.1376529398628388,,,
torus_plus1,RGA Fall 2018 torus+1,3,4,4,9,2.5,3,2.75,0.25,0.3,0.275,10.604,0.7801021859790077,0.4,0.6,0.5,162,180,171,13.23719173225032,1.806296643558947,0.1364561819527167,,,
torus_plus1,RGA Fall 2018 torus+1,3,4,4,10,2.5,3,2.75,0.25,0.3,0.275,10.604,0.7801021859790077,0.4,0.6,0.5,180,198,189,9.155068590983923,1.248088465034394,0.1363275930301094,,,
torus_plus1,RGA Fall 2018 torus+1,3,4,4,11,2.5,3,2.75,0.25,0.3,0.275,10.604,0.7801021859790077,0.4,0.6,0.5,198,216,207,8.031367064958946,1.29403229893291,0.1611222956772583,,,
torus_plus1,RGA Fall 2018 torus+1,3,4,4,12,2.5,3,2.75,0.25,0.3,0.275,10.604,0.7801021859790077,0.4,0.6,0.5,216,234,225,12.63136315304483,2.247401847021079,0.1779223524643369,,,
torus_plus1,RGA Fall 2018 torus+1,3,4,4,13,2.5,3,2.75,0.25,0.3,0.275,10.604,0.7801021859790077,0.4,0.6,0.5,234,252,243,21.52291440893052,3.167431671452567,0.1471655562658513,,,
torus_plus1,RGA Fall 2018 torus+1,3,4,4,14,2.5,3,2.75,0.25,0.3,0.275,10.604,0.7801021859790077,0.4,0.6,0.5,252,270,261,28.41486056396529,4.289889183064636,0.1509734377688596,,,
torus_plus1,RGA Fall 2018 torus+1,3,4,4,15,2.5,3,2.75,0.25,0.3,0.275,10.604,0.7801021859790077,0.4,0.6,0.5,270,288,279,24.18609398247119,3.643831787627136,0.1506581339784752,,,
torus_plus1,RGA Fall 2018 torus+1,3,4,4,16,2.5,3,2.75,0.25,0.3,0.275,10.604,0.7801021859790077,0.4,0.6,0.5,288,306,297,19.6319049607756,3.520800669306964,0.1793407555884922,,,
torus_plus1,RGA Fall 2018 torus+1,3,4,4,17,2.5,3,2.75,0.25,0.3,0.275,10.604,0.7801021859790077,0.4,0.6,0.5,306,324,315,23.22030966291327,4.670712008467635,0.201147705447165,,,
torus_plus1,RGA Fall 2018 torus+1,3,4,4,18,2.5,3,2.75,0.25,0.3,0.275,10.604,0.7801021859790077,0.4,0.6,0.5,324,342,333,13.83091931085337,6.458971798134294,0.4669951181817556,,,
torus_plus1,RGA Fall 2018 torus+1,3,4,4,19,2.5,3,2.75,0.25,0.3,0.275,10.604,0.7801021859790077,0.4,0.6,0.5,342,360,351,15.76849883534214,4.19067958581843,0.2657627482221583,,,
torus_plus1,RGA Fall 2018 torus+1,3,4,5,0,2.5,3,2.75,0.25,0.3,0.275,10.604,0.7801021859790077,0.6,1,0.8,0,18,9,5.822146629114565,1.387500508758753,0.2383142502492702,,,
torus_plus1,RGA Fall 2018 torus+1,3,4,5,1,2.5,3,2.75,0.25,0.3,0.275,10.604,0.7801021859790077,0.6,1,0.8,18,36,27,6.783332606596914,2.489363637026162,0.3669823936696265,,,
torus_plus1,RGA Fall 2018 torus+1,3,4,5,2,2.5,3,2.75,0.25,0.3,0.275,10.604,0.7801021859790077,0.6,1,0.8,36,54,45,11.20094771163357,2.993634066513359,0.2672661406502327,,,
torus_plus1,RGA Fall 2018 torus+1,3,4,5,3,2.5,3,2.75,0.25,0.3,0.275,10.604,0.7801021859790077,0.6,1,0.8,54,72,63,13.14825943091253,2.405523491706548,0.1829537593433078,,,
torus_plus1,RGA Fall 2018 torus+1,3,4,5,4,2.5,3,2.75,0.25,0.3,0.275,10.604,0.7801021859790077,0.6,1,0.8,72,90,81,17.61243720652436,2.231334531554508,0.1266908438275613,,,
torus_plus1,RGA Fall 2018 torus+1,3,4,5,5,2.5,3,2.75,0.25,0.3,0.275,10.604,0.7801021859790077,0.6,1,0.8,90,108,99,12.34066341343528,1.725781481070668,0.1398451139338108,,,
torus_plus1,RGA Fall 2018 torus+1,3,4,5,6,2.5,3,2.75,0.25,0.3,0.275,10.604,0.7801021859790077,0.6,1,0.8,108,126,117,10.95678160867581,1.663777310694715,0.1518490894604763,,,
torus_plus1,RGA Fall 2018 torus+1,3,4,5,7,2.5,3,2.75,0.25,0.3,0.275,10.604,0.7801021859790077,0.6,1,0.8,126,144,135,9.334220345868291,0.9658713533000207,0.1034763823341234,,,
torus_plus1,RGA Fall 2018 torus+1,3,4,5,8,2.5,3,2.75,0.25,0.3,0.275,10.604,0.7801021859790077,0.6,1,0.8,144,162,153,8.774377730754642,0.8766017722583498,0.09990472249511391,,,
torus_plus1,RGA Fall 2018 torus+1,3,4,5,9,2.5,3,2.75,0.25,0.3,0.275,10.604,0.7801021859790077,0.6,1,0.8,162,180,171,5.561207520761119,0.6485192803770453,0.1166148319328115,,,
torus_plus1,RGA Fall 2018 torus+1,3,4,5,10,2.5,3,2.75,0.25,0.3,0.275,10.604,0.7801021859790077,0.6,1,0.8,180,198,189,5.74962187109512,0.7090487905664578,0.123320942918183,,,
torus_plus1,RGA Fall 2018 torus+1,3,4,5,11,2.5,3,2.75,0.25,0.3,0.275,10.604,0.7801021859790077,0.6,1,0.8,198,216,207,6.529533281030084,0.7769362407179257,0.1189880206254739,,,
torus_plus1,RGA Fall 2018 torus+1,3,4,5,12,2.5,3,2.75,0.25,0.3,0.275,10.604,0.7801021859790077,0.6,1,0.8,216,234,225,9.150068025011411,1.136405690463024,0.1241964198907261,,,
torus_plus1,RGA Fall 2018 torus+1,3,4,5,13,2.5,3,2.75,0.25,0.3,0.275,10.604,0.7801021859790077,0.6,1,0.8,234,252,243,11.63707885312689,1.554626117550179,0.1335924708572762,,,
torus_plus1,RGA Fall 2018 torus+1,3,4,5,14,2.5,3,2.75,0.25,0.3,0.275,10.604,0.7801021859790077,0.6,1,0.8,252,270,261,16.89752340537403,1.990220500488348,0.1177817868774417,,,
torus_plus1,RGA Fall 2018 torus+1,3,4,5,15,2.5,3,2.75,0.25,0.3,0.275,10.604,0.7801021859790077,0.6,1,0.8,270,288,279,15.07707556522756,1.724526918573659,0.1143807306073968,,,
torus_plus1,RGA Fall 2018 torus+1,3,4,5,16,2.5,3,2.75,0.25,0.3,0.275,10.604,0.7801021859790077,0.6,1,0.8,288,306,297,14.83134827801679,2.006017616784967,0.1352552430960246,,,
torus_plus1,RGA Fall 2018 torus+1,3,4,5,17,2.5,3,2.75,0.25,0.3,0.275,10.604,0.7801021859790077,0.6,1,0.8,306,324,315,9.683368769415571,1.688951408186798,0.1744177515495707,,,
torus_plus1,RGA Fall 2018 torus+1,3,4,5,18,2.5,3,2.75,0.25,0.3,0.275,10.604,0.7801021859790077,0.6,1,0.8,324,342,333,7.063329132642567,2.323739480949545,0.3289864364681214,,,
torus_plus1,RGA Fall 2018 torus+1,3,4,5,19,2.5,3,2.75,0.25,0.3,0.275,10.604,0.7801021859790077,0.6,1,0.8,342,360,351,3.910266687154392,1.179260324035918,0.3015805361588005,,,
torus_plus1,RGA Fall 2018 torus+1,3,4,6,0,2.5,3,2.75,0.25,0.3,0.275,10.604,0.7801021859790077,1,1.5,1.25,0,18,9,1.429561003113136,0.6649837809774227,0.4651664248879875,,,
torus_plus1,RGA Fall 2018 torus+1,3,4,6,1,2.5,3,2.75,0.25,0.3,0.275,10.604,0.7801021859790077,1,1.5,1.25,18,36,27,1.609420411106602,0.7656738241818888,0.4757450687825118,,,
torus_plus1,RGA Fall 2018 torus+1,3,4,6,2,2.5,3,2.75,0.25,0.3,0.275,10.604,0.7801021859790077,1,1.5,1.25,36,54,45,3.591691377882577,1.111590599135306,0.3094894527910763,,,
torus_plus1,RGA Fall 2018 torus+1,3,4,6,3,2.5,3,2.75,0.25,0.3,0.275,10.604,0.7801021859790077,1,1.5,1.25,54,72,63,7.145358173950643,1.145128085265019,0.1602618171668058,,,
torus_plus1,RGA Fall 2018 torus+1,3,4,6,4,2.5,3,2.75,0.25,0.3,0.275,10.604,0.7801021859790077,1,1.5,1.25,72,90,81,7.733716058415443,1.206429562901017,0.1559961024930882,,,
torus_plus1,RGA Fall 2018 torus+1,3,4,6,5,2.5,3,2.75,0.25,0.3,0.275,10.604,0.7801021859790077,1,1.5,1.25,90,108,99,5.04619380986651,1.05911756615598,0.2098844408403722,,,
torus_plus1,RGA Fall 2018 torus+1,3,4,6,6,2.5,3,2.75,0.25,0.3,0.275,10.604,0.7801021859790077,1,1.5,1.25,108,126,117,5.152807887234459,0.8707737181407896,0.1689901384249236,,,
torus_plus1,RGA Fall 2018 torus+1,3,4,6,7,2.5,3,2.75,0.25,0.3,0.275,10.604,0.7801021859790077,1,1.5,1.25,126,144,135,4.932120688188744,0.6899516022369738,0.1398894402339431,,,
torus_plus1,RGA Fall 2018 torus+1,3,4,6,8,2.5,3,2.75,0.25,0.3,0.275,10.604,0.7801021859790077,1,1.5,1.25,144,162,153,3.809339771272819,0.4812017674669682,0.1263215665601243,,,
torus_plus1,RGA Fall 2018 torus+1,3,4,6,9,2.5,3,2.75,0.25,0.3,0.275,10.604,0.7801021859790077,1,1.5,1.25,162,180,171,3.080783258875227,0.4617592604194029,0.149883721644212,,,
torus_plus1,RGA Fall 2018 torus+1,3,4,6,10,2.5,3,2.75,0.25,0.3,0.275,10.604,0.7801021859790077,1,1.5,1.25,180,198,189,2.411278874936059,0.4234312973294081,0.1756044486312834,,,
torus_plus1,RGA Fall 2018 torus+1,3,4,6,11,2.5,3,2.75,0.25,0.3,0.275,10.604,0.7801021859790077,1,1.5,1.25,198,216,207,4.54137220501447,0.649820750205253,0.1430890754754118,,,
torus_plus1,RGA Fall 2018 torus+1,3,4,6,12,2.5,3,2.75,0.25,0.3,0.275,10.604,0.7801021859790077,1,1.5,1.25,216,234,225,4.60236529517841,0.6468458062756827,0.1405463853452354,,,
torus_plus1,RGA Fall 2018 torus+1,3,4,6,13,2.5,3,2.75,0.25,0.3,0.275,10.604,0.7801021859790077,1,1.5,1.25,234,252,243,6.546002806211813,0.9671331873589863,0.1477440838310103,,,
torus_plus1,RGA Fall 2018 torus+1,3,4,6,14,2.5,3,2.75,0.25,0.3,0.275,10.604,0.7801021859790077,1,1.5,1.25,252,270,261,7.406111296117197,1.096329336677294,0.1480303620676166,,,
torus_plus1,RGA Fall 2018 torus+1,3,4,6,15,2.5,3,2.75,0.25,0.3,0.275,10.604,0.7801021859790077,1,1.5,1.25,270,288,279,9.293018710296218,1.250610826585923,0.1345753049222107,,,
torus_plus1,RGA Fall 2018 torus+1,3,4,6,16,2.5,3,2.75,0.25,0.3,0.275,10.604,0.7801021859790077,1,1.5,1.25,288,306,297,7.562927123978255,1.231732158530149,0.1628644753993389,,,
torus_plus1,RGA Fall 2018 torus+1,3,4,6,17,2.5,3,2.75,0.25,0.3,0.275,10.604,0.7801021859790077,1,1.5,1.25,306,324,315,3.331389975804951,0.8932938747938548,0.2681444926236868,,,
torus_plus1,RGA Fall 2018 torus+1,3,4,6,18,2.5,3,2.75,0.25,0.3,0.275,10.604,0.7801021859790077,1,1.5,1.25,324,342,333,2.454394448289103,0.9983140365272378,0.4067455568208026,,,
torus_plus1,RGA Fall 2018 torus+1,3,4,6,19,2.5,3,2.75,0.25,0.3,0.275,10.604,0.7801021859790077,1,1.5,1.25,342,360,351,0.4310175751265593,0.352569896033564,0.8179942451999531,,,
torus_plus1,RGA Fall 2018 torus+1,3,4,7,0,2.5,3,2.75,0.25,0.3,0.275,10.604,0.7801021859790077,1.5,2,1.75,0,18,9,1.725916315651855,1.172109233086316,0.6791228650293087,,,
torus_plus1,RGA Fall 2018 torus+1,3,4,7,1,2.5,3,2.75,0.25,0.3,0.275,10.604,0.7801021859790077,1.5,2,1.75,18,36,27,0.6944576544234868,0.5491747668301131,0.7907966214095772,,,
torus_plus1,RGA Fall 2018 torus+1,3,4,7,2,2.5,3,2.75,0.25,0.3,0.275,10.604,0.7801021859790077,1.5,2,1.75,36,54,45,1.470721894152454,0.6556288306450395,0.4457870881312096,,,
torus_plus1,RGA Fall 2018 torus+1,3,4,7,3,2.5,3,2.75,0.25,0.3,0.275,10.604,0.7801021859790077,1.5,2,1.75,54,72,63,2.279673874923859,0.5717837502694284,0.2508182229743393,,,
torus_plus1,RGA Fall 2018 torus+1,3,4,7,4,2.5,3,2.75,0.25,0.3,0.275,10.604,0.7801021859790077,1.5,2,1.75,72,90,81,4.803959728437563,1.273158414143408,0.2650227075399504,,,
torus_plus1,RGA Fall 2018 torus+1,3,4,7,5,2.5,3,2.75,0.25,0.3,0.275,10.604,0.7801021859790077,1.5,2,1.75,90,108,99,1.697007628877921,0.4516139833709629,0.2661237201800765,,,
torus_plus1,RGA Fall 2018 torus+1,3,4,7,6,2.5,3,2.75,0.25,0.3,0.275,10.604,0.7801021859790077,1.5,2,1.75,108,126,117,2.651049069547727,0.5050238459616074,0.190499622116676,,,
torus_plus1,RGA Fall 2018 torus+1,3,4,7,7,2.5,3,2.75,0.25,0.3,0.275,10.604,0.7801021859790077,1.5,2,1.75,126,144,135,2.036306352730187,0.4713259035826408,0.2314611958808205,,,
torus_plus1,RGA Fall 2018 torus+1,3,4,7,8,2.5,3,2.75,0.25,0.3,0.275,10.604,0.7801021859790077,1.5,2,1.75,144,162,153,2.610797312382453,0.4641952711062342,0.1777982798222808,,,
torus_plus1,RGA Fall 2018 torus+1,3,4,7,9,2.5,3,2.75,0.25,0.3,0.275,10.604,0.7801021859790077,1.5,2,1.75,162,180,171,1.137073295534892,0.2654294516647682,0.2334321390776371,,,
torus_plus1,RGA Fall 2018 torus+1,3,4,7,10,2.5,3,2.75,0.25,0.3,0.275,10.604,0.7801021859790077,1.5,2,1.75,180,198,189,1.523406228799262,0.3403330221230174,0.2234026720445179,,,
torus_plus1,RGA Fall 2018 torus+1,3,4,7,11,2.5,3,2.75,0.25,0.3,0.275,10.604,0.7801021859790077,1.5,2,1.75,198,216,207,1.732739745656607,0.4219463479578542,0.2435139778004926,,,
torus_plus1,RGA Fall 2018 torus+1,3,4,7,12,2.5,3,2.75,0.25,0.3,0.275,10.604,0.7801021859790077,1.5,2,1.75,216,234,225,2.399525894441937,0.493716992847697,0.2057560595579744,,,
torus_plus1,RGA Fall 2018 torus+1,3,4,7,13,2.5,3,2.75,0.25,0.3,0.275,10.604,0.7801021859790077,1.5,2,1.75,234,252,243,2.088961310116042,0.4475202543281125,0.2142309922931281,,,
torus_plus1,RGA Fall 2018 torus+1,3,4,7,14,2.5,3,2.75,0.25,0.3,0.275,10.604,0.7801021859790077,1.5,2,1.75,252,270,261,3.500229283974704,0.6309298721455462,0.1802538693776913,,,
torus_plus1,RGA Fall 2018 torus+1,3,4,7,15,2.5,3,2.75,0.25,0.3,0.275,10.604,0.7801021859790077,1.5,2,1.75,270,288,279,4.035149391234151,0.9766850171417589,0.2420443266025003,,,
torus_plus1,RGA Fall 2018 torus+1,3,4,7,16,2.5,3,2.75,0.25,0.3,0.275,10.604,0.7801021859790077,1.5,2,1.75,288,306,297,3.361996745508262,0.7674107757566739,0.2282604160108007,,,
torus_plus1,RGA Fall 2018 torus+1,3,4,7,17,2.5,3,2.75,0.25,0.3,0.275,10.604,0.7801021859790077,1.5,2,1.75,306,324,315,1.813216734515918,0.881161634321796,0.4859659728195942,,,
torus_plus1,RGA Fall 2018 torus+1,3,4,7,18,2.5,3,2.75,0.25,0.3,0.275,10.604,0.7801021859790077,1.5,2,1.75,324,342,333,1.380606775070168,1.045142956004604,0.7570171136900916,,,
torus_plus1,RGA Fall 2018 torus+1,3,4,7,19,2.5,3,2.75,0.25,0.3,0.275,10.604,0.7801021859790077,1.5,2,1.75,342,360,351,0.1377934305256648,0.2842094510576116,2.06257620536326,,,
torus_plus1,RGA Fall 2018 torus+1,3,5,1,1,2.5,3,2.74900351657294,0.3,0.38,0.3348850429399712,10.604,0.8566139321995446,0.15,0.2,0.175,18,36,27,131.9727800626656,67.39610408432878,0.5106818546394689,,,
torus_plus1,RGA Fall 2018 torus+1,3,5,1,19,2.5,3,2.74900351657294,0.3,0.38,0.3348850429399712,10.604,0.8566139321995446,0.15,0.2,0.175,342,360,351,100.6855989673543,49.46372958643613,0.491269159579355,,,
torus_plus1,RGA Fall 2018 torus+1,3,5,2,0,2.5,3,2.75,0.3,0.38,0.34,10.604,0.860996335109348,0.2,0.3,0.25,0,18,9,28.77188951351458,4.88879908143408,0.1699158158916793,,,
torus_plus1,RGA Fall 2018 torus+1,3,5,2,1,2.5,3,2.75,0.3,0.38,0.34,10.604,0.860996335109348,0.2,0.3,0.25,18,36,27,35.46640377773344,5.536908229605666,0.1561169907246659,,,
torus_plus1,RGA Fall 2018 torus+1,3,5,2,2,2.5,3,2.75,0.3,0.38,0.34,10.604,0.860996335109348,0.2,0.3,0.25,36,54,45,60.49631713660541,8.641316443574656,0.142840371985982,,,
torus_plus1,RGA Fall 2018 torus+1,3,5,2,3,2.5,3,2.75,0.3,0.38,0.34,10.604,0.860996335109348,0.2,0.3,0.25,54,72,63,83.93850785983054,18.0276089134794,0.2147716152350936,,,
torus_plus1,RGA Fall 2018 torus+1,3,5,2,16,2.5,3,2.75,0.3,0.38,0.34,10.604,0.860996335109348,0.2,0.3,0.25,288,306,297,84.36031415839015,23.29146260526906,0.2760950197688729,,,
torus_plus1,RGA Fall 2018 torus+1,3,5,2,17,2.5,3,2.75,0.3,0.38,0.34,10.604,0.860996335109348,0.2,0.3,0.25,306,324,315,48.08033461834598,11.8776931313485,0.2470384872657758,,,
torus_plus1,RGA Fall 2018 torus+1,3,5,2,18,2.5,3,2.75,0.3,0.38,0.34,10.604,0.860996335109348,0.2,0.3,0.25,324,342,333,32.72093728676832,5.345531866279959,0.1633673210345837,,,
torus_plus1,RGA Fall 2018 torus+1,3,5,2,19,2.5,3,2.75,0.3,0.38,0.34,10.604,0.860996335109348,0.2,0.3,0.25,342,360,351,33.92433110229425,5.715881448392197,0.1684891422370784,,,
torus_plus1,RGA Fall 2018 torus+1,3,5,3,0,2.5,3,2.75,0.3,0.38,0.34,10.604,0.860996335109348,0.3,0.4,0.35,0,18,9,28.12764201469454,3.921387940825801,0.1394140304678642,,,
torus_plus1,RGA Fall 2018 torus+1,3,5,3,1,2.5,3,2.75,0.3,0.38,0.34,10.604,0.860996335109348,0.3,0.4,0.35,18,36,27,24.65857068525415,4.011733201539862,0.1626912302722754,,,
torus_plus1,RGA Fall 2018 torus+1,3,5,3,2,2.5,3,2.75,0.3,0.38,0.34,10.604,0.860996335109348,0.3,0.4,0.35,36,54,45,34.54329175599073,3.91115582209904,0.1132247572040016,,,
torus_plus1,RGA Fall 2018 torus+1,3,5,3,3,2.5,3,2.75,0.3,0.38,0.34,10.604,0.860996335109348,0.3,0.4,0.35,54,72,63,58.96653837170796,6.597929373934695,0.1118927709872209,,,
torus_plus1,RGA Fall 2018 torus+1,3,5,3,4,2.5,3,2.75,0.3,0.38,0.34,10.604,0.860996335109348,0.3,0.4,0.35,72,90,81,35.26952672662988,5.582923217181992,0.1582931140657089,,,
torus_plus1,RGA Fall 2018 torus+1,3,5,3,5,2.5,3,2.75,0.3,0.38,0.34,10.604,0.860996335109348,0.3,0.4,0.35,90,108,99,42.8687249039617,6.811217112856487,0.1588854608602326,,,
torus_plus1,RGA Fall 2018 torus+1,3,5,3,6,2.5,3,2.75,0.3,0.38,0.34,10.604,0.860996335109348,0.3,0.4,0.35,108,126,117,57.39791099559304,17.49576592448471,0.3048153777901084,,,
torus_plus1,RGA Fall 2018 torus+1,3,5,3,13,2.5,3,2.75,0.3,0.38,0.34,10.604,0.860996335109348,0.3,0.4,0.35,234,252,243,23.39365775550807,7.931104768311059,0.3390279900304888,,,
torus_plus1,RGA Fall 2018 torus+1,3,5,3,14,2.5,3,2.75,0.3,0.38,0.34,10.604,0.860996335109348,0.3,0.4,0.35,252,270,261,52.87257401595141,9.372967474513846,0.1772746579670221,,,
torus_plus1,RGA Fall 2018 torus+1,3,5,3,15,2.5,3,2.75,0.3,0.38,0.34,10.604,0.860996335109348,0.3,0.4,0.35,270,288,279,52.79486284539079,8.052583037524641,0.1525258823212885,,,
torus_plus1,RGA Fall 2018 torus+1,3,5,3,16,2.5,3,2.75,0.3,0.38,0.34,10.604,0.860996335109348,0.3,0.4,0.35,288,306,297,47.78319915112311,7.298220422358048,0.1527361196406312,,,
torus_plus1,RGA Fall 2018 torus+1,3,5,3,17,2.5,3,2.75,0.3,0.38,0.34,10.604,0.860996335109348,0.3,0.4,0.35,306,324,315,38.63518165994201,7.165747973333736,0.1854720921569621,,,
torus_plus1,RGA Fall 2018 torus+1,3,5,3,18,2.5,3,2.75,0.3,0.38,0.34,10.604,0.860996335109348,0.3,0.4,0.35,324,342,333,31.44852853285709,5.09639040673406,0.1620549718696506,,,
torus_plus1,RGA Fall 2018 torus+1,3,5,3,19,2.5,3,2.75,0.3,0.38,0.34,10.604,0.860996335109348,0.3,0.4,0.35,342,360,351,26.30534124273511,3.421597967222876,0.1300723657469312,,,
torus_plus1,RGA Fall 2018 torus+1,3,5,4,0,2.5,3,2.75,0.3,0.38,0.34,10.604,0.860996335109348,0.4,0.6,0.5,0,18,9,17.21317513979421,2.502136873830782,0.1453617274854903,,,
torus_plus1,RGA Fall 2018 torus+1,3,5,4,1,2.5,3,2.75,0.3,0.38,0.34,10.604,0.860996335109348,0.4,0.6,0.5,18,36,27,23.06820335836535,2.704115474946239,0.1172226303426284,,,
torus_plus1,RGA Fall 2018 torus+1,3,5,4,2,2.5,3,2.75,0.3,0.38,0.34,10.604,0.860996335109348,0.4,0.6,0.5,36,54,45,31.7074708653673,3.034784739789734,0.09571197755493321,,,
torus_plus1,RGA Fall 2018 torus+1,3,5,4,3,2.5,3,2.75,0.3,0.38,0.34,10.604,0.860996335109348,0.4,0.6,0.5,54,72,63,39.36496865454365,3.562208176515737,0.09049183317727787,,,
torus_plus1,RGA Fall 2018 torus+1,3,5,4,4,2.5,3,2.75,0.3,0.38,0.34,10.604,0.860996335109348,0.4,0.6,0.5,72,90,81,50.85677851030237,5.715058069414885,0.1123755423921936,,,
torus_plus1,RGA Fall 2018 torus+1,3,5,4,5,2.5,3,2.75,0.3,0.38,0.34,10.604,0.860996335109348,0.4,0.6,0.5,90,108,99,34.80204527360565,3.339259579690905,0.09595009584748301,,,
torus_plus1,RGA Fall 2018 torus+1,3,5,4,6,2.5,3,2.75,0.3,0.38,0.34,10.604,0.860996335109348,0.4,0.6,0.5,108,126,117,37.06878518859881,3.184350309843484,0.08590382160197929,,,
torus_plus1,RGA Fall 2018 torus+1,3,5,4,7,2.5,3,2.75,0.3,0.38,0.34,10.604,0.860996335109348,0.4,0.6,0.5,126,144,135,31.79076251408489,3.679975160492586,0.1157561149677418,,,
torus_plus1,RGA Fall 2018 torus+1,3,5,4,8,2.5,3,2.75,0.3,0.38,0.34,10.604,0.860996335109348,0.4,0.6,0.5,144,162,153,29.21185221176527,5.870977734842587,0.2009793043002597,,,
torus_plus1,RGA Fall 2018 torus+1,3,5,4,9,2.5,3,2.75,0.3,0.38,0.34,10.604,0.860996335109348,0.4,0.6,0.5,162,180,171,15.31091736094691,4.463097728806321,0.2914977348248387,,,
torus_plus1,RGA Fall 2018 torus+1,3,5,4,10,2.5,3,2.75,0.3,0.38,0.34,10.604,0.860996335109348,0.4,0.6,0.5,180,198,189,19.64801268634901,4.506956252094846,0.2293848402910579,,,
torus_plus1,RGA Fall 2018 torus+1,3,5,4,11,2.5,3,2.75,0.3,0.38,0.34,10.604,0.860996335109348,0.4,0.6,0.5,198,216,207,21.74057714633095,4.263306278675063,0.1960990386768347,,,
torus_plus1,RGA Fall 2018 torus+1,3,5,4,12,2.5,3,2.75,0.3,0.38,0.34,10.604,0.860996335109348,0.4,0.6,0.5,216,234,225,31.18461341948996,3.535328927779062,0.1133677329977588,,,
torus_plus1,RGA Fall 2018 torus+1,3,5,4,13,2.5,3,2.75,0.3,0.38,0.34,10.604,0.860996335109348,0.4,0.6,0.5,234,252,243,36.7426617549085,3.119082172903728,0.08488993513070799,,,
torus_plus1,RGA Fall 2018 torus+1,3,5,4,14,2.5,3,2.75,0.3,0.38,0.34,10.604,0.860996335109348,0.4,0.6,0.5,252,270,261,38.93557829087599,3.558828043915065,0.09140298411206664,,,
torus_plus1,RGA Fall 2018 torus+1,3,5,4,15,2.5,3,2.75,0.3,0.38,0.34,10.604,0.860996335109348,0.4,0.6,0.5,270,288,279,45.18406884110614,5.063600047270752,0.1120660484357298,,,
torus_plus1,RGA Fall 2018 torus+1,3,5,4,16,2.5,3,2.75,0.3,0.38,0.34,10.604,0.860996335109348,0.4,0.6,0.5,288,306,297,38.12716202629142,3.970342990763244,0.1041342386833147,,,
torus_plus1,RGA Fall 2018 torus+1,3,5,4,17,2.5,3,2.75,0.3,0.38,0.34,10.604,0.860996335109348,0.4,0.6,0.5,306,324,315,29.2069178664323,4.636363817011823,0.1587419746997825,,,
torus_plus1,RGA Fall 2018 torus+1,3,5,4,18,2.5,3,2.75,0.3,0.38,0.34,10.604,0.860996335109348,0.4,0.6,0.5,324,342,333,20.95786209664559,3.561973766559,0.1699588321620415,,,
torus_plus1,RGA Fall 2018 torus+1,3,5,4,19,2.5,3,2.75,0.3,0.38,0.34,10.604,0.860996335109348,0.4,0.6,0.5,342,360,351,16.8120677470786,2.315925773062102,0.13775377353357,,,
torus_plus1,RGA Fall 2018 torus+1,3,5,5,0,2.5,3,2.75,0.3,0.38,0.34,10.604,0.860996335109348,0.6,1,0.8,0,18,9,9.98146531504149,1.777127012668987,0.178042697798184,,,
torus_plus1,RGA Fall 2018 torus+1,3,5,5,1,2.5,3,2.75,0.3,0.38,0.34,10.604,0.860996335109348,0.6,1,0.8,18,36,27,11.91026532567068,1.890228455527702,0.1587058225691762,,,
torus_plus1,RGA Fall 2018 torus+1,3,5,5,2,2.5,3,2.75,0.3,0.38,0.34,10.604,0.860996335109348,0.6,1,0.8,36,54,45,19.37191939970146,2.267236320786652,0.1170372575895392,,,
torus_plus1,RGA Fall 2018 torus+1,3,5,5,3,2.5,3,2.75,0.3,0.38,0.34,10.604,0.860996335109348,0.6,1,0.8,54,72,63,21.14394919483107,2.125883166387084,0.1005433349653898,,,
torus_plus1,RGA Fall 2018 torus+1,3,5,5,4,2.5,3,2.75,0.3,0.38,0.34,10.604,0.860996335109348,0.6,1,0.8,72,90,81,26.79498469549328,2.437242631932107,0.09095891114063723,,,
torus_plus1,RGA Fall 2018 torus+1,3,5,5,5,2.5,3,2.75,0.3,0.38,0.34,10.604,0.860996335109348,0.6,1,0.8,90,108,99,23.30406515966589,1.925481419051432,0.08262427202546657,,,
torus_plus1,RGA Fall 2018 torus+1,3,5,5,6,2.5,3,2.75,0.3,0.38,0.34,10.604,0.860996335109348,0.6,1,0.8,108,126,117,21.1427401854797,1.552279921838343,0.07341905108896003,,,
torus_plus1,RGA Fall 2018 torus+1,3,5,5,7,2.5,3,2.75,0.3,0.38,0.34,10.604,0.860996335109348,0.6,1,0.8,126,144,135,20.26832967021636,1.452729409546271,0.07167484608665155,,,
torus_plus1,RGA Fall 2018 torus+1,3,5,5,8,2.5,3,2.75,0.3,0.38,0.34,10.604,0.860996335109348,0.6,1,0.8,144,162,153,14.85669794619171,1.279453625523355,0.08611964988164306,,,
torus_plus1,RGA Fall 2018 torus+1,3,5,5,9,2.5,3,2.75,0.3,0.38,0.34,10.604,0.860996335109348,0.6,1,0.8,162,180,171,13.15012321609385,1.412497979272894,0.1074132885343766,,,
torus_plus1,RGA Fall 2018 torus+1,3,5,5,10,2.5,3,2.75,0.3,0.38,0.34,10.604,0.860996335109348,0.6,1,0.8,180,198,189,14.58242018277448,1.392569589390962,0.09549646574002432,,,
torus_plus1,RGA Fall 2018 torus+1,3,5,5,11,2.5,3,2.75,0.3,0.38,0.34,10.604,0.860996335109348,0.6,1,0.8,198,216,207,12.5628093835565,1.1203691215545,0.089181415346551,,,
torus_plus1,RGA Fall 2018 torus+1,3,5,5,12,2.5,3,2.75,0.3,0.38,0.34,10.604,0.860996335109348,0.6,1,0.8,216,234,225,19.05491560132493,1.493528058127597,0.07838019802217064,,,
torus_plus1,RGA Fall 2018 torus+1,3,5,5,13,2.5,3,2.75,0.3,0.38,0.34,10.604,0.860996335109348,0.6,1,0.8,234,252,243,21.03867939716887,1.327252379141284,0.0630862971047455,,,
torus_plus1,RGA Fall 2018 torus+1,3,5,5,14,2.5,3,2.75,0.3,0.38,0.34,10.604,0.860996335109348,0.6,1,0.8,252,270,261,23.91772936385529,1.941224634830402,0.08116258049829761,,,
torus_plus1,RGA Fall 2018 torus+1,3,5,5,15,2.5,3,2.75,0.3,0.38,0.34,10.604,0.860996335109348,0.6,1,0.8,270,288,279,31.0146812923459,2.900879684517202,0.09353246796810091,,,
torus_plus1,RGA Fall 2018 torus+1,3,5,5,16,2.5,3,2.75,0.3,0.38,0.34,10.604,0.860996335109348,0.6,1,0.8,288,306,297,28.20479017782373,2.591170298693646,0.09186986615950708,,,
torus_plus1,RGA Fall 2018 torus+1,3,5,5,17,2.5,3,2.75,0.3,0.38,0.34,10.604,0.860996335109348,0.6,1,0.8,306,324,315,17.04725878107043,1.86163761091877,0.1092045140410471,,,
torus_plus1,RGA Fall 2018 torus+1,3,5,5,18,2.5,3,2.75,0.3,0.38,0.34,10.604,0.860996335109348,0.6,1,0.8,324,342,333,10.60181616833084,2.02624574453408,0.1911225126301256,,,
torus_plus1,RGA Fall 2018 torus+1,3,5,5,19,2.5,3,2.75,0.3,0.38,0.34,10.604,0.860996335109348,0.6,1,0.8,342,360,351,9.859933985983075,1.544448520741913,0.1566388297261937,,,
torus_plus1,RGA Fall 2018 torus+1,3,5,6,0,2.5,3,2.75,0.3,0.38,0.34,10.604,0.860996335109348,1,1.5,1.25,0,18,9,4.777133233914271,1.188831220790128,0.2488587114025345,,,
torus_plus1,RGA Fall 2018 torus+1,3,5,6,1,2.5,3,2.75,0.3,0.38,0.34,10.604,0.860996335109348,1,1.5,1.25,18,36,27,2.524508170243665,1.055192146593811,0.4179792955441153,,,
torus_plus1,RGA Fall 2018 torus+1,3,5,6,2,2.5,3,2.75,0.3,0.38,0.34,10.604,0.860996335109348,1,1.5,1.25,36,54,45,8.105655737569528,1.652304424626187,0.203845867394515,,,
torus_plus1,RGA Fall 2018 torus+1,3,5,6,3,2.5,3,2.75,0.3,0.38,0.34,10.604,0.860996335109348,1,1.5,1.25,54,72,63,11.23445138167024,1.338655308824361,0.1191562688150902,,,
torus_plus1,RGA Fall 2018 torus+1,3,5,6,4,2.5,3,2.75,0.3,0.38,0.34,10.604,0.860996335109348,1,1.5,1.25,72,90,81,15.0473085797071,1.558848108219587,0.1035964737456013,,,
torus_plus1,RGA Fall 2018 torus+1,3,5,6,5,2.5,3,2.75,0.3,0.38,0.34,10.604,0.860996335109348,1,1.5,1.25,90,108,99,9.283644408745714,0.9472559181905619,0.1020349203916291,,,
torus_plus1,RGA Fall 2018 torus+1,3,5,6,6,2.5,3,2.75,0.3,0.38,0.34,10.604,0.860996335109348,1,1.5,1.25,108,126,117,12.36883146793586,1.009613550255833,0.08162562105184212,,,
torus_plus1,RGA Fall 2018 torus+1,3,5,6,7,2.5,3,2.75,0.3,0.38,0.34,10.604,0.860996335109348,1,1.5,1.25,126,144,135,9.621781570858396,1.069001095104819,0.1111021994453205,,,
torus_plus1,RGA Fall 2018 torus+1,3,5,6,8,2.5,3,2.75,0.3,0.38,0.34,10.604,0.860996335109348,1,1.5,1.25,144,162,153,7.820059806074251,0.8254463660047553,0.1055549940121414,,,
torus_plus1,RGA Fall 2018 torus+1,3,5,6,9,2.5,3,2.75,0.3,0.38,0.34,10.604,0.860996335109348,1,1.5,1.25,162,180,171,6.87530065209754,0.7981188934606563,0.1160849443314401,,,
torus_plus1,RGA Fall 2018 torus+1,3,5,6,10,2.5,3,2.75,0.3,0.38,0.34,10.604,0.860996335109348,1,1.5,1.25,180,198,189,5.862309357407469,0.7641957648155079,0.1303574612366523,,,
torus_plus1,RGA Fall 2018 torus+1,3,5,6,11,2.5,3,2.75,0.3,0.38,0.34,10.604,0.860996335109348,1,1.5,1.25,198,216,207,8.531933714852144,0.7179161317864483,0.0841445979047775,,,
torus_plus1,RGA Fall 2018 torus+1,3,5,6,12,2.5,3,2.75,0.3,0.38,0.34,10.604,0.860996335109348,1,1.5,1.25,216,234,225,10.55440423991487,1.016653493322216,0.09632504783902568,,,
torus_plus1,RGA Fall 2018 torus+1,3,5,6,13,2.5,3,2.75,0.3,0.38,0.34,10.604,0.860996335109348,1,1.5,1.25,234,252,243,10.54284913938915,0.9236574288619975,0.08760984973323006,,,
torus_plus1,RGA Fall 2018 torus+1,3,5,6,14,2.5,3,2.75,0.3,0.38,0.34,10.604,0.860996335109348,1,1.5,1.25,252,270,261,12.16952828481859,1.225102316777463,0.1006696634499605,,,
torus_plus1,RGA Fall 2018 torus+1,3,5,6,15,2.5,3,2.75,0.3,0.38,0.34,10.604,0.860996335109348,1,1.5,1.25,270,288,279,14.5682752762558,1.527409752739716,0.1048449266488789,,,
torus_plus1,RGA Fall 2018 torus+1,3,5,6,16,2.5,3,2.75,0.3,0.38,0.34,10.604,0.860996335109348,1,1.5,1.25,288,306,297,12.17110414805354,1.302224573726853,0.1069931337277326,,,
torus_plus1,RGA Fall 2018 torus+1,3,5,6,17,2.5,3,2.75,0.3,0.38,0.34,10.604,0.860996335109348,1,1.5,1.25,306,324,315,8.284533191797204,1.052817553704942,0.1270823025668329,,,
torus_plus1,RGA Fall 2018 torus+1,3,5,6,18,2.5,3,2.75,0.3,0.38,0.34,10.604,0.860996335109348,1,1.5,1.25,324,342,333,5.458165182386838,1.137135161382615,0.2083365239755074,,,
torus_plus1,RGA Fall 2018 torus+1,3,5,6,19,2.5,3,2.75,0.3,0.38,0.34,10.604,0.860996335109348,1,1.5,1.25,342,360,351,3.313303524646463,0.8944162617025078,0.2699469743865207,,,
torus_plus1,RGA Fall 2018 torus+1,3,5,7,0,2.5,3,2.75,0.3,0.38,0.34,10.604,0.860996335109348,1.5,2,1.75,0,18,9,0.8732888925907335,0.4931615004311481,0.5647174773609173,,,
torus_plus1,RGA Fall 2018 torus+1,3,5,7,1,2.5,3,2.75,0.3,0.38,0.34,10.604,0.860996335109348,1.5,2,1.75,18,36,27,1.978744878813204,0.9946061216884106,0.502644950512745,,,
torus_plus1,RGA Fall 2018 torus+1,3,5,7,2,2.5,3,2.75,0.3,0.38,0.34,10.604,0.860996335109348,1.5,2,1.75,36,54,45,3.138930286803883,0.7977407408288864,0.2541441408184827,,,
torus_plus1,RGA Fall 2018 torus+1,3,5,7,3,2.5,3,2.75,0.3,0.38,0.34,10.604,0.860996335109348,1.5,2,1.75,54,72,63,7.112852985757074,1.05104376130341,0.1477668332816722,,,
torus_plus1,RGA Fall 2018 torus+1,3,5,7,4,2.5,3,2.75,0.3,0.38,0.34,10.604,0.860996335109348,1.5,2,1.75,72,90,81,7.947846046044254,1.183438667766075,0.1489005525409099,,,
torus_plus1,RGA Fall 2018 torus+1,3,5,7,5,2.5,3,2.75,0.3,0.38,0.34,10.604,0.860996335109348,1.5,2,1.75,90,108,99,7.541197519125272,0.8561488211442857,0.1135295580009676,,,
torus_plus1,RGA Fall 2018 torus+1,3,5,7,6,2.5,3,2.75,0.3,0.38,0.34,10.604,0.860996335109348,1.5,2,1.75,108,126,117,6.139369980672925,0.7373935518309959,0.120108993944387,,,
torus_plus1,RGA Fall 2018 torus+1,3,5,7,7,2.5,3,2.75,0.3,0.38,0.34,10.604,0.860996335109348,1.5,2,1.75,126,144,135,4.652334320302506,0.831536272773401,0.1787352790070625,,,
torus_plus1,RGA Fall 2018 torus+1,3,5,7,8,2.5,3,2.75,0.3,0.38,0.34,10.604,0.860996335109348,1.5,2,1.75,144,162,153,3.787586326472531,0.7880610715923019,0.2080641874970126,,,
torus_plus1,RGA Fall 2018 torus+1,3,5,7,9,2.5,3,2.75,0.3,0.38,0.34,10.604,0.860996335109348,1.5,2,1.75,162,180,171,1.821958620831401,0.5885434848802844,0.3230279097182343,,,
torus_plus1,RGA Fall 2018 torus+1,3,5,7,10,2.5,3,2.75,0.3,0.38,0.34,10.604,0.860996335109348,1.5,2,1.75,180,198,189,3.548207539999756,0.891008571937978,0.2511151227467487,,,
torus_plus1,RGA Fall 2018 torus+1,3,5,7,11,2.5,3,2.75,0.3,0.38,0.34,10.604,0.860996335109348,1.5,2,1.75,198,216,207,3.615195223322897,0.7799263082028753,0.2157355993312051,,,
torus_plus1,RGA Fall 2018 torus+1,3,5,7,12,2.5,3,2.75,0.3,0.38,0.34,10.604,0.860996335109348,1.5,2,1.75,216,234,225,4.930640709743371,0.7953265178366075,0.1613028741406718,,,
torus_plus1,RGA Fall 2018 torus+1,3,5,7,13,2.5,3,2.75,0.3,0.38,0.34,10.604,0.860996335109348,1.5,2,1.75,234,252,243,5.474711147079097,0.6773979704244918,0.1237321846260147,,,
torus_plus1,RGA Fall 2018 torus+1,3,5,7,14,2.5,3,2.75,0.3,0.38,0.34,10.604,0.860996335109348,1.5,2,1.75,252,270,261,6.251611364240726,0.7289411656614723,0.116600524759268,,,
torus_plus1,RGA Fall 2018 torus+1,3,5,7,15,2.5,3,2.75,0.3,0.38,0.34,10.604,0.860996335109348,1.5,2,1.75,270,288,279,8.63153056402747,1.10068264187447,0.1275188257412474,,,
torus_plus1,RGA Fall 2018 torus+1,3,5,7,16,2.5,3,2.75,0.3,0.38,0.34,10.604,0.860996335109348,1.5,2,1.75,288,306,297,5.439049751993486,0.8868667193548592,0.1630554526606068,,,
torus_plus1,RGA Fall 2018 torus+1,3,5,7,17,2.5,3,2.75,0.3,0.38,0.34,10.604,0.860996335109348,1.5,2,1.75,306,324,315,4.430994890400597,0.9396597304018938,0.2120651803137018,,,
torus_plus1,RGA Fall 2018 torus+1,3,5,7,18,2.5,3,2.75,0.3,0.38,0.34,10.604,0.860996335109348,1.5,2,1.75,324,342,333,1.842439950234144,0.8956438658985514,0.4861183485435874,,,
torus_plus1,RGA Fall 2018 torus+1,3,5,7,19,2.5,3,2.75,0.3,0.38,0.34,10.604,0.860996335109348,1.5,2,1.75,342,360,351,1.833613492650439,0.7509638356977842,0.4095540519895968,,,
torus_plus1,RGA Fall 2018 torus+1,3,6,4,0,2.5,3,2.768529161345253,0.38,0.48,0.4242464878671775,10.604,0.9097180558107452,0.4,0.6,0.5,0,18,9,42.10300814156939,3.889094946175111,0.09237095204927429,,,
torus_plus1,RGA Fall 2018 torus+1,3,6,4,1,2.5,3,2.768529161345253,0.38,0.48,0.4242464878671775,10.604,0.9097180558107452,0.4,0.6,0.5,18,36,27,43.34544912792892,4.056987812471188,0.09359662649930038,,,
torus_plus1,RGA Fall 2018 torus+1,3,6,4,2,2.5,3,2.768529161345253,0.38,0.48,0.4242464878671775,10.604,0.9097180558107452,0.4,0.6,0.5,36,54,45,55.64102311411968,5.136702951303177,0.09231862866302448,,,
torus_plus1,RGA Fall 2018 torus+1,3,6,4,3,2.5,3,2.768529161345253,0.38,0.48,0.4242464878671775,10.604,0.9097180558107452,0.4,0.6,0.5,54,72,63,73.19441072124211,6.295416273199458,0.08600952191794113,,,
torus_plus1,RGA Fall 2018 torus+1,3,6,4,4,2.5,3,2.768529161345253,0.38,0.48,0.4242464878671775,10.604,0.9097180558107452,0.4,0.6,0.5,72,90,81,51.89377963025547,4.151166630017395,0.07999353023800858,,,
torus_plus1,RGA Fall 2018 torus+1,3,6,4,5,2.5,3,2.768529161345253,0.38,0.48,0.4242464878671775,10.604,0.9097180558107452,0.4,0.6,0.5,90,108,99,63.71088190746019,4.44578092904415,0.06978055861009159,,,
torus_plus1,RGA Fall 2018 torus+1,3,6,4,6,2.5,3,2.768529161345253,0.38,0.48,0.4242464878671775,10.604,0.9097180558107452,0.4,0.6,0.5,108,126,117,60.70970078900982,5.565257746835044,0.09166999136063135,,,
torus_plus1,RGA Fall 2018 torus+1,3,6,4,13,2.5,3,2.768529161345253,0.38,0.48,0.4242464878671775,10.604,0.9097180558107452,0.4,0.6,0.5,234,252,243,55.54223876546661,6.722072780981364,0.1210263203355212,,,
torus_plus1,RGA Fall 2018 torus+1,3,6,4,14,2.5,3,2.768529161345253,0.38,0.48,0.4242464878671775,10.604,0.9097180558107452,0.4,0.6,0.5,252,270,261,59.83359551531134,5.357015085123745,0.08953189322799249,,,
torus_plus1,RGA Fall 2018 torus+1,3,6,4,15,2.5,3,2.768529161345253,0.38,0.48,0.4242464878671775,10.604,0.9097180558107452,0.4,0.6,0.5,270,288,279,51.52785839808725,4.68418032345363,0.09090578318363624,,,
torus_plus1,RGA Fall 2018 torus+1,3,6,4,16,2.5,3,2.768529161345253,0.38,0.48,0.4242464878671775,10.604,0.9097180558107452,0.4,0.6,0.5,288,306,297,62.39289030991733,7.419470030422296,0.1189153122025343,,,
torus_plus1,RGA Fall 2018 torus+1,3,6,4,17,2.5,3,2.768529161345253,0.38,0.48,0.4242464878671775,10.604,0.9097180558107452,0.4,0.6,0.5,306,324,315,45.00463136676394,5.831727928546562,0.1295806176262408,,,
torus_plus1,RGA Fall 2018 torus+1,3,6,4,18,2.5,3,2.768529161345253,0.38,0.48,0.4242464878671775,10.604,0.9097180558107452,0.4,0.6,0.5,324,342,333,44.10538158995431,4.208598324386752,0.09542142415893588,,,
torus_plus1,RGA Fall 2018 torus+1,3,6,4,19,2.5,3,2.768529161345253,0.38,0.48,0.4242464878671775,10.604,0.9097180558107452,0.4,0.6,0.5,342,360,351,32.75600851627482,3.157764191612294,0.09640259404754273,,,
torus_plus1,RGA Fall 2018 torus+1,3,6,5,0,2.5,3,2.768529161345253,0.38,0.48,0.4242464878671775,10.604,0.9097180558107452,0.6,1,0.8,0,18,9,22.73775323982449,2.355567639499959,0.1035972030593706,,,
torus_plus1,RGA Fall 2018 torus+1,3,6,5,1,2.5,3,2.768529161345253,0.38,0.48,0.4242464878671775,10.604,0.9097180558107452,0.6,1,0.8,18,36,27,23.45841037952124,2.434290102619131,0.1037704628419418,,,
torus_plus1,RGA Fall 2018 torus+1,3,6,5,2,2.5,3,2.768529161345253,0.38,0.48,0.4242464878671775,10.604,0.9097180558107452,0.6,1,0.8,36,54,45,40.87656220605477,3.254213016524622,0.07961073145340478,,,
torus_plus1,RGA Fall 2018 torus+1,3,6,5,3,2.5,3,2.768529161345253,0.38,0.48,0.4242464878671775,10.604,0.9097180558107452,0.6,1,0.8,54,72,63,47.13627483181107,3.372684510160141,0.07155178304170957,,,
torus_plus1,RGA Fall 2018 torus+1,3,6,5,4,2.5,3,2.768529161345253,0.38,0.48,0.4242464878671775,10.604,0.9097180558107452,0.6,1,0.8,72,90,81,44.51126152525398,3.490678480608188,0.07842236685715392,,,
torus_plus1,RGA Fall 2018 torus+1,3,6,5,5,2.5,3,2.768529161345253,0.38,0.48,0.4242464878671775,10.604,0.9097180558107452,0.6,1,0.8,90,108,99,43.65756117875439,2.516047900606711,0.05763143502920008,,,
torus_plus1,RGA Fall 2018 torus+1,3,6,5,6,2.5,3,2.768529161345253,0.38,0.48,0.4242464878671775,10.604,0.9097180558107452,0.6,1,0.8,108,126,117,45.90331899329949,2.623861527542836,0.05716060592319787,,,
torus_plus1,RGA Fall 2018 torus+1,3,6,5,7,2.5,3,2.768529161345253,0.38,0.48,0.4242464878671775,10.604,0.9097180558107452,0.6,1,0.8,126,144,135,32.40464993913269,3.094184408607332,0.09548581498085296,,,
torus_plus1,RGA Fall 2018 torus+1,3,6,5,12,2.5,3,2.768529161345253,0.38,0.48,0.4242464878671775,10.604,0.9097180558107452,0.6,1,0.8,216,234,225,30.52885509027936,2.719307386342067,0.08907334973095396,,,
torus_plus1,RGA Fall 2018 torus+1,3,6,5,13,2.5,3,2.768529161345253,0.38,0.48,0.4242464878671775,10.604,0.9097180558107452,0.6,1,0.8,234,252,243,46.95592317273942,2.695399943992954,0.0574027675715635,,,
torus_plus1,RGA Fall 2018 torus+1,3,6,5,14,2.5,3,2.768529161345253,0.38,0.48,0.4242464878671775,10.604,0.9097180558107452,0.6,1,0.8,252,270,261,50.85084245471682,2.893296026834181,0.05689770094587301,,,
torus_plus1,RGA Fall 2018 torus+1,3,6,5,15,2.5,3,2.768529161345253,0.38,0.48,0.4242464878671775,10.604,0.9097180558107452,0.6,1,0.8,270,288,279,40.00549423690435,3.976882030491946,0.09940839643029192,,,
torus_plus1,RGA Fall 2018 torus+1,3,6,5,16,2.5,3,2.768529161345253,0.38,0.48,0.4242464878671775,10.604,0.9097180558107452,0.6,1,0.8,288,306,297,42.57678823809619,3.117919854328207,0.07323050853183902,,,
torus_plus1,RGA Fall 2018 torus+1,3,6,5,17,2.5,3,2.768529161345253,0.38,0.48,0.4242464878671775,10.604,0.9097180558107452,0.6,1,0.8,306,324,315,26.79024307397168,3.037733704870416,0.1133895536700731,,,
torus_plus1,RGA Fall 2018 torus+1,3,6,5,18,2.5,3,2.768529161345253,0.38,0.48,0.4242464878671775,10.604,0.9097180558107452,0.6,1,0.8,324,342,333,22.90580158739306,2.712834810915569,0.1184343975287319,,,
torus_plus1,RGA Fall 2018 torus+1,3,6,5,19,2.5,3,2.768529161345253,0.38,0.48,0.4242464878671775,10.604,0.9097180558107452,0.6,1,0.8,342,360,351,18.46153026659868,1.943299268218808,0.1052620904202455,,,
torus_plus1,RGA Fall 2018 torus+1,3,6,6,0,2.5,3,2.768529161345253,0.38,0.48,0.4242464878671775,10.604,0.9097180558107452,1,1.5,1.25,0,18,9,5.744880973701204,1.299419205559453,0.2261873155436827,,,
torus_plus1,RGA Fall 2018 torus+1,3,6,6,1,2.5,3,2.768529161345253,0.38,0.48,0.4242464878671775,10.604,0.9097180558107452,1,1.5,1.25,18,36,27,10.15540154171478,2.048893399837999,0.2017540509276639,,,
torus_plus1,RGA Fall 2018 torus+1,3,6,6,2,2.5,3,2.768529161345253,0.38,0.48,0.4242464878671775,10.604,0.9097180558107452,1,1.5,1.25,36,54,45,16.01103245000001,2.34967467978634,0.1467534768369256,,,
torus_plus1,RGA Fall 2018 torus+1,3,6,6,3,2.5,3,2.768529161345253,0.38,0.48,0.4242464878671775,10.604,0.9097180558107452,1,1.5,1.25,54,72,63,26.42189140162767,2.761830027909309,0.1045280970210623,,,
torus_plus1,RGA Fall 2018 torus+1,3,6,6,4,2.5,3,2.768529161345253,0.38,0.48,0.4242464878671775,10.604,0.9097180558107452,1,1.5,1.25,72,90,81,23.05472096288477,2.259205252917306,0.09799317270221336,,,
torus_plus1,RGA Fall 2018 torus+1,3,6,6,5,2.5,3,2.768529161345253,0.38,0.48,0.4242464878671775,10.604,0.9097180558107452,1,1.5,1.25,90,108,99,26.92298918950841,1.813211107370501,0.06734806059637274,,,
torus_plus1,RGA Fall 2018 torus+1,3,6,6,6,2.5,3,2.768529161345253,0.38,0.48,0.4242464878671775,10.604,0.9097180558107452,1,1.5,1.25,108,126,117,23.73663659477032,1.899151221451204,0.0800092807533493,,,
torus_plus1,RGA Fall 2018 torus+1,3,6,6,7,2.5,3,2.768529161345253,0.38,0.48,0.4242464878671775,10.604,0.9097180558107452,1,1.5,1.25,126,144,135,18.44991611398081,2.676834766420826,0.1450865548593144,,,
torus_plus1,RGA Fall 2018 torus+1,3,6,6,12,2.5,3,2.768529161345253,0.38,0.48,0.4242464878671775,10.604,0.9097180558107452,1,1.5,1.25,216,234,225,16.23595191675799,2.227260275712136,0.1371807632303507,,,
torus_plus1,RGA Fall 2018 torus+1,3,6,6,13,2.5,3,2.768529161345253,0.38,0.48,0.4242464878671775,10.604,0.9097180558107452,1,1.5,1.25,234,252,243,26.97892009335277,2.226877134467613,0.0825413740343256,,,
torus_plus1,RGA Fall 2018 torus+1,3,6,6,14,2.5,3,2.768529161345253,0.38,0.48,0.4242464878671775,10.604,0.9097180558107452,1,1.5,1.25,252,270,261,25.77448472432522,1.863138251283651,0.07228614931437502,,,
torus_plus1,RGA Fall 2018 torus+1,3,6,6,15,2.5,3,2.768529161345253,0.38,0.48,0.4242464878671775,10.604,0.9097180558107452,1,1.5,1.25,270,288,279,25.49049291795969,2.28166031533152,0.08951024692519553,,,
torus_plus1,RGA Fall 2018 torus+1,3,6,6,16,2.5,3,2.768529161345253,0.38,0.48,0.4242464878671775,10.604,0.9097180558107452,1,1.5,1.25,288,306,297,24.82707713638559,2.288568721814171,0.09218035249345301,,,
torus_plus1,RGA Fall 2018 torus+1,3,6,6,17,2.5,3,2.768529161345253,0.38,0.48,0.4242464878671775,10.604,0.9097180558107452,1,1.5,1.25,306,324,315,18.07070154879499,1.774921347112392,0.09822094301760791,,,
torus_plus1,RGA Fall 2018 torus+1,3,6,6,18,2.5,3,2.768529161345253,0.38,0.48,0.4242464878671775,10.604,0.9097180558107452,1,1.5,1.25,324,342,333,8.90871103920459,1.81534061744924,0.2037714108652155,,,
torus_plus1,RGA Fall 2018 torus+1,3,6,6,19,2.5,3,2.768529161345253,0.38,0.48,0.4242464878671775,10.604,0.9097180558107452,1,1.5,1.25,342,360,351,5.68796732235353,1.560933913841298,0.2744273701620749,,,
torus_plus1,RGA Fall 2018 torus+1,3,6,7,0,2.5,3,2.768529161345253,0.38,0.48,0.4242464878671775,10.604,0.9097180558107452,1.5,2,1.75,0,18,9,3.42212950958046,1.252414755448563,0.3659752653844197,,,
torus_plus1,RGA Fall 2018 torus+1,3,6,7,1,2.5,3,2.768529161345253,0.38,0.48,0.4242464878671775,10.604,0.9097180558107452,1.5,2,1.75,18,36,27,3.293409838315349,1.083702745098788,0.3290518940251682,,,
torus_plus1,RGA Fall 2018 torus+1,3,6,7,2,2.5,3,2.768529161345253,0.38,0.48,0.4242464878671775,10.604,0.9097180558107452,1.5,2,1.75,36,54,45,7.172396796762065,1.475254050159472,0.2056849463244234,,,
torus_plus1,RGA Fall 2018 torus+1,3,6,7,3,2.5,3,2.768529161345253,0.38,0.48,0.4242464878671775,10.604,0.9097180558107452,1.5,2,1.75,54,72,63,8.755465557056567,1.585880110139039,0.1811303008166003,,,
torus_plus1,RGA Fall 2018 torus+1,3,6,7,4,2.5,3,2.768529161345253,0.38,0.48,0.4242464878671775,10.604,0.9097180558107452,1.5,2,1.75,72,90,81,10.6246713481152,1.493517582324865,0.1405707088144249,,,
torus_plus1,RGA Fall 2018 torus+1,3,6,7,5,2.5,3,2.768529161345253,0.38,0.48,0.4242464878671775,10.604,0.9097180558107452,1.5,2,1.75,90,108,99,10.6245963819567,1.284613428827655,0.1209093863564793,,,
torus_plus1,RGA Fall 2018 torus+1,3,6,7,6,2.5,3,2.768529161345253,0.38,0.48,0.4242464878671775,10.604,0.9097180558107452,1.5,2,1.75,108,126,117,9.995774994399364,2.388272573858014,0.2389282046860962,,,
torus_plus1,RGA Fall 2018 torus+1,3,6,7,7,2.5,3,2.768529161345253,0.38,0.48,0.4242464878671775,10.604,0.9097180558107452,1.5,2,1.75,126,144,135,7.460621669382362,4.034811703927282,0.5408144096738938,,,
torus_plus1,RGA Fall 2018 torus+1,3,6,7,12,2.5,3,2.768529161345253,0.38,0.48,0.4242464878671775,10.604,0.9097180558107452,1.5,2,1.75,216,234,225,11.4752521530276,5.786851996894262,0.5042897462926313,,,
torus_plus1,RGA Fall 2018 torus+1,3,6,7,13,2.5,3,2.768529161345253,0.38,0.48,0.4242464878671775,10.604,0.9097180558107452,1.5,2,1.75,234,252,243,10.59827792749122,2.413284799009354,0.2277053702044797,,,
torus_plus1,RGA Fall 2018 torus+1,3,6,7,14,2.5,3,2.768529161345253,0.38,0.48,0.4242464878671775,10.604,0.9097180558107452,1.5,2,1.75,252,270,261,13.62873183192235,1.673486849890828,0.1227910909488326,,,
torus_plus1,RGA Fall 2018 torus+1,3,6,7,15,2.5,3,2.768529161345253,0.38,0.48,0.4242464878671775,10.604,0.9097180558107452,1.5,2,1.75,270,288,279,11.65089586449561,1.436073803477215,0.1232586592635712,,,
torus_plus1,RGA Fall 2018 torus+1,3,6,7,16,2.5,3,2.768529161345253,0.38,0.48,0.4242464878671775,10.604,0.9097180558107452,1.5,2,1.75,288,306,297,12.81675112739201,1.819073202035544,0.1419293535432559,,,
torus_plus1,RGA Fall 2018 torus+1,3,6,7,17,2.5,3,2.768529161345253,0.38,0.48,0.4242464878671775,10.604,0.9097180558107452,1.5,2,1.75,306,324,315,7.203463395925178,1.171051880458175,0.16256789492685,,,
torus_plus1,RGA Fall 2018 torus+1,3,6,7,18,2.5,3,2.768529161345253,0.38,0.48,0.4242464878671775,10.604,0.9097180558107452,1.5,2,1.75,324,342,333,3.18977589685151,1.139700279618387,0.3572979157386372,,,
torus_plus1,RGA Fall 2018 torus+1,3,6,7,19,2.5,3,2.768529161345253,0.38,0.48,0.4242464878671775,10.604,0.9097180558107452,1.5,2,1.75,342,360,351,0.8120411313265938,0.7378707454038662,0.9086617868708708,,,
torus_plus1,RGA Fall 2018 torus+1,3,7,3,17,2.5,3,2.958661740558292,0.48,0.58,0.4833579638752052,10.604,0.9189749574167738,0.3,0.4,0.35,306,324,315,163.5037568811874,152.7868442637109,0.9344546399306034,,,
torus_plus1,RGA Fall 2018 torus+1,3,7,3,19,2.5,3,2.958661740558292,0.48,0.58,0.4833579638752052,10.604,0.9189749574167738,0.3,0.4,0.35,342,360,351,36.16643974520892,80.26206949972324,2.219241652348592,,,
torus_plus1,RGA Fall 2018 torus+1,3,7,4,0,2.5,3,2.959848484848485,0.48,0.58,0.4834848484848484,10.604,0.9189473974151007,0.4,0.6,0.5,0,18,9,29.89543926694619,46.84823627112533,1.567069674166753,,,
torus_plus1,RGA Fall 2018 torus+1,3,7,4,1,2.5,3,2.959848484848485,0.48,0.58,0.4834848484848484,10.604,0.9189473974151007,0.4,0.6,0.5,18,36,27,144.4743574875215,84.26870212971625,0.583277915854339,,,
torus_plus1,RGA Fall 2018 torus+1,3,7,4,2,2.5,3,2.959848484848485,0.48,0.58,0.4834848484848484,10.604,0.9189473974151007,0.4,0.6,0.5,36,54,45,108.581926291343,104.537655496741,0.9627537387414684,,,
torus_plus1,RGA Fall 2018 torus+1,3,7,4,3,2.5,3,2.959848484848485,0.48,0.58,0.4834848484848484,10.604,0.9189473974151007,0.4,0.6,0.5,54,72,63,50.17617677967431,66.31534741728639,1.321650067291493,,,
torus_plus1,RGA Fall 2018 torus+1,3,7,4,4,2.5,3,2.959848484848485,0.48,0.58,0.4834848484848484,10.604,0.9189473974151007,0.4,0.6,0.5,72,90,81,223.799743616913,153.6451079448777,0.6865294189428481,,,
torus_plus1,RGA Fall 2018 torus+1,3,7,4,5,2.5,3,2.959848484848485,0.48,0.58,0.4834848484848484,10.604,0.9189473974151007,0.4,0.6,0.5,90,108,99,36.71107353701544,33.30241457101199,0.9071490251417864,,,
torus_plus1,RGA Fall 2018 torus+1,3,7,4,6,2.5,3,2.959848484848485,0.48,0.58,0.4834848484848484,10.604,0.9189473974151007,0.4,0.6,0.5,108,126,117,248.7656265895669,248.3495683112631,0.998327508972973,,,
torus_plus1,RGA Fall 2018 torus+1,3,7,4,14,2.5,3,2.959848484848485,0.48,0.58,0.4834848484848484,10.604,0.9189473974151007,0.4,0.6,0.5,252,270,261,107.3797124242186,77.70294990590993,0.7236278450712699,,,
torus_plus1,RGA Fall 2018 torus+1,3,7,4,15,2.5,3,2.959848484848485,0.48,0.58,0.4834848484848484,10.604,0.9189473974151007,0.4,0.6,0.5,270,288,279,183.8971629712632,158.1252158744828,0.8598567444957941,,,
torus_plus1,RGA Fall 2018 torus+1,3,7,4,16,2.5,3,2.959848484848485,0.48,0.58,0.4834848484848484,10.604,0.9189473974151007,0.4,0.6,0.5,288,306,297,568.4153703105241,396.7901590315695,0.6980637395762256,,,
torus_plus1,RGA Fall 2018 torus+1,3,7,5,0,2.5,3,2.959848484848485,0.48,0.58,0.4834848484848484,10.604,0.9189473974151007,0.6,1,0.8,0,18,9,2.69329151536136,3.789398575648086,1.406976762090182,,,
torus_plus1,RGA Fall 2018 torus+1,3,7,5,1,2.5,3,2.959848484848485,0.48,0.58,0.4834848484848484,10.604,0.9189473974151007,0.6,1,0.8,18,36,27,10.09839919954808,15.17507163695717,1.502720514122305,,,
torus_plus1,RGA Fall 2018 torus+1,3,7,5,2,2.5,3,2.959848484848485,0.48,0.58,0.4834848484848484,10.604,0.9189473974151007,0.6,1,0.8,36,54,45,91.54195671548258,70.43813282216473,0.7694628272049101,,,
torus_plus1,RGA Fall 2018 torus+1,3,7,5,3,2.5,3,2.959848484848485,0.48,0.58,0.4834848484848484,10.604,0.9189473974151007,0.6,1,0.8,54,72,63,14.83299816488965,19.82553339716054,1.33658301422085,,,
torus_plus1,RGA Fall 2018 torus+1,3,7,5,4,2.5,3,2.959848484848485,0.48,0.58,0.4834848484848484,10.604,0.9189473974151007,0.6,1,0.8,72,90,81,100.0484624447817,75.08795784720765,0.7505158601377795,,,
torus_plus1,RGA Fall 2018 torus+1,3,7,5,5,2.5,3,2.959848484848485,0.48,0.58,0.4834848484848484,10.604,0.9189473974151007,0.6,1,0.8,90,108,99,54.19007012008164,29.52523820312974,0.5448459125021198,,,
torus_plus1,RGA Fall 2018 torus+1,3,7,5,6,2.5,3,2.959848484848485,0.48,0.58,0.4834848484848484,10.604,0.9189473974151007,0.6,1,0.8,108,126,117,109.638512090244,67.95028216821926,0.6197665480199975,,,
torus_plus1,RGA Fall 2018 torus+1,3,7,5,7,2.5,3,2.959848484848485,0.48,0.58,0.4834848484848484,10.604,0.9189473974151007,0.6,1,0.8,126,144,135,54.38693110512657,77.59525328742845,1.42672608493834,,,
torus_plus1,RGA Fall 2018 torus+1,3,7,5,12,2.5,3,2.959848484848485,0.48,0.58,0.4834848484848484,10.604,0.9189473974151007,0.6,1,0.8,216,234,225,71.74439888146004,60.34911793378613,0.8411683542501791,,,
torus_plus1,RGA Fall 2018 torus+1,3,7,5,13,2.5,3,2.959848484848485,0.48,0.58,0.4834848484848484,10.604,0.9189473974151007,0.6,1,0.8,234,252,243,30.753866835238,38.68745493322059,1.257970425003344,,,
torus_plus1,RGA Fall 2018 torus+1,3,7,5,14,2.5,3,2.959848484848485,0.48,0.58,0.4834848484848484,10.604,0.9189473974151007,0.6,1,0.8,252,270,261,47.85616858606868,36.82216752657592,0.7694340899930537,,,
torus_plus1,RGA Fall 2018 torus+1,3,7,5,15,2.5,3,2.959848484848485,0.48,0.58,0.4834848484848484,10.604,0.9189473974151007,0.6,1,0.8,270,288,279,11.03979238078263,13.68647889755237,1.239740606116553,,,
torus_plus1,RGA Fall 2018 torus+1,3,7,5,16,2.5,3,2.959848484848485,0.48,0.58,0.4834848484848484,10.604,0.9189473974151007,0.6,1,0.8,288,306,297,56.04036625707622,70.0686690759542,1.250324966730685,,,
torus_plus1,RGA Fall 2018 torus+1,3,7,5,17,2.5,3,2.959848484848485,0.48,0.58,0.4834848484848484,10.604,0.9189473974151007,0.6,1,0.8,306,324,315,29.06566005289023,33.67130824928916,1.158456686963865,,,
torus_plus1,RGA Fall 2018 torus+1,3,7,5,18,2.5,3,2.959848484848485,0.48,0.58,0.4834848484848484,10.604,0.9189473974151007,0.6,1,0.8,324,342,333,55.78385088888269,71.40857348940632,1.280094012004423,,,
torus_plus1,RGA Fall 2018 torus+1,3,7,5,19,2.5,3,2.959848484848485,0.48,0.58,0.4834848484848484,10.604,0.9189473974151007,0.6,1,0.8,342,360,351,42.22693152122067,33.35629399853722,0.7899293838524447,,,
torus_plus1,RGA Fall 2018 torus+1,3,7,6,0,2.5,3,2.959848484848485,0.48,0.58,0.4834848484848484,10.604,0.9189473974151007,1,1.5,1.25,0,18,9,15.2611514190946,25.45898897487682,1.66822202832106,,,
torus_plus1,RGA Fall 2018 torus+1,3,7,6,1,2.5,3,2.959848484848485,0.48,0.58,0.4834848484848484,10.604,0.9189473974151007,1,1.5,1.25,18,36,27,48.65844095446981,56.74521630447082,1.166194707256812,,,
torus_plus1,RGA Fall 2018 torus+1,3,7,6,3,2.5,3,2.959848484848485,0.48,0.58,0.4834848484848484,10.604,0.9189473974151007,1,1.5,1.25,54,72,63,9.725022754309464,26.94542085498425,2.770730880094227,,,
torus_plus1,RGA Fall 2018 torus+1,3,7,6,4,2.5,3,2.959848484848485,0.48,0.58,0.4834848484848484,10.604,0.9189473974151007,1,1.5,1.25,72,90,81,7.984498758096823,19.28505062241827,2.415311368526662,,,
torus_plus1,RGA Fall 2018 torus+1,3,7,6,5,2.5,3,2.959848484848485,0.48,0.58,0.4834848484848484,10.604,0.9189473974151007,1,1.5,1.25,90,108,99,101.0895218744392,76.84612771531624,0.7601789610872323,,,
torus_plus1,RGA Fall 2018 torus+1,3,7,6,6,2.5,3,2.959848484848485,0.48,0.58,0.4834848484848484,10.604,0.9189473974151007,1,1.5,1.25,108,126,117,22.33815223273089,30.82508534004803,1.379929952079102,,,
torus_plus1,RGA Fall 2018 torus+1,3,7,6,14,2.5,3,2.959848484848485,0.48,0.58,0.4834848484848484,10.604,0.9189473974151007,1,1.5,1.25,252,270,261,56.74640426949601,39.65631465182979,0.6988339642366911,,,
torus_plus1,RGA Fall 2018 torus+1,3,7,6,15,2.5,3,2.959848484848485,0.48,0.58,0.4834848484848484,10.604,0.9189473974151007,1,1.5,1.25,270,288,279,16.65947090906797,22.31929923629265,1.339736379271443,,,
torus_plus1,RGA Fall 2018 torus+1,3,7,6,16,2.5,3,2.959848484848485,0.48,0.58,0.4834848484848484,10.604,0.9189473974151007,1,1.5,1.25,288,306,297,5.327889231860913,17.27581226013829,3.242524667522834,,,
torus_plus1,RGA Fall 2018 torus+1,3,7,6,17,2.5,3,2.959848484848485,0.48,0.58,0.4834848484848484,10.604,0.9189473974151007,1,1.5,1.25,306,324,315,49.6778496853851,43.2546023331085,0.8707019850304375,,,
torus_plus1,RGA Fall 2018 torus+1,3,7,6,19,2.5,3,2.959848484848485,0.48,0.58,0.4834848484848484,10.604,0.9189473974151007,1,1.5,1.25,342,360,351,11.2463989630017,16.5397400165137,1.470669862497852,,,
torus_plus1,RGA Fall 2018 torus+1,3,7,7,2,2.5,3,2.959848484848485,0.48,0.58,0.4834848484848484,10.604,0.9189473974151007,1.5,2,1.75,36,54,45,191.1293828967762,120.7397367868201,0.6317172951478022,,,
torus_plus1,RGA Fall 2018 torus+1,3,7,7,5,2.5,3,2.959848484848485,0.48,0.58,0.4834848484848484,10.604,0.9189473974151007,1.5,2,1.75,90,108,99,25.35054984367912,36.95713952101063,1.457843705517318,,,
torus_plus1,RGA Fall 2018 torus+1,3,7,7,16,2.5,3,2.959848484848485,0.48,0.58,0.4834848484848484,10.604,0.9189473974151007,1.5,2,1.75,288,306,297,22.66857536875949,41.61613590178005,1.835851403310196,,,
torus_plus1,RGA Fall 2018 torus+1,3,7,7,17,2.5,3,2.959848484848485,0.48,0.58,0.4834848484848484,10.604,0.9189473974151007,1.5,2,1.75,306,324,315,28.62593636782494,24.78480983952209,0.8658165630305734,,,
torus_plus1,RGA Fall 2018 torus+1,4,2,0,1,3,3.5,3.075862068965517,0.15,0.2,0.1952586206896552,10.604,0.3812740923883566,0.09,0.15,0.12,18,36,27,77.59637689971113,41.95037698765453,0.5406228829713658,,,
torus_plus1,RGA Fall 2018 torus+1,4,2,1,14,3,3.5,3.075862068965517,0.15,0.2,0.1952586206896552,10.604,0.3812740923883566,0.15,0.2,0.175,252,270,261,20.18067699497741,14.45603546205163,0.7163305505384907,,,
torus_plus1,RGA Fall 2018 torus+1,4,2,1,16,3,3.5,3.075862068965517,0.15,0.2,0.1952586206896552,10.604,0.3812740923883566,0.15,0.2,0.175,288,306,297,32.56110816780866,26.17647371181475,0.8039183917485325,,,
torus_plus1,RGA Fall 2018 torus+1,4,2,1,17,3,3.5,3.075862068965517,0.15,0.2,0.1952586206896552,10.604,0.3812740923883566,0.15,0.2,0.175,306,324,315,17.01674765504189,20.47711600185328,1.203350746979321,,,
torus_plus1,RGA Fall 2018 torus+1,4,2,1,18,3,3.5,3.075862068965517,0.15,0.2,0.1952586206896552,10.604,0.3812740923883566,0.15,0.2,0.175,324,342,333,13.65266064712361,18.44856396201205,1.351279757026617,,,
torus_plus1,RGA Fall 2018 torus+1,4,2,2,1,3,3.5,3.075862068965517,0.15,0.2,0.1952586206896552,10.604,0.3812740923883566,0.2,0.3,0.25,18,36,27,50.46039289660371,29.79604144211023,0.5904837384671985,,,
torus_plus1,RGA Fall 2018 torus+1,4,2,2,2,3,3.5,3.075862068965517,0.15,0.2,0.1952586206896552,10.604,0.3812740923883566,0.2,0.3,0.25,36,54,45,6.016706988332064,12.20046200702048,2.027764029506556,,,
torus_plus1,RGA Fall 2018 torus+1,4,2,2,3,3,3.5,3.075862068965517,0.15,0.2,0.1952586206896552,10.604,0.3812740923883566,0.2,0.3,0.25,54,72,63,31.96200564284477,23.03180890387754,0.7205996132171262,,,
torus_plus1,RGA Fall 2018 torus+1,4,2,2,9,3,3.5,3.075862068965517,0.15,0.2,0.1952586206896552,10.604,0.3812740923883566,0.2,0.3,0.25,162,180,171,6.410535612773554,12.67993245192809,1.977983310265403,,,
torus_plus1,RGA Fall 2018 torus+1,4,2,2,17,3,3.5,3.075862068965517,0.15,0.2,0.1952586206896552,10.604,0.3812740923883566,0.2,0.3,0.25,306,324,315,9.076835969952487,13.24842230032717,1.459585955302497,,,
torus_plus1,RGA Fall 2018 torus+1,4,2,2,18,3,3.5,3.075862068965517,0.15,0.2,0.1952586206896552,10.604,0.3812740923883566,0.2,0.3,0.25,324,342,333,11.78246112999616,13.714330848012,1.163961476019439,,,
torus_plus1,RGA Fall 2018 torus+1,4,2,3,1,3,3.5,3.075862068965517,0.15,0.2,0.1952586206896552,10.604,0.3812740923883566,0.3,0.4,0.35,18,36,27,9.473402891295597,13.71835426249755,1.448091506284644,,,
torus_plus1,RGA Fall 2018 torus+1,4,2,3,2,3,3.5,3.075862068965517,0.15,0.2,0.1952586206896552,10.604,0.3812740923883566,0.3,0.4,0.35,36,54,45,13.61943025654226,14.88943632573779,1.09324957397432,,,
torus_plus1,RGA Fall 2018 torus+1,4,2,3,17,3,3.5,3.075862068965517,0.15,0.2,0.1952586206896552,10.604,0.3812740923883566,0.3,0.4,0.35,306,324,315,5.69018571012167,8.204217359113414,1.441818910149066,,,
torus_plus1,RGA Fall 2018 torus+1,4,2,3,18,3,3.5,3.075862068965517,0.15,0.2,0.1952586206896552,10.604,0.3812740923883566,0.3,0.4,0.35,324,342,333,14.41118417691452,15.74697713845536,1.092691408640843,,,
torus_plus1,RGA Fall 2018 torus+1,4,2,4,2,3,3.5,3.075862068965517,0.15,0.2,0.1952586206896552,10.604,0.3812740923883566,0.4,0.6,0.5,36,54,45,6.331625956111369,4.789130402243223,0.7563823945760236,,,
torus_plus1,RGA Fall 2018 torus+1,4,2,4,7,3,3.5,3.075862068965517,0.15,0.2,0.1952586206896552,10.604,0.3812740923883566,0.4,0.6,0.5,126,144,135,5.381745874327744,8.638449582486533,1.605138886935199,,,
torus_plus1,RGA Fall 2018 torus+1,4,2,4,9,3,3.5,3.075862068965517,0.15,0.2,0.1952586206896552,10.604,0.3812740923883566,0.4,0.6,0.5,162,180,171,7.484909986019729,10.66342254880346,1.424656083870151,,,
torus_plus1,RGA Fall 2018 torus+1,4,2,4,13,3,3.5,3.075862068965517,0.15,0.2,0.1952586206896552,10.604,0.3812740923883566,0.4,0.6,0.5,234,252,243,5.699201446865827,8.63282686669065,1.514743240289939,,,
torus_plus1,RGA Fall 2018 torus+1,4,2,4,15,3,3.5,3.075862068965517,0.15,0.2,0.1952586206896552,10.604,0.3812740923883566,0.4,0.6,0.5,270,288,279,5.468935946136043,8.618150806435732,1.575836852235342,,,
torus_plus1,RGA Fall 2018 torus+1,4,2,4,17,3,3.5,3.075862068965517,0.15,0.2,0.1952586206896552,10.604,0.3812740923883566,0.4,0.6,0.5,306,324,315,1.255590758718089,1.848374047776517,1.472115046198363,,,
torus_plus1,RGA Fall 2018 torus+1,4,2,4,18,3,3.5,3.075862068965517,0.15,0.2,0.1952586206896552,10.604,0.3812740923883566,0.4,0.6,0.5,324,342,333,8.552171972565011,10.8783231009659,1.271995363968718,,,
torus_plus1,RGA Fall 2018 torus+1,4,2,5,2,3,3.5,3.075862068965517,0.15,0.2,0.1952586206896552,10.604,0.3812740923883566,0.6,1,0.8,36,54,45,1.556008586634291,3.236885555374026,2.080249160048365,,,
torus_plus1,RGA Fall 2018 torus+1,4,2,5,4,3,3.5,3.075862068965517,0.15,0.2,0.1952586206896552,10.604,0.3812740923883566,0.6,1,0.8,72,90,81,0.7478644754472573,4.684089012874511,6.263285884883367,,,
torus_plus1,RGA Fall 2018 torus+1,4,2,5,8,3,3.5,3.075862068965517,0.15,0.2,0.1952586206896552,10.604,0.3812740923883566,0.6,1,0.8,144,162,153,1.619229149545639,2.316688150330753,1.430735205687733,,,
torus_plus1,RGA Fall 2018 torus+1,4,2,5,9,3,3.5,3.075862068965517,0.15,0.2,0.1952586206896552,10.604,0.3812740923883566,0.6,1,0.8,162,180,171,5.229435526401638,5.692062110861844,1.088465874017293,,,
torus_plus1,RGA Fall 2018 torus+1,4,2,5,11,3,3.5,3.075862068965517,0.15,0.2,0.1952586206896552,10.604,0.3812740923883566,0.6,1,0.8,198,216,207,3.056599187656162,4.080553778485518,1.334997992201437,,,
torus_plus1,RGA Fall 2018 torus+1,4,2,5,14,3,3.5,3.075862068965517,0.15,0.2,0.1952586206896552,10.604,0.3812740923883566,0.6,1,0.8,252,270,261,3.996390909754911,4.951774055197693,1.239061484979049,,,
torus_plus1,RGA Fall 2018 torus+1,4,2,5,15,3,3.5,3.075862068965517,0.15,0.2,0.1952586206896552,10.604,0.3812740923883566,0.6,1,0.8,270,288,279,2.441749165039778,4.969380429152159,2.035172367539728,,,
torus_plus1,RGA Fall 2018 torus+1,4,2,5,17,3,3.5,3.075862068965517,0.15,0.2,0.1952586206896552,10.604,0.3812740923883566,0.6,1,0.8,306,324,315,2.162246661937574,3.297709563343942,1.525131069176395,,,
torus_plus1,RGA Fall 2018 torus+1,4,2,6,5,3,3.5,3.075862068965517,0.15,0.2,0.1952586206896552,10.604,0.3812740923883566,1,1.5,1.25,90,108,99,5.33113770239407,6.724868622646675,1.261432174154256,,,
torus_plus1,RGA Fall 2018 torus+1,4,2,6,7,3,3.5,3.075862068965517,0.15,0.2,0.1952586206896552,10.604,0.3812740923883566,1,1.5,1.25,126,144,135,0.835726902855331,1.373236753897244,1.643164470600941,,,
torus_plus1,RGA Fall 2018 torus+1,4,2,6,13,3,3.5,3.075862068965517,0.15,0.2,0.1952586206896552,10.604,0.3812740923883566,1,1.5,1.25,234,252,243,2.562936555368413,3.919044526776132,1.529122723918846,,,
torus_plus1,RGA Fall 2018 torus+1,4,2,6,14,3,3.5,3.075862068965517,0.15,0.2,0.1952586206896552,10.604,0.3812740923883566,1,1.5,1.25,252,270,261,1.763627854660778,3.027175431600185,1.716447959018226,,,
torus_plus1,RGA Fall 2018 torus+1,4,2,7,8,3,3.5,3.075862068965517,0.15,0.2,0.1952586206896552,10.604,0.3812740923883566,1.5,2,1.75,144,162,153,1.83720245201354,1.239951671641893,0.6749129200665548,,,
torus_plus1,RGA Fall 2018 torus+1,4,2,7,9,3,3.5,3.075862068965517,0.15,0.2,0.1952586206896552,10.604,0.3812740923883566,1.5,2,1.75,162,180,171,0.9068780860836255,1.406016541995254,1.550392013624643,,,
torus_plus1,RGA Fall 2018 torus+1,4,3,1,1,3,3.5,3.233883455582722,0.2,0.25,0.2269356153219234,10.604,0.5053658061968556,0.15,0.2,0.175,18,36,27,13.29589517383656,8.950373052357127,0.6731681421473241,,,
torus_plus1,RGA Fall 2018 torus+1,4,3,1,2,3,3.5,3.233883455582722,0.2,0.25,0.2269356153219234,10.604,0.5053658061968556,0.15,0.2,0.175,36,54,45,2.234661446924083,3.681620506730694,1.647507058305539,,,
torus_plus1,RGA Fall 2018 torus+1,4,3,1,3,3,3.5,3.233883455582722,0.2,0.25,0.2269356153219234,10.604,0.5053658061968556,0.15,0.2,0.175,54,72,63,8.230614762743665,8.989977238108629,1.092260723804285,,,
torus_plus1,RGA Fall 2018 torus+1,4,3,1,4,3,3.5,3.233883455582722,0.2,0.25,0.2269356153219234,10.604,0.5053658061968556,0.15,0.2,0.175,72,90,81,6.982201586730451,6.825987741542587,0.9776268497482591,,,
torus_plus1,RGA Fall 2018 torus+1,4,3,1,5,3,3.5,3.233883455582722,0.2,0.25,0.2269356153219234,10.604,0.5053658061968556,0.15,0.2,0.175,90,108,99,11.35807393665286,11.24891133922699,0.9903889868973648,,,
torus_plus1,RGA Fall 2018 torus+1,4,3,1,6,3,3.5,3.233883455582722,0.2,0.25,0.2269356153219234,10.604,0.5053658061968556,0.15,0.2,0.175,108,126,117,28.27290520574338,19.10156131439856,0.6756136723621263,,,
torus_plus1,RGA Fall 2018 torus+1,4,3,1,17,3,3.5,3.233883455582722,0.2,0.25,0.2269356153219234,10.604,0.5053658061968556,0.15,0.2,0.175,306,324,315,11.1803465067852,9.904886642400273,0.8859194691675374,,,
torus_plus1,RGA Fall 2018 torus+1,4,3,1,18,3,3.5,3.233883455582722,0.2,0.25,0.2269356153219234,10.604,0.5053658061968556,0.15,0.2,0.175,324,342,333,21.19282683283186,10.44386067570751,0.4928016804029141,,,
torus_plus1,RGA Fall 2018 torus+1,4,3,1,19,3,3.5,3.233883455582722,0.2,0.25,0.2269356153219234,10.604,0.5053658061968556,0.15,0.2,0.175,342,360,351,2.15111416715387,3.138767341221647,1.459135637312331,,,
torus_plus1,RGA Fall 2018 torus+1,4,3,2,0,3,3.5,3.233883455582722,0.2,0.25,0.2269356153219234,10.604,0.5053658061968556,0.2,0.3,0.25,0,18,9,6.858697631955355,3.256464697153351,0.474793447954486,,,
torus_plus1,RGA Fall 2018 torus+1,4,3,2,1,3,3.5,3.233883455582722,0.2,0.25,0.2269356153219234,10.604,0.5053658061968556,0.2,0.3,0.25,18,36,27,5.183712111531826,2.695158548133942,0.5199282850099294,,,
torus_plus1,RGA Fall 2018 torus+1,4,3,2,2,3,3.5,3.233883455582722,0.2,0.25,0.2269356153219234,10.604,0.5053658061968556,0.2,0.3,0.25,36,54,45,4.252067896068851,3.412301161858719,0.8025039216832547,,,
torus_plus1,RGA Fall 2018 torus+1,4,3,2,3,3,3.5,3.233883455582722,0.2,0.25,0.2269356153219234,10.604,0.5053658061968556,0.2,0.3,0.25,54,72,63,11.90934362680667,9.220048323150344,0.774186102279977,,,
torus_plus1,RGA Fall 2018 torus+1,4,3,2,4,3,3.5,3.233883455582722,0.2,0.25,0.2269356153219234,10.604,0.5053658061968556,0.2,0.3,0.25,72,90,81,12.821276584109,4.823608946487629,0.376219085115606,,,
torus_plus1,RGA Fall 2018 torus+1,4,3,2,5,3,3.5,3.233883455582722,0.2,0.25,0.2269356153219234,10.604,0.5053658061968556,0.2,0.3,0.25,90,108,99,7.151937395796605,3.291807749104541,0.4602679759248493,,,
torus_plus1,RGA Fall 2018 torus+1,4,3,2,6,3,3.5,3.233883455582722,0.2,0.25,0.2269356153219234,10.604,0.5053658061968556,0.2,0.3,0.25,108,126,117,5.872919468952947,3.359881279640569,0.5720972843919457,,,
torus_plus1,RGA Fall 2018 torus+1,4,3,2,7,3,3.5,3.233883455582722,0.2,0.25,0.2269356153219234,10.604,0.5053658061968556,0.2,0.3,0.25,126,144,135,2.983819163075668,2.655371259699482,0.8899236564197049,,,
torus_plus1,RGA Fall 2018 torus+1,4,3,2,8,3,3.5,3.233883455582722,0.2,0.25,0.2269356153219234,10.604,0.5053658061968556,0.2,0.3,0.25,144,162,153,10.74633562628506,5.375258550456475,0.5001945535098338,,,
torus_plus1,RGA Fall 2018 torus+1,4,3,2,9,3,3.5,3.233883455582722,0.2,0.25,0.2269356153219234,10.604,0.5053658061968556,0.2,0.3,0.25,162,180,171,19.62335997729128,9.864803615609128,0.5027071626380478,,,
torus_plus1,RGA Fall 2018 torus+1,4,3,2,10,3,3.5,3.233883455582722,0.2,0.25,0.2269356153219234,10.604,0.5053658061968556,0.2,0.3,0.25,180,198,189,5.133597783710814,4.096407405412404,0.7979603346429921,,,
torus_plus1,RGA Fall 2018 torus+1,4,3,2,11,3,3.5,3.233883455582722,0.2,0.25,0.2269356153219234,10.604,0.5053658061968556,0.2,0.3,0.25,198,216,207,6.32017053952253,5.761706412368582,0.9116378072930706,,,
torus_plus1,RGA Fall 2018 torus+1,4,3,2,12,3,3.5,3.233883455582722,0.2,0.25,0.2269356153219234,10.604,0.5053658061968556,0.2,0.3,0.25,216,234,225,13.79546382718472,8.962101982654046,0.6496412222830615,,,
torus_plus1,RGA Fall 2018 torus+1,4,3,2,13,3,3.5,3.233883455582722,0.2,0.25,0.2269356153219234,10.604,0.5053658061968556,0.2,0.3,0.25,234,252,243,3.703592162126872,3.149886804499375,0.8504950509157791,,,
torus_plus1,RGA Fall 2018 torus+1,4,3,2,14,3,3.5,3.233883455582722,0.2,0.25,0.2269356153219234,10.604,0.5053658061968556,0.2,0.3,0.25,252,270,261,10.62270084273494,6.264421739187502,0.589720244590325,,,
torus_plus1,RGA Fall 2018 torus+1,4,3,2,15,3,3.5,3.233883455582722,0.2,0.25,0.2269356153219234,10.604,0.5053658061968556,0.2,0.3,0.25,270,288,279,10.08189174469036,5.476428508603954,0.5431945360341844,,,
torus_plus1,RGA Fall 2018 torus+1,4,3,2,16,3,3.5,3.233883455582722,0.2,0.25,0.2269356153219234,10.604,0.5053658061968556,0.2,0.3,0.25,288,306,297,13.41682435576565,8.552818499585689,0.6374696629243909,,,
torus_plus1,RGA Fall 2018 torus+1,4,3,2,17,3,3.5,3.233883455582722,0.2,0.25,0.2269356153219234,10.604,0.5053658061968556,0.2,0.3,0.25,306,324,315,8.371361420543337,6.326712954730174,0.7557567565061052,,,
torus_plus1,RGA Fall 2018 torus+1,4,3,2,18,3,3.5,3.233883455582722,0.2,0.25,0.2269356153219234,10.604,0.5053658061968556,0.2,0.3,0.25,324,342,333,1.39452828470037,1.657993320809964,1.188927710538479,,,
torus_plus1,RGA Fall 2018 torus+1,4,3,2,19,3,3.5,3.233883455582722,0.2,0.25,0.2269356153219234,10.604,0.5053658061968556,0.2,0.3,0.25,342,360,351,2.501135924808646,2.014650763935454,0.8054943131847536,,,
torus_plus1,RGA Fall 2018 torus+1,4,3,3,0,3,3.5,3.233883455582722,0.2,0.25,0.2269356153219234,10.604,0.5053658061968556,0.3,0.4,0.35,0,18,9,5.211583232195852,2.76897927486107,0.5313124920954945,,,
torus_plus1,RGA Fall 2018 torus+1,4,3,3,1,3,3.5,3.233883455582722,0.2,0.25,0.2269356153219234,10.604,0.5053658061968556,0.3,0.4,0.35,18,36,27,4.594629870289392,2.285161926795304,0.4973549537846393,,,
torus_plus1,RGA Fall 2018 torus+1,4,3,3,2,3,3.5,3.233883455582722,0.2,0.25,0.2269356153219234,10.604,0.5053658061968556,0.3,0.4,0.35,36,54,45,0.6442886824484517,1.760173925960501,2.731964682774525,,,
torus_plus1,RGA Fall 2018 torus+1,4,3,3,3,3,3.5,3.233883455582722,0.2,0.25,0.2269356153219234,10.604,0.5053658061968556,0.3,0.4,0.35,54,72,63,4.419026617340386,5.882300095480662,1.33113027027227,,,
torus_plus1,RGA Fall 2018 torus+1,4,3,3,4,3,3.5,3.233883455582722,0.2,0.25,0.2269356153219234,10.604,0.5053658061968556,0.3,0.4,0.35,72,90,81,1.890857736481332,2.102345090177296,1.111847311204659,,,
torus_plus1,RGA Fall 2018 torus+1,4,3,3,5,3,3.5,3.233883455582722,0.2,0.25,0.2269356153219234,10.604,0.5053658061968556,0.3,0.4,0.35,90,108,99,6.849034822471716,2.678456446956789,0.3910706422704642,,,
torus_plus1,RGA Fall 2018 torus+1,4,3,3,6,3,3.5,3.233883455582722,0.2,0.25,0.2269356153219234,10.604,0.5053658061968556,0.3,0.4,0.35,108,126,117,8.344639496690778,3.297648197891212,0.3951816251857202,,,
torus_plus1,RGA Fall 2018 torus+1,4,3,3,7,3,3.5,3.233883455582722,0.2,0.25,0.2269356153219234,10.604,0.5053658061968556,0.3,0.4,0.35,126,144,135,8.603629500659606,4.21402145586111,0.4897957839232894,,,
torus_plus1,RGA Fall 2018 torus+1,4,3,3,8,3,3.5,3.233883455582722,0.2,0.25,0.2269356153219234,10.604,0.5053658061968556,0.3,0.4,0.35,144,162,153,10.29057033893872,3.869314280910101,0.3760058143977614,,,
torus_plus1,RGA Fall 2018 torus+1,4,3,3,9,3,3.5,3.233883455582722,0.2,0.25,0.2269356153219234,10.604,0.5053658061968556,0.3,0.4,0.35,162,180,171,2.179325698150822,1.833915658349984,0.8415060033964077,,,
torus_plus1,RGA Fall 2018 torus+1,4,3,3,10,3,3.5,3.233883455582722,0.2,0.25,0.2269356153219234,10.604,0.5053658061968556,0.3,0.4,0.35,180,198,189,1.857271384940828,1.518280085433416,0.8174788551333807,,,
torus_plus1,RGA Fall 2018 torus+1,4,3,3,11,3,3.5,3.233883455582722,0.2,0.25,0.2269356153219234,10.604,0.5053658061968556,0.3,0.4,0.35,198,216,207,3.926610545599042,3.511685547738428,0.8943299843358127,,,
torus_plus1,RGA Fall 2018 torus+1,4,3,3,12,3,3.5,3.233883455582722,0.2,0.25,0.2269356153219234,10.604,0.5053658061968556,0.3,0.4,0.35,216,234,225,14.72527329731328,7.109155813006045,0.4827860012827848,,,
torus_plus1,RGA Fall 2018 torus+1,4,3,3,13,3,3.5,3.233883455582722,0.2,0.25,0.2269356153219234,10.604,0.5053658061968556,0.3,0.4,0.35,234,252,243,2.85796864905856,2.282117846509945,0.7985104550610428,,,
torus_plus1,RGA Fall 2018 torus+1,4,3,3,14,3,3.5,3.233883455582722,0.2,0.25,0.2269356153219234,10.604,0.5053658061968556,0.3,0.4,0.35,252,270,261,2.29769076456223,2.257025878599559,0.9823018455791117,,,
torus_plus1,RGA Fall 2018 torus+1,4,3,3,15,3,3.5,3.233883455582722,0.2,0.25,0.2269356153219234,10.604,0.5053658061968556,0.3,0.4,0.35,270,288,279,6.831316196042305,5.071779020371435,0.7424307226929049,,,
torus_plus1,RGA Fall 2018 torus+1,4,3,3,16,3,3.5,3.233883455582722,0.2,0.25,0.2269356153219234,10.604,0.5053658061968556,0.3,0.4,0.35,288,306,297,10.61860554544406,6.253296025313236,0.5888999265064733,,,
torus_plus1,RGA Fall 2018 torus+1,4,3,3,17,3,3.5,3.233883455582722,0.2,0.25,0.2269356153219234,10.604,0.5053658061968556,0.3,0.4,0.35,306,324,315,14.50107394138493,8.106805730758746,0.5590486445022913,,,
torus_plus1,RGA Fall 2018 torus+1,4,3,3,18,3,3.5,3.233883455582722,0.2,0.25,0.2269356153219234,10.604,0.5053658061968556,0.3,0.4,0.35,324,342,333,7.659900739174283,2.828663312498924,0.3692819801218268,,,
torus_plus1,RGA Fall 2018 torus+1,4,3,3,19,3,3.5,3.233883455582722,0.2,0.25,0.2269356153219234,10.604,0.5053658061968556,0.3,0.4,0.35,342,360,351,2.486996218079524,1.404648810162313,0.564797324560064,,,
torus_plus1,RGA Fall 2018 torus+1,4,3,4,0,3,3.5,3.233883455582722,0.2,0.25,0.2269356153219234,10.604,0.5053658061968556,0.4,0.6,0.5,0,18,9,2.800990808084242,1.326125081282172,0.4734485659341328,,,
torus_plus1,RGA Fall 2018 torus+1,4,3,4,1,3,3.5,3.233883455582722,0.2,0.25,0.2269356153219234,10.604,0.5053658061968556,0.4,0.6,0.5,18,36,27,3.517238938445991,1.13935853638471,0.3239354949505104,,,
torus_plus1,RGA Fall 2018 torus+1,4,3,4,2,3,3.5,3.233883455582722,0.2,0.25,0.2269356153219234,10.604,0.5053658061968556,0.4,0.6,0.5,36,54,45,6.125288470161573,2.67531885740356,0.4367661817783726,,,
torus_plus1,RGA Fall 2018 torus+1,4,3,4,3,3,3.5,3.233883455582722,0.2,0.25,0.2269356153219234,10.604,0.5053658061968556,0.4,0.6,0.5,54,72,63,4.924993123760328,3.822128597903486,0.7760678039252197,,,
torus_plus1,RGA Fall 2018 torus+1,4,3,4,4,3,3.5,3.233883455582722,0.2,0.25,0.2269356153219234,10.604,0.5053658061968556,0.4,0.6,0.5,72,90,81,5.855758435252611,2.116153625187333,0.3613799388389635,,,
torus_plus1,RGA Fall 2018 torus+1,4,3,4,5,3,3.5,3.233883455582722,0.2,0.25,0.2269356153219234,10.604,0.5053658061968556,0.4,0.6,0.5,90,108,99,5.261648888991758,1.783961112108071,0.3390498206447059,,,
torus_plus1,RGA Fall 2018 torus+1,4,3,4,6,3,3.5,3.233883455582722,0.2,0.25,0.2269356153219234,10.604,0.5053658061968556,0.4,0.6,0.5,108,126,117,2.175020093313818,0.9927100728573798,0.4564142078084926,,,
torus_plus1,RGA Fall 2018 torus+1,4,3,4,7,3,3.5,3.233883455582722,0.2,0.25,0.2269356153219234,10.604,0.5053658061968556,0.4,0.6,0.5,126,144,135,4.393064348593072,1.755649788387765,0.3996412638367183,,,
torus_plus1,RGA Fall 2018 torus+1,4,3,4,8,3,3.5,3.233883455582722,0.2,0.25,0.2269356153219234,10.604,0.5053658061968556,0.4,0.6,0.5,144,162,153,4.912789523964062,1.63160602222597,0.3321139678928174,,,
torus_plus1,RGA Fall 2018 torus+1,4,3,4,9,3,3.5,3.233883455582722,0.2,0.25,0.2269356153219234,10.604,0.5053658061968556,0.4,0.6,0.5,162,180,171,1.885486615224049,0.8642949955716221,0.4583935990810094,,,
torus_plus1,RGA Fall 2018 torus+1,4,3,4,10,3,3.5,3.233883455582722,0.2,0.25,0.2269356153219234,10.604,0.5053658061968556,0.4,0.6,0.5,180,198,189,3.506425403712953,1.569021379578093,0.4474703434205836,,,
torus_plus1,RGA Fall 2018 torus+1,4,3,4,11,3,3.5,3.233883455582722,0.2,0.25,0.2269356153219234,10.604,0.5053658061968556,0.4,0.6,0.5,198,216,207,3.246749552581344,2.281218444408003,0.7026160803177164,,,
torus_plus1,RGA Fall 2018 torus+1,4,3,4,12,3,3.5,3.233883455582722,0.2,0.25,0.2269356153219234,10.604,0.5053658061968556,0.4,0.6,0.5,216,234,225,7.350804978314663,3.107623014757796,0.4227595513587259,,,
torus_plus1,RGA Fall 2018 torus+1,4,3,4,13,3,3.5,3.233883455582722,0.2,0.25,0.2269356153219234,10.604,0.5053658061968556,0.4,0.6,0.5,234,252,243,7.961305789551372,2.100121231362081,0.2637910522314487,,,
torus_plus1,RGA Fall 2018 torus+1,4,3,4,14,3,3.5,3.233883455582722,0.2,0.25,0.2269356153219234,10.604,0.5053658061968556,0.4,0.6,0.5,252,270,261,7.098720467662814,2.497906781937589,0.3518812711835096,,,
torus_plus1,RGA Fall 2018 torus+1,4,3,4,15,3,3.5,3.233883455582722,0.2,0.25,0.2269356153219234,10.604,0.5053658061968556,0.4,0.6,0.5,270,288,279,6.569463575794829,2.225143641180082,0.3387100964192294,,,
torus_plus1,RGA Fall 2018 torus+1,4,3,4,16,3,3.5,3.233883455582722,0.2,0.25,0.2269356153219234,10.604,0.5053658061968556,0.4,0.6,0.5,288,306,297,6.89358442122642,3.220915732465239,0.4672338127241233,,,
torus_plus1,RGA Fall 2018 torus+1,4,3,4,17,3,3.5,3.233883455582722,0.2,0.25,0.2269356153219234,10.604,0.5053658061968556,0.4,0.6,0.5,306,324,315,6.509341593200816,2.872946373288118,0.441357444858784,,,
torus_plus1,RGA Fall 2018 torus+1,4,3,4,18,3,3.5,3.233883455582722,0.2,0.25,0.2269356153219234,10.604,0.5053658061968556,0.4,0.6,0.5,324,342,333,2.665989202512725,1.114981754209809,0.4182244073452834,,,
torus_plus1,RGA Fall 2018 torus+1,4,3,4,19,3,3.5,3.233883455582722,0.2,0.25,0.2269356153219234,10.604,0.5053658061968556,0.4,0.6,0.5,342,360,351,4.083690424339575,1.460235830949562,0.3575775044666161,,,
torus_plus1,RGA Fall 2018 torus+1,4,3,5,0,3,3.5,3.233883455582722,0.2,0.25,0.2269356153219234,10.604,0.5053658061968556,0.6,1,0.8,0,18,9,0.06923890553771116,0.4804431225405285,6.938918499785556,,,
torus_plus1,RGA Fall 2018 torus+1,4,3,5,1,3,3.5,3.233883455582722,0.2,0.25,0.2269356153219234,10.604,0.5053658061968556,0.6,1,0.8,18,36,27,1.181480380474845,0.4640697605654898,0.3927866837526129,,,
torus_plus1,RGA Fall 2018 torus+1,4,3,5,2,3,3.5,3.233883455582722,0.2,0.25,0.2269356153219234,10.604,0.5053658061968556,0.6,1,0.8,36,54,45,0.2674926849342315,0.5299054238356024,1.981009028212829,,,
torus_plus1,RGA Fall 2018 torus+1,4,3,5,3,3,3.5,3.233883455582722,0.2,0.25,0.2269356153219234,10.604,0.5053658061968556,0.6,1,0.8,54,72,63,1.147370240908121,0.8451351536994877,0.7365845161110157,,,
torus_plus1,RGA Fall 2018 torus+1,4,3,5,4,3,3.5,3.233883455582722,0.2,0.25,0.2269356153219234,10.604,0.5053658061968556,0.6,1,0.8,72,90,81,4.660061787935764,1.550749788450483,0.3327745122318234,,,
torus_plus1,RGA Fall 2018 torus+1,4,3,5,5,3,3.5,3.233883455582722,0.2,0.25,0.2269356153219234,10.604,0.5053658061968556,0.6,1,0.8,90,108,99,2.745997943911624,0.9772069836529959,0.3558658832282236,,,
torus_plus1,RGA Fall 2018 torus+1,4,3,5,6,3,3.5,3.233883455582722,0.2,0.25,0.2269356153219234,10.604,0.5053658061968556,0.6,1,0.8,108,126,117,4.849569696687408,1.20348381008259,0.2481630093706361,,,
torus_plus1,RGA Fall 2018 torus+1,4,3,5,7,3,3.5,3.233883455582722,0.2,0.25,0.2269356153219234,10.604,0.5053658061968556,0.6,1,0.8,126,144,135,4.106611365049789,1.064248865683022,0.2591549993604322,,,
torus_plus1,RGA Fall 2018 torus+1,4,3,5,8,3,3.5,3.233883455582722,0.2,0.25,0.2269356153219234,10.604,0.5053658061968556,0.6,1,0.8,144,162,153,2.847512855876119,0.7726311609978923,0.2713354425787728,,,
torus_plus1,RGA Fall 2018 torus+1,4,3,5,9,3,3.5,3.233883455582722,0.2,0.25,0.2269356153219234,10.604,0.5053658061968556,0.6,1,0.8,162,180,171,1.895179250489921,0.6108566079961835,0.322321283244459,,,
torus_plus1,RGA Fall 2018 torus+1,4,3,5,10,3,3.5,3.233883455582722,0.2,0.25,0.2269356153219234,10.604,0.5053658061968556,0.6,1,0.8,180,198,189,1.622876620760154,0.7298517965622536,0.4497272233919987,,,
torus_plus1,RGA Fall 2018 torus+1,4,3,5,11,3,3.5,3.233883455582722,0.2,0.25,0.2269356153219234,10.604,0.5053658061968556,0.6,1,0.8,198,216,207,1.221684822984812,0.7759003998751689,0.6351068502099376,,,
torus_plus1,RGA Fall 2018 torus+1,4,3,5,12,3,3.5,3.233883455582722,0.2,0.25,0.2269356153219234,10.604,0.5053658061968556,0.6,1,0.8,216,234,225,2.21780762401452,1.035976403758934,0.4671173426140912,,,
torus_plus1,RGA Fall 2018 torus+1,4,3,5,13,3,3.5,3.233883455582722,0.2,0.25,0.2269356153219234,10.604,0.5053658061968556,0.6,1,0.8,234,252,243,3.04674573175578,1.065665838427532,0.3497718327198278,,,
torus_plus1,RGA Fall 2018 torus+1,4,3,5,14,3,3.5,3.233883455582722,0.2,0.25,0.2269356153219234,10.604,0.5053658061968556,0.6,1,0.8,252,270,261,4.303439128117528,0.9700384637345086,0.2254100580618267,,,
torus_plus1,RGA Fall 2018 torus+1,4,3,5,15,3,3.5,3.233883455582722,0.2,0.25,0.2269356153219234,10.604,0.5053658061968556,0.6,1,0.8,270,288,279,2.794339215117222,0.8609250244505735,0.3080961036487683,,,
torus_plus1,RGA Fall 2018 torus+1,4,3,5,16,3,3.5,3.233883455582722,0.2,0.25,0.2269356153219234,10.604,0.5053658061968556,0.6,1,0.8,288,306,297,3.144851432225931,1.270712290844363,0.404061151449991,,,
torus_plus1,RGA Fall 2018 torus+1,4,3,5,17,3,3.5,3.233883455582722,0.2,0.25,0.2269356153219234,10.604,0.5053658061968556,0.6,1,0.8,306,324,315,5.916745043032607,2.318893118704441,0.3919204058716548,,,
torus_plus1,RGA Fall 2018 torus+1,4,3,5,18,3,3.5,3.233883455582722,0.2,0.25,0.2269356153219234,10.604,0.5053658061968556,0.6,1,0.8,324,342,333,0.9912111934845479,0.4238144430614524,0.4275722932179128,,,
torus_plus1,RGA Fall 2018 torus+1,4,3,5,19,3,3.5,3.233883455582722,0.2,0.25,0.2269356153219234,10.604,0.5053658061968556,0.6,1,0.8,342,360,351,1.468699432192305,1.038487681828958,0.7070797871003622,,,
torus_plus1,RGA Fall 2018 torus+1,4,3,6,1,3,3.5,3.233883455582722,0.2,0.25,0.2269356153219234,10.604,0.5053658061968556,1,1.5,1.25,18,36,27,0.9933850018336451,0.4146703484033086,0.4174316580559271,,,
torus_plus1,RGA Fall 2018 torus+1,4,3,6,2,3,3.5,3.233883455582722,0.2,0.25,0.2269356153219234,10.604,0.5053658061968556,1,1.5,1.25,36,54,45,0.9337105383015285,0.5961307386641568,0.6384534759011629,,,
torus_plus1,RGA Fall 2018 torus+1,4,3,6,3,3,3.5,3.233883455582722,0.2,0.25,0.2269356153219234,10.604,0.5053658061968556,1,1.5,1.25,54,72,63,0.4351657572416975,0.2997160595428888,0.6887399905788589,,,
torus_plus1,RGA Fall 2018 torus+1,4,3,6,4,3,3.5,3.233883455582722,0.2,0.25,0.2269356153219234,10.604,0.5053658061968556,1,1.5,1.25,72,90,81,2.62617134072195,0.9208594637082714,0.3506471376902323,,,
torus_plus1,RGA Fall 2018 torus+1,4,3,6,5,3,3.5,3.233883455582722,0.2,0.25,0.2269356153219234,10.604,0.5053658061968556,1,1.5,1.25,90,108,99,2.679361935578546,1.082835851264488,0.4041394471145513,,,
torus_plus1,RGA Fall 2018 torus+1,4,3,6,6,3,3.5,3.233883455582722,0.2,0.25,0.2269356153219234,10.604,0.5053658061968556,1,1.5,1.25,108,126,117,1.690557490575912,0.9078234119478708,0.5369964742450776,,,
torus_plus1,RGA Fall 2018 torus+1,4,3,6,7,3,3.5,3.233883455582722,0.2,0.25,0.2269356153219234,10.604,0.5053658061968556,1,1.5,1.25,126,144,135,1.035804364153667,0.4784243928531227,0.46188682864262,,,
torus_plus1,RGA Fall 2018 torus+1,4,3,6,8,3,3.5,3.233883455582722,0.2,0.25,0.2269356153219234,10.604,0.5053658061968556,1,1.5,1.25,144,162,153,0.8774240752041923,0.3546555621738318,0.404200855887499,,,
torus_plus1,RGA Fall 2018 torus+1,4,3,6,9,3,3.5,3.233883455582722,0.2,0.25,0.2269356153219234,10.604,0.5053658061968556,1,1.5,1.25,162,180,171,1.023758583291142,0.3709871623883692,0.362377584367335,,,
torus_plus1,RGA Fall 2018 torus+1,4,3,6,10,3,3.5,3.233883455582722,0.2,0.25,0.2269356153219234,10.604,0.5053658061968556,1,1.5,1.25,180,198,189,0.8542251465726814,0.3869172064172395,0.452945231089985,,,
torus_plus1,RGA Fall 2018 torus+1,4,3,6,11,3,3.5,3.233883455582722,0.2,0.25,0.2269356153219234,10.604,0.5053658061968556,1,1.5,1.25,198,216,207,0.3805477244305235,0.3287043008515677,0.863766302487979,,,
torus_plus1,RGA Fall 2018 torus+1,4,3,6,12,3,3.5,3.233883455582722,0.2,0.25,0.2269356153219234,10.604,0.5053658061968556,1,1.5,1.25,216,234,225,2.236122282169701,0.8638751384040952,0.3863273244457277,,,
torus_plus1,RGA Fall 2018 torus+1,4,3,6,13,3,3.5,3.233883455582722,0.2,0.25,0.2269356153219234,10.604,0.5053658061968556,1,1.5,1.25,234,252,243,2.078850578784949,0.9184823797415004,0.4418222209497792,,,
torus_plus1,RGA Fall 2018 torus+1,4,3,6,14,3,3.5,3.233883455582722,0.2,0.25,0.2269356153219234,10.604,0.5053658061968556,1,1.5,1.25,252,270,261,1.96822387063128,0.6439547026808253,0.3271755374424384,,,
torus_plus1,RGA Fall 2018 torus+1,4,3,6,15,3,3.5,3.233883455582722,0.2,0.25,0.2269356153219234,10.604,0.5053658061968556,1,1.5,1.25,270,288,279,1.868462251795448,0.605522095063934,0.3240751021231893,,,
torus_plus1,RGA Fall 2018 torus+1,4,3,6,16,3,3.5,3.233883455582722,0.2,0.25,0.2269356153219234,10.604,0.5053658061968556,1,1.5,1.25,288,306,297,1.160911323321939,0.4979955652353923,0.4289695132013888,,,
torus_plus1,RGA Fall 2018 torus+1,4,3,6,17,3,3.5,3.233883455582722,0.2,0.25,0.2269356153219234,10.604,0.5053658061968556,1,1.5,1.25,306,324,315,1.036120479378025,0.9787531025734553,0.9446325230063914,,,
torus_plus1,RGA Fall 2018 torus+1,4,3,6,18,3,3.5,3.233883455582722,0.2,0.25,0.2269356153219234,10.604,0.5053658061968556,1,1.5,1.25,324,342,333,0.6482079622164382,0.334450047945076,0.5159610301630364,,,
torus_plus1,RGA Fall 2018 torus+1,4,3,7,1,3,3.5,3.233883455582722,0.2,0.25,0.2269356153219234,10.604,0.5053658061968556,1.5,2,1.75,18,36,27,0.4658299204310301,0.3489719571894181,0.7491402803549333,,,
torus_plus1,RGA Fall 2018 torus+1,4,3,7,2,3,3.5,3.233883455582722,0.2,0.25,0.2269356153219234,10.604,0.5053658061968556,1.5,2,1.75,36,54,45,0.3785317411770717,0.5109774821008245,1.349893355077445,,,
torus_plus1,RGA Fall 2018 torus+1,4,3,7,3,3,3.5,3.233883455582722,0.2,0.25,0.2269356153219234,10.604,0.5053658061968556,1.5,2,1.75,54,72,63,0.3919738173487838,0.3959866883321563,1.010237599568549,,,
torus_plus1,RGA Fall 2018 torus+1,4,3,7,4,3,3.5,3.233883455582722,0.2,0.25,0.2269356153219234,10.604,0.5053658061968556,1.5,2,1.75,72,90,81,0.7991547921651906,0.4908031072900498,0.6141527424997254,,,
torus_plus1,RGA Fall 2018 torus+1,4,3,7,5,3,3.5,3.233883455582722,0.2,0.25,0.2269356153219234,10.604,0.5053658061968556,1.5,2,1.75,90,108,99,0.7815754612605481,0.5715071474102275,0.7312245275567938,,,
torus_plus1,RGA Fall 2018 torus+1,4,3,7,6,3,3.5,3.233883455582722,0.2,0.25,0.2269356153219234,10.604,0.5053658061968556,1.5,2,1.75,108,126,117,1.094921616315958,0.8108211858968155,0.7405289783436326,,,
torus_plus1,RGA Fall 2018 torus+1,4,3,7,7,3,3.5,3.233883455582722,0.2,0.25,0.2269356153219234,10.604,0.5053658061968556,1.5,2,1.75,126,144,135,0.2381595793850103,0.1871893594634777,0.7859829108988566,,,
torus_plus1,RGA Fall 2018 torus+1,4,3,7,8,3,3.5,3.233883455582722,0.2,0.25,0.2269356153219234,10.604,0.5053658061968556,1.5,2,1.75,144,162,153,0.4572524791004159,0.2159974756541635,0.4723812019108352,,,
torus_plus1,RGA Fall 2018 torus+1,4,3,7,9,3,3.5,3.233883455582722,0.2,0.25,0.2269356153219234,10.604,0.5053658061968556,1.5,2,1.75,162,180,171,0.353070039376957,0.1773106076442157,0.5021966971683743,,,
torus_plus1,RGA Fall 2018 torus+1,4,3,7,10,3,3.5,3.233883455582722,0.2,0.25,0.2269356153219234,10.604,0.5053658061968556,1.5,2,1.75,180,198,189,0.8181875203792159,0.3639411752220779,0.4448138918733415,,,
torus_plus1,RGA Fall 2018 torus+1,4,3,7,11,3,3.5,3.233883455582722,0.2,0.25,0.2269356153219234,10.604,0.5053658061968556,1.5,2,1.75,198,216,207,0.3683262455120139,0.221196660573641,0.6005454763782943,,,
torus_plus1,RGA Fall 2018 torus+1,4,3,7,12,3,3.5,3.233883455582722,0.2,0.25,0.2269356153219234,10.604,0.5053658061968556,1.5,2,1.75,216,234,225,0.5123099607612217,0.3187923432232221,0.6222645812889149,,,
torus_plus1,RGA Fall 2018 torus+1,4,3,7,13,3,3.5,3.233883455582722,0.2,0.25,0.2269356153219234,10.604,0.5053658061968556,1.5,2,1.75,234,252,243,0.3988063452984652,0.288557239004776,0.723552276453427,,,
torus_plus1,RGA Fall 2018 torus+1,4,3,7,14,3,3.5,3.233883455582722,0.2,0.25,0.2269356153219234,10.604,0.5053658061968556,1.5,2,1.75,252,270,261,1.21331874227017,0.827596859990373,0.6820935267528341,,,
torus_plus1,RGA Fall 2018 torus+1,4,3,7,15,3,3.5,3.233883455582722,0.2,0.25,0.2269356153219234,10.604,0.5053658061968556,1.5,2,1.75,270,288,279,1.004868593446876,0.511719522742612,0.5092402390518783,,,
torus_plus1,RGA Fall 2018 torus+1,4,3,7,16,3,3.5,3.233883455582722,0.2,0.25,0.2269356153219234,10.604,0.5053658061968556,1.5,2,1.75,288,306,297,0.8389914217075941,0.8219172166809966,0.9796491303905748,,,
torus_plus1,RGA Fall 2018 torus+1,4,3,7,17,3,3.5,3.233883455582722,0.2,0.25,0.2269356153219234,10.604,0.5053658061968556,1.5,2,1.75,306,324,315,0.754670673686183,0.740505472326027,0.9812299565173691,,,
torus_plus1,RGA Fall 2018 torus+1,4,3,7,18,3,3.5,3.233883455582722,0.2,0.25,0.2269356153219234,10.604,0.5053658061968556,1.5,2,1.75,324,342,333,0.2368738798219434,0.4118455353497442,1.738670112801487,,,
torus_plus1,RGA Fall 2018 torus+1,4,4,1,0,3,3.5,3.25,0.25,0.3,0.275,10.604,0.6764050244320809,0.15,0.2,0.175,0,18,9,5.212593039441524,6.397925245147733,1.227397803115895,,,
torus_plus1,RGA Fall 2018 torus+1,4,4,1,1,3,3.5,3.25,0.25,0.3,0.275,10.604,0.6764050244320809,0.15,0.2,0.175,18,36,27,41.67877138187186,29.98158830513081,0.7193491389281037,,,
torus_plus1,RGA Fall 2018 torus+1,4,4,1,2,3,3.5,3.25,0.25,0.3,0.275,10.604,0.6764050244320809,0.15,0.2,0.175,36,54,45,70.06884062131711,33.52919734548117,0.4785179410444041,,,
torus_plus1,RGA Fall 2018 torus+1,4,4,1,17,3,3.5,3.25,0.25,0.3,0.275,10.604,0.6764050244320809,0.15,0.2,0.175,306,324,315,60.60020655418676,32.18234892337723,0.5310600533118778,,,
torus_plus1,RGA Fall 2018 torus+1,4,4,1,18,3,3.5,3.25,0.25,0.3,0.275,10.604,0.6764050244320809,0.15,0.2,0.175,324,342,333,16.94261327767996,16.63023735890415,0.981562707378363,,,
torus_plus1,RGA Fall 2018 torus+1,4,4,1,19,3,3.5,3.25,0.25,0.3,0.275,10.604,0.6764050244320809,0.15,0.2,0.175,342,360,351,15.62989656410154,12.28011549528897,0.785681174851388,,,
torus_plus1,RGA Fall 2018 torus+1,4,4,2,0,3,3.5,3.25,0.25,0.3,0.275,10.604,0.6764050244320809,0.2,0.3,0.25,0,18,9,6.554925858022419,4.033065189306546,0.6152724342977233,,,
torus_plus1,RGA Fall 2018 torus+1,4,4,2,1,3,3.5,3.25,0.25,0.3,0.275,10.604,0.6764050244320809,0.2,0.3,0.25,18,36,27,3.945780025833094,3.23655297234929,0.8202568189710318,,,
torus_plus1,RGA Fall 2018 torus+1,4,4,2,2,3,3.5,3.25,0.25,0.3,0.275,10.604,0.6764050244320809,0.2,0.3,0.25,36,54,45,16.86441572140036,4.98107295691219,0.2953599483788448,,,
torus_plus1,RGA Fall 2018 torus+1,4,4,2,3,3,3.5,3.25,0.25,0.3,0.275,10.604,0.6764050244320809,0.2,0.3,0.25,54,72,63,24.010955397422,7.12764631954333,0.2968497588525198,,,
torus_plus1,RGA Fall 2018 torus+1,4,4,2,4,3,3.5,3.25,0.25,0.3,0.275,10.604,0.6764050244320809,0.2,0.3,0.25,72,90,81,19.05431838327909,6.683856059631658,0.350779068827621,,,
torus_plus1,RGA Fall 2018 torus+1,4,4,2,5,3,3.5,3.25,0.25,0.3,0.275,10.604,0.6764050244320809,0.2,0.3,0.25,90,108,99,13.14891163968646,6.97985148847926,0.5308311196960553,,,
torus_plus1,RGA Fall 2018 torus+1,4,4,2,15,3,3.5,3.25,0.25,0.3,0.275,10.604,0.6764050244320809,0.2,0.3,0.25,270,288,279,15.22425515791341,8.954796290790956,0.588192735730414,,,
torus_plus1,RGA Fall 2018 torus+1,4,4,2,16,3,3.5,3.25,0.25,0.3,0.275,10.604,0.6764050244320809,0.2,0.3,0.25,288,306,297,11.08559203442999,4.772278337936783,0.4304937727380629,,,
torus_plus1,RGA Fall 2018 torus+1,4,4,2,17,3,3.5,3.25,0.25,0.3,0.275,10.604,0.6764050244320809,0.2,0.3,0.25,306,324,315,12.4617269766865,8.141022734419458,0.6532820651302785,,,
torus_plus1,RGA Fall 2018 torus+1,4,4,2,18,3,3.5,3.25,0.25,0.3,0.275,10.604,0.6764050244320809,0.2,0.3,0.25,324,342,333,5.782023751216752,4.206030187108351,0.7274321877739168,,,
torus_plus1,RGA Fall 2018 torus+1,4,4,2,19,3,3.5,3.25,0.25,0.3,0.275,10.604,0.6764050244320809,0.2,0.3,0.25,342,360,351,2.788897363735329,2.056582984958807,0.7374179529519537,,,
torus_plus1,RGA Fall 2018 torus+1,4,4,3,0,3,3.5,3.25,0.25,0.3,0.275,10.604,0.6764050244320809,0.3,0.4,0.35,0,18,9,1.581000676393439,2.809018280260547,1.776734394996243,,,
torus_plus1,RGA Fall 2018 torus+1,4,4,3,1,3,3.5,3.25,0.25,0.3,0.275,10.604,0.6764050244320809,0.3,0.4,0.35,18,36,27,11.87553655487281,5.228331347736562,0.4402606419994772,,,
torus_plus1,RGA Fall 2018 torus+1,4,4,3,2,3,3.5,3.25,0.25,0.3,0.275,10.604,0.6764050244320809,0.3,0.4,0.35,36,54,45,8.129002307183091,3.54026075225714,0.4355098717500465,,,
torus_plus1,RGA Fall 2018 torus+1,4,4,3,3,3,3.5,3.25,0.25,0.3,0.275,10.604,0.6764050244320809,0.3,0.4,0.35,54,72,63,21.07741406792065,7.264271836773726,0.3446472045083455,,,
torus_plus1,RGA Fall 2018 torus+1,4,4,3,4,3,3.5,3.25,0.25,0.3,0.275,10.604,0.6764050244320809,0.3,0.4,0.35,72,90,81,30.7279842092704,9.298977067503216,0.3026224240475165,,,
torus_plus1,RGA Fall 2018 torus+1,4,4,3,5,3,3.5,3.25,0.25,0.3,0.275,10.604,0.6764050244320809,0.3,0.4,0.35,90,108,99,27.49336153562878,6.133779503860413,0.2231003835566494,,,
torus_plus1,RGA Fall 2018 torus+1,4,4,3,6,3,3.5,3.25,0.25,0.3,0.275,10.604,0.6764050244320809,0.3,0.4,0.35,108,126,117,21.31602139342291,6.832186079740076,0.3205188226095587,,,
torus_plus1,RGA Fall 2018 torus+1,4,4,3,7,3,3.5,3.25,0.25,0.3,0.275,10.604,0.6764050244320809,0.3,0.4,0.35,126,144,135,3.40920795896634,2.970982338153959,0.8714582313291178,,,
torus_plus1,RGA Fall 2018 torus+1,4,4,3,8,3,3.5,3.25,0.25,0.3,0.275,10.604,0.6764050244320809,0.3,0.4,0.35,144,162,153,10.91087403232335,4.604482712124833,0.4220086033881523,,,
torus_plus1,RGA Fall 2018 torus+1,4,4,3,9,3,3.5,3.25,0.25,0.3,0.275,10.604,0.6764050244320809,0.3,0.4,0.35,162,180,171,6.699620354794691,4.101443031782927,0.6121903652119128,,,
torus_plus1,RGA Fall 2018 torus+1,4,4,3,10,3,3.5,3.25,0.25,0.3,0.275,10.604,0.6764050244320809,0.3,0.4,0.35,180,198,189,10.34121931881279,3.88834346960566,0.3760043520720976,,,
torus_plus1,RGA Fall 2018 torus+1,4,4,3,12,3,3.5,3.25,0.25,0.3,0.275,10.604,0.6764050244320809,0.3,0.4,0.35,216,234,225,13.34383950642879,5.249292257082246,0.3933869449308981,,,
torus_plus1,RGA Fall 2018 torus+1,4,4,3,13,3,3.5,3.25,0.25,0.3,0.275,10.604,0.6764050244320809,0.3,0.4,0.35,234,252,243,10.28452960641103,4.028735630482336,0.3917277488287803,,,
torus_plus1,RGA Fall 2018 torus+1,4,4,3,14,3,3.5,3.25,0.25,0.3,0.275,10.604,0.6764050244320809,0.3,0.4,0.35,252,270,261,21.01912705242796,6.060044452263456,0.288310948268589,,,
torus_plus1,RGA Fall 2018 torus+1,4,4,3,15,3,3.5,3.25,0.25,0.3,0.275,10.604,0.6764050244320809,0.3,0.4,0.35,270,288,279,13.42532592782639,5.151317020271488,0.383701449630691,,,
torus_plus1,RGA Fall 2018 torus+1,4,4,3,16,3,3.5,3.25,0.25,0.3,0.275,10.604,0.6764050244320809,0.3,0.4,0.35,288,306,297,5.17669627984967,3.279727371264888,0.6335560739831795,,,
torus_plus1,RGA Fall 2018 torus+1,4,4,3,18,3,3.5,3.25,0.25,0.3,0.275,10.604,0.6764050244320809,0.3,0.4,0.35,324,342,333,16.42068484852569,11.73983665872986,0.714941962958622,,,
torus_plus1,RGA Fall 2018 torus+1,4,4,3,19,3,3.5,3.25,0.25,0.3,0.275,10.604,0.6764050244320809,0.3,0.4,0.35,342,360,351,6.557331792025704,3.573014613070184,0.5448884891588505,,,
torus_plus1,RGA Fall 2018 torus+1,4,4,4,0,3,3.5,3.25,0.25,0.3,0.275,10.604,0.6764050244320809,0.4,0.6,0.5,0,18,9,9.47523354021161,3.883570704834178,0.4098654337492399,,,
torus_plus1,RGA Fall 2018 torus+1,4,4,4,1,3,3.5,3.25,0.25,0.3,0.275,10.604,0.6764050244320809,0.4,0.6,0.5,18,36,27,7.559881999368367,3.113611804726498,0.4118598418581986,,,
torus_plus1,RGA Fall 2018 torus+1,4,4,4,2,3,3.5,3.25,0.25,0.3,0.275,10.604,0.6764050244320809,0.4,0.6,0.5,36,54,45,6.812693711912797,2.82600244341002,0.4148142515886811,,,
torus_plus1,RGA Fall 2018 torus+1,4,4,4,3,3,3.5,3.25,0.25,0.3,0.275,10.604,0.6764050244320809,0.4,0.6,0.5,54,72,63,6.048175015726065,3.399665737243243,0.5620977779914862,,,
torus_plus1,RGA Fall 2018 torus+1,4,4,4,4,3,3.5,3.25,0.25,0.3,0.275,10.604,0.6764050244320809,0.4,0.6,0.5,72,90,81,14.73414296921191,3.382996019473983,0.2296024971756419,,,
torus_plus1,RGA Fall 2018 torus+1,4,4,4,5,3,3.5,3.25,0.25,0.3,0.275,10.604,0.6764050244320809,0.4,0.6,0.5,90,108,99,15.45901530899445,2.920479315329851,0.188917551147688,,,
torus_plus1,RGA Fall 2018 torus+1,4,4,4,6,3,3.5,3.25,0.25,0.3,0.275,10.604,0.6764050244320809,0.4,0.6,0.5,108,126,117,12.06208262466483,2.570204844564148,0.2130813495928583,,,
torus_plus1,RGA Fall 2018 torus+1,4,4,4,7,3,3.5,3.25,0.25,0.3,0.275,10.604,0.6764050244320809,0.4,0.6,0.5,126,144,135,10.11181598008963,2.256645756088709,0.2231691874666322,,,
torus_plus1,RGA Fall 2018 torus+1,4,4,4,8,3,3.5,3.25,0.25,0.3,0.275,10.604,0.6764050244320809,0.4,0.6,0.5,144,162,153,5.416236393711943,1.319805938640502,0.2436758373716386,,,
torus_plus1,RGA Fall 2018 torus+1,4,4,4,9,3,3.5,3.25,0.25,0.3,0.275,10.604,0.6764050244320809,0.4,0.6,0.5,162,180,171,5.728269902329003,1.366806532626032,0.2386072157791159,,,
torus_plus1,RGA Fall 2018 torus+1,4,4,4,10,3,3.5,3.25,0.25,0.3,0.275,10.604,0.6764050244320809,0.4,0.6,0.5,180,198,189,6.449821386418983,1.331763321058457,0.2064806513654276,,,
torus_plus1,RGA Fall 2018 torus+1,4,4,4,11,3,3.5,3.25,0.25,0.3,0.275,10.604,0.6764050244320809,0.4,0.6,0.5,198,216,207,4.77024295164274,1.304789951030343,0.2735269386187154,,,
torus_plus1,RGA Fall 2018 torus+1,4,4,4,12,3,3.5,3.25,0.25,0.3,0.275,10.604,0.6764050244320809,0.4,0.6,0.5,216,234,225,9.917144053767787,2.38641165771702,0.2406349695818282,,,
torus_plus1,RGA Fall 2018 torus+1,4,4,4,13,3,3.5,3.25,0.25,0.3,0.275,10.604,0.6764050244320809,0.4,0.6,0.5,234,252,243,12.72558125967925,3.114622601168857,0.2447528751427234,,,
torus_plus1,RGA Fall 2018 torus+1,4,4,4,14,3,3.5,3.25,0.25,0.3,0.275,10.604,0.6764050244320809,0.4,0.6,0.5,252,270,261,11.44164522785559,2.834365955775745,0.2477236358347536,,,
torus_plus1,RGA Fall 2018 torus+1,4,4,4,15,3,3.5,3.25,0.25,0.3,0.275,10.604,0.6764050244320809,0.4,0.6,0.5,270,288,279,24.12472666356028,4.915372138532666,0.2037483038494772,,,
torus_plus1,RGA Fall 2018 torus+1,4,4,4,16,3,3.5,3.25,0.25,0.3,0.275,10.604,0.6764050244320809,0.4,0.6,0.5,288,306,297,9.432043977162301,2.999942871501189,0.3180586179162137,,,
torus_plus1,RGA Fall 2018 torus+1,4,4,4,17,3,3.5,3.25,0.25,0.3,0.275,10.604,0.6764050244320809,0.4,0.6,0.5,306,324,315,12.20673053286056,5.485642949236499,0.4493949411326096,,,
torus_plus1,RGA Fall 2018 torus+1,4,4,4,18,3,3.5,3.25,0.25,0.3,0.275,10.604,0.6764050244320809,0.4,0.6,0.5,324,342,333,1.79857748117247,2.12842735070886,1.183394862322731,,,
torus_plus1,RGA Fall 2018 torus+1,4,4,4,19,3,3.5,3.25,0.25,0.3,0.275,10.604,0.6764050244320809,0.4,0.6,0.5,342,360,351,5.190476742145979,2.601772029546974,0.501258778104318,,,
torus_plus1,RGA Fall 2018 torus+1,4,4,5,0,3,3.5,3.25,0.25,0.3,0.275,10.604,0.6764050244320809,0.6,1,0.8,0,18,9,2.134559517229205,0.818099432869448,0.3832638191936637,,,
torus_plus1,RGA Fall 2018 torus+1,4,4,5,1,3,3.5,3.25,0.25,0.3,0.275,10.604,0.6764050244320809,0.6,1,0.8,18,36,27,4.172530544379325,2.001150680210952,0.4796012057734687,,,
torus_plus1,RGA Fall 2018 torus+1,4,4,5,2,3,3.5,3.25,0.25,0.3,0.275,10.604,0.6764050244320809,0.6,1,0.8,36,54,45,5.371501782219204,2.670745959020271,0.4972065666739606,,,
torus_plus1,RGA Fall 2018 torus+1,4,4,5,3,3,3.5,3.25,0.25,0.3,0.275,10.604,0.6764050244320809,0.6,1,0.8,54,72,63,6.374426209306415,2.006330733656444,0.3147468756838503,,,
torus_plus1,RGA Fall 2018 torus+1,4,4,5,4,3,3.5,3.25,0.25,0.3,0.275,10.604,0.6764050244320809,0.6,1,0.8,72,90,81,4.786322367571678,1.393451390598107,0.2911319555153719,,,
torus_plus1,RGA Fall 2018 torus+1,4,4,5,5,3,3.5,3.25,0.25,0.3,0.275,10.604,0.6764050244320809,0.6,1,0.8,90,108,99,9.18243559226463,1.624216589235139,0.1768829819621489,,,
torus_plus1,RGA Fall 2018 torus+1,4,4,5,6,3,3.5,3.25,0.25,0.3,0.275,10.604,0.6764050244320809,0.6,1,0.8,108,126,117,7.98011213513031,1.627359952171291,0.2039269529819355,,,
torus_plus1,RGA Fall 2018 torus+1,4,4,5,7,3,3.5,3.25,0.25,0.3,0.275,10.604,0.6764050244320809,0.6,1,0.8,126,144,135,4.406123068466234,0.7511124735137642,0.170470152976282,,,
torus_plus1,RGA Fall 2018 torus+1,4,4,5,8,3,3.5,3.25,0.25,0.3,0.275,10.604,0.6764050244320809,0.6,1,0.8,144,162,153,4.728537414313335,0.6488811233842346,0.1372266023358649,,,
torus_plus1,RGA Fall 2018 torus+1,4,4,5,9,3,3.5,3.25,0.25,0.3,0.275,10.604,0.6764050244320809,0.6,1,0.8,162,180,171,3.239410795938187,0.6086609287264158,0.1878924801663314,,,
torus_plus1,RGA Fall 2018 torus+1,4,4,5,10,3,3.5,3.25,0.25,0.3,0.275,10.604,0.6764050244320809,0.6,1,0.8,180,198,189,3.634649912102244,0.7452806198504136,0.2050488046644776,,,
torus_plus1,RGA Fall 2018 torus+1,4,4,5,11,3,3.5,3.25,0.25,0.3,0.275,10.604,0.6764050244320809,0.6,1,0.8,198,216,207,3.669133018107893,0.7061702070077933,0.1924624164680606,,,
torus_plus1,RGA Fall 2018 torus+1,4,4,5,12,3,3.5,3.25,0.25,0.3,0.275,10.604,0.6764050244320809,0.6,1,0.8,216,234,225,5.923790233507073,1.06666231641919,0.1800641606763466,,,
torus_plus1,RGA Fall 2018 torus+1,4,4,5,13,3,3.5,3.25,0.25,0.3,0.275,10.604,0.6764050244320809,0.6,1,0.8,234,252,243,6.965243532623583,1.408968727009529,0.2022856373090541,,,
torus_plus1,RGA Fall 2018 torus+1,4,4,5,14,3,3.5,3.25,0.25,0.3,0.275,10.604,0.6764050244320809,0.6,1,0.8,252,270,261,8.208601262768259,1.346659335594136,0.1640546656471397,,,
torus_plus1,RGA Fall 2018 torus+1,4,4,5,15,3,3.5,3.25,0.25,0.3,0.275,10.604,0.6764050244320809,0.6,1,0.8,270,288,279,6.712730328597943,1.381692076474111,0.205831607831429,,,
torus_plus1,RGA Fall 2018 torus+1,4,4,5,16,3,3.5,3.25,0.25,0.3,0.275,10.604,0.6764050244320809,0.6,1,0.8,288,306,297,8.110748983147579,1.550491314015859,0.1911649981077521,,,
torus_plus1,RGA Fall 2018 torus+1,4,4,5,17,3,3.5,3.25,0.25,0.3,0.275,10.604,0.6764050244320809,0.6,1,0.8,306,324,315,6.346695427855047,1.822977405377042,0.2872325332292088,,,
torus_plus1,RGA Fall 2018 torus+1,4,4,5,18,3,3.5,3.25,0.25,0.3,0.275,10.604,0.6764050244320809,0.6,1,0.8,324,342,333,3.185532855674408,1.339918373575726,0.42062613518141,,,
torus_plus1,RGA Fall 2018 torus+1,4,4,5,19,3,3.5,3.25,0.25,0.3,0.275,10.604,0.6764050244320809,0.6,1,0.8,342,360,351,2.805160606210596,0.9993444934983831,0.3562521487311082,,,
torus_plus1,RGA Fall 2018 torus+1,4,4,6,0,3,3.5,3.25,0.25,0.3,0.275,10.604,0.6764050244320809,1,1.5,1.25,0,18,9,1.873691429888693,0.9551770642843003,0.5097835476255783,,,
torus_plus1,RGA Fall 2018 torus+1,4,4,6,1,3,3.5,3.25,0.25,0.3,0.275,10.604,0.6764050244320809,1,1.5,1.25,18,36,27,0.4732167217184576,0.5371243558426919,1.135049399548177,,,
torus_plus1,RGA Fall 2018 torus+1,4,4,6,2,3,3.5,3.25,0.25,0.3,0.275,10.604,0.6764050244320809,1,1.5,1.25,36,54,45,2.96764898710661,1.387229294191739,0.4674505981734233,,,
torus_plus1,RGA Fall 2018 torus+1,4,4,6,3,3,3.5,3.25,0.25,0.3,0.275,10.604,0.6764050244320809,1,1.5,1.25,54,72,63,3.949931167410288,0.9131606867823782,0.2311839493094453,,,
torus_plus1,RGA Fall 2018 torus+1,4,4,6,4,3,3.5,3.25,0.25,0.3,0.275,10.604,0.6764050244320809,1,1.5,1.25,72,90,81,2.993432261770384,0.9351081305755764,0.3123866013331907,,,
torus_plus1,RGA Fall 2018 torus+1,4,4,6,5,3,3.5,3.25,0.25,0.3,0.275,10.604,0.6764050244320809,1,1.5,1.25,90,108,99,2.670662403359803,0.8840973940134594,0.3310404912658481,,,
torus_plus1,RGA Fall 2018 torus+1,4,4,6,6,3,3.5,3.25,0.25,0.3,0.275,10.604,0.6764050244320809,1,1.5,1.25,108,126,117,1.991732405822837,0.7032039168505594,0.3530614427895736,,,
torus_plus1,RGA Fall 2018 torus+1,4,4,6,7,3,3.5,3.25,0.25,0.3,0.275,10.604,0.6764050244320809,1,1.5,1.25,126,144,135,2.620081257673458,0.5470067903651414,0.2087747426775857,,,
torus_plus1,RGA Fall 2018 torus+1,4,4,6,8,3,3.5,3.25,0.25,0.3,0.275,10.604,0.6764050244320809,1,1.5,1.25,144,162,153,1.784708522988839,0.3798175089641553,0.2128176697044499,,,
torus_plus1,RGA Fall 2018 torus+1,4,4,6,9,3,3.5,3.25,0.25,0.3,0.275,10.604,0.6764050244320809,1,1.5,1.25,162,180,171,1.220232914140097,0.3087540842132948,0.2530288116600059,,,
torus_plus1,RGA Fall 2018 torus+1,4,4,6,10,3,3.5,3.25,0.25,0.3,0.275,10.604,0.6764050244320809,1,1.5,1.25,180,198,189,2.296643339344876,0.4402537259158968,0.191694425674942,,,
torus_plus1,RGA Fall 2018 torus+1,4,4,6,11,3,3.5,3.25,0.25,0.3,0.275,10.604,0.6764050244320809,1,1.5,1.25,198,216,207,3.205120349507006,0.6127361829166901,0.1911741576290381,,,
torus_plus1,RGA Fall 2018 torus+1,4,4,6,12,3,3.5,3.25,0.25,0.3,0.275,10.604,0.6764050244320809,1,1.5,1.25,216,234,225,2.446214979580386,0.5077501968968328,0.2075656478008855,,,
torus_plus1,RGA Fall 2018 torus+1,4,4,6,13,3,3.5,3.25,0.25,0.3,0.275,10.604,0.6764050244320809,1,1.5,1.25,234,252,243,3.53698250480656,0.802031571245023,0.2267558774054176,,,
torus_plus1,RGA Fall 2018 torus+1,4,4,6,14,3,3.5,3.25,0.25,0.3,0.275,10.604,0.6764050244320809,1,1.5,1.25,252,270,261,4.257608291940137,1.134885120127855,0.2665546105488963,,,
torus_plus1,RGA Fall 2018 torus+1,4,4,6,15,3,3.5,3.25,0.25,0.3,0.275,10.604,0.6764050244320809,1,1.5,1.25,270,288,279,3.537987749155523,0.7122882393758156,0.201325807175514,,,
torus_plus1,RGA Fall 2018 torus+1,4,4,6,16,3,3.5,3.25,0.25,0.3,0.275,10.604,0.6764050244320809,1,1.5,1.25,288,306,297,2.391312009541815,0.7209273858556137,0.301477759062376,,,
torus_plus1,RGA Fall 2018 torus+1,4,4,6,17,3,3.5,3.25,0.25,0.3,0.275,10.604,0.6764050244320809,1,1.5,1.25,306,324,315,5.588719515645577,1.761149017273884,0.3151256763456389,,,
torus_plus1,RGA Fall 2018 torus+1,4,4,6,18,3,3.5,3.25,0.25,0.3,0.275,10.604,0.6764050244320809,1,1.5,1.25,324,342,333,1.377959112001724,0.6120216119548042,0.4441507782228291,,,
torus_plus1,RGA Fall 2018 torus+1,4,4,6,19,3,3.5,3.25,0.25,0.3,0.275,10.604,0.6764050244320809,1,1.5,1.25,342,360,351,1.232731883703271,0.7413577011712,0.6013941157618754,,,
torus_plus1,RGA Fall 2018 torus+1,4,4,7,1,3,3.5,3.25,0.25,0.3,0.275,10.604,0.6764050244320809,1.5,2,1.75,18,36,27,0.5187754005454281,0.4945050815266069,0.9532161336229436,,,
torus_plus1,RGA Fall 2018 torus+1,4,4,7,2,3,3.5,3.25,0.25,0.3,0.275,10.604,0.6764050244320809,1.5,2,1.75,36,54,45,3.215917001559506,1.341831890045069,0.4172470525185723,,,
torus_plus1,RGA Fall 2018 torus+1,4,4,7,3,3,3.5,3.25,0.25,0.3,0.275,10.604,0.6764050244320809,1.5,2,1.75,54,72,63,2.220758712017221,0.7627955634890767,0.343484215264518,,,
torus_plus1,RGA Fall 2018 torus+1,4,4,7,4,3,3.5,3.25,0.25,0.3,0.275,10.604,0.6764050244320809,1.5,2,1.75,72,90,81,2.124544987720194,1.064185939334278,0.5009006377766725,,,
torus_plus1,RGA Fall 2018 torus+1,4,4,7,5,3,3.5,3.25,0.25,0.3,0.275,10.604,0.6764050244320809,1.5,2,1.75,90,108,99,1.271163993807084,0.7424135652747081,0.5840423178218023,,,
torus_plus1,RGA Fall 2018 torus+1,4,4,7,6,3,3.5,3.25,0.25,0.3,0.275,10.604,0.6764050244320809,1.5,2,1.75,108,126,117,1.983958753786825,0.5181699516483692,0.2611798005675909,,,
torus_plus1,RGA Fall 2018 torus+1,4,4,7,7,3,3.5,3.25,0.25,0.3,0.275,10.604,0.6764050244320809,1.5,2,1.75,126,144,135,1.824446211270998,0.4357347032876336,0.2388312138750748,,,
torus_plus1,RGA Fall 2018 torus+1,4,4,7,8,3,3.5,3.25,0.25,0.3,0.275,10.604,0.6764050244320809,1.5,2,1.75,144,162,153,1.463710735331113,0.3403853424714499,0.2325495975777274,,,
torus_plus1,RGA Fall 2018 torus+1,4,4,7,9,3,3.5,3.25,0.25,0.3,0.275,10.604,0.6764050244320809,1.5,2,1.75,162,180,171,0.714995145485563,0.2028401077449138,0.2836943845362226,,,
torus_plus1,RGA Fall 2018 torus+1,4,4,7,10,3,3.5,3.25,0.25,0.3,0.275,10.604,0.6764050244320809,1.5,2,1.75,180,198,189,1.573592945447607,0.4824226198484868,0.3065739594500166,,,
torus_plus1,RGA Fall 2018 torus+1,4,4,7,11,3,3.5,3.25,0.25,0.3,0.275,10.604,0.6764050244320809,1.5,2,1.75,198,216,207,1.114219638850021,0.3255195826742684,0.2921502828744205,,,
torus_plus1,RGA Fall 2018 torus+1,4,4,7,12,3,3.5,3.25,0.25,0.3,0.275,10.604,0.6764050244320809,1.5,2,1.75,216,234,225,1.467901379016834,0.4339004624312456,0.2955923801378686,,,
torus_plus1,RGA Fall 2018 torus+1,4,4,7,13,3,3.5,3.25,0.25,0.3,0.275,10.604,0.6764050244320809,1.5,2,1.75,234,252,243,1.905392859004316,0.4553575479825772,0.2389835491566444,,,
torus_plus1,RGA Fall 2018 torus+1,4,4,7,14,3,3.5,3.25,0.25,0.3,0.275,10.604,0.6764050244320809,1.5,2,1.75,252,270,261,1.66792337435611,0.620516533809526,0.372029400960384,,,
torus_plus1,RGA Fall 2018 torus+1,4,4,7,15,3,3.5,3.25,0.25,0.3,0.275,10.604,0.6764050244320809,1.5,2,1.75,270,288,279,2.17842522163656,0.776488587454066,0.3564449124724705,,,
torus_plus1,RGA Fall 2018 torus+1,4,4,7,16,3,3.5,3.25,0.25,0.3,0.275,10.604,0.6764050244320809,1.5,2,1.75,288,306,297,3.705905501762008,1.321827734422977,0.3566814463548791,,,
torus_plus1,RGA Fall 2018 torus+1,4,4,7,17,3,3.5,3.25,0.25,0.3,0.275,10.604,0.6764050244320809,1.5,2,1.75,306,324,315,2.404792492520261,1.284383680502413,0.5340933508804988,,,
torus_plus1,RGA Fall 2018 torus+1,4,4,7,18,3,3.5,3.25,0.25,0.3,0.275,10.604,0.6764050244320809,1.5,2,1.75,324,342,333,0.9549403520244877,0.8059012309625,0.8439283451096997,,,
torus_plus1,RGA Fall 2018 torus+1,4,4,7,19,3,3.5,3.25,0.25,0.3,0.275,10.604,0.6764050244320809,1.5,2,1.75,342,360,351,0.3349230236447669,0.5009476645877223,1.495709847403766,,,
torus_plus1,RGA Fall 2018 torus+1,4,5,2,0,3,3.5,3.25,0.3,0.38,0.34,10.604,0.7978472743051973,0.2,0.3,0.25,0,18,9,25.03843190157488,8.236413280546799,0.3289508429650796,,,
torus_plus1,RGA Fall 2018 torus+1,4,5,2,1,3,3.5,3.25,0.3,0.38,0.34,10.604,0.7978472743051973,0.2,0.3,0.25,18,36,27,21.53986341311131,7.866062665589445,0.365186283437683,,,
torus_plus1,RGA Fall 2018 torus+1,4,5,2,2,3,3.5,3.25,0.3,0.38,0.34,10.604,0.7978472743051973,0.2,0.3,0.25,36,54,45,28.19874654499121,7.629705170153406,0.2705689473814087,,,
torus_plus1,RGA Fall 2018 torus+1,4,5,2,3,3,3.5,3.25,0.3,0.38,0.34,10.604,0.7978472743051973,0.2,0.3,0.25,54,72,63,47.23363311935945,19.35194027430997,0.4097067914595432,,,
torus_plus1,RGA Fall 2018 torus+1,4,5,2,17,3,3.5,3.25,0.3,0.38,0.34,10.604,0.7978472743051973,0.2,0.3,0.25,306,324,315,27.91994190344743,11.81439733475536,0.4231526475095056,,,
torus_plus1,RGA Fall 2018 torus+1,4,5,2,18,3,3.5,3.25,0.3,0.38,0.34,10.604,0.7978472743051973,0.2,0.3,0.25,324,342,333,30.28331214481669,8.636170361052079,0.2851791877900731,,,
torus_plus1,RGA Fall 2018 torus+1,4,5,2,19,3,3.5,3.25,0.3,0.38,0.34,10.604,0.7978472743051973,0.2,0.3,0.25,342,360,351,17.97569622050963,4.353953128119425,0.2422133237405136,,,
torus_plus1,RGA Fall 2018 torus+1,4,5,3,0,3,3.5,3.25,0.3,0.38,0.34,10.604,0.7978472743051973,0.3,0.4,0.35,0,18,9,20.82284535845268,4.472586609310111,0.2147922885809907,,,
torus_plus1,RGA Fall 2018 torus+1,4,5,3,1,3,3.5,3.25,0.3,0.38,0.34,10.604,0.7978472743051973,0.3,0.4,0.35,18,36,27,29.89287776247295,5.15182365400101,0.1723428468458975,,,
torus_plus1,RGA Fall 2018 torus+1,4,5,3,2,3,3.5,3.25,0.3,0.38,0.34,10.604,0.7978472743051973,0.3,0.4,0.35,36,54,45,30.17233040031808,4.714031326581429,0.1562368986431268,,,
torus_plus1,RGA Fall 2018 torus+1,4,5,3,3,3,3.5,3.25,0.3,0.38,0.34,10.604,0.7978472743051973,0.3,0.4,0.35,54,72,63,32.36584061445282,6.2118830325952,0.1919271341224276,,,
torus_plus1,RGA Fall 2018 torus+1,4,5,3,4,3,3.5,3.25,0.3,0.38,0.34,10.604,0.7978472743051973,0.3,0.4,0.35,72,90,81,17.51891001798702,4.480259317168818,0.2557384741726994,,,
torus_plus1,RGA Fall 2018 torus+1,4,5,3,5,3,3.5,3.25,0.3,0.38,0.34,10.604,0.7978472743051973,0.3,0.4,0.35,90,108,99,23.70602333572549,6.684927615759828,0.281992788123409,,,
torus_plus1,RGA Fall 2018 torus+1,4,5,3,6,3,3.5,3.25,0.3,0.38,0.34,10.604,0.7978472743051973,0.3,0.4,0.35,108,126,117,27.06042110025563,12.98431819812051,0.4798269084584885,,,
torus_plus1,RGA Fall 2018 torus+1,4,5,3,13,3,3.5,3.25,0.3,0.38,0.34,10.604,0.7978472743051973,0.3,0.4,0.35,234,252,243,22.0907369637002,7.92761075296593,0.3588658343989469,,,
torus_plus1,RGA Fall 2018 torus+1,4,5,3,14,3,3.5,3.25,0.3,0.38,0.34,10.604,0.7978472743051973,0.3,0.4,0.35,252,270,261,16.93211754368317,7.699085436255216,0.4547030468216599,,,
torus_plus1,RGA Fall 2018 torus+1,4,5,3,15,3,3.5,3.25,0.3,0.38,0.34,10.604,0.7978472743051973,0.3,0.4,0.35,270,288,279,31.14342861852885,7.321853185011933,0.2351010633638385,,,
torus_plus1,RGA Fall 2018 torus+1,4,5,3,16,3,3.5,3.25,0.3,0.38,0.34,10.604,0.7978472743051973,0.3,0.4,0.35,288,306,297,28.79879066496915,6.934133075218188,0.2407786200429891,,,
torus_plus1,RGA Fall 2018 torus+1,4,5,3,17,3,3.5,3.25,0.3,0.38,0.34,10.604,0.7978472743051973,0.3,0.4,0.35,306,324,315,33.90003113167003,9.637912661459323,0.2843039472154174,,,
torus_plus1,RGA Fall 2018 torus+1,4,5,3,18,3,3.5,3.25,0.3,0.38,0.34,10.604,0.7978472743051973,0.3,0.4,0.35,324,342,333,19.79186655078806,5.006515728461178,0.2529582399726635,,,
torus_plus1,RGA Fall 2018 torus+1,4,5,3,19,3,3.5,3.25,0.3,0.38,0.34,10.604,0.7978472743051973,0.3,0.4,0.35,342,360,351,14.6378417874589,3.274196225031667,0.223680257825772,,,
torus_plus1,RGA Fall 2018 torus+1,4,5,4,0,3,3.5,3.25,0.3,0.38,0.34,10.604,0.7978472743051973,0.4,0.6,0.5,0,18,9,10.23326057770371,2.223214974838389,0.2172538222746269,,,
torus_plus1,RGA Fall 2018 torus+1,4,5,4,1,3,3.5,3.25,0.3,0.38,0.34,10.604,0.7978472743051973,0.4,0.6,0.5,18,36,27,10.79102898583469,2.024490177154892,0.1876086311891505,,,
torus_plus1,RGA Fall 2018 torus+1,4,5,4,2,3,3.5,3.25,0.3,0.38,0.34,10.604,0.7978472743051973,0.4,0.6,0.5,36,54,45,24.89968800254834,2.800125358918943,0.1124562427702855,,,
torus_plus1,RGA Fall 2018 torus+1,4,5,4,3,3,3.5,3.25,0.3,0.38,0.34,10.604,0.7978472743051973,0.4,0.6,0.5,54,72,63,29.00439375568779,3.770081150748488,0.1299831047152699,,,
torus_plus1,RGA Fall 2018 torus+1,4,5,4,4,3,3.5,3.25,0.3,0.38,0.34,10.604,0.7978472743051973,0.4,0.6,0.5,72,90,81,16.03895586718323,3.051931377432431,0.1902824225407893,,,
torus_plus1,RGA Fall 2018 torus+1,4,5,4,5,3,3.5,3.25,0.3,0.38,0.34,10.604,0.7978472743051973,0.4,0.6,0.5,90,108,99,24.1510449916274,2.919766114034314,0.1208960570876551,,,
torus_plus1,RGA Fall 2018 torus+1,4,5,4,6,3,3.5,3.25,0.3,0.38,0.34,10.604,0.7978472743051973,0.4,0.6,0.5,108,126,117,23.12146016206434,2.955016014287831,0.1278040397784289,,,
torus_plus1,RGA Fall 2018 torus+1,4,5,4,7,3,3.5,3.25,0.3,0.38,0.34,10.604,0.7978472743051973,0.4,0.6,0.5,126,144,135,17.17720938436462,2.557283783847815,0.1488765565246912,,,
torus_plus1,RGA Fall 2018 torus+1,4,5,4,8,3,3.5,3.25,0.3,0.38,0.34,10.604,0.7978472743051973,0.4,0.6,0.5,144,162,153,13.99686021265821,3.447069467921379,0.2462744798154078,,,
torus_plus1,RGA Fall 2018 torus+1,4,5,4,9,3,3.5,3.25,0.3,0.38,0.34,10.604,0.7978472743051973,0.4,0.6,0.5,162,180,171,11.75183660812825,3.422578731226099,0.2912377737500916,,,
torus_plus1,RGA Fall 2018 torus+1,4,5,4,10,3,3.5,3.25,0.3,0.38,0.34,10.604,0.7978472743051973,0.4,0.6,0.5,180,198,189,11.42472073375285,2.705994765983208,0.2368543467315311,,,
torus_plus1,RGA Fall 2018 torus+1,4,5,4,11,3,3.5,3.25,0.3,0.38,0.34,10.604,0.7978472743051973,0.4,0.6,0.5,198,216,207,11.23174596867637,2.684235534750273,0.2389864890317318,,,
torus_plus1,RGA Fall 2018 torus+1,4,5,4,12,3,3.5,3.25,0.3,0.38,0.34,10.604,0.7978472743051973,0.4,0.6,0.5,216,234,225,20.79038206349905,3.048715457978886,0.1466406653166518,,,
torus_plus1,RGA Fall 2018 torus+1,4,5,4,13,3,3.5,3.25,0.3,0.38,0.34,10.604,0.7978472743051973,0.4,0.6,0.5,234,252,243,17.94277460984904,2.440679580344703,0.1360257615343939,,,
torus_plus1,RGA Fall 2018 torus+1,4,5,4,14,3,3.5,3.25,0.3,0.38,0.34,10.604,0.7978472743051973,0.4,0.6,0.5,252,270,261,24.39079752771204,3.344313267777309,0.137113731684157,,,
torus_plus1,RGA Fall 2018 torus+1,4,5,4,15,3,3.5,3.25,0.3,0.38,0.34,10.604,0.7978472743051973,0.4,0.6,0.5,270,288,279,27.75137736809592,4.26492910506366,0.1536835108576193,,,
torus_plus1,RGA Fall 2018 torus+1,4,5,4,16,3,3.5,3.25,0.3,0.38,0.34,10.604,0.7978472743051973,0.4,0.6,0.5,288,306,297,25.30509941209492,3.630779086162045,0.1434801352499988,,,
torus_plus1,RGA Fall 2018 torus+1,4,5,4,17,3,3.5,3.25,0.3,0.38,0.34,10.604,0.7978472743051973,0.4,0.6,0.5,306,324,315,19.27639540097596,4.34756366912973,0.225538207672873,,,
torus_plus1,RGA Fall 2018 torus+1,4,5,4,18,3,3.5,3.25,0.3,0.38,0.34,10.604,0.7978472743051973,0.4,0.6,0.5,324,342,333,29.16615680627636,6.373805586963977,0.218534297449583,,,
torus_plus1,RGA Fall 2018 torus+1,4,5,4,19,3,3.5,3.25,0.3,0.38,0.34,10.604,0.7978472743051973,0.4,0.6,0.5,342,360,351,12.76305702874608,2.214684292232778,0.1735230272218224,,,
torus_plus1,RGA Fall 2018 torus+1,4,5,5,0,3,3.5,3.25,0.3,0.38,0.34,10.604,0.7978472743051973,0.6,1,0.8,0,18,9,8.616246778679525,2.110700877917588,0.2449675516653506,,,
torus_plus1,RGA Fall 2018 torus+1,4,5,5,1,3,3.5,3.25,0.3,0.38,0.34,10.604,0.7978472743051973,0.6,1,0.8,18,36,27,8.344877810905125,1.81734529754013,0.2177797373096601,,,
torus_plus1,RGA Fall 2018 torus+1,4,5,5,2,3,3.5,3.25,0.3,0.38,0.34,10.604,0.7978472743051973,0.6,1,0.8,36,54,45,12.7083250103354,2.365766582296146,0.1861588038055464,,,
torus_plus1,RGA Fall 2018 torus+1,4,5,5,3,3,3.5,3.25,0.3,0.38,0.34,10.604,0.7978472743051973,0.6,1,0.8,54,72,63,13.28179115806238,1.871881660418656,0.1409359353826594,,,
torus_plus1,RGA Fall 2018 torus+1,4,5,5,4,3,3.5,3.25,0.3,0.38,0.34,10.604,0.7978472743051973,0.6,1,0.8,72,90,81,17.42379244304501,2.580902070310852,0.1481251615426044,,,
torus_plus1,RGA Fall 2018 torus+1,4,5,5,5,3,3.5,3.25,0.3,0.38,0.34,10.604,0.7978472743051973,0.6,1,0.8,90,108,99,11.82036326068874,1.597282622974659,0.1351297407488972,,,
torus_plus1,RGA Fall 2018 torus+1,4,5,5,6,3,3.5,3.25,0.3,0.38,0.34,10.604,0.7978472743051973,0.6,1,0.8,108,126,117,15.11049043168577,1.546435183901828,0.1023418260905052,,,
torus_plus1,RGA Fall 2018 torus+1,4,5,5,7,3,3.5,3.25,0.3,0.38,0.34,10.604,0.7978472743051973,0.6,1,0.8,126,144,135,12.9039691939571,1.266094285248155,0.09811665435787496,,,
torus_plus1,RGA Fall 2018 torus+1,4,5,5,8,3,3.5,3.25,0.3,0.38,0.34,10.604,0.7978472743051973,0.6,1,0.8,144,162,153,12.15480909669234,1.201343060246412,0.09883685138035865,,,
torus_plus1,RGA Fall 2018 torus+1,4,5,5,9,3,3.5,3.25,0.3,0.38,0.34,10.604,0.7978472743051973,0.6,1,0.8,162,180,171,6.946280566992221,1.034559566203177,0.1489371982927473,,,
torus_plus1,RGA Fall 2018 torus+1,4,5,5,10,3,3.5,3.25,0.3,0.38,0.34,10.604,0.7978472743051973,0.6,1,0.8,180,198,189,7.212923492728746,0.9252185012020084,0.1282723298167115,,,
torus_plus1,RGA Fall 2018 torus+1,4,5,5,11,3,3.5,3.25,0.3,0.38,0.34,10.604,0.7978472743051973,0.6,1,0.8,198,216,207,9.07517452092122,0.9335260911881942,0.1028659106264143,,,
torus_plus1,RGA Fall 2018 torus+1,4,5,5,12,3,3.5,3.25,0.3,0.38,0.34,10.604,0.7978472743051973,0.6,1,0.8,216,234,225,11.4310259431474,1.427267699624154,0.1248591077233766,,,
torus_plus1,RGA Fall 2018 torus+1,4,5,5,13,3,3.5,3.25,0.3,0.38,0.34,10.604,0.7978472743051973,0.6,1,0.8,234,252,243,14.01627065606184,1.318338020843182,0.09405768861013108,,,
torus_plus1,RGA Fall 2018 torus+1,4,5,5,14,3,3.5,3.25,0.3,0.38,0.34,10.604,0.7978472743051973,0.6,1,0.8,252,270,261,11.79368706101138,1.68213266822913,0.1426299222225485,,,
torus_plus1,RGA Fall 2018 torus+1,4,5,5,15,3,3.5,3.25,0.3,0.38,0.34,10.604,0.7978472743051973,0.6,1,0.8,270,288,279,16.84479231355143,2.132924443656798,0.1266221870803884,,,
torus_plus1,RGA Fall 2018 torus+1,4,5,5,16,3,3.5,3.25,0.3,0.38,0.34,10.604,0.7978472743051973,0.6,1,0.8,288,306,297,15.43125478405623,2.042753181892612,0.1323776459191907,,,
torus_plus1,RGA Fall 2018 torus+1,4,5,5,17,3,3.5,3.25,0.3,0.38,0.34,10.604,0.7978472743051973,0.6,1,0.8,306,324,315,13.21543560947156,1.948497535069672,0.1474410373331301,,,
torus_plus1,RGA Fall 2018 torus+1,4,5,5,18,3,3.5,3.25,0.3,0.38,0.34,10.604,0.7978472743051973,0.6,1,0.8,324,342,333,5.689407005845485,2.185672139222063,0.3841651927830846,,,
torus_plus1,RGA Fall 2018 torus+1,4,5,5,19,3,3.5,3.25,0.3,0.38,0.34,10.604,0.7978472743051973,0.6,1,0.8,342,360,351,5.682106134604902,1.727680511375649,0.3040563605198799,,,
torus_plus1,RGA Fall 2018 torus+1,4,5,6,0,3,3.5,3.25,0.3,0.38,0.34,10.604,0.7978472743051973,1,1.5,1.25,0,18,9,2.00333697026263,0.7675242375799393,0.3831228839546248,,,
torus_plus1,RGA Fall 2018 torus+1,4,5,6,1,3,3.5,3.25,0.3,0.38,0.34,10.604,0.7978472743051973,1,1.5,1.25,18,36,27,2.508908713029925,1.33670391938155,0.5327830033988192,,,
torus_plus1,RGA Fall 2018 torus+1,4,5,6,2,3,3.5,3.25,0.3,0.38,0.34,10.604,0.7978472743051973,1,1.5,1.25,36,54,45,4.151521783286354,1.429479137676311,0.3443265415181639,,,
torus_plus1,RGA Fall 2018 torus+1,4,5,6,3,3,3.5,3.25,0.3,0.38,0.34,10.604,0.7978472743051973,1,1.5,1.25,54,72,63,5.915252160584068,1.090487030465376,0.1843517403588932,,,
torus_plus1,RGA Fall 2018 torus+1,4,5,6,4,3,3.5,3.25,0.3,0.38,0.34,10.604,0.7978472743051973,1,1.5,1.25,72,90,81,5.698033891692685,1.116058422592165,0.1958672840151577,,,
torus_plus1,RGA Fall 2018 torus+1,4,5,6,5,3,3.5,3.25,0.3,0.38,0.34,10.604,0.7978472743051973,1,1.5,1.25,90,108,99,7.454315565157057,1.075198774302679,0.1442384300616907,,,
torus_plus1,RGA Fall 2018 torus+1,4,5,6,6,3,3.5,3.25,0.3,0.38,0.34,10.604,0.7978472743051973,1,1.5,1.25,108,126,117,7.787993181324656,0.9632017232769001,0.1236777820487344,,,
torus_plus1,RGA Fall 2018 torus+1,4,5,6,7,3,3.5,3.25,0.3,0.38,0.34,10.604,0.7978472743051973,1,1.5,1.25,126,144,135,5.967724506137375,0.8006532097188885,0.134163902655941,,,
torus_plus1,RGA Fall 2018 torus+1,4,5,6,8,3,3.5,3.25,0.3,0.38,0.34,10.604,0.7978472743051973,1,1.5,1.25,144,162,153,5.42793710675704,0.7324395038917664,0.1349388339411633,,,
torus_plus1,RGA Fall 2018 torus+1,4,5,6,9,3,3.5,3.25,0.3,0.38,0.34,10.604,0.7978472743051973,1,1.5,1.25,162,180,171,4.848817230931842,0.6313716652106715,0.1302114794476044,,,
torus_plus1,RGA Fall 2018 torus+1,4,5,6,10,3,3.5,3.25,0.3,0.38,0.34,10.604,0.7978472743051973,1,1.5,1.25,180,198,189,4.835689705321736,0.6615555395122239,0.1368068631004536,,,
torus_plus1,RGA Fall 2018 torus+1,4,5,6,11,3,3.5,3.25,0.3,0.38,0.34,10.604,0.7978472743051973,1,1.5,1.25,198,216,207,5.610859476887256,0.6839671287713366,0.1219005985783094,,,
torus_plus1,RGA Fall 2018 torus+1,4,5,6,12,3,3.5,3.25,0.3,0.38,0.34,10.604,0.7978472743051973,1,1.5,1.25,216,234,225,5.148873663102516,0.7213042870129233,0.1400897233470461,,,
torus_plus1,RGA Fall 2018 torus+1,4,5,6,13,3,3.5,3.25,0.3,0.38,0.34,10.604,0.7978472743051973,1,1.5,1.25,234,252,243,8.98060573759432,0.9977326395202689,0.1110985905264266,,,
torus_plus1,RGA Fall 2018 torus+1,4,5,6,14,3,3.5,3.25,0.3,0.38,0.34,10.604,0.7978472743051973,1,1.5,1.25,252,270,261,8.385158803484027,1.092340309495364,0.1302706764529609,,,
torus_plus1,RGA Fall 2018 torus+1,4,5,6,15,3,3.5,3.25,0.3,0.38,0.34,10.604,0.7978472743051973,1,1.5,1.25,270,288,279,8.216135225687403,1.211774154065907,0.1474871239067909,,,
torus_plus1,RGA Fall 2018 torus+1,4,5,6,16,3,3.5,3.25,0.3,0.38,0.34,10.604,0.7978472743051973,1,1.5,1.25,288,306,297,5.980828175213404,1.093067235441039,0.1827618522750884,,,
torus_plus1,RGA Fall 2018 torus+1,4,5,6,17,3,3.5,3.25,0.3,0.38,0.34,10.604,0.7978472743051973,1,1.5,1.25,306,324,315,6.850225801447894,1.218875216814981,0.1779321225524207,,,
torus_plus1,RGA Fall 2018 torus+1,4,5,6,18,3,3.5,3.25,0.3,0.38,0.34,10.604,0.7978472743051973,1,1.5,1.25,324,342,333,4.983993090990452,1.466397586326152,0.2942214324046625,,,
torus_plus1,RGA Fall 2018 torus+1,4,5,6,19,3,3.5,3.25,0.3,0.38,0.34,10.604,0.7978472743051973,1,1.5,1.25,342,360,351,1.403079651430816,0.7443417789046147,0.5305057187206432,,,
torus_plus1,RGA Fall 2018 torus+1,4,5,7,0,3,3.5,3.25,0.3,0.38,0.34,10.604,0.7978472743051973,1.5,2,1.75,0,18,9,1.278973125913406,0.7169791201805386,0.5605896681124496,,,
torus_plus1,RGA Fall 2018 torus+1,4,5,7,1,3,3.5,3.25,0.3,0.38,0.34,10.604,0.7978472743051973,1.5,2,1.75,18,36,27,1.020372268419532,1.053047340065849,1.032022696674154,,,
torus_plus1,RGA Fall 2018 torus+1,4,5,7,2,3,3.5,3.25,0.3,0.38,0.34,10.604,0.7978472743051973,1.5,2,1.75,36,54,45,1.14924458253553,0.5186515006319584,0.451297755511433,,,
torus_plus1,RGA Fall 2018 torus+1,4,5,7,3,3,3.5,3.25,0.3,0.38,0.34,10.604,0.7978472743051973,1.5,2,1.75,54,72,63,4.076912982266102,0.9611305649269657,0.2357495902188064,,,
torus_plus1,RGA Fall 2018 torus+1,4,5,7,4,3,3.5,3.25,0.3,0.38,0.34,10.604,0.7978472743051973,1.5,2,1.75,72,90,81,4.968836742848197,1.083682945753874,0.2180959049044332,,,
torus_plus1,RGA Fall 2018 torus+1,4,5,7,5,3,3.5,3.25,0.3,0.38,0.34,10.604,0.7978472743051973,1.5,2,1.75,90,108,99,3.589184682088363,0.6842080716117479,0.1906305002989265,,,
torus_plus1,RGA Fall 2018 torus+1,4,5,7,6,3,3.5,3.25,0.3,0.38,0.34,10.604,0.7978472743051973,1.5,2,1.75,108,126,117,4.603290764929686,0.6722296348331942,0.1460324079362087,,,
torus_plus1,RGA Fall 2018 torus+1,4,5,7,7,3,3.5,3.25,0.3,0.38,0.34,10.604,0.7978472743051973,1.5,2,1.75,126,144,135,2.616984656515231,0.5732124328137739,0.2190354579980847,,,
torus_plus1,RGA Fall 2018 torus+1,4,5,7,8,3,3.5,3.25,0.3,0.38,0.34,10.604,0.7978472743051973,1.5,2,1.75,144,162,153,2.582599735581067,0.5098430081502103,0.1974146442927205,,,
torus_plus1,RGA Fall 2018 torus+1,4,5,7,9,3,3.5,3.25,0.3,0.38,0.34,10.604,0.7978472743051973,1.5,2,1.75,162,180,171,1.878882718632461,0.4234688733321129,0.2253833457153374,,,
torus_plus1,RGA Fall 2018 torus+1,4,5,7,10,3,3.5,3.25,0.3,0.38,0.34,10.604,0.7978472743051973,1.5,2,1.75,180,198,189,2.948225078670583,0.6571890606940003,0.2229100706891553,,,
torus_plus1,RGA Fall 2018 torus+1,4,5,7,11,3,3.5,3.25,0.3,0.38,0.34,10.604,0.7978472743051973,1.5,2,1.75,198,216,207,2.281279642088776,0.4344374113993547,0.1904358428419486,,,
torus_plus1,RGA Fall 2018 torus+1,4,5,7,12,3,3.5,3.25,0.3,0.38,0.34,10.604,0.7978472743051973,1.5,2,1.75,216,234,225,2.855461718178122,0.5131725013091719,0.1797161201784882,,,
torus_plus1,RGA Fall 2018 torus+1,4,5,7,13,3,3.5,3.25,0.3,0.38,0.34,10.604,0.7978472743051973,1.5,2,1.75,234,252,243,3.852350407793631,0.6442538550484739,0.1672365664725342,,,
torus_plus1,RGA Fall 2018 torus+1,4,5,7,14,3,3.5,3.25,0.3,0.38,0.34,10.604,0.7978472743051973,1.5,2,1.75,252,270,261,3.205213047175658,0.5789786780766509,0.1806365659801711,,,
torus_plus1,RGA Fall 2018 torus+1,4,5,7,15,3,3.5,3.25,0.3,0.38,0.34,10.604,0.7978472743051973,1.5,2,1.75,270,288,279,5.149402868664336,1.004026568393302,0.1949792226401833,,,
torus_plus1,RGA Fall 2018 torus+1,4,5,7,16,3,3.5,3.25,0.3,0.38,0.34,10.604,0.7978472743051973,1.5,2,1.75,288,306,297,3.196615911274641,0.7657886815880217,0.2395623067779406,,,
torus_plus1,RGA Fall 2018 torus+1,4,5,7,17,3,3.5,3.25,0.3,0.38,0.34,10.604,0.7978472743051973,1.5,2,1.75,306,324,315,1.761324692412336,0.6535665167111203,0.3710653234617327,,,
torus_plus1,RGA Fall 2018 torus+1,4,5,7,18,3,3.5,3.25,0.3,0.38,0.34,10.604,0.7978472743051973,1.5,2,1.75,324,342,333,2.207453464044796,1.093284884590018,0.4952697315696763,,,
torus_plus1,RGA Fall 2018 torus+1,4,5,7,19,3,3.5,3.25,0.3,0.38,0.34,10.604,0.7978472743051973,1.5,2,1.75,342,360,351,1.568195441926167,0.7593363973729598,0.4842103076388806,,,
torus_plus1,RGA Fall 2018 torus+1,4,6,3,0,3,3.5,3.249448425540658,0.38,0.48,0.4282770842965018,10.604,0.8752687087493171,0.3,0.4,0.35,0,18,9,36.74638153753087,6.205515952580308,0.1688742045592248,,,
torus_plus1,RGA Fall 2018 torus+1,4,6,3,1,3,3.5,3.249448425540658,0.38,0.48,0.4282770842965018,10.604,0.8752687087493171,0.3,0.4,0.35,18,36,27,37.50937593318075,6.949864350572876,0.1852833905568937,,,
torus_plus1,RGA Fall 2018 torus+1,4,6,3,2,3,3.5,3.249448425540658,0.38,0.48,0.4282770842965018,10.604,0.8752687087493171,0.3,0.4,0.35,36,54,45,36.79205374850372,7.644497756694692,0.2077757824814437,,,
torus_plus1,RGA Fall 2018 torus+1,4,6,3,3,3,3.5,3.249448425540658,0.38,0.48,0.4282770842965018,10.604,0.8752687087493171,0.3,0.4,0.35,54,72,63,28.36476947474174,5.967054218272725,0.210368507439705,,,
torus_plus1,RGA Fall 2018 torus+1,4,6,3,4,3,3.5,3.249448425540658,0.38,0.48,0.4282770842965018,10.604,0.8752687087493171,0.3,0.4,0.35,72,90,81,48.07694870380588,11.39141901820054,0.2369413892795317,,,
torus_plus1,RGA Fall 2018 torus+1,4,6,3,5,3,3.5,3.249448425540658,0.38,0.48,0.4282770842965018,10.604,0.8752687087493171,0.3,0.4,0.35,90,108,99,101.5784504183967,50.21027448638976,0.4943004572286353,,,
torus_plus1,RGA Fall 2018 torus+1,4,6,3,15,3,3.5,3.249448425540658,0.38,0.48,0.4282770842965018,10.604,0.8752687087493171,0.3,0.4,0.35,270,288,279,31.32776456664361,11.07946594197987,0.35366283216316,,,
torus_plus1,RGA Fall 2018 torus+1,4,6,3,16,3,3.5,3.249448425540658,0.38,0.48,0.4282770842965018,10.604,0.8752687087493171,0.3,0.4,0.35,288,306,297,28.54353289155083,6.507535668063581,0.2279863425732375,,,
torus_plus1,RGA Fall 2018 torus+1,4,6,3,17,3,3.5,3.249448425540658,0.38,0.48,0.4282770842965018,10.604,0.8752687087493171,0.3,0.4,0.35,306,324,315,29.86247497444954,8.222118932404053,0.2753328027713353,,,
torus_plus1,RGA Fall 2018 torus+1,4,6,3,18,3,3.5,3.249448425540658,0.38,0.48,0.4282770842965018,10.604,0.8752687087493171,0.3,0.4,0.35,324,342,333,30.26935722566179,7.513514659625238,0.248221810711442,,,
torus_plus1,RGA Fall 2018 torus+1,4,6,3,19,3,3.5,3.249448425540658,0.38,0.48,0.4282770842965018,10.604,0.8752687087493171,0.3,0.4,0.35,342,360,351,22.11104422359135,4.669282876768273,0.2111742362572993,,,
torus_plus1,RGA Fall 2018 torus+1,4,6,4,0,3,3.5,3.25,0.38,0.48,0.43,10.604,0.8762230972732392,0.4,0.6,0.5,0,18,9,26.0189446383404,3.268901080979833,0.1256354216674461,,,
torus_plus1,RGA Fall 2018 torus+1,4,6,4,1,3,3.5,3.25,0.38,0.48,0.43,10.604,0.8762230972732392,0.4,0.6,0.5,18,36,27,41.13636472054475,4.30864958488911,0.10474065013181,,,
torus_plus1,RGA Fall 2018 torus+1,4,6,4,2,3,3.5,3.25,0.38,0.48,0.43,10.604,0.8762230972732392,0.4,0.6,0.5,36,54,45,33.33420500757033,3.69045102248636,0.1107106355663273,,,
torus_plus1,RGA Fall 2018 torus+1,4,6,4,3,3,3.5,3.25,0.38,0.48,0.43,10.604,0.8762230972732392,0.4,0.6,0.5,54,72,63,35.62962663616182,4.29542635823116,0.1205577145698062,,,
torus_plus1,RGA Fall 2018 torus+1,4,6,4,4,3,3.5,3.25,0.38,0.48,0.43,10.604,0.8762230972732392,0.4,0.6,0.5,72,90,81,33.82367758983266,3.353804444638441,0.0991555231015621,,,
torus_plus1,RGA Fall 2018 torus+1,4,6,4,5,3,3.5,3.25,0.38,0.48,0.43,10.604,0.8762230972732392,0.4,0.6,0.5,90,108,99,42.42416329218425,3.699412876192307,0.08720060901881936,,,
torus_plus1,RGA Fall 2018 torus+1,4,6,4,6,3,3.5,3.25,0.38,0.48,0.43,10.604,0.8762230972732392,0.4,0.6,0.5,108,126,117,38.86109695652489,5.317129766700539,0.1368239752122535,,,
torus_plus1,RGA Fall 2018 torus+1,4,6,4,13,3,3.5,3.25,0.38,0.48,0.43,10.604,0.8762230972732392,0.4,0.6,0.5,234,252,243,38.59617709340655,5.421429873013647,0.1404654626776443,,,
torus_plus1,RGA Fall 2018 torus+1,4,6,4,14,3,3.5,3.25,0.38,0.48,0.43,10.604,0.8762230972732392,0.4,0.6,0.5,252,270,261,36.08405364190806,4.084236161816814,0.1131867334626002,,,
torus_plus1,RGA Fall 2018 torus+1,4,6,4,15,3,3.5,3.25,0.38,0.48,0.43,10.604,0.8762230972732392,0.4,0.6,0.5,270,288,279,40.23833785397883,4.23452423926741,0.1052360625489577,,,
torus_plus1,RGA Fall 2018 torus+1,4,6,4,16,3,3.5,3.25,0.38,0.48,0.43,10.604,0.8762230972732392,0.4,0.6,0.5,288,306,297,33.0149920508305,4.678611380458838,0.1417117221550609,,,
torus_plus1,RGA Fall 2018 torus+1,4,6,4,17,3,3.5,3.25,0.38,0.48,0.43,10.604,0.8762230972732392,0.4,0.6,0.5,306,324,315,25.43205084245082,4.606378560895529,0.1811249352021044,,,
torus_plus1,RGA Fall 2018 torus+1,4,6,4,18,3,3.5,3.25,0.38,0.48,0.43,10.604,0.8762230972732392,0.4,0.6,0.5,324,342,333,32.82127130688318,3.70020374566851,0.1127379774863418,,,
torus_plus1,RGA Fall 2018 torus+1,4,6,4,19,3,3.5,3.25,0.38,0.48,0.43,10.604,0.8762230972732392,0.4,0.6,0.5,342,360,351,25.19056681930855,2.905277543865405,0.1153319639333606,,,
torus_plus1,RGA Fall 2018 torus+1,4,6,5,0,3,3.5,3.25,0.38,0.48,0.43,10.604,0.8762230972732392,0.6,1,0.8,0,18,9,13.75666659589833,1.701288428802966,0.1236701069218483,,,
torus_plus1,RGA Fall 2018 torus+1,4,6,5,1,3,3.5,3.25,0.38,0.48,0.43,10.604,0.8762230972732392,0.6,1,0.8,18,36,27,21.14752277333231,2.192136766440983,0.1036592696902228,,,
torus_plus1,RGA Fall 2018 torus+1,4,6,5,2,3,3.5,3.25,0.38,0.48,0.43,10.604,0.8762230972732392,0.6,1,0.8,36,54,45,25.39345882753803,2.498350034506811,0.09838557446918046,,,
torus_plus1,RGA Fall 2018 torus+1,4,6,5,3,3,3.5,3.25,0.38,0.48,0.43,10.604,0.8762230972732392,0.6,1,0.8,54,72,63,31.04514889872159,2.871794050441488,0.09250379374278814,,,
torus_plus1,RGA Fall 2018 torus+1,4,6,5,4,3,3.5,3.25,0.38,0.48,0.43,10.604,0.8762230972732392,0.6,1,0.8,72,90,81,29.29054515991553,2.590826260926709,0.08845264732294182,,,
torus_plus1,RGA Fall 2018 torus+1,4,6,5,5,3,3.5,3.25,0.38,0.48,0.43,10.604,0.8762230972732392,0.6,1,0.8,90,108,99,29.88392188630973,2.047454649586405,0.06851358591337955,,,
torus_plus1,RGA Fall 2018 torus+1,4,6,5,6,3,3.5,3.25,0.38,0.48,0.43,10.604,0.8762230972732392,0.6,1,0.8,108,126,117,27.03421067307776,1.763708761027698,0.06523988372940001,,,
torus_plus1,RGA Fall 2018 torus+1,4,6,5,7,3,3.5,3.25,0.38,0.48,0.43,10.604,0.8762230972732392,0.6,1,0.8,126,144,135,25.1829872055104,2.605903684077203,0.1034787359740625,,,
torus_plus1,RGA Fall 2018 torus+1,4,6,5,8,3,3.5,3.25,0.38,0.48,0.43,10.604,0.8762230972732392,0.6,1,0.8,144,162,153,24.63253307905629,6.022736090719708,0.2445033188990423,,,
torus_plus1,RGA Fall 2018 torus+1,4,6,5,11,3,3.5,3.25,0.38,0.48,0.43,10.604,0.8762230972732392,0.6,1,0.8,198,216,207,12.39403144546191,4.779823586429759,0.3856552734647044,,,
torus_plus1,RGA Fall 2018 torus+1,4,6,5,12,3,3.5,3.25,0.38,0.48,0.43,10.604,0.8762230972732392,0.6,1,0.8,216,234,225,26.48831139221985,2.866674334701234,0.1082241254360682,,,
torus_plus1,RGA Fall 2018 torus+1,4,6,5,13,3,3.5,3.25,0.38,0.48,0.43,10.604,0.8762230972732392,0.6,1,0.8,234,252,243,28.48148651392167,1.874943221141375,0.06583024450724889,,,
torus_plus1,RGA Fall 2018 torus+1,4,6,5,14,3,3.5,3.25,0.38,0.48,0.43,10.604,0.8762230972732392,0.6,1,0.8,252,270,261,24.35927415448507,2.116105861921105,0.08687064518018424,,,
torus_plus1,RGA Fall 2018 torus+1,4,6,5,15,3,3.5,3.25,0.38,0.48,0.43,10.604,0.8762230972732392,0.6,1,0.8,270,288,279,30.88040854192508,2.972449179996368,0.09625679582447215,,,
torus_plus1,RGA Fall 2018 torus+1,4,6,5,16,3,3.5,3.25,0.38,0.48,0.43,10.604,0.8762230972732392,0.6,1,0.8,288,306,297,32.67287218822362,3.215919713004637,0.0984278239904406,,,
torus_plus1,RGA Fall 2018 torus+1,4,6,5,17,3,3.5,3.25,0.38,0.48,0.43,10.604,0.8762230972732392,0.6,1,0.8,306,324,315,22.32387518966329,2.644363252099189,0.1184544900754336,,,
torus_plus1,RGA Fall 2018 torus+1,4,6,5,18,3,3.5,3.25,0.38,0.48,0.43,10.604,0.8762230972732392,0.6,1,0.8,324,342,333,17.77534226662415,2.66972395734749,0.1501925486048331,,,
torus_plus1,RGA Fall 2018 torus+1,4,6,5,19,3,3.5,3.25,0.38,0.48,0.43,10.604,0.8762230972732392,0.6,1,0.8,342,360,351,17.52751422992566,1.830170977520384,0.1044170299057943,,,
torus_plus1,RGA Fall 2018 torus+1,4,6,6,0,3,3.5,3.25,0.38,0.48,0.43,10.604,0.8762230972732392,1,1.5,1.25,0,18,9,8.427269545614548,1.817759548774633,0.2156997042678639,,,
torus_plus1,RGA Fall 2018 torus+1,4,6,6,1,3,3.5,3.25,0.38,0.48,0.43,10.604,0.8762230972732392,1,1.5,1.25,18,36,27,10.15494365352122,1.887643817920249,0.1858842237165648,,,
torus_plus1,RGA Fall 2018 torus+1,4,6,6,2,3,3.5,3.25,0.38,0.48,0.43,10.604,0.8762230972732392,1,1.5,1.25,36,54,45,12.18206837451608,1.937821884872578,0.1590716638010626,,,
torus_plus1,RGA Fall 2018 torus+1,4,6,6,3,3,3.5,3.25,0.38,0.48,0.43,10.604,0.8762230972732392,1,1.5,1.25,54,72,63,18.64708257450991,2.526947823731818,0.1355143794550517,,,
torus_plus1,RGA Fall 2018 torus+1,4,6,6,4,3,3.5,3.25,0.38,0.48,0.43,10.604,0.8762230972732392,1,1.5,1.25,72,90,81,18.48906562954851,1.978267024819384,0.1069965927135763,,,
torus_plus1,RGA Fall 2018 torus+1,4,6,6,5,3,3.5,3.25,0.38,0.48,0.43,10.604,0.8762230972732392,1,1.5,1.25,90,108,99,17.78157517308673,1.57243696909102,0.08843069040761802,,,
torus_plus1,RGA Fall 2018 torus+1,4,6,6,6,3,3.5,3.25,0.38,0.48,0.43,10.604,0.8762230972732392,1,1.5,1.25,108,126,117,17.63171127049472,1.430843590732892,0.08115171402150258,,,
torus_plus1,RGA Fall 2018 torus+1,4,6,6,7,3,3.5,3.25,0.38,0.48,0.43,10.604,0.8762230972732392,1,1.5,1.25,126,144,135,10.66223842508066,1.226033819491682,0.1149884077444466,,,
torus_plus1,RGA Fall 2018 torus+1,4,6,6,8,3,3.5,3.25,0.38,0.48,0.43,10.604,0.8762230972732392,1,1.5,1.25,144,162,153,6.843304268018131,1.656061059957984,0.2419972859744831,,,
torus_plus1,RGA Fall 2018 torus+1,4,6,6,9,3,3.5,3.25,0.38,0.48,0.43,10.604,0.8762230972732392,1,1.5,1.25,162,180,171,9.977663902163126,4.481362124053698,0.4491394145960512,,,
torus_plus1,RGA Fall 2018 torus+1,4,6,6,10,3,3.5,3.25,0.38,0.48,0.43,10.604,0.8762230972732392,1,1.5,1.25,180,198,189,2.524434177416538,2.513415854208875,0.9956353295695993,,,
torus_plus1,RGA Fall 2018 torus+1,4,6,6,11,3,3.5,3.25,0.38,0.48,0.43,10.604,0.8762230972732392,1,1.5,1.25,198,216,207,10.41849746187652,2.214182812503209,0.2125241975251587,,,
torus_plus1,RGA Fall 2018 torus+1,4,6,6,12,3,3.5,3.25,0.38,0.48,0.43,10.604,0.8762230972732392,1,1.5,1.25,216,234,225,12.80538357121615,1.315853088493237,0.1027578034797023,,,
torus_plus1,RGA Fall 2018 torus+1,4,6,6,13,3,3.5,3.25,0.38,0.48,0.43,10.604,0.8762230972732392,1,1.5,1.25,234,252,243,17.4248413066234,1.429692797144099,0.08204911436413796,,,
torus_plus1,RGA Fall 2018 torus+1,4,6,6,14,3,3.5,3.25,0.38,0.48,0.43,10.604,0.8762230972732392,1,1.5,1.25,252,270,261,17.23425265454084,1.414287497852074,0.08206259512387043,,,
torus_plus1,RGA Fall 2018 torus+1,4,6,6,15,3,3.5,3.25,0.38,0.48,0.43,10.604,0.8762230972732392,1,1.5,1.25,270,288,279,18.37183313831008,1.913347246214113,0.1041456904060533,,,
torus_plus1,RGA Fall 2018 torus+1,4,6,6,16,3,3.5,3.25,0.38,0.48,0.43,10.604,0.8762230972732392,1,1.5,1.25,288,306,297,21.84888621940445,2.43776821358335,0.1115740266622066,,,
torus_plus1,RGA Fall 2018 torus+1,4,6,6,17,3,3.5,3.25,0.38,0.48,0.43,10.604,0.8762230972732392,1,1.5,1.25,306,324,315,12.82473194165354,1.588443092454002,0.1238578006683232,,,
torus_plus1,RGA Fall 2018 torus+1,4,6,6,18,3,3.5,3.25,0.38,0.48,0.43,10.604,0.8762230972732392,1,1.5,1.25,324,342,333,5.08399314836751,1.377304198069996,0.2709099241237675,,,
torus_plus1,RGA Fall 2018 torus+1,4,6,6,19,3,3.5,3.25,0.38,0.48,0.43,10.604,0.8762230972732392,1,1.5,1.25,342,360,351,8.633677368019098,1.794508025461683,0.2078497897209949,,,
torus_plus1,RGA Fall 2018 torus+1,4,6,7,0,3,3.5,3.25,0.38,0.48,0.43,10.604,0.8762230972732392,1.5,2,1.75,0,18,9,1.222788459658706,0.852013140036226,0.6967788527167099,,,
torus_plus1,RGA Fall 2018 torus+1,4,6,7,1,3,3.5,3.25,0.38,0.48,0.43,10.604,0.8762230972732392,1.5,2,1.75,18,36,27,3.490994656470399,1.280440825700017,0.3667839546321786,,,
torus_plus1,RGA Fall 2018 torus+1,4,6,7,2,3,3.5,3.25,0.38,0.48,0.43,10.604,0.8762230972732392,1.5,2,1.75,36,54,45,4.437284230293871,1.247901507719367,0.2812309157929965,,,
torus_plus1,RGA Fall 2018 torus+1,4,6,7,3,3,3.5,3.25,0.38,0.48,0.43,10.604,0.8762230972732392,1.5,2,1.75,54,72,63,11.58506887376701,1.945390067140251,0.1679221840057724,,,
torus_plus1,RGA Fall 2018 torus+1,4,6,7,4,3,3.5,3.25,0.38,0.48,0.43,10.604,0.8762230972732392,1.5,2,1.75,72,90,81,9.312611836955737,1.348177228890229,0.1447689705631437,,,
torus_plus1,RGA Fall 2018 torus+1,4,6,7,5,3,3.5,3.25,0.38,0.48,0.43,10.604,0.8762230972732392,1.5,2,1.75,90,108,99,10.63991921347731,1.100445885946804,0.1034261505061897,,,
torus_plus1,RGA Fall 2018 torus+1,4,6,7,6,3,3.5,3.25,0.38,0.48,0.43,10.604,0.8762230972732392,1.5,2,1.75,108,126,117,7.368292320036264,1.069458524956979,0.1451433355933571,,,
torus_plus1,RGA Fall 2018 torus+1,4,6,7,7,3,3.5,3.25,0.38,0.48,0.43,10.604,0.8762230972732392,1.5,2,1.75,126,144,135,5.181936758815185,1.047623468765097,0.2021683238381762,,,
torus_plus1,RGA Fall 2018 torus+1,4,6,7,8,3,3.5,3.25,0.38,0.48,0.43,10.604,0.8762230972732392,1.5,2,1.75,144,162,153,4.212770075969222,1.668757699002854,0.3961188645261935,,,
torus_plus1,RGA Fall 2018 torus+1,4,6,7,11,3,3.5,3.25,0.38,0.48,0.43,10.604,0.8762230972732392,1.5,2,1.75,198,216,207,3.911375104917057,1.664110656621129,0.4254541208612662,,,
torus_plus1,RGA Fall 2018 torus+1,4,6,7,12,3,3.5,3.25,0.38,0.48,0.43,10.604,0.8762230972732392,1.5,2,1.75,216,234,225,7.592171413385328,1.583957607556676,0.2086303800733595,,,
torus_plus1,RGA Fall 2018 torus+1,4,6,7,13,3,3.5,3.25,0.38,0.48,0.43,10.604,0.8762230972732392,1.5,2,1.75,234,252,243,9.033459969447382,1.22473505371885,0.1355776256120137,,,
torus_plus1,RGA Fall 2018 torus+1,4,6,7,14,3,3.5,3.25,0.38,0.48,0.43,10.604,0.8762230972732392,1.5,2,1.75,252,270,261,7.441891918501264,1.127737269009256,0.1515390550359367,,,
torus_plus1,RGA Fall 2018 torus+1,4,6,7,15,3,3.5,3.25,0.38,0.48,0.43,10.604,0.8762230972732392,1.5,2,1.75,270,288,279,9.130554974830178,1.195477146420991,0.1309314877043633,,,
torus_plus1,RGA Fall 2018 torus+1,4,6,7,16,3,3.5,3.25,0.38,0.48,0.43,10.604,0.8762230972732392,1.5,2,1.75,288,306,297,9.520091848241607,1.605328530875189,0.1686253196361439,,,
torus_plus1,RGA Fall 2018 torus+1,4,6,7,17,3,3.5,3.25,0.38,0.48,0.43,10.604,0.8762230972732392,1.5,2,1.75,306,324,315,7.998960431977537,1.263340713450613,0.157938112607751,,,
torus_plus1,RGA Fall 2018 torus+1,4,6,7,18,3,3.5,3.25,0.38,0.48,0.43,10.604,0.8762230972732392,1.5,2,1.75,324,342,333,4.508545491002292,1.196582556618737,0.2654032345923442,,,
torus_plus1,RGA Fall 2018 torus+1,4,6,7,19,3,3.5,3.25,0.38,0.48,0.43,10.604,0.8762230972732392,1.5,2,1.75,342,360,351,0.4133817639510009,0.533093694503586,1.289591706727476,,,
torus_plus1,RGA Fall 2018 torus+1,4,7,3,0,3,3.5,3.260330764290302,0.48,0.58,0.4899274245343609,10.604,0.9033702490176093,0.3,0.4,0.35,0,18,9,37.27272572034537,31.67736081144094,0.8498804474111699,,,
torus_plus1,RGA Fall 2018 torus+1,4,7,3,1,3,3.5,3.260330764290302,0.48,0.58,0.4899274245343609,10.604,0.9033702490176093,0.3,0.4,0.35,18,36,27,81.6066789451563,63.42615844796028,0.7772177383984192,,,
torus_plus1,RGA Fall 2018 torus+1,4,7,3,2,3,3.5,3.260330764290302,0.48,0.58,0.4899274245343609,10.604,0.9033702490176093,0.3,0.4,0.35,36,54,45,46.71664069457729,57.09542701647602,1.22216465412727,,,
torus_plus1,RGA Fall 2018 torus+1,4,7,3,3,3,3.5,3.260330764290302,0.48,0.58,0.4899274245343609,10.604,0.9033702490176093,0.3,0.4,0.35,54,72,63,38.97443908082636,51.14172381390193,1.312186269258236,,,
torus_plus1,RGA Fall 2018 torus+1,4,7,3,17,3,3.5,3.260330764290302,0.48,0.58,0.4899274245343609,10.604,0.9033702490176093,0.3,0.4,0.35,306,324,315,229.3149063590125,119.3613490790082,0.5205128221893156,,,
torus_plus1,RGA Fall 2018 torus+1,4,7,3,18,3,3.5,3.260330764290302,0.48,0.58,0.4899274245343609,10.604,0.9033702490176093,0.3,0.4,0.35,324,342,333,150.7861603623709,109.7675633179429,0.7279684226599329,,,
torus_plus1,RGA Fall 2018 torus+1,4,7,3,19,3,3.5,3.260330764290302,0.48,0.58,0.4899274245343609,10.604,0.9033702490176093,0.3,0.4,0.35,342,360,351,16.05775160489594,16.0128955333006,0.9972065783118936,,,
torus_plus1,RGA Fall 2018 torus+1,4,7,4,0,3,3.5,3.301773203996186,0.48,0.58,0.4968554906106205,10.604,0.9033874482585603,0.4,0.6,0.5,0,18,9,41.60918313180434,9.074727886964661,0.2180943533118369,,,
torus_plus1,RGA Fall 2018 torus+1,4,7,4,1,3,3.5,3.301773203996186,0.48,0.58,0.4968554906106205,10.604,0.9033874482585603,0.4,0.6,0.5,18,36,27,36.07242085696128,7.87356205825307,0.2182709635561824,,,
torus_plus1,RGA Fall 2018 torus+1,4,7,4,2,3,3.5,3.301773203996186,0.48,0.58,0.4968554906106205,10.604,0.9033874482585603,0.4,0.6,0.5,36,54,45,37.4660568513364,7.72438767027286,0.2061702863720855,,,
torus_plus1,RGA Fall 2018 torus+1,4,7,4,3,3,3.5,3.301773203996186,0.48,0.58,0.4968554906106205,10.604,0.9033874482585603,0.4,0.6,0.5,54,72,63,45.06976465581739,9.479004573120315,0.2103184839217218,,,
torus_plus1,RGA Fall 2018 torus+1,4,7,4,4,3,3.5,3.301773203996186,0.48,0.58,0.4968554906106205,10.604,0.9033874482585603,0.4,0.6,0.5,72,90,81,57.46759034061096,11.16219180420969,0.1942345544340952,,,
torus_plus1,RGA Fall 2018 torus+1,4,7,4,5,3,3.5,3.301773203996186,0.48,0.58,0.4968554906106205,10.604,0.9033874482585603,0.4,0.6,0.5,90,108,99,73.18902029426428,15.26051251045103,0.2085082222592202,,,
torus_plus1,RGA Fall 2018 torus+1,4,7,4,14,3,3.5,3.301773203996186,0.48,0.58,0.4968554906106205,10.604,0.9033874482585603,0.4,0.6,0.5,252,270,261,59.56207153276216,14.85346129330625,0.249377849209561,,,
torus_plus1,RGA Fall 2018 torus+1,4,7,4,15,3,3.5,3.301773203996186,0.48,0.58,0.4968554906106205,10.604,0.9033874482585603,0.4,0.6,0.5,270,288,279,63.6091490901504,11.67653616582468,0.1835669291736013,,,
torus_plus1,RGA Fall 2018 torus+1,4,7,4,16,3,3.5,3.301773203996186,0.48,0.58,0.4968554906106205,10.604,0.9033874482585603,0.4,0.6,0.5,288,306,297,38.5270036064214,9.172260618754706,0.2380735525777027,,,
torus_plus1,RGA Fall 2018 torus+1,4,7,4,17,3,3.5,3.301773203996186,0.48,0.58,0.4968554906106205,10.604,0.9033874482585603,0.4,0.6,0.5,306,324,315,48.38769765573411,12.45687768099516,0.2574389418075356,,,
torus_plus1,RGA Fall 2018 torus+1,4,7,4,18,3,3.5,3.301773203996186,0.48,0.58,0.4968554906106205,10.604,0.9033874482585603,0.4,0.6,0.5,324,342,333,54.99030927560753,11.90790771115454,0.2165455671738988,,,
torus_plus1,RGA Fall 2018 torus+1,4,7,4,19,3,3.5,3.301773203996186,0.48,0.58,0.4968554906106205,10.604,0.9033874482585603,0.4,0.6,0.5,342,360,351,58.90296979589181,13.01150355416096,0.2208972416713095,,,
torus_plus1,RGA Fall 2018 torus+1,4,7,5,0,3,3.5,3.302777777777778,0.48,0.58,0.4970246913580246,10.604,0.9033882358777012,0.6,1,0.8,0,18,9,17.84556761494941,4.104531760655398,0.2300028695762521,,,
torus_plus1,RGA Fall 2018 torus+1,4,7,5,1,3,3.5,3.302777777777778,0.48,0.58,0.4970246913580246,10.604,0.9033882358777012,0.6,1,0.8,18,36,27,29.16770309478357,5.868842079719599,0.2012102927902197,,,
torus_plus1,RGA Fall 2018 torus+1,4,7,5,2,3,3.5,3.302777777777778,0.48,0.58,0.4970246913580246,10.604,0.9033882358777012,0.6,1,0.8,36,54,45,61.46671082904663,10.06929065927254,0.1638169754564809,,,
torus_plus1,RGA Fall 2018 torus+1,4,7,5,3,3,3.5,3.302777777777778,0.48,0.58,0.4970246913580246,10.604,0.9033882358777012,0.6,1,0.8,54,72,63,52.09724133582328,8.800087766841299,0.1689165787131641,,,
torus_plus1,RGA Fall 2018 torus+1,4,7,5,4,3,3.5,3.302777777777778,0.48,0.58,0.4970246913580246,10.604,0.9033882358777012,0.6,1,0.8,72,90,81,43.9094242965162,6.727504208079261,0.1532132182523975,,,
torus_plus1,RGA Fall 2018 torus+1,4,7,5,5,3,3.5,3.302777777777778,0.48,0.58,0.4970246913580246,10.604,0.9033882358777012,0.6,1,0.8,90,108,99,49.94299178586159,7.296620417441311,0.1460989851934925,,,
torus_plus1,RGA Fall 2018 torus+1,4,7,5,6,3,3.5,3.302777777777778,0.48,0.58,0.4970246913580246,10.604,0.9033882358777012,0.6,1,0.8,108,126,117,47.97182723548352,6.141005392336243,0.1280127471941261,,,
torus_plus1,RGA Fall 2018 torus+1,4,7,5,7,3,3.5,3.302777777777778,0.48,0.58,0.4970246913580246,10.604,0.9033882358777012,0.6,1,0.8,126,144,135,42.45603362515749,14.02372015264299,0.3303115942590825,,,
torus_plus1,RGA Fall 2018 torus+1,4,7,5,12,3,3.5,3.302777777777778,0.48,0.58,0.4970246913580246,10.604,0.9033882358777012,0.6,1,0.8,216,234,225,15.18037825839748,9.207864113874976,0.6065635491514429,,,
torus_plus1,RGA Fall 2018 torus+1,4,7,5,13,3,3.5,3.302777777777778,0.48,0.58,0.4970246913580246,10.604,0.9033882358777012,0.6,1,0.8,234,252,243,40.69939008103827,6.820156657848937,0.1675739278713768,,,
torus_plus1,RGA Fall 2018 torus+1,4,7,5,14,3,3.5,3.302777777777778,0.48,0.58,0.4970246913580246,10.604,0.9033882358777012,0.6,1,0.8,252,270,261,60.048896199818,8.688535329442971,0.1446910081499434,,,
torus_plus1,RGA Fall 2018 torus+1,4,7,5,15,3,3.5,3.302777777777778,0.48,0.58,0.4970246913580246,10.604,0.9033882358777012,0.6,1,0.8,270,288,279,47.02155095972526,6.921343084892439,0.1471951252909689,,,
torus_plus1,RGA Fall 2018 torus+1,4,7,5,16,3,3.5,3.302777777777778,0.48,0.58,0.4970246913580246,10.604,0.9033882358777012,0.6,1,0.8,288,306,297,36.46347243206783,7.984629629957881,0.2189761176704551,,,
torus_plus1,RGA Fall 2018 torus+1,4,7,5,17,3,3.5,3.302777777777778,0.48,0.58,0.4970246913580246,10.604,0.9033882358777012,0.6,1,0.8,306,324,315,24.97575519933392,6.729827254559572,0.2694544049158141,,,
torus_plus1,RGA Fall 2018 torus+1,4,7,5,18,3,3.5,3.302777777777778,0.48,0.58,0.4970246913580246,10.604,0.9033882358777012,0.6,1,0.8,324,342,333,29.94451691355313,6.286669741117694,0.2099439359555103,,,
torus_plus1,RGA Fall 2018 torus+1,4,7,5,19,3,3.5,3.302777777777778,0.48,0.58,0.4970246913580246,10.604,0.9033882358777012,0.6,1,0.8,342,360,351,21.09684865117718,3.8083415717583,0.1805170826565985,,,
torus_plus1,RGA Fall 2018 torus+1,4,7,6,0,3,3.5,3.302777777777778,0.48,0.58,0.4970246913580246,10.604,0.9033882358777012,1,1.5,1.25,0,18,9,8.705698123800122,2.832460855356019,0.3253571184156363,,,
torus_plus1,RGA Fall 2018 torus+1,4,7,6,1,3,3.5,3.302777777777778,0.48,0.58,0.4970246913580246,10.604,0.9033882358777012,1,1.5,1.25,18,36,27,14.34360935736828,4.569468551242207,0.3185717372381506,,,
torus_plus1,RGA Fall 2018 torus+1,4,7,6,2,3,3.5,3.302777777777778,0.48,0.58,0.4970246913580246,10.604,0.9033882358777012,1,1.5,1.25,36,54,45,12.83838948552544,3.957373535671898,0.3082453247063125,,,
torus_plus1,RGA Fall 2018 torus+1,4,7,6,3,3,3.5,3.302777777777778,0.48,0.58,0.4970246913580246,10.604,0.9033882358777012,1,1.5,1.25,54,72,63,21.42870377668786,6.478275002877228,0.3023176329463707,,,
torus_plus1,RGA Fall 2018 torus+1,4,7,6,4,3,3.5,3.302777777777778,0.48,0.58,0.4970246913580246,10.604,0.9033882358777012,1,1.5,1.25,72,90,81,25.79735988680607,5.201993866580996,0.2016483039119646,,,
torus_plus1,RGA Fall 2018 torus+1,4,7,6,5,3,3.5,3.302777777777778,0.48,0.58,0.4970246913580246,10.604,0.9033882358777012,1,1.5,1.25,90,108,99,31.41762248442837,4.739698938344232,0.1508611589146628,,,
torus_plus1,RGA Fall 2018 torus+1,4,7,6,6,3,3.5,3.302777777777778,0.48,0.58,0.4970246913580246,10.604,0.9033882358777012,1,1.5,1.25,108,126,117,17.47512646111739,3.732200515822971,0.2135721606437135,,,
torus_plus1,RGA Fall 2018 torus+1,4,7,6,7,3,3.5,3.302777777777778,0.48,0.58,0.4970246913580246,10.604,0.9033882358777012,1,1.5,1.25,126,144,135,27.52098140162705,7.239114729855785,0.2630398467340924,,,
torus_plus1,RGA Fall 2018 torus+1,4,7,6,12,3,3.5,3.302777777777778,0.48,0.58,0.4970246913580246,10.604,0.9033882358777012,1,1.5,1.25,216,234,225,19.43751840266584,6.515116918306265,0.3351825466265653,,,
torus_plus1,RGA Fall 2018 torus+1,4,7,6,13,3,3.5,3.302777777777778,0.48,0.58,0.4970246913580246,10.604,0.9033882358777012,1,1.5,1.25,234,252,243,22.61726833369078,4.210228135126884,0.1861510449896069,,,
torus_plus1,RGA Fall 2018 torus+1,4,7,6,14,3,3.5,3.302777777777778,0.48,0.58,0.4970246913580246,10.604,0.9033882358777012,1,1.5,1.25,252,270,261,26.27945988133954,4.033126833996497,0.1534706897404817,,,
torus_plus1,RGA Fall 2018 torus+1,4,7,6,15,3,3.5,3.302777777777778,0.48,0.58,0.4970246913580246,10.604,0.9033882358777012,1,1.5,1.25,270,288,279,30.56652971622585,5.120720178769389,0.1675270377864034,,,
torus_plus1,RGA Fall 2018 torus+1,4,7,6,16,3,3.5,3.302777777777778,0.48,0.58,0.4970246913580246,10.604,0.9033882358777012,1,1.5,1.25,288,306,297,20.23762400813492,5.118487407012055,0.252919384457117,,,
torus_plus1,RGA Fall 2018 torus+1,4,7,6,17,3,3.5,3.302777777777778,0.48,0.58,0.4970246913580246,10.604,0.9033882358777012,1,1.5,1.25,306,324,315,16.80399821267318,4.686912559986815,0.2789165114557116,,,
torus_plus1,RGA Fall 2018 torus+1,4,7,6,18,3,3.5,3.302777777777778,0.48,0.58,0.4970246913580246,10.604,0.9033882358777012,1,1.5,1.25,324,342,333,14.56975388524247,4.224574058404814,0.2899550734816348,,,
torus_plus1,RGA Fall 2018 torus+1,4,7,6,19,3,3.5,3.302777777777778,0.48,0.58,0.4970246913580246,10.604,0.9033882358777012,1,1.5,1.25,342,360,351,11.04232509963806,3.557878689080071,0.3222037620678899,,,
torus_plus1,RGA Fall 2018 torus+1,4,7,7,0,3,3.5,3.302777777777778,0.48,0.58,0.4970246913580246,10.604,0.9033882358777012,1.5,2,1.75,0,18,9,2.970957186511509,2.518871302789234,0.8478315723381012,,,
torus_plus1,RGA Fall 2018 torus+1,4,7,7,1,3,3.5,3.302777777777778,0.48,0.58,0.4970246913580246,10.604,0.9033882358777012,1.5,2,1.75,18,36,27,5.14524764480736,3.404642279293803,0.6617062023690551,,,
torus_plus1,RGA Fall 2018 torus+1,4,7,7,2,3,3.5,3.302777777777778,0.48,0.58,0.4970246913580246,10.604,0.9033882358777012,1.5,2,1.75,36,54,45,3.654004182553961,2.236884552705612,0.612173506364775,,,
torus_plus1,RGA Fall 2018 torus+1,4,7,7,3,3,3.5,3.302777777777778,0.48,0.58,0.4970246913580246,10.604,0.9033882358777012,1.5,2,1.75,54,72,63,5.158416540962265,3.763035752141562,0.7294943559248892,,,
torus_plus1,RGA Fall 2018 torus+1,4,7,7,4,3,3.5,3.302777777777778,0.48,0.58,0.4970246913580246,10.604,0.9033882358777012,1.5,2,1.75,72,90,81,8.857278028396067,2.802836397344365,0.3164444413236874,,,
torus_plus1,RGA Fall 2018 torus+1,4,7,7,5,3,3.5,3.302777777777778,0.48,0.58,0.4970246913580246,10.604,0.9033882358777012,1.5,2,1.75,90,108,99,22.68242266377538,5.500764040468557,0.2425121920178954,,,
torus_plus1,RGA Fall 2018 torus+1,4,7,7,6,3,3.5,3.302777777777778,0.48,0.58,0.4970246913580246,10.604,0.9033882358777012,1.5,2,1.75,108,126,117,12.92138763130987,5.691045275946518,0.4404360768619402,,,
torus_plus1,RGA Fall 2018 torus+1,4,7,7,12,3,3.5,3.302777777777778,0.48,0.58,0.4970246913580246,10.604,0.9033882358777012,1.5,2,1.75,216,234,225,7.686834553717185,6.315488396932082,0.8215980652111278,,,
torus_plus1,RGA Fall 2018 torus+1,4,7,7,13,3,3.5,3.302777777777778,0.48,0.58,0.4970246913580246,10.604,0.9033882358777012,1.5,2,1.75,234,252,243,4.737159222872497,3.015187344589679,0.6364969389315446,,,
torus_plus1,RGA Fall 2018 torus+1,4,7,7,14,3,3.5,3.302777777777778,0.48,0.58,0.4970246913580246,10.604,0.9033882358777012,1.5,2,1.75,252,270,261,15.06847091122904,3.495298511080958,0.2319610617210177,,,
torus_plus1,RGA Fall 2018 torus+1,4,7,7,15,3,3.5,3.302777777777778,0.48,0.58,0.4970246913580246,10.604,0.9033882358777012,1.5,2,1.75,270,288,279,14.74309195315732,3.382673029944777,0.2294412217391317,,,
torus_plus1,RGA Fall 2018 torus+1,4,7,7,16,3,3.5,3.302777777777778,0.48,0.58,0.4970246913580246,10.604,0.9033882358777012,1.5,2,1.75,288,306,297,10.95308779629175,4.41041919560913,0.4026644611670427,,,
torus_plus1,RGA Fall 2018 torus+1,4,7,7,17,3,3.5,3.302777777777778,0.48,0.58,0.4970246913580246,10.604,0.9033882358777012,1.5,2,1.75,306,324,315,5.222186891530182,2.401512115235149,0.4598671332751686,,,
torus_plus1,RGA Fall 2018 torus+1,4,7,7,18,3,3.5,3.302777777777778,0.48,0.58,0.4970246913580246,10.604,0.9033882358777012,1.5,2,1.75,324,342,333,2.543558069674221,1.972058150757603,0.7753147743193392,,,
torus_plus1,RGA Fall 2018 torus+1,4,7,7,19,3,3.5,3.302777777777778,0.48,0.58,0.4970246913580246,10.604,0.9033882358777012,1.5,2,1.75,342,360,351,2.641974054277355,3.558950767693577,1.347080135753657,,,
torus_plus1,RGA Fall 2018 torus+1,5,3,0,19,3.5,4,3.6775,0.2,0.25,0.238859375,10.604,0.4086101150215446,0.09,0.15,0.12,342,360,351,24.89320562022988,17.13037228082354,0.6881545326931401,,,
torus_plus1,RGA Fall 2018 torus+1,5,3,1,0,3.5,4,3.6775,0.2,0.25,0.238859375,10.604,0.4086101150215446,0.15,0.2,0.175,0,18,9,6.126232671346838,6.620706911434648,1.080714244237005,,,
torus_plus1,RGA Fall 2018 torus+1,5,3,1,2,3.5,4,3.6775,0.2,0.25,0.238859375,10.604,0.4086101150215446,0.15,0.2,0.175,36,54,45,19.36423900464912,19.89249813128551,1.027280138739744,,,
torus_plus1,RGA Fall 2018 torus+1,5,3,1,3,3.5,4,3.6775,0.2,0.25,0.238859375,10.604,0.4086101150215446,0.15,0.2,0.175,54,72,63,57.5269624350539,39.95318293481159,0.6945122989922762,,,
torus_plus1,RGA Fall 2018 torus+1,5,3,1,19,3.5,4,3.6775,0.2,0.25,0.238859375,10.604,0.4086101150215446,0.15,0.2,0.175,342,360,351,6.171477346722086,11.12086820324784,1.801978291171168,,,
torus_plus1,RGA Fall 2018 torus+1,5,3,2,0,3.5,4,3.6775,0.2,0.25,0.238859375,10.604,0.4086101150215446,0.2,0.3,0.25,0,18,9,0.7373823759994254,1.299725470623788,1.762620741867041,,,
torus_plus1,RGA Fall 2018 torus+1,5,3,2,1,3.5,4,3.6775,0.2,0.25,0.238859375,10.604,0.4086101150215446,0.2,0.3,0.25,18,36,27,1.797105960715293,2.601211810073829,1.447444873555748,,,
torus_plus1,RGA Fall 2018 torus+1,5,3,2,2,3.5,4,3.6775,0.2,0.25,0.238859375,10.604,0.4086101150215446,0.2,0.3,0.25,36,54,45,4.72508145477113,7.679665862701659,1.625298089823859,,,
torus_plus1,RGA Fall 2018 torus+1,5,3,2,4,3.5,4,3.6775,0.2,0.25,0.238859375,10.604,0.4086101150215446,0.2,0.3,0.25,72,90,81,5.965279328213933,10.07019100916967,1.688134026103483,,,
torus_plus1,RGA Fall 2018 torus+1,5,3,2,5,3.5,4,3.6775,0.2,0.25,0.238859375,10.604,0.4086101150215446,0.2,0.3,0.25,90,108,99,25.09850699632805,23.15262840193785,0.922470344762942,,,
torus_plus1,RGA Fall 2018 torus+1,5,3,2,14,3.5,4,3.6775,0.2,0.25,0.238859375,10.604,0.4086101150215446,0.2,0.3,0.25,252,270,261,20.37529512079517,13.93854782231424,0.6840905979363441,,,
torus_plus1,RGA Fall 2018 torus+1,5,3,2,18,3.5,4,3.6775,0.2,0.25,0.238859375,10.604,0.4086101150215446,0.2,0.3,0.25,324,342,333,5.629102032242104,5.908688983328629,1.049668126369911,,,
torus_plus1,RGA Fall 2018 torus+1,5,3,2,19,3.5,4,3.6775,0.2,0.25,0.238859375,10.604,0.4086101150215446,0.2,0.3,0.25,342,360,351,3.485175629237533,2.799795777335597,0.8033442429264664,,,
torus_plus1,RGA Fall 2018 torus+1,5,3,3,0,3.5,4,3.6775,0.2,0.25,0.238859375,10.604,0.4086101150215446,0.3,0.4,0.35,0,18,9,1.0899700597835,1.583884718870823,1.453145161790434,,,
torus_plus1,RGA Fall 2018 torus+1,5,3,3,1,3.5,4,3.6775,0.2,0.25,0.238859375,10.604,0.4086101150215446,0.3,0.4,0.35,18,36,27,3.402020390297005,2.813663263860747,0.8270565549476638,,,
torus_plus1,RGA Fall 2018 torus+1,5,3,3,2,3.5,4,3.6775,0.2,0.25,0.238859375,10.604,0.4086101150215446,0.3,0.4,0.35,36,54,45,3.558000929236595,4.908445026710021,1.37955136165835,,,
torus_plus1,RGA Fall 2018 torus+1,5,3,3,5,3.5,4,3.6775,0.2,0.25,0.238859375,10.604,0.4086101150215446,0.3,0.4,0.35,90,108,99,2.561987549070313,4.191960804610316,1.636214354801015,,,
torus_plus1,RGA Fall 2018 torus+1,5,3,3,6,3.5,4,3.6775,0.2,0.25,0.238859375,10.604,0.4086101150215446,0.3,0.4,0.35,108,126,117,32.10491842431792,21.72927046632088,0.6768206098247557,,,
torus_plus1,RGA Fall 2018 torus+1,5,3,3,7,3.5,4,3.6775,0.2,0.25,0.238859375,10.604,0.4086101150215446,0.3,0.4,0.35,126,144,135,4.766092724708272,5.774847206340819,1.211652298832329,,,
torus_plus1,RGA Fall 2018 torus+1,5,3,3,8,3.5,4,3.6775,0.2,0.25,0.238859375,10.604,0.4086101150215446,0.3,0.4,0.35,144,162,153,3.780676967441629,4.329156699643066,1.145074476588406,,,
torus_plus1,RGA Fall 2018 torus+1,5,3,3,9,3.5,4,3.6775,0.2,0.25,0.238859375,10.604,0.4086101150215446,0.3,0.4,0.35,162,180,171,3.745726870614565,4.439828488123862,1.18530491984201,,,
torus_plus1,RGA Fall 2018 torus+1,5,3,3,12,3.5,4,3.6775,0.2,0.25,0.238859375,10.604,0.4086101150215446,0.3,0.4,0.35,216,234,225,6.369961362906208,6.59657276600887,1.035575004335548,,,
torus_plus1,RGA Fall 2018 torus+1,5,3,3,14,3.5,4,3.6775,0.2,0.25,0.238859375,10.604,0.4086101150215446,0.3,0.4,0.35,252,270,261,6.409951566160117,7.561821014785368,1.179700179749608,,,
torus_plus1,RGA Fall 2018 torus+1,5,3,3,17,3.5,4,3.6775,0.2,0.25,0.238859375,10.604,0.4086101150215446,0.3,0.4,0.35,306,324,315,8.473326041183606,7.049441912041028,0.8319568818405009,,,
torus_plus1,RGA Fall 2018 torus+1,5,3,3,18,3.5,4,3.6775,0.2,0.25,0.238859375,10.604,0.4086101150215446,0.3,0.4,0.35,324,342,333,3.493568435597417,3.554777610929697,1.017520531359453,,,
torus_plus1,RGA Fall 2018 torus+1,5,3,3,19,3.5,4,3.6775,0.2,0.25,0.238859375,10.604,0.4086101150215446,0.3,0.4,0.35,342,360,351,6.787881844117033,4.389513474110619,0.6466691045771447,,,
torus_plus1,RGA Fall 2018 torus+1,5,3,4,0,3.5,4,3.6775,0.2,0.25,0.238859375,10.604,0.4086101150215446,0.4,0.6,0.5,0,18,9,4.489213160718921,4.032338161455504,0.8982282678708331,,,
torus_plus1,RGA Fall 2018 torus+1,5,3,4,1,3.5,4,3.6775,0.2,0.25,0.238859375,10.604,0.4086101150215446,0.4,0.6,0.5,18,36,27,3.536127937403296,2.010453288953961,0.5685465357993547,,,
torus_plus1,RGA Fall 2018 torus+1,5,3,4,2,3.5,4,3.6775,0.2,0.25,0.238859375,10.604,0.4086101150215446,0.4,0.6,0.5,36,54,45,1.251044709702397,2.74218208218267,2.191913734909595,,,
torus_plus1,RGA Fall 2018 torus+1,5,3,4,4,3.5,4,3.6775,0.2,0.25,0.238859375,10.604,0.4086101150215446,0.4,0.6,0.5,72,90,81,2.920107213532275,2.855938083138107,0.9780250772653837,,,
torus_plus1,RGA Fall 2018 torus+1,5,3,4,5,3.5,4,3.6775,0.2,0.25,0.238859375,10.604,0.4086101150215446,0.4,0.6,0.5,90,108,99,3.900767705268925,2.753273854750533,0.7058287144429479,,,
torus_plus1,RGA Fall 2018 torus+1,5,3,4,6,3.5,4,3.6775,0.2,0.25,0.238859375,10.604,0.4086101150215446,0.4,0.6,0.5,108,126,117,4.210373925836019,4.269166807766517,1.013963814845453,,,
torus_plus1,RGA Fall 2018 torus+1,5,3,4,7,3.5,4,3.6775,0.2,0.25,0.238859375,10.604,0.4086101150215446,0.4,0.6,0.5,126,144,135,7.631834568579343,4.340070026131536,0.5686797829711651,,,
torus_plus1,RGA Fall 2018 torus+1,5,3,4,8,3.5,4,3.6775,0.2,0.25,0.238859375,10.604,0.4086101150215446,0.4,0.6,0.5,144,162,153,2.56229779365552,2.257442422268271,0.8810226617132096,,,
torus_plus1,RGA Fall 2018 torus+1,5,3,4,9,3.5,4,3.6775,0.2,0.25,0.238859375,10.604,0.4086101150215446,0.4,0.6,0.5,162,180,171,0.8306212799384133,1.098960933474187,1.323058968048194,,,
torus_plus1,RGA Fall 2018 torus+1,5,3,4,10,3.5,4,3.6775,0.2,0.25,0.238859375,10.604,0.4086101150215446,0.4,0.6,0.5,180,198,189,12.4348731720934,7.382511750310062,0.593694173486067,,,
torus_plus1,RGA Fall 2018 torus+1,5,3,4,12,3.5,4,3.6775,0.2,0.25,0.238859375,10.604,0.4086101150215446,0.4,0.6,0.5,216,234,225,23.10418203375678,15.61395691892654,0.6758065226508986,,,
torus_plus1,RGA Fall 2018 torus+1,5,3,4,13,3.5,4,3.6775,0.2,0.25,0.238859375,10.604,0.4086101150215446,0.4,0.6,0.5,234,252,243,0.5017638115629788,2.713716806926736,5.408354975767566,,,
torus_plus1,RGA Fall 2018 torus+1,5,3,4,14,3.5,4,3.6775,0.2,0.25,0.238859375,10.604,0.4086101150215446,0.4,0.6,0.5,252,270,261,10.07603917995471,7.027944481427672,0.6974907854079287,,,
torus_plus1,RGA Fall 2018 torus+1,5,3,4,15,3.5,4,3.6775,0.2,0.25,0.238859375,10.604,0.4086101150215446,0.4,0.6,0.5,270,288,279,15.19783853450521,11.49815197229761,0.7565649514035949,,,
torus_plus1,RGA Fall 2018 torus+1,5,3,4,16,3.5,4,3.6775,0.2,0.25,0.238859375,10.604,0.4086101150215446,0.4,0.6,0.5,288,306,297,6.605117237385448,6.952048419879503,1.052524606305305,,,
torus_plus1,RGA Fall 2018 torus+1,5,3,4,17,3.5,4,3.6775,0.2,0.25,0.238859375,10.604,0.4086101150215446,0.4,0.6,0.5,306,324,315,8.586574673960667,5.347388867798674,0.6227615866446687,,,
torus_plus1,RGA Fall 2018 torus+1,5,3,4,18,3.5,4,3.6775,0.2,0.25,0.238859375,10.604,0.4086101150215446,0.4,0.6,0.5,324,342,333,2.399326436882741,1.712420036631996,0.7137086518568148,,,
torus_plus1,RGA Fall 2018 torus+1,5,3,4,19,3.5,4,3.6775,0.2,0.25,0.238859375,10.604,0.4086101150215446,0.4,0.6,0.5,342,360,351,5.467063873947585,5.916283224403834,1.082168301086975,,,
torus_plus1,RGA Fall 2018 torus+1,5,3,5,1,3.5,4,3.6775,0.2,0.25,0.238859375,10.604,0.4086101150215446,0.6,1,0.8,18,36,27,0.3192608884899446,0.5205543238717193,1.630498262201368,,,
torus_plus1,RGA Fall 2018 torus+1,5,3,5,2,3.5,4,3.6775,0.2,0.25,0.238859375,10.604,0.4086101150215446,0.6,1,0.8,36,54,45,2.204055201404011,1.464827531036739,0.6646056460399111,,,
torus_plus1,RGA Fall 2018 torus+1,5,3,5,3,3.5,4,3.6775,0.2,0.25,0.238859375,10.604,0.4086101150215446,0.6,1,0.8,54,72,63,2.1733309615305,2.572313891464991,1.1835813030766,,,
torus_plus1,RGA Fall 2018 torus+1,5,3,5,4,3.5,4,3.6775,0.2,0.25,0.238859375,10.604,0.4086101150215446,0.6,1,0.8,72,90,81,4.327905274955718,4.731353371381774,1.093220177151447,,,
torus_plus1,RGA Fall 2018 torus+1,5,3,5,5,3.5,4,3.6775,0.2,0.25,0.238859375,10.604,0.4086101150215446,0.6,1,0.8,90,108,99,3.133262386124723,2.980765245866717,0.9513295978870709,,,
torus_plus1,RGA Fall 2018 torus+1,5,3,5,6,3.5,4,3.6775,0.2,0.25,0.238859375,10.604,0.4086101150215446,0.6,1,0.8,108,126,117,1.43174569324034,1.435029059708901,1.002293260935977,,,
torus_plus1,RGA Fall 2018 torus+1,5,3,5,7,3.5,4,3.6775,0.2,0.25,0.238859375,10.604,0.4086101150215446,0.6,1,0.8,126,144,135,2.129052710289503,1.910421284787192,0.8973104684324222,,,
torus_plus1,RGA Fall 2018 torus+1,5,3,5,8,3.5,4,3.6775,0.2,0.25,0.238859375,10.604,0.4086101150215446,0.6,1,0.8,144,162,153,1.7740362512478,1.331986809736135,0.7508227685873153,,,
torus_plus1,RGA Fall 2018 torus+1,5,3,5,9,3.5,4,3.6775,0.2,0.25,0.238859375,10.604,0.4086101150215446,0.6,1,0.8,162,180,171,3.099800199257863,2.828789166620718,0.9125714513141753,,,
torus_plus1,RGA Fall 2018 torus+1,5,3,5,10,3.5,4,3.6775,0.2,0.25,0.238859375,10.604,0.4086101150215446,0.6,1,0.8,180,198,189,2.069760988678786,2.034484306600027,0.9829561566423778,,,
torus_plus1,RGA Fall 2018 torus+1,5,3,5,12,3.5,4,3.6775,0.2,0.25,0.238859375,10.604,0.4086101150215446,0.6,1,0.8,216,234,225,1.576401929624429,2.043149561485285,1.296084154104059,,,
torus_plus1,RGA Fall 2018 torus+1,5,3,5,13,3.5,4,3.6775,0.2,0.25,0.238859375,10.604,0.4086101150215446,0.6,1,0.8,234,252,243,1.793223540765771,1.560382080116303,0.8701548048214692,,,
torus_plus1,RGA Fall 2018 torus+1,5,3,5,14,3.5,4,3.6775,0.2,0.25,0.238859375,10.604,0.4086101150215446,0.6,1,0.8,252,270,261,1.794152422068461,0.9697189503228748,0.5404886108867467,,,
torus_plus1,RGA Fall 2018 torus+1,5,3,5,15,3.5,4,3.6775,0.2,0.25,0.238859375,10.604,0.4086101150215446,0.6,1,0.8,270,288,279,7.634900621946185,4.157965206693822,0.5445997810032961,,,
torus_plus1,RGA Fall 2018 torus+1,5,3,5,16,3.5,4,3.6775,0.2,0.25,0.238859375,10.604,0.4086101150215446,0.6,1,0.8,288,306,297,3.299652145281335,3.38883915585286,1.027029216003592,,,
torus_plus1,RGA Fall 2018 torus+1,5,3,5,17,3.5,4,3.6775,0.2,0.25,0.238859375,10.604,0.4086101150215446,0.6,1,0.8,306,324,315,5.123250130356368,2.580344422132024,0.5036538050022042,,,
torus_plus1,RGA Fall 2018 torus+1,5,3,5,18,3.5,4,3.6775,0.2,0.25,0.238859375,10.604,0.4086101150215446,0.6,1,0.8,324,342,333,0.7283005874570867,0.6248059181567165,0.8578956668678118,,,
torus_plus1,RGA Fall 2018 torus+1,5,3,6,1,3.5,4,3.6775,0.2,0.25,0.238859375,10.604,0.4086101150215446,1,1.5,1.25,18,36,27,0.6426643009914405,0.6846565695020944,1.065340907291524,,,
torus_plus1,RGA Fall 2018 torus+1,5,3,6,2,3.5,4,3.6775,0.2,0.25,0.238859375,10.604,0.4086101150215446,1,1.5,1.25,36,54,45,3.336267407985278,3.021435385002206,0.9056334566499288,,,
torus_plus1,RGA Fall 2018 torus+1,5,3,6,6,3.5,4,3.6775,0.2,0.25,0.238859375,10.604,0.4086101150215446,1,1.5,1.25,108,126,117,4.157350370801898,3.798942721511019,0.9137894049517538,,,
torus_plus1,RGA Fall 2018 torus+1,5,3,6,7,3.5,4,3.6775,0.2,0.25,0.238859375,10.604,0.4086101150215446,1,1.5,1.25,126,144,135,1.675879966127852,2.249731418324446,1.342417991619344,,,
torus_plus1,RGA Fall 2018 torus+1,5,3,6,8,3.5,4,3.6775,0.2,0.25,0.238859375,10.604,0.4086101150215446,1,1.5,1.25,144,162,153,3.354702731861229,2.292879228227299,0.6834820881298125,,,
torus_plus1,RGA Fall 2018 torus+1,5,3,6,9,3.5,4,3.6775,0.2,0.25,0.238859375,10.604,0.4086101150215446,1,1.5,1.25,162,180,171,0.9313988282967053,1.101175811343831,1.182281722812133,,,
torus_plus1,RGA Fall 2018 torus+1,5,3,6,11,3.5,4,3.6775,0.2,0.25,0.238859375,10.604,0.4086101150215446,1,1.5,1.25,198,216,207,4.395049620701053,3.485415215032935,0.7930320510185679,,,
torus_plus1,RGA Fall 2018 torus+1,5,3,6,12,3.5,4,3.6775,0.2,0.25,0.238859375,10.604,0.4086101150215446,1,1.5,1.25,216,234,225,1.232446850549263,1.609362560889123,1.30582715203652,,,
torus_plus1,RGA Fall 2018 torus+1,5,3,6,13,3.5,4,3.6775,0.2,0.25,0.238859375,10.604,0.4086101150215446,1,1.5,1.25,234,252,243,2.703306810465566,2.472948595813403,0.9147865074876609,,,
torus_plus1,RGA Fall 2018 torus+1,5,3,6,14,3.5,4,3.6775,0.2,0.25,0.238859375,10.604,0.4086101150215446,1,1.5,1.25,252,270,261,2.665854280752324,1.81241671816865,0.6798633861026987,,,
torus_plus1,RGA Fall 2018 torus+1,5,3,6,15,3.5,4,3.6775,0.2,0.25,0.238859375,10.604,0.4086101150215446,1,1.5,1.25,270,288,279,2.514593668249034,2.543963788234817,1.011679867151751,,,
torus_plus1,RGA Fall 2018 torus+1,5,3,7,3,3.5,4,3.6775,0.2,0.25,0.238859375,10.604,0.4086101150215446,1.5,2,1.75,54,72,63,0.8461335351377048,1.252594079272996,1.480373992113599,,,
torus_plus1,RGA Fall 2018 torus+1,5,3,7,8,3.5,4,3.6775,0.2,0.25,0.238859375,10.604,0.4086101150215446,1.5,2,1.75,144,162,153,0.1537987793875933,0.2436836241497178,1.584431457258856,,,
torus_plus1,RGA Fall 2018 torus+1,5,3,7,9,3.5,4,3.6775,0.2,0.25,0.238859375,10.604,0.4086101150215446,1.5,2,1.75,162,180,171,1.129959409314854,1.027136133679157,0.9090026820538245,,,
torus_plus1,RGA Fall 2018 torus+1,5,3,7,11,3.5,4,3.6775,0.2,0.25,0.238859375,10.604,0.4086101150215446,1.5,2,1.75,198,216,207,0.6380789398027505,0.722802692726017,1.132779422165943,,,
torus_plus1,RGA Fall 2018 torus+1,5,3,7,12,3.5,4,3.6775,0.2,0.25,0.238859375,10.604,0.4086101150215446,1.5,2,1.75,216,234,225,1.5266689264412,2.012935774055537,1.31851493090114,,,
torus_plus1,RGA Fall 2018 torus+1,5,3,7,13,3.5,4,3.6775,0.2,0.25,0.238859375,10.604,0.4086101150215446,1.5,2,1.75,234,252,243,0.3280934215160956,0.5887001407859151,1.794306444992329,,,
torus_plus1,RGA Fall 2018 torus+1,5,3,7,14,3.5,4,3.6775,0.2,0.25,0.238859375,10.604,0.4086101150215446,1.5,2,1.75,252,270,261,1.383190043139449,1.98764577735809,1.437001218463587,,,
torus_plus1,RGA Fall 2018 torus+1,5,3,7,15,3.5,4,3.6775,0.2,0.25,0.238859375,10.604,0.4086101150215446,1.5,2,1.75,270,288,279,5.040365191182294,3.679177933251706,0.7299427310719719,,,
torus_plus1,RGA Fall 2018 torus+1,5,3,7,16,3.5,4,3.6775,0.2,0.25,0.238859375,10.604,0.4086101150215446,1.5,2,1.75,288,306,297,1.33813524180261,2.028898380742528,1.516213247630627,,,
torus_plus1,RGA Fall 2018 torus+1,5,3,7,18,3.5,4,3.6775,0.2,0.25,0.238859375,10.604,0.4086101150215446,1.5,2,1.75,324,342,333,1.382144990683736,1.717301771978957,1.242490320157671,,,
torus_plus1,RGA Fall 2018 torus+1,5,4,1,1,3.5,4,3.75,0.25,0.3,0.275,10.604,0.5492040799138768,0.15,0.2,0.175,18,36,27,40.00288713454049,24.16668735938871,0.6041235793334023,,,
torus_plus1,RGA Fall 2018 torus+1,5,4,2,0,3.5,4,3.75,0.25,0.3,0.275,10.604,0.5492040799138768,0.2,0.3,0.25,0,18,9,4.684621589548449,5.474210583324006,1.168549151448466,,,
torus_plus1,RGA Fall 2018 torus+1,5,4,2,1,3.5,4,3.75,0.25,0.3,0.275,10.604,0.5492040799138768,0.2,0.3,0.25,18,36,27,6.837734539096544,5.481559440938286,0.8016630961023755,,,
torus_plus1,RGA Fall 2018 torus+1,5,4,2,2,3.5,4,3.75,0.25,0.3,0.275,10.604,0.5492040799138768,0.2,0.3,0.25,36,54,45,9.703943417326931,6.883934064127944,0.7093955279908472,,,
torus_plus1,RGA Fall 2018 torus+1,5,4,2,3,3.5,4,3.75,0.25,0.3,0.275,10.604,0.5492040799138768,0.2,0.3,0.25,54,72,63,9.211498820045225,8.181731443966564,0.8882084885211324,,,
torus_plus1,RGA Fall 2018 torus+1,5,4,2,4,3.5,4,3.75,0.25,0.3,0.275,10.604,0.5492040799138768,0.2,0.3,0.25,72,90,81,7.952790583500184,6.891857726351942,0.8665961531353057,,,
torus_plus1,RGA Fall 2018 torus+1,5,4,2,5,3.5,4,3.75,0.25,0.3,0.275,10.604,0.5492040799138768,0.2,0.3,0.25,90,108,99,56.28557768078933,30.56656345218726,0.543062090000008,,,
torus_plus1,RGA Fall 2018 torus+1,5,4,2,15,3.5,4,3.75,0.25,0.3,0.275,10.604,0.5492040799138768,0.2,0.3,0.25,270,288,279,23.60129724030486,14.18126825064483,0.6008681686541758,,,
torus_plus1,RGA Fall 2018 torus+1,5,4,2,16,3.5,4,3.75,0.25,0.3,0.275,10.604,0.5492040799138768,0.2,0.3,0.25,288,306,297,4.119181211009694,5.187710064634262,1.259403216049009,,,
torus_plus1,RGA Fall 2018 torus+1,5,4,2,18,3.5,4,3.75,0.25,0.3,0.275,10.604,0.5492040799138768,0.2,0.3,0.25,324,342,333,6.188237807471052,6.223006615549857,1.005618531342934,,,
torus_plus1,RGA Fall 2018 torus+1,5,4,2,19,3.5,4,3.75,0.25,0.3,0.275,10.604,0.5492040799138768,0.2,0.3,0.25,342,360,351,7.564345154631208,5.363706919480379,0.7090774957824992,,,
torus_plus1,RGA Fall 2018 torus+1,5,4,3,0,3.5,4,3.75,0.25,0.3,0.275,10.604,0.5492040799138768,0.3,0.4,0.35,0,18,9,4.141574768975802,3.046726347298128,0.7356444148059106,,,
torus_plus1,RGA Fall 2018 torus+1,5,4,3,1,3.5,4,3.75,0.25,0.3,0.275,10.604,0.5492040799138768,0.3,0.4,0.35,18,36,27,13.40373077007655,7.281807187544218,0.5432671927282101,,,
torus_plus1,RGA Fall 2018 torus+1,5,4,3,2,3.5,4,3.75,0.25,0.3,0.275,10.604,0.5492040799138768,0.3,0.4,0.35,36,54,45,9.353665706285218,6.530810838022762,0.6982087069494443,,,
torus_plus1,RGA Fall 2018 torus+1,5,4,3,3,3.5,4,3.75,0.25,0.3,0.275,10.604,0.5492040799138768,0.3,0.4,0.35,54,72,63,10.06093470323928,7.900362900086121,0.7852513840033639,,,
torus_plus1,RGA Fall 2018 torus+1,5,4,3,4,3.5,4,3.75,0.25,0.3,0.275,10.604,0.5492040799138768,0.3,0.4,0.35,72,90,81,9.636355227720152,4.244215907079626,0.4404378841152121,,,
torus_plus1,RGA Fall 2018 torus+1,5,4,3,5,3.5,4,3.75,0.25,0.3,0.275,10.604,0.5492040799138768,0.3,0.4,0.35,90,108,99,6.405599645311773,4.02414753357598,0.6282233914698734,,,
torus_plus1,RGA Fall 2018 torus+1,5,4,3,6,3.5,4,3.75,0.25,0.3,0.275,10.604,0.5492040799138768,0.3,0.4,0.35,108,126,117,12.85521389945441,5.900758892113883,0.4590167801380823,,,
torus_plus1,RGA Fall 2018 torus+1,5,4,3,7,3.5,4,3.75,0.25,0.3,0.275,10.604,0.5492040799138768,0.3,0.4,0.35,126,144,135,9.570287358623567,4.172657713477163,0.4360012983013803,,,
torus_plus1,RGA Fall 2018 torus+1,5,4,3,8,3.5,4,3.75,0.25,0.3,0.275,10.604,0.5492040799138768,0.3,0.4,0.35,144,162,153,6.160506360624422,3.969319666402805,0.6443171119460511,,,
torus_plus1,RGA Fall 2018 torus+1,5,4,3,9,3.5,4,3.75,0.25,0.3,0.275,10.604,0.5492040799138768,0.3,0.4,0.35,162,180,171,0.9730192521903136,1.306312348669129,1.342534945458228,,,
torus_plus1,RGA Fall 2018 torus+1,5,4,3,10,3.5,4,3.75,0.25,0.3,0.275,10.604,0.5492040799138768,0.3,0.4,0.35,180,198,189,1.190269363390559,1.70663314616563,1.433820947305722,,,
torus_plus1,RGA Fall 2018 torus+1,5,4,3,11,3.5,4,3.75,0.25,0.3,0.275,10.604,0.5492040799138768,0.3,0.4,0.35,198,216,207,7.59548813888684,5.417905320994321,0.7133057444005626,,,
torus_plus1,RGA Fall 2018 torus+1,5,4,3,12,3.5,4,3.75,0.25,0.3,0.275,10.604,0.5492040799138768,0.3,0.4,0.35,216,234,225,8.619945728302104,7.03958323902176,0.8166621300072114,,,
torus_plus1,RGA Fall 2018 torus+1,5,4,3,13,3.5,4,3.75,0.25,0.3,0.275,10.604,0.5492040799138768,0.3,0.4,0.35,234,252,243,7.559759488669068,6.935216841961185,0.91738591053803,,,
torus_plus1,RGA Fall 2018 torus+1,5,4,3,14,3.5,4,3.75,0.25,0.3,0.275,10.604,0.5492040799138768,0.3,0.4,0.35,252,270,261,4.221406807223975,3.929216130525357,0.9307835775982074,,,
torus_plus1,RGA Fall 2018 torus+1,5,4,3,15,3.5,4,3.75,0.25,0.3,0.275,10.604,0.5492040799138768,0.3,0.4,0.35,270,288,279,9.252296624945892,7.776128174094905,0.8404538342544092,,,
torus_plus1,RGA Fall 2018 torus+1,5,4,3,16,3.5,4,3.75,0.25,0.3,0.275,10.604,0.5492040799138768,0.3,0.4,0.35,288,306,297,7.448420691343698,6.983202294644411,0.9375413371535326,,,
torus_plus1,RGA Fall 2018 torus+1,5,4,3,17,3.5,4,3.75,0.25,0.3,0.275,10.604,0.5492040799138768,0.3,0.4,0.35,306,324,315,15.89579202373329,10.7337973014284,0.6752603006759432,,,
torus_plus1,RGA Fall 2018 torus+1,5,4,3,18,3.5,4,3.75,0.25,0.3,0.275,10.604,0.5492040799138768,0.3,0.4,0.35,324,342,333,2.263904721078184,3.247790418180116,1.434596777833193,,,
torus_plus1,RGA Fall 2018 torus+1,5,4,3,19,3.5,4,3.75,0.25,0.3,0.275,10.604,0.5492040799138768,0.3,0.4,0.35,342,360,351,3.750072996309878,2.941920202515858,0.7844967832388186,,,
torus_plus1,RGA Fall 2018 torus+1,5,4,4,0,3.5,4,3.75,0.25,0.3,0.275,10.604,0.5492040799138768,0.4,0.6,0.5,0,18,9,4.731821909576251,1.681892207067164,0.3554428377076817,,,
torus_plus1,RGA Fall 2018 torus+1,5,4,4,1,3.5,4,3.75,0.25,0.3,0.275,10.604,0.5492040799138768,0.4,0.6,0.5,18,36,27,3.559816651776951,1.923405611014288,0.5403103022326116,,,
torus_plus1,RGA Fall 2018 torus+1,5,4,4,2,3.5,4,3.75,0.25,0.3,0.275,10.604,0.5492040799138768,0.4,0.6,0.5,36,54,45,0.7326632827770674,1.145523561538803,1.563506167794898,,,
torus_plus1,RGA Fall 2018 torus+1,5,4,4,3,3.5,4,3.75,0.25,0.3,0.275,10.604,0.5492040799138768,0.4,0.6,0.5,54,72,63,4.913389623894066,4.520024343928872,0.9199401411090548,,,
torus_plus1,RGA Fall 2018 torus+1,5,4,4,4,3.5,4,3.75,0.25,0.3,0.275,10.604,0.5492040799138768,0.4,0.6,0.5,72,90,81,7.53434490669155,2.881667939863922,0.382470934839285,,,
torus_plus1,RGA Fall 2018 torus+1,5,4,4,5,3.5,4,3.75,0.25,0.3,0.275,10.604,0.5492040799138768,0.4,0.6,0.5,90,108,99,13.97708930162418,3.701677733566006,0.2648389556426358,,,
torus_plus1,RGA Fall 2018 torus+1,5,4,4,6,3.5,4,3.75,0.25,0.3,0.275,10.604,0.5492040799138768,0.4,0.6,0.5,108,126,117,10.16240690196176,3.315660482154167,0.3262672430006821,,,
torus_plus1,RGA Fall 2018 torus+1,5,4,4,7,3.5,4,3.75,0.25,0.3,0.275,10.604,0.5492040799138768,0.4,0.6,0.5,126,144,135,3.084718012804355,1.405427631566718,0.4556097593792783,,,
torus_plus1,RGA Fall 2018 torus+1,5,4,4,8,3.5,4,3.75,0.25,0.3,0.275,10.604,0.5492040799138768,0.4,0.6,0.5,144,162,153,3.816705679477291,1.449122569846006,0.3796788884293713,,,
torus_plus1,RGA Fall 2018 torus+1,5,4,4,9,3.5,4,3.75,0.25,0.3,0.275,10.604,0.5492040799138768,0.4,0.6,0.5,162,180,171,5.140534515734833,1.494835488379675,0.290793784927245,,,
torus_plus1,RGA Fall 2018 torus+1,5,4,4,10,3.5,4,3.75,0.25,0.3,0.275,10.604,0.5492040799138768,0.4,0.6,0.5,180,198,189,2.151471720292863,1.038920999776169,0.4828885222970762,,,
torus_plus1,RGA Fall 2018 torus+1,5,4,4,11,3.5,4,3.75,0.25,0.3,0.275,10.604,0.5492040799138768,0.4,0.6,0.5,198,216,207,7.206643695485674,1.870000095164767,0.2594828014511328,,,
torus_plus1,RGA Fall 2018 torus+1,5,4,4,12,3.5,4,3.75,0.25,0.3,0.275,10.604,0.5492040799138768,0.4,0.6,0.5,216,234,225,4.649487430612021,2.153366009121679,0.4631405162951966,,,
torus_plus1,RGA Fall 2018 torus+1,5,4,4,13,3.5,4,3.75,0.25,0.3,0.275,10.604,0.5492040799138768,0.4,0.6,0.5,234,252,243,5.140992241872747,2.70568169359065,0.5262956188794076,,,
torus_plus1,RGA Fall 2018 torus+1,5,4,4,14,3.5,4,3.75,0.25,0.3,0.275,10.604,0.5492040799138768,0.4,0.6,0.5,252,270,261,6.038459458441975,2.549924171250197,0.4222805814627629,,,
torus_plus1,RGA Fall 2018 torus+1,5,4,4,15,3.5,4,3.75,0.25,0.3,0.275,10.604,0.5492040799138768,0.4,0.6,0.5,270,288,279,3.668965113743265,2.296182908358071,0.625839395353473,,,
torus_plus1,RGA Fall 2018 torus+1,5,4,4,16,3.5,4,3.75,0.25,0.3,0.275,10.604,0.5492040799138768,0.4,0.6,0.5,288,306,297,6.725728603722654,4.144700175009541,0.6162455280630075,,,
torus_plus1,RGA Fall 2018 torus+1,5,4,4,17,3.5,4,3.75,0.25,0.3,0.275,10.604,0.5492040799138768,0.4,0.6,0.5,306,324,315,8.71237982890651,4.752589826864731,0.5454984654245989,,,
torus_plus1,RGA Fall 2018 torus+1,5,4,4,18,3.5,4,3.75,0.25,0.3,0.275,10.604,0.5492040799138768,0.4,0.6,0.5,324,342,333,8.919366604971964,3.916304785579978,0.4390787999897766,,,
torus_plus1,RGA Fall 2018 torus+1,5,4,4,19,3.5,4,3.75,0.25,0.3,0.275,10.604,0.5492040799138768,0.4,0.6,0.5,342,360,351,3.834901154661336,1.765146438515251,0.460284728947892,,,
torus_plus1,RGA Fall 2018 torus+1,5,4,5,0,3.5,4,3.75,0.25,0.3,0.275,10.604,0.5492040799138768,0.6,1,0.8,0,18,9,1.570003881450208,0.6816698616027508,0.4341835518094989,,,
torus_plus1,RGA Fall 2018 torus+1,5,4,5,1,3.5,4,3.75,0.25,0.3,0.275,10.604,0.5492040799138768,0.6,1,0.8,18,36,27,2.900755025444513,1.195927457933694,0.4122814396401603,,,
torus_plus1,RGA Fall 2018 torus+1,5,4,5,2,3.5,4,3.75,0.25,0.3,0.275,10.604,0.5492040799138768,0.6,1,0.8,36,54,45,0.8962235279626236,1.282063374496875,1.430517426173108,,,
torus_plus1,RGA Fall 2018 torus+1,5,4,5,3,3.5,4,3.75,0.25,0.3,0.275,10.604,0.5492040799138768,0.6,1,0.8,54,72,63,3.779649293014716,2.254101605475942,0.5963785078265901,,,
torus_plus1,RGA Fall 2018 torus+1,5,4,5,4,3.5,4,3.75,0.25,0.3,0.275,10.604,0.5492040799138768,0.6,1,0.8,72,90,81,5.082168922390969,2.029282871562879,0.3992946520573695,,,
torus_plus1,RGA Fall 2018 torus+1,5,4,5,5,3.5,4,3.75,0.25,0.3,0.275,10.604,0.5492040799138768,0.6,1,0.8,90,108,99,5.768867859823827,1.561333396690086,0.2706481470244261,,,
torus_plus1,RGA Fall 2018 torus+1,5,4,5,6,3.5,4,3.75,0.25,0.3,0.275,10.604,0.5492040799138768,0.6,1,0.8,108,126,117,4.274889849994279,1.462571209819314,0.3421307357945775,,,
torus_plus1,RGA Fall 2018 torus+1,5,4,5,7,3.5,4,3.75,0.25,0.3,0.275,10.604,0.5492040799138768,0.6,1,0.8,126,144,135,3.579258491120807,0.9158644060028596,0.2558810458297093,,,
torus_plus1,RGA Fall 2018 torus+1,5,4,5,8,3.5,4,3.75,0.25,0.3,0.275,10.604,0.5492040799138768,0.6,1,0.8,144,162,153,3.185176050491234,0.7817337308763203,0.245428735644222,,,
torus_plus1,RGA Fall 2018 torus+1,5,4,5,9,3.5,4,3.75,0.25,0.3,0.275,10.604,0.5492040799138768,0.6,1,0.8,162,180,171,2.369755054786135,0.7488871240684184,0.3160187896027101,,,
torus_plus1,RGA Fall 2018 torus+1,5,4,5,10,3.5,4,3.75,0.25,0.3,0.275,10.604,0.5492040799138768,0.6,1,0.8,180,198,189,3.051773367370446,0.819866450672294,0.2686524692293026,,,
torus_plus1,RGA Fall 2018 torus+1,5,4,5,11,3.5,4,3.75,0.25,0.3,0.275,10.604,0.5492040799138768,0.6,1,0.8,198,216,207,1.959452606357867,0.7079993284167934,0.3613250589065214,,,
torus_plus1,RGA Fall 2018 torus+1,5,4,5,12,3.5,4,3.75,0.25,0.3,0.275,10.604,0.5492040799138768,0.6,1,0.8,216,234,225,2.907031633707696,1.071156361990948,0.3684708310603315,,,
torus_plus1,RGA Fall 2018 torus+1,5,4,5,13,3.5,4,3.75,0.25,0.3,0.275,10.604,0.5492040799138768,0.6,1,0.8,234,252,243,5.866496535523384,1.842809265642505,0.3141243252226856,,,
torus_plus1,RGA Fall 2018 torus+1,5,4,5,14,3.5,4,3.75,0.25,0.3,0.275,10.604,0.5492040799138768,0.6,1,0.8,252,270,261,3.960155263303353,1.217817131468699,0.3075175215359764,,,
torus_plus1,RGA Fall 2018 torus+1,5,4,5,15,3.5,4,3.75,0.25,0.3,0.275,10.604,0.5492040799138768,0.6,1,0.8,270,288,279,3.443877227163895,0.9616962107526436,0.2792481111600545,,,
torus_plus1,RGA Fall 2018 torus+1,5,4,5,16,3.5,4,3.75,0.25,0.3,0.275,10.604,0.5492040799138768,0.6,1,0.8,288,306,297,0.9413165379508778,0.6273230906261447,0.6664316043907446,,,
torus_plus1,RGA Fall 2018 torus+1,5,4,5,17,3.5,4,3.75,0.25,0.3,0.275,10.604,0.5492040799138768,0.6,1,0.8,306,324,315,2.559901458040239,1.353708587523739,0.5288127725666776,,,
torus_plus1,RGA Fall 2018 torus+1,5,4,5,18,3.5,4,3.75,0.25,0.3,0.275,10.604,0.5492040799138768,0.6,1,0.8,324,342,333,2.155393495781484,0.8802479085678614,0.4083931357734327,,,
torus_plus1,RGA Fall 2018 torus+1,5,4,5,19,3.5,4,3.75,0.25,0.3,0.275,10.604,0.5492040799138768,0.6,1,0.8,342,360,351,1.882963194150734,0.7980087485325944,0.4238047514744533,,,
torus_plus1,RGA Fall 2018 torus+1,5,4,6,1,3.5,4,3.75,0.25,0.3,0.275,10.604,0.5492040799138768,1,1.5,1.25,18,36,27,0.7041217086156537,0.4845398584438397,0.6881478763046159,,,
torus_plus1,RGA Fall 2018 torus+1,5,4,6,2,3.5,4,3.75,0.25,0.3,0.275,10.604,0.5492040799138768,1,1.5,1.25,36,54,45,1.339604024731694,1.317991800028469,0.9838667066504569,,,
torus_plus1,RGA Fall 2018 torus+1,5,4,6,3,3.5,4,3.75,0.25,0.3,0.275,10.604,0.5492040799138768,1,1.5,1.25,54,72,63,2.414233624587112,1.040563739276216,0.4310120315941567,,,
torus_plus1,RGA Fall 2018 torus+1,5,4,6,4,3.5,4,3.75,0.25,0.3,0.275,10.604,0.5492040799138768,1,1.5,1.25,72,90,81,2.121581703643913,0.818480503493442,0.3857878780193403,,,
torus_plus1,RGA Fall 2018 torus+1,5,4,6,5,3.5,4,3.75,0.25,0.3,0.275,10.604,0.5492040799138768,1,1.5,1.25,90,108,99,1.163510527884399,0.6730123649642707,0.5784325528949045,,,
torus_plus1,RGA Fall 2018 torus+1,5,4,6,6,3.5,4,3.75,0.25,0.3,0.275,10.604,0.5492040799138768,1,1.5,1.25,108,126,117,1.330165853323545,0.640817823468985,0.4817578363388605,,,
torus_plus1,RGA Fall 2018 torus+1,5,4,6,7,3.5,4,3.75,0.25,0.3,0.275,10.604,0.5492040799138768,1,1.5,1.25,126,144,135,1.266044560471984,0.3820626194387565,0.3017765972599912,,,
torus_plus1,RGA Fall 2018 torus+1,5,4,6,8,3.5,4,3.75,0.25,0.3,0.275,10.604,0.5492040799138768,1,1.5,1.25,144,162,153,1.95455142949786,0.5748197565592051,0.2940929299091818,,,
torus_plus1,RGA Fall 2018 torus+1,5,4,6,9,3.5,4,3.75,0.25,0.3,0.275,10.604,0.5492040799138768,1,1.5,1.25,162,180,171,1.307119606809868,0.385416776385664,0.2948596091571951,,,
torus_plus1,RGA Fall 2018 torus+1,5,4,6,10,3.5,4,3.75,0.25,0.3,0.275,10.604,0.5492040799138768,1,1.5,1.25,180,198,189,1.175450396779141,0.4389896776214012,0.3734650809802607,,,
torus_plus1,RGA Fall 2018 torus+1,5,4,6,11,3.5,4,3.75,0.25,0.3,0.275,10.604,0.5492040799138768,1,1.5,1.25,198,216,207,1.674362554980312,0.55208143732944,0.3297263401449703,,,
torus_plus1,RGA Fall 2018 torus+1,5,4,6,12,3.5,4,3.75,0.25,0.3,0.275,10.604,0.5492040799138768,1,1.5,1.25,216,234,225,1.251789378279131,0.4602181943881313,0.3676482660531965,,,
torus_plus1,RGA Fall 2018 torus+1,5,4,6,13,3.5,4,3.75,0.25,0.3,0.275,10.604,0.5492040799138768,1,1.5,1.25,234,252,243,2.047754301231823,0.8047556992946048,0.3929942663582761,,,
torus_plus1,RGA Fall 2018 torus+1,5,4,6,14,3.5,4,3.75,0.25,0.3,0.275,10.604,0.5492040799138768,1,1.5,1.25,252,270,261,3.926658507874988,1.16109083081667,0.2956943743613253,,,
torus_plus1,RGA Fall 2018 torus+1,5,4,6,15,3.5,4,3.75,0.25,0.3,0.275,10.604,0.5492040799138768,1,1.5,1.25,270,288,279,3.296728510813003,0.9432262539597438,0.2861097754534648,,,
torus_plus1,RGA Fall 2018 torus+1,5,4,6,16,3.5,4,3.75,0.25,0.3,0.275,10.604,0.5492040799138768,1,1.5,1.25,288,306,297,1.503500568021952,0.6977704272868014,0.4640972156098404,,,
torus_plus1,RGA Fall 2018 torus+1,5,4,6,17,3.5,4,3.75,0.25,0.3,0.275,10.604,0.5492040799138768,1,1.5,1.25,306,324,315,0.9250631203129974,0.8968920179408411,0.9695468322608898,,,
torus_plus1,RGA Fall 2018 torus+1,5,4,6,18,3.5,4,3.75,0.25,0.3,0.275,10.604,0.5492040799138768,1,1.5,1.25,324,342,333,0.2817230049049403,0.2655331556706464,0.9425327397748128,,,
torus_plus1,RGA Fall 2018 torus+1,5,4,6,19,3.5,4,3.75,0.25,0.3,0.275,10.604,0.5492040799138768,1,1.5,1.25,342,360,351,1.382413456039993,1.54245875010894,1.11577237863946,,,
torus_plus1,RGA Fall 2018 torus+1,5,4,7,3,3.5,4,3.75,0.25,0.3,0.275,10.604,0.5492040799138768,1.5,2,1.75,54,72,63,0.7650224983942707,0.7144516537454147,0.9338962648092041,,,
torus_plus1,RGA Fall 2018 torus+1,5,4,7,4,3.5,4,3.75,0.25,0.3,0.275,10.604,0.5492040799138768,1.5,2,1.75,72,90,81,1.83188636452701,1.151131548647595,0.6283858927815186,,,
torus_plus1,RGA Fall 2018 torus+1,5,4,7,5,3.5,4,3.75,0.25,0.3,0.275,10.604,0.5492040799138768,1.5,2,1.75,90,108,99,0.7702438514169359,0.4517632972131236,0.5865198357404121,,,
torus_plus1,RGA Fall 2018 torus+1,5,4,7,6,3.5,4,3.75,0.25,0.3,0.275,10.604,0.5492040799138768,1.5,2,1.75,108,126,117,1.609921476983568,0.6529865742949204,0.4056015051854514,,,
torus_plus1,RGA Fall 2018 torus+1,5,4,7,7,3.5,4,3.75,0.25,0.3,0.275,10.604,0.5492040799138768,1.5,2,1.75,126,144,135,1.326687838822968,0.4015412889712492,0.3026644830991252,,,
torus_plus1,RGA Fall 2018 torus+1,5,4,7,8,3.5,4,3.75,0.25,0.3,0.275,10.604,0.5492040799138768,1.5,2,1.75,144,162,153,0.3859306482992873,0.1918841853478542,0.4971986189576967,,,
torus_plus1,RGA Fall 2018 torus+1,5,4,7,9,3.5,4,3.75,0.25,0.3,0.275,10.604,0.5492040799138768,1.5,2,1.75,162,180,171,0.5878456950188329,0.2665582965293741,0.4534494320330683,,,
torus_plus1,RGA Fall 2018 torus+1,5,4,7,10,3.5,4,3.75,0.25,0.3,0.275,10.604,0.5492040799138768,1.5,2,1.75,180,198,189,0.5537220457446335,0.4097820891902481,0.7400501611583515,,,
torus_plus1,RGA Fall 2018 torus+1,5,4,7,11,3.5,4,3.75,0.25,0.3,0.275,10.604,0.5492040799138768,1.5,2,1.75,198,216,207,0.3603549184460034,0.2693886866094008,0.7475648945520547,,,
torus_plus1,RGA Fall 2018 torus+1,5,4,7,12,3.5,4,3.75,0.25,0.3,0.275,10.604,0.5492040799138768,1.5,2,1.75,216,234,225,1.355922975737605,0.5432975134917324,0.4006846430168244,,,
torus_plus1,RGA Fall 2018 torus+1,5,4,7,13,3.5,4,3.75,0.25,0.3,0.275,10.604,0.5492040799138768,1.5,2,1.75,234,252,243,1.433496200607467,0.5364150843629109,0.3742005623283804,,,
torus_plus1,RGA Fall 2018 torus+1,5,4,7,14,3.5,4,3.75,0.25,0.3,0.275,10.604,0.5492040799138768,1.5,2,1.75,252,270,261,1.164667486301496,0.6321705797060031,0.5427906137514977,,,
torus_plus1,RGA Fall 2018 torus+1,5,4,7,15,3.5,4,3.75,0.25,0.3,0.275,10.604,0.5492040799138768,1.5,2,1.75,270,288,279,0.1912203042695464,0.2216536290199151,1.159153207430679,,,
torus_plus1,RGA Fall 2018 torus+1,5,4,7,16,3.5,4,3.75,0.25,0.3,0.275,10.604,0.5492040799138768,1.5,2,1.75,288,306,297,0.1541168003138964,0.2529627523853986,1.641370388368941,,,
torus_plus1,RGA Fall 2018 torus+1,5,4,7,17,3.5,4,3.75,0.25,0.3,0.275,10.604,0.5492040799138768,1.5,2,1.75,306,324,315,1.063045729624277,0.8676275954231696,0.8161714696223128,,,
torus_plus1,RGA Fall 2018 torus+1,5,4,7,18,3.5,4,3.75,0.25,0.3,0.275,10.604,0.5492040799138768,1.5,2,1.75,324,342,333,0.3695403674014252,0.3771812503291955,1.020676720601596,,,
torus_plus1,RGA Fall 2018 torus+1,5,4,7,19,3.5,4,3.75,0.25,0.3,0.275,10.604,0.5492040799138768,1.5,2,1.75,342,360,351,1.359219217908422,1.301891839528071,0.9578233020656033,,,
torus_plus1,RGA Fall 2018 torus+1,5,5,2,0,3.5,4,3.75,0.3,0.38,0.34,10.604,0.7197768680304458,0.2,0.3,0.25,0,18,9,30.08846431427426,12.1192540210262,0.4027873903579955,,,
torus_plus1,RGA Fall 2018 torus+1,5,5,2,1,3.5,4,3.75,0.3,0.38,0.34,10.604,0.7197768680304458,0.2,0.3,0.25,18,36,27,18.78680053152783,9.58616609757701,0.5102607057273852,,,
torus_plus1,RGA Fall 2018 torus+1,5,5,2,2,3.5,4,3.75,0.3,0.38,0.34,10.604,0.7197768680304458,0.2,0.3,0.25,36,54,45,17.93198994977441,10.33778864067548,0.5764998011726821,,,
torus_plus1,RGA Fall 2018 torus+1,5,5,2,17,3.5,4,3.75,0.3,0.38,0.34,10.604,0.7197768680304458,0.2,0.3,0.25,306,324,315,5.60898529448831,5.536798940346229,0.9871302293815933,,,
torus_plus1,RGA Fall 2018 torus+1,5,5,2,18,3.5,4,3.75,0.3,0.38,0.34,10.604,0.7197768680304458,0.2,0.3,0.25,324,342,333,19.37604625058499,11.36169194823103,0.5863782425626695,,,
torus_plus1,RGA Fall 2018 torus+1,5,5,2,19,3.5,4,3.75,0.3,0.38,0.34,10.604,0.7197768680304458,0.2,0.3,0.25,342,360,351,10.62178443169531,5.998510059114045,0.5647365654695969,,,
torus_plus1,RGA Fall 2018 torus+1,5,5,3,0,3.5,4,3.75,0.3,0.38,0.34,10.604,0.7197768680304458,0.3,0.4,0.35,0,18,9,5.904007718831487,2.732952121328563,0.4628977893459573,,,
torus_plus1,RGA Fall 2018 torus+1,5,5,3,1,3.5,4,3.75,0.3,0.38,0.34,10.604,0.7197768680304458,0.3,0.4,0.35,18,36,27,15.5891712793663,4.385271214756274,0.2813023948592177,,,
torus_plus1,RGA Fall 2018 torus+1,5,5,3,2,3.5,4,3.75,0.3,0.38,0.34,10.604,0.7197768680304458,0.3,0.4,0.35,36,54,45,21.27349611439584,5.0635009886066,0.2380192217291502,,,
torus_plus1,RGA Fall 2018 torus+1,5,5,3,3,3.5,4,3.75,0.3,0.38,0.34,10.604,0.7197768680304458,0.3,0.4,0.35,54,72,63,16.36965156831975,4.635729209024992,0.2831904631370735,,,
torus_plus1,RGA Fall 2018 torus+1,5,5,3,4,3.5,4,3.75,0.3,0.38,0.34,10.604,0.7197768680304458,0.3,0.4,0.35,72,90,81,11.25220384353644,4.021722074381163,0.357416389740517,,,
torus_plus1,RGA Fall 2018 torus+1,5,5,3,5,3.5,4,3.75,0.3,0.38,0.34,10.604,0.7197768680304458,0.3,0.4,0.35,90,108,99,18.52748762841309,5.398020642968916,0.291352003640834,,,
torus_plus1,RGA Fall 2018 torus+1,5,5,3,6,3.5,4,3.75,0.3,0.38,0.34,10.604,0.7197768680304458,0.3,0.4,0.35,108,126,117,14.71016752341123,6.494289882910842,0.4414830675840489,,,
torus_plus1,RGA Fall 2018 torus+1,5,5,3,7,3.5,4,3.75,0.3,0.38,0.34,10.604,0.7197768680304458,0.3,0.4,0.35,126,144,135,20.320465166244,10.56770978515068,0.5200525528670268,,,
torus_plus1,RGA Fall 2018 torus+1,5,5,3,12,3.5,4,3.75,0.3,0.38,0.34,10.604,0.7197768680304458,0.3,0.4,0.35,216,234,225,5.058814363934276,4.49694922288823,0.8889334336812709,,,
torus_plus1,RGA Fall 2018 torus+1,5,5,3,13,3.5,4,3.75,0.3,0.38,0.34,10.604,0.7197768680304458,0.3,0.4,0.35,234,252,243,7.473007846206448,5.798742282296058,0.7759582756546545,,,
torus_plus1,RGA Fall 2018 torus+1,5,5,3,14,3.5,4,3.75,0.3,0.38,0.34,10.604,0.7197768680304458,0.3,0.4,0.35,252,270,261,12.97238262877131,6.353917303045989,0.4898034142898085,,,
torus_plus1,RGA Fall 2018 torus+1,5,5,3,15,3.5,4,3.75,0.3,0.38,0.34,10.604,0.7197768680304458,0.3,0.4,0.35,270,288,279,21.32037992146422,7.899080081888243,0.3704943397343436,,,
torus_plus1,RGA Fall 2018 torus+1,5,5,3,16,3.5,4,3.75,0.3,0.38,0.34,10.604,0.7197768680304458,0.3,0.4,0.35,288,306,297,20.13728620022946,7.329970129394187,0.3639998983234725,,,
torus_plus1,RGA Fall 2018 torus+1,5,5,3,17,3.5,4,3.75,0.3,0.38,0.34,10.604,0.7197768680304458,0.3,0.4,0.35,306,324,315,18.00835663299218,8.024030838137422,0.4455726306217753,,,
torus_plus1,RGA Fall 2018 torus+1,5,5,3,18,3.5,4,3.75,0.3,0.38,0.34,10.604,0.7197768680304458,0.3,0.4,0.35,324,342,333,5.919897650411937,3.345548935454511,0.5651362798851277,,,
torus_plus1,RGA Fall 2018 torus+1,5,5,3,19,3.5,4,3.75,0.3,0.38,0.34,10.604,0.7197768680304458,0.3,0.4,0.35,342,360,351,5.872508531326994,3.051956756034834,0.5197023963020436,,,
torus_plus1,RGA Fall 2018 torus+1,5,5,4,0,3.5,4,3.75,0.3,0.38,0.34,10.604,0.7197768680304458,0.4,0.6,0.5,0,18,9,11.53150771893373,3.396855819653095,0.2945716989007217,,,
torus_plus1,RGA Fall 2018 torus+1,5,5,4,1,3.5,4,3.75,0.3,0.38,0.34,10.604,0.7197768680304458,0.4,0.6,0.5,18,36,27,9.538149445368655,2.283544979977876,0.2394117426086959,,,
torus_plus1,RGA Fall 2018 torus+1,5,5,4,2,3.5,4,3.75,0.3,0.38,0.34,10.604,0.7197768680304458,0.4,0.6,0.5,36,54,45,12.53700172685714,2.525749515622142,0.2014636011584338,,,
torus_plus1,RGA Fall 2018 torus+1,5,5,4,3,3.5,4,3.75,0.3,0.38,0.34,10.604,0.7197768680304458,0.4,0.6,0.5,54,72,63,16.5660652356313,3.684293621796469,0.2224000430634588,,,
torus_plus1,RGA Fall 2018 torus+1,5,5,4,4,3.5,4,3.75,0.3,0.38,0.34,10.604,0.7197768680304458,0.4,0.6,0.5,72,90,81,14.00071290837338,3.065917594340395,0.2189829628251835,,,
torus_plus1,RGA Fall 2018 torus+1,5,5,4,5,3.5,4,3.75,0.3,0.38,0.34,10.604,0.7197768680304458,0.4,0.6,0.5,90,108,99,13.51584020880503,2.485609682114406,0.1839034528164318,,,
torus_plus1,RGA Fall 2018 torus+1,5,5,4,6,3.5,4,3.75,0.3,0.38,0.34,10.604,0.7197768680304458,0.4,0.6,0.5,108,126,117,12.38573723633639,2.372188207080875,0.1915257979251747,,,
torus_plus1,RGA Fall 2018 torus+1,5,5,4,7,3.5,4,3.75,0.3,0.38,0.34,10.604,0.7197768680304458,0.4,0.6,0.5,126,144,135,10.62448699677635,1.813413671012684,0.1706824688630053,,,
torus_plus1,RGA Fall 2018 torus+1,5,5,4,8,3.5,4,3.75,0.3,0.38,0.34,10.604,0.7197768680304458,0.4,0.6,0.5,144,162,153,8.632776767547471,1.864117446896264,0.2159348604847395,,,
torus_plus1,RGA Fall 2018 torus+1,5,5,4,9,3.5,4,3.75,0.3,0.38,0.34,10.604,0.7197768680304458,0.4,0.6,0.5,162,180,171,6.677972409225671,2.445273402247286,0.36617003671191,,,
torus_plus1,RGA Fall 2018 torus+1,5,5,4,10,3.5,4,3.75,0.3,0.38,0.34,10.604,0.7197768680304458,0.4,0.6,0.5,180,198,189,7.96240257953941,2.281551465619569,0.2865405815428572,,,
torus_plus1,RGA Fall 2018 torus+1,5,5,4,11,3.5,4,3.75,0.3,0.38,0.34,10.604,0.7197768680304458,0.4,0.6,0.5,198,216,207,12.87691081450163,2.993233041729849,0.2324496212522456,,,
torus_plus1,RGA Fall 2018 torus+1,5,5,4,12,3.5,4,3.75,0.3,0.38,0.34,10.604,0.7197768680304458,0.4,0.6,0.5,216,234,225,9.897491859141667,2.315861930079612,0.2339847269427761,,,
torus_plus1,RGA Fall 2018 torus+1,5,5,4,13,3.5,4,3.75,0.3,0.38,0.34,10.604,0.7197768680304458,0.4,0.6,0.5,234,252,243,12.62357024138276,2.217497663907035,0.1756632728701112,,,
torus_plus1,RGA Fall 2018 torus+1,5,5,4,14,3.5,4,3.75,0.3,0.38,0.34,10.604,0.7197768680304458,0.4,0.6,0.5,252,270,261,15.27136929368595,2.685663153785508,0.1758626290895809,,,
torus_plus1,RGA Fall 2018 torus+1,5,5,4,15,3.5,4,3.75,0.3,0.38,0.34,10.604,0.7197768680304458,0.4,0.6,0.5,270,288,279,16.18688882677424,3.911881429728159,0.2416697533165011,,,
torus_plus1,RGA Fall 2018 torus+1,5,5,4,16,3.5,4,3.75,0.3,0.38,0.34,10.604,0.7197768680304458,0.4,0.6,0.5,288,306,297,12.1139576485398,3.048916635008279,0.2516862551006021,,,
torus_plus1,RGA Fall 2018 torus+1,5,5,4,17,3.5,4,3.75,0.3,0.38,0.34,10.604,0.7197768680304458,0.4,0.6,0.5,306,324,315,14.51469611712124,4.586323223962274,0.3159779017731097,,,
torus_plus1,RGA Fall 2018 torus+1,5,5,4,18,3.5,4,3.75,0.3,0.38,0.34,10.604,0.7197768680304458,0.4,0.6,0.5,324,342,333,16.6320509069897,7.004261798529633,0.4211303727783841,,,
torus_plus1,RGA Fall 2018 torus+1,5,5,4,19,3.5,4,3.75,0.3,0.38,0.34,10.604,0.7197768680304458,0.4,0.6,0.5,342,360,351,5.326913376610986,1.818309192598323,0.3413438635180402,,,
torus_plus1,RGA Fall 2018 torus+1,5,5,5,0,3.5,4,3.75,0.3,0.38,0.34,10.604,0.7197768680304458,0.6,1,0.8,0,18,9,6.770097796439772,1.993682048179471,0.2944834931672479,,,
torus_plus1,RGA Fall 2018 torus+1,5,5,5,1,3.5,4,3.75,0.3,0.38,0.34,10.604,0.7197768680304458,0.6,1,0.8,18,36,27,6.550407669780155,2.019636516169845,0.3083222629772032,,,
torus_plus1,RGA Fall 2018 torus+1,5,5,5,2,3.5,4,3.75,0.3,0.38,0.34,10.604,0.7197768680304458,0.6,1,0.8,36,54,45,5.942736267472144,1.589168821158841,0.2674136541877576,,,
torus_plus1,RGA Fall 2018 torus+1,5,5,5,3,3.5,4,3.75,0.3,0.38,0.34,10.604,0.7197768680304458,0.6,1,0.8,54,72,63,9.630681248656593,1.895045526794381,0.1967717005542807,,,
torus_plus1,RGA Fall 2018 torus+1,5,5,5,4,3.5,4,3.75,0.3,0.38,0.34,10.604,0.7197768680304458,0.6,1,0.8,72,90,81,9.025187846696772,1.96251861060434,0.2174490596694476,,,
torus_plus1,RGA Fall 2018 torus+1,5,5,5,5,3.5,4,3.75,0.3,0.38,0.34,10.604,0.7197768680304458,0.6,1,0.8,90,108,99,9.799238994650148,1.462204622128063,0.1492161404499214,,,
torus_plus1,RGA Fall 2018 torus+1,5,5,5,6,3.5,4,3.75,0.3,0.38,0.34,10.604,0.7197768680304458,0.6,1,0.8,108,126,117,7.359693816009172,1.107536027830124,0.1504866989739378,,,
torus_plus1,RGA Fall 2018 torus+1,5,5,5,7,3.5,4,3.75,0.3,0.38,0.34,10.604,0.7197768680304458,0.6,1,0.8,126,144,135,8.638126334648684,1.093759681692958,0.126620014493854,,,
torus_plus1,RGA Fall 2018 torus+1,5,5,5,8,3.5,4,3.75,0.3,0.38,0.34,10.604,0.7197768680304458,0.6,1,0.8,144,162,153,7.019744736920273,0.9172298832043421,0.1306642787707338,,,
torus_plus1,RGA Fall 2018 torus+1,5,5,5,9,3.5,4,3.75,0.3,0.38,0.34,10.604,0.7197768680304458,0.6,1,0.8,162,180,171,5.755999993906299,0.9662777072163496,0.1678731251284431,,,
torus_plus1,RGA Fall 2018 torus+1,5,5,5,10,3.5,4,3.75,0.3,0.38,0.34,10.604,0.7197768680304458,0.6,1,0.8,180,198,189,3.906502201804538,0.6672871325660921,0.1708144775287342,,,
torus_plus1,RGA Fall 2018 torus+1,5,5,5,11,3.5,4,3.75,0.3,0.38,0.34,10.604,0.7197768680304458,0.6,1,0.8,198,216,207,5.487296031252843,0.7649061560972449,0.1393958247815917,,,
torus_plus1,RGA Fall 2018 torus+1,5,5,5,12,3.5,4,3.75,0.3,0.38,0.34,10.604,0.7197768680304458,0.6,1,0.8,216,234,225,5.284203062602574,1.1005946386639,0.2082801560850381,,,
torus_plus1,RGA Fall 2018 torus+1,5,5,5,13,3.5,4,3.75,0.3,0.38,0.34,10.604,0.7197768680304458,0.6,1,0.8,234,252,243,9.492305085869322,1.220354437500955,0.12856249630215,,,
torus_plus1,RGA Fall 2018 torus+1,5,5,5,14,3.5,4,3.75,0.3,0.38,0.34,10.604,0.7197768680304458,0.6,1,0.8,252,270,261,9.825111238305229,1.708989666053819,0.1739409992012069,,,
torus_plus1,RGA Fall 2018 torus+1,5,5,5,15,3.5,4,3.75,0.3,0.38,0.34,10.604,0.7197768680304458,0.6,1,0.8,270,288,279,10.3122679876899,2.101206790611622,0.203757969936381,,,
torus_plus1,RGA Fall 2018 torus+1,5,5,5,16,3.5,4,3.75,0.3,0.38,0.34,10.604,0.7197768680304458,0.6,1,0.8,288,306,297,11.52454487911355,1.878085917981115,0.1629639988113417,,,
torus_plus1,RGA Fall 2018 torus+1,5,5,5,17,3.5,4,3.75,0.3,0.38,0.34,10.604,0.7197768680304458,0.6,1,0.8,306,324,315,9.1091327061512,1.763535287574767,0.1936007899395175,,,
torus_plus1,RGA Fall 2018 torus+1,5,5,5,18,3.5,4,3.75,0.3,0.38,0.34,10.604,0.7197768680304458,0.6,1,0.8,324,342,333,7.624214721299367,3.878295134565236,0.5086812578521231,,,
torus_plus1,RGA Fall 2018 torus+1,5,5,5,19,3.5,4,3.75,0.3,0.38,0.34,10.604,0.7197768680304458,0.6,1,0.8,342,360,351,3.885854633912469,1.408642547049691,0.3625052092160743,,,
torus_plus1,RGA Fall 2018 torus+1,5,5,6,0,3.5,4,3.75,0.3,0.38,0.34,10.604,0.7197768680304458,1,1.5,1.25,0,18,9,2.473577936362721,0.7546463082100735,0.3050828911094449,,,
torus_plus1,RGA Fall 2018 torus+1,5,5,6,1,3.5,4,3.75,0.3,0.38,0.34,10.604,0.7197768680304458,1,1.5,1.25,18,36,27,1.499975823679828,1.293670333324374,0.8624607896350401,,,
torus_plus1,RGA Fall 2018 torus+1,5,5,6,2,3.5,4,3.75,0.3,0.38,0.34,10.604,0.7197768680304458,1,1.5,1.25,36,54,45,3.811271396437504,1.780754706283686,0.4672337708482803,,,
torus_plus1,RGA Fall 2018 torus+1,5,5,6,3,3.5,4,3.75,0.3,0.38,0.34,10.604,0.7197768680304458,1,1.5,1.25,54,72,63,3.577018906002657,1.0656364812215,0.2979118951351466,,,
torus_plus1,RGA Fall 2018 torus+1,5,5,6,4,3.5,4,3.75,0.3,0.38,0.34,10.604,0.7197768680304458,1,1.5,1.25,72,90,81,8.321412474532403,2.017563581505083,0.2424544616289381,,,
torus_plus1,RGA Fall 2018 torus+1,5,5,6,5,3.5,4,3.75,0.3,0.38,0.34,10.604,0.7197768680304458,1,1.5,1.25,90,108,99,5.719050394898773,0.9681825885448583,0.1692907950957119,,,
torus_plus1,RGA Fall 2018 torus+1,5,5,6,6,3.5,4,3.75,0.3,0.38,0.34,10.604,0.7197768680304458,1,1.5,1.25,108,126,117,4.332900252324297,0.782205391327335,0.1805269786461705,,,
torus_plus1,RGA Fall 2018 torus+1,5,5,6,7,3.5,4,3.75,0.3,0.38,0.34,10.604,0.7197768680304458,1,1.5,1.25,126,144,135,3.944034941895048,0.6276276241682174,0.1591333833027991,,,
torus_plus1,RGA Fall 2018 torus+1,5,5,6,8,3.5,4,3.75,0.3,0.38,0.34,10.604,0.7197768680304458,1,1.5,1.25,144,162,153,2.740483897471073,0.5135597923478354,0.1873974858315168,,,
torus_plus1,RGA Fall 2018 torus+1,5,5,6,9,3.5,4,3.75,0.3,0.38,0.34,10.604,0.7197768680304458,1,1.5,1.25,162,180,171,2.286166832018969,0.4645260658633713,0.203189924443588,,,
torus_plus1,RGA Fall 2018 torus+1,5,5,6,10,3.5,4,3.75,0.3,0.38,0.34,10.604,0.7197768680304458,1,1.5,1.25,180,198,189,2.764208345819728,0.5315209460361363,0.1922868610247659,,,
torus_plus1,RGA Fall 2018 torus+1,5,5,6,11,3.5,4,3.75,0.3,0.38,0.34,10.604,0.7197768680304458,1,1.5,1.25,198,216,207,3.051588467789205,0.5185922909361539,0.1699417521104542,,,
torus_plus1,RGA Fall 2018 torus+1,5,5,6,12,3.5,4,3.75,0.3,0.38,0.34,10.604,0.7197768680304458,1,1.5,1.25,216,234,225,4.591705517989437,0.7315309607343462,0.159315739624056,,,
torus_plus1,RGA Fall 2018 torus+1,5,5,6,13,3.5,4,3.75,0.3,0.38,0.34,10.604,0.7197768680304458,1,1.5,1.25,234,252,243,5.306543451067938,0.8595857635139702,0.1619860030244319,,,
torus_plus1,RGA Fall 2018 torus+1,5,5,6,14,3.5,4,3.75,0.3,0.38,0.34,10.604,0.7197768680304458,1,1.5,1.25,252,270,261,4.147943169264303,0.8106030626988836,0.1954228950640748,,,
torus_plus1,RGA Fall 2018 torus+1,5,5,6,15,3.5,4,3.75,0.3,0.38,0.34,10.604,0.7197768680304458,1,1.5,1.25,270,288,279,4.555391731447745,1.027451318105863,0.2255462051732989,,,
torus_plus1,RGA Fall 2018 torus+1,5,5,6,16,3.5,4,3.75,0.3,0.38,0.34,10.604,0.7197768680304458,1,1.5,1.25,288,306,297,4.513047822196769,0.9408008483310081,0.2084624150676658,,,
torus_plus1,RGA Fall 2018 torus+1,5,5,6,17,3.5,4,3.75,0.3,0.38,0.34,10.604,0.7197768680304458,1,1.5,1.25,306,324,315,4.751461998052458,1.201055324884375,0.2527759509339792,,,
torus_plus1,RGA Fall 2018 torus+1,5,5,6,18,3.5,4,3.75,0.3,0.38,0.34,10.604,0.7197768680304458,1,1.5,1.25,324,342,333,3.641501593583859,1.510418755985628,0.4147791006454341,,,
torus_plus1,RGA Fall 2018 torus+1,5,5,6,19,3.5,4,3.75,0.3,0.38,0.34,10.604,0.7197768680304458,1,1.5,1.25,342,360,351,1.47538171344907,0.6814300852823097,0.4618669725065916,,,
torus_plus1,RGA Fall 2018 torus+1,5,5,7,1,3.5,4,3.75,0.3,0.38,0.34,10.604,0.7197768680304458,1.5,2,1.75,18,36,27,1.540819768582205,1.252784809654663,0.8130638217391387,,,
torus_plus1,RGA Fall 2018 torus+1,5,5,7,2,3.5,4,3.75,0.3,0.38,0.34,10.604,0.7197768680304458,1.5,2,1.75,36,54,45,3.207485879953838,1.303711644902051,0.4064590441535517,,,
torus_plus1,RGA Fall 2018 torus+1,5,5,7,3,3.5,4,3.75,0.3,0.38,0.34,10.604,0.7197768680304458,1.5,2,1.75,54,72,63,3.916985697144917,1.120010362081367,0.285936801581313,,,
torus_plus1,RGA Fall 2018 torus+1,5,5,7,4,3.5,4,3.75,0.3,0.38,0.34,10.604,0.7197768680304458,1.5,2,1.75,72,90,81,2.289077217120805,0.9297649693557279,0.4061745765506258,,,
torus_plus1,RGA Fall 2018 torus+1,5,5,7,5,3.5,4,3.75,0.3,0.38,0.34,10.604,0.7197768680304458,1.5,2,1.75,90,108,99,2.598561353698844,0.6036056044071357,0.2322845306492193,,,
torus_plus1,RGA Fall 2018 torus+1,5,5,7,6,3.5,4,3.75,0.3,0.38,0.34,10.604,0.7197768680304458,1.5,2,1.75,108,126,117,1.54470909802818,0.413636290044081,0.2677761725959194,,,
torus_plus1,RGA Fall 2018 torus+1,5,5,7,7,3.5,4,3.75,0.3,0.38,0.34,10.604,0.7197768680304458,1.5,2,1.75,126,144,135,1.526984874722304,0.563282206979008,0.3688852563660436,,,
torus_plus1,RGA Fall 2018 torus+1,5,5,7,8,3.5,4,3.75,0.3,0.38,0.34,10.604,0.7197768680304458,1.5,2,1.75,144,162,153,1.49213534797177,0.4118502526968776,0.2760140045316248,,,
torus_plus1,RGA Fall 2018 torus+1,5,5,7,9,3.5,4,3.75,0.3,0.38,0.34,10.604,0.7197768680304458,1.5,2,1.75,162,180,171,1.303480882884567,0.3781059254534681,0.2900740090769342,,,
torus_plus1,RGA Fall 2018 torus+1,5,5,7,10,3.5,4,3.75,0.3,0.38,0.34,10.604,0.7197768680304458,1.5,2,1.75,180,198,189,0.7058626988568746,0.2669284781518362,0.3781592065767459,,,
torus_plus1,RGA Fall 2018 torus+1,5,5,7,11,3.5,4,3.75,0.3,0.38,0.34,10.604,0.7197768680304458,1.5,2,1.75,198,216,207,1.60085909907816,0.3773915071986678,0.2357431128173524,,,
torus_plus1,RGA Fall 2018 torus+1,5,5,7,12,3.5,4,3.75,0.3,0.38,0.34,10.604,0.7197768680304458,1.5,2,1.75,216,234,225,2.587084446180026,0.5132273886089335,0.1983806092478899,,,
torus_plus1,RGA Fall 2018 torus+1,5,5,7,13,3.5,4,3.75,0.3,0.38,0.34,10.604,0.7197768680304458,1.5,2,1.75,234,252,243,2.071360363230267,0.5016998789167053,0.2422079169914737,,,
torus_plus1,RGA Fall 2018 torus+1,5,5,7,14,3.5,4,3.75,0.3,0.38,0.34,10.604,0.7197768680304458,1.5,2,1.75,252,270,261,3.394914996137776,0.6120938953254295,0.1802972669482971,,,
torus_plus1,RGA Fall 2018 torus+1,5,5,7,15,3.5,4,3.75,0.3,0.38,0.34,10.604,0.7197768680304458,1.5,2,1.75,270,288,279,2.831311931309835,0.7781697895119004,0.2748442447851021,,,
torus_plus1,RGA Fall 2018 torus+1,5,5,7,16,3.5,4,3.75,0.3,0.38,0.34,10.604,0.7197768680304458,1.5,2,1.75,288,306,297,2.553407162294053,0.8164162161068891,0.3197360092674753,,,
torus_plus1,RGA Fall 2018 torus+1,5,5,7,17,3.5,4,3.75,0.3,0.38,0.34,10.604,0.7197768680304458,1.5,2,1.75,306,324,315,0.1978201219530575,0.2083084463362692,1.053019502160152,,,
torus_plus1,RGA Fall 2018 torus+1,5,5,7,18,3.5,4,3.75,0.3,0.38,0.34,10.604,0.7197768680304458,1.5,2,1.75,324,342,333,0.7177477753505072,0.4785423709453494,0.6667277661873025,,,
torus_plus1,RGA Fall 2018 torus+1,5,5,7,19,3.5,4,3.75,0.3,0.38,0.34,10.604,0.7197768680304458,1.5,2,1.75,342,360,351,0.1801768249011163,0.1990917558699731,1.104979821790275,,,
torus_plus1,RGA Fall 2018 torus+1,5,6,4,0,3.5,4,3.75,0.38,0.48,0.43,10.604,0.8307914246737986,0.4,0.6,0.5,0,18,9,26.50086770082869,3.862953447588241,0.1457670552978703,,,
torus_plus1,RGA Fall 2018 torus+1,5,6,4,1,3.5,4,3.75,0.38,0.48,0.43,10.604,0.8307914246737986,0.4,0.6,0.5,18,36,27,21.05976642991698,3.53401528180995,0.1678088545554625,,,
torus_plus1,RGA Fall 2018 torus+1,5,6,4,2,3.5,4,3.75,0.38,0.48,0.43,10.604,0.8307914246737986,0.4,0.6,0.5,36,54,45,21.99179697030708,3.411694952358339,0.1551348876567361,,,
torus_plus1,RGA Fall 2018 torus+1,5,6,4,3,3.5,4,3.75,0.38,0.48,0.43,10.604,0.8307914246737986,0.4,0.6,0.5,54,72,63,25.22944414750548,3.553554353028565,0.1408494904704398,,,
torus_plus1,RGA Fall 2018 torus+1,5,6,4,4,3.5,4,3.75,0.38,0.48,0.43,10.604,0.8307914246737986,0.4,0.6,0.5,72,90,81,27.72764890485161,3.145974723555029,0.113459844155938,,,
torus_plus1,RGA Fall 2018 torus+1,5,6,4,5,3.5,4,3.75,0.38,0.48,0.43,10.604,0.8307914246737986,0.4,0.6,0.5,90,108,99,32.8993165157766,3.787084018373266,0.1151113281200599,,,
torus_plus1,RGA Fall 2018 torus+1,5,6,4,6,3.5,4,3.75,0.38,0.48,0.43,10.604,0.8307914246737986,0.4,0.6,0.5,108,126,117,26.15067295253181,4.74298778008269,0.1813715382656526,,,
torus_plus1,RGA Fall 2018 torus+1,5,6,4,7,3.5,4,3.75,0.38,0.48,0.43,10.604,0.8307914246737986,0.4,0.6,0.5,126,144,135,4.966001177792615,4.524831948882919,0.9111620772700268,,,
torus_plus1,RGA Fall 2018 torus+1,5,6,4,12,3.5,4,3.75,0.38,0.48,0.43,10.604,0.8307914246737986,0.4,0.6,0.5,216,234,225,28.44686436384909,16.35784550467511,0.5750315850439749,,,
torus_plus1,RGA Fall 2018 torus+1,5,6,4,13,3.5,4,3.75,0.38,0.48,0.43,10.604,0.8307914246737986,0.4,0.6,0.5,234,252,243,18.28869842120191,4.296361884536293,0.2349189529833114,,,
torus_plus1,RGA Fall 2018 torus+1,5,6,4,14,3.5,4,3.75,0.38,0.48,0.43,10.604,0.8307914246737986,0.4,0.6,0.5,252,270,261,31.18427080887128,4.948245754250177,0.1586776161795806,,,
torus_plus1,RGA Fall 2018 torus+1,5,6,4,15,3.5,4,3.75,0.38,0.48,0.43,10.604,0.8307914246737986,0.4,0.6,0.5,270,288,279,28.01301550985498,4.074865225644567,0.1454632838157331,,,
torus_plus1,RGA Fall 2018 torus+1,5,6,4,16,3.5,4,3.75,0.38,0.48,0.43,10.604,0.8307914246737986,0.4,0.6,0.5,288,306,297,32.09196935664555,5.271776214965851,0.1642708852292414,,,
torus_plus1,RGA Fall 2018 torus+1,5,6,4,17,3.5,4,3.75,0.38,0.48,0.43,10.604,0.8307914246737986,0.4,0.6,0.5,306,324,315,21.58956567566125,5.33420270151039,0.2470731825570647,,,
torus_plus1,RGA Fall 2018 torus+1,5,6,4,18,3.5,4,3.75,0.38,0.48,0.43,10.604,0.8307914246737986,0.4,0.6,0.5,324,342,333,15.70371189619037,3.34016485937478,0.21269906640258,,,
torus_plus1,RGA Fall 2018 torus+1,5,6,4,19,3.5,4,3.75,0.38,0.48,0.43,10.604,0.8307914246737986,0.4,0.6,0.5,342,360,351,18.70568779873262,3.041080129886691,0.1625751569580209,,,
torus_plus1,RGA Fall 2018 torus+1,5,6,5,0,3.5,4,3.75,0.38,0.48,0.43,10.604,0.8307914246737986,0.6,1,0.8,0,18,9,7.816634212132943,1.477908048029104,0.1890721770931922,,,
torus_plus1,RGA Fall 2018 torus+1,5,6,5,1,3.5,4,3.75,0.38,0.48,0.43,10.604,0.8307914246737986,0.6,1,0.8,18,36,27,12.39991874940866,1.775744831472613,0.1432061666982533,,,
torus_plus1,RGA Fall 2018 torus+1,5,6,5,2,3.5,4,3.75,0.38,0.48,0.43,10.604,0.8307914246737986,0.6,1,0.8,36,54,45,19.82203806860791,2.629785101955951,0.1326697634649755,,,
torus_plus1,RGA Fall 2018 torus+1,5,6,5,3,3.5,4,3.75,0.38,0.48,0.43,10.604,0.8307914246737986,0.6,1,0.8,54,72,63,17.94446558244794,2.637756154338075,0.1469955258471531,,,
torus_plus1,RGA Fall 2018 torus+1,5,6,5,4,3.5,4,3.75,0.38,0.48,0.43,10.604,0.8307914246737986,0.6,1,0.8,72,90,81,17.78786625090143,2.197241806190975,0.1235247541890881,,,
torus_plus1,RGA Fall 2018 torus+1,5,6,5,5,3.5,4,3.75,0.38,0.48,0.43,10.604,0.8307914246737986,0.6,1,0.8,90,108,99,19.25525566949701,1.73246605871507,0.08997367204318851,,,
torus_plus1,RGA Fall 2018 torus+1,5,6,5,6,3.5,4,3.75,0.38,0.48,0.43,10.604,0.8307914246737986,0.6,1,0.8,108,126,117,22.54300681264875,2.072032143506958,0.09191463058709422,,,
torus_plus1,RGA Fall 2018 torus+1,5,6,5,7,3.5,4,3.75,0.38,0.48,0.43,10.604,0.8307914246737986,0.6,1,0.8,126,144,135,14.4965564830782,2.14590658686362,0.1480287121544024,,,
torus_plus1,RGA Fall 2018 torus+1,5,6,5,8,3.5,4,3.75,0.38,0.48,0.43,10.604,0.8307914246737986,0.6,1,0.8,144,162,153,16.61376766119532,3.234449519303735,0.1946848893799339,,,
torus_plus1,RGA Fall 2018 torus+1,5,6,5,9,3.5,4,3.75,0.38,0.48,0.43,10.604,0.8307914246737986,0.6,1,0.8,162,180,171,9.419868079996446,5.865633289966532,0.6226874134705234,,,
torus_plus1,RGA Fall 2018 torus+1,5,6,5,10,3.5,4,3.75,0.38,0.48,0.43,10.604,0.8307914246737986,0.6,1,0.8,180,198,189,11.66634522880722,5.107625883292959,0.4378085667035562,,,
torus_plus1,RGA Fall 2018 torus+1,5,6,5,11,3.5,4,3.75,0.38,0.48,0.43,10.604,0.8307914246737986,0.6,1,0.8,198,216,207,8.913990748866718,2.782965523916145,0.3122019757839616,,,
torus_plus1,RGA Fall 2018 torus+1,5,6,5,12,3.5,4,3.75,0.38,0.48,0.43,10.604,0.8307914246737986,0.6,1,0.8,216,234,225,19.90187151713011,2.557305092149702,0.1284957090567365,,,
torus_plus1,RGA Fall 2018 torus+1,5,6,5,13,3.5,4,3.75,0.38,0.48,0.43,10.604,0.8307914246737986,0.6,1,0.8,234,252,243,19.02820006512082,1.784435838589556,0.09377848837423532,,,
torus_plus1,RGA Fall 2018 torus+1,5,6,5,14,3.5,4,3.75,0.38,0.48,0.43,10.604,0.8307914246737986,0.6,1,0.8,252,270,261,19.03316324787729,1.998124530291864,0.1049812111770075,,,
torus_plus1,RGA Fall 2018 torus+1,5,6,5,15,3.5,4,3.75,0.38,0.48,0.43,10.604,0.8307914246737986,0.6,1,0.8,270,288,279,22.91268669324629,2.887827890128558,0.1260361968367407,,,
torus_plus1,RGA Fall 2018 torus+1,5,6,5,16,3.5,4,3.75,0.38,0.48,0.43,10.604,0.8307914246737986,0.6,1,0.8,288,306,297,13.89623960782908,2.452044967962286,0.1764538491823942,,,
torus_plus1,RGA Fall 2018 torus+1,5,6,5,17,3.5,4,3.75,0.38,0.48,0.43,10.604,0.8307914246737986,0.6,1,0.8,306,324,315,13.18956018921331,2.620084381727519,0.1986483509791538,,,
torus_plus1,RGA Fall 2018 torus+1,5,6,5,18,3.5,4,3.75,0.38,0.48,0.43,10.604,0.8307914246737986,0.6,1,0.8,324,342,333,15.47466167898788,3.028765133736327,0.1957241584059254,,,
torus_plus1,RGA Fall 2018 torus+1,5,6,5,19,3.5,4,3.75,0.38,0.48,0.43,10.604,0.8307914246737986,0.6,1,0.8,342,360,351,12.75348922823618,1.905734521108122,0.1494284808653646,,,
torus_plus1,RGA Fall 2018 torus+1,5,6,6,0,3.5,4,3.75,0.38,0.48,0.43,10.604,0.8307914246737986,1,1.5,1.25,0,18,9,2.400537004766726,1.078678011148261,0.4493486286636446,,,
torus_plus1,RGA Fall 2018 torus+1,5,6,6,1,3.5,4,3.75,0.38,0.48,0.43,10.604,0.8307914246737986,1,1.5,1.25,18,36,27,5.035627664326113,1.342175204321959,0.2665358310405529,,,
torus_plus1,RGA Fall 2018 torus+1,5,6,6,2,3.5,4,3.75,0.38,0.48,0.43,10.604,0.8307914246737986,1,1.5,1.25,36,54,45,5.246477279702015,1.389265412886793,0.2647996624824228,,,
torus_plus1,RGA Fall 2018 torus+1,5,6,6,3,3.5,4,3.75,0.38,0.48,0.43,10.604,0.8307914246737986,1,1.5,1.25,54,72,63,14.32138278573558,2.675051892686727,0.1867872629835116,,,
torus_plus1,RGA Fall 2018 torus+1,5,6,6,4,3.5,4,3.75,0.38,0.48,0.43,10.604,0.8307914246737986,1,1.5,1.25,72,90,81,8.744886447822216,1.276956156968374,0.1460231833297711,,,
torus_plus1,RGA Fall 2018 torus+1,5,6,6,5,3.5,4,3.75,0.38,0.48,0.43,10.604,0.8307914246737986,1,1.5,1.25,90,108,99,13.04184392540531,1.373717135004791,0.1053315116222799,,,
torus_plus1,RGA Fall 2018 torus+1,5,6,6,6,3.5,4,3.75,0.38,0.48,0.43,10.604,0.8307914246737986,1,1.5,1.25,108,126,117,11.36493304410579,1.204083928403175,0.1059472962779707,,,
torus_plus1,RGA Fall 2018 torus+1,5,6,6,7,3.5,4,3.75,0.38,0.48,0.43,10.604,0.8307914246737986,1,1.5,1.25,126,144,135,9.603668680640247,1.222537571846112,0.1272990158761505,,,
torus_plus1,RGA Fall 2018 torus+1,5,6,6,8,3.5,4,3.75,0.38,0.48,0.43,10.604,0.8307914246737986,1,1.5,1.25,144,162,153,6.397485289896895,1.310294860901731,0.2048140482590853,,,
torus_plus1,RGA Fall 2018 torus+1,5,6,6,9,3.5,4,3.75,0.38,0.48,0.43,10.604,0.8307914246737986,1,1.5,1.25,162,180,171,9.250836370990823,2.364580119735276,0.2556071716012867,,,
torus_plus1,RGA Fall 2018 torus+1,5,6,6,10,3.5,4,3.75,0.38,0.48,0.43,10.604,0.8307914246737986,1,1.5,1.25,180,198,189,5.327853973672505,1.673944865388293,0.314187452144909,,,
torus_plus1,RGA Fall 2018 torus+1,5,6,6,11,3.5,4,3.75,0.38,0.48,0.43,10.604,0.8307914246737986,1,1.5,1.25,198,216,207,5.744682646657293,1.193904829250963,0.2078278127244627,,,
torus_plus1,RGA Fall 2018 torus+1,5,6,6,12,3.5,4,3.75,0.38,0.48,0.43,10.604,0.8307914246737986,1,1.5,1.25,216,234,225,9.533938429079962,1.263709490421919,0.1325485264901033,,,
torus_plus1,RGA Fall 2018 torus+1,5,6,6,13,3.5,4,3.75,0.38,0.48,0.43,10.604,0.8307914246737986,1,1.5,1.25,234,252,243,10.84156361035759,1.149947100863732,0.1060683811111083,,,
torus_plus1,RGA Fall 2018 torus+1,5,6,6,14,3.5,4,3.75,0.38,0.48,0.43,10.604,0.8307914246737986,1,1.5,1.25,252,270,261,12.31726212382702,1.425906676389586,0.1157649047373323,,,
torus_plus1,RGA Fall 2018 torus+1,5,6,6,15,3.5,4,3.75,0.38,0.48,0.43,10.604,0.8307914246737986,1,1.5,1.25,270,288,279,10.41972415870882,1.536015114660423,0.1474141821092854,,,
torus_plus1,RGA Fall 2018 torus+1,5,6,6,16,3.5,4,3.75,0.38,0.48,0.43,10.604,0.8307914246737986,1,1.5,1.25,288,306,297,14.05223090632854,2.524679298168991,0.1796639490909575,,,
torus_plus1,RGA Fall 2018 torus+1,5,6,6,17,3.5,4,3.75,0.38,0.48,0.43,10.604,0.8307914246737986,1,1.5,1.25,306,324,315,12.98782004140002,1.807818989033687,0.1391934122332367,,,
torus_plus1,RGA Fall 2018 torus+1,5,6,6,18,3.5,4,3.75,0.38,0.48,0.43,10.604,0.8307914246737986,1,1.5,1.25,324,342,333,6.089334760252625,1.713802140560014,0.2814432459431602,,,
torus_plus1,RGA Fall 2018 torus+1,5,6,6,19,3.5,4,3.75,0.38,0.48,0.43,10.604,0.8307914246737986,1,1.5,1.25,342,360,351,4.296379596932179,1.476759301196008,0.3437217936353865,,,
torus_plus1,RGA Fall 2018 torus+1,5,6,7,0,3.5,4,3.75,0.38,0.48,0.43,10.604,0.8307914246737986,1.5,2,1.75,0,18,9,1.078958269570462,0.7413210182690434,0.6870710751067016,,,
torus_plus1,RGA Fall 2018 torus+1,5,6,7,1,3.5,4,3.75,0.38,0.48,0.43,10.604,0.8307914246737986,1.5,2,1.75,18,36,27,2.716720697591272,1.474076671847203,0.5425941183994969,,,
torus_plus1,RGA Fall 2018 torus+1,5,6,7,2,3.5,4,3.75,0.38,0.48,0.43,10.604,0.8307914246737986,1.5,2,1.75,36,54,45,4.093260435283991,1.525555965988343,0.3726994629606313,,,
torus_plus1,RGA Fall 2018 torus+1,5,6,7,3,3.5,4,3.75,0.38,0.48,0.43,10.604,0.8307914246737986,1.5,2,1.75,54,72,63,6.879800138752755,2.000174127390807,0.2907314292640803,,,
torus_plus1,RGA Fall 2018 torus+1,5,6,7,4,3.5,4,3.75,0.38,0.48,0.43,10.604,0.8307914246737986,1.5,2,1.75,72,90,81,6.604578684792145,1.040913944904804,0.1576048972361608,,,
torus_plus1,RGA Fall 2018 torus+1,5,6,7,5,3.5,4,3.75,0.38,0.48,0.43,10.604,0.8307914246737986,1.5,2,1.75,90,108,99,5.720121525110208,0.9048301352070257,0.1581837258587951,,,
torus_plus1,RGA Fall 2018 torus+1,5,6,7,6,3.5,4,3.75,0.38,0.48,0.43,10.604,0.8307914246737986,1.5,2,1.75,108,126,117,7.28137004461733,1.012711231706356,0.1390825113269708,,,
torus_plus1,RGA Fall 2018 torus+1,5,6,7,7,3.5,4,3.75,0.38,0.48,0.43,10.604,0.8307914246737986,1.5,2,1.75,126,144,135,5.045311998440405,0.8561426058529785,0.1696907160781389,,,
torus_plus1,RGA Fall 2018 torus+1,5,6,7,8,3.5,4,3.75,0.38,0.48,0.43,10.604,0.8307914246737986,1.5,2,1.75,144,162,153,5.278921186465054,1.364218379719747,0.2584274952271591,,,
torus_plus1,RGA Fall 2018 torus+1,5,6,7,9,3.5,4,3.75,0.38,0.48,0.43,10.604,0.8307914246737986,1.5,2,1.75,162,180,171,3.000067447213648,1.657903272192988,0.5526219997929671,,,
torus_plus1,RGA Fall 2018 torus+1,5,6,7,10,3.5,4,3.75,0.38,0.48,0.43,10.604,0.8307914246737986,1.5,2,1.75,180,198,189,2.061338433557722,0.9493979061265897,0.4605735238186953,,,
torus_plus1,RGA Fall 2018 torus+1,5,6,7,11,3.5,4,3.75,0.38,0.48,0.43,10.604,0.8307914246737986,1.5,2,1.75,198,216,207,2.960784454559874,0.8059012239680577,0.2721917911744293,,,
torus_plus1,RGA Fall 2018 torus+1,5,6,7,12,3.5,4,3.75,0.38,0.48,0.43,10.604,0.8307914246737986,1.5,2,1.75,216,234,225,5.777605311947283,1.088589188064841,0.1884152913342472,,,
torus_plus1,RGA Fall 2018 torus+1,5,6,7,13,3.5,4,3.75,0.38,0.48,0.43,10.604,0.8307914246737986,1.5,2,1.75,234,252,243,8.610306253433626,1.170333741236133,0.1359224290970401,,,
torus_plus1,RGA Fall 2018 torus+1,5,6,7,14,3.5,4,3.75,0.38,0.48,0.43,10.604,0.8307914246737986,1.5,2,1.75,252,270,261,6.289941715380876,1.097804710138521,0.174533367686706,,,
torus_plus1,RGA Fall 2018 torus+1,5,6,7,15,3.5,4,3.75,0.38,0.48,0.43,10.604,0.8307914246737986,1.5,2,1.75,270,288,279,6.360969522648614,1.093634726653222,0.1719289367382236,,,
torus_plus1,RGA Fall 2018 torus+1,5,6,7,16,3.5,4,3.75,0.38,0.48,0.43,10.604,0.8307914246737986,1.5,2,1.75,288,306,297,6.068233674051157,1.319696397977402,0.217476199642848,,,
torus_plus1,RGA Fall 2018 torus+1,5,6,7,17,3.5,4,3.75,0.38,0.48,0.43,10.604,0.8307914246737986,1.5,2,1.75,306,324,315,4.038518378599068,1.195179393911182,0.2959450179166401,,,
torus_plus1,RGA Fall 2018 torus+1,5,6,7,18,3.5,4,3.75,0.38,0.48,0.43,10.604,0.8307914246737986,1.5,2,1.75,324,342,333,2.486457456431355,1.211651724807216,0.4873004047075949,,,
torus_plus1,RGA Fall 2018 torus+1,5,6,7,19,3.5,4,3.75,0.38,0.48,0.43,10.604,0.8307914246737986,1.5,2,1.75,342,360,351,3.012127454082913,1.668577678858659,0.5539532122377213,,,
torus_plus1,RGA Fall 2018 torus+1,5,7,3,0,3.5,4,3.74176772051393,0.48,0.58,0.4898982243395409,10.604,0.8706550417242105,0.3,0.4,0.35,0,18,9,187.3840285367439,144.0695863117337,0.7688466697869252,,,
torus_plus1,RGA Fall 2018 torus+1,5,7,3,2,3.5,4,3.74176772051393,0.48,0.58,0.4898982243395409,10.604,0.8706550417242105,0.3,0.4,0.35,36,54,45,99.89345656125104,91.16347848195525,0.9126071078144855,,,
torus_plus1,RGA Fall 2018 torus+1,5,7,3,18,3.5,4,3.74176772051393,0.48,0.58,0.4898982243395409,10.604,0.8706550417242105,0.3,0.4,0.35,324,342,333,99.31311897248118,93.72622093982774,0.9437446120869336,,,
torus_plus1,RGA Fall 2018 torus+1,5,7,3,19,3.5,4,3.74176772051393,0.48,0.58,0.4898982243395409,10.604,0.8706550417242105,0.3,0.4,0.35,342,360,351,237.7321193168331,142.5941333450897,0.5998101298001304,,,
torus_plus1,RGA Fall 2018 torus+1,5,7,4,0,3.5,4,3.762711503217832,0.48,0.58,0.5103904019093892,10.604,0.8791798644151622,0.4,0.6,0.5,0,18,9,27.58931420337209,5.738693352394555,0.2080042044572875,,,
torus_plus1,RGA Fall 2018 torus+1,5,7,4,1,3.5,4,3.762711503217832,0.48,0.58,0.5103904019093892,10.604,0.8791798644151622,0.4,0.6,0.5,18,36,27,30.46969847243725,5.599946781381226,0.1837874039497605,,,
torus_plus1,RGA Fall 2018 torus+1,5,7,4,2,3.5,4,3.762711503217832,0.48,0.58,0.5103904019093892,10.604,0.8791798644151622,0.4,0.6,0.5,36,54,45,28.74500277420313,5.303912180010371,0.1845159738432972,,,
torus_plus1,RGA Fall 2018 torus+1,5,7,4,3,3.5,4,3.762711503217832,0.48,0.58,0.5103904019093892,10.604,0.8791798644151622,0.4,0.6,0.5,54,72,63,39.38477892499328,7.118933579005729,0.1807534223453038,,,
torus_plus1,RGA Fall 2018 torus+1,5,7,4,4,3.5,4,3.762711503217832,0.48,0.58,0.5103904019093892,10.604,0.8791798644151622,0.4,0.6,0.5,72,90,81,53.11887603050494,9.588354991537033,0.1805074901440057,,,
torus_plus1,RGA Fall 2018 torus+1,5,7,4,5,3.5,4,3.762711503217832,0.48,0.58,0.5103904019093892,10.604,0.8791798644151622,0.4,0.6,0.5,90,108,99,45.32662555928037,12.25382793268653,0.2703450296925452,,,
torus_plus1,RGA Fall 2018 torus+1,5,7,4,14,3.5,4,3.762711503217832,0.48,0.58,0.5103904019093892,10.604,0.8791798644151622,0.4,0.6,0.5,252,270,261,15.71980599079069,6.145013007431536,0.390908959756344,,,
torus_plus1,RGA Fall 2018 torus+1,5,7,4,15,3.5,4,3.762711503217832,0.48,0.58,0.5103904019093892,10.604,0.8791798644151622,0.4,0.6,0.5,270,288,279,41.7960673668969,7.788085548723252,0.1863353669223801,,,
torus_plus1,RGA Fall 2018 torus+1,5,7,4,16,3.5,4,3.762711503217832,0.48,0.58,0.5103904019093892,10.604,0.8791798644151622,0.4,0.6,0.5,288,306,297,42.67048087991154,6.930913951162166,0.1624287753088133,,,
torus_plus1,RGA Fall 2018 torus+1,5,7,4,17,3.5,4,3.762711503217832,0.48,0.58,0.5103904019093892,10.604,0.8791798644151622,0.4,0.6,0.5,306,324,315,36.46995540698062,8.087722235600847,0.2217639738065815,,,
torus_plus1,RGA Fall 2018 torus+1,5,7,4,18,3.5,4,3.762711503217832,0.48,0.58,0.5103904019093892,10.604,0.8791798644151622,0.4,0.6,0.5,324,342,333,33.52638577552684,7.511040594702001,0.2240337101944586,,,
torus_plus1,RGA Fall 2018 torus+1,5,7,4,19,3.5,4,3.762711503217832,0.48,0.58,0.5103904019093892,10.604,0.8791798644151622,0.4,0.6,0.5,342,360,351,24.02260760343037,5.184496816421571,0.2158174042555329,,,
torus_plus1,RGA Fall 2018 torus+1,5,7,5,0,3.5,4,3.770418774592468,0.48,0.58,0.5136115795390669,10.604,0.8801233478898941,0.6,1,0.8,0,18,9,20.4871321084559,3.272065107657721,0.1597131843703591,,,
torus_plus1,RGA Fall 2018 torus+1,5,7,5,1,3.5,4,3.770418774592468,0.48,0.58,0.5136115795390669,10.604,0.8801233478898941,0.6,1,0.8,18,36,27,28.1698742049418,4.697120157543505,0.166742674226053,,,
torus_plus1,RGA Fall 2018 torus+1,5,7,5,2,3.5,4,3.770418774592468,0.48,0.58,0.5136115795390669,10.604,0.8801233478898941,0.6,1,0.8,36,54,45,38.1845345555612,5.326281848943069,0.1394879343414007,,,
torus_plus1,RGA Fall 2018 torus+1,5,7,5,3,3.5,4,3.770418774592468,0.48,0.58,0.5136115795390669,10.604,0.8801233478898941,0.6,1,0.8,54,72,63,27.6427717239646,4.163739788333667,0.1506267110227575,,,
torus_plus1,RGA Fall 2018 torus+1,5,7,5,4,3.5,4,3.770418774592468,0.48,0.58,0.5136115795390669,10.604,0.8801233478898941,0.6,1,0.8,72,90,81,34.02525555783878,4.127742853108881,0.1213140881805347,,,
torus_plus1,RGA Fall 2018 torus+1,5,7,5,5,3.5,4,3.770418774592468,0.48,0.58,0.5136115795390669,10.604,0.8801233478898941,0.6,1,0.8,90,108,99,41.88584592090722,4.353631351309194,0.1039403945554813,,,
torus_plus1,RGA Fall 2018 torus+1,5,7,5,6,3.5,4,3.770418774592468,0.48,0.58,0.5136115795390669,10.604,0.8801233478898941,0.6,1,0.8,108,126,117,36.35122186907304,4.348634154324379,0.1196282801713501,,,
torus_plus1,RGA Fall 2018 torus+1,5,7,5,7,3.5,4,3.770418774592468,0.48,0.58,0.5136115795390669,10.604,0.8801233478898941,0.6,1,0.8,126,144,135,29.29856344861624,12.08238195991631,0.4123882039850305,,,
torus_plus1,RGA Fall 2018 torus+1,5,7,5,12,3.5,4,3.770418774592468,0.48,0.58,0.5136115795390669,10.604,0.8801233478898941,0.6,1,0.8,216,234,225,32.53887774222255,12.31136571974136,0.3783586458412515,,,
torus_plus1,RGA Fall 2018 torus+1,5,7,5,13,3.5,4,3.770418774592468,0.48,0.58,0.5136115795390669,10.604,0.8801233478898941,0.6,1,0.8,234,252,243,29.42363501134955,4.171147167330565,0.1417617899937119,,,
torus_plus1,RGA Fall 2018 torus+1,5,7,5,14,3.5,4,3.770418774592468,0.48,0.58,0.5136115795390669,10.604,0.8801233478898941,0.6,1,0.8,252,270,261,28.28590084663571,4.342559928803569,0.1535238333878296,,,
torus_plus1,RGA Fall 2018 torus+1,5,7,5,15,3.5,4,3.770418774592468,0.48,0.58,0.5136115795390669,10.604,0.8801233478898941,0.6,1,0.8,270,288,279,31.73716506844346,3.757482916599995,0.1183937792961884,,,
torus_plus1,RGA Fall 2018 torus+1,5,7,5,16,3.5,4,3.770418774592468,0.48,0.58,0.5136115795390669,10.604,0.8801233478898941,0.6,1,0.8,288,306,297,24.02402403543361,4.225321032781817,0.175878987906014,,,
torus_plus1,RGA Fall 2018 torus+1,5,7,5,17,3.5,4,3.770418774592468,0.48,0.58,0.5136115795390669,10.604,0.8801233478898941,0.6,1,0.8,306,324,315,27.06297178916562,5.966914542479434,0.2204826058632713,,,
torus_plus1,RGA Fall 2018 torus+1,5,7,5,18,3.5,4,3.770418774592468,0.48,0.58,0.5136115795390669,10.604,0.8801233478898941,0.6,1,0.8,324,342,333,30.9902207809521,5.268821648173812,0.170015621554147,,,
torus_plus1,RGA Fall 2018 torus+1,5,7,5,19,3.5,4,3.770418774592468,0.48,0.58,0.5136115795390669,10.604,0.8801233478898941,0.6,1,0.8,342,360,351,15.22415456504639,2.707355940104188,0.1778329252069006,,,
torus_plus1,RGA Fall 2018 torus+1,5,7,6,0,3.5,4,3.770418774592468,0.48,0.58,0.5136115795390669,10.604,0.8801233478898941,1,1.5,1.25,0,18,9,6.27187354632125,1.696053175364057,0.2704220936276485,,,
torus_plus1,RGA Fall 2018 torus+1,5,7,6,1,3.5,4,3.770418774592468,0.48,0.58,0.5136115795390669,10.604,0.8801233478898941,1,1.5,1.25,18,36,27,10.71947570660033,2.458522952569948,0.229351044758295,,,
torus_plus1,RGA Fall 2018 torus+1,5,7,6,2,3.5,4,3.770418774592468,0.48,0.58,0.5136115795390669,10.604,0.8801233478898941,1,1.5,1.25,36,54,45,23.54578226884005,4.373519098787384,0.1857453300489914,,,
torus_plus1,RGA Fall 2018 torus+1,5,7,6,3,3.5,4,3.770418774592468,0.48,0.58,0.5136115795390669,10.604,0.8801233478898941,1,1.5,1.25,54,72,63,13.83793420873051,2.972744897703736,0.214825771886399,,,
torus_plus1,RGA Fall 2018 torus+1,5,7,6,4,3.5,4,3.770418774592468,0.48,0.58,0.5136115795390669,10.604,0.8801233478898941,1,1.5,1.25,72,90,81,19.45809479641667,3.302174498644177,0.1697069797014398,,,
torus_plus1,RGA Fall 2018 torus+1,5,7,6,5,3.5,4,3.770418774592468,0.48,0.58,0.5136115795390669,10.604,0.8801233478898941,1,1.5,1.25,90,108,99,22.86197286156174,3.1346867197343,0.1371135701505755,,,
torus_plus1,RGA Fall 2018 torus+1,5,7,6,6,3.5,4,3.770418774592468,0.48,0.58,0.5136115795390669,10.604,0.8801233478898941,1,1.5,1.25,108,126,117,23.30168636169952,2.787554773798468,0.1196288856750004,,,
torus_plus1,RGA Fall 2018 torus+1,5,7,6,7,3.5,4,3.770418774592468,0.48,0.58,0.5136115795390669,10.604,0.8801233478898941,1,1.5,1.25,126,144,135,18.59471479471569,2.937796752486297,0.1579909552213821,,,
torus_plus1,RGA Fall 2018 torus+1,5,7,6,12,3.5,4,3.770418774592468,0.48,0.58,0.5136115795390669,10.604,0.8801233478898941,1,1.5,1.25,216,234,225,14.8020251943974,3.415528388381909,0.2307473702770547,,,
torus_plus1,RGA Fall 2018 torus+1,5,7,6,13,3.5,4,3.770418774592468,0.48,0.58,0.5136115795390669,10.604,0.8801233478898941,1,1.5,1.25,234,252,243,16.58346454420394,2.514139346975658,0.1516051932498249,,,
torus_plus1,RGA Fall 2018 torus+1,5,7,6,14,3.5,4,3.770418774592468,0.48,0.58,0.5136115795390669,10.604,0.8801233478898941,1,1.5,1.25,252,270,261,20.18144907209013,2.484506287744535,0.1231084189678171,,,
torus_plus1,RGA Fall 2018 torus+1,5,7,6,15,3.5,4,3.770418774592468,0.48,0.58,0.5136115795390669,10.604,0.8801233478898941,1,1.5,1.25,270,288,279,24.04390601332436,3.114739070418897,0.1295438049330591,,,
torus_plus1,RGA Fall 2018 torus+1,5,7,6,16,3.5,4,3.770418774592468,0.48,0.58,0.5136115795390669,10.604,0.8801233478898941,1,1.5,1.25,288,306,297,22.89742415658327,4.138304297425959,0.1807323072292457,,,
torus_plus1,RGA Fall 2018 torus+1,5,7,6,17,3.5,4,3.770418774592468,0.48,0.58,0.5136115795390669,10.604,0.8801233478898941,1,1.5,1.25,306,324,315,21.5456539565007,4.760132140485339,0.2209323583352699,,,
torus_plus1,RGA Fall 2018 torus+1,5,7,6,18,3.5,4,3.770418774592468,0.48,0.58,0.5136115795390669,10.604,0.8801233478898941,1,1.5,1.25,324,342,333,11.96621951554517,3.140970698629372,0.2624864682240683,,,
torus_plus1,RGA Fall 2018 torus+1,5,7,6,19,3.5,4,3.770418774592468,0.48,0.58,0.5136115795390669,10.604,0.8801233478898941,1,1.5,1.25,342,360,351,7.379456302136413,1.873249075771672,0.2538464893720356,,,
torus_plus1,RGA Fall 2018 torus+1,5,7,7,0,3.5,4,3.770418774592468,0.48,0.58,0.5136115795390669,10.604,0.8801233478898941,1.5,2,1.75,0,18,9,0.2361968947768757,0.5413754239232624,2.292051402431327,,,
torus_plus1,RGA Fall 2018 torus+1,5,7,7,1,3.5,4,3.770418774592468,0.48,0.58,0.5136115795390669,10.604,0.8801233478898941,1.5,2,1.75,18,36,27,2.566502184353869,2.004533295316913,0.7810370501677814,,,
torus_plus1,RGA Fall 2018 torus+1,5,7,7,2,3.5,4,3.770418774592468,0.48,0.58,0.5136115795390669,10.604,0.8801233478898941,1.5,2,1.75,36,54,45,3.68724681209156,1.973780596697086,0.5352992889503578,,,
torus_plus1,RGA Fall 2018 torus+1,5,7,7,3,3.5,4,3.770418774592468,0.48,0.58,0.5136115795390669,10.604,0.8801233478898941,1.5,2,1.75,54,72,63,7.015609472433748,2.117237905299365,0.3017895898593804,,,
torus_plus1,RGA Fall 2018 torus+1,5,7,7,4,3.5,4,3.770418774592468,0.48,0.58,0.5136115795390669,10.604,0.8801233478898941,1.5,2,1.75,72,90,81,10.97378591748417,2.123281783751734,0.1934867145866932,,,
torus_plus1,RGA Fall 2018 torus+1,5,7,7,5,3.5,4,3.770418774592468,0.48,0.58,0.5136115795390669,10.604,0.8801233478898941,1.5,2,1.75,90,108,99,10.56029301637346,2.208176273968663,0.2091017995944757,,,
torus_plus1,RGA Fall 2018 torus+1,5,7,7,6,3.5,4,3.770418774592468,0.48,0.58,0.5136115795390669,10.604,0.8801233478898941,1.5,2,1.75,108,126,117,12.65865891068166,2.633530164772893,0.208041798373338,,,
torus_plus1,RGA Fall 2018 torus+1,5,7,7,7,3.5,4,3.770418774592468,0.48,0.58,0.5136115795390669,10.604,0.8801233478898941,1.5,2,1.75,126,144,135,10.23785507964712,3.17488098120454,0.3101119283780654,,,
torus_plus1,RGA Fall 2018 torus+1,5,7,7,12,3.5,4,3.770418774592468,0.48,0.58,0.5136115795390669,10.604,0.8801233478898941,1.5,2,1.75,216,234,225,5.394442864997687,1.975206005499019,0.3661557003996307,,,
torus_plus1,RGA Fall 2018 torus+1,5,7,7,13,3.5,4,3.770418774592468,0.48,0.58,0.5136115795390669,10.604,0.8801233478898941,1.5,2,1.75,234,252,243,7.291744273399869,1.839606807327244,0.2522862484410063,,,
torus_plus1,RGA Fall 2018 torus+1,5,7,7,14,3.5,4,3.770418774592468,0.48,0.58,0.5136115795390669,10.604,0.8801233478898941,1.5,2,1.75,252,270,261,11.18663499398954,2.107797477784049,0.1884210469829887,,,
torus_plus1,RGA Fall 2018 torus+1,5,7,7,15,3.5,4,3.770418774592468,0.48,0.58,0.5136115795390669,10.604,0.8801233478898941,1.5,2,1.75,270,288,279,12.5815423348092,2.172956930881318,0.1727099009848279,,,
torus_plus1,RGA Fall 2018 torus+1,5,7,7,16,3.5,4,3.770418774592468,0.48,0.58,0.5136115795390669,10.604,0.8801233478898941,1.5,2,1.75,288,306,297,14.86146680639091,3.069759166763779,0.2065582897539888,,,
torus_plus1,RGA Fall 2018 torus+1,5,7,7,17,3.5,4,3.770418774592468,0.48,0.58,0.5136115795390669,10.604,0.8801233478898941,1.5,2,1.75,306,324,315,11.9673810245471,3.154813932720752,0.2636177394410439,,,
torus_plus1,RGA Fall 2018 torus+1,5,7,7,18,3.5,4,3.770418774592468,0.48,0.58,0.5136115795390669,10.604,0.8801233478898941,1.5,2,1.75,324,342,333,1.987815199173425,1.36895452141115,0.6886729319608733,,,
torus_plus1,RGA Fall 2018 torus+1,5,7,7,19,3.5,4,3.770418774592468,0.48,0.58,0.5136115795390669,10.604,0.8801233478898941,1.5,2,1.75,342,360,351,5.262992504539357,2.77093665322581,0.5264945087487515,,,
torus_plus1,RGA Fall 2018 torus+1,6,4,2,1,4,4.6,4.245107438016528,0.25,0.3,0.2815,10.604,0.4319467140215725,0.2,0.3,0.25,18,36,27,3.482817011440239,3.794610699559368,1.08952341943173,,,
torus_plus1,RGA Fall 2018 torus+1,6,4,2,2,4,4.6,4.245107438016528,0.25,0.3,0.2815,10.604,0.4319467140215725,0.2,0.3,0.25,36,54,45,19.98856051891316,13.71102406581297,0.6859435452012472,,,
torus_plus1,RGA Fall 2018 torus+1,6,4,2,17,4,4.6,4.245107438016528,0.25,0.3,0.2815,10.604,0.4319467140215725,0.2,0.3,0.25,306,324,315,6.872410680105467,8.024063892952608,1.167576308584263,,,
torus_plus1,RGA Fall 2018 torus+1,6,4,2,18,4,4.6,4.245107438016528,0.25,0.3,0.2815,10.604,0.4319467140215725,0.2,0.3,0.25,324,342,333,23.56775973696497,11.64497158142014,0.4941060037690185,,,
torus_plus1,RGA Fall 2018 torus+1,6,4,3,0,4,4.6,4.245107438016528,0.25,0.3,0.2815,10.604,0.4319467140215725,0.3,0.4,0.35,0,18,9,10.32038929617094,7.220299044124158,0.6996149890201361,,,
torus_plus1,RGA Fall 2018 torus+1,6,4,3,1,4,4.6,4.245107438016528,0.25,0.3,0.2815,10.604,0.4319467140215725,0.3,0.4,0.35,18,36,27,3.252454522258267,2.777058459044311,0.8538346777916282,,,
torus_plus1,RGA Fall 2018 torus+1,6,4,3,2,4,4.6,4.245107438016528,0.25,0.3,0.2815,10.604,0.4319467140215725,0.3,0.4,0.35,36,54,45,3.337835278691488,5.525158877149096,1.655312025857397,,,
torus_plus1,RGA Fall 2018 torus+1,6,4,3,3,4,4.6,4.245107438016528,0.25,0.3,0.2815,10.604,0.4319467140215725,0.3,0.4,0.35,54,72,63,10.09228969578997,10.43395624823732,1.033854215717754,,,
torus_plus1,RGA Fall 2018 torus+1,6,4,3,4,4,4.6,4.245107438016528,0.25,0.3,0.2815,10.604,0.4319467140215725,0.3,0.4,0.35,72,90,81,9.560899475587783,8.426023763607464,0.881300319611346,,,
torus_plus1,RGA Fall 2018 torus+1,6,4,3,5,4,4.6,4.245107438016528,0.25,0.3,0.2815,10.604,0.4319467140215725,0.3,0.4,0.35,90,108,99,3.153193938160337,4.52514758395519,1.435099671222662,,,
torus_plus1,RGA Fall 2018 torus+1,6,4,3,6,4,4.6,4.245107438016528,0.25,0.3,0.2815,10.604,0.4319467140215725,0.3,0.4,0.35,108,126,117,7.911714307371066,9.31023565177623,1.1767659056018,,,
torus_plus1,RGA Fall 2018 torus+1,6,4,3,7,4,4.6,4.245107438016528,0.25,0.3,0.2815,10.604,0.4319467140215725,0.3,0.4,0.35,126,144,135,2.038123937210003,3.54687486583536,1.740264564426192,,,
torus_plus1,RGA Fall 2018 torus+1,6,4,3,9,4,4.6,4.245107438016528,0.25,0.3,0.2815,10.604,0.4319467140215725,0.3,0.4,0.35,162,180,171,1.970293174986387,3.138991081560822,1.59315939445535,,,
torus_plus1,RGA Fall 2018 torus+1,6,4,3,10,4,4.6,4.245107438016528,0.25,0.3,0.2815,10.604,0.4319467140215725,0.3,0.4,0.35,180,198,189,8.882420502814927,6.247069996096911,0.7033071665676212,,,
torus_plus1,RGA Fall 2018 torus+1,6,4,3,11,4,4.6,4.245107438016528,0.25,0.3,0.2815,10.604,0.4319467140215725,0.3,0.4,0.35,198,216,207,5.957322842320719,8.489341213644366,1.425026213677095,,,
torus_plus1,RGA Fall 2018 torus+1,6,4,3,12,4,4.6,4.245107438016528,0.25,0.3,0.2815,10.604,0.4319467140215725,0.3,0.4,0.35,216,234,225,4.408260779335859,9.487248132640429,2.152152199595996,,,
torus_plus1,RGA Fall 2018 torus+1,6,4,3,14,4,4.6,4.245107438016528,0.25,0.3,0.2815,10.604,0.4319467140215725,0.3,0.4,0.35,252,270,261,13.99476633895088,10.6422153782071,0.7604425197573466,,,
torus_plus1,RGA Fall 2018 torus+1,6,4,3,15,4,4.6,4.245107438016528,0.25,0.3,0.2815,10.604,0.4319467140215725,0.3,0.4,0.35,270,288,279,3.89004666859889,5.568481960938734,1.431469191845038,,,
torus_plus1,RGA Fall 2018 torus+1,6,4,3,17,4,4.6,4.245107438016528,0.25,0.3,0.2815,10.604,0.4319467140215725,0.3,0.4,0.35,306,324,315,22.17449227228346,13.95650012754297,0.6293943489740059,,,
torus_plus1,RGA Fall 2018 torus+1,6,4,3,18,4,4.6,4.245107438016528,0.25,0.3,0.2815,10.604,0.4319467140215725,0.3,0.4,0.35,324,342,333,7.715073898737456,6.994310090685337,0.9065771997115841,,,
torus_plus1,RGA Fall 2018 torus+1,6,4,3,19,4,4.6,4.245107438016528,0.25,0.3,0.2815,10.604,0.4319467140215725,0.3,0.4,0.35,342,360,351,9.003908640122114,4.761256874017091,0.5287988877186693,,,
torus_plus1,RGA Fall 2018 torus+1,6,4,4,0,4,4.6,4.245107438016528,0.25,0.3,0.2815,10.604,0.4319467140215725,0.4,0.6,0.5,0,18,9,0.9484052159536741,0.920846852129151,0.9709424164260719,,,
torus_plus1,RGA Fall 2018 torus+1,6,4,4,1,4,4.6,4.245107438016528,0.25,0.3,0.2815,10.604,0.4319467140215725,0.4,0.6,0.5,18,36,27,4.577124810853562,2.340854771090656,0.5114247191905005,,,
torus_plus1,RGA Fall 2018 torus+1,6,4,4,2,4,4.6,4.245107438016528,0.25,0.3,0.2815,10.604,0.4319467140215725,0.4,0.6,0.5,36,54,45,5.379347318243358,4.000561376593798,0.7436889904889415,,,
torus_plus1,RGA Fall 2018 torus+1,6,4,4,4,4,4.6,4.245107438016528,0.25,0.3,0.2815,10.604,0.4319467140215725,0.4,0.6,0.5,72,90,81,5.526919756754454,3.474253262514117,0.628605699995595,,,
torus_plus1,RGA Fall 2018 torus+1,6,4,4,5,4,4.6,4.245107438016528,0.25,0.3,0.2815,10.604,0.4319467140215725,0.4,0.6,0.5,90,108,99,4.482699531181137,2.571705474661643,0.5736957065208494,,,
torus_plus1,RGA Fall 2018 torus+1,6,4,4,6,4,4.6,4.245107438016528,0.25,0.3,0.2815,10.604,0.4319467140215725,0.4,0.6,0.5,108,126,117,6.895544538689815,3.836844894696021,0.5564237709100548,,,
torus_plus1,RGA Fall 2018 torus+1,6,4,4,7,4,4.6,4.245107438016528,0.25,0.3,0.2815,10.604,0.4319467140215725,0.4,0.6,0.5,126,144,135,4.802153562922262,2.60496156002647,0.5424569468455874,,,
torus_plus1,RGA Fall 2018 torus+1,6,4,4,8,4,4.6,4.245107438016528,0.25,0.3,0.2815,10.604,0.4319467140215725,0.4,0.6,0.5,144,162,153,1.194903531994104,1.261607475222413,1.055823705799071,,,
torus_plus1,RGA Fall 2018 torus+1,6,4,4,9,4,4.6,4.245107438016528,0.25,0.3,0.2815,10.604,0.4319467140215725,0.4,0.6,0.5,162,180,171,1.805205386128927,1.506977917622786,0.834795823900316,,,
torus_plus1,RGA Fall 2018 torus+1,6,4,4,10,4,4.6,4.245107438016528,0.25,0.3,0.2815,10.604,0.4319467140215725,0.4,0.6,0.5,180,198,189,3.633492959013367,1.712813047392183,0.4713957249162464,,,
torus_plus1,RGA Fall 2018 torus+1,6,4,4,11,4,4.6,4.245107438016528,0.25,0.3,0.2815,10.604,0.4319467140215725,0.4,0.6,0.5,198,216,207,1.467073944973837,1.374937321560248,0.9371970146908769,,,
torus_plus1,RGA Fall 2018 torus+1,6,4,4,12,4,4.6,4.245107438016528,0.25,0.3,0.2815,10.604,0.4319467140215725,0.4,0.6,0.5,216,234,225,9.121125248899522,6.861782469742212,0.7522956085456777,,,
torus_plus1,RGA Fall 2018 torus+1,6,4,4,13,4,4.6,4.245107438016528,0.25,0.3,0.2815,10.604,0.4319467140215725,0.4,0.6,0.5,234,252,243,5.246114814865519,4.351766297510879,0.8295217415332976,,,
torus_plus1,RGA Fall 2018 torus+1,6,4,4,14,4,4.6,4.245107438016528,0.25,0.3,0.2815,10.604,0.4319467140215725,0.4,0.6,0.5,252,270,261,5.971730484515431,4.601904846491839,0.7706149596711505,,,
torus_plus1,RGA Fall 2018 torus+1,6,4,4,15,4,4.6,4.245107438016528,0.25,0.3,0.2815,10.604,0.4319467140215725,0.4,0.6,0.5,270,288,279,4.457421197977804,2.248804843752588,0.5045080426262617,,,
torus_plus1,RGA Fall 2018 torus+1,6,4,4,16,4,4.6,4.245107438016528,0.25,0.3,0.2815,10.604,0.4319467140215725,0.4,0.6,0.5,288,306,297,1.394939359892361,2.075617550497058,1.487962566815249,,,
torus_plus1,RGA Fall 2018 torus+1,6,4,4,17,4,4.6,4.245107438016528,0.25,0.3,0.2815,10.604,0.4319467140215725,0.4,0.6,0.5,306,324,315,5.976421621745512,6.152298004145627,1.029428375963332,,,
torus_plus1,RGA Fall 2018 torus+1,6,4,4,18,4,4.6,4.245107438016528,0.25,0.3,0.2815,10.604,0.4319467140215725,0.4,0.6,0.5,324,342,333,5.481428410191546,2.454891112857604,0.4478560931842616,,,
torus_plus1,RGA Fall 2018 torus+1,6,4,4,19,4,4.6,4.245107438016528,0.25,0.3,0.2815,10.604,0.4319467140215725,0.4,0.6,0.5,342,360,351,1.451541162535365,1.039372635039596,0.7160476477457612,,,
torus_plus1,RGA Fall 2018 torus+1,6,4,5,1,4,4.6,4.245107438016528,0.25,0.3,0.2815,10.604,0.4319467140215725,0.6,1,0.8,18,36,27,1.403270268820279,0.7315305801195904,0.5213041253518352,,,
torus_plus1,RGA Fall 2018 torus+1,6,4,5,2,4,4.6,4.245107438016528,0.25,0.3,0.2815,10.604,0.4319467140215725,0.6,1,0.8,36,54,45,3.702126694941056,2.740134423573015,0.7401514451997011,,,
torus_plus1,RGA Fall 2018 torus+1,6,4,5,3,4,4.6,4.245107438016528,0.25,0.3,0.2815,10.604,0.4319467140215725,0.6,1,0.8,54,72,63,4.060195708384652,3.559731346494039,0.8767388574749955,,,
torus_plus1,RGA Fall 2018 torus+1,6,4,5,4,4,4.6,4.245107438016528,0.25,0.3,0.2815,10.604,0.4319467140215725,0.6,1,0.8,72,90,81,3.044558001738662,1.889087752077655,0.6204801324195007,,,
torus_plus1,RGA Fall 2018 torus+1,6,4,5,5,4,4.6,4.245107438016528,0.25,0.3,0.2815,10.604,0.4319467140215725,0.6,1,0.8,90,108,99,2.962548105349279,1.493722223800958,0.5042018460742771,,,
torus_plus1,RGA Fall 2018 torus+1,6,4,5,6,4,4.6,4.245107438016528,0.25,0.3,0.2815,10.604,0.4319467140215725,0.6,1,0.8,108,126,117,1.280939137893295,1.262588794383154,0.9856743049163753,,,
torus_plus1,RGA Fall 2018 torus+1,6,4,5,7,4,4.6,4.245107438016528,0.25,0.3,0.2815,10.604,0.4319467140215725,0.6,1,0.8,126,144,135,1.660523147194163,0.9583213257128718,0.577120124662024,,,
torus_plus1,RGA Fall 2018 torus+1,6,4,5,8,4,4.6,4.245107438016528,0.25,0.3,0.2815,10.604,0.4319467140215725,0.6,1,0.8,144,162,153,2.13571126521847,1.011368776228916,0.4735512672989804,,,
torus_plus1,RGA Fall 2018 torus+1,6,4,5,9,4,4.6,4.245107438016528,0.25,0.3,0.2815,10.604,0.4319467140215725,0.6,1,0.8,162,180,171,2.136159945644847,0.9847809599674385,0.4610052547681117,,,
torus_plus1,RGA Fall 2018 torus+1,6,4,5,10,4,4.6,4.245107438016528,0.25,0.3,0.2815,10.604,0.4319467140215725,0.6,1,0.8,180,198,189,2.462467463171477,1.064517653648988,0.4322971448637814,,,
torus_plus1,RGA Fall 2018 torus+1,6,4,5,11,4,4.6,4.245107438016528,0.25,0.3,0.2815,10.604,0.4319467140215725,0.6,1,0.8,198,216,207,1.17123241970344,1.025901855872811,0.8759165462074323,,,
torus_plus1,RGA Fall 2018 torus+1,6,4,5,12,4,4.6,4.245107438016528,0.25,0.3,0.2815,10.604,0.4319467140215725,0.6,1,0.8,216,234,225,2.54651702519646,1.306082197643975,0.5128896389542941,,,
torus_plus1,RGA Fall 2018 torus+1,6,4,5,13,4,4.6,4.245107438016528,0.25,0.3,0.2815,10.604,0.4319467140215725,0.6,1,0.8,234,252,243,0.07351170903369533,0.558686788900904,7.599970076125158,,,
torus_plus1,RGA Fall 2018 torus+1,6,4,5,14,4,4.6,4.245107438016528,0.25,0.3,0.2815,10.604,0.4319467140215725,0.6,1,0.8,252,270,261,2.21294898970038,1.029933573748911,0.4654122524027803,,,
torus_plus1,RGA Fall 2018 torus+1,6,4,5,15,4,4.6,4.245107438016528,0.25,0.3,0.2815,10.604,0.4319467140215725,0.6,1,0.8,270,288,279,0.9076376347399709,0.6856062961936984,0.7553744687879956,,,
torus_plus1,RGA Fall 2018 torus+1,6,4,5,16,4,4.6,4.245107438016528,0.25,0.3,0.2815,10.604,0.4319467140215725,0.6,1,0.8,288,306,297,1.8563689887848,2.110076087835463,1.136668464396587,,,
torus_plus1,RGA Fall 2018 torus+1,6,4,5,17,4,4.6,4.245107438016528,0.25,0.3,0.2815,10.604,0.4319467140215725,0.6,1,0.8,306,324,315,0.3431576751670363,0.5468361792612384,1.593542032813513,,,
torus_plus1,RGA Fall 2018 torus+1,6,4,5,18,4,4.6,4.245107438016528,0.25,0.3,0.2815,10.604,0.4319467140215725,0.6,1,0.8,324,342,333,1.996221914138919,0.797661988284833,0.3995858289276966,,,
torus_plus1,RGA Fall 2018 torus+1,6,4,5,19,4,4.6,4.245107438016528,0.25,0.3,0.2815,10.604,0.4319467140215725,0.6,1,0.8,342,360,351,0.4718248108304925,0.8287897474526332,1.756562453750198,,,
torus_plus1,RGA Fall 2018 torus+1,6,4,6,1,4,4.6,4.245107438016528,0.25,0.3,0.2815,10.604,0.4319467140215725,1,1.5,1.25,18,36,27,0.5341778052127844,0.4014607120680616,0.7515488441309234,,,
torus_plus1,RGA Fall 2018 torus+1,6,4,6,2,4,4.6,4.245107438016528,0.25,0.3,0.2815,10.604,0.4319467140215725,1,1.5,1.25,36,54,45,0.5429917249913834,0.6972716051741604,1.284129339512909,,,
torus_plus1,RGA Fall 2018 torus+1,6,4,6,3,4,4.6,4.245107438016528,0.25,0.3,0.2815,10.604,0.4319467140215725,1,1.5,1.25,54,72,63,1.447076406425963,1.344063877443486,0.9288133449449982,,,
torus_plus1,RGA Fall 2018 torus+1,6,4,6,4,4,4.6,4.245107438016528,0.25,0.3,0.2815,10.604,0.4319467140215725,1,1.5,1.25,72,90,81,0.8597191581499052,0.9054182040540391,1.053155784038217,,,
torus_plus1,RGA Fall 2018 torus+1,6,4,6,5,4,4.6,4.245107438016528,0.25,0.3,0.2815,10.604,0.4319467140215725,1,1.5,1.25,90,108,99,3.743724816079533,2.968286520133424,0.7928698464653299,,,
torus_plus1,RGA Fall 2018 torus+1,6,4,6,6,4,4.6,4.245107438016528,0.25,0.3,0.2815,10.604,0.4319467140215725,1,1.5,1.25,108,126,117,3.399890379686953,1.738697154970161,0.5113980042880831,,,
torus_plus1,RGA Fall 2018 torus+1,6,4,6,7,4,4.6,4.245107438016528,0.25,0.3,0.2815,10.604,0.4319467140215725,1,1.5,1.25,126,144,135,1.943626742244166,0.9235610794392251,0.4751740956048255,,,
torus_plus1,RGA Fall 2018 torus+1,6,4,6,8,4,4.6,4.245107438016528,0.25,0.3,0.2815,10.604,0.4319467140215725,1,1.5,1.25,144,162,153,2.609851915525235,0.8260137990333291,0.3164983400474249,,,
torus_plus1,RGA Fall 2018 torus+1,6,4,6,9,4,4.6,4.245107438016528,0.25,0.3,0.2815,10.604,0.4319467140215725,1,1.5,1.25,162,180,171,0.960043889801948,0.5648233526506748,0.5883307613854977,,,
torus_plus1,RGA Fall 2018 torus+1,6,4,6,10,4,4.6,4.245107438016528,0.25,0.3,0.2815,10.604,0.4319467140215725,1,1.5,1.25,180,198,189,0.5305274839442667,0.4341744195821794,0.8183825206457929,,,
torus_plus1,RGA Fall 2018 torus+1,6,4,6,11,4,4.6,4.245107438016528,0.25,0.3,0.2815,10.604,0.4319467140215725,1,1.5,1.25,198,216,207,1.988357531338881,0.8372229209027529,0.4210625643060281,,,
torus_plus1,RGA Fall 2018 torus+1,6,4,6,12,4,4.6,4.245107438016528,0.25,0.3,0.2815,10.604,0.4319467140215725,1,1.5,1.25,216,234,225,1.283050323089836,0.6163935443767511,0.4804126021279935,,,
torus_plus1,RGA Fall 2018 torus+1,6,4,6,13,4,4.6,4.245107438016528,0.25,0.3,0.2815,10.604,0.4319467140215725,1,1.5,1.25,234,252,243,2.368566192859025,1.422437106126363,0.600547753495283,,,
torus_plus1,RGA Fall 2018 torus+1,6,4,6,14,4,4.6,4.245107438016528,0.25,0.3,0.2815,10.604,0.4319467140215725,1,1.5,1.25,252,270,261,2.842223792851363,1.156618156301092,0.4069412687382913,,,
torus_plus1,RGA Fall 2018 torus+1,6,4,6,15,4,4.6,4.245107438016528,0.25,0.3,0.2815,10.604,0.4319467140215725,1,1.5,1.25,270,288,279,0.4539395095846674,0.4796272814688498,1.056588535128139,,,
torus_plus1,RGA Fall 2018 torus+1,6,4,6,16,4,4.6,4.245107438016528,0.25,0.3,0.2815,10.604,0.4319467140215725,1,1.5,1.25,288,306,297,1.731443583242102,1.079310676475521,0.6233588474505927,,,
torus_plus1,RGA Fall 2018 torus+1,6,4,6,18,4,4.6,4.245107438016528,0.25,0.3,0.2815,10.604,0.4319467140215725,1,1.5,1.25,324,342,333,0.4106571025421434,0.3554055740831526,0.8654558070055036,,,
torus_plus1,RGA Fall 2018 torus+1,6,4,7,1,4,4.6,4.245107438016528,0.25,0.3,0.2815,10.604,0.4319467140215725,1.5,2,1.75,18,36,27,0.7938058113720455,0.9964584119987429,1.255292412481114,,,
torus_plus1,RGA Fall 2018 torus+1,6,4,7,2,4,4.6,4.245107438016528,0.25,0.3,0.2815,10.604,0.4319467140215725,1.5,2,1.75,36,54,45,1.667631185090207,1.112883509958341,0.6673439066793068,,,
torus_plus1,RGA Fall 2018 torus+1,6,4,7,4,4,4.6,4.245107438016528,0.25,0.3,0.2815,10.604,0.4319467140215725,1.5,2,1.75,72,90,81,3.356795371865235,1.792486066738359,0.5339872909030935,,,
torus_plus1,RGA Fall 2018 torus+1,6,4,7,5,4,4.6,4.245107438016528,0.25,0.3,0.2815,10.604,0.4319467140215725,1.5,2,1.75,90,108,99,1.285875557514652,1.552494996791471,1.207344667000392,,,
torus_plus1,RGA Fall 2018 torus+1,6,4,7,6,4,4.6,4.245107438016528,0.25,0.3,0.2815,10.604,0.4319467140215725,1.5,2,1.75,108,126,117,1.251054553665937,0.9622400491371941,0.7691431571209771,,,
torus_plus1,RGA Fall 2018 torus+1,6,4,7,7,4,4.6,4.245107438016528,0.25,0.3,0.2815,10.604,0.4319467140215725,1.5,2,1.75,126,144,135,0.4461978664015004,0.2689799294914478,0.602826570330152,,,
torus_plus1,RGA Fall 2018 torus+1,6,4,7,8,4,4.6,4.245107438016528,0.25,0.3,0.2815,10.604,0.4319467140215725,1.5,2,1.75,144,162,153,0.7072292596552847,0.5198697134257089,0.7350794757545834,,,
torus_plus1,RGA Fall 2018 torus+1,6,4,7,9,4,4.6,4.245107438016528,0.25,0.3,0.2815,10.604,0.4319467140215725,1.5,2,1.75,162,180,171,0.7603777741502705,0.5627020184766194,0.7400295453210008,,,
torus_plus1,RGA Fall 2018 torus+1,6,4,7,10,4,4.6,4.245107438016528,0.25,0.3,0.2815,10.604,0.4319467140215725,1.5,2,1.75,180,198,189,0.310573383299196,0.2848869921973037,0.9172936494781754,,,
torus_plus1,RGA Fall 2018 torus+1,6,4,7,11,4,4.6,4.245107438016528,0.25,0.3,0.2815,10.604,0.4319467140215725,1.5,2,1.75,198,216,207,0.2353681526239338,0.21228811956225,0.9019407137100635,,,
torus_plus1,RGA Fall 2018 torus+1,6,4,7,12,4,4.6,4.245107438016528,0.25,0.3,0.2815,10.604,0.4319467140215725,1.5,2,1.75,216,234,225,1.11748569121217,0.66005747199309,0.5906630189395142,,,
torus_plus1,RGA Fall 2018 torus+1,6,4,7,13,4,4.6,4.245107438016528,0.25,0.3,0.2815,10.604,0.4319467140215725,1.5,2,1.75,234,252,243,0.9351360485058164,0.5023102320921016,0.5371520356794129,,,
torus_plus1,RGA Fall 2018 torus+1,6,4,7,14,4,4.6,4.245107438016528,0.25,0.3,0.2815,10.604,0.4319467140215725,1.5,2,1.75,252,270,261,0.2621107670737538,0.3011846989093259,1.149074119586157,,,
torus_plus1,RGA Fall 2018 torus+1,6,4,7,15,4,4.6,4.245107438016528,0.25,0.3,0.2815,10.604,0.4319467140215725,1.5,2,1.75,270,288,279,1.834740010334809,1.59074306416285,0.8670127948387449,,,
torus_plus1,RGA Fall 2018 torus+1,6,4,7,18,4,4.6,4.245107438016528,0.25,0.3,0.2815,10.604,0.4319467140215725,1.5,2,1.75,324,342,333,0.2420200358506438,0.34270905386477,1.416035877609173,,,
torus_plus1,RGA Fall 2018 torus+1,6,5,2,0,4,4.6,4.3,0.3,0.38,0.34,10.604,0.6161355647167442,0.2,0.3,0.25,0,18,9,12.15931425543964,8.611301055716138,0.7082061434396886,,,
torus_plus1,RGA Fall 2018 torus+1,6,5,2,19,4,4.6,4.3,0.3,0.38,0.34,10.604,0.6161355647167442,0.2,0.3,0.25,342,360,351,4.669389468527092,5.083404542931554,1.088665783223916,,,
torus_plus1,RGA Fall 2018 torus+1,6,5,3,0,4,4.6,4.3,0.3,0.38,0.34,10.604,0.6161355647167442,0.3,0.4,0.35,0,18,9,7.538868969837874,3.995409659561951,0.5299746786350995,,,
torus_plus1,RGA Fall 2018 torus+1,6,5,3,1,4,4.6,4.3,0.3,0.38,0.34,10.604,0.6161355647167442,0.3,0.4,0.35,18,36,27,11.01368751661446,4.938112504108674,0.4483614136191344,,,
torus_plus1,RGA Fall 2018 torus+1,6,5,3,2,4,4.6,4.3,0.3,0.38,0.34,10.604,0.6161355647167442,0.3,0.4,0.35,36,54,45,7.752477341713049,4.269472214451414,0.5507235979238603,,,
torus_plus1,RGA Fall 2018 torus+1,6,5,3,3,4,4.6,4.3,0.3,0.38,0.34,10.604,0.6161355647167442,0.3,0.4,0.35,54,72,63,6.721254498055001,3.638734012389929,0.5413772106744221,,,
torus_plus1,RGA Fall 2018 torus+1,6,5,3,4,4,4.6,4.3,0.3,0.38,0.34,10.604,0.6161355647167442,0.3,0.4,0.35,72,90,81,4.520499334966523,2.874450562381357,0.6358701438460987,,,
torus_plus1,RGA Fall 2018 torus+1,6,5,3,5,4,4.6,4.3,0.3,0.38,0.34,10.604,0.6161355647167442,0.3,0.4,0.35,90,108,99,2.614914509676509,2.940936847487932,1.124678010162464,,,
torus_plus1,RGA Fall 2018 torus+1,6,5,3,6,4,4.6,4.3,0.3,0.38,0.34,10.604,0.6161355647167442,0.3,0.4,0.35,108,126,117,21.89398400863794,9.463525543180625,0.4322431924425876,,,
torus_plus1,RGA Fall 2018 torus+1,6,5,3,7,4,4.6,4.3,0.3,0.38,0.34,10.604,0.6161355647167442,0.3,0.4,0.35,126,144,135,0.7990209122921476,4.879302740066642,6.106602048836756,,,
torus_plus1,RGA Fall 2018 torus+1,6,5,3,12,4,4.6,4.3,0.3,0.38,0.34,10.604,0.6161355647167442,0.3,0.4,0.35,216,234,225,9.946930434351959,6.344378899882907,0.6378227878192899,,,
torus_plus1,RGA Fall 2018 torus+1,6,5,3,13,4,4.6,4.3,0.3,0.38,0.34,10.604,0.6161355647167442,0.3,0.4,0.35,234,252,243,4.038292787329134,2.886921874144587,0.7148867172788514,,,
torus_plus1,RGA Fall 2018 torus+1,6,5,3,14,4,4.6,4.3,0.3,0.38,0.34,10.604,0.6161355647167442,0.3,0.4,0.35,252,270,261,9.52844683713046,5.240911258669328,0.5500278637486374,,,
torus_plus1,RGA Fall 2018 torus+1,6,5,3,15,4,4.6,4.3,0.3,0.38,0.34,10.604,0.6161355647167442,0.3,0.4,0.35,270,288,279,7.713042290858786,4.97415812117845,0.644902223221781,,,
torus_plus1,RGA Fall 2018 torus+1,6,5,3,16,4,4.6,4.3,0.3,0.38,0.34,10.604,0.6161355647167442,0.3,0.4,0.35,288,306,297,5.683955669153123,4.682786654789445,0.8238605167529663,,,
torus_plus1,RGA Fall 2018 torus+1,6,5,3,17,4,4.6,4.3,0.3,0.38,0.34,10.604,0.6161355647167442,0.3,0.4,0.35,306,324,315,9.746220824276014,7.768008946237405,0.7970278004463789,,,
torus_plus1,RGA Fall 2018 torus+1,6,5,3,18,4,4.6,4.3,0.3,0.38,0.34,10.604,0.6161355647167442,0.3,0.4,0.35,324,342,333,19.91617660589087,8.972443295048496,0.450510329999514,,,
torus_plus1,RGA Fall 2018 torus+1,6,5,3,19,4,4.6,4.3,0.3,0.38,0.34,10.604,0.6161355647167442,0.3,0.4,0.35,342,360,351,5.728484487730269,3.695017379891063,0.6450252920829844,,,
torus_plus1,RGA Fall 2018 torus+1,6,5,4,0,4,4.6,4.3,0.3,0.38,0.34,10.604,0.6161355647167442,0.4,0.6,0.5,0,18,9,4.250756359828691,1.839440357971957,0.4327324838834302,,,
torus_plus1,RGA Fall 2018 torus+1,6,5,4,1,4,4.6,4.3,0.3,0.38,0.34,10.604,0.6161355647167442,0.4,0.6,0.5,18,36,27,2.624714520287529,1.595988497697031,0.608061747424705,,,
torus_plus1,RGA Fall 2018 torus+1,6,5,4,2,4,4.6,4.3,0.3,0.38,0.34,10.604,0.6161355647167442,0.4,0.6,0.5,36,54,45,6.243953302224701,1.885930499587647,0.3020410961298663,,,
torus_plus1,RGA Fall 2018 torus+1,6,5,4,3,4,4.6,4.3,0.3,0.38,0.34,10.604,0.6161355647167442,0.4,0.6,0.5,54,72,63,9.017734222248235,3.038921950309688,0.3369939582841295,,,
torus_plus1,RGA Fall 2018 torus+1,6,5,4,4,4,4.6,4.3,0.3,0.38,0.34,10.604,0.6161355647167442,0.4,0.6,0.5,72,90,81,8.628467295603112,2.135586430395457,0.2475047256056365,,,
torus_plus1,RGA Fall 2018 torus+1,6,5,4,5,4,4.6,4.3,0.3,0.38,0.34,10.604,0.6161355647167442,0.4,0.6,0.5,90,108,99,5.767712171834738,1.571014720188508,0.2723809152371,,,
torus_plus1,RGA Fall 2018 torus+1,6,5,4,6,4,4.6,4.3,0.3,0.38,0.34,10.604,0.6161355647167442,0.4,0.6,0.5,108,126,117,6.484701393593579,1.653571988987502,0.2549958569597534,,,
torus_plus1,RGA Fall 2018 torus+1,6,5,4,7,4,4.6,4.3,0.3,0.38,0.34,10.604,0.6161355647167442,0.4,0.6,0.5,126,144,135,7.047016095357723,1.489726293317522,0.2113981681266332,,,
torus_plus1,RGA Fall 2018 torus+1,6,5,4,8,4,4.6,4.3,0.3,0.38,0.34,10.604,0.6161355647167442,0.4,0.6,0.5,144,162,153,5.170964699740281,1.467760855269707,0.2838466206012638,,,
torus_plus1,RGA Fall 2018 torus+1,6,5,4,9,4,4.6,4.3,0.3,0.38,0.34,10.604,0.6161355647167442,0.4,0.6,0.5,162,180,171,6.63148608132835,1.920866349441636,0.2896585057834983,,,
torus_plus1,RGA Fall 2018 torus+1,6,5,4,10,4,4.6,4.3,0.3,0.38,0.34,10.604,0.6161355647167442,0.4,0.6,0.5,180,198,189,5.268761354662746,1.548271794853447,0.2938587820993748,,,
torus_plus1,RGA Fall 2018 torus+1,6,5,4,11,4,4.6,4.3,0.3,0.38,0.34,10.604,0.6161355647167442,0.4,0.6,0.5,198,216,207,7.487396989824521,2.018126043154814,0.2695364017558406,,,
torus_plus1,RGA Fall 2018 torus+1,6,5,4,12,4,4.6,4.3,0.3,0.38,0.34,10.604,0.6161355647167442,0.4,0.6,0.5,216,234,225,4.351572787911598,1.789470206670478,0.4112237790532923,,,
torus_plus1,RGA Fall 2018 torus+1,6,5,4,13,4,4.6,4.3,0.3,0.38,0.34,10.604,0.6161355647167442,0.4,0.6,0.5,234,252,243,9.997505538209406,2.132342862022404,0.21328748995165,,,
torus_plus1,RGA Fall 2018 torus+1,6,5,4,14,4,4.6,4.3,0.3,0.38,0.34,10.604,0.6161355647167442,0.4,0.6,0.5,252,270,261,7.085106332561153,2.06108780314723,0.2909042865983608,,,
torus_plus1,RGA Fall 2018 torus+1,6,5,4,15,4,4.6,4.3,0.3,0.38,0.34,10.604,0.6161355647167442,0.4,0.6,0.5,270,288,279,4.443045461837396,2.336333693012696,0.5258406003449982,,,
torus_plus1,RGA Fall 2018 torus+1,6,5,4,16,4,4.6,4.3,0.3,0.38,0.34,10.604,0.6161355647167442,0.4,0.6,0.5,288,306,297,6.569283359581252,2.446542458568002,0.372421514593329,,,
torus_plus1,RGA Fall 2018 torus+1,6,5,4,17,4,4.6,4.3,0.3,0.38,0.34,10.604,0.6161355647167442,0.4,0.6,0.5,306,324,315,9.936849760112253,3.809427177677917,0.3833636685309896,,,
torus_plus1,RGA Fall 2018 torus+1,6,5,4,18,4,4.6,4.3,0.3,0.38,0.34,10.604,0.6161355647167442,0.4,0.6,0.5,324,342,333,7.628697365024865,4.031902124425977,0.5285177706630436,,,
torus_plus1,RGA Fall 2018 torus+1,6,5,4,19,4,4.6,4.3,0.3,0.38,0.34,10.604,0.6161355647167442,0.4,0.6,0.5,342,360,351,5.143405154928742,2.419692592605581,0.4704456521934454,,,
torus_plus1,RGA Fall 2018 torus+1,6,5,5,0,4,4.6,4.3,0.3,0.38,0.34,10.604,0.6161355647167442,0.6,1,0.8,0,18,9,3.463498833878808,1.135893256060947,0.3279612064395726,,,
torus_plus1,RGA Fall 2018 torus+1,6,5,5,1,4,4.6,4.3,0.3,0.38,0.34,10.604,0.6161355647167442,0.6,1,0.8,18,36,27,7.020912992366637,2.29328060554328,0.3266356680443995,,,
torus_plus1,RGA Fall 2018 torus+1,6,5,5,2,4,4.6,4.3,0.3,0.38,0.34,10.604,0.6161355647167442,0.6,1,0.8,36,54,45,3.45877606371428,1.511852497233597,0.4371062102268806,,,
torus_plus1,RGA Fall 2018 torus+1,6,5,5,3,4,4.6,4.3,0.3,0.38,0.34,10.604,0.6161355647167442,0.6,1,0.8,54,72,63,5.213667140177973,1.666139592557389,0.3195715314692134,,,
torus_plus1,RGA Fall 2018 torus+1,6,5,5,4,4,4.6,4.3,0.3,0.38,0.34,10.604,0.6161355647167442,0.6,1,0.8,72,90,81,6.796035879950471,1.611941998905205,0.2371885651252554,,,
torus_plus1,RGA Fall 2018 torus+1,6,5,5,5,4,4.6,4.3,0.3,0.38,0.34,10.604,0.6161355647167442,0.6,1,0.8,90,108,99,6.332480711449346,1.250444343413051,0.1974651641894786,,,
torus_plus1,RGA Fall 2018 torus+1,6,5,5,6,4,4.6,4.3,0.3,0.38,0.34,10.604,0.6161355647167442,0.6,1,0.8,108,126,117,5.32560993178932,1.038352348318232,0.1949734136779638,,,
torus_plus1,RGA Fall 2018 torus+1,6,5,5,7,4,4.6,4.3,0.3,0.38,0.34,10.604,0.6161355647167442,0.6,1,0.8,126,144,135,4.675791766740062,0.7851311061281215,0.1679140443577775,,,
torus_plus1,RGA Fall 2018 torus+1,6,5,5,8,4,4.6,4.3,0.3,0.38,0.34,10.604,0.6161355647167442,0.6,1,0.8,144,162,153,3.818853076619872,0.7104253413736024,0.1860310745451383,,,
torus_plus1,RGA Fall 2018 torus+1,6,5,5,9,4,4.6,4.3,0.3,0.38,0.34,10.604,0.6161355647167442,0.6,1,0.8,162,180,171,2.439885081893514,0.5644167962379122,0.2313292541630227,,,
torus_plus1,RGA Fall 2018 torus+1,6,5,5,10,4,4.6,4.3,0.3,0.38,0.34,10.604,0.6161355647167442,0.6,1,0.8,180,198,189,3.533796416873504,0.6668039258546056,0.1886933618107391,,,
torus_plus1,RGA Fall 2018 torus+1,6,5,5,11,4,4.6,4.3,0.3,0.38,0.34,10.604,0.6161355647167442,0.6,1,0.8,198,216,207,3.251026651225454,0.6982868645689476,0.2147896463124142,,,
torus_plus1,RGA Fall 2018 torus+1,6,5,5,12,4,4.6,4.3,0.3,0.38,0.34,10.604,0.6161355647167442,0.6,1,0.8,216,234,225,2.37177547512008,0.582755575653676,0.2457043602005252,,,
torus_plus1,RGA Fall 2018 torus+1,6,5,5,13,4,4.6,4.3,0.3,0.38,0.34,10.604,0.6161355647167442,0.6,1,0.8,234,252,243,5.552187526116671,1.011674557955869,0.1822118855310813,,,
torus_plus1,RGA Fall 2018 torus+1,6,5,5,14,4,4.6,4.3,0.3,0.38,0.34,10.604,0.6161355647167442,0.6,1,0.8,252,270,261,5.685122261807949,1.303429996255656,0.2292703544850673,,,
torus_plus1,RGA Fall 2018 torus+1,6,5,5,15,4,4.6,4.3,0.3,0.38,0.34,10.604,0.6161355647167442,0.6,1,0.8,270,288,279,6.864787760206722,1.691886231954779,0.2464586366037674,,,
torus_plus1,RGA Fall 2018 torus+1,6,5,5,16,4,4.6,4.3,0.3,0.38,0.34,10.604,0.6161355647167442,0.6,1,0.8,288,306,297,6.262227837970985,1.534391623390477,0.2450232829420069,,,
torus_plus1,RGA Fall 2018 torus+1,6,5,5,17,4,4.6,4.3,0.3,0.38,0.34,10.604,0.6161355647167442,0.6,1,0.8,306,324,315,1.970886736422743,0.8909843733041399,0.4520728445924401,,,
torus_plus1,RGA Fall 2018 torus+1,6,5,5,18,4,4.6,4.3,0.3,0.38,0.34,10.604,0.6161355647167442,0.6,1,0.8,324,342,333,1.750984184552995,1.227604266587423,0.7010938633353879,,,
torus_plus1,RGA Fall 2018 torus+1,6,5,5,19,4,4.6,4.3,0.3,0.38,0.34,10.604,0.6161355647167442,0.6,1,0.8,342,360,351,2.064063566723709,0.9589776029127548,0.4646066227674088,,,
torus_plus1,RGA Fall 2018 torus+1,6,5,6,0,4,4.6,4.3,0.3,0.38,0.34,10.604,0.6161355647167442,1,1.5,1.25,0,18,9,0.6631123742900461,0.4430677364795341,0.6681638793935939,,,
torus_plus1,RGA Fall 2018 torus+1,6,5,6,1,4,4.6,4.3,0.3,0.38,0.34,10.604,0.6161355647167442,1,1.5,1.25,18,36,27,1.091805686120272,0.7890125184169893,0.7226675299894645,,,
torus_plus1,RGA Fall 2018 torus+1,6,5,6,2,4,4.6,4.3,0.3,0.38,0.34,10.604,0.6161355647167442,1,1.5,1.25,36,54,45,6.141798304258703,2.896320115131211,0.4715752572211484,,,
torus_plus1,RGA Fall 2018 torus+1,6,5,6,3,4,4.6,4.3,0.3,0.38,0.34,10.604,0.6161355647167442,1,1.5,1.25,54,72,63,0.9859942981863842,0.6031631758371674,0.6117308963617865,,,
torus_plus1,RGA Fall 2018 torus+1,6,5,6,4,4,4.6,4.3,0.3,0.38,0.34,10.604,0.6161355647167442,1,1.5,1.25,72,90,81,3.389493135505556,1.176511518827271,0.3471054437323088,,,
torus_plus1,RGA Fall 2018 torus+1,6,5,6,5,4,4.6,4.3,0.3,0.38,0.34,10.604,0.6161355647167442,1,1.5,1.25,90,108,99,3.224650685429699,0.788028945645772,0.244376530210361,,,
torus_plus1,RGA Fall 2018 torus+1,6,5,6,6,4,4.6,4.3,0.3,0.38,0.34,10.604,0.6161355647167442,1,1.5,1.25,108,126,117,3.67317902394292,0.7866270607433077,0.2141542940368081,,,
torus_plus1,RGA Fall 2018 torus+1,6,5,6,7,4,4.6,4.3,0.3,0.38,0.34,10.604,0.6161355647167442,1,1.5,1.25,126,144,135,2.862216621088532,0.5701209714781367,0.1991886174084593,,,
torus_plus1,RGA Fall 2018 torus+1,6,5,6,8,4,4.6,4.3,0.3,0.38,0.34,10.604,0.6161355647167442,1,1.5,1.25,144,162,153,2.067534523717498,0.45996277791579,0.2224692127939712,,,
torus_plus1,RGA Fall 2018 torus+1,6,5,6,9,4,4.6,4.3,0.3,0.38,0.34,10.604,0.6161355647167442,1,1.5,1.25,162,180,171,1.720228783359863,0.4132640123207114,0.2402378197122974,,,
torus_plus1,RGA Fall 2018 torus+1,6,5,6,10,4,4.6,4.3,0.3,0.38,0.34,10.604,0.6161355647167442,1,1.5,1.25,180,198,189,2.502508138796785,0.5967279959381109,0.238451970120273,,,
torus_plus1,RGA Fall 2018 torus+1,6,5,6,11,4,4.6,4.3,0.3,0.38,0.34,10.604,0.6161355647167442,1,1.5,1.25,198,216,207,1.341855780811792,0.4005940604911827,0.2985373437440739,,,
torus_plus1,RGA Fall 2018 torus+1,6,5,6,12,4,4.6,4.3,0.3,0.38,0.34,10.604,0.6161355647167442,1,1.5,1.25,216,234,225,3.229947150376693,0.6790373807322748,0.2102317310836129,,,
torus_plus1,RGA Fall 2018 torus+1,6,5,6,13,4,4.6,4.3,0.3,0.38,0.34,10.604,0.6161355647167442,1,1.5,1.25,234,252,243,3.262257629115637,0.6333316333951411,0.1941390611650835,,,
torus_plus1,RGA Fall 2018 torus+1,6,5,6,14,4,4.6,4.3,0.3,0.38,0.34,10.604,0.6161355647167442,1,1.5,1.25,252,270,261,3.42495778706002,0.7859421927296802,0.2294750013267556,,,
torus_plus1,RGA Fall 2018 torus+1,6,5,6,15,4,4.6,4.3,0.3,0.38,0.34,10.604,0.6161355647167442,1,1.5,1.25,270,288,279,3.833740346329292,1.036979048256279,0.2704875538191208,,,
torus_plus1,RGA Fall 2018 torus+1,6,5,6,16,4,4.6,4.3,0.3,0.38,0.34,10.604,0.6161355647167442,1,1.5,1.25,288,306,297,3.026384779735577,0.8755819516439489,0.2893161363706206,,,
torus_plus1,RGA Fall 2018 torus+1,6,5,6,17,4,4.6,4.3,0.3,0.38,0.34,10.604,0.6161355647167442,1,1.5,1.25,306,324,315,1.838740830563781,0.8991535468269989,0.4890050473025648,,,
torus_plus1,RGA Fall 2018 torus+1,6,5,6,18,4,4.6,4.3,0.3,0.38,0.34,10.604,0.6161355647167442,1,1.5,1.25,324,342,333,1.415129199555005,0.7706525668734924,0.544581065188838,,,
torus_plus1,RGA Fall 2018 torus+1,6,5,6,19,4,4.6,4.3,0.3,0.38,0.34,10.604,0.6161355647167442,1,1.5,1.25,342,360,351,0.4189521708942115,0.3274826356588652,0.7816706975402139,,,
torus_plus1,RGA Fall 2018 torus+1,6,5,7,0,4,4.6,4.3,0.3,0.38,0.34,10.604,0.6161355647167442,1.5,2,1.75,0,18,9,0.3065043953017642,0.415598879028638,1.355931221212885,,,
torus_plus1,RGA Fall 2018 torus+1,6,5,7,1,4,4.6,4.3,0.3,0.38,0.34,10.604,0.6161355647167442,1.5,2,1.75,18,36,27,1.345975652489045,0.7814382164393034,0.5805738127537665,,,
torus_plus1,RGA Fall 2018 torus+1,6,5,7,2,4,4.6,4.3,0.3,0.38,0.34,10.604,0.6161355647167442,1.5,2,1.75,36,54,45,0.5837516783447864,0.6214018667750161,1.06449692536557,,,
torus_plus1,RGA Fall 2018 torus+1,6,5,7,3,4,4.6,4.3,0.3,0.38,0.34,10.604,0.6161355647167442,1.5,2,1.75,54,72,63,1.468143191262674,0.771789611179024,0.5256909651402922,,,
torus_plus1,RGA Fall 2018 torus+1,6,5,7,4,4,4.6,4.3,0.3,0.38,0.34,10.604,0.6161355647167442,1.5,2,1.75,72,90,81,0.6008497078794267,0.4559681815536261,0.7588722696776709,,,
torus_plus1,RGA Fall 2018 torus+1,6,5,7,5,4,4.6,4.3,0.3,0.38,0.34,10.604,0.6161355647167442,1.5,2,1.75,90,108,99,2.226400392028224,0.6471651905871992,0.2906778102018027,,,
torus_plus1,RGA Fall 2018 torus+1,6,5,7,6,4,4.6,4.3,0.3,0.38,0.34,10.604,0.6161355647167442,1.5,2,1.75,108,126,117,0.9819785770990862,0.3687030004310611,0.3754694949866073,,,
torus_plus1,RGA Fall 2018 torus+1,6,5,7,7,4,4.6,4.3,0.3,0.38,0.34,10.604,0.6161355647167442,1.5,2,1.75,126,144,135,1.500099311216873,0.5362587151653004,0.3574821421191709,,,
torus_plus1,RGA Fall 2018 torus+1,6,5,7,8,4,4.6,4.3,0.3,0.38,0.34,10.604,0.6161355647167442,1.5,2,1.75,144,162,153,1.042665353977917,0.3385052558375962,0.3246537870910839,,,
torus_plus1,RGA Fall 2018 torus+1,6,5,7,9,4,4.6,4.3,0.3,0.38,0.34,10.604,0.6161355647167442,1.5,2,1.75,162,180,171,1.318325344331145,0.4173913448886923,0.316607237116007,,,
torus_plus1,RGA Fall 2018 torus+1,6,5,7,10,4,4.6,4.3,0.3,0.38,0.34,10.604,0.6161355647167442,1.5,2,1.75,180,198,189,0.4972105290472912,0.2170070033521038,0.4364489299289628,,,
torus_plus1,RGA Fall 2018 torus+1,6,5,7,11,4,4.6,4.3,0.3,0.38,0.34,10.604,0.6161355647167442,1.5,2,1.75,198,216,207,0.4112477180079293,0.20836563773672,0.5066669761622908,,,
torus_plus1,RGA Fall 2018 torus+1,6,5,7,12,4,4.6,4.3,0.3,0.38,0.34,10.604,0.6161355647167442,1.5,2,1.75,216,234,225,1.794303027696673,0.4806969144271556,0.2679017462530958,,,
torus_plus1,RGA Fall 2018 torus+1,6,5,7,13,4,4.6,4.3,0.3,0.38,0.34,10.604,0.6161355647167442,1.5,2,1.75,234,252,243,2.110124872702836,0.5221868492841544,0.2474672736383089,,,
torus_plus1,RGA Fall 2018 torus+1,6,5,7,14,4,4.6,4.3,0.3,0.38,0.34,10.604,0.6161355647167442,1.5,2,1.75,252,270,261,2.320653747283649,0.5290630019673086,0.2279801554137849,,,
torus_plus1,RGA Fall 2018 torus+1,6,5,7,15,4,4.6,4.3,0.3,0.38,0.34,10.604,0.6161355647167442,1.5,2,1.75,270,288,279,2.050395573289018,0.6712946368813493,0.3273976229886862,,,
torus_plus1,RGA Fall 2018 torus+1,6,5,7,16,4,4.6,4.3,0.3,0.38,0.34,10.604,0.6161355647167442,1.5,2,1.75,288,306,297,0.2166076133036108,0.2619445256527778,1.209304334495482,,,
torus_plus1,RGA Fall 2018 torus+1,6,5,7,18,4,4.6,4.3,0.3,0.38,0.34,10.604,0.6161355647167442,1.5,2,1.75,324,342,333,1.475693568355098,1.034375546012021,0.7009419626088099,,,
torus_plus1,RGA Fall 2018 torus+1,6,5,7,19,4,4.6,4.3,0.3,0.38,0.34,10.604,0.6161355647167442,1.5,2,1.75,342,360,351,0.5720754155005709,0.5069426478251331,0.8861465360848515,,,
torus_plus1,RGA Fall 2018 torus+1,6,6,4,0,4,4.6,4.3,0.38,0.48,0.43,10.604,0.770415560033293,0.4,0.6,0.5,0,18,9,9.960862480837246,2.278875439098707,0.228782943593772,,,
torus_plus1,RGA Fall 2018 torus+1,6,6,4,1,4,4.6,4.3,0.38,0.48,0.43,10.604,0.770415560033293,0.4,0.6,0.5,18,36,27,8.827338905368816,2.062759421265424,0.2336785121063888,,,
torus_plus1,RGA Fall 2018 torus+1,6,6,4,2,4,4.6,4.3,0.38,0.48,0.43,10.604,0.770415560033293,0.4,0.6,0.5,36,54,45,16.19322252262413,2.694625873430862,0.1664045479314636,,,
torus_plus1,RGA Fall 2018 torus+1,6,6,4,3,4,4.6,4.3,0.38,0.48,0.43,10.604,0.770415560033293,0.4,0.6,0.5,54,72,63,13.63240694800263,2.272185600111342,0.1666753060393531,,,
torus_plus1,RGA Fall 2018 torus+1,6,6,4,4,4,4.6,4.3,0.38,0.48,0.43,10.604,0.770415560033293,0.4,0.6,0.5,72,90,81,14.86254260350741,2.199511119048261,0.1479902313974998,,,
torus_plus1,RGA Fall 2018 torus+1,6,6,4,5,4,4.6,4.3,0.38,0.48,0.43,10.604,0.770415560033293,0.4,0.6,0.5,90,108,99,18.31706596848502,2.940944569166781,0.1605576228325405,,,
torus_plus1,RGA Fall 2018 torus+1,6,6,4,6,4,4.6,4.3,0.38,0.48,0.43,10.604,0.770415560033293,0.4,0.6,0.5,108,126,117,20.8742645909693,5.21249620689172,0.2497092141462443,,,
torus_plus1,RGA Fall 2018 torus+1,6,6,4,7,4,4.6,4.3,0.38,0.48,0.43,10.604,0.770415560033293,0.4,0.6,0.5,126,144,135,15.71228170968327,8.106927553940332,0.5159611890705943,,,
torus_plus1,RGA Fall 2018 torus+1,6,6,4,12,4,4.6,4.3,0.38,0.48,0.43,10.604,0.770415560033293,0.4,0.6,0.5,216,234,225,5.491860738828446,5.390016641281555,0.9814554479091513,,,
torus_plus1,RGA Fall 2018 torus+1,6,6,4,13,4,4.6,4.3,0.38,0.48,0.43,10.604,0.770415560033293,0.4,0.6,0.5,234,252,243,20.12326347256653,4.698891089096314,0.2335054200081501,,,
torus_plus1,RGA Fall 2018 torus+1,6,6,4,14,4,4.6,4.3,0.38,0.48,0.43,10.604,0.770415560033293,0.4,0.6,0.5,252,270,261,22.89385763361107,4.362531294023333,0.1905546615970297,,,
torus_plus1,RGA Fall 2018 torus+1,6,6,4,15,4,4.6,4.3,0.38,0.48,0.43,10.604,0.770415560033293,0.4,0.6,0.5,270,288,279,16.18355405519549,3.27208107465298,0.2021855683549638,,,
torus_plus1,RGA Fall 2018 torus+1,6,6,4,16,4,4.6,4.3,0.38,0.48,0.43,10.604,0.770415560033293,0.4,0.6,0.5,288,306,297,11.95634431765663,2.835556217649049,0.2371591301081568,,,
torus_plus1,RGA Fall 2018 torus+1,6,6,4,17,4,4.6,4.3,0.38,0.48,0.43,10.604,0.770415560033293,0.4,0.6,0.5,306,324,315,13.75158580397814,4.123031555310177,0.2998222615254628,,,
torus_plus1,RGA Fall 2018 torus+1,6,6,4,18,4,4.6,4.3,0.38,0.48,0.43,10.604,0.770415560033293,0.4,0.6,0.5,324,342,333,11.63440432270043,3.153532630186547,0.2710523497995977,,,
torus_plus1,RGA Fall 2018 torus+1,6,6,4,19,4,4.6,4.3,0.38,0.48,0.43,10.604,0.770415560033293,0.4,0.6,0.5,342,360,351,14.67303057942616,2.687422023148701,0.1831538487295786,,,
torus_plus1,RGA Fall 2018 torus+1,6,6,5,0,4,4.6,4.3,0.38,0.48,0.43,10.604,0.770415560033293,0.6,1,0.8,0,18,9,9.946330697333998,1.698001090153765,0.1707163316627804,,,
torus_plus1,RGA Fall 2018 torus+1,6,6,5,1,4,4.6,4.3,0.38,0.48,0.43,10.604,0.770415560033293,0.6,1,0.8,18,36,27,6.303370359406647,1.288197630084643,0.2043664827915815,,,
torus_plus1,RGA Fall 2018 torus+1,6,6,5,2,4,4.6,4.3,0.38,0.48,0.43,10.604,0.770415560033293,0.6,1,0.8,36,54,45,12.84049501075148,1.791109162739044,0.1394891054620036,,,
torus_plus1,RGA Fall 2018 torus+1,6,6,5,3,4,4.6,4.3,0.38,0.48,0.43,10.604,0.770415560033293,0.6,1,0.8,54,72,63,8.842945076726515,1.873300335791106,0.2118412270501815,,,
torus_plus1,RGA Fall 2018 torus+1,6,6,5,4,4,4.6,4.3,0.38,0.48,0.43,10.604,0.770415560033293,0.6,1,0.8,72,90,81,10.13906018742955,1.405452800200678,0.1386176602386841,,,
torus_plus1,RGA Fall 2018 torus+1,6,6,5,5,4,4.6,4.3,0.38,0.48,0.43,10.604,0.770415560033293,0.6,1,0.8,90,108,99,12.70793141809107,1.370582759911769,0.1078525461634614,,,
torus_plus1,RGA Fall 2018 torus+1,6,6,5,6,4,4.6,4.3,0.38,0.48,0.43,10.604,0.770415560033293,0.6,1,0.8,108,126,117,11.89302243695294,1.425066938031574,0.1198237828597492,,,
torus_plus1,RGA Fall 2018 torus+1,6,6,5,7,4,4.6,4.3,0.38,0.48,0.43,10.604,0.770415560033293,0.6,1,0.8,126,144,135,8.594519520719919,1.406486381048463,0.1636492159518243,,,
torus_plus1,RGA Fall 2018 torus+1,6,6,5,8,4,4.6,4.3,0.38,0.48,0.43,10.604,0.770415560033293,0.6,1,0.8,144,162,153,9.002902724518538,1.903941717134581,0.2114808718247482,,,
torus_plus1,RGA Fall 2018 torus+1,6,6,5,9,4,4.6,4.3,0.38,0.48,0.43,10.604,0.770415560033293,0.6,1,0.8,162,180,171,13.32032245506421,5.810209496291221,0.4361913546681641,,,
torus_plus1,RGA Fall 2018 torus+1,6,6,5,10,4,4.6,4.3,0.38,0.48,0.43,10.604,0.770415560033293,0.6,1,0.8,180,198,189,7.808889637375429,2.401441581662608,0.3075266386361343,,,
torus_plus1,RGA Fall 2018 torus+1,6,6,5,11,4,4.6,4.3,0.38,0.48,0.43,10.604,0.770415560033293,0.6,1,0.8,198,216,207,8.846102679874583,2.079681566741574,0.2350957977769096,,,
torus_plus1,RGA Fall 2018 torus+1,6,6,5,12,4,4.6,4.3,0.38,0.48,0.43,10.604,0.770415560033293,0.6,1,0.8,216,234,225,8.470144797090796,1.528289194330664,0.1804324755883251,,,
torus_plus1,RGA Fall 2018 torus+1,6,6,5,13,4,4.6,4.3,0.38,0.48,0.43,10.604,0.770415560033293,0.6,1,0.8,234,252,243,9.774160639332072,1.305668482550916,0.1335836938567177,,,
torus_plus1,RGA Fall 2018 torus+1,6,6,5,14,4,4.6,4.3,0.38,0.48,0.43,10.604,0.770415560033293,0.6,1,0.8,252,270,261,13.17158389250412,1.347654225521472,0.1023152748006574,,,
torus_plus1,RGA Fall 2018 torus+1,6,6,5,15,4,4.6,4.3,0.38,0.48,0.43,10.604,0.770415560033293,0.6,1,0.8,270,288,279,16.39110697583499,2.004383801781599,0.1222848343761415,,,
torus_plus1,RGA Fall 2018 torus+1,6,6,5,16,4,4.6,4.3,0.38,0.48,0.43,10.604,0.770415560033293,0.6,1,0.8,288,306,297,9.816070983836232,1.981208338796709,0.2018331307973519,,,
torus_plus1,RGA Fall 2018 torus+1,6,6,5,17,4,4.6,4.3,0.38,0.48,0.43,10.604,0.770415560033293,0.6,1,0.8,306,324,315,8.251627799757847,2.027508612352439,0.2457101388421735,,,
torus_plus1,RGA Fall 2018 torus+1,6,6,5,18,4,4.6,4.3,0.38,0.48,0.43,10.604,0.770415560033293,0.6,1,0.8,324,342,333,11.56992165855269,2.581869485889283,0.2231535841023366,,,
torus_plus1,RGA Fall 2018 torus+1,6,6,5,19,4,4.6,4.3,0.38,0.48,0.43,10.604,0.770415560033293,0.6,1,0.8,342,360,351,7.50482235365962,1.367145870050901,0.182168984903984,,,
torus_plus1,RGA Fall 2018 torus+1,6,6,6,0,4,4.6,4.3,0.38,0.48,0.43,10.604,0.770415560033293,1,1.5,1.25,0,18,9,3.461415459566777,1.258002617755467,0.3634358927584255,,,
torus_plus1,RGA Fall 2018 torus+1,6,6,6,1,4,4.6,4.3,0.38,0.48,0.43,10.604,0.770415560033293,1,1.5,1.25,18,36,27,2.457456304862367,0.9077988048554875,0.3694058783707773,,,
torus_plus1,RGA Fall 2018 torus+1,6,6,6,2,4,4.6,4.3,0.38,0.48,0.43,10.604,0.770415560033293,1,1.5,1.25,36,54,45,5.591022228831691,1.380360470743081,0.2468887466812171,,,
torus_plus1,RGA Fall 2018 torus+1,6,6,6,3,4,4.6,4.3,0.38,0.48,0.43,10.604,0.770415560033293,1,1.5,1.25,54,72,63,5.132439086144996,1.365193460615966,0.2659931151060909,,,
torus_plus1,RGA Fall 2018 torus+1,6,6,6,4,4,4.6,4.3,0.38,0.48,0.43,10.604,0.770415560033293,1,1.5,1.25,72,90,81,7.086870869106133,1.08248692894754,0.1527454004653078,,,
torus_plus1,RGA Fall 2018 torus+1,6,6,6,5,4,4.6,4.3,0.38,0.48,0.43,10.604,0.770415560033293,1,1.5,1.25,90,108,99,8.449120964302709,1.041946827545567,0.1233201456042306,,,
torus_plus1,RGA Fall 2018 torus+1,6,6,6,6,4,4.6,4.3,0.38,0.48,0.43,10.604,0.770415560033293,1,1.5,1.25,108,126,117,6.384716455872767,0.811965525373963,0.127173310042156,,,
torus_plus1,RGA Fall 2018 torus+1,6,6,6,7,4,4.6,4.3,0.38,0.48,0.43,10.604,0.770415560033293,1,1.5,1.25,126,144,135,5.235931227190465,0.8499586749663746,0.1623319020220309,,,
torus_plus1,RGA Fall 2018 torus+1,6,6,6,8,4,4.6,4.3,0.38,0.48,0.43,10.604,0.770415560033293,1,1.5,1.25,144,162,153,6.241482444253926,1.017541578896064,0.1630288297666911,,,
torus_plus1,RGA Fall 2018 torus+1,6,6,6,9,4,4.6,4.3,0.38,0.48,0.43,10.604,0.770415560033293,1,1.5,1.25,162,180,171,3.034447836991308,1.115990703210936,0.3677738959973207,,,
torus_plus1,RGA Fall 2018 torus+1,6,6,6,10,4,4.6,4.3,0.38,0.48,0.43,10.604,0.770415560033293,1,1.5,1.25,180,198,189,3.264225441363849,1.128365138713532,0.3456762282454614,,,
torus_plus1,RGA Fall 2018 torus+1,6,6,6,11,4,4.6,4.3,0.38,0.48,0.43,10.604,0.770415560033293,1,1.5,1.25,198,216,207,3.946935228756009,0.6839249155057125,0.1732799946963587,,,
torus_plus1,RGA Fall 2018 torus+1,6,6,6,12,4,4.6,4.3,0.38,0.48,0.43,10.604,0.770415560033293,1,1.5,1.25,216,234,225,6.197357486324024,1.021951146374787,0.1649011128743131,,,
torus_plus1,RGA Fall 2018 torus+1,6,6,6,13,4,4.6,4.3,0.38,0.48,0.43,10.604,0.770415560033293,1,1.5,1.25,234,252,243,5.762028216377918,0.7917352268718316,0.1374056490423655,,,
torus_plus1,RGA Fall 2018 torus+1,6,6,6,14,4,4.6,4.3,0.38,0.48,0.43,10.604,0.770415560033293,1,1.5,1.25,252,270,261,7.541016086094517,1.080530451551015,0.1432871166451284,,,
torus_plus1,RGA Fall 2018 torus+1,6,6,6,15,4,4.6,4.3,0.38,0.48,0.43,10.604,0.770415560033293,1,1.5,1.25,270,288,279,7.423919248203633,1.165500556679563,0.1569926231298352,,,
torus_plus1,RGA Fall 2018 torus+1,6,6,6,16,4,4.6,4.3,0.38,0.48,0.43,10.604,0.770415560033293,1,1.5,1.25,288,306,297,10.35526120344162,1.886788590685066,0.1822057940999096,,,
torus_plus1,RGA Fall 2018 torus+1,6,6,6,17,4,4.6,4.3,0.38,0.48,0.43,10.604,0.770415560033293,1,1.5,1.25,306,324,315,4.814570421263799,1.035266500183563,0.2150278030229354,,,
torus_plus1,RGA Fall 2018 torus+1,6,6,6,18,4,4.6,4.3,0.38,0.48,0.43,10.604,0.770415560033293,1,1.5,1.25,324,342,333,4.260811935938198,1.690397935484598,0.3967314119702834,,,
torus_plus1,RGA Fall 2018 torus+1,6,6,6,19,4,4.6,4.3,0.38,0.48,0.43,10.604,0.770415560033293,1,1.5,1.25,342,360,351,5.013362257931758,1.700722085705052,0.3392378204894927,,,
torus_plus1,RGA Fall 2018 torus+1,6,6,7,0,4,4.6,4.3,0.38,0.48,0.43,10.604,0.770415560033293,1.5,2,1.75,0,18,9,0.9670134929806821,0.6394487388689835,0.6612614441376339,,,
torus_plus1,RGA Fall 2018 torus+1,6,6,7,1,4,4.6,4.3,0.38,0.48,0.43,10.604,0.770415560033293,1.5,2,1.75,18,36,27,4.92963176806934,2.15931966164032,0.4380285918365875,,,
torus_plus1,RGA Fall 2018 torus+1,6,6,7,2,4,4.6,4.3,0.38,0.48,0.43,10.604,0.770415560033293,1.5,2,1.75,36,54,45,2.399217477237067,1.121526590643346,0.4674551603945856,,,
torus_plus1,RGA Fall 2018 torus+1,6,6,7,3,4,4.6,4.3,0.38,0.48,0.43,10.604,0.770415560033293,1.5,2,1.75,54,72,63,2.508064641933323,0.9625105405873333,0.3837662413060411,,,
torus_plus1,RGA Fall 2018 torus+1,6,6,7,4,4,4.6,4.3,0.38,0.48,0.43,10.604,0.770415560033293,1.5,2,1.75,72,90,81,4.845572249217617,1.005193975088539,0.207445874994608,,,
torus_plus1,RGA Fall 2018 torus+1,6,6,7,5,4,4.6,4.3,0.38,0.48,0.43,10.604,0.770415560033293,1.5,2,1.75,90,108,99,4.055375604584874,0.6846588970225789,0.1688274931299892,,,
torus_plus1,RGA Fall 2018 torus+1,6,6,7,6,4,4.6,4.3,0.38,0.48,0.43,10.604,0.770415560033293,1.5,2,1.75,108,126,117,3.360226078433303,0.6106479615029525,0.1817282371035182,,,
torus_plus1,RGA Fall 2018 torus+1,6,6,7,7,4,4.6,4.3,0.38,0.48,0.43,10.604,0.770415560033293,1.5,2,1.75,126,144,135,2.87820554068232,0.5932840701031534,0.2061298478226496,,,
torus_plus1,RGA Fall 2018 torus+1,6,6,7,8,4,4.6,4.3,0.38,0.48,0.43,10.604,0.770415560033293,1.5,2,1.75,144,162,153,3.175165048027451,0.853572438848495,0.2688277383812759,,,
torus_plus1,RGA Fall 2018 torus+1,6,6,7,9,4,4.6,4.3,0.38,0.48,0.43,10.604,0.770415560033293,1.5,2,1.75,162,180,171,2.828794098801612,0.9268800557571573,0.3276590742853359,,,
torus_plus1,RGA Fall 2018 torus+1,6,6,7,10,4,4.6,4.3,0.38,0.48,0.43,10.604,0.770415560033293,1.5,2,1.75,180,198,189,1.705780794444095,0.7223081446736556,0.4234472254736882,,,
torus_plus1,RGA Fall 2018 torus+1,6,6,7,11,4,4.6,4.3,0.38,0.48,0.43,10.604,0.770415560033293,1.5,2,1.75,198,216,207,2.233943279074444,0.5255252449946959,0.2352455632680293,,,
torus_plus1,RGA Fall 2018 torus+1,6,6,7,12,4,4.6,4.3,0.38,0.48,0.43,10.604,0.770415560033293,1.5,2,1.75,216,234,225,2.923087793875494,0.5736782780140779,0.1962576283942135,,,
torus_plus1,RGA Fall 2018 torus+1,6,6,7,13,4,4.6,4.3,0.38,0.48,0.43,10.604,0.770415560033293,1.5,2,1.75,234,252,243,4.143818245703964,0.7163770262588415,0.1728784864059937,,,
torus_plus1,RGA Fall 2018 torus+1,6,6,7,14,4,4.6,4.3,0.38,0.48,0.43,10.604,0.770415560033293,1.5,2,1.75,252,270,261,5.167215802153294,0.9114790918455025,0.1763965599164,,,
torus_plus1,RGA Fall 2018 torus+1,6,6,7,15,4,4.6,4.3,0.38,0.48,0.43,10.604,0.770415560033293,1.5,2,1.75,270,288,279,3.681230026675257,0.794692182408564,0.2158768065700852,,,
torus_plus1,RGA Fall 2018 torus+1,6,6,7,16,4,4.6,4.3,0.38,0.48,0.43,10.604,0.770415560033293,1.5,2,1.75,288,306,297,2.643798267576723,0.8363984190887543,0.3163624204411739,,,
torus_plus1,RGA Fall 2018 torus+1,6,6,7,17,4,4.6,4.3,0.38,0.48,0.43,10.604,0.770415560033293,1.5,2,1.75,306,324,315,2.582329861692701,1.005851890215601,0.3895133248222098,,,
torus_plus1,RGA Fall 2018 torus+1,6,6,7,18,4,4.6,4.3,0.38,0.48,0.43,10.604,0.770415560033293,1.5,2,1.75,324,342,333,2.318155345654992,1.176136816117532,0.5073589301605739,,,
torus_plus1,RGA Fall 2018 torus+1,6,7,5,0,4,4.6,4.309487776484284,0.48,0.58,0.5279025999223903,10.604,0.8488439308010567,0.6,1,0.8,0,18,9,16.6095664015602,2.641495813951111,0.1590346039197618,,,
torus_plus1,RGA Fall 2018 torus+1,6,7,5,1,4,4.6,4.309487776484284,0.48,0.58,0.5279025999223903,10.604,0.8488439308010567,0.6,1,0.8,18,36,27,18.41191743373887,2.684747873857908,0.1458157676146346,,,
torus_plus1,RGA Fall 2018 torus+1,6,7,5,2,4,4.6,4.309487776484284,0.48,0.58,0.5279025999223903,10.604,0.8488439308010567,0.6,1,0.8,36,54,45,15.49891649776782,2.129451502207865,0.1373935721580636,,,
torus_plus1,RGA Fall 2018 torus+1,6,7,5,3,4,4.6,4.309487776484284,0.48,0.58,0.5279025999223903,10.604,0.8488439308010567,0.6,1,0.8,54,72,63,25.59381960082369,2.836270626085839,0.1108185753561598,,,
torus_plus1,RGA Fall 2018 torus+1,6,7,5,4,4,4.6,4.309487776484284,0.48,0.58,0.5279025999223903,10.604,0.8488439308010567,0.6,1,0.8,72,90,81,29.73319374073685,2.890432122709691,0.09721229908610754,,,
torus_plus1,RGA Fall 2018 torus+1,6,7,5,5,4,4.6,4.309487776484284,0.48,0.58,0.5279025999223903,10.604,0.8488439308010567,0.6,1,0.8,90,108,99,22.69169520907219,2.607156768470911,0.1148947553036304,,,
torus_plus1,RGA Fall 2018 torus+1,6,7,5,6,4,4.6,4.309487776484284,0.48,0.58,0.5279025999223903,10.604,0.8488439308010567,0.6,1,0.8,108,126,117,24.96665681325337,3.146191759667512,0.1260157410421638,,,
torus_plus1,RGA Fall 2018 torus+1,6,7,5,7,4,4.6,4.309487776484284,0.48,0.58,0.5279025999223903,10.604,0.8488439308010567,0.6,1,0.8,126,144,135,26.93946658694847,14.51946418526832,0.5389662834787773,,,
torus_plus1,RGA Fall 2018 torus+1,6,7,5,13,4,4.6,4.309487776484284,0.48,0.58,0.5279025999223903,10.604,0.8488439308010567,0.6,1,0.8,234,252,243,25.74490834724017,4.458631879847517,0.1731849971928713,,,
torus_plus1,RGA Fall 2018 torus+1,6,7,5,14,4,4.6,4.309487776484284,0.48,0.58,0.5279025999223903,10.604,0.8488439308010567,0.6,1,0.8,252,270,261,23.28285908055248,3.301443550362406,0.1417971709977839,,,
torus_plus1,RGA Fall 2018 torus+1,6,7,5,15,4,4.6,4.309487776484284,0.48,0.58,0.5279025999223903,10.604,0.8488439308010567,0.6,1,0.8,270,288,279,26.22215932927996,3.080107428131557,0.117462005682052,,,
torus_plus1,RGA Fall 2018 torus+1,6,7,5,16,4,4.6,4.309487776484284,0.48,0.58,0.5279025999223903,10.604,0.8488439308010567,0.6,1,0.8,288,306,297,23.67487087157771,3.513777762779994,0.1484180328518022,,,
torus_plus1,RGA Fall 2018 torus+1,6,7,5,17,4,4.6,4.309487776484284,0.48,0.58,0.5279025999223903,10.604,0.8488439308010567,0.6,1,0.8,306,324,315,20.40729594783903,3.940781628860933,0.1931065065618471,,,
torus_plus1,RGA Fall 2018 torus+1,6,7,5,18,4,4.6,4.309487776484284,0.48,0.58,0.5279025999223903,10.604,0.8488439308010567,0.6,1,0.8,324,342,333,13.66228570856962,2.799533049200316,0.2049095670312558,,,
torus_plus1,RGA Fall 2018 torus+1,6,7,5,19,4,4.6,4.309487776484284,0.48,0.58,0.5279025999223903,10.604,0.8488439308010567,0.6,1,0.8,342,360,351,18.59437922788829,2.858911103351387,0.1537513604683035,,,
torus_plus1,RGA Fall 2018 torus+1,6,7,6,0,4,4.6,4.309487776484284,0.48,0.58,0.5279025999223903,10.604,0.8488439308010567,1,1.5,1.25,0,18,9,8.398994107731321,1.834760513574731,0.2184500298536731,,,
torus_plus1,RGA Fall 2018 torus+1,6,7,6,1,4,4.6,4.309487776484284,0.48,0.58,0.5279025999223903,10.604,0.8488439308010567,1,1.5,1.25,18,36,27,8.109140475146873,1.680309123037607,0.2072117418840464,,,
torus_plus1,RGA Fall 2018 torus+1,6,7,6,2,4,4.6,4.309487776484284,0.48,0.58,0.5279025999223903,10.604,0.8488439308010567,1,1.5,1.25,36,54,45,12.23302627201491,2.382567506818506,0.1947651753408743,,,
torus_plus1,RGA Fall 2018 torus+1,6,7,6,3,4,4.6,4.309487776484284,0.48,0.58,0.5279025999223903,10.604,0.8488439308010567,1,1.5,1.25,54,72,63,9.601714143416189,1.717783219787533,0.1789038076045413,,,
torus_plus1,RGA Fall 2018 torus+1,6,7,6,4,4,4.6,4.309487776484284,0.48,0.58,0.5279025999223903,10.604,0.8488439308010567,1,1.5,1.25,72,90,81,18.96770308573392,2.371975706498512,0.1250533971233731,,,
torus_plus1,RGA Fall 2018 torus+1,6,7,6,5,4,4.6,4.309487776484284,0.48,0.58,0.5279025999223903,10.604,0.8488439308010567,1,1.5,1.25,90,108,99,16.71077645912846,2.043575505475687,0.1222908768167597,,,
torus_plus1,RGA Fall 2018 torus+1,6,7,6,6,4,4.6,4.309487776484284,0.48,0.58,0.5279025999223903,10.604,0.8488439308010567,1,1.5,1.25,108,126,117,16.60176696701551,2.025901456854232,0.1220292671785663,,,
torus_plus1,RGA Fall 2018 torus+1,6,7,6,7,4,4.6,4.309487776484284,0.48,0.58,0.5279025999223903,10.604,0.8488439308010567,1,1.5,1.25,126,144,135,18.11194229416028,2.404702954288901,0.1327689165100881,,,
torus_plus1,RGA Fall 2018 torus+1,6,7,6,12,4,4.6,4.309487776484284,0.48,0.58,0.5279025999223903,10.604,0.8488439308010567,1,1.5,1.25,216,234,225,15.1676116718709,2.920955956247783,0.1925785034215271,,,
torus_plus1,RGA Fall 2018 torus+1,6,7,6,13,4,4.6,4.309487776484284,0.48,0.58,0.5279025999223903,10.604,0.8488439308010567,1,1.5,1.25,234,252,243,13.24985888013328,1.786656558652647,0.1348434405842272,,,
torus_plus1,RGA Fall 2018 torus+1,6,7,6,14,4,4.6,4.309487776484284,0.48,0.58,0.5279025999223903,10.604,0.8488439308010567,1,1.5,1.25,252,270,261,17.49385446470365,2.091270681791807,0.1195431622008314,,,
torus_plus1,RGA Fall 2018 torus+1,6,7,6,15,4,4.6,4.309487776484284,0.48,0.58,0.5279025999223903,10.604,0.8488439308010567,1,1.5,1.25,270,288,279,14.82654212306282,2.133374387667792,0.1438888697014059,,,
torus_plus1,RGA Fall 2018 torus+1,6,7,6,16,4,4.6,4.309487776484284,0.48,0.58,0.5279025999223903,10.604,0.8488439308010567,1,1.5,1.25,288,306,297,10.94926677268439,1.893512891610306,0.1729351317235355,,,
torus_plus1,RGA Fall 2018 torus+1,6,7,6,17,4,4.6,4.309487776484284,0.48,0.58,0.5279025999223903,10.604,0.8488439308010567,1,1.5,1.25,306,324,315,11.60573323877227,2.732111437907933,0.2354104976995794,,,
torus_plus1,RGA Fall 2018 torus+1,6,7,6,18,4,4.6,4.309487776484284,0.48,0.58,0.5279025999223903,10.604,0.8488439308010567,1,1.5,1.25,324,342,333,10.95287164180212,2.85810206347871,0.2609454540278403,,,
torus_plus1,RGA Fall 2018 torus+1,6,7,6,19,4,4.6,4.309487776484284,0.48,0.58,0.5279025999223903,10.604,0.8488439308010567,1,1.5,1.25,342,360,351,6.835396654414166,1.590396808983075,0.2326707416395547,,,
torus_plus1,RGA Fall 2018 torus+1,6,7,7,0,4,4.6,4.309487776484284,0.48,0.58,0.5279025999223903,10.604,0.8488439308010567,1.5,2,1.75,0,18,9,2.652235484250721,1.509022069891849,0.5689623258766409,,,
torus_plus1,RGA Fall 2018 torus+1,6,7,7,1,4,4.6,4.309487776484284,0.48,0.58,0.5279025999223903,10.604,0.8488439308010567,1.5,2,1.75,18,36,27,7.190614269473584,2.548269616492153,0.354388306894775,,,
torus_plus1,RGA Fall 2018 torus+1,6,7,7,2,4,4.6,4.309487776484284,0.48,0.58,0.5279025999223903,10.604,0.8488439308010567,1.5,2,1.75,36,54,45,8.702753846593628,2.763198598591394,0.3175085320462035,,,
torus_plus1,RGA Fall 2018 torus+1,6,7,7,3,4,4.6,4.309487776484284,0.48,0.58,0.5279025999223903,10.604,0.8488439308010567,1.5,2,1.75,54,72,63,9.499867468253932,1.931804775529803,0.2033507079951787,,,
torus_plus1,RGA Fall 2018 torus+1,6,7,7,4,4,4.6,4.309487776484284,0.48,0.58,0.5279025999223903,10.604,0.8488439308010567,1.5,2,1.75,72,90,81,7.885433369645639,1.564079644995978,0.198350499164292,,,
torus_plus1,RGA Fall 2018 torus+1,6,7,7,5,4,4.6,4.309487776484284,0.48,0.58,0.5279025999223903,10.604,0.8488439308010567,1.5,2,1.75,90,108,99,9.15190504497267,1.690904672176401,0.1847598575233525,,,
torus_plus1,RGA Fall 2018 torus+1,6,7,7,6,4,4.6,4.309487776484284,0.48,0.58,0.5279025999223903,10.604,0.8488439308010567,1.5,2,1.75,108,126,117,12.90601327623209,2.03799057657569,0.1579101565259417,,,
torus_plus1,RGA Fall 2018 torus+1,6,7,7,7,4,4.6,4.309487776484284,0.48,0.58,0.5279025999223903,10.604,0.8488439308010567,1.5,2,1.75,126,144,135,6.929244787486827,1.363785739414437,0.1968159274553597,,,
torus_plus1,RGA Fall 2018 torus+1,6,7,7,12,4,4.6,4.309487776484284,0.48,0.58,0.5279025999223903,10.604,0.8488439308010567,1.5,2,1.75,216,234,225,8.769278932090533,1.552173702454644,0.1770012921786053,,,
torus_plus1,RGA Fall 2018 torus+1,6,7,7,13,4,4.6,4.309487776484284,0.48,0.58,0.5279025999223903,10.604,0.8488439308010567,1.5,2,1.75,234,252,243,9.74874365259074,1.650591747283471,0.1693132783161064,,,
torus_plus1,RGA Fall 2018 torus+1,6,7,7,14,4,4.6,4.309487776484284,0.48,0.58,0.5279025999223903,10.604,0.8488439308010567,1.5,2,1.75,252,270,261,7.313530736349982,1.313133947075558,0.1795485647648913,,,
torus_plus1,RGA Fall 2018 torus+1,6,7,7,15,4,4.6,4.309487776484284,0.48,0.58,0.5279025999223903,10.604,0.8488439308010567,1.5,2,1.75,270,288,279,8.274754524263253,1.377574928967753,0.1664792502216743,,,
torus_plus1,RGA Fall 2018 torus+1,6,7,7,16,4,4.6,4.309487776484284,0.48,0.58,0.5279025999223903,10.604,0.8488439308010567,1.5,2,1.75,288,306,297,8.093424794961237,1.866876677165107,0.2306658459750411,,,
torus_plus1,RGA Fall 2018 torus+1,6,7,7,17,4,4.6,4.309487776484284,0.48,0.58,0.5279025999223903,10.604,0.8488439308010567,1.5,2,1.75,306,324,315,4.789307087895192,1.900443999804392,0.3968098025302445,,,
torus_plus1,RGA Fall 2018 torus+1,6,7,7,18,4,4.6,4.309487776484284,0.48,0.58,0.5279025999223903,10.604,0.8488439308010567,1.5,2,1.75,324,342,333,4.961800250277597,2.251683559303955,0.4538037497938334,,,
torus_plus1,RGA Fall 2018 torus+1,6,7,7,19,4,4.6,4.309487776484284,0.48,0.58,0.5279025999223903,10.604,0.8488439308010567,1.5,2,1.75,342,360,351,3.689894548333785,1.66474242022386,0.4511626005614697,,,
torus_plus1,RGA Fall 2018 torus+1,6,8,5,0,4,4.6,4.502643419572554,0.58,0.7,0.5855320584926884,10.604,0.8643842942394883,0.6,1,0.8,0,18,9,16.36469613981873,16.93294310800942,1.034723954745975,,,
torus_plus1,RGA Fall 2018 torus+1,6,8,5,1,4,4.6,4.502643419572554,0.58,0.7,0.5855320584926884,10.604,0.8643842942394883,0.6,1,0.8,18,36,27,23.20084153642073,16.6844910242772,0.7191330106748866,,,
torus_plus1,RGA Fall 2018 torus+1,6,8,5,2,4,4.6,4.502643419572554,0.58,0.7,0.5855320584926884,10.604,0.8643842942394883,0.6,1,0.8,36,54,45,24.5427161277966,13.89422485459552,0.5661241723306736,,,
torus_plus1,RGA Fall 2018 torus+1,6,8,5,3,4,4.6,4.502643419572554,0.58,0.7,0.5855320584926884,10.604,0.8643842942394883,0.6,1,0.8,54,72,63,19.12300537765469,15.60670819245487,0.8161221462966995,,,
torus_plus1,RGA Fall 2018 torus+1,6,8,5,4,4,4.6,4.502643419572554,0.58,0.7,0.5855320584926884,10.604,0.8643842942394883,0.6,1,0.8,72,90,81,28.92999938464863,27.08891496379724,0.9363607169024574,,,
torus_plus1,RGA Fall 2018 torus+1,6,8,5,5,4,4.6,4.502643419572554,0.58,0.7,0.5855320584926884,10.604,0.8643842942394883,0.6,1,0.8,90,108,99,25.76240063369345,26.4180218005639,1.025448760625708,,,
torus_plus1,RGA Fall 2018 torus+1,6,8,5,6,4,4.6,4.502643419572554,0.58,0.7,0.5855320584926884,10.604,0.8643842942394883,0.6,1,0.8,108,126,117,13.69845291226968,26.70176587407542,1.949254127096257,,,
torus_plus1,RGA Fall 2018 torus+1,6,8,5,14,4,4.6,4.502643419572554,0.58,0.7,0.5855320584926884,10.604,0.8643842942394883,0.6,1,0.8,252,270,261,36.19040738714293,31.76076986916985,0.8776018885173765,,,
torus_plus1,RGA Fall 2018 torus+1,6,8,5,15,4,4.6,4.502643419572554,0.58,0.7,0.5855320584926884,10.604,0.8643842942394883,0.6,1,0.8,270,288,279,47.8873918086522,32.27457079627607,0.6739680232583635,,,
torus_plus1,RGA Fall 2018 torus+1,6,8,5,16,4,4.6,4.502643419572554,0.58,0.7,0.5855320584926884,10.604,0.8643842942394883,0.6,1,0.8,288,306,297,92.03091200470345,68.18344601208548,0.7408754789760293,,,
torus_plus1,RGA Fall 2018 torus+1,6,8,5,17,4,4.6,4.502643419572554,0.58,0.7,0.5855320584926884,10.604,0.8643842942394883,0.6,1,0.8,306,324,315,49.87036530562157,48.6394134692144,0.9753169677249504,,,
torus_plus1,RGA Fall 2018 torus+1,6,8,5,18,4,4.6,4.502643419572554,0.58,0.7,0.5855320584926884,10.604,0.8643842942394883,0.6,1,0.8,324,342,333,16.35316575981656,26.20303106285346,1.602321620639366,,,
torus_plus1,RGA Fall 2018 torus+1,6,8,5,19,4,4.6,4.502643419572554,0.58,0.7,0.5855320584926884,10.604,0.8643842942394883,0.6,1,0.8,342,360,351,20.29322747783811,40.34307311676461,1.988006745640761,,,
torus_plus1,RGA Fall 2018 torus+1,6,8,6,0,4,4.6,4.503333333333333,0.58,0.7,0.5856,10.604,0.8643705323234673,1,1.5,1.25,0,18,9,11.27722377341846,21.98530071271457,1.94953129905395,,,
torus_plus1,RGA Fall 2018 torus+1,6,8,6,1,4,4.6,4.503333333333333,0.58,0.7,0.5856,10.604,0.8643705323234673,1,1.5,1.25,18,36,27,28.48599320753183,36.17431461758177,1.269898309461687,,,
torus_plus1,RGA Fall 2018 torus+1,6,8,6,2,4,4.6,4.503333333333333,0.58,0.7,0.5856,10.604,0.8643705323234673,1,1.5,1.25,36,54,45,3.803116178550648,10.28903935193689,2.705423360444909,,,
torus_plus1,RGA Fall 2018 torus+1,6,8,6,3,4,4.6,4.503333333333333,0.58,0.7,0.5856,10.604,0.8643705323234673,1,1.5,1.25,54,72,63,1.899387472433349,2.670639074169479,1.406052800141965,,,
torus_plus1,RGA Fall 2018 torus+1,6,8,6,4,4,4.6,4.503333333333333,0.58,0.7,0.5856,10.604,0.8643705323234673,1,1.5,1.25,72,90,81,18.48699803774303,15.08216212834167,0.815825376167074,,,
torus_plus1,RGA Fall 2018 torus+1,6,8,6,5,4,4.6,4.503333333333333,0.58,0.7,0.5856,10.604,0.8643705323234673,1,1.5,1.25,90,108,99,23.96139130551462,16.20819974760719,0.6764298258372392,,,
torus_plus1,RGA Fall 2018 torus+1,6,8,6,6,4,4.6,4.503333333333333,0.58,0.7,0.5856,10.604,0.8643705323234673,1,1.5,1.25,108,126,117,42.5574125768225,28.05402450858614,0.6592041858264862,,,
torus_plus1,RGA Fall 2018 torus+1,6,8,6,13,4,4.6,4.503333333333333,0.58,0.7,0.5856,10.604,0.8643705323234673,1,1.5,1.25,234,252,243,14.06717046938081,16.02890393795957,1.139454730633196,,,
torus_plus1,RGA Fall 2018 torus+1,6,8,6,14,4,4.6,4.503333333333333,0.58,0.7,0.5856,10.604,0.8643705323234673,1,1.5,1.25,252,270,261,15.00158626653118,22.9923813478435,1.532663342351997,,,
torus_plus1,RGA Fall 2018 torus+1,6,8,6,15,4,4.6,4.503333333333333,0.58,0.7,0.5856,10.604,0.8643705323234673,1,1.5,1.25,270,288,279,7.840234460577284,9.372509936642031,1.1954374558273,,,
torus_plus1,RGA Fall 2018 torus+1,6,8,6,17,4,4.6,4.503333333333333,0.58,0.7,0.5856,10.604,0.8643705323234673,1,1.5,1.25,306,324,315,15.86107175854059,23.70336908504222,1.494436784971914,,,
torus_plus1,RGA Fall 2018 torus+1,6,8,6,19,4,4.6,4.503333333333333,0.58,0.7,0.5856,10.604,0.8643705323234673,1,1.5,1.25,342,360,351,28.76908077055066,35.0981394022099,1.219995163631991,,,
torus_plus1,RGA Fall 2018 torus+1,6,8,7,2,4,4.6,4.503333333333333,0.58,0.7,0.5856,10.604,0.8643705323234673,1.5,2,1.75,36,54,45,135.6759458137397,93.68425831698757,0.6905001306981882,,,
torus_plus1,RGA Fall 2018 torus+1,6,8,7,4,4,4.6,4.503333333333333,0.58,0.7,0.5856,10.604,0.8643705323234673,1.5,2,1.75,72,90,81,4.788082130196027,6.22974823286081,1.301094689577883,,,
torus_plus1,RGA Fall 2018 torus+1,6,8,7,5,4,4.6,4.503333333333333,0.58,0.7,0.5856,10.604,0.8643705323234673,1.5,2,1.75,90,108,99,131.9212227901834,97.24751019899038,0.7371634991108259,,,
torus_plus1,RGA Fall 2018 torus+1,6,8,7,7,4,4.6,4.503333333333333,0.58,0.7,0.5856,10.604,0.8643705323234673,1.5,2,1.75,126,144,135,23.50292813191209,32.80999816112165,1.395996191494646,,,
torus_plus1,RGA Fall 2018 torus+1,6,8,7,13,4,4.6,4.503333333333333,0.58,0.7,0.5856,10.604,0.8643705323234673,1.5,2,1.75,234,252,243,11.08364572078877,15.0729453409767,1.359926663183171,,,
torus_plus1,RGA Fall 2018 torus+1,6,8,7,14,4,4.6,4.503333333333333,0.58,0.7,0.5856,10.604,0.8643705323234673,1.5,2,1.75,252,270,261,21.87029076950269,18.10699374048075,0.8279265205623274,,,
torus_plus1,RGA Fall 2018 torus+1,6,8,7,15,4,4.6,4.503333333333333,0.58,0.7,0.5856,10.604,0.8643705323234673,1.5,2,1.75,270,288,279,31.01808581040125,23.53374944715105,0.7587105661839232,,,
torus_plus1,RGA Fall 2018 torus+1,6,8,7,16,4,4.6,4.503333333333333,0.58,0.7,0.5856,10.604,0.8643705323234673,1.5,2,1.75,288,306,297,9.71599718151653,15.45579599346159,1.590757562472775,,,
torus_plus1,RGA Fall 2018 torus+1,6,8,7,17,4,4.6,4.503333333333333,0.58,0.7,0.5856,10.604,0.8643705323234673,1.5,2,1.75,306,324,315,8.698782535526448,13.24166777964368,1.522243799699989,,,
torus_plus1,RGA Fall 2018 torus+1,6,8,7,19,4,4.6,4.503333333333333,0.58,0.7,0.5856,10.604,0.8643705323234673,1.5,2,1.75,342,360,351,5.414375076942948,9.754597904191021,1.801611038313703,,,
torus_plus1,RGA Fall 2018 torus+1,7,4,2,0,4.6,5.5,4.683108108108108,0.25,0.3,0.2950225225225225,10.604,0.3614213012398909,0.2,0.3,0.25,0,18,9,14.27646799646259,16.58207104285369,1.161496740437647,,,
torus_plus1,RGA Fall 2018 torus+1,7,4,3,0,4.6,5.5,4.683108108108108,0.25,0.3,0.2950225225225225,10.604,0.3614213012398909,0.3,0.4,0.35,0,18,9,5.020602752341843,8.564935623358155,1.705957640118623,,,
torus_plus1,RGA Fall 2018 torus+1,7,4,4,1,4.6,5.5,4.683108108108108,0.25,0.3,0.2950225225225225,10.604,0.3614213012398909,0.4,0.6,0.5,18,36,27,2.649291157334467,6.668383975683155,2.517044590294266,,,
torus_plus1,RGA Fall 2018 torus+1,7,4,4,8,4.6,5.5,4.683108108108108,0.25,0.3,0.2950225225225225,10.604,0.3614213012398909,0.4,0.6,0.5,144,162,153,10.38788506430145,6.872869110305417,0.6616235227634947,,,
torus_plus1,RGA Fall 2018 torus+1,7,4,5,12,4.6,5.5,4.683108108108108,0.25,0.3,0.2950225225225225,10.604,0.3614213012398909,0.6,1,0.8,216,234,225,5.609787610600298,5.757255978534963,1.026287691829189,,,
torus_plus1,RGA Fall 2018 torus+1,7,4,6,7,4.6,5.5,4.683108108108108,0.25,0.3,0.2950225225225225,10.604,0.3614213012398909,1,1.5,1.25,126,144,135,3.961289880525601,4.520945105023277,1.141281057780962,,,
torus_plus1,RGA Fall 2018 torus+1,7,4,6,10,4.6,5.5,4.683108108108108,0.25,0.3,0.2950225225225225,10.604,0.3614213012398909,1,1.5,1.25,180,198,189,6.159041889780047,5.659318348190799,0.9188634286741156,,,
torus_plus1,RGA Fall 2018 torus+1,7,4,6,13,4.6,5.5,4.683108108108108,0.25,0.3,0.2950225225225225,10.604,0.3614213012398909,1,1.5,1.25,234,252,243,2.203782659259681,3.396147440870142,1.541053708994613,,,
torus_plus1,RGA Fall 2018 torus+1,7,5,3,0,4.6,5.5,4.997182810368349,0.3,0.38,0.3460081855388813,10.604,0.4794929737438784,0.3,0.4,0.35,0,18,9,10.5914817979773,8.317413071307286,0.7852926748073811,,,
torus_plus1,RGA Fall 2018 torus+1,7,5,3,1,4.6,5.5,4.997182810368349,0.3,0.38,0.3460081855388813,10.604,0.4794929737438784,0.3,0.4,0.35,18,36,27,2.45739073697469,3.761145647364343,1.530544406623227,,,
torus_plus1,RGA Fall 2018 torus+1,7,5,3,2,4.6,5.5,4.997182810368349,0.3,0.38,0.3460081855388813,10.604,0.4794929737438784,0.3,0.4,0.35,36,54,45,2.909534598152731,4.203068431076314,1.444584447885531,,,
torus_plus1,RGA Fall 2018 torus+1,7,5,3,3,4.6,5.5,4.997182810368349,0.3,0.38,0.3460081855388813,10.604,0.4794929737438784,0.3,0.4,0.35,54,72,63,4.901082205915996,3.692891498625678,0.7534849128153909,,,
torus_plus1,RGA Fall 2018 torus+1,7,5,3,4,4.6,5.5,4.997182810368349,0.3,0.38,0.3460081855388813,10.604,0.4794929737438784,0.3,0.4,0.35,72,90,81,8.063469660357823,4.380351439024061,0.5432340696411424,,,
torus_plus1,RGA Fall 2018 torus+1,7,5,3,5,4.6,5.5,4.997182810368349,0.3,0.38,0.3460081855388813,10.604,0.4794929737438784,0.3,0.4,0.35,90,108,99,19.39078062698635,10.31226093464803,0.5318125728417734,,,
torus_plus1,RGA Fall 2018 torus+1,7,5,3,6,4.6,5.5,4.997182810368349,0.3,0.38,0.3460081855388813,10.604,0.4794929737438784,0.3,0.4,0.35,108,126,117,4.582374040375913,5.59161890603596,1.220244977116109,,,
torus_plus1,RGA Fall 2018 torus+1,7,5,3,7,4.6,5.5,4.997182810368349,0.3,0.38,0.3460081855388813,10.604,0.4794929737438784,0.3,0.4,0.35,126,144,135,5.26376924810439,5.886399018964847,1.118285916709719,,,
torus_plus1,RGA Fall 2018 torus+1,7,5,3,14,4.6,5.5,4.997182810368349,0.3,0.38,0.3460081855388813,10.604,0.4794929737438784,0.3,0.4,0.35,252,270,261,7.888766847470628,5.003240018807321,0.6342233349704723,,,
torus_plus1,RGA Fall 2018 torus+1,7,5,3,15,4.6,5.5,4.997182810368349,0.3,0.38,0.3460081855388813,10.604,0.4794929737438784,0.3,0.4,0.35,270,288,279,14.30117825813697,8.144457935066987,0.5694955889689031,,,
torus_plus1,RGA Fall 2018 torus+1,7,5,3,19,4.6,5.5,4.997182810368349,0.3,0.38,0.3460081855388813,10.604,0.4794929737438784,0.3,0.4,0.35,342,360,351,0.9176906051936933,2.69686344368259,2.938750193605146,,,
torus_plus1,RGA Fall 2018 torus+1,7,5,4,0,4.6,5.5,4.997182810368349,0.3,0.38,0.3460081855388813,10.604,0.4794929737438784,0.4,0.6,0.5,0,18,9,3.564144937246024,1.783104867642277,0.5002896624681213,,,
torus_plus1,RGA Fall 2018 torus+1,7,5,4,1,4.6,5.5,4.997182810368349,0.3,0.38,0.3460081855388813,10.604,0.4794929737438784,0.4,0.6,0.5,18,36,27,5.592983439131804,2.953451834677969,0.5280637546705184,,,
torus_plus1,RGA Fall 2018 torus+1,7,5,4,2,4.6,5.5,4.997182810368349,0.3,0.38,0.3460081855388813,10.604,0.4794929737438784,0.4,0.6,0.5,36,54,45,3.358756968375768,2.101781508855101,0.6257617114439462,,,
torus_plus1,RGA Fall 2018 torus+1,7,5,4,3,4.6,5.5,4.997182810368349,0.3,0.38,0.3460081855388813,10.604,0.4794929737438784,0.4,0.6,0.5,54,72,63,3.142411600999451,2.682792710877877,0.8537368911267412,,,
torus_plus1,RGA Fall 2018 torus+1,7,5,4,4,4.6,5.5,4.997182810368349,0.3,0.38,0.3460081855388813,10.604,0.4794929737438784,0.4,0.6,0.5,72,90,81,3.740914979924157,1.844714607272149,0.4931185598100786,,,
torus_plus1,RGA Fall 2018 torus+1,7,5,4,5,4.6,5.5,4.997182810368349,0.3,0.38,0.3460081855388813,10.604,0.4794929737438784,0.4,0.6,0.5,90,108,99,3.718305788198744,1.652419331366768,0.4444011400598789,,,
torus_plus1,RGA Fall 2018 torus+1,7,5,4,6,4.6,5.5,4.997182810368349,0.3,0.38,0.3460081855388813,10.604,0.4794929737438784,0.4,0.6,0.5,108,126,117,6.761249319966447,1.98422648978317,0.2934703922134049,,,
torus_plus1,RGA Fall 2018 torus+1,7,5,4,7,4.6,5.5,4.997182810368349,0.3,0.38,0.3460081855388813,10.604,0.4794929737438784,0.4,0.6,0.5,126,144,135,3.820824778456974,1.474293668482835,0.3858574402038459,,,
torus_plus1,RGA Fall 2018 torus+1,7,5,4,8,4.6,5.5,4.997182810368349,0.3,0.38,0.3460081855388813,10.604,0.4794929737438784,0.4,0.6,0.5,144,162,153,5.553925147478822,1.777163825664935,0.3199833952518554,,,
torus_plus1,RGA Fall 2018 torus+1,7,5,4,9,4.6,5.5,4.997182810368349,0.3,0.38,0.3460081855388813,10.604,0.4794929737438784,0.4,0.6,0.5,162,180,171,3.987738437284948,1.978778559190579,0.4962157348860198,,,
torus_plus1,RGA Fall 2018 torus+1,7,5,4,10,4.6,5.5,4.997182810368349,0.3,0.38,0.3460081855388813,10.604,0.4794929737438784,0.4,0.6,0.5,180,198,189,4.369108152731166,1.718244761238522,0.3932712812715411,,,
torus_plus1,RGA Fall 2018 torus+1,7,5,4,11,4.6,5.5,4.997182810368349,0.3,0.38,0.3460081855388813,10.604,0.4794929737438784,0.4,0.6,0.5,198,216,207,4.011382791705299,1.479980392709606,0.3689451916107073,,,
torus_plus1,RGA Fall 2018 torus+1,7,5,4,12,4.6,5.5,4.997182810368349,0.3,0.38,0.3460081855388813,10.604,0.4794929737438784,0.4,0.6,0.5,216,234,225,5.0607341438845,1.665220829939327,0.3290472849579769,,,
torus_plus1,RGA Fall 2018 torus+1,7,5,4,13,4.6,5.5,4.997182810368349,0.3,0.38,0.3460081855388813,10.604,0.4794929737438784,0.4,0.6,0.5,234,252,243,5.284123141171096,1.874624712995434,0.3547655236096504,,,
torus_plus1,RGA Fall 2018 torus+1,7,5,4,14,4.6,5.5,4.997182810368349,0.3,0.38,0.3460081855388813,10.604,0.4794929737438784,0.4,0.6,0.5,252,270,261,4.099962858904093,1.825730937429992,0.4453042625654429,,,
torus_plus1,RGA Fall 2018 torus+1,7,5,4,15,4.6,5.5,4.997182810368349,0.3,0.38,0.3460081855388813,10.604,0.4794929737438784,0.4,0.6,0.5,270,288,279,2.109441817420151,1.535922457442976,0.7281179527015397,,,
torus_plus1,RGA Fall 2018 torus+1,7,5,4,16,4.6,5.5,4.997182810368349,0.3,0.38,0.3460081855388813,10.604,0.4794929737438784,0.4,0.6,0.5,288,306,297,6.015158659184836,3.836245060036044,0.6377629049199386,,,
torus_plus1,RGA Fall 2018 torus+1,7,5,4,17,4.6,5.5,4.997182810368349,0.3,0.38,0.3460081855388813,10.604,0.4794929737438784,0.4,0.6,0.5,306,324,315,5.148628790471498,4.136107829609708,0.8033416270491962,,,
torus_plus1,RGA Fall 2018 torus+1,7,5,4,19,4.6,5.5,4.997182810368349,0.3,0.38,0.3460081855388813,10.604,0.4794929737438784,0.4,0.6,0.5,342,360,351,1.106593379520674,1.140585842445879,1.030718115212229,,,
torus_plus1,RGA Fall 2018 torus+1,7,5,5,0,4.6,5.5,4.997182810368349,0.3,0.38,0.3460081855388813,10.604,0.4794929737438784,0.6,1,0.8,0,18,9,2.035680739540792,0.8358720312420425,0.4106105711991941,,,
torus_plus1,RGA Fall 2018 torus+1,7,5,5,1,4.6,5.5,4.997182810368349,0.3,0.38,0.3460081855388813,10.604,0.4794929737438784,0.6,1,0.8,18,36,27,2.992577807050398,1.28211779561529,0.4284325682676218,,,
torus_plus1,RGA Fall 2018 torus+1,7,5,5,2,4.6,5.5,4.997182810368349,0.3,0.38,0.3460081855388813,10.604,0.4794929737438784,0.6,1,0.8,36,54,45,4.669173432818456,2.627748122630263,0.5627865746344902,,,
torus_plus1,RGA Fall 2018 torus+1,7,5,5,3,4.6,5.5,4.997182810368349,0.3,0.38,0.3460081855388813,10.604,0.4794929737438784,0.6,1,0.8,54,72,63,4.15083298833827,2.489921886745609,0.5998607734257252,,,
torus_plus1,RGA Fall 2018 torus+1,7,5,5,4,4.6,5.5,4.997182810368349,0.3,0.38,0.3460081855388813,10.604,0.4794929737438784,0.6,1,0.8,72,90,81,4.805551271929049,1.982515266152133,0.4125468971130778,,,
torus_plus1,RGA Fall 2018 torus+1,7,5,5,5,4.6,5.5,4.997182810368349,0.3,0.38,0.3460081855388813,10.604,0.4794929737438784,0.6,1,0.8,90,108,99,3.888021110677464,1.108584611416094,0.2851282387257744,,,
torus_plus1,RGA Fall 2018 torus+1,7,5,5,6,4.6,5.5,4.997182810368349,0.3,0.38,0.3460081855388813,10.604,0.4794929737438784,0.6,1,0.8,108,126,117,1.864081438852779,0.6770763793039345,0.3632225315867267,,,
torus_plus1,RGA Fall 2018 torus+1,7,5,5,7,4.6,5.5,4.997182810368349,0.3,0.38,0.3460081855388813,10.604,0.4794929737438784,0.6,1,0.8,126,144,135,4.41791482729058,0.875413947874324,0.1981509336636981,,,
torus_plus1,RGA Fall 2018 torus+1,7,5,5,8,4.6,5.5,4.997182810368349,0.3,0.38,0.3460081855388813,10.604,0.4794929737438784,0.6,1,0.8,144,162,153,2.076185939673735,0.6531141107736201,0.3145739975853293,,,
torus_plus1,RGA Fall 2018 torus+1,7,5,5,9,4.6,5.5,4.997182810368349,0.3,0.38,0.3460081855388813,10.604,0.4794929737438784,0.6,1,0.8,162,180,171,2.179629591710984,0.7285288810710174,0.334244352270484,,,
torus_plus1,RGA Fall 2018 torus+1,7,5,5,10,4.6,5.5,4.997182810368349,0.3,0.38,0.3460081855388813,10.604,0.4794929737438784,0.6,1,0.8,180,198,189,3.109386729405831,0.8256450166769539,0.2655330740524275,,,
torus_plus1,RGA Fall 2018 torus+1,7,5,5,11,4.6,5.5,4.997182810368349,0.3,0.38,0.3460081855388813,10.604,0.4794929737438784,0.6,1,0.8,198,216,207,2.23564535194889,0.5910951440542592,0.2643957564821187,,,
torus_plus1,RGA Fall 2018 torus+1,7,5,5,12,4.6,5.5,4.997182810368349,0.3,0.38,0.3460081855388813,10.604,0.4794929737438784,0.6,1,0.8,216,234,225,1.465936106022474,0.6291230296148331,0.429161289520205,,,
torus_plus1,RGA Fall 2018 torus+1,7,5,5,13,4.6,5.5,4.997182810368349,0.3,0.38,0.3460081855388813,10.604,0.4794929737438784,0.6,1,0.8,234,252,243,2.317876205797974,0.7358764502760207,0.3174787542299658,,,
torus_plus1,RGA Fall 2018 torus+1,7,5,5,14,4.6,5.5,4.997182810368349,0.3,0.38,0.3460081855388813,10.604,0.4794929737438784,0.6,1,0.8,252,270,261,5.070741505182177,1.28625314773151,0.2536617467912711,,,
torus_plus1,RGA Fall 2018 torus+1,7,5,5,15,4.6,5.5,4.997182810368349,0.3,0.38,0.3460081855388813,10.604,0.4794929737438784,0.6,1,0.8,270,288,279,5.90813907297535,1.954511945048829,0.3308168478953107,,,
torus_plus1,RGA Fall 2018 torus+1,7,5,5,16,4.6,5.5,4.997182810368349,0.3,0.38,0.3460081855388813,10.604,0.4794929737438784,0.6,1,0.8,288,306,297,6.991512160679505,2.702236806796804,0.386502482537937,,,
torus_plus1,RGA Fall 2018 torus+1,7,5,5,17,4.6,5.5,4.997182810368349,0.3,0.38,0.3460081855388813,10.604,0.4794929737438784,0.6,1,0.8,306,324,315,3.202013369768922,1.518313718212358,0.4741746966290556,,,
torus_plus1,RGA Fall 2018 torus+1,7,5,5,18,4.6,5.5,4.997182810368349,0.3,0.38,0.3460081855388813,10.604,0.4794929737438784,0.6,1,0.8,324,342,333,2.490166204207304,0.9791699966081295,0.3932147159309108,,,
torus_plus1,RGA Fall 2018 torus+1,7,5,5,19,4.6,5.5,4.997182810368349,0.3,0.38,0.3460081855388813,10.604,0.4794929737438784,0.6,1,0.8,342,360,351,2.494033260775663,0.9976709725719728,0.4000231224910328,,,
torus_plus1,RGA Fall 2018 torus+1,7,5,6,0,4.6,5.5,4.997182810368349,0.3,0.38,0.3460081855388813,10.604,0.4794929737438784,1,1.5,1.25,0,18,9,0.3592420020403418,0.4640375347717332,1.29171291813373,,,
torus_plus1,RGA Fall 2018 torus+1,7,5,6,1,4.6,5.5,4.997182810368349,0.3,0.38,0.3460081855388813,10.604,0.4794929737438784,1,1.5,1.25,18,36,27,2.568023990572318,0.8137905412592744,0.3168936677565503,,,
torus_plus1,RGA Fall 2018 torus+1,7,5,6,3,4.6,5.5,4.997182810368349,0.3,0.38,0.3460081855388813,10.604,0.4794929737438784,1,1.5,1.25,54,72,63,2.543637266280011,1.415181060737505,0.5563611917068515,,,
torus_plus1,RGA Fall 2018 torus+1,7,5,6,4,4.6,5.5,4.997182810368349,0.3,0.38,0.3460081855388813,10.604,0.4794929737438784,1,1.5,1.25,72,90,81,3.075797173148716,1.387285075168873,0.4510326907377636,,,
torus_plus1,RGA Fall 2018 torus+1,7,5,6,5,4.6,5.5,4.997182810368349,0.3,0.38,0.3460081855388813,10.604,0.4794929737438784,1,1.5,1.25,90,108,99,1.562095309451142,0.6781255056765947,0.4341127596848499,,,
torus_plus1,RGA Fall 2018 torus+1,7,5,6,6,4.6,5.5,4.997182810368349,0.3,0.38,0.3460081855388813,10.604,0.4794929737438784,1,1.5,1.25,108,126,117,2.076972940078362,0.7279127048256963,0.3504680734060179,,,
torus_plus1,RGA Fall 2018 torus+1,7,5,6,7,4.6,5.5,4.997182810368349,0.3,0.38,0.3460081855388813,10.604,0.4794929737438784,1,1.5,1.25,126,144,135,2.19396659306837,0.5949983050762224,0.2711975227681512,,,
torus_plus1,RGA Fall 2018 torus+1,7,5,6,8,4.6,5.5,4.997182810368349,0.3,0.38,0.3460081855388813,10.604,0.4794929737438784,1,1.5,1.25,144,162,153,1.172204411527594,0.4153250782613757,0.3543111373554141,,,
torus_plus1,RGA Fall 2018 torus+1,7,5,6,9,4.6,5.5,4.997182810368349,0.3,0.38,0.3460081855388813,10.604,0.4794929737438784,1,1.5,1.25,162,180,171,1.730320232767524,0.5721270278238333,0.3306480598153539,,,
torus_plus1,RGA Fall 2018 torus+1,7,5,6,10,4.6,5.5,4.997182810368349,0.3,0.38,0.3460081855388813,10.604,0.4794929737438784,1,1.5,1.25,180,198,189,1.734352086635866,0.6076380502655657,0.3503544954613023,,,
torus_plus1,RGA Fall 2018 torus+1,7,5,6,11,4.6,5.5,4.997182810368349,0.3,0.38,0.3460081855388813,10.604,0.4794929737438784,1,1.5,1.25,198,216,207,2.18310895275605,0.6344797865608275,0.2906312970591015,,,
torus_plus1,RGA Fall 2018 torus+1,7,5,6,12,4.6,5.5,4.997182810368349,0.3,0.38,0.3460081855388813,10.604,0.4794929737438784,1,1.5,1.25,216,234,225,1.535916559311521,0.5172324619210515,0.3367581779005642,,,
torus_plus1,RGA Fall 2018 torus+1,7,5,6,13,4.6,5.5,4.997182810368349,0.3,0.38,0.3460081855388813,10.604,0.4794929737438784,1,1.5,1.25,234,252,243,2.082808601406722,0.5965800619128575,0.286430573366141,,,
torus_plus1,RGA Fall 2018 torus+1,7,5,6,14,4.6,5.5,4.997182810368349,0.3,0.38,0.3460081855388813,10.604,0.4794929737438784,1,1.5,1.25,252,270,261,2.339269937595811,0.7878389869005128,0.3367884031845489,,,
torus_plus1,RGA Fall 2018 torus+1,7,5,6,15,4.6,5.5,4.997182810368349,0.3,0.38,0.3460081855388813,10.604,0.4794929737438784,1,1.5,1.25,270,288,279,2.220122355678288,0.7891374689916987,0.3554477378120012,,,
torus_plus1,RGA Fall 2018 torus+1,7,5,6,16,4.6,5.5,4.997182810368349,0.3,0.38,0.3460081855388813,10.604,0.4794929737438784,1,1.5,1.25,288,306,297,2.383666798127542,1.161538370842986,0.4872905775905496,,,
torus_plus1,RGA Fall 2018 torus+1,7,5,6,17,4.6,5.5,4.997182810368349,0.3,0.38,0.3460081855388813,10.604,0.4794929737438784,1,1.5,1.25,306,324,315,5.151263011076338,3.102023029821728,0.6021868856534217,,,
torus_plus1,RGA Fall 2018 torus+1,7,5,6,18,4.6,5.5,4.997182810368349,0.3,0.38,0.3460081855388813,10.604,0.4794929737438784,1,1.5,1.25,324,342,333,1.1859697636904,0.5284979188638209,0.4456251205083729,,,
torus_plus1,RGA Fall 2018 torus+1,7,5,6,19,4.6,5.5,4.997182810368349,0.3,0.38,0.3460081855388813,10.604,0.4794929737438784,1,1.5,1.25,342,360,351,2.584434239116177,1.06872091401212,0.4135221929181686,,,
torus_plus1,RGA Fall 2018 torus+1,7,5,7,0,4.6,5.5,4.997182810368349,0.3,0.38,0.3460081855388813,10.604,0.4794929737438784,1.5,2,1.75,0,18,9,1.577311578884997,1.274854592294753,0.808245250564856,,,
torus_plus1,RGA Fall 2018 torus+1,7,5,7,1,4.6,5.5,4.997182810368349,0.3,0.38,0.3460081855388813,10.604,0.4794929737438784,1.5,2,1.75,18,36,27,0.07091452106167499,0.275162547810115,3.880200326965527,,,
torus_plus1,RGA Fall 2018 torus+1,7,5,7,2,4.6,5.5,4.997182810368349,0.3,0.38,0.3460081855388813,10.604,0.4794929737438784,1.5,2,1.75,36,54,45,1.146527208328183,1.274816716192323,1.111893993384777,,,
torus_plus1,RGA Fall 2018 torus+1,7,5,7,3,4.6,5.5,4.997182810368349,0.3,0.38,0.3460081855388813,10.604,0.4794929737438784,1.5,2,1.75,54,72,63,3.187874085032428,2.276220801871426,0.7140246889168684,,,
torus_plus1,RGA Fall 2018 torus+1,7,5,7,4,4.6,5.5,4.997182810368349,0.3,0.38,0.3460081855388813,10.604,0.4794929737438784,1.5,2,1.75,72,90,81,0.8722843974532655,0.5987434336362495,0.6864085100964201,,,
torus_plus1,RGA Fall 2018 torus+1,7,5,7,5,4.6,5.5,4.997182810368349,0.3,0.38,0.3460081855388813,10.604,0.4794929737438784,1.5,2,1.75,90,108,99,1.419242757644998,0.6278366529500307,0.4423743926598035,,,
torus_plus1,RGA Fall 2018 torus+1,7,5,7,6,4.6,5.5,4.997182810368349,0.3,0.38,0.3460081855388813,10.604,0.4794929737438784,1.5,2,1.75,108,126,117,1.010480094999625,0.4864287386243857,0.4813837907658797,,,
torus_plus1,RGA Fall 2018 torus+1,7,5,7,7,4.6,5.5,4.997182810368349,0.3,0.38,0.3460081855388813,10.604,0.4794929737438784,1.5,2,1.75,126,144,135,0.8122877992617455,0.4004848207317801,0.4930331602860021,,,
torus_plus1,RGA Fall 2018 torus+1,7,5,7,8,4.6,5.5,4.997182810368349,0.3,0.38,0.3460081855388813,10.604,0.4794929737438784,1.5,2,1.75,144,162,153,0.7066209257828394,0.3202987639048224,0.4532823076955655,,,
torus_plus1,RGA Fall 2018 torus+1,7,5,7,9,4.6,5.5,4.997182810368349,0.3,0.38,0.3460081855388813,10.604,0.4794929737438784,1.5,2,1.75,162,180,171,0.2584571691772686,0.2057054992133827,0.7958978265845472,,,
torus_plus1,RGA Fall 2018 torus+1,7,5,7,10,4.6,5.5,4.997182810368349,0.3,0.38,0.3460081855388813,10.604,0.4794929737438784,1.5,2,1.75,180,198,189,0.5753346566525592,0.3284819151081999,0.570940601804504,,,
torus_plus1,RGA Fall 2018 torus+1,7,5,7,11,4.6,5.5,4.997182810368349,0.3,0.38,0.3460081855388813,10.604,0.4794929737438784,1.5,2,1.75,198,216,207,0.5999081538321192,0.2655595366805736,0.442666989912074,,,
torus_plus1,RGA Fall 2018 torus+1,7,5,7,12,4.6,5.5,4.997182810368349,0.3,0.38,0.3460081855388813,10.604,0.4794929737438784,1.5,2,1.75,216,234,225,0.8288242317028944,0.3341728113419654,0.4031889978112453,,,
torus_plus1,RGA Fall 2018 torus+1,7,5,7,13,4.6,5.5,4.997182810368349,0.3,0.38,0.3460081855388813,10.604,0.4794929737438784,1.5,2,1.75,234,252,243,2.075895544097757,0.6014624763524097,0.2897363877785201,,,
torus_plus1,RGA Fall 2018 torus+1,7,5,7,14,4.6,5.5,4.997182810368349,0.3,0.38,0.3460081855388813,10.604,0.4794929737438784,1.5,2,1.75,252,270,261,1.488352712986524,0.5177483710733639,0.3478667163742737,,,
torus_plus1,RGA Fall 2018 torus+1,7,5,7,15,4.6,5.5,4.997182810368349,0.3,0.38,0.3460081855388813,10.604,0.4794929737438784,1.5,2,1.75,270,288,279,0.9980339012523038,0.4557943628809604,0.4566922649712027,,,
torus_plus1,RGA Fall 2018 torus+1,7,5,7,16,4.6,5.5,4.997182810368349,0.3,0.38,0.3460081855388813,10.604,0.4794929737438784,1.5,2,1.75,288,306,297,0.7524541272249359,0.6642692296574397,0.8828036230026093,,,
torus_plus1,RGA Fall 2018 torus+1,7,5,7,17,4.6,5.5,4.997182810368349,0.3,0.38,0.3460081855388813,10.604,0.4794929737438784,1.5,2,1.75,306,324,315,0.4146889207258123,0.5227449444123896,1.260571281956247,,,
torus_plus1,RGA Fall 2018 torus+1,7,5,7,18,4.6,5.5,4.997182810368349,0.3,0.38,0.3460081855388813,10.604,0.4794929737438784,1.5,2,1.75,324,342,333,0.2016660081208919,0.2657748342922446,1.317896043903054,,,
torus_plus1,RGA Fall 2018 torus+1,7,6,4,0,4.6,5.5,5.049999999999999,0.38,0.48,0.43,10.604,0.6696569907432222,0.4,0.6,0.5,0,18,9,9.236248282921547,2.174342722299945,0.2354140616077259,,,
torus_plus1,RGA Fall 2018 torus+1,7,6,4,1,4.6,5.5,5.049999999999999,0.38,0.48,0.43,10.604,0.6696569907432222,0.4,0.6,0.5,18,36,27,4.394794054694272,1.340457035681836,0.305010205028842,,,
torus_plus1,RGA Fall 2018 torus+1,7,6,4,2,4.6,5.5,5.049999999999999,0.38,0.48,0.43,10.604,0.6696569907432222,0.4,0.6,0.5,36,54,45,7.427325403981564,1.72281312144635,0.2319560578997659,,,
torus_plus1,RGA Fall 2018 torus+1,7,6,4,3,4.6,5.5,5.049999999999999,0.38,0.48,0.43,10.604,0.6696569907432222,0.4,0.6,0.5,54,72,63,6.150377192261827,1.464731968206047,0.2381531932787664,,,
torus_plus1,RGA Fall 2018 torus+1,7,6,4,4,4.6,5.5,5.049999999999999,0.38,0.48,0.43,10.604,0.6696569907432222,0.4,0.6,0.5,72,90,81,9.506660788776044,1.610175042489428,0.1693733560358509,,,
torus_plus1,RGA Fall 2018 torus+1,7,6,4,5,4.6,5.5,5.049999999999999,0.38,0.48,0.43,10.604,0.6696569907432222,0.4,0.6,0.5,90,108,99,8.344003436528753,1.780160648943847,0.2133461068760566,,,
torus_plus1,RGA Fall 2018 torus+1,7,6,4,6,4.6,5.5,5.049999999999999,0.38,0.48,0.43,10.604,0.6696569907432222,0.4,0.6,0.5,108,126,117,6.728025092131914,3.187927745281973,0.4738281593227251,,,
torus_plus1,RGA Fall 2018 torus+1,7,6,4,7,4.6,5.5,5.049999999999999,0.38,0.48,0.43,10.604,0.6696569907432222,0.4,0.6,0.5,126,144,135,11.44488046595028,6.867887590678863,0.6000838201073004,,,
torus_plus1,RGA Fall 2018 torus+1,7,6,4,12,4.6,5.5,5.049999999999999,0.38,0.48,0.43,10.604,0.6696569907432222,0.4,0.6,0.5,216,234,225,4.358000915374338,3.506927081008834,0.8047100377232482,,,
torus_plus1,RGA Fall 2018 torus+1,7,6,4,13,4.6,5.5,5.049999999999999,0.38,0.48,0.43,10.604,0.6696569907432222,0.4,0.6,0.5,234,252,243,6.149197593074849,2.8075818372308,0.4565769427205696,,,
torus_plus1,RGA Fall 2018 torus+1,7,6,4,14,4.6,5.5,5.049999999999999,0.38,0.48,0.43,10.604,0.6696569907432222,0.4,0.6,0.5,252,270,261,14.27223328089291,3.04958111559544,0.2136723143166457,,,
torus_plus1,RGA Fall 2018 torus+1,7,6,4,15,4.6,5.5,5.049999999999999,0.38,0.48,0.43,10.604,0.6696569907432222,0.4,0.6,0.5,270,288,279,10.54635669902661,2.701292511085057,0.2561351363484961,,,
torus_plus1,RGA Fall 2018 torus+1,7,6,4,16,4.6,5.5,5.049999999999999,0.38,0.48,0.43,10.604,0.6696569907432222,0.4,0.6,0.5,288,306,297,6.086833083580567,1.977288089530091,0.3248467737457579,,,
torus_plus1,RGA Fall 2018 torus+1,7,6,4,17,4.6,5.5,5.049999999999999,0.38,0.48,0.43,10.604,0.6696569907432222,0.4,0.6,0.5,306,324,315,6.432514742742318,2.382844099494423,0.3704374097522186,,,
torus_plus1,RGA Fall 2018 torus+1,7,6,4,18,4.6,5.5,5.049999999999999,0.38,0.48,0.43,10.604,0.6696569907432222,0.4,0.6,0.5,324,342,333,9.547228638348937,2.789220663229376,0.2921497712986303,,,
torus_plus1,RGA Fall 2018 torus+1,7,6,4,19,4.6,5.5,5.049999999999999,0.38,0.48,0.43,10.604,0.6696569907432222,0.4,0.6,0.5,342,360,351,6.483744860560408,1.628392873969692,0.2511500543266204,,,
torus_plus1,RGA Fall 2018 torus+1,7,6,5,0,4.6,5.5,5.049999999999999,0.38,0.48,0.43,10.604,0.6696569907432222,0.6,1,0.8,0,18,9,3.780838209853462,1.253898330442793,0.3316455930790521,,,
torus_plus1,RGA Fall 2018 torus+1,7,6,5,1,4.6,5.5,5.049999999999999,0.38,0.48,0.43,10.604,0.6696569907432222,0.6,1,0.8,18,36,27,5.388210965682779,1.253408202693915,0.2326204765694594,,,
torus_plus1,RGA Fall 2018 torus+1,7,6,5,2,4.6,5.5,5.049999999999999,0.38,0.48,0.43,10.604,0.6696569907432222,0.6,1,0.8,36,54,45,10.30440468000043,1.689531038578388,0.1639620231392462,,,
torus_plus1,RGA Fall 2018 torus+1,7,6,5,3,4.6,5.5,5.049999999999999,0.38,0.48,0.43,10.604,0.6696569907432222,0.6,1,0.8,54,72,63,4.380374601702067,0.9650784196276287,0.2203186958605393,,,
torus_plus1,RGA Fall 2018 torus+1,7,6,5,4,4.6,5.5,5.049999999999999,0.38,0.48,0.43,10.604,0.6696569907432222,0.6,1,0.8,72,90,81,5.306957080402622,0.7648676468548931,0.1441254630981234,,,
torus_plus1,RGA Fall 2018 torus+1,7,6,5,5,4.6,5.5,5.049999999999999,0.38,0.48,0.43,10.604,0.6696569907432222,0.6,1,0.8,90,108,99,8.22800480885688,0.9650005594327573,0.1172824496157319,,,
torus_plus1,RGA Fall 2018 torus+1,7,6,5,6,4.6,5.5,5.049999999999999,0.38,0.48,0.43,10.604,0.6696569907432222,0.6,1,0.8,108,126,117,5.294818579841492,0.8207993120092175,0.1550193457305933,,,
torus_plus1,RGA Fall 2018 torus+1,7,6,5,7,4.6,5.5,5.049999999999999,0.38,0.48,0.43,10.604,0.6696569907432222,0.6,1,0.8,126,144,135,7.101531016311607,1.260133780576759,0.1774453674401111,,,
torus_plus1,RGA Fall 2018 torus+1,7,6,5,8,4.6,5.5,5.049999999999999,0.38,0.48,0.43,10.604,0.6696569907432222,0.6,1,0.8,144,162,153,6.213098374870049,1.372257353650612,0.2208652222860247,,,
torus_plus1,RGA Fall 2018 torus+1,7,6,5,9,4.6,5.5,5.049999999999999,0.38,0.48,0.43,10.604,0.6696569907432222,0.6,1,0.8,162,180,171,7.030321061858579,2.176168852297619,0.3095404652433205,,,
torus_plus1,RGA Fall 2018 torus+1,7,6,5,10,4.6,5.5,5.049999999999999,0.38,0.48,0.43,10.604,0.6696569907432222,0.6,1,0.8,180,198,189,4.603968271432119,1.279667764451797,0.2779488669355537,,,
torus_plus1,RGA Fall 2018 torus+1,7,6,5,11,4.6,5.5,5.049999999999999,0.38,0.48,0.43,10.604,0.6696569907432222,0.6,1,0.8,198,216,207,4.782935864018181,1.050624587951913,0.2196610236519616,,,
torus_plus1,RGA Fall 2018 torus+1,7,6,5,12,4.6,5.5,5.049999999999999,0.38,0.48,0.43,10.604,0.6696569907432222,0.6,1,0.8,216,234,225,3.781752895529055,0.9755619350371635,0.2579655419026751,,,
torus_plus1,RGA Fall 2018 torus+1,7,6,5,13,4.6,5.5,5.049999999999999,0.38,0.48,0.43,10.604,0.6696569907432222,0.6,1,0.8,234,252,243,6.682190536804693,1.074011699023279,0.1607274879558961,,,
torus_plus1,RGA Fall 2018 torus+1,7,6,5,14,4.6,5.5,5.049999999999999,0.38,0.48,0.43,10.604,0.6696569907432222,0.6,1,0.8,252,270,261,6.483626282400899,0.990540103723283,0.1527756321199445,,,
torus_plus1,RGA Fall 2018 torus+1,7,6,5,15,4.6,5.5,5.049999999999999,0.38,0.48,0.43,10.604,0.6696569907432222,0.6,1,0.8,270,288,279,8.451022100398641,1.365729372772785,0.1616052302961511,,,
torus_plus1,RGA Fall 2018 torus+1,7,6,5,16,4.6,5.5,5.049999999999999,0.38,0.48,0.43,10.604,0.6696569907432222,0.6,1,0.8,288,306,297,4.247506374110684,1.111121553912143,0.2615938520268336,,,
torus_plus1,RGA Fall 2018 torus+1,7,6,5,17,4.6,5.5,5.049999999999999,0.38,0.48,0.43,10.604,0.6696569907432222,0.6,1,0.8,306,324,315,7.792135003035457,2.183319077084053,0.2801952322737649,,,
torus_plus1,RGA Fall 2018 torus+1,7,6,5,18,4.6,5.5,5.049999999999999,0.38,0.48,0.43,10.604,0.6696569907432222,0.6,1,0.8,324,342,333,4.525042408072475,1.503065581821982,0.3321660763091588,,,
torus_plus1,RGA Fall 2018 torus+1,7,6,5,19,4.6,5.5,5.049999999999999,0.38,0.48,0.43,10.604,0.6696569907432222,0.6,1,0.8,342,360,351,4.276336294904228,1.290732194005471,0.3018313118974144,,,
torus_plus1,RGA Fall 2018 torus+1,7,6,6,0,4.6,5.5,5.049999999999999,0.38,0.48,0.43,10.604,0.6696569907432222,1,1.5,1.25,0,18,9,2.346996604797206,0.9451029947922114,0.4026861363414174,,,
torus_plus1,RGA Fall 2018 torus+1,7,6,6,1,4.6,5.5,5.049999999999999,0.38,0.48,0.43,10.604,0.6696569907432222,1,1.5,1.25,18,36,27,2.434263163072562,1.04378672820016,0.4287896000869015,,,
torus_plus1,RGA Fall 2018 torus+1,7,6,6,2,4.6,5.5,5.049999999999999,0.38,0.48,0.43,10.604,0.6696569907432222,1,1.5,1.25,36,54,45,3.763161604860073,1.226699057707453,0.32597565199517,,,
torus_plus1,RGA Fall 2018 torus+1,7,6,6,3,4.6,5.5,5.049999999999999,0.38,0.48,0.43,10.604,0.6696569907432222,1,1.5,1.25,54,72,63,3.877187078363022,1.218358724419117,0.3142377965763564,,,
torus_plus1,RGA Fall 2018 torus+1,7,6,6,4,4.6,5.5,5.049999999999999,0.38,0.48,0.43,10.604,0.6696569907432222,1,1.5,1.25,72,90,81,3.631415566146794,0.7238383767870687,0.1993267814168446,,,
torus_plus1,RGA Fall 2018 torus+1,7,6,6,5,4.6,5.5,5.049999999999999,0.38,0.48,0.43,10.604,0.6696569907432222,1,1.5,1.25,90,108,99,3.812004169555834,0.585461023806041,0.1535835213617454,,,
torus_plus1,RGA Fall 2018 torus+1,7,6,6,6,4.6,5.5,5.049999999999999,0.38,0.48,0.43,10.604,0.6696569907432222,1,1.5,1.25,108,126,117,4.314090351344653,0.6526775012333326,0.1512897153463419,,,
torus_plus1,RGA Fall 2018 torus+1,7,6,6,7,4.6,5.5,5.049999999999999,0.38,0.48,0.43,10.604,0.6696569907432222,1,1.5,1.25,126,144,135,3.410622102117927,0.6100896858156506,0.1788792975442214,,,
torus_plus1,RGA Fall 2018 torus+1,7,6,6,8,4.6,5.5,5.049999999999999,0.38,0.48,0.43,10.604,0.6696569907432222,1,1.5,1.25,144,162,153,2.585228424620913,0.5784736050467332,0.2237611189547238,,,
torus_plus1,RGA Fall 2018 torus+1,7,6,6,9,4.6,5.5,5.049999999999999,0.38,0.48,0.43,10.604,0.6696569907432222,1,1.5,1.25,162,180,171,2.293537399090672,0.7860223191258956,0.3427117950801818,,,
torus_plus1,RGA Fall 2018 torus+1,7,6,6,10,4.6,5.5,5.049999999999999,0.38,0.48,0.43,10.604,0.6696569907432222,1,1.5,1.25,180,198,189,2.121366083596119,0.5370800421365465,0.2531765008829092,,,
torus_plus1,RGA Fall 2018 torus+1,7,6,6,11,4.6,5.5,5.049999999999999,0.38,0.48,0.43,10.604,0.6696569907432222,1,1.5,1.25,198,216,207,3.178562735521753,0.5736595002754734,0.1804776397409405,,,
torus_plus1,RGA Fall 2018 torus+1,7,6,6,12,4.6,5.5,5.049999999999999,0.38,0.48,0.43,10.604,0.6696569907432222,1,1.5,1.25,216,234,225,3.696143088197781,0.7508635064353985,0.2031478458810195,,,
torus_plus1,RGA Fall 2018 torus+1,7,6,6,13,4.6,5.5,5.049999999999999,0.38,0.48,0.43,10.604,0.6696569907432222,1,1.5,1.25,234,252,243,4.443072132596004,0.6917512475047337,0.1556921037652739,,,
torus_plus1,RGA Fall 2018 torus+1,7,6,6,14,4.6,5.5,5.049999999999999,0.38,0.48,0.43,10.604,0.6696569907432222,1,1.5,1.25,252,270,261,4.244352652528991,0.7343675679402443,0.1730222787926617,,,
torus_plus1,RGA Fall 2018 torus+1,7,6,6,15,4.6,5.5,5.049999999999999,0.38,0.48,0.43,10.604,0.6696569907432222,1,1.5,1.25,270,288,279,3.915427556039931,0.6861335386185504,0.1752384710988005,,,
torus_plus1,RGA Fall 2018 torus+1,7,6,6,16,4.6,5.5,5.049999999999999,0.38,0.48,0.43,10.604,0.6696569907432222,1,1.5,1.25,288,306,297,4.187225676025011,1.009180521702947,0.241014122425084,,,
torus_plus1,RGA Fall 2018 torus+1,7,6,6,17,4.6,5.5,5.049999999999999,0.38,0.48,0.43,10.604,0.6696569907432222,1,1.5,1.25,306,324,315,3.034022570667527,1.129864335616816,0.372398131292817,,,
torus_plus1,RGA Fall 2018 torus+1,7,6,6,18,4.6,5.5,5.049999999999999,0.38,0.48,0.43,10.604,0.6696569907432222,1,1.5,1.25,324,342,333,1.234242837086529,1.061834241619002,0.8603122576149578,,,
torus_plus1,RGA Fall 2018 torus+1,7,6,6,19,4.6,5.5,5.049999999999999,0.38,0.48,0.43,10.604,0.6696569907432222,1,1.5,1.25,342,360,351,1.74088449175879,0.7910353164873705,0.4543870200648402,,,
torus_plus1,RGA Fall 2018 torus+1,7,6,7,0,4.6,5.5,5.049999999999999,0.38,0.48,0.43,10.604,0.6696569907432222,1.5,2,1.75,0,18,9,0.453744658716248,0.5893323714444479,1.298819413349812,,,
torus_plus1,RGA Fall 2018 torus+1,7,6,7,2,4.6,5.5,5.049999999999999,0.38,0.48,0.43,10.604,0.6696569907432222,1.5,2,1.75,36,54,45,1.085009519505591,1.027155642762358,0.9466789224396899,,,
torus_plus1,RGA Fall 2018 torus+1,7,6,7,3,4.6,5.5,5.049999999999999,0.38,0.48,0.43,10.604,0.6696569907432222,1.5,2,1.75,54,72,63,1.654246777699944,0.7030472616235892,0.4249953943395933,,,
torus_plus1,RGA Fall 2018 torus+1,7,6,7,4,4.6,5.5,5.049999999999999,0.38,0.48,0.43,10.604,0.6696569907432222,1.5,2,1.75,72,90,81,3.435638376854772,0.6702719910164133,0.1950938712094688,,,
torus_plus1,RGA Fall 2018 torus+1,7,6,7,5,4.6,5.5,5.049999999999999,0.38,0.48,0.43,10.604,0.6696569907432222,1.5,2,1.75,90,108,99,1.987932952549764,0.3943031652167386,0.1983483219144776,,,
torus_plus1,RGA Fall 2018 torus+1,7,6,7,6,4.6,5.5,5.049999999999999,0.38,0.48,0.43,10.604,0.6696569907432222,1.5,2,1.75,108,126,117,2.528028065599917,0.5005192674681145,0.1979880185188285,,,
torus_plus1,RGA Fall 2018 torus+1,7,6,7,7,4.6,5.5,5.049999999999999,0.38,0.48,0.43,10.604,0.6696569907432222,1.5,2,1.75,126,144,135,2.607900175825723,0.5827831254637639,0.2234683408766752,,,
torus_plus1,RGA Fall 2018 torus+1,7,6,7,8,4.6,5.5,5.049999999999999,0.38,0.48,0.43,10.604,0.6696569907432222,1.5,2,1.75,144,162,153,1.860608090082398,0.5097373924541926,0.2739627948364013,,,
torus_plus1,RGA Fall 2018 torus+1,7,6,7,9,4.6,5.5,5.049999999999999,0.38,0.48,0.43,10.604,0.6696569907432222,1.5,2,1.75,162,180,171,0.3178727675719814,0.2748654229164815,0.8647026450739886,,,
torus_plus1,RGA Fall 2018 torus+1,7,6,7,10,4.6,5.5,5.049999999999999,0.38,0.48,0.43,10.604,0.6696569907432222,1.5,2,1.75,180,198,189,1.262679383935641,0.5208074717415412,0.4124621644793456,,,
torus_plus1,RGA Fall 2018 torus+1,7,6,7,11,4.6,5.5,5.049999999999999,0.38,0.48,0.43,10.604,0.6696569907432222,1.5,2,1.75,198,216,207,1.499317642070836,0.3847923365208823,0.2566449735023545,,,
torus_plus1,RGA Fall 2018 torus+1,7,6,7,12,4.6,5.5,5.049999999999999,0.38,0.48,0.43,10.604,0.6696569907432222,1.5,2,1.75,216,234,225,1.661198629832814,0.3816381968589371,0.2297366431715309,,,
torus_plus1,RGA Fall 2018 torus+1,7,6,7,13,4.6,5.5,5.049999999999999,0.38,0.48,0.43,10.604,0.6696569907432222,1.5,2,1.75,234,252,243,1.914080608033633,0.4193957437677988,0.219110805473679,,,
torus_plus1,RGA Fall 2018 torus+1,7,6,7,14,4.6,5.5,5.049999999999999,0.38,0.48,0.43,10.604,0.6696569907432222,1.5,2,1.75,252,270,261,3.080436151406813,0.6504741511573034,0.2111630039337892,,,
torus_plus1,RGA Fall 2018 torus+1,7,6,7,15,4.6,5.5,5.049999999999999,0.38,0.48,0.43,10.604,0.6696569907432222,1.5,2,1.75,270,288,279,3.597278876928051,0.7070247807736547,0.1965443339153702,,,
torus_plus1,RGA Fall 2018 torus+1,7,6,7,16,4.6,5.5,5.049999999999999,0.38,0.48,0.43,10.604,0.6696569907432222,1.5,2,1.75,288,306,297,1.717254805065149,0.5681753547614217,0.3308625796739968,,,
torus_plus1,RGA Fall 2018 torus+1,7,6,7,17,4.6,5.5,5.049999999999999,0.38,0.48,0.43,10.604,0.6696569907432222,1.5,2,1.75,306,324,315,1.905220705751,0.8581078724583751,0.4503981454054826,,,
torus_plus1,RGA Fall 2018 torus+1,7,6,7,18,4.6,5.5,5.049999999999999,0.38,0.48,0.43,10.604,0.6696569907432222,1.5,2,1.75,324,342,333,1.831681768388406,0.8894958141297712,0.4856170048099506,,,
torus_plus1,RGA Fall 2018 torus+1,7,6,7,19,4.6,5.5,5.049999999999999,0.38,0.48,0.43,10.604,0.6696569907432222,1.5,2,1.75,342,360,351,0.7915022268556828,0.5090738600268804,0.6431742612389408,,,
torus_plus1,RGA Fall 2018 torus+1,7,7,5,0,4.6,5.5,5.049999999999999,0.48,0.58,0.53,10.604,0.7881137362824093,0.6,1,0.8,0,18,9,7.91657959391941,1.40254685649675,0.1771657620386994,,,
torus_plus1,RGA Fall 2018 torus+1,7,7,5,1,4.6,5.5,5.049999999999999,0.48,0.58,0.53,10.604,0.7881137362824093,0.6,1,0.8,18,36,27,8.726021047050317,1.292787542826831,0.1481531543249985,,,
torus_plus1,RGA Fall 2018 torus+1,7,7,5,2,4.6,5.5,5.049999999999999,0.48,0.58,0.53,10.604,0.7881137362824093,0.6,1,0.8,36,54,45,11.10358225627721,1.360295044454075,0.1225095661073756,,,
torus_plus1,RGA Fall 2018 torus+1,7,7,5,3,4.6,5.5,5.049999999999999,0.48,0.58,0.53,10.604,0.7881137362824093,0.6,1,0.8,54,72,63,13.23883367664312,1.570240441169339,0.1186086689750977,,,
torus_plus1,RGA Fall 2018 torus+1,7,7,5,4,4.6,5.5,5.049999999999999,0.48,0.58,0.53,10.604,0.7881137362824093,0.6,1,0.8,72,90,81,13.21511046519342,1.677541968068166,0.1269411990528989,,,
torus_plus1,RGA Fall 2018 torus+1,7,7,5,5,4.6,5.5,5.049999999999999,0.48,0.58,0.53,10.604,0.7881137362824093,0.6,1,0.8,90,108,99,14.65591584893249,1.692846264062526,0.1155060032762013,,,
torus_plus1,RGA Fall 2018 torus+1,7,7,5,6,4.6,5.5,5.049999999999999,0.48,0.58,0.53,10.604,0.7881137362824093,0.6,1,0.8,108,126,117,13.91389871420438,2.123775435111332,0.1526369767909277,,,
torus_plus1,RGA Fall 2018 torus+1,7,7,5,12,4.6,5.5,5.049999999999999,0.48,0.58,0.53,10.604,0.7881137362824093,0.6,1,0.8,216,234,225,12.15927830610549,7.108177834013579,0.5845887934355757,,,
torus_plus1,RGA Fall 2018 torus+1,7,7,5,13,4.6,5.5,5.049999999999999,0.48,0.58,0.53,10.604,0.7881137362824093,0.6,1,0.8,234,252,243,12.77794219279158,2.128036204186802,0.1665398208944231,,,
torus_plus1,RGA Fall 2018 torus+1,7,7,5,14,4.6,5.5,5.049999999999999,0.48,0.58,0.53,10.604,0.7881137362824093,0.6,1,0.8,252,270,261,10.27652859080851,1.741235894051654,0.1694381403861459,,,
torus_plus1,RGA Fall 2018 torus+1,7,7,5,15,4.6,5.5,5.049999999999999,0.48,0.58,0.53,10.604,0.7881137362824093,0.6,1,0.8,270,288,279,14.14152647526993,1.762009225937163,0.1245982340745524,,,
torus_plus1,RGA Fall 2018 torus+1,7,7,5,16,4.6,5.5,5.049999999999999,0.48,0.58,0.53,10.604,0.7881137362824093,0.6,1,0.8,288,306,297,19.37268316990647,2.277336441643759,0.1175540022861353,,,
torus_plus1,RGA Fall 2018 torus+1,7,7,5,17,4.6,5.5,5.049999999999999,0.48,0.58,0.53,10.604,0.7881137362824093,0.6,1,0.8,306,324,315,12.35090996466293,2.037113468580438,0.1649363062647857,,,
torus_plus1,RGA Fall 2018 torus+1,7,7,5,18,4.6,5.5,5.049999999999999,0.48,0.58,0.53,10.604,0.7881137362824093,0.6,1,0.8,324,342,333,12.81134017387179,2.044575007505981,0.159591032613107,,,
torus_plus1,RGA Fall 2018 torus+1,7,7,5,19,4.6,5.5,5.049999999999999,0.48,0.58,0.53,10.604,0.7881137362824093,0.6,1,0.8,342,360,351,7.581394429955226,1.285014718542627,0.1694958269768081,,,
torus_plus1,RGA Fall 2018 torus+1,7,7,6,0,4.6,5.5,5.049999999999999,0.48,0.58,0.53,10.604,0.7881137362824093,1,1.5,1.25,0,18,9,5.47633805215064,1.19742965691402,0.2186551753217227,,,
torus_plus1,RGA Fall 2018 torus+1,7,7,6,1,4.6,5.5,5.049999999999999,0.48,0.58,0.53,10.604,0.7881137362824093,1,1.5,1.25,18,36,27,5.456178840158629,1.336068654185306,0.2448725918497316,,,
torus_plus1,RGA Fall 2018 torus+1,7,7,6,2,4.6,5.5,5.049999999999999,0.48,0.58,0.53,10.604,0.7881137362824093,1,1.5,1.25,36,54,45,5.870194452245674,1.194290149269446,0.2034498446320741,,,
torus_plus1,RGA Fall 2018 torus+1,7,7,6,3,4.6,5.5,5.049999999999999,0.48,0.58,0.53,10.604,0.7881137362824093,1,1.5,1.25,54,72,63,9.681146742624767,1.412761761762264,0.1459291754707185,,,
torus_plus1,RGA Fall 2018 torus+1,7,7,6,4,4.6,5.5,5.049999999999999,0.48,0.58,0.53,10.604,0.7881137362824093,1,1.5,1.25,72,90,81,8.250050070878155,1.259603590586177,0.1526782964666421,,,
torus_plus1,RGA Fall 2018 torus+1,7,7,6,5,4.6,5.5,5.049999999999999,0.48,0.58,0.53,10.604,0.7881137362824093,1,1.5,1.25,90,108,99,11.68777886041199,1.409244764837903,0.1205742153123034,,,
torus_plus1,RGA Fall 2018 torus+1,7,7,6,6,4.6,5.5,5.049999999999999,0.48,0.58,0.53,10.604,0.7881137362824093,1,1.5,1.25,108,126,117,9.939018131876558,1.164899970831161,0.1172047334429421,,,
torus_plus1,RGA Fall 2018 torus+1,7,7,6,7,4.6,5.5,5.049999999999999,0.48,0.58,0.53,10.604,0.7881137362824093,1,1.5,1.25,126,144,135,8.266135712367074,1.529011889665286,0.1849729961943053,,,
torus_plus1,RGA Fall 2018 torus+1,7,7,6,12,4.6,5.5,5.049999999999999,0.48,0.58,0.53,10.604,0.7881137362824093,1,1.5,1.25,216,234,225,7.678018919272468,1.730982490716407,0.2254464997958648,,,
torus_plus1,RGA Fall 2018 torus+1,7,7,6,13,4.6,5.5,5.049999999999999,0.48,0.58,0.53,10.604,0.7881137362824093,1,1.5,1.25,234,252,243,9.012343826421752,1.079129830413354,0.1197390879883696,,,
torus_plus1,RGA Fall 2018 torus+1,7,7,6,14,4.6,5.5,5.049999999999999,0.48,0.58,0.53,10.604,0.7881137362824093,1,1.5,1.25,252,270,261,10.49546644144574,1.199348862896909,0.1142730406112089,,,
torus_plus1,RGA Fall 2018 torus+1,7,7,6,15,4.6,5.5,5.049999999999999,0.48,0.58,0.53,10.604,0.7881137362824093,1,1.5,1.25,270,288,279,10.29622055728091,1.30301485992622,0.1265527338577456,,,
torus_plus1,RGA Fall 2018 torus+1,7,7,6,16,4.6,5.5,5.049999999999999,0.48,0.58,0.53,10.604,0.7881137362824093,1,1.5,1.25,288,306,297,7.00861027045474,1.26214604470462,0.180085066225651,,,
torus_plus1,RGA Fall 2018 torus+1,7,7,6,17,4.6,5.5,5.049999999999999,0.48,0.58,0.53,10.604,0.7881137362824093,1,1.5,1.25,306,324,315,8.424123873473727,1.915996275380672,0.2274416074784762,,,
torus_plus1,RGA Fall 2018 torus+1,7,7,6,18,4.6,5.5,5.049999999999999,0.48,0.58,0.53,10.604,0.7881137362824093,1,1.5,1.25,324,342,333,6.460155553588844,1.855606276250902,0.2872386370356125,,,
torus_plus1,RGA Fall 2018 torus+1,7,7,6,19,4.6,5.5,5.049999999999999,0.48,0.58,0.53,10.604,0.7881137362824093,1,1.5,1.25,342,360,351,5.844167947466921,1.464441964899313,0.2505817728140506,,,
torus_plus1,RGA Fall 2018 torus+1,7,7,7,0,4.6,5.5,5.049999999999999,0.48,0.58,0.53,10.604,0.7881137362824093,1.5,2,1.75,0,18,9,3.479161452355608,1.424795371183178,0.409522636616505,,,
torus_plus1,RGA Fall 2018 torus+1,7,7,7,1,4.6,5.5,5.049999999999999,0.48,0.58,0.53,10.604,0.7881137362824093,1.5,2,1.75,18,36,27,4.981875395148532,1.926276848649103,0.3866569706911892,,,
torus_plus1,RGA Fall 2018 torus+1,7,7,7,2,4.6,5.5,5.049999999999999,0.48,0.58,0.53,10.604,0.7881137362824093,1.5,2,1.75,36,54,45,2.518098620230545,1.008951518107803,0.400679905863031,,,
torus_plus1,RGA Fall 2018 torus+1,7,7,7,3,4.6,5.5,5.049999999999999,0.48,0.58,0.53,10.604,0.7881137362824093,1.5,2,1.75,54,72,63,5.018842474043374,0.967244749434532,0.1927226754848279,,,
torus_plus1,RGA Fall 2018 torus+1,7,7,7,4,4.6,5.5,5.049999999999999,0.48,0.58,0.53,10.604,0.7881137362824093,1.5,2,1.75,72,90,81,5.489064945442251,0.9696144053386487,0.1766447318397555,,,
torus_plus1,RGA Fall 2018 torus+1,7,7,7,5,4.6,5.5,5.049999999999999,0.48,0.58,0.53,10.604,0.7881137362824093,1.5,2,1.75,90,108,99,5.549460967662172,1.000814871853759,0.1803445195282405,,,
torus_plus1,RGA Fall 2018 torus+1,7,7,7,6,4.6,5.5,5.049999999999999,0.48,0.58,0.53,10.604,0.7881137362824093,1.5,2,1.75,108,126,117,6.594407126320895,0.8528901877392941,0.1293353854867515,,,
torus_plus1,RGA Fall 2018 torus+1,7,7,7,7,4.6,5.5,5.049999999999999,0.48,0.58,0.53,10.604,0.7881137362824093,1.5,2,1.75,126,144,135,4.030114817184729,0.8009742077250386,0.1987472427112054,,,
torus_plus1,RGA Fall 2018 torus+1,7,7,7,11,4.6,5.5,5.049999999999999,0.48,0.58,0.53,10.604,0.7881137362824093,1.5,2,1.75,198,216,207,9.983740074028178,5.527311224385885,0.5536313228711451,,,
torus_plus1,RGA Fall 2018 torus+1,7,7,7,12,4.6,5.5,5.049999999999999,0.48,0.58,0.53,10.604,0.7881137362824093,1.5,2,1.75,216,234,225,5.331179289511407,1.110737565492629,0.2083474415647397,,,
torus_plus1,RGA Fall 2018 torus+1,7,7,7,13,4.6,5.5,5.049999999999999,0.48,0.58,0.53,10.604,0.7881137362824093,1.5,2,1.75,234,252,243,6.431804409224532,0.9950653354537223,0.1547101360897408,,,
torus_plus1,RGA Fall 2018 torus+1,7,7,7,14,4.6,5.5,5.049999999999999,0.48,0.58,0.53,10.604,0.7881137362824093,1.5,2,1.75,252,270,261,6.714388426054924,1.04668365718577,0.1558866706495791,,,
torus_plus1,RGA Fall 2018 torus+1,7,7,7,15,4.6,5.5,5.049999999999999,0.48,0.58,0.53,10.604,0.7881137362824093,1.5,2,1.75,270,288,279,7.068829787740123,0.9797116913294114,0.1385960223612374,,,
torus_plus1,RGA Fall 2018 torus+1,7,7,7,16,4.6,5.5,5.049999999999999,0.48,0.58,0.53,10.604,0.7881137362824093,1.5,2,1.75,288,306,297,3.44858520883326,0.8279421580434491,0.2400816879695317,,,
torus_plus1,RGA Fall 2018 torus+1,7,7,7,17,4.6,5.5,5.049999999999999,0.48,0.58,0.53,10.604,0.7881137362824093,1.5,2,1.75,306,324,315,3.870935426316403,1.032532529923968,0.2667397970279575,,,
torus_plus1,RGA Fall 2018 torus+1,7,7,7,18,4.6,5.5,5.049999999999999,0.48,0.58,0.53,10.604,0.7881137362824093,1.5,2,1.75,324,342,333,4.271005562670426,1.908552601011072,0.446862588448084,,,
torus_plus1,RGA Fall 2018 torus+1,7,7,7,19,4.6,5.5,5.049999999999999,0.48,0.58,0.53,10.604,0.7881137362824093,1.5,2,1.75,342,360,351,3.549039682618031,1.963580651766261,0.5532709767611785,,,
torus_plus1,RGA Fall 2018 torus+1,7,8,6,0,4.6,5.5,5.132659574468086,0.58,0.7,0.6007234042553191,10.604,0.8294233522827024,1,1.5,1.25,0,18,9,9.537710968209909,3.001775788690527,0.3147270659276349,,,
torus_plus1,RGA Fall 2018 torus+1,7,8,6,1,4.6,5.5,5.132659574468086,0.58,0.7,0.6007234042553191,10.604,0.8294233522827024,1,1.5,1.25,18,36,27,2.244322607222101,1.063840643212902,0.4740141367330721,,,
torus_plus1,RGA Fall 2018 torus+1,7,8,6,2,4.6,5.5,5.132659574468086,0.58,0.7,0.6007234042553191,10.604,0.8294233522827024,1,1.5,1.25,36,54,45,17.84928500619124,3.132715797865817,0.1755093157389328,,,
torus_plus1,RGA Fall 2018 torus+1,7,8,6,3,4.6,5.5,5.132659574468086,0.58,0.7,0.6007234042553191,10.604,0.8294233522827024,1,1.5,1.25,54,72,63,16.49003296845379,3.178274165672078,0.1927391031753706,,,
torus_plus1,RGA Fall 2018 torus+1,7,8,6,4,4.6,5.5,5.132659574468086,0.58,0.7,0.6007234042553191,10.604,0.8294233522827024,1,1.5,1.25,72,90,81,16.71507306627697,3.414604784259939,0.2042829708683105,,,
torus_plus1,RGA Fall 2018 torus+1,7,8,6,5,4.6,5.5,5.132659574468086,0.58,0.7,0.6007234042553191,10.604,0.8294233522827024,1,1.5,1.25,90,108,99,20.17406939756606,3.661717915170829,0.1815061623418726,,,
torus_plus1,RGA Fall 2018 torus+1,7,8,6,6,4.6,5.5,5.132659574468086,0.58,0.7,0.6007234042553191,10.604,0.8294233522827024,1,1.5,1.25,108,126,117,17.71949151489225,4.222546648115336,0.2382995383680462,,,
torus_plus1,RGA Fall 2018 torus+1,7,8,6,7,4.6,5.5,5.132659574468086,0.58,0.7,0.6007234042553191,10.604,0.8294233522827024,1,1.5,1.25,126,144,135,9.72652710531664,8.171565486449426,0.8401318783127378,,,
torus_plus1,RGA Fall 2018 torus+1,7,8,6,12,4.6,5.5,5.132659574468086,0.58,0.7,0.6007234042553191,10.604,0.8294233522827024,1,1.5,1.25,216,234,225,8.425639290492303,6.907968753262787,0.8198747317675832,,,
torus_plus1,RGA Fall 2018 torus+1,7,8,6,13,4.6,5.5,5.132659574468086,0.58,0.7,0.6007234042553191,10.604,0.8294233522827024,1,1.5,1.25,234,252,243,14.92468987203221,3.933472011572257,0.2635546899331757,,,
torus_plus1,RGA Fall 2018 torus+1,7,8,6,14,4.6,5.5,5.132659574468086,0.58,0.7,0.6007234042553191,10.604,0.8294233522827024,1,1.5,1.25,252,270,261,17.38235983826353,3.957123616720166,0.2276516913433934,,,
torus_plus1,RGA Fall 2018 torus+1,7,8,6,15,4.6,5.5,5.132659574468086,0.58,0.7,0.6007234042553191,10.604,0.8294233522827024,1,1.5,1.25,270,288,279,12.59289761299156,3.366923018622581,0.2673668223228521,,,
torus_plus1,RGA Fall 2018 torus+1,7,8,6,16,4.6,5.5,5.132659574468086,0.58,0.7,0.6007234042553191,10.604,0.8294233522827024,1,1.5,1.25,288,306,297,21.83600535348183,4.747801609924672,0.2174299526432209,,,
torus_plus1,RGA Fall 2018 torus+1,7,8,6,17,4.6,5.5,5.132659574468086,0.58,0.7,0.6007234042553191,10.604,0.8294233522827024,1,1.5,1.25,306,324,315,14.97576118203806,3.986655027054371,0.2662071716151542,,,
torus_plus1,RGA Fall 2018 torus+1,7,8,6,18,4.6,5.5,5.132659574468086,0.58,0.7,0.6007234042553191,10.604,0.8294233522827024,1,1.5,1.25,324,342,333,8.690111955341784,3.336412997613265,0.3839321075216278,,,
torus_plus1,RGA Fall 2018 torus+1,7,8,6,19,4.6,5.5,5.132659574468086,0.58,0.7,0.6007234042553191,10.604,0.8294233522827024,1,1.5,1.25,342,360,351,5.972339299333835,2.239783521527217,0.3750261680171195,,,
torus_plus1,RGA Fall 2018 torus+1,7,8,7,0,4.6,5.5,5.132659574468086,0.58,0.7,0.6007234042553191,10.604,0.8294233522827024,1.5,2,1.75,0,18,9,2.722015054216467,1.747962162713848,0.6421574193743755,,,
torus_plus1,RGA Fall 2018 torus+1,7,8,7,1,4.6,5.5,5.132659574468086,0.58,0.7,0.6007234042553191,10.604,0.8294233522827024,1.5,2,1.75,18,36,27,5.527839305456031,3.031542867890658,0.5484137111038114,,,
torus_plus1,RGA Fall 2018 torus+1,7,8,7,2,4.6,5.5,5.132659574468086,0.58,0.7,0.6007234042553191,10.604,0.8294233522827024,1.5,2,1.75,36,54,45,5.475274184065148,2.377042862636457,0.434141338447385,,,
torus_plus1,RGA Fall 2018 torus+1,7,8,7,3,4.6,5.5,5.132659574468086,0.58,0.7,0.6007234042553191,10.604,0.8294233522827024,1.5,2,1.75,54,72,63,6.727861147248756,2.194195452435857,0.3261356624955222,,,
torus_plus1,RGA Fall 2018 torus+1,7,8,7,4,4.6,5.5,5.132659574468086,0.58,0.7,0.6007234042553191,10.604,0.8294233522827024,1.5,2,1.75,72,90,81,7.642290317799707,2.408885648196481,0.3152046766119222,,,
torus_plus1,RGA Fall 2018 torus+1,7,8,7,5,4.6,5.5,5.132659574468086,0.58,0.7,0.6007234042553191,10.604,0.8294233522827024,1.5,2,1.75,90,108,99,7.01805007609576,2.691096583184029,0.3834536023546193,,,
torus_plus1,RGA Fall 2018 torus+1,7,8,7,6,4.6,5.5,5.132659574468086,0.58,0.7,0.6007234042553191,10.604,0.8294233522827024,1.5,2,1.75,108,126,117,10.47259517887197,2.957917992655493,0.2824436486023036,,,
torus_plus1,RGA Fall 2018 torus+1,7,8,7,7,4.6,5.5,5.132659574468086,0.58,0.7,0.6007234042553191,10.604,0.8294233522827024,1.5,2,1.75,126,144,135,8.952715327889434,3.90100504760453,0.4357342889538939,,,
torus_plus1,RGA Fall 2018 torus+1,7,8,7,12,4.6,5.5,5.132659574468086,0.58,0.7,0.6007234042553191,10.604,0.8294233522827024,1.5,2,1.75,216,234,225,7.53316814585927,3.69927735822252,0.4910652844322729,,,
torus_plus1,RGA Fall 2018 torus+1,7,8,7,13,4.6,5.5,5.132659574468086,0.58,0.7,0.6007234042553191,10.604,0.8294233522827024,1.5,2,1.75,234,252,243,5.157562596945533,1.76633200626796,0.342474177107232,,,
torus_plus1,RGA Fall 2018 torus+1,7,8,7,14,4.6,5.5,5.132659574468086,0.58,0.7,0.6007234042553191,10.604,0.8294233522827024,1.5,2,1.75,252,270,261,11.86609308860917,3.02667029790588,0.2550688145882933,,,
torus_plus1,RGA Fall 2018 torus+1,7,8,7,15,4.6,5.5,5.132659574468086,0.58,0.7,0.6007234042553191,10.604,0.8294233522827024,1.5,2,1.75,270,288,279,8.315638206978475,2.337684993280114,0.2811191318206138,,,
torus_plus1,RGA Fall 2018 torus+1,7,8,7,16,4.6,5.5,5.132659574468086,0.58,0.7,0.6007234042553191,10.604,0.8294233522827024,1.5,2,1.75,288,306,297,10.78495130285104,2.878868659598101,0.2669338579986968,,,
torus_plus1,RGA Fall 2018 torus+1,7,8,7,17,4.6,5.5,5.132659574468086,0.58,0.7,0.6007234042553191,10.604,0.8294233522827024,1.5,2,1.75,306,324,315,4.925851711070183,2.532557432477999,0.5141359466397293,,,
torus_plus1,RGA Fall 2018 torus+1,7,8,7,18,4.6,5.5,5.132659574468086,0.58,0.7,0.6007234042553191,10.604,0.8294233522827024,1.5,2,1.75,324,342,333,2.833014692275308,3.380441021271987,1.19323102364747,,,
torus_plus1,RGA Fall 2018 torus+1,7,8,7,19,4.6,5.5,5.132659574468086,0.58,0.7,0.6007234042553191,10.604,0.8294233522827024,1.5,2,1.75,342,360,351,2.392121571428382,1.714825382672797,0.716863809580063,,,
torus_plus1,RGA Fall 2018 torus+1,8,5,4,4,5.5,7,5.711702127659574,0.3,0.38,0.3668085106382978,10.604,0.3817998794642796,0.4,0.6,0.5,72,90,81,11.13843339521944,11.09481086825554,0.9960836030152486,,,
torus_plus1,RGA Fall 2018 torus+1,8,5,4,5,5.5,7,5.711702127659574,0.3,0.38,0.3668085106382978,10.604,0.3817998794642796,0.4,0.6,0.5,90,108,99,14.36044936766788,14.98922808308794,1.043785448443956,,,
torus_plus1,RGA Fall 2018 torus+1,8,5,4,6,5.5,7,5.711702127659574,0.3,0.38,0.3668085106382978,10.604,0.3817998794642796,0.4,0.6,0.5,108,126,117,13.42833359380919,11.71361023397036,0.8723055732969458,,,
torus_plus1,RGA Fall 2018 torus+1,8,5,4,7,5.5,7,5.711702127659574,0.3,0.38,0.3668085106382978,10.604,0.3817998794642796,0.4,0.6,0.5,126,144,135,7.444753968068616,9.006706677689747,1.209805819818965,,,
torus_plus1,RGA Fall 2018 torus+1,8,5,4,9,5.5,7,5.711702127659574,0.3,0.38,0.3668085106382978,10.604,0.3817998794642796,0.4,0.6,0.5,162,180,171,5.635584831107638,9.899561421929342,1.75661652137417,,,
torus_plus1,RGA Fall 2018 torus+1,8,5,4,10,5.5,7,5.711702127659574,0.3,0.38,0.3668085106382978,10.604,0.3817998794642796,0.4,0.6,0.5,180,198,189,4.518560471292658,6.955980089242987,1.539423923489739,,,
torus_plus1,RGA Fall 2018 torus+1,8,5,4,13,5.5,7,5.711702127659574,0.3,0.38,0.3668085106382978,10.604,0.3817998794642796,0.4,0.6,0.5,234,252,243,7.725224498477959,12.05376935563713,1.560313147923661,,,
torus_plus1,RGA Fall 2018 torus+1,8,5,4,19,5.5,7,5.711702127659574,0.3,0.38,0.3668085106382978,10.604,0.3817998794642796,0.4,0.6,0.5,342,360,351,6.242240062836782,6.848893475792257,1.097185210252837,,,
torus_plus1,RGA Fall 2018 torus+1,8,5,5,0,5.5,7,5.711702127659574,0.3,0.38,0.3668085106382978,10.604,0.3817998794642796,0.6,1,0.8,0,18,9,0.8949014092656993,1.370205782177868,1.531124845699119,,,
torus_plus1,RGA Fall 2018 torus+1,8,5,5,1,5.5,7,5.711702127659574,0.3,0.38,0.3668085106382978,10.604,0.3817998794642796,0.6,1,0.8,18,36,27,3.830224127885774,3.56742637484459,0.9313884137672527,,,
torus_plus1,RGA Fall 2018 torus+1,8,5,5,3,5.5,7,5.711702127659574,0.3,0.38,0.3668085106382978,10.604,0.3817998794642796,0.6,1,0.8,54,72,63,4.772080426157332,6.018841063554123,1.261261447012269,,,
torus_plus1,RGA Fall 2018 torus+1,8,5,5,4,5.5,7,5.711702127659574,0.3,0.38,0.3668085106382978,10.604,0.3817998794642796,0.6,1,0.8,72,90,81,2.195569609623971,3.795612100599697,1.728759627552761,,,
torus_plus1,RGA Fall 2018 torus+1,8,5,5,6,5.5,7,5.711702127659574,0.3,0.38,0.3668085106382978,10.604,0.3817998794642796,0.6,1,0.8,108,126,117,5.257092370065258,4.272218430616276,0.8126580493321717,,,
torus_plus1,RGA Fall 2018 torus+1,8,5,5,8,5.5,7,5.711702127659574,0.3,0.38,0.3668085106382978,10.604,0.3817998794642796,0.6,1,0.8,144,162,153,2.397786295073157,3.869969843107204,1.6139761291734,,,
torus_plus1,RGA Fall 2018 torus+1,8,5,5,9,5.5,7,5.711702127659574,0.3,0.38,0.3668085106382978,10.604,0.3817998794642796,0.6,1,0.8,162,180,171,1.543683915489319,2.626023007310267,1.701140357142263,,,
torus_plus1,RGA Fall 2018 torus+1,8,5,5,10,5.5,7,5.711702127659574,0.3,0.38,0.3668085106382978,10.604,0.3817998794642796,0.6,1,0.8,180,198,189,8.487039203150207,8.995593012861139,1.059921227831983,,,
torus_plus1,RGA Fall 2018 torus+1,8,5,5,11,5.5,7,5.711702127659574,0.3,0.38,0.3668085106382978,10.604,0.3817998794642796,0.6,1,0.8,198,216,207,0.5588908612198324,0.8421266012227344,1.50678184177983,,,
torus_plus1,RGA Fall 2018 torus+1,8,5,5,12,5.5,7,5.711702127659574,0.3,0.38,0.3668085106382978,10.604,0.3817998794642796,0.6,1,0.8,216,234,225,5.601267962639083,5.45991383551454,0.9747639055893439,,,
torus_plus1,RGA Fall 2018 torus+1,8,5,5,13,5.5,7,5.711702127659574,0.3,0.38,0.3668085106382978,10.604,0.3817998794642796,0.6,1,0.8,234,252,243,1.934375093555754,3.023325066074582,1.562946646773211,,,
torus_plus1,RGA Fall 2018 torus+1,8,5,5,14,5.5,7,5.711702127659574,0.3,0.38,0.3668085106382978,10.604,0.3817998794642796,0.6,1,0.8,252,270,261,8.974137308396127,8.759354255358705,0.9760664400759198,,,
torus_plus1,RGA Fall 2018 torus+1,8,5,5,15,5.5,7,5.711702127659574,0.3,0.38,0.3668085106382978,10.604,0.3817998794642796,0.6,1,0.8,270,288,279,8.287426362561391,8.199249045891063,0.9893601085774143,,,
torus_plus1,RGA Fall 2018 torus+1,8,5,5,18,5.5,7,5.711702127659574,0.3,0.38,0.3668085106382978,10.604,0.3817998794642796,0.6,1,0.8,324,342,333,4.108757660999098,4.118449483823162,1.002358820749167,,,
torus_plus1,RGA Fall 2018 torus+1,8,5,5,19,5.5,7,5.711702127659574,0.3,0.38,0.3668085106382978,10.604,0.3817998794642796,0.6,1,0.8,342,360,351,1.810291825186444,3.046711068544246,1.682994435568675,,,
torus_plus1,RGA Fall 2018 torus+1,8,5,6,0,5.5,7,5.711702127659574,0.3,0.38,0.3668085106382978,10.604,0.3817998794642796,1,1.5,1.25,0,18,9,7.309862245583155,5.285382085196599,0.7230481105700987,,,
torus_plus1,RGA Fall 2018 torus+1,8,5,6,5,5.5,7,5.711702127659574,0.3,0.38,0.3668085106382978,10.604,0.3817998794642796,1,1.5,1.25,90,108,99,0.8607639957558983,1.661662932913125,1.930451251569717,,,
torus_plus1,RGA Fall 2018 torus+1,8,5,6,7,5.5,7,5.711702127659574,0.3,0.38,0.3668085106382978,10.604,0.3817998794642796,1,1.5,1.25,126,144,135,6.666756944655108,6.024378140109789,0.9036444841355242,,,
torus_plus1,RGA Fall 2018 torus+1,8,5,6,8,5.5,7,5.711702127659574,0.3,0.38,0.3668085106382978,10.604,0.3817998794642796,1,1.5,1.25,144,162,153,6.100722157337268,5.564380632685827,0.9120855677706304,,,
torus_plus1,RGA Fall 2018 torus+1,8,5,6,9,5.5,7,5.711702127659574,0.3,0.38,0.3668085106382978,10.604,0.3817998794642796,1,1.5,1.25,162,180,171,6.07946279321115,7.74034485606373,1.273195530484579,,,
torus_plus1,RGA Fall 2018 torus+1,8,5,6,10,5.5,7,5.711702127659574,0.3,0.38,0.3668085106382978,10.604,0.3817998794642796,1,1.5,1.25,180,198,189,4.05366986490202,4.37795540887018,1.079998015323332,,,
torus_plus1,RGA Fall 2018 torus+1,8,5,6,11,5.5,7,5.711702127659574,0.3,0.38,0.3668085106382978,10.604,0.3817998794642796,1,1.5,1.25,198,216,207,0.9988505873748255,1.541155988018049,1.542929450608332,,,
torus_plus1,RGA Fall 2018 torus+1,8,5,6,12,5.5,7,5.711702127659574,0.3,0.38,0.3668085106382978,10.604,0.3817998794642796,1,1.5,1.25,216,234,225,8.88102613226304,7.345009343981477,0.8270451223309081,,,
torus_plus1,RGA Fall 2018 torus+1,8,5,6,13,5.5,7,5.711702127659574,0.3,0.38,0.3668085106382978,10.604,0.3817998794642796,1,1.5,1.25,234,252,243,2.021034793796687,2.056255515921753,1.017427073612573,,,
torus_plus1,RGA Fall 2018 torus+1,8,5,6,14,5.5,7,5.711702127659574,0.3,0.38,0.3668085106382978,10.604,0.3817998794642796,1,1.5,1.25,252,270,261,0.9126758126167022,1.206049006955922,1.321442937660525,,,
torus_plus1,RGA Fall 2018 torus+1,8,5,6,15,5.5,7,5.711702127659574,0.3,0.38,0.3668085106382978,10.604,0.3817998794642796,1,1.5,1.25,270,288,279,6.544230384424726,5.343092281922762,0.8164584631126872,,,
torus_plus1,RGA Fall 2018 torus+1,8,5,7,5,5.5,7,5.711702127659574,0.3,0.38,0.3668085106382978,10.604,0.3817998794642796,1.5,2,1.75,90,108,99,0.9414090100637351,1.752180520220085,1.861231942215487,,,
torus_plus1,RGA Fall 2018 torus+1,8,5,7,6,5.5,7,5.711702127659574,0.3,0.38,0.3668085106382978,10.604,0.3817998794642796,1.5,2,1.75,108,126,117,1.085501475211317,1.818966350831221,1.675692196067369,,,
torus_plus1,RGA Fall 2018 torus+1,8,5,7,11,5.5,7,5.711702127659574,0.3,0.38,0.3668085106382978,10.604,0.3817998794642796,1.5,2,1.75,198,216,207,0.7269083277232909,1.174468220944896,1.615703350962263,,,
torus_plus1,RGA Fall 2018 torus+1,8,5,7,12,5.5,7,5.711702127659574,0.3,0.38,0.3668085106382978,10.604,0.3817998794642796,1.5,2,1.75,216,234,225,0.9593115784581046,1.78414241157707,1.859815363059321,,,
torus_plus1,RGA Fall 2018 torus+1,8,5,7,14,5.5,7,5.711702127659574,0.3,0.38,0.3668085106382978,10.604,0.3817998794642796,1.5,2,1.75,252,270,261,0.6348235203434424,1.147477416734268,1.807553406517574,,,
torus_plus1,RGA Fall 2018 torus+1,8,5,7,15,5.5,7,5.711702127659574,0.3,0.38,0.3668085106382978,10.604,0.3817998794642796,1.5,2,1.75,270,288,279,1.956751987963204,1.848282408080346,0.9445665160684135,,,
torus_plus1,RGA Fall 2018 torus+1,8,6,4,0,5.5,7,6.165,0.38,0.48,0.4358947368421052,10.604,0.4959768892044153,0.4,0.6,0.5,0,18,9,5.288295813132322,2.242098938737893,0.4239738127300163,,,
torus_plus1,RGA Fall 2018 torus+1,8,6,4,1,5.5,7,6.165,0.38,0.48,0.4358947368421052,10.604,0.4959768892044153,0.4,0.6,0.5,18,36,27,4.278384874311691,1.6414471874771,0.3836604783577768,,,
torus_plus1,RGA Fall 2018 torus+1,8,6,4,2,5.5,7,6.165,0.38,0.48,0.4358947368421052,10.604,0.4959768892044153,0.4,0.6,0.5,36,54,45,4.793273401423532,2.024832590430022,0.4224321086772719,,,
torus_plus1,RGA Fall 2018 torus+1,8,6,4,3,5.5,7,6.165,0.38,0.48,0.4358947368421052,10.604,0.4959768892044153,0.4,0.6,0.5,54,72,63,6.882390659551736,2.053675413652989,0.2983956469839144,,,
torus_plus1,RGA Fall 2018 torus+1,8,6,4,4,5.5,7,6.165,0.38,0.48,0.4358947368421052,10.604,0.4959768892044153,0.4,0.6,0.5,72,90,81,3.678186249962863,1.398734577220441,0.3802783443156428,,,
torus_plus1,RGA Fall 2018 torus+1,8,6,4,5,5.5,7,6.165,0.38,0.48,0.4358947368421052,10.604,0.4959768892044153,0.4,0.6,0.5,90,108,99,4.834869090554473,1.923295455399591,0.3977968005704625,,,
torus_plus1,RGA Fall 2018 torus+1,8,6,4,6,5.5,7,6.165,0.38,0.48,0.4358947368421052,10.604,0.4959768892044153,0.4,0.6,0.5,108,126,117,11.62491813013413,5.772399214716029,0.4965539670987278,,,
torus_plus1,RGA Fall 2018 torus+1,8,6,4,13,5.5,7,6.165,0.38,0.48,0.4358947368421052,10.604,0.4959768892044153,0.4,0.6,0.5,234,252,243,15.95675322288306,5.706217443296998,0.3576051696477888,,,
torus_plus1,RGA Fall 2018 torus+1,8,6,4,14,5.5,7,6.165,0.38,0.48,0.4358947368421052,10.604,0.4959768892044153,0.4,0.6,0.5,252,270,261,4.253891542058789,2.020821390409659,0.4750524009438252,,,
torus_plus1,RGA Fall 2018 torus+1,8,6,4,15,5.5,7,6.165,0.38,0.48,0.4358947368421052,10.604,0.4959768892044153,0.4,0.6,0.5,270,288,279,3.586464305078988,2.060443724282672,0.5745055712292368,,,
torus_plus1,RGA Fall 2018 torus+1,8,6,4,16,5.5,7,6.165,0.38,0.48,0.4358947368421052,10.604,0.4959768892044153,0.4,0.6,0.5,288,306,297,5.383426811458797,2.849643372873994,0.5293363265956244,,,
torus_plus1,RGA Fall 2018 torus+1,8,6,4,17,5.5,7,6.165,0.38,0.48,0.4358947368421052,10.604,0.4959768892044153,0.4,0.6,0.5,306,324,315,3.385681972789142,2.172906320199469,0.6417928020597334,,,
torus_plus1,RGA Fall 2018 torus+1,8,6,4,18,5.5,7,6.165,0.38,0.48,0.4358947368421052,10.604,0.4959768892044153,0.4,0.6,0.5,324,342,333,0.7799437514773327,1.154656548966131,1.480435668314586,,,
torus_plus1,RGA Fall 2018 torus+1,8,6,4,19,5.5,7,6.165,0.38,0.48,0.4358947368421052,10.604,0.4959768892044153,0.4,0.6,0.5,342,360,351,5.849131848360974,2.990001769625623,0.5111872748198474,,,
torus_plus1,RGA Fall 2018 torus+1,8,6,5,0,5.5,7,6.165,0.38,0.48,0.4358947368421052,10.604,0.4959768892044153,0.6,1,0.8,0,18,9,3.141156514244731,1.428257227000592,0.4546915190388104,,,
torus_plus1,RGA Fall 2018 torus+1,8,6,5,1,5.5,7,6.165,0.38,0.48,0.4358947368421052,10.604,0.4959768892044153,0.6,1,0.8,18,36,27,1.752351395765658,0.9378291532870395,0.5351832717759627,,,
torus_plus1,RGA Fall 2018 torus+1,8,6,5,2,5.5,7,6.165,0.38,0.48,0.4358947368421052,10.604,0.4959768892044153,0.6,1,0.8,36,54,45,1.953359124913059,0.8612083016913235,0.4408858006228908,,,
torus_plus1,RGA Fall 2018 torus+1,8,6,5,3,5.5,7,6.165,0.38,0.48,0.4358947368421052,10.604,0.4959768892044153,0.6,1,0.8,54,72,63,4.117080835774822,1.016294591379557,0.2468483452033784,,,
torus_plus1,RGA Fall 2018 torus+1,8,6,5,4,5.5,7,6.165,0.38,0.48,0.4358947368421052,10.604,0.4959768892044153,0.6,1,0.8,72,90,81,3.514139990837993,0.7443352208344983,0.2118114880952713,,,
torus_plus1,RGA Fall 2018 torus+1,8,6,5,5,5.5,7,6.165,0.38,0.48,0.4358947368421052,10.604,0.4959768892044153,0.6,1,0.8,90,108,99,4.402341946754022,0.8411218152665529,0.1910623539561113,,,
torus_plus1,RGA Fall 2018 torus+1,8,6,5,6,5.5,7,6.165,0.38,0.48,0.4358947368421052,10.604,0.4959768892044153,0.6,1,0.8,108,126,117,4.056415288561198,0.9537678002424697,0.2351257779083978,,,
torus_plus1,RGA Fall 2018 torus+1,8,6,5,7,5.5,7,6.165,0.38,0.48,0.4358947368421052,10.604,0.4959768892044153,0.6,1,0.8,126,144,135,7.244848757493438,1.695144678314558,0.233979305166481,,,
torus_plus1,RGA Fall 2018 torus+1,8,6,5,8,5.5,7,6.165,0.38,0.48,0.4358947368421052,10.604,0.4959768892044153,0.6,1,0.8,144,162,153,3.231506753221806,1.075248662826455,0.3327391043680889,,,
torus_plus1,RGA Fall 2018 torus+1,8,6,5,9,5.5,7,6.165,0.38,0.48,0.4358947368421052,10.604,0.4959768892044153,0.6,1,0.8,162,180,171,3.968716289697788,1.322531888333155,0.3332392118243011,,,
torus_plus1,RGA Fall 2018 torus+1,8,6,5,10,5.5,7,6.165,0.38,0.48,0.4358947368421052,10.604,0.4959768892044153,0.6,1,0.8,180,198,189,0.8792823596249495,0.7478063947061949,0.8504735555313148,,,
torus_plus1,RGA Fall 2018 torus+1,8,6,5,11,5.5,7,6.165,0.38,0.48,0.4358947368421052,10.604,0.4959768892044153,0.6,1,0.8,198,216,207,4.775177996199668,1.073512734614375,0.2248110406499468,,,
torus_plus1,RGA Fall 2018 torus+1,8,6,5,12,5.5,7,6.165,0.38,0.48,0.4358947368421052,10.604,0.4959768892044153,0.6,1,0.8,216,234,225,5.532836086622362,1.500219061983558,0.2711482932976962,,,
torus_plus1,RGA Fall 2018 torus+1,8,6,5,13,5.5,7,6.165,0.38,0.48,0.4358947368421052,10.604,0.4959768892044153,0.6,1,0.8,234,252,243,4.124961865146416,0.9784231939355886,0.2371956943899794,,,
torus_plus1,RGA Fall 2018 torus+1,8,6,5,14,5.5,7,6.165,0.38,0.48,0.4358947368421052,10.604,0.4959768892044153,0.6,1,0.8,252,270,261,4.883162626007105,1.113606493790898,0.2280502574008024,,,
torus_plus1,RGA Fall 2018 torus+1,8,6,5,15,5.5,7,6.165,0.38,0.48,0.4358947368421052,10.604,0.4959768892044153,0.6,1,0.8,270,288,279,4.323575217984061,0.9169929738366628,0.2120913659654627,,,
torus_plus1,RGA Fall 2018 torus+1,8,6,5,16,5.5,7,6.165,0.38,0.48,0.4358947368421052,10.604,0.4959768892044153,0.6,1,0.8,288,306,297,2.588214383542157,0.861722216011496,0.3329408187710353,,,
torus_plus1,RGA Fall 2018 torus+1,8,6,5,17,5.5,7,6.165,0.38,0.48,0.4358947368421052,10.604,0.4959768892044153,0.6,1,0.8,306,324,315,1.60162110950726,0.8836442865981272,0.5517186813740117,,,
torus_plus1,RGA Fall 2018 torus+1,8,6,5,18,5.5,7,6.165,0.38,0.48,0.4358947368421052,10.604,0.4959768892044153,0.6,1,0.8,324,342,333,1.145289628527231,1.063450802658343,0.9285431179760812,,,
torus_plus1,RGA Fall 2018 torus+1,8,6,5,19,5.5,7,6.165,0.38,0.48,0.4358947368421052,10.604,0.4959768892044153,0.6,1,0.8,342,360,351,2.568351479860965,1.623884911072773,0.6322673994607159,,,
torus_plus1,RGA Fall 2018 torus+1,8,6,6,0,5.5,7,6.165,0.38,0.48,0.4358947368421052,10.604,0.4959768892044153,1,1.5,1.25,0,18,9,0.9219929773812049,0.7575046566252065,0.8215948225297713,,,
torus_plus1,RGA Fall 2018 torus+1,8,6,6,1,5.5,7,6.165,0.38,0.48,0.4358947368421052,10.604,0.4959768892044153,1,1.5,1.25,18,36,27,0.195798650016761,0.3166748495760701,1.617349504447358,,,
torus_plus1,RGA Fall 2018 torus+1,8,6,6,2,5.5,7,6.165,0.38,0.48,0.4358947368421052,10.604,0.4959768892044153,1,1.5,1.25,36,54,45,0.4261045229322833,0.6186211318118057,1.451806067569288,,,
torus_plus1,RGA Fall 2018 torus+1,8,6,6,3,5.5,7,6.165,0.38,0.48,0.4358947368421052,10.604,0.4959768892044153,1,1.5,1.25,54,72,63,1.905184892047431,0.826872136177514,0.4340114912883367,,,
torus_plus1,RGA Fall 2018 torus+1,8,6,6,4,5.5,7,6.165,0.38,0.48,0.4358947368421052,10.604,0.4959768892044153,1,1.5,1.25,72,90,81,3.778846637103074,0.8228768208617618,0.2177587237286223,,,
torus_plus1,RGA Fall 2018 torus+1,8,6,6,5,5.5,7,6.165,0.38,0.48,0.4358947368421052,10.604,0.4959768892044153,1,1.5,1.25,90,108,99,3.750122839328762,0.6892043701924748,0.1837818118821506,,,
torus_plus1,RGA Fall 2018 torus+1,8,6,6,6,5.5,7,6.165,0.38,0.48,0.4358947368421052,10.604,0.4959768892044153,1,1.5,1.25,108,126,117,2.647299927252085,0.6087317835079531,0.2299443962663576,,,
torus_plus1,RGA Fall 2018 torus+1,8,6,6,7,5.5,7,6.165,0.38,0.48,0.4358947368421052,10.604,0.4959768892044153,1,1.5,1.25,126,144,135,1.944415953030188,0.5821312881270639,0.2993861921467305,,,
torus_plus1,RGA Fall 2018 torus+1,8,6,6,8,5.5,7,6.165,0.38,0.48,0.4358947368421052,10.604,0.4959768892044153,1,1.5,1.25,144,162,153,2.421645650675272,0.7090043922547179,0.2927779264720308,,,
torus_plus1,RGA Fall 2018 torus+1,8,6,6,9,5.5,7,6.165,0.38,0.48,0.4358947368421052,10.604,0.4959768892044153,1,1.5,1.25,162,180,171,0.8801338329958117,0.3403847551897559,0.38674204129973,,,
torus_plus1,RGA Fall 2018 torus+1,8,6,6,10,5.5,7,6.165,0.38,0.48,0.4358947368421052,10.604,0.4959768892044153,1,1.5,1.25,180,198,189,2.041558055522375,0.5196690907860005,0.2545453406922745,,,
torus_plus1,RGA Fall 2018 torus+1,8,6,6,11,5.5,7,6.165,0.38,0.48,0.4358947368421052,10.604,0.4959768892044153,1,1.5,1.25,198,216,207,1.067339475262504,0.336148430345318,0.3149405021890011,,,
torus_plus1,RGA Fall 2018 torus+1,8,6,6,12,5.5,7,6.165,0.38,0.48,0.4358947368421052,10.604,0.4959768892044153,1,1.5,1.25,216,234,225,2.277236775204572,0.5636375078364124,0.247509399976987,,,
torus_plus1,RGA Fall 2018 torus+1,8,6,6,13,5.5,7,6.165,0.38,0.48,0.4358947368421052,10.604,0.4959768892044153,1,1.5,1.25,234,252,243,1.859811535979666,0.4701085252411483,0.2527721310178431,,,
torus_plus1,RGA Fall 2018 torus+1,8,6,6,14,5.5,7,6.165,0.38,0.48,0.4358947368421052,10.604,0.4959768892044153,1,1.5,1.25,252,270,261,1.344119585374902,0.4614340476138342,0.3432983587432296,,,
torus_plus1,RGA Fall 2018 torus+1,8,6,6,15,5.5,7,6.165,0.38,0.48,0.4358947368421052,10.604,0.4959768892044153,1,1.5,1.25,270,288,279,2.154465480593755,0.527615687955813,0.2448940086106211,,,
torus_plus1,RGA Fall 2018 torus+1,8,6,6,16,5.5,7,6.165,0.38,0.48,0.4358947368421052,10.604,0.4959768892044153,1,1.5,1.25,288,306,297,1.619344417999076,0.5185034774843961,0.3201934509553432,,,
torus_plus1,RGA Fall 2018 torus+1,8,6,6,17,5.5,7,6.165,0.38,0.48,0.4358947368421052,10.604,0.4959768892044153,1,1.5,1.25,306,324,315,4.194288303604215,1.503783707778168,0.3585313166207349,,,
torus_plus1,RGA Fall 2018 torus+1,8,6,6,19,5.5,7,6.165,0.38,0.48,0.4358947368421052,10.604,0.4959768892044153,1,1.5,1.25,342,360,351,1.000389886469359,0.862214167530534,0.8618781329082763,,,
torus_plus1,RGA Fall 2018 torus+1,8,6,7,0,5.5,7,6.165,0.38,0.48,0.4358947368421052,10.604,0.4959768892044153,1.5,2,1.75,0,18,9,2.187831127374517,1.449372599904542,0.6624700516277258,,,
torus_plus1,RGA Fall 2018 torus+1,8,6,7,1,5.5,7,6.165,0.38,0.48,0.4358947368421052,10.604,0.4959768892044153,1.5,2,1.75,18,36,27,0.9692708041367066,0.866672575057592,0.8941490565472102,,,
torus_plus1,RGA Fall 2018 torus+1,8,6,7,2,5.5,7,6.165,0.38,0.48,0.4358947368421052,10.604,0.4959768892044153,1.5,2,1.75,36,54,45,0.8872317266766649,0.6785181081679962,0.7647586169055803,,,
torus_plus1,RGA Fall 2018 torus+1,8,6,7,3,5.5,7,6.165,0.38,0.48,0.4358947368421052,10.604,0.4959768892044153,1.5,2,1.75,54,72,63,1.501610376290238,0.5939803967870051,0.3955622617995267,,,
torus_plus1,RGA Fall 2018 torus+1,8,6,7,4,5.5,7,6.165,0.38,0.48,0.4358947368421052,10.604,0.4959768892044153,1.5,2,1.75,72,90,81,1.32594085138393,0.4252820345984002,0.320739823465367,,,
torus_plus1,RGA Fall 2018 torus+1,8,6,7,5,5.5,7,6.165,0.38,0.48,0.4358947368421052,10.604,0.4959768892044153,1.5,2,1.75,90,108,99,2.361584008960109,0.6691351437426826,0.2833416644099512,,,
torus_plus1,RGA Fall 2018 torus+1,8,6,7,6,5.5,7,6.165,0.38,0.48,0.4358947368421052,10.604,0.4959768892044153,1.5,2,1.75,108,126,117,1.372735651630605,0.4475041084570358,0.3259943805826473,,,
torus_plus1,RGA Fall 2018 torus+1,8,6,7,7,5.5,7,6.165,0.38,0.48,0.4358947368421052,10.604,0.4959768892044153,1.5,2,1.75,126,144,135,1.933688680517154,0.5529765931857037,0.2859698144573165,,,
torus_plus1,RGA Fall 2018 torus+1,8,6,7,8,5.5,7,6.165,0.38,0.48,0.4358947368421052,10.604,0.4959768892044153,1.5,2,1.75,144,162,153,1.894204973468046,0.6342863900611257,0.3348562584015545,,,
torus_plus1,RGA Fall 2018 torus+1,8,6,7,9,5.5,7,6.165,0.38,0.48,0.4358947368421052,10.604,0.4959768892044153,1.5,2,1.75,162,180,171,1.284837840055703,0.4066445657292663,0.3164948548772791,,,
torus_plus1,RGA Fall 2018 torus+1,8,6,7,10,5.5,7,6.165,0.38,0.48,0.4358947368421052,10.604,0.4959768892044153,1.5,2,1.75,180,198,189,0.4777712989187964,0.2981754127438973,0.6240965361851428,,,
torus_plus1,RGA Fall 2018 torus+1,8,6,7,11,5.5,7,6.165,0.38,0.48,0.4358947368421052,10.604,0.4959768892044153,1.5,2,1.75,198,216,207,1.224265874726451,0.3878530032957513,0.3168045530815868,,,
torus_plus1,RGA Fall 2018 torus+1,8,6,7,12,5.5,7,6.165,0.38,0.48,0.4358947368421052,10.604,0.4959768892044153,1.5,2,1.75,216,234,225,1.110762637797647,0.349609638074661,0.3147473872256326,,,
torus_plus1,RGA Fall 2018 torus+1,8,6,7,13,5.5,7,6.165,0.38,0.48,0.4358947368421052,10.604,0.4959768892044153,1.5,2,1.75,234,252,243,1.432689926755143,0.3729507971708867,0.260315082982102,,,
torus_plus1,RGA Fall 2018 torus+1,8,6,7,14,5.5,7,6.165,0.38,0.48,0.4358947368421052,10.604,0.4959768892044153,1.5,2,1.75,252,270,261,2.128915156731357,0.616061507506753,0.2893781396402038,,,
torus_plus1,RGA Fall 2018 torus+1,8,6,7,15,5.5,7,6.165,0.38,0.48,0.4358947368421052,10.604,0.4959768892044153,1.5,2,1.75,270,288,279,1.053766977715211,0.3988283457569177,0.3784786904422281,,,
torus_plus1,RGA Fall 2018 torus+1,8,6,7,16,5.5,7,6.165,0.38,0.48,0.4358947368421052,10.604,0.4959768892044153,1.5,2,1.75,288,306,297,1.036503185151248,0.4327577640486835,0.4175170614507421,,,
torus_plus1,RGA Fall 2018 torus+1,8,6,7,17,5.5,7,6.165,0.38,0.48,0.4358947368421052,10.604,0.4959768892044153,1.5,2,1.75,306,324,315,0.6793260805408354,0.5567937282108053,0.819626603718088,,,
torus_plus1,RGA Fall 2018 torus+1,8,6,7,18,5.5,7,6.165,0.38,0.48,0.4358947368421052,10.604,0.4959768892044153,1.5,2,1.75,324,342,333,0.6532508771710788,0.6773607376617644,1.036907505727499,,,
torus_plus1,RGA Fall 2018 torus+1,8,6,7,19,5.5,7,6.165,0.38,0.48,0.4358947368421052,10.604,0.4959768892044153,1.5,2,1.75,342,360,351,0.8465894506277912,0.7283724557642989,0.8603608930210173,,,
torus_plus1,RGA Fall 2018 torus+1,8,7,5,0,5.5,7,6.24976276966417,0.48,0.58,0.5299608322830949,10.604,0.6592172448579029,0.6,1,0.8,0,18,9,2.94904150836821,0.7158435716447176,0.2427377063406661,,,
torus_plus1,RGA Fall 2018 torus+1,8,7,5,1,5.5,7,6.24976276966417,0.48,0.58,0.5299608322830949,10.604,0.6592172448579029,0.6,1,0.8,18,36,27,5.693896312253532,0.9738305434576556,0.1710306071717405,,,
torus_plus1,RGA Fall 2018 torus+1,8,7,5,2,5.5,7,6.24976276966417,0.48,0.58,0.5299608322830949,10.604,0.6592172448579029,0.6,1,0.8,36,54,45,5.716950020507899,0.920263687873457,0.1609710920284904,,,
torus_plus1,RGA Fall 2018 torus+1,8,7,5,3,5.5,7,6.24976276966417,0.48,0.58,0.5299608322830949,10.604,0.6592172448579029,0.6,1,0.8,54,72,63,6.899394976957096,1.07348420294632,0.1555910636413179,,,
torus_plus1,RGA Fall 2018 torus+1,8,7,5,4,5.5,7,6.24976276966417,0.48,0.58,0.5299608322830949,10.604,0.6592172448579029,0.6,1,0.8,72,90,81,8.420726725220108,1.127130797637246,0.1338519624751014,,,
torus_plus1,RGA Fall 2018 torus+1,8,7,5,5,5.5,7,6.24976276966417,0.48,0.58,0.5299608322830949,10.604,0.6592172448579029,0.6,1,0.8,90,108,99,9.727602783828178,1.297880226065801,0.1334224119660277,,,
torus_plus1,RGA Fall 2018 torus+1,8,7,5,6,5.5,7,6.24976276966417,0.48,0.58,0.5299608322830949,10.604,0.6592172448579029,0.6,1,0.8,108,126,117,9.616231655603567,1.844409247838533,0.1918016655478302,,,
torus_plus1,RGA Fall 2018 torus+1,8,7,5,7,5.5,7,6.24976276966417,0.48,0.58,0.5299608322830949,10.604,0.6592172448579029,0.6,1,0.8,126,144,135,10.07389536088226,5.710384796079335,0.5668497231223201,,,
torus_plus1,RGA Fall 2018 torus+1,8,7,5,12,5.5,7,6.24976276966417,0.48,0.58,0.5299608322830949,10.604,0.6592172448579029,0.6,1,0.8,216,234,225,3.590383125565174,2.728912687943494,0.7600616960659113,,,
torus_plus1,RGA Fall 2018 torus+1,8,7,5,13,5.5,7,6.24976276966417,0.48,0.58,0.5299608322830949,10.604,0.6592172448579029,0.6,1,0.8,234,252,243,9.022710440156935,2.161349040410136,0.2395454286985345,,,
torus_plus1,RGA Fall 2018 torus+1,8,7,5,14,5.5,7,6.24976276966417,0.48,0.58,0.5299608322830949,10.604,0.6592172448579029,0.6,1,0.8,252,270,261,10.64807422816028,1.915847966338198,0.1799243624045631,,,
torus_plus1,RGA Fall 2018 torus+1,8,7,5,15,5.5,7,6.24976276966417,0.48,0.58,0.5299608322830949,10.604,0.6592172448579029,0.6,1,0.8,270,288,279,9.038671518913798,1.632434910998044,0.1806056241320537,,,
torus_plus1,RGA Fall 2018 torus+1,8,7,5,16,5.5,7,6.24976276966417,0.48,0.58,0.5299608322830949,10.604,0.6592172448579029,0.6,1,0.8,288,306,297,6.818124738139303,1.330535444131763,0.1951468321911154,,,
torus_plus1,RGA Fall 2018 torus+1,8,7,5,17,5.5,7,6.24976276966417,0.48,0.58,0.5299608322830949,10.604,0.6592172448579029,0.6,1,0.8,306,324,315,7.570117385079491,1.522353934965518,0.2011004397324194,,,
torus_plus1,RGA Fall 2018 torus+1,8,7,5,18,5.5,7,6.24976276966417,0.48,0.58,0.5299608322830949,10.604,0.6592172448579029,0.6,1,0.8,324,342,333,4.010668931499762,0.9644764415583992,0.2404777003615055,,,
torus_plus1,RGA Fall 2018 torus+1,8,7,5,19,5.5,7,6.24976276966417,0.48,0.58,0.5299608322830949,10.604,0.6592172448579029,0.6,1,0.8,342,360,351,4.246426548751792,1.032059589280006,0.2430419029815487,,,
torus_plus1,RGA Fall 2018 torus+1,8,7,6,0,5.5,7,6.25,0.48,0.58,0.53,10.604,0.6592418848801118,1,1.5,1.25,0,18,9,2.463432421272677,0.8637040815933529,0.3506100163880848,,,
torus_plus1,RGA Fall 2018 torus+1,8,7,6,1,5.5,7,6.25,0.48,0.58,0.53,10.604,0.6592418848801118,1,1.5,1.25,18,36,27,2.853697332346799,0.7691230379534054,0.2695180842184481,,,
torus_plus1,RGA Fall 2018 torus+1,8,7,6,2,5.5,7,6.25,0.48,0.58,0.53,10.604,0.6592418848801118,1,1.5,1.25,36,54,45,2.599463507633224,0.5708557546461749,0.2196052196808607,,,
torus_plus1,RGA Fall 2018 torus+1,8,7,6,3,5.5,7,6.25,0.48,0.58,0.53,10.604,0.6592418848801118,1,1.5,1.25,54,72,63,4.01739034622637,0.7717203343432369,0.192094934232152,,,
torus_plus1,RGA Fall 2018 torus+1,8,7,6,4,5.5,7,6.25,0.48,0.58,0.53,10.604,0.6592418848801118,1,1.5,1.25,72,90,81,4.12261226399808,0.8102388823459316,0.1965353107352782,,,
torus_plus1,RGA Fall 2018 torus+1,8,7,6,5,5.5,7,6.25,0.48,0.58,0.53,10.604,0.6592418848801118,1,1.5,1.25,90,108,99,4.779255062300793,0.7583938657328695,0.1586845346914314,,,
torus_plus1,RGA Fall 2018 torus+1,8,7,6,6,5.5,7,6.25,0.48,0.58,0.53,10.604,0.6592418848801118,1,1.5,1.25,108,126,117,4.817033597108942,0.6799806027287819,0.1411616898700662,,,
torus_plus1,RGA Fall 2018 torus+1,8,7,6,7,5.5,7,6.25,0.48,0.58,0.53,10.604,0.6592418848801118,1,1.5,1.25,126,144,135,3.816808803628894,0.8819676689959581,0.2310746265721806,,,
torus_plus1,RGA Fall 2018 torus+1,8,7,6,8,5.5,7,6.25,0.48,0.58,0.53,10.604,0.6592418848801118,1,1.5,1.25,144,162,153,6.280803851041927,2.496253227510624,0.3974416789176625,,,
torus_plus1,RGA Fall 2018 torus+1,8,7,6,11,5.5,7,6.25,0.48,0.58,0.53,10.604,0.6592418848801118,1,1.5,1.25,198,216,207,12.21462445716373,4.232750833377322,0.3465313934310003,,,
torus_plus1,RGA Fall 2018 torus+1,8,7,6,12,5.5,7,6.25,0.48,0.58,0.53,10.604,0.6592418848801118,1,1.5,1.25,216,234,225,4.087286595353929,1.018233055766061,0.2491220109016822,,,
torus_plus1,RGA Fall 2018 torus+1,8,7,6,13,5.5,7,6.25,0.48,0.58,0.53,10.604,0.6592418848801118,1,1.5,1.25,234,252,243,4.98889885719009,0.7779413913660073,0.1559344884783191,,,
torus_plus1,RGA Fall 2018 torus+1,8,7,6,14,5.5,7,6.25,0.48,0.58,0.53,10.604,0.6592418848801118,1,1.5,1.25,252,270,261,3.943070912178932,0.6643255959929549,0.1684792413803814,,,
torus_plus1,RGA Fall 2018 torus+1,8,7,6,15,5.5,7,6.25,0.48,0.58,0.53,10.604,0.6592418848801118,1,1.5,1.25,270,288,279,4.822630970849693,0.7900386227846627,0.163819008246751,,,
torus_plus1,RGA Fall 2018 torus+1,8,7,6,16,5.5,7,6.25,0.48,0.58,0.53,10.604,0.6592418848801118,1,1.5,1.25,288,306,297,7.194787563310361,1.217624790088224,0.1692370732803107,,,
torus_plus1,RGA Fall 2018 torus+1,8,7,6,17,5.5,7,6.25,0.48,0.58,0.53,10.604,0.6592418848801118,1,1.5,1.25,306,324,315,3.288953604859878,0.9440135165812159,0.2870254889537837,,,
torus_plus1,RGA Fall 2018 torus+1,8,7,6,18,5.5,7,6.25,0.48,0.58,0.53,10.604,0.6592418848801118,1,1.5,1.25,324,342,333,1.864997830010053,0.8178632963639848,0.4385331088345428,,,
torus_plus1,RGA Fall 2018 torus+1,8,7,6,19,5.5,7,6.25,0.48,0.58,0.53,10.604,0.6592418848801118,1,1.5,1.25,342,360,351,1.091043611424423,0.5932276371612277,0.5437249537502294,,,
torus_plus1,RGA Fall 2018 torus+1,8,7,7,0,5.5,7,6.25,0.48,0.58,0.53,10.604,0.6592418848801118,1.5,2,1.75,0,18,9,2.409971256572794,1.419588601332936,0.589047938833812,,,
torus_plus1,RGA Fall 2018 torus+1,8,7,7,1,5.5,7,6.25,0.48,0.58,0.53,10.604,0.6592418848801118,1.5,2,1.75,18,36,27,1.946237352168448,0.8424984168311522,0.4328857504931052,,,
torus_plus1,RGA Fall 2018 torus+1,8,7,7,2,5.5,7,6.25,0.48,0.58,0.53,10.604,0.6592418848801118,1.5,2,1.75,36,54,45,1.545136883631837,0.5050401342770222,0.3268578594084996,,,
torus_plus1,RGA Fall 2018 torus+1,8,7,7,3,5.5,7,6.25,0.48,0.58,0.53,10.604,0.6592418848801118,1.5,2,1.75,54,72,63,2.040395741554444,0.7496485465014119,0.3674035047388913,,,
torus_plus1,RGA Fall 2018 torus+1,8,7,7,4,5.5,7,6.25,0.48,0.58,0.53,10.604,0.6592418848801118,1.5,2,1.75,72,90,81,3.013083671965713,0.7164965597535861,0.237795108851441,,,
torus_plus1,RGA Fall 2018 torus+1,8,7,7,5,5.5,7,6.25,0.48,0.58,0.53,10.604,0.6592418848801118,1.5,2,1.75,90,108,99,3.832330247327529,0.6773332420773481,0.1767418772298357,,,
torus_plus1,RGA Fall 2018 torus+1,8,7,7,6,5.5,7,6.25,0.48,0.58,0.53,10.604,0.6592418848801118,1.5,2,1.75,108,126,117,3.282837394190776,0.5580124662622304,0.1699787102613352,,,
torus_plus1,RGA Fall 2018 torus+1,8,7,7,7,5.5,7,6.25,0.48,0.58,0.53,10.604,0.6592418848801118,1.5,2,1.75,126,144,135,2.302767607824855,0.5170748365764948,0.224544949659472,,,
torus_plus1,RGA Fall 2018 torus+1,8,7,7,8,5.5,7,6.25,0.48,0.58,0.53,10.604,0.6592418848801118,1.5,2,1.75,144,162,153,2.820232547449633,1.247907286679796,0.442483825600939,,,
torus_plus1,RGA Fall 2018 torus+1,8,7,7,9,5.5,7,6.25,0.48,0.58,0.53,10.604,0.6592418848801118,1.5,2,1.75,162,180,171,1.300823183397206,1.361478829449366,1.046628663162162,,,
torus_plus1,RGA Fall 2018 torus+1,8,7,7,10,5.5,7,6.25,0.48,0.58,0.53,10.604,0.6592418848801118,1.5,2,1.75,180,198,189,4.976807404868547,2.748069457507344,0.5521751665172041,,,
torus_plus1,RGA Fall 2018 torus+1,8,7,7,11,5.5,7,6.25,0.48,0.58,0.53,10.604,0.6592418848801118,1.5,2,1.75,198,216,207,1.085267494878126,0.5372055145251127,0.4949982534816818,,,
torus_plus1,RGA Fall 2018 torus+1,8,7,7,12,5.5,7,6.25,0.48,0.58,0.53,10.604,0.6592418848801118,1.5,2,1.75,216,234,225,3.174624091819277,0.7722231451648524,0.243248687980036,,,
torus_plus1,RGA Fall 2018 torus+1,8,7,7,13,5.5,7,6.25,0.48,0.58,0.53,10.604,0.6592418848801118,1.5,2,1.75,234,252,243,2.733297523907623,0.593707702977771,0.2172129809450764,,,
torus_plus1,RGA Fall 2018 torus+1,8,7,7,14,5.5,7,6.25,0.48,0.58,0.53,10.604,0.6592418848801118,1.5,2,1.75,252,270,261,2.919469763983357,0.6823564055291835,0.2337261423109136,,,
torus_plus1,RGA Fall 2018 torus+1,8,7,7,15,5.5,7,6.25,0.48,0.58,0.53,10.604,0.6592418848801118,1.5,2,1.75,270,288,279,3.9810304770989,0.7322242819397603,0.1839283286455408,,,
torus_plus1,RGA Fall 2018 torus+1,8,7,7,16,5.5,7,6.25,0.48,0.58,0.53,10.604,0.6592418848801118,1.5,2,1.75,288,306,297,3.43914222250631,0.6195429108471446,0.1801446031492255,,,
torus_plus1,RGA Fall 2018 torus+1,8,7,7,17,5.5,7,6.25,0.48,0.58,0.53,10.604,0.6592418848801118,1.5,2,1.75,306,324,315,2.280728503875001,0.6727874832189383,0.294987975147353,,,
torus_plus1,RGA Fall 2018 torus+1,8,7,7,18,5.5,7,6.25,0.48,0.58,0.53,10.604,0.6592418848801118,1.5,2,1.75,324,342,333,1.088519199384985,0.7790000946052805,0.7156512214441573,,,
torus_plus1,RGA Fall 2018 torus+1,8,7,7,19,5.5,7,6.25,0.48,0.58,0.53,10.604,0.6592418848801118,1.5,2,1.75,342,360,351,3.285025216363187,1.517260426294788,0.4618717746022448,,,
torus_plus1,RGA Fall 2018 torus+1,8,8,5,0,5.5,7,6.255210663683817,0.58,0.7,0.6112479492915736,10.604,0.7466978989370152,0.6,1,0.8,0,18,9,11.04234648905674,2.332175767697117,0.2112029150695793,,,
torus_plus1,RGA Fall 2018 torus+1,8,8,5,1,5.5,7,6.255210663683817,0.58,0.7,0.6112479492915736,10.604,0.7466978989370152,0.6,1,0.8,18,36,27,5.812499135725034,1.657826602790112,0.2852175224596089,,,
torus_plus1,RGA Fall 2018 torus+1,8,8,5,2,5.5,7,6.255210663683817,0.58,0.7,0.6112479492915736,10.604,0.7466978989370152,0.6,1,0.8,36,54,45,12.65592756683895,2.391059768710192,0.1889280541534739,,,
torus_plus1,RGA Fall 2018 torus+1,8,8,5,3,5.5,7,6.255210663683817,0.58,0.7,0.6112479492915736,10.604,0.7466978989370152,0.6,1,0.8,54,72,63,11.83187654013349,2.297571773223649,0.1941849008845156,,,
torus_plus1,RGA Fall 2018 torus+1,8,8,5,4,5.5,7,6.255210663683817,0.58,0.7,0.6112479492915736,10.604,0.7466978989370152,0.6,1,0.8,72,90,81,11.60951497787811,2.661088997635565,0.2292162078007789,,,
torus_plus1,RGA Fall 2018 torus+1,8,8,5,5,5.5,7,6.255210663683817,0.58,0.7,0.6112479492915736,10.604,0.7466978989370152,0.6,1,0.8,90,108,99,9.309326077223979,4.375644811991895,0.4700280960935793,,,
torus_plus1,RGA Fall 2018 torus+1,8,8,5,14,5.5,7,6.255210663683817,0.58,0.7,0.6112479492915736,10.604,0.7466978989370152,0.6,1,0.8,252,270,261,4.717227537860493,3.043489504136081,0.6451860716297905,,,
torus_plus1,RGA Fall 2018 torus+1,8,8,5,15,5.5,7,6.255210663683817,0.58,0.7,0.6112479492915736,10.604,0.7466978989370152,0.6,1,0.8,270,288,279,10.11487395798897,2.586539326978033,0.2557164170034092,,,
torus_plus1,RGA Fall 2018 torus+1,8,8,5,16,5.5,7,6.255210663683817,0.58,0.7,0.6112479492915736,10.604,0.7466978989370152,0.6,1,0.8,288,306,297,7.204497634174788,2.195589680491047,0.304752640916445,,,
torus_plus1,RGA Fall 2018 torus+1,8,8,5,17,5.5,7,6.255210663683817,0.58,0.7,0.6112479492915736,10.604,0.7466978989370152,0.6,1,0.8,306,324,315,11.39294810831199,3.140238862288704,0.2756300504869034,,,
torus_plus1,RGA Fall 2018 torus+1,8,8,5,18,5.5,7,6.255210663683817,0.58,0.7,0.6112479492915736,10.604,0.7466978989370152,0.6,1,0.8,324,342,333,10.44051506039565,2.734188851848892,0.2618825638421403,,,
torus_plus1,RGA Fall 2018 torus+1,8,8,5,19,5.5,7,6.255210663683817,0.58,0.7,0.6112479492915736,10.604,0.7466978989370152,0.6,1,0.8,342,360,351,8.980505043686307,2.490337924043383,0.2773048856304803,,,
torus_plus1,RGA Fall 2018 torus+1,8,8,6,0,5.5,7,6.326261219436707,0.58,0.7,0.6244423810997627,10.604,0.7514185053773942,1,1.5,1.25,0,18,9,7.966687453556953,1.255083484668759,0.157541448937901,,,
torus_plus1,RGA Fall 2018 torus+1,8,8,6,1,5.5,7,6.326261219436707,0.58,0.7,0.6244423810997627,10.604,0.7514185053773942,1,1.5,1.25,18,36,27,5.001915439275553,0.9119339855057786,0.1823169536904162,,,
torus_plus1,RGA Fall 2018 torus+1,8,8,6,2,5.5,7,6.326261219436707,0.58,0.7,0.6244423810997627,10.604,0.7514185053773942,1,1.5,1.25,36,54,45,6.628451183597484,1.054936563962729,0.1591527997631235,,,
torus_plus1,RGA Fall 2018 torus+1,8,8,6,3,5.5,7,6.326261219436707,0.58,0.7,0.6244423810997627,10.604,0.7514185053773942,1,1.5,1.25,54,72,63,8.746375327155656,1.187096454426856,0.1357243898213665,,,
torus_plus1,RGA Fall 2018 torus+1,8,8,6,4,5.5,7,6.326261219436707,0.58,0.7,0.6244423810997627,10.604,0.7514185053773942,1,1.5,1.25,72,90,81,8.927230517515479,1.415071418409135,0.1585118044877103,,,
torus_plus1,RGA Fall 2018 torus+1,8,8,6,5,5.5,7,6.326261219436707,0.58,0.7,0.6244423810997627,10.604,0.7514185053773942,1,1.5,1.25,90,108,99,10.57241716572169,1.515503054495662,0.1433449920430009,,,
torus_plus1,RGA Fall 2018 torus+1,8,8,6,6,5.5,7,6.326261219436707,0.58,0.7,0.6244423810997627,10.604,0.7514185053773942,1,1.5,1.25,108,126,117,9.750272866841959,1.956607424496727,0.2006720684864748,,,
torus_plus1,RGA Fall 2018 torus+1,8,8,6,13,5.5,7,6.326261219436707,0.58,0.7,0.6244423810997627,10.604,0.7514185053773942,1,1.5,1.25,234,252,243,6.486744848837134,1.689687775950074,0.2604831568568603,,,
torus_plus1,RGA Fall 2018 torus+1,8,8,6,14,5.5,7,6.326261219436707,0.58,0.7,0.6244423810997627,10.604,0.7514185053773942,1,1.5,1.25,252,270,261,10.30289242312074,1.816592901423804,0.1763187294227381,,,
torus_plus1,RGA Fall 2018 torus+1,8,8,6,15,5.5,7,6.326261219436707,0.58,0.7,0.6244423810997627,10.604,0.7514185053773942,1,1.5,1.25,270,288,279,7.342612785944488,1.505985747862337,0.2051021607383618,,,
torus_plus1,RGA Fall 2018 torus+1,8,8,6,16,5.5,7,6.326261219436707,0.58,0.7,0.6244423810997627,10.604,0.7514185053773942,1,1.5,1.25,288,306,297,6.609190863523306,1.358467043021292,0.205542111140834,,,
torus_plus1,RGA Fall 2018 torus+1,8,8,6,17,5.5,7,6.326261219436707,0.58,0.7,0.6244423810997627,10.604,0.7514185053773942,1,1.5,1.25,306,324,315,8.617144555423861,1.659466465486885,0.1925773038636531,,,
torus_plus1,RGA Fall 2018 torus+1,8,8,6,18,5.5,7,6.326261219436707,0.58,0.7,0.6244423810997627,10.604,0.7514185053773942,1,1.5,1.25,324,342,333,7.296449401554167,1.472995732588606,0.201878427646583,,,
torus_plus1,RGA Fall 2018 torus+1,8,8,6,19,5.5,7,6.326261219436707,0.58,0.7,0.6244423810997627,10.604,0.7514185053773942,1,1.5,1.25,342,360,351,4.665374019889447,1.120278457037954,0.2401261832946249,,,
torus_plus1,RGA Fall 2018 torus+1,8,8,7,0,5.5,7,6.327777777777778,0.58,0.7,0.6246049382716049,10.604,0.7514196276859646,1.5,2,1.75,0,18,9,3.351885870947726,1.088505622235063,0.3247442377646632,,,
torus_plus1,RGA Fall 2018 torus+1,8,8,7,1,5.5,7,6.327777777777778,0.58,0.7,0.6246049382716049,10.604,0.7514196276859646,1.5,2,1.75,18,36,27,3.698930259675397,0.8836866915671233,0.2389033124524689,,,
torus_plus1,RGA Fall 2018 torus+1,8,8,7,2,5.5,7,6.327777777777778,0.58,0.7,0.6246049382716049,10.604,0.7514196276859646,1.5,2,1.75,36,54,45,4.951936380343546,1.072873173054318,0.2166573014372786,,,
torus_plus1,RGA Fall 2018 torus+1,8,8,7,3,5.5,7,6.327777777777778,0.58,0.7,0.6246049382716049,10.604,0.7514196276859646,1.5,2,1.75,54,72,63,6.696476356927268,1.296451956182552,0.1936021105848329,,,
torus_plus1,RGA Fall 2018 torus+1,8,8,7,4,5.5,7,6.327777777777778,0.58,0.7,0.6246049382716049,10.604,0.7514196276859646,1.5,2,1.75,72,90,81,8.637976551266499,1.586983252437147,0.1837216439542735,,,
torus_plus1,RGA Fall 2018 torus+1,8,8,7,5,5.5,7,6.327777777777778,0.58,0.7,0.6246049382716049,10.604,0.7514196276859646,1.5,2,1.75,90,108,99,6.597449385757366,1.377336266492478,0.2087679928952368,,,
torus_plus1,RGA Fall 2018 torus+1,8,8,7,6,5.5,7,6.327777777777778,0.58,0.7,0.6246049382716049,10.604,0.7514196276859646,1.5,2,1.75,108,126,117,7.221228417797166,1.443943149190223,0.199958104860876,,,
torus_plus1,RGA Fall 2018 torus+1,8,8,7,7,5.5,7,6.327777777777778,0.58,0.7,0.6246049382716049,10.604,0.7514196276859646,1.5,2,1.75,126,144,135,5.881747114924782,2.265322399334333,0.3851444740944634,,,
torus_plus1,RGA Fall 2018 torus+1,8,8,7,12,5.5,7,6.327777777777778,0.58,0.7,0.6246049382716049,10.604,0.7514196276859646,1.5,2,1.75,216,234,225,4.85742133394605,2.040203476585977,0.4200178111641318,,,
torus_plus1,RGA Fall 2018 torus+1,8,8,7,13,5.5,7,6.327777777777778,0.58,0.7,0.6246049382716049,10.604,0.7514196276859646,1.5,2,1.75,234,252,243,3.868292304123162,0.9347780951884092,0.2416513597465325,,,
torus_plus1,RGA Fall 2018 torus+1,8,8,7,14,5.5,7,6.327777777777778,0.58,0.7,0.6246049382716049,10.604,0.7514196276859646,1.5,2,1.75,252,270,261,4.972931046578815,1.006979354345932,0.2024921208265485,,,
torus_plus1,RGA Fall 2018 torus+1,8,8,7,15,5.5,7,6.327777777777778,0.58,0.7,0.6246049382716049,10.604,0.7514196276859646,1.5,2,1.75,270,288,279,6.042465208872141,1.365121542381747,0.2259212912599549,,,
torus_plus1,RGA Fall 2018 torus+1,8,8,7,16,5.5,7,6.327777777777778,0.58,0.7,0.6246049382716049,10.604,0.7514196276859646,1.5,2,1.75,288,306,297,6.557446938016911,1.374552517869424,0.2096170248668628,,,
torus_plus1,RGA Fall 2018 torus+1,8,8,7,17,5.5,7,6.327777777777778,0.58,0.7,0.6246049382716049,10.604,0.7514196276859646,1.5,2,1.75,306,324,315,4.738176708475251,1.139589184772754,0.240512174806472,,,
torus_plus1,RGA Fall 2018 torus+1,8,8,7,18,5.5,7,6.327777777777778,0.58,0.7,0.6246049382716049,10.604,0.7514196276859646,1.5,2,1.75,324,342,333,2.491837270826888,0.937268367350611,0.3761354637093092,,,
torus_plus1,RGA Fall 2018 torus+1,8,8,7,19,5.5,7,6.327777777777778,0.58,0.7,0.6246049382716049,10.604,0.7514196276859646,1.5,2,1.75,342,360,351,1.917307358874199,0.6582349073579769,0.3433121477948523,,,
torus_plus1,RGA Fall 2018 torus+1,9,6,5,15,7,10.5,7.247592592592593,0.38,0.48,0.4641851851851853,10.604,0.3694401994655675,0.6,1,0.8,270,288,279,5.225285323582447,5.689813048794733,1.088899973196833,,,
torus_plus1,RGA Fall 2018 torus+1,9,6,6,4,7,10.5,7.247592592592593,0.38,0.48,0.4641851851851853,10.604,0.3694401994655675,1,1.5,1.25,72,90,81,9.995707920394894,10.60705548005754,1.061161006757238,,,
torus_plus1,RGA Fall 2018 torus+1,9,6,7,14,7,10.5,7.247592592592593,0.38,0.48,0.4641851851851853,10.604,0.3694401994655675,1.5,2,1.75,252,270,261,2.89589939038291,3.758708438406071,1.297941651871088,,,
torus_plus1,RGA Fall 2018 torus+1,9,7,4,0,7,10.5,7.668427446638372,0.48,0.58,0.5174494064095466,10.604,0.433388847965305,0.4,0.6,0.5,0,18,9,13.86550789243505,9.50024766791311,0.6851712711581518,,,
torus_plus1,RGA Fall 2018 torus+1,9,7,4,18,7,10.5,7.668427446638372,0.48,0.58,0.5174494064095466,10.604,0.433388847965305,0.4,0.6,0.5,324,342,333,8.843076131953051,7.037802389535828,0.7958545515746321,,,
torus_plus1,RGA Fall 2018 torus+1,9,7,5,0,7,10.5,7.8475324097257,0.48,0.58,0.5383191453847437,10.604,0.451836836700708,0.6,1,0.8,0,18,9,1.744270933735818,1.233152259448407,0.7069728879832243,,,
torus_plus1,RGA Fall 2018 torus+1,9,7,5,1,7,10.5,7.8475324097257,0.48,0.58,0.5383191453847437,10.604,0.451836836700708,0.6,1,0.8,18,36,27,1.823884649429175,0.9512868424683788,0.5215718235065497,,,
torus_plus1,RGA Fall 2018 torus+1,9,7,5,2,7,10.5,7.8475324097257,0.48,0.58,0.5383191453847437,10.604,0.451836836700708,0.6,1,0.8,36,54,45,2.797166734389838,1.376342863739769,0.4920489175058056,,,
torus_plus1,RGA Fall 2018 torus+1,9,7,5,3,7,10.5,7.8475324097257,0.48,0.58,0.5383191453847437,10.604,0.451836836700708,0.6,1,0.8,54,72,63,2.066619742814937,1.049448512654752,0.5078091972668864,,,
torus_plus1,RGA Fall 2018 torus+1,9,7,5,4,7,10.5,7.8475324097257,0.48,0.58,0.5383191453847437,10.604,0.451836836700708,0.6,1,0.8,72,90,81,4.506737635865433,1.813472782200537,0.4023914700000712,,,
torus_plus1,RGA Fall 2018 torus+1,9,7,5,5,7,10.5,7.8475324097257,0.48,0.58,0.5383191453847437,10.604,0.451836836700708,0.6,1,0.8,90,108,99,4.734631210684332,1.909412097658915,0.4032863411515706,,,
torus_plus1,RGA Fall 2018 torus+1,9,7,5,6,7,10.5,7.8475324097257,0.48,0.58,0.5383191453847437,10.604,0.451836836700708,0.6,1,0.8,108,126,117,3.057072597940518,2.595101693540616,0.8488845489926796,,,
torus_plus1,RGA Fall 2018 torus+1,9,7,5,14,7,10.5,7.8475324097257,0.48,0.58,0.5383191453847437,10.604,0.451836836700708,0.6,1,0.8,252,270,261,3.301958344528404,1.626059213549934,0.4924529760481194,,,
torus_plus1,RGA Fall 2018 torus+1,9,7,5,15,7,10.5,7.8475324097257,0.48,0.58,0.5383191453847437,10.604,0.451836836700708,0.6,1,0.8,270,288,279,4.816588021929987,2.733221378010007,0.5674600703995474,,,
torus_plus1,RGA Fall 2018 torus+1,9,7,5,16,7,10.5,7.8475324097257,0.48,0.58,0.5383191453847437,10.604,0.451836836700708,0.6,1,0.8,288,306,297,2.569060497659406,1.859895462886556,0.7239593869358274,,,
torus_plus1,RGA Fall 2018 torus+1,9,7,5,17,7,10.5,7.8475324097257,0.48,0.58,0.5383191453847437,10.604,0.451836836700708,0.6,1,0.8,306,324,315,1.219831798747399,1.139000844174758,0.9337359833907891,,,
torus_plus1,RGA Fall 2018 torus+1,9,7,5,18,7,10.5,7.8475324097257,0.48,0.58,0.5383191453847437,10.604,0.451836836700708,0.6,1,0.8,324,342,333,6.062470286555136,2.833214582235987,0.4673366545843968,,,
torus_plus1,RGA Fall 2018 torus+1,9,7,5,19,7,10.5,7.8475324097257,0.48,0.58,0.5383191453847437,10.604,0.451836836700708,0.6,1,0.8,342,360,351,3.772833534097904,2.078007850126888,0.550781748345477,,,
torus_plus1,RGA Fall 2018 torus+1,9,7,6,0,7,10.5,7.850912106135986,0.48,0.58,0.5385655058043117,10.604,0.451848511141537,1,1.5,1.25,0,18,9,1.297226149155245,1.210519348408912,0.933159842019222,,,
torus_plus1,RGA Fall 2018 torus+1,9,7,6,1,7,10.5,7.850912106135986,0.48,0.58,0.5385655058043117,10.604,0.451848511141537,1,1.5,1.25,18,36,27,1.401533845430182,1.001725683001436,0.714735278257921,,,
torus_plus1,RGA Fall 2018 torus+1,9,7,6,2,7,10.5,7.850912106135986,0.48,0.58,0.5385655058043117,10.604,0.451848511141537,1,1.5,1.25,36,54,45,2.269257965985287,1.350914518058062,0.5953111273849859,,,
torus_plus1,RGA Fall 2018 torus+1,9,7,6,3,7,10.5,7.850912106135986,0.48,0.58,0.5385655058043117,10.604,0.451848511141537,1,1.5,1.25,54,72,63,1.302832198296307,0.8218431219448785,0.6308127194120544,,,
torus_plus1,RGA Fall 2018 torus+1,9,7,6,4,7,10.5,7.850912106135986,0.48,0.58,0.5385655058043117,10.604,0.451848511141537,1,1.5,1.25,72,90,81,1.883859350165909,1.020219662389475,0.5415582974915966,,,
torus_plus1,RGA Fall 2018 torus+1,9,7,6,5,7,10.5,7.850912106135986,0.48,0.58,0.5385655058043117,10.604,0.451848511141537,1,1.5,1.25,90,108,99,1.254671678854054,0.6139087185067283,0.4892982991912574,,,
torus_plus1,RGA Fall 2018 torus+1,9,7,6,6,7,10.5,7.850912106135986,0.48,0.58,0.5385655058043117,10.604,0.451848511141537,1,1.5,1.25,108,126,117,2.991678659540004,1.047742714537774,0.3502190020297413,,,
torus_plus1,RGA Fall 2018 torus+1,9,7,6,7,7,10.5,7.850912106135986,0.48,0.58,0.5385655058043117,10.604,0.451848511141537,1,1.5,1.25,126,144,135,1.711402347584783,1.705798996620657,0.9967258716385227,,,
torus_plus1,RGA Fall 2018 torus+1,9,7,6,8,7,10.5,7.850912106135986,0.48,0.58,0.5385655058043117,10.604,0.451848511141537,1,1.5,1.25,144,162,153,0.9635000089865421,1.042726883920234,1.082228203627135,,,
torus_plus1,RGA Fall 2018 torus+1,9,7,6,11,7,10.5,7.850912106135986,0.48,0.58,0.5385655058043117,10.604,0.451848511141537,1,1.5,1.25,198,216,207,0.6056017559027471,0.934884141534334,1.543727593954443,,,
torus_plus1,RGA Fall 2018 torus+1,9,7,6,12,7,10.5,7.850912106135986,0.48,0.58,0.5385655058043117,10.604,0.451848511141537,1,1.5,1.25,216,234,225,3.465846023882964,1.802407874602842,0.5200484563314538,,,
torus_plus1,RGA Fall 2018 torus+1,9,7,6,13,7,10.5,7.850912106135986,0.48,0.58,0.5385655058043117,10.604,0.451848511141537,1,1.5,1.25,234,252,243,2.334490021814853,0.9436173275068674,0.4042070510857403,,,
torus_plus1,RGA Fall 2018 torus+1,9,7,6,14,7,10.5,7.850912106135986,0.48,0.58,0.5385655058043117,10.604,0.451848511141537,1,1.5,1.25,252,270,261,3.576729948052853,1.136239965009936,0.3176756371077154,,,
torus_plus1,RGA Fall 2018 torus+1,9,7,6,15,7,10.5,7.850912106135986,0.48,0.58,0.5385655058043117,10.604,0.451848511141537,1,1.5,1.25,270,288,279,2.228054416342609,0.8524272011944565,0.3825881427948833,,,
torus_plus1,RGA Fall 2018 torus+1,9,7,6,16,7,10.5,7.850912106135986,0.48,0.58,0.5385655058043117,10.604,0.451848511141537,1,1.5,1.25,288,306,297,1.847129864296648,0.8854164236772017,0.4793471432580358,,,
torus_plus1,RGA Fall 2018 torus+1,9,7,6,17,7,10.5,7.850912106135986,0.48,0.58,0.5385655058043117,10.604,0.451848511141537,1,1.5,1.25,306,324,315,2.660381779828455,1.514345665064028,0.5692211834204018,,,
torus_plus1,RGA Fall 2018 torus+1,9,7,6,18,7,10.5,7.850912106135986,0.48,0.58,0.5385655058043117,10.604,0.451848511141537,1,1.5,1.25,324,342,333,2.074323107279065,1.474165860989281,0.7106732098853086,,,
torus_plus1,RGA Fall 2018 torus+1,9,7,7,1,7,10.5,7.850912106135986,0.48,0.58,0.5385655058043117,10.604,0.451848511141537,1.5,2,1.75,18,36,27,2.327869312420309,1.728603619171798,0.7425690136249751,,,
torus_plus1,RGA Fall 2018 torus+1,9,7,7,3,7,10.5,7.850912106135986,0.48,0.58,0.5385655058043117,10.604,0.451848511141537,1.5,2,1.75,54,72,63,0.8687402254961729,0.7249320089280803,0.8344634997349664,,,
torus_plus1,RGA Fall 2018 torus+1,9,7,7,4,7,10.5,7.850912106135986,0.48,0.58,0.5385655058043117,10.604,0.451848511141537,1.5,2,1.75,72,90,81,0.9143157305902737,0.471793920138658,0.5160076594483092,,,
torus_plus1,RGA Fall 2018 torus+1,9,7,7,5,7,10.5,7.850912106135986,0.48,0.58,0.5385655058043117,10.604,0.451848511141537,1.5,2,1.75,90,108,99,2.195316437396878,0.8582865034959999,0.390962545934254,,,
torus_plus1,RGA Fall 2018 torus+1,9,7,7,6,7,10.5,7.850912106135986,0.48,0.58,0.5385655058043117,10.604,0.451848511141537,1.5,2,1.75,108,126,117,2.073598292307109,0.8690847282727914,0.4191191377312709,,,
torus_plus1,RGA Fall 2018 torus+1,9,7,7,7,7,10.5,7.850912106135986,0.48,0.58,0.5385655058043117,10.604,0.451848511141537,1.5,2,1.75,126,144,135,0.5839795471155245,0.5495878261983567,0.9411080044035098,,,
torus_plus1,RGA Fall 2018 torus+1,9,7,7,9,7,10.5,7.850912106135986,0.48,0.58,0.5385655058043117,10.604,0.451848511141537,1.5,2,1.75,162,180,171,1.193707512547694,1.375541518810321,1.152327102201563,,,
torus_plus1,RGA Fall 2018 torus+1,9,7,7,10,7,10.5,7.850912106135986,0.48,0.58,0.5385655058043117,10.604,0.451848511141537,1.5,2,1.75,180,198,189,0.6600107054153445,0.9097461415714915,1.378380887017565,,,
torus_plus1,RGA Fall 2018 torus+1,9,7,7,11,7,10.5,7.850912106135986,0.48,0.58,0.5385655058043117,10.604,0.451848511141537,1.5,2,1.75,198,216,207,1.007042628750768,0.6209044521310726,0.6165622332207544,,,
torus_plus1,RGA Fall 2018 torus+1,9,7,7,12,7,10.5,7.850912106135986,0.48,0.58,0.5385655058043117,10.604,0.451848511141537,1.5,2,1.75,216,234,225,1.261407745343825,0.679296554694681,0.5385225809831408,,,
torus_plus1,RGA Fall 2018 torus+1,9,7,7,13,7,10.5,7.850912106135986,0.48,0.58,0.5385655058043117,10.604,0.451848511141537,1.5,2,1.75,234,252,243,1.078905101527303,0.5520452956857355,0.5116717817945783,,,
torus_plus1,RGA Fall 2018 torus+1,9,7,7,14,7,10.5,7.850912106135986,0.48,0.58,0.5385655058043117,10.604,0.451848511141537,1.5,2,1.75,252,270,261,2.986290471262107,1.078081202654976,0.361010160608838,,,
torus_plus1,RGA Fall 2018 torus+1,9,7,7,15,7,10.5,7.850912106135986,0.48,0.58,0.5385655058043117,10.604,0.451848511141537,1.5,2,1.75,270,288,279,1.039604696226702,0.5714824850097561,0.5497113345909084,,,
torus_plus1,RGA Fall 2018 torus+1,9,7,7,16,7,10.5,7.850912106135986,0.48,0.58,0.5385655058043117,10.604,0.451848511141537,1.5,2,1.75,288,306,297,2.977614836870852,1.103277542457131,0.3705239270021087,,,
torus_plus1,RGA Fall 2018 torus+1,9,7,7,17,7,10.5,7.850912106135986,0.48,0.58,0.5385655058043117,10.604,0.451848511141537,1.5,2,1.75,306,324,315,1.750904903303153,1.105781532517989,0.6315485954901873,,,
torus_plus1,RGA Fall 2018 torus+1,9,8,6,0,7,10.5,8.588519706691109,0.58,0.7,0.640760246169962,10.604,0.5369229159501802,1,1.5,1.25,0,18,9,3.535810273200813,0.9602555362203438,0.271580051536834,,,
torus_plus1,RGA Fall 2018 torus+1,9,8,6,1,7,10.5,8.588519706691109,0.58,0.7,0.640760246169962,10.604,0.5369229159501802,1,1.5,1.25,18,36,27,3.081792490636348,0.6977053334967727,0.2263959483374255,,,
torus_plus1,RGA Fall 2018 torus+1,9,8,6,2,7,10.5,8.588519706691109,0.58,0.7,0.640760246169962,10.604,0.5369229159501802,1,1.5,1.25,36,54,45,2.534278420702499,0.5637897921041267,0.2224656089475145,,,
torus_plus1,RGA Fall 2018 torus+1,9,8,6,3,7,10.5,8.588519706691109,0.58,0.7,0.640760246169962,10.604,0.5369229159501802,1,1.5,1.25,54,72,63,3.549057333346292,0.7016950810100566,0.1977130869138287,,,
torus_plus1,RGA Fall 2018 torus+1,9,8,6,4,7,10.5,8.588519706691109,0.58,0.7,0.640760246169962,10.604,0.5369229159501802,1,1.5,1.25,72,90,81,3.855524544112136,0.9114644375941741,0.2364047815455081,,,
torus_plus1,RGA Fall 2018 torus+1,9,8,6,5,7,10.5,8.588519706691109,0.58,0.7,0.640760246169962,10.604,0.5369229159501802,1,1.5,1.25,90,108,99,5.432915931498306,1.345629081399449,0.2476808215635958,,,
torus_plus1,RGA Fall 2018 torus+1,9,8,6,6,7,10.5,8.588519706691109,0.58,0.7,0.640760246169962,10.604,0.5369229159501802,1,1.5,1.25,108,126,117,6.475532644166139,2.379378600628587,0.3674413722201199,,,
torus_plus1,RGA Fall 2018 torus+1,9,8,6,13,7,10.5,8.588519706691109,0.58,0.7,0.640760246169962,10.604,0.5369229159501802,1,1.5,1.25,234,252,243,1.531407117782811,1.221747495539335,0.7977940557754466,,,
torus_plus1,RGA Fall 2018 torus+1,9,8,6,14,7,10.5,8.588519706691109,0.58,0.7,0.640760246169962,10.604,0.5369229159501802,1,1.5,1.25,252,270,261,3.383267539690055,1.082435830245108,0.319937994127497,,,
torus_plus1,RGA Fall 2018 torus+1,9,8,6,15,7,10.5,8.588519706691109,0.58,0.7,0.640760246169962,10.604,0.5369229159501802,1,1.5,1.25,270,288,279,4.448461819908414,1.328057649665274,0.2985431152228291,,,
torus_plus1,RGA Fall 2018 torus+1,9,8,6,16,7,10.5,8.588519706691109,0.58,0.7,0.640760246169962,10.604,0.5369229159501802,1,1.5,1.25,288,306,297,3.849531270121,1.096895491343505,0.2849426110283361,,,
torus_plus1,RGA Fall 2018 torus+1,9,8,6,17,7,10.5,8.588519706691109,0.58,0.7,0.640760246169962,10.604,0.5369229159501802,1,1.5,1.25,306,324,315,3.54703929061316,1.170184935395857,0.3299047006591157,,,
torus_plus1,RGA Fall 2018 torus+1,9,8,6,18,7,10.5,8.588519706691109,0.58,0.7,0.640760246169962,10.604,0.5369229159501802,1,1.5,1.25,324,342,333,2.351555747860056,0.8211676881946066,0.3492018800497836,,,
torus_plus1,RGA Fall 2018 torus+1,9,8,6,19,7,10.5,8.588519706691109,0.58,0.7,0.640760246169962,10.604,0.5369229159501802,1,1.5,1.25,342,360,351,3.850509877406791,1.147519733237102,0.2980176054008526,,,
torus_plus1,RGA Fall 2018 torus+1,9,8,7,0,7,10.5,8.612068965517242,0.58,0.7,0.6435960591133005,10.604,0.5384076743758021,1.5,2,1.75,0,18,9,1.506777667767016,0.6856632407528316,0.4550526965062849,,,
torus_plus1,RGA Fall 2018 torus+1,9,8,7,1,7,10.5,8.612068965517242,0.58,0.7,0.6435960591133005,10.604,0.5384076743758021,1.5,2,1.75,18,36,27,3.144325401190241,0.6868896871253592,0.2184537538212001,,,
torus_plus1,RGA Fall 2018 torus+1,9,8,7,2,7,10.5,8.612068965517242,0.58,0.7,0.6435960591133005,10.604,0.5384076743758021,1.5,2,1.75,36,54,45,2.106983028214558,0.5098678198627176,0.2419895238998559,,,
torus_plus1,RGA Fall 2018 torus+1,9,8,7,3,7,10.5,8.612068965517242,0.58,0.7,0.6435960591133005,10.604,0.5384076743758021,1.5,2,1.75,54,72,63,3.483005520562863,0.7852916017394123,0.2254637832478965,,,
torus_plus1,RGA Fall 2018 torus+1,9,8,7,4,7,10.5,8.612068965517242,0.58,0.7,0.6435960591133005,10.604,0.5384076743758021,1.5,2,1.75,72,90,81,1.169548327829016,0.5521223805055505,0.4720817151099966,,,
torus_plus1,RGA Fall 2018 torus+1,9,8,7,5,7,10.5,8.612068965517242,0.58,0.7,0.6435960591133005,10.604,0.5384076743758021,1.5,2,1.75,90,108,99,1.807805161760913,0.5937575932802814,0.3284411427954577,,,
torus_plus1,RGA Fall 2018 torus+1,9,8,7,6,7,10.5,8.612068965517242,0.58,0.7,0.6435960591133005,10.604,0.5384076743758021,1.5,2,1.75,108,126,117,3.677892235971155,0.8932456796946718,0.2428689103390243,,,
torus_plus1,RGA Fall 2018 torus+1,9,8,7,7,7,10.5,8.612068965517242,0.58,0.7,0.6435960591133005,10.604,0.5384076743758021,1.5,2,1.75,126,144,135,3.828685325153157,2.274786590538708,0.5941430014094227,,,
torus_plus1,RGA Fall 2018 torus+1,9,8,7,13,7,10.5,8.612068965517242,0.58,0.7,0.6435960591133005,10.604,0.5384076743758021,1.5,2,1.75,234,252,243,2.713053140084056,0.7924072608531355,0.2920721489548801,,,
torus_plus1,RGA Fall 2018 torus+1,9,8,7,14,7,10.5,8.612068965517242,0.58,0.7,0.6435960591133005,10.604,0.5384076743758021,1.5,2,1.75,252,270,261,1.913520771119867,0.5565011032154988,0.2908257446768204,,,
torus_plus1,RGA Fall 2018 torus+1,9,8,7,15,7,10.5,8.612068965517242,0.58,0.7,0.6435960591133005,10.604,0.5384076743758021,1.5,2,1.75,270,288,279,1.22576608206916,0.4825492106144234,0.393671531357642,,,
torus_plus1,RGA Fall 2018 torus+1,9,8,7,16,7,10.5,8.612068965517242,0.58,0.7,0.6435960591133005,10.604,0.5384076743758021,1.5,2,1.75,288,306,297,2.433380529990781,0.748898046082209,0.3077603510228819,,,
torus_plus1,RGA Fall 2018 torus+1,9,8,7,17,7,10.5,8.612068965517242,0.58,0.7,0.6435960591133005,10.604,0.5384076743758021,1.5,2,1.75,306,324,315,2.111985475917709,0.7929593588063159,0.3754568238504366,,,
torus_plus1,RGA Fall 2018 torus+1,9,8,7,18,7,10.5,8.612068965517242,0.58,0.7,0.6435960591133005,10.604,0.5384076743758021,1.5,2,1.75,324,342,333,1.793454770173459,0.8039486066604546,0.4482681247560531,,,
torus_plus1,RGA Fall 2018 torus+1,9,8,7,19,7,10.5,8.612068965517242,0.58,0.7,0.6435960591133005,10.604,0.5384076743758021,1.5,2,1.75,342,360,351,1.897502647285246,0.7842799913197553,0.4133222119304147,,,
