campaign_key,campaign_label,iq2,ixb,it,iphi,Q2_low_GeV2,Q2_high_GeV2,Q2_flux_coordinate_GeV2,xB_low,xB_high,xB_flux_coordinate,beam_energy_GeV,virtual_photon_epsilon,minus_t_low_GeV2,minus_t_high_GeV2,minus_t_center_GeV2,phi_low_deg,phi_high_deg,phi_center_deg,reduced_cross_section_nb_per_GeV2_rad,propagated_statistical_and_finite_MC_uncertainty_nb_per_GeV2_rad,relative_uncertainty,combination_contributor_count,torus_plus1_BLUE_weight,torus_minus1_BLUE_weight
rgk6535,"RGK Fall 2018, 6.535 GeV, torus+1",0,0,4,9,1,1.5,1.013888888888889,0.05,0.1,0.09861111111111111,6.535,0.299905031459897,0.4,0.6,0.5,162,180,171,59.19689204456657,65.91070028895435,1.113414877242766,,,
rgk6535,"RGK Fall 2018, 6.535 GeV, torus+1",0,0,4,11,1,1.5,1.013888888888889,0.05,0.1,0.09861111111111111,6.535,0.299905031459897,0.4,0.6,0.5,198,216,207,9.355092589469002,20.62849486730698,2.20505512586037,,,
rgk6535,"RGK Fall 2018, 6.535 GeV, torus+1",0,0,5,11,1,1.5,1.013888888888889,0.05,0.1,0.09861111111111111,6.535,0.299905031459897,0.6,1,0.8,198,216,207,11.49831310105786,24.57852561153491,2.137576651071856,,,
rgk6535,"RGK Fall 2018, 6.535 GeV, torus+1",0,0,6,9,1,1.5,1.013888888888889,0.05,0.1,0.09861111111111111,6.535,0.299905031459897,1,1.5,1.25,162,180,171,7.733034265086308,11.88972286953143,1.537523624227563,,,
rgk6535,"RGK Fall 2018, 6.535 GeV, torus+1",0,0,6,17,1,1.5,1.013888888888889,0.05,0.1,0.09861111111111111,6.535,0.299905031459897,1,1.5,1.25,306,324,315,32.39589438510765,30.16632339562706,0.9311773596068542,,,
rgk6535,"RGK Fall 2018, 6.535 GeV, torus+1",0,1,0,4,1,1.5,1.183757062146893,0.1,0.15,0.1321327683615819,6.535,0.4832631687963477,0.09,0.15,0.12,72,90,81,84.90552475248026,19.92597326206741,0.2346840599614259,,,
rgk6535,"RGK Fall 2018, 6.535 GeV, torus+1",0,1,0,5,1,1.5,1.183757062146893,0.1,0.15,0.1321327683615819,6.535,0.4832631687963477,0.09,0.15,0.12,90,108,99,50.43861459241072,13.51348431708108,0.2679194190062944,,,
rgk6535,"RGK Fall 2018, 6.535 GeV, torus+1",0,1,0,6,1,1.5,1.183757062146893,0.1,0.15,0.1321327683615819,6.535,0.4832631687963477,0.09,0.15,0.12,108,126,117,75.8214774548848,13.80711536241029,0.1821003207254275,,,
rgk6535,"RGK Fall 2018, 6.535 GeV, torus+1",0,1,0,7,1,1.5,1.183757062146893,0.1,0.15,0.1321327683615819,6.535,0.4832631687963477,0.09,0.15,0.12,126,144,135,55.81503759883475,11.509717228166,0.2062117616204256,,,
rgk6535,"RGK Fall 2018, 6.535 GeV, torus+1",0,1,0,8,1,1.5,1.183757062146893,0.1,0.15,0.1321327683615819,6.535,0.4832631687963477,0.09,0.15,0.12,144,162,153,24.09366708488235,6.325987181014122,0.2625580887594892,,,
rgk6535,"RGK Fall 2018, 6.535 GeV, torus+1",0,1,0,9,1,1.5,1.183757062146893,0.1,0.15,0.1321327683615819,6.535,0.4832631687963477,0.09,0.15,0.12,162,180,171,32.97821272034997,9.501705770115748,0.2881207011031408,,,
rgk6535,"RGK Fall 2018, 6.535 GeV, torus+1",0,1,0,10,1,1.5,1.183757062146893,0.1,0.15,0.1321327683615819,6.535,0.4832631687963477,0.09,0.15,0.12,180,198,189,26.13563621107124,9.881484703843586,0.3780847201897354,,,
rgk6535,"RGK Fall 2018, 6.535 GeV, torus+1",0,1,0,11,1,1.5,1.183757062146893,0.1,0.15,0.1321327683615819,6.535,0.4832631687963477,0.09,0.15,0.12,198,216,207,30.55777615997895,10.32629562174079,0.3379269344627566,,,
rgk6535,"RGK Fall 2018, 6.535 GeV, torus+1",0,1,0,12,1,1.5,1.183757062146893,0.1,0.15,0.1321327683615819,6.535,0.4832631687963477,0.09,0.15,0.12,216,234,225,37.66396142225663,12.8165303780502,0.3402863080269771,,,
rgk6535,"RGK Fall 2018, 6.535 GeV, torus+1",0,1,0,13,1,1.5,1.183757062146893,0.1,0.15,0.1321327683615819,6.535,0.4832631687963477,0.09,0.15,0.12,234,252,243,52.29838214904473,12.84453224984408,0.2456009482901126,,,
rgk6535,"RGK Fall 2018, 6.535 GeV, torus+1",0,1,0,14,1,1.5,1.183757062146893,0.1,0.15,0.1321327683615819,6.535,0.4832631687963477,0.09,0.15,0.12,252,270,261,108.4748807086372,22.47405639461008,0.2071821259243903,,,
rgk6535,"RGK Fall 2018, 6.535 GeV, torus+1",0,1,0,15,1,1.5,1.183757062146893,0.1,0.15,0.1321327683615819,6.535,0.4832631687963477,0.09,0.15,0.12,270,288,279,58.87636070763395,19.93553091600981,0.338599918140405,,,
rgk6535,"RGK Fall 2018, 6.535 GeV, torus+1",0,1,1,4,1,1.5,1.183757062146893,0.1,0.15,0.1321327683615819,6.535,0.4832631687963477,0.15,0.2,0.175,72,90,81,78.09190407252309,13.94938303441505,0.1786277745444703,,,
rgk6535,"RGK Fall 2018, 6.535 GeV, torus+1",0,1,1,5,1,1.5,1.183757062146893,0.1,0.15,0.1321327683615819,6.535,0.4832631687963477,0.15,0.2,0.175,90,108,99,75.08764313249921,9.697395876943553,0.1291476929144198,,,
rgk6535,"RGK Fall 2018, 6.535 GeV, torus+1",0,1,1,6,1,1.5,1.183757062146893,0.1,0.15,0.1321327683615819,6.535,0.4832631687963477,0.15,0.2,0.175,108,126,117,46.19498813557348,6.606039291128119,0.1430033767243462,,,
rgk6535,"RGK Fall 2018, 6.535 GeV, torus+1",0,1,1,7,1,1.5,1.183757062146893,0.1,0.15,0.1321327683615819,6.535,0.4832631687963477,0.15,0.2,0.175,126,144,135,48.592169524445,5.99735096983979,0.1234221692205518,,,
rgk6535,"RGK Fall 2018, 6.535 GeV, torus+1",0,1,1,8,1,1.5,1.183757062146893,0.1,0.15,0.1321327683615819,6.535,0.4832631687963477,0.15,0.2,0.175,144,162,153,31.3975114202726,4.314227220432221,0.1374066613969485,,,
rgk6535,"RGK Fall 2018, 6.535 GeV, torus+1",0,1,1,9,1,1.5,1.183757062146893,0.1,0.15,0.1321327683615819,6.535,0.4832631687963477,0.15,0.2,0.175,162,180,171,27.47127430650099,4.073928137750808,0.1482977488520336,,,
rgk6535,"RGK Fall 2018, 6.535 GeV, torus+1",0,1,1,10,1,1.5,1.183757062146893,0.1,0.15,0.1321327683615819,6.535,0.4832631687963477,0.15,0.2,0.175,180,198,189,26.75382784737181,5.403539825000517,0.201972587093975,,,
rgk6535,"RGK Fall 2018, 6.535 GeV, torus+1",0,1,1,11,1,1.5,1.183757062146893,0.1,0.15,0.1321327683615819,6.535,0.4832631687963477,0.15,0.2,0.175,198,216,207,27.85141666889036,6.017184175387575,0.2160458926352814,,,
rgk6535,"RGK Fall 2018, 6.535 GeV, torus+1",0,1,1,12,1,1.5,1.183757062146893,0.1,0.15,0.1321327683615819,6.535,0.4832631687963477,0.15,0.2,0.175,216,234,225,41.48559438990421,7.908709342190525,0.1906374841314835,,,
rgk6535,"RGK Fall 2018, 6.535 GeV, torus+1",0,1,1,13,1,1.5,1.183757062146893,0.1,0.15,0.1321327683615819,6.535,0.4832631687963477,0.15,0.2,0.175,234,252,243,49.32569008318797,7.343266958445765,0.148873070930408,,,
rgk6535,"RGK Fall 2018, 6.535 GeV, torus+1",0,1,1,14,1,1.5,1.183757062146893,0.1,0.15,0.1321327683615819,6.535,0.4832631687963477,0.15,0.2,0.175,252,270,261,51.99369114586295,8.325104084736072,0.1601175816000608,,,
rgk6535,"RGK Fall 2018, 6.535 GeV, torus+1",0,1,1,15,1,1.5,1.183757062146893,0.1,0.15,0.1321327683615819,6.535,0.4832631687963477,0.15,0.2,0.175,270,288,279,110.5317717010438,18.03780705395095,0.1631911510722724,,,
rgk6535,"RGK Fall 2018, 6.535 GeV, torus+1",0,1,1,16,1,1.5,1.183757062146893,0.1,0.15,0.1321327683615819,6.535,0.4832631687963477,0.15,0.2,0.175,288,306,297,69.62699428738115,19.99835342215234,0.2872212656431838,,,
rgk6535,"RGK Fall 2018, 6.535 GeV, torus+1",0,1,2,3,1,1.5,1.183757062146893,0.1,0.15,0.1321327683615819,6.535,0.4832631687963477,0.2,0.3,0.25,54,72,63,52.92421599705839,20.49370971655125,0.3872274596885918,,,
rgk6535,"RGK Fall 2018, 6.535 GeV, torus+1",0,1,2,4,1,1.5,1.183757062146893,0.1,0.15,0.1321327683615819,6.535,0.4832631687963477,0.2,0.3,0.25,72,90,81,62.25943988331289,8.374846689648733,0.1345152912609708,,,
rgk6535,"RGK Fall 2018, 6.535 GeV, torus+1",0,1,2,5,1,1.5,1.183757062146893,0.1,0.15,0.1321327683615819,6.535,0.4832631687963477,0.2,0.3,0.25,90,108,99,65.2502240754187,6.317947934592683,0.09682645575730371,,,
rgk6535,"RGK Fall 2018, 6.535 GeV, torus+1",0,1,2,6,1,1.5,1.183757062146893,0.1,0.15,0.1321327683615819,6.535,0.4832631687963477,0.2,0.3,0.25,108,126,117,58.73669016779257,5.262651592758421,0.08959734669632646,,,
rgk6535,"RGK Fall 2018, 6.535 GeV, torus+1",0,1,2,7,1,1.5,1.183757062146893,0.1,0.15,0.1321327683615819,6.535,0.4832631687963477,0.2,0.3,0.25,126,144,135,38.00129794777546,3.277143626684904,0.08623767617591976,,,
rgk6535,"RGK Fall 2018, 6.535 GeV, torus+1",0,1,2,8,1,1.5,1.183757062146893,0.1,0.15,0.1321327683615819,6.535,0.4832631687963477,0.2,0.3,0.25,144,162,153,28.07985580641761,2.714406073445493,0.09666737935403215,,,
rgk6535,"RGK Fall 2018, 6.535 GeV, torus+1",0,1,2,9,1,1.5,1.183757062146893,0.1,0.15,0.1321327683615819,6.535,0.4832631687963477,0.2,0.3,0.25,162,180,171,18.45053456695342,2.158843299852735,0.1170070868146779,,,
rgk6535,"RGK Fall 2018, 6.535 GeV, torus+1",0,1,2,10,1,1.5,1.183757062146893,0.1,0.15,0.1321327683615819,6.535,0.4832631687963477,0.2,0.3,0.25,180,198,189,17.28409872478895,3.158890414791994,0.1827628078900924,,,
rgk6535,"RGK Fall 2018, 6.535 GeV, torus+1",0,1,2,11,1,1.5,1.183757062146893,0.1,0.15,0.1321327683615819,6.535,0.4832631687963477,0.2,0.3,0.25,198,216,207,25.81930611732092,3.566509746732998,0.1381334467520953,,,
rgk6535,"RGK Fall 2018, 6.535 GeV, torus+1",0,1,2,12,1,1.5,1.183757062146893,0.1,0.15,0.1321327683615819,6.535,0.4832631687963477,0.2,0.3,0.25,216,234,225,30.00265961439963,4.010745534118227,0.1336796665917341,,,
rgk6535,"RGK Fall 2018, 6.535 GeV, torus+1",0,1,2,13,1,1.5,1.183757062146893,0.1,0.15,0.1321327683615819,6.535,0.4832631687963477,0.2,0.3,0.25,234,252,243,40.43342987432774,3.942874154337716,0.09751520379529197,,,
rgk6535,"RGK Fall 2018, 6.535 GeV, torus+1",0,1,2,14,1,1.5,1.183757062146893,0.1,0.15,0.1321327683615819,6.535,0.4832631687963477,0.2,0.3,0.25,252,270,261,53.00365864034806,4.935352182012074,0.09311342478262676,,,
rgk6535,"RGK Fall 2018, 6.535 GeV, torus+1",0,1,2,15,1,1.5,1.183757062146893,0.1,0.15,0.1321327683615819,6.535,0.4832631687963477,0.2,0.3,0.25,270,288,279,66.80415934286975,7.407051197500691,0.1108770961323574,,,
rgk6535,"RGK Fall 2018, 6.535 GeV, torus+1",0,1,2,16,1,1.5,1.183757062146893,0.1,0.15,0.1321327683615819,6.535,0.4832631687963477,0.2,0.3,0.25,288,306,297,55.1480035860337,11.35425343173761,0.2058869350369936,,,
rgk6535,"RGK Fall 2018, 6.535 GeV, torus+1",0,1,3,3,1,1.5,1.183757062146893,0.1,0.15,0.1321327683615819,6.535,0.4832631687963477,0.3,0.4,0.35,54,72,63,53.15494916805674,9.679686768360767,0.1821032080711261,,,
rgk6535,"RGK Fall 2018, 6.535 GeV, torus+1",0,1,3,4,1,1.5,1.183757062146893,0.1,0.15,0.1321327683615819,6.535,0.4832631687963477,0.3,0.4,0.35,72,90,81,43.85875060709959,7.074043345935833,0.1612914925303578,,,
rgk6535,"RGK Fall 2018, 6.535 GeV, torus+1",0,1,3,5,1,1.5,1.183757062146893,0.1,0.15,0.1321327683615819,6.535,0.4832631687963477,0.3,0.4,0.35,90,108,99,45.91416621452831,5.736462542707983,0.1249388373057907,,,
rgk6535,"RGK Fall 2018, 6.535 GeV, torus+1",0,1,3,6,1,1.5,1.183757062146893,0.1,0.15,0.1321327683615819,6.535,0.4832631687963477,0.3,0.4,0.35,108,126,117,42.25832445209667,4.666848436113656,0.1104361920786499,,,
rgk6535,"RGK Fall 2018, 6.535 GeV, torus+1",0,1,3,7,1,1.5,1.183757062146893,0.1,0.15,0.1321327683615819,6.535,0.4832631687963477,0.3,0.4,0.35,126,144,135,32.73424978273891,3.040090283246787,0.09287184839806091,,,
rgk6535,"RGK Fall 2018, 6.535 GeV, torus+1",0,1,3,8,1,1.5,1.183757062146893,0.1,0.15,0.1321327683615819,6.535,0.4832631687963477,0.3,0.4,0.35,144,162,153,21.54078271074263,2.004456382154023,0.09305401800252959,,,
rgk6535,"RGK Fall 2018, 6.535 GeV, torus+1",0,1,3,9,1,1.5,1.183757062146893,0.1,0.15,0.1321327683615819,6.535,0.4832631687963477,0.3,0.4,0.35,162,180,171,16.14522750809619,1.770494175410155,0.1096605281357802,,,
rgk6535,"RGK Fall 2018, 6.535 GeV, torus+1",0,1,3,10,1,1.5,1.183757062146893,0.1,0.15,0.1321327683615819,6.535,0.4832631687963477,0.3,0.4,0.35,180,198,189,14.33217053767535,2.369691135951055,0.165340701865205,,,
rgk6535,"RGK Fall 2018, 6.535 GeV, torus+1",0,1,3,11,1,1.5,1.183757062146893,0.1,0.15,0.1321327683615819,6.535,0.4832631687963477,0.3,0.4,0.35,198,216,207,19.18171765003369,2.862577151530986,0.1492346620755289,,,
rgk6535,"RGK Fall 2018, 6.535 GeV, torus+1",0,1,3,12,1,1.5,1.183757062146893,0.1,0.15,0.1321327683615819,6.535,0.4832631687963477,0.3,0.4,0.35,216,234,225,30.37206650638516,3.816329368585861,0.1256526080562727,,,
rgk6535,"RGK Fall 2018, 6.535 GeV, torus+1",0,1,3,13,1,1.5,1.183757062146893,0.1,0.15,0.1321327683615819,6.535,0.4832631687963477,0.3,0.4,0.35,234,252,243,33.13642673577084,3.387978823637966,0.1022433363335654,,,
rgk6535,"RGK Fall 2018, 6.535 GeV, torus+1",0,1,3,14,1,1.5,1.183757062146893,0.1,0.15,0.1321327683615819,6.535,0.4832631687963477,0.3,0.4,0.35,252,270,261,38.73067309996619,3.675616031984529,0.09490194044646585,,,
rgk6535,"RGK Fall 2018, 6.535 GeV, torus+1",0,1,3,15,1,1.5,1.183757062146893,0.1,0.15,0.1321327683615819,6.535,0.4832631687963477,0.3,0.4,0.35,270,288,279,41.06412983979307,4.352740865874712,0.1059986144320219,,,
rgk6535,"RGK Fall 2018, 6.535 GeV, torus+1",0,1,3,16,1,1.5,1.183757062146893,0.1,0.15,0.1321327683615819,6.535,0.4832631687963477,0.3,0.4,0.35,288,306,297,48.07255093287485,7.827594675740055,0.1628287770014527,,,
rgk6535,"RGK Fall 2018, 6.535 GeV, torus+1",0,1,4,2,1,1.5,1.183757062146893,0.1,0.15,0.1321327683615819,6.535,0.4832631687963477,0.4,0.6,0.5,36,54,45,23.90345760036764,7.819803765077102,0.327141114721279,,,
rgk6535,"RGK Fall 2018, 6.535 GeV, torus+1",0,1,4,3,1,1.5,1.183757062146893,0.1,0.15,0.1321327683615819,6.535,0.4832631687963477,0.4,0.6,0.5,54,72,63,26.46588166622573,3.161530903463626,0.1194568517812952,,,
rgk6535,"RGK Fall 2018, 6.535 GeV, torus+1",0,1,4,4,1,1.5,1.183757062146893,0.1,0.15,0.1321327683615819,6.535,0.4832631687963477,0.4,0.6,0.5,72,90,81,26.15603394212452,3.084375508819549,0.1179221404760504,,,
rgk6535,"RGK Fall 2018, 6.535 GeV, torus+1",0,1,4,5,1,1.5,1.183757062146893,0.1,0.15,0.1321327683615819,6.535,0.4832631687963477,0.4,0.6,0.5,90,108,99,27.30485979646675,2.839926370381119,0.1040080920228203,,,
rgk6535,"RGK Fall 2018, 6.535 GeV, torus+1",0,1,4,6,1,1.5,1.183757062146893,0.1,0.15,0.1321327683615819,6.535,0.4832631687963477,0.4,0.6,0.5,108,126,117,17.61603463781369,1.932054342365603,0.1096758937007511,,,
rgk6535,"RGK Fall 2018, 6.535 GeV, torus+1",0,1,4,7,1,1.5,1.183757062146893,0.1,0.15,0.1321327683615819,6.535,0.4832631687963477,0.4,0.6,0.5,126,144,135,21.22803371581385,1.675989369505491,0.07895170094142825,,,
rgk6535,"RGK Fall 2018, 6.535 GeV, torus+1",0,1,4,8,1,1.5,1.183757062146893,0.1,0.15,0.1321327683615819,6.535,0.4832631687963477,0.4,0.6,0.5,144,162,153,14.58596626444712,1.189526931038187,0.08155283712246238,,,
rgk6535,"RGK Fall 2018, 6.535 GeV, torus+1",0,1,4,9,1,1.5,1.183757062146893,0.1,0.15,0.1321327683615819,6.535,0.4832631687963477,0.4,0.6,0.5,162,180,171,11.10806241804002,1.066615230006525,0.09602171736758436,,,
rgk6535,"RGK Fall 2018, 6.535 GeV, torus+1",0,1,4,10,1,1.5,1.183757062146893,0.1,0.15,0.1321327683615819,6.535,0.4832631687963477,0.4,0.6,0.5,180,198,189,10.71716701915321,1.341595457831077,0.1251819119207008,,,
rgk6535,"RGK Fall 2018, 6.535 GeV, torus+1",0,1,4,11,1,1.5,1.183757062146893,0.1,0.15,0.1321327683615819,6.535,0.4832631687963477,0.4,0.6,0.5,198,216,207,16.91726601764749,1.508909220171284,0.08919344405870568,,,
rgk6535,"RGK Fall 2018, 6.535 GeV, torus+1",0,1,4,12,1,1.5,1.183757062146893,0.1,0.15,0.1321327683615819,6.535,0.4832631687963477,0.4,0.6,0.5,216,234,225,15.39090328156366,1.763133082609484,0.1145568294696188,,,
rgk6535,"RGK Fall 2018, 6.535 GeV, torus+1",0,1,4,13,1,1.5,1.183757062146893,0.1,0.15,0.1321327683615819,6.535,0.4832631687963477,0.4,0.6,0.5,234,252,243,24.07921502901835,1.918847714780502,0.07968896463061856,,,
rgk6535,"RGK Fall 2018, 6.535 GeV, torus+1",0,1,4,14,1,1.5,1.183757062146893,0.1,0.15,0.1321327683615819,6.535,0.4832631687963477,0.4,0.6,0.5,252,270,261,27.35671004334322,1.752078339563534,0.06404565230203445,,,
rgk6535,"RGK Fall 2018, 6.535 GeV, torus+1",0,1,4,15,1,1.5,1.183757062146893,0.1,0.15,0.1321327683615819,6.535,0.4832631687963477,0.4,0.6,0.5,270,288,279,29.27735270619656,2.42231384609297,0.08273677850594351,,,
rgk6535,"RGK Fall 2018, 6.535 GeV, torus+1",0,1,4,16,1,1.5,1.183757062146893,0.1,0.15,0.1321327683615819,6.535,0.4832631687963477,0.4,0.6,0.5,288,306,297,26.21482680784646,3.215302417734956,0.1226520564603758,,,
rgk6535,"RGK Fall 2018, 6.535 GeV, torus+1",0,1,5,2,1,1.5,1.183757062146893,0.1,0.15,0.1321327683615819,6.535,0.4832631687963477,0.6,1,0.8,36,54,45,8.249396143908299,1.647494325094866,0.1997108996046269,,,
rgk6535,"RGK Fall 2018, 6.535 GeV, torus+1",0,1,5,3,1,1.5,1.183757062146893,0.1,0.15,0.1321327683615819,6.535,0.4832631687963477,0.6,1,0.8,54,72,63,11.62124148443997,1.273187679291647,0.1095569420011069,,,
rgk6535,"RGK Fall 2018, 6.535 GeV, torus+1",0,1,5,4,1,1.5,1.183757062146893,0.1,0.15,0.1321327683615819,6.535,0.4832631687963477,0.6,1,0.8,72,90,81,10.71887322935409,1.124891332614455,0.1049449236449492,,,
rgk6535,"RGK Fall 2018, 6.535 GeV, torus+1",0,1,5,5,1,1.5,1.183757062146893,0.1,0.15,0.1321327683615819,6.535,0.4832631687963477,0.6,1,0.8,90,108,99,11.40624915102799,1.114598693796603,0.09771824892113198,,,
rgk6535,"RGK Fall 2018, 6.535 GeV, torus+1",0,1,5,6,1,1.5,1.183757062146893,0.1,0.15,0.1321327683615819,6.535,0.4832631687963477,0.6,1,0.8,108,126,117,10.98918918348348,1.088344070642295,0.09903770446304205,,,
rgk6535,"RGK Fall 2018, 6.535 GeV, torus+1",0,1,5,7,1,1.5,1.183757062146893,0.1,0.15,0.1321327683615819,6.535,0.4832631687963477,0.6,1,0.8,126,144,135,9.339530640556474,0.770024451763946,0.08244787467371764,,,
rgk6535,"RGK Fall 2018, 6.535 GeV, torus+1",0,1,5,8,1,1.5,1.183757062146893,0.1,0.15,0.1321327683615819,6.535,0.4832631687963477,0.6,1,0.8,144,162,153,8.389858743314733,0.6364122471459845,0.0758549418550217,,,
rgk6535,"RGK Fall 2018, 6.535 GeV, torus+1",0,1,5,9,1,1.5,1.183757062146893,0.1,0.15,0.1321327683615819,6.535,0.4832631687963477,0.6,1,0.8,162,180,171,6.887308299216548,0.6512833109800882,0.09456282232264433,,,
rgk6535,"RGK Fall 2018, 6.535 GeV, torus+1",0,1,5,10,1,1.5,1.183757062146893,0.1,0.15,0.1321327683615819,6.535,0.4832631687963477,0.6,1,0.8,180,198,189,6.095365768793874,0.6851504011632435,0.1124051332031578,,,
rgk6535,"RGK Fall 2018, 6.535 GeV, torus+1",0,1,5,11,1,1.5,1.183757062146893,0.1,0.15,0.1321327683615819,6.535,0.4832631687963477,0.6,1,0.8,198,216,207,7.045219150694172,0.7108648266387371,0.1009003143030256,,,
rgk6535,"RGK Fall 2018, 6.535 GeV, torus+1",0,1,5,12,1,1.5,1.183757062146893,0.1,0.15,0.1321327683615819,6.535,0.4832631687963477,0.6,1,0.8,216,234,225,9.252848297202078,0.820397859387579,0.08866435858844189,,,
rgk6535,"RGK Fall 2018, 6.535 GeV, torus+1",0,1,5,13,1,1.5,1.183757062146893,0.1,0.15,0.1321327683615819,6.535,0.4832631687963477,0.6,1,0.8,234,252,243,10.56033471608886,0.828710601885664,0.07847389539870443,,,
rgk6535,"RGK Fall 2018, 6.535 GeV, torus+1",0,1,5,14,1,1.5,1.183757062146893,0.1,0.15,0.1321327683615819,6.535,0.4832631687963477,0.6,1,0.8,252,270,261,14.96165425457741,1.011509626039082,0.06760680395549296,,,
rgk6535,"RGK Fall 2018, 6.535 GeV, torus+1",0,1,5,15,1,1.5,1.183757062146893,0.1,0.15,0.1321327683615819,6.535,0.4832631687963477,0.6,1,0.8,270,288,279,14.84331195530646,1.12347446577445,0.07568893446134231,,,
rgk6535,"RGK Fall 2018, 6.535 GeV, torus+1",0,1,5,16,1,1.5,1.183757062146893,0.1,0.15,0.1321327683615819,6.535,0.4832631687963477,0.6,1,0.8,288,306,297,11.57699496603309,1.395841456171427,0.1205702740881228,,,
rgk6535,"RGK Fall 2018, 6.535 GeV, torus+1",0,1,5,17,1,1.5,1.183757062146893,0.1,0.15,0.1321327683615819,6.535,0.4832631687963477,0.6,1,0.8,306,324,315,7.758423202095586,1.573454710301027,0.2028059915416872,,,
rgk6535,"RGK Fall 2018, 6.535 GeV, torus+1",0,1,6,1,1,1.5,1.183757062146893,0.1,0.15,0.1321327683615819,6.535,0.4832631687963477,1,1.5,1.25,18,36,27,2.33250737831547,0.8758182662312025,0.3754835994832805,,,
rgk6535,"RGK Fall 2018, 6.535 GeV, torus+1",0,1,6,2,1,1.5,1.183757062146893,0.1,0.15,0.1321327683615819,6.535,0.4832631687963477,1,1.5,1.25,36,54,45,4.282277888149692,0.9726793689624595,0.2271406467231251,,,
rgk6535,"RGK Fall 2018, 6.535 GeV, torus+1",0,1,6,3,1,1.5,1.183757062146893,0.1,0.15,0.1321327683615819,6.535,0.4832631687963477,1,1.5,1.25,54,72,63,6.117679150893959,0.8177435810073704,0.1336689226155111,,,
rgk6535,"RGK Fall 2018, 6.535 GeV, torus+1",0,1,6,4,1,1.5,1.183757062146893,0.1,0.15,0.1321327683615819,6.535,0.4832631687963477,1,1.5,1.25,72,90,81,5.557133440575091,0.635497197987827,0.1143570160377616,,,
rgk6535,"RGK Fall 2018, 6.535 GeV, torus+1",0,1,6,5,1,1.5,1.183757062146893,0.1,0.15,0.1321327683615819,6.535,0.4832631687963477,1,1.5,1.25,90,108,99,6.589015411155886,0.766976451822442,0.1164022853132004,,,
rgk6535,"RGK Fall 2018, 6.535 GeV, torus+1",0,1,6,6,1,1.5,1.183757062146893,0.1,0.15,0.1321327683615819,6.535,0.4832631687963477,1,1.5,1.25,108,126,117,5.040153235812979,0.7014706706751802,0.1391764571146085,,,
rgk6535,"RGK Fall 2018, 6.535 GeV, torus+1",0,1,6,7,1,1.5,1.183757062146893,0.1,0.15,0.1321327683615819,6.535,0.4832631687963477,1,1.5,1.25,126,144,135,4.197997829729968,0.5590670589294525,0.13317468984147,,,
rgk6535,"RGK Fall 2018, 6.535 GeV, torus+1",0,1,6,8,1,1.5,1.183757062146893,0.1,0.15,0.1321327683615819,6.535,0.4832631687963477,1,1.5,1.25,144,162,153,4.129519146922848,0.4538441224229912,0.109902413883025,,,
rgk6535,"RGK Fall 2018, 6.535 GeV, torus+1",0,1,6,9,1,1.5,1.183757062146893,0.1,0.15,0.1321327683615819,6.535,0.4832631687963477,1,1.5,1.25,162,180,171,2.434071810844789,0.4234081727329363,0.1739505674592175,,,
rgk6535,"RGK Fall 2018, 6.535 GeV, torus+1",0,1,6,10,1,1.5,1.183757062146893,0.1,0.15,0.1321327683615819,6.535,0.4832631687963477,1,1.5,1.25,180,198,189,1.866856489314895,0.3775906678811509,0.2022601469595128,,,
rgk6535,"RGK Fall 2018, 6.535 GeV, torus+1",0,1,6,11,1,1.5,1.183757062146893,0.1,0.15,0.1321327683615819,6.535,0.4832631687963477,1,1.5,1.25,198,216,207,3.597325747911609,0.5171882052637438,0.1437701897205145,,,
rgk6535,"RGK Fall 2018, 6.535 GeV, torus+1",0,1,6,12,1,1.5,1.183757062146893,0.1,0.15,0.1321327683615819,6.535,0.4832631687963477,1,1.5,1.25,216,234,225,4.04161518623904,0.5250495184506775,0.1299108139335914,,,
rgk6535,"RGK Fall 2018, 6.535 GeV, torus+1",0,1,6,13,1,1.5,1.183757062146893,0.1,0.15,0.1321327683615819,6.535,0.4832631687963477,1,1.5,1.25,234,252,243,6.166597863404478,0.6600288052611845,0.107032892347028,,,
rgk6535,"RGK Fall 2018, 6.535 GeV, torus+1",0,1,6,14,1,1.5,1.183757062146893,0.1,0.15,0.1321327683615819,6.535,0.4832631687963477,1,1.5,1.25,252,270,261,7.931395611207323,0.7858312181869855,0.09907855523895191,,,
rgk6535,"RGK Fall 2018, 6.535 GeV, torus+1",0,1,6,15,1,1.5,1.183757062146893,0.1,0.15,0.1321327683615819,6.535,0.4832631687963477,1,1.5,1.25,270,288,279,6.370647858740446,0.792515220620856,0.1244010402385584,,,
rgk6535,"RGK Fall 2018, 6.535 GeV, torus+1",0,1,6,16,1,1.5,1.183757062146893,0.1,0.15,0.1321327683615819,6.535,0.4832631687963477,1,1.5,1.25,288,306,297,5.667716846295306,0.7710050861607998,0.1360345103804482,,,
rgk6535,"RGK Fall 2018, 6.535 GeV, torus+1",0,1,6,17,1,1.5,1.183757062146893,0.1,0.15,0.1321327683615819,6.535,0.4832631687963477,1,1.5,1.25,306,324,315,4.098424609929737,0.7107792036063867,0.1734274193758007,,,
rgk6535,"RGK Fall 2018, 6.535 GeV, torus+1",0,1,7,0,1,1.5,1.183757062146893,0.1,0.15,0.1321327683615819,6.535,0.4832631687963477,1.5,2,1.75,0,18,9,2.825870979665811,1.296033107190898,0.4586313800300139,,,
rgk6535,"RGK Fall 2018, 6.535 GeV, torus+1",0,1,7,1,1,1.5,1.183757062146893,0.1,0.15,0.1321327683615819,6.535,0.4832631687963477,1.5,2,1.75,18,36,27,1.354413224100642,0.4323355639919467,0.3192050670348603,,,
rgk6535,"RGK Fall 2018, 6.535 GeV, torus+1",0,1,7,2,1,1.5,1.183757062146893,0.1,0.15,0.1321327683615819,6.535,0.4832631687963477,1.5,2,1.75,36,54,45,2.359907880262997,0.6392496290054451,0.2708790603022202,,,
rgk6535,"RGK Fall 2018, 6.535 GeV, torus+1",0,1,7,3,1,1.5,1.183757062146893,0.1,0.15,0.1321327683615819,6.535,0.4832631687963477,1.5,2,1.75,54,72,63,2.380728599172261,0.5772543726093242,0.242469625815402,,,
rgk6535,"RGK Fall 2018, 6.535 GeV, torus+1",0,1,7,4,1,1.5,1.183757062146893,0.1,0.15,0.1321327683615819,6.535,0.4832631687963477,1.5,2,1.75,72,90,81,3.357376173905672,0.5859941246473873,0.1745393111447782,,,
rgk6535,"RGK Fall 2018, 6.535 GeV, torus+1",0,1,7,5,1,1.5,1.183757062146893,0.1,0.15,0.1321327683615819,6.535,0.4832631687963477,1.5,2,1.75,90,108,99,3.206535151154849,0.6357587890849001,0.1982697083036587,,,
rgk6535,"RGK Fall 2018, 6.535 GeV, torus+1",0,1,7,6,1,1.5,1.183757062146893,0.1,0.15,0.1321327683615819,6.535,0.4832631687963477,1.5,2,1.75,108,126,117,3.058631859092891,0.6001363148835696,0.1962107054824029,,,
rgk6535,"RGK Fall 2018, 6.535 GeV, torus+1",0,1,7,7,1,1.5,1.183757062146893,0.1,0.15,0.1321327683615819,6.535,0.4832631687963477,1.5,2,1.75,126,144,135,2.746486519150303,0.405859843455502,0.1477741982804508,,,
rgk6535,"RGK Fall 2018, 6.535 GeV, torus+1",0,1,7,8,1,1.5,1.183757062146893,0.1,0.15,0.1321327683615819,6.535,0.4832631687963477,1.5,2,1.75,144,162,153,1.939735580643406,0.2796488220768483,0.1441685273330344,,,
rgk6535,"RGK Fall 2018, 6.535 GeV, torus+1",0,1,7,9,1,1.5,1.183757062146893,0.1,0.15,0.1321327683615819,6.535,0.4832631687963477,1.5,2,1.75,162,180,171,1.315764737173164,0.2530936446364657,0.1923547861452961,,,
rgk6535,"RGK Fall 2018, 6.535 GeV, torus+1",0,1,7,10,1,1.5,1.183757062146893,0.1,0.15,0.1321327683615819,6.535,0.4832631687963477,1.5,2,1.75,180,198,189,1.410808444725508,0.2887544661509353,0.2046730491516986,,,
rgk6535,"RGK Fall 2018, 6.535 GeV, torus+1",0,1,7,11,1,1.5,1.183757062146893,0.1,0.15,0.1321327683615819,6.535,0.4832631687963477,1.5,2,1.75,198,216,207,1.887493498026689,0.2854972371836771,0.1512573354462703,,,
rgk6535,"RGK Fall 2018, 6.535 GeV, torus+1",0,1,7,12,1,1.5,1.183757062146893,0.1,0.15,0.1321327683615819,6.535,0.4832631687963477,1.5,2,1.75,216,234,225,2.282312068073498,0.3877752156330371,0.1699045547090143,,,
rgk6535,"RGK Fall 2018, 6.535 GeV, torus+1",0,1,7,13,1,1.5,1.183757062146893,0.1,0.15,0.1321327683615819,6.535,0.4832631687963477,1.5,2,1.75,234,252,243,3.150726061666267,0.4573206087177469,0.1451476896966067,,,
rgk6535,"RGK Fall 2018, 6.535 GeV, torus+1",0,1,7,14,1,1.5,1.183757062146893,0.1,0.15,0.1321327683615819,6.535,0.4832631687963477,1.5,2,1.75,252,270,261,2.563804398229274,0.5511419245408087,0.2149703483313557,,,
rgk6535,"RGK Fall 2018, 6.535 GeV, torus+1",0,1,7,15,1,1.5,1.183757062146893,0.1,0.15,0.1321327683615819,6.535,0.4832631687963477,1.5,2,1.75,270,288,279,2.736910314690497,0.5790156316035563,0.2115581312605175,,,
rgk6535,"RGK Fall 2018, 6.535 GeV, torus+1",0,1,7,16,1,1.5,1.183757062146893,0.1,0.15,0.1321327683615819,6.535,0.4832631687963477,1.5,2,1.75,288,306,297,2.107842215473296,0.5705529220800385,0.2706810395444738,,,
rgk6535,"RGK Fall 2018, 6.535 GeV, torus+1",0,1,7,17,1,1.5,1.183757062146893,0.1,0.15,0.1321327683615819,6.535,0.4832631687963477,1.5,2,1.75,306,324,315,2.583534450030233,0.6259386723584481,0.2422799790229712,,,
rgk6535,"RGK Fall 2018, 6.535 GeV, torus+1",0,1,7,18,1,1.5,1.183757062146893,0.1,0.15,0.1321327683615819,6.535,0.4832631687963477,1.5,2,1.75,324,342,333,0.4201844110703696,0.4670748267063225,1.11159484835838,,,
rgk6535,"RGK Fall 2018, 6.535 GeV, torus+1",0,2,0,1,1,1.5,1.25,0.15,0.2,0.175,6.535,0.6900419620784715,0.09,0.15,0.12,18,36,27,87.35424307769384,17.68618211730224,0.2024650605875201,,,
rgk6535,"RGK Fall 2018, 6.535 GeV, torus+1",0,2,0,2,1,1.5,1.25,0.15,0.2,0.175,6.535,0.6900419620784715,0.09,0.15,0.12,36,54,45,107.0807638591087,16.11046719252854,0.1504515527525172,,,
rgk6535,"RGK Fall 2018, 6.535 GeV, torus+1",0,2,0,3,1,1.5,1.25,0.15,0.2,0.175,6.535,0.6900419620784715,0.09,0.15,0.12,54,72,63,159.6962541978197,19.41034072088897,0.1215453726099605,,,
rgk6535,"RGK Fall 2018, 6.535 GeV, torus+1",0,2,0,4,1,1.5,1.25,0.15,0.2,0.175,6.535,0.6900419620784715,0.09,0.15,0.12,72,90,81,120.3605694753149,13.05307447689822,0.1084497567085317,,,
rgk6535,"RGK Fall 2018, 6.535 GeV, torus+1",0,2,0,5,1,1.5,1.25,0.15,0.2,0.175,6.535,0.6900419620784715,0.09,0.15,0.12,90,108,99,118.9840179273804,14.53370349980669,0.1221483670914278,,,
rgk6535,"RGK Fall 2018, 6.535 GeV, torus+1",0,2,0,6,1,1.5,1.25,0.15,0.2,0.175,6.535,0.6900419620784715,0.09,0.15,0.12,108,126,117,99.8439393694905,19.43129370925271,0.1946166570746342,,,
rgk6535,"RGK Fall 2018, 6.535 GeV, torus+1",0,2,0,13,1,1.5,1.25,0.15,0.2,0.175,6.535,0.6900419620784715,0.09,0.15,0.12,234,252,243,105.8684085978526,23.77193785357294,0.2245423178492467,,,
rgk6535,"RGK Fall 2018, 6.535 GeV, torus+1",0,2,0,14,1,1.5,1.25,0.15,0.2,0.175,6.535,0.6900419620784715,0.09,0.15,0.12,252,270,261,116.2453514159609,20.54074136313862,0.1767016152726629,,,
rgk6535,"RGK Fall 2018, 6.535 GeV, torus+1",0,2,0,15,1,1.5,1.25,0.15,0.2,0.175,6.535,0.6900419620784715,0.09,0.15,0.12,270,288,279,133.2797776645613,21.61998873739434,0.1622150720554738,,,
rgk6535,"RGK Fall 2018, 6.535 GeV, torus+1",0,2,0,16,1,1.5,1.25,0.15,0.2,0.175,6.535,0.6900419620784715,0.09,0.15,0.12,288,306,297,106.7109402121925,18.36875177590693,0.1721356005240049,,,
rgk6535,"RGK Fall 2018, 6.535 GeV, torus+1",0,2,0,17,1,1.5,1.25,0.15,0.2,0.175,6.535,0.6900419620784715,0.09,0.15,0.12,306,324,315,103.3151623617163,22.3644324495192,0.2164680569461737,,,
rgk6535,"RGK Fall 2018, 6.535 GeV, torus+1",0,2,1,1,1,1.5,1.25,0.15,0.2,0.175,6.535,0.6900419620784715,0.15,0.2,0.175,18,36,27,68.24425439588248,13.3234804323412,0.1952322660755023,,,
rgk6535,"RGK Fall 2018, 6.535 GeV, torus+1",0,2,1,2,1,1.5,1.25,0.15,0.2,0.175,6.535,0.6900419620784715,0.15,0.2,0.175,36,54,45,78.9105446881974,12.82405398960293,0.1625138191641581,,,
rgk6535,"RGK Fall 2018, 6.535 GeV, torus+1",0,2,1,3,1,1.5,1.25,0.15,0.2,0.175,6.535,0.6900419620784715,0.15,0.2,0.175,54,72,63,139.4123556421429,15.11180004409607,0.1083964184845029,,,
rgk6535,"RGK Fall 2018, 6.535 GeV, torus+1",0,2,1,4,1,1.5,1.25,0.15,0.2,0.175,6.535,0.6900419620784715,0.15,0.2,0.175,72,90,81,142.8582075384328,9.796844612600662,0.06857740119667288,,,
rgk6535,"RGK Fall 2018, 6.535 GeV, torus+1",0,2,1,5,1,1.5,1.25,0.15,0.2,0.175,6.535,0.6900419620784715,0.15,0.2,0.175,90,108,99,132.6150686004522,8.370093626999736,0.06311570559313646,,,
rgk6535,"RGK Fall 2018, 6.535 GeV, torus+1",0,2,1,6,1,1.5,1.25,0.15,0.2,0.175,6.535,0.6900419620784715,0.15,0.2,0.175,108,126,117,127.4553518071227,9.796918891574514,0.07686549644772959,,,
rgk6535,"RGK Fall 2018, 6.535 GeV, torus+1",0,2,1,7,1,1.5,1.25,0.15,0.2,0.175,6.535,0.6900419620784715,0.15,0.2,0.175,126,144,135,119.9287194061398,10.96506514128255,0.09142985262895413,,,
rgk6535,"RGK Fall 2018, 6.535 GeV, torus+1",0,2,1,8,1,1.5,1.25,0.15,0.2,0.175,6.535,0.6900419620784715,0.15,0.2,0.175,144,162,153,60.10785262681078,8.331839885113277,0.1386148318563772,,,
rgk6535,"RGK Fall 2018, 6.535 GeV, torus+1",0,2,1,9,1,1.5,1.25,0.15,0.2,0.175,6.535,0.6900419620784715,0.15,0.2,0.175,162,180,171,35.09936543670993,7.567463836154573,0.2156011580836122,,,
rgk6535,"RGK Fall 2018, 6.535 GeV, torus+1",0,2,1,10,1,1.5,1.25,0.15,0.2,0.175,6.535,0.6900419620784715,0.15,0.2,0.175,180,198,189,49.29161856969247,10.62265506292574,0.2155063146872846,,,
rgk6535,"RGK Fall 2018, 6.535 GeV, torus+1",0,2,1,11,1,1.5,1.25,0.15,0.2,0.175,6.535,0.6900419620784715,0.15,0.2,0.175,198,216,207,54.15202789054749,10.64983679624286,0.196665521331323,,,
rgk6535,"RGK Fall 2018, 6.535 GeV, torus+1",0,2,1,12,1,1.5,1.25,0.15,0.2,0.175,6.535,0.6900419620784715,0.15,0.2,0.175,216,234,225,102.1196819847045,12.37597437398374,0.1211908824377011,,,
rgk6535,"RGK Fall 2018, 6.535 GeV, torus+1",0,2,1,13,1,1.5,1.25,0.15,0.2,0.175,6.535,0.6900419620784715,0.15,0.2,0.175,234,252,243,118.53218446088,10.3003816793055,0.08689945035734155,,,
rgk6535,"RGK Fall 2018, 6.535 GeV, torus+1",0,2,1,14,1,1.5,1.25,0.15,0.2,0.175,6.535,0.6900419620784715,0.15,0.2,0.175,252,270,261,134.125135771574,11.49219668533917,0.08568264717294539,,,
rgk6535,"RGK Fall 2018, 6.535 GeV, torus+1",0,2,1,15,1,1.5,1.25,0.15,0.2,0.175,6.535,0.6900419620784715,0.15,0.2,0.175,270,288,279,174.3314626236986,13.84146685756361,0.07939741139808462,,,
rgk6535,"RGK Fall 2018, 6.535 GeV, torus+1",0,2,1,16,1,1.5,1.25,0.15,0.2,0.175,6.535,0.6900419620784715,0.15,0.2,0.175,288,306,297,105.6803539986201,11.64472531954419,0.1101881748020663,,,
rgk6535,"RGK Fall 2018, 6.535 GeV, torus+1",0,2,1,17,1,1.5,1.25,0.15,0.2,0.175,6.535,0.6900419620784715,0.15,0.2,0.175,306,324,315,105.3299671214322,14.36756538285804,0.1364052963796528,,,
rgk6535,"RGK Fall 2018, 6.535 GeV, torus+1",0,2,1,18,1,1.5,1.25,0.15,0.2,0.175,6.535,0.6900419620784715,0.15,0.2,0.175,324,342,333,81.12245102273479,22.05239942569829,0.2718408917343739,,,
rgk6535,"RGK Fall 2018, 6.535 GeV, torus+1",0,2,1,19,1,1.5,1.25,0.15,0.2,0.175,6.535,0.6900419620784715,0.15,0.2,0.175,342,360,351,83.5704996649342,41.75567789633414,0.4996461438396141,,,
rgk6535,"RGK Fall 2018, 6.535 GeV, torus+1",0,2,2,1,1,1.5,1.25,0.15,0.2,0.175,6.535,0.6900419620784715,0.2,0.3,0.25,18,36,27,71.886267314466,12.81787211446667,0.1783076600485455,,,
rgk6535,"RGK Fall 2018, 6.535 GeV, torus+1",0,2,2,2,1,1.5,1.25,0.15,0.2,0.175,6.535,0.6900419620784715,0.2,0.3,0.25,36,54,45,86.72768249919876,11.59093093508589,0.1336474191523909,,,
rgk6535,"RGK Fall 2018, 6.535 GeV, torus+1",0,2,2,3,1,1.5,1.25,0.15,0.2,0.175,6.535,0.6900419620784715,0.2,0.3,0.25,54,72,63,111.883354343746,10.53493262233834,0.0941599640458689,,,
rgk6535,"RGK Fall 2018, 6.535 GeV, torus+1",0,2,2,4,1,1.5,1.25,0.15,0.2,0.175,6.535,0.6900419620784715,0.2,0.3,0.25,72,90,81,126.2796524661225,6.761018131576168,0.05354004385932223,,,
rgk6535,"RGK Fall 2018, 6.535 GeV, torus+1",0,2,2,5,1,1.5,1.25,0.15,0.2,0.175,6.535,0.6900419620784715,0.2,0.3,0.25,90,108,99,126.5486093298951,5.594539236923478,0.0442086188583809,,,
rgk6535,"RGK Fall 2018, 6.535 GeV, torus+1",0,2,2,6,1,1.5,1.25,0.15,0.2,0.175,6.535,0.6900419620784715,0.2,0.3,0.25,108,126,117,115.5042696882655,5.791767357863129,0.05014331828160578,,,
rgk6535,"RGK Fall 2018, 6.535 GeV, torus+1",0,2,2,7,1,1.5,1.25,0.15,0.2,0.175,6.535,0.6900419620784715,0.2,0.3,0.25,126,144,135,96.81878176461332,5.550841234096579,0.05733227719794939,,,
rgk6535,"RGK Fall 2018, 6.535 GeV, torus+1",0,2,2,8,1,1.5,1.25,0.15,0.2,0.175,6.535,0.6900419620784715,0.2,0.3,0.25,144,162,153,56.74181444390052,4.146490636169355,0.0730764547592835,,,
rgk6535,"RGK Fall 2018, 6.535 GeV, torus+1",0,2,2,9,1,1.5,1.25,0.15,0.2,0.175,6.535,0.6900419620784715,0.2,0.3,0.25,162,180,171,39.97240453281038,3.861177994521403,0.09659609021899217,,,
rgk6535,"RGK Fall 2018, 6.535 GeV, torus+1",0,2,2,10,1,1.5,1.25,0.15,0.2,0.175,6.535,0.6900419620784715,0.2,0.3,0.25,180,198,189,41.64967026577434,5.107548629432812,0.1226311900392149,,,
rgk6535,"RGK Fall 2018, 6.535 GeV, torus+1",0,2,2,11,1,1.5,1.25,0.15,0.2,0.175,6.535,0.6900419620784715,0.2,0.3,0.25,198,216,207,57.54209683936137,5.923390081475747,0.1029401152692073,,,
rgk6535,"RGK Fall 2018, 6.535 GeV, torus+1",0,2,2,12,1,1.5,1.25,0.15,0.2,0.175,6.535,0.6900419620784715,0.2,0.3,0.25,216,234,225,83.63928331573911,5.534963041685314,0.06617659576052051,,,
rgk6535,"RGK Fall 2018, 6.535 GeV, torus+1",0,2,2,13,1,1.5,1.25,0.15,0.2,0.175,6.535,0.6900419620784715,0.2,0.3,0.25,234,252,243,101.200751528679,5.108986639796047,0.05048368280494662,,,
rgk6535,"RGK Fall 2018, 6.535 GeV, torus+1",0,2,2,14,1,1.5,1.25,0.15,0.2,0.175,6.535,0.6900419620784715,0.2,0.3,0.25,252,270,261,125.7446230007106,6.291990873560357,0.05003785230263721,,,
rgk6535,"RGK Fall 2018, 6.535 GeV, torus+1",0,2,2,15,1,1.5,1.25,0.15,0.2,0.175,6.535,0.6900419620784715,0.2,0.3,0.25,270,288,279,129.8702015672032,6.612907341326125,0.05091935841729007,,,
rgk6535,"RGK Fall 2018, 6.535 GeV, torus+1",0,2,2,16,1,1.5,1.25,0.15,0.2,0.175,6.535,0.6900419620784715,0.2,0.3,0.25,288,306,297,118.976440998566,7.372888194685062,0.06196931201508982,,,
rgk6535,"RGK Fall 2018, 6.535 GeV, torus+1",0,2,2,17,1,1.5,1.25,0.15,0.2,0.175,6.535,0.6900419620784715,0.2,0.3,0.25,306,324,315,87.04243391586736,7.825773355955507,0.08990756581461942,,,
rgk6535,"RGK Fall 2018, 6.535 GeV, torus+1",0,2,2,18,1,1.5,1.25,0.15,0.2,0.175,6.535,0.6900419620784715,0.2,0.3,0.25,324,342,333,47.57146397295899,11.9663407897509,0.2515445140925853,,,
rgk6535,"RGK Fall 2018, 6.535 GeV, torus+1",0,2,3,2,1,1.5,1.25,0.15,0.2,0.175,6.535,0.6900419620784715,0.3,0.4,0.35,36,54,45,68.66402542184619,9.034163217948493,0.1315705445820567,,,
rgk6535,"RGK Fall 2018, 6.535 GeV, torus+1",0,2,3,3,1,1.5,1.25,0.15,0.2,0.175,6.535,0.6900419620784715,0.3,0.4,0.35,54,72,63,78.63009742555491,6.631280755624027,0.08433514611758385,,,
rgk6535,"RGK Fall 2018, 6.535 GeV, torus+1",0,2,3,4,1,1.5,1.25,0.15,0.2,0.175,6.535,0.6900419620784715,0.3,0.4,0.35,72,90,81,92.72303270212012,5.925311880381011,0.06390334426847892,,,
rgk6535,"RGK Fall 2018, 6.535 GeV, torus+1",0,2,3,5,1,1.5,1.25,0.15,0.2,0.175,6.535,0.6900419620784715,0.3,0.4,0.35,90,108,99,102.7755392256616,5.183084207076729,0.05043110691636817,,,
rgk6535,"RGK Fall 2018, 6.535 GeV, torus+1",0,2,3,6,1,1.5,1.25,0.15,0.2,0.175,6.535,0.6900419620784715,0.3,0.4,0.35,108,126,117,82.74444467948589,4.647238083954816,0.05616374733018138,,,
rgk6535,"RGK Fall 2018, 6.535 GeV, torus+1",0,2,3,7,1,1.5,1.25,0.15,0.2,0.175,6.535,0.6900419620784715,0.3,0.4,0.35,126,144,135,68.04916413900416,4.211884936172016,0.06189473433602197,,,
rgk6535,"RGK Fall 2018, 6.535 GeV, torus+1",0,2,3,8,1,1.5,1.25,0.15,0.2,0.175,6.535,0.6900419620784715,0.3,0.4,0.35,144,162,153,46.9282357867226,3.014254294958051,0.06423114452154355,,,
rgk6535,"RGK Fall 2018, 6.535 GeV, torus+1",0,2,3,9,1,1.5,1.25,0.15,0.2,0.175,6.535,0.6900419620784715,0.3,0.4,0.35,162,180,171,31.80133447437479,2.260666839627875,0.07108716904472982,,,
rgk6535,"RGK Fall 2018, 6.535 GeV, torus+1",0,2,3,10,1,1.5,1.25,0.15,0.2,0.175,6.535,0.6900419620784715,0.3,0.4,0.35,180,198,189,24.26128304938043,2.215715950893488,0.09132723716151819,,,
rgk6535,"RGK Fall 2018, 6.535 GeV, torus+1",0,2,3,11,1,1.5,1.25,0.15,0.2,0.175,6.535,0.6900419620784715,0.3,0.4,0.35,198,216,207,40.10439387077481,3.338767764269659,0.08325191935397165,,,
rgk6535,"RGK Fall 2018, 6.535 GeV, torus+1",0,2,3,12,1,1.5,1.25,0.15,0.2,0.175,6.535,0.6900419620784715,0.3,0.4,0.35,216,234,225,64.54566504772365,4.879805415890847,0.07560237255720932,,,
rgk6535,"RGK Fall 2018, 6.535 GeV, torus+1",0,2,3,13,1,1.5,1.25,0.15,0.2,0.175,6.535,0.6900419620784715,0.3,0.4,0.35,234,252,243,82.63923011727888,4.395318523782365,0.05318682806633935,,,
rgk6535,"RGK Fall 2018, 6.535 GeV, torus+1",0,2,3,14,1,1.5,1.25,0.15,0.2,0.175,6.535,0.6900419620784715,0.3,0.4,0.35,252,270,261,97.92049234578579,4.403307487633799,0.04496819186819892,,,
rgk6535,"RGK Fall 2018, 6.535 GeV, torus+1",0,2,3,15,1,1.5,1.25,0.15,0.2,0.175,6.535,0.6900419620784715,0.3,0.4,0.35,270,288,279,101.4859796965552,4.973674104617284,0.04900848491080891,,,
rgk6535,"RGK Fall 2018, 6.535 GeV, torus+1",0,2,3,16,1,1.5,1.25,0.15,0.2,0.175,6.535,0.6900419620784715,0.3,0.4,0.35,288,306,297,95.44958092337529,6.559448614583786,0.06872160727294925,,,
rgk6535,"RGK Fall 2018, 6.535 GeV, torus+1",0,2,3,17,1,1.5,1.25,0.15,0.2,0.175,6.535,0.6900419620784715,0.3,0.4,0.35,306,324,315,78.1578392073715,7.54503541256337,0.09653587521201272,,,
rgk6535,"RGK Fall 2018, 6.535 GeV, torus+1",0,2,3,18,1,1.5,1.25,0.15,0.2,0.175,6.535,0.6900419620784715,0.3,0.4,0.35,324,342,333,56.36341560430042,29.52404499244745,0.5238157531069644,,,
rgk6535,"RGK Fall 2018, 6.535 GeV, torus+1",0,2,4,2,1,1.5,1.25,0.15,0.2,0.175,6.535,0.6900419620784715,0.4,0.6,0.5,36,54,45,40.96055847117652,3.562379240742466,0.08697096362221898,,,
rgk6535,"RGK Fall 2018, 6.535 GeV, torus+1",0,2,4,3,1,1.5,1.25,0.15,0.2,0.175,6.535,0.6900419620784715,0.4,0.6,0.5,54,72,63,59.91032512605966,3.227254244539506,0.05386808096515774,,,
rgk6535,"RGK Fall 2018, 6.535 GeV, torus+1",0,2,4,4,1,1.5,1.25,0.15,0.2,0.175,6.535,0.6900419620784715,0.4,0.6,0.5,72,90,81,68.17399725737096,3.551716135661318,0.0520978126345277,,,
rgk6535,"RGK Fall 2018, 6.535 GeV, torus+1",0,2,4,5,1,1.5,1.25,0.15,0.2,0.175,6.535,0.6900419620784715,0.4,0.6,0.5,90,108,99,60.23073725384911,2.785823855937402,0.04625252791106042,,,
rgk6535,"RGK Fall 2018, 6.535 GeV, torus+1",0,2,4,6,1,1.5,1.25,0.15,0.2,0.175,6.535,0.6900419620784715,0.4,0.6,0.5,108,126,117,56.09709577076104,2.708808162766692,0.04828785029863487,,,
rgk6535,"RGK Fall 2018, 6.535 GeV, torus+1",0,2,4,7,1,1.5,1.25,0.15,0.2,0.175,6.535,0.6900419620784715,0.4,0.6,0.5,126,144,135,45.46876597386231,2.412043288695751,0.05304835609750907,,,
rgk6535,"RGK Fall 2018, 6.535 GeV, torus+1",0,2,4,8,1,1.5,1.25,0.15,0.2,0.175,6.535,0.6900419620784715,0.4,0.6,0.5,144,162,153,33.18050128938391,1.554630917102137,0.04685375014510526,,,
rgk6535,"RGK Fall 2018, 6.535 GeV, torus+1",0,2,4,9,1,1.5,1.25,0.15,0.2,0.175,6.535,0.6900419620784715,0.4,0.6,0.5,162,180,171,20.90185280371402,1.183300983288796,0.05661225320075629,,,
rgk6535,"RGK Fall 2018, 6.535 GeV, torus+1",0,2,4,10,1,1.5,1.25,0.15,0.2,0.175,6.535,0.6900419620784715,0.4,0.6,0.5,180,198,189,24.44616321794165,1.438615436288115,0.05884831183783798,,,
rgk6535,"RGK Fall 2018, 6.535 GeV, torus+1",0,2,4,11,1,1.5,1.25,0.15,0.2,0.175,6.535,0.6900419620784715,0.4,0.6,0.5,198,216,207,27.66843958596636,1.783345137991643,0.0644541276876405,,,
rgk6535,"RGK Fall 2018, 6.535 GeV, torus+1",0,2,4,12,1,1.5,1.25,0.15,0.2,0.175,6.535,0.6900419620784715,0.4,0.6,0.5,216,234,225,41.86816252306618,2.660077784214548,0.06353461971848053,,,
rgk6535,"RGK Fall 2018, 6.535 GeV, torus+1",0,2,4,13,1,1.5,1.25,0.15,0.2,0.175,6.535,0.6900419620784715,0.4,0.6,0.5,234,252,243,62.13735378269031,2.638645395365008,0.04246472105318491,,,
rgk6535,"RGK Fall 2018, 6.535 GeV, torus+1",0,2,4,14,1,1.5,1.25,0.15,0.2,0.175,6.535,0.6900419620784715,0.4,0.6,0.5,252,270,261,65.08261083164753,2.136022900954857,0.03282017844183012,,,
rgk6535,"RGK Fall 2018, 6.535 GeV, torus+1",0,2,4,15,1,1.5,1.25,0.15,0.2,0.175,6.535,0.6900419620784715,0.4,0.6,0.5,270,288,279,64.75137490578743,2.252991152222881,0.03479449132162768,,,
rgk6535,"RGK Fall 2018, 6.535 GeV, torus+1",0,2,4,16,1,1.5,1.25,0.15,0.2,0.175,6.535,0.6900419620784715,0.4,0.6,0.5,288,306,297,57.61458671164509,2.928752787511968,0.05083352940063713,,,
rgk6535,"RGK Fall 2018, 6.535 GeV, torus+1",0,2,4,17,1,1.5,1.25,0.15,0.2,0.175,6.535,0.6900419620784715,0.4,0.6,0.5,306,324,315,49.05395695364168,4.330341447002835,0.0882771078201747,,,
rgk6535,"RGK Fall 2018, 6.535 GeV, torus+1",0,2,5,1,1,1.5,1.25,0.15,0.2,0.175,6.535,0.6900419620784715,0.6,1,0.8,18,36,27,13.40871580205211,3.130663454568102,0.2334797381632159,,,
rgk6535,"RGK Fall 2018, 6.535 GeV, torus+1",0,2,5,2,1,1.5,1.25,0.15,0.2,0.175,6.535,0.6900419620784715,0.6,1,0.8,36,54,45,20.69235789064455,1.420999372071045,0.06867266551162393,,,
rgk6535,"RGK Fall 2018, 6.535 GeV, torus+1",0,2,5,3,1,1.5,1.25,0.15,0.2,0.175,6.535,0.6900419620784715,0.6,1,0.8,54,72,63,27.30669751935806,1.154332651157282,0.04227287647431406,,,
rgk6535,"RGK Fall 2018, 6.535 GeV, torus+1",0,2,5,4,1,1.5,1.25,0.15,0.2,0.175,6.535,0.6900419620784715,0.6,1,0.8,72,90,81,30.07783017662041,1.332313654871344,0.04429553751210936,,,
rgk6535,"RGK Fall 2018, 6.535 GeV, torus+1",0,2,5,5,1,1.5,1.25,0.15,0.2,0.175,6.535,0.6900419620784715,0.6,1,0.8,90,108,99,31.68165483999693,1.526509169689468,0.04818274731540558,,,
rgk6535,"RGK Fall 2018, 6.535 GeV, torus+1",0,2,5,6,1,1.5,1.25,0.15,0.2,0.175,6.535,0.6900419620784715,0.6,1,0.8,108,126,117,30.50469519782513,1.440172166536318,0.04721149177845242,,,
rgk6535,"RGK Fall 2018, 6.535 GeV, torus+1",0,2,5,7,1,1.5,1.25,0.15,0.2,0.175,6.535,0.6900419620784715,0.6,1,0.8,126,144,135,21.65488233632697,1.109963591774777,0.05125696711419054,,,
rgk6535,"RGK Fall 2018, 6.535 GeV, torus+1",0,2,5,8,1,1.5,1.25,0.15,0.2,0.175,6.535,0.6900419620784715,0.6,1,0.8,144,162,153,15.50760993206593,0.6884199753263462,0.04439239691623031,,,
rgk6535,"RGK Fall 2018, 6.535 GeV, torus+1",0,2,5,9,1,1.5,1.25,0.15,0.2,0.175,6.535,0.6900419620784715,0.6,1,0.8,162,180,171,14.83003217827942,0.7024227193490191,0.0473648816742159,,,
rgk6535,"RGK Fall 2018, 6.535 GeV, torus+1",0,2,5,10,1,1.5,1.25,0.15,0.2,0.175,6.535,0.6900419620784715,0.6,1,0.8,180,198,189,11.6353429932299,0.749192066217826,0.06438934087750985,,,
rgk6535,"RGK Fall 2018, 6.535 GeV, torus+1",0,2,5,11,1,1.5,1.25,0.15,0.2,0.175,6.535,0.6900419620784715,0.6,1,0.8,198,216,207,16.34945403591827,0.817617224403289,0.0500088395983779,,,
rgk6535,"RGK Fall 2018, 6.535 GeV, torus+1",0,2,5,12,1,1.5,1.25,0.15,0.2,0.175,6.535,0.6900419620784715,0.6,1,0.8,216,234,225,21.77559283200065,1.209144119310125,0.05552749487183693,,,
rgk6535,"RGK Fall 2018, 6.535 GeV, torus+1",0,2,5,13,1,1.5,1.25,0.15,0.2,0.175,6.535,0.6900419620784715,0.6,1,0.8,234,252,243,28.73592260005428,1.313312901102026,0.04570282706355651,,,
rgk6535,"RGK Fall 2018, 6.535 GeV, torus+1",0,2,5,14,1,1.5,1.25,0.15,0.2,0.175,6.535,0.6900419620784715,0.6,1,0.8,252,270,261,31.98400341070402,0.9933155790932546,0.03105663685493554,,,
rgk6535,"RGK Fall 2018, 6.535 GeV, torus+1",0,2,5,15,1,1.5,1.25,0.15,0.2,0.175,6.535,0.6900419620784715,0.6,1,0.8,270,288,279,33.63188850812493,1.078302229995515,0.0320618995194104,,,
rgk6535,"RGK Fall 2018, 6.535 GeV, torus+1",0,2,5,16,1,1.5,1.25,0.15,0.2,0.175,6.535,0.6900419620784715,0.6,1,0.8,288,306,297,27.76653910022791,1.320767360721238,0.04756687017974082,,,
rgk6535,"RGK Fall 2018, 6.535 GeV, torus+1",0,2,5,17,1,1.5,1.25,0.15,0.2,0.175,6.535,0.6900419620784715,0.6,1,0.8,306,324,315,19.84776976008969,1.811944387416075,0.09129209021053697,,,
rgk6535,"RGK Fall 2018, 6.535 GeV, torus+1",0,2,5,18,1,1.5,1.25,0.15,0.2,0.175,6.535,0.6900419620784715,0.6,1,0.8,324,342,333,14.24707015040585,2.688476136289617,0.1887037901763284,,,
rgk6535,"RGK Fall 2018, 6.535 GeV, torus+1",0,2,6,1,1,1.5,1.25,0.15,0.2,0.175,6.535,0.6900419620784715,1,1.5,1.25,18,36,27,7.509561047636517,1.315175614952519,0.1751334873782595,,,
rgk6535,"RGK Fall 2018, 6.535 GeV, torus+1",0,2,6,2,1,1.5,1.25,0.15,0.2,0.175,6.535,0.6900419620784715,1,1.5,1.25,36,54,45,9.545537524580846,0.894489782301834,0.09370763877868804,,,
rgk6535,"RGK Fall 2018, 6.535 GeV, torus+1",0,2,6,3,1,1.5,1.25,0.15,0.2,0.175,6.535,0.6900419620784715,1,1.5,1.25,54,72,63,12.2643860990028,0.7382533546777725,0.06019488857561315,,,
rgk6535,"RGK Fall 2018, 6.535 GeV, torus+1",0,2,6,4,1,1.5,1.25,0.15,0.2,0.175,6.535,0.6900419620784715,1,1.5,1.25,72,90,81,14.43323203642267,0.8785019584316428,0.06086661367424276,,,
rgk6535,"RGK Fall 2018, 6.535 GeV, torus+1",0,2,6,5,1,1.5,1.25,0.15,0.2,0.175,6.535,0.6900419620784715,1,1.5,1.25,90,108,99,15.65354326367402,1.174755795760422,0.07504727689906401,,,
rgk6535,"RGK Fall 2018, 6.535 GeV, torus+1",0,2,6,6,1,1.5,1.25,0.15,0.2,0.175,6.535,0.6900419620784715,1,1.5,1.25,108,126,117,12.10548804622405,0.8790251448370975,0.07261377166129897,,,
rgk6535,"RGK Fall 2018, 6.535 GeV, torus+1",0,2,6,7,1,1.5,1.25,0.15,0.2,0.175,6.535,0.6900419620784715,1,1.5,1.25,126,144,135,9.634549140312277,0.6262683064753998,0.0650023470070859,,,
rgk6535,"RGK Fall 2018, 6.535 GeV, torus+1",0,2,6,8,1,1.5,1.25,0.15,0.2,0.175,6.535,0.6900419620784715,1,1.5,1.25,144,162,153,9.166709683716848,0.4911595633935986,0.05358079183701681,,,
rgk6535,"RGK Fall 2018, 6.535 GeV, torus+1",0,2,6,9,1,1.5,1.25,0.15,0.2,0.175,6.535,0.6900419620784715,1,1.5,1.25,162,180,171,6.384318033854044,0.5005983701082503,0.0784106254503196,,,
rgk6535,"RGK Fall 2018, 6.535 GeV, torus+1",0,2,6,10,1,1.5,1.25,0.15,0.2,0.175,6.535,0.6900419620784715,1,1.5,1.25,180,198,189,6.672824434839095,0.5321513917704757,0.07974904734374413,,,
rgk6535,"RGK Fall 2018, 6.535 GeV, torus+1",0,2,6,11,1,1.5,1.25,0.15,0.2,0.175,6.535,0.6900419620784715,1,1.5,1.25,198,216,207,6.592579322169813,0.5376567118164105,0.08155483393401958,,,
rgk6535,"RGK Fall 2018, 6.535 GeV, torus+1",0,2,6,12,1,1.5,1.25,0.15,0.2,0.175,6.535,0.6900419620784715,1,1.5,1.25,216,234,225,9.624590473838841,0.6004799751187253,0.06239018447080162,,,
rgk6535,"RGK Fall 2018, 6.535 GeV, torus+1",0,2,6,13,1,1.5,1.25,0.15,0.2,0.175,6.535,0.6900419620784715,1,1.5,1.25,234,252,243,12.19632692484685,0.7229932312465449,0.05927958767435416,,,
rgk6535,"RGK Fall 2018, 6.535 GeV, torus+1",0,2,6,14,1,1.5,1.25,0.15,0.2,0.175,6.535,0.6900419620784715,1,1.5,1.25,252,270,261,18.62823624202082,0.9015622484254499,0.04839761728980772,,,
rgk6535,"RGK Fall 2018, 6.535 GeV, torus+1",0,2,6,15,1,1.5,1.25,0.15,0.2,0.175,6.535,0.6900419620784715,1,1.5,1.25,270,288,279,16.21402999583909,0.8509933703979912,0.05248500037414364,,,
rgk6535,"RGK Fall 2018, 6.535 GeV, torus+1",0,2,6,16,1,1.5,1.25,0.15,0.2,0.175,6.535,0.6900419620784715,1,1.5,1.25,288,306,297,13.15508281691328,0.961922919212615,0.07312176841455424,,,
rgk6535,"RGK Fall 2018, 6.535 GeV, torus+1",0,2,6,17,1,1.5,1.25,0.15,0.2,0.175,6.535,0.6900419620784715,1,1.5,1.25,306,324,315,8.505366436536013,0.7528241106564721,0.08851166099353568,,,
rgk6535,"RGK Fall 2018, 6.535 GeV, torus+1",0,2,6,18,1,1.5,1.25,0.15,0.2,0.175,6.535,0.6900419620784715,1,1.5,1.25,324,342,333,8.254015346335557,1.281249716125469,0.1552274453541319,,,
rgk6535,"RGK Fall 2018, 6.535 GeV, torus+1",0,2,7,1,1,1.5,1.25,0.15,0.2,0.175,6.535,0.6900419620784715,1.5,2,1.75,18,36,27,2.962682122699039,0.5715166327383445,0.1929051477914499,,,
rgk6535,"RGK Fall 2018, 6.535 GeV, torus+1",0,2,7,2,1,1.5,1.25,0.15,0.2,0.175,6.535,0.6900419620784715,1.5,2,1.75,36,54,45,3.51918224037538,0.5899557796930054,0.167640019583094,,,
rgk6535,"RGK Fall 2018, 6.535 GeV, torus+1",0,2,7,3,1,1.5,1.25,0.15,0.2,0.175,6.535,0.6900419620784715,1.5,2,1.75,54,72,63,7.281943074497272,0.7944928537181409,0.1091045131210382,,,
rgk6535,"RGK Fall 2018, 6.535 GeV, torus+1",0,2,7,4,1,1.5,1.25,0.15,0.2,0.175,6.535,0.6900419620784715,1.5,2,1.75,72,90,81,6.488479437033965,0.7417158320977975,0.1143127352557124,,,
rgk6535,"RGK Fall 2018, 6.535 GeV, torus+1",0,2,7,5,1,1.5,1.25,0.15,0.2,0.175,6.535,0.6900419620784715,1.5,2,1.75,90,108,99,5.72661739939098,0.6201217978406288,0.108287625065816,,,
rgk6535,"RGK Fall 2018, 6.535 GeV, torus+1",0,2,7,6,1,1.5,1.25,0.15,0.2,0.175,6.535,0.6900419620784715,1.5,2,1.75,108,126,117,6.798617737717609,0.5975258309273772,0.08788931132462449,,,
rgk6535,"RGK Fall 2018, 6.535 GeV, torus+1",0,2,7,7,1,1.5,1.25,0.15,0.2,0.175,6.535,0.6900419620784715,1.5,2,1.75,126,144,135,4.999286292304376,0.50958682809557,0.1019319155376238,,,
rgk6535,"RGK Fall 2018, 6.535 GeV, torus+1",0,2,7,8,1,1.5,1.25,0.15,0.2,0.175,6.535,0.6900419620784715,1.5,2,1.75,144,162,153,3.634337583856737,0.4382241307102591,0.1205788181749529,,,
rgk6535,"RGK Fall 2018, 6.535 GeV, torus+1",0,2,7,9,1,1.5,1.25,0.15,0.2,0.175,6.535,0.6900419620784715,1.5,2,1.75,162,180,171,2.229378198842052,0.4305134589852352,0.1931092083024969,,,
rgk6535,"RGK Fall 2018, 6.535 GeV, torus+1",0,2,7,10,1,1.5,1.25,0.15,0.2,0.175,6.535,0.6900419620784715,1.5,2,1.75,180,198,189,2.5106037952073,0.4739070909668355,0.1887621981100786,,,
rgk6535,"RGK Fall 2018, 6.535 GeV, torus+1",0,2,7,11,1,1.5,1.25,0.15,0.2,0.175,6.535,0.6900419620784715,1.5,2,1.75,198,216,207,3.174994133351973,0.4674132943328671,0.1472170576389064,,,
rgk6535,"RGK Fall 2018, 6.535 GeV, torus+1",0,2,7,12,1,1.5,1.25,0.15,0.2,0.175,6.535,0.6900419620784715,1.5,2,1.75,216,234,225,4.233196921908254,0.49557578834911,0.1170689191859548,,,
rgk6535,"RGK Fall 2018, 6.535 GeV, torus+1",0,2,7,13,1,1.5,1.25,0.15,0.2,0.175,6.535,0.6900419620784715,1.5,2,1.75,234,252,243,6.28980955478138,0.481369960073429,0.07653172260319102,,,
rgk6535,"RGK Fall 2018, 6.535 GeV, torus+1",0,2,7,14,1,1.5,1.25,0.15,0.2,0.175,6.535,0.6900419620784715,1.5,2,1.75,252,270,261,6.831967228801554,0.5845432561961943,0.08556002050652889,,,
rgk6535,"RGK Fall 2018, 6.535 GeV, torus+1",0,2,7,15,1,1.5,1.25,0.15,0.2,0.175,6.535,0.6900419620784715,1.5,2,1.75,270,288,279,7.244034179431631,0.814276452547502,0.1124064895855296,,,
rgk6535,"RGK Fall 2018, 6.535 GeV, torus+1",0,2,7,16,1,1.5,1.25,0.15,0.2,0.175,6.535,0.6900419620784715,1.5,2,1.75,288,306,297,6.711837600247238,0.7886508338931087,0.1175014773694849,,,
rgk6535,"RGK Fall 2018, 6.535 GeV, torus+1",0,2,7,17,1,1.5,1.25,0.15,0.2,0.175,6.535,0.6900419620784715,1.5,2,1.75,306,324,315,4.544708797077925,0.5559370160862195,0.1223262129454071,,,
rgk6535,"RGK Fall 2018, 6.535 GeV, torus+1",0,2,7,18,1,1.5,1.25,0.15,0.2,0.175,6.535,0.6900419620784715,1.5,2,1.75,324,342,333,2.517681829994886,0.7250336350364927,0.2879766721905307,,,
rgk6535,"RGK Fall 2018, 6.535 GeV, torus+1",0,3,0,0,1,1.5,1.251312849162011,0.2,0.25,0.2248724394785848,6.535,0.8208739712990041,0.09,0.15,0.12,0,18,9,130.2240809296193,21.87474574061177,0.1679777318024165,,,
rgk6535,"RGK Fall 2018, 6.535 GeV, torus+1",0,3,0,1,1,1.5,1.251312849162011,0.2,0.25,0.2248724394785848,6.535,0.8208739712990041,0.09,0.15,0.12,18,36,27,132.1248998167172,16.64607254930306,0.1259873995923129,,,
rgk6535,"RGK Fall 2018, 6.535 GeV, torus+1",0,3,0,2,1,1.5,1.251312849162011,0.2,0.25,0.2248724394785848,6.535,0.8208739712990041,0.09,0.15,0.12,36,54,45,96.9185655376407,12.97334601509868,0.1338582132652403,,,
rgk6535,"RGK Fall 2018, 6.535 GeV, torus+1",0,3,0,3,1,1.5,1.251312849162011,0.2,0.25,0.2248724394785848,6.535,0.8208739712990041,0.09,0.15,0.12,54,72,63,171.2307069860688,21.7699312510538,0.1271380094974728,,,
rgk6535,"RGK Fall 2018, 6.535 GeV, torus+1",0,3,0,4,1,1.5,1.251312849162011,0.2,0.25,0.2248724394785848,6.535,0.8208739712990041,0.09,0.15,0.12,72,90,81,171.6312076022878,29.98567745354821,0.1747099369191207,,,
rgk6535,"RGK Fall 2018, 6.535 GeV, torus+1",0,3,0,15,1,1.5,1.251312849162011,0.2,0.25,0.2248724394785848,6.535,0.8208739712990041,0.09,0.15,0.12,270,288,279,177.7280504549977,35.89324101053807,0.2019559710391723,,,
rgk6535,"RGK Fall 2018, 6.535 GeV, torus+1",0,3,0,16,1,1.5,1.251312849162011,0.2,0.25,0.2248724394785848,6.535,0.8208739712990041,0.09,0.15,0.12,288,306,297,162.2998685150066,23.91904510367148,0.1473756283509242,,,
rgk6535,"RGK Fall 2018, 6.535 GeV, torus+1",0,3,0,17,1,1.5,1.251312849162011,0.2,0.25,0.2248724394785848,6.535,0.8208739712990041,0.09,0.15,0.12,306,324,315,101.4739936317012,19.59270417602474,0.1930810395335012,,,
rgk6535,"RGK Fall 2018, 6.535 GeV, torus+1",0,3,0,18,1,1.5,1.251312849162011,0.2,0.25,0.2248724394785848,6.535,0.8208739712990041,0.09,0.15,0.12,324,342,333,100.3861771796659,17.0937094434568,0.1702795138105855,,,
rgk6535,"RGK Fall 2018, 6.535 GeV, torus+1",0,3,0,19,1,1.5,1.251312849162011,0.2,0.25,0.2248724394785848,6.535,0.8208739712990041,0.09,0.15,0.12,342,360,351,104.8685485875627,17.34011511933456,0.1653509593951898,,,
rgk6535,"RGK Fall 2018, 6.535 GeV, torus+1",0,3,1,0,1,1.5,1.251312849162011,0.2,0.25,0.2248724394785848,6.535,0.8208739712990041,0.15,0.2,0.175,0,18,9,135.2805245797158,16.4618396445578,0.1216866928606375,,,
rgk6535,"RGK Fall 2018, 6.535 GeV, torus+1",0,3,1,1,1,1.5,1.251312849162011,0.2,0.25,0.2248724394785848,6.535,0.8208739712990041,0.15,0.2,0.175,18,36,27,109.9709271800418,10.01394603122146,0.09105994000420556,,,
rgk6535,"RGK Fall 2018, 6.535 GeV, torus+1",0,3,1,2,1,1.5,1.251312849162011,0.2,0.25,0.2248724394785848,6.535,0.8208739712990041,0.15,0.2,0.175,36,54,45,151.3745247857602,11.72319802324746,0.07744498646545221,,,
rgk6535,"RGK Fall 2018, 6.535 GeV, torus+1",0,3,1,3,1,1.5,1.251312849162011,0.2,0.25,0.2248724394785848,6.535,0.8208739712990041,0.15,0.2,0.175,54,72,63,184.7969075648757,13.70026208860955,0.07413685796554723,,,
rgk6535,"RGK Fall 2018, 6.535 GeV, torus+1",0,3,1,4,1,1.5,1.251312849162011,0.2,0.25,0.2248724394785848,6.535,0.8208739712990041,0.15,0.2,0.175,72,90,81,236.3426570062513,15.98442669727726,0.06763242361642093,,,
rgk6535,"RGK Fall 2018, 6.535 GeV, torus+1",0,3,1,5,1,1.5,1.251312849162011,0.2,0.25,0.2248724394785848,6.535,0.8208739712990041,0.15,0.2,0.175,90,108,99,290.9423744623021,21.25602080445187,0.07305921264901909,,,
rgk6535,"RGK Fall 2018, 6.535 GeV, torus+1",0,3,1,14,1,1.5,1.251312849162011,0.2,0.25,0.2248724394785848,6.535,0.8208739712990041,0.15,0.2,0.175,252,270,261,297.5692057133452,29.13115083395797,0.09789706150582206,,,
rgk6535,"RGK Fall 2018, 6.535 GeV, torus+1",0,3,1,15,1,1.5,1.251312849162011,0.2,0.25,0.2248724394785848,6.535,0.8208739712990041,0.15,0.2,0.175,270,288,279,177.0916201360224,14.87963264014521,0.08402222888195562,,,
rgk6535,"RGK Fall 2018, 6.535 GeV, torus+1",0,3,1,16,1,1.5,1.251312849162011,0.2,0.25,0.2248724394785848,6.535,0.8208739712990041,0.15,0.2,0.175,288,306,297,187.8972522942755,15.31440887762935,0.08150416618995937,,,
rgk6535,"RGK Fall 2018, 6.535 GeV, torus+1",0,3,1,17,1,1.5,1.251312849162011,0.2,0.25,0.2248724394785848,6.535,0.8208739712990041,0.15,0.2,0.175,306,324,315,138.9648283678338,15.72927330062154,0.1131888801315023,,,
rgk6535,"RGK Fall 2018, 6.535 GeV, torus+1",0,3,1,18,1,1.5,1.251312849162011,0.2,0.25,0.2248724394785848,6.535,0.8208739712990041,0.15,0.2,0.175,324,342,333,124.1238727788257,15.00409080064489,0.1208799763070593,,,
rgk6535,"RGK Fall 2018, 6.535 GeV, torus+1",0,3,1,19,1,1.5,1.251312849162011,0.2,0.25,0.2248724394785848,6.535,0.8208739712990041,0.15,0.2,0.175,342,360,351,118.8196838583908,13.76279953959987,0.1158292893288822,,,
rgk6535,"RGK Fall 2018, 6.535 GeV, torus+1",0,3,2,0,1,1.5,1.251312849162011,0.2,0.25,0.2248724394785848,6.535,0.8208739712990041,0.2,0.3,0.25,0,18,9,95.2085174408699,11.2352883140272,0.1180071764168051,,,
rgk6535,"RGK Fall 2018, 6.535 GeV, torus+1",0,3,2,1,1,1.5,1.251312849162011,0.2,0.25,0.2248724394785848,6.535,0.8208739712990041,0.2,0.3,0.25,18,36,27,102.1374894964951,8.226966961377,0.08054796531551046,,,
rgk6535,"RGK Fall 2018, 6.535 GeV, torus+1",0,3,2,2,1,1.5,1.251312849162011,0.2,0.25,0.2248724394785848,6.535,0.8208739712990041,0.2,0.3,0.25,36,54,45,132.2393189777916,7.958511513716249,0.0601826414052602,,,
rgk6535,"RGK Fall 2018, 6.535 GeV, torus+1",0,3,2,3,1,1.5,1.251312849162011,0.2,0.25,0.2248724394785848,6.535,0.8208739712990041,0.2,0.3,0.25,54,72,63,184.972065802943,10.4541504850416,0.05651745543123664,,,
rgk6535,"RGK Fall 2018, 6.535 GeV, torus+1",0,3,2,4,1,1.5,1.251312849162011,0.2,0.25,0.2248724394785848,6.535,0.8208739712990041,0.2,0.3,0.25,72,90,81,209.869408444805,9.623077722257312,0.04585269379452294,,,
rgk6535,"RGK Fall 2018, 6.535 GeV, torus+1",0,3,2,5,1,1.5,1.251312849162011,0.2,0.25,0.2248724394785848,6.535,0.8208739712990041,0.2,0.3,0.25,90,108,99,240.4387576824753,9.099874377051222,0.03784695306514837,,,
rgk6535,"RGK Fall 2018, 6.535 GeV, torus+1",0,3,2,6,1,1.5,1.251312849162011,0.2,0.25,0.2248724394785848,6.535,0.8208739712990041,0.2,0.3,0.25,108,126,117,293.660610641173,20.51977568200298,0.06987581901842571,,,
rgk6535,"RGK Fall 2018, 6.535 GeV, torus+1",0,3,2,13,1,1.5,1.251312849162011,0.2,0.25,0.2248724394785848,6.535,0.8208739712990041,0.2,0.3,0.25,234,252,243,257.9924888659597,20.20842594588125,0.07832951274942181,,,
rgk6535,"RGK Fall 2018, 6.535 GeV, torus+1",0,3,2,14,1,1.5,1.251312849162011,0.2,0.25,0.2248724394785848,6.535,0.8208739712990041,0.2,0.3,0.25,252,270,261,219.9702591556564,10.91518948280584,0.04962120572437015,,,
rgk6535,"RGK Fall 2018, 6.535 GeV, torus+1",0,3,2,15,1,1.5,1.251312849162011,0.2,0.25,0.2248724394785848,6.535,0.8208739712990041,0.2,0.3,0.25,270,288,279,231.6298524341991,11.49185757363808,0.04961302462903677,,,
rgk6535,"RGK Fall 2018, 6.535 GeV, torus+1",0,3,2,16,1,1.5,1.251312849162011,0.2,0.25,0.2248724394785848,6.535,0.8208739712990041,0.2,0.3,0.25,288,306,297,183.0579812958499,8.902131659302785,0.04863012033829638,,,
rgk6535,"RGK Fall 2018, 6.535 GeV, torus+1",0,3,2,17,1,1.5,1.251312849162011,0.2,0.25,0.2248724394785848,6.535,0.8208739712990041,0.2,0.3,0.25,306,324,315,148.4290407423255,9.186846545713649,0.06189386187344643,,,
rgk6535,"RGK Fall 2018, 6.535 GeV, torus+1",0,3,2,18,1,1.5,1.251312849162011,0.2,0.25,0.2248724394785848,6.535,0.8208739712990041,0.2,0.3,0.25,324,342,333,101.8100458838607,10.52335404290459,0.1033626294099608,,,
rgk6535,"RGK Fall 2018, 6.535 GeV, torus+1",0,3,2,19,1,1.5,1.251312849162011,0.2,0.25,0.2248724394785848,6.535,0.8208739712990041,0.2,0.3,0.25,342,360,351,97.1701406823877,10.67442886538004,0.1098529732530767,,,
rgk6535,"RGK Fall 2018, 6.535 GeV, torus+1",0,3,3,0,1,1.5,1.251312849162011,0.2,0.25,0.2248724394785848,6.535,0.8208739712990041,0.3,0.4,0.35,0,18,9,92.03284260541552,15.00568088202651,0.1630470216633679,,,
rgk6535,"RGK Fall 2018, 6.535 GeV, torus+1",0,3,3,1,1,1.5,1.251312849162011,0.2,0.25,0.2248724394785848,6.535,0.8208739712990041,0.3,0.4,0.35,18,36,27,85.11996984962593,10.56064520532332,0.1240677742717708,,,
rgk6535,"RGK Fall 2018, 6.535 GeV, torus+1",0,3,3,2,1,1.5,1.251312849162011,0.2,0.25,0.2248724394785848,6.535,0.8208739712990041,0.3,0.4,0.35,36,54,45,101.2119775917483,8.431391878569492,0.08330428946442101,,,
rgk6535,"RGK Fall 2018, 6.535 GeV, torus+1",0,3,3,3,1,1.5,1.251312849162011,0.2,0.25,0.2248724394785848,6.535,0.8208739712990041,0.3,0.4,0.35,54,72,63,150.4695408871683,9.346277394084661,0.06211408195292558,,,
rgk6535,"RGK Fall 2018, 6.535 GeV, torus+1",0,3,3,4,1,1.5,1.251312849162011,0.2,0.25,0.2248724394785848,6.535,0.8208739712990041,0.3,0.4,0.35,72,90,81,184.5297860807534,9.100830542532,0.04931903263871624,,,
rgk6535,"RGK Fall 2018, 6.535 GeV, torus+1",0,3,3,5,1,1.5,1.251312849162011,0.2,0.25,0.2248724394785848,6.535,0.8208739712990041,0.3,0.4,0.35,90,108,99,192.6118963994462,8.768194249798631,0.04552259966131481,,,
rgk6535,"RGK Fall 2018, 6.535 GeV, torus+1",0,3,3,6,1,1.5,1.251312849162011,0.2,0.25,0.2248724394785848,6.535,0.8208739712990041,0.3,0.4,0.35,108,126,117,163.8941705132963,9.120185105213034,0.05564679376117979,,,
rgk6535,"RGK Fall 2018, 6.535 GeV, torus+1",0,3,3,7,1,1.5,1.251312849162011,0.2,0.25,0.2248724394785848,6.535,0.8208739712990041,0.3,0.4,0.35,126,144,135,82.75136284866532,7.938100658900745,0.09592712899989148,,,
rgk6535,"RGK Fall 2018, 6.535 GeV, torus+1",0,3,3,8,1,1.5,1.251312849162011,0.2,0.25,0.2248724394785848,6.535,0.8208739712990041,0.3,0.4,0.35,144,162,153,65.09706530021995,7.242323397615778,0.1112542226629579,,,
rgk6535,"RGK Fall 2018, 6.535 GeV, torus+1",0,3,3,9,1,1.5,1.251312849162011,0.2,0.25,0.2248724394785848,6.535,0.8208739712990041,0.3,0.4,0.35,162,180,171,34.13522560267678,4.357470668344741,0.1276531967025594,,,
rgk6535,"RGK Fall 2018, 6.535 GeV, torus+1",0,3,3,10,1,1.5,1.251312849162011,0.2,0.25,0.2248724394785848,6.535,0.8208739712990041,0.3,0.4,0.35,180,198,189,25.05134645034989,3.879518528201572,0.1548626751815724,,,
rgk6535,"RGK Fall 2018, 6.535 GeV, torus+1",0,3,3,11,1,1.5,1.251312849162011,0.2,0.25,0.2248724394785848,6.535,0.8208739712990041,0.3,0.4,0.35,198,216,207,52.64754943256435,6.541263378407078,0.1242463029886264,,,
rgk6535,"RGK Fall 2018, 6.535 GeV, torus+1",0,3,3,12,1,1.5,1.251312849162011,0.2,0.25,0.2248724394785848,6.535,0.8208739712990041,0.3,0.4,0.35,216,234,225,97.04547993387754,6.553567577454968,0.06753088945430819,,,
rgk6535,"RGK Fall 2018, 6.535 GeV, torus+1",0,3,3,13,1,1.5,1.251312849162011,0.2,0.25,0.2248724394785848,6.535,0.8208739712990041,0.3,0.4,0.35,234,252,243,140.4282063071452,8.061529407569083,0.05740676762570671,,,
rgk6535,"RGK Fall 2018, 6.535 GeV, torus+1",0,3,3,14,1,1.5,1.251312849162011,0.2,0.25,0.2248724394785848,6.535,0.8208739712990041,0.3,0.4,0.35,252,270,261,193.4721550809664,7.834855459356361,0.04049603652824119,,,
rgk6535,"RGK Fall 2018, 6.535 GeV, torus+1",0,3,3,15,1,1.5,1.251312849162011,0.2,0.25,0.2248724394785848,6.535,0.8208739712990041,0.3,0.4,0.35,270,288,279,185.0647078612785,9.128651389848317,0.04932680841930706,,,
rgk6535,"RGK Fall 2018, 6.535 GeV, torus+1",0,3,3,16,1,1.5,1.251312849162011,0.2,0.25,0.2248724394785848,6.535,0.8208739712990041,0.3,0.4,0.35,288,306,297,187.6750316725765,8.689826145363305,0.04630251593895473,,,
rgk6535,"RGK Fall 2018, 6.535 GeV, torus+1",0,3,3,17,1,1.5,1.251312849162011,0.2,0.25,0.2248724394785848,6.535,0.8208739712990041,0.3,0.4,0.35,306,324,315,131.9415576483449,8.464129403523012,0.06415059481169605,,,
rgk6535,"RGK Fall 2018, 6.535 GeV, torus+1",0,3,3,18,1,1.5,1.251312849162011,0.2,0.25,0.2248724394785848,6.535,0.8208739712990041,0.3,0.4,0.35,324,342,333,66.52698242934703,8.572665263880504,0.1288599745672343,,,
rgk6535,"RGK Fall 2018, 6.535 GeV, torus+1",0,3,3,19,1,1.5,1.251312849162011,0.2,0.25,0.2248724394785848,6.535,0.8208739712990041,0.3,0.4,0.35,342,360,351,66.17118791296052,10.05450569067294,0.1519468821369555,,,
rgk6535,"RGK Fall 2018, 6.535 GeV, torus+1",0,3,4,1,1,1.5,1.251312849162011,0.2,0.25,0.2248724394785848,6.535,0.8208739712990041,0.4,0.6,0.5,18,36,27,59.05586512637244,5.93418344004055,0.1004842351787094,,,
rgk6535,"RGK Fall 2018, 6.535 GeV, torus+1",0,3,4,2,1,1.5,1.251312849162011,0.2,0.25,0.2248724394785848,6.535,0.8208739712990041,0.4,0.6,0.5,36,54,45,93.49914928773531,5.000423072085649,0.05348094726185468,,,
rgk6535,"RGK Fall 2018, 6.535 GeV, torus+1",0,3,4,3,1,1.5,1.251312849162011,0.2,0.25,0.2248724394785848,6.535,0.8208739712990041,0.4,0.6,0.5,54,72,63,110.7814880276775,4.273837031165831,0.03857898198747847,,,
rgk6535,"RGK Fall 2018, 6.535 GeV, torus+1",0,3,4,4,1,1.5,1.251312849162011,0.2,0.25,0.2248724394785848,6.535,0.8208739712990041,0.4,0.6,0.5,72,90,81,130.3418402033554,4.659723982611212,0.03575002451508473,,,
rgk6535,"RGK Fall 2018, 6.535 GeV, torus+1",0,3,4,5,1,1.5,1.251312849162011,0.2,0.25,0.2248724394785848,6.535,0.8208739712990041,0.4,0.6,0.5,90,108,99,138.2931429346395,4.828737974978878,0.03491668402721205,,,
rgk6535,"RGK Fall 2018, 6.535 GeV, torus+1",0,3,4,6,1,1.5,1.251312849162011,0.2,0.25,0.2248724394785848,6.535,0.8208739712990041,0.4,0.6,0.5,108,126,117,113.3057084511679,4.739644427759702,0.04183058817201939,,,
rgk6535,"RGK Fall 2018, 6.535 GeV, torus+1",0,3,4,7,1,1.5,1.251312849162011,0.2,0.25,0.2248724394785848,6.535,0.8208739712990041,0.4,0.6,0.5,126,144,135,73.64014986404378,2.94649550423102,0.0400120791398566,,,
rgk6535,"RGK Fall 2018, 6.535 GeV, torus+1",0,3,4,8,1,1.5,1.251312849162011,0.2,0.25,0.2248724394785848,6.535,0.8208739712990041,0.4,0.6,0.5,144,162,153,54.63414785750373,2.707571388972107,0.0495582249408185,,,
rgk6535,"RGK Fall 2018, 6.535 GeV, torus+1",0,3,4,9,1,1.5,1.251312849162011,0.2,0.25,0.2248724394785848,6.535,0.8208739712990041,0.4,0.6,0.5,162,180,171,34.98150057892888,1.78528833296691,0.05103521299604508,,,
rgk6535,"RGK Fall 2018, 6.535 GeV, torus+1",0,3,4,10,1,1.5,1.251312849162011,0.2,0.25,0.2248724394785848,6.535,0.8208739712990041,0.4,0.6,0.5,180,198,189,29.77051439020542,1.51479472804071,0.05088238342764685,,,
rgk6535,"RGK Fall 2018, 6.535 GeV, torus+1",0,3,4,11,1,1.5,1.251312849162011,0.2,0.25,0.2248724394785848,6.535,0.8208739712990041,0.4,0.6,0.5,198,216,207,46.6024018609804,2.365130334560201,0.05075125401509604,,,
rgk6535,"RGK Fall 2018, 6.535 GeV, torus+1",0,3,4,12,1,1.5,1.251312849162011,0.2,0.25,0.2248724394785848,6.535,0.8208739712990041,0.4,0.6,0.5,216,234,225,72.02972673646519,3.190626074666591,0.04429596250364962,,,
rgk6535,"RGK Fall 2018, 6.535 GeV, torus+1",0,3,4,13,1,1.5,1.251312849162011,0.2,0.25,0.2248724394785848,6.535,0.8208739712990041,0.4,0.6,0.5,234,252,243,110.8378673473413,4.861896409894426,0.04386494008097719,,,
rgk6535,"RGK Fall 2018, 6.535 GeV, torus+1",0,3,4,14,1,1.5,1.251312849162011,0.2,0.25,0.2248724394785848,6.535,0.8208739712990041,0.4,0.6,0.5,252,270,261,137.0932109298971,4.591135962329997,0.03348915625499269,,,
rgk6535,"RGK Fall 2018, 6.535 GeV, torus+1",0,3,4,15,1,1.5,1.251312849162011,0.2,0.25,0.2248724394785848,6.535,0.8208739712990041,0.4,0.6,0.5,270,288,279,144.4243335273996,4.375722131846729,0.0302976792412657,,,
rgk6535,"RGK Fall 2018, 6.535 GeV, torus+1",0,3,4,16,1,1.5,1.251312849162011,0.2,0.25,0.2248724394785848,6.535,0.8208739712990041,0.4,0.6,0.5,288,306,297,128.8663710965257,5.000084181470412,0.03880053530587248,,,
rgk6535,"RGK Fall 2018, 6.535 GeV, torus+1",0,3,4,17,1,1.5,1.251312849162011,0.2,0.25,0.2248724394785848,6.535,0.8208739712990041,0.4,0.6,0.5,306,324,315,97.25589221970432,4.914097539972992,0.05052750458421462,,,
rgk6535,"RGK Fall 2018, 6.535 GeV, torus+1",0,3,4,18,1,1.5,1.251312849162011,0.2,0.25,0.2248724394785848,6.535,0.8208739712990041,0.4,0.6,0.5,324,342,333,62.42118312059681,6.10157402792874,0.0977484520942288,,,
rgk6535,"RGK Fall 2018, 6.535 GeV, torus+1",0,3,5,1,1,1.5,1.251312849162011,0.2,0.25,0.2248724394785848,6.535,0.8208739712990041,0.6,1,0.8,18,36,27,28.79202819492946,3.093188008312552,0.1074320984743024,,,
rgk6535,"RGK Fall 2018, 6.535 GeV, torus+1",0,3,5,2,1,1.5,1.251312849162011,0.2,0.25,0.2248724394785848,6.535,0.8208739712990041,0.6,1,0.8,36,54,45,48.08425456041167,2.265783165580501,0.04712110411806085,,,
rgk6535,"RGK Fall 2018, 6.535 GeV, torus+1",0,3,5,3,1,1.5,1.251312849162011,0.2,0.25,0.2248724394785848,6.535,0.8208739712990041,0.6,1,0.8,54,72,63,60.45462447590175,1.820995822006193,0.03012169602892949,,,
rgk6535,"RGK Fall 2018, 6.535 GeV, torus+1",0,3,5,4,1,1.5,1.251312849162011,0.2,0.25,0.2248724394785848,6.535,0.8208739712990041,0.6,1,0.8,72,90,81,64.38525851743434,2.023391806403374,0.03142632107092459,,,
rgk6535,"RGK Fall 2018, 6.535 GeV, torus+1",0,3,5,5,1,1.5,1.251312849162011,0.2,0.25,0.2248724394785848,6.535,0.8208739712990041,0.6,1,0.8,90,108,99,70.89587067400285,2.779892685187039,0.03921092524513436,,,
rgk6535,"RGK Fall 2018, 6.535 GeV, torus+1",0,3,5,6,1,1.5,1.251312849162011,0.2,0.25,0.2248724394785848,6.535,0.8208739712990041,0.6,1,0.8,108,126,117,53.81286968974469,2.55139744697427,0.04741240267772783,,,
rgk6535,"RGK Fall 2018, 6.535 GeV, torus+1",0,3,5,7,1,1.5,1.251312849162011,0.2,0.25,0.2248724394785848,6.535,0.8208739712990041,0.6,1,0.8,126,144,135,42.26366329825817,1.753167963163673,0.0414816848883028,,,
rgk6535,"RGK Fall 2018, 6.535 GeV, torus+1",0,3,5,8,1,1.5,1.251312849162011,0.2,0.25,0.2248724394785848,6.535,0.8208739712990041,0.6,1,0.8,144,162,153,37.09587396187223,1.682574659003227,0.04535746106784291,,,
rgk6535,"RGK Fall 2018, 6.535 GeV, torus+1",0,3,5,9,1,1.5,1.251312849162011,0.2,0.25,0.2248724394785848,6.535,0.8208739712990041,0.6,1,0.8,162,180,171,23.83370898414475,1.500184768502461,0.06294382336800582,,,
rgk6535,"RGK Fall 2018, 6.535 GeV, torus+1",0,3,5,10,1,1.5,1.251312849162011,0.2,0.25,0.2248724394785848,6.535,0.8208739712990041,0.6,1,0.8,180,198,189,24.03172212182826,1.468428718943604,0.06110376574343854,,,
rgk6535,"RGK Fall 2018, 6.535 GeV, torus+1",0,3,5,11,1,1.5,1.251312849162011,0.2,0.25,0.2248724394785848,6.535,0.8208739712990041,0.6,1,0.8,198,216,207,28.51875458929164,1.615847790801363,0.05665912884597316,,,
rgk6535,"RGK Fall 2018, 6.535 GeV, torus+1",0,3,5,12,1,1.5,1.251312849162011,0.2,0.25,0.2248724394785848,6.535,0.8208739712990041,0.6,1,0.8,216,234,225,40.17058917578385,1.794888003486127,0.04468164496248276,,,
rgk6535,"RGK Fall 2018, 6.535 GeV, torus+1",0,3,5,13,1,1.5,1.251312849162011,0.2,0.25,0.2248724394785848,6.535,0.8208739712990041,0.6,1,0.8,234,252,243,52.13265419899032,2.218557591645691,0.04255600689689533,,,
rgk6535,"RGK Fall 2018, 6.535 GeV, torus+1",0,3,5,14,1,1.5,1.251312849162011,0.2,0.25,0.2248724394785848,6.535,0.8208739712990041,0.6,1,0.8,252,270,261,81.70102963328209,2.461701336693747,0.03013060358900223,,,
rgk6535,"RGK Fall 2018, 6.535 GeV, torus+1",0,3,5,15,1,1.5,1.251312849162011,0.2,0.25,0.2248724394785848,6.535,0.8208739712990041,0.6,1,0.8,270,288,279,68.88960808307478,2.041756634711063,0.0296380933427417,,,
rgk6535,"RGK Fall 2018, 6.535 GeV, torus+1",0,3,5,16,1,1.5,1.251312849162011,0.2,0.25,0.2248724394785848,6.535,0.8208739712990041,0.6,1,0.8,288,306,297,56.66349900351476,1.966683778986844,0.03470812451706969,,,
rgk6535,"RGK Fall 2018, 6.535 GeV, torus+1",0,3,5,17,1,1.5,1.251312849162011,0.2,0.25,0.2248724394785848,6.535,0.8208739712990041,0.6,1,0.8,306,324,315,43.75617188678107,2.488255200818397,0.05686638235302548,,,
rgk6535,"RGK Fall 2018, 6.535 GeV, torus+1",0,3,5,18,1,1.5,1.251312849162011,0.2,0.25,0.2248724394785848,6.535,0.8208739712990041,0.6,1,0.8,324,342,333,24.82203349878103,2.436573203043959,0.09816170795046325,,,
rgk6535,"RGK Fall 2018, 6.535 GeV, torus+1",0,3,6,1,1,1.5,1.251312849162011,0.2,0.25,0.2248724394785848,6.535,0.8208739712990041,1,1.5,1.25,18,36,27,8.829043439683481,1.309348380048315,0.1483001402126134,,,
rgk6535,"RGK Fall 2018, 6.535 GeV, torus+1",0,3,6,2,1,1.5,1.251312849162011,0.2,0.25,0.2248724394785848,6.535,0.8208739712990041,1,1.5,1.25,36,54,45,15.69083161107186,1.185282844326442,0.07553983585484887,,,
rgk6535,"RGK Fall 2018, 6.535 GeV, torus+1",0,3,6,3,1,1.5,1.251312849162011,0.2,0.25,0.2248724394785848,6.535,0.8208739712990041,1,1.5,1.25,54,72,63,23.22002744524509,1.171879404685962,0.05046847629484325,,,
rgk6535,"RGK Fall 2018, 6.535 GeV, torus+1",0,3,6,4,1,1.5,1.251312849162011,0.2,0.25,0.2248724394785848,6.535,0.8208739712990041,1,1.5,1.25,72,90,81,27.74747015570554,1.326477797645214,0.04780535991936039,,,
rgk6535,"RGK Fall 2018, 6.535 GeV, torus+1",0,3,6,5,1,1.5,1.251312849162011,0.2,0.25,0.2248724394785848,6.535,0.8208739712990041,1,1.5,1.25,90,108,99,27.7198890735968,2.083968218685371,0.0751795295122718,,,
rgk6535,"RGK Fall 2018, 6.535 GeV, torus+1",0,3,6,6,1,1.5,1.251312849162011,0.2,0.25,0.2248724394785848,6.535,0.8208739712990041,1,1.5,1.25,108,126,117,21.13853478300244,1.735035753316971,0.08207928180112645,,,
rgk6535,"RGK Fall 2018, 6.535 GeV, torus+1",0,3,6,7,1,1.5,1.251312849162011,0.2,0.25,0.2248724394785848,6.535,0.8208739712990041,1,1.5,1.25,126,144,135,20.88564269885594,1.791650832622727,0.0857838496260816,,,
rgk6535,"RGK Fall 2018, 6.535 GeV, torus+1",0,3,6,8,1,1.5,1.251312849162011,0.2,0.25,0.2248724394785848,6.535,0.8208739712990041,1,1.5,1.25,144,162,153,18.00473498907617,2.152149498320871,0.1195324174238956,,,
rgk6535,"RGK Fall 2018, 6.535 GeV, torus+1",0,3,6,9,1,1.5,1.251312849162011,0.2,0.25,0.2248724394785848,6.535,0.8208739712990041,1,1.5,1.25,162,180,171,10.1469970477601,1.731264223589494,0.17061838250674,,,
rgk6535,"RGK Fall 2018, 6.535 GeV, torus+1",0,3,6,10,1,1.5,1.251312849162011,0.2,0.25,0.2248724394785848,6.535,0.8208739712990041,1,1.5,1.25,180,198,189,11.94933684464703,2.158355197336216,0.1806255213487515,,,
rgk6535,"RGK Fall 2018, 6.535 GeV, torus+1",0,3,6,11,1,1.5,1.251312849162011,0.2,0.25,0.2248724394785848,6.535,0.8208739712990041,1,1.5,1.25,198,216,207,13.34342073020618,1.96200543069965,0.1470391641221474,,,
rgk6535,"RGK Fall 2018, 6.535 GeV, torus+1",0,3,6,12,1,1.5,1.251312849162011,0.2,0.25,0.2248724394785848,6.535,0.8208739712990041,1,1.5,1.25,216,234,225,19.03953199641893,1.861308518053131,0.09776020326566943,,,
rgk6535,"RGK Fall 2018, 6.535 GeV, torus+1",0,3,6,13,1,1.5,1.251312849162011,0.2,0.25,0.2248724394785848,6.535,0.8208739712990041,1,1.5,1.25,234,252,243,25.42204699008745,1.648603346716451,0.06484935486742172,,,
rgk6535,"RGK Fall 2018, 6.535 GeV, torus+1",0,3,6,14,1,1.5,1.251312849162011,0.2,0.25,0.2248724394785848,6.535,0.8208739712990041,1,1.5,1.25,252,270,261,33.49084596656095,1.730580222279988,0.05167323106761446,,,
rgk6535,"RGK Fall 2018, 6.535 GeV, torus+1",0,3,6,15,1,1.5,1.251312849162011,0.2,0.25,0.2248724394785848,6.535,0.8208739712990041,1,1.5,1.25,270,288,279,30.49703752156443,1.438653959563479,0.04717356426984779,,,
rgk6535,"RGK Fall 2018, 6.535 GeV, torus+1",0,3,6,16,1,1.5,1.251312849162011,0.2,0.25,0.2248724394785848,6.535,0.8208739712990041,1,1.5,1.25,288,306,297,21.82429563414593,1.295456497936784,0.05935845626604939,,,
rgk6535,"RGK Fall 2018, 6.535 GeV, torus+1",0,3,6,17,1,1.5,1.251312849162011,0.2,0.25,0.2248724394785848,6.535,0.8208739712990041,1,1.5,1.25,306,324,315,14.05004355637039,1.15230726401733,0.08201449763441232,,,
rgk6535,"RGK Fall 2018, 6.535 GeV, torus+1",0,3,6,18,1,1.5,1.251312849162011,0.2,0.25,0.2248724394785848,6.535,0.8208739712990041,1,1.5,1.25,324,342,333,8.557456809487809,1.276341457896788,0.1491496231078473,,,
rgk6535,"RGK Fall 2018, 6.535 GeV, torus+1",0,3,7,1,1,1.5,1.251312849162011,0.2,0.25,0.2248724394785848,6.535,0.8208739712990041,1.5,2,1.75,18,36,27,3.738971793031055,0.8357698308636465,0.2235293222648564,,,
rgk6535,"RGK Fall 2018, 6.535 GeV, torus+1",0,3,7,2,1,1.5,1.251312849162011,0.2,0.25,0.2248724394785848,6.535,0.8208739712990041,1.5,2,1.75,36,54,45,10.24954012355765,1.258921926149687,0.1228271620944405,,,
rgk6535,"RGK Fall 2018, 6.535 GeV, torus+1",0,3,7,3,1,1.5,1.251312849162011,0.2,0.25,0.2248724394785848,6.535,0.8208739712990041,1.5,2,1.75,54,72,63,11.7416294648931,1.244962561268616,0.1060297946712587,,,
rgk6535,"RGK Fall 2018, 6.535 GeV, torus+1",0,3,7,4,1,1.5,1.251312849162011,0.2,0.25,0.2248724394785848,6.535,0.8208739712990041,1.5,2,1.75,72,90,81,13.50772731969693,1.625329595309689,0.1203259110020409,,,
rgk6535,"RGK Fall 2018, 6.535 GeV, torus+1",0,3,7,5,1,1.5,1.251312849162011,0.2,0.25,0.2248724394785848,6.535,0.8208739712990041,1.5,2,1.75,90,108,99,9.234167332724981,1.379601376605908,0.1494018168499867,,,
rgk6535,"RGK Fall 2018, 6.535 GeV, torus+1",0,3,7,6,1,1.5,1.251312849162011,0.2,0.25,0.2248724394785848,6.535,0.8208739712990041,1.5,2,1.75,108,126,117,11.14090192798723,1.991525083344757,0.178757976348559,,,
rgk6535,"RGK Fall 2018, 6.535 GeV, torus+1",0,3,7,12,1,1.5,1.251312849162011,0.2,0.25,0.2248724394785848,6.535,0.8208739712990041,1.5,2,1.75,216,234,225,7.68960989846398,3.37500786598984,0.4389049523388705,,,
rgk6535,"RGK Fall 2018, 6.535 GeV, torus+1",0,3,7,13,1,1.5,1.251312849162011,0.2,0.25,0.2248724394785848,6.535,0.8208739712990041,1.5,2,1.75,234,252,243,12.93520421384791,2.13970104821709,0.1654168742018322,,,
rgk6535,"RGK Fall 2018, 6.535 GeV, torus+1",0,3,7,14,1,1.5,1.251312849162011,0.2,0.25,0.2248724394785848,6.535,0.8208739712990041,1.5,2,1.75,252,270,261,10.64731986359353,1.232945666474096,0.115798687582395,,,
rgk6535,"RGK Fall 2018, 6.535 GeV, torus+1",0,3,7,15,1,1.5,1.251312849162011,0.2,0.25,0.2248724394785848,6.535,0.8208739712990041,1.5,2,1.75,270,288,279,12.05900375554169,1.603993293665054,0.133012090068215,,,
rgk6535,"RGK Fall 2018, 6.535 GeV, torus+1",0,3,7,16,1,1.5,1.251312849162011,0.2,0.25,0.2248724394785848,6.535,0.8208739712990041,1.5,2,1.75,288,306,297,10.50359838548017,1.194498810152439,0.1137228182489989,,,
rgk6535,"RGK Fall 2018, 6.535 GeV, torus+1",0,3,7,17,1,1.5,1.251312849162011,0.2,0.25,0.2248724394785848,6.535,0.8208739712990041,1.5,2,1.75,306,324,315,7.386861142840205,0.8112754733829773,0.1098268205798501,,,
rgk6535,"RGK Fall 2018, 6.535 GeV, torus+1",0,3,7,18,1,1.5,1.251312849162011,0.2,0.25,0.2248724394785848,6.535,0.8208739712990041,1.5,2,1.75,324,342,333,5.809635118958695,1.147159205913281,0.1974580472652636,,,
rgk6535,"RGK Fall 2018, 6.535 GeV, torus+1",0,4,0,0,1,1.5,1.328962465087307,0.25,0.3,0.2704989752245464,6.535,0.8606183419069517,0.09,0.15,0.12,0,18,9,143.9523488405056,32.56402966494392,0.2262139515418659,,,
rgk6535,"RGK Fall 2018, 6.535 GeV, torus+1",0,4,0,1,1,1.5,1.328962465087307,0.25,0.3,0.2704989752245464,6.535,0.8606183419069517,0.09,0.15,0.12,18,36,27,172.9687257111459,35.93289876380049,0.2077421719797351,,,
rgk6535,"RGK Fall 2018, 6.535 GeV, torus+1",0,4,0,2,1,1.5,1.328962465087307,0.25,0.3,0.2704989752245464,6.535,0.8606183419069517,0.09,0.15,0.12,36,54,45,199.0808896680651,41.35887506348029,0.2077490970250307,,,
rgk6535,"RGK Fall 2018, 6.535 GeV, torus+1",0,4,0,3,1,1.5,1.328962465087307,0.25,0.3,0.2704989752245464,6.535,0.8606183419069517,0.09,0.15,0.12,54,72,63,294.4650656785402,113.3979496613191,0.3850981419477199,,,
rgk6535,"RGK Fall 2018, 6.535 GeV, torus+1",0,4,0,17,1,1.5,1.328962465087307,0.25,0.3,0.2704989752245464,6.535,0.8606183419069517,0.09,0.15,0.12,306,324,315,141.9429365842607,46.12892883669403,0.3249822072640494,,,
rgk6535,"RGK Fall 2018, 6.535 GeV, torus+1",0,4,0,18,1,1.5,1.328962465087307,0.25,0.3,0.2704989752245464,6.535,0.8606183419069517,0.09,0.15,0.12,324,342,333,134.0436016989215,30.73271335076594,0.229274004586921,,,
rgk6535,"RGK Fall 2018, 6.535 GeV, torus+1",0,4,0,19,1,1.5,1.328962465087307,0.25,0.3,0.2704989752245464,6.535,0.8606183419069517,0.09,0.15,0.12,342,360,351,157.9905379714823,31.40110976386674,0.1987531036164629,,,
rgk6535,"RGK Fall 2018, 6.535 GeV, torus+1",0,4,1,0,1,1.5,1.330761316872428,0.25,0.3,0.2710684891240447,6.535,0.8608014429794353,0.15,0.2,0.175,0,18,9,105.5203984325869,16.94956891539773,0.1606283634933977,,,
rgk6535,"RGK Fall 2018, 6.535 GeV, torus+1",0,4,1,1,1,1.5,1.330761316872428,0.25,0.3,0.2710684891240447,6.535,0.8608014429794353,0.15,0.2,0.175,18,36,27,140.6914839144946,15.15949943001335,0.1077499434096989,,,
rgk6535,"RGK Fall 2018, 6.535 GeV, torus+1",0,4,1,2,1,1.5,1.330761316872428,0.25,0.3,0.2710684891240447,6.535,0.8608014429794353,0.15,0.2,0.175,36,54,45,163.0234454359826,16.2411345458007,0.09962453254724277,,,
rgk6535,"RGK Fall 2018, 6.535 GeV, torus+1",0,4,1,3,1,1.5,1.330761316872428,0.25,0.3,0.2710684891240447,6.535,0.8608014429794353,0.15,0.2,0.175,54,72,63,194.434783148439,21.14786036175739,0.1087658289289334,,,
rgk6535,"RGK Fall 2018, 6.535 GeV, torus+1",0,4,1,4,1,1.5,1.330761316872428,0.25,0.3,0.2710684891240447,6.535,0.8608014429794353,0.15,0.2,0.175,72,90,81,317.7788029621142,42.20858466696159,0.1328237889800149,,,
rgk6535,"RGK Fall 2018, 6.535 GeV, torus+1",0,4,1,15,1,1.5,1.330761316872428,0.25,0.3,0.2710684891240447,6.535,0.8608014429794353,0.15,0.2,0.175,270,288,279,198.9864732376357,40.05349761861854,0.2012875396348445,,,
rgk6535,"RGK Fall 2018, 6.535 GeV, torus+1",0,4,1,16,1,1.5,1.330761316872428,0.25,0.3,0.2710684891240447,6.535,0.8608014429794353,0.15,0.2,0.175,288,306,297,186.7089710278734,26.43377944665631,0.1415774469814311,,,
rgk6535,"RGK Fall 2018, 6.535 GeV, torus+1",0,4,1,17,1,1.5,1.330761316872428,0.25,0.3,0.2710684891240447,6.535,0.8608014429794353,0.15,0.2,0.175,306,324,315,120.5533205016403,21.66751752722573,0.1797338923313267,,,
rgk6535,"RGK Fall 2018, 6.535 GeV, torus+1",0,4,1,18,1,1.5,1.330761316872428,0.25,0.3,0.2710684891240447,6.535,0.8608014429794353,0.15,0.2,0.175,324,342,333,125.9994585736672,16.89818363508925,0.1341131448212495,,,
rgk6535,"RGK Fall 2018, 6.535 GeV, torus+1",0,4,1,19,1,1.5,1.330761316872428,0.25,0.3,0.2710684891240447,6.535,0.8608014429794353,0.15,0.2,0.175,342,360,351,99.75398988791611,14.11533649672483,0.1415014728993283,,,
rgk6535,"RGK Fall 2018, 6.535 GeV, torus+1",0,4,2,0,1,1.5,1.330761316872428,0.25,0.3,0.2710684891240447,6.535,0.8608014429794353,0.2,0.3,0.25,0,18,9,125.3765199305049,14.11672259600865,0.1125946277966036,,,
rgk6535,"RGK Fall 2018, 6.535 GeV, torus+1",0,4,2,1,1,1.5,1.330761316872428,0.25,0.3,0.2710684891240447,6.535,0.8608014429794353,0.2,0.3,0.25,18,36,27,143.596649184109,11.70059309464911,0.08148235464497142,,,
rgk6535,"RGK Fall 2018, 6.535 GeV, torus+1",0,4,2,2,1,1.5,1.330761316872428,0.25,0.3,0.2710684891240447,6.535,0.8608014429794353,0.2,0.3,0.25,36,54,45,205.9542238674718,13.92153938969449,0.06759530893939213,,,
rgk6535,"RGK Fall 2018, 6.535 GeV, torus+1",0,4,2,3,1,1.5,1.330761316872428,0.25,0.3,0.2710684891240447,6.535,0.8608014429794353,0.2,0.3,0.25,54,72,63,255.1922732510431,16.12385810163412,0.06318317516523088,,,
rgk6535,"RGK Fall 2018, 6.535 GeV, torus+1",0,4,2,4,1,1.5,1.330761316872428,0.25,0.3,0.2710684891240447,6.535,0.8608014429794353,0.2,0.3,0.25,72,90,81,279.8791880363885,20.41035992154163,0.07292560788367008,,,
rgk6535,"RGK Fall 2018, 6.535 GeV, torus+1",0,4,2,5,1,1.5,1.330761316872428,0.25,0.3,0.2710684891240447,6.535,0.8608014429794353,0.2,0.3,0.25,90,108,99,399.7574159067188,35.45610889343514,0.0886940616549028,,,
rgk6535,"RGK Fall 2018, 6.535 GeV, torus+1",0,4,2,14,1,1.5,1.330761316872428,0.25,0.3,0.2710684891240447,6.535,0.8608014429794353,0.2,0.3,0.25,252,270,261,319.1920826402822,38.88667758056893,0.1218284528203439,,,
rgk6535,"RGK Fall 2018, 6.535 GeV, torus+1",0,4,2,15,1,1.5,1.330761316872428,0.25,0.3,0.2710684891240447,6.535,0.8608014429794353,0.2,0.3,0.25,270,288,279,232.4551566943269,18.20184106074725,0.07830259100116345,,,
rgk6535,"RGK Fall 2018, 6.535 GeV, torus+1",0,4,2,16,1,1.5,1.330761316872428,0.25,0.3,0.2710684891240447,6.535,0.8608014429794353,0.2,0.3,0.25,288,306,297,220.8691931747429,15.99221474124828,0.07240581862675563,,,
rgk6535,"RGK Fall 2018, 6.535 GeV, torus+1",0,4,2,17,1,1.5,1.330761316872428,0.25,0.3,0.2710684891240447,6.535,0.8608014429794353,0.2,0.3,0.25,306,324,315,226.1175772485061,17.77630708041624,0.07861532613574683,,,
rgk6535,"RGK Fall 2018, 6.535 GeV, torus+1",0,4,2,18,1,1.5,1.330761316872428,0.25,0.3,0.2710684891240447,6.535,0.8608014429794353,0.2,0.3,0.25,324,342,333,143.907905464754,14.35013895723323,0.09971751663599795,,,
rgk6535,"RGK Fall 2018, 6.535 GeV, torus+1",0,4,2,19,1,1.5,1.330761316872428,0.25,0.3,0.2710684891240447,6.535,0.8608014429794353,0.2,0.3,0.25,342,360,351,106.1092179300802,11.69959087856214,0.1102598917114958,,,
rgk6535,"RGK Fall 2018, 6.535 GeV, torus+1",0,4,3,0,1,1.5,1.330761316872428,0.25,0.3,0.2710684891240447,6.535,0.8608014429794353,0.3,0.4,0.35,0,18,9,79.11555873176763,12.61687384386713,0.159473990275961,,,
rgk6535,"RGK Fall 2018, 6.535 GeV, torus+1",0,4,3,1,1,1.5,1.330761316872428,0.25,0.3,0.2710684891240447,6.535,0.8608014429794353,0.3,0.4,0.35,18,36,27,127.4185821798152,13.35363715548769,0.1048013321686692,,,
rgk6535,"RGK Fall 2018, 6.535 GeV, torus+1",0,4,3,2,1,1.5,1.330761316872428,0.25,0.3,0.2710684891240447,6.535,0.8608014429794353,0.3,0.4,0.35,36,54,45,158.2572177497675,12.73818865342563,0.08049041196697232,,,
rgk6535,"RGK Fall 2018, 6.535 GeV, torus+1",0,4,3,3,1,1.5,1.330761316872428,0.25,0.3,0.2710684891240447,6.535,0.8608014429794353,0.3,0.4,0.35,54,72,63,204.4203135584761,15.89378722110806,0.07775052755000063,,,
rgk6535,"RGK Fall 2018, 6.535 GeV, torus+1",0,4,3,4,1,1.5,1.330761316872428,0.25,0.3,0.2710684891240447,6.535,0.8608014429794353,0.3,0.4,0.35,72,90,81,220.9187507333579,14.9926988869193,0.06786521667875546,,,
rgk6535,"RGK Fall 2018, 6.535 GeV, torus+1",0,4,3,5,1,1.5,1.330761316872428,0.25,0.3,0.2710684891240447,6.535,0.8608014429794353,0.3,0.4,0.35,90,108,99,234.7172555288192,17.07556584417134,0.0727495121979848,,,
rgk6535,"RGK Fall 2018, 6.535 GeV, torus+1",0,4,3,6,1,1.5,1.330761316872428,0.25,0.3,0.2710684891240447,6.535,0.8608014429794353,0.3,0.4,0.35,108,126,117,152.0467428353838,16.73028701425339,0.1100338402669155,,,
rgk6535,"RGK Fall 2018, 6.535 GeV, torus+1",0,4,3,7,1,1.5,1.330761316872428,0.25,0.3,0.2710684891240447,6.535,0.8608014429794353,0.3,0.4,0.35,126,144,135,141.7721370287086,24.71187275295333,0.1743069778792234,,,
rgk6535,"RGK Fall 2018, 6.535 GeV, torus+1",0,4,3,12,1,1.5,1.330761316872428,0.25,0.3,0.2710684891240447,6.535,0.8608014429794353,0.3,0.4,0.35,216,234,225,75.8916504174377,16.67001501411617,0.219655455144587,,,
rgk6535,"RGK Fall 2018, 6.535 GeV, torus+1",0,4,3,13,1,1.5,1.330761316872428,0.25,0.3,0.2710684891240447,6.535,0.8608014429794353,0.3,0.4,0.35,234,252,243,151.1590311601205,12.62487493263104,0.08352048062055714,,,
rgk6535,"RGK Fall 2018, 6.535 GeV, torus+1",0,4,3,14,1,1.5,1.330761316872428,0.25,0.3,0.2710684891240447,6.535,0.8608014429794353,0.3,0.4,0.35,252,270,261,206.6868420997384,17.6498831971548,0.08539432417588395,,,
rgk6535,"RGK Fall 2018, 6.535 GeV, torus+1",0,4,3,15,1,1.5,1.330761316872428,0.25,0.3,0.2710684891240447,6.535,0.8608014429794353,0.3,0.4,0.35,270,288,279,258.1166617248873,17.54322393669476,0.06796625920799002,,,
rgk6535,"RGK Fall 2018, 6.535 GeV, torus+1",0,4,3,16,1,1.5,1.330761316872428,0.25,0.3,0.2710684891240447,6.535,0.8608014429794353,0.3,0.4,0.35,288,306,297,200.7788600229209,13.16128626975977,0.06555115547651423,,,
rgk6535,"RGK Fall 2018, 6.535 GeV, torus+1",0,4,3,17,1,1.5,1.330761316872428,0.25,0.3,0.2710684891240447,6.535,0.8608014429794353,0.3,0.4,0.35,306,324,315,176.3188932083287,14.22520318393082,0.08067883665265017,,,
rgk6535,"RGK Fall 2018, 6.535 GeV, torus+1",0,4,3,18,1,1.5,1.330761316872428,0.25,0.3,0.2710684891240447,6.535,0.8608014429794353,0.3,0.4,0.35,324,342,333,118.0061638417894,13.84799651873575,0.1173497728245936,,,
rgk6535,"RGK Fall 2018, 6.535 GeV, torus+1",0,4,3,19,1,1.5,1.330761316872428,0.25,0.3,0.2710684891240447,6.535,0.8608014429794353,0.3,0.4,0.35,342,360,351,70.07519425972333,11.72136578522448,0.1672684023076835,,,
rgk6535,"RGK Fall 2018, 6.535 GeV, torus+1",0,4,4,0,1,1.5,1.330761316872428,0.25,0.3,0.2710684891240447,6.535,0.8608014429794353,0.4,0.6,0.5,0,18,9,58.7829455846046,9.95862326877384,0.1694134781735407,,,
rgk6535,"RGK Fall 2018, 6.535 GeV, torus+1",0,4,4,1,1,1.5,1.330761316872428,0.25,0.3,0.2710684891240447,6.535,0.8608014429794353,0.4,0.6,0.5,18,36,27,83.94866640653434,8.639420479136046,0.1029131354785116,,,
rgk6535,"RGK Fall 2018, 6.535 GeV, torus+1",0,4,4,2,1,1.5,1.330761316872428,0.25,0.3,0.2710684891240447,6.535,0.8608014429794353,0.4,0.6,0.5,36,54,45,117.5641170695597,8.457779189521796,0.07194184246301567,,,
rgk6535,"RGK Fall 2018, 6.535 GeV, torus+1",0,4,4,3,1,1.5,1.330761316872428,0.25,0.3,0.2710684891240447,6.535,0.8608014429794353,0.4,0.6,0.5,54,72,63,148.3349105322671,8.208220494148383,0.05533572956423404,,,
rgk6535,"RGK Fall 2018, 6.535 GeV, torus+1",0,4,4,4,1,1.5,1.330761316872428,0.25,0.3,0.2710684891240447,6.535,0.8608014429794353,0.4,0.6,0.5,72,90,81,180.8006296778184,9.630872563650648,0.05326791494483503,,,
rgk6535,"RGK Fall 2018, 6.535 GeV, torus+1",0,4,4,5,1,1.5,1.330761316872428,0.25,0.3,0.2710684891240447,6.535,0.8608014429794353,0.4,0.6,0.5,90,108,99,222.6090780721481,10.49509977948622,0.04714587504865696,,,
rgk6535,"RGK Fall 2018, 6.535 GeV, torus+1",0,4,4,6,1,1.5,1.330761316872428,0.25,0.3,0.2710684891240447,6.535,0.8608014429794353,0.4,0.6,0.5,108,126,117,135.76254599106,7.31792195571355,0.05390236240999368,,,
rgk6535,"RGK Fall 2018, 6.535 GeV, torus+1",0,4,4,7,1,1.5,1.330761316872428,0.25,0.3,0.2710684891240447,6.535,0.8608014429794353,0.4,0.6,0.5,126,144,135,118.4831376915306,7.02371632916319,0.05928030322297294,,,
rgk6535,"RGK Fall 2018, 6.535 GeV, torus+1",0,4,4,8,1,1.5,1.330761316872428,0.25,0.3,0.2710684891240447,6.535,0.8608014429794353,0.4,0.6,0.5,144,162,153,71.18801023097494,7.709046893779842,0.1082913663237285,,,
rgk6535,"RGK Fall 2018, 6.535 GeV, torus+1",0,4,4,9,1,1.5,1.330761316872428,0.25,0.3,0.2710684891240447,6.535,0.8608014429794353,0.4,0.6,0.5,162,180,171,42.89635855550193,7.695464593695053,0.1793966866380556,,,
rgk6535,"RGK Fall 2018, 6.535 GeV, torus+1",0,4,4,10,1,1.5,1.330761316872428,0.25,0.3,0.2710684891240447,6.535,0.8608014429794353,0.4,0.6,0.5,180,198,189,41.47108351583032,7.071229761413039,0.1705098869363713,,,
rgk6535,"RGK Fall 2018, 6.535 GeV, torus+1",0,4,4,11,1,1.5,1.330761316872428,0.25,0.3,0.2710684891240447,6.535,0.8608014429794353,0.4,0.6,0.5,198,216,207,52.18686172559958,6.417639037312594,0.1229742280932081,,,
rgk6535,"RGK Fall 2018, 6.535 GeV, torus+1",0,4,4,12,1,1.5,1.330761316872428,0.25,0.3,0.2710684891240447,6.535,0.8608014429794353,0.4,0.6,0.5,216,234,225,100.3611541728223,6.194982949041655,0.06172690021453789,,,
rgk6535,"RGK Fall 2018, 6.535 GeV, torus+1",0,4,4,13,1,1.5,1.330761316872428,0.25,0.3,0.2710684891240447,6.535,0.8608014429794353,0.4,0.6,0.5,234,252,243,122.9032697611796,6.26682444021199,0.05098989190759056,,,
rgk6535,"RGK Fall 2018, 6.535 GeV, torus+1",0,4,4,14,1,1.5,1.330761316872428,0.25,0.3,0.2710684891240447,6.535,0.8608014429794353,0.4,0.6,0.5,252,270,261,197.8973364630059,9.732706932731753,0.0491805857859595,,,
rgk6535,"RGK Fall 2018, 6.535 GeV, torus+1",0,4,4,15,1,1.5,1.330761316872428,0.25,0.3,0.2710684891240447,6.535,0.8608014429794353,0.4,0.6,0.5,270,288,279,207.2202288112322,9.473032044506899,0.04571480351532854,,,
rgk6535,"RGK Fall 2018, 6.535 GeV, torus+1",0,4,4,16,1,1.5,1.330761316872428,0.25,0.3,0.2710684891240447,6.535,0.8608014429794353,0.4,0.6,0.5,288,306,297,172.9658030236976,8.595212709150701,0.04969313331822645,,,
rgk6535,"RGK Fall 2018, 6.535 GeV, torus+1",0,4,4,17,1,1.5,1.330761316872428,0.25,0.3,0.2710684891240447,6.535,0.8608014429794353,0.4,0.6,0.5,306,324,315,135.8868856241719,7.33745457583935,0.05399678226589768,,,
rgk6535,"RGK Fall 2018, 6.535 GeV, torus+1",0,4,4,18,1,1.5,1.330761316872428,0.25,0.3,0.2710684891240447,6.535,0.8608014429794353,0.4,0.6,0.5,324,342,333,75.27378712564997,7.385006825888143,0.09810861267762173,,,
rgk6535,"RGK Fall 2018, 6.535 GeV, torus+1",0,4,4,19,1,1.5,1.330761316872428,0.25,0.3,0.2710684891240447,6.535,0.8608014429794353,0.4,0.6,0.5,342,360,351,79.37765145911052,11.20891284229456,0.1412099329755122,,,
rgk6535,"RGK Fall 2018, 6.535 GeV, torus+1",0,4,5,1,1,1.5,1.330761316872428,0.25,0.3,0.2710684891240447,6.535,0.8608014429794353,0.6,1,0.8,18,36,27,37.14652808864874,4.312217391553808,0.1160866873281635,,,
rgk6535,"RGK Fall 2018, 6.535 GeV, torus+1",0,4,5,2,1,1.5,1.330761316872428,0.25,0.3,0.2710684891240447,6.535,0.8608014429794353,0.6,1,0.8,36,54,45,56.97940994355572,3.650569293231138,0.0640682186222606,,,
rgk6535,"RGK Fall 2018, 6.535 GeV, torus+1",0,4,5,3,1,1.5,1.330761316872428,0.25,0.3,0.2710684891240447,6.535,0.8608014429794353,0.6,1,0.8,54,72,63,77.75750052153528,3.699012698098661,0.04757113684581726,,,
rgk6535,"RGK Fall 2018, 6.535 GeV, torus+1",0,4,5,4,1,1.5,1.330761316872428,0.25,0.3,0.2710684891240447,6.535,0.8608014429794353,0.6,1,0.8,72,90,81,109.2701176869852,4.382313252857414,0.04010532198209004,,,
rgk6535,"RGK Fall 2018, 6.535 GeV, torus+1",0,4,5,5,1,1.5,1.330761316872428,0.25,0.3,0.2710684891240447,6.535,0.8608014429794353,0.6,1,0.8,90,108,99,103.5707754454152,5.338608306900547,0.05154550870109249,,,
rgk6535,"RGK Fall 2018, 6.535 GeV, torus+1",0,4,5,6,1,1.5,1.330761316872428,0.25,0.3,0.2710684891240447,6.535,0.8608014429794353,0.6,1,0.8,108,126,117,74.49344430641163,4.282282356777863,0.05748535856609986,,,
rgk6535,"RGK Fall 2018, 6.535 GeV, torus+1",0,4,5,7,1,1.5,1.330761316872428,0.25,0.3,0.2710684891240447,6.535,0.8608014429794353,0.6,1,0.8,126,144,135,68.23124851261507,5.577169041029699,0.08173922011699014,,,
rgk6535,"RGK Fall 2018, 6.535 GeV, torus+1",0,4,5,8,1,1.5,1.330761316872428,0.25,0.3,0.2710684891240447,6.535,0.8608014429794353,0.6,1,0.8,144,162,153,37.52444834045821,5.507940807561509,0.1467827256936098,,,
rgk6535,"RGK Fall 2018, 6.535 GeV, torus+1",0,4,5,9,1,1.5,1.330761316872428,0.25,0.3,0.2710684891240447,6.535,0.8608014429794353,0.6,1,0.8,162,180,171,42.74502987427225,8.121273798495197,0.1899934056048771,,,
rgk6535,"RGK Fall 2018, 6.535 GeV, torus+1",0,4,5,10,1,1.5,1.330761316872428,0.25,0.3,0.2710684891240447,6.535,0.8608014429794353,0.6,1,0.8,180,198,189,28.19280218363322,5.703152099867122,0.2022910692849814,,,
rgk6535,"RGK Fall 2018, 6.535 GeV, torus+1",0,4,5,11,1,1.5,1.330761316872428,0.25,0.3,0.2710684891240447,6.535,0.8608014429794353,0.6,1,0.8,198,216,207,29.07911950050665,5.386405110811753,0.1852327444342978,,,
rgk6535,"RGK Fall 2018, 6.535 GeV, torus+1",0,4,5,12,1,1.5,1.330761316872428,0.25,0.3,0.2710684891240447,6.535,0.8608014429794353,0.6,1,0.8,216,234,225,56.33871366464857,4.932884832646176,0.08755764041771978,,,
rgk6535,"RGK Fall 2018, 6.535 GeV, torus+1",0,4,5,13,1,1.5,1.330761316872428,0.25,0.3,0.2710684891240447,6.535,0.8608014429794353,0.6,1,0.8,234,252,243,80.81882171563943,4.314712098104388,0.05338746601980512,,,
rgk6535,"RGK Fall 2018, 6.535 GeV, torus+1",0,4,5,14,1,1.5,1.330761316872428,0.25,0.3,0.2710684891240447,6.535,0.8608014429794353,0.6,1,0.8,252,270,261,100.7916948394245,5.021272168537489,0.04981831267483983,,,
rgk6535,"RGK Fall 2018, 6.535 GeV, torus+1",0,4,5,15,1,1.5,1.330761316872428,0.25,0.3,0.2710684891240447,6.535,0.8608014429794353,0.6,1,0.8,270,288,279,101.5682126097688,3.93167875443313,0.03870973657416694,,,
rgk6535,"RGK Fall 2018, 6.535 GeV, torus+1",0,4,5,16,1,1.5,1.330761316872428,0.25,0.3,0.2710684891240447,6.535,0.8608014429794353,0.6,1,0.8,288,306,297,84.49790438079881,3.9041085412666,0.04620361380410476,,,
rgk6535,"RGK Fall 2018, 6.535 GeV, torus+1",0,4,5,17,1,1.5,1.330761316872428,0.25,0.3,0.2710684891240447,6.535,0.8608014429794353,0.6,1,0.8,306,324,315,57.42091548837912,3.816179813157614,0.06645975217740886,,,
rgk6535,"RGK Fall 2018, 6.535 GeV, torus+1",0,4,5,18,1,1.5,1.330761316872428,0.25,0.3,0.2710684891240447,6.535,0.8608014429794353,0.6,1,0.8,324,342,333,31.33519819000813,3.912436118334564,0.1248575513903124,,,
rgk6535,"RGK Fall 2018, 6.535 GeV, torus+1",0,4,6,1,1,1.5,1.330761316872428,0.25,0.3,0.2710684891240447,6.535,0.8608014429794353,1,1.5,1.25,18,36,27,5.685306777928202,1.649094359431163,0.2900625109331592,,,
rgk6535,"RGK Fall 2018, 6.535 GeV, torus+1",0,4,6,2,1,1.5,1.330761316872428,0.25,0.3,0.2710684891240447,6.535,0.8608014429794353,1,1.5,1.25,36,54,45,20.7980818773291,1.889473169761314,0.09084843404818642,,,
rgk6535,"RGK Fall 2018, 6.535 GeV, torus+1",0,4,6,3,1,1.5,1.330761316872428,0.25,0.3,0.2710684891240447,6.535,0.8608014429794353,1,1.5,1.25,54,72,63,28.76118762073075,2.027293796644142,0.07048713785319805,,,
rgk6535,"RGK Fall 2018, 6.535 GeV, torus+1",0,4,6,4,1,1.5,1.330761316872428,0.25,0.3,0.2710684891240447,6.535,0.8608014429794353,1,1.5,1.25,72,90,81,36.652374463533,2.551006106138993,0.06960002301289094,,,
rgk6535,"RGK Fall 2018, 6.535 GeV, torus+1",0,4,6,5,1,1.5,1.330761316872428,0.25,0.3,0.2710684891240447,6.535,0.8608014429794353,1,1.5,1.25,90,108,99,38.62940965018967,4.297511160392609,0.1112497239618444,,,
rgk6535,"RGK Fall 2018, 6.535 GeV, torus+1",0,4,6,6,1,1.5,1.330761316872428,0.25,0.3,0.2710684891240447,6.535,0.8608014429794353,1,1.5,1.25,108,126,117,27.47426819594084,5.202623057281558,0.1893634807732646,,,
rgk6535,"RGK Fall 2018, 6.535 GeV, torus+1",0,4,6,13,1,1.5,1.330761316872428,0.25,0.3,0.2710684891240447,6.535,0.8608014429794353,1,1.5,1.25,234,252,243,34.9698019383305,5.879558586590933,0.1681324531651503,,,
rgk6535,"RGK Fall 2018, 6.535 GeV, torus+1",0,4,6,14,1,1.5,1.330761316872428,0.25,0.3,0.2710684891240447,6.535,0.8608014429794353,1,1.5,1.25,252,270,261,29.73000009303492,3.452117574040161,0.1161156260759285,,,
rgk6535,"RGK Fall 2018, 6.535 GeV, torus+1",0,4,6,15,1,1.5,1.330761316872428,0.25,0.3,0.2710684891240447,6.535,0.8608014429794353,1,1.5,1.25,270,288,279,43.12788354500805,3.018255250733398,0.06998384809640754,,,
rgk6535,"RGK Fall 2018, 6.535 GeV, torus+1",0,4,6,16,1,1.5,1.330761316872428,0.25,0.3,0.2710684891240447,6.535,0.8608014429794353,1,1.5,1.25,288,306,297,23.65656825395536,2.015835520043545,0.08521250835722967,,,
rgk6535,"RGK Fall 2018, 6.535 GeV, torus+1",0,4,6,17,1,1.5,1.330761316872428,0.25,0.3,0.2710684891240447,6.535,0.8608014429794353,1,1.5,1.25,306,324,315,16.69028280781374,2.179833878771206,0.1306049696024739,,,
rgk6535,"RGK Fall 2018, 6.535 GeV, torus+1",0,4,6,18,1,1.5,1.330761316872428,0.25,0.3,0.2710684891240447,6.535,0.8608014429794353,1,1.5,1.25,324,342,333,10.77021743261079,2.158777792132145,0.2004395738191554,,,
rgk6535,"RGK Fall 2018, 6.535 GeV, torus+1",0,4,7,1,1,1.5,1.330761316872428,0.25,0.3,0.2710684891240447,6.535,0.8608014429794353,1.5,2,1.75,18,36,27,9.113299282095328,1.802964793117404,0.1978388657398362,,,
rgk6535,"RGK Fall 2018, 6.535 GeV, torus+1",0,4,7,2,1,1.5,1.330761316872428,0.25,0.3,0.2710684891240447,6.535,0.8608014429794353,1.5,2,1.75,36,54,45,11.54106700237024,2.101776538617006,0.1821128443483913,,,
rgk6535,"RGK Fall 2018, 6.535 GeV, torus+1",0,4,7,3,1,1.5,1.330761316872428,0.25,0.3,0.2710684891240447,6.535,0.8608014429794353,1.5,2,1.75,54,72,63,16.10333986108448,2.015826285195509,0.1251806334949794,,,
rgk6535,"RGK Fall 2018, 6.535 GeV, torus+1",0,4,7,4,1,1.5,1.330761316872428,0.25,0.3,0.2710684891240447,6.535,0.8608014429794353,1.5,2,1.75,72,90,81,17.39336539310904,3.648745324493183,0.2097779953463609,,,
rgk6535,"RGK Fall 2018, 6.535 GeV, torus+1",0,4,7,15,1,1.5,1.330761316872428,0.25,0.3,0.2710684891240447,6.535,0.8608014429794353,1.5,2,1.75,270,288,279,13.0739103527837,3.211950231563131,0.2456763236776549,,,
rgk6535,"RGK Fall 2018, 6.535 GeV, torus+1",0,4,7,16,1,1.5,1.330761316872428,0.25,0.3,0.2710684891240447,6.535,0.8608014429794353,1.5,2,1.75,288,306,297,13.36587696081708,2.158101546515465,0.1614635203392996,,,
rgk6535,"RGK Fall 2018, 6.535 GeV, torus+1",0,4,7,17,1,1.5,1.330761316872428,0.25,0.3,0.2710684891240447,6.535,0.8608014429794353,1.5,2,1.75,306,324,315,15.23222207911147,2.087239015985485,0.1370278745376091,,,
rgk6535,"RGK Fall 2018, 6.535 GeV, torus+1",0,4,7,18,1,1.5,1.330761316872428,0.25,0.3,0.2710684891240447,6.535,0.8608014429794353,1.5,2,1.75,324,342,333,7.678369277624179,1.67732867476759,0.2184485551711553,,,
rgk6535,"RGK Fall 2018, 6.535 GeV, torus+1",0,5,1,0,1,1.5,1.447222222222222,0.3,0.38,0.3084444444444444,6.535,0.8710575511658007,0.15,0.2,0.175,0,18,9,140.9350943563367,64.63216544097537,0.4585952543343184,,,
rgk6535,"RGK Fall 2018, 6.535 GeV, torus+1",0,5,1,1,1,1.5,1.447222222222222,0.3,0.38,0.3084444444444444,6.535,0.8710575511658007,0.15,0.2,0.175,18,36,27,119.0175246102128,63.24242572463346,0.53137070302676,,,
rgk6535,"RGK Fall 2018, 6.535 GeV, torus+1",0,5,1,2,1,1.5,1.447222222222222,0.3,0.38,0.3084444444444444,6.535,0.8710575511658007,0.15,0.2,0.175,36,54,45,154.6275410539693,69.24891298912981,0.4478433306066739,,,
rgk6535,"RGK Fall 2018, 6.535 GeV, torus+1",0,5,1,3,1,1.5,1.447222222222222,0.3,0.38,0.3084444444444444,6.535,0.8710575511658007,0.15,0.2,0.175,54,72,63,173.5915732232291,169.9018008121113,0.9787445188576467,,,
rgk6535,"RGK Fall 2018, 6.535 GeV, torus+1",0,5,1,16,1,1.5,1.447222222222222,0.3,0.38,0.3084444444444444,6.535,0.8710575511658007,0.15,0.2,0.175,288,306,297,581.7529304111365,310.1253802845371,0.5330877836152287,,,
rgk6535,"RGK Fall 2018, 6.535 GeV, torus+1",0,5,1,17,1,1.5,1.447222222222222,0.3,0.38,0.3084444444444444,6.535,0.8710575511658007,0.15,0.2,0.175,306,324,315,340.331974553255,142.5443865989601,0.4188392430246216,,,
rgk6535,"RGK Fall 2018, 6.535 GeV, torus+1",0,5,1,18,1,1.5,1.447222222222222,0.3,0.38,0.3084444444444444,6.535,0.8710575511658007,0.15,0.2,0.175,324,342,333,84.14158289834351,46.97923182238353,0.5583354888764328,,,
rgk6535,"RGK Fall 2018, 6.535 GeV, torus+1",0,5,1,19,1,1.5,1.447222222222222,0.3,0.38,0.3084444444444444,6.535,0.8710575511658007,0.15,0.2,0.175,342,360,351,82.39353578572648,46.32324921488823,0.5622194602178133,,,
rgk6535,"RGK Fall 2018, 6.535 GeV, torus+1",0,5,2,0,1,1.5,1.447222222222222,0.3,0.38,0.3084444444444444,6.535,0.8710575511658007,0.2,0.3,0.25,0,18,9,169.9381228395647,55.53864346123439,0.3268168585907433,,,
rgk6535,"RGK Fall 2018, 6.535 GeV, torus+1",0,5,2,1,1,1.5,1.447222222222222,0.3,0.38,0.3084444444444444,6.535,0.8710575511658007,0.2,0.3,0.25,18,36,27,178.31908916783,47.03567875835657,0.2637725381946496,,,
rgk6535,"RGK Fall 2018, 6.535 GeV, torus+1",0,5,2,2,1,1.5,1.447222222222222,0.3,0.38,0.3084444444444444,6.535,0.8710575511658007,0.2,0.3,0.25,36,54,45,259.4407285078798,46.96179148298834,0.1810116389707948,,,
rgk6535,"RGK Fall 2018, 6.535 GeV, torus+1",0,5,2,3,1,1.5,1.447222222222222,0.3,0.38,0.3084444444444444,6.535,0.8710575511658007,0.2,0.3,0.25,54,72,63,251.4140743809559,55.00375167511029,0.2187775358660538,,,
rgk6535,"RGK Fall 2018, 6.535 GeV, torus+1",0,5,2,4,1,1.5,1.447222222222222,0.3,0.38,0.3084444444444444,6.535,0.8710575511658007,0.2,0.3,0.25,72,90,81,324.1437692649131,98.20484199479272,0.3029669279699552,,,
rgk6535,"RGK Fall 2018, 6.535 GeV, torus+1",0,5,2,15,1,1.5,1.447222222222222,0.3,0.38,0.3084444444444444,6.535,0.8710575511658007,0.2,0.3,0.25,270,288,279,197.6831994883851,75.28151017480842,0.3808189586653852,,,
rgk6535,"RGK Fall 2018, 6.535 GeV, torus+1",0,5,2,16,1,1.5,1.447222222222222,0.3,0.38,0.3084444444444444,6.535,0.8710575511658007,0.2,0.3,0.25,288,306,297,146.7126433227403,49.01232569506172,0.3340702245221212,,,
rgk6535,"RGK Fall 2018, 6.535 GeV, torus+1",0,5,2,17,1,1.5,1.447222222222222,0.3,0.38,0.3084444444444444,6.535,0.8710575511658007,0.2,0.3,0.25,306,324,315,195.2795269751173,56.96553383084849,0.2917127807161632,,,
rgk6535,"RGK Fall 2018, 6.535 GeV, torus+1",0,5,2,18,1,1.5,1.447222222222222,0.3,0.38,0.3084444444444444,6.535,0.8710575511658007,0.2,0.3,0.25,324,342,333,142.6819758753797,48.69786202898776,0.3413035299673808,,,
rgk6535,"RGK Fall 2018, 6.535 GeV, torus+1",0,5,2,19,1,1.5,1.447222222222222,0.3,0.38,0.3084444444444444,6.535,0.8710575511658007,0.2,0.3,0.25,342,360,351,140.9841270335033,38.04444529617332,0.2698491390249378,,,
rgk6535,"RGK Fall 2018, 6.535 GeV, torus+1",0,5,3,0,1,1.5,1.447222222222222,0.3,0.38,0.3084444444444444,6.535,0.8710575511658007,0.3,0.4,0.35,0,18,9,86.2407905252158,37.74122585070823,0.4376261583510547,,,
rgk6535,"RGK Fall 2018, 6.535 GeV, torus+1",0,5,3,1,1,1.5,1.447222222222222,0.3,0.38,0.3084444444444444,6.535,0.8710575511658007,0.3,0.4,0.35,18,36,27,107.1186125115722,34.08853703010148,0.3182316894407015,,,
rgk6535,"RGK Fall 2018, 6.535 GeV, torus+1",0,5,3,2,1,1.5,1.447222222222222,0.3,0.38,0.3084444444444444,6.535,0.8710575511658007,0.3,0.4,0.35,36,54,45,169.2402146741814,42.36024835090107,0.2502965883874135,,,
rgk6535,"RGK Fall 2018, 6.535 GeV, torus+1",0,5,3,3,1,1.5,1.447222222222222,0.3,0.38,0.3084444444444444,6.535,0.8710575511658007,0.3,0.4,0.35,54,72,63,243.1562003312849,51.42678047346254,0.2114968913126493,,,
rgk6535,"RGK Fall 2018, 6.535 GeV, torus+1",0,5,3,4,1,1.5,1.447222222222222,0.3,0.38,0.3084444444444444,6.535,0.8710575511658007,0.3,0.4,0.35,72,90,81,374.1052671447292,77.77568228353628,0.2078978541979399,,,
rgk6535,"RGK Fall 2018, 6.535 GeV, torus+1",0,5,3,5,1,1.5,1.447222222222222,0.3,0.38,0.3084444444444444,6.535,0.8710575511658007,0.3,0.4,0.35,90,108,99,237.5982574480034,65.60259688582657,0.2761072307114172,,,
rgk6535,"RGK Fall 2018, 6.535 GeV, torus+1",0,5,3,6,1,1.5,1.447222222222222,0.3,0.38,0.3084444444444444,6.535,0.8710575511658007,0.3,0.4,0.35,108,126,117,140.3922102292437,66.2688088001549,0.4720262519690077,,,
rgk6535,"RGK Fall 2018, 6.535 GeV, torus+1",0,5,3,13,1,1.5,1.447222222222222,0.3,0.38,0.3084444444444444,6.535,0.8710575511658007,0.3,0.4,0.35,234,252,243,173.9512810592538,63.70274980674123,0.366210294163007,,,
rgk6535,"RGK Fall 2018, 6.535 GeV, torus+1",0,5,3,14,1,1.5,1.447222222222222,0.3,0.38,0.3084444444444444,6.535,0.8710575511658007,0.3,0.4,0.35,252,270,261,154.7152101816854,51.29524704917132,0.3315462454462895,,,
rgk6535,"RGK Fall 2018, 6.535 GeV, torus+1",0,5,3,15,1,1.5,1.447222222222222,0.3,0.38,0.3084444444444444,6.535,0.8710575511658007,0.3,0.4,0.35,270,288,279,259.8475095765971,58.92277524615592,0.2267590531930299,,,
rgk6535,"RGK Fall 2018, 6.535 GeV, torus+1",0,5,3,16,1,1.5,1.447222222222222,0.3,0.38,0.3084444444444444,6.535,0.8710575511658007,0.3,0.4,0.35,288,306,297,232.7986959322895,55.16864605160387,0.2369800476358764,,,
rgk6535,"RGK Fall 2018, 6.535 GeV, torus+1",0,5,3,17,1,1.5,1.447222222222222,0.3,0.38,0.3084444444444444,6.535,0.8710575511658007,0.3,0.4,0.35,306,324,315,169.3063510031478,55.83039468812846,0.3297596006135083,,,
rgk6535,"RGK Fall 2018, 6.535 GeV, torus+1",0,5,3,18,1,1.5,1.447222222222222,0.3,0.38,0.3084444444444444,6.535,0.8710575511658007,0.3,0.4,0.35,324,342,333,172.8783550611232,58.59609681341761,0.3389440904426714,,,
rgk6535,"RGK Fall 2018, 6.535 GeV, torus+1",0,5,3,19,1,1.5,1.447222222222222,0.3,0.38,0.3084444444444444,6.535,0.8710575511658007,0.3,0.4,0.35,342,360,351,37.0108235866869,22.91358777364969,0.6191050496345045,,,
rgk6535,"RGK Fall 2018, 6.535 GeV, torus+1",0,5,4,0,1,1.5,1.447222222222222,0.3,0.38,0.3084444444444444,6.535,0.8710575511658007,0.4,0.6,0.5,0,18,9,48.81024395875631,29.48480759547114,0.6040700722656748,,,
rgk6535,"RGK Fall 2018, 6.535 GeV, torus+1",0,5,4,1,1,1.5,1.447222222222222,0.3,0.38,0.3084444444444444,6.535,0.8710575511658007,0.4,0.6,0.5,18,36,27,28.37546453145437,16.97952102054276,0.5983874202912473,,,
rgk6535,"RGK Fall 2018, 6.535 GeV, torus+1",0,5,4,2,1,1.5,1.447222222222222,0.3,0.38,0.3084444444444444,6.535,0.8710575511658007,0.4,0.6,0.5,36,54,45,152.5637171065636,30.85290558465386,0.202229639981199,,,
rgk6535,"RGK Fall 2018, 6.535 GeV, torus+1",0,5,4,3,1,1.5,1.447222222222222,0.3,0.38,0.3084444444444444,6.535,0.8710575511658007,0.4,0.6,0.5,54,72,63,125.8425451301767,29.07782770295678,0.2310651590277157,,,
rgk6535,"RGK Fall 2018, 6.535 GeV, torus+1",0,5,4,4,1,1.5,1.447222222222222,0.3,0.38,0.3084444444444444,6.535,0.8710575511658007,0.4,0.6,0.5,72,90,81,177.2674705353153,35.09734142316088,0.1979908740005898,,,
rgk6535,"RGK Fall 2018, 6.535 GeV, torus+1",0,5,4,5,1,1.5,1.447222222222222,0.3,0.38,0.3084444444444444,6.535,0.8710575511658007,0.4,0.6,0.5,90,108,99,160.2364541696924,34.3166467897209,0.2141625447688648,,,
rgk6535,"RGK Fall 2018, 6.535 GeV, torus+1",0,5,4,6,1,1.5,1.447222222222222,0.3,0.38,0.3084444444444444,6.535,0.8710575511658007,0.4,0.6,0.5,108,126,117,138.468747771157,24.70871944803387,0.1784425716687292,,,
rgk6535,"RGK Fall 2018, 6.535 GeV, torus+1",0,5,4,7,1,1.5,1.447222222222222,0.3,0.38,0.3084444444444444,6.535,0.8710575511658007,0.4,0.6,0.5,126,144,135,70.19526082548877,25.88508327038444,0.36875827464673,,,
rgk6535,"RGK Fall 2018, 6.535 GeV, torus+1",0,5,4,12,1,1.5,1.447222222222222,0.3,0.38,0.3084444444444444,6.535,0.8710575511658007,0.4,0.6,0.5,216,234,225,145.7838744380879,35.15856726087372,0.2411691100705723,,,
rgk6535,"RGK Fall 2018, 6.535 GeV, torus+1",0,5,4,13,1,1.5,1.447222222222222,0.3,0.38,0.3084444444444444,6.535,0.8710575511658007,0.4,0.6,0.5,234,252,243,142.8176624615983,24.71390794118896,0.1730451788330745,,,
rgk6535,"RGK Fall 2018, 6.535 GeV, torus+1",0,5,4,14,1,1.5,1.447222222222222,0.3,0.38,0.3084444444444444,6.535,0.8710575511658007,0.4,0.6,0.5,252,270,261,228.1876545096984,40.50018684425478,0.1774863190179005,,,
rgk6535,"RGK Fall 2018, 6.535 GeV, torus+1",0,5,4,15,1,1.5,1.447222222222222,0.3,0.38,0.3084444444444444,6.535,0.8710575511658007,0.4,0.6,0.5,270,288,279,283.8803137878234,39.74230532794758,0.1399966936687678,,,
rgk6535,"RGK Fall 2018, 6.535 GeV, torus+1",0,5,4,16,1,1.5,1.447222222222222,0.3,0.38,0.3084444444444444,6.535,0.8710575511658007,0.4,0.6,0.5,288,306,297,172.3131320483487,28.32389975765004,0.1643745860861188,,,
rgk6535,"RGK Fall 2018, 6.535 GeV, torus+1",0,5,4,17,1,1.5,1.447222222222222,0.3,0.38,0.3084444444444444,6.535,0.8710575511658007,0.4,0.6,0.5,306,324,315,144.2230153233426,26.89129551519998,0.1864563395440783,,,
rgk6535,"RGK Fall 2018, 6.535 GeV, torus+1",0,5,4,18,1,1.5,1.447222222222222,0.3,0.38,0.3084444444444444,6.535,0.8710575511658007,0.4,0.6,0.5,324,342,333,71.65742116441412,23.91264117659014,0.3337078112499173,,,
rgk6535,"RGK Fall 2018, 6.535 GeV, torus+1",0,5,4,19,1,1.5,1.447222222222222,0.3,0.38,0.3084444444444444,6.535,0.8710575511658007,0.4,0.6,0.5,342,360,351,22.58400042142233,15.53633291490926,0.6879353801362879,,,
rgk6535,"RGK Fall 2018, 6.535 GeV, torus+1",0,5,5,1,1,1.5,1.447222222222222,0.3,0.38,0.3084444444444444,6.535,0.8710575511658007,0.6,1,0.8,18,36,27,26.01830935075474,13.10574074848841,0.5037122347885467,,,
rgk6535,"RGK Fall 2018, 6.535 GeV, torus+1",0,5,5,2,1,1.5,1.447222222222222,0.3,0.38,0.3084444444444444,6.535,0.8710575511658007,0.6,1,0.8,36,54,45,75.20181766951875,15.31172669835753,0.2036084654980855,,,
rgk6535,"RGK Fall 2018, 6.535 GeV, torus+1",0,5,5,3,1,1.5,1.447222222222222,0.3,0.38,0.3084444444444444,6.535,0.8710575511658007,0.6,1,0.8,54,72,63,96.72424903497965,14.11007085005866,0.1458793528079588,,,
rgk6535,"RGK Fall 2018, 6.535 GeV, torus+1",0,5,5,4,1,1.5,1.447222222222222,0.3,0.38,0.3084444444444444,6.535,0.8710575511658007,0.6,1,0.8,72,90,81,115.3567567313607,18.64202227167356,0.1616032107688892,,,
rgk6535,"RGK Fall 2018, 6.535 GeV, torus+1",0,5,5,5,1,1.5,1.447222222222222,0.3,0.38,0.3084444444444444,6.535,0.8710575511658007,0.6,1,0.8,90,108,99,72.82689052540582,15.50976760241442,0.212967593295828,,,
rgk6535,"RGK Fall 2018, 6.535 GeV, torus+1",0,5,5,6,1,1.5,1.447222222222222,0.3,0.38,0.3084444444444444,6.535,0.8710575511658007,0.6,1,0.8,108,126,117,117.7952798170528,19.59012529982976,0.1663065390247815,,,
rgk6535,"RGK Fall 2018, 6.535 GeV, torus+1",0,5,5,7,1,1.5,1.447222222222222,0.3,0.38,0.3084444444444444,6.535,0.8710575511658007,0.6,1,0.8,126,144,135,62.15771296047613,37.28262973256545,0.5998069741766744,,,
rgk6535,"RGK Fall 2018, 6.535 GeV, torus+1",0,5,5,12,1,1.5,1.447222222222222,0.3,0.38,0.3084444444444444,6.535,0.8710575511658007,0.6,1,0.8,216,234,225,26.26415080535742,15.4819312233258,0.5894700855954484,,,
rgk6535,"RGK Fall 2018, 6.535 GeV, torus+1",0,5,5,13,1,1.5,1.447222222222222,0.3,0.38,0.3084444444444444,6.535,0.8710575511658007,0.6,1,0.8,234,252,243,72.32940735494952,18.03802204404793,0.2493871124303299,,,
rgk6535,"RGK Fall 2018, 6.535 GeV, torus+1",0,5,5,14,1,1.5,1.447222222222222,0.3,0.38,0.3084444444444444,6.535,0.8710575511658007,0.6,1,0.8,252,270,261,73.07830535513477,16.03724965597635,0.2194529495182048,,,
rgk6535,"RGK Fall 2018, 6.535 GeV, torus+1",0,5,5,15,1,1.5,1.447222222222222,0.3,0.38,0.3084444444444444,6.535,0.8710575511658007,0.6,1,0.8,270,288,279,134.916835821762,18.00226859549815,0.1334323361932447,,,
rgk6535,"RGK Fall 2018, 6.535 GeV, torus+1",0,5,5,16,1,1.5,1.447222222222222,0.3,0.38,0.3084444444444444,6.535,0.8710575511658007,0.6,1,0.8,288,306,297,99.3151576473709,15.24062534843821,0.1534571933375133,,,
rgk6535,"RGK Fall 2018, 6.535 GeV, torus+1",0,5,5,17,1,1.5,1.447222222222222,0.3,0.38,0.3084444444444444,6.535,0.8710575511658007,0.6,1,0.8,306,324,315,57.65338983408731,12.59098750980156,0.218391104946915,,,
rgk6535,"RGK Fall 2018, 6.535 GeV, torus+1",0,5,5,18,1,1.5,1.447222222222222,0.3,0.38,0.3084444444444444,6.535,0.8710575511658007,0.6,1,0.8,324,342,333,42.74327889974253,15.38712435198226,0.3599893304412579,,,
rgk6535,"RGK Fall 2018, 6.535 GeV, torus+1",0,5,6,1,1,1.5,1.447222222222222,0.3,0.38,0.3084444444444444,6.535,0.8710575511658007,1,1.5,1.25,18,36,27,1.699371391573106,3.25503572549009,1.91543516716314,,,
rgk6535,"RGK Fall 2018, 6.535 GeV, torus+1",0,5,6,2,1,1.5,1.447222222222222,0.3,0.38,0.3084444444444444,6.535,0.8710575511658007,1,1.5,1.25,36,54,45,32.73961563509604,8.564308730649254,0.2615885545543342,,,
rgk6535,"RGK Fall 2018, 6.535 GeV, torus+1",0,5,6,3,1,1.5,1.447222222222222,0.3,0.38,0.3084444444444444,6.535,0.8710575511658007,1,1.5,1.25,54,72,63,26.39391160460677,6.595883782441138,0.2499017152611021,,,
rgk6535,"RGK Fall 2018, 6.535 GeV, torus+1",0,5,6,4,1,1.5,1.447222222222222,0.3,0.38,0.3084444444444444,6.535,0.8710575511658007,1,1.5,1.25,72,90,81,37.13639542231567,9.981989226563982,0.2687926254836702,,,
rgk6535,"RGK Fall 2018, 6.535 GeV, torus+1",0,5,6,5,1,1.5,1.447222222222222,0.3,0.38,0.3084444444444444,6.535,0.8710575511658007,1,1.5,1.25,90,108,99,1.827681810286422,3.675708203641688,2.011131359383423,,,
rgk6535,"RGK Fall 2018, 6.535 GeV, torus+1",0,5,6,14,1,1.5,1.447222222222222,0.3,0.38,0.3084444444444444,6.535,0.8710575511658007,1,1.5,1.25,252,270,261,16.98468094003995,11.5999765855154,0.6829669998786637,,,
rgk6535,"RGK Fall 2018, 6.535 GeV, torus+1",0,5,6,15,1,1.5,1.447222222222222,0.3,0.38,0.3084444444444444,6.535,0.8710575511658007,1,1.5,1.25,270,288,279,28.63373847463412,8.741841010102274,0.3052986258796225,,,
rgk6535,"RGK Fall 2018, 6.535 GeV, torus+1",0,5,6,16,1,1.5,1.447222222222222,0.3,0.38,0.3084444444444444,6.535,0.8710575511658007,1,1.5,1.25,288,306,297,15.50538052161453,5.980412943778494,0.3856992052172978,,,
rgk6535,"RGK Fall 2018, 6.535 GeV, torus+1",0,5,6,17,1,1.5,1.447222222222222,0.3,0.38,0.3084444444444444,6.535,0.8710575511658007,1,1.5,1.25,306,324,315,6.643199559331202,4.414473014299406,0.6645100715209931,,,
rgk6535,"RGK Fall 2018, 6.535 GeV, torus+1",0,5,6,18,1,1.5,1.447222222222222,0.3,0.38,0.3084444444444444,6.535,0.8710575511658007,1,1.5,1.25,324,342,333,19.39878028736379,8.621387958918907,0.4444293832501836,,,
rgk6535,"RGK Fall 2018, 6.535 GeV, torus+1",0,5,7,1,1,1.5,1.447222222222222,0.3,0.38,0.3084444444444444,6.535,0.8710575511658007,1.5,2,1.75,18,36,27,3.157036130724139,3.905046837100715,1.236934477593388,,,
rgk6535,"RGK Fall 2018, 6.535 GeV, torus+1",0,5,7,2,1,1.5,1.447222222222222,0.3,0.38,0.3084444444444444,6.535,0.8710575511658007,1.5,2,1.75,36,54,45,12.84880534276226,9.299850903943916,0.7237910962035491,,,
rgk6535,"RGK Fall 2018, 6.535 GeV, torus+1",0,5,7,3,1,1.5,1.447222222222222,0.3,0.38,0.3084444444444444,6.535,0.8710575511658007,1.5,2,1.75,54,72,63,5.839761023609127,5.087073678007513,0.8711099062857827,,,
rgk6535,"RGK Fall 2018, 6.535 GeV, torus+1",0,5,7,4,1,1.5,1.447222222222222,0.3,0.38,0.3084444444444444,6.535,0.8710575511658007,1.5,2,1.75,72,90,81,12.34682199312612,13.2908903332903,1.076462456548719,,,
rgk6535,"RGK Fall 2018, 6.535 GeV, torus+1",0,5,7,16,1,1.5,1.447222222222222,0.3,0.38,0.3084444444444444,6.535,0.8710575511658007,1.5,2,1.75,288,306,297,16.84551894763271,8.11318035494371,0.4816224647139084,,,
rgk6535,"RGK Fall 2018, 6.535 GeV, torus+1",0,5,7,17,1,1.5,1.447222222222222,0.3,0.38,0.3084444444444444,6.535,0.8710575511658007,1.5,2,1.75,306,324,315,15.45822943352417,7.18386858890049,0.4647277762174286,,,
rgk6535,"RGK Fall 2018, 6.535 GeV, torus+1",0,5,7,18,1,1.5,1.447222222222222,0.3,0.38,0.3084444444444444,6.535,0.8710575511658007,1.5,2,1.75,324,342,333,3.669431347741542,4.489700449358629,1.223541204040224,,,
rgk6535,"RGK Fall 2018, 6.535 GeV, torus+1",1,1,6,11,1.5,2,1.519444444444444,0.1,0.15,0.1480555555555556,6.535,0.2953643663397079,1,1.5,1.25,198,216,207,17.13303612407471,22.62442527044189,1.320514654063612,,,
rgk6535,"RGK Fall 2018, 6.535 GeV, torus+1",1,2,0,4,1.5,2,1.689086595492289,0.15,0.2,0.1815925266903915,6.535,0.4296856585716294,0.09,0.15,0.12,72,90,81,44.48456523067546,22.05315843646516,0.495748543840052,,,
rgk6535,"RGK Fall 2018, 6.535 GeV, torus+1",1,2,0,5,1.5,2,1.689086595492289,0.15,0.2,0.1815925266903915,6.535,0.4296856585716294,0.09,0.15,0.12,90,108,99,41.49039671495462,27.57506484061717,0.6646131882050222,,,
rgk6535,"RGK Fall 2018, 6.535 GeV, torus+1",1,2,0,14,1.5,2,1.689086595492289,0.15,0.2,0.1815925266903915,6.535,0.4296856585716294,0.09,0.15,0.12,252,270,261,16.68088147746891,14.60198890614603,0.8753727388968704,,,
rgk6535,"RGK Fall 2018, 6.535 GeV, torus+1",1,2,1,3,1.5,2,1.689086595492289,0.15,0.2,0.1815925266903915,6.535,0.4296856585716294,0.15,0.2,0.175,54,72,63,87.79338826717742,38.90796056714333,0.4431764320194203,,,
rgk6535,"RGK Fall 2018, 6.535 GeV, torus+1",1,2,1,4,1.5,2,1.689086595492289,0.15,0.2,0.1815925266903915,6.535,0.4296856585716294,0.15,0.2,0.175,72,90,81,65.45187296834192,17.6800956308094,0.2701236011895488,,,
rgk6535,"RGK Fall 2018, 6.535 GeV, torus+1",1,2,1,5,1.5,2,1.689086595492289,0.15,0.2,0.1815925266903915,6.535,0.4296856585716294,0.15,0.2,0.175,90,108,99,42.47687878633857,12.05946495847593,0.2839065699515215,,,
rgk6535,"RGK Fall 2018, 6.535 GeV, torus+1",1,2,1,6,1.5,2,1.689086595492289,0.15,0.2,0.1815925266903915,6.535,0.4296856585716294,0.15,0.2,0.175,108,126,117,50.63059957493874,12.39848344020215,0.2448812288278566,,,
rgk6535,"RGK Fall 2018, 6.535 GeV, torus+1",1,2,1,7,1.5,2,1.689086595492289,0.15,0.2,0.1815925266903915,6.535,0.4296856585716294,0.15,0.2,0.175,126,144,135,31.66161847156575,9.851743972056621,0.3111573080480439,,,
rgk6535,"RGK Fall 2018, 6.535 GeV, torus+1",1,2,1,8,1.5,2,1.689086595492289,0.15,0.2,0.1815925266903915,6.535,0.4296856585716294,0.15,0.2,0.175,144,162,153,49.51127814454257,13.56397869480046,0.2739573528116556,,,
rgk6535,"RGK Fall 2018, 6.535 GeV, torus+1",1,2,1,9,1.5,2,1.689086595492289,0.15,0.2,0.1815925266903915,6.535,0.4296856585716294,0.15,0.2,0.175,162,180,171,36.30145965970276,13.9109890466703,0.3832074295930447,,,
rgk6535,"RGK Fall 2018, 6.535 GeV, torus+1",1,2,1,10,1.5,2,1.689086595492289,0.15,0.2,0.1815925266903915,6.535,0.4296856585716294,0.15,0.2,0.175,180,198,189,14.31303280840175,10.7066388388134,0.7480342553626097,,,
rgk6535,"RGK Fall 2018, 6.535 GeV, torus+1",1,2,1,11,1.5,2,1.689086595492289,0.15,0.2,0.1815925266903915,6.535,0.4296856585716294,0.15,0.2,0.175,198,216,207,30.46766563516179,12.07624297948634,0.3963625938427498,,,
rgk6535,"RGK Fall 2018, 6.535 GeV, torus+1",1,2,1,12,1.5,2,1.689086595492289,0.15,0.2,0.1815925266903915,6.535,0.4296856585716294,0.15,0.2,0.175,216,234,225,17.92263009848795,8.572539412406657,0.4783081146739666,,,
rgk6535,"RGK Fall 2018, 6.535 GeV, torus+1",1,2,1,13,1.5,2,1.689086595492289,0.15,0.2,0.1815925266903915,6.535,0.4296856585716294,0.15,0.2,0.175,234,252,243,49.1146877585865,12.06990010697426,0.2457492994010561,,,
rgk6535,"RGK Fall 2018, 6.535 GeV, torus+1",1,2,1,14,1.5,2,1.689086595492289,0.15,0.2,0.1815925266903915,6.535,0.4296856585716294,0.15,0.2,0.175,252,270,261,71.06559785022016,16.20096394815199,0.2279719644700323,,,
rgk6535,"RGK Fall 2018, 6.535 GeV, torus+1",1,2,1,15,1.5,2,1.689086595492289,0.15,0.2,0.1815925266903915,6.535,0.4296856585716294,0.15,0.2,0.175,270,288,279,59.8695240259383,19.89064297860362,0.3322331904624138,,,
rgk6535,"RGK Fall 2018, 6.535 GeV, torus+1",1,2,1,16,1.5,2,1.689086595492289,0.15,0.2,0.1815925266903915,6.535,0.4296856585716294,0.15,0.2,0.175,288,306,297,46.43773753963332,22.8748071329954,0.4925909044012402,,,
rgk6535,"RGK Fall 2018, 6.535 GeV, torus+1",1,2,2,3,1.5,2,1.689086595492289,0.15,0.2,0.1815925266903915,6.535,0.4296856585716294,0.2,0.3,0.25,54,72,63,19.81123597860298,11.54003311022209,0.5824994019901557,,,
rgk6535,"RGK Fall 2018, 6.535 GeV, torus+1",1,2,2,4,1.5,2,1.689086595492289,0.15,0.2,0.1815925266903915,6.535,0.4296856585716294,0.2,0.3,0.25,72,90,81,48.8627713933709,9.122365081155325,0.1866935669226681,,,
rgk6535,"RGK Fall 2018, 6.535 GeV, torus+1",1,2,2,5,1.5,2,1.689086595492289,0.15,0.2,0.1815925266903915,6.535,0.4296856585716294,0.2,0.3,0.25,90,108,99,37.76810759718431,6.705956139818443,0.1775560536773726,,,
rgk6535,"RGK Fall 2018, 6.535 GeV, torus+1",1,2,2,6,1.5,2,1.689086595492289,0.15,0.2,0.1815925266903915,6.535,0.4296856585716294,0.2,0.3,0.25,108,126,117,41.10217427940047,7.579478079987201,0.184405769594186,,,
rgk6535,"RGK Fall 2018, 6.535 GeV, torus+1",1,2,2,7,1.5,2,1.689086595492289,0.15,0.2,0.1815925266903915,6.535,0.4296856585716294,0.2,0.3,0.25,126,144,135,25.97218215228176,5.22905692292121,0.2013329835845855,,,
rgk6535,"RGK Fall 2018, 6.535 GeV, torus+1",1,2,2,8,1.5,2,1.689086595492289,0.15,0.2,0.1815925266903915,6.535,0.4296856585716294,0.2,0.3,0.25,144,162,153,17.78507344821004,3.59966239186433,0.2023979491761174,,,
rgk6535,"RGK Fall 2018, 6.535 GeV, torus+1",1,2,2,9,1.5,2,1.689086595492289,0.15,0.2,0.1815925266903915,6.535,0.4296856585716294,0.2,0.3,0.25,162,180,171,25.25056330485058,5.293059440101408,0.2096214399733657,,,
rgk6535,"RGK Fall 2018, 6.535 GeV, torus+1",1,2,2,10,1.5,2,1.689086595492289,0.15,0.2,0.1815925266903915,6.535,0.4296856585716294,0.2,0.3,0.25,180,198,189,17.55547484990778,5.598179056012422,0.3188850830794719,,,
rgk6535,"RGK Fall 2018, 6.535 GeV, torus+1",1,2,2,11,1.5,2,1.689086595492289,0.15,0.2,0.1815925266903915,6.535,0.4296856585716294,0.2,0.3,0.25,198,216,207,22.54340877684334,5.943433449079699,0.263643954998714,,,
rgk6535,"RGK Fall 2018, 6.535 GeV, torus+1",1,2,2,12,1.5,2,1.689086595492289,0.15,0.2,0.1815925266903915,6.535,0.4296856585716294,0.2,0.3,0.25,216,234,225,35.98261670430616,6.885504114535049,0.1913564033188014,,,
rgk6535,"RGK Fall 2018, 6.535 GeV, torus+1",1,2,2,13,1.5,2,1.689086595492289,0.15,0.2,0.1815925266903915,6.535,0.4296856585716294,0.2,0.3,0.25,234,252,243,47.59661986142122,7.175533578892205,0.1507572092258643,,,
rgk6535,"RGK Fall 2018, 6.535 GeV, torus+1",1,2,2,14,1.5,2,1.689086595492289,0.15,0.2,0.1815925266903915,6.535,0.4296856585716294,0.2,0.3,0.25,252,270,261,38.02713787509151,6.460448344569047,0.1698904704789987,,,
rgk6535,"RGK Fall 2018, 6.535 GeV, torus+1",1,2,2,15,1.5,2,1.689086595492289,0.15,0.2,0.1815925266903915,6.535,0.4296856585716294,0.2,0.3,0.25,270,288,279,43.33476413672953,9.502021539503357,0.2192701801611899,,,
rgk6535,"RGK Fall 2018, 6.535 GeV, torus+1",1,2,2,16,1.5,2,1.689086595492289,0.15,0.2,0.1815925266903915,6.535,0.4296856585716294,0.2,0.3,0.25,288,306,297,60.22035662248043,18.94821344178386,0.3146479779349304,,,
rgk6535,"RGK Fall 2018, 6.535 GeV, torus+1",1,2,3,3,1.5,2,1.689086595492289,0.15,0.2,0.1815925266903915,6.535,0.4296856585716294,0.3,0.4,0.35,54,72,63,21.65802318223546,9.271471167615767,0.4280848297927993,,,
rgk6535,"RGK Fall 2018, 6.535 GeV, torus+1",1,2,3,4,1.5,2,1.689086595492289,0.15,0.2,0.1815925266903915,6.535,0.4296856585716294,0.3,0.4,0.35,72,90,81,32.36519337694141,7.361751118961092,0.2274588949067109,,,
rgk6535,"RGK Fall 2018, 6.535 GeV, torus+1",1,2,3,5,1.5,2,1.689086595492289,0.15,0.2,0.1815925266903915,6.535,0.4296856585716294,0.3,0.4,0.35,90,108,99,32.47027445314203,5.895774102284683,0.1815745078099939,,,
rgk6535,"RGK Fall 2018, 6.535 GeV, torus+1",1,2,3,6,1.5,2,1.689086595492289,0.15,0.2,0.1815925266903915,6.535,0.4296856585716294,0.3,0.4,0.35,108,126,117,34.98087158443339,6.239617786635542,0.1783722790204059,,,
rgk6535,"RGK Fall 2018, 6.535 GeV, torus+1",1,2,3,7,1.5,2,1.689086595492289,0.15,0.2,0.1815925266903915,6.535,0.4296856585716294,0.3,0.4,0.35,126,144,135,21.76137670207324,3.858887586373045,0.1773273648631524,,,
rgk6535,"RGK Fall 2018, 6.535 GeV, torus+1",1,2,3,8,1.5,2,1.689086595492289,0.15,0.2,0.1815925266903915,6.535,0.4296856585716294,0.3,0.4,0.35,144,162,153,22.81481372426021,3.815100852973577,0.1672203375878006,,,
rgk6535,"RGK Fall 2018, 6.535 GeV, torus+1",1,2,3,9,1.5,2,1.689086595492289,0.15,0.2,0.1815925266903915,6.535,0.4296856585716294,0.3,0.4,0.35,162,180,171,13.05513364477995,2.973740487586171,0.2277832283069128,,,
rgk6535,"RGK Fall 2018, 6.535 GeV, torus+1",1,2,3,10,1.5,2,1.689086595492289,0.15,0.2,0.1815925266903915,6.535,0.4296856585716294,0.3,0.4,0.35,180,198,189,20.44018453710787,4.480637952381843,0.2192073141143871,,,
rgk6535,"RGK Fall 2018, 6.535 GeV, torus+1",1,2,3,11,1.5,2,1.689086595492289,0.15,0.2,0.1815925266903915,6.535,0.4296856585716294,0.3,0.4,0.35,198,216,207,13.82245108600643,4.03176288316931,0.2916821957323462,,,
rgk6535,"RGK Fall 2018, 6.535 GeV, torus+1",1,2,3,12,1.5,2,1.689086595492289,0.15,0.2,0.1815925266903915,6.535,0.4296856585716294,0.3,0.4,0.35,216,234,225,15.9584385952768,4.257397649762748,0.2667803384613583,,,
rgk6535,"RGK Fall 2018, 6.535 GeV, torus+1",1,2,3,13,1.5,2,1.689086595492289,0.15,0.2,0.1815925266903915,6.535,0.4296856585716294,0.3,0.4,0.35,234,252,243,23.29644265896274,4.039387796922342,0.173390755664075,,,
rgk6535,"RGK Fall 2018, 6.535 GeV, torus+1",1,2,3,14,1.5,2,1.689086595492289,0.15,0.2,0.1815925266903915,6.535,0.4296856585716294,0.3,0.4,0.35,252,270,261,29.29162324348946,4.904399566916024,0.1674335193426369,,,
rgk6535,"RGK Fall 2018, 6.535 GeV, torus+1",1,2,3,15,1.5,2,1.689086595492289,0.15,0.2,0.1815925266903915,6.535,0.4296856585716294,0.3,0.4,0.35,270,288,279,41.80408414049386,6.999910450017223,0.1674456119285413,,,
rgk6535,"RGK Fall 2018, 6.535 GeV, torus+1",1,2,3,16,1.5,2,1.689086595492289,0.15,0.2,0.1815925266903915,6.535,0.4296856585716294,0.3,0.4,0.35,288,306,297,28.82499551974787,10.48562931143912,0.3637686362953801,,,
rgk6535,"RGK Fall 2018, 6.535 GeV, torus+1",1,2,4,3,1.5,2,1.689086595492289,0.15,0.2,0.1815925266903915,6.535,0.4296856585716294,0.4,0.6,0.5,54,72,63,15.19519145855596,3.742466014270837,0.2462927844297458,,,
rgk6535,"RGK Fall 2018, 6.535 GeV, torus+1",1,2,4,4,1.5,2,1.689086595492289,0.15,0.2,0.1815925266903915,6.535,0.4296856585716294,0.4,0.6,0.5,72,90,81,20.05756694129705,3.989658726761356,0.1989104031629551,,,
rgk6535,"RGK Fall 2018, 6.535 GeV, torus+1",1,2,4,5,1.5,2,1.689086595492289,0.15,0.2,0.1815925266903915,6.535,0.4296856585716294,0.4,0.6,0.5,90,108,99,18.31656308204323,3.041597746183772,0.1660572309641225,,,
rgk6535,"RGK Fall 2018, 6.535 GeV, torus+1",1,2,4,6,1.5,2,1.689086595492289,0.15,0.2,0.1815925266903915,6.535,0.4296856585716294,0.4,0.6,0.5,108,126,117,19.8024176099965,2.65518370305527,0.1340838151860257,,,
rgk6535,"RGK Fall 2018, 6.535 GeV, torus+1",1,2,4,7,1.5,2,1.689086595492289,0.15,0.2,0.1815925266903915,6.535,0.4296856585716294,0.4,0.6,0.5,126,144,135,12.95757111849784,2.22998045065134,0.1720986464406039,,,
rgk6535,"RGK Fall 2018, 6.535 GeV, torus+1",1,2,4,8,1.5,2,1.689086595492289,0.15,0.2,0.1815925266903915,6.535,0.4296856585716294,0.4,0.6,0.5,144,162,153,15.32248830783521,1.90835190395295,0.1245458221676114,,,
rgk6535,"RGK Fall 2018, 6.535 GeV, torus+1",1,2,4,9,1.5,2,1.689086595492289,0.15,0.2,0.1815925266903915,6.535,0.4296856585716294,0.4,0.6,0.5,162,180,171,13.18770216843379,2.084603429897828,0.1580717704474366,,,
rgk6535,"RGK Fall 2018, 6.535 GeV, torus+1",1,2,4,10,1.5,2,1.689086595492289,0.15,0.2,0.1815925266903915,6.535,0.4296856585716294,0.4,0.6,0.5,180,198,189,11.75036579693147,2.54548032067899,0.2166298789901268,,,
rgk6535,"RGK Fall 2018, 6.535 GeV, torus+1",1,2,4,11,1.5,2,1.689086595492289,0.15,0.2,0.1815925266903915,6.535,0.4296856585716294,0.4,0.6,0.5,198,216,207,16.07538154975635,2.727765640093011,0.1696859033578805,,,
rgk6535,"RGK Fall 2018, 6.535 GeV, torus+1",1,2,4,12,1.5,2,1.689086595492289,0.15,0.2,0.1815925266903915,6.535,0.4296856585716294,0.4,0.6,0.5,216,234,225,16.00636815444244,2.906872072168938,0.1816072230827802,,,
rgk6535,"RGK Fall 2018, 6.535 GeV, torus+1",1,2,4,13,1.5,2,1.689086595492289,0.15,0.2,0.1815925266903915,6.535,0.4296856585716294,0.4,0.6,0.5,234,252,243,22.44828116070536,2.995436310764803,0.1334372235148307,,,
rgk6535,"RGK Fall 2018, 6.535 GeV, torus+1",1,2,4,14,1.5,2,1.689086595492289,0.15,0.2,0.1815925266903915,6.535,0.4296856585716294,0.4,0.6,0.5,252,270,261,29.58901179227931,2.870412345963936,0.09700940221034739,,,
rgk6535,"RGK Fall 2018, 6.535 GeV, torus+1",1,2,4,15,1.5,2,1.689086595492289,0.15,0.2,0.1815925266903915,6.535,0.4296856585716294,0.4,0.6,0.5,270,288,279,21.36348641529053,3.083757113193459,0.1443470907906827,,,
rgk6535,"RGK Fall 2018, 6.535 GeV, torus+1",1,2,4,16,1.5,2,1.689086595492289,0.15,0.2,0.1815925266903915,6.535,0.4296856585716294,0.4,0.6,0.5,288,306,297,18.93136339661871,4.488992247627059,0.2371193322731752,,,
rgk6535,"RGK Fall 2018, 6.535 GeV, torus+1",1,2,5,2,1.5,2,1.689086595492289,0.15,0.2,0.1815925266903915,6.535,0.4296856585716294,0.6,1,0.8,36,54,45,20.18455557330503,4.970497597616903,0.246252516165905,,,
rgk6535,"RGK Fall 2018, 6.535 GeV, torus+1",1,2,5,3,1.5,2,1.689086595492289,0.15,0.2,0.1815925266903915,6.535,0.4296856585716294,0.6,1,0.8,54,72,63,12.1038252351072,1.917138081612234,0.1583910907810835,,,
rgk6535,"RGK Fall 2018, 6.535 GeV, torus+1",1,2,5,4,1.5,2,1.689086595492289,0.15,0.2,0.1815925266903915,6.535,0.4296856585716294,0.6,1,0.8,72,90,81,10.28538516626762,1.607603513647152,0.1562997872864806,,,
rgk6535,"RGK Fall 2018, 6.535 GeV, torus+1",1,2,5,5,1.5,2,1.689086595492289,0.15,0.2,0.1815925266903915,6.535,0.4296856585716294,0.6,1,0.8,90,108,99,11.06958682329943,1.798213376485228,0.162446295890676,,,
rgk6535,"RGK Fall 2018, 6.535 GeV, torus+1",1,2,5,6,1.5,2,1.689086595492289,0.15,0.2,0.1815925266903915,6.535,0.4296856585716294,0.6,1,0.8,108,126,117,11.19093241972998,1.721378027041503,0.1538189993897789,,,
rgk6535,"RGK Fall 2018, 6.535 GeV, torus+1",1,2,5,7,1.5,2,1.689086595492289,0.15,0.2,0.1815925266903915,6.535,0.4296856585716294,0.6,1,0.8,126,144,135,9.22519949634871,1.289372774355386,0.1397663838994174,,,
rgk6535,"RGK Fall 2018, 6.535 GeV, torus+1",1,2,5,8,1.5,2,1.689086595492289,0.15,0.2,0.1815925266903915,6.535,0.4296856585716294,0.6,1,0.8,144,162,153,8.766224650044775,1.106215879771556,0.1261906834392962,,,
rgk6535,"RGK Fall 2018, 6.535 GeV, torus+1",1,2,5,9,1.5,2,1.689086595492289,0.15,0.2,0.1815925266903915,6.535,0.4296856585716294,0.6,1,0.8,162,180,171,5.57391071235758,1.089577928148064,0.1954781811865818,,,
rgk6535,"RGK Fall 2018, 6.535 GeV, torus+1",1,2,5,10,1.5,2,1.689086595492289,0.15,0.2,0.1815925266903915,6.535,0.4296856585716294,0.6,1,0.8,180,198,189,5.351161226400641,1.112250395307128,0.2078521554947173,,,
rgk6535,"RGK Fall 2018, 6.535 GeV, torus+1",1,2,5,11,1.5,2,1.689086595492289,0.15,0.2,0.1815925266903915,6.535,0.4296856585716294,0.6,1,0.8,198,216,207,6.30533433951936,1.201097603215813,0.1904891221529373,,,
rgk6535,"RGK Fall 2018, 6.535 GeV, torus+1",1,2,5,12,1.5,2,1.689086595492289,0.15,0.2,0.1815925266903915,6.535,0.4296856585716294,0.6,1,0.8,216,234,225,7.707089243667282,1.333314245291695,0.1729984178381281,,,
rgk6535,"RGK Fall 2018, 6.535 GeV, torus+1",1,2,5,13,1.5,2,1.689086595492289,0.15,0.2,0.1815925266903915,6.535,0.4296856585716294,0.6,1,0.8,234,252,243,11.99432194113534,1.335238177028985,0.1113225227388382,,,
rgk6535,"RGK Fall 2018, 6.535 GeV, torus+1",1,2,5,14,1.5,2,1.689086595492289,0.15,0.2,0.1815925266903915,6.535,0.4296856585716294,0.6,1,0.8,252,270,261,10.69941346990833,1.257224815972197,0.1175040874444278,,,
rgk6535,"RGK Fall 2018, 6.535 GeV, torus+1",1,2,5,15,1.5,2,1.689086595492289,0.15,0.2,0.1815925266903915,6.535,0.4296856585716294,0.6,1,0.8,270,288,279,9.679916560598853,1.242693206983766,0.1283785040092211,,,
rgk6535,"RGK Fall 2018, 6.535 GeV, torus+1",1,2,5,16,1.5,2,1.689086595492289,0.15,0.2,0.1815925266903915,6.535,0.4296856585716294,0.6,1,0.8,288,306,297,12.94966523254653,2.220917401557808,0.1715038467539649,,,
rgk6535,"RGK Fall 2018, 6.535 GeV, torus+1",1,2,5,17,1.5,2,1.689086595492289,0.15,0.2,0.1815925266903915,6.535,0.4296856585716294,0.6,1,0.8,306,324,315,2.490729813230232,2.08807140837285,0.8383371802439009,,,
rgk6535,"RGK Fall 2018, 6.535 GeV, torus+1",1,2,6,2,1.5,2,1.689086595492289,0.15,0.2,0.1815925266903915,6.535,0.4296856585716294,1,1.5,1.25,36,54,45,1.358756257766017,0.7943385029038701,0.5846070613208232,,,
rgk6535,"RGK Fall 2018, 6.535 GeV, torus+1",1,2,6,3,1.5,2,1.689086595492289,0.15,0.2,0.1815925266903915,6.535,0.4296856585716294,1,1.5,1.25,54,72,63,5.789199836613633,1.21318000250528,0.2095591855082558,,,
rgk6535,"RGK Fall 2018, 6.535 GeV, torus+1",1,2,6,4,1.5,2,1.689086595492289,0.15,0.2,0.1815925266903915,6.535,0.4296856585716294,1,1.5,1.25,72,90,81,5.795421622858987,1.09144833303466,0.1883294096722214,,,
rgk6535,"RGK Fall 2018, 6.535 GeV, torus+1",1,2,6,5,1.5,2,1.689086595492289,0.15,0.2,0.1815925266903915,6.535,0.4296856585716294,1,1.5,1.25,90,108,99,5.872175231233006,1.182580219223387,0.2013870793455656,,,
rgk6535,"RGK Fall 2018, 6.535 GeV, torus+1",1,2,6,6,1.5,2,1.689086595492289,0.15,0.2,0.1815925266903915,6.535,0.4296856585716294,1,1.5,1.25,108,126,117,4.202060339682177,1.109174501905591,0.2639596798339844,,,
rgk6535,"RGK Fall 2018, 6.535 GeV, torus+1",1,2,6,7,1.5,2,1.689086595492289,0.15,0.2,0.1815925266903915,6.535,0.4296856585716294,1,1.5,1.25,126,144,135,3.950541742473458,0.7221020948423971,0.1827855878799763,,,
rgk6535,"RGK Fall 2018, 6.535 GeV, torus+1",1,2,6,8,1.5,2,1.689086595492289,0.15,0.2,0.1815925266903915,6.535,0.4296856585716294,1,1.5,1.25,144,162,153,3.777325354169459,0.6333832001696547,0.1676803401302242,,,
rgk6535,"RGK Fall 2018, 6.535 GeV, torus+1",1,2,6,9,1.5,2,1.689086595492289,0.15,0.2,0.1815925266903915,6.535,0.4296856585716294,1,1.5,1.25,162,180,171,3.641515205127561,0.6810339876089482,0.187019399685602,,,
rgk6535,"RGK Fall 2018, 6.535 GeV, torus+1",1,2,6,10,1.5,2,1.689086595492289,0.15,0.2,0.1815925266903915,6.535,0.4296856585716294,1,1.5,1.25,180,198,189,2.8676414390359,0.5949285718685509,0.2074626777846276,,,
rgk6535,"RGK Fall 2018, 6.535 GeV, torus+1",1,2,6,11,1.5,2,1.689086595492289,0.15,0.2,0.1815925266903915,6.535,0.4296856585716294,1,1.5,1.25,198,216,207,3.084957926520668,0.6577924114656918,0.2132257318036019,,,
rgk6535,"RGK Fall 2018, 6.535 GeV, torus+1",1,2,6,12,1.5,2,1.689086595492289,0.15,0.2,0.1815925266903915,6.535,0.4296856585716294,1,1.5,1.25,216,234,225,2.971277029896554,0.7328325193535709,0.2466389071028778,,,
rgk6535,"RGK Fall 2018, 6.535 GeV, torus+1",1,2,6,13,1.5,2,1.689086595492289,0.15,0.2,0.1815925266903915,6.535,0.4296856585716294,1,1.5,1.25,234,252,243,4.260499955338932,0.9197876797288783,0.2158872642578651,,,
rgk6535,"RGK Fall 2018, 6.535 GeV, torus+1",1,2,6,14,1.5,2,1.689086595492289,0.15,0.2,0.1815925266903915,6.535,0.4296856585716294,1,1.5,1.25,252,270,261,7.177589198063429,1.177738110904016,0.1640854719328015,,,
rgk6535,"RGK Fall 2018, 6.535 GeV, torus+1",1,2,6,15,1.5,2,1.689086595492289,0.15,0.2,0.1815925266903915,6.535,0.4296856585716294,1,1.5,1.25,270,288,279,5.558136040524317,1.071332675052646,0.192750351420255,,,
rgk6535,"RGK Fall 2018, 6.535 GeV, torus+1",1,2,6,16,1.5,2,1.689086595492289,0.15,0.2,0.1815925266903915,6.535,0.4296856585716294,1,1.5,1.25,288,306,297,4.616300017005871,1.089505983586442,0.2360128196982081,,,
rgk6535,"RGK Fall 2018, 6.535 GeV, torus+1",1,2,6,17,1.5,2,1.689086595492289,0.15,0.2,0.1815925266903915,6.535,0.4296856585716294,1,1.5,1.25,306,324,315,2.412446332399726,0.8710240511108918,0.3610542706848365,,,
rgk6535,"RGK Fall 2018, 6.535 GeV, torus+1",1,2,7,1,1.5,2,1.689086595492289,0.15,0.2,0.1815925266903915,6.535,0.4296856585716294,1.5,2,1.75,18,36,27,0.08773982090486745,0.4234507723330438,4.826209672711475,,,
rgk6535,"RGK Fall 2018, 6.535 GeV, torus+1",1,2,7,2,1.5,2,1.689086595492289,0.15,0.2,0.1815925266903915,6.535,0.4296856585716294,1.5,2,1.75,36,54,45,0.872087631610766,0.7409572640881825,0.8496362489622945,,,
rgk6535,"RGK Fall 2018, 6.535 GeV, torus+1",1,2,7,3,1.5,2,1.689086595492289,0.15,0.2,0.1815925266903915,6.535,0.4296856585716294,1.5,2,1.75,54,72,63,0.8081449162964441,0.4743550889248458,0.5869678560854087,,,
rgk6535,"RGK Fall 2018, 6.535 GeV, torus+1",1,2,7,4,1.5,2,1.689086595492289,0.15,0.2,0.1815925266903915,6.535,0.4296856585716294,1.5,2,1.75,72,90,81,1.982311327777327,0.7798406407379509,0.3933996793593214,,,
rgk6535,"RGK Fall 2018, 6.535 GeV, torus+1",1,2,7,5,1.5,2,1.689086595492289,0.15,0.2,0.1815925266903915,6.535,0.4296856585716294,1.5,2,1.75,90,108,99,1.321428460137077,0.5728563869448453,0.4335129779824939,,,
rgk6535,"RGK Fall 2018, 6.535 GeV, torus+1",1,2,7,6,1.5,2,1.689086595492289,0.15,0.2,0.1815925266903915,6.535,0.4296856585716294,1.5,2,1.75,108,126,117,2.524659102825548,0.6295006896111512,0.2493408670131451,,,
rgk6535,"RGK Fall 2018, 6.535 GeV, torus+1",1,2,7,7,1.5,2,1.689086595492289,0.15,0.2,0.1815925266903915,6.535,0.4296856585716294,1.5,2,1.75,126,144,135,1.506290449204033,0.3648570097508881,0.2422222154722478,,,
rgk6535,"RGK Fall 2018, 6.535 GeV, torus+1",1,2,7,8,1.5,2,1.689086595492289,0.15,0.2,0.1815925266903915,6.535,0.4296856585716294,1.5,2,1.75,144,162,153,1.621757100626846,0.3797674300991998,0.2341703513753145,,,
rgk6535,"RGK Fall 2018, 6.535 GeV, torus+1",1,2,7,9,1.5,2,1.689086595492289,0.15,0.2,0.1815925266903915,6.535,0.4296856585716294,1.5,2,1.75,162,180,171,1.082284669798568,0.3182671818424643,0.2940697495989659,,,
rgk6535,"RGK Fall 2018, 6.535 GeV, torus+1",1,2,7,10,1.5,2,1.689086595492289,0.15,0.2,0.1815925266903915,6.535,0.4296856585716294,1.5,2,1.75,180,198,189,1.696531432508443,0.3740223350562878,0.2204629562938713,,,
rgk6535,"RGK Fall 2018, 6.535 GeV, torus+1",1,2,7,11,1.5,2,1.689086595492289,0.15,0.2,0.1815925266903915,6.535,0.4296856585716294,1.5,2,1.75,198,216,207,1.106243203729397,0.2958152403226565,0.2674052498812161,,,
rgk6535,"RGK Fall 2018, 6.535 GeV, torus+1",1,2,7,12,1.5,2,1.689086595492289,0.15,0.2,0.1815925266903915,6.535,0.4296856585716294,1.5,2,1.75,216,234,225,1.283400384051566,0.327039340917593,0.2548225362728682,,,
rgk6535,"RGK Fall 2018, 6.535 GeV, torus+1",1,2,7,13,1.5,2,1.689086595492289,0.15,0.2,0.1815925266903915,6.535,0.4296856585716294,1.5,2,1.75,234,252,243,2.389231024238937,0.5333062122624611,0.2232124925769118,,,
rgk6535,"RGK Fall 2018, 6.535 GeV, torus+1",1,2,7,14,1.5,2,1.689086595492289,0.15,0.2,0.1815925266903915,6.535,0.4296856585716294,1.5,2,1.75,252,270,261,3.397967116262595,0.9842520398022615,0.2896590832476433,,,
rgk6535,"RGK Fall 2018, 6.535 GeV, torus+1",1,2,7,15,1.5,2,1.689086595492289,0.15,0.2,0.1815925266903915,6.535,0.4296856585716294,1.5,2,1.75,270,288,279,2.886027604234329,0.8827220068831113,0.3058605557299581,,,
rgk6535,"RGK Fall 2018, 6.535 GeV, torus+1",1,2,7,16,1.5,2,1.689086595492289,0.15,0.2,0.1815925266903915,6.535,0.4296856585716294,1.5,2,1.75,288,306,297,2.418351132781934,0.8270994060899157,0.3420096423874011,,,
rgk6535,"RGK Fall 2018, 6.535 GeV, torus+1",1,2,7,17,1.5,2,1.689086595492289,0.15,0.2,0.1815925266903915,6.535,0.4296856585716294,1.5,2,1.75,306,324,315,0.8366555895981053,0.4859562648571346,0.5808319108829092,,,
rgk6535,"RGK Fall 2018, 6.535 GeV, torus+1",1,2,7,18,1.5,2,1.689086595492289,0.15,0.2,0.1815925266903915,6.535,0.4296856585716294,1.5,2,1.75,324,342,333,0.7500846767510797,0.7620964705456933,1.016013917050861,,,
rgk6535,"RGK Fall 2018, 6.535 GeV, torus+1",1,3,0,1,1.5,2,1.75,0.2,0.25,0.225,6.535,0.6160060386782151,0.09,0.15,0.12,18,36,27,21.971063688014,12.38813319649719,0.5638385729706553,,,
rgk6535,"RGK Fall 2018, 6.535 GeV, torus+1",1,3,0,2,1.5,2,1.75,0.2,0.25,0.225,6.535,0.6160060386782151,0.09,0.15,0.12,36,54,45,76.78784783444021,28.1585161263897,0.366705369671271,,,
rgk6535,"RGK Fall 2018, 6.535 GeV, torus+1",1,3,0,3,1.5,2,1.75,0.2,0.25,0.225,6.535,0.6160060386782151,0.09,0.15,0.12,54,72,63,43.49416518901952,22.19293364501241,0.5102508244166786,,,
rgk6535,"RGK Fall 2018, 6.535 GeV, torus+1",1,3,0,18,1.5,2,1.75,0.2,0.25,0.225,6.535,0.6160060386782151,0.09,0.15,0.12,324,342,333,35.68805819945749,25.03694027819401,0.701549525005387,,,
rgk6535,"RGK Fall 2018, 6.535 GeV, torus+1",1,3,1,0,1.5,2,1.75,0.2,0.25,0.225,6.535,0.6160060386782151,0.15,0.2,0.175,0,18,9,47.49660830411997,18.91031741873753,0.3981403745222205,,,
rgk6535,"RGK Fall 2018, 6.535 GeV, torus+1",1,3,1,1,1.5,2,1.75,0.2,0.25,0.225,6.535,0.6160060386782151,0.15,0.2,0.175,18,36,27,56.70025216108947,14.84638999230718,0.2618399288618246,,,
rgk6535,"RGK Fall 2018, 6.535 GeV, torus+1",1,3,1,2,1.5,2,1.75,0.2,0.25,0.225,6.535,0.6160060386782151,0.15,0.2,0.175,36,54,45,48.61495148048175,11.15879611626453,0.2295342436111375,,,
rgk6535,"RGK Fall 2018, 6.535 GeV, torus+1",1,3,1,3,1.5,2,1.75,0.2,0.25,0.225,6.535,0.6160060386782151,0.15,0.2,0.175,54,72,63,69.11498463413292,13.98282172700202,0.2023124478869739,,,
rgk6535,"RGK Fall 2018, 6.535 GeV, torus+1",1,3,1,4,1.5,2,1.75,0.2,0.25,0.225,6.535,0.6160060386782151,0.15,0.2,0.175,72,90,81,92.87597235773731,13.88200538781288,0.149468210511353,,,
rgk6535,"RGK Fall 2018, 6.535 GeV, torus+1",1,3,1,5,1.5,2,1.75,0.2,0.25,0.225,6.535,0.6160060386782151,0.15,0.2,0.175,90,108,99,81.61855311879874,13.82753265290418,0.1694165373500031,,,
rgk6535,"RGK Fall 2018, 6.535 GeV, torus+1",1,3,1,6,1.5,2,1.75,0.2,0.25,0.225,6.535,0.6160060386782151,0.15,0.2,0.175,108,126,117,123.1169842868097,38.23992650591798,0.310598303941846,,,
rgk6535,"RGK Fall 2018, 6.535 GeV, torus+1",1,3,1,13,1.5,2,1.75,0.2,0.25,0.225,6.535,0.6160060386782151,0.15,0.2,0.175,234,252,243,79.36407319982203,41.5568962509408,0.5236235310945959,,,
rgk6535,"RGK Fall 2018, 6.535 GeV, torus+1",1,3,1,14,1.5,2,1.75,0.2,0.25,0.225,6.535,0.6160060386782151,0.15,0.2,0.175,252,270,261,139.5563532525472,28.36394316387138,0.2032436539276916,,,
rgk6535,"RGK Fall 2018, 6.535 GeV, torus+1",1,3,1,15,1.5,2,1.75,0.2,0.25,0.225,6.535,0.6160060386782151,0.15,0.2,0.175,270,288,279,66.66654164066075,12.75844956024106,0.1913771023103368,,,
rgk6535,"RGK Fall 2018, 6.535 GeV, torus+1",1,3,1,16,1.5,2,1.75,0.2,0.25,0.225,6.535,0.6160060386782151,0.15,0.2,0.175,288,306,297,72.8697609500698,14.58865650088678,0.2002017889269995,,,
rgk6535,"RGK Fall 2018, 6.535 GeV, torus+1",1,3,1,17,1.5,2,1.75,0.2,0.25,0.225,6.535,0.6160060386782151,0.15,0.2,0.175,306,324,315,75.83607274247569,19.55794687144024,0.2578976753959183,,,
rgk6535,"RGK Fall 2018, 6.535 GeV, torus+1",1,3,1,18,1.5,2,1.75,0.2,0.25,0.225,6.535,0.6160060386782151,0.15,0.2,0.175,324,342,333,58.37433763681456,23.27780316904041,0.398767748147603,,,
rgk6535,"RGK Fall 2018, 6.535 GeV, torus+1",1,3,1,19,1.5,2,1.75,0.2,0.25,0.225,6.535,0.6160060386782151,0.15,0.2,0.175,342,360,351,40.93191255166827,18.61944873207318,0.4548883150419588,,,
rgk6535,"RGK Fall 2018, 6.535 GeV, torus+1",1,3,2,1,1.5,2,1.75,0.2,0.25,0.225,6.535,0.6160060386782151,0.2,0.3,0.25,18,36,27,31.24893582994368,11.96621854742092,0.3829320336711922,,,
rgk6535,"RGK Fall 2018, 6.535 GeV, torus+1",1,3,2,2,1.5,2,1.75,0.2,0.25,0.225,6.535,0.6160060386782151,0.2,0.3,0.25,36,54,45,42.65935005981249,8.966735116042578,0.210193898956978,,,
rgk6535,"RGK Fall 2018, 6.535 GeV, torus+1",1,3,2,3,1.5,2,1.75,0.2,0.25,0.225,6.535,0.6160060386782151,0.2,0.3,0.25,54,72,63,83.13135821133811,10.88839059152763,0.1309781390055839,,,
rgk6535,"RGK Fall 2018, 6.535 GeV, torus+1",1,3,2,4,1.5,2,1.75,0.2,0.25,0.225,6.535,0.6160060386782151,0.2,0.3,0.25,72,90,81,80.84469912118632,7.504400785814621,0.09282489597203539,,,
rgk6535,"RGK Fall 2018, 6.535 GeV, torus+1",1,3,2,5,1.5,2,1.75,0.2,0.25,0.225,6.535,0.6160060386782151,0.2,0.3,0.25,90,108,99,89.39316090883716,6.55292120310966,0.07330450267657844,,,
rgk6535,"RGK Fall 2018, 6.535 GeV, torus+1",1,3,2,6,1.5,2,1.75,0.2,0.25,0.225,6.535,0.6160060386782151,0.2,0.3,0.25,108,126,117,82.38256875520864,9.614518154472353,0.1167057339889572,,,
rgk6535,"RGK Fall 2018, 6.535 GeV, torus+1",1,3,2,7,1.5,2,1.75,0.2,0.25,0.225,6.535,0.6160060386782151,0.2,0.3,0.25,126,144,135,70.94577907861765,14.84448825062635,0.2092370884274401,,,
rgk6535,"RGK Fall 2018, 6.535 GeV, torus+1",1,3,2,8,1.5,2,1.75,0.2,0.25,0.225,6.535,0.6160060386782151,0.2,0.3,0.25,144,162,153,86.30678809887044,23.58346275404456,0.273251539925551,,,
rgk6535,"RGK Fall 2018, 6.535 GeV, torus+1",1,3,2,12,1.5,2,1.75,0.2,0.25,0.225,6.535,0.6160060386782151,0.2,0.3,0.25,216,234,225,55.26676118087892,15.60887830322375,0.282427954338386,,,
rgk6535,"RGK Fall 2018, 6.535 GeV, torus+1",1,3,2,13,1.5,2,1.75,0.2,0.25,0.225,6.535,0.6160060386782151,0.2,0.3,0.25,234,252,243,66.25307520137056,10.091287658539,0.1523142530043684,,,
rgk6535,"RGK Fall 2018, 6.535 GeV, torus+1",1,3,2,14,1.5,2,1.75,0.2,0.25,0.225,6.535,0.6160060386782151,0.2,0.3,0.25,252,270,261,80.55499806267463,8.945689289611966,0.1110507045466242,,,
rgk6535,"RGK Fall 2018, 6.535 GeV, torus+1",1,3,2,15,1.5,2,1.75,0.2,0.25,0.225,6.535,0.6160060386782151,0.2,0.3,0.25,270,288,279,85.46915200703553,9.803439411427556,0.1147014938280957,,,
rgk6535,"RGK Fall 2018, 6.535 GeV, torus+1",1,3,2,16,1.5,2,1.75,0.2,0.25,0.225,6.535,0.6160060386782151,0.2,0.3,0.25,288,306,297,55.14282295090516,7.691582256573126,0.1394847388103635,,,
rgk6535,"RGK Fall 2018, 6.535 GeV, torus+1",1,3,2,17,1.5,2,1.75,0.2,0.25,0.225,6.535,0.6160060386782151,0.2,0.3,0.25,306,324,315,49.65145039237645,8.91488972839729,0.1795494322511492,,,
rgk6535,"RGK Fall 2018, 6.535 GeV, torus+1",1,3,3,1,1.5,2,1.75,0.2,0.25,0.225,6.535,0.6160060386782151,0.3,0.4,0.35,18,36,27,88.75116904135886,40.36357793467128,0.4547948874438091,,,
rgk6535,"RGK Fall 2018, 6.535 GeV, torus+1",1,3,3,2,1.5,2,1.75,0.2,0.25,0.225,6.535,0.6160060386782151,0.3,0.4,0.35,36,54,45,45.10893737278693,12.35291717910882,0.27384633508483,,,
rgk6535,"RGK Fall 2018, 6.535 GeV, torus+1",1,3,3,3,1.5,2,1.75,0.2,0.25,0.225,6.535,0.6160060386782151,0.3,0.4,0.35,54,72,63,58.5301648289537,9.348666244486802,0.1597239008604706,,,
rgk6535,"RGK Fall 2018, 6.535 GeV, torus+1",1,3,3,4,1.5,2,1.75,0.2,0.25,0.225,6.535,0.6160060386782151,0.3,0.4,0.35,72,90,81,72.98453228052971,6.994095439744859,0.09582983162599089,,,
rgk6535,"RGK Fall 2018, 6.535 GeV, torus+1",1,3,3,5,1.5,2,1.75,0.2,0.25,0.225,6.535,0.6160060386782151,0.3,0.4,0.35,90,108,99,61.34380352425622,5.664565354517542,0.09234128027743979,,,
rgk6535,"RGK Fall 2018, 6.535 GeV, torus+1",1,3,3,6,1.5,2,1.75,0.2,0.25,0.225,6.535,0.6160060386782151,0.3,0.4,0.35,108,126,117,54.51056324016172,6.047126920078549,0.110934955733923,,,
rgk6535,"RGK Fall 2018, 6.535 GeV, torus+1",1,3,3,7,1.5,2,1.75,0.2,0.25,0.225,6.535,0.6160060386782151,0.3,0.4,0.35,126,144,135,52.25269093308419,5.507534073406307,0.1054019223710289,,,
rgk6535,"RGK Fall 2018, 6.535 GeV, torus+1",1,3,3,8,1.5,2,1.75,0.2,0.25,0.225,6.535,0.6160060386782151,0.3,0.4,0.35,144,162,153,29.48929237006491,4.045805157841794,0.1371957355595538,,,
rgk6535,"RGK Fall 2018, 6.535 GeV, torus+1",1,3,3,9,1.5,2,1.75,0.2,0.25,0.225,6.535,0.6160060386782151,0.3,0.4,0.35,162,180,171,21.88054565412,3.447121721748218,0.1575427677279676,,,
rgk6535,"RGK Fall 2018, 6.535 GeV, torus+1",1,3,3,10,1.5,2,1.75,0.2,0.25,0.225,6.535,0.6160060386782151,0.3,0.4,0.35,180,198,189,19.41852811922096,3.329920089721861,0.1714815906374398,,,
rgk6535,"RGK Fall 2018, 6.535 GeV, torus+1",1,3,3,11,1.5,2,1.75,0.2,0.25,0.225,6.535,0.6160060386782151,0.3,0.4,0.35,198,216,207,27.28551993284078,5.161521269488009,0.1891670483902202,,,
rgk6535,"RGK Fall 2018, 6.535 GeV, torus+1",1,3,3,12,1.5,2,1.75,0.2,0.25,0.225,6.535,0.6160060386782151,0.3,0.4,0.35,216,234,225,48.07172651998562,6.264070552806227,0.1303067521446721,,,
rgk6535,"RGK Fall 2018, 6.535 GeV, torus+1",1,3,3,13,1.5,2,1.75,0.2,0.25,0.225,6.535,0.6160060386782151,0.3,0.4,0.35,234,252,243,53.61485050624419,5.830256564218101,0.1087433147564048,,,
rgk6535,"RGK Fall 2018, 6.535 GeV, torus+1",1,3,3,14,1.5,2,1.75,0.2,0.25,0.225,6.535,0.6160060386782151,0.3,0.4,0.35,252,270,261,57.67555488689644,5.248869736023302,0.09100683550104544,,,
rgk6535,"RGK Fall 2018, 6.535 GeV, torus+1",1,3,3,15,1.5,2,1.75,0.2,0.25,0.225,6.535,0.6160060386782151,0.3,0.4,0.35,270,288,279,64.44767437286359,6.290082565783696,0.09759983780628406,,,
rgk6535,"RGK Fall 2018, 6.535 GeV, torus+1",1,3,3,16,1.5,2,1.75,0.2,0.25,0.225,6.535,0.6160060386782151,0.3,0.4,0.35,288,306,297,55.28184481693651,6.788937569286144,0.1228059156087758,,,
rgk6535,"RGK Fall 2018, 6.535 GeV, torus+1",1,3,3,17,1.5,2,1.75,0.2,0.25,0.225,6.535,0.6160060386782151,0.3,0.4,0.35,306,324,315,45.00222612341862,7.746620100103419,0.1721385977408831,,,
rgk6535,"RGK Fall 2018, 6.535 GeV, torus+1",1,3,3,18,1.5,2,1.75,0.2,0.25,0.225,6.535,0.6160060386782151,0.3,0.4,0.35,324,342,333,4.318733259684795,4.209712532882865,0.97475631852061,,,
rgk6535,"RGK Fall 2018, 6.535 GeV, torus+1",1,3,4,2,1.5,2,1.75,0.2,0.25,0.225,6.535,0.6160060386782151,0.4,0.6,0.5,36,54,45,32.21738765790355,6.738966805912566,0.2091717328999319,,,
rgk6535,"RGK Fall 2018, 6.535 GeV, torus+1",1,3,4,3,1.5,2,1.75,0.2,0.25,0.225,6.535,0.6160060386782151,0.4,0.6,0.5,54,72,63,45.97722792799379,4.731402369174366,0.1029075170992115,,,
rgk6535,"RGK Fall 2018, 6.535 GeV, torus+1",1,3,4,4,1.5,2,1.75,0.2,0.25,0.225,6.535,0.6160060386782151,0.4,0.6,0.5,72,90,81,50.9151136090729,4.272320519489398,0.08391065474767172,,,
rgk6535,"RGK Fall 2018, 6.535 GeV, torus+1",1,3,4,5,1.5,2,1.75,0.2,0.25,0.225,6.535,0.6160060386782151,0.4,0.6,0.5,90,108,99,50.69248255027655,3.574018361626065,0.07050391264782449,,,
rgk6535,"RGK Fall 2018, 6.535 GeV, torus+1",1,3,4,6,1.5,2,1.75,0.2,0.25,0.225,6.535,0.6160060386782151,0.4,0.6,0.5,108,126,117,38.40959032591472,3.558572789189542,0.09264802771896773,,,
rgk6535,"RGK Fall 2018, 6.535 GeV, torus+1",1,3,4,7,1.5,2,1.75,0.2,0.25,0.225,6.535,0.6160060386782151,0.4,0.6,0.5,126,144,135,28.4762856191502,2.268314760427727,0.07965627226685397,,,
rgk6535,"RGK Fall 2018, 6.535 GeV, torus+1",1,3,4,8,1.5,2,1.75,0.2,0.25,0.225,6.535,0.6160060386782151,0.4,0.6,0.5,144,162,153,20.5314833002391,1.943159701127709,0.0946429282634967,,,
rgk6535,"RGK Fall 2018, 6.535 GeV, torus+1",1,3,4,9,1.5,2,1.75,0.2,0.25,0.225,6.535,0.6160060386782151,0.4,0.6,0.5,162,180,171,16.63055353493668,1.475104514694887,0.08869846163545049,,,
rgk6535,"RGK Fall 2018, 6.535 GeV, torus+1",1,3,4,10,1.5,2,1.75,0.2,0.25,0.225,6.535,0.6160060386782151,0.4,0.6,0.5,180,198,189,16.22502289548397,1.695869034622065,0.104521826905655,,,
rgk6535,"RGK Fall 2018, 6.535 GeV, torus+1",1,3,4,11,1.5,2,1.75,0.2,0.25,0.225,6.535,0.6160060386782151,0.4,0.6,0.5,198,216,207,19.34088830279571,1.848396743204877,0.09556938204010479,,,
rgk6535,"RGK Fall 2018, 6.535 GeV, torus+1",1,3,4,12,1.5,2,1.75,0.2,0.25,0.225,6.535,0.6160060386782151,0.4,0.6,0.5,216,234,225,25.57861045931585,2.74201987913864,0.107199719996517,,,
rgk6535,"RGK Fall 2018, 6.535 GeV, torus+1",1,3,4,13,1.5,2,1.75,0.2,0.25,0.225,6.535,0.6160060386782151,0.4,0.6,0.5,234,252,243,42.87867054784193,3.428379709669024,0.07995536395756032,,,
rgk6535,"RGK Fall 2018, 6.535 GeV, torus+1",1,3,4,14,1.5,2,1.75,0.2,0.25,0.225,6.535,0.6160060386782151,0.4,0.6,0.5,252,270,261,46.88974492851038,2.958687340133594,0.06309881498917308,,,
rgk6535,"RGK Fall 2018, 6.535 GeV, torus+1",1,3,4,15,1.5,2,1.75,0.2,0.25,0.225,6.535,0.6160060386782151,0.4,0.6,0.5,270,288,279,46.96779801820781,3.31772670272086,0.07063832759276241,,,
rgk6535,"RGK Fall 2018, 6.535 GeV, torus+1",1,3,4,16,1.5,2,1.75,0.2,0.25,0.225,6.535,0.6160060386782151,0.4,0.6,0.5,288,306,297,42.97161675677353,4.005107755308,0.09320356220194305,,,
rgk6535,"RGK Fall 2018, 6.535 GeV, torus+1",1,3,4,17,1.5,2,1.75,0.2,0.25,0.225,6.535,0.6160060386782151,0.4,0.6,0.5,306,324,315,29.39582710463301,4.665825710898845,0.1587240833296191,,,
rgk6535,"RGK Fall 2018, 6.535 GeV, torus+1",1,3,5,2,1.5,2,1.75,0.2,0.25,0.225,6.535,0.6160060386782151,0.6,1,0.8,36,54,45,16.9447556238432,2.322730639152405,0.1370766678915132,,,
rgk6535,"RGK Fall 2018, 6.535 GeV, torus+1",1,3,5,3,1.5,2,1.75,0.2,0.25,0.225,6.535,0.6160060386782151,0.6,1,0.8,54,72,63,21.6305505016022,1.832080915570341,0.08469876508388617,,,
rgk6535,"RGK Fall 2018, 6.535 GeV, torus+1",1,3,5,4,1.5,2,1.75,0.2,0.25,0.225,6.535,0.6160060386782151,0.6,1,0.8,72,90,81,21.86324943469945,1.61050254813147,0.07366254284120365,,,
rgk6535,"RGK Fall 2018, 6.535 GeV, torus+1",1,3,5,5,1.5,2,1.75,0.2,0.25,0.225,6.535,0.6160060386782151,0.6,1,0.8,90,108,99,22.24715343109354,1.753328156409325,0.07881134824012141,,,
rgk6535,"RGK Fall 2018, 6.535 GeV, torus+1",1,3,5,6,1.5,2,1.75,0.2,0.25,0.225,6.535,0.6160060386782151,0.6,1,0.8,108,126,117,23.05551833174413,1.8572792999461,0.08055682258892846,,,
rgk6535,"RGK Fall 2018, 6.535 GeV, torus+1",1,3,5,7,1.5,2,1.75,0.2,0.25,0.225,6.535,0.6160060386782151,0.6,1,0.8,126,144,135,14.38469195608481,1.11022690162828,0.07718113846425803,,,
rgk6535,"RGK Fall 2018, 6.535 GeV, torus+1",1,3,5,8,1.5,2,1.75,0.2,0.25,0.225,6.535,0.6160060386782151,0.6,1,0.8,144,162,153,12.29423931658117,0.9001193053727794,0.07321472131738915,,,
rgk6535,"RGK Fall 2018, 6.535 GeV, torus+1",1,3,5,9,1.5,2,1.75,0.2,0.25,0.225,6.535,0.6160060386782151,0.6,1,0.8,162,180,171,9.851629786515341,0.8314820469520748,0.08440045606364403,,,
rgk6535,"RGK Fall 2018, 6.535 GeV, torus+1",1,3,5,10,1.5,2,1.75,0.2,0.25,0.225,6.535,0.6160060386782151,0.6,1,0.8,180,198,189,10.53468565167537,0.8553452834251615,0.08119324218175723,,,
rgk6535,"RGK Fall 2018, 6.535 GeV, torus+1",1,3,5,11,1.5,2,1.75,0.2,0.25,0.225,6.535,0.6160060386782151,0.6,1,0.8,198,216,207,12.23407691512615,0.9136942212701235,0.07468436136284519,,,
rgk6535,"RGK Fall 2018, 6.535 GeV, torus+1",1,3,5,12,1.5,2,1.75,0.2,0.25,0.225,6.535,0.6160060386782151,0.6,1,0.8,216,234,225,17.07791676429659,1.32769878045318,0.07774360296853604,,,
rgk6535,"RGK Fall 2018, 6.535 GeV, torus+1",1,3,5,13,1.5,2,1.75,0.2,0.25,0.225,6.535,0.6160060386782151,0.6,1,0.8,234,252,243,23.5131396726773,1.714265260513887,0.07290669320975005,,,
rgk6535,"RGK Fall 2018, 6.535 GeV, torus+1",1,3,5,14,1.5,2,1.75,0.2,0.25,0.225,6.535,0.6160060386782151,0.6,1,0.8,252,270,261,26.78120220534001,1.50959546976926,0.05636772607124618,,,
rgk6535,"RGK Fall 2018, 6.535 GeV, torus+1",1,3,5,15,1.5,2,1.75,0.2,0.25,0.225,6.535,0.6160060386782151,0.6,1,0.8,270,288,279,26.50503949639292,1.44966243303612,0.05469384164597851,,,
rgk6535,"RGK Fall 2018, 6.535 GeV, torus+1",1,3,5,16,1.5,2,1.75,0.2,0.25,0.225,6.535,0.6160060386782151,0.6,1,0.8,288,306,297,20.78866277031905,1.690072329640941,0.08129778948812121,,,
rgk6535,"RGK Fall 2018, 6.535 GeV, torus+1",1,3,5,17,1.5,2,1.75,0.2,0.25,0.225,6.535,0.6160060386782151,0.6,1,0.8,306,324,315,13.33801400601454,2.504639715128876,0.1877820576586179,,,
rgk6535,"RGK Fall 2018, 6.535 GeV, torus+1",1,3,6,1,1.5,2,1.75,0.2,0.25,0.225,6.535,0.6160060386782151,1,1.5,1.25,18,36,27,4.547381089698,2.00798319955875,0.4415691493523153,,,
rgk6535,"RGK Fall 2018, 6.535 GeV, torus+1",1,3,6,2,1.5,2,1.75,0.2,0.25,0.225,6.535,0.6160060386782151,1,1.5,1.25,36,54,45,7.346765737301603,1.082552189143587,0.1473508517696656,,,
rgk6535,"RGK Fall 2018, 6.535 GeV, torus+1",1,3,6,3,1.5,2,1.75,0.2,0.25,0.225,6.535,0.6160060386782151,1,1.5,1.25,54,72,63,9.622990553750361,0.9453393646893745,0.09823758626895338,,,
rgk6535,"RGK Fall 2018, 6.535 GeV, torus+1",1,3,6,4,1.5,2,1.75,0.2,0.25,0.225,6.535,0.6160060386782151,1,1.5,1.25,72,90,81,8.965097354777791,0.9857590178422844,0.1099551938849768,,,
rgk6535,"RGK Fall 2018, 6.535 GeV, torus+1",1,3,6,5,1.5,2,1.75,0.2,0.25,0.225,6.535,0.6160060386782151,1,1.5,1.25,90,108,99,10.94282579137267,1.279617640131852,0.1169366728967488,,,
rgk6535,"RGK Fall 2018, 6.535 GeV, torus+1",1,3,6,6,1.5,2,1.75,0.2,0.25,0.225,6.535,0.6160060386782151,1,1.5,1.25,108,126,117,9.281140466768404,0.9093308336529141,0.09797619558811974,,,
rgk6535,"RGK Fall 2018, 6.535 GeV, torus+1",1,3,6,7,1.5,2,1.75,0.2,0.25,0.225,6.535,0.6160060386782151,1,1.5,1.25,126,144,135,8.347338566836815,0.67922297791969,0.08137000464054238,,,
rgk6535,"RGK Fall 2018, 6.535 GeV, torus+1",1,3,6,8,1.5,2,1.75,0.2,0.25,0.225,6.535,0.6160060386782151,1,1.5,1.25,144,162,153,7.234524310131094,0.6245524655015965,0.08632944458103275,,,
rgk6535,"RGK Fall 2018, 6.535 GeV, torus+1",1,3,6,9,1.5,2,1.75,0.2,0.25,0.225,6.535,0.6160060386782151,1,1.5,1.25,162,180,171,5.627971540245062,0.5671898202964826,0.1007805061273969,,,
rgk6535,"RGK Fall 2018, 6.535 GeV, torus+1",1,3,6,10,1.5,2,1.75,0.2,0.25,0.225,6.535,0.6160060386782151,1,1.5,1.25,180,198,189,5.426857305252925,0.5759314941249671,0.1061261540021504,,,
rgk6535,"RGK Fall 2018, 6.535 GeV, torus+1",1,3,6,11,1.5,2,1.75,0.2,0.25,0.225,6.535,0.6160060386782151,1,1.5,1.25,198,216,207,6.346407722182977,0.6467971416278462,0.1019154724911634,,,
rgk6535,"RGK Fall 2018, 6.535 GeV, torus+1",1,3,6,12,1.5,2,1.75,0.2,0.25,0.225,6.535,0.6160060386782151,1,1.5,1.25,216,234,225,7.593688767126291,0.6958771301889224,0.09163887953920791,,,
rgk6535,"RGK Fall 2018, 6.535 GeV, torus+1",1,3,6,13,1.5,2,1.75,0.2,0.25,0.225,6.535,0.6160060386782151,1,1.5,1.25,234,252,243,9.109646170140632,0.8437564835930077,0.09262231132078998,,,
rgk6535,"RGK Fall 2018, 6.535 GeV, torus+1",1,3,6,14,1.5,2,1.75,0.2,0.25,0.225,6.535,0.6160060386782151,1,1.5,1.25,252,270,261,10.74076826217157,0.9627484678950887,0.08963497250805039,,,
rgk6535,"RGK Fall 2018, 6.535 GeV, torus+1",1,3,6,15,1.5,2,1.75,0.2,0.25,0.225,6.535,0.6160060386782151,1,1.5,1.25,270,288,279,11.61853617382429,1.012183039196423,0.08711794877196299,,,
rgk6535,"RGK Fall 2018, 6.535 GeV, torus+1",1,3,6,16,1.5,2,1.75,0.2,0.25,0.225,6.535,0.6160060386782151,1,1.5,1.25,288,306,297,10.66189807943173,1.135432287386832,0.106494385795831,,,
rgk6535,"RGK Fall 2018, 6.535 GeV, torus+1",1,3,6,17,1.5,2,1.75,0.2,0.25,0.225,6.535,0.6160060386782151,1,1.5,1.25,306,324,315,5.961643099556317,1.156060724753867,0.1939164598497862,,,
rgk6535,"RGK Fall 2018, 6.535 GeV, torus+1",1,3,6,18,1.5,2,1.75,0.2,0.25,0.225,6.535,0.6160060386782151,1,1.5,1.25,324,342,333,6.411700628143272,2.152712500588569,0.3357475068532575,,,
rgk6535,"RGK Fall 2018, 6.535 GeV, torus+1",1,3,7,1,1.5,2,1.75,0.2,0.25,0.225,6.535,0.6160060386782151,1.5,2,1.75,18,36,27,2.856538456068052,0.9890376801481613,0.3462364310367259,,,
rgk6535,"RGK Fall 2018, 6.535 GeV, torus+1",1,3,7,2,1.5,2,1.75,0.2,0.25,0.225,6.535,0.6160060386782151,1.5,2,1.75,36,54,45,3.983388471318649,0.9377172409680412,0.2354069274738906,,,
rgk6535,"RGK Fall 2018, 6.535 GeV, torus+1",1,3,7,3,1.5,2,1.75,0.2,0.25,0.225,6.535,0.6160060386782151,1.5,2,1.75,54,72,63,4.037469483052557,0.7391922778691049,0.1830830625400129,,,
rgk6535,"RGK Fall 2018, 6.535 GeV, torus+1",1,3,7,4,1.5,2,1.75,0.2,0.25,0.225,6.535,0.6160060386782151,1.5,2,1.75,72,90,81,3.814927797631722,0.8532716237773954,0.2236665197981204,,,
rgk6535,"RGK Fall 2018, 6.535 GeV, torus+1",1,3,7,5,1.5,2,1.75,0.2,0.25,0.225,6.535,0.6160060386782151,1.5,2,1.75,90,108,99,4.241952870864664,0.6171749976167167,0.1454931293215697,,,
rgk6535,"RGK Fall 2018, 6.535 GeV, torus+1",1,3,7,6,1.5,2,1.75,0.2,0.25,0.225,6.535,0.6160060386782151,1.5,2,1.75,108,126,117,3.932088374883008,0.5546174452900885,0.1410490793728893,,,
rgk6535,"RGK Fall 2018, 6.535 GeV, torus+1",1,3,7,7,1.5,2,1.75,0.2,0.25,0.225,6.535,0.6160060386782151,1.5,2,1.75,126,144,135,4.410483729598575,0.5808333541520924,0.1316937981777699,,,
rgk6535,"RGK Fall 2018, 6.535 GeV, torus+1",1,3,7,8,1.5,2,1.75,0.2,0.25,0.225,6.535,0.6160060386782151,1.5,2,1.75,144,162,153,3.296361093215301,0.4535950746888691,0.1376047896034437,,,
rgk6535,"RGK Fall 2018, 6.535 GeV, torus+1",1,3,7,9,1.5,2,1.75,0.2,0.25,0.225,6.535,0.6160060386782151,1.5,2,1.75,162,180,171,2.114652827715546,0.501579702159032,0.2371924580645643,,,
rgk6535,"RGK Fall 2018, 6.535 GeV, torus+1",1,3,7,10,1.5,2,1.75,0.2,0.25,0.225,6.535,0.6160060386782151,1.5,2,1.75,180,198,189,2.245375244025596,0.4539625124512929,0.2021766801157971,,,
rgk6535,"RGK Fall 2018, 6.535 GeV, torus+1",1,3,7,11,1.5,2,1.75,0.2,0.25,0.225,6.535,0.6160060386782151,1.5,2,1.75,198,216,207,3.501179604187717,0.5234192977896123,0.149497985525666,,,
rgk6535,"RGK Fall 2018, 6.535 GeV, torus+1",1,3,7,12,1.5,2,1.75,0.2,0.25,0.225,6.535,0.6160060386782151,1.5,2,1.75,216,234,225,4.023023128604436,0.5230659145759163,0.1300181226542849,,,
rgk6535,"RGK Fall 2018, 6.535 GeV, torus+1",1,3,7,13,1.5,2,1.75,0.2,0.25,0.225,6.535,0.6160060386782151,1.5,2,1.75,234,252,243,4.564194450499183,0.4794626824427066,0.1050486975615748,,,
rgk6535,"RGK Fall 2018, 6.535 GeV, torus+1",1,3,7,14,1.5,2,1.75,0.2,0.25,0.225,6.535,0.6160060386782151,1.5,2,1.75,252,270,261,5.328215229607632,0.6309648044943821,0.1184195414982976,,,
rgk6535,"RGK Fall 2018, 6.535 GeV, torus+1",1,3,7,15,1.5,2,1.75,0.2,0.25,0.225,6.535,0.6160060386782151,1.5,2,1.75,270,288,279,4.690895488211424,0.8270537801746186,0.1763104256432631,,,
rgk6535,"RGK Fall 2018, 6.535 GeV, torus+1",1,3,7,16,1.5,2,1.75,0.2,0.25,0.225,6.535,0.6160060386782151,1.5,2,1.75,288,306,297,3.926545901685313,0.7723743117541269,0.1967057895395075,,,
rgk6535,"RGK Fall 2018, 6.535 GeV, torus+1",1,3,7,17,1.5,2,1.75,0.2,0.25,0.225,6.535,0.6160060386782151,1.5,2,1.75,306,324,315,3.447584832524811,0.7937078042579812,0.2302213992735069,,,
rgk6535,"RGK Fall 2018, 6.535 GeV, torus+1",1,3,7,18,1.5,2,1.75,0.2,0.25,0.225,6.535,0.6160060386782151,1.5,2,1.75,324,342,333,3.518405944218959,1.226533133786192,0.3486047810376999,,,
rgk6535,"RGK Fall 2018, 6.535 GeV, torus+1",1,4,1,0,1.5,2,1.75,0.25,0.3,0.275,6.535,0.7521768338454011,0.15,0.2,0.175,0,18,9,56.21737804080362,11.95027741196295,0.2125726568622466,,,
rgk6535,"RGK Fall 2018, 6.535 GeV, torus+1",1,4,1,1,1.5,2,1.75,0.25,0.3,0.275,6.535,0.7521768338454011,0.15,0.2,0.175,18,36,27,86.05506877777638,13.94674246717642,0.1620676465112319,,,
rgk6535,"RGK Fall 2018, 6.535 GeV, torus+1",1,4,1,2,1.5,2,1.75,0.25,0.3,0.275,6.535,0.7521768338454011,0.15,0.2,0.175,36,54,45,104.4127770162491,13.50588401789725,0.1293508745179281,,,
rgk6535,"RGK Fall 2018, 6.535 GeV, torus+1",1,4,1,3,1.5,2,1.75,0.25,0.3,0.275,6.535,0.7521768338454011,0.15,0.2,0.175,54,72,63,109.3717450314879,21.9450800490077,0.200646703064761,,,
rgk6535,"RGK Fall 2018, 6.535 GeV, torus+1",1,4,1,4,1.5,2,1.75,0.25,0.3,0.275,6.535,0.7521768338454011,0.15,0.2,0.175,72,90,81,156.5282607357697,52.70566760907702,0.3367166245975718,,,
rgk6535,"RGK Fall 2018, 6.535 GeV, torus+1",1,4,1,15,1.5,2,1.75,0.25,0.3,0.275,6.535,0.7521768338454011,0.15,0.2,0.175,270,288,279,164.7474361482599,78.1253579883532,0.4742128910464286,,,
rgk6535,"RGK Fall 2018, 6.535 GeV, torus+1",1,4,1,16,1.5,2,1.75,0.25,0.3,0.275,6.535,0.7521768338454011,0.15,0.2,0.175,288,306,297,139.6851324242419,32.63321698662305,0.2336198306882921,,,
rgk6535,"RGK Fall 2018, 6.535 GeV, torus+1",1,4,1,17,1.5,2,1.75,0.25,0.3,0.275,6.535,0.7521768338454011,0.15,0.2,0.175,306,324,315,88.86902975341744,20.21036205253324,0.2274173816076354,,,
rgk6535,"RGK Fall 2018, 6.535 GeV, torus+1",1,4,1,18,1.5,2,1.75,0.25,0.3,0.275,6.535,0.7521768338454011,0.15,0.2,0.175,324,342,333,60.13908866544165,12.04626100109117,0.2003066768787509,,,
rgk6535,"RGK Fall 2018, 6.535 GeV, torus+1",1,4,1,19,1.5,2,1.75,0.25,0.3,0.275,6.535,0.7521768338454011,0.15,0.2,0.175,342,360,351,68.10333821756592,12.39288197462167,0.1819717256007455,,,
rgk6535,"RGK Fall 2018, 6.535 GeV, torus+1",1,4,2,0,1.5,2,1.75,0.25,0.3,0.275,6.535,0.7521768338454011,0.2,0.3,0.25,0,18,9,62.24250723845405,11.19207893440191,0.1798140761188252,,,
rgk6535,"RGK Fall 2018, 6.535 GeV, torus+1",1,4,2,1,1.5,2,1.75,0.25,0.3,0.275,6.535,0.7521768338454011,0.2,0.3,0.25,18,36,27,79.00972466440895,9.040068700960681,0.1144171649674525,,,
rgk6535,"RGK Fall 2018, 6.535 GeV, torus+1",1,4,2,2,1.5,2,1.75,0.25,0.3,0.275,6.535,0.7521768338454011,0.2,0.3,0.25,36,54,45,84.69985338108707,8.5860681273669,0.1013705193648436,,,
rgk6535,"RGK Fall 2018, 6.535 GeV, torus+1",1,4,2,3,1.5,2,1.75,0.25,0.3,0.275,6.535,0.7521768338454011,0.2,0.3,0.25,54,72,63,105.2209253669402,10.60993867782017,0.1008348732993918,,,
rgk6535,"RGK Fall 2018, 6.535 GeV, torus+1",1,4,2,4,1.5,2,1.75,0.25,0.3,0.275,6.535,0.7521768338454011,0.2,0.3,0.25,72,90,81,118.0414057344272,11.83577340630194,0.1002679808213263,,,
rgk6535,"RGK Fall 2018, 6.535 GeV, torus+1",1,4,2,5,1.5,2,1.75,0.25,0.3,0.275,6.535,0.7521768338454011,0.2,0.3,0.25,90,108,99,165.2968334860012,22.18724425611236,0.1342266744510346,,,
rgk6535,"RGK Fall 2018, 6.535 GeV, torus+1",1,4,2,14,1.5,2,1.75,0.25,0.3,0.275,6.535,0.7521768338454011,0.2,0.3,0.25,252,270,261,144.3429709385076,30.07007443299522,0.2083237876945566,,,
rgk6535,"RGK Fall 2018, 6.535 GeV, torus+1",1,4,2,15,1.5,2,1.75,0.25,0.3,0.275,6.535,0.7521768338454011,0.2,0.3,0.25,270,288,279,138.2857227281572,15.09193349123165,0.1091358760217022,,,
rgk6535,"RGK Fall 2018, 6.535 GeV, torus+1",1,4,2,16,1.5,2,1.75,0.25,0.3,0.275,6.535,0.7521768338454011,0.2,0.3,0.25,288,306,297,81.7776476118102,9.201999089576947,0.1125246244946768,,,
rgk6535,"RGK Fall 2018, 6.535 GeV, torus+1",1,4,2,17,1.5,2,1.75,0.25,0.3,0.275,6.535,0.7521768338454011,0.2,0.3,0.25,306,324,315,92.51433863038098,10.94634496665923,0.1183205233773842,,,
rgk6535,"RGK Fall 2018, 6.535 GeV, torus+1",1,4,2,18,1.5,2,1.75,0.25,0.3,0.275,6.535,0.7521768338454011,0.2,0.3,0.25,324,342,333,78.20137421374368,11.95111331674988,0.1528248504186709,,,
rgk6535,"RGK Fall 2018, 6.535 GeV, torus+1",1,4,2,19,1.5,2,1.75,0.25,0.3,0.275,6.535,0.7521768338454011,0.2,0.3,0.25,342,360,351,57.98984072581537,9.848320793838472,0.1698283814988009,,,
rgk6535,"RGK Fall 2018, 6.535 GeV, torus+1",1,4,3,0,1.5,2,1.75,0.25,0.3,0.275,6.535,0.7521768338454011,0.3,0.4,0.35,0,18,9,60.24869807918887,12.73218145947032,0.211327080341812,,,
rgk6535,"RGK Fall 2018, 6.535 GeV, torus+1",1,4,3,1,1.5,2,1.75,0.25,0.3,0.275,6.535,0.7521768338454011,0.3,0.4,0.35,18,36,27,67.81835194334379,10.1049482784909,0.1490002040588171,,,
rgk6535,"RGK Fall 2018, 6.535 GeV, torus+1",1,4,3,2,1.5,2,1.75,0.25,0.3,0.275,6.535,0.7521768338454011,0.3,0.4,0.35,36,54,45,84.73219743619228,9.675087353230595,0.114184308279228,,,
rgk6535,"RGK Fall 2018, 6.535 GeV, torus+1",1,4,3,3,1.5,2,1.75,0.25,0.3,0.275,6.535,0.7521768338454011,0.3,0.4,0.35,54,72,63,92.46762660430916,9.884169546680441,0.1068932977914221,,,
rgk6535,"RGK Fall 2018, 6.535 GeV, torus+1",1,4,3,4,1.5,2,1.75,0.25,0.3,0.275,6.535,0.7521768338454011,0.3,0.4,0.35,72,90,81,125.1510041015798,10.49548924634836,0.08386260519196168,,,
rgk6535,"RGK Fall 2018, 6.535 GeV, torus+1",1,4,3,5,1.5,2,1.75,0.25,0.3,0.275,6.535,0.7521768338454011,0.3,0.4,0.35,90,108,99,102.3897429449791,9.519266075714187,0.09297089534475664,,,
rgk6535,"RGK Fall 2018, 6.535 GeV, torus+1",1,4,3,6,1.5,2,1.75,0.25,0.3,0.275,6.535,0.7521768338454011,0.3,0.4,0.35,108,126,117,76.99796611262265,8.47070522637693,0.1100120646561895,,,
rgk6535,"RGK Fall 2018, 6.535 GeV, torus+1",1,4,3,7,1.5,2,1.75,0.25,0.3,0.275,6.535,0.7521768338454011,0.3,0.4,0.35,126,144,135,53.73413167733555,7.333883565792311,0.1364846390341069,,,
rgk6535,"RGK Fall 2018, 6.535 GeV, torus+1",1,4,3,8,1.5,2,1.75,0.25,0.3,0.275,6.535,0.7521768338454011,0.3,0.4,0.35,144,162,153,53.08642160292351,13.44098358222551,0.2531906121448823,,,
rgk6535,"RGK Fall 2018, 6.535 GeV, torus+1",1,4,3,9,1.5,2,1.75,0.25,0.3,0.275,6.535,0.7521768338454011,0.3,0.4,0.35,162,180,171,37.11813666675805,21.04186908120454,0.566889153680202,,,
rgk6535,"RGK Fall 2018, 6.535 GeV, torus+1",1,4,3,10,1.5,2,1.75,0.25,0.3,0.275,6.535,0.7521768338454011,0.3,0.4,0.35,180,198,189,17.6633541658919,9.914469760821259,0.5613016456390932,,,
rgk6535,"RGK Fall 2018, 6.535 GeV, torus+1",1,4,3,11,1.5,2,1.75,0.25,0.3,0.275,6.535,0.7521768338454011,0.3,0.4,0.35,198,216,207,40.87566264616535,15.02346013301008,0.3675404668802225,,,
rgk6535,"RGK Fall 2018, 6.535 GeV, torus+1",1,4,3,12,1.5,2,1.75,0.25,0.3,0.275,6.535,0.7521768338454011,0.3,0.4,0.35,216,234,225,71.27083558150842,10.4901689166911,0.1471873990405807,,,
rgk6535,"RGK Fall 2018, 6.535 GeV, torus+1",1,4,3,13,1.5,2,1.75,0.25,0.3,0.275,6.535,0.7521768338454011,0.3,0.4,0.35,234,252,243,54.51534121112101,6.738934283980385,0.1236153738427974,,,
rgk6535,"RGK Fall 2018, 6.535 GeV, torus+1",1,4,3,14,1.5,2,1.75,0.25,0.3,0.275,6.535,0.7521768338454011,0.3,0.4,0.35,252,270,261,75.59044764851423,9.751868272804092,0.1290092673898297,,,
rgk6535,"RGK Fall 2018, 6.535 GeV, torus+1",1,4,3,15,1.5,2,1.75,0.25,0.3,0.275,6.535,0.7521768338454011,0.3,0.4,0.35,270,288,279,117.2301000295928,10.42332413684556,0.08891337748764497,,,
rgk6535,"RGK Fall 2018, 6.535 GeV, torus+1",1,4,3,16,1.5,2,1.75,0.25,0.3,0.275,6.535,0.7521768338454011,0.3,0.4,0.35,288,306,297,84.31421265078785,8.367875869216615,0.09924632640376585,,,
rgk6535,"RGK Fall 2018, 6.535 GeV, torus+1",1,4,3,17,1.5,2,1.75,0.25,0.3,0.275,6.535,0.7521768338454011,0.3,0.4,0.35,306,324,315,73.401041521426,9.162348216202892,0.124825861136158,,,
rgk6535,"RGK Fall 2018, 6.535 GeV, torus+1",1,4,3,18,1.5,2,1.75,0.25,0.3,0.275,6.535,0.7521768338454011,0.3,0.4,0.35,324,342,333,50.5783223992016,10.58974210099962,0.2093731385042298,,,
rgk6535,"RGK Fall 2018, 6.535 GeV, torus+1",1,4,3,19,1.5,2,1.75,0.25,0.3,0.275,6.535,0.7521768338454011,0.3,0.4,0.35,342,360,351,45.83099196180406,11.41241348721625,0.2490108330347171,,,
rgk6535,"RGK Fall 2018, 6.535 GeV, torus+1",1,4,4,0,1.5,2,1.75,0.25,0.3,0.275,6.535,0.7521768338454011,0.4,0.6,0.5,0,18,9,54.7915642235256,13.37165476467647,0.2440458664426146,,,
rgk6535,"RGK Fall 2018, 6.535 GeV, torus+1",1,4,4,1,1.5,2,1.75,0.25,0.3,0.275,6.535,0.7521768338454011,0.4,0.6,0.5,18,36,27,36.97505907861389,6.962030501199522,0.1882899087841164,,,
rgk6535,"RGK Fall 2018, 6.535 GeV, torus+1",1,4,4,2,1.5,2,1.75,0.25,0.3,0.275,6.535,0.7521768338454011,0.4,0.6,0.5,36,54,45,47.91344015703849,5.757981358775057,0.1201746595507025,,,
rgk6535,"RGK Fall 2018, 6.535 GeV, torus+1",1,4,4,3,1.5,2,1.75,0.25,0.3,0.275,6.535,0.7521768338454011,0.4,0.6,0.5,54,72,63,62.08847675854297,5.811183476940339,0.09359520124063533,,,
rgk6535,"RGK Fall 2018, 6.535 GeV, torus+1",1,4,4,4,1.5,2,1.75,0.25,0.3,0.275,6.535,0.7521768338454011,0.4,0.6,0.5,72,90,81,70.3025482434731,5.15914073478379,0.07338483260829405,,,
rgk6535,"RGK Fall 2018, 6.535 GeV, torus+1",1,4,4,5,1.5,2,1.75,0.25,0.3,0.275,6.535,0.7521768338454011,0.4,0.6,0.5,90,108,99,83.73672425466347,5.730715575890827,0.06843730306982569,,,
rgk6535,"RGK Fall 2018, 6.535 GeV, torus+1",1,4,4,6,1.5,2,1.75,0.25,0.3,0.275,6.535,0.7521768338454011,0.4,0.6,0.5,108,126,117,59.29654228723105,4.179274212421193,0.07048090919326944,,,
rgk6535,"RGK Fall 2018, 6.535 GeV, torus+1",1,4,4,7,1.5,2,1.75,0.25,0.3,0.275,6.535,0.7521768338454011,0.4,0.6,0.5,126,144,135,52.57692945956427,2.794178778401475,0.05314457894598837,,,
rgk6535,"RGK Fall 2018, 6.535 GeV, torus+1",1,4,4,8,1.5,2,1.75,0.25,0.3,0.275,6.535,0.7521768338454011,0.4,0.6,0.5,144,162,153,37.63292568228814,2.615478778253767,0.06949974605574545,,,
rgk6535,"RGK Fall 2018, 6.535 GeV, torus+1",1,4,4,9,1.5,2,1.75,0.25,0.3,0.275,6.535,0.7521768338454011,0.4,0.6,0.5,162,180,171,27.54727567122509,2.669396268795208,0.09690236888229078,,,
rgk6535,"RGK Fall 2018, 6.535 GeV, torus+1",1,4,4,10,1.5,2,1.75,0.25,0.3,0.275,6.535,0.7521768338454011,0.4,0.6,0.5,180,198,189,26.7381960236345,2.297471158971579,0.08592468829762456,,,
rgk6535,"RGK Fall 2018, 6.535 GeV, torus+1",1,4,4,11,1.5,2,1.75,0.25,0.3,0.275,6.535,0.7521768338454011,0.4,0.6,0.5,198,216,207,29.78755425258349,2.705539060332292,0.09082783492027173,,,
rgk6535,"RGK Fall 2018, 6.535 GeV, torus+1",1,4,4,12,1.5,2,1.75,0.25,0.3,0.275,6.535,0.7521768338454011,0.4,0.6,0.5,216,234,225,48.07415390445592,3.243046448896263,0.06745925170813397,,,
rgk6535,"RGK Fall 2018, 6.535 GeV, torus+1",1,4,4,13,1.5,2,1.75,0.25,0.3,0.275,6.535,0.7521768338454011,0.4,0.6,0.5,234,252,243,61.43521047878556,4.318001468763016,0.07028545088576008,,,
rgk6535,"RGK Fall 2018, 6.535 GeV, torus+1",1,4,4,14,1.5,2,1.75,0.25,0.3,0.275,6.535,0.7521768338454011,0.4,0.6,0.5,252,270,261,82.90445592202747,5.805413501933256,0.07002534951068626,,,
rgk6535,"RGK Fall 2018, 6.535 GeV, torus+1",1,4,4,15,1.5,2,1.75,0.25,0.3,0.275,6.535,0.7521768338454011,0.4,0.6,0.5,270,288,279,92.31992078133021,5.585106320132637,0.06049730407981577,,,
rgk6535,"RGK Fall 2018, 6.535 GeV, torus+1",1,4,4,16,1.5,2,1.75,0.25,0.3,0.275,6.535,0.7521768338454011,0.4,0.6,0.5,288,306,297,78.11693835908191,5.119291125400785,0.06553368876118548,,,
rgk6535,"RGK Fall 2018, 6.535 GeV, torus+1",1,4,4,17,1.5,2,1.75,0.25,0.3,0.275,6.535,0.7521768338454011,0.4,0.6,0.5,306,324,315,67.74368471392474,5.607008752001329,0.08276799196381485,,,
rgk6535,"RGK Fall 2018, 6.535 GeV, torus+1",1,4,4,18,1.5,2,1.75,0.25,0.3,0.275,6.535,0.7521768338454011,0.4,0.6,0.5,324,342,333,50.91494187037748,7.559866707593445,0.1484803169733521,,,
rgk6535,"RGK Fall 2018, 6.535 GeV, torus+1",1,4,4,19,1.5,2,1.75,0.25,0.3,0.275,6.535,0.7521768338454011,0.4,0.6,0.5,342,360,351,41.67084171313015,10.84100879014794,0.2601581428275307,,,
rgk6535,"RGK Fall 2018, 6.535 GeV, torus+1",1,4,5,1,1.5,2,1.75,0.25,0.3,0.275,6.535,0.7521768338454011,0.6,1,0.8,18,36,27,26.32557003100726,4.76408441262968,0.1809679489188025,,,
rgk6535,"RGK Fall 2018, 6.535 GeV, torus+1",1,4,5,2,1.5,2,1.75,0.25,0.3,0.275,6.535,0.7521768338454011,0.6,1,0.8,36,54,45,32.67545323568547,2.99732063581421,0.09173004010670557,,,
rgk6535,"RGK Fall 2018, 6.535 GeV, torus+1",1,4,5,3,1.5,2,1.75,0.25,0.3,0.275,6.535,0.7521768338454011,0.6,1,0.8,54,72,63,41.90802020504094,2.618447084097204,0.06248081086355498,,,
rgk6535,"RGK Fall 2018, 6.535 GeV, torus+1",1,4,5,4,1.5,2,1.75,0.25,0.3,0.275,6.535,0.7521768338454011,0.6,1,0.8,72,90,81,47.6180233546588,2.920275093111122,0.0613270960737057,,,
rgk6535,"RGK Fall 2018, 6.535 GeV, torus+1",1,4,5,5,1.5,2,1.75,0.25,0.3,0.275,6.535,0.7521768338454011,0.6,1,0.8,90,108,99,49.75887113040519,3.124801636684882,0.06279888521778522,,,
rgk6535,"RGK Fall 2018, 6.535 GeV, torus+1",1,4,5,6,1.5,2,1.75,0.25,0.3,0.275,6.535,0.7521768338454011,0.6,1,0.8,108,126,117,35.41301499256826,2.217200378929974,0.06260976026456017,,,
rgk6535,"RGK Fall 2018, 6.535 GeV, torus+1",1,4,5,7,1.5,2,1.75,0.25,0.3,0.275,6.535,0.7521768338454011,0.6,1,0.8,126,144,135,33.46214757603018,1.738520299323433,0.05195483330450618,,,
rgk6535,"RGK Fall 2018, 6.535 GeV, torus+1",1,4,5,8,1.5,2,1.75,0.25,0.3,0.275,6.535,0.7521768338454011,0.6,1,0.8,144,162,153,23.60083609362223,1.399271697881928,0.05928907316381304,,,
rgk6535,"RGK Fall 2018, 6.535 GeV, torus+1",1,4,5,9,1.5,2,1.75,0.25,0.3,0.275,6.535,0.7521768338454011,0.6,1,0.8,162,180,171,22.47039319750368,1.553831847424306,0.06915018503534362,,,
rgk6535,"RGK Fall 2018, 6.535 GeV, torus+1",1,4,5,10,1.5,2,1.75,0.25,0.3,0.275,6.535,0.7521768338454011,0.6,1,0.8,180,198,189,18.56318028347736,1.488000720966504,0.08015871732339622,,,
rgk6535,"RGK Fall 2018, 6.535 GeV, torus+1",1,4,5,11,1.5,2,1.75,0.25,0.3,0.275,6.535,0.7521768338454011,0.6,1,0.8,198,216,207,22.83305514096301,1.465393501283228,0.06417859950131158,,,
rgk6535,"RGK Fall 2018, 6.535 GeV, torus+1",1,4,5,12,1.5,2,1.75,0.25,0.3,0.275,6.535,0.7521768338454011,0.6,1,0.8,216,234,225,29.0262467802546,1.658553054143213,0.05713976962641482,,,
rgk6535,"RGK Fall 2018, 6.535 GeV, torus+1",1,4,5,13,1.5,2,1.75,0.25,0.3,0.275,6.535,0.7521768338454011,0.6,1,0.8,234,252,243,38.37467110689331,2.017683176004121,0.05257851384273312,,,
rgk6535,"RGK Fall 2018, 6.535 GeV, torus+1",1,4,5,14,1.5,2,1.75,0.25,0.3,0.275,6.535,0.7521768338454011,0.6,1,0.8,252,270,261,46.52655763255216,2.895617348004718,0.06223579596997327,,,
rgk6535,"RGK Fall 2018, 6.535 GeV, torus+1",1,4,5,15,1.5,2,1.75,0.25,0.3,0.275,6.535,0.7521768338454011,0.6,1,0.8,270,288,279,47.82589042040082,2.351556424061733,0.04916910910368839,,,
rgk6535,"RGK Fall 2018, 6.535 GeV, torus+1",1,4,5,16,1.5,2,1.75,0.25,0.3,0.275,6.535,0.7521768338454011,0.6,1,0.8,288,306,297,39.09567171043157,2.42523661615291,0.06203337888950517,,,
rgk6535,"RGK Fall 2018, 6.535 GeV, torus+1",1,4,5,17,1.5,2,1.75,0.25,0.3,0.275,6.535,0.7521768338454011,0.6,1,0.8,306,324,315,34.1502271192148,2.686530443182407,0.07866801101509562,,,
rgk6535,"RGK Fall 2018, 6.535 GeV, torus+1",1,4,5,18,1.5,2,1.75,0.25,0.3,0.275,6.535,0.7521768338454011,0.6,1,0.8,324,342,333,26.11058548172466,4.665101702227881,0.1786670661021018,,,
rgk6535,"RGK Fall 2018, 6.535 GeV, torus+1",1,4,6,1,1.5,2,1.75,0.25,0.3,0.275,6.535,0.7521768338454011,1,1.5,1.25,18,36,27,7.644687355508207,1.883106426528079,0.2463287691119571,,,
rgk6535,"RGK Fall 2018, 6.535 GeV, torus+1",1,4,6,2,1.5,2,1.75,0.25,0.3,0.275,6.535,0.7521768338454011,1,1.5,1.25,36,54,45,13.076219791492,1.354617129844619,0.103593940102322,,,
rgk6535,"RGK Fall 2018, 6.535 GeV, torus+1",1,4,6,3,1.5,2,1.75,0.25,0.3,0.275,6.535,0.7521768338454011,1,1.5,1.25,54,72,63,21.76768865756701,1.569193232334372,0.07208818800285809,,,
rgk6535,"RGK Fall 2018, 6.535 GeV, torus+1",1,4,6,4,1.5,2,1.75,0.25,0.3,0.275,6.535,0.7521768338454011,1,1.5,1.25,72,90,81,22.71929496955081,1.758036674433577,0.07738077597873343,,,
rgk6535,"RGK Fall 2018, 6.535 GeV, torus+1",1,4,6,5,1.5,2,1.75,0.25,0.3,0.275,6.535,0.7521768338454011,1,1.5,1.25,90,108,99,18.22945714379385,1.518749845878265,0.0833129496889773,,,
rgk6535,"RGK Fall 2018, 6.535 GeV, torus+1",1,4,6,6,1.5,2,1.75,0.25,0.3,0.275,6.535,0.7521768338454011,1,1.5,1.25,108,126,117,17.5904304141587,1.316259757733337,0.07482817229269545,,,
rgk6535,"RGK Fall 2018, 6.535 GeV, torus+1",1,4,6,7,1.5,2,1.75,0.25,0.3,0.275,6.535,0.7521768338454011,1,1.5,1.25,126,144,135,13.44896000178709,1.332075374495029,0.09904671991871671,,,
rgk6535,"RGK Fall 2018, 6.535 GeV, torus+1",1,4,6,8,1.5,2,1.75,0.25,0.3,0.275,6.535,0.7521768338454011,1,1.5,1.25,144,162,153,10.2291044231683,1.346810977397146,0.1316646034374916,,,
rgk6535,"RGK Fall 2018, 6.535 GeV, torus+1",1,4,6,9,1.5,2,1.75,0.25,0.3,0.275,6.535,0.7521768338454011,1,1.5,1.25,162,180,171,9.441408498107997,1.456250632747219,0.1542408246649897,,,
rgk6535,"RGK Fall 2018, 6.535 GeV, torus+1",1,4,6,10,1.5,2,1.75,0.25,0.3,0.275,6.535,0.7521768338454011,1,1.5,1.25,180,198,189,8.75677644153096,1.32017210870043,0.1507600562279083,,,
rgk6535,"RGK Fall 2018, 6.535 GeV, torus+1",1,4,6,11,1.5,2,1.75,0.25,0.3,0.275,6.535,0.7521768338454011,1,1.5,1.25,198,216,207,12.08738426767758,1.581807390273902,0.1308643255847962,,,
rgk6535,"RGK Fall 2018, 6.535 GeV, torus+1",1,4,6,12,1.5,2,1.75,0.25,0.3,0.275,6.535,0.7521768338454011,1,1.5,1.25,216,234,225,15.77292628200857,1.275166514583477,0.08084527194158,,,
rgk6535,"RGK Fall 2018, 6.535 GeV, torus+1",1,4,6,13,1.5,2,1.75,0.25,0.3,0.275,6.535,0.7521768338454011,1,1.5,1.25,234,252,243,18.03306367007853,1.154503531880466,0.06402148592177841,,,
rgk6535,"RGK Fall 2018, 6.535 GeV, torus+1",1,4,6,14,1.5,2,1.75,0.25,0.3,0.275,6.535,0.7521768338454011,1,1.5,1.25,252,270,261,21.41496728460736,1.46819038170007,0.06855907656489278,,,
rgk6535,"RGK Fall 2018, 6.535 GeV, torus+1",1,4,6,15,1.5,2,1.75,0.25,0.3,0.275,6.535,0.7521768338454011,1,1.5,1.25,270,288,279,21.74356679126957,1.519905296960111,0.06990137871815859,,,
rgk6535,"RGK Fall 2018, 6.535 GeV, torus+1",1,4,6,16,1.5,2,1.75,0.25,0.3,0.275,6.535,0.7521768338454011,1,1.5,1.25,288,306,297,18.7223954592126,1.571611543090446,0.08394286652657547,,,
rgk6535,"RGK Fall 2018, 6.535 GeV, torus+1",1,4,6,17,1.5,2,1.75,0.25,0.3,0.275,6.535,0.7521768338454011,1,1.5,1.25,306,324,315,14.87479107763226,1.810461368475252,0.1217133981261563,,,
rgk6535,"RGK Fall 2018, 6.535 GeV, torus+1",1,4,6,18,1.5,2,1.75,0.25,0.3,0.275,6.535,0.7521768338454011,1,1.5,1.25,324,342,333,12.2291711892525,2.582315105564038,0.2111602712564432,,,
rgk6535,"RGK Fall 2018, 6.535 GeV, torus+1",1,4,7,1,1.5,2,1.75,0.25,0.3,0.275,6.535,0.7521768338454011,1.5,2,1.75,18,36,27,0.9588098558980542,0.6548791877317823,0.6830125740816463,,,
rgk6535,"RGK Fall 2018, 6.535 GeV, torus+1",1,4,7,2,1.5,2,1.75,0.25,0.3,0.275,6.535,0.7521768338454011,1.5,2,1.75,36,54,45,8.400888513138101,1.391144476179757,0.1655949217757329,,,
rgk6535,"RGK Fall 2018, 6.535 GeV, torus+1",1,4,7,3,1.5,2,1.75,0.25,0.3,0.275,6.535,0.7521768338454011,1.5,2,1.75,54,72,63,7.182440835096568,1.011388764873277,0.1408140753392894,,,
rgk6535,"RGK Fall 2018, 6.535 GeV, torus+1",1,4,7,4,1.5,2,1.75,0.25,0.3,0.275,6.535,0.7521768338454011,1.5,2,1.75,72,90,81,10.35615245598644,1.289923308096914,0.1245562300843945,,,
rgk6535,"RGK Fall 2018, 6.535 GeV, torus+1",1,4,7,5,1.5,2,1.75,0.25,0.3,0.275,6.535,0.7521768338454011,1.5,2,1.75,90,108,99,8.693155840573548,1.084563054776197,0.1247605673550931,,,
rgk6535,"RGK Fall 2018, 6.535 GeV, torus+1",1,4,7,6,1.5,2,1.75,0.25,0.3,0.275,6.535,0.7521768338454011,1.5,2,1.75,108,126,117,10.90278498331339,1.335343468768833,0.1224772817965835,,,
rgk6535,"RGK Fall 2018, 6.535 GeV, torus+1",1,4,7,7,1.5,2,1.75,0.25,0.3,0.275,6.535,0.7521768338454011,1.5,2,1.75,126,144,135,4.916875304995328,1.481535068491057,0.3013163801379878,,,
rgk6535,"RGK Fall 2018, 6.535 GeV, torus+1",1,4,7,8,1.5,2,1.75,0.25,0.3,0.275,6.535,0.7521768338454011,1.5,2,1.75,144,162,153,3.428394485387188,1.370324808127922,0.3996986968590235,,,
rgk6535,"RGK Fall 2018, 6.535 GeV, torus+1",1,4,7,9,1.5,2,1.75,0.25,0.3,0.275,6.535,0.7521768338454011,1.5,2,1.75,162,180,171,3.758405039565829,1.892820375339081,0.5036233070711664,,,
rgk6535,"RGK Fall 2018, 6.535 GeV, torus+1",1,4,7,10,1.5,2,1.75,0.25,0.3,0.275,6.535,0.7521768338454011,1.5,2,1.75,180,198,189,5.319322012563383,2.270522827823653,0.4268444028131862,,,
rgk6535,"RGK Fall 2018, 6.535 GeV, torus+1",1,4,7,11,1.5,2,1.75,0.25,0.3,0.275,6.535,0.7521768338454011,1.5,2,1.75,198,216,207,1.25333936308089,0.803317441978475,0.6409416839855759,,,
rgk6535,"RGK Fall 2018, 6.535 GeV, torus+1",1,4,7,12,1.5,2,1.75,0.25,0.3,0.275,6.535,0.7521768338454011,1.5,2,1.75,216,234,225,5.30119015815084,1.380724767958227,0.2604556197319756,,,
rgk6535,"RGK Fall 2018, 6.535 GeV, torus+1",1,4,7,13,1.5,2,1.75,0.25,0.3,0.275,6.535,0.7521768338454011,1.5,2,1.75,234,252,243,8.720506211975144,1.117874689496896,0.1281891970860375,,,
rgk6535,"RGK Fall 2018, 6.535 GeV, torus+1",1,4,7,14,1.5,2,1.75,0.25,0.3,0.275,6.535,0.7521768338454011,1.5,2,1.75,252,270,261,10.98239664408275,1.098024548498901,0.09998041266252299,,,
rgk6535,"RGK Fall 2018, 6.535 GeV, torus+1",1,4,7,15,1.5,2,1.75,0.25,0.3,0.275,6.535,0.7521768338454011,1.5,2,1.75,270,288,279,10.51561042636814,1.293413903421831,0.1229994123953627,,,
rgk6535,"RGK Fall 2018, 6.535 GeV, torus+1",1,4,7,16,1.5,2,1.75,0.25,0.3,0.275,6.535,0.7521768338454011,1.5,2,1.75,288,306,297,8.673398625208463,1.338001381410474,0.1542649472516681,,,
rgk6535,"RGK Fall 2018, 6.535 GeV, torus+1",1,4,7,17,1.5,2,1.75,0.25,0.3,0.275,6.535,0.7521768338454011,1.5,2,1.75,306,324,315,5.215994172894922,0.9576462397200838,0.1835980271405445,,,
rgk6535,"RGK Fall 2018, 6.535 GeV, torus+1",1,4,7,18,1.5,2,1.75,0.25,0.3,0.275,6.535,0.7521768338454011,1.5,2,1.75,324,342,333,2.165545857066514,0.8557782614062965,0.3951790069989785,,,
rgk6535,"RGK Fall 2018, 6.535 GeV, torus+1",1,5,1,0,1.5,2,1.787426051414435,0.3,0.38,0.3297612850023305,6.535,0.8219458514711657,0.15,0.2,0.175,0,18,9,118.8498186741409,29.85584320899163,0.2512064683148532,,,
rgk6535,"RGK Fall 2018, 6.535 GeV, torus+1",1,5,1,1,1.5,2,1.787426051414435,0.3,0.38,0.3297612850023305,6.535,0.8219458514711657,0.15,0.2,0.175,18,36,27,77.43019317806993,22.47502885641163,0.2902618207954709,,,
rgk6535,"RGK Fall 2018, 6.535 GeV, torus+1",1,5,1,2,1.5,2,1.787426051414435,0.3,0.38,0.3297612850023305,6.535,0.8219458514711657,0.15,0.2,0.175,36,54,45,191.56821222695,47.91415787361451,0.2501153887517143,,,
rgk6535,"RGK Fall 2018, 6.535 GeV, torus+1",1,5,1,17,1.5,2,1.787426051414435,0.3,0.38,0.3297612850023305,6.535,0.8219458514711657,0.15,0.2,0.175,306,324,315,167.0225626028125,64.60950315399027,0.3868309894611945,,,
rgk6535,"RGK Fall 2018, 6.535 GeV, torus+1",1,5,1,18,1.5,2,1.787426051414435,0.3,0.38,0.3297612850023305,6.535,0.8219458514711657,0.15,0.2,0.175,324,342,333,67.29225581261579,22.97547613880045,0.3414282351119082,,,
rgk6535,"RGK Fall 2018, 6.535 GeV, torus+1",1,5,1,19,1.5,2,1.787426051414435,0.3,0.38,0.3297612850023305,6.535,0.8219458514711657,0.15,0.2,0.175,342,360,351,105.5340226204747,23.69605468842362,0.2245347433939881,,,
rgk6535,"RGK Fall 2018, 6.535 GeV, torus+1",1,5,2,0,1.5,2,1.793484383000512,0.3,0.38,0.3316088069636456,6.535,0.8226382181961577,0.2,0.3,0.25,0,18,9,97.2035167849469,11.41332252964289,0.1174167654334332,,,
rgk6535,"RGK Fall 2018, 6.535 GeV, torus+1",1,5,2,1,1.5,2,1.793484383000512,0.3,0.38,0.3316088069636456,6.535,0.8226382181961577,0.2,0.3,0.25,18,36,27,101.2882444717807,10.48778755080586,0.1035439759618679,,,
rgk6535,"RGK Fall 2018, 6.535 GeV, torus+1",1,5,2,2,1.5,2,1.793484383000512,0.3,0.38,0.3316088069636456,6.535,0.8226382181961577,0.2,0.3,0.25,36,54,45,124.609939603654,10.8255686283388,0.08687564300866858,,,
rgk6535,"RGK Fall 2018, 6.535 GeV, torus+1",1,5,2,3,1.5,2,1.793484383000512,0.3,0.38,0.3316088069636456,6.535,0.8226382181961577,0.2,0.3,0.25,54,72,63,163.5977962928234,14.98058130868992,0.09156957885836189,,,
rgk6535,"RGK Fall 2018, 6.535 GeV, torus+1",1,5,2,4,1.5,2,1.793484383000512,0.3,0.38,0.3316088069636456,6.535,0.8226382181961577,0.2,0.3,0.25,72,90,81,260.0877089973512,48.22420533133914,0.18541516443528,,,
rgk6535,"RGK Fall 2018, 6.535 GeV, torus+1",1,5,2,15,1.5,2,1.793484383000512,0.3,0.38,0.3316088069636456,6.535,0.8226382181961577,0.2,0.3,0.25,270,288,279,220.6550412301136,45.18730494939597,0.2047870952663695,,,
rgk6535,"RGK Fall 2018, 6.535 GeV, torus+1",1,5,2,16,1.5,2,1.793484383000512,0.3,0.38,0.3316088069636456,6.535,0.8226382181961577,0.2,0.3,0.25,288,306,297,173.504408099994,20.45663579170995,0.1179026862529071,,,
rgk6535,"RGK Fall 2018, 6.535 GeV, torus+1",1,5,2,17,1.5,2,1.793484383000512,0.3,0.38,0.3316088069636456,6.535,0.8226382181961577,0.2,0.3,0.25,306,324,315,116.6702192416944,14.26548500086068,0.1222718624648185,,,
rgk6535,"RGK Fall 2018, 6.535 GeV, torus+1",1,5,2,18,1.5,2,1.793484383000512,0.3,0.38,0.3316088069636456,6.535,0.8226382181961577,0.2,0.3,0.25,324,342,333,81.74965599236995,9.478125461420809,0.1159408605010576,,,
rgk6535,"RGK Fall 2018, 6.535 GeV, torus+1",1,5,2,19,1.5,2,1.793484383000512,0.3,0.38,0.3316088069636456,6.535,0.8226382181961577,0.2,0.3,0.25,342,360,351,91.08809934092571,9.331590421986919,0.1024457694200043,,,
rgk6535,"RGK Fall 2018, 6.535 GeV, torus+1",1,5,3,0,1.5,2,1.793484383000512,0.3,0.38,0.3316088069636456,6.535,0.8226382181961577,0.3,0.4,0.35,0,18,9,85.24077306254672,11.04046605027397,0.129520951694946,,,
rgk6535,"RGK Fall 2018, 6.535 GeV, torus+1",1,5,3,1,1.5,2,1.793484383000512,0.3,0.38,0.3316088069636456,6.535,0.8226382181961577,0.3,0.4,0.35,18,36,27,97.6104110072983,9.298196056092207,0.09525824100256051,,,
rgk6535,"RGK Fall 2018, 6.535 GeV, torus+1",1,5,3,2,1.5,2,1.793484383000512,0.3,0.38,0.3316088069636456,6.535,0.8226382181961577,0.3,0.4,0.35,36,54,45,114.7175128903254,8.391074750791509,0.0731455428153652,,,
rgk6535,"RGK Fall 2018, 6.535 GeV, torus+1",1,5,3,3,1.5,2,1.793484383000512,0.3,0.38,0.3316088069636456,6.535,0.8226382181961577,0.3,0.4,0.35,54,72,63,154.8373171196095,11.25675368504478,0.07270052138884006,,,
rgk6535,"RGK Fall 2018, 6.535 GeV, torus+1",1,5,3,4,1.5,2,1.793484383000512,0.3,0.38,0.3316088069636456,6.535,0.8226382181961577,0.3,0.4,0.35,72,90,81,126.6099457347428,13.45707475292993,0.1062876591158447,,,
rgk6535,"RGK Fall 2018, 6.535 GeV, torus+1",1,5,3,5,1.5,2,1.793484383000512,0.3,0.38,0.3316088069636456,6.535,0.8226382181961577,0.3,0.4,0.35,90,108,99,101.7435742003166,11.11966159890094,0.1092910455161338,,,
rgk6535,"RGK Fall 2018, 6.535 GeV, torus+1",1,5,3,6,1.5,2,1.793484383000512,0.3,0.38,0.3316088069636456,6.535,0.8226382181961577,0.3,0.4,0.35,108,126,117,128.6858314972753,19.04009349583761,0.1479579630041925,,,
rgk6535,"RGK Fall 2018, 6.535 GeV, torus+1",1,5,3,13,1.5,2,1.793484383000512,0.3,0.38,0.3316088069636456,6.535,0.8226382181961577,0.3,0.4,0.35,234,252,243,89.34993981757293,14.04673041379586,0.1572102951885057,,,
rgk6535,"RGK Fall 2018, 6.535 GeV, torus+1",1,5,3,14,1.5,2,1.793484383000512,0.3,0.38,0.3316088069636456,6.535,0.8226382181961577,0.3,0.4,0.35,252,270,261,98.32062801446685,11.33684761918389,0.1153048739427884,,,
rgk6535,"RGK Fall 2018, 6.535 GeV, torus+1",1,5,3,15,1.5,2,1.793484383000512,0.3,0.38,0.3316088069636456,6.535,0.8226382181961577,0.3,0.4,0.35,270,288,279,141.9849998687132,15.27719637592855,0.1075972559781291,,,
rgk6535,"RGK Fall 2018, 6.535 GeV, torus+1",1,5,3,16,1.5,2,1.793484383000512,0.3,0.38,0.3316088069636456,6.535,0.8226382181961577,0.3,0.4,0.35,288,306,297,134.2867890130423,11.80501376089899,0.0879089733819792,,,
rgk6535,"RGK Fall 2018, 6.535 GeV, torus+1",1,5,3,17,1.5,2,1.793484383000512,0.3,0.38,0.3316088069636456,6.535,0.8226382181961577,0.3,0.4,0.35,306,324,315,101.3663312800693,11.461379120048,0.1130688955130563,,,
rgk6535,"RGK Fall 2018, 6.535 GeV, torus+1",1,5,3,18,1.5,2,1.793484383000512,0.3,0.38,0.3316088069636456,6.535,0.8226382181961577,0.3,0.4,0.35,324,342,333,101.0985371492399,11.96322330273527,0.1183323086572002,,,
rgk6535,"RGK Fall 2018, 6.535 GeV, torus+1",1,5,3,19,1.5,2,1.793484383000512,0.3,0.38,0.3316088069636456,6.535,0.8226382181961577,0.3,0.4,0.35,342,360,351,65.8150721459691,8.879833027422283,0.1349209647256481,,,
rgk6535,"RGK Fall 2018, 6.535 GeV, torus+1",1,5,4,0,1.5,2,1.793484383000512,0.3,0.38,0.3316088069636456,6.535,0.8226382181961577,0.4,0.6,0.5,0,18,9,60.25474342760509,7.938444742222901,0.1317480465543893,,,
rgk6535,"RGK Fall 2018, 6.535 GeV, torus+1",1,5,4,1,1.5,2,1.793484383000512,0.3,0.38,0.3316088069636456,6.535,0.8226382181961577,0.4,0.6,0.5,18,36,27,70.99768688060982,6.923592227000435,0.09751856055033445,,,
rgk6535,"RGK Fall 2018, 6.535 GeV, torus+1",1,5,4,2,1.5,2,1.793484383000512,0.3,0.38,0.3316088069636456,6.535,0.8226382181961577,0.4,0.6,0.5,36,54,45,93.23184311946147,6.600850621055836,0.07080038750921096,,,
rgk6535,"RGK Fall 2018, 6.535 GeV, torus+1",1,5,4,3,1.5,2,1.793484383000512,0.3,0.38,0.3316088069636456,6.535,0.8226382181961577,0.4,0.6,0.5,54,72,63,120.2756588374293,7.694684224951033,0.0639754069886373,,,
rgk6535,"RGK Fall 2018, 6.535 GeV, torus+1",1,5,4,4,1.5,2,1.793484383000512,0.3,0.38,0.3316088069636456,6.535,0.8226382181961577,0.4,0.6,0.5,72,90,81,128.0636830850455,8.358275078636636,0.06526655236899608,,,
rgk6535,"RGK Fall 2018, 6.535 GeV, torus+1",1,5,4,5,1.5,2,1.793484383000512,0.3,0.38,0.3316088069636456,6.535,0.8226382181961577,0.4,0.6,0.5,90,108,99,100.3718076472333,5.898333352115138,0.05876484134713819,,,
rgk6535,"RGK Fall 2018, 6.535 GeV, torus+1",1,5,4,6,1.5,2,1.793484383000512,0.3,0.38,0.3316088069636456,6.535,0.8226382181961577,0.4,0.6,0.5,108,126,117,86.80183079272183,5.384096660930373,0.06202745508660192,,,
rgk6535,"RGK Fall 2018, 6.535 GeV, torus+1",1,5,4,7,1.5,2,1.793484383000512,0.3,0.38,0.3316088069636456,6.535,0.8226382181961577,0.4,0.6,0.5,126,144,135,80.26917549823524,6.247076187484226,0.07782658970530439,,,
rgk6535,"RGK Fall 2018, 6.535 GeV, torus+1",1,5,4,8,1.5,2,1.793484383000512,0.3,0.38,0.3316088069636456,6.535,0.8226382181961577,0.4,0.6,0.5,144,162,153,51.99299807547595,8.935979475577712,0.1718689017049131,,,
rgk6535,"RGK Fall 2018, 6.535 GeV, torus+1",1,5,4,11,1.5,2,1.793484383000512,0.3,0.38,0.3316088069636456,6.535,0.8226382181961577,0.4,0.6,0.5,198,216,207,80.25208425876953,15.88916529689907,0.1979906870164906,,,
rgk6535,"RGK Fall 2018, 6.535 GeV, torus+1",1,5,4,12,1.5,2,1.793484383000512,0.3,0.38,0.3316088069636456,6.535,0.8226382181961577,0.4,0.6,0.5,216,234,225,74.54679310502388,5.425966776843576,0.07278605223432351,,,
rgk6535,"RGK Fall 2018, 6.535 GeV, torus+1",1,5,4,13,1.5,2,1.793484383000512,0.3,0.38,0.3316088069636456,6.535,0.8226382181961577,0.4,0.6,0.5,234,252,243,100.1392454636036,5.375470918388319,0.05367996227155595,,,
rgk6535,"RGK Fall 2018, 6.535 GeV, torus+1",1,5,4,14,1.5,2,1.793484383000512,0.3,0.38,0.3316088069636456,6.535,0.8226382181961577,0.4,0.6,0.5,252,270,261,100.9565334680787,6.180314870200639,0.06121758204143154,,,
rgk6535,"RGK Fall 2018, 6.535 GeV, torus+1",1,5,4,15,1.5,2,1.793484383000512,0.3,0.38,0.3316088069636456,6.535,0.8226382181961577,0.4,0.6,0.5,270,288,279,131.7232050116122,8.786118434555842,0.06670137151446696,,,
rgk6535,"RGK Fall 2018, 6.535 GeV, torus+1",1,5,4,16,1.5,2,1.793484383000512,0.3,0.38,0.3316088069636456,6.535,0.8226382181961577,0.4,0.6,0.5,288,306,297,123.9628629892977,7.387238099906202,0.05959234823855253,,,
rgk6535,"RGK Fall 2018, 6.535 GeV, torus+1",1,5,4,17,1.5,2,1.793484383000512,0.3,0.38,0.3316088069636456,6.535,0.8226382181961577,0.4,0.6,0.5,306,324,315,105.8226945995377,6.711450795397828,0.06342165847123633,,,
rgk6535,"RGK Fall 2018, 6.535 GeV, torus+1",1,5,4,18,1.5,2,1.793484383000512,0.3,0.38,0.3316088069636456,6.535,0.8226382181961577,0.4,0.6,0.5,324,342,333,60.02311281842138,6.29324182658324,0.104846975291355,,,
rgk6535,"RGK Fall 2018, 6.535 GeV, torus+1",1,5,4,19,1.5,2,1.793484383000512,0.3,0.38,0.3316088069636456,6.535,0.8226382181961577,0.4,0.6,0.5,342,360,351,52.36846606998562,7.040987127474703,0.1344508948966554,,,
rgk6535,"RGK Fall 2018, 6.535 GeV, torus+1",1,5,5,0,1.5,2,1.793484383000512,0.3,0.38,0.3316088069636456,6.535,0.8226382181961577,0.6,1,0.8,0,18,9,38.3605953794728,7.956082843451044,0.2074024859298309,,,
rgk6535,"RGK Fall 2018, 6.535 GeV, torus+1",1,5,5,1,1.5,2,1.793484383000512,0.3,0.38,0.3316088069636456,6.535,0.8226382181961577,0.6,1,0.8,18,36,27,31.00621649568277,4.181967444481283,0.1348751288330703,,,
rgk6535,"RGK Fall 2018, 6.535 GeV, torus+1",1,5,5,2,1.5,2,1.793484383000512,0.3,0.38,0.3316088069636456,6.535,0.8226382181961577,0.6,1,0.8,36,54,45,48.57202815573051,3.90786276623055,0.08045500496090573,,,
rgk6535,"RGK Fall 2018, 6.535 GeV, torus+1",1,5,5,3,1.5,2,1.793484383000512,0.3,0.38,0.3316088069636456,6.535,0.8226382181961577,0.6,1,0.8,54,72,63,68.04544150838319,3.576707470667996,0.05256351331378085,,,
rgk6535,"RGK Fall 2018, 6.535 GeV, torus+1",1,5,5,4,1.5,2,1.793484383000512,0.3,0.38,0.3316088069636456,6.535,0.8226382181961577,0.6,1,0.8,72,90,81,83.50403895712221,4.449928035250746,0.05328997364469643,,,
rgk6535,"RGK Fall 2018, 6.535 GeV, torus+1",1,5,5,5,1.5,2,1.793484383000512,0.3,0.38,0.3316088069636456,6.535,0.8226382181961577,0.6,1,0.8,90,108,99,59.23454415864891,3.347196997662289,0.05650751677429023,,,
rgk6535,"RGK Fall 2018, 6.535 GeV, torus+1",1,5,5,6,1.5,2,1.793484383000512,0.3,0.38,0.3316088069636456,6.535,0.8226382181961577,0.6,1,0.8,108,126,117,67.37369120063623,3.054434639831302,0.04533571762804735,,,
rgk6535,"RGK Fall 2018, 6.535 GeV, torus+1",1,5,5,7,1.5,2,1.793484383000512,0.3,0.38,0.3316088069636456,6.535,0.8226382181961577,0.6,1,0.8,126,144,135,55.0124819071052,3.661176347790138,0.06655173918479898,,,
rgk6535,"RGK Fall 2018, 6.535 GeV, torus+1",1,5,5,8,1.5,2,1.793484383000512,0.3,0.38,0.3316088069636456,6.535,0.8226382181961577,0.6,1,0.8,144,162,153,35.03668698661228,3.587335814674245,0.1023879859429913,,,
rgk6535,"RGK Fall 2018, 6.535 GeV, torus+1",1,5,5,9,1.5,2,1.793484383000512,0.3,0.38,0.3316088069636456,6.535,0.8226382181961577,0.6,1,0.8,162,180,171,46.39070705356286,6.786900497594014,0.1462987078372795,,,
rgk6535,"RGK Fall 2018, 6.535 GeV, torus+1",1,5,5,10,1.5,2,1.793484383000512,0.3,0.38,0.3316088069636456,6.535,0.8226382181961577,0.6,1,0.8,180,198,189,38.28432320909101,5.866242960225453,0.1532283312986045,,,
rgk6535,"RGK Fall 2018, 6.535 GeV, torus+1",1,5,5,11,1.5,2,1.793484383000512,0.3,0.38,0.3316088069636456,6.535,0.8226382181961577,0.6,1,0.8,198,216,207,43.87050175081277,4.539914431484302,0.1034844428557326,,,
rgk6535,"RGK Fall 2018, 6.535 GeV, torus+1",1,5,5,12,1.5,2,1.793484383000512,0.3,0.38,0.3316088069636456,6.535,0.8226382181961577,0.6,1,0.8,216,234,225,47.29517358684878,3.102725769220131,0.06560343337196031,,,
rgk6535,"RGK Fall 2018, 6.535 GeV, torus+1",1,5,5,13,1.5,2,1.793484383000512,0.3,0.38,0.3316088069636456,6.535,0.8226382181961577,0.6,1,0.8,234,252,243,64.54430881468139,3.318356008669989,0.05141206203319337,,,
rgk6535,"RGK Fall 2018, 6.535 GeV, torus+1",1,5,5,14,1.5,2,1.793484383000512,0.3,0.38,0.3316088069636456,6.535,0.8226382181961577,0.6,1,0.8,252,270,261,68.52062569974176,3.331747448376983,0.04862400794436323,,,
rgk6535,"RGK Fall 2018, 6.535 GeV, torus+1",1,5,5,15,1.5,2,1.793484383000512,0.3,0.38,0.3316088069636456,6.535,0.8226382181961577,0.6,1,0.8,270,288,279,83.72543253694013,4.016452940154667,0.047971719207095,,,
rgk6535,"RGK Fall 2018, 6.535 GeV, torus+1",1,5,5,16,1.5,2,1.793484383000512,0.3,0.38,0.3316088069636456,6.535,0.8226382181961577,0.6,1,0.8,288,306,297,72.32396937315522,3.717071313341019,0.05139473601293652,,,
rgk6535,"RGK Fall 2018, 6.535 GeV, torus+1",1,5,5,17,1.5,2,1.793484383000512,0.3,0.38,0.3316088069636456,6.535,0.8226382181961577,0.6,1,0.8,306,324,315,55.63633547716884,3.24487250825032,0.05832290139924652,,,
rgk6535,"RGK Fall 2018, 6.535 GeV, torus+1",1,5,5,18,1.5,2,1.793484383000512,0.3,0.38,0.3316088069636456,6.535,0.8226382181961577,0.6,1,0.8,324,342,333,29.32391395276694,3.252730373989309,0.1109241549142654,,,
rgk6535,"RGK Fall 2018, 6.535 GeV, torus+1",1,5,5,19,1.5,2,1.793484383000512,0.3,0.38,0.3316088069636456,6.535,0.8226382181961577,0.6,1,0.8,342,360,351,20.52688919045243,4.877915635087238,0.2376354054347446,,,
rgk6535,"RGK Fall 2018, 6.535 GeV, torus+1",1,5,6,1,1.5,2,1.793484383000512,0.3,0.38,0.3316088069636456,6.535,0.8226382181961577,1,1.5,1.25,18,36,27,12.56587964167762,2.32802547144983,0.1852656191078259,,,
rgk6535,"RGK Fall 2018, 6.535 GeV, torus+1",1,5,6,2,1.5,2,1.793484383000512,0.3,0.38,0.3316088069636456,6.535,0.8226382181961577,1,1.5,1.25,36,54,45,19.7943998793658,1.876369541729179,0.09479294917574925,,,
rgk6535,"RGK Fall 2018, 6.535 GeV, torus+1",1,5,6,3,1.5,2,1.793484383000512,0.3,0.38,0.3316088069636456,6.535,0.8226382181961577,1,1.5,1.25,54,72,63,32.87447511543537,2.204397610797877,0.06705499032478418,,,
rgk6535,"RGK Fall 2018, 6.535 GeV, torus+1",1,5,6,4,1.5,2,1.793484383000512,0.3,0.38,0.3316088069636456,6.535,0.8226382181961577,1,1.5,1.25,72,90,81,33.27962061443579,2.559974716888918,0.07692319412374764,,,
rgk6535,"RGK Fall 2018, 6.535 GeV, torus+1",1,5,6,5,1.5,2,1.793484383000512,0.3,0.38,0.3316088069636456,6.535,0.8226382181961577,1,1.5,1.25,90,108,99,28.22499627265405,2.080451379897617,0.07370953603679568,,,
rgk6535,"RGK Fall 2018, 6.535 GeV, torus+1",1,5,6,6,1.5,2,1.793484383000512,0.3,0.38,0.3316088069636456,6.535,0.8226382181961577,1,1.5,1.25,108,126,117,33.66249930996283,3.198600505417704,0.09501969761559088,,,
rgk6535,"RGK Fall 2018, 6.535 GeV, torus+1",1,5,6,7,1.5,2,1.793484383000512,0.3,0.38,0.3316088069636456,6.535,0.8226382181961577,1,1.5,1.25,126,144,135,24.89644558503217,5.434561944257016,0.2182866596637511,,,
rgk6535,"RGK Fall 2018, 6.535 GeV, torus+1",1,5,6,8,1.5,2,1.793484383000512,0.3,0.38,0.3316088069636456,6.535,0.8226382181961577,1,1.5,1.25,144,162,153,27.1392690912198,14.12728918002964,0.5205478869952379,,,
rgk6535,"RGK Fall 2018, 6.535 GeV, torus+1",1,5,6,11,1.5,2,1.793484383000512,0.3,0.38,0.3316088069636456,6.535,0.8226382181961577,1,1.5,1.25,198,216,207,22.81398878230137,11.04462744803834,0.4841164582585638,,,
rgk6535,"RGK Fall 2018, 6.535 GeV, torus+1",1,5,6,12,1.5,2,1.793484383000512,0.3,0.38,0.3316088069636456,6.535,0.8226382181961577,1,1.5,1.25,216,234,225,28.63894225486412,5.012793895348902,0.1750341842495079,,,
rgk6535,"RGK Fall 2018, 6.535 GeV, torus+1",1,5,6,13,1.5,2,1.793484383000512,0.3,0.38,0.3316088069636456,6.535,0.8226382181961577,1,1.5,1.25,234,252,243,23.64096769275856,2.555728896599817,0.1081059341484849,,,
rgk6535,"RGK Fall 2018, 6.535 GeV, torus+1",1,5,6,14,1.5,2,1.793484383000512,0.3,0.38,0.3316088069636456,6.535,0.8226382181961577,1,1.5,1.25,252,270,261,28.09637791394436,1.880906458253285,0.06694480206716549,,,
rgk6535,"RGK Fall 2018, 6.535 GeV, torus+1",1,5,6,15,1.5,2,1.793484383000512,0.3,0.38,0.3316088069636456,6.535,0.8226382181961577,1,1.5,1.25,270,288,279,26.62372108487962,2.0111270437061,0.0755389164908386,,,
rgk6535,"RGK Fall 2018, 6.535 GeV, torus+1",1,5,6,16,1.5,2,1.793484383000512,0.3,0.38,0.3316088069636456,6.535,0.8226382181961577,1,1.5,1.25,288,306,297,25.18466795953355,2.075224159149132,0.08240029856592032,,,
rgk6535,"RGK Fall 2018, 6.535 GeV, torus+1",1,5,6,17,1.5,2,1.793484383000512,0.3,0.38,0.3316088069636456,6.535,0.8226382181961577,1,1.5,1.25,306,324,315,15.85030351369941,2.07771290096704,0.1310834773082593,,,
rgk6535,"RGK Fall 2018, 6.535 GeV, torus+1",1,5,6,18,1.5,2,1.793484383000512,0.3,0.38,0.3316088069636456,6.535,0.8226382181961577,1,1.5,1.25,324,342,333,12.50417909322221,2.211464833863313,0.1768580582040783,,,
rgk6535,"RGK Fall 2018, 6.535 GeV, torus+1",1,5,7,1,1.5,2,1.793484383000512,0.3,0.38,0.3316088069636456,6.535,0.8226382181961577,1.5,2,1.75,18,36,27,4.648042634514081,1.608172081263662,0.3459890985771443,,,
rgk6535,"RGK Fall 2018, 6.535 GeV, torus+1",1,5,7,2,1.5,2,1.793484383000512,0.3,0.38,0.3316088069636456,6.535,0.8226382181961577,1.5,2,1.75,36,54,45,8.699469888017349,1.474509628473966,0.1694941930318026,,,
rgk6535,"RGK Fall 2018, 6.535 GeV, torus+1",1,5,7,3,1.5,2,1.793484383000512,0.3,0.38,0.3316088069636456,6.535,0.8226382181961577,1.5,2,1.75,54,72,63,10.3790094874179,1.507755147364521,0.1452696569159436,,,
rgk6535,"RGK Fall 2018, 6.535 GeV, torus+1",1,5,7,4,1.5,2,1.793484383000512,0.3,0.38,0.3316088069636456,6.535,0.8226382181961577,1.5,2,1.75,72,90,81,7.431339432038242,1.282798367014557,0.1726200745836091,,,
rgk6535,"RGK Fall 2018, 6.535 GeV, torus+1",1,5,7,5,1.5,2,1.793484383000512,0.3,0.38,0.3316088069636456,6.535,0.8226382181961577,1.5,2,1.75,90,108,99,11.29607925145141,2.423419547326032,0.2145363442819908,,,
rgk6535,"RGK Fall 2018, 6.535 GeV, torus+1",1,5,7,6,1.5,2,1.793484383000512,0.3,0.38,0.3316088069636456,6.535,0.8226382181961577,1.5,2,1.75,108,126,117,5.820839202974687,3.331378827982957,0.5723193360642029,,,
rgk6535,"RGK Fall 2018, 6.535 GeV, torus+1",1,5,7,13,1.5,2,1.793484383000512,0.3,0.38,0.3316088069636456,6.535,0.8226382181961577,1.5,2,1.75,234,252,243,7.01067667135588,3.279705251617725,0.4678157908804861,,,
rgk6535,"RGK Fall 2018, 6.535 GeV, torus+1",1,5,7,14,1.5,2,1.793484383000512,0.3,0.38,0.3316088069636456,6.535,0.8226382181961577,1.5,2,1.75,252,270,261,7.947819076460546,1.663558266595516,0.209310032172544,,,
rgk6535,"RGK Fall 2018, 6.535 GeV, torus+1",1,5,7,15,1.5,2,1.793484383000512,0.3,0.38,0.3316088069636456,6.535,0.8226382181961577,1.5,2,1.75,270,288,279,12.42724097099875,1.597249330987333,0.128528072700514,,,
rgk6535,"RGK Fall 2018, 6.535 GeV, torus+1",1,5,7,16,1.5,2,1.793484383000512,0.3,0.38,0.3316088069636456,6.535,0.8226382181961577,1.5,2,1.75,288,306,297,10.33840571990078,1.684181678907585,0.1629053574155676,,,
rgk6535,"RGK Fall 2018, 6.535 GeV, torus+1",1,5,7,17,1.5,2,1.793484383000512,0.3,0.38,0.3316088069636456,6.535,0.8226382181961577,1.5,2,1.75,306,324,315,8.082821425397782,1.573026957091817,0.1946135976911556,,,
rgk6535,"RGK Fall 2018, 6.535 GeV, torus+1",1,5,7,18,1.5,2,1.793484383000512,0.3,0.38,0.3316088069636456,6.535,0.8226382181961577,1.5,2,1.75,324,342,333,7.002114018574161,1.805840132838954,0.2578992755685913,,,
rgk6535,"RGK Fall 2018, 6.535 GeV, torus+1",1,6,2,1,1.5,2,1.972916666666667,0.38,0.48,0.38375,6.535,0.8368450376208255,0.2,0.3,0.25,18,36,27,216.2043148065593,317.2134079784131,1.467192772087957,,,
rgk6535,"RGK Fall 2018, 6.535 GeV, torus+1",1,6,2,18,1.5,2,1.972916666666667,0.38,0.48,0.38375,6.535,0.8368450376208255,0.2,0.3,0.25,324,342,333,602.6885031988327,575.6039532836901,0.9550604503464253,,,
rgk6535,"RGK Fall 2018, 6.535 GeV, torus+1",1,6,2,19,1.5,2,1.972916666666667,0.38,0.48,0.38375,6.535,0.8368450376208255,0.2,0.3,0.25,342,360,351,299.4321815831204,376.3870334084005,1.257002608799141,,,
rgk6535,"RGK Fall 2018, 6.535 GeV, torus+1",1,6,3,0,1.5,2,1.972916666666667,0.38,0.48,0.38375,6.535,0.8368450376208255,0.3,0.4,0.35,0,18,9,415.3611016106644,244.1958685533977,0.5879122228982648,,,
rgk6535,"RGK Fall 2018, 6.535 GeV, torus+1",1,6,3,1,1.5,2,1.972916666666667,0.38,0.48,0.38375,6.535,0.8368450376208255,0.3,0.4,0.35,18,36,27,167.4897037357335,143.1752074258643,0.8548299043609698,,,
rgk6535,"RGK Fall 2018, 6.535 GeV, torus+1",1,6,3,2,1.5,2,1.972916666666667,0.38,0.48,0.38375,6.535,0.8368450376208255,0.3,0.4,0.35,36,54,45,73.01716641995309,82.31342535978524,1.127316073680063,,,
rgk6535,"RGK Fall 2018, 6.535 GeV, torus+1",1,6,3,3,1.5,2,1.972916666666667,0.38,0.48,0.38375,6.535,0.8368450376208255,0.3,0.4,0.35,54,72,63,407.5432289634513,206.7262608988238,0.5072498969609015,,,
rgk6535,"RGK Fall 2018, 6.535 GeV, torus+1",1,6,3,4,1.5,2,1.972916666666667,0.38,0.48,0.38375,6.535,0.8368450376208255,0.3,0.4,0.35,72,90,81,82.11434908500243,82.84785505153025,1.008932738001351,,,
rgk6535,"RGK Fall 2018, 6.535 GeV, torus+1",1,6,3,5,1.5,2,1.972916666666667,0.38,0.48,0.38375,6.535,0.8368450376208255,0.3,0.4,0.35,90,108,99,150.1865497751128,153.4133952392617,1.021485582224112,,,
rgk6535,"RGK Fall 2018, 6.535 GeV, torus+1",1,6,3,15,1.5,2,1.972916666666667,0.38,0.48,0.38375,6.535,0.8368450376208255,0.3,0.4,0.35,270,288,279,328.04220535335,219.2026034696861,0.6682146379109131,,,
rgk6535,"RGK Fall 2018, 6.535 GeV, torus+1",1,6,3,16,1.5,2,1.972916666666667,0.38,0.48,0.38375,6.535,0.8368450376208255,0.3,0.4,0.35,288,306,297,592.617331474813,566.3429767762057,0.9556638773401719,,,
rgk6535,"RGK Fall 2018, 6.535 GeV, torus+1",1,6,3,18,1.5,2,1.972916666666667,0.38,0.48,0.38375,6.535,0.8368450376208255,0.3,0.4,0.35,324,342,333,42.21889543490742,65.82380660151446,1.559107738927012,,,
rgk6535,"RGK Fall 2018, 6.535 GeV, torus+1",1,6,3,19,1.5,2,1.972916666666667,0.38,0.48,0.38375,6.535,0.8368450376208255,0.3,0.4,0.35,342,360,351,49.8893470658285,71.82558987718723,1.439697933557119,,,
rgk6535,"RGK Fall 2018, 6.535 GeV, torus+1",1,6,4,0,1.5,2,1.972916666666667,0.38,0.48,0.38375,6.535,0.8368450376208255,0.4,0.6,0.5,0,18,9,58.69089689567296,62.08666355372092,1.057858489777114,,,
rgk6535,"RGK Fall 2018, 6.535 GeV, torus+1",1,6,4,1,1.5,2,1.972916666666667,0.38,0.48,0.38375,6.535,0.8368450376208255,0.4,0.6,0.5,18,36,27,90.07597473843181,75.99307222522378,0.8436552859505231,,,
rgk6535,"RGK Fall 2018, 6.535 GeV, torus+1",1,6,4,2,1.5,2,1.972916666666667,0.38,0.48,0.38375,6.535,0.8368450376208255,0.4,0.6,0.5,36,54,45,62.45876469510878,62.04360827694429,0.9933531119260673,,,
rgk6535,"RGK Fall 2018, 6.535 GeV, torus+1",1,6,4,3,1.5,2,1.972916666666667,0.38,0.48,0.38375,6.535,0.8368450376208255,0.4,0.6,0.5,54,72,63,116.8824403858862,78.9627450090685,0.6755740618383206,,,
rgk6535,"RGK Fall 2018, 6.535 GeV, torus+1",1,6,4,4,1.5,2,1.972916666666667,0.38,0.48,0.38375,6.535,0.8368450376208255,0.4,0.6,0.5,72,90,81,45.79794262234839,46.23561782927649,1.009556656519206,,,
rgk6535,"RGK Fall 2018, 6.535 GeV, torus+1",1,6,4,5,1.5,2,1.972916666666667,0.38,0.48,0.38375,6.535,0.8368450376208255,0.4,0.6,0.5,90,108,99,98.35610283322144,53.8641949413533,0.5476446645378852,,,
rgk6535,"RGK Fall 2018, 6.535 GeV, torus+1",1,6,4,6,1.5,2,1.972916666666667,0.38,0.48,0.38375,6.535,0.8368450376208255,0.4,0.6,0.5,108,126,117,151.3038451657131,77.1816343005046,0.5101101972390236,,,
rgk6535,"RGK Fall 2018, 6.535 GeV, torus+1",1,6,4,12,1.5,2,1.972916666666667,0.38,0.48,0.38375,6.535,0.8368450376208255,0.4,0.6,0.5,216,234,225,404.8230528148835,400.083850483826,0.9882931510493188,,,
rgk6535,"RGK Fall 2018, 6.535 GeV, torus+1",1,6,4,13,1.5,2,1.972916666666667,0.38,0.48,0.38375,6.535,0.8368450376208255,0.4,0.6,0.5,234,252,243,67.1658228714265,64.54550367584579,0.9609873134347404,,,
rgk6535,"RGK Fall 2018, 6.535 GeV, torus+1",1,6,4,14,1.5,2,1.972916666666667,0.38,0.48,0.38375,6.535,0.8368450376208255,0.4,0.6,0.5,252,270,261,24.09970356292627,27.78870805271495,1.153072608555387,,,
rgk6535,"RGK Fall 2018, 6.535 GeV, torus+1",1,6,4,15,1.5,2,1.972916666666667,0.38,0.48,0.38375,6.535,0.8368450376208255,0.4,0.6,0.5,270,288,279,124.8552338127267,100.7106483840913,0.8066193567435839,,,
rgk6535,"RGK Fall 2018, 6.535 GeV, torus+1",1,6,4,16,1.5,2,1.972916666666667,0.38,0.48,0.38375,6.535,0.8368450376208255,0.4,0.6,0.5,288,306,297,155.9227168334721,109.1456127711687,0.6999981464390332,,,
rgk6535,"RGK Fall 2018, 6.535 GeV, torus+1",1,6,4,17,1.5,2,1.972916666666667,0.38,0.48,0.38375,6.535,0.8368450376208255,0.4,0.6,0.5,306,324,315,62.29433758066462,60.47311352736187,0.9707642119005686,,,
rgk6535,"RGK Fall 2018, 6.535 GeV, torus+1",1,6,4,18,1.5,2,1.972916666666667,0.38,0.48,0.38375,6.535,0.8368450376208255,0.4,0.6,0.5,324,342,333,102.8839908773992,85.95444391770985,0.8354501335405691,,,
rgk6535,"RGK Fall 2018, 6.535 GeV, torus+1",1,6,4,19,1.5,2,1.972916666666667,0.38,0.48,0.38375,6.535,0.8368450376208255,0.4,0.6,0.5,342,360,351,82.38792537067739,64.31191166876006,0.780598751326845,,,
rgk6535,"RGK Fall 2018, 6.535 GeV, torus+1",1,6,5,0,1.5,2,1.972916666666667,0.38,0.48,0.38375,6.535,0.8368450376208255,0.6,1,0.8,0,18,9,29.26981440342269,61.98452786748574,2.117694598713872,,,
rgk6535,"RGK Fall 2018, 6.535 GeV, torus+1",1,6,5,1,1.5,2,1.972916666666667,0.38,0.48,0.38375,6.535,0.8368450376208255,0.6,1,0.8,18,36,27,44.07185702977091,41.15825971778303,0.9338898447138334,,,
rgk6535,"RGK Fall 2018, 6.535 GeV, torus+1",1,6,5,3,1.5,2,1.972916666666667,0.38,0.48,0.38375,6.535,0.8368450376208255,0.6,1,0.8,54,72,63,113.0771043171006,61.48902900635738,0.5437796570552828,,,
rgk6535,"RGK Fall 2018, 6.535 GeV, torus+1",1,6,5,4,1.5,2,1.972916666666667,0.38,0.48,0.38375,6.535,0.8368450376208255,0.6,1,0.8,72,90,81,38.70094364850379,33.31823897001339,0.8609154152059416,,,
rgk6535,"RGK Fall 2018, 6.535 GeV, torus+1",1,6,5,5,1.5,2,1.972916666666667,0.38,0.48,0.38375,6.535,0.8368450376208255,0.6,1,0.8,90,108,99,66.68721417951711,35.79297246093581,0.5367291601742987,,,
rgk6535,"RGK Fall 2018, 6.535 GeV, torus+1",1,6,5,6,1.5,2,1.972916666666667,0.38,0.48,0.38375,6.535,0.8368450376208255,0.6,1,0.8,108,126,117,102.0288921158975,45.2451819499688,0.4434546040015167,,,
rgk6535,"RGK Fall 2018, 6.535 GeV, torus+1",1,6,5,7,1.5,2,1.972916666666667,0.38,0.48,0.38375,6.535,0.8368450376208255,0.6,1,0.8,126,144,135,51.2314738499801,53.44674906024893,1.043240512985353,,,
rgk6535,"RGK Fall 2018, 6.535 GeV, torus+1",1,6,5,12,1.5,2,1.972916666666667,0.38,0.48,0.38375,6.535,0.8368450376208255,0.6,1,0.8,216,234,225,71.11482685682083,94.97187024221253,1.335472143290517,,,
rgk6535,"RGK Fall 2018, 6.535 GeV, torus+1",1,6,5,13,1.5,2,1.972916666666667,0.38,0.48,0.38375,6.535,0.8368450376208255,0.6,1,0.8,234,252,243,7.798995169386782,8.735119162553449,1.120031359532214,,,
rgk6535,"RGK Fall 2018, 6.535 GeV, torus+1",1,6,5,14,1.5,2,1.972916666666667,0.38,0.48,0.38375,6.535,0.8368450376208255,0.6,1,0.8,252,270,261,137.5990866632222,47.50512023361878,0.3452429909646783,,,
rgk6535,"RGK Fall 2018, 6.535 GeV, torus+1",1,6,5,15,1.5,2,1.972916666666667,0.38,0.48,0.38375,6.535,0.8368450376208255,0.6,1,0.8,270,288,279,35.46344263698142,28.36596950900525,0.7998650835839921,,,
rgk6535,"RGK Fall 2018, 6.535 GeV, torus+1",1,6,5,16,1.5,2,1.972916666666667,0.38,0.48,0.38375,6.535,0.8368450376208255,0.6,1,0.8,288,306,297,18.33949791345792,18.40732916912278,1.003698643004566,,,
rgk6535,"RGK Fall 2018, 6.535 GeV, torus+1",1,6,5,17,1.5,2,1.972916666666667,0.38,0.48,0.38375,6.535,0.8368450376208255,0.6,1,0.8,306,324,315,83.72879938094783,42.0669756129962,0.5024194294438716,,,
rgk6535,"RGK Fall 2018, 6.535 GeV, torus+1",1,6,5,18,1.5,2,1.972916666666667,0.38,0.48,0.38375,6.535,0.8368450376208255,0.6,1,0.8,324,342,333,31.51909522969908,33.34369452103835,1.057888695028912,,,
rgk6535,"RGK Fall 2018, 6.535 GeV, torus+1",1,6,5,19,1.5,2,1.972916666666667,0.38,0.48,0.38375,6.535,0.8368450376208255,0.6,1,0.8,342,360,351,28.50579253017166,62.59069185826826,2.195718354156257,,,
rgk6535,"RGK Fall 2018, 6.535 GeV, torus+1",1,6,6,1,1.5,2,1.972916666666667,0.38,0.48,0.38375,6.535,0.8368450376208255,1,1.5,1.25,18,36,27,17.34857254583382,31.08326646072531,1.791690145030971,,,
rgk6535,"RGK Fall 2018, 6.535 GeV, torus+1",1,6,6,2,1.5,2,1.972916666666667,0.38,0.48,0.38375,6.535,0.8368450376208255,1,1.5,1.25,36,54,45,27.1437694618529,27.79253593085235,1.023901119183583,,,
rgk6535,"RGK Fall 2018, 6.535 GeV, torus+1",1,6,6,3,1.5,2,1.972916666666667,0.38,0.48,0.38375,6.535,0.8368450376208255,1,1.5,1.25,54,72,63,13.02028507840154,14.42930668879768,1.108217416278655,,,
rgk6535,"RGK Fall 2018, 6.535 GeV, torus+1",1,6,6,4,1.5,2,1.972916666666667,0.38,0.48,0.38375,6.535,0.8368450376208255,1,1.5,1.25,72,90,81,17.40762335392022,19.66173252384395,1.129489771469355,,,
rgk6535,"RGK Fall 2018, 6.535 GeV, torus+1",1,6,6,5,1.5,2,1.972916666666667,0.38,0.48,0.38375,6.535,0.8368450376208255,1,1.5,1.25,90,108,99,63.20717561381825,41.12513433641419,0.6506402783709178,,,
rgk6535,"RGK Fall 2018, 6.535 GeV, torus+1",1,6,6,14,1.5,2,1.972916666666667,0.38,0.48,0.38375,6.535,0.8368450376208255,1,1.5,1.25,252,270,261,14.91231280583956,16.88993099267043,1.132616463494278,,,
rgk6535,"RGK Fall 2018, 6.535 GeV, torus+1",1,6,6,15,1.5,2,1.972916666666667,0.38,0.48,0.38375,6.535,0.8368450376208255,1,1.5,1.25,270,288,279,14.00853624628624,17.1942042658216,1.227409057129713,,,
rgk6535,"RGK Fall 2018, 6.535 GeV, torus+1",1,6,6,16,1.5,2,1.972916666666667,0.38,0.48,0.38375,6.535,0.8368450376208255,1,1.5,1.25,288,306,297,5.943179055665,10.2797886420375,1.729678434008961,,,
rgk6535,"RGK Fall 2018, 6.535 GeV, torus+1",1,6,6,17,1.5,2,1.972916666666667,0.38,0.48,0.38375,6.535,0.8368450376208255,1,1.5,1.25,306,324,315,7.943106232188007,12.04725304692156,1.516692927774558,,,
rgk6535,"RGK Fall 2018, 6.535 GeV, torus+1",1,6,6,18,1.5,2,1.972916666666667,0.38,0.48,0.38375,6.535,0.8368450376208255,1,1.5,1.25,324,342,333,28.37240643555751,42.58530367502536,1.500940844469775,,,
rgk6535,"RGK Fall 2018, 6.535 GeV, torus+1",1,6,7,2,1.5,2,1.972916666666667,0.38,0.48,0.38375,6.535,0.8368450376208255,1.5,2,1.75,36,54,45,11.66599298784633,22.67268801523778,1.943485482878162,,,
rgk6535,"RGK Fall 2018, 6.535 GeV, torus+1",1,6,7,4,1.5,2,1.972916666666667,0.38,0.48,0.38375,6.535,0.8368450376208255,1.5,2,1.75,72,90,81,11.32796947100662,24.12875542000542,2.130015929312113,,,
rgk6535,"RGK Fall 2018, 6.535 GeV, torus+1",1,6,7,14,1.5,2,1.972916666666667,0.38,0.48,0.38375,6.535,0.8368450376208255,1.5,2,1.75,252,270,261,103.8086408054855,96.57637285214169,0.9303307711455782,,,
rgk6535,"RGK Fall 2018, 6.535 GeV, torus+1",1,6,7,17,1.5,2,1.972916666666667,0.38,0.48,0.38375,6.535,0.8368450376208255,1.5,2,1.75,306,324,315,28.28238259239748,53.371403215389,1.887090065379981,,,
rgk6535,"RGK Fall 2018, 6.535 GeV, torus+1",2,3,1,3,2,2.5,2.19358432036097,0.2,0.25,0.2310476593344614,6.535,0.3956032258366807,0.15,0.2,0.175,54,72,63,43.78510468302634,29.05594686664903,0.6636034577739131,,,
rgk6535,"RGK Fall 2018, 6.535 GeV, torus+1",2,3,1,4,2,2.5,2.19358432036097,0.2,0.25,0.2310476593344614,6.535,0.3956032258366807,0.15,0.2,0.175,72,90,81,42.02189388333748,35.5970328934653,0.8471068198946701,,,
rgk6535,"RGK Fall 2018, 6.535 GeV, torus+1",2,3,1,5,2,2.5,2.19358432036097,0.2,0.25,0.2310476593344614,6.535,0.3956032258366807,0.15,0.2,0.175,90,108,99,98.7454113821405,58.55717443822031,0.5930116004237054,,,
rgk6535,"RGK Fall 2018, 6.535 GeV, torus+1",2,3,1,15,2,2.5,2.19358432036097,0.2,0.25,0.2310476593344614,6.535,0.3956032258366807,0.15,0.2,0.175,270,288,279,51.83604241961358,38.66886271834412,0.7459840858474314,,,
rgk6535,"RGK Fall 2018, 6.535 GeV, torus+1",2,3,1,16,2,2.5,2.19358432036097,0.2,0.25,0.2310476593344614,6.535,0.3956032258366807,0.15,0.2,0.175,288,306,297,93.78109096650908,50.52646292069839,0.5387702616803882,,,
rgk6535,"RGK Fall 2018, 6.535 GeV, torus+1",2,3,2,3,2,2.5,2.19358432036097,0.2,0.25,0.2310476593344614,6.535,0.3956032258366807,0.2,0.3,0.25,54,72,63,39.5384009450718,22.12940300397305,0.5596939298257415,,,
rgk6535,"RGK Fall 2018, 6.535 GeV, torus+1",2,3,2,4,2,2.5,2.19358432036097,0.2,0.25,0.2310476593344614,6.535,0.3956032258366807,0.2,0.3,0.25,72,90,81,31.72788388123035,10.93074549036065,0.3445154278576733,,,
rgk6535,"RGK Fall 2018, 6.535 GeV, torus+1",2,3,2,5,2,2.5,2.19358432036097,0.2,0.25,0.2310476593344614,6.535,0.3956032258366807,0.2,0.3,0.25,90,108,99,34.67614574014716,11.95759381581711,0.3448363005918766,,,
rgk6535,"RGK Fall 2018, 6.535 GeV, torus+1",2,3,2,6,2,2.5,2.19358432036097,0.2,0.25,0.2310476593344614,6.535,0.3956032258366807,0.2,0.3,0.25,108,126,117,79.75101390791161,26.81347806575777,0.3362148862046977,,,
rgk6535,"RGK Fall 2018, 6.535 GeV, torus+1",2,3,2,13,2,2.5,2.19358432036097,0.2,0.25,0.2310476593344614,6.535,0.3956032258366807,0.2,0.3,0.25,234,252,243,83.6585222461201,24.79074471963904,0.2963325678489233,,,
rgk6535,"RGK Fall 2018, 6.535 GeV, torus+1",2,3,2,14,2,2.5,2.19358432036097,0.2,0.25,0.2310476593344614,6.535,0.3956032258366807,0.2,0.3,0.25,252,270,261,50.45460534338297,12.91815802475265,0.2560352605442952,,,
rgk6535,"RGK Fall 2018, 6.535 GeV, torus+1",2,3,2,15,2,2.5,2.19358432036097,0.2,0.25,0.2310476593344614,6.535,0.3956032258366807,0.2,0.3,0.25,270,288,279,40.84375088721901,16.83897323954544,0.4122778362360143,,,
rgk6535,"RGK Fall 2018, 6.535 GeV, torus+1",2,3,2,16,2,2.5,2.19358432036097,0.2,0.25,0.2310476593344614,6.535,0.3956032258366807,0.2,0.3,0.25,288,306,297,46.49623941041471,21.71050243813427,0.466930287555069,,,
rgk6535,"RGK Fall 2018, 6.535 GeV, torus+1",2,3,3,3,2,2.5,2.19358432036097,0.2,0.25,0.2310476593344614,6.535,0.3956032258366807,0.3,0.4,0.35,54,72,63,57.77381381033634,22.01578664294211,0.3810686051507172,,,
rgk6535,"RGK Fall 2018, 6.535 GeV, torus+1",2,3,3,4,2,2.5,2.19358432036097,0.2,0.25,0.2310476593344614,6.535,0.3956032258366807,0.3,0.4,0.35,72,90,81,27.44091043797674,10.33026938800769,0.3764550528072551,,,
rgk6535,"RGK Fall 2018, 6.535 GeV, torus+1",2,3,3,5,2,2.5,2.19358432036097,0.2,0.25,0.2310476593344614,6.535,0.3956032258366807,0.3,0.4,0.35,90,108,99,35.92537884285038,9.105820872304143,0.253464853137278,,,
rgk6535,"RGK Fall 2018, 6.535 GeV, torus+1",2,3,3,6,2,2.5,2.19358432036097,0.2,0.25,0.2310476593344614,6.535,0.3956032258366807,0.3,0.4,0.35,108,126,117,12.51837089726163,6.341138220743225,0.5065466004151016,,,
rgk6535,"RGK Fall 2018, 6.535 GeV, torus+1",2,3,3,7,2,2.5,2.19358432036097,0.2,0.25,0.2310476593344614,6.535,0.3956032258366807,0.3,0.4,0.35,126,144,135,19.18064240543378,8.815466803218142,0.4596022707102221,,,
rgk6535,"RGK Fall 2018, 6.535 GeV, torus+1",2,3,3,8,2,2.5,2.19358432036097,0.2,0.25,0.2310476593344614,6.535,0.3956032258366807,0.3,0.4,0.35,144,162,153,21.73650483072591,7.954773300086344,0.3659637720983447,,,
rgk6535,"RGK Fall 2018, 6.535 GeV, torus+1",2,3,3,9,2,2.5,2.19358432036097,0.2,0.25,0.2310476593344614,6.535,0.3956032258366807,0.3,0.4,0.35,162,180,171,18.21449021549397,7.306390896722463,0.4011306827850365,,,
rgk6535,"RGK Fall 2018, 6.535 GeV, torus+1",2,3,3,10,2,2.5,2.19358432036097,0.2,0.25,0.2310476593344614,6.535,0.3956032258366807,0.3,0.4,0.35,180,198,189,19.20046549937727,8.048538945337468,0.4191845737072628,,,
rgk6535,"RGK Fall 2018, 6.535 GeV, torus+1",2,3,3,11,2,2.5,2.19358432036097,0.2,0.25,0.2310476593344614,6.535,0.3956032258366807,0.3,0.4,0.35,198,216,207,5.215566653032518,4.811872927619479,0.9225982999990391,,,
rgk6535,"RGK Fall 2018, 6.535 GeV, torus+1",2,3,3,12,2,2.5,2.19358432036097,0.2,0.25,0.2310476593344614,6.535,0.3956032258366807,0.3,0.4,0.35,216,234,225,37.16296212553982,12.60988390926907,0.339313208314013,,,
rgk6535,"RGK Fall 2018, 6.535 GeV, torus+1",2,3,3,13,2,2.5,2.19358432036097,0.2,0.25,0.2310476593344614,6.535,0.3956032258366807,0.3,0.4,0.35,234,252,243,41.68622972235151,10.58862872376628,0.254007829306972,,,
rgk6535,"RGK Fall 2018, 6.535 GeV, torus+1",2,3,3,14,2,2.5,2.19358432036097,0.2,0.25,0.2310476593344614,6.535,0.3956032258366807,0.3,0.4,0.35,252,270,261,16.037799931922,5.6514341273379,0.352382131671886,,,
rgk6535,"RGK Fall 2018, 6.535 GeV, torus+1",2,3,3,15,2,2.5,2.19358432036097,0.2,0.25,0.2310476593344614,6.535,0.3956032258366807,0.3,0.4,0.35,270,288,279,16.89838158133371,8.87923516771839,0.5254488499375922,,,
rgk6535,"RGK Fall 2018, 6.535 GeV, torus+1",2,3,3,16,2,2.5,2.19358432036097,0.2,0.25,0.2310476593344614,6.535,0.3956032258366807,0.3,0.4,0.35,288,306,297,60.7345621762763,21.60154692473554,0.355671402751519,,,
rgk6535,"RGK Fall 2018, 6.535 GeV, torus+1",2,3,4,3,2,2.5,2.19358432036097,0.2,0.25,0.2310476593344614,6.535,0.3956032258366807,0.4,0.6,0.5,54,72,63,22.54811972495482,8.317517362129639,0.3688785346001308,,,
rgk6535,"RGK Fall 2018, 6.535 GeV, torus+1",2,3,4,4,2,2.5,2.19358432036097,0.2,0.25,0.2310476593344614,6.535,0.3956032258366807,0.4,0.6,0.5,72,90,81,22.7895333992125,6.084668847246785,0.26699400732167,,,
rgk6535,"RGK Fall 2018, 6.535 GeV, torus+1",2,3,4,5,2,2.5,2.19358432036097,0.2,0.25,0.2310476593344614,6.535,0.3956032258366807,0.4,0.6,0.5,90,108,99,27.28995379908032,5.808438987891643,0.2128416570674953,,,
rgk6535,"RGK Fall 2018, 6.535 GeV, torus+1",2,3,4,6,2,2.5,2.19358432036097,0.2,0.25,0.2310476593344614,6.535,0.3956032258366807,0.4,0.6,0.5,108,126,117,24.13924327769142,5.500208506491526,0.2278533938789462,,,
rgk6535,"RGK Fall 2018, 6.535 GeV, torus+1",2,3,4,7,2,2.5,2.19358432036097,0.2,0.25,0.2310476593344614,6.535,0.3956032258366807,0.4,0.6,0.5,126,144,135,16.21344590435211,4.571289961647972,0.2819443805231385,,,
rgk6535,"RGK Fall 2018, 6.535 GeV, torus+1",2,3,4,8,2,2.5,2.19358432036097,0.2,0.25,0.2310476593344614,6.535,0.3956032258366807,0.4,0.6,0.5,144,162,153,8.670991732780307,2.772367736035597,0.3197290254071841,,,
rgk6535,"RGK Fall 2018, 6.535 GeV, torus+1",2,3,4,9,2,2.5,2.19358432036097,0.2,0.25,0.2310476593344614,6.535,0.3956032258366807,0.4,0.6,0.5,162,180,171,2.792698407656208,1.376689152369199,0.4929601952702779,,,
rgk6535,"RGK Fall 2018, 6.535 GeV, torus+1",2,3,4,10,2,2.5,2.19358432036097,0.2,0.25,0.2310476593344614,6.535,0.3956032258366807,0.4,0.6,0.5,180,198,189,10.91501482785918,3.019683503521898,0.2766540908230873,,,
rgk6535,"RGK Fall 2018, 6.535 GeV, torus+1",2,3,4,11,2,2.5,2.19358432036097,0.2,0.25,0.2310476593344614,6.535,0.3956032258366807,0.4,0.6,0.5,198,216,207,13.18852817648223,3.97470509375735,0.301375941315805,,,
rgk6535,"RGK Fall 2018, 6.535 GeV, torus+1",2,3,4,12,2,2.5,2.19358432036097,0.2,0.25,0.2310476593344614,6.535,0.3956032258366807,0.4,0.6,0.5,216,234,225,8.039523228098595,3.601317098958103,0.4479515758311753,,,
rgk6535,"RGK Fall 2018, 6.535 GeV, torus+1",2,3,4,13,2,2.5,2.19358432036097,0.2,0.25,0.2310476593344614,6.535,0.3956032258366807,0.4,0.6,0.5,234,252,243,16.46315840331718,4.203206231700938,0.2553098335525965,,,
rgk6535,"RGK Fall 2018, 6.535 GeV, torus+1",2,3,4,14,2,2.5,2.19358432036097,0.2,0.25,0.2310476593344614,6.535,0.3956032258366807,0.4,0.6,0.5,252,270,261,21.37655910758415,4.338672306213183,0.2029640170046765,,,
rgk6535,"RGK Fall 2018, 6.535 GeV, torus+1",2,3,4,15,2,2.5,2.19358432036097,0.2,0.25,0.2310476593344614,6.535,0.3956032258366807,0.4,0.6,0.5,270,288,279,15.06833748200581,4.33468537732565,0.2876684559595251,,,
rgk6535,"RGK Fall 2018, 6.535 GeV, torus+1",2,3,4,16,2,2.5,2.19358432036097,0.2,0.25,0.2310476593344614,6.535,0.3956032258366807,0.4,0.6,0.5,288,306,297,19.05311830384631,6.807002619545887,0.3572644913547688,,,
rgk6535,"RGK Fall 2018, 6.535 GeV, torus+1",2,3,5,2,2,2.5,2.19358432036097,0.2,0.25,0.2310476593344614,6.535,0.3956032258366807,0.6,1,0.8,36,54,45,11.47861801335207,6.572249455683385,0.5725645237116931,,,
rgk6535,"RGK Fall 2018, 6.535 GeV, torus+1",2,3,5,3,2,2.5,2.19358432036097,0.2,0.25,0.2310476593344614,6.535,0.3956032258366807,0.6,1,0.8,54,72,63,10.30092758120073,3.393070272966381,0.3293946342423337,,,
rgk6535,"RGK Fall 2018, 6.535 GeV, torus+1",2,3,5,4,2,2.5,2.19358432036097,0.2,0.25,0.2310476593344614,6.535,0.3956032258366807,0.6,1,0.8,72,90,81,10.32382109238974,2.635807941760158,0.2553132137966977,,,
rgk6535,"RGK Fall 2018, 6.535 GeV, torus+1",2,3,5,5,2,2.5,2.19358432036097,0.2,0.25,0.2310476593344614,6.535,0.3956032258366807,0.6,1,0.8,90,108,99,13.07451051685982,2.608369818101246,0.1995003801280135,,,
rgk6535,"RGK Fall 2018, 6.535 GeV, torus+1",2,3,5,6,2,2.5,2.19358432036097,0.2,0.25,0.2310476593344614,6.535,0.3956032258366807,0.6,1,0.8,108,126,117,11.34230647368681,3.118536221474155,0.2749472718541767,,,
rgk6535,"RGK Fall 2018, 6.535 GeV, torus+1",2,3,5,7,2,2.5,2.19358432036097,0.2,0.25,0.2310476593344614,6.535,0.3956032258366807,0.6,1,0.8,126,144,135,7.091994386286249,2.004992558746994,0.2827120904979898,,,
rgk6535,"RGK Fall 2018, 6.535 GeV, torus+1",2,3,5,8,2,2.5,2.19358432036097,0.2,0.25,0.2310476593344614,6.535,0.3956032258366807,0.6,1,0.8,144,162,153,6.969429003379071,1.759194073468262,0.2524158109100947,,,
rgk6535,"RGK Fall 2018, 6.535 GeV, torus+1",2,3,5,9,2,2.5,2.19358432036097,0.2,0.25,0.2310476593344614,6.535,0.3956032258366807,0.6,1,0.8,162,180,171,4.155541269561848,1.300110215930763,0.3128618227073567,,,
rgk6535,"RGK Fall 2018, 6.535 GeV, torus+1",2,3,5,10,2,2.5,2.19358432036097,0.2,0.25,0.2310476593344614,6.535,0.3956032258366807,0.6,1,0.8,180,198,189,6.734048167016904,1.535723739635954,0.2280535721674618,,,
rgk6535,"RGK Fall 2018, 6.535 GeV, torus+1",2,3,5,11,2,2.5,2.19358432036097,0.2,0.25,0.2310476593344614,6.535,0.3956032258366807,0.6,1,0.8,198,216,207,8.525528956668479,1.962362908144056,0.2301749156114401,,,
rgk6535,"RGK Fall 2018, 6.535 GeV, torus+1",2,3,5,12,2,2.5,2.19358432036097,0.2,0.25,0.2310476593344614,6.535,0.3956032258366807,0.6,1,0.8,216,234,225,3.571596335510358,1.36720526761682,0.3827994933311675,,,
rgk6535,"RGK Fall 2018, 6.535 GeV, torus+1",2,3,5,13,2,2.5,2.19358432036097,0.2,0.25,0.2310476593344614,6.535,0.3956032258366807,0.6,1,0.8,234,252,243,12.817434587412,2.775505621880904,0.216541430576656,,,
rgk6535,"RGK Fall 2018, 6.535 GeV, torus+1",2,3,5,14,2,2.5,2.19358432036097,0.2,0.25,0.2310476593344614,6.535,0.3956032258366807,0.6,1,0.8,252,270,261,16.14506931673672,2.711377365226477,0.167938415873863,,,
rgk6535,"RGK Fall 2018, 6.535 GeV, torus+1",2,3,5,15,2,2.5,2.19358432036097,0.2,0.25,0.2310476593344614,6.535,0.3956032258366807,0.6,1,0.8,270,288,279,7.438475094910135,1.767056910099275,0.2375563388399868,,,
rgk6535,"RGK Fall 2018, 6.535 GeV, torus+1",2,3,5,16,2,2.5,2.19358432036097,0.2,0.25,0.2310476593344614,6.535,0.3956032258366807,0.6,1,0.8,288,306,297,14.86113558579991,3.890078649457265,0.2617618705514205,,,
rgk6535,"RGK Fall 2018, 6.535 GeV, torus+1",2,3,6,2,2,2.5,2.19358432036097,0.2,0.25,0.2310476593344614,6.535,0.3956032258366807,1,1.5,1.25,36,54,45,10.47248034995907,4.03191056159143,0.3850005372993791,,,
rgk6535,"RGK Fall 2018, 6.535 GeV, torus+1",2,3,6,3,2,2.5,2.19358432036097,0.2,0.25,0.2310476593344614,6.535,0.3956032258366807,1,1.5,1.25,54,72,63,10.09415326834331,2.594041508709753,0.2569845572728752,,,
rgk6535,"RGK Fall 2018, 6.535 GeV, torus+1",2,3,6,4,2,2.5,2.19358432036097,0.2,0.25,0.2310476593344614,6.535,0.3956032258366807,1,1.5,1.25,72,90,81,10.03671938523753,2.722932525168506,0.2712970663674746,,,
rgk6535,"RGK Fall 2018, 6.535 GeV, torus+1",2,3,6,5,2,2.5,2.19358432036097,0.2,0.25,0.2310476593344614,6.535,0.3956032258366807,1,1.5,1.25,90,108,99,4.699429460212354,1.919019190622001,0.4083515258329435,,,
rgk6535,"RGK Fall 2018, 6.535 GeV, torus+1",2,3,6,6,2,2.5,2.19358432036097,0.2,0.25,0.2310476593344614,6.535,0.3956032258366807,1,1.5,1.25,108,126,117,4.145382859060254,1.579706130177619,0.3810760510877718,,,
rgk6535,"RGK Fall 2018, 6.535 GeV, torus+1",2,3,6,7,2,2.5,2.19358432036097,0.2,0.25,0.2310476593344614,6.535,0.3956032258366807,1,1.5,1.25,126,144,135,3.552064740043468,0.9138653528193056,0.25727722316461,,,
rgk6535,"RGK Fall 2018, 6.535 GeV, torus+1",2,3,6,8,2,2.5,2.19358432036097,0.2,0.25,0.2310476593344614,6.535,0.3956032258366807,1,1.5,1.25,144,162,153,5.728739505200389,1.308303495890296,0.2283754558402691,,,
rgk6535,"RGK Fall 2018, 6.535 GeV, torus+1",2,3,6,9,2,2.5,2.19358432036097,0.2,0.25,0.2310476593344614,6.535,0.3956032258366807,1,1.5,1.25,162,180,171,4.077781096837197,1.148531613122947,0.2816560246487408,,,
rgk6535,"RGK Fall 2018, 6.535 GeV, torus+1",2,3,6,10,2,2.5,2.19358432036097,0.2,0.25,0.2310476593344614,6.535,0.3956032258366807,1,1.5,1.25,180,198,189,2.291691652911965,0.6861601004658476,0.2994120520507068,,,
rgk6535,"RGK Fall 2018, 6.535 GeV, torus+1",2,3,6,11,2,2.5,2.19358432036097,0.2,0.25,0.2310476593344614,6.535,0.3956032258366807,1,1.5,1.25,198,216,207,3.357226673955476,0.9922918419191393,0.2955689139542144,,,
rgk6535,"RGK Fall 2018, 6.535 GeV, torus+1",2,3,6,12,2,2.5,2.19358432036097,0.2,0.25,0.2310476593344614,6.535,0.3956032258366807,1,1.5,1.25,216,234,225,4.978787877735551,1.059058221359972,0.2127140676339986,,,
rgk6535,"RGK Fall 2018, 6.535 GeV, torus+1",2,3,6,13,2,2.5,2.19358432036097,0.2,0.25,0.2310476593344614,6.535,0.3956032258366807,1,1.5,1.25,234,252,243,4.929391206200793,1.23128438307031,0.2497842698143838,,,
rgk6535,"RGK Fall 2018, 6.535 GeV, torus+1",2,3,6,14,2,2.5,2.19358432036097,0.2,0.25,0.2310476593344614,6.535,0.3956032258366807,1,1.5,1.25,252,270,261,5.479280846243354,1.494827422414015,0.2728145288334476,,,
rgk6535,"RGK Fall 2018, 6.535 GeV, torus+1",2,3,6,15,2,2.5,2.19358432036097,0.2,0.25,0.2310476593344614,6.535,0.3956032258366807,1,1.5,1.25,270,288,279,7.58210570482415,2.033748897991992,0.2682300903162045,,,
rgk6535,"RGK Fall 2018, 6.535 GeV, torus+1",2,3,6,16,2,2.5,2.19358432036097,0.2,0.25,0.2310476593344614,6.535,0.3956032258366807,1,1.5,1.25,288,306,297,3.040273149905141,1.306511464700467,0.4297348956100313,,,
rgk6535,"RGK Fall 2018, 6.535 GeV, torus+1",2,3,6,17,2,2.5,2.19358432036097,0.2,0.25,0.2310476593344614,6.535,0.3956032258366807,1,1.5,1.25,306,324,315,3.869093554473037,2.16512132296863,0.5595939442884614,,,
rgk6535,"RGK Fall 2018, 6.535 GeV, torus+1",2,3,7,2,2,2.5,2.19358432036097,0.2,0.25,0.2310476593344614,6.535,0.3956032258366807,1.5,2,1.75,36,54,45,0.741397913221904,1.070999423617415,1.444567626260447,,,
rgk6535,"RGK Fall 2018, 6.535 GeV, torus+1",2,3,7,3,2,2.5,2.19358432036097,0.2,0.25,0.2310476593344614,6.535,0.3956032258366807,1.5,2,1.75,54,72,63,0.21261069847363,0.3060403817346838,1.43944017837203,,,
rgk6535,"RGK Fall 2018, 6.535 GeV, torus+1",2,3,7,4,2,2.5,2.19358432036097,0.2,0.25,0.2310476593344614,6.535,0.3956032258366807,1.5,2,1.75,72,90,81,6.180326834133771,2.321649388355591,0.3756515554376812,,,
rgk6535,"RGK Fall 2018, 6.535 GeV, torus+1",2,3,7,5,2,2.5,2.19358432036097,0.2,0.25,0.2310476593344614,6.535,0.3956032258366807,1.5,2,1.75,90,108,99,1.460295161209316,0.8911618342314632,0.6102614443325718,,,
rgk6535,"RGK Fall 2018, 6.535 GeV, torus+1",2,3,7,6,2,2.5,2.19358432036097,0.2,0.25,0.2310476593344614,6.535,0.3956032258366807,1.5,2,1.75,108,126,117,2.383709495848169,0.8294701090274917,0.3479744954123911,,,
rgk6535,"RGK Fall 2018, 6.535 GeV, torus+1",2,3,7,7,2,2.5,2.19358432036097,0.2,0.25,0.2310476593344614,6.535,0.3956032258366807,1.5,2,1.75,126,144,135,3.289793351949775,1.007986182468866,0.3063980240191861,,,
rgk6535,"RGK Fall 2018, 6.535 GeV, torus+1",2,3,7,8,2,2.5,2.19358432036097,0.2,0.25,0.2310476593344614,6.535,0.3956032258366807,1.5,2,1.75,144,162,153,1.704757488720652,0.8013993713763741,0.4700958210647251,,,
rgk6535,"RGK Fall 2018, 6.535 GeV, torus+1",2,3,7,9,2,2.5,2.19358432036097,0.2,0.25,0.2310476593344614,6.535,0.3956032258366807,1.5,2,1.75,162,180,171,4.046252860556926,1.077741104073442,0.266355351782217,,,
rgk6535,"RGK Fall 2018, 6.535 GeV, torus+1",2,3,7,10,2,2.5,2.19358432036097,0.2,0.25,0.2310476593344614,6.535,0.3956032258366807,1.5,2,1.75,180,198,189,1.014829839859579,0.4759065177058385,0.4689520341377519,,,
rgk6535,"RGK Fall 2018, 6.535 GeV, torus+1",2,3,7,11,2,2.5,2.19358432036097,0.2,0.25,0.2310476593344614,6.535,0.3956032258366807,1.5,2,1.75,198,216,207,1.808507755336793,0.7192949266390237,0.3977284169871153,,,
rgk6535,"RGK Fall 2018, 6.535 GeV, torus+1",2,3,7,12,2,2.5,2.19358432036097,0.2,0.25,0.2310476593344614,6.535,0.3956032258366807,1.5,2,1.75,216,234,225,1.858626267510727,0.7961549822079963,0.4283566826343702,,,
rgk6535,"RGK Fall 2018, 6.535 GeV, torus+1",2,3,7,13,2,2.5,2.19358432036097,0.2,0.25,0.2310476593344614,6.535,0.3956032258366807,1.5,2,1.75,234,252,243,2.202510821570904,0.6699109892748072,0.3041578650664719,,,
rgk6535,"RGK Fall 2018, 6.535 GeV, torus+1",2,3,7,14,2,2.5,2.19358432036097,0.2,0.25,0.2310476593344614,6.535,0.3956032258366807,1.5,2,1.75,252,270,261,3.504551629341308,1.097351913412001,0.3131219138632726,,,
rgk6535,"RGK Fall 2018, 6.535 GeV, torus+1",2,3,7,15,2,2.5,2.19358432036097,0.2,0.25,0.2310476593344614,6.535,0.3956032258366807,1.5,2,1.75,270,288,279,3.669487978125728,1.846761404090951,0.5032749569148951,,,
rgk6535,"RGK Fall 2018, 6.535 GeV, torus+1",2,3,7,16,2,2.5,2.19358432036097,0.2,0.25,0.2310476593344614,6.535,0.3956032258366807,1.5,2,1.75,288,306,297,2.794037933856004,1.408816328108043,0.5042223339336556,,,
rgk6535,"RGK Fall 2018, 6.535 GeV, torus+1",2,3,7,17,2,2.5,2.19358432036097,0.2,0.25,0.2310476593344614,6.535,0.3956032258366807,1.5,2,1.75,306,324,315,1.247655575012553,0.9639362359899639,0.7725980272883126,,,
rgk6535,"RGK Fall 2018, 6.535 GeV, torus+1",2,4,1,0,2,2.5,2.25,0.25,0.3,0.275,6.535,0.5622060356502527,0.15,0.2,0.175,0,18,9,37.22256009941698,25.40750906477602,0.6825835997555143,,,
rgk6535,"RGK Fall 2018, 6.535 GeV, torus+1",2,4,1,1,2,2.5,2.25,0.25,0.3,0.275,6.535,0.5622060356502527,0.15,0.2,0.175,18,36,27,21.38438999545268,14.68208393509387,0.6865795067437492,,,
rgk6535,"RGK Fall 2018, 6.535 GeV, torus+1",2,4,1,2,2,2.5,2.25,0.25,0.3,0.275,6.535,0.5622060356502527,0.15,0.2,0.175,36,54,45,74.07297699356563,31.22465117338383,0.4215390340811624,,,
rgk6535,"RGK Fall 2018, 6.535 GeV, torus+1",2,4,1,3,2,2.5,2.25,0.25,0.3,0.275,6.535,0.5622060356502527,0.15,0.2,0.175,54,72,63,65.33012193049638,45.69052886636136,0.6993792069601639,,,
rgk6535,"RGK Fall 2018, 6.535 GeV, torus+1",2,4,1,17,2,2.5,2.25,0.25,0.3,0.275,6.535,0.5622060356502527,0.15,0.2,0.175,306,324,315,14.4618437113923,16.8625106228404,1.166000059145777,,,
rgk6535,"RGK Fall 2018, 6.535 GeV, torus+1",2,4,1,18,2,2.5,2.25,0.25,0.3,0.275,6.535,0.5622060356502527,0.15,0.2,0.175,324,342,333,29.16778007267502,24.6182989079455,0.8440237428630517,,,
rgk6535,"RGK Fall 2018, 6.535 GeV, torus+1",2,4,1,19,2,2.5,2.25,0.25,0.3,0.275,6.535,0.5622060356502527,0.15,0.2,0.175,342,360,351,16.90272157758887,13.60822117306092,0.8050905358994918,,,
rgk6535,"RGK Fall 2018, 6.535 GeV, torus+1",2,4,2,0,2,2.5,2.25,0.25,0.3,0.275,6.535,0.5622060356502527,0.2,0.3,0.25,0,18,9,57.55926378276948,26.09443743284842,0.4533490478844495,,,
rgk6535,"RGK Fall 2018, 6.535 GeV, torus+1",2,4,2,1,2,2.5,2.25,0.25,0.3,0.275,6.535,0.5622060356502527,0.2,0.3,0.25,18,36,27,22.01520285938468,9.168980805330758,0.4164840480414737,,,
rgk6535,"RGK Fall 2018, 6.535 GeV, torus+1",2,4,2,2,2,2.5,2.25,0.25,0.3,0.275,6.535,0.5622060356502527,0.2,0.3,0.25,36,54,45,35.64179510709715,9.366904790470333,0.2628067627436968,,,
rgk6535,"RGK Fall 2018, 6.535 GeV, torus+1",2,4,2,3,2,2.5,2.25,0.25,0.3,0.275,6.535,0.5622060356502527,0.2,0.3,0.25,54,72,63,68.45345378019228,12.86184603431909,0.1878918494838722,,,
rgk6535,"RGK Fall 2018, 6.535 GeV, torus+1",2,4,2,4,2,2.5,2.25,0.25,0.3,0.275,6.535,0.5622060356502527,0.2,0.3,0.25,72,90,81,84.02294832013905,14.83152710965071,0.1765175753312123,,,
rgk6535,"RGK Fall 2018, 6.535 GeV, torus+1",2,4,2,5,2,2.5,2.25,0.25,0.3,0.275,6.535,0.5622060356502527,0.2,0.3,0.25,90,108,99,110.8959737174975,30.07493744584394,0.271199543478995,,,
rgk6535,"RGK Fall 2018, 6.535 GeV, torus+1",2,4,2,14,2,2.5,2.25,0.25,0.3,0.275,6.535,0.5622060356502527,0.2,0.3,0.25,252,270,261,56.61008557506245,28.72016405349461,0.5073329913167672,,,
rgk6535,"RGK Fall 2018, 6.535 GeV, torus+1",2,4,2,15,2,2.5,2.25,0.25,0.3,0.275,6.535,0.5622060356502527,0.2,0.3,0.25,270,288,279,64.78076300244523,17.17630622955365,0.2651451670753756,,,
rgk6535,"RGK Fall 2018, 6.535 GeV, torus+1",2,4,2,16,2,2.5,2.25,0.25,0.3,0.275,6.535,0.5622060356502527,0.2,0.3,0.25,288,306,297,42.260231777447,10.21848028405733,0.241798964517526,,,
rgk6535,"RGK Fall 2018, 6.535 GeV, torus+1",2,4,2,17,2,2.5,2.25,0.25,0.3,0.275,6.535,0.5622060356502527,0.2,0.3,0.25,306,324,315,20.74216151289113,8.14847500940574,0.3928459916938507,,,
rgk6535,"RGK Fall 2018, 6.535 GeV, torus+1",2,4,2,18,2,2.5,2.25,0.25,0.3,0.275,6.535,0.5622060356502527,0.2,0.3,0.25,324,342,333,22.49630171889722,14.86258837595537,0.6606680760985073,,,
rgk6535,"RGK Fall 2018, 6.535 GeV, torus+1",2,4,2,19,2,2.5,2.25,0.25,0.3,0.275,6.535,0.5622060356502527,0.2,0.3,0.25,342,360,351,17.38784287260673,12.96005354568753,0.7453514297685048,,,
rgk6535,"RGK Fall 2018, 6.535 GeV, torus+1",2,4,3,1,2,2.5,2.25,0.25,0.3,0.275,6.535,0.5622060356502527,0.3,0.4,0.35,18,36,27,40.3565746746688,17.24442979050477,0.4273016213471861,,,
rgk6535,"RGK Fall 2018, 6.535 GeV, torus+1",2,4,3,2,2,2.5,2.25,0.25,0.3,0.275,6.535,0.5622060356502527,0.3,0.4,0.35,36,54,45,46.68909404847772,12.16020029024336,0.2604505514203662,,,
rgk6535,"RGK Fall 2018, 6.535 GeV, torus+1",2,4,3,3,2,2.5,2.25,0.25,0.3,0.275,6.535,0.5622060356502527,0.3,0.4,0.35,54,72,63,38.94456971334233,9.831499862729634,0.2524485425078759,,,
rgk6535,"RGK Fall 2018, 6.535 GeV, torus+1",2,4,3,4,2,2.5,2.25,0.25,0.3,0.275,6.535,0.5622060356502527,0.3,0.4,0.35,72,90,81,51.40928254418562,8.535043401016459,0.1660214455177564,,,
rgk6535,"RGK Fall 2018, 6.535 GeV, torus+1",2,4,3,5,2,2.5,2.25,0.25,0.3,0.275,6.535,0.5622060356502527,0.3,0.4,0.35,90,108,99,44.84801460477954,7.495520985921157,0.1671316122235285,,,
rgk6535,"RGK Fall 2018, 6.535 GeV, torus+1",2,4,3,6,2,2.5,2.25,0.25,0.3,0.275,6.535,0.5622060356502527,0.3,0.4,0.35,108,126,117,34.7666451631019,6.235005570946988,0.1793387179492442,,,
rgk6535,"RGK Fall 2018, 6.535 GeV, torus+1",2,4,3,7,2,2.5,2.25,0.25,0.3,0.275,6.535,0.5622060356502527,0.3,0.4,0.35,126,144,135,11.76666212662779,4.274335466623108,0.363258111826832,,,
rgk6535,"RGK Fall 2018, 6.535 GeV, torus+1",2,4,3,8,2,2.5,2.25,0.25,0.3,0.275,6.535,0.5622060356502527,0.3,0.4,0.35,144,162,153,38.2236904450718,8.763632160838167,0.2292722669840496,,,
rgk6535,"RGK Fall 2018, 6.535 GeV, torus+1",2,4,3,9,2,2.5,2.25,0.25,0.3,0.275,6.535,0.5622060356502527,0.3,0.4,0.35,162,180,171,18.39129084457262,7.309224156826385,0.3974285556461298,,,
rgk6535,"RGK Fall 2018, 6.535 GeV, torus+1",2,4,3,10,2,2.5,2.25,0.25,0.3,0.275,6.535,0.5622060356502527,0.3,0.4,0.35,180,198,189,17.00403166184092,6.361227465295663,0.3741011303555156,,,
rgk6535,"RGK Fall 2018, 6.535 GeV, torus+1",2,4,3,11,2,2.5,2.25,0.25,0.3,0.275,6.535,0.5622060356502527,0.3,0.4,0.35,198,216,207,13.28022324391822,6.133075644889614,0.4618202218624829,,,
rgk6535,"RGK Fall 2018, 6.535 GeV, torus+1",2,4,3,12,2,2.5,2.25,0.25,0.3,0.275,6.535,0.5622060356502527,0.3,0.4,0.35,216,234,225,33.92296302748409,7.888430471309487,0.2325395474716743,,,
rgk6535,"RGK Fall 2018, 6.535 GeV, torus+1",2,4,3,13,2,2.5,2.25,0.25,0.3,0.275,6.535,0.5622060356502527,0.3,0.4,0.35,234,252,243,40.29045548790173,8.010735213904152,0.1988246376690774,,,
rgk6535,"RGK Fall 2018, 6.535 GeV, torus+1",2,4,3,14,2,2.5,2.25,0.25,0.3,0.275,6.535,0.5622060356502527,0.3,0.4,0.35,252,270,261,53.05745713461518,9.306506363714702,0.1754043044336373,,,
rgk6535,"RGK Fall 2018, 6.535 GeV, torus+1",2,4,3,15,2,2.5,2.25,0.25,0.3,0.275,6.535,0.5622060356502527,0.3,0.4,0.35,270,288,279,61.95896327314669,11.04814405327979,0.1783138947075976,,,
rgk6535,"RGK Fall 2018, 6.535 GeV, torus+1",2,4,3,16,2,2.5,2.25,0.25,0.3,0.275,6.535,0.5622060356502527,0.3,0.4,0.35,288,306,297,34.78351916823065,7.333627463523738,0.2108362707078204,,,
rgk6535,"RGK Fall 2018, 6.535 GeV, torus+1",2,4,3,17,2,2.5,2.25,0.25,0.3,0.275,6.535,0.5622060356502527,0.3,0.4,0.35,306,324,315,46.56723302639479,12.2295893520798,0.2626222035813883,,,
rgk6535,"RGK Fall 2018, 6.535 GeV, torus+1",2,4,3,18,2,2.5,2.25,0.25,0.3,0.275,6.535,0.5622060356502527,0.3,0.4,0.35,324,342,333,23.63664668990832,17.20564023882105,0.7279222160632035,,,
rgk6535,"RGK Fall 2018, 6.535 GeV, torus+1",2,4,4,2,2,2.5,2.25,0.25,0.3,0.275,6.535,0.5622060356502527,0.4,0.6,0.5,36,54,45,26.34889328626243,8.921446389843837,0.3385890364699009,,,
rgk6535,"RGK Fall 2018, 6.535 GeV, torus+1",2,4,4,3,2,2.5,2.25,0.25,0.3,0.275,6.535,0.5622060356502527,0.4,0.6,0.5,54,72,63,35.99948832093094,6.497887269972519,0.1804994341043036,,,
rgk6535,"RGK Fall 2018, 6.535 GeV, torus+1",2,4,4,4,2,2.5,2.25,0.25,0.3,0.275,6.535,0.5622060356502527,0.4,0.6,0.5,72,90,81,34.87608080525901,4.474954624811309,0.1283101346678989,,,
rgk6535,"RGK Fall 2018, 6.535 GeV, torus+1",2,4,4,5,2,2.5,2.25,0.25,0.3,0.275,6.535,0.5622060356502527,0.4,0.6,0.5,90,108,99,44.02340978178206,4.848163610314318,0.1101269446039276,,,
rgk6535,"RGK Fall 2018, 6.535 GeV, torus+1",2,4,4,6,2,2.5,2.25,0.25,0.3,0.275,6.535,0.5622060356502527,0.4,0.6,0.5,108,126,117,30.36310806771921,3.693325665745242,0.1216385904074106,,,
rgk6535,"RGK Fall 2018, 6.535 GeV, torus+1",2,4,4,7,2,2.5,2.25,0.25,0.3,0.275,6.535,0.5622060356502527,0.4,0.6,0.5,126,144,135,21.41563907849891,2.274781433909673,0.1062205720581802,,,
rgk6535,"RGK Fall 2018, 6.535 GeV, torus+1",2,4,4,8,2,2.5,2.25,0.25,0.3,0.275,6.535,0.5622060356502527,0.4,0.6,0.5,144,162,153,24.3583964662538,2.614001924354233,0.1073142038711653,,,
rgk6535,"RGK Fall 2018, 6.535 GeV, torus+1",2,4,4,9,2,2.5,2.25,0.25,0.3,0.275,6.535,0.5622060356502527,0.4,0.6,0.5,162,180,171,15.15107162074356,2.185174813152795,0.1442257595932052,,,
rgk6535,"RGK Fall 2018, 6.535 GeV, torus+1",2,4,4,10,2,2.5,2.25,0.25,0.3,0.275,6.535,0.5622060356502527,0.4,0.6,0.5,180,198,189,16.83817266537045,2.074679473912796,0.1232128637200403,,,
rgk6535,"RGK Fall 2018, 6.535 GeV, torus+1",2,4,4,11,2,2.5,2.25,0.25,0.3,0.275,6.535,0.5622060356502527,0.4,0.6,0.5,198,216,207,20.36424083395324,2.392639330889009,0.1174921938116037,,,
rgk6535,"RGK Fall 2018, 6.535 GeV, torus+1",2,4,4,12,2,2.5,2.25,0.25,0.3,0.275,6.535,0.5622060356502527,0.4,0.6,0.5,216,234,225,24.87349117406553,3.134199670601635,0.1260056197446671,,,
rgk6535,"RGK Fall 2018, 6.535 GeV, torus+1",2,4,4,13,2,2.5,2.25,0.25,0.3,0.275,6.535,0.5622060356502527,0.4,0.6,0.5,234,252,243,22.20835480958458,3.457934419845155,0.1557042135490737,,,
rgk6535,"RGK Fall 2018, 6.535 GeV, torus+1",2,4,4,14,2,2.5,2.25,0.25,0.3,0.275,6.535,0.5622060356502527,0.4,0.6,0.5,252,270,261,41.16371456895313,4.569134660259755,0.1109990851920329,,,
rgk6535,"RGK Fall 2018, 6.535 GeV, torus+1",2,4,4,15,2,2.5,2.25,0.25,0.3,0.275,6.535,0.5622060356502527,0.4,0.6,0.5,270,288,279,42.92153944070421,4.860679723652076,0.1132456987095505,,,
rgk6535,"RGK Fall 2018, 6.535 GeV, torus+1",2,4,4,16,2,2.5,2.25,0.25,0.3,0.275,6.535,0.5622060356502527,0.4,0.6,0.5,288,306,297,45.71665414613977,6.002140205979971,0.1312900149427663,,,
rgk6535,"RGK Fall 2018, 6.535 GeV, torus+1",2,4,4,17,2,2.5,2.25,0.25,0.3,0.275,6.535,0.5622060356502527,0.4,0.6,0.5,306,324,315,25.17233265038578,6.085620629969445,0.2417583111780536,,,
rgk6535,"RGK Fall 2018, 6.535 GeV, torus+1",2,4,5,2,2,2.5,2.25,0.25,0.3,0.275,6.535,0.5622060356502527,0.6,1,0.8,36,54,45,17.27048700244674,3.463515441620436,0.2005453257415239,,,
rgk6535,"RGK Fall 2018, 6.535 GeV, torus+1",2,4,5,3,2,2.5,2.25,0.25,0.3,0.275,6.535,0.5622060356502527,0.6,1,0.8,54,72,63,23.07884486035195,2.794969010799529,0.1211052384862258,,,
rgk6535,"RGK Fall 2018, 6.535 GeV, torus+1",2,4,5,4,2,2.5,2.25,0.25,0.3,0.275,6.535,0.5622060356502527,0.6,1,0.8,72,90,81,21.87362495712576,2.26929042800806,0.103745512344482,,,
rgk6535,"RGK Fall 2018, 6.535 GeV, torus+1",2,4,5,5,2,2.5,2.25,0.25,0.3,0.275,6.535,0.5622060356502527,0.6,1,0.8,90,108,99,28.90161633184153,3.148951857425022,0.1089541782462787,,,
rgk6535,"RGK Fall 2018, 6.535 GeV, torus+1",2,4,5,6,2,2.5,2.25,0.25,0.3,0.275,6.535,0.5622060356502527,0.6,1,0.8,108,126,117,18.548522508428,2.220665162716679,0.1197219434436172,,,
rgk6535,"RGK Fall 2018, 6.535 GeV, torus+1",2,4,5,7,2,2.5,2.25,0.25,0.3,0.275,6.535,0.5622060356502527,0.6,1,0.8,126,144,135,14.80093067207379,1.359659604065532,0.09186311551549395,,,
rgk6535,"RGK Fall 2018, 6.535 GeV, torus+1",2,4,5,8,2,2.5,2.25,0.25,0.3,0.275,6.535,0.5622060356502527,0.6,1,0.8,144,162,153,15.22331452412713,1.455753392275515,0.09562657264739027,,,
rgk6535,"RGK Fall 2018, 6.535 GeV, torus+1",2,4,5,9,2,2.5,2.25,0.25,0.3,0.275,6.535,0.5622060356502527,0.6,1,0.8,162,180,171,11.2236504036196,1.172736282775436,0.1044879553979365,,,
rgk6535,"RGK Fall 2018, 6.535 GeV, torus+1",2,4,5,10,2,2.5,2.25,0.25,0.3,0.275,6.535,0.5622060356502527,0.6,1,0.8,180,198,189,11.52549425939523,1.175462921617232,0.1019880705470856,,,
rgk6535,"RGK Fall 2018, 6.535 GeV, torus+1",2,4,5,11,2,2.5,2.25,0.25,0.3,0.275,6.535,0.5622060356502527,0.6,1,0.8,198,216,207,11.68263581186938,1.152551144163433,0.0986550606150419,,,
rgk6535,"RGK Fall 2018, 6.535 GeV, torus+1",2,4,5,12,2,2.5,2.25,0.25,0.3,0.275,6.535,0.5622060356502527,0.6,1,0.8,216,234,225,13.86792480633262,1.330178099559812,0.09591760253505281,,,
rgk6535,"RGK Fall 2018, 6.535 GeV, torus+1",2,4,5,13,2,2.5,2.25,0.25,0.3,0.275,6.535,0.5622060356502527,0.6,1,0.8,234,252,243,15.80347441798416,1.639741708398047,0.1037583043467986,,,
rgk6535,"RGK Fall 2018, 6.535 GeV, torus+1",2,4,5,14,2,2.5,2.25,0.25,0.3,0.275,6.535,0.5622060356502527,0.6,1,0.8,252,270,261,21.91130387196963,2.073868516792666,0.09464833899938262,,,
rgk6535,"RGK Fall 2018, 6.535 GeV, torus+1",2,4,5,15,2,2.5,2.25,0.25,0.3,0.275,6.535,0.5622060356502527,0.6,1,0.8,270,288,279,24.54457707211904,2.27280742487126,0.09259916836998643,,,
rgk6535,"RGK Fall 2018, 6.535 GeV, torus+1",2,4,5,16,2,2.5,2.25,0.25,0.3,0.275,6.535,0.5622060356502527,0.6,1,0.8,288,306,297,19.15776645618193,2.118058128160876,0.1105587195148947,,,
rgk6535,"RGK Fall 2018, 6.535 GeV, torus+1",2,4,5,17,2,2.5,2.25,0.25,0.3,0.275,6.535,0.5622060356502527,0.6,1,0.8,306,324,315,19.08898343475226,3.758850775068528,0.1969120455217845,,,
rgk6535,"RGK Fall 2018, 6.535 GeV, torus+1",2,4,6,1,2,2.5,2.25,0.25,0.3,0.275,6.535,0.5622060356502527,1,1.5,1.25,18,36,27,2.478880738188117,1.953436637641181,0.7880317142925569,,,
rgk6535,"RGK Fall 2018, 6.535 GeV, torus+1",2,4,6,2,2,2.5,2.25,0.25,0.3,0.275,6.535,0.5622060356502527,1,1.5,1.25,36,54,45,7.796503386528411,1.566846398671953,0.200967834039463,,,
rgk6535,"RGK Fall 2018, 6.535 GeV, torus+1",2,4,6,3,2,2.5,2.25,0.25,0.3,0.275,6.535,0.5622060356502527,1,1.5,1.25,54,72,63,9.915669719441699,1.43069742126055,0.1442865143496435,,,
rgk6535,"RGK Fall 2018, 6.535 GeV, torus+1",2,4,6,4,2,2.5,2.25,0.25,0.3,0.275,6.535,0.5622060356502527,1,1.5,1.25,72,90,81,7.399993675809597,1.379257198611689,0.1863862672099908,,,
rgk6535,"RGK Fall 2018, 6.535 GeV, torus+1",2,4,6,5,2,2.5,2.25,0.25,0.3,0.275,6.535,0.5622060356502527,1,1.5,1.25,90,108,99,12.78023107909458,1.773107107616301,0.138738266674746,,,
rgk6535,"RGK Fall 2018, 6.535 GeV, torus+1",2,4,6,6,2,2.5,2.25,0.25,0.3,0.275,6.535,0.5622060356502527,1,1.5,1.25,108,126,117,9.30708411533943,1.069755012380066,0.1149398672154423,,,
rgk6535,"RGK Fall 2018, 6.535 GeV, torus+1",2,4,6,7,2,2.5,2.25,0.25,0.3,0.275,6.535,0.5622060356502527,1,1.5,1.25,126,144,135,8.438232754231414,0.9893403745017677,0.1172449733631317,,,
rgk6535,"RGK Fall 2018, 6.535 GeV, torus+1",2,4,6,8,2,2.5,2.25,0.25,0.3,0.275,6.535,0.5622060356502527,1,1.5,1.25,144,162,153,7.183437809334206,0.8134873957472825,0.1132448581499838,,,
rgk6535,"RGK Fall 2018, 6.535 GeV, torus+1",2,4,6,9,2,2.5,2.25,0.25,0.3,0.275,6.535,0.5622060356502527,1,1.5,1.25,162,180,171,6.379291065542579,0.9196566794688061,0.144162834086108,,,
rgk6535,"RGK Fall 2018, 6.535 GeV, torus+1",2,4,6,10,2,2.5,2.25,0.25,0.3,0.275,6.535,0.5622060356502527,1,1.5,1.25,180,198,189,3.325639119238474,0.5970741707182841,0.1795366692868966,,,
rgk6535,"RGK Fall 2018, 6.535 GeV, torus+1",2,4,6,11,2,2.5,2.25,0.25,0.3,0.275,6.535,0.5622060356502527,1,1.5,1.25,198,216,207,6.726201407034929,0.8457732774242669,0.125743079376076,,,
rgk6535,"RGK Fall 2018, 6.535 GeV, torus+1",2,4,6,12,2,2.5,2.25,0.25,0.3,0.275,6.535,0.5622060356502527,1,1.5,1.25,216,234,225,7.606443942900809,0.8063967758591382,0.1060149502070226,,,
rgk6535,"RGK Fall 2018, 6.535 GeV, torus+1",2,4,6,13,2,2.5,2.25,0.25,0.3,0.275,6.535,0.5622060356502527,1,1.5,1.25,234,252,243,9.384618552052812,0.8772600631552294,0.09347849976953358,,,
rgk6535,"RGK Fall 2018, 6.535 GeV, torus+1",2,4,6,14,2,2.5,2.25,0.25,0.3,0.275,6.535,0.5622060356502527,1,1.5,1.25,252,270,261,9.812508772750922,1.1135859162471,0.1134863613410975,,,
rgk6535,"RGK Fall 2018, 6.535 GeV, torus+1",2,4,6,15,2,2.5,2.25,0.25,0.3,0.275,6.535,0.5622060356502527,1,1.5,1.25,270,288,279,11.29589400109264,1.374551863764467,0.1216859740036077,,,
rgk6535,"RGK Fall 2018, 6.535 GeV, torus+1",2,4,6,16,2,2.5,2.25,0.25,0.3,0.275,6.535,0.5622060356502527,1,1.5,1.25,288,306,297,10.03666883789752,1.577242993858442,0.1571480557277052,,,
rgk6535,"RGK Fall 2018, 6.535 GeV, torus+1",2,4,6,17,2,2.5,2.25,0.25,0.3,0.275,6.535,0.5622060356502527,1,1.5,1.25,306,324,315,10.51727844919106,2.976379378702252,0.2829990090194086,,,
rgk6535,"RGK Fall 2018, 6.535 GeV, torus+1",2,4,7,1,2,2.5,2.25,0.25,0.3,0.275,6.535,0.5622060356502527,1.5,2,1.75,18,36,27,2.489675478543688,1.828703109798321,0.7345146488200153,,,
rgk6535,"RGK Fall 2018, 6.535 GeV, torus+1",2,4,7,2,2,2.5,2.25,0.25,0.3,0.275,6.535,0.5622060356502527,1.5,2,1.75,36,54,45,3.107274022964322,1.204572111187307,0.3876620157362729,,,
rgk6535,"RGK Fall 2018, 6.535 GeV, torus+1",2,4,7,3,2,2.5,2.25,0.25,0.3,0.275,6.535,0.5622060356502527,1.5,2,1.75,54,72,63,5.072455462672044,1.09179738275044,0.2152404078823213,,,
rgk6535,"RGK Fall 2018, 6.535 GeV, torus+1",2,4,7,4,2,2.5,2.25,0.25,0.3,0.275,6.535,0.5622060356502527,1.5,2,1.75,72,90,81,4.394779010223694,0.9762768471896106,0.2221446959946043,,,
rgk6535,"RGK Fall 2018, 6.535 GeV, torus+1",2,4,7,5,2,2.5,2.25,0.25,0.3,0.275,6.535,0.5622060356502527,1.5,2,1.75,90,108,99,4.350467718574434,0.6606813560577246,0.1518644428131092,,,
rgk6535,"RGK Fall 2018, 6.535 GeV, torus+1",2,4,7,6,2,2.5,2.25,0.25,0.3,0.275,6.535,0.5622060356502527,1.5,2,1.75,108,126,117,4.788989966359265,0.8370501240845987,0.1747863599557611,,,
rgk6535,"RGK Fall 2018, 6.535 GeV, torus+1",2,4,7,7,2,2.5,2.25,0.25,0.3,0.275,6.535,0.5622060356502527,1.5,2,1.75,126,144,135,2.527939170728873,0.5914601004186781,0.2339692771357881,,,
rgk6535,"RGK Fall 2018, 6.535 GeV, torus+1",2,4,7,8,2,2.5,2.25,0.25,0.3,0.275,6.535,0.5622060356502527,1.5,2,1.75,144,162,153,3.62545018795087,0.5915830906983879,0.1631750706890155,,,
rgk6535,"RGK Fall 2018, 6.535 GeV, torus+1",2,4,7,9,2,2.5,2.25,0.25,0.3,0.275,6.535,0.5622060356502527,1.5,2,1.75,162,180,171,2.900749941189415,0.7077506357473548,0.2439888477450596,,,
rgk6535,"RGK Fall 2018, 6.535 GeV, torus+1",2,4,7,10,2,2.5,2.25,0.25,0.3,0.275,6.535,0.5622060356502527,1.5,2,1.75,180,198,189,3.527815312311356,0.7061080530666817,0.2001544838819959,,,
rgk6535,"RGK Fall 2018, 6.535 GeV, torus+1",2,4,7,11,2,2.5,2.25,0.25,0.3,0.275,6.535,0.5622060356502527,1.5,2,1.75,198,216,207,4.05863491457445,0.6806795545743379,0.1677114519786039,,,
rgk6535,"RGK Fall 2018, 6.535 GeV, torus+1",2,4,7,12,2,2.5,2.25,0.25,0.3,0.275,6.535,0.5622060356502527,1.5,2,1.75,216,234,225,3.030949733322036,0.5673998124219625,0.1872019869495067,,,
rgk6535,"RGK Fall 2018, 6.535 GeV, torus+1",2,4,7,13,2,2.5,2.25,0.25,0.3,0.275,6.535,0.5622060356502527,1.5,2,1.75,234,252,243,5.101125021066423,0.6687136267663412,0.1310914012114414,,,
rgk6535,"RGK Fall 2018, 6.535 GeV, torus+1",2,4,7,14,2,2.5,2.25,0.25,0.3,0.275,6.535,0.5622060356502527,1.5,2,1.75,252,270,261,5.422488802911387,0.7422198561237479,0.1368780799925751,,,
rgk6535,"RGK Fall 2018, 6.535 GeV, torus+1",2,4,7,15,2,2.5,2.25,0.25,0.3,0.275,6.535,0.5622060356502527,1.5,2,1.75,270,288,279,5.596439841605038,1.037822295712161,0.1854433041514687,,,
rgk6535,"RGK Fall 2018, 6.535 GeV, torus+1",2,4,7,16,2,2.5,2.25,0.25,0.3,0.275,6.535,0.5622060356502527,1.5,2,1.75,288,306,297,4.327956091863077,1.17778863767366,0.2721350708451046,,,
rgk6535,"RGK Fall 2018, 6.535 GeV, torus+1",2,4,7,17,2,2.5,2.25,0.25,0.3,0.275,6.535,0.5622060356502527,1.5,2,1.75,306,324,315,2.978033153710893,0.9256568253935316,0.3108282472409957,,,
rgk6535,"RGK Fall 2018, 6.535 GeV, torus+1",2,4,7,18,2,2.5,2.25,0.25,0.3,0.275,6.535,0.5622060356502527,1.5,2,1.75,324,342,333,2.493696409024091,1.60851440165831,0.6450321682452927,,,
rgk6535,"RGK Fall 2018, 6.535 GeV, torus+1",2,5,2,0,2,2.5,2.25,0.3,0.38,0.34,6.535,0.7222838563715954,0.2,0.3,0.25,0,18,9,59.17210928256917,12.77960801542987,0.2159735079647476,,,
rgk6535,"RGK Fall 2018, 6.535 GeV, torus+1",2,5,2,1,2,2.5,2.25,0.3,0.38,0.34,6.535,0.7222838563715954,0.2,0.3,0.25,18,36,27,74.64288643546968,11.96280966827418,0.1602672436658284,,,
rgk6535,"RGK Fall 2018, 6.535 GeV, torus+1",2,5,2,2,2,2.5,2.25,0.3,0.38,0.34,6.535,0.7222838563715954,0.2,0.3,0.25,36,54,45,98.9220167818364,13.47285519435487,0.1361967298348561,,,
rgk6535,"RGK Fall 2018, 6.535 GeV, torus+1",2,5,2,3,2,2.5,2.25,0.3,0.38,0.34,6.535,0.7222838563715954,0.2,0.3,0.25,54,72,63,92.95809752976299,21.73312403744043,0.2337948453654831,,,
rgk6535,"RGK Fall 2018, 6.535 GeV, torus+1",2,5,2,16,2,2.5,2.25,0.3,0.38,0.34,6.535,0.7222838563715954,0.2,0.3,0.25,288,306,297,96.01438915767295,27.92706759075622,0.290863357417136,,,
rgk6535,"RGK Fall 2018, 6.535 GeV, torus+1",2,5,2,17,2,2.5,2.25,0.3,0.38,0.34,6.535,0.7222838563715954,0.2,0.3,0.25,306,324,315,70.58906481555262,17.49091790629148,0.2477850918126595,,,
rgk6535,"RGK Fall 2018, 6.535 GeV, torus+1",2,5,2,18,2,2.5,2.25,0.3,0.38,0.34,6.535,0.7222838563715954,0.2,0.3,0.25,324,342,333,51.68457789605161,11.24882794263193,0.2176438001536097,,,
rgk6535,"RGK Fall 2018, 6.535 GeV, torus+1",2,5,2,19,2,2.5,2.25,0.3,0.38,0.34,6.535,0.7222838563715954,0.2,0.3,0.25,342,360,351,62.01008281310727,10.13586764627194,0.1634551541693714,,,
rgk6535,"RGK Fall 2018, 6.535 GeV, torus+1",2,5,3,0,2,2.5,2.25,0.3,0.38,0.34,6.535,0.7222838563715954,0.3,0.4,0.35,0,18,9,45.71453321970949,8.908207584029737,0.1948659858609041,,,
rgk6535,"RGK Fall 2018, 6.535 GeV, torus+1",2,5,3,1,2,2.5,2.25,0.3,0.38,0.34,6.535,0.7222838563715954,0.3,0.4,0.35,18,36,27,48.40112983743222,7.313952050738408,0.1511111842906192,,,
rgk6535,"RGK Fall 2018, 6.535 GeV, torus+1",2,5,3,2,2,2.5,2.25,0.3,0.38,0.34,6.535,0.7222838563715954,0.3,0.4,0.35,36,54,45,56.79867479092931,7.137757080561081,0.125667669304513,,,
rgk6535,"RGK Fall 2018, 6.535 GeV, torus+1",2,5,3,3,2,2.5,2.25,0.3,0.38,0.34,6.535,0.7222838563715954,0.3,0.4,0.35,54,72,63,70.57535885929632,8.735296906019489,0.1237726176275597,,,
rgk6535,"RGK Fall 2018, 6.535 GeV, torus+1",2,5,3,4,2,2.5,2.25,0.3,0.38,0.34,6.535,0.7222838563715954,0.3,0.4,0.35,72,90,81,48.52887535080765,7.662241852690307,0.1578903652166089,,,
rgk6535,"RGK Fall 2018, 6.535 GeV, torus+1",2,5,3,5,2,2.5,2.25,0.3,0.38,0.34,6.535,0.7222838563715954,0.3,0.4,0.35,90,108,99,54.4230940279521,8.175255022862009,0.1502166528544507,,,
rgk6535,"RGK Fall 2018, 6.535 GeV, torus+1",2,5,3,6,2,2.5,2.25,0.3,0.38,0.34,6.535,0.7222838563715954,0.3,0.4,0.35,108,126,117,58.63763915099022,12.47077401061932,0.2126752405312131,,,
rgk6535,"RGK Fall 2018, 6.535 GeV, torus+1",2,5,3,13,2,2.5,2.25,0.3,0.38,0.34,6.535,0.7222838563715954,0.3,0.4,0.35,234,252,243,62.48543343939384,13.42862597412426,0.2149081031365337,,,
rgk6535,"RGK Fall 2018, 6.535 GeV, torus+1",2,5,3,14,2,2.5,2.25,0.3,0.38,0.34,6.535,0.7222838563715954,0.3,0.4,0.35,252,270,261,52.79051629621685,8.634058332435524,0.1635532087617463,,,
rgk6535,"RGK Fall 2018, 6.535 GeV, torus+1",2,5,3,15,2,2.5,2.25,0.3,0.38,0.34,6.535,0.7222838563715954,0.3,0.4,0.35,270,288,279,71.32915036702384,10.50579474305812,0.14728613321483,,,
rgk6535,"RGK Fall 2018, 6.535 GeV, torus+1",2,5,3,16,2,2.5,2.25,0.3,0.38,0.34,6.535,0.7222838563715954,0.3,0.4,0.35,288,306,297,81.79430366935729,10.52820934847205,0.1287156791630741,,,
rgk6535,"RGK Fall 2018, 6.535 GeV, torus+1",2,5,3,17,2,2.5,2.25,0.3,0.38,0.34,6.535,0.7222838563715954,0.3,0.4,0.35,306,324,315,70.41314948918459,10.2984912068252,0.1462580680105361,,,
rgk6535,"RGK Fall 2018, 6.535 GeV, torus+1",2,5,3,18,2,2.5,2.25,0.3,0.38,0.34,6.535,0.7222838563715954,0.3,0.4,0.35,324,342,333,46.67174659311502,10.14727747278015,0.2174179929721565,,,
rgk6535,"RGK Fall 2018, 6.535 GeV, torus+1",2,5,3,19,2,2.5,2.25,0.3,0.38,0.34,6.535,0.7222838563715954,0.3,0.4,0.35,342,360,351,41.43927305343503,7.284901469668743,0.1757970382413568,,,
rgk6535,"RGK Fall 2018, 6.535 GeV, torus+1",2,5,4,0,2,2.5,2.25,0.3,0.38,0.34,6.535,0.7222838563715954,0.4,0.6,0.5,0,18,9,48.7442134419545,7.971780282832433,0.1635431104519796,,,
rgk6535,"RGK Fall 2018, 6.535 GeV, torus+1",2,5,4,1,2,2.5,2.25,0.3,0.38,0.34,6.535,0.7222838563715954,0.4,0.6,0.5,18,36,27,51.40898196682494,6.335505299626938,0.1232373226864392,,,
rgk6535,"RGK Fall 2018, 6.535 GeV, torus+1",2,5,4,2,2,2.5,2.25,0.3,0.38,0.34,6.535,0.7222838563715954,0.4,0.6,0.5,36,54,45,50.23003651730405,5.085579359113225,0.1012457826376706,,,
rgk6535,"RGK Fall 2018, 6.535 GeV, torus+1",2,5,4,3,2,2.5,2.25,0.3,0.38,0.34,6.535,0.7222838563715954,0.4,0.6,0.5,54,72,63,55.25072593143273,5.207300058471283,0.09424853647956859,,,
rgk6535,"RGK Fall 2018, 6.535 GeV, torus+1",2,5,4,4,2,2.5,2.25,0.3,0.38,0.34,6.535,0.7222838563715954,0.4,0.6,0.5,72,90,81,70.56280313839675,6.329402491099276,0.08969885278912811,,,
rgk6535,"RGK Fall 2018, 6.535 GeV, torus+1",2,5,4,5,2,2.5,2.25,0.3,0.38,0.34,6.535,0.7222838563715954,0.4,0.6,0.5,90,108,99,44.74768082723279,3.49368437738893,0.07807520552579619,,,
rgk6535,"RGK Fall 2018, 6.535 GeV, torus+1",2,5,4,6,2,2.5,2.25,0.3,0.38,0.34,6.535,0.7222838563715954,0.4,0.6,0.5,108,126,117,52.12646649564743,3.844988771373061,0.07376269733714097,,,
rgk6535,"RGK Fall 2018, 6.535 GeV, torus+1",2,5,4,7,2,2.5,2.25,0.3,0.38,0.34,6.535,0.7222838563715954,0.4,0.6,0.5,126,144,135,53.46832616507676,4.031575603391434,0.07540119342701039,,,
rgk6535,"RGK Fall 2018, 6.535 GeV, torus+1",2,5,4,8,2,2.5,2.25,0.3,0.38,0.34,6.535,0.7222838563715954,0.4,0.6,0.5,144,162,153,34.35747100266462,5.734126140708301,0.166896048322753,,,
rgk6535,"RGK Fall 2018, 6.535 GeV, torus+1",2,5,4,9,2,2.5,2.25,0.3,0.38,0.34,6.535,0.7222838563715954,0.4,0.6,0.5,162,180,171,31.23370226563779,6.975446246619544,0.2233307530210302,,,
rgk6535,"RGK Fall 2018, 6.535 GeV, torus+1",2,5,4,10,2,2.5,2.25,0.3,0.38,0.34,6.535,0.7222838563715954,0.4,0.6,0.5,180,198,189,34.49355831232646,6.176363336230316,0.1790584572431067,,,
rgk6535,"RGK Fall 2018, 6.535 GeV, torus+1",2,5,4,11,2,2.5,2.25,0.3,0.38,0.34,6.535,0.7222838563715954,0.4,0.6,0.5,198,216,207,29.98016257913723,4.92077211313752,0.1641342704579533,,,
rgk6535,"RGK Fall 2018, 6.535 GeV, torus+1",2,5,4,12,2,2.5,2.25,0.3,0.38,0.34,6.535,0.7222838563715954,0.4,0.6,0.5,216,234,225,42.82593048060231,4.02851402232621,0.09406716858495101,,,
rgk6535,"RGK Fall 2018, 6.535 GeV, torus+1",2,5,4,13,2,2.5,2.25,0.3,0.38,0.34,6.535,0.7222838563715954,0.4,0.6,0.5,234,252,243,45.68840253959476,3.675324096674186,0.08044326114245413,,,
rgk6535,"RGK Fall 2018, 6.535 GeV, torus+1",2,5,4,14,2,2.5,2.25,0.3,0.38,0.34,6.535,0.7222838563715954,0.4,0.6,0.5,252,270,261,54.17403201755003,4.046526944768904,0.07469495612691344,,,
rgk6535,"RGK Fall 2018, 6.535 GeV, torus+1",2,5,4,15,2,2.5,2.25,0.3,0.38,0.34,6.535,0.7222838563715954,0.4,0.6,0.5,270,288,279,69.06699470590016,6.019613729659323,0.08715615548775409,,,
rgk6535,"RGK Fall 2018, 6.535 GeV, torus+1",2,5,4,16,2,2.5,2.25,0.3,0.38,0.34,6.535,0.7222838563715954,0.4,0.6,0.5,288,306,297,63.41786530919413,5.128585098469984,0.08086972138632452,,,
rgk6535,"RGK Fall 2018, 6.535 GeV, torus+1",2,5,4,17,2,2.5,2.25,0.3,0.38,0.34,6.535,0.7222838563715954,0.4,0.6,0.5,306,324,315,56.38867175674301,5.201682679411238,0.09224694459644221,,,
rgk6535,"RGK Fall 2018, 6.535 GeV, torus+1",2,5,4,18,2,2.5,2.25,0.3,0.38,0.34,6.535,0.7222838563715954,0.4,0.6,0.5,324,342,333,37.82921895310701,7.297906986670849,0.1929171996841202,,,
rgk6535,"RGK Fall 2018, 6.535 GeV, torus+1",2,5,4,19,2,2.5,2.25,0.3,0.38,0.34,6.535,0.7222838563715954,0.4,0.6,0.5,342,360,351,37.10499919456943,7.041543277341189,0.1897734383557612,,,
rgk6535,"RGK Fall 2018, 6.535 GeV, torus+1",2,5,5,1,2,2.5,2.25,0.3,0.38,0.34,6.535,0.7222838563715954,0.6,1,0.8,18,36,27,27.70530396365512,4.7542275866477,0.1715999071110889,,,
rgk6535,"RGK Fall 2018, 6.535 GeV, torus+1",2,5,5,2,2,2.5,2.25,0.3,0.38,0.34,6.535,0.7222838563715954,0.6,1,0.8,36,54,45,28.52030550104399,3.322394895614461,0.1164922618200161,,,
rgk6535,"RGK Fall 2018, 6.535 GeV, torus+1",2,5,5,3,2,2.5,2.25,0.3,0.38,0.34,6.535,0.7222838563715954,0.6,1,0.8,54,72,63,35.82834158724976,2.932234996964985,0.08184121472171292,,,
rgk6535,"RGK Fall 2018, 6.535 GeV, torus+1",2,5,5,4,2,2.5,2.25,0.3,0.38,0.34,6.535,0.7222838563715954,0.6,1,0.8,72,90,81,42.50846794943845,3.547601680669517,0.08345635238816886,,,
rgk6535,"RGK Fall 2018, 6.535 GeV, torus+1",2,5,5,5,2,2.5,2.25,0.3,0.38,0.34,6.535,0.7222838563715954,0.6,1,0.8,90,108,99,35.98922331968468,2.186764698574283,0.06076165298566501,,,
rgk6535,"RGK Fall 2018, 6.535 GeV, torus+1",2,5,5,6,2,2.5,2.25,0.3,0.38,0.34,6.535,0.7222838563715954,0.6,1,0.8,108,126,117,36.83840758891631,2.036632720778165,0.05528557975429244,,,
rgk6535,"RGK Fall 2018, 6.535 GeV, torus+1",2,5,5,7,2,2.5,2.25,0.3,0.38,0.34,6.535,0.7222838563715954,0.6,1,0.8,126,144,135,27.98861497324405,1.71509110160499,0.06127816982885882,,,
rgk6535,"RGK Fall 2018, 6.535 GeV, torus+1",2,5,5,8,2,2.5,2.25,0.3,0.38,0.34,6.535,0.7222838563715954,0.6,1,0.8,144,162,153,28.14179250404008,1.91454212017126,0.06803198907448432,,,
rgk6535,"RGK Fall 2018, 6.535 GeV, torus+1",2,5,5,9,2,2.5,2.25,0.3,0.38,0.34,6.535,0.7222838563715954,0.6,1,0.8,162,180,171,19.95753101791244,2.142064105541579,0.1073311174422836,,,
rgk6535,"RGK Fall 2018, 6.535 GeV, torus+1",2,5,5,10,2,2.5,2.25,0.3,0.38,0.34,6.535,0.7222838563715954,0.6,1,0.8,180,198,189,20.12983891003405,1.85455786118591,0.0921297914739633,,,
rgk6535,"RGK Fall 2018, 6.535 GeV, torus+1",2,5,5,11,2,2.5,2.25,0.3,0.38,0.34,6.535,0.7222838563715954,0.6,1,0.8,198,216,207,26.90866694267203,1.874486245848433,0.06966105938439686,,,
rgk6535,"RGK Fall 2018, 6.535 GeV, torus+1",2,5,5,12,2,2.5,2.25,0.3,0.38,0.34,6.535,0.7222838563715954,0.6,1,0.8,216,234,225,30.28076692945789,1.986853702171701,0.06561437848652506,,,
rgk6535,"RGK Fall 2018, 6.535 GeV, torus+1",2,5,5,13,2,2.5,2.25,0.3,0.38,0.34,6.535,0.7222838563715954,0.6,1,0.8,234,252,243,33.08468374816958,2.029737494999295,0.06134976264089544,,,
rgk6535,"RGK Fall 2018, 6.535 GeV, torus+1",2,5,5,14,2,2.5,2.25,0.3,0.38,0.34,6.535,0.7222838563715954,0.6,1,0.8,252,270,261,33.22778520061394,2.237821759557016,0.06734790615883927,,,
rgk6535,"RGK Fall 2018, 6.535 GeV, torus+1",2,5,5,15,2,2.5,2.25,0.3,0.38,0.34,6.535,0.7222838563715954,0.6,1,0.8,270,288,279,43.75405306259952,3.025552875670682,0.06914908823056876,,,
rgk6535,"RGK Fall 2018, 6.535 GeV, torus+1",2,5,5,16,2,2.5,2.25,0.3,0.38,0.34,6.535,0.7222838563715954,0.6,1,0.8,288,306,297,45.57967362349142,3.194930784081897,0.07009551692874021,,,
rgk6535,"RGK Fall 2018, 6.535 GeV, torus+1",2,5,5,17,2,2.5,2.25,0.3,0.38,0.34,6.535,0.7222838563715954,0.6,1,0.8,306,324,315,36.24093421240075,2.682354839642554,0.07401450591537784,,,
rgk6535,"RGK Fall 2018, 6.535 GeV, torus+1",2,5,5,18,2,2.5,2.25,0.3,0.38,0.34,6.535,0.7222838563715954,0.6,1,0.8,324,342,333,24.17981699070701,3.659774400272608,0.1513565798152717,,,
rgk6535,"RGK Fall 2018, 6.535 GeV, torus+1",2,5,5,19,2,2.5,2.25,0.3,0.38,0.34,6.535,0.7222838563715954,0.6,1,0.8,342,360,351,23.85212943678627,12.48531572428316,0.5234465860740936,,,
rgk6535,"RGK Fall 2018, 6.535 GeV, torus+1",2,5,6,1,2,2.5,2.25,0.3,0.38,0.34,6.535,0.7222838563715954,1,1.5,1.25,18,36,27,8.217525802023264,2.332397237968658,0.2838320553121221,,,
rgk6535,"RGK Fall 2018, 6.535 GeV, torus+1",2,5,6,2,2,2.5,2.25,0.3,0.38,0.34,6.535,0.7222838563715954,1,1.5,1.25,36,54,45,11.80466851278097,1.527576923776375,0.1294044743503353,,,
rgk6535,"RGK Fall 2018, 6.535 GeV, torus+1",2,5,6,3,2,2.5,2.25,0.3,0.38,0.34,6.535,0.7222838563715954,1,1.5,1.25,54,72,63,17.93877392139954,1.42733340685601,0.07956694326546553,,,
rgk6535,"RGK Fall 2018, 6.535 GeV, torus+1",2,5,6,4,2,2.5,2.25,0.3,0.38,0.34,6.535,0.7222838563715954,1,1.5,1.25,72,90,81,18.00713542568628,1.853091015981322,0.102908706586278,,,
rgk6535,"RGK Fall 2018, 6.535 GeV, torus+1",2,5,6,5,2,2.5,2.25,0.3,0.38,0.34,6.535,0.7222838563715954,1,1.5,1.25,90,108,99,16.96182582837225,1.341458005085981,0.07908688714643612,,,
rgk6535,"RGK Fall 2018, 6.535 GeV, torus+1",2,5,6,6,2,2.5,2.25,0.3,0.38,0.34,6.535,0.7222838563715954,1,1.5,1.25,108,126,117,17.71724057474461,1.261127450714549,0.07118080523850019,,,
rgk6535,"RGK Fall 2018, 6.535 GeV, torus+1",2,5,6,7,2,2.5,2.25,0.3,0.38,0.34,6.535,0.7222838563715954,1,1.5,1.25,126,144,135,15.26322232191615,1.364938857094205,0.08942665109020373,,,
rgk6535,"RGK Fall 2018, 6.535 GeV, torus+1",2,5,6,8,2,2.5,2.25,0.3,0.38,0.34,6.535,0.7222838563715954,1,1.5,1.25,144,162,153,17.55973465382143,1.818157479463882,0.1035412843820055,,,
rgk6535,"RGK Fall 2018, 6.535 GeV, torus+1",2,5,6,9,2,2.5,2.25,0.3,0.38,0.34,6.535,0.7222838563715954,1,1.5,1.25,162,180,171,13.51553919491824,1.760778170833003,0.1302780559058306,,,
rgk6535,"RGK Fall 2018, 6.535 GeV, torus+1",2,5,6,10,2,2.5,2.25,0.3,0.38,0.34,6.535,0.7222838563715954,1,1.5,1.25,180,198,189,12.68296674280604,1.472568162842322,0.1161059705275647,,,
rgk6535,"RGK Fall 2018, 6.535 GeV, torus+1",2,5,6,11,2,2.5,2.25,0.3,0.38,0.34,6.535,0.7222838563715954,1,1.5,1.25,198,216,207,12.08618224693473,1.397372484868234,0.1156173600826375,,,
rgk6535,"RGK Fall 2018, 6.535 GeV, torus+1",2,5,6,12,2,2.5,2.25,0.3,0.38,0.34,6.535,0.7222838563715954,1,1.5,1.25,216,234,225,16.18734650263452,1.221959387474304,0.07548855442585528,,,
rgk6535,"RGK Fall 2018, 6.535 GeV, torus+1",2,5,6,13,2,2.5,2.25,0.3,0.38,0.34,6.535,0.7222838563715954,1,1.5,1.25,234,252,243,19.00268908198978,1.324725290084289,0.06971251723209147,,,
rgk6535,"RGK Fall 2018, 6.535 GeV, torus+1",2,5,6,14,2,2.5,2.25,0.3,0.38,0.34,6.535,0.7222838563715954,1,1.5,1.25,252,270,261,18.86605360987257,1.246858596254636,0.06609005900429317,,,
rgk6535,"RGK Fall 2018, 6.535 GeV, torus+1",2,5,6,15,2,2.5,2.25,0.3,0.38,0.34,6.535,0.7222838563715954,1,1.5,1.25,270,288,279,21.6072346483717,1.627028131815694,0.07530015563274801,,,
rgk6535,"RGK Fall 2018, 6.535 GeV, torus+1",2,5,6,16,2,2.5,2.25,0.3,0.38,0.34,6.535,0.7222838563715954,1,1.5,1.25,288,306,297,16.15618262743945,1.571195476236553,0.09725041567480518,,,
rgk6535,"RGK Fall 2018, 6.535 GeV, torus+1",2,5,6,17,2,2.5,2.25,0.3,0.38,0.34,6.535,0.7222838563715954,1,1.5,1.25,306,324,315,15.51119169521011,2.154638287060805,0.1389086234893327,,,
rgk6535,"RGK Fall 2018, 6.535 GeV, torus+1",2,5,6,18,2,2.5,2.25,0.3,0.38,0.34,6.535,0.7222838563715954,1,1.5,1.25,324,342,333,8.593936192815455,2.580099020123935,0.300223199502098,,,
rgk6535,"RGK Fall 2018, 6.535 GeV, torus+1",2,5,7,1,2,2.5,2.25,0.3,0.38,0.34,6.535,0.7222838563715954,1.5,2,1.75,18,36,27,1.86578957802745,1.180249891393271,0.6325739543689891,,,
rgk6535,"RGK Fall 2018, 6.535 GeV, torus+1",2,5,7,2,2,2.5,2.25,0.3,0.38,0.34,6.535,0.7222838563715954,1.5,2,1.75,36,54,45,6.020909100026163,1.186414337457153,0.1970490365735629,,,
rgk6535,"RGK Fall 2018, 6.535 GeV, torus+1",2,5,7,3,2,2.5,2.25,0.3,0.38,0.34,6.535,0.7222838563715954,1.5,2,1.75,54,72,63,7.857764131514537,1.218928761397661,0.1551241219507972,,,
rgk6535,"RGK Fall 2018, 6.535 GeV, torus+1",2,5,7,4,2,2.5,2.25,0.3,0.38,0.34,6.535,0.7222838563715954,1.5,2,1.75,72,90,81,7.588934317724634,0.9757075668527703,0.1285697735680645,,,
rgk6535,"RGK Fall 2018, 6.535 GeV, torus+1",2,5,7,5,2,2.5,2.25,0.3,0.38,0.34,6.535,0.7222838563715954,1.5,2,1.75,90,108,99,10.20104601127609,1.084951659566042,0.1063569028476837,,,
rgk6535,"RGK Fall 2018, 6.535 GeV, torus+1",2,5,7,6,2,2.5,2.25,0.3,0.38,0.34,6.535,0.7222838563715954,1.5,2,1.75,108,126,117,8.556428230059851,1.10913380518797,0.1296257942410407,,,
rgk6535,"RGK Fall 2018, 6.535 GeV, torus+1",2,5,7,7,2,2.5,2.25,0.3,0.38,0.34,6.535,0.7222838563715954,1.5,2,1.75,126,144,135,7.830136275828349,1.479239260102936,0.1889161577774005,,,
rgk6535,"RGK Fall 2018, 6.535 GeV, torus+1",2,5,7,8,2,2.5,2.25,0.3,0.38,0.34,6.535,0.7222838563715954,1.5,2,1.75,144,162,153,5.504616702666,1.745149801662048,0.3170338455749037,,,
rgk6535,"RGK Fall 2018, 6.535 GeV, torus+1",2,5,7,9,2,2.5,2.25,0.3,0.38,0.34,6.535,0.7222838563715954,1.5,2,1.75,162,180,171,5.812181835744509,2.387308492707611,0.4107422238626177,,,
rgk6535,"RGK Fall 2018, 6.535 GeV, torus+1",2,5,7,10,2,2.5,2.25,0.3,0.38,0.34,6.535,0.7222838563715954,1.5,2,1.75,180,198,189,3.537628598576141,1.531448033608265,0.4329024347622747,,,
rgk6535,"RGK Fall 2018, 6.535 GeV, torus+1",2,5,7,11,2,2.5,2.25,0.3,0.38,0.34,6.535,0.7222838563715954,1.5,2,1.75,198,216,207,8.465575492754233,1.984493161627897,0.2344191677608267,,,
rgk6535,"RGK Fall 2018, 6.535 GeV, torus+1",2,5,7,12,2,2.5,2.25,0.3,0.38,0.34,6.535,0.7222838563715954,1.5,2,1.75,216,234,225,8.352649218746558,1.354365442751582,0.1621480092462,,,
rgk6535,"RGK Fall 2018, 6.535 GeV, torus+1",2,5,7,13,2,2.5,2.25,0.3,0.38,0.34,6.535,0.7222838563715954,1.5,2,1.75,234,252,243,8.539813486621229,1.04655175724073,0.1225497206561121,,,
rgk6535,"RGK Fall 2018, 6.535 GeV, torus+1",2,5,7,14,2,2.5,2.25,0.3,0.38,0.34,6.535,0.7222838563715954,1.5,2,1.75,252,270,261,11.90777409038384,1.073177142043163,0.09012407641406391,,,
rgk6535,"RGK Fall 2018, 6.535 GeV, torus+1",2,5,7,15,2,2.5,2.25,0.3,0.38,0.34,6.535,0.7222838563715954,1.5,2,1.75,270,288,279,8.590257318744213,0.9794080949804019,0.1140138250391292,,,
rgk6535,"RGK Fall 2018, 6.535 GeV, torus+1",2,5,7,16,2,2.5,2.25,0.3,0.38,0.34,6.535,0.7222838563715954,1.5,2,1.75,288,306,297,6.372731828560007,1.141516935603527,0.1791252113399327,,,
rgk6535,"RGK Fall 2018, 6.535 GeV, torus+1",2,5,7,17,2,2.5,2.25,0.3,0.38,0.34,6.535,0.7222838563715954,1.5,2,1.75,306,324,315,6.353202468079544,1.380767342413526,0.2173340688181949,,,
rgk6535,"RGK Fall 2018, 6.535 GeV, torus+1",2,5,7,18,2,2.5,2.25,0.3,0.38,0.34,6.535,0.7222838563715954,1.5,2,1.75,324,342,333,6.563573327461578,1.820705522023879,0.277395472128903,,,
rgk6535,"RGK Fall 2018, 6.535 GeV, torus+1",2,6,2,0,2,2.5,2.296344475394615,0.38,0.48,0.3996878365831013,6.535,0.7913011271770621,0.2,0.3,0.25,0,18,9,333.1511051765545,114.7033148649318,0.3442981670558901,,,
rgk6535,"RGK Fall 2018, 6.535 GeV, torus+1",2,6,2,18,2,2.5,2.296344475394615,0.38,0.48,0.3996878365831013,6.535,0.7913011271770621,0.2,0.3,0.25,324,342,333,203.419184399822,106.9832603545828,0.5259251268273026,,,
rgk6535,"RGK Fall 2018, 6.535 GeV, torus+1",2,6,2,19,2,2.5,2.296344475394615,0.38,0.48,0.3996878365831013,6.535,0.7913011271770621,0.2,0.3,0.25,342,360,351,262.1848107698594,84.17454619912814,0.3210504298550493,,,
rgk6535,"RGK Fall 2018, 6.535 GeV, torus+1",2,6,3,0,2,2.5,2.308860153256705,0.38,0.48,0.4025670498084292,6.535,0.7918216910121629,0.3,0.4,0.35,0,18,9,57.49686710218466,13.71891021561121,0.2386027431934626,,,
rgk6535,"RGK Fall 2018, 6.535 GeV, torus+1",2,6,3,1,2,2.5,2.308860153256705,0.38,0.48,0.4025670498084292,6.535,0.7918216910121629,0.3,0.4,0.35,18,36,27,73.7387379698409,15.29807643584533,0.2074632256671145,,,
rgk6535,"RGK Fall 2018, 6.535 GeV, torus+1",2,6,3,2,2,2.5,2.308860153256705,0.38,0.48,0.4025670498084292,6.535,0.7918216910121629,0.3,0.4,0.35,36,54,45,74.01845535780099,15.69141429118245,0.211993268642679,,,
rgk6535,"RGK Fall 2018, 6.535 GeV, torus+1",2,6,3,3,2,2.5,2.308860153256705,0.38,0.48,0.4025670498084292,6.535,0.7918216910121629,0.3,0.4,0.35,54,72,63,81.02385055017184,15.08507625974075,0.1861806882456138,,,
rgk6535,"RGK Fall 2018, 6.535 GeV, torus+1",2,6,3,4,2,2.5,2.308860153256705,0.38,0.48,0.4025670498084292,6.535,0.7918216910121629,0.3,0.4,0.35,72,90,81,110.8493942465077,17.72520157203853,0.1599034590357896,,,
rgk6535,"RGK Fall 2018, 6.535 GeV, torus+1",2,6,3,5,2,2.5,2.308860153256705,0.38,0.48,0.4025670498084292,6.535,0.7918216910121629,0.3,0.4,0.35,90,108,99,135.4427137541016,37.54983562778761,0.2772377678134826,,,
rgk6535,"RGK Fall 2018, 6.535 GeV, torus+1",2,6,3,14,2,2.5,2.308860153256705,0.38,0.48,0.4025670498084292,6.535,0.7918216910121629,0.3,0.4,0.35,252,270,261,134.0285051544153,39.9024809239657,0.2977163766617685,,,
rgk6535,"RGK Fall 2018, 6.535 GeV, torus+1",2,6,3,15,2,2.5,2.308860153256705,0.38,0.48,0.4025670498084292,6.535,0.7918216910121629,0.3,0.4,0.35,270,288,279,88.26793655034908,22.1212304573848,0.2506145642678141,,,
rgk6535,"RGK Fall 2018, 6.535 GeV, torus+1",2,6,3,16,2,2.5,2.308860153256705,0.38,0.48,0.4025670498084292,6.535,0.7918216910121629,0.3,0.4,0.35,288,306,297,72.0283911208943,18.26962518845104,0.2536447767906801,,,
rgk6535,"RGK Fall 2018, 6.535 GeV, torus+1",2,6,3,17,2,2.5,2.308860153256705,0.38,0.48,0.4025670498084292,6.535,0.7918216910121629,0.3,0.4,0.35,306,324,315,105.12430793078,24.84219630653749,0.2363125788461318,,,
rgk6535,"RGK Fall 2018, 6.535 GeV, torus+1",2,6,3,18,2,2.5,2.308860153256705,0.38,0.48,0.4025670498084292,6.535,0.7918216910121629,0.3,0.4,0.35,324,342,333,91.48191817597231,19.74252910996692,0.2158079924820847,,,
rgk6535,"RGK Fall 2018, 6.535 GeV, torus+1",2,6,3,19,2,2.5,2.308860153256705,0.38,0.48,0.4025670498084292,6.535,0.7918216910121629,0.3,0.4,0.35,342,360,351,85.34073865319893,14.30369450045646,0.1676068748195713,,,
rgk6535,"RGK Fall 2018, 6.535 GeV, torus+1",2,6,4,0,2,2.5,2.308860153256705,0.38,0.48,0.4025670498084292,6.535,0.7918216910121629,0.4,0.6,0.5,0,18,9,63.72367016514162,10.61471149197287,0.1665740762335967,,,
rgk6535,"RGK Fall 2018, 6.535 GeV, torus+1",2,6,4,1,2,2.5,2.308860153256705,0.38,0.48,0.4025670498084292,6.535,0.7918216910121629,0.4,0.6,0.5,18,36,27,60.89589444458736,9.103408220609166,0.1494913294835151,,,
rgk6535,"RGK Fall 2018, 6.535 GeV, torus+1",2,6,4,2,2,2.5,2.308860153256705,0.38,0.48,0.4025670498084292,6.535,0.7918216910121629,0.4,0.6,0.5,36,54,45,71.06367199473021,8.011362929891172,0.1127349981363933,,,
rgk6535,"RGK Fall 2018, 6.535 GeV, torus+1",2,6,4,3,2,2.5,2.308860153256705,0.38,0.48,0.4025670498084292,6.535,0.7918216910121629,0.4,0.6,0.5,54,72,63,75.20091494026255,10.26174402270598,0.1364577017561238,,,
rgk6535,"RGK Fall 2018, 6.535 GeV, torus+1",2,6,4,4,2,2.5,2.308860153256705,0.38,0.48,0.4025670498084292,6.535,0.7918216910121629,0.4,0.6,0.5,72,90,81,66.38991284175476,7.042134471892791,0.1060723560321315,,,
rgk6535,"RGK Fall 2018, 6.535 GeV, torus+1",2,6,4,5,2,2.5,2.308860153256705,0.38,0.48,0.4025670498084292,6.535,0.7918216910121629,0.4,0.6,0.5,90,108,99,89.92437359449252,6.984357326645596,0.07766923524139353,,,
rgk6535,"RGK Fall 2018, 6.535 GeV, torus+1",2,6,4,6,2,2.5,2.308860153256705,0.38,0.48,0.4025670498084292,6.535,0.7918216910121629,0.4,0.6,0.5,108,126,117,90.12802898373991,9.243647454302998,0.1025612959534559,,,
rgk6535,"RGK Fall 2018, 6.535 GeV, torus+1",2,6,4,7,2,2.5,2.308860153256705,0.38,0.48,0.4025670498084292,6.535,0.7918216910121629,0.4,0.6,0.5,126,144,135,120.9238077112442,49.93029683203942,0.4129070840315311,,,
rgk6535,"RGK Fall 2018, 6.535 GeV, torus+1",2,6,4,12,2,2.5,2.308860153256705,0.38,0.48,0.4025670498084292,6.535,0.7918216910121629,0.4,0.6,0.5,216,234,225,48.55156826743718,25.5649368595045,0.5265522365556733,,,
rgk6535,"RGK Fall 2018, 6.535 GeV, torus+1",2,6,4,13,2,2.5,2.308860153256705,0.38,0.48,0.4025670498084292,6.535,0.7918216910121629,0.4,0.6,0.5,234,252,243,65.92454266935934,9.314359011690394,0.1412881854699548,,,
rgk6535,"RGK Fall 2018, 6.535 GeV, torus+1",2,6,4,14,2,2.5,2.308860153256705,0.38,0.48,0.4025670498084292,6.535,0.7918216910121629,0.4,0.6,0.5,252,270,261,83.43978303283315,8.640438499661855,0.1035529837878639,,,
rgk6535,"RGK Fall 2018, 6.535 GeV, torus+1",2,6,4,15,2,2.5,2.308860153256705,0.38,0.48,0.4025670498084292,6.535,0.7918216910121629,0.4,0.6,0.5,270,288,279,72.80929270402088,9.024976879528149,0.1239536403164338,,,
rgk6535,"RGK Fall 2018, 6.535 GeV, torus+1",2,6,4,16,2,2.5,2.308860153256705,0.38,0.48,0.4025670498084292,6.535,0.7918216910121629,0.4,0.6,0.5,288,306,297,96.52283290571781,13.19455309401884,0.1366987757902537,,,
rgk6535,"RGK Fall 2018, 6.535 GeV, torus+1",2,6,4,17,2,2.5,2.308860153256705,0.38,0.48,0.4025670498084292,6.535,0.7918216910121629,0.4,0.6,0.5,306,324,315,78.13419921613837,10.51682264043794,0.1345994807132512,,,
rgk6535,"RGK Fall 2018, 6.535 GeV, torus+1",2,6,4,18,2,2.5,2.308860153256705,0.38,0.48,0.4025670498084292,6.535,0.7918216910121629,0.4,0.6,0.5,324,342,333,62.06937515081504,11.63136146079629,0.1873929201403207,,,
rgk6535,"RGK Fall 2018, 6.535 GeV, torus+1",2,6,4,19,2,2.5,2.308860153256705,0.38,0.48,0.4025670498084292,6.535,0.7918216910121629,0.4,0.6,0.5,342,360,351,54.11465273280759,8.814245844486244,0.1628809462754348,,,
rgk6535,"RGK Fall 2018, 6.535 GeV, torus+1",2,6,5,0,2,2.5,2.308860153256705,0.38,0.48,0.4025670498084292,6.535,0.7918216910121629,0.6,1,0.8,0,18,9,30.3651710997072,7.441187442601962,0.245056661072913,,,
rgk6535,"RGK Fall 2018, 6.535 GeV, torus+1",2,6,5,1,2,2.5,2.308860153256705,0.38,0.48,0.4025670498084292,6.535,0.7918216910121629,0.6,1,0.8,18,36,27,49.35167859201278,7.205493644913123,0.1460030104442948,,,
rgk6535,"RGK Fall 2018, 6.535 GeV, torus+1",2,6,5,2,2,2.5,2.308860153256705,0.38,0.48,0.4025670498084292,6.535,0.7918216910121629,0.6,1,0.8,36,54,45,42.06123703706825,5.558189765172046,0.1321451806154359,,,
rgk6535,"RGK Fall 2018, 6.535 GeV, torus+1",2,6,5,3,2,2.5,2.308860153256705,0.38,0.48,0.4025670498084292,6.535,0.7918216910121629,0.6,1,0.8,54,72,63,55.23922044393556,6.373144938988199,0.1153735495861415,,,
rgk6535,"RGK Fall 2018, 6.535 GeV, torus+1",2,6,5,4,2,2.5,2.308860153256705,0.38,0.48,0.4025670498084292,6.535,0.7918216910121629,0.6,1,0.8,72,90,81,48.00738226059821,5.793651410679526,0.120682510436205,,,
rgk6535,"RGK Fall 2018, 6.535 GeV, torus+1",2,6,5,5,2,2.5,2.308860153256705,0.38,0.48,0.4025670498084292,6.535,0.7918216910121629,0.6,1,0.8,90,108,99,65.76401089254561,4.96762583212305,0.07553714812558876,,,
rgk6535,"RGK Fall 2018, 6.535 GeV, torus+1",2,6,5,6,2,2.5,2.308860153256705,0.38,0.48,0.4025670498084292,6.535,0.7918216910121629,0.6,1,0.8,108,126,117,50.59690130404661,4.242110427651106,0.08384130882164977,,,
rgk6535,"RGK Fall 2018, 6.535 GeV, torus+1",2,6,5,7,2,2.5,2.308860153256705,0.38,0.48,0.4025670498084292,6.535,0.7918216910121629,0.6,1,0.8,126,144,135,50.5684043159716,5.729669000383016,0.1133053154017231,,,
rgk6535,"RGK Fall 2018, 6.535 GeV, torus+1",2,6,5,12,2,2.5,2.308860153256705,0.38,0.48,0.4025670498084292,6.535,0.7918216910121629,0.6,1,0.8,216,234,225,51.60685774592501,5.444141273737696,0.1054925936498736,,,
rgk6535,"RGK Fall 2018, 6.535 GeV, torus+1",2,6,5,13,2,2.5,2.308860153256705,0.38,0.48,0.4025670498084292,6.535,0.7918216910121629,0.6,1,0.8,234,252,243,53.95653403827574,5.013862543930277,0.09292410332312187,,,
rgk6535,"RGK Fall 2018, 6.535 GeV, torus+1",2,6,5,14,2,2.5,2.308860153256705,0.38,0.48,0.4025670498084292,6.535,0.7918216910121629,0.6,1,0.8,252,270,261,58.1544168688383,4.66195166914813,0.08016504885024836,,,
rgk6535,"RGK Fall 2018, 6.535 GeV, torus+1",2,6,5,15,2,2.5,2.308860153256705,0.38,0.48,0.4025670498084292,6.535,0.7918216910121629,0.6,1,0.8,270,288,279,43.1200965082196,5.772032599973191,0.1338594545787466,,,
rgk6535,"RGK Fall 2018, 6.535 GeV, torus+1",2,6,5,16,2,2.5,2.308860153256705,0.38,0.48,0.4025670498084292,6.535,0.7918216910121629,0.6,1,0.8,288,306,297,71.81956338312202,6.68823226257994,0.09312549321556737,,,
rgk6535,"RGK Fall 2018, 6.535 GeV, torus+1",2,6,5,17,2,2.5,2.308860153256705,0.38,0.48,0.4025670498084292,6.535,0.7918216910121629,0.6,1,0.8,306,324,315,48.75563103883339,5.497706015212914,0.1127604319352167,,,
rgk6535,"RGK Fall 2018, 6.535 GeV, torus+1",2,6,5,18,2,2.5,2.308860153256705,0.38,0.48,0.4025670498084292,6.535,0.7918216910121629,0.6,1,0.8,324,342,333,32.11570277775807,6.136606082962444,0.1910780569065544,,,
rgk6535,"RGK Fall 2018, 6.535 GeV, torus+1",2,6,5,19,2,2.5,2.308860153256705,0.38,0.48,0.4025670498084292,6.535,0.7918216910121629,0.6,1,0.8,342,360,351,26.10015731565769,7.494448540287213,0.2871418915084943,,,
rgk6535,"RGK Fall 2018, 6.535 GeV, torus+1",2,6,6,1,2,2.5,2.308860153256705,0.38,0.48,0.4025670498084292,6.535,0.7918216910121629,1,1.5,1.25,18,36,27,10.99362784215745,4.059562326451462,0.3692650310468205,,,
rgk6535,"RGK Fall 2018, 6.535 GeV, torus+1",2,6,6,2,2,2.5,2.308860153256705,0.38,0.48,0.4025670498084292,6.535,0.7918216910121629,1,1.5,1.25,36,54,45,17.25270110674513,3.217057552960171,0.1864668919409047,,,
rgk6535,"RGK Fall 2018, 6.535 GeV, torus+1",2,6,6,3,2,2.5,2.308860153256705,0.38,0.48,0.4025670498084292,6.535,0.7918216910121629,1,1.5,1.25,54,72,63,30.46007844676937,3.84505014166155,0.126232443832375,,,
rgk6535,"RGK Fall 2018, 6.535 GeV, torus+1",2,6,6,4,2,2.5,2.308860153256705,0.38,0.48,0.4025670498084292,6.535,0.7918216910121629,1,1.5,1.25,72,90,81,25.035943519084,3.498305335898833,0.1397313160269834,,,
rgk6535,"RGK Fall 2018, 6.535 GeV, torus+1",2,6,6,5,2,2.5,2.308860153256705,0.38,0.48,0.4025670498084292,6.535,0.7918216910121629,1,1.5,1.25,90,108,99,30.42265042152896,3.110377886197167,0.1022388859320446,,,
rgk6535,"RGK Fall 2018, 6.535 GeV, torus+1",2,6,6,6,2,2.5,2.308860153256705,0.38,0.48,0.4025670498084292,6.535,0.7918216910121629,1,1.5,1.25,108,126,117,32.48918485872611,3.688236985002681,0.1135219920425943,,,
rgk6535,"RGK Fall 2018, 6.535 GeV, torus+1",2,6,6,7,2,2.5,2.308860153256705,0.38,0.48,0.4025670498084292,6.535,0.7918216910121629,1,1.5,1.25,126,144,135,17.13275910436698,4.54683568792919,0.2653884094343126,,,
rgk6535,"RGK Fall 2018, 6.535 GeV, torus+1",2,6,6,11,2,2.5,2.308860153256705,0.38,0.48,0.4025670498084292,6.535,0.7918216910121629,1,1.5,1.25,198,216,207,19.9820973564423,12.30264347064603,0.6156832914578715,,,
rgk6535,"RGK Fall 2018, 6.535 GeV, torus+1",2,6,6,12,2,2.5,2.308860153256705,0.38,0.48,0.4025670498084292,6.535,0.7918216910121629,1,1.5,1.25,216,234,225,25.06457322731232,5.094636728452787,0.2032604617780315,,,
rgk6535,"RGK Fall 2018, 6.535 GeV, torus+1",2,6,6,13,2,2.5,2.308860153256705,0.38,0.48,0.4025670498084292,6.535,0.7918216910121629,1,1.5,1.25,234,252,243,25.34033111259202,3.60340412799948,0.142200356893083,,,
rgk6535,"RGK Fall 2018, 6.535 GeV, torus+1",2,6,6,14,2,2.5,2.308860153256705,0.38,0.48,0.4025670498084292,6.535,0.7918216910121629,1,1.5,1.25,252,270,261,29.70327865284493,2.999298187549385,0.1009753240577743,,,
rgk6535,"RGK Fall 2018, 6.535 GeV, torus+1",2,6,6,15,2,2.5,2.308860153256705,0.38,0.48,0.4025670498084292,6.535,0.7918216910121629,1,1.5,1.25,270,288,279,21.19360353054531,2.879945364046079,0.1358874794413963,,,
rgk6535,"RGK Fall 2018, 6.535 GeV, torus+1",2,6,6,16,2,2.5,2.308860153256705,0.38,0.48,0.4025670498084292,6.535,0.7918216910121629,1,1.5,1.25,288,306,297,27.78201369104328,3.734494824096082,0.1344213153742724,,,
rgk6535,"RGK Fall 2018, 6.535 GeV, torus+1",2,6,6,17,2,2.5,2.308860153256705,0.38,0.48,0.4025670498084292,6.535,0.7918216910121629,1,1.5,1.25,306,324,315,18.69428681986947,3.264493213731786,0.174625180686865,,,
rgk6535,"RGK Fall 2018, 6.535 GeV, torus+1",2,6,6,18,2,2.5,2.308860153256705,0.38,0.48,0.4025670498084292,6.535,0.7918216910121629,1,1.5,1.25,324,342,333,9.835102656610527,3.603339788361466,0.3663754120491596,,,
rgk6535,"RGK Fall 2018, 6.535 GeV, torus+1",2,6,7,1,2,2.5,2.308860153256705,0.38,0.48,0.4025670498084292,6.535,0.7918216910121629,1.5,2,1.75,18,36,27,1.390198238296957,1.692227620266735,1.21725634060634,,,
rgk6535,"RGK Fall 2018, 6.535 GeV, torus+1",2,6,7,2,2,2.5,2.308860153256705,0.38,0.48,0.4025670498084292,6.535,0.7918216910121629,1.5,2,1.75,36,54,45,9.37683415939996,2.418155546082652,0.2578861377918828,,,
rgk6535,"RGK Fall 2018, 6.535 GeV, torus+1",2,6,7,3,2,2.5,2.308860153256705,0.38,0.48,0.4025670498084292,6.535,0.7918216910121629,1.5,2,1.75,54,72,63,11.94699508297102,2.832143027033695,0.237059026756491,,,
rgk6535,"RGK Fall 2018, 6.535 GeV, torus+1",2,6,7,4,2,2.5,2.308860153256705,0.38,0.48,0.4025670498084292,6.535,0.7918216910121629,1.5,2,1.75,72,90,81,13.28426873755526,2.122918210595479,0.1598069304781443,,,
rgk6535,"RGK Fall 2018, 6.535 GeV, torus+1",2,6,7,5,2,2.5,2.308860153256705,0.38,0.48,0.4025670498084292,6.535,0.7918216910121629,1.5,2,1.75,90,108,99,15.44999817486591,3.198355607889222,0.2070133324088228,,,
rgk6535,"RGK Fall 2018, 6.535 GeV, torus+1",2,6,7,6,2,2.5,2.308860153256705,0.38,0.48,0.4025670498084292,6.535,0.7918216910121629,1.5,2,1.75,108,126,117,23.33495668399409,8.437968974939308,0.3616020843410041,,,
rgk6535,"RGK Fall 2018, 6.535 GeV, torus+1",2,6,7,13,2,2.5,2.308860153256705,0.38,0.48,0.4025670498084292,6.535,0.7918216910121629,1.5,2,1.75,234,252,243,8.710233994648942,4.590683251105909,0.5270447675603384,,,
rgk6535,"RGK Fall 2018, 6.535 GeV, torus+1",2,6,7,14,2,2.5,2.308860153256705,0.38,0.48,0.4025670498084292,6.535,0.7918216910121629,1.5,2,1.75,252,270,261,16.67248031211743,3.041160248788212,0.1824059883026475,,,
rgk6535,"RGK Fall 2018, 6.535 GeV, torus+1",2,6,7,15,2,2.5,2.308860153256705,0.38,0.48,0.4025670498084292,6.535,0.7918216910121629,1.5,2,1.75,270,288,279,10.17560440116398,2.00198150919879,0.1967432528105933,,,
rgk6535,"RGK Fall 2018, 6.535 GeV, torus+1",2,6,7,16,2,2.5,2.308860153256705,0.38,0.48,0.4025670498084292,6.535,0.7918216910121629,1.5,2,1.75,288,306,297,8.269489798071161,2.431730829944115,0.294060563507958,,,
rgk6535,"RGK Fall 2018, 6.535 GeV, torus+1",2,6,7,17,2,2.5,2.308860153256705,0.38,0.48,0.4025670498084292,6.535,0.7918216910121629,1.5,2,1.75,306,324,315,8.854944052603981,2.567133243580149,0.2899095949482854,,,
rgk6535,"RGK Fall 2018, 6.535 GeV, torus+1",2,6,7,18,2,2.5,2.308860153256705,0.38,0.48,0.4025670498084292,6.535,0.7918216910121629,1.5,2,1.75,324,342,333,6.178302335327631,2.796753679449802,0.452673489844924,,,
rgk6535,"RGK Fall 2018, 6.535 GeV, torus+1",3,4,3,4,2.5,3,2.697617124394184,0.25,0.3,0.2804940764674205,6.535,0.3709419567036634,0.3,0.4,0.35,72,90,81,8.937216506170024,12.0511013718113,1.348417749921525,,,
rgk6535,"RGK Fall 2018, 6.535 GeV, torus+1",3,4,3,5,2.5,3,2.697617124394184,0.25,0.3,0.2804940764674205,6.535,0.3709419567036634,0.3,0.4,0.35,90,108,99,10.5831831448458,12.55531735965385,1.186346034819262,,,
rgk6535,"RGK Fall 2018, 6.535 GeV, torus+1",3,4,3,6,2.5,3,2.697617124394184,0.25,0.3,0.2804940764674205,6.535,0.3709419567036634,0.3,0.4,0.35,108,126,117,8.792721589919397,12.00728142958626,1.365593270160204,,,
rgk6535,"RGK Fall 2018, 6.535 GeV, torus+1",3,4,3,7,2.5,3,2.697617124394184,0.25,0.3,0.2804940764674205,6.535,0.3709419567036634,0.3,0.4,0.35,126,144,135,32.07151400665651,21.31953084190566,0.6647497476259072,,,
rgk6535,"RGK Fall 2018, 6.535 GeV, torus+1",3,4,3,8,2.5,3,2.697617124394184,0.25,0.3,0.2804940764674205,6.535,0.3709419567036634,0.3,0.4,0.35,144,162,153,15.29394088578381,15.78484440270994,1.032097908615721,,,
rgk6535,"RGK Fall 2018, 6.535 GeV, torus+1",3,4,3,10,2.5,3,2.697617124394184,0.25,0.3,0.2804940764674205,6.535,0.3709419567036634,0.3,0.4,0.35,180,198,189,13.66078921786542,13.96081925565515,1.021962862687124,,,
rgk6535,"RGK Fall 2018, 6.535 GeV, torus+1",3,4,3,11,2.5,3,2.697617124394184,0.25,0.3,0.2804940764674205,6.535,0.3709419567036634,0.3,0.4,0.35,198,216,207,36.37985868387302,24.10414917816602,0.6625685214343959,,,
rgk6535,"RGK Fall 2018, 6.535 GeV, torus+1",3,4,3,12,2.5,3,2.697617124394184,0.25,0.3,0.2804940764674205,6.535,0.3709419567036634,0.3,0.4,0.35,216,234,225,15.94132123573396,18.45253046939451,1.15752829997751,,,
rgk6535,"RGK Fall 2018, 6.535 GeV, torus+1",3,4,3,13,2.5,3,2.697617124394184,0.25,0.3,0.2804940764674205,6.535,0.3709419567036634,0.3,0.4,0.35,234,252,243,7.813100454776932,13.01410666131387,1.66567763164456,,,
rgk6535,"RGK Fall 2018, 6.535 GeV, torus+1",3,4,3,16,2.5,3,2.697617124394184,0.25,0.3,0.2804940764674205,6.535,0.3709419567036634,0.3,0.4,0.35,288,306,297,54.91625041466965,36.73547330707115,0.668936298994989,,,
rgk6535,"RGK Fall 2018, 6.535 GeV, torus+1",3,4,4,3,2.5,3,2.697617124394184,0.25,0.3,0.2804940764674205,6.535,0.3709419567036634,0.4,0.6,0.5,54,72,63,19.39995971659717,14.12530283494184,0.7281099054477559,,,
rgk6535,"RGK Fall 2018, 6.535 GeV, torus+1",3,4,4,4,2.5,3,2.697617124394184,0.25,0.3,0.2804940764674205,6.535,0.3709419567036634,0.4,0.6,0.5,72,90,81,27.67905919994028,12.78452354550467,0.4618843239271751,,,
rgk6535,"RGK Fall 2018, 6.535 GeV, torus+1",3,4,4,5,2.5,3,2.697617124394184,0.25,0.3,0.2804940764674205,6.535,0.3709419567036634,0.4,0.6,0.5,90,108,99,15.99094638749702,8.785350488233425,0.5493952812638095,,,
rgk6535,"RGK Fall 2018, 6.535 GeV, torus+1",3,4,4,6,2.5,3,2.697617124394184,0.25,0.3,0.2804940764674205,6.535,0.3709419567036634,0.4,0.6,0.5,108,126,117,14.16727821170601,8.134397692174144,0.5741679926531638,,,
rgk6535,"RGK Fall 2018, 6.535 GeV, torus+1",3,4,4,7,2.5,3,2.697617124394184,0.25,0.3,0.2804940764674205,6.535,0.3709419567036634,0.4,0.6,0.5,126,144,135,1.371739055379622,1.905967704337576,1.38945355303754,,,
rgk6535,"RGK Fall 2018, 6.535 GeV, torus+1",3,4,4,8,2.5,3,2.697617124394184,0.25,0.3,0.2804940764674205,6.535,0.3709419567036634,0.4,0.6,0.5,144,162,153,10.14171492091304,6.014552456578138,0.5930508305035911,,,
rgk6535,"RGK Fall 2018, 6.535 GeV, torus+1",3,4,4,9,2.5,3,2.697617124394184,0.25,0.3,0.2804940764674205,6.535,0.3709419567036634,0.4,0.6,0.5,162,180,171,1.137614150405836,1.834206137307297,1.612327111659921,,,
rgk6535,"RGK Fall 2018, 6.535 GeV, torus+1",3,4,4,10,2.5,3,2.697617124394184,0.25,0.3,0.2804940764674205,6.535,0.3709419567036634,0.4,0.6,0.5,180,198,189,12.84953430666789,5.648413134545279,0.4395811552185357,,,
rgk6535,"RGK Fall 2018, 6.535 GeV, torus+1",3,4,4,11,2.5,3,2.697617124394184,0.25,0.3,0.2804940764674205,6.535,0.3709419567036634,0.4,0.6,0.5,198,216,207,6.071481643153493,3.834046070127287,0.6314844210145557,,,
rgk6535,"RGK Fall 2018, 6.535 GeV, torus+1",3,4,4,12,2.5,3,2.697617124394184,0.25,0.3,0.2804940764674205,6.535,0.3709419567036634,0.4,0.6,0.5,216,234,225,14.34468259861019,5.990662463815198,0.4176225177959402,,,
rgk6535,"RGK Fall 2018, 6.535 GeV, torus+1",3,4,4,13,2.5,3,2.697617124394184,0.25,0.3,0.2804940764674205,6.535,0.3709419567036634,0.4,0.6,0.5,234,252,243,12.82681411655915,6.979442816825393,0.544129099665916,,,
rgk6535,"RGK Fall 2018, 6.535 GeV, torus+1",3,4,4,14,2.5,3,2.697617124394184,0.25,0.3,0.2804940764674205,6.535,0.3709419567036634,0.4,0.6,0.5,252,270,261,9.071437118239063,6.980140220261984,0.7694635512853515,,,
rgk6535,"RGK Fall 2018, 6.535 GeV, torus+1",3,4,4,15,2.5,3,2.697617124394184,0.25,0.3,0.2804940764674205,6.535,0.3709419567036634,0.4,0.6,0.5,270,288,279,33.996253513893,15.31231950798039,0.450411969710804,,,
rgk6535,"RGK Fall 2018, 6.535 GeV, torus+1",3,4,5,3,2.5,3,2.697617124394184,0.25,0.3,0.2804940764674205,6.535,0.3709419567036634,0.6,1,0.8,54,72,63,6.40174369981235,4.897978260486754,0.765100649160685,,,
rgk6535,"RGK Fall 2018, 6.535 GeV, torus+1",3,4,5,4,2.5,3,2.697617124394184,0.25,0.3,0.2804940764674205,6.535,0.3709419567036634,0.6,1,0.8,72,90,81,4.806618022199436,2.760681822018207,0.5743501583167119,,,
rgk6535,"RGK Fall 2018, 6.535 GeV, torus+1",3,4,5,5,2.5,3,2.697617124394184,0.25,0.3,0.2804940764674205,6.535,0.3709419567036634,0.6,1,0.8,90,108,99,6.141357977611805,4.42418332424271,0.7203917017003373,,,
rgk6535,"RGK Fall 2018, 6.535 GeV, torus+1",3,4,5,6,2.5,3,2.697617124394184,0.25,0.3,0.2804940764674205,6.535,0.3709419567036634,0.6,1,0.8,108,126,117,16.65913730253756,5.616091421461414,0.3371177822398977,,,
rgk6535,"RGK Fall 2018, 6.535 GeV, torus+1",3,4,5,7,2.5,3,2.697617124394184,0.25,0.3,0.2804940764674205,6.535,0.3709419567036634,0.6,1,0.8,126,144,135,6.502740780476415,2.554093670859541,0.392771872212384,,,
rgk6535,"RGK Fall 2018, 6.535 GeV, torus+1",3,4,5,8,2.5,3,2.697617124394184,0.25,0.3,0.2804940764674205,6.535,0.3709419567036634,0.6,1,0.8,144,162,153,4.537008327355919,2.195570013273446,0.4839246161474386,,,
rgk6535,"RGK Fall 2018, 6.535 GeV, torus+1",3,4,5,9,2.5,3,2.697617124394184,0.25,0.3,0.2804940764674205,6.535,0.3709419567036634,0.6,1,0.8,162,180,171,5.88051926217383,2.964631940230685,0.5041445845268366,,,
rgk6535,"RGK Fall 2018, 6.535 GeV, torus+1",3,4,5,10,2.5,3,2.697617124394184,0.25,0.3,0.2804940764674205,6.535,0.3709419567036634,0.6,1,0.8,180,198,189,5.760919607126313,2.540636807386251,0.4410123696646381,,,
rgk6535,"RGK Fall 2018, 6.535 GeV, torus+1",3,4,5,11,2.5,3,2.697617124394184,0.25,0.3,0.2804940764674205,6.535,0.3709419567036634,0.6,1,0.8,198,216,207,10.05524047954469,3.488492513165587,0.346932778013833,,,
rgk6535,"RGK Fall 2018, 6.535 GeV, torus+1",3,4,5,12,2.5,3,2.697617124394184,0.25,0.3,0.2804940764674205,6.535,0.3709419567036634,0.6,1,0.8,216,234,225,4.064767939558259,2.079927315080571,0.5116964476222001,,,
rgk6535,"RGK Fall 2018, 6.535 GeV, torus+1",3,4,5,13,2.5,3,2.697617124394184,0.25,0.3,0.2804940764674205,6.535,0.3709419567036634,0.6,1,0.8,234,252,243,7.483921231444269,3.262017144292463,0.4358700530661451,,,
rgk6535,"RGK Fall 2018, 6.535 GeV, torus+1",3,4,5,14,2.5,3,2.697617124394184,0.25,0.3,0.2804940764674205,6.535,0.3709419567036634,0.6,1,0.8,252,270,261,5.786668780351381,3.488142917724084,0.6027894545421477,,,
rgk6535,"RGK Fall 2018, 6.535 GeV, torus+1",3,4,5,15,2.5,3,2.697617124394184,0.25,0.3,0.2804940764674205,6.535,0.3709419567036634,0.6,1,0.8,270,288,279,17.35846318343334,6.028141997517833,0.3472739454994497,,,
rgk6535,"RGK Fall 2018, 6.535 GeV, torus+1",3,4,5,16,2.5,3,2.697617124394184,0.25,0.3,0.2804940764674205,6.535,0.3709419567036634,0.6,1,0.8,288,306,297,16.16761903028031,8.525525303666999,0.5273210166382295,,,
rgk6535,"RGK Fall 2018, 6.535 GeV, torus+1",3,4,6,3,2.5,3,2.697617124394184,0.25,0.3,0.2804940764674205,6.535,0.3709419567036634,1,1.5,1.25,54,72,63,7.492322988467195,4.156881521052999,0.55481878283299,,,
rgk6535,"RGK Fall 2018, 6.535 GeV, torus+1",3,4,6,4,2.5,3,2.697617124394184,0.25,0.3,0.2804940764674205,6.535,0.3709419567036634,1,1.5,1.25,72,90,81,10.40352971325943,5.605833108731522,0.5388395345847683,,,
rgk6535,"RGK Fall 2018, 6.535 GeV, torus+1",3,4,6,5,2.5,3,2.697617124394184,0.25,0.3,0.2804940764674205,6.535,0.3709419567036634,1,1.5,1.25,90,108,99,6.452377656438015,4.022820346514482,0.6234632504036115,,,
rgk6535,"RGK Fall 2018, 6.535 GeV, torus+1",3,4,6,6,2.5,3,2.697617124394184,0.25,0.3,0.2804940764674205,6.535,0.3709419567036634,1,1.5,1.25,108,126,117,3.947401912622479,2.2560362133536,0.5715243249337105,,,
rgk6535,"RGK Fall 2018, 6.535 GeV, torus+1",3,4,6,7,2.5,3,2.697617124394184,0.25,0.3,0.2804940764674205,6.535,0.3709419567036634,1,1.5,1.25,126,144,135,3.442243433589493,2.085305238759733,0.6057983053758705,,,
rgk6535,"RGK Fall 2018, 6.535 GeV, torus+1",3,4,6,8,2.5,3,2.697617124394184,0.25,0.3,0.2804940764674205,6.535,0.3709419567036634,1,1.5,1.25,144,162,153,4.998776307316175,2.076820312398262,0.4154657429576599,,,
rgk6535,"RGK Fall 2018, 6.535 GeV, torus+1",3,4,6,9,2.5,3,2.697617124394184,0.25,0.3,0.2804940764674205,6.535,0.3709419567036634,1,1.5,1.25,162,180,171,6.763781007708165,3.199660567459159,0.4730579780470051,,,
rgk6535,"RGK Fall 2018, 6.535 GeV, torus+1",3,4,6,10,2.5,3,2.697617124394184,0.25,0.3,0.2804940764674205,6.535,0.3709419567036634,1,1.5,1.25,180,198,189,2.055601400173202,1.334508687674203,0.6492059635500145,,,
rgk6535,"RGK Fall 2018, 6.535 GeV, torus+1",3,4,6,11,2.5,3,2.697617124394184,0.25,0.3,0.2804940764674205,6.535,0.3709419567036634,1,1.5,1.25,198,216,207,2.106072204310388,1.342401072849435,0.6373955603715831,,,
rgk6535,"RGK Fall 2018, 6.535 GeV, torus+1",3,4,6,12,2.5,3,2.697617124394184,0.25,0.3,0.2804940764674205,6.535,0.3709419567036634,1,1.5,1.25,216,234,225,8.292506246546758,2.854141078111859,0.3441831689063131,,,
rgk6535,"RGK Fall 2018, 6.535 GeV, torus+1",3,4,6,13,2.5,3,2.697617124394184,0.25,0.3,0.2804940764674205,6.535,0.3709419567036634,1,1.5,1.25,234,252,243,3.238551628589798,1.619597173203665,0.5000992292066395,,,
rgk6535,"RGK Fall 2018, 6.535 GeV, torus+1",3,4,6,14,2.5,3,2.697617124394184,0.25,0.3,0.2804940764674205,6.535,0.3709419567036634,1,1.5,1.25,252,270,261,4.24422522764675,2.483895753917654,0.5852412680028466,,,
rgk6535,"RGK Fall 2018, 6.535 GeV, torus+1",3,4,6,15,2.5,3,2.697617124394184,0.25,0.3,0.2804940764674205,6.535,0.3709419567036634,1,1.5,1.25,270,288,279,5.970923572691,3.397973867294255,0.5690868131080167,,,
rgk6535,"RGK Fall 2018, 6.535 GeV, torus+1",3,4,6,16,2.5,3,2.697617124394184,0.25,0.3,0.2804940764674205,6.535,0.3709419567036634,1,1.5,1.25,288,306,297,9.142876465910774,5.7247686454585,0.626145247264721,,,
rgk6535,"RGK Fall 2018, 6.535 GeV, torus+1",3,4,7,2,2.5,3,2.697617124394184,0.25,0.3,0.2804940764674205,6.535,0.3709419567036634,1.5,2,1.75,36,54,45,1.418861362909559,1.936589642427179,1.364889969556963,,,
rgk6535,"RGK Fall 2018, 6.535 GeV, torus+1",3,4,7,3,2.5,3,2.697617124394184,0.25,0.3,0.2804940764674205,6.535,0.3709419567036634,1.5,2,1.75,54,72,63,0.6667536274916864,1.102588288556437,1.653666726500389,,,
rgk6535,"RGK Fall 2018, 6.535 GeV, torus+1",3,4,7,4,2.5,3,2.697617124394184,0.25,0.3,0.2804940764674205,6.535,0.3709419567036634,1.5,2,1.75,72,90,81,3.265393780373236,3.212939739626411,0.9839363812529742,,,
rgk6535,"RGK Fall 2018, 6.535 GeV, torus+1",3,4,7,5,2.5,3,2.697617124394184,0.25,0.3,0.2804940764674205,6.535,0.3709419567036634,1.5,2,1.75,90,108,99,0.3508358132164251,0.4962989456317185,1.414618824348925,,,
rgk6535,"RGK Fall 2018, 6.535 GeV, torus+1",3,4,7,6,2.5,3,2.697617124394184,0.25,0.3,0.2804940764674205,6.535,0.3709419567036634,1.5,2,1.75,108,126,117,0.4682877071636626,0.8575349852579813,1.831213957017838,,,
rgk6535,"RGK Fall 2018, 6.535 GeV, torus+1",3,4,7,7,2.5,3,2.697617124394184,0.25,0.3,0.2804940764674205,6.535,0.3709419567036634,1.5,2,1.75,126,144,135,0.5987625539807561,0.9274357089484729,1.548920691153108,,,
rgk6535,"RGK Fall 2018, 6.535 GeV, torus+1",3,4,7,8,2.5,3,2.697617124394184,0.25,0.3,0.2804940764674205,6.535,0.3709419567036634,1.5,2,1.75,144,162,153,0.9483903912310852,1.539561159644292,1.623341161908885,,,
rgk6535,"RGK Fall 2018, 6.535 GeV, torus+1",3,4,7,9,2.5,3,2.697617124394184,0.25,0.3,0.2804940764674205,6.535,0.3709419567036634,1.5,2,1.75,162,180,171,0.6128181015540721,0.9349438356640525,1.525646571622293,,,
rgk6535,"RGK Fall 2018, 6.535 GeV, torus+1",3,4,7,10,2.5,3,2.697617124394184,0.25,0.3,0.2804940764674205,6.535,0.3709419567036634,1.5,2,1.75,180,198,189,1.414392360735333,1.331813356391225,0.9416152076067666,,,
rgk6535,"RGK Fall 2018, 6.535 GeV, torus+1",3,4,7,12,2.5,3,2.697617124394184,0.25,0.3,0.2804940764674205,6.535,0.3709419567036634,1.5,2,1.75,216,234,225,1.127131040282002,1.001296249888188,0.8883583311108791,,,
rgk6535,"RGK Fall 2018, 6.535 GeV, torus+1",3,4,7,13,2.5,3,2.697617124394184,0.25,0.3,0.2804940764674205,6.535,0.3709419567036634,1.5,2,1.75,234,252,243,3.377766895157745,1.552342881705889,0.4595766759190152,,,
rgk6535,"RGK Fall 2018, 6.535 GeV, torus+1",3,4,7,14,2.5,3,2.697617124394184,0.25,0.3,0.2804940764674205,6.535,0.3709419567036634,1.5,2,1.75,252,270,261,2.845848776024256,1.550091943794446,0.544685282244679,,,
rgk6535,"RGK Fall 2018, 6.535 GeV, torus+1",3,4,7,16,2.5,3,2.697617124394184,0.25,0.3,0.2804940764674205,6.535,0.3709419567036634,1.5,2,1.75,288,306,297,2.576072605559336,2.533809997808754,0.9835941705760247,,,
rgk6535,"RGK Fall 2018, 6.535 GeV, torus+1",3,4,7,17,2.5,3,2.697617124394184,0.25,0.3,0.2804940764674205,6.535,0.3709419567036634,1.5,2,1.75,306,324,315,2.564580883501707,2.752030374318826,1.073091666565483,,,
rgk6535,"RGK Fall 2018, 6.535 GeV, torus+1",3,5,2,1,2.5,3,2.75,0.3,0.38,0.34,6.535,0.5650183294378766,0.2,0.3,0.25,18,36,27,37.70397652774174,24.68817112814573,0.6547895845941004,,,
rgk6535,"RGK Fall 2018, 6.535 GeV, torus+1",3,5,2,2,2.5,3,2.75,0.3,0.38,0.34,6.535,0.5650183294378766,0.2,0.3,0.25,36,54,45,84.54159165397449,43.27767078577165,0.5119098178669915,,,
rgk6535,"RGK Fall 2018, 6.535 GeV, torus+1",3,5,2,19,2.5,3,2.75,0.3,0.38,0.34,6.535,0.5650183294378766,0.2,0.3,0.25,342,360,351,36.36602523541114,23.56654309026489,0.648037362832745,,,
rgk6535,"RGK Fall 2018, 6.535 GeV, torus+1",3,5,3,0,2.5,3,2.75,0.3,0.38,0.34,6.535,0.5650183294378766,0.3,0.4,0.35,0,18,9,35.29787488657303,14.62290060992788,0.414271415968169,,,
rgk6535,"RGK Fall 2018, 6.535 GeV, torus+1",3,5,3,1,2.5,3,2.75,0.3,0.38,0.34,6.535,0.5650183294378766,0.3,0.4,0.35,18,36,27,45.37344382932735,11.99518684709173,0.264365801551492,,,
rgk6535,"RGK Fall 2018, 6.535 GeV, torus+1",3,5,3,2,2.5,3,2.75,0.3,0.38,0.34,6.535,0.5650183294378766,0.3,0.4,0.35,36,54,45,22.48869524980734,7.929110178737747,0.3525820458083568,,,
rgk6535,"RGK Fall 2018, 6.535 GeV, torus+1",3,5,3,3,2.5,3,2.75,0.3,0.38,0.34,6.535,0.5650183294378766,0.3,0.4,0.35,54,72,63,40.6485501091413,10.02911389066641,0.2467274690914743,,,
rgk6535,"RGK Fall 2018, 6.535 GeV, torus+1",3,5,3,4,2.5,3,2.75,0.3,0.38,0.34,6.535,0.5650183294378766,0.3,0.4,0.35,72,90,81,54.62291458535962,10.09086552883926,0.184736856417103,,,
rgk6535,"RGK Fall 2018, 6.535 GeV, torus+1",3,5,3,5,2.5,3,2.75,0.3,0.38,0.34,6.535,0.5650183294378766,0.3,0.4,0.35,90,108,99,41.5722611069359,11.18071885573343,0.2689466138724901,,,
rgk6535,"RGK Fall 2018, 6.535 GeV, torus+1",3,5,3,6,2.5,3,2.75,0.3,0.38,0.34,6.535,0.5650183294378766,0.3,0.4,0.35,108,126,117,66.2420526152261,19.74587826846717,0.2980867513747372,,,
rgk6535,"RGK Fall 2018, 6.535 GeV, torus+1",3,5,3,13,2.5,3,2.75,0.3,0.38,0.34,6.535,0.5650183294378766,0.3,0.4,0.35,234,252,243,37.70565405875103,13.26317323342787,0.3517555540281007,,,
rgk6535,"RGK Fall 2018, 6.535 GeV, torus+1",3,5,3,14,2.5,3,2.75,0.3,0.38,0.34,6.535,0.5650183294378766,0.3,0.4,0.35,252,270,261,28.42465006190291,7.878223610938273,0.2771616745951546,,,
rgk6535,"RGK Fall 2018, 6.535 GeV, torus+1",3,5,3,15,2.5,3,2.75,0.3,0.38,0.34,6.535,0.5650183294378766,0.3,0.4,0.35,270,288,279,39.6562938226106,10.19662163038769,0.2571249263987936,,,
rgk6535,"RGK Fall 2018, 6.535 GeV, torus+1",3,5,3,16,2.5,3,2.75,0.3,0.38,0.34,6.535,0.5650183294378766,0.3,0.4,0.35,288,306,297,52.17960194159106,13.3630893352943,0.2560979547190244,,,
rgk6535,"RGK Fall 2018, 6.535 GeV, torus+1",3,5,3,17,2.5,3,2.75,0.3,0.38,0.34,6.535,0.5650183294378766,0.3,0.4,0.35,306,324,315,32.99320492160927,11.31562295914876,0.3429682865315538,,,
rgk6535,"RGK Fall 2018, 6.535 GeV, torus+1",3,5,3,18,2.5,3,2.75,0.3,0.38,0.34,6.535,0.5650183294378766,0.3,0.4,0.35,324,342,333,36.05040876119036,16.10003635048058,0.4465978862301522,,,
rgk6535,"RGK Fall 2018, 6.535 GeV, torus+1",3,5,3,19,2.5,3,2.75,0.3,0.38,0.34,6.535,0.5650183294378766,0.3,0.4,0.35,342,360,351,37.71833856828967,11.96725044481247,0.317279363276979,,,
rgk6535,"RGK Fall 2018, 6.535 GeV, torus+1",3,5,4,1,2.5,3,2.75,0.3,0.38,0.34,6.535,0.5650183294378766,0.4,0.6,0.5,18,36,27,36.99169164999053,9.214153207403289,0.2490871002760872,,,
rgk6535,"RGK Fall 2018, 6.535 GeV, torus+1",3,5,4,2,2.5,3,2.75,0.3,0.38,0.34,6.535,0.5650183294378766,0.4,0.6,0.5,36,54,45,41.95573821898373,7.29468430670019,0.1738661889018928,,,
rgk6535,"RGK Fall 2018, 6.535 GeV, torus+1",3,5,4,3,2.5,3,2.75,0.3,0.38,0.34,6.535,0.5650183294378766,0.4,0.6,0.5,54,72,63,40.1944929152622,6.702103062579034,0.1667418239784333,,,
rgk6535,"RGK Fall 2018, 6.535 GeV, torus+1",3,5,4,4,2.5,3,2.75,0.3,0.38,0.34,6.535,0.5650183294378766,0.4,0.6,0.5,72,90,81,33.08327339010206,4.642198003189116,0.1403185817936015,,,
rgk6535,"RGK Fall 2018, 6.535 GeV, torus+1",3,5,4,5,2.5,3,2.75,0.3,0.38,0.34,6.535,0.5650183294378766,0.4,0.6,0.5,90,108,99,32.92708593133938,4.190068052460317,0.1272529266998477,,,
rgk6535,"RGK Fall 2018, 6.535 GeV, torus+1",3,5,4,6,2.5,3,2.75,0.3,0.38,0.34,6.535,0.5650183294378766,0.4,0.6,0.5,108,126,117,24.02388392939327,3.031270585205418,0.1261773739048353,,,
rgk6535,"RGK Fall 2018, 6.535 GeV, torus+1",3,5,4,7,2.5,3,2.75,0.3,0.38,0.34,6.535,0.5650183294378766,0.4,0.6,0.5,126,144,135,25.1259831805095,4.141692120563356,0.1648370171550585,,,
rgk6535,"RGK Fall 2018, 6.535 GeV, torus+1",3,5,4,8,2.5,3,2.75,0.3,0.38,0.34,6.535,0.5650183294378766,0.4,0.6,0.5,144,162,153,23.27210051031985,4.357187300626843,0.187227934096223,,,
rgk6535,"RGK Fall 2018, 6.535 GeV, torus+1",3,5,4,9,2.5,3,2.75,0.3,0.38,0.34,6.535,0.5650183294378766,0.4,0.6,0.5,162,180,171,17.45241846067495,4.31769210935675,0.2473979247681739,,,
rgk6535,"RGK Fall 2018, 6.535 GeV, torus+1",3,5,4,10,2.5,3,2.75,0.3,0.38,0.34,6.535,0.5650183294378766,0.4,0.6,0.5,180,198,189,13.28631792727958,3.603615469183234,0.2712275506959125,,,
rgk6535,"RGK Fall 2018, 6.535 GeV, torus+1",3,5,4,11,2.5,3,2.75,0.3,0.38,0.34,6.535,0.5650183294378766,0.4,0.6,0.5,198,216,207,19.37782310230477,3.803417939284341,0.1962768428220386,,,
rgk6535,"RGK Fall 2018, 6.535 GeV, torus+1",3,5,4,12,2.5,3,2.75,0.3,0.38,0.34,6.535,0.5650183294378766,0.4,0.6,0.5,216,234,225,22.23036762312986,3.298795461191358,0.1483914039171842,,,
rgk6535,"RGK Fall 2018, 6.535 GeV, torus+1",3,5,4,13,2.5,3,2.75,0.3,0.38,0.34,6.535,0.5650183294378766,0.4,0.6,0.5,234,252,243,32.41920687026293,4.038112247038957,0.1245592547405281,,,
rgk6535,"RGK Fall 2018, 6.535 GeV, torus+1",3,5,4,14,2.5,3,2.75,0.3,0.38,0.34,6.535,0.5650183294378766,0.4,0.6,0.5,252,270,261,27.13324600767668,3.586110868239639,0.1321666735791596,,,
rgk6535,"RGK Fall 2018, 6.535 GeV, torus+1",3,5,4,15,2.5,3,2.75,0.3,0.38,0.34,6.535,0.5650183294378766,0.4,0.6,0.5,270,288,279,46.07960159279973,6.069268763710393,0.1317127004991024,,,
rgk6535,"RGK Fall 2018, 6.535 GeV, torus+1",3,5,4,16,2.5,3,2.75,0.3,0.38,0.34,6.535,0.5650183294378766,0.4,0.6,0.5,288,306,297,38.77145223086933,6.162780663816522,0.1589515045018045,,,
rgk6535,"RGK Fall 2018, 6.535 GeV, torus+1",3,5,4,17,2.5,3,2.75,0.3,0.38,0.34,6.535,0.5650183294378766,0.4,0.6,0.5,306,324,315,26.87981357819814,5.739937292885391,0.2135408147897639,,,
rgk6535,"RGK Fall 2018, 6.535 GeV, torus+1",3,5,4,18,2.5,3,2.75,0.3,0.38,0.34,6.535,0.5650183294378766,0.4,0.6,0.5,324,342,333,25.54324405344861,9.574922719310903,0.3748514753754697,,,
rgk6535,"RGK Fall 2018, 6.535 GeV, torus+1",3,5,4,19,2.5,3,2.75,0.3,0.38,0.34,6.535,0.5650183294378766,0.4,0.6,0.5,342,360,351,11.50530433172806,7.376638865681061,0.641151129339411,,,
rgk6535,"RGK Fall 2018, 6.535 GeV, torus+1",3,5,5,1,2.5,3,2.75,0.3,0.38,0.34,6.535,0.5650183294378766,0.6,1,0.8,18,36,27,17.98147836031868,10.26755932978439,0.5710075180716356,,,
rgk6535,"RGK Fall 2018, 6.535 GeV, torus+1",3,5,5,2,2.5,3,2.75,0.3,0.38,0.34,6.535,0.5650183294378766,0.6,1,0.8,36,54,45,15.34130230523784,3.214837628430395,0.2095544149034063,,,
rgk6535,"RGK Fall 2018, 6.535 GeV, torus+1",3,5,5,3,2.5,3,2.75,0.3,0.38,0.34,6.535,0.5650183294378766,0.6,1,0.8,54,72,63,23.01640995011218,3.157884687939854,0.1372014443079757,,,
rgk6535,"RGK Fall 2018, 6.535 GeV, torus+1",3,5,5,4,2.5,3,2.75,0.3,0.38,0.34,6.535,0.5650183294378766,0.6,1,0.8,72,90,81,18.96580809457868,2.785066700810859,0.146846719471287,,,
rgk6535,"RGK Fall 2018, 6.535 GeV, torus+1",3,5,5,5,2.5,3,2.75,0.3,0.38,0.34,6.535,0.5650183294378766,0.6,1,0.8,90,108,99,17.48739092969523,1.89012476199584,0.1080850064823696,,,
rgk6535,"RGK Fall 2018, 6.535 GeV, torus+1",3,5,5,6,2.5,3,2.75,0.3,0.38,0.34,6.535,0.5650183294378766,0.6,1,0.8,108,126,117,17.17864519169274,1.78372716256136,0.1038339835683861,,,
rgk6535,"RGK Fall 2018, 6.535 GeV, torus+1",3,5,5,7,2.5,3,2.75,0.3,0.38,0.34,6.535,0.5650183294378766,0.6,1,0.8,126,144,135,20.05295471832653,1.801771273038589,0.08985066282486234,,,
rgk6535,"RGK Fall 2018, 6.535 GeV, torus+1",3,5,5,8,2.5,3,2.75,0.3,0.38,0.34,6.535,0.5650183294378766,0.6,1,0.8,144,162,153,12.07345159359255,1.624429272710093,0.1345455572598798,,,
rgk6535,"RGK Fall 2018, 6.535 GeV, torus+1",3,5,5,9,2.5,3,2.75,0.3,0.38,0.34,6.535,0.5650183294378766,0.6,1,0.8,162,180,171,17.00497619636241,1.930900925087286,0.1135491695366402,,,
rgk6535,"RGK Fall 2018, 6.535 GeV, torus+1",3,5,5,10,2.5,3,2.75,0.3,0.38,0.34,6.535,0.5650183294378766,0.6,1,0.8,180,198,189,13.68866545783648,1.596595339366111,0.1166363035376902,,,
rgk6535,"RGK Fall 2018, 6.535 GeV, torus+1",3,5,5,11,2.5,3,2.75,0.3,0.38,0.34,6.535,0.5650183294378766,0.6,1,0.8,198,216,207,12.31713544211713,1.295617506381721,0.1051882162431612,,,
rgk6535,"RGK Fall 2018, 6.535 GeV, torus+1",3,5,5,12,2.5,3,2.75,0.3,0.38,0.34,6.535,0.5650183294378766,0.6,1,0.8,216,234,225,14.87072095980241,1.584312214159862,0.1065390318628447,,,
rgk6535,"RGK Fall 2018, 6.535 GeV, torus+1",3,5,5,13,2.5,3,2.75,0.3,0.38,0.34,6.535,0.5650183294378766,0.6,1,0.8,234,252,243,19.49198897305384,2.003656171788662,0.1027938285086535,,,
rgk6535,"RGK Fall 2018, 6.535 GeV, torus+1",3,5,5,14,2.5,3,2.75,0.3,0.38,0.34,6.535,0.5650183294378766,0.6,1,0.8,252,270,261,20.80261061442851,1.972918303865706,0.09483993814205736,,,
rgk6535,"RGK Fall 2018, 6.535 GeV, torus+1",3,5,5,15,2.5,3,2.75,0.3,0.38,0.34,6.535,0.5650183294378766,0.6,1,0.8,270,288,279,22.4880819223321,2.702666725300432,0.1201821807050832,,,
rgk6535,"RGK Fall 2018, 6.535 GeV, torus+1",3,5,5,16,2.5,3,2.75,0.3,0.38,0.34,6.535,0.5650183294378766,0.6,1,0.8,288,306,297,21.51140798223467,2.738845701057089,0.1273206153367079,,,
rgk6535,"RGK Fall 2018, 6.535 GeV, torus+1",3,5,5,17,2.5,3,2.75,0.3,0.38,0.34,6.535,0.5650183294378766,0.6,1,0.8,306,324,315,21.79610281720856,3.542371712999644,0.1625231695183074,,,
rgk6535,"RGK Fall 2018, 6.535 GeV, torus+1",3,5,5,18,2.5,3,2.75,0.3,0.38,0.34,6.535,0.5650183294378766,0.6,1,0.8,324,342,333,21.76826538935461,7.345167906067082,0.3374255033503546,,,
rgk6535,"RGK Fall 2018, 6.535 GeV, torus+1",3,5,6,2,2.5,3,2.75,0.3,0.38,0.34,6.535,0.5650183294378766,1,1.5,1.25,36,54,45,7.528492014864389,2.081608662417376,0.2764974258201259,,,
rgk6535,"RGK Fall 2018, 6.535 GeV, torus+1",3,5,6,3,2.5,3,2.75,0.3,0.38,0.34,6.535,0.5650183294378766,1,1.5,1.25,54,72,63,11.15596013924805,1.749267626931493,0.1568011722072538,,,
rgk6535,"RGK Fall 2018, 6.535 GeV, torus+1",3,5,6,4,2.5,3,2.75,0.3,0.38,0.34,6.535,0.5650183294378766,1,1.5,1.25,72,90,81,10.90295620387809,1.938043939628141,0.177753987394611,,,
rgk6535,"RGK Fall 2018, 6.535 GeV, torus+1",3,5,6,5,2.5,3,2.75,0.3,0.38,0.34,6.535,0.5650183294378766,1,1.5,1.25,90,108,99,8.517311736070194,1.136160196914982,0.1333942248589337,,,
rgk6535,"RGK Fall 2018, 6.535 GeV, torus+1",3,5,6,6,2.5,3,2.75,0.3,0.38,0.34,6.535,0.5650183294378766,1,1.5,1.25,108,126,117,9.710280775218237,1.225107101929808,0.1261659812202778,,,
rgk6535,"RGK Fall 2018, 6.535 GeV, torus+1",3,5,6,7,2.5,3,2.75,0.3,0.38,0.34,6.535,0.5650183294378766,1,1.5,1.25,126,144,135,9.500635254107291,1.128126988122487,0.1187422691166655,,,
rgk6535,"RGK Fall 2018, 6.535 GeV, torus+1",3,5,6,8,2.5,3,2.75,0.3,0.38,0.34,6.535,0.5650183294378766,1,1.5,1.25,144,162,153,4.912985184475851,0.9671460151745451,0.1968550644586824,,,
rgk6535,"RGK Fall 2018, 6.535 GeV, torus+1",3,5,6,9,2.5,3,2.75,0.3,0.38,0.34,6.535,0.5650183294378766,1,1.5,1.25,162,180,171,5.979427613149658,0.9289263362122694,0.1553537221806015,,,
rgk6535,"RGK Fall 2018, 6.535 GeV, torus+1",3,5,6,10,2.5,3,2.75,0.3,0.38,0.34,6.535,0.5650183294378766,1,1.5,1.25,180,198,189,7.012150484538179,1.012336757999595,0.144368943626039,,,
rgk6535,"RGK Fall 2018, 6.535 GeV, torus+1",3,5,6,11,2.5,3,2.75,0.3,0.38,0.34,6.535,0.5650183294378766,1,1.5,1.25,198,216,207,9.481210870343812,1.099093432941137,0.1159233190750963,,,
rgk6535,"RGK Fall 2018, 6.535 GeV, torus+1",3,5,6,12,2.5,3,2.75,0.3,0.38,0.34,6.535,0.5650183294378766,1,1.5,1.25,216,234,225,8.36826446901439,0.9702846952024343,0.1159481394015639,,,
rgk6535,"RGK Fall 2018, 6.535 GeV, torus+1",3,5,6,13,2.5,3,2.75,0.3,0.38,0.34,6.535,0.5650183294378766,1,1.5,1.25,234,252,243,9.700246192192139,1.006630935152825,0.10377375122325,,,
rgk6535,"RGK Fall 2018, 6.535 GeV, torus+1",3,5,6,14,2.5,3,2.75,0.3,0.38,0.34,6.535,0.5650183294378766,1,1.5,1.25,252,270,261,10.26133261382795,1.113797316345428,0.1085431452484543,,,
rgk6535,"RGK Fall 2018, 6.535 GeV, torus+1",3,5,6,15,2.5,3,2.75,0.3,0.38,0.34,6.535,0.5650183294378766,1,1.5,1.25,270,288,279,10.08593697210385,1.522187994435166,0.1509218229942645,,,
rgk6535,"RGK Fall 2018, 6.535 GeV, torus+1",3,5,6,16,2.5,3,2.75,0.3,0.38,0.34,6.535,0.5650183294378766,1,1.5,1.25,288,306,297,8.777985202969711,1.502035132574402,0.1711138829518923,,,
rgk6535,"RGK Fall 2018, 6.535 GeV, torus+1",3,5,6,17,2.5,3,2.75,0.3,0.38,0.34,6.535,0.5650183294378766,1,1.5,1.25,306,324,315,8.413215547991276,2.148958563914494,0.2554265431161544,,,
rgk6535,"RGK Fall 2018, 6.535 GeV, torus+1",3,5,7,1,2.5,3,2.75,0.3,0.38,0.34,6.535,0.5650183294378766,1.5,2,1.75,18,36,27,8.686283306699805,4.060895106262146,0.4675066380957139,,,
rgk6535,"RGK Fall 2018, 6.535 GeV, torus+1",3,5,7,2,2.5,3,2.75,0.3,0.38,0.34,6.535,0.5650183294378766,1.5,2,1.75,36,54,45,3.296484334990919,1.013067297735554,0.3073174918449431,,,
rgk6535,"RGK Fall 2018, 6.535 GeV, torus+1",3,5,7,3,2.5,3,2.75,0.3,0.38,0.34,6.535,0.5650183294378766,1.5,2,1.75,54,72,63,4.890386121698036,1.198498347446382,0.2450723353169995,,,
rgk6535,"RGK Fall 2018, 6.535 GeV, torus+1",3,5,7,4,2.5,3,2.75,0.3,0.38,0.34,6.535,0.5650183294378766,1.5,2,1.75,72,90,81,6.167398408063914,1.044769856320721,0.1694020374870994,,,
rgk6535,"RGK Fall 2018, 6.535 GeV, torus+1",3,5,7,5,2.5,3,2.75,0.3,0.38,0.34,6.535,0.5650183294378766,1.5,2,1.75,90,108,99,5.922412323706597,0.9501643867069901,0.160435365653893,,,
rgk6535,"RGK Fall 2018, 6.535 GeV, torus+1",3,5,7,6,2.5,3,2.75,0.3,0.38,0.34,6.535,0.5650183294378766,1.5,2,1.75,108,126,117,5.955978551493693,0.9358244597449333,0.1571235442931941,,,
rgk6535,"RGK Fall 2018, 6.535 GeV, torus+1",3,5,7,7,2.5,3,2.75,0.3,0.38,0.34,6.535,0.5650183294378766,1.5,2,1.75,126,144,135,2.736051476528957,0.6601885329131181,0.2412924386023082,,,
rgk6535,"RGK Fall 2018, 6.535 GeV, torus+1",3,5,7,8,2.5,3,2.75,0.3,0.38,0.34,6.535,0.5650183294378766,1.5,2,1.75,144,162,153,4.111261707168293,0.9919645058728128,0.2412798251551947,,,
rgk6535,"RGK Fall 2018, 6.535 GeV, torus+1",3,5,7,9,2.5,3,2.75,0.3,0.38,0.34,6.535,0.5650183294378766,1.5,2,1.75,162,180,171,3.078031738350115,0.7045378783916119,0.2288923371431049,,,
rgk6535,"RGK Fall 2018, 6.535 GeV, torus+1",3,5,7,10,2.5,3,2.75,0.3,0.38,0.34,6.535,0.5650183294378766,1.5,2,1.75,180,198,189,4.173641329824397,0.9573199736646886,0.2293728420848677,,,
rgk6535,"RGK Fall 2018, 6.535 GeV, torus+1",3,5,7,11,2.5,3,2.75,0.3,0.38,0.34,6.535,0.5650183294378766,1.5,2,1.75,198,216,207,4.352656038927738,0.7620531239870723,0.1750777266045588,,,
rgk6535,"RGK Fall 2018, 6.535 GeV, torus+1",3,5,7,12,2.5,3,2.75,0.3,0.38,0.34,6.535,0.5650183294378766,1.5,2,1.75,216,234,225,5.319897706826172,0.785177540871542,0.1475926012381873,,,
rgk6535,"RGK Fall 2018, 6.535 GeV, torus+1",3,5,7,13,2.5,3,2.75,0.3,0.38,0.34,6.535,0.5650183294378766,1.5,2,1.75,234,252,243,4.517176232278887,0.6310843841947068,0.1397077182167694,,,
rgk6535,"RGK Fall 2018, 6.535 GeV, torus+1",3,5,7,14,2.5,3,2.75,0.3,0.38,0.34,6.535,0.5650183294378766,1.5,2,1.75,252,270,261,7.221595472091677,0.9378128221946525,0.1298622757005555,,,
rgk6535,"RGK Fall 2018, 6.535 GeV, torus+1",3,5,7,15,2.5,3,2.75,0.3,0.38,0.34,6.535,0.5650183294378766,1.5,2,1.75,270,288,279,4.45788415636267,0.7214617439008907,0.1618395002192148,,,
rgk6535,"RGK Fall 2018, 6.535 GeV, torus+1",3,5,7,16,2.5,3,2.75,0.3,0.38,0.34,6.535,0.5650183294378766,1.5,2,1.75,288,306,297,3.186526101593969,1.170464074440091,0.367316644246096,,,
rgk6535,"RGK Fall 2018, 6.535 GeV, torus+1",3,5,7,17,2.5,3,2.75,0.3,0.38,0.34,6.535,0.5650183294378766,1.5,2,1.75,306,324,315,3.772013100989061,1.475196841675616,0.3910900630988805,,,
rgk6535,"RGK Fall 2018, 6.535 GeV, torus+1",3,5,7,18,2.5,3,2.75,0.3,0.38,0.34,6.535,0.5650183294378766,1.5,2,1.75,324,342,333,1.931490771382789,1.695059226833339,0.8775911601274781,,,
rgk6535,"RGK Fall 2018, 6.535 GeV, torus+1",3,6,4,0,2.5,3,2.768529161345253,0.38,0.48,0.4242464878671775,6.535,0.7218897606033224,0.4,0.6,0.5,0,18,9,39.89442331251699,6.731733243957676,0.1687387029315843,,,
rgk6535,"RGK Fall 2018, 6.535 GeV, torus+1",3,6,4,1,2.5,3,2.768529161345253,0.38,0.48,0.4242464878671775,6.535,0.7218897606033224,0.4,0.6,0.5,18,36,27,43.64727801480065,6.596814571481509,0.1511391974831638,,,
rgk6535,"RGK Fall 2018, 6.535 GeV, torus+1",3,6,4,2,2.5,3,2.768529161345253,0.38,0.48,0.4242464878671775,6.535,0.7218897606033224,0.4,0.6,0.5,36,54,45,46.52625237438613,6.285816880530226,0.1351025831599264,,,
rgk6535,"RGK Fall 2018, 6.535 GeV, torus+1",3,6,4,3,2.5,3,2.768529161345253,0.38,0.48,0.4242464878671775,6.535,0.7218897606033224,0.4,0.6,0.5,54,72,63,47.48157619592538,5.613214659389179,0.1182187936690879,,,
rgk6535,"RGK Fall 2018, 6.535 GeV, torus+1",3,6,4,4,2.5,3,2.768529161345253,0.38,0.48,0.4242464878671775,6.535,0.7218897606033224,0.4,0.6,0.5,72,90,81,67.36132505221903,4.967262540015867,0.07374057051528018,,,
rgk6535,"RGK Fall 2018, 6.535 GeV, torus+1",3,6,4,5,2.5,3,2.768529161345253,0.38,0.48,0.4242464878671775,6.535,0.7218897606033224,0.4,0.6,0.5,90,108,99,59.57136409963865,4.833731432040135,0.08114186245517678,,,
rgk6535,"RGK Fall 2018, 6.535 GeV, torus+1",3,6,4,6,2.5,3,2.768529161345253,0.38,0.48,0.4242464878671775,6.535,0.7218897606033224,0.4,0.6,0.5,108,126,117,63.90430262922372,8.395799022863049,0.1313808097019059,,,
rgk6535,"RGK Fall 2018, 6.535 GeV, torus+1",3,6,4,7,2.5,3,2.768529161345253,0.38,0.48,0.4242464878671775,6.535,0.7218897606033224,0.4,0.6,0.5,126,144,135,78.76589221482759,39.62336908689979,0.5030523742285591,,,
rgk6535,"RGK Fall 2018, 6.535 GeV, torus+1",3,6,4,12,2.5,3,2.768529161345253,0.38,0.48,0.4242464878671775,6.535,0.7218897606033224,0.4,0.6,0.5,216,234,225,42.30385334509009,20.62029158151033,0.4874329393424767,,,
rgk6535,"RGK Fall 2018, 6.535 GeV, torus+1",3,6,4,13,2.5,3,2.768529161345253,0.38,0.48,0.4242464878671775,6.535,0.7218897606033224,0.4,0.6,0.5,234,252,243,57.10225234863852,7.121434049348651,0.1247137154217428,,,
rgk6535,"RGK Fall 2018, 6.535 GeV, torus+1",3,6,4,14,2.5,3,2.768529161345253,0.38,0.48,0.4242464878671775,6.535,0.7218897606033224,0.4,0.6,0.5,252,270,261,62.52496977540886,6.253914562285641,0.1000226722979611,,,
rgk6535,"RGK Fall 2018, 6.535 GeV, torus+1",3,6,4,15,2.5,3,2.768529161345253,0.38,0.48,0.4242464878671775,6.535,0.7218897606033224,0.4,0.6,0.5,270,288,279,61.73106008048241,5.693594967163295,0.09223225649681409,,,
rgk6535,"RGK Fall 2018, 6.535 GeV, torus+1",3,6,4,16,2.5,3,2.768529161345253,0.38,0.48,0.4242464878671775,6.535,0.7218897606033224,0.4,0.6,0.5,288,306,297,59.78905039969389,8.11146350389199,0.1356680437248343,,,
rgk6535,"RGK Fall 2018, 6.535 GeV, torus+1",3,6,4,17,2.5,3,2.768529161345253,0.38,0.48,0.4242464878671775,6.535,0.7218897606033224,0.4,0.6,0.5,306,324,315,58.26433620505986,8.149105541814997,0.1398643848465796,,,
rgk6535,"RGK Fall 2018, 6.535 GeV, torus+1",3,6,4,18,2.5,3,2.768529161345253,0.38,0.48,0.4242464878671775,6.535,0.7218897606033224,0.4,0.6,0.5,324,342,333,55.37027049213723,8.667726966337531,0.1565411707275004,,,
rgk6535,"RGK Fall 2018, 6.535 GeV, torus+1",3,6,4,19,2.5,3,2.768529161345253,0.38,0.48,0.4242464878671775,6.535,0.7218897606033224,0.4,0.6,0.5,342,360,351,35.85386059542233,6.083716709404929,0.1696809383528889,,,
rgk6535,"RGK Fall 2018, 6.535 GeV, torus+1",3,6,5,0,2.5,3,2.768529161345253,0.38,0.48,0.4242464878671775,6.535,0.7218897606033224,0.6,1,0.8,0,18,9,21.53538013754721,4.937826161344924,0.2292890178769476,,,
rgk6535,"RGK Fall 2018, 6.535 GeV, torus+1",3,6,5,1,2.5,3,2.768529161345253,0.38,0.48,0.4242464878671775,6.535,0.7218897606033224,0.6,1,0.8,18,36,27,31.46579545771211,4.522145585728532,0.1437162328155977,,,
rgk6535,"RGK Fall 2018, 6.535 GeV, torus+1",3,6,5,2,2.5,3,2.768529161345253,0.38,0.48,0.4242464878671775,6.535,0.7218897606033224,0.6,1,0.8,36,54,45,32.97184949898377,3.59165788747894,0.1089310409350752,,,
rgk6535,"RGK Fall 2018, 6.535 GeV, torus+1",3,6,5,3,2.5,3,2.768529161345253,0.38,0.48,0.4242464878671775,6.535,0.7218897606033224,0.6,1,0.8,54,72,63,32.5673353053621,4.150382698866419,0.1274400456761678,,,
rgk6535,"RGK Fall 2018, 6.535 GeV, torus+1",3,6,5,4,2.5,3,2.768529161345253,0.38,0.48,0.4242464878671775,6.535,0.7218897606033224,0.6,1,0.8,72,90,81,39.90833480764747,2.989234432972935,0.07490250964818808,,,
rgk6535,"RGK Fall 2018, 6.535 GeV, torus+1",3,6,5,5,2.5,3,2.768529161345253,0.38,0.48,0.4242464878671775,6.535,0.7218897606033224,0.6,1,0.8,90,108,99,46.03326574956965,2.867605496217336,0.06229420071601469,,,
rgk6535,"RGK Fall 2018, 6.535 GeV, torus+1",3,6,5,6,2.5,3,2.768529161345253,0.38,0.48,0.4242464878671775,6.535,0.7218897606033224,0.6,1,0.8,108,126,117,39.07085180037762,2.592355691526691,0.06635011964345339,,,
rgk6535,"RGK Fall 2018, 6.535 GeV, torus+1",3,6,5,7,2.5,3,2.768529161345253,0.38,0.48,0.4242464878671775,6.535,0.7218897606033224,0.6,1,0.8,126,144,135,39.40657033829928,3.796771793924232,0.09634869924810853,,,
rgk6535,"RGK Fall 2018, 6.535 GeV, torus+1",3,6,5,8,2.5,3,2.768529161345253,0.38,0.48,0.4242464878671775,6.535,0.7218897606033224,0.6,1,0.8,144,162,153,41.53677139421877,8.358678210214656,0.2012356264015755,,,
rgk6535,"RGK Fall 2018, 6.535 GeV, torus+1",3,6,5,11,2.5,3,2.768529161345253,0.38,0.48,0.4242464878671775,6.535,0.7218897606033224,0.6,1,0.8,198,216,207,23.83729287542348,5.494504461765761,0.2305003546535545,,,
rgk6535,"RGK Fall 2018, 6.535 GeV, torus+1",3,6,5,12,2.5,3,2.768529161345253,0.38,0.48,0.4242464878671775,6.535,0.7218897606033224,0.6,1,0.8,216,234,225,38.81732685140608,3.535527079009564,0.09108115797215173,,,
rgk6535,"RGK Fall 2018, 6.535 GeV, torus+1",3,6,5,13,2.5,3,2.768529161345253,0.38,0.48,0.4242464878671775,6.535,0.7218897606033224,0.6,1,0.8,234,252,243,48.68185815533719,3.282622794307079,0.06743010473907295,,,
rgk6535,"RGK Fall 2018, 6.535 GeV, torus+1",3,6,5,14,2.5,3,2.768529161345253,0.38,0.48,0.4242464878671775,6.535,0.7218897606033224,0.6,1,0.8,252,270,261,49.98008987606375,3.225549560887922,0.0645366898876404,,,
rgk6535,"RGK Fall 2018, 6.535 GeV, torus+1",3,6,5,15,2.5,3,2.768529161345253,0.38,0.48,0.4242464878671775,6.535,0.7218897606033224,0.6,1,0.8,270,288,279,40.79720968736937,3.294486323722845,0.08075273649763363,,,
rgk6535,"RGK Fall 2018, 6.535 GeV, torus+1",3,6,5,16,2.5,3,2.768529161345253,0.38,0.48,0.4242464878671775,6.535,0.7218897606033224,0.6,1,0.8,288,306,297,43.37586813293513,4.143581974165283,0.09552735547485393,,,
rgk6535,"RGK Fall 2018, 6.535 GeV, torus+1",3,6,5,17,2.5,3,2.768529161345253,0.38,0.48,0.4242464878671775,6.535,0.7218897606033224,0.6,1,0.8,306,324,315,38.49954471176024,3.793388338973891,0.0985307324378604,,,
rgk6535,"RGK Fall 2018, 6.535 GeV, torus+1",3,6,5,18,2.5,3,2.768529161345253,0.38,0.48,0.4242464878671775,6.535,0.7218897606033224,0.6,1,0.8,324,342,333,25.18944597757094,4.146696237375707,0.1646203827217156,,,
rgk6535,"RGK Fall 2018, 6.535 GeV, torus+1",3,6,5,19,2.5,3,2.768529161345253,0.38,0.48,0.4242464878671775,6.535,0.7218897606033224,0.6,1,0.8,342,360,351,26.63071149983923,5.182803344557742,0.1946175318894139,,,
rgk6535,"RGK Fall 2018, 6.535 GeV, torus+1",3,6,6,1,2.5,3,2.768529161345253,0.38,0.48,0.4242464878671775,6.535,0.7218897606033224,1,1.5,1.25,18,36,27,10.12646219316752,3.227192785903829,0.3186890667583063,,,
rgk6535,"RGK Fall 2018, 6.535 GeV, torus+1",3,6,6,2,2.5,3,2.768529161345253,0.38,0.48,0.4242464878671775,6.535,0.7218897606033224,1,1.5,1.25,36,54,45,19.75176695403772,3.276711869606912,0.1658946198196752,,,
rgk6535,"RGK Fall 2018, 6.535 GeV, torus+1",3,6,6,3,2.5,3,2.768529161345253,0.38,0.48,0.4242464878671775,6.535,0.7218897606033224,1,1.5,1.25,54,72,63,19.99082122728939,2.887142944308626,0.1444234287067406,,,
rgk6535,"RGK Fall 2018, 6.535 GeV, torus+1",3,6,6,4,2.5,3,2.768529161345253,0.38,0.48,0.4242464878671775,6.535,0.7218897606033224,1,1.5,1.25,72,90,81,19.03169133435518,2.010038638020179,0.1056153445695993,,,
rgk6535,"RGK Fall 2018, 6.535 GeV, torus+1",3,6,6,5,2.5,3,2.768529161345253,0.38,0.48,0.4242464878671775,6.535,0.7218897606033224,1,1.5,1.25,90,108,99,28.48234620114158,1.995676109744009,0.07006712493593741,,,
rgk6535,"RGK Fall 2018, 6.535 GeV, torus+1",3,6,6,6,2.5,3,2.768529161345253,0.38,0.48,0.4242464878671775,6.535,0.7218897606033224,1,1.5,1.25,108,126,117,22.40872707727386,1.782974065534826,0.07956605742871736,,,
rgk6535,"RGK Fall 2018, 6.535 GeV, torus+1",3,6,6,7,2.5,3,2.768529161345253,0.38,0.48,0.4242464878671775,6.535,0.7218897606033224,1,1.5,1.25,126,144,135,20.83149596251884,2.111094617548762,0.1013414793324089,,,
rgk6535,"RGK Fall 2018, 6.535 GeV, torus+1",3,6,6,8,2.5,3,2.768529161345253,0.38,0.48,0.4242464878671775,6.535,0.7218897606033224,1,1.5,1.25,144,162,153,21.16130203735046,3.057088808825059,0.1444660070268449,,,
rgk6535,"RGK Fall 2018, 6.535 GeV, torus+1",3,6,6,9,2.5,3,2.768529161345253,0.38,0.48,0.4242464878671775,6.535,0.7218897606033224,1,1.5,1.25,162,180,171,10.5848640906444,3.957986061449116,0.3739288504372431,,,
rgk6535,"RGK Fall 2018, 6.535 GeV, torus+1",3,6,6,10,2.5,3,2.768529161345253,0.38,0.48,0.4242464878671775,6.535,0.7218897606033224,1,1.5,1.25,180,198,189,15.7733016375743,5.466786120975012,0.3465847700491779,,,
rgk6535,"RGK Fall 2018, 6.535 GeV, torus+1",3,6,6,11,2.5,3,2.768529161345253,0.38,0.48,0.4242464878671775,6.535,0.7218897606033224,1,1.5,1.25,198,216,207,16.59312138842554,2.755298824203865,0.1660506639893451,,,
rgk6535,"RGK Fall 2018, 6.535 GeV, torus+1",3,6,6,12,2.5,3,2.768529161345253,0.38,0.48,0.4242464878671775,6.535,0.7218897606033224,1,1.5,1.25,216,234,225,21.87875269652353,2.070780110279256,0.09464799657469945,,,
rgk6535,"RGK Fall 2018, 6.535 GeV, torus+1",3,6,6,13,2.5,3,2.768529161345253,0.38,0.48,0.4242464878671775,6.535,0.7218897606033224,1,1.5,1.25,234,252,243,28.13305688521542,2.184454720600716,0.07764725779759461,,,
rgk6535,"RGK Fall 2018, 6.535 GeV, torus+1",3,6,6,14,2.5,3,2.768529161345253,0.38,0.48,0.4242464878671775,6.535,0.7218897606033224,1,1.5,1.25,252,270,261,23.93816423831617,1.83760480494733,0.07676465023186711,,,
rgk6535,"RGK Fall 2018, 6.535 GeV, torus+1",3,6,6,15,2.5,3,2.768529161345253,0.38,0.48,0.4242464878671775,6.535,0.7218897606033224,1,1.5,1.25,270,288,279,22.04707734889283,1.815455242491111,0.08234448556430905,,,
rgk6535,"RGK Fall 2018, 6.535 GeV, torus+1",3,6,6,16,2.5,3,2.768529161345253,0.38,0.48,0.4242464878671775,6.535,0.7218897606033224,1,1.5,1.25,288,306,297,21.72498002608109,2.544270573330229,0.1171126772165407,,,
rgk6535,"RGK Fall 2018, 6.535 GeV, torus+1",3,6,6,17,2.5,3,2.768529161345253,0.38,0.48,0.4242464878671775,6.535,0.7218897606033224,1,1.5,1.25,306,324,315,15.83507422794361,2.230682504464833,0.1408697220078972,,,
rgk6535,"RGK Fall 2018, 6.535 GeV, torus+1",3,6,6,18,2.5,3,2.768529161345253,0.38,0.48,0.4242464878671775,6.535,0.7218897606033224,1,1.5,1.25,324,342,333,12.59447033383295,3.232555075720147,0.2566646305908097,,,
rgk6535,"RGK Fall 2018, 6.535 GeV, torus+1",3,6,7,1,2.5,3,2.768529161345253,0.38,0.48,0.4242464878671775,6.535,0.7218897606033224,1.5,2,1.75,18,36,27,6.64740076929658,2.648436982678002,0.3984169263437169,,,
rgk6535,"RGK Fall 2018, 6.535 GeV, torus+1",3,6,7,2,2.5,3,2.768529161345253,0.38,0.48,0.4242464878671775,6.535,0.7218897606033224,1.5,2,1.75,36,54,45,9.902307043761116,2.092536737280978,0.211318102744488,,,
rgk6535,"RGK Fall 2018, 6.535 GeV, torus+1",3,6,7,3,2.5,3,2.768529161345253,0.38,0.48,0.4242464878671775,6.535,0.7218897606033224,1.5,2,1.75,54,72,63,7.975731996564866,1.516465516987181,0.1901349641186941,,,
rgk6535,"RGK Fall 2018, 6.535 GeV, torus+1",3,6,7,4,2.5,3,2.768529161345253,0.38,0.48,0.4242464878671775,6.535,0.7218897606033224,1.5,2,1.75,72,90,81,9.36592325285112,1.299064684528946,0.1387011882820513,,,
rgk6535,"RGK Fall 2018, 6.535 GeV, torus+1",3,6,7,5,2.5,3,2.768529161345253,0.38,0.48,0.4242464878671775,6.535,0.7218897606033224,1.5,2,1.75,90,108,99,10.07273384276138,1.34235342380112,0.1332660472078077,,,
rgk6535,"RGK Fall 2018, 6.535 GeV, torus+1",3,6,7,6,2.5,3,2.768529161345253,0.38,0.48,0.4242464878671775,6.535,0.7218897606033224,1.5,2,1.75,108,126,117,14.04755191038128,1.76023418646381,0.12530540536127,,,
rgk6535,"RGK Fall 2018, 6.535 GeV, torus+1",3,6,7,7,2.5,3,2.768529161345253,0.38,0.48,0.4242464878671775,6.535,0.7218897606033224,1.5,2,1.75,126,144,135,9.888866376821042,2.303360616639313,0.2329246375538316,,,
rgk6535,"RGK Fall 2018, 6.535 GeV, torus+1",3,6,7,8,2.5,3,2.768529161345253,0.38,0.48,0.4242464878671775,6.535,0.7218897606033224,1.5,2,1.75,144,162,153,13.48726288969461,4.143308574846737,0.3072015878041918,,,
rgk6535,"RGK Fall 2018, 6.535 GeV, torus+1",3,6,7,9,2.5,3,2.768529161345253,0.38,0.48,0.4242464878671775,6.535,0.7218897606033224,1.5,2,1.75,162,180,171,3.037863400913138,2.795677226084583,0.9202774638399613,,,
rgk6535,"RGK Fall 2018, 6.535 GeV, torus+1",3,6,7,10,2.5,3,2.768529161345253,0.38,0.48,0.4242464878671775,6.535,0.7218897606033224,1.5,2,1.75,180,198,189,11.73774329007233,6.819467519375701,0.5809862552662521,,,
rgk6535,"RGK Fall 2018, 6.535 GeV, torus+1",3,6,7,11,2.5,3,2.768529161345253,0.38,0.48,0.4242464878671775,6.535,0.7218897606033224,1.5,2,1.75,198,216,207,5.755885118961403,2.206203856028992,0.3832953247731048,,,
rgk6535,"RGK Fall 2018, 6.535 GeV, torus+1",3,6,7,12,2.5,3,2.768529161345253,0.38,0.48,0.4242464878671775,6.535,0.7218897606033224,1.5,2,1.75,216,234,225,15.72170137468088,2.871486935990268,0.1826447957225974,,,
rgk6535,"RGK Fall 2018, 6.535 GeV, torus+1",3,6,7,13,2.5,3,2.768529161345253,0.38,0.48,0.4242464878671775,6.535,0.7218897606033224,1.5,2,1.75,234,252,243,13.61973332931262,1.726986571320386,0.126800321971322,,,
rgk6535,"RGK Fall 2018, 6.535 GeV, torus+1",3,6,7,14,2.5,3,2.768529161345253,0.38,0.48,0.4242464878671775,6.535,0.7218897606033224,1.5,2,1.75,252,270,261,13.30294112150006,1.428031851890296,0.1073470775257607,,,
rgk6535,"RGK Fall 2018, 6.535 GeV, torus+1",3,6,7,15,2.5,3,2.768529161345253,0.38,0.48,0.4242464878671775,6.535,0.7218897606033224,1.5,2,1.75,270,288,279,10.23514995774389,1.21434673258763,0.1186447426370005,,,
rgk6535,"RGK Fall 2018, 6.535 GeV, torus+1",3,6,7,16,2.5,3,2.768529161345253,0.38,0.48,0.4242464878671775,6.535,0.7218897606033224,1.5,2,1.75,288,306,297,7.943726779311316,1.589727968766536,0.200123696714599,,,
rgk6535,"RGK Fall 2018, 6.535 GeV, torus+1",3,6,7,17,2.5,3,2.768529161345253,0.38,0.48,0.4242464878671775,6.535,0.7218897606033224,1.5,2,1.75,306,324,315,10.20188955335833,2.560675468857584,0.2510001167396135,,,
rgk6535,"RGK Fall 2018, 6.535 GeV, torus+1",3,6,7,18,2.5,3,2.768529161345253,0.38,0.48,0.4242464878671775,6.535,0.7218897606033224,1.5,2,1.75,324,342,333,8.638521068788677,2.98483534007887,0.3455261978654193,,,
rgk6535,"RGK Fall 2018, 6.535 GeV, torus+1",3,7,3,0,2.5,3,2.958661740558292,0.48,0.58,0.4833579638752052,6.535,0.7522990463863185,0.3,0.4,0.35,0,18,9,563.63754801972,484.0754516739317,0.8588417385865771,,,
rgk6535,"RGK Fall 2018, 6.535 GeV, torus+1",3,7,4,0,2.5,3,2.959848484848485,0.48,0.58,0.4834848484848484,6.535,0.7522130400439568,0.4,0.6,0.5,0,18,9,65.56784269926916,98.28137722077255,1.498926503828195,,,
rgk6535,"RGK Fall 2018, 6.535 GeV, torus+1",3,7,4,3,2.5,3,2.959848484848485,0.48,0.58,0.4834848484848484,6.535,0.7522130400439568,0.4,0.6,0.5,54,72,63,26.23155596416751,40.58905636507463,1.547336971566596,,,
rgk6535,"RGK Fall 2018, 6.535 GeV, torus+1",3,7,4,4,2.5,3,2.959848484848485,0.48,0.58,0.4834848484848484,6.535,0.7522130400439568,0.4,0.6,0.5,72,90,81,76.3296495044824,66.70883937405944,0.8739571032635491,,,
rgk6535,"RGK Fall 2018, 6.535 GeV, torus+1",3,7,4,5,2.5,3,2.959848484848485,0.48,0.58,0.4834848484848484,6.535,0.7522130400439568,0.4,0.6,0.5,90,108,99,167.0913297243209,164.650504288398,0.9853922675703765,,,
rgk6535,"RGK Fall 2018, 6.535 GeV, torus+1",3,7,4,14,2.5,3,2.959848484848485,0.48,0.58,0.4834848484848484,6.535,0.7522130400439568,0.4,0.6,0.5,252,270,261,79.25722849914706,121.3366528179112,1.530922227733676,,,
rgk6535,"RGK Fall 2018, 6.535 GeV, torus+1",3,7,4,15,2.5,3,2.959848484848485,0.48,0.58,0.4834848484848484,6.535,0.7522130400439568,0.4,0.6,0.5,270,288,279,80.02688722471882,81.5832544929286,1.019448054549959,,,
rgk6535,"RGK Fall 2018, 6.535 GeV, torus+1",3,7,4,16,2.5,3,2.959848484848485,0.48,0.58,0.4834848484848484,6.535,0.7522130400439568,0.4,0.6,0.5,288,306,297,14.2805049172953,59.06374337426468,4.135970241691654,,,
rgk6535,"RGK Fall 2018, 6.535 GeV, torus+1",3,7,4,17,2.5,3,2.959848484848485,0.48,0.58,0.4834848484848484,6.535,0.7522130400439568,0.4,0.6,0.5,306,324,315,312.4470903763219,257.9033155746778,0.8254303641107691,,,
rgk6535,"RGK Fall 2018, 6.535 GeV, torus+1",3,7,4,19,2.5,3,2.959848484848485,0.48,0.58,0.4834848484848484,6.535,0.7522130400439568,0.4,0.6,0.5,342,360,351,53.33812335981709,83.72432807629409,1.569690172852403,,,
rgk6535,"RGK Fall 2018, 6.535 GeV, torus+1",3,7,5,3,2.5,3,2.959848484848485,0.48,0.58,0.4834848484848484,6.535,0.7522130400439568,0.6,1,0.8,54,72,63,103.6499070637817,75.84798531723996,0.7317708955644928,,,
rgk6535,"RGK Fall 2018, 6.535 GeV, torus+1",3,7,5,4,2.5,3,2.959848484848485,0.48,0.58,0.4834848484848484,6.535,0.7522130400439568,0.6,1,0.8,72,90,81,145.5138210970409,90.23611290466471,0.6201205646609175,,,
rgk6535,"RGK Fall 2018, 6.535 GeV, torus+1",3,7,5,5,2.5,3,2.959848484848485,0.48,0.58,0.4834848484848484,6.535,0.7522130400439568,0.6,1,0.8,90,108,99,98.98088677825717,57.54086973010822,0.5813331401951841,,,
rgk6535,"RGK Fall 2018, 6.535 GeV, torus+1",3,7,5,6,2.5,3,2.959848484848485,0.48,0.58,0.4834848484848484,6.535,0.7522130400439568,0.6,1,0.8,108,126,117,153.5513880856665,64.76161548333964,0.4217585805685393,,,
rgk6535,"RGK Fall 2018, 6.535 GeV, torus+1",3,7,5,7,2.5,3,2.959848484848485,0.48,0.58,0.4834848484848484,6.535,0.7522130400439568,0.6,1,0.8,126,144,135,136.7939121442708,171.8239465651764,1.256078899066509,,,
rgk6535,"RGK Fall 2018, 6.535 GeV, torus+1",3,7,5,12,2.5,3,2.959848484848485,0.48,0.58,0.4834848484848484,6.535,0.7522130400439568,0.6,1,0.8,216,234,225,157.6558145036056,212.5066767964152,1.347915251115303,,,
rgk6535,"RGK Fall 2018, 6.535 GeV, torus+1",3,7,5,13,2.5,3,2.959848484848485,0.48,0.58,0.4834848484848484,6.535,0.7522130400439568,0.6,1,0.8,234,252,243,31.02559548486063,34.37609087265596,1.10799133217057,,,
rgk6535,"RGK Fall 2018, 6.535 GeV, torus+1",3,7,5,14,2.5,3,2.959848484848485,0.48,0.58,0.4834848484848484,6.535,0.7522130400439568,0.6,1,0.8,252,270,261,172.0407566291467,89.72786853734407,0.5215500692708682,,,
rgk6535,"RGK Fall 2018, 6.535 GeV, torus+1",3,7,5,15,2.5,3,2.959848484848485,0.48,0.58,0.4834848484848484,6.535,0.7522130400439568,0.6,1,0.8,270,288,279,90.83928715047834,66.36784499664682,0.7306072854436456,,,
rgk6535,"RGK Fall 2018, 6.535 GeV, torus+1",3,7,5,18,2.5,3,2.959848484848485,0.48,0.58,0.4834848484848484,6.535,0.7522130400439568,0.6,1,0.8,324,342,333,125.3893061449094,153.1678758448216,1.221538586933476,,,
rgk6535,"RGK Fall 2018, 6.535 GeV, torus+1",3,7,5,19,2.5,3,2.959848484848485,0.48,0.58,0.4834848484848484,6.535,0.7522130400439568,0.6,1,0.8,342,360,351,21.58907452482655,35.35690051967826,1.637721917121517,,,
rgk6535,"RGK Fall 2018, 6.535 GeV, torus+1",3,7,6,4,2.5,3,2.959848484848485,0.48,0.58,0.4834848484848484,6.535,0.7522130400439568,1,1.5,1.25,72,90,81,36.55454471511841,33.36649365991045,0.9127864652657149,,,
rgk6535,"RGK Fall 2018, 6.535 GeV, torus+1",3,7,6,5,2.5,3,2.959848484848485,0.48,0.58,0.4834848484848484,6.535,0.7522130400439568,1,1.5,1.25,90,108,99,67.77209352768203,35.7179920160658,0.5270309674213696,,,
rgk6535,"RGK Fall 2018, 6.535 GeV, torus+1",3,7,6,6,2.5,3,2.959848484848485,0.48,0.58,0.4834848484848484,6.535,0.7522130400439568,1,1.5,1.25,108,126,117,67.52601729610642,42.77284659988642,0.6334276522236523,,,
rgk6535,"RGK Fall 2018, 6.535 GeV, torus+1",3,7,6,7,2.5,3,2.959848484848485,0.48,0.58,0.4834848484848484,6.535,0.7522130400439568,1,1.5,1.25,126,144,135,22.31727500860561,39.71073042841324,1.779371828016667,,,
rgk6535,"RGK Fall 2018, 6.535 GeV, torus+1",3,7,6,12,2.5,3,2.959848484848485,0.48,0.58,0.4834848484848484,6.535,0.7522130400439568,1,1.5,1.25,216,234,225,21.913268419099,34.88810040147629,1.592099349774257,,,
rgk6535,"RGK Fall 2018, 6.535 GeV, torus+1",3,7,6,13,2.5,3,2.959848484848485,0.48,0.58,0.4834848484848484,6.535,0.7522130400439568,1,1.5,1.25,234,252,243,77.87827300563019,58.04505362681036,0.745330518854906,,,
rgk6535,"RGK Fall 2018, 6.535 GeV, torus+1",3,7,6,14,2.5,3,2.959848484848485,0.48,0.58,0.4834848484848484,6.535,0.7522130400439568,1,1.5,1.25,252,270,261,45.16178989847956,33.81264870592461,0.7487003677651616,,,
rgk6535,"RGK Fall 2018, 6.535 GeV, torus+1",3,7,6,15,2.5,3,2.959848484848485,0.48,0.58,0.4834848484848484,6.535,0.7522130400439568,1,1.5,1.25,270,288,279,8.885750803255362,11.59751653442366,1.305181384354693,,,
rgk6535,"RGK Fall 2018, 6.535 GeV, torus+1",3,7,6,16,2.5,3,2.959848484848485,0.48,0.58,0.4834848484848484,6.535,0.7522130400439568,1,1.5,1.25,288,306,297,106.6498905584895,70.24841432469672,0.6586824792489657,,,
rgk6535,"RGK Fall 2018, 6.535 GeV, torus+1",3,7,6,17,2.5,3,2.959848484848485,0.48,0.58,0.4834848484848484,6.535,0.7522130400439568,1,1.5,1.25,306,324,315,76.39958447641952,59.051114246647,0.7729245473170464,,,
rgk6535,"RGK Fall 2018, 6.535 GeV, torus+1",3,7,7,3,2.5,3,2.959848484848485,0.48,0.58,0.4834848484848484,6.535,0.7522130400439568,1.5,2,1.75,54,72,63,20.55404749023904,24.25918062451459,1.180262945098044,,,
rgk6535,"RGK Fall 2018, 6.535 GeV, torus+1",3,7,7,4,2.5,3,2.959848484848485,0.48,0.58,0.4834848484848484,6.535,0.7522130400439568,1.5,2,1.75,72,90,81,48.15843393012892,36.31026519112679,0.7539752069971347,,,
rgk6535,"RGK Fall 2018, 6.535 GeV, torus+1",3,7,7,6,2.5,3,2.959848484848485,0.48,0.58,0.4834848484848484,6.535,0.7522130400439568,1.5,2,1.75,108,126,117,25.79485153847215,41.46708958015668,1.607572329629807,,,
rgk6535,"RGK Fall 2018, 6.535 GeV, torus+1",3,7,7,14,2.5,3,2.959848484848485,0.48,0.58,0.4834848484848484,6.535,0.7522130400439568,1.5,2,1.75,252,270,261,54.69915924574323,48.26204821574961,0.8823179164221876,,,
rgk6535,"RGK Fall 2018, 6.535 GeV, torus+1",3,7,7,15,2.5,3,2.959848484848485,0.48,0.58,0.4834848484848484,6.535,0.7522130400439568,1.5,2,1.75,270,288,279,11.53832133010023,17.23255121904142,1.493505920491792,,,
rgk6535,"RGK Fall 2018, 6.535 GeV, torus+1",4,5,3,3,3,3.5,3.223488949030221,0.3,0.38,0.3460099233198015,6.535,0.4042848835335437,0.3,0.4,0.35,54,72,63,75.78751828459124,42.80022277084579,0.5647397320773297,,,
rgk6535,"RGK Fall 2018, 6.535 GeV, torus+1",4,5,3,4,3,3.5,3.223488949030221,0.3,0.38,0.3460099233198015,6.535,0.4042848835335437,0.3,0.4,0.35,72,90,81,20.14787834205673,19.1773871280174,0.9518315925099901,,,
rgk6535,"RGK Fall 2018, 6.535 GeV, torus+1",4,5,3,15,3,3.5,3.223488949030221,0.3,0.38,0.3460099233198015,6.535,0.4042848835335437,0.3,0.4,0.35,270,288,279,28.08494992740404,20.95750063856089,0.7462181948956048,,,
rgk6535,"RGK Fall 2018, 6.535 GeV, torus+1",4,5,4,3,3,3.5,3.223488949030221,0.3,0.38,0.3460099233198015,6.535,0.4042848835335437,0.4,0.6,0.5,54,72,63,11.82373271018223,9.573889418603841,0.8097180182666941,,,
rgk6535,"RGK Fall 2018, 6.535 GeV, torus+1",4,5,4,4,3,3.5,3.223488949030221,0.3,0.38,0.3460099233198015,6.535,0.4042848835335437,0.4,0.6,0.5,72,90,81,17.06625694587758,9.14092126284357,0.5356137137646692,,,
rgk6535,"RGK Fall 2018, 6.535 GeV, torus+1",4,5,4,5,3,3.5,3.223488949030221,0.3,0.38,0.3460099233198015,6.535,0.4042848835335437,0.4,0.6,0.5,90,108,99,11.04215345733885,6.629792599377442,0.6004075767459237,,,
rgk6535,"RGK Fall 2018, 6.535 GeV, torus+1",4,5,4,6,3,3.5,3.223488949030221,0.3,0.38,0.3460099233198015,6.535,0.4042848835335437,0.4,0.6,0.5,108,126,117,19.62562639910965,9.287085886554928,0.4732122021326287,,,
rgk6535,"RGK Fall 2018, 6.535 GeV, torus+1",4,5,4,7,3,3.5,3.223488949030221,0.3,0.38,0.3460099233198015,6.535,0.4042848835335437,0.4,0.6,0.5,126,144,135,14.94634866931482,9.831476764370052,0.6577845186064936,,,
rgk6535,"RGK Fall 2018, 6.535 GeV, torus+1",4,5,4,8,3,3.5,3.223488949030221,0.3,0.38,0.3460099233198015,6.535,0.4042848835335437,0.4,0.6,0.5,144,162,153,19.06019697516047,13.02156259619479,0.683180903805175,,,
rgk6535,"RGK Fall 2018, 6.535 GeV, torus+1",4,5,4,11,3,3.5,3.223488949030221,0.3,0.38,0.3460099233198015,6.535,0.4042848835335437,0.4,0.6,0.5,198,216,207,21.12633504770222,16.26933831827442,0.7700975243239805,,,
rgk6535,"RGK Fall 2018, 6.535 GeV, torus+1",4,5,4,12,3,3.5,3.223488949030221,0.3,0.38,0.3460099233198015,6.535,0.4042848835335437,0.4,0.6,0.5,216,234,225,18.37312881682891,10.67278378001573,0.5808909242632623,,,
rgk6535,"RGK Fall 2018, 6.535 GeV, torus+1",4,5,4,13,3,3.5,3.223488949030221,0.3,0.38,0.3460099233198015,6.535,0.4042848835335437,0.4,0.6,0.5,234,252,243,17.85555597790436,8.956124361231502,0.5015875379245766,,,
rgk6535,"RGK Fall 2018, 6.535 GeV, torus+1",4,5,4,14,3,3.5,3.223488949030221,0.3,0.38,0.3460099233198015,6.535,0.4042848835335437,0.4,0.6,0.5,252,270,261,17.43314469481601,6.753791899797029,0.387410993141436,,,
rgk6535,"RGK Fall 2018, 6.535 GeV, torus+1",4,5,4,15,3,3.5,3.223488949030221,0.3,0.38,0.3460099233198015,6.535,0.4042848835335437,0.4,0.6,0.5,270,288,279,11.60618163274439,7.495592867396239,0.6458276377692563,,,
rgk6535,"RGK Fall 2018, 6.535 GeV, torus+1",4,5,4,16,3,3.5,3.223488949030221,0.3,0.38,0.3460099233198015,6.535,0.4042848835335437,0.4,0.6,0.5,288,306,297,4.847438415548559,5.502053423722109,1.135043491439482,,,
rgk6535,"RGK Fall 2018, 6.535 GeV, torus+1",4,5,5,3,3,3.5,3.223488949030221,0.3,0.38,0.3460099233198015,6.535,0.4042848835335437,0.6,1,0.8,54,72,63,2.059841256471631,2.028598097286937,0.9848322490451469,,,
rgk6535,"RGK Fall 2018, 6.535 GeV, torus+1",4,5,5,4,3,3.5,3.223488949030221,0.3,0.38,0.3460099233198015,6.535,0.4042848835335437,0.6,1,0.8,72,90,81,12.97885275202236,6.450217235556942,0.4969789979743682,,,
rgk6535,"RGK Fall 2018, 6.535 GeV, torus+1",4,5,5,5,3,3.5,3.223488949030221,0.3,0.38,0.3460099233198015,6.535,0.4042848835335437,0.6,1,0.8,90,108,99,19.78819422502718,6.037641820475253,0.3051133292819173,,,
rgk6535,"RGK Fall 2018, 6.535 GeV, torus+1",4,5,5,6,3,3.5,3.223488949030221,0.3,0.38,0.3460099233198015,6.535,0.4042848835335437,0.6,1,0.8,108,126,117,19.4705203023444,5.446808429042646,0.2797464240535374,,,
rgk6535,"RGK Fall 2018, 6.535 GeV, torus+1",4,5,5,7,3,3.5,3.223488949030221,0.3,0.38,0.3460099233198015,6.535,0.4042848835335437,0.6,1,0.8,126,144,135,4.36679345315338,3.210438007687171,0.7351934645245991,,,
rgk6535,"RGK Fall 2018, 6.535 GeV, torus+1",4,5,5,8,3,3.5,3.223488949030221,0.3,0.38,0.3460099233198015,6.535,0.4042848835335437,0.6,1,0.8,144,162,153,9.64972044551244,4.883062108166941,0.5060314581898367,,,
rgk6535,"RGK Fall 2018, 6.535 GeV, torus+1",4,5,5,9,3,3.5,3.223488949030221,0.3,0.38,0.3460099233198015,6.535,0.4042848835335437,0.6,1,0.8,162,180,171,5.476006604979299,2.696858853056623,0.4924864134759052,,,
rgk6535,"RGK Fall 2018, 6.535 GeV, torus+1",4,5,5,10,3,3.5,3.223488949030221,0.3,0.38,0.3460099233198015,6.535,0.4042848835335437,0.6,1,0.8,180,198,189,7.715825749974409,3.301232944508202,0.4278521899641332,,,
rgk6535,"RGK Fall 2018, 6.535 GeV, torus+1",4,5,5,11,3,3.5,3.223488949030221,0.3,0.38,0.3460099233198015,6.535,0.4042848835335437,0.6,1,0.8,198,216,207,10.67135378178099,3.399032573751789,0.3185193409626147,,,
rgk6535,"RGK Fall 2018, 6.535 GeV, torus+1",4,5,5,12,3,3.5,3.223488949030221,0.3,0.38,0.3460099233198015,6.535,0.4042848835335437,0.6,1,0.8,216,234,225,9.465609163209464,3.419744496592357,0.3612809738525944,,,
rgk6535,"RGK Fall 2018, 6.535 GeV, torus+1",4,5,5,13,3,3.5,3.223488949030221,0.3,0.38,0.3460099233198015,6.535,0.4042848835335437,0.6,1,0.8,234,252,243,2.704141099855306,1.920658212371208,0.7102655303282731,,,
rgk6535,"RGK Fall 2018, 6.535 GeV, torus+1",4,5,5,14,3,3.5,3.223488949030221,0.3,0.38,0.3460099233198015,6.535,0.4042848835335437,0.6,1,0.8,252,270,261,10.90310425774605,4.601212185978227,0.4220093724875943,,,
rgk6535,"RGK Fall 2018, 6.535 GeV, torus+1",4,5,5,16,3,3.5,3.223488949030221,0.3,0.38,0.3460099233198015,6.535,0.4042848835335437,0.6,1,0.8,288,306,297,10.14171053869579,6.182039590869927,0.6095657697271381,,,
rgk6535,"RGK Fall 2018, 6.535 GeV, torus+1",4,5,6,3,3,3.5,3.223488949030221,0.3,0.38,0.3460099233198015,6.535,0.4042848835335437,1,1.5,1.25,54,72,63,8.188225895273641,4.917627216074886,0.6005729786855795,,,
rgk6535,"RGK Fall 2018, 6.535 GeV, torus+1",4,5,6,4,3,3.5,3.223488949030221,0.3,0.38,0.3460099233198015,6.535,0.4042848835335437,1,1.5,1.25,72,90,81,2.78841935288674,2.221794566890248,0.7967935542371386,,,
rgk6535,"RGK Fall 2018, 6.535 GeV, torus+1",4,5,6,5,3,3.5,3.223488949030221,0.3,0.38,0.3460099233198015,6.535,0.4042848835335437,1,1.5,1.25,90,108,99,8.083272372641121,2.883144769320414,0.3566803933365885,,,
rgk6535,"RGK Fall 2018, 6.535 GeV, torus+1",4,5,6,6,3,3.5,3.223488949030221,0.3,0.38,0.3460099233198015,6.535,0.4042848835335437,1,1.5,1.25,108,126,117,3.933604362965458,2.283807490116984,0.5805890169379596,,,
rgk6535,"RGK Fall 2018, 6.535 GeV, torus+1",4,5,6,7,3,3.5,3.223488949030221,0.3,0.38,0.3460099233198015,6.535,0.4042848835335437,1,1.5,1.25,126,144,135,3.302346307404591,2.344533258892617,0.7099598408669784,,,
rgk6535,"RGK Fall 2018, 6.535 GeV, torus+1",4,5,6,8,3,3.5,3.223488949030221,0.3,0.38,0.3460099233198015,6.535,0.4042848835335437,1,1.5,1.25,144,162,153,1.18077610643354,1.623924001610006,1.375302220939215,,,
rgk6535,"RGK Fall 2018, 6.535 GeV, torus+1",4,5,6,9,3,3.5,3.223488949030221,0.3,0.38,0.3460099233198015,6.535,0.4042848835335437,1,1.5,1.25,162,180,171,4.827484540133417,2.481487495394956,0.5140332350658082,,,
rgk6535,"RGK Fall 2018, 6.535 GeV, torus+1",4,5,6,10,3,3.5,3.223488949030221,0.3,0.38,0.3460099233198015,6.535,0.4042848835335437,1,1.5,1.25,180,198,189,4.156848403655606,2.331250942248681,0.5608217370156048,,,
rgk6535,"RGK Fall 2018, 6.535 GeV, torus+1",4,5,6,11,3,3.5,3.223488949030221,0.3,0.38,0.3460099233198015,6.535,0.4042848835335437,1,1.5,1.25,198,216,207,5.750804765424693,2.436962406215165,0.4237602397610166,,,
rgk6535,"RGK Fall 2018, 6.535 GeV, torus+1",4,5,6,12,3,3.5,3.223488949030221,0.3,0.38,0.3460099233198015,6.535,0.4042848835335437,1,1.5,1.25,216,234,225,6.414856633037272,2.451067148166905,0.3820922724201846,,,
rgk6535,"RGK Fall 2018, 6.535 GeV, torus+1",4,5,6,13,3,3.5,3.223488949030221,0.3,0.38,0.3460099233198015,6.535,0.4042848835335437,1,1.5,1.25,234,252,243,3.785018858189841,1.644734743255628,0.4345380577686768,,,
rgk6535,"RGK Fall 2018, 6.535 GeV, torus+1",4,5,6,14,3,3.5,3.223488949030221,0.3,0.38,0.3460099233198015,6.535,0.4042848835335437,1,1.5,1.25,252,270,261,6.576142073232744,2.628751706904728,0.3997407108348054,,,
rgk6535,"RGK Fall 2018, 6.535 GeV, torus+1",4,5,6,15,3,3.5,3.223488949030221,0.3,0.38,0.3460099233198015,6.535,0.4042848835335437,1,1.5,1.25,270,288,279,5.315954975274491,2.746874266293128,0.5167226357388952,,,
rgk6535,"RGK Fall 2018, 6.535 GeV, torus+1",4,5,6,16,3,3.5,3.223488949030221,0.3,0.38,0.3460099233198015,6.535,0.4042848835335437,1,1.5,1.25,288,306,297,2.946002500067801,2.720979955734108,0.923617666879606,,,
rgk6535,"RGK Fall 2018, 6.535 GeV, torus+1",4,5,7,3,3,3.5,3.223488949030221,0.3,0.38,0.3460099233198015,6.535,0.4042848835335437,1.5,2,1.75,54,72,63,1.441016004895531,1.82286332983481,1.264984791037739,,,
rgk6535,"RGK Fall 2018, 6.535 GeV, torus+1",4,5,7,4,3,3.5,3.223488949030221,0.3,0.38,0.3460099233198015,6.535,0.4042848835335437,1.5,2,1.75,72,90,81,5.924243764340543,3.072710415859743,0.5186671139960733,,,
rgk6535,"RGK Fall 2018, 6.535 GeV, torus+1",4,5,7,5,3,3.5,3.223488949030221,0.3,0.38,0.3460099233198015,6.535,0.4042848835335437,1.5,2,1.75,90,108,99,3.991778663686576,2.023725569495995,0.5069733920635269,,,
rgk6535,"RGK Fall 2018, 6.535 GeV, torus+1",4,5,7,6,3,3.5,3.223488949030221,0.3,0.38,0.3460099233198015,6.535,0.4042848835335437,1.5,2,1.75,108,126,117,1.693595598548459,1.618885862744355,0.9558869095620374,,,
rgk6535,"RGK Fall 2018, 6.535 GeV, torus+1",4,5,7,7,3,3.5,3.223488949030221,0.3,0.38,0.3460099233198015,6.535,0.4042848835335437,1.5,2,1.75,126,144,135,2.235798438255553,1.844071215404855,0.8247931404960024,,,
rgk6535,"RGK Fall 2018, 6.535 GeV, torus+1",4,5,7,8,3,3.5,3.223488949030221,0.3,0.38,0.3460099233198015,6.535,0.4042848835335437,1.5,2,1.75,144,162,153,3.54493048737493,3.021546194797645,0.8523569659711836,,,
rgk6535,"RGK Fall 2018, 6.535 GeV, torus+1",4,5,7,9,3,3.5,3.223488949030221,0.3,0.38,0.3460099233198015,6.535,0.4042848835335437,1.5,2,1.75,162,180,171,3.350805556347463,2.077685251802325,0.6200554514022892,,,
rgk6535,"RGK Fall 2018, 6.535 GeV, torus+1",4,5,7,10,3,3.5,3.223488949030221,0.3,0.38,0.3460099233198015,6.535,0.4042848835335437,1.5,2,1.75,180,198,189,0.767913973634943,0.6891095379912152,0.8973785627695968,,,
rgk6535,"RGK Fall 2018, 6.535 GeV, torus+1",4,5,7,11,3,3.5,3.223488949030221,0.3,0.38,0.3460099233198015,6.535,0.4042848835335437,1.5,2,1.75,198,216,207,1.033177055180657,0.9448596378738455,0.9145186036953091,,,
rgk6535,"RGK Fall 2018, 6.535 GeV, torus+1",4,5,7,12,3,3.5,3.223488949030221,0.3,0.38,0.3460099233198015,6.535,0.4042848835335437,1.5,2,1.75,216,234,225,2.24839487047744,1.338397578689401,0.5952680270993488,,,
rgk6535,"RGK Fall 2018, 6.535 GeV, torus+1",4,5,7,13,3,3.5,3.223488949030221,0.3,0.38,0.3460099233198015,6.535,0.4042848835335437,1.5,2,1.75,234,252,243,4.043507931897164,1.937501599752811,0.4791635462042384,,,
rgk6535,"RGK Fall 2018, 6.535 GeV, torus+1",4,5,7,14,3,3.5,3.223488949030221,0.3,0.38,0.3460099233198015,6.535,0.4042848835335437,1.5,2,1.75,252,270,261,4.463124416598304,1.885247186449642,0.4224052503305602,,,
rgk6535,"RGK Fall 2018, 6.535 GeV, torus+1",4,5,7,15,3,3.5,3.223488949030221,0.3,0.38,0.3460099233198015,6.535,0.4042848835335437,1.5,2,1.75,270,288,279,1.617827444013335,1.135252698368438,0.701714328415782,,,
rgk6535,"RGK Fall 2018, 6.535 GeV, torus+1",4,5,7,16,3,3.5,3.223488949030221,0.3,0.38,0.3460099233198015,6.535,0.4042848835335437,1.5,2,1.75,288,306,297,1.74608254609202,2.106639881897849,1.206495011712251,,,
rgk6535,"RGK Fall 2018, 6.535 GeV, torus+1",4,6,3,0,3,3.5,3.249448425540658,0.38,0.48,0.4282770842965018,6.535,0.6122480686184865,0.3,0.4,0.35,0,18,9,10.73940386029676,6.866547085683478,0.6393787937400217,,,
rgk6535,"RGK Fall 2018, 6.535 GeV, torus+1",4,6,3,1,3,3.5,3.249448425540658,0.38,0.48,0.4282770842965018,6.535,0.6122480686184865,0.3,0.4,0.35,18,36,27,28.84341221178401,9.780185755024975,0.3390786666713888,,,
rgk6535,"RGK Fall 2018, 6.535 GeV, torus+1",4,6,3,2,3,3.5,3.249448425540658,0.38,0.48,0.4282770842965018,6.535,0.6122480686184865,0.3,0.4,0.35,36,54,45,11.22358488205735,8.045701031970946,0.7168566119042102,,,
rgk6535,"RGK Fall 2018, 6.535 GeV, torus+1",4,6,3,3,3,3.5,3.249448425540658,0.38,0.48,0.4282770842965018,6.535,0.6122480686184865,0.3,0.4,0.35,54,72,63,33.10953020066132,13.80575447378459,0.4169722249187588,,,
rgk6535,"RGK Fall 2018, 6.535 GeV, torus+1",4,6,3,4,3,3.5,3.249448425540658,0.38,0.48,0.4282770842965018,6.535,0.6122480686184865,0.3,0.4,0.35,72,90,81,53.79887893199345,30.10855551538663,0.5596502401740846,,,
rgk6535,"RGK Fall 2018, 6.535 GeV, torus+1",4,6,3,15,3,3.5,3.249448425540658,0.38,0.48,0.4282770842965018,6.535,0.6122480686184865,0.3,0.4,0.35,270,288,279,29.4670447315071,24.14554008677184,0.819408268008453,,,
rgk6535,"RGK Fall 2018, 6.535 GeV, torus+1",4,6,3,16,3,3.5,3.249448425540658,0.38,0.48,0.4282770842965018,6.535,0.6122480686184865,0.3,0.4,0.35,288,306,297,94.15905944586964,30.56629328013125,0.3246240293819339,,,
rgk6535,"RGK Fall 2018, 6.535 GeV, torus+1",4,6,3,17,3,3.5,3.249448425540658,0.38,0.48,0.4282770842965018,6.535,0.6122480686184865,0.3,0.4,0.35,306,324,315,27.40501795408556,16.90924118988483,0.6170125930300291,,,
rgk6535,"RGK Fall 2018, 6.535 GeV, torus+1",4,6,3,18,3,3.5,3.249448425540658,0.38,0.48,0.4282770842965018,6.535,0.6122480686184865,0.3,0.4,0.35,324,342,333,27.0279346804683,14.85520782804358,0.5496242315095823,,,
rgk6535,"RGK Fall 2018, 6.535 GeV, torus+1",4,6,3,19,3,3.5,3.249448425540658,0.38,0.48,0.4282770842965018,6.535,0.6122480686184865,0.3,0.4,0.35,342,360,351,48.78898007974216,14.67604440037634,0.3008065423050325,,,
rgk6535,"RGK Fall 2018, 6.535 GeV, torus+1",4,6,4,0,3,3.5,3.25,0.38,0.48,0.43,6.535,0.615307596902827,0.4,0.6,0.5,0,18,9,31.15196445698315,6.871564967367121,0.2205820752285419,,,
rgk6535,"RGK Fall 2018, 6.535 GeV, torus+1",4,6,4,1,3,3.5,3.25,0.38,0.48,0.43,6.535,0.615307596902827,0.4,0.6,0.5,18,36,27,30.38992375756244,6.036663145871612,0.1986402859720702,,,
rgk6535,"RGK Fall 2018, 6.535 GeV, torus+1",4,6,4,2,3,3.5,3.25,0.38,0.48,0.43,6.535,0.615307596902827,0.4,0.6,0.5,36,54,45,26.20100584144785,5.03817972594588,0.1922895539367383,,,
rgk6535,"RGK Fall 2018, 6.535 GeV, torus+1",4,6,4,3,3,3.5,3.25,0.38,0.48,0.43,6.535,0.615307596902827,0.4,0.6,0.5,54,72,63,34.92151131171541,4.379753686870265,0.1254170716661095,,,
rgk6535,"RGK Fall 2018, 6.535 GeV, torus+1",4,6,4,4,3,3.5,3.25,0.38,0.48,0.43,6.535,0.615307596902827,0.4,0.6,0.5,72,90,81,35.13173832893912,4.421248572938191,0.1258477030524922,,,
rgk6535,"RGK Fall 2018, 6.535 GeV, torus+1",4,6,4,5,3,3.5,3.25,0.38,0.48,0.43,6.535,0.615307596902827,0.4,0.6,0.5,90,108,99,36.30945663324596,5.020744030582464,0.1382764848644232,,,
rgk6535,"RGK Fall 2018, 6.535 GeV, torus+1",4,6,4,6,3,3.5,3.25,0.38,0.48,0.43,6.535,0.615307596902827,0.4,0.6,0.5,108,126,117,32.4545553891455,7.92103179753151,0.2440653308158003,,,
rgk6535,"RGK Fall 2018, 6.535 GeV, torus+1",4,6,4,12,3,3.5,3.25,0.38,0.48,0.43,6.535,0.615307596902827,0.4,0.6,0.5,216,234,225,15.42707460424583,12.76347773697536,0.8273427117194729,,,
rgk6535,"RGK Fall 2018, 6.535 GeV, torus+1",4,6,4,13,3,3.5,3.25,0.38,0.48,0.43,6.535,0.615307596902827,0.4,0.6,0.5,234,252,243,43.69887203589027,8.941940827799778,0.2046263532947872,,,
rgk6535,"RGK Fall 2018, 6.535 GeV, torus+1",4,6,4,14,3,3.5,3.25,0.38,0.48,0.43,6.535,0.615307596902827,0.4,0.6,0.5,252,270,261,42.49154764890938,5.719862343121902,0.1346117677422068,,,
rgk6535,"RGK Fall 2018, 6.535 GeV, torus+1",4,6,4,15,3,3.5,3.25,0.38,0.48,0.43,6.535,0.615307596902827,0.4,0.6,0.5,270,288,279,31.80084637017371,4.965859513233805,0.1561549480611097,,,
rgk6535,"RGK Fall 2018, 6.535 GeV, torus+1",4,6,4,16,3,3.5,3.25,0.38,0.48,0.43,6.535,0.615307596902827,0.4,0.6,0.5,288,306,297,27.76665376259693,5.866796552128882,0.2112892897462405,,,
rgk6535,"RGK Fall 2018, 6.535 GeV, torus+1",4,6,4,17,3,3.5,3.25,0.38,0.48,0.43,6.535,0.615307596902827,0.4,0.6,0.5,306,324,315,25.65956657366613,5.978515264117593,0.2329936184601503,,,
rgk6535,"RGK Fall 2018, 6.535 GeV, torus+1",4,6,4,18,3,3.5,3.25,0.38,0.48,0.43,6.535,0.615307596902827,0.4,0.6,0.5,324,342,333,21.87513495205669,7.238924054696263,0.3309202009752933,,,
rgk6535,"RGK Fall 2018, 6.535 GeV, torus+1",4,6,4,19,3,3.5,3.25,0.38,0.48,0.43,6.535,0.615307596902827,0.4,0.6,0.5,342,360,351,14.60163876862415,5.098236213720245,0.3491550705031329,,,
rgk6535,"RGK Fall 2018, 6.535 GeV, torus+1",4,6,5,0,3,3.5,3.25,0.38,0.48,0.43,6.535,0.615307596902827,0.6,1,0.8,0,18,9,11.80585206763263,4.765607305946496,0.4036648332238607,,,
rgk6535,"RGK Fall 2018, 6.535 GeV, torus+1",4,6,5,1,3,3.5,3.25,0.38,0.48,0.43,6.535,0.615307596902827,0.6,1,0.8,18,36,27,19.27262093189221,4.474117975523805,0.2321489117300109,,,
rgk6535,"RGK Fall 2018, 6.535 GeV, torus+1",4,6,5,2,3,3.5,3.25,0.38,0.48,0.43,6.535,0.615307596902827,0.6,1,0.8,36,54,45,30.94233236356872,4.789305626257092,0.1547816618987645,,,
rgk6535,"RGK Fall 2018, 6.535 GeV, torus+1",4,6,5,3,3,3.5,3.25,0.38,0.48,0.43,6.535,0.615307596902827,0.6,1,0.8,54,72,63,17.63355538992347,2.866967846749397,0.1625859211800077,,,
rgk6535,"RGK Fall 2018, 6.535 GeV, torus+1",4,6,5,4,3,3.5,3.25,0.38,0.48,0.43,6.535,0.615307596902827,0.6,1,0.8,72,90,81,32.40064831122349,3.080179651308167,0.09506537096793838,,,
rgk6535,"RGK Fall 2018, 6.535 GeV, torus+1",4,6,5,5,3,3.5,3.25,0.38,0.48,0.43,6.535,0.615307596902827,0.6,1,0.8,90,108,99,32.6199456384228,2.553092800317551,0.07826784350340185,,,
rgk6535,"RGK Fall 2018, 6.535 GeV, torus+1",4,6,5,6,3,3.5,3.25,0.38,0.48,0.43,6.535,0.615307596902827,0.6,1,0.8,108,126,117,27.61516245288568,2.676658757282964,0.0969271414517159,,,
rgk6535,"RGK Fall 2018, 6.535 GeV, torus+1",4,6,5,7,3,3.5,3.25,0.38,0.48,0.43,6.535,0.615307596902827,0.6,1,0.8,126,144,135,26.62258969089304,3.435705809127409,0.1290522766199069,,,
rgk6535,"RGK Fall 2018, 6.535 GeV, torus+1",4,6,5,8,3,3.5,3.25,0.38,0.48,0.43,6.535,0.615307596902827,0.6,1,0.8,144,162,153,21.01575163178952,5.798473589682799,0.275910835418883,,,
rgk6535,"RGK Fall 2018, 6.535 GeV, torus+1",4,6,5,9,3,3.5,3.25,0.38,0.48,0.43,6.535,0.615307596902827,0.6,1,0.8,162,180,171,19.21802881734709,7.258871689964089,0.3777115623539856,,,
rgk6535,"RGK Fall 2018, 6.535 GeV, torus+1",4,6,5,10,3,3.5,3.25,0.38,0.48,0.43,6.535,0.615307596902827,0.6,1,0.8,180,198,189,13.44256340581319,5.375218738477942,0.3998656042160416,,,
rgk6535,"RGK Fall 2018, 6.535 GeV, torus+1",4,6,5,11,3,3.5,3.25,0.38,0.48,0.43,6.535,0.615307596902827,0.6,1,0.8,198,216,207,21.04233716189468,4.190027297486921,0.199123665078164,,,
rgk6535,"RGK Fall 2018, 6.535 GeV, torus+1",4,6,5,12,3,3.5,3.25,0.38,0.48,0.43,6.535,0.615307596902827,0.6,1,0.8,216,234,225,23.28955484362715,3.054487157131977,0.1311526638289436,,,
rgk6535,"RGK Fall 2018, 6.535 GeV, torus+1",4,6,5,13,3,3.5,3.25,0.38,0.48,0.43,6.535,0.615307596902827,0.6,1,0.8,234,252,243,26.33495008775055,2.645219654677701,0.1004452123836794,,,
rgk6535,"RGK Fall 2018, 6.535 GeV, torus+1",4,6,5,14,3,3.5,3.25,0.38,0.48,0.43,6.535,0.615307596902827,0.6,1,0.8,252,270,261,22.34564634353055,2.238447058195034,0.1001737440834019,,,
rgk6535,"RGK Fall 2018, 6.535 GeV, torus+1",4,6,5,15,3,3.5,3.25,0.38,0.48,0.43,6.535,0.615307596902827,0.6,1,0.8,270,288,279,28.52254755381884,2.857252903195887,0.100175234971721,,,
rgk6535,"RGK Fall 2018, 6.535 GeV, torus+1",4,6,5,16,3,3.5,3.25,0.38,0.48,0.43,6.535,0.615307596902827,0.6,1,0.8,288,306,297,21.77208494993527,2.82304920115371,0.1296637050445691,,,
rgk6535,"RGK Fall 2018, 6.535 GeV, torus+1",4,6,5,17,3,3.5,3.25,0.38,0.48,0.43,6.535,0.615307596902827,0.6,1,0.8,306,324,315,24.87931008148559,3.893501541833187,0.1564955591244715,,,
rgk6535,"RGK Fall 2018, 6.535 GeV, torus+1",4,6,5,18,3,3.5,3.25,0.38,0.48,0.43,6.535,0.615307596902827,0.6,1,0.8,324,342,333,33.90702435068901,7.422102451814135,0.2188957183340482,,,
rgk6535,"RGK Fall 2018, 6.535 GeV, torus+1",4,6,5,19,3,3.5,3.25,0.38,0.48,0.43,6.535,0.615307596902827,0.6,1,0.8,342,360,351,21.25199666443518,7.055492501885668,0.3319919823671393,,,
rgk6535,"RGK Fall 2018, 6.535 GeV, torus+1",4,6,6,1,3,3.5,3.25,0.38,0.48,0.43,6.535,0.615307596902827,1,1.5,1.25,18,36,27,9.581714004434225,3.844196755867095,0.4012013669045097,,,
rgk6535,"RGK Fall 2018, 6.535 GeV, torus+1",4,6,6,2,3,3.5,3.25,0.38,0.48,0.43,6.535,0.615307596902827,1,1.5,1.25,36,54,45,9.247084788902251,2.622068596153708,0.2835562402650988,,,
rgk6535,"RGK Fall 2018, 6.535 GeV, torus+1",4,6,6,3,3,3.5,3.25,0.38,0.48,0.43,6.535,0.615307596902827,1,1.5,1.25,54,72,63,11.29765879192348,2.289021280404257,0.2026102330193085,,,
rgk6535,"RGK Fall 2018, 6.535 GeV, torus+1",4,6,6,4,3,3.5,3.25,0.38,0.48,0.43,6.535,0.615307596902827,1,1.5,1.25,72,90,81,13.62598838906857,1.608638814373404,0.1180566699780789,,,
rgk6535,"RGK Fall 2018, 6.535 GeV, torus+1",4,6,6,5,3,3.5,3.25,0.38,0.48,0.43,6.535,0.615307596902827,1,1.5,1.25,90,108,99,15.42397573330128,1.554723117491454,0.1007991158942706,,,
rgk6535,"RGK Fall 2018, 6.535 GeV, torus+1",4,6,6,6,3,3.5,3.25,0.38,0.48,0.43,6.535,0.615307596902827,1,1.5,1.25,108,126,117,13.88696295343339,1.584055410297917,0.114067807022289,,,
rgk6535,"RGK Fall 2018, 6.535 GeV, torus+1",4,6,6,7,3,3.5,3.25,0.38,0.48,0.43,6.535,0.615307596902827,1,1.5,1.25,126,144,135,16.25082494092572,1.661304776770596,0.1022289503954228,,,
rgk6535,"RGK Fall 2018, 6.535 GeV, torus+1",4,6,6,8,3,3.5,3.25,0.38,0.48,0.43,6.535,0.615307596902827,1,1.5,1.25,144,162,153,12.91781524148942,2.460101527099904,0.190442538549286,,,
rgk6535,"RGK Fall 2018, 6.535 GeV, torus+1",4,6,6,9,3,3.5,3.25,0.38,0.48,0.43,6.535,0.615307596902827,1,1.5,1.25,162,180,171,6.264438136141842,1.833448014881195,0.2926755720203159,,,
rgk6535,"RGK Fall 2018, 6.535 GeV, torus+1",4,6,6,10,3,3.5,3.25,0.38,0.48,0.43,6.535,0.615307596902827,1,1.5,1.25,180,198,189,16.93177884533101,3.643771441985978,0.2152031086202593,,,
rgk6535,"RGK Fall 2018, 6.535 GeV, torus+1",4,6,6,11,3,3.5,3.25,0.38,0.48,0.43,6.535,0.615307596902827,1,1.5,1.25,198,216,207,10.45750819816659,1.689510875920332,0.1615596032921626,,,
rgk6535,"RGK Fall 2018, 6.535 GeV, torus+1",4,6,6,12,3,3.5,3.25,0.38,0.48,0.43,6.535,0.615307596902827,1,1.5,1.25,216,234,225,11.26419614688652,1.454637672954795,0.1291381696470958,,,
rgk6535,"RGK Fall 2018, 6.535 GeV, torus+1",4,6,6,13,3,3.5,3.25,0.38,0.48,0.43,6.535,0.615307596902827,1,1.5,1.25,234,252,243,14.56510985714132,1.719038777010482,0.1180244291921788,,,
rgk6535,"RGK Fall 2018, 6.535 GeV, torus+1",4,6,6,14,3,3.5,3.25,0.38,0.48,0.43,6.535,0.615307596902827,1,1.5,1.25,252,270,261,21.28790286729416,1.917109407984507,0.09005628313580259,,,
rgk6535,"RGK Fall 2018, 6.535 GeV, torus+1",4,6,6,15,3,3.5,3.25,0.38,0.48,0.43,6.535,0.615307596902827,1,1.5,1.25,270,288,279,13.2583979807768,1.615041011101976,0.1218126815504864,,,
rgk6535,"RGK Fall 2018, 6.535 GeV, torus+1",4,6,6,16,3,3.5,3.25,0.38,0.48,0.43,6.535,0.615307596902827,1,1.5,1.25,288,306,297,13.00869084700778,1.99941106350841,0.1536980997567722,,,
rgk6535,"RGK Fall 2018, 6.535 GeV, torus+1",4,6,6,17,3,3.5,3.25,0.38,0.48,0.43,6.535,0.615307596902827,1,1.5,1.25,306,324,315,11.97317432438798,2.513973184189062,0.2099671412173786,,,
rgk6535,"RGK Fall 2018, 6.535 GeV, torus+1",4,6,6,18,3,3.5,3.25,0.38,0.48,0.43,6.535,0.615307596902827,1,1.5,1.25,324,342,333,6.926420161550567,2.994099176874892,0.4322722426651959,,,
rgk6535,"RGK Fall 2018, 6.535 GeV, torus+1",4,6,7,1,3,3.5,3.25,0.38,0.48,0.43,6.535,0.615307596902827,1.5,2,1.75,18,36,27,4.867666643040923,2.823941263845923,0.5801426989424555,,,
rgk6535,"RGK Fall 2018, 6.535 GeV, torus+1",4,6,7,2,3,3.5,3.25,0.38,0.48,0.43,6.535,0.615307596902827,1.5,2,1.75,36,54,45,4.273839482654547,1.786991135573379,0.4181231285886879,,,
rgk6535,"RGK Fall 2018, 6.535 GeV, torus+1",4,6,7,3,3,3.5,3.25,0.38,0.48,0.43,6.535,0.615307596902827,1.5,2,1.75,54,72,63,5.903970592148421,1.169385288689015,0.1980676005134847,,,
rgk6535,"RGK Fall 2018, 6.535 GeV, torus+1",4,6,7,4,3,3.5,3.25,0.38,0.48,0.43,6.535,0.615307596902827,1.5,2,1.75,72,90,81,7.672855857615347,1.192730537544191,0.1554480573697211,,,
rgk6535,"RGK Fall 2018, 6.535 GeV, torus+1",4,6,7,5,3,3.5,3.25,0.38,0.48,0.43,6.535,0.615307596902827,1.5,2,1.75,90,108,99,7.187879632423339,1.105540189934003,0.1538061634959903,,,
rgk6535,"RGK Fall 2018, 6.535 GeV, torus+1",4,6,7,6,3,3.5,3.25,0.38,0.48,0.43,6.535,0.615307596902827,1.5,2,1.75,108,126,117,8.12266008408535,1.185868455694317,0.1459950857746439,,,
rgk6535,"RGK Fall 2018, 6.535 GeV, torus+1",4,6,7,7,3,3.5,3.25,0.38,0.48,0.43,6.535,0.615307596902827,1.5,2,1.75,126,144,135,8.300240964312644,1.364506412783575,0.1643935903367562,,,
rgk6535,"RGK Fall 2018, 6.535 GeV, torus+1",4,6,7,8,3,3.5,3.25,0.38,0.48,0.43,6.535,0.615307596902827,1.5,2,1.75,144,162,153,6.1238452334467,1.457823372040831,0.2380568607577825,,,
rgk6535,"RGK Fall 2018, 6.535 GeV, torus+1",4,6,7,9,3,3.5,3.25,0.38,0.48,0.43,6.535,0.615307596902827,1.5,2,1.75,162,180,171,3.512786816866097,1.366346853561343,0.3889637842527312,,,
rgk6535,"RGK Fall 2018, 6.535 GeV, torus+1",4,6,7,10,3,3.5,3.25,0.38,0.48,0.43,6.535,0.615307596902827,1.5,2,1.75,180,198,189,8.694776295586777,2.861129188593628,0.3290630018906704,,,
rgk6535,"RGK Fall 2018, 6.535 GeV, torus+1",4,6,7,11,3,3.5,3.25,0.38,0.48,0.43,6.535,0.615307596902827,1.5,2,1.75,198,216,207,6.180159871566446,1.34795668894198,0.2181103267479587,,,
rgk6535,"RGK Fall 2018, 6.535 GeV, torus+1",4,6,7,12,3,3.5,3.25,0.38,0.48,0.43,6.535,0.615307596902827,1.5,2,1.75,216,234,225,7.774930184505999,1.215377745673693,0.1563200847894064,,,
rgk6535,"RGK Fall 2018, 6.535 GeV, torus+1",4,6,7,13,3,3.5,3.25,0.38,0.48,0.43,6.535,0.615307596902827,1.5,2,1.75,234,252,243,9.359675156250939,1.299349705695575,0.1388242309700026,,,
rgk6535,"RGK Fall 2018, 6.535 GeV, torus+1",4,6,7,14,3,3.5,3.25,0.38,0.48,0.43,6.535,0.615307596902827,1.5,2,1.75,252,270,261,8.402239954662699,1.139281204317561,0.1355925575162054,,,
rgk6535,"RGK Fall 2018, 6.535 GeV, torus+1",4,6,7,15,3,3.5,3.25,0.38,0.48,0.43,6.535,0.615307596902827,1.5,2,1.75,270,288,279,8.467352166974715,1.175329534777567,0.1388072105187398,,,
rgk6535,"RGK Fall 2018, 6.535 GeV, torus+1",4,6,7,16,3,3.5,3.25,0.38,0.48,0.43,6.535,0.615307596902827,1.5,2,1.75,288,306,297,5.579281247814626,1.290942505082995,0.2313815073561044,,,
rgk6535,"RGK Fall 2018, 6.535 GeV, torus+1",4,6,7,17,3,3.5,3.25,0.38,0.48,0.43,6.535,0.615307596902827,1.5,2,1.75,306,324,315,5.476449345500701,2.158264873036931,0.3940993035588107,,,
rgk6535,"RGK Fall 2018, 6.535 GeV, torus+1",4,6,7,18,3,3.5,3.25,0.38,0.48,0.43,6.535,0.615307596902827,1.5,2,1.75,324,342,333,10.75212065239224,5.23902784199106,0.4872553063125673,,,
rgk6535,"RGK Fall 2018, 6.535 GeV, torus+1",4,7,3,0,3,3.5,3.260330764290302,0.48,0.58,0.4899274245343609,6.535,0.7027099587859192,0.3,0.4,0.35,0,18,9,318.234429884389,263.9175376086683,0.8293179895856854,,,
rgk6535,"RGK Fall 2018, 6.535 GeV, torus+1",4,7,4,0,3,3.5,3.301773203996186,0.48,0.58,0.4968554906106205,6.535,0.7028796639371117,0.4,0.6,0.5,0,18,9,29.27563066793611,10.31388384972919,0.3523027041403889,,,
rgk6535,"RGK Fall 2018, 6.535 GeV, torus+1",4,7,4,1,3,3.5,3.301773203996186,0.48,0.58,0.4968554906106205,6.535,0.7028796639371117,0.4,0.6,0.5,18,36,27,40.46966861916906,11.47781836787601,0.2836153287017372,,,
rgk6535,"RGK Fall 2018, 6.535 GeV, torus+1",4,7,4,2,3,3.5,3.301773203996186,0.48,0.58,0.4968554906106205,6.535,0.7028796639371117,0.4,0.6,0.5,36,54,45,53.72458275861926,11.95530909129486,0.2225295847342215,,,
rgk6535,"RGK Fall 2018, 6.535 GeV, torus+1",4,7,4,3,3,3.5,3.301773203996186,0.48,0.58,0.4968554906106205,6.535,0.7028796639371117,0.4,0.6,0.5,54,72,63,71.31565556354033,16.52609391985131,0.2317316413802997,,,
rgk6535,"RGK Fall 2018, 6.535 GeV, torus+1",4,7,4,4,3,3.5,3.301773203996186,0.48,0.58,0.4968554906106205,6.535,0.7028796639371117,0.4,0.6,0.5,72,90,81,40.34747132129306,11.97905686317298,0.2968973388141706,,,
rgk6535,"RGK Fall 2018, 6.535 GeV, torus+1",4,7,4,5,3,3.5,3.301773203996186,0.48,0.58,0.4968554906106205,6.535,0.7028796639371117,0.4,0.6,0.5,90,108,99,47.53042374742326,16.74527299975925,0.3523064109157464,,,
rgk6535,"RGK Fall 2018, 6.535 GeV, torus+1",4,7,4,14,3,3.5,3.301773203996186,0.48,0.58,0.4968554906106205,6.535,0.7028796639371117,0.4,0.6,0.5,252,270,261,21.6826970109249,17.16488979310112,0.7916399783870305,,,
rgk6535,"RGK Fall 2018, 6.535 GeV, torus+1",4,7,4,15,3,3.5,3.301773203996186,0.48,0.58,0.4968554906106205,6.535,0.7028796639371117,0.4,0.6,0.5,270,288,279,40.78366088402061,14.6573800750503,0.3593934374045659,,,
rgk6535,"RGK Fall 2018, 6.535 GeV, torus+1",4,7,4,16,3,3.5,3.301773203996186,0.48,0.58,0.4968554906106205,6.535,0.7028796639371117,0.4,0.6,0.5,288,306,297,43.66784714236412,15.55383487230814,0.3561850626984235,,,
rgk6535,"RGK Fall 2018, 6.535 GeV, torus+1",4,7,4,17,3,3.5,3.301773203996186,0.48,0.58,0.4968554906106205,6.535,0.7028796639371117,0.4,0.6,0.5,306,324,315,37.9987897447408,15.49966118222827,0.4078988116818507,,,
rgk6535,"RGK Fall 2018, 6.535 GeV, torus+1",4,7,4,18,3,3.5,3.301773203996186,0.48,0.58,0.4968554906106205,6.535,0.7028796639371117,0.4,0.6,0.5,324,342,333,43.54394659866201,14.2896366501427,0.3281658592375222,,,
rgk6535,"RGK Fall 2018, 6.535 GeV, torus+1",4,7,4,19,3,3.5,3.301773203996186,0.48,0.58,0.4968554906106205,6.535,0.7028796639371117,0.4,0.6,0.5,342,360,351,46.30247221064631,14.76637634655991,0.318911186413167,,,
rgk6535,"RGK Fall 2018, 6.535 GeV, torus+1",4,7,5,0,3,3.5,3.302777777777778,0.48,0.58,0.4970246913580246,6.535,0.7028849732137884,0.6,1,0.8,0,18,9,43.15389892563439,13.28313295295149,0.3078084085945943,,,
rgk6535,"RGK Fall 2018, 6.535 GeV, torus+1",4,7,5,1,3,3.5,3.302777777777778,0.48,0.58,0.4970246913580246,6.535,0.7028849732137884,0.6,1,0.8,18,36,27,26.59144361551782,9.463485450676693,0.3558846066241451,,,
rgk6535,"RGK Fall 2018, 6.535 GeV, torus+1",4,7,5,2,3,3.5,3.302777777777778,0.48,0.58,0.4970246913580246,6.535,0.7028849732137884,0.6,1,0.8,36,54,45,23.44746280242189,6.918511725714011,0.2950644077788834,,,
rgk6535,"RGK Fall 2018, 6.535 GeV, torus+1",4,7,5,3,3,3.5,3.302777777777778,0.48,0.58,0.4970246913580246,6.535,0.7028849732137884,0.6,1,0.8,54,72,63,37.23952755050965,7.392487041347766,0.1985118374909833,,,
rgk6535,"RGK Fall 2018, 6.535 GeV, torus+1",4,7,5,4,3,3.5,3.302777777777778,0.48,0.58,0.4970246913580246,6.535,0.7028849732137884,0.6,1,0.8,72,90,81,43.85934132311804,7.071282316223021,0.1612263682695979,,,
rgk6535,"RGK Fall 2018, 6.535 GeV, torus+1",4,7,5,5,3,3.5,3.302777777777778,0.48,0.58,0.4970246913580246,6.535,0.7028849732137884,0.6,1,0.8,90,108,99,56.73612527649735,7.341132493581155,0.12939079744704,,,
rgk6535,"RGK Fall 2018, 6.535 GeV, torus+1",4,7,5,6,3,3.5,3.302777777777778,0.48,0.58,0.4970246913580246,6.535,0.7028849732137884,0.6,1,0.8,108,126,117,58.59940820829779,8.162917447810241,0.1393003393275626,,,
rgk6535,"RGK Fall 2018, 6.535 GeV, torus+1",4,7,5,7,3,3.5,3.302777777777778,0.48,0.58,0.4970246913580246,6.535,0.7028849732137884,0.6,1,0.8,126,144,135,36.54773607342322,20.0479050146447,0.5485402700284665,,,
rgk6535,"RGK Fall 2018, 6.535 GeV, torus+1",4,7,5,12,3,3.5,3.302777777777778,0.48,0.58,0.4970246913580246,6.535,0.7028849732137884,0.6,1,0.8,216,234,225,13.35456417204946,13.71948492659891,1.027325545772075,,,
rgk6535,"RGK Fall 2018, 6.535 GeV, torus+1",4,7,5,13,3,3.5,3.302777777777778,0.48,0.58,0.4970246913580246,6.535,0.7028849732137884,0.6,1,0.8,234,252,243,53.26001047120663,9.647761004844,0.1811445570417182,,,
rgk6535,"RGK Fall 2018, 6.535 GeV, torus+1",4,7,5,14,3,3.5,3.302777777777778,0.48,0.58,0.4970246913580246,6.535,0.7028849732137884,0.6,1,0.8,252,270,261,44.33331155978733,7.848974652622148,0.1770446279889812,,,
rgk6535,"RGK Fall 2018, 6.535 GeV, torus+1",4,7,5,15,3,3.5,3.302777777777778,0.48,0.58,0.4970246913580246,6.535,0.7028849732137884,0.6,1,0.8,270,288,279,55.02854175066561,8.557619019543028,0.1555123713493556,,,
rgk6535,"RGK Fall 2018, 6.535 GeV, torus+1",4,7,5,16,3,3.5,3.302777777777778,0.48,0.58,0.4970246913580246,6.535,0.7028849732137884,0.6,1,0.8,288,306,297,31.37585683921042,7.493460205047675,0.2388288626968458,,,
rgk6535,"RGK Fall 2018, 6.535 GeV, torus+1",4,7,5,17,3,3.5,3.302777777777778,0.48,0.58,0.4970246913580246,6.535,0.7028849732137884,0.6,1,0.8,306,324,315,41.05257213658437,11.35326336156799,0.276554251553228,,,
rgk6535,"RGK Fall 2018, 6.535 GeV, torus+1",4,7,5,18,3,3.5,3.302777777777778,0.48,0.58,0.4970246913580246,6.535,0.7028849732137884,0.6,1,0.8,324,342,333,35.83928932775812,14.48853757775067,0.4042640869703033,,,
rgk6535,"RGK Fall 2018, 6.535 GeV, torus+1",4,7,5,19,3,3.5,3.302777777777778,0.48,0.58,0.4970246913580246,6.535,0.7028849732137884,0.6,1,0.8,342,360,351,24.54248745053622,8.422208009022665,0.3431684757299794,,,
rgk6535,"RGK Fall 2018, 6.535 GeV, torus+1",4,7,6,0,3,3.5,3.302777777777778,0.48,0.58,0.4970246913580246,6.535,0.7028849732137884,1,1.5,1.25,0,18,9,2.496435943057922,4.252221291482529,1.703316803824704,,,
rgk6535,"RGK Fall 2018, 6.535 GeV, torus+1",4,7,6,1,3,3.5,3.302777777777778,0.48,0.58,0.4970246913580246,6.535,0.7028849732137884,1,1.5,1.25,18,36,27,19.33515026138601,8.277827064932477,0.4281232342664553,,,
rgk6535,"RGK Fall 2018, 6.535 GeV, torus+1",4,7,6,2,3,3.5,3.302777777777778,0.48,0.58,0.4970246913580246,6.535,0.7028849732137884,1,1.5,1.25,36,54,45,25.73197844028537,9.447646852550095,0.3671558669487724,,,
rgk6535,"RGK Fall 2018, 6.535 GeV, torus+1",4,7,6,3,3,3.5,3.302777777777778,0.48,0.58,0.4970246913580246,6.535,0.7028849732137884,1,1.5,1.25,54,72,63,19.20008375202754,5.371294791701872,0.2797537167583792,,,
rgk6535,"RGK Fall 2018, 6.535 GeV, torus+1",4,7,6,4,3,3.5,3.302777777777778,0.48,0.58,0.4970246913580246,6.535,0.7028849732137884,1,1.5,1.25,72,90,81,19.38148298045047,4.549298823553881,0.2347239800041423,,,
rgk6535,"RGK Fall 2018, 6.535 GeV, torus+1",4,7,6,5,3,3.5,3.302777777777778,0.48,0.58,0.4970246913580246,6.535,0.7028849732137884,1,1.5,1.25,90,108,99,27.32181120973655,4.663118319472293,0.1706738357744935,,,
rgk6535,"RGK Fall 2018, 6.535 GeV, torus+1",4,7,6,6,3,3.5,3.302777777777778,0.48,0.58,0.4970246913580246,6.535,0.7028849732137884,1,1.5,1.25,108,126,117,33.30242046270329,5.218086166869889,0.1566878951850912,,,
rgk6535,"RGK Fall 2018, 6.535 GeV, torus+1",4,7,6,7,3,3.5,3.302777777777778,0.48,0.58,0.4970246913580246,6.535,0.7028849732137884,1,1.5,1.25,126,144,135,21.11809876460477,5.965391095313955,0.2824776587044056,,,
rgk6535,"RGK Fall 2018, 6.535 GeV, torus+1",4,7,6,12,3,3.5,3.302777777777778,0.48,0.58,0.4970246913580246,6.535,0.7028849732137884,1,1.5,1.25,216,234,225,24.09575100924759,6.351016786319504,0.2635741373606524,,,
rgk6535,"RGK Fall 2018, 6.535 GeV, torus+1",4,7,6,13,3,3.5,3.302777777777778,0.48,0.58,0.4970246913580246,6.535,0.7028849732137884,1,1.5,1.25,234,252,243,26.58744055884577,5.875913724769632,0.2210033610329855,,,
rgk6535,"RGK Fall 2018, 6.535 GeV, torus+1",4,7,6,14,3,3.5,3.302777777777778,0.48,0.58,0.4970246913580246,6.535,0.7028849732137884,1,1.5,1.25,252,270,261,22.1479536854533,4.234363354572277,0.1911853083453661,,,
rgk6535,"RGK Fall 2018, 6.535 GeV, torus+1",4,7,6,15,3,3.5,3.302777777777778,0.48,0.58,0.4970246913580246,6.535,0.7028849732137884,1,1.5,1.25,270,288,279,29.81491423021827,4.81557617402053,0.1615156809386292,,,
rgk6535,"RGK Fall 2018, 6.535 GeV, torus+1",4,7,6,16,3,3.5,3.302777777777778,0.48,0.58,0.4970246913580246,6.535,0.7028849732137884,1,1.5,1.25,288,306,297,16.63995264582351,4.276687258448542,0.2570131868447326,,,
rgk6535,"RGK Fall 2018, 6.535 GeV, torus+1",4,7,6,17,3,3.5,3.302777777777778,0.48,0.58,0.4970246913580246,6.535,0.7028849732137884,1,1.5,1.25,306,324,315,22.10282481656914,6.964889084285414,0.3151130745543556,,,
rgk6535,"RGK Fall 2018, 6.535 GeV, torus+1",4,7,6,18,3,3.5,3.302777777777778,0.48,0.58,0.4970246913580246,6.535,0.7028849732137884,1,1.5,1.25,324,342,333,11.04537460186901,6.58168149261927,0.5958767112801746,,,
rgk6535,"RGK Fall 2018, 6.535 GeV, torus+1",4,7,6,19,3,3.5,3.302777777777778,0.48,0.58,0.4970246913580246,6.535,0.7028849732137884,1,1.5,1.25,342,360,351,33.80776247003249,17.48035501577019,0.5170515212671923,,,
rgk6535,"RGK Fall 2018, 6.535 GeV, torus+1",4,7,7,1,3,3.5,3.302777777777778,0.48,0.58,0.4970246913580246,6.535,0.7028849732137884,1.5,2,1.75,18,36,27,16.23693739239018,12.47884159777013,0.7685465119560434,,,
rgk6535,"RGK Fall 2018, 6.535 GeV, torus+1",4,7,7,2,3,3.5,3.302777777777778,0.48,0.58,0.4970246913580246,6.535,0.7028849732137884,1.5,2,1.75,36,54,45,9.673642143746827,5.226470745309571,0.5402795211613273,,,
rgk6535,"RGK Fall 2018, 6.535 GeV, torus+1",4,7,7,3,3,3.5,3.302777777777778,0.48,0.58,0.4970246913580246,6.535,0.7028849732137884,1.5,2,1.75,54,72,63,5.461174523681557,2.631258130185947,0.4818117638936265,,,
rgk6535,"RGK Fall 2018, 6.535 GeV, torus+1",4,7,7,4,3,3.5,3.302777777777778,0.48,0.58,0.4970246913580246,6.535,0.7028849732137884,1.5,2,1.75,72,90,81,14.92722185251678,3.743733063475922,0.2507990502495758,,,
rgk6535,"RGK Fall 2018, 6.535 GeV, torus+1",4,7,7,5,3,3.5,3.302777777777778,0.48,0.58,0.4970246913580246,6.535,0.7028849732137884,1.5,2,1.75,90,108,99,11.35980756447675,3.14121047790458,0.2765196910313392,,,
rgk6535,"RGK Fall 2018, 6.535 GeV, torus+1",4,7,7,6,3,3.5,3.302777777777778,0.48,0.58,0.4970246913580246,6.535,0.7028849732137884,1.5,2,1.75,108,126,117,7.027842417289552,2.667305424499278,0.3795340399120653,,,
rgk6535,"RGK Fall 2018, 6.535 GeV, torus+1",4,7,7,7,3,3.5,3.302777777777778,0.48,0.58,0.4970246913580246,6.535,0.7028849732137884,1.5,2,1.75,126,144,135,10.98820426591078,5.123115108719067,0.4662377022433726,,,
rgk6535,"RGK Fall 2018, 6.535 GeV, torus+1",4,7,7,12,3,3.5,3.302777777777778,0.48,0.58,0.4970246913580246,6.535,0.7028849732137884,1.5,2,1.75,216,234,225,9.602806845907153,4.28874754763467,0.446613955321052,,,
rgk6535,"RGK Fall 2018, 6.535 GeV, torus+1",4,7,7,13,3,3.5,3.302777777777778,0.48,0.58,0.4970246913580246,6.535,0.7028849732137884,1.5,2,1.75,234,252,243,12.92432992715807,4.454694861119208,0.3446751116867187,,,
rgk6535,"RGK Fall 2018, 6.535 GeV, torus+1",4,7,7,14,3,3.5,3.302777777777778,0.48,0.58,0.4970246913580246,6.535,0.7028849732137884,1.5,2,1.75,252,270,261,9.431554551371633,2.849922891413777,0.3021689453091603,,,
rgk6535,"RGK Fall 2018, 6.535 GeV, torus+1",4,7,7,15,3,3.5,3.302777777777778,0.48,0.58,0.4970246913580246,6.535,0.7028849732137884,1.5,2,1.75,270,288,279,17.81481397902315,3.984078772488301,0.2236385278667256,,,
rgk6535,"RGK Fall 2018, 6.535 GeV, torus+1",4,7,7,16,3,3.5,3.302777777777778,0.48,0.58,0.4970246913580246,6.535,0.7028849732137884,1.5,2,1.75,288,306,297,6.379872752842211,2.703706004091484,0.4237868228464264,,,
rgk6535,"RGK Fall 2018, 6.535 GeV, torus+1",4,7,7,17,3,3.5,3.302777777777778,0.48,0.58,0.4970246913580246,6.535,0.7028849732137884,1.5,2,1.75,306,324,315,5.813751431109377,4.004487567020851,0.6887957998329346,,,
rgk6535,"RGK Fall 2018, 6.535 GeV, torus+1",5,6,4,0,3.5,4,3.749480326651819,0.38,0.48,0.4301076466221232,6.535,0.4739386635506992,0.4,0.6,0.5,0,18,9,14.76655619137521,9.006827719491552,0.6099477496826393,,,
rgk6535,"RGK Fall 2018, 6.535 GeV, torus+1",5,6,4,1,3.5,4,3.749480326651819,0.38,0.48,0.4301076466221232,6.535,0.4739386635506992,0.4,0.6,0.5,18,36,27,23.75542313677636,11.57732396007778,0.4873549880976288,,,
rgk6535,"RGK Fall 2018, 6.535 GeV, torus+1",5,6,4,2,3.5,4,3.749480326651819,0.38,0.48,0.4301076466221232,6.535,0.4739386635506992,0.4,0.6,0.5,36,54,45,4.405036405563285,4.413449308711798,1.001909837371125,,,
rgk6535,"RGK Fall 2018, 6.535 GeV, torus+1",5,6,4,3,3.5,4,3.749480326651819,0.38,0.48,0.4301076466221232,6.535,0.4739386635506992,0.4,0.6,0.5,54,72,63,14.84844082606935,7.285389446385536,0.4906501316686803,,,
rgk6535,"RGK Fall 2018, 6.535 GeV, torus+1",5,6,4,4,3.5,4,3.749480326651819,0.38,0.48,0.4301076466221232,6.535,0.4739386635506992,0.4,0.6,0.5,72,90,81,9.687151814238197,5.051334284854711,0.5214467969243807,,,
rgk6535,"RGK Fall 2018, 6.535 GeV, torus+1",5,6,4,5,3.5,4,3.749480326651819,0.38,0.48,0.4301076466221232,6.535,0.4739386635506992,0.4,0.6,0.5,90,108,99,24.55478299888059,13.28540032429723,0.5410514246818179,,,
rgk6535,"RGK Fall 2018, 6.535 GeV, torus+1",5,6,4,14,3.5,4,3.749480326651819,0.38,0.48,0.4301076466221232,6.535,0.4739386635506992,0.4,0.6,0.5,252,270,261,38.46563156319913,18.37821491439804,0.4777827418276647,,,
rgk6535,"RGK Fall 2018, 6.535 GeV, torus+1",5,6,4,15,3.5,4,3.749480326651819,0.38,0.48,0.4301076466221232,6.535,0.4739386635506992,0.4,0.6,0.5,270,288,279,29.84384741999339,12.22103986667495,0.4094994755430784,,,
rgk6535,"RGK Fall 2018, 6.535 GeV, torus+1",5,6,4,16,3.5,4,3.749480326651819,0.38,0.48,0.4301076466221232,6.535,0.4739386635506992,0.4,0.6,0.5,288,306,297,28.8781417925204,13.46553857140217,0.46628826287188,,,
rgk6535,"RGK Fall 2018, 6.535 GeV, torus+1",5,6,4,17,3.5,4,3.749480326651819,0.38,0.48,0.4301076466221232,6.535,0.4739386635506992,0.4,0.6,0.5,306,324,315,7.087322726426217,6.604251653356485,0.931840119080718,,,
rgk6535,"RGK Fall 2018, 6.535 GeV, torus+1",5,6,4,18,3.5,4,3.749480326651819,0.38,0.48,0.4301076466221232,6.535,0.4739386635506992,0.4,0.6,0.5,324,342,333,6.627865827078217,6.898858889452252,1.040886926417081,,,
rgk6535,"RGK Fall 2018, 6.535 GeV, torus+1",5,6,4,19,3.5,4,3.749480326651819,0.38,0.48,0.4301076466221232,6.535,0.4739386635506992,0.4,0.6,0.5,342,360,351,24.05492932779276,11.6582706553346,0.4846520435154547,,,
rgk6535,"RGK Fall 2018, 6.535 GeV, torus+1",5,6,5,2,3.5,4,3.749480326651819,0.38,0.48,0.4301076466221232,6.535,0.4739386635506992,0.6,1,0.8,36,54,45,4.984247225201182,4.047286423632211,0.8120155844534473,,,
rgk6535,"RGK Fall 2018, 6.535 GeV, torus+1",5,6,5,3,3.5,4,3.749480326651819,0.38,0.48,0.4301076466221232,6.535,0.4739386635506992,0.6,1,0.8,54,72,63,9.477389360230115,3.951629632794411,0.4169533911286372,,,
rgk6535,"RGK Fall 2018, 6.535 GeV, torus+1",5,6,5,4,3.5,4,3.749480326651819,0.38,0.48,0.4301076466221232,6.535,0.4739386635506992,0.6,1,0.8,72,90,81,11.77918342762027,3.56797210375492,0.3029048766987197,,,
rgk6535,"RGK Fall 2018, 6.535 GeV, torus+1",5,6,5,5,3.5,4,3.749480326651819,0.38,0.48,0.4301076466221232,6.535,0.4739386635506992,0.6,1,0.8,90,108,99,15.80250861536366,4.289848943498491,0.271466325247105,,,
rgk6535,"RGK Fall 2018, 6.535 GeV, torus+1",5,6,5,6,3.5,4,3.749480326651819,0.38,0.48,0.4301076466221232,6.535,0.4739386635506992,0.6,1,0.8,108,126,117,11.0044656351192,4.289512167674439,0.3897974067895734,,,
rgk6535,"RGK Fall 2018, 6.535 GeV, torus+1",5,6,5,7,3.5,4,3.749480326651819,0.38,0.48,0.4301076466221232,6.535,0.4739386635506992,0.6,1,0.8,126,144,135,1.580800157070826,5.767298195665871,3.648341107425303,,,
rgk6535,"RGK Fall 2018, 6.535 GeV, torus+1",5,6,5,12,3.5,4,3.749480326651819,0.38,0.48,0.4301076466221232,6.535,0.4739386635506992,0.6,1,0.8,216,234,225,13.82505650778196,5.770405649894909,0.417387491085249,,,
rgk6535,"RGK Fall 2018, 6.535 GeV, torus+1",5,6,5,13,3.5,4,3.749480326651819,0.38,0.48,0.4301076466221232,6.535,0.4739386635506992,0.6,1,0.8,234,252,243,10.03641620799043,3.719484018747115,0.3705988214982427,,,
rgk6535,"RGK Fall 2018, 6.535 GeV, torus+1",5,6,5,14,3.5,4,3.749480326651819,0.38,0.48,0.4301076466221232,6.535,0.4739386635506992,0.6,1,0.8,252,270,261,6.008359143970767,2.388149147510652,0.3974711048867805,,,
rgk6535,"RGK Fall 2018, 6.535 GeV, torus+1",5,6,5,15,3.5,4,3.749480326651819,0.38,0.48,0.4301076466221232,6.535,0.4739386635506992,0.6,1,0.8,270,288,279,9.240029166058735,3.193408940821683,0.3456059373223611,,,
rgk6535,"RGK Fall 2018, 6.535 GeV, torus+1",5,6,5,16,3.5,4,3.749480326651819,0.38,0.48,0.4301076466221232,6.535,0.4739386635506992,0.6,1,0.8,288,306,297,5.105812985052831,2.628968259683414,0.5148970922710386,,,
rgk6535,"RGK Fall 2018, 6.535 GeV, torus+1",5,6,5,17,3.5,4,3.749480326651819,0.38,0.48,0.4301076466221232,6.535,0.4739386635506992,0.6,1,0.8,306,324,315,11.82904024981296,8.696741972517694,0.7352026697732476,,,
rgk6535,"RGK Fall 2018, 6.535 GeV, torus+1",5,6,6,3,3.5,4,3.749480326651819,0.38,0.48,0.4301076466221232,6.535,0.4739386635506992,1,1.5,1.25,54,72,63,4.838813091012596,2.320934130094071,0.4796494690825886,,,
rgk6535,"RGK Fall 2018, 6.535 GeV, torus+1",5,6,6,4,3.5,4,3.749480326651819,0.38,0.48,0.4301076466221232,6.535,0.4739386635506992,1,1.5,1.25,72,90,81,11.24109987492323,3.019905461362488,0.2686485748693796,,,
rgk6535,"RGK Fall 2018, 6.535 GeV, torus+1",5,6,6,5,3.5,4,3.749480326651819,0.38,0.48,0.4301076466221232,6.535,0.4739386635506992,1,1.5,1.25,90,108,99,9.714220371207819,2.974692177250766,0.3062203721533349,,,
rgk6535,"RGK Fall 2018, 6.535 GeV, torus+1",5,6,6,6,3.5,4,3.749480326651819,0.38,0.48,0.4301076466221232,6.535,0.4739386635506992,1,1.5,1.25,108,126,117,7.252000856676318,2.532360607364611,0.349194747410058,,,
rgk6535,"RGK Fall 2018, 6.535 GeV, torus+1",5,6,6,7,3.5,4,3.749480326651819,0.38,0.48,0.4301076466221232,6.535,0.4739386635506992,1,1.5,1.25,126,144,135,9.840281704570049,2.963411481511993,0.3011510818979621,,,
rgk6535,"RGK Fall 2018, 6.535 GeV, torus+1",5,6,6,8,3.5,4,3.749480326651819,0.38,0.48,0.4301076466221232,6.535,0.4739386635506992,1,1.5,1.25,144,162,153,5.420397551262749,3.375766490416204,0.6227894648852421,,,
rgk6535,"RGK Fall 2018, 6.535 GeV, torus+1",5,6,6,11,3.5,4,3.749480326651819,0.38,0.48,0.4301076466221232,6.535,0.4739386635506992,1,1.5,1.25,198,216,207,4.777314318238063,2.58504165017347,0.5411077182643632,,,
rgk6535,"RGK Fall 2018, 6.535 GeV, torus+1",5,6,6,12,3.5,4,3.749480326651819,0.38,0.48,0.4301076466221232,6.535,0.4739386635506992,1,1.5,1.25,216,234,225,6.789584147204166,2.640876880553999,0.3889600339722525,,,
rgk6535,"RGK Fall 2018, 6.535 GeV, torus+1",5,6,6,13,3.5,4,3.749480326651819,0.38,0.48,0.4301076466221232,6.535,0.4739386635506992,1,1.5,1.25,234,252,243,9.602331221741759,2.703042025162842,0.2814985197597193,,,
rgk6535,"RGK Fall 2018, 6.535 GeV, torus+1",5,6,6,14,3.5,4,3.749480326651819,0.38,0.48,0.4301076466221232,6.535,0.4739386635506992,1,1.5,1.25,252,270,261,10.3203617289071,3.092738603981887,0.2996734693241611,,,
rgk6535,"RGK Fall 2018, 6.535 GeV, torus+1",5,6,6,15,3.5,4,3.749480326651819,0.38,0.48,0.4301076466221232,6.535,0.4739386635506992,1,1.5,1.25,270,288,279,9.373651111482717,2.651862645769061,0.282906053812962,,,
rgk6535,"RGK Fall 2018, 6.535 GeV, torus+1",5,6,6,16,3.5,4,3.749480326651819,0.38,0.48,0.4301076466221232,6.535,0.4739386635506992,1,1.5,1.25,288,306,297,6.80527884526265,2.692819834209033,0.3956957378878872,,,
rgk6535,"RGK Fall 2018, 6.535 GeV, torus+1",5,6,6,17,3.5,4,3.749480326651819,0.38,0.48,0.4301076466221232,6.535,0.4739386635506992,1,1.5,1.25,306,324,315,5.942040632560142,4.458951050342908,0.7504073644177957,,,
rgk6535,"RGK Fall 2018, 6.535 GeV, torus+1",5,6,7,2,3.5,4,3.749480326651819,0.38,0.48,0.4301076466221232,6.535,0.4739386635506992,1.5,2,1.75,36,54,45,0.9852415116857021,1.48801949461933,1.510309377924402,,,
rgk6535,"RGK Fall 2018, 6.535 GeV, torus+1",5,6,7,3,3.5,4,3.749480326651819,0.38,0.48,0.4301076466221232,6.535,0.4739386635506992,1.5,2,1.75,54,72,63,3.238651680646334,1.652485318656563,0.5102386676935812,,,
rgk6535,"RGK Fall 2018, 6.535 GeV, torus+1",5,6,7,4,3.5,4,3.749480326651819,0.38,0.48,0.4301076466221232,6.535,0.4739386635506992,1.5,2,1.75,72,90,81,7.866298724432299,2.240823682399308,0.2848637918414452,,,
rgk6535,"RGK Fall 2018, 6.535 GeV, torus+1",5,6,7,5,3.5,4,3.749480326651819,0.38,0.48,0.4301076466221232,6.535,0.4739386635506992,1.5,2,1.75,90,108,99,7.019471226895189,2.604732189231233,0.3710724219868827,,,
rgk6535,"RGK Fall 2018, 6.535 GeV, torus+1",5,6,7,6,3.5,4,3.749480326651819,0.38,0.48,0.4301076466221232,6.535,0.4739386635506992,1.5,2,1.75,108,126,117,7.128900987677021,2.580026823769164,0.3619108791423788,,,
rgk6535,"RGK Fall 2018, 6.535 GeV, torus+1",5,6,7,7,3.5,4,3.749480326651819,0.38,0.48,0.4301076466221232,6.535,0.4739386635506992,1.5,2,1.75,126,144,135,1.960151954664884,1.303679506470172,0.6650910422365979,,,
rgk6535,"RGK Fall 2018, 6.535 GeV, torus+1",5,6,7,8,3.5,4,3.749480326651819,0.38,0.48,0.4301076466221232,6.535,0.4739386635506992,1.5,2,1.75,144,162,153,5.689486102511541,3.091843324768456,0.5434310356085775,,,
rgk6535,"RGK Fall 2018, 6.535 GeV, torus+1",5,6,7,9,3.5,4,3.749480326651819,0.38,0.48,0.4301076466221232,6.535,0.4739386635506992,1.5,2,1.75,162,180,171,2.816550939860974,2.679876906558427,0.9514746808345338,,,
rgk6535,"RGK Fall 2018, 6.535 GeV, torus+1",5,6,7,11,3.5,4,3.749480326651819,0.38,0.48,0.4301076466221232,6.535,0.4739386635506992,1.5,2,1.75,198,216,207,1.858190623151191,1.405274748782166,0.7562597352897238,,,
rgk6535,"RGK Fall 2018, 6.535 GeV, torus+1",5,6,7,12,3.5,4,3.749480326651819,0.38,0.48,0.4301076466221232,6.535,0.4739386635506992,1.5,2,1.75,216,234,225,2.906170863354446,1.7455211641015,0.6006257877373161,,,
rgk6535,"RGK Fall 2018, 6.535 GeV, torus+1",5,6,7,13,3.5,4,3.749480326651819,0.38,0.48,0.4301076466221232,6.535,0.4739386635506992,1.5,2,1.75,234,252,243,3.512998701689241,1.687965096932091,0.4804912384739639,,,
rgk6535,"RGK Fall 2018, 6.535 GeV, torus+1",5,6,7,14,3.5,4,3.749480326651819,0.38,0.48,0.4301076466221232,6.535,0.4739386635506992,1.5,2,1.75,252,270,261,3.382690510879635,1.607472475539801,0.4752053048807571,,,
rgk6535,"RGK Fall 2018, 6.535 GeV, torus+1",5,6,7,15,3.5,4,3.749480326651819,0.38,0.48,0.4301076466221232,6.535,0.4739386635506992,1.5,2,1.75,270,288,279,3.614802346026348,1.725433881333986,0.4773245439631596,,,
rgk6535,"RGK Fall 2018, 6.535 GeV, torus+1",5,6,7,16,3.5,4,3.749480326651819,0.38,0.48,0.4301076466221232,6.535,0.4739386635506992,1.5,2,1.75,288,306,297,4.407752064842962,2.297704102454238,0.5212870571330785,,,
rgk6535,"RGK Fall 2018, 6.535 GeV, torus+1",5,6,7,17,3.5,4,3.749480326651819,0.38,0.48,0.4301076466221232,6.535,0.4739386635506992,1.5,2,1.75,306,324,315,7.77015276937162,5.48208294092929,0.7055309082903182,,,
rgk6535,"RGK Fall 2018, 6.535 GeV, torus+1",5,7,4,0,3.5,4,3.762711503217832,0.48,0.58,0.5103904019093892,6.535,0.6263831444321929,0.4,0.6,0.5,0,18,9,19.82334401713386,7.026587891052896,0.3544602709300522,,,
rgk6535,"RGK Fall 2018, 6.535 GeV, torus+1",5,7,4,1,3.5,4,3.762711503217832,0.48,0.58,0.5103904019093892,6.535,0.6263831444321929,0.4,0.6,0.5,18,36,27,36.00562935578895,8.098264758808121,0.2249166284189972,,,
rgk6535,"RGK Fall 2018, 6.535 GeV, torus+1",5,7,4,2,3.5,4,3.762711503217832,0.48,0.58,0.5103904019093892,6.535,0.6263831444321929,0.4,0.6,0.5,36,54,45,28.28111115860586,8.533240592502974,0.3017293254372834,,,
rgk6535,"RGK Fall 2018, 6.535 GeV, torus+1",5,7,4,3,3.5,4,3.762711503217832,0.48,0.58,0.5103904019093892,6.535,0.6263831444321929,0.4,0.6,0.5,54,72,63,26.90669424814183,10.19463887060801,0.3788885686435466,,,
rgk6535,"RGK Fall 2018, 6.535 GeV, torus+1",5,7,4,4,3.5,4,3.762711503217832,0.48,0.58,0.5103904019093892,6.535,0.6263831444321929,0.4,0.6,0.5,72,90,81,23.88633376298343,10.03782725265279,0.4202330651599777,,,
rgk6535,"RGK Fall 2018, 6.535 GeV, torus+1",5,7,4,5,3.5,4,3.762711503217832,0.48,0.58,0.5103904019093892,6.535,0.6263831444321929,0.4,0.6,0.5,90,108,99,148.70678455449,56.45465635507502,0.3796373953226633,,,
rgk6535,"RGK Fall 2018, 6.535 GeV, torus+1",5,7,4,14,3.5,4,3.762711503217832,0.48,0.58,0.5103904019093892,6.535,0.6263831444321929,0.4,0.6,0.5,252,270,261,33.06326520150829,29.76731606193457,0.900313864360155,,,
rgk6535,"RGK Fall 2018, 6.535 GeV, torus+1",5,7,4,15,3.5,4,3.762711503217832,0.48,0.58,0.5103904019093892,6.535,0.6263831444321929,0.4,0.6,0.5,270,288,279,18.72158696937025,11.23564584532935,0.6001438800947597,,,
rgk6535,"RGK Fall 2018, 6.535 GeV, torus+1",5,7,4,16,3.5,4,3.762711503217832,0.48,0.58,0.5103904019093892,6.535,0.6263831444321929,0.4,0.6,0.5,288,306,297,64.79007348813442,18.1090838716971,0.2795039872120777,,,
rgk6535,"RGK Fall 2018, 6.535 GeV, torus+1",5,7,4,17,3.5,4,3.762711503217832,0.48,0.58,0.5103904019093892,6.535,0.6263831444321929,0.4,0.6,0.5,306,324,315,17.81646816343873,8.674835828164856,0.486899858523393,,,
rgk6535,"RGK Fall 2018, 6.535 GeV, torus+1",5,7,4,18,3.5,4,3.762711503217832,0.48,0.58,0.5103904019093892,6.535,0.6263831444321929,0.4,0.6,0.5,324,342,333,34.11944847171278,13.06616345359474,0.3829535364391201,,,
rgk6535,"RGK Fall 2018, 6.535 GeV, torus+1",5,7,4,19,3.5,4,3.762711503217832,0.48,0.58,0.5103904019093892,6.535,0.6263831444321929,0.4,0.6,0.5,342,360,351,25.64525545803679,9.983646397497434,0.3892979897912746,,,
rgk6535,"RGK Fall 2018, 6.535 GeV, torus+1",5,7,5,0,3.5,4,3.770418774592468,0.48,0.58,0.5136115795390669,6.535,0.6294281637228294,0.6,1,0.8,0,18,9,16.17321205900611,5.681449508531341,0.3512876408102005,,,
rgk6535,"RGK Fall 2018, 6.535 GeV, torus+1",5,7,5,1,3.5,4,3.770418774592468,0.48,0.58,0.5136115795390669,6.535,0.6294281637228294,0.6,1,0.8,18,36,27,18.89340497403238,4.877916035536844,0.2581808859885864,,,
rgk6535,"RGK Fall 2018, 6.535 GeV, torus+1",5,7,5,2,3.5,4,3.770418774592468,0.48,0.58,0.5136115795390669,6.535,0.6294281637228294,0.6,1,0.8,36,54,45,24.58073815439883,4.798474065731384,0.1952127733345826,,,
rgk6535,"RGK Fall 2018, 6.535 GeV, torus+1",5,7,5,3,3.5,4,3.770418774592468,0.48,0.58,0.5136115795390669,6.535,0.6294281637228294,0.6,1,0.8,54,72,63,26.1340062645342,4.796491167886558,0.1835344768549992,,,
rgk6535,"RGK Fall 2018, 6.535 GeV, torus+1",5,7,5,4,3.5,4,3.770418774592468,0.48,0.58,0.5136115795390669,6.535,0.6294281637228294,0.6,1,0.8,72,90,81,27.33876874436252,4.27350507290035,0.156316661985064,,,
rgk6535,"RGK Fall 2018, 6.535 GeV, torus+1",5,7,5,5,3.5,4,3.770418774592468,0.48,0.58,0.5136115795390669,6.535,0.6294281637228294,0.6,1,0.8,90,108,99,29.58446170615275,4.364965315153737,0.1475424957367382,,,
rgk6535,"RGK Fall 2018, 6.535 GeV, torus+1",5,7,5,6,3.5,4,3.770418774592468,0.48,0.58,0.5136115795390669,6.535,0.6294281637228294,0.6,1,0.8,108,126,117,39.37367767587924,6.29545919431328,0.1598900475118673,,,
rgk6535,"RGK Fall 2018, 6.535 GeV, torus+1",5,7,5,7,3.5,4,3.770418774592468,0.48,0.58,0.5136115795390669,6.535,0.6294281637228294,0.6,1,0.8,126,144,135,112.1742205359376,53.66196168604932,0.4783805176418182,,,
rgk6535,"RGK Fall 2018, 6.535 GeV, torus+1",5,7,5,12,3.5,4,3.770418774592468,0.48,0.58,0.5136115795390669,6.535,0.6294281637228294,0.6,1,0.8,216,234,225,25.3955800435013,16.93105245197073,0.6666928821065996,,,
rgk6535,"RGK Fall 2018, 6.535 GeV, torus+1",5,7,5,13,3.5,4,3.770418774592468,0.48,0.58,0.5136115795390669,6.535,0.6294281637228294,0.6,1,0.8,234,252,243,26.75304138720759,6.012638478028711,0.2247459790087176,,,
rgk6535,"RGK Fall 2018, 6.535 GeV, torus+1",5,7,5,14,3.5,4,3.770418774592468,0.48,0.58,0.5136115795390669,6.535,0.6294281637228294,0.6,1,0.8,252,270,261,36.28390581773165,5.310022952698733,0.1463465090934,,,
rgk6535,"RGK Fall 2018, 6.535 GeV, torus+1",5,7,5,15,3.5,4,3.770418774592468,0.48,0.58,0.5136115795390669,6.535,0.6294281637228294,0.6,1,0.8,270,288,279,30.60861539647867,4.83868443806645,0.1580824344842175,,,
rgk6535,"RGK Fall 2018, 6.535 GeV, torus+1",5,7,5,16,3.5,4,3.770418774592468,0.48,0.58,0.5136115795390669,6.535,0.6294281637228294,0.6,1,0.8,288,306,297,34.61185504042153,5.857153818317821,0.1692239208640372,,,
rgk6535,"RGK Fall 2018, 6.535 GeV, torus+1",5,7,5,17,3.5,4,3.770418774592468,0.48,0.58,0.5136115795390669,6.535,0.6294281637228294,0.6,1,0.8,306,324,315,21.7474688111384,5.643504567689756,0.2595016742729767,,,
rgk6535,"RGK Fall 2018, 6.535 GeV, torus+1",5,7,5,18,3.5,4,3.770418774592468,0.48,0.58,0.5136115795390669,6.535,0.6294281637228294,0.6,1,0.8,324,342,333,36.38295686580913,10.03852700459694,0.2759128962943264,,,
rgk6535,"RGK Fall 2018, 6.535 GeV, torus+1",5,7,5,19,3.5,4,3.770418774592468,0.48,0.58,0.5136115795390669,6.535,0.6294281637228294,0.6,1,0.8,342,360,351,17.27070212376219,7.284456748777758,0.4217811584368255,,,
rgk6535,"RGK Fall 2018, 6.535 GeV, torus+1",5,7,6,0,3.5,4,3.770418774592468,0.48,0.58,0.5136115795390669,6.535,0.6294281637228294,1,1.5,1.25,0,18,9,2.628750272037915,4.70206685936801,1.788708082842261,,,
rgk6535,"RGK Fall 2018, 6.535 GeV, torus+1",5,7,6,1,3.5,4,3.770418774592468,0.48,0.58,0.5136115795390669,6.535,0.6294281637228294,1,1.5,1.25,18,36,27,6.496722670377928,4.27747722009032,0.6584053894733189,,,
rgk6535,"RGK Fall 2018, 6.535 GeV, torus+1",5,7,6,2,3.5,4,3.770418774592468,0.48,0.58,0.5136115795390669,6.535,0.6294281637228294,1,1.5,1.25,36,54,45,6.496000881965414,3.002917450632915,0.4622717122729761,,,
rgk6535,"RGK Fall 2018, 6.535 GeV, torus+1",5,7,6,3,3.5,4,3.770418774592468,0.48,0.58,0.5136115795390669,6.535,0.6294281637228294,1,1.5,1.25,54,72,63,17.41728806023196,3.772441488900397,0.2165917837412259,,,
rgk6535,"RGK Fall 2018, 6.535 GeV, torus+1",5,7,6,4,3.5,4,3.770418774592468,0.48,0.58,0.5136115795390669,6.535,0.6294281637228294,1,1.5,1.25,72,90,81,17.8841636333267,2.965089225045653,0.1657941229927175,,,
rgk6535,"RGK Fall 2018, 6.535 GeV, torus+1",5,7,6,5,3.5,4,3.770418774592468,0.48,0.58,0.5136115795390669,6.535,0.6294281637228294,1,1.5,1.25,90,108,99,22.44335699969137,3.275887251782372,0.1459624445588697,,,
rgk6535,"RGK Fall 2018, 6.535 GeV, torus+1",5,7,6,6,3.5,4,3.770418774592468,0.48,0.58,0.5136115795390669,6.535,0.6294281637228294,1,1.5,1.25,108,126,117,18.94050821208277,3.027590939697861,0.1598473972185426,,,
rgk6535,"RGK Fall 2018, 6.535 GeV, torus+1",5,7,6,7,3.5,4,3.770418774592468,0.48,0.58,0.5136115795390669,6.535,0.6294281637228294,1,1.5,1.25,126,144,135,17.657943347016,4.638896991702574,0.2627087934613005,,,
rgk6535,"RGK Fall 2018, 6.535 GeV, torus+1",5,7,6,12,3.5,4,3.770418774592468,0.48,0.58,0.5136115795390669,6.535,0.6294281637228294,1,1.5,1.25,216,234,225,21.67586998883286,4.780281962250223,0.2205347220071428,,,
rgk6535,"RGK Fall 2018, 6.535 GeV, torus+1",5,7,6,13,3.5,4,3.770418774592468,0.48,0.58,0.5136115795390669,6.535,0.6294281637228294,1,1.5,1.25,234,252,243,20.17153092780499,3.725768377469805,0.1847042939281373,,,
rgk6535,"RGK Fall 2018, 6.535 GeV, torus+1",5,7,6,14,3.5,4,3.770418774592468,0.48,0.58,0.5136115795390669,6.535,0.6294281637228294,1,1.5,1.25,252,270,261,21.67557558505763,3.264579130006339,0.1506109545832233,,,
rgk6535,"RGK Fall 2018, 6.535 GeV, torus+1",5,7,6,15,3.5,4,3.770418774592468,0.48,0.58,0.5136115795390669,6.535,0.6294281637228294,1,1.5,1.25,270,288,279,21.77436647852212,3.301752616738141,0.1516348418216868,,,
rgk6535,"RGK Fall 2018, 6.535 GeV, torus+1",5,7,6,16,3.5,4,3.770418774592468,0.48,0.58,0.5136115795390669,6.535,0.6294281637228294,1,1.5,1.25,288,306,297,21.34140912420008,3.130402983181352,0.1466821129271934,,,
rgk6535,"RGK Fall 2018, 6.535 GeV, torus+1",5,7,6,17,3.5,4,3.770418774592468,0.48,0.58,0.5136115795390669,6.535,0.6294281637228294,1,1.5,1.25,306,324,315,10.09779168420783,3.367213444021241,0.3334603791923442,,,
rgk6535,"RGK Fall 2018, 6.535 GeV, torus+1",5,7,6,18,3.5,4,3.770418774592468,0.48,0.58,0.5136115795390669,6.535,0.6294281637228294,1,1.5,1.25,324,342,333,14.02499832641795,6.443194914482635,0.4594078918602092,,,
rgk6535,"RGK Fall 2018, 6.535 GeV, torus+1",5,7,6,19,3.5,4,3.770418774592468,0.48,0.58,0.5136115795390669,6.535,0.6294281637228294,1,1.5,1.25,342,360,351,18.5355444252169,11.98436467628502,0.646561244782255,,,
rgk6535,"RGK Fall 2018, 6.535 GeV, torus+1",5,7,7,2,3.5,4,3.770418774592468,0.48,0.58,0.5136115795390669,6.535,0.6294281637228294,1.5,2,1.75,36,54,45,7.874123450732472,3.109417815129397,0.3948906611110028,,,
rgk6535,"RGK Fall 2018, 6.535 GeV, torus+1",5,7,7,3,3.5,4,3.770418774592468,0.48,0.58,0.5136115795390669,6.535,0.6294281637228294,1.5,2,1.75,54,72,63,6.217976338110041,2.017147834244283,0.3244058395464072,,,
rgk6535,"RGK Fall 2018, 6.535 GeV, torus+1",5,7,7,4,3.5,4,3.770418774592468,0.48,0.58,0.5136115795390669,6.535,0.6294281637228294,1.5,2,1.75,72,90,81,6.213947030897184,1.747267661510005,0.2811848335401292,,,
rgk6535,"RGK Fall 2018, 6.535 GeV, torus+1",5,7,7,5,3.5,4,3.770418774592468,0.48,0.58,0.5136115795390669,6.535,0.6294281637228294,1.5,2,1.75,90,108,99,10.10356493271114,2.322981314044781,0.2299169975662683,,,
rgk6535,"RGK Fall 2018, 6.535 GeV, torus+1",5,7,7,6,3.5,4,3.770418774592468,0.48,0.58,0.5136115795390669,6.535,0.6294281637228294,1.5,2,1.75,108,126,117,8.109155858697898,1.982565235451262,0.244484786085935,,,
rgk6535,"RGK Fall 2018, 6.535 GeV, torus+1",5,7,7,7,3.5,4,3.770418774592468,0.48,0.58,0.5136115795390669,6.535,0.6294281637228294,1.5,2,1.75,126,144,135,11.67447097347574,2.771970072951101,0.2374386025070415,,,
rgk6535,"RGK Fall 2018, 6.535 GeV, torus+1",5,7,7,11,3.5,4,3.770418774592468,0.48,0.58,0.5136115795390669,6.535,0.6294281637228294,1.5,2,1.75,198,216,207,13.89588302690706,10.03649362838691,0.7222638251166128,,,
rgk6535,"RGK Fall 2018, 6.535 GeV, torus+1",5,7,7,12,3.5,4,3.770418774592468,0.48,0.58,0.5136115795390669,6.535,0.6294281637228294,1.5,2,1.75,216,234,225,10.32793208090916,2.776097968144987,0.2687951417957631,,,
rgk6535,"RGK Fall 2018, 6.535 GeV, torus+1",5,7,7,13,3.5,4,3.770418774592468,0.48,0.58,0.5136115795390669,6.535,0.6294281637228294,1.5,2,1.75,234,252,243,12.79511870641314,2.918641008449031,0.2281058171805906,,,
rgk6535,"RGK Fall 2018, 6.535 GeV, torus+1",5,7,7,14,3.5,4,3.770418774592468,0.48,0.58,0.5136115795390669,6.535,0.6294281637228294,1.5,2,1.75,252,270,261,12.37466741515721,2.54913149422885,0.2059959600293197,,,
rgk6535,"RGK Fall 2018, 6.535 GeV, torus+1",5,7,7,15,3.5,4,3.770418774592468,0.48,0.58,0.5136115795390669,6.535,0.6294281637228294,1.5,2,1.75,270,288,279,12.04684608972803,2.370855441060527,0.1968029991752017,,,
rgk6535,"RGK Fall 2018, 6.535 GeV, torus+1",5,7,7,16,3.5,4,3.770418774592468,0.48,0.58,0.5136115795390669,6.535,0.6294281637228294,1.5,2,1.75,288,306,297,8.807488991493157,1.85798160661696,0.2109547463995151,,,
rgk6535,"RGK Fall 2018, 6.535 GeV, torus+1",5,7,7,17,3.5,4,3.770418774592468,0.48,0.58,0.5136115795390669,6.535,0.6294281637228294,1.5,2,1.75,306,324,315,1.692866659250546,1.545177121080016,0.9127577252682649,,,
rgk6535,"RGK Fall 2018, 6.535 GeV, torus+1",5,7,7,18,3.5,4,3.770418774592468,0.48,0.58,0.5136115795390669,6.535,0.6294281637228294,1.5,2,1.75,324,342,333,6.774081066067287,5.376110888994136,0.7936295471756515,,,
rgk6535,"RGK Fall 2018, 6.535 GeV, torus+1",6,7,5,0,4,4.6,4.309487776484284,0.48,0.58,0.5279025999223903,6.535,0.531893636489526,0.6,1,0.8,0,18,9,9.268443758739755,5.941147124996311,0.6410080569776406,,,
rgk6535,"RGK Fall 2018, 6.535 GeV, torus+1",6,7,5,1,4,4.6,4.309487776484284,0.48,0.58,0.5279025999223903,6.535,0.531893636489526,0.6,1,0.8,18,36,27,7.040835726093416,6.869991738989862,0.9757352686882887,,,
rgk6535,"RGK Fall 2018, 6.535 GeV, torus+1",6,7,5,2,4,4.6,4.309487776484284,0.48,0.58,0.5279025999223903,6.535,0.531893636489526,0.6,1,0.8,36,54,45,13.50146867270555,6.199336469509469,0.4591601565570412,,,
rgk6535,"RGK Fall 2018, 6.535 GeV, torus+1",6,7,5,3,4,4.6,4.309487776484284,0.48,0.58,0.5279025999223903,6.535,0.531893636489526,0.6,1,0.8,54,72,63,33.94134255897992,11.00439333287487,0.3242179743995842,,,
rgk6535,"RGK Fall 2018, 6.535 GeV, torus+1",6,7,5,4,4,4.6,4.309487776484284,0.48,0.58,0.5279025999223903,6.535,0.531893636489526,0.6,1,0.8,72,90,81,28.1899059083435,9.960116939048646,0.3533221065523565,,,
rgk6535,"RGK Fall 2018, 6.535 GeV, torus+1",6,7,5,5,4,4.6,4.309487776484284,0.48,0.58,0.5279025999223903,6.535,0.531893636489526,0.6,1,0.8,90,108,99,32.84095130211087,10.23179541858855,0.3115559998388626,,,
rgk6535,"RGK Fall 2018, 6.535 GeV, torus+1",6,7,5,6,4,4.6,4.309487776484284,0.48,0.58,0.5279025999223903,6.535,0.531893636489526,0.6,1,0.8,108,126,117,3.737721871587382,4.874807139248577,1.304218801378681,,,
rgk6535,"RGK Fall 2018, 6.535 GeV, torus+1",6,7,5,13,4,4.6,4.309487776484284,0.48,0.58,0.5279025999223903,6.535,0.531893636489526,0.6,1,0.8,234,252,243,38.07137904859271,15.4964979110313,0.4070379980523485,,,
rgk6535,"RGK Fall 2018, 6.535 GeV, torus+1",6,7,5,14,4,4.6,4.309487776484284,0.48,0.58,0.5279025999223903,6.535,0.531893636489526,0.6,1,0.8,252,270,261,6.394308194920458,4.206129961080895,0.6577928108661044,,,
rgk6535,"RGK Fall 2018, 6.535 GeV, torus+1",6,7,5,15,4,4.6,4.309487776484284,0.48,0.58,0.5279025999223903,6.535,0.531893636489526,0.6,1,0.8,270,288,279,24.22954579300583,7.999422017557244,0.3301515466239726,,,
rgk6535,"RGK Fall 2018, 6.535 GeV, torus+1",6,7,5,16,4,4.6,4.309487776484284,0.48,0.58,0.5279025999223903,6.535,0.531893636489526,0.6,1,0.8,288,306,297,33.27038469790913,10.36055399944556,0.3114046950018184,,,
rgk6535,"RGK Fall 2018, 6.535 GeV, torus+1",6,7,5,17,4,4.6,4.309487776484284,0.48,0.58,0.5279025999223903,6.535,0.531893636489526,0.6,1,0.8,306,324,315,11.11948222397852,7.672552013964943,0.6900098277435553,,,
rgk6535,"RGK Fall 2018, 6.535 GeV, torus+1",6,7,5,18,4,4.6,4.309487776484284,0.48,0.58,0.5279025999223903,6.535,0.531893636489526,0.6,1,0.8,324,342,333,29.44322218339557,11.78688693852226,0.4003259855563445,,,
rgk6535,"RGK Fall 2018, 6.535 GeV, torus+1",6,7,5,19,4,4.6,4.309487776484284,0.48,0.58,0.5279025999223903,6.535,0.531893636489526,0.6,1,0.8,342,360,351,21.51567971778676,11.2533271445936,0.5230291253727212,,,
rgk6535,"RGK Fall 2018, 6.535 GeV, torus+1",6,7,6,1,4,4.6,4.309487776484284,0.48,0.58,0.5279025999223903,6.535,0.531893636489526,1,1.5,1.25,18,36,27,9.560847871512642,7.519457389096859,0.7864843673019545,,,
rgk6535,"RGK Fall 2018, 6.535 GeV, torus+1",6,7,6,2,4,4.6,4.309487776484284,0.48,0.58,0.5279025999223903,6.535,0.531893636489526,1,1.5,1.25,36,54,45,0.2944340511917753,1.616144114555429,5.488985081765483,,,
rgk6535,"RGK Fall 2018, 6.535 GeV, torus+1",6,7,6,3,4,4.6,4.309487776484284,0.48,0.58,0.5279025999223903,6.535,0.531893636489526,1,1.5,1.25,54,72,63,12.74302394375234,5.961517927630185,0.467826000637235,,,
rgk6535,"RGK Fall 2018, 6.535 GeV, torus+1",6,7,6,4,4,4.6,4.309487776484284,0.48,0.58,0.5279025999223903,6.535,0.531893636489526,1,1.5,1.25,72,90,81,6.890069399125914,3.370067426838359,0.4891195184864018,,,
rgk6535,"RGK Fall 2018, 6.535 GeV, torus+1",6,7,6,5,4,4.6,4.309487776484284,0.48,0.58,0.5279025999223903,6.535,0.531893636489526,1,1.5,1.25,90,108,99,16.54530075148346,5.575058801454413,0.3369572354829846,,,
rgk6535,"RGK Fall 2018, 6.535 GeV, torus+1",6,7,6,6,4,4.6,4.309487776484284,0.48,0.58,0.5279025999223903,6.535,0.531893636489526,1,1.5,1.25,108,126,117,14.37173175356918,5.009458871063126,0.3485633434411299,,,
rgk6535,"RGK Fall 2018, 6.535 GeV, torus+1",6,7,6,7,4,4.6,4.309487776484284,0.48,0.58,0.5279025999223903,6.535,0.531893636489526,1,1.5,1.25,126,144,135,19.67303806182436,12.62662033957808,0.6418236115793474,,,
rgk6535,"RGK Fall 2018, 6.535 GeV, torus+1",6,7,6,12,4,4.6,4.309487776484284,0.48,0.58,0.5279025999223903,6.535,0.531893636489526,1,1.5,1.25,216,234,225,17.6115973329247,10.01254292966516,0.5685198645182975,,,
rgk6535,"RGK Fall 2018, 6.535 GeV, torus+1",6,7,6,13,4,4.6,4.309487776484284,0.48,0.58,0.5279025999223903,6.535,0.531893636489526,1,1.5,1.25,234,252,243,11.92263910487923,4.816225924648221,0.4039563625369843,,,
rgk6535,"RGK Fall 2018, 6.535 GeV, torus+1",6,7,6,14,4,4.6,4.309487776484284,0.48,0.58,0.5279025999223903,6.535,0.531893636489526,1,1.5,1.25,252,270,261,7.805212169708052,3.566918899426792,0.4569919205104978,,,
rgk6535,"RGK Fall 2018, 6.535 GeV, torus+1",6,7,6,15,4,4.6,4.309487776484284,0.48,0.58,0.5279025999223903,6.535,0.531893636489526,1,1.5,1.25,270,288,279,1.887639668173094,1.956771161866656,1.036623246935931,,,
rgk6535,"RGK Fall 2018, 6.535 GeV, torus+1",6,7,6,16,4,4.6,4.309487776484284,0.48,0.58,0.5279025999223903,6.535,0.531893636489526,1,1.5,1.25,288,306,297,12.4413985952554,3.975691782959542,0.3195534450986641,,,
rgk6535,"RGK Fall 2018, 6.535 GeV, torus+1",6,7,6,17,4,4.6,4.309487776484284,0.48,0.58,0.5279025999223903,6.535,0.531893636489526,1,1.5,1.25,306,324,315,2.545991634172093,3.088155683542854,1.212948087532527,,,
rgk6535,"RGK Fall 2018, 6.535 GeV, torus+1",6,7,6,18,4,4.6,4.309487776484284,0.48,0.58,0.5279025999223903,6.535,0.531893636489526,1,1.5,1.25,324,342,333,4.435035362143984,5.399704821920393,1.217511108932865,,,
rgk6535,"RGK Fall 2018, 6.535 GeV, torus+1",6,7,7,2,4,4.6,4.309487776484284,0.48,0.58,0.5279025999223903,6.535,0.531893636489526,1.5,2,1.75,36,54,45,0.3534193860798983,1.319636254299617,3.733910210577086,,,
rgk6535,"RGK Fall 2018, 6.535 GeV, torus+1",6,7,7,3,4,4.6,4.309487776484284,0.48,0.58,0.5279025999223903,6.535,0.531893636489526,1.5,2,1.75,54,72,63,7.631354277558901,3.482515444625914,0.4563430444930008,,,
rgk6535,"RGK Fall 2018, 6.535 GeV, torus+1",6,7,7,4,4,4.6,4.309487776484284,0.48,0.58,0.5279025999223903,6.535,0.531893636489526,1.5,2,1.75,72,90,81,3.583696139910343,2.057385035878387,0.574095837246363,,,
rgk6535,"RGK Fall 2018, 6.535 GeV, torus+1",6,7,7,5,4,4.6,4.309487776484284,0.48,0.58,0.5279025999223903,6.535,0.531893636489526,1.5,2,1.75,90,108,99,6.210173003186224,2.802885885006837,0.4513378103265037,,,
rgk6535,"RGK Fall 2018, 6.535 GeV, torus+1",6,7,7,6,4,4.6,4.309487776484284,0.48,0.58,0.5279025999223903,6.535,0.531893636489526,1.5,2,1.75,108,126,117,7.384891332422503,3.489861309643024,0.4725677268020446,,,
rgk6535,"RGK Fall 2018, 6.535 GeV, torus+1",6,7,7,7,4,4.6,4.309487776484284,0.48,0.58,0.5279025999223903,6.535,0.531893636489526,1.5,2,1.75,126,144,135,7.22657274469633,4.965487647791342,0.6871151544742387,,,
rgk6535,"RGK Fall 2018, 6.535 GeV, torus+1",6,7,7,12,4,4.6,4.309487776484284,0.48,0.58,0.5279025999223903,6.535,0.531893636489526,1.5,2,1.75,216,234,225,1.29630375977942,1.74190865951837,1.343750372069256,,,
rgk6535,"RGK Fall 2018, 6.535 GeV, torus+1",6,7,7,13,4,4.6,4.309487776484284,0.48,0.58,0.5279025999223903,6.535,0.531893636489526,1.5,2,1.75,234,252,243,1.425125028912626,2.148194219634501,1.507372459294731,,,
rgk6535,"RGK Fall 2018, 6.535 GeV, torus+1",6,7,7,14,4,4.6,4.309487776484284,0.48,0.58,0.5279025999223903,6.535,0.531893636489526,1.5,2,1.75,252,270,261,7.288257839088862,3.5842143155729,0.4917792968780285,,,
rgk6535,"RGK Fall 2018, 6.535 GeV, torus+1",6,7,7,15,4,4.6,4.309487776484284,0.48,0.58,0.5279025999223903,6.535,0.531893636489526,1.5,2,1.75,270,288,279,0.758303097204963,1.341008079042505,1.768432812664672,,,
rgk6535,"RGK Fall 2018, 6.535 GeV, torus+1",6,7,7,16,4,4.6,4.309487776484284,0.48,0.58,0.5279025999223903,6.535,0.531893636489526,1.5,2,1.75,288,306,297,3.511801748128093,3.026050941661929,0.8616804588342479,,,
rgk6535,"RGK Fall 2018, 6.535 GeV, torus+1",6,7,7,17,4,4.6,4.309487776484284,0.48,0.58,0.5279025999223903,6.535,0.531893636489526,1.5,2,1.75,306,324,315,0.1535231634560411,0.5923983502821448,3.858690356206532,,,
rgk6535,"RGK Fall 2018, 6.535 GeV, torus+1",6,8,5,15,4,4.6,4.502643419572554,0.58,0.7,0.5855320584926884,6.535,0.581603811120548,0.6,1,0.8,270,288,279,110.6117003271033,126.9379254943895,1.147599441279773,,,
rgk6535,"RGK Fall 2018, 6.535 GeV, torus+1",6,8,6,17,4,4.6,4.503333333333333,0.58,0.7,0.5856,6.535,0.5815624477504697,1,1.5,1.25,306,324,315,9.769969031376318,26.17172151498053,2.678792678966523,,,
rgk6535,"RGK Fall 2018, 6.535 GeV, torus+1",6,8,7,5,4,4.6,4.503333333333333,0.58,0.7,0.5856,6.535,0.5815624477504697,1.5,2,1.75,90,108,99,54.43846430984502,87.74129399879935,1.611751821274863,,,
