
xB     Q2     -t     phi    sig              stat-err        sys-err

0.125  1.129  0.108  67.2   4.8336           0.331067        0.869408
0.124  1.128  0.108  82.1   4.48089          0.230636        0.26792
0.124  1.128  0.108  97.1   3.67356          0.19945         0.259276
0.124  1.128  0.108  112.2  2.72219          0.174966        0.288682
0.124  1.129  0.108  127.3  2.60113          0.188421        0.235225
0.124  1.129  0.108  142.3  2.22732          0.139138        0.165856
0.124  1.129  0.108  157.4  2.54805          0.174241        0.194695
0.124  1.129  0.108  172.5  2.01117          0.173697        0.123878
0.124  1.129  0.108  187.5  1.66588          0.128305        0.11428
0.124  1.129  0.108  202.6  1.86272          0.124161        0.132976
0.124  1.129  0.108  217.7  2.34963          0.151554        0.226496
0.124  1.129  0.108  232.7  2.44595          0.187047        0.175893
0.124  1.128  0.108  247.8  2.6125           0.158756        0.175341
0.124  1.128  0.108  262.9  3.55218          0.177906        0.242733
0.124  1.128  0.108  277.9  4.96439          0.23777         0.338018
0.125  1.129  0.108  292.8  6.39821          0.4466          0.580949
0.124  1.128  0.153  66.9   3.80592          0.219598        0.240585
0.124  1.129  0.153  82     2.63145          0.122765        0.165785
0.124  1.129  0.152  97.1   1.75876          0.081886        0.131429
0.125  1.129  0.152  112.2  1.42657          0.0803615       0.0981944
0.125  1.129  0.152  127.3  1.24548          0.0820918       0.202015
0.124  1.13   0.152  142.3  1.12764          0.0663176       0.0780655
0.124  1.13   0.152  157.4  1.19873          0.0720936       0.0906194
0.124  1.13   0.152  172.5  0.963089         0.0669704       0.0692636
0.124  1.13   0.152  187.5  1.27667          0.0983519       0.12839
0.124  1.13   0.152  202.6  1.12918          0.0682252       0.0785955
0.124  1.13   0.152  217.7  1.05369          0.0571811       0.0751182
0.125  1.129  0.152  232.7  1.39869          0.0913579       0.122185
0.125  1.129  0.152  247.8  1.72504          0.101823        0.134458
0.124  1.129  0.152  262.9  1.76737          0.0789149       0.11684
0.124  1.129  0.153  278    2.52607          0.108515        0.151675
0.124  1.128  0.153  293.1  3.70304          0.200294        0.252744
0.125  1.129  0.203  66.9   2.13446          0.129663        0.299184
0.125  1.129  0.203  82     1.88119          0.110114        0.214335
0.125  1.129  0.203  97.1   1.09051          0.0606343       0.070694
0.125  1.13   0.203  112.2  1.13044          0.0769841       0.0883188
0.125  1.13   0.203  127.3  0.886268         0.076002        0.0534695
0.125  1.13   0.203  142.3  0.851656         0.067449        0.0597237
0.125  1.13   0.203  172.5  0.781567         0.0726934       0.0573084
0.125  1.13   0.203  187.5  0.643847         0.0602339       0.0731341
0.125  1.13   0.203  202.6  0.625088         0.0465682       0.0552798
0.125  1.13   0.203  217.7  0.780167         0.0560316       0.0568255
0.125  1.13   0.203  232.7  0.921865         0.0762841       0.064901
0.125  1.13   0.203  247.8  0.923924         0.0663036       0.0620536
0.125  1.129  0.203  262.9  1.23309          0.0692748       0.080133
0.125  1.129  0.203  278    1.47586          0.0738111       0.100911
0.125  1.129  0.203  293.1  2.88643          0.165375        0.181995
0.125  1.129  0.263  52.1   3.32365          0.237301        0.204194
0.125  1.129  0.262  66.9   1.67023          0.0980865       0.102681
0.125  1.13   0.261  82     1.06913          0.061701        0.0765821
0.125  1.13   0.261  97.1   0.780458         0.0434604       0.0487859
0.125  1.13   0.261  112.2  0.720677         0.0504269       0.050215
0.125  1.13   0.261  127.2  0.590171         0.055665        0.0448401
0.125  1.13   0.261  142.3  0.604116         0.0532185       0.0414793
0.125  1.131  0.261  157.4  0.453047         0.0367427       0.0311532
0.125  1.131  0.261  172.5  0.430993         0.0393336       0.0369379
0.125  1.131  0.261  187.5  0.461143         0.0482433       0.039574
0.125  1.131  0.261  202.6  0.40646          0.0338901       0.0299776
0.125  1.13   0.261  217.7  0.47978          0.0370265       0.034939
0.125  1.13   0.261  232.8  0.516162         0.0400076       0.0575079
0.125  1.13   0.261  247.8  0.640022         0.0514851       0.048953
0.125  1.13   0.261  262.9  0.75071          0.043088        0.0490769
0.125  1.13   0.261  278    1.11892          0.0588015       0.0791653
0.125  1.129  0.262  293.1  1.58164          0.0803197       0.0977619
0.125  1.129  0.263  307.9  1.95523          0.144641        0.200922
0.125  1.13   0.34   51.7   1.46259          0.0723992       0.0918339
0.125  1.13   0.34   66.9   0.888656         0.0488724       0.0557754
0.125  1.13   0.34   82     0.673452         0.0424445       0.0501536
0.125  1.13   0.34   97.1   0.395096         0.0245319       0.0266732
0.125  1.131  0.34   112.2  0.352406         0.0256813       0.0246702
0.125  1.131  0.34   127.2  0.260838         0.0249399       0.0264029
0.125  1.131  0.34   142.3  0.246555         0.0241467       0.0199389
0.125  1.131  0.34   157.4  0.234094         0.021329        0.0216625
0.125  1.131  0.34   172.5  0.270297         0.0268189       0.0185106
0.125  1.131  0.34   187.5  0.191583         0.0206747       0.0379855
0.125  1.131  0.34   217.7  0.293611         0.0265269       0.0178094
0.125  1.131  0.34   232.8  0.333625         0.0321128       0.0336783
0.125  1.131  0.34   247.8  0.341955         0.0342719       0.0277578
0.125  1.13   0.34   262.9  0.371941         0.025089        0.0277056
0.125  1.13   0.34   278    0.695075         0.0400256       0.0448194
0.125  1.13   0.34   293.1  0.963737         0.0495937       0.0655101
0.125  1.13   0.34   308.3  1.22134          0.0695217       0.0814237
0.125  1.126  0.451  37.5   1.41373          0.0928492       0.0944686
0.125  1.13   0.446  51.8   0.817795         0.0369567       0.0509095
0.125  1.13   0.446  66.9   0.496174         0.0333689       0.032749
0.125  1.131  0.446  82     0.307991         0.0248439       0.0292446
0.125  1.131  0.446  97.1   0.218145         0.01602         0.0176416
0.125  1.131  0.446  112.2  0.188129         0.0146499       0.0199989
0.125  1.131  0.446  127.2  0.179253         0.0188259       0.0132623
0.125  1.131  0.446  142.3  0.136888         0.0154402       0.0153123
0.125  1.131  0.446  157.4  0.153828         0.015122        0.0115283
0.125  1.131  0.446  172.5  0.133635         0.0132071       0.0114296
0.125  1.131  0.446  187.5  0.118516         0.014544        0.0116298
0.125  1.131  0.446  202.6  0.108608         0.0115807       0.0110748
0.125  1.131  0.446  217.7  0.176032         0.0173846       0.0163141
0.125  1.131  0.446  232.8  0.151473         0.0151737       0.0110768
0.125  1.131  0.446  247.8  0.145533         0.0145597       0.0124714
0.125  1.131  0.446  262.9  0.228118         0.0176657       0.0165579
0.125  1.131  0.446  278    0.293826         0.0185736       0.0190362
0.125  1.13   0.446  293.1  0.386997         0.0220016       0.0246834
0.125  1.13   0.446  308.2  0.662957         0.0385868       0.0421323
0.125  1.126  0.451  322.5  1.39112          0.0997755       0.0852932
0.125  1.125  0.615  22.9   0.910076         0.0689247       0.0603692
0.126  1.131  0.602  36.7   0.499811         0.0211358       0.0310921
0.125  1.131  0.603  51.8   0.352064         0.0192146       0.0227523
0.125  1.131  0.603  82     0.155004         0.016645        0.0143458
0.125  1.131  0.603  97.1   0.0851452        0.00785534      0.00994675
0.125  1.131  0.603  112.1  0.0902671        0.00872615      0.00895172
0.125  1.132  0.603  127.2  0.0692883        0.00821155      0.0104882
0.125  1.132  0.603  142.3  0.0594447        0.00959979      0.00758292
0.125  1.132  0.603  157.4  0.0694979        0.00836366      0.00453562
0.125  1.132  0.603  172.5  0.0780492        0.012202        0.00543417
0.125  1.132  0.603  187.5  0.0549715        0.0101629       0.00650007
0.125  1.132  0.603  202.6  0.0451041        0.00672662      0.00355275
0.125  1.132  0.603  217.7  0.0612732        0.00656281      0.00646752
0.125  1.132  0.603  232.8  0.06267          0.0068332       0.00651844
0.125  1.131  0.603  262.9  0.0960418        0.00958596      0.00765408
0.125  1.131  0.603  278    0.185771         0.0150603       0.0135877
0.125  1.131  0.603  293.1  0.215698         0.0158616       0.0198476
0.125  1.131  0.603  308.2  0.282977         0.0203607       0.0193214
0.126  1.131  0.602  323.3  0.647805         0.032533        0.0387197
0.125  1.125  0.615  337.1  0.801775         0.052835        0.0502224
0.126  1.13   0.859  7.3    0.329197         0.0188547       0.0208522
0.126  1.13   0.86   21.9   0.255241         0.0145719       0.015907
0.126  1.13   0.862  36.8   0.154395         0.00837983      0.0104128
0.125  1.131  0.863  51.8   0.0900297        0.0060773       0.00786958
0.125  1.131  0.864  66.9   0.067338         0.00630898      0.00555511
0.125  1.131  0.864  82     0.048208         0.00604392      0.00386852
0.125  1.132  0.864  97.1   0.0362127        0.00428624      0.00376946
0.125  1.132  0.864  112.1  0.0291899        0.00392509      0.00276145
0.125  1.132  0.864  127.2  0.0260556        0.00499986      0.00216858
0.125  1.132  0.864  157.4  0.0208541        0.00645693      0.00397682
0.125  1.132  0.864  187.5  0.0135793        0.0131094       0.000791803
0.125  1.132  0.864  202.6  0.0167727        0.00924293      0.00436696
0.125  1.132  0.864  217.7  0.00847254       0.00288071      0.00147468
0.125  1.132  0.864  232.8  0.0256329        0.0046791       0.00187016
0.125  1.132  0.864  262.9  0.0324644        0.0043757       0.00318831
0.125  1.131  0.864  278    0.0495266        0.00453731      0.00526502
0.125  1.131  0.864  293.1  0.0727991        0.00680726      0.00567375
0.125  1.131  0.863  308.2  0.107006         0.0107861       0.0085556
0.126  1.13   0.862  323.2  0.172341         0.0123425       0.0111001
0.126  1.13   0.86   338.1  0.266052         0.0131964       0.0171265
0.126  1.13   0.859  352.7  0.300045         0.0140718       0.0181897
0.126  1.127  1.398  7.3    0.0498203        0.00390924      0.00351328
0.126  1.128  1.39   21.9   0.0447819        0.00497646      0.00420731
0.126  1.13   1.382  36.8   0.0264628        0.00264436      0.00187297
0.125  1.131  1.379  51.8   0.0161826        0.00203871      0.003093
0.125  1.132  1.377  66.9   0.0084851        0.00152066      0.00185801
0.125  1.132  1.376  82     0.0101125        0.00348003      0.00184189
0.125  1.133  1.377  97.1   0.00708365       0.00283992      0.000984961
0.125  1.132  1.377  157.3  0.0191967        0.0170112       0.00205979
0.125  1.133  1.377  172.5  0.00272545       0.00245686      0.000955398
0.125  1.133  1.377  262.9  0.0156057        0.00751085      0.0044364
0.125  1.132  1.376  278    0.00922965       0.00195526      0.000595421
0.125  1.132  1.377  293.1  0.00710834       0.00119029      0.000742781
0.125  1.131  1.379  308.2  0.0142573        0.0026114       0.00217306
0.126  1.13   1.382  323.2  0.0172014        0.00230947      0.0013493
0.126  1.128  1.39   338.1  0.0403827        0.00321457      0.00303246
0.126  1.127  1.398  352.7  0.048442         0.00321058      0.00364823
0.155  1.302  0.108  37.7   8.23678          0.598119        0.578312
0.154  1.298  0.109  52     5.00441          0.266678        0.323862
0.154  1.299  0.109  67     2.64773          0.167406        0.39268
0.154  1.3    0.108  82.1   2.07881          0.117202        0.183145
0.154  1.3    0.108  97.1   1.67811          0.105728        0.12441
0.154  1.301  0.108  112.2  1.40981          0.110559        0.104538
0.154  1.301  0.108  127.3  1.0984           0.12855         0.149692
0.154  1.301  0.108  142.3  0.980573         0.0970792       0.0793515
0.154  1.301  0.108  157.4  1.25728          0.122743        0.0956927
0.154  1.301  0.108  172.5  1.04651          0.124711        0.194367
0.154  1.301  0.108  202.6  1.11702          0.10238         0.0794058
0.154  1.301  0.108  217.7  1.45178          0.137546        0.0997436
0.154  1.301  0.108  232.7  1.36759          0.148592        0.13621
0.154  1.301  0.108  247.8  1.56236          0.136763        0.127669
0.154  1.3    0.108  262.9  2.01608          0.142367        0.262953
0.154  1.3    0.108  277.9  2.17606          0.129938        0.164348
0.154  1.299  0.109  293    3.3178           0.212158        0.66454
0.154  1.298  0.109  308    4.54306          0.231901        0.314016
0.155  1.302  0.108  322.3  5.52355          0.374576        0.408638
0.154  1.299  0.153  51.9   3.04542          0.133277        0.187298
0.154  1.3    0.153  67     2.38881          0.138971        0.147224
0.154  1.301  0.153  82     1.73407          0.0946582       0.133813
0.154  1.301  0.153  97.1   1.20052          0.0765157       0.0765496
0.154  1.301  0.153  112.2  0.794147         0.0541113       0.051129
0.154  1.301  0.153  127.3  0.643021         0.0629005       0.0513932
0.154  1.301  0.152  142.3  0.902898         0.0863848       0.0621506
0.154  1.302  0.152  157.4  0.617603         0.0513603       0.0443181
0.154  1.302  0.152  172.5  0.43107          0.0398198       0.0401371
0.154  1.302  0.152  187.5  0.647892         0.0719001       0.0834562
0.154  1.302  0.152  202.6  0.530371         0.0452344       0.0324491
0.154  1.301  0.152  217.7  0.721772         0.0585051       0.0538252
0.154  1.301  0.153  232.7  0.895296         0.0871091       0.080821
0.154  1.301  0.153  247.8  1.06988          0.0886476       0.0654768
0.154  1.301  0.153  262.9  1.02235          0.0601738       0.0768817
0.154  1.301  0.153  278    1.46553          0.0763453       0.112081
0.154  1.3    0.153  293    2.16854          0.115588        0.146495
0.154  1.299  0.153  308.1  3.50918          0.170362        0.251043
0.154  1.3    0.203  51.8   1.92326          0.0927964       0.120819
0.154  1.301  0.203  66.9   1.27982          0.0835183       0.0814912
0.154  1.301  0.203  82     0.92037          0.0619325       0.0733856
0.154  1.301  0.203  97.1   0.717826         0.0516958       0.0493281
0.154  1.302  0.203  112.2  0.445147         0.0368982       0.028653
0.154  1.302  0.203  127.2  0.378148         0.0437365       0.039268
0.154  1.302  0.203  142.3  0.650709         0.0739084       0.0502457
0.154  1.302  0.203  157.4  0.528961         0.0595839       0.0598631
0.154  1.302  0.203  172.5  0.405984         0.0445942       0.0425617
0.154  1.302  0.203  187.5  0.234842         0.0295124       0.0209214
0.154  1.302  0.203  202.6  0.360737         0.032653        0.0262366
0.154  1.302  0.203  217.7  0.387786         0.0372327       0.0266276
0.154  1.302  0.203  232.8  0.378168         0.0382321       0.0331296
0.154  1.302  0.203  247.8  0.593759         0.0584935       0.0423708
0.154  1.301  0.203  262.9  0.650234         0.0505554       0.0490593
0.154  1.301  0.203  278    0.957218         0.0569282       0.0577243
0.154  1.301  0.203  293.1  1.24123          0.0761994       0.0826356
0.154  1.3    0.203  308.2  2.2424           0.121742        0.141373
0.154  1.301  0.262  51.7   1.53278          0.0695335       0.0926794
0.154  1.301  0.262  66.9   0.913208         0.0606019       0.0783132
0.154  1.302  0.262  82     0.672708         0.0496651       0.0445721
0.154  1.302  0.262  97.1   0.375769         0.0276074       0.0285795
0.154  1.302  0.262  112.2  0.370044         0.033206        0.0239508
0.154  1.302  0.261  127.2  0.24269          0.0268083       0.0335581
0.154  1.302  0.261  142.3  0.30076          0.0355549       0.0395689
0.154  1.302  0.261  157.4  0.200858         0.0207694       0.0192229
0.154  1.302  0.261  187.5  0.312629         0.0389378       0.0350999
0.154  1.302  0.261  202.6  0.209222         0.0239926       0.0168379
0.154  1.302  0.261  217.7  0.320872         0.0331118       0.0202316
0.154  1.302  0.261  232.8  0.231506         0.0224299       0.0213894
0.154  1.302  0.262  247.8  0.326688         0.0375406       0.0519339
0.154  1.302  0.262  262.9  0.385419         0.0323011       0.0279262
0.154  1.302  0.262  278    0.546762         0.0342543       0.0438313
0.154  1.301  0.262  293.1  1.08592          0.0718922       0.0740264
0.154  1.301  0.262  308.3  1.73319          0.0954195       0.134289
0.154  1.301  0.341  51.7   1.03533          0.051244        0.0637237
0.154  1.302  0.34   66.8   0.767788         0.059961        0.0494418
0.154  1.302  0.34   82     0.390278         0.0347768       0.0326337
0.154  1.302  0.34   97.1   0.299122         0.0288089       0.0204049
0.154  1.302  0.34   112.1  0.232821         0.0220438       0.0173623
0.154  1.302  0.34   127.2  0.22463          0.0296766       0.0224717
0.154  1.303  0.34   157.4  0.115737         0.0131172       0.0147249
0.154  1.303  0.34   172.5  0.176171         0.0236054       0.0135921
0.154  1.303  0.34   187.5  0.162216         0.0240617       0.0118788
0.154  1.303  0.34   202.6  0.143983         0.0191744       0.0112453
0.154  1.302  0.34   232.8  0.20964          0.0247616       0.0247162
0.154  1.302  0.34   247.9  0.148182         0.0182736       0.0347388
0.154  1.302  0.34   262.9  0.314255         0.0314885       0.0293429
0.154  1.302  0.34   278    0.375011         0.0296679       0.0261161
0.154  1.302  0.34   293.2  0.525216         0.0352624       0.0357399
0.154  1.301  0.341  308.3  0.905625         0.0534223       0.055223
0.155  1.301  0.451  37.1   1.20687          0.0750503       0.0730471
0.155  1.302  0.447  51.7   0.549634         0.029232        0.0341149
0.154  1.302  0.447  66.8   0.357128         0.0290899       0.0231815
0.154  1.302  0.447  81.9   0.157985         0.0172354       0.0181289
0.154  1.302  0.447  97     0.194583         0.0200787       0.0178971
0.154  1.303  0.447  112.1  0.128523         0.0137205       0.00951269
0.154  1.303  0.446  127.2  0.0773009        0.0105058       0.00642293
0.154  1.303  0.446  142.3  0.089831         0.0163454       0.0264651
0.154  1.303  0.446  157.4  0.0661417        0.00993307      0.0112755
0.154  1.303  0.446  172.5  0.0833066        0.0144984       0.0174502
0.154  1.303  0.446  187.5  0.0459527        0.0120442       0.0346729
0.154  1.303  0.446  202.6  0.0940719        0.0153131       0.00911323
0.154  1.303  0.446  217.7  0.0960258        0.0125409       0.0123656
0.154  1.303  0.446  232.8  0.113579         0.0138965       0.0126808
0.154  1.303  0.447  247.9  0.0912273        0.0125585       0.00829873
0.154  1.302  0.447  263    0.113791         0.0124586       0.0103722
0.154  1.302  0.447  278.1  0.195157         0.0186998       0.0195955
0.154  1.302  0.447  293.2  0.294484         0.0233359       0.0197115
0.155  1.302  0.447  308.3  0.498781         0.0363163       0.0562029
0.155  1.301  0.451  322.9  0.879012         0.0589743       0.0901319
0.155  1.303  0.603  36.5   0.46254          0.0226012       0.0345653
0.155  1.302  0.604  51.7   0.264482         0.0176579       0.019098
0.155  1.303  0.604  66.8   0.165504         0.0156075       0.0106255
0.155  1.303  0.604  81.9   0.0901792        0.012959        0.00699878
0.154  1.303  0.604  97     0.0528898        0.00689474      0.0071713
0.154  1.303  0.604  112.1  0.055294         0.00736304      0.00810639
0.154  1.303  0.604  127.2  0.0619639        0.0116761       0.00556272
0.154  1.303  0.603  142.3  0.0554564        0.0174486       0.00621147
0.154  1.303  0.603  157.4  0.00684517       0.00557979      0.000810919
0.154  1.303  0.603  172.5  0.0438729        0.0180498       0.00702362
0.154  1.303  0.603  202.6  0.00864919       0.00722376      0.00106831
0.154  1.303  0.603  217.7  0.0128564        0.00426661      0.00386682
0.154  1.303  0.604  232.8  0.0881453        0.0158923       0.00769157
0.154  1.303  0.604  247.9  0.0497213        0.0080992       0.00763803
0.154  1.303  0.604  263    0.0703013        0.00826247      0.0077991
0.155  1.303  0.604  278.1  0.0789998        0.00826805      0.00686753
0.155  1.303  0.604  293.2  0.11508          0.010744        0.0088116
0.155  1.302  0.604  308.3  0.167129         0.0151466       0.01011
0.155  1.303  0.603  323.5  0.505368         0.029064        0.032086
0.154  1.295  0.895  7.8    0.297623         0.0228228       0.0194808
0.155  1.303  0.86   21.7   0.240773         0.015708        0.0147172
0.155  1.303  0.863  36.6   0.131945         0.00817487      0.00933729
0.155  1.303  0.865  51.7   0.0785729        0.00624859      0.00788187
0.155  1.303  0.865  66.8   0.0457166        0.00480811      0.0033478
0.155  1.303  0.865  81.9   0.0372079        0.0063076       0.00780646
0.155  1.303  0.865  97     0.0178489        0.00386669      0.00315304
0.155  1.303  0.865  112.1  0.0217724        0.00762392      1417.41
0.155  1.303  0.864  232.8  0.0442843        0.0267133       0.00905925
0.155  1.303  0.865  247.9  0.0126624        0.00488425      0.00179616
0.155  1.303  0.865  263    0.0118711        0.0025508       0.00147562
0.155  1.303  0.865  293.2  0.040989         0.00413441      0.00362938
0.155  1.303  0.865  308.3  0.0842836        0.00895746      0.00595083
0.155  1.303  0.863  323.4  0.138197         0.0104815       0.00974688
0.155  1.303  0.86   338.3  0.275412         0.0154478       0.0209641
0.154  1.295  0.895  352.2  0.330772         0.0224264       0.021252
0.155  1.302  1.392  7.2    0.0492117        0.0039346       0.00460428
0.155  1.302  1.386  21.8   0.032678         0.00364768      0.00246506
0.155  1.303  1.382  36.7   0.0177387        0.00212656      0.00139446
0.155  1.303  1.38   51.7   0.0125552        0.0016838       0.00127872
0.155  1.304  1.379  66.8   0.00726499       0.00136195      0.00124719
0.155  1.304  1.379  81.9   0.0152121        0.0101632       0.00863173
0.154  1.303  1.378  157.3  0.00932424       0.00398533      0.00292388
0.155  1.305  1.38   172.5  0.0194574        0.0168569       0.00786826
0.155  1.304  1.379  278.1  0.00692336       0.00182273      0.000959419
0.155  1.304  1.379  293.2  0.010458         0.00212204      0.00170103
0.155  1.303  1.38   308.3  0.00914745       0.0017518       0.000667835
0.155  1.303  1.382  323.3  0.0261152        0.00344275      0.00210412
0.155  1.302  1.386  338.2  0.0405635        0.00340624      0.00254957
0.155  1.302  1.392  352.8  0.0570741        0.00389871      0.00403532
0.155  1.423  0.108  67     3.60818          0.196878        0.452549
0.155  1.424  0.108  82.1   2.67534          0.129183        0.196792
0.155  1.424  0.108  97.2   2.04188          0.110815        0.161646
0.155  1.425  0.108  112.2  1.76345          0.121499        0.125281
0.155  1.425  0.108  127.3  1.67797          0.158384        0.227288
0.155  1.425  0.108  142.3  1.24277          0.0933727       0.11086
0.155  1.425  0.108  157.4  1.36766          0.104608        0.0863413
0.155  1.425  0.108  172.5  1.60414          0.164408        0.206836
0.155  1.425  0.108  187.5  1.08367          0.103562        0.169325
0.155  1.425  0.108  202.6  1.30869          0.0996404       0.0914483
0.155  1.425  0.108  217.7  1.34743          0.102123        0.116348
0.155  1.425  0.108  232.7  1.45696          0.120319        0.171626
0.155  1.425  0.108  247.8  2.1151           0.157706        0.256049
0.155  1.424  0.108  262.8  1.98686          0.10661         0.136836
0.155  1.424  0.108  277.9  2.75836          0.140637        0.165172
0.155  1.423  0.108  293    3.25549          0.173048        0.231474
0.155  1.424  0.153  67     2.5201           0.12035         0.153511
0.155  1.425  0.153  82     1.89842          0.0903877       0.120915
0.155  1.425  0.153  97.1   1.28642          0.0623681       0.0898401
0.155  1.426  0.153  112.2  1.08657          0.0668316       0.0832358
0.155  1.426  0.152  127.3  0.976484         0.0808912       0.074425
0.155  1.426  0.152  142.3  0.804274         0.0591217       0.0504248
0.155  1.426  0.152  157.4  0.74043          0.0521409       0.0591512
0.155  1.426  0.152  172.5  0.666662         0.0560798       0.0541383
0.155  1.426  0.152  187.5  0.990763         0.0936949       0.0606937
0.155  1.426  0.152  202.6  0.764119         0.0552265       0.0679876
0.155  1.426  0.152  217.7  0.862088         0.0584965       0.0822863
0.155  1.426  0.152  232.7  0.907844         0.0696649       0.0866151
0.155  1.426  0.153  247.8  0.921401         0.0587086       0.0706746
0.155  1.425  0.153  262.9  1.25498          0.0629038       0.0851765
0.155  1.425  0.153  278    1.51248          0.0655081       0.117002
0.155  1.424  0.153  293    2.44785          0.110498        0.256852
0.155  1.425  0.203  66.9   1.46978          0.0785751       0.110543
0.155  1.425  0.203  82     1.23574          0.0730575       0.12156
0.155  1.426  0.203  97.1   0.871081         0.0502323       0.0575197
0.155  1.426  0.203  112.2  0.673936         0.0486245       0.043386
0.155  1.426  0.203  127.3  0.513631         0.0506593       0.0357745
0.155  1.426  0.203  142.3  0.373888         0.0328808       0.0296374
0.155  1.426  0.203  157.4  0.346519         0.0283429       0.0241273
0.155  1.426  0.203  172.5  0.394738         0.0402249       0.0362869
0.155  1.426  0.203  187.5  0.537792         0.0584703       0.0741305
0.155  1.426  0.203  202.6  0.512076         0.0449962       0.0345722
0.155  1.426  0.203  217.7  0.404218         0.0319905       0.0411958
0.155  1.426  0.203  232.7  0.500808         0.044045        0.063177
0.155  1.426  0.203  247.8  0.791379         0.0700252       0.0622993
0.155  1.426  0.203  262.9  0.71606          0.0430029       0.0503432
0.155  1.425  0.203  278    0.992932         0.0519774       0.0728702
0.155  1.425  0.203  293.1  1.4292           0.0696286       0.130279
0.155  1.424  0.263  52.1   2.03627          0.127089        0.122819
0.155  1.425  0.262  66.9   1.14692          0.0628929       0.0925145
0.155  1.426  0.262  82     0.699096         0.044346        0.0466898
0.155  1.426  0.262  97.1   0.431229         0.0271237       0.032861
0.155  1.426  0.261  112.2  0.45818          0.0344225       0.0311496
0.155  1.427  0.261  127.3  0.298908         0.0275944       0.0277003
0.155  1.427  0.261  142.3  0.254777         0.0246406       0.0188254
0.155  1.427  0.261  157.4  0.267747         0.0237329       0.0203952
0.155  1.427  0.261  172.5  0.261289         0.0260519       0.0163849
0.155  1.427  0.261  187.5  0.31149          0.0349352       0.0228307
0.155  1.427  0.261  202.6  0.240681         0.0206255       0.0145671
0.155  1.427  0.261  217.7  0.263387         0.0206149       0.0208818
0.155  1.427  0.261  232.7  0.249315         0.0207743       0.026927
0.155  1.426  0.261  247.8  0.453696         0.0420063       0.0609696
0.155  1.426  0.262  262.9  0.504702         0.034417        0.0355343
0.155  1.426  0.262  278    0.668085         0.0353229       0.0486178
0.155  1.425  0.262  293.1  1.1574           0.0593645       0.0780668
0.155  1.424  0.263  307.9  1.39109          0.0909332       0.108055
0.155  1.426  0.34   51.7   0.993066         0.0484351       0.0583576
0.155  1.426  0.34   66.9   0.914262         0.0337559       0.0571956
0.155  1.426  0.34   82     0.414815         0.0327325       0.040156
0.155  1.426  0.34   97.1   0.249216         0.0176477       0.0208718
0.155  1.427  0.34   112.2  0.264302         0.0222853       0.0249503
0.155  1.427  0.34   127.2  0.192965         0.0214061       0.0166637
0.155  1.427  0.34   142.3  0.157124         0.0175883       0.0114665
0.155  1.427  0.34   157.4  0.168577         0.0170336       0.0140966
0.155  1.427  0.34   172.5  0.110323         0.012504        0.0129405
0.155  1.427  0.34   187.5  0.136454         0.0163379       0.0102636
0.155  1.427  0.34   202.6  0.195048         0.0220595       0.0182399
0.155  1.427  0.34   217.7  0.200431         0.0194796       0.0148885
0.155  1.427  0.34   232.8  0.220722         0.0249855       0.0168223
0.155  1.427  0.34   247.8  0.20584          0.0214153       0.0157092
0.155  1.426  0.34   262.9  0.294111         0.0248628       0.019759
0.155  1.426  0.34   278    0.391512         0.0251214       0.0301308
0.155  1.426  0.34   293.1  0.952458         0.0336666       0.0588659
0.155  1.426  0.34   308.3  0.950557         0.05497         1.42664
0.156  1.426  0.446  51.7   0.507045         0.0249148       0.0355768
0.156  1.426  0.447  66.9   0.272047         0.020855        0.0220961
0.156  1.426  0.447  82     0.181337         0.0159076       0.0135874
0.155  1.427  0.447  97.1   0.15271          0.0125529       0.0136201
0.155  1.427  0.446  112.2  0.126937         0.0119653       0.0139795
0.155  1.427  0.446  127.2  0.107699         0.013514        0.0145908
0.155  1.427  0.446  142.3  0.0989797        0.013264        0.00848328
0.155  1.427  0.446  157.4  0.0664119        0.00738954      0.00693788
0.155  1.427  0.446  172.5  0.0659137        0.00770858      0.00499137
0.155  1.427  0.446  187.5  0.0868681        0.0118706       0.00806714
0.155  1.427  0.446  202.6  0.0786564        0.00885618      0.00613743
0.155  1.427  0.446  217.7  0.0592269        0.00605579      0.0063258
0.155  1.427  0.446  232.8  0.0899648        0.00986578      0.00914338
0.155  1.427  0.446  247.8  0.111063         0.0118468       0.0117802
0.155  1.427  0.447  262.9  0.160876         0.0152929       0.0101518
0.156  1.426  0.447  278    0.217777         0.017132        0.0146346
0.156  1.426  0.447  293.1  0.321328         0.0220352       0.0233856
0.156  1.426  0.446  308.3  0.502965         0.029428        0.0477298
0.156  1.426  0.602  36.7   0.385558         0.0203532       0.0244297
0.156  1.426  0.603  51.8   0.200129         0.0119956       0.0122675
0.156  1.426  0.604  66.9   0.139191         0.0120302       0.00914265
0.156  1.427  0.604  82     0.0900062        0.0097928       0.00680402
0.156  1.427  0.604  97.1   0.0756153        0.00753639      0.00501161
0.156  1.427  0.604  112.2  0.0485741        0.00534508      0.00461505
0.156  1.427  0.603  127.2  0.0596739        0.00826087      0.00746494
0.156  1.428  0.603  142.3  0.0489849        0.00841074      0.0116793
0.156  1.428  0.603  157.4  0.0239735        0.0034767       0.00283872
0.156  1.428  0.603  172.5  0.0369919        0.00580484      0.00317484
0.156  1.428  0.603  187.5  0.0442136        0.00864085      0.00372065
0.156  1.428  0.603  202.6  0.0319285        0.00527373      0.00374261
0.156  1.428  0.603  217.7  0.0389343        0.00545653      0.00403791
0.156  1.427  0.603  232.8  0.0499872        0.00635881      0.00662136
0.156  1.427  0.604  247.8  0.0492752        0.00757416      0.00425845
0.156  1.427  0.604  262.9  0.0555062        0.00610488      0.00531406
0.156  1.427  0.604  278    0.100235         0.00844004      0.00753623
0.156  1.426  0.604  293.1  0.168816         0.015084        0.0110989
0.156  1.426  0.603  308.2  0.206922         0.0157931       0.0129
0.156  1.426  0.602  323.3  0.337753         0.0202602       0.0571339
0.156  1.422  0.869  7.5    0.214642         0.0150695       0.0135819
0.156  1.426  0.858  21.9   0.194786         0.0126277       0.012779
0.156  1.426  0.862  36.8   0.0876772        0.00584765      0.00525416
0.156  1.426  0.864  51.8   0.0593512        0.00433243      0.00573046
0.156  1.427  0.864  66.9   0.0591082        0.00619091      0.00397661
0.156  1.427  0.865  82     0.0349561        0.00459457      0.00298795
0.156  1.427  0.865  97.1   0.0243995        0.00363224      0.00155198
0.156  1.428  0.865  112.2  0.00922085       0.0015201       0.000840437
0.156  1.428  0.864  127.2  0.0115157        0.00304403      0.00112042
0.156  1.428  0.864  142.3  0.0081791        0.0033029       0.00315904
0.155  1.428  0.864  172.5  0.0123051        0.00511247      0.00419238
0.155  1.428  0.864  202.6  0.00754683       0.00517272      0.00313872
0.156  1.428  0.864  217.7  0.00797954       0.00290502      0.000698303
0.156  1.428  0.864  232.8  0.00748529       0.0021696       0.00235297
0.156  1.428  0.865  247.8  0.0133572        0.00231703      0.00451402
0.156  1.427  0.865  262.9  0.0233869        0.00347448      0.00187929
0.156  1.427  0.865  278    0.0275822        0.00298372      0.0023459
0.156  1.427  0.864  293.1  0.0372962        0.00378245      0.0038068
0.156  1.426  0.864  308.2  0.0541785        0.00494046      0.00508403
0.156  1.426  0.862  323.2  0.103542         0.00720686      0.00940181
0.156  1.426  0.858  338.1  0.163527         0.00860597      0.0105308
0.156  1.422  0.869  352.5  0.176116         0.0108913       0.0118132
0.156  1.424  1.382  7.3    0.0301036        0.00262102      0.00221759
0.156  1.425  1.381  22     0.0227179        0.0021818       0.00206423
0.156  1.426  1.381  36.9   0.0160933        0.00194145      0.00110962
0.156  1.426  1.38   51.9   0.0103624        0.001206        0.000753071
0.156  1.427  1.38   66.9   0.00616011       0.00128557      0.000561487
0.156  1.428  1.38   82     0.0104516        0.0031523       0.00122891
0.156  1.428  1.379  97     0.00578335       0.00195607      0.000961658
0.156  1.428  1.379  247.9  0.00534491       0.00293571      0.000497027
0.156  1.428  1.379  263    0.0038741        0.00115288      0.000512155
0.156  1.428  1.38   278    0.00414561       0.000881777     0.00160725
0.156  1.427  1.38   293.1  0.00566156       0.000940092     0.00078235
0.156  1.426  1.381  323.1  0.0193211        0.00228207      0.00161606
0.156  1.425  1.381  338    0.0205561        0.00181047      0.00177627
0.156  1.424  1.382  352.7  0.0324469        0.00243686      0.108316
0.184  1.484  0.109  7.5    3.28944          0.230949        0.410019
0.184  1.483  0.109  22.3   3.75378          0.179514        0.239285
0.184  1.484  0.109  37.1   3.13625          0.131461        0.188665
0.184  1.485  0.109  52.1   2.39009          0.123423        0.151942
0.184  1.486  0.109  67.1   1.58261          0.116797        0.29095
0.184  1.486  0.109  82.1   1.31686          0.10462         0.101274
0.184  1.487  0.108  97.2   1.32584          0.105013        0.103547
0.184  1.487  0.108  112.2  1.01569          0.0920484       0.0777663
0.184  1.487  0.108  127.3  0.809564         0.103675        0.0561801
0.184  1.487  0.108  142.3  0.841645         0.103523        0.0838599
0.184  1.487  0.108  157.4  0.556645         0.0585616       0.0544233
0.184  1.487  0.108  172.5  0.727001         0.1114          0.0717127
0.184  1.487  0.108  187.5  0.545443         0.0872943       0.0557602
0.184  1.487  0.108  202.6  0.475303         0.0529145       0.037258
0.184  1.487  0.108  232.7  0.620703         0.0690745       0.131646
0.184  1.487  0.108  247.8  0.957045         0.0866958       0.0731978
0.184  1.487  0.108  262.8  0.968188         0.0678608       0.0705122
0.184  1.486  0.109  277.9  1.28689          0.0909638       0.10627
0.184  1.486  0.109  292.9  1.74508          0.124364        0.141811
0.184  1.485  0.109  307.9  2.41738          0.134863        0.189211
0.184  1.484  0.109  322.9  2.64329          0.111599        0.242508
0.184  1.483  0.109  337.7  3.8471           0.191316        0.239917
0.186  1.487  0.152  22.8   3.10962          0.246056        0.185399
0.184  1.485  0.154  37     2.08288          0.0752912       0.12945
0.184  1.486  0.154  52     1.52767          0.0627883       0.0920675
0.184  1.486  0.153  67     1.15675          0.0694125       0.0754447
0.184  1.487  0.153  82.1   0.817788         0.0522498       0.0783697
0.184  1.487  0.153  97.1   0.732793         0.0472686       0.0571351
0.184  1.488  0.153  112.2  0.487856         0.0343118       0.0365552
0.184  1.488  0.153  127.3  0.42553          0.0435837       0.03417
0.184  1.488  0.153  142.3  0.446953         0.0462026       0.0418725
0.184  1.488  0.153  157.4  0.362969         0.0364586       0.0269081
0.184  1.488  0.153  172.5  0.332098         0.037159        0.0357996
0.184  1.488  0.153  187.5  0.4918           0.0675637       0.0882995
0.184  1.488  0.153  202.6  0.40393          0.0394029       0.0263862
0.184  1.488  0.153  217.7  0.367013         0.0310961       0.0355805
0.184  1.488  0.153  232.7  0.578329         0.0614431       0.0578508
0.184  1.488  0.153  247.8  0.536947         0.0444069       0.0464176
0.184  1.487  0.153  262.9  0.807568         0.0548771       0.0729691
0.184  1.487  0.153  277.9  0.819479         0.0495739       0.0731857
0.184  1.486  0.153  293    1.25091          0.0841325       0.08221
0.184  1.486  0.154  308    1.73863          0.0822552       0.106801
0.184  1.485  0.154  323    2.20586          0.0865837       0.176398
0.186  1.487  0.152  337.2  2.65737          0.196097        0.390994
0.184  1.485  0.204  37     2.06926          0.0885157       0.122799
0.184  1.486  0.204  51.9   1.42709          0.0666246       0.0860191
0.184  1.487  0.203  67     0.923835         0.0619946       0.0563769
0.184  1.487  0.203  82     0.48685          0.03603         0.0464621
0.184  1.488  0.203  97.1   0.409777         0.0324122       0.0370336
0.184  1.488  0.203  112.2  0.295093         0.0249324       0.0232547
0.184  1.488  0.203  127.2  0.390845         0.0471923       0.0351778
0.184  1.488  0.203  142.3  0.319135         0.0425409       0.0268692
0.184  1.488  0.203  157.4  0.258765         0.027938        0.0210493
0.184  1.489  0.203  172.5  0.205677         0.0287346       0.024005
0.184  1.489  0.203  187.5  0.242818         0.0373018       0.0317449
0.184  1.488  0.203  202.6  0.175182         0.0215793       0.0178006
0.184  1.488  0.203  217.7  0.194034         0.0185819       0.0206937
0.184  1.488  0.203  232.8  0.284512         0.0288521       0.0242733
0.184  1.488  0.203  247.8  0.334776         0.033267        0.0346595
0.184  1.488  0.203  262.9  0.429924         0.0338557       0.0324024
0.184  1.487  0.203  278    0.67346          0.0469023       0.0512429
0.184  1.487  0.203  293    0.748798         0.049752        0.0569677
0.184  1.486  0.204  308.1  1.59171          0.0917871       0.123409
0.184  1.485  0.204  323    2.0552           0.0922943       0.193016
0.185  1.486  0.263  37.1   1.52515          0.0706655       0.090277
0.184  1.486  0.262  51.8   1.02187          0.0475091       0.0661437
0.184  1.487  0.262  66.9   0.453811         0.0305706       0.0372858
0.184  1.488  0.262  82     0.37782          0.0299837       0.0300294
0.184  1.488  0.262  97.1   0.300346         0.0240259       0.0190453
0.184  1.488  0.262  112.2  0.171282         0.0160219       0.0165287
0.184  1.488  0.262  127.2  0.25257          0.0291516       0.0251537
0.184  1.489  0.262  142.3  0.160696         0.0208445       0.0207225
0.184  1.489  0.262  157.4  0.124948         0.0158302       0.0139334
0.184  1.489  0.262  172.5  0.135011         0.0177096       0.0137982
0.184  1.489  0.262  187.5  0.209902         0.0418919       0.0231595
0.184  1.489  0.262  202.6  0.170095         0.0208185       0.0104481
0.184  1.489  0.262  217.7  0.181883         0.0176753       0.0145713
0.184  1.488  0.262  232.8  0.187333         0.0206391       0.0181577
0.184  1.488  0.262  247.8  0.223142         0.0249743       0.0332882
0.184  1.488  0.262  262.9  0.25233          0.0208095       0.0189814
0.184  1.488  0.262  278    0.309024         0.0222433       0.0213872
0.184  1.487  0.262  293.1  0.482578         0.0333866       0.0359799
0.184  1.486  0.262  308.2  0.896217         0.0510642       0.0565576
0.185  1.486  0.263  322.9  1.36954          0.0695186       5.59949
0.185  1.486  0.342  37     1.19535          0.06268         0.0707411
0.184  1.487  0.341  51.7   0.557466         0.0270412       0.033659
0.184  1.487  0.341  66.8   0.389085         0.0301257       0.0276135
0.184  1.488  0.341  82     0.25907          0.0244906       0.0184454
0.184  1.488  0.34   97.1   0.163882         0.0156267       0.0102981
0.184  1.489  0.34   112.1  0.128182         0.012521        0.0105091
0.184  1.489  0.34   127.2  0.0980256        0.0130917       0.017962
0.184  1.489  0.34   142.3  0.118775         0.0217824       0.0282944
0.184  1.489  0.34   157.4  0.0612371        0.0124094       0.00869434
0.184  1.489  0.34   172.5  0.0682383        0.0144192       0.00538046
0.184  1.489  0.34   187.5  0.0804228        0.0220481       0.0594533
0.184  1.489  0.34   202.6  0.0954823        0.0166632       0.0110706
0.184  1.489  0.34   217.7  0.104906         0.0136349       0.00808048
0.184  1.489  0.34   232.8  0.104819         0.0115922       0.00748625
0.184  1.489  0.34   247.9  0.110471         0.0129672       0.0180182
0.184  1.488  0.34   262.9  0.206697         0.02087         0.0174241
0.184  1.488  0.341  278    0.277298         0.0257022       0.0173225
0.184  1.487  0.341  293.2  0.306109         0.0231713       0.0201424
0.184  1.487  0.341  308.3  0.60408          0.0384046       0.0470825
0.185  1.486  0.342  323    1.1944           0.0701252       0.0816872
0.185  1.486  0.449  36.6   0.715606         0.0363825       0.0477631
0.184  1.487  0.448  51.6   0.297769         0.0161807       0.0208697
0.184  1.488  0.447  66.8   0.221993         0.0180009       0.0150444
0.184  1.488  0.447  81.9   0.223873         0.0272361       0.0137797
0.184  1.488  0.447  97     0.105894         0.01154         0.00746317
0.184  1.489  0.447  112.1  0.0579954        0.00674124      0.00485468
0.184  1.489  0.447  127.2  0.0414588        0.00696707      0.00587451
0.184  1.489  0.447  142.3  0.0339362        0.0111152       0.00375045
0.184  1.489  0.447  157.4  0.0465566        0.0165111       0.00306094
0.184  1.489  0.447  172.5  0.0478106        0.028732        0.0247833
0.184  1.489  0.447  187.5  0.171243         0.141428        0.0666976
0.184  1.489  0.447  202.6  0.0357088        0.0131957       0.0028992
0.184  1.489  0.447  217.7  0.0394791        0.00836473      0.0090769
0.184  1.489  0.447  232.8  0.0637464        0.0109257       0.00530031
0.184  1.489  0.447  247.9  0.074471         0.0105654       0.0119762
0.184  1.488  0.447  263    0.0928379        0.0108062       0.0108868
0.184  1.488  0.447  278.1  0.142844         0.0142544       0.009403
0.184  1.488  0.447  293.2  0.173117         0.0145249       0.0129338
0.184  1.487  0.448  308.4  0.334097         0.0251787       0.0265193
0.185  1.486  0.449  323.4  0.659438         0.0373938       0.0509001
0.185  1.487  0.604  36.4   0.330055         0.016408        0.0195907
0.185  1.487  0.605  51.6   0.180894         0.0114855       0.0120836
0.185  1.488  0.605  66.8   0.107257         0.0103484       0.0106089
0.185  1.488  0.604  81.9   0.0624621        0.00791255      0.0070787
0.185  1.489  0.604  97     0.0434268        0.00559205      0.00473662
0.185  1.489  0.604  112.1  0.0382704        0.00691336      0.006402
0.185  1.489  0.604  127.2  0.0152251        0.00670513      0.00295987
0.185  1.489  0.604  232.8  0.0366838        0.0134555       0.00349622
0.185  1.489  0.604  247.9  0.046155         0.0124082       0.00692869
0.185  1.489  0.604  263    0.0372058        0.00545785      0.00381901
0.185  1.488  0.604  278.1  0.0790464        0.00816828      0.00656794
0.185  1.488  0.605  293.2  0.122315         0.0109594       0.00823685
0.185  1.487  0.605  308.4  0.195961         0.0165785       0.0170588
0.185  1.487  0.604  323.6  0.335623         0.0198152       0.147649
0.185  1.484  0.875  22.2   0.217187         0.0153666       0.0241194
0.185  1.487  0.864  36.5   0.111586         0.00706337      0.00811829
0.185  1.488  0.866  51.6   0.0728857        0.00627601      0.00476842
0.185  1.488  0.866  66.8   0.0388885        0.00426788      0.00264114
0.185  1.489  0.866  81.9   0.0231184        0.00502535      0.00250383
0.185  1.489  0.866  97     0.0219298        0.00651636      0.00130649
0.184  1.489  0.865  112.1  0.0040231        0.0034112       0.00169495
0.185  1.49   0.865  187.5  0.0186404        0.0115521       0.00108691
0.184  1.489  0.865  247.9  0.0353135        0.0311351       0.0029905
0.185  1.489  0.866  263    0.0276868        0.00790741      0.00353932
0.185  1.489  0.866  278.1  0.022447         0.00273102      0.00219766
0.185  1.488  0.866  293.2  0.03003          0.00317366      0.00290714
0.185  1.488  0.866  308.4  0.0795325        0.0086881       0.00584131
0.185  1.487  0.864  323.5  0.116053         0.0083238       0.00824489
0.185  1.484  0.875  337.8  0.194939         0.0114455       0.0160233
0.186  1.485  1.38   7.1    0.0594428        0.00415642      0.00396321
0.185  1.486  1.381  21.7   0.0325479        0.00322424      0.00261504
0.185  1.487  1.382  36.6   0.0233379        0.00290519      0.00180037
0.185  1.488  1.382  51.6   0.0091347        0.00123394      0.000860202
0.185  1.489  1.382  66.8   0.00534475       0.00102807      0.000464668
0.185  1.489  1.382  293.2  0.0049328        0.00138763      0.000392729
0.185  1.488  1.382  308.4  0.0115206        0.00231011      0.00085681
0.185  1.487  1.382  323.4  0.0186015        0.00214003      0.00159873
0.185  1.486  1.381  338.3  0.0291869        0.00214552      0.00211244
0.186  1.485  1.38   352.9  0.0512286        0.00317188      8.44786
0.185  1.667  0.109  52.3   2.9335           0.146793        0.194202
0.185  1.669  0.109  67.1   2.35012          0.126924        0.307378
0.185  1.67   0.109  82.1   1.47206          0.0760767       0.0931836
0.185  1.67   0.108  97.2   1.37317          0.0722658       0.103467
0.185  1.671  0.108  112.2  1.11989          0.0737046       0.0694658
0.185  1.671  0.108  127.3  0.798638         0.0693409       0.0499972
0.185  1.671  0.108  142.3  0.751271         0.0610523       0.051182
0.185  1.672  0.108  157.4  0.744428         0.0614999       0.0585948
0.185  1.672  0.108  172.5  0.77178          0.0817304       0.0850125
0.185  1.672  0.108  187.5  0.765986         0.0759959       0.0601771
0.185  1.672  0.108  202.6  0.665393         0.0485559       0.0463355
0.185  1.671  0.108  217.7  0.681043         0.0488079       0.0580324
0.185  1.671  0.108  232.7  0.927411         0.0763691       0.0727462
0.185  1.671  0.108  247.8  1.0287           0.0703141       0.0709518
0.185  1.67   0.108  262.8  1.24106          0.0638951       0.0845553
0.185  1.67   0.109  277.9  1.55128          0.0772477       0.108676
0.185  1.669  0.109  292.9  2.48029          0.131378        0.268988
0.185  1.667  0.109  307.7  2.5311           0.134524        0.192935
0.185  1.666  0.153  52.3   1.86628          0.0748847       0.128229
0.185  1.67   0.153  67     1.61887          0.0716432       0.120118
0.185  1.67   0.153  82.1   1.02129          0.0466724       0.063148
0.185  1.671  0.153  97.1   0.837898         0.0416132       0.0579342
0.185  1.671  0.153  112.2  0.661163         0.037215        0.0419562
0.185  1.672  0.153  127.3  0.520166         0.0359908       0.0719567
0.185  1.672  0.153  142.3  0.566751         0.0409774       0.0371843
0.185  1.672  0.153  157.4  0.372035         0.0248005       0.031254
0.185  1.672  0.153  172.5  0.43972          0.0347317       0.0329519
0.185  1.672  0.153  187.5  0.379414         0.0325393       0.0440421
0.185  1.672  0.153  202.6  0.37607          0.0245616       0.0289513
0.185  1.672  0.153  217.7  0.50044          0.0312663       0.0330754
0.185  1.672  0.153  232.7  0.511246         0.0327245       0.0419853
0.185  1.671  0.153  247.8  0.793048         0.0491951       0.0795481
0.185  1.671  0.153  262.9  0.811855         0.0399171       0.0583588
0.185  1.67   0.153  277.9  1.10686          0.0483922       0.0864201
0.185  1.67   0.153  293    1.5986           0.0662239       0.138748
0.185  1.666  0.153  307.7  2.05273          0.0951512       0.233975
0.185  1.667  0.204  52.2   1.68406          0.0623018       0.102348
0.185  1.67   0.203  66.9   1.00261          0.0496128       0.0642352
0.185  1.671  0.203  82     0.706844         0.0394554       0.049699
0.185  1.671  0.203  97.1   0.511262         0.028485        0.0336233
0.185  1.672  0.203  112.2  0.417853         0.0277873       0.0260677
0.185  1.672  0.203  127.3  0.374089         0.0333194       0.0259358
0.185  1.672  0.203  142.3  0.379669         0.0337405       0.0259473
0.185  1.672  0.203  157.4  0.292804         0.0228916       0.0189577
0.185  1.673  0.203  172.5  0.261419         0.0212409       0.0191043
0.185  1.673  0.203  187.5  0.230154         0.0247849       0.0242961
0.185  1.672  0.203  202.6  0.330311         0.0280716       0.0249577
0.185  1.672  0.203  217.7  0.284906         0.0201994       0.0246125
0.185  1.672  0.203  232.7  0.353293         0.0274001       0.0292457
0.185  1.672  0.203  247.8  0.40092          0.0304427       0.029478
0.185  1.671  0.203  262.9  0.549821         0.0321567       0.0382201
0.185  1.671  0.203  278    0.616311         0.0311165       0.0451523
0.185  1.67   0.203  293.1  0.890144         0.0432913       0.0685726
0.185  1.667  0.204  307.8  1.849            0.0831231       0.34078
0.185  1.668  0.262  51.9   0.982343         0.0403822       0.0622148
0.185  1.67   0.262  66.9   0.614363         0.030812        0.0427421
0.185  1.671  0.262  82     0.460759         0.0276647       0.0369938
0.185  1.671  0.262  97.1   0.378025         0.0220177       0.0236077
0.185  1.672  0.262  112.2  0.240184         0.0163343       0.0274903
0.185  1.672  0.262  127.3  0.245882         0.0211719       0.0165308
0.185  1.672  0.262  142.3  0.247512         0.0236451       0.0165376
0.185  1.673  0.262  157.4  0.161882         0.0135102       0.0112545
0.185  1.673  0.262  172.5  0.160022         0.014506        0.0115253
0.185  1.673  0.262  202.6  0.207267         0.0192866       0.0163165
0.185  1.672  0.262  217.7  0.189374         0.0144779       0.0125353
0.185  1.672  0.262  232.7  0.223164         0.0184453       0.0220707
0.185  1.672  0.262  247.8  0.231534         0.0176335       0.0155562
0.185  1.671  0.262  262.9  0.262016         0.0160599       0.0199582
0.185  1.671  0.262  278    0.420875         0.0224765       0.0283579
0.185  1.67   0.262  293.1  0.587613         0.0285638       0.0429899
0.185  1.668  0.262  308.1  0.909013         0.0423431       0.25752
0.185  1.669  0.341  51.7   0.619032         0.0264973       0.0378147
0.185  1.67   0.34   66.9   0.35778          0.0200575       0.0266504
0.185  1.671  0.34   82     0.223931         0.0154833       0.0150904
0.185  1.671  0.34   97.1   0.195018         0.0133321       0.0135717
0.185  1.672  0.34   112.2  0.133492         0.00962561      0.0161829
0.185  1.672  0.34   127.2  0.121418         0.0111728       0.0123663
0.185  1.673  0.34   142.3  0.108077         0.0114254       0.0128145
0.185  1.673  0.34   157.4  0.126433         0.0132859       0.0138992
0.185  1.673  0.34   172.5  0.129145         0.014252        0.0100235
0.185  1.673  0.34   187.5  0.108858         0.0125383       0.00811651
0.185  1.673  0.34   202.6  0.113773         0.01245         0.0105957
0.185  1.673  0.34   217.7  0.123479         0.0103454       0.00944347
0.185  1.672  0.34   232.8  0.158354         0.0151863       0.0114285
0.185  1.672  0.34   247.8  0.163248         0.0144502       0.0102252
0.185  1.671  0.34   262.9  0.194845         0.0135625       0.0143
0.185  1.671  0.34   278    0.268168         0.0166998       0.0204724
0.185  1.67   0.34   293.1  0.37492          0.0209112       0.024449
0.185  1.669  0.341  308.3  0.578755         0.0277359       0.0703078
0.185  1.668  0.447  51.7   0.344698         0.01546         0.0221994
0.185  1.67   0.447  66.9   0.19537          0.0127845       0.013464
0.185  1.67   0.447  82     0.16393          0.0127453       0.01491
0.185  1.671  0.447  97.1   0.0886448        0.00671366      0.00654877
0.185  1.672  0.447  112.2  0.0691359        0.00593063      0.0046574
0.185  1.672  0.447  127.2  0.055883         0.00615751      0.00690625
0.185  1.673  0.447  142.3  0.064143         0.00819026      0.00972061
0.185  1.673  0.447  157.4  0.0523563        0.00594584      0.00857154
0.185  1.673  0.447  172.5  0.0520184        0.00650621      0.00402669
0.185  1.673  0.447  187.5  0.0435909        0.00550616      0.00846984
0.185  1.673  0.447  202.6  0.0804335        0.010491        0.00537904
0.185  1.673  0.447  217.7  0.0680639        0.00707983      0.00689516
0.185  1.672  0.447  232.8  0.0663489        0.00659884      0.00551717
0.185  1.672  0.447  247.8  0.0825874        0.00810639      0.0069411
0.185  1.671  0.447  262.9  0.102963         0.00803931      0.00882638
0.185  1.67   0.447  278    0.113106         0.00740222      0.00918931
0.185  1.67   0.447  293.1  0.210274         0.0137381       0.0155411
0.185  1.668  0.447  308.3  0.325884         0.0172215       0.0307651
0.185  1.665  0.604  36.7   0.256439         0.0122701       0.0153615
0.185  1.668  0.604  51.7   0.125167         0.00657925      0.00846436
0.185  1.669  0.604  66.9   0.0789136        0.00579954      0.00523532
0.185  1.67   0.604  82     0.0584317        0.00533429      0.00454539
0.185  1.671  0.604  97.1   0.0481369        0.00467404      0.00362478
0.185  1.672  0.604  112.2  0.0434143        0.00446453      0.00412829
0.185  1.673  0.604  127.2  0.0268863        0.0036759       0.00393785
0.185  1.673  0.604  142.3  0.0267507        0.00507477      0.0042612
0.185  1.673  0.604  157.4  0.0210956        0.00382348      0.00205366
0.185  1.673  0.604  172.5  0.0233325        0.00489979      0.00291906
0.185  1.673  0.604  187.5  0.0483573        0.0126866       0.0122502
0.185  1.673  0.604  202.6  0.0277542        0.00471348      0.00449752
0.185  1.673  0.604  232.8  0.0312638        0.00399702      0.00314741
0.185  1.672  0.604  247.8  0.0389112        0.00482136      0.00747059
0.185  1.671  0.604  262.9  0.0554427        0.00579046      0.00398818
0.185  1.67   0.604  278    0.0668975        0.00521513      0.00482229
0.185  1.669  0.604  293.1  0.0966042        0.00672877      0.00866126
0.185  1.668  0.604  308.3  0.130058         0.00773603      0.00907977
0.185  1.665  0.604  323.3  0.239864         0.0137877       1.24141
0.184  1.658  0.937  7.8    0.135139         0.0112522       0.00897446
0.185  1.661  0.867  22.2   0.127635         0.00760565      0.00842598
0.186  1.665  0.862  36.7   0.087768         0.00500571      0.00538078
0.185  1.667  0.864  51.8   0.0461082        0.00293361      0.00302399
0.185  1.669  0.865  66.9   0.0305469        0.00284994      0.00215732
0.185  1.67   0.865  82     0.0394494        0.00536052      0.00322604
0.185  1.671  0.865  97.1   0.0169199        0.00234578      0.00168143
0.185  1.673  0.865  127.2  0.00962314       0.00357861      0.00118809
0.185  1.673  0.865  142.3  0.00473746       0.00195159      0.00247581
0.185  1.673  0.865  217.7  0.00862023       0.00301126      0.00147553
0.185  1.673  0.865  232.8  0.012883         0.00316802      0.00133268
0.185  1.672  0.865  247.8  0.0191313        0.00415299      0.00157773
0.185  1.671  0.865  262.9  0.01348          0.00206882      0.00172939
0.185  1.67   0.865  278    0.0167759        0.00159408      0.00166686
0.185  1.669  0.865  293.1  0.0299804        0.00257372      0.00227447
0.185  1.667  0.864  308.2  0.0505668        0.00379045      0.00518044
0.186  1.665  0.862  323.3  0.0931948        0.0058269       0.0059207
0.185  1.661  0.867  337.8  0.140872         0.007143        0.0106734
0.184  1.658  0.937  352.2  0.220579         0.0166634       0.0130706
0.186  1.659  1.372  7.3    0.0243591        0.00162934      0.00172137
0.186  1.661  1.376  21.9   0.020413         0.00183785      0.00144863
0.186  1.664  1.379  36.8   0.0151973        0.00146103      0.00104663
0.186  1.667  1.381  51.8   0.00683375       0.000756853     0.000529972
0.185  1.669  1.382  66.9   0.00412062       0.000715727     0.00030354
0.185  1.67   1.382  82     0.00574572       0.0013856       0.00119003
0.186  1.672  1.381  97.1   0.00629049       0.00241134      0.000858827
0.185  1.672  1.381  112.1  0.00963811       0.0079684       0.000561994
0.186  1.674  1.381  157.4  0.00775041       0.00628176      0.000481573
0.186  1.675  1.381  172.5  0.00128081       0.0011604       0.00127742
0.185  1.672  1.381  247.9  0.00143908       0.00133481      0.000180659
0.185  1.67   1.382  278    0.0038377        0.000772315     0.000687986
0.185  1.669  1.382  293.1  0.0061318        0.000871457     0.000496702
0.186  1.664  1.379  323.2  0.0145737        0.0013821       0.0011521
0.186  1.661  1.376  338.1  0.0219323        0.00153894      0.0015531
0.186  1.659  1.372  352.7  0.0283913        0.0016983       0.0570416
0.213  1.681  0.11   7.4    1.87666          0.0881412       0.109878
0.213  1.681  0.11   22.3   1.9841           0.0888787       0.119527
0.214  1.682  0.11   37.2   1.71901          0.0763727       0.108284
0.214  1.682  0.109  52.2   1.29924          0.066594        0.0826518
0.214  1.683  0.109  67.2   0.91902          0.068223        0.132248
0.214  1.684  0.109  82.2   0.748092         0.0642966       0.0734721
0.214  1.684  0.109  97.2   0.61189          0.053407        0.0447843
0.214  1.685  0.109  112.2  0.41508          0.0372346       0.0260805
0.214  1.685  0.109  127.3  0.383046         0.0455354       0.0395167
0.214  1.686  0.108  142.3  0.286041         0.0324594       0.0298207
0.214  1.686  0.108  157.4  0.305741         0.0314189       0.0354632
0.214  1.686  0.108  172.5  0.278026         0.0338357       0.0262276
0.214  1.686  0.108  187.5  0.236195         0.032726        0.0771471
0.214  1.686  0.108  202.6  0.414791         0.0433372       0.0265496
0.214  1.686  0.108  217.7  0.327316         0.0322494       0.0332153
0.214  1.685  0.109  247.8  0.520188         0.0518202       0.0547907
0.214  1.684  0.109  262.8  0.597285         0.0441043       0.0395271
0.214  1.684  0.109  277.8  0.892514         0.0605041       0.0617742
0.214  1.683  0.109  292.8  0.962621         0.0676646       0.0665014
0.214  1.682  0.109  307.8  1.19405          0.0656671       0.0852549
0.214  1.682  0.11   322.8  1.5663           0.0698465       0.0944149
0.213  1.681  0.11   337.7  1.92743          0.0787921       0.121685
0.213  1.681  0.11   352.6  2.05304          0.0936221       0.134319
0.214  1.68   0.154  7.4    1.94653          0.0913117       0.165208
0.214  1.682  0.155  22.2   1.64565          0.0580369       0.0981805
0.214  1.683  0.154  37.1   1.23629          0.0418952       0.0737951
0.214  1.683  0.154  52     0.947366         0.0395171       0.0575227
0.214  1.684  0.153  67.1   0.848066         0.0492059       0.115203
0.214  1.685  0.153  82.1   0.613815         0.0398563       0.040755
0.214  1.685  0.153  97.2   0.444196         0.0279152       0.0284857
0.214  1.686  0.153  112.2  0.34964          0.0258739       0.0244244
0.214  1.686  0.153  127.3  0.186114         0.0184786       0.0147126
0.214  1.686  0.153  142.3  0.249632         0.0272699       0.0206536
0.214  1.687  0.153  157.4  0.220766         0.0201399       0.021229
0.214  1.687  0.153  172.5  0.211263         0.0218037       0.0147253
0.214  1.687  0.153  187.5  0.189764         0.0217638       0.0148407
0.214  1.687  0.153  202.6  0.126799         0.0126555       0.01105
0.214  1.686  0.153  217.7  0.21908          0.0196369       0.0136547
0.214  1.686  0.153  232.7  0.245438         0.0218319       0.0252541
0.214  1.686  0.153  247.8  0.393661         0.0343919       0.0481374
0.214  1.685  0.153  262.8  0.438325         0.0265791       0.0304513
0.214  1.685  0.153  277.9  0.524036         0.0286252       0.0386019
0.214  1.684  0.153  292.9  0.947167         0.0564631       0.0628794
0.214  1.683  0.154  308    0.963367         0.0455975       0.0779483
0.214  1.683  0.154  322.9  1.31005          0.0463993       0.0794707
0.214  1.682  0.155  337.8  1.58367          0.0522251       0.10119
0.214  1.68   0.154  352.6  1.9577           0.0845593       0.119558
0.214  1.679  0.204  22.4   1.93996          0.0811666       0.118564
0.214  1.683  0.204  36.9   1.01091          0.0379107       0.0606135
0.214  1.684  0.204  51.9   0.710306         0.0308116       0.0463857
0.214  1.684  0.203  67     0.502106         0.0308711       0.0412478
0.214  1.685  0.203  82.1   0.392019         0.0294397       0.0280378
0.214  1.685  0.203  97.1   0.306622         0.0230164       0.0191585
0.214  1.686  0.203  112.2  0.246931         0.0181917       0.0172967
0.214  1.686  0.203  127.2  0.153257         0.0194894       0.0205626
0.214  1.687  0.203  142.3  0.194315         0.0280406       0.0134615
0.214  1.687  0.203  157.4  0.0941469        0.0100341       0.00768377
0.214  1.687  0.203  172.5  0.116095         0.0126163       0.0117736
0.214  1.687  0.203  187.5  0.11721          0.0162333       0.0139046
0.214  1.687  0.203  202.6  0.163938         0.0205571       0.0144025
0.214  1.687  0.203  217.7  0.15422          0.0147058       0.0115338
0.214  1.686  0.203  232.8  0.204749         0.0247267       0.0159935
0.214  1.686  0.203  247.8  0.214385         0.0196668       0.0172757
0.214  1.685  0.203  262.9  0.276508         0.018753        0.0249857
0.214  1.685  0.203  277.9  0.307947         0.0182823       0.021905
0.214  1.684  0.203  293    0.55262          0.0343518       0.0424618
0.214  1.684  0.204  308.1  0.716357         0.0384245       0.0449034
0.214  1.683  0.204  323.1  1.04547          0.0410769       0.0690669
0.214  1.679  0.204  337.6  1.69545          0.0648525       0.110107
0.214  1.683  0.263  36.8   1.02351          0.0360528       0.062923
0.214  1.684  0.263  51.8   0.530455         0.0219866       0.0322291
0.214  1.684  0.262  66.9   0.351773         0.021677        0.0210322
0.214  1.685  0.262  82     0.264824         0.0189996       0.0179901
0.214  1.686  0.262  97.1   0.183517         0.0129894       0.0153081
0.214  1.686  0.262  112.2  0.175903         0.0142905       0.0120065
0.214  1.687  0.262  127.2  0.141554         0.0166015       0.0159522
0.214  1.687  0.262  142.3  0.124429         0.0192191       0.0099575
0.214  1.687  0.262  157.4  0.0948819        0.0116565       0.00727039
0.214  1.687  0.262  172.5  0.0549179        0.00908426      0.00624787
0.214  1.687  0.262  187.5  0.0699279        0.0115496       0.00494512
0.214  1.687  0.262  202.6  0.0910117        0.0125115       0.00766034
0.214  1.687  0.262  217.7  0.101172         0.010604        0.00716295
0.214  1.687  0.262  232.8  0.131614         0.0150431       0.00931658
0.214  1.686  0.262  247.8  0.123723         0.0119306       0.0104832
0.214  1.686  0.262  262.9  0.160835         0.0121793       0.0110954
0.214  1.685  0.262  278    0.262657         0.0161617       0.0210645
0.214  1.684  0.262  293.1  0.354151         0.0230877       0.0282889
0.214  1.684  0.263  308.2  0.588819         0.032919        0.045144
0.214  1.683  0.263  323.2  0.932636         0.0348895       0.0710451
0.214  1.683  0.342  36.6   0.628714         0.023871        0.037655
0.214  1.684  0.341  51.8   0.321769         0.0142399       0.0207702
0.214  1.684  0.341  66.9   0.240912         0.0155363       0.014841
0.214  1.685  0.341  82     0.185527         0.0165716       0.0110454
0.214  1.686  0.341  97.1   0.0978595        0.00827622      0.00793225
0.214  1.686  0.34   112.2  0.0784283        0.0072512       0.0107507
0.214  1.687  0.34   127.2  0.087302         0.0120145       0.0062967
0.214  1.687  0.34   142.3  0.0584146        0.0129788       0.0138927
0.215  1.687  0.34   157.4  0.0753           0.0208094       0.0150112
0.215  1.687  0.34   172.5  0.0537651        0.0159489       0.0132403
0.215  1.687  0.34   187.5  0.0340283        0.0105417       0.00555175
0.215  1.687  0.34   202.6  0.0721205        0.0158678       0.00517051
0.214  1.687  0.34   232.8  0.0925368        0.0124424       0.00734667
0.214  1.686  0.34   247.8  0.0956256        0.0115671       0.0135035
0.214  1.686  0.341  262.9  0.103168         0.00868771      0.00711307
0.214  1.685  0.341  278    0.161536         0.0116433       0.0122073
0.214  1.684  0.341  293.1  0.240113         0.0162539       0.0169394
0.214  1.684  0.341  308.2  0.331657         0.0194443       0.0319422
0.214  1.683  0.342  323.4  0.646993         0.027474        0.0597374
0.214  1.682  0.449  36.5   0.371549         0.0145871       0.0225923
0.214  1.683  0.448  51.7   0.227984         0.0115964       0.0161787
0.214  1.684  0.448  66.8   0.140268         0.00966761      0.0098823
0.215  1.685  0.447  81.9   0.113643         0.0106872       0.00872004
0.215  1.686  0.447  97     0.0632555        0.00634325      0.00800122
0.215  1.686  0.447  112.1  0.0701116        0.0083805       0.00740028
0.215  1.687  0.447  127.2  0.0600614        0.0116662       0.0167989
0.215  1.687  0.447  142.3  0.0822407        0.0490614       0.00580167
0.215  1.687  0.447  217.7  0.0315484        0.0103572       0.00470559
0.215  1.687  0.447  232.8  0.0659971        0.0144133       0.00765883
0.215  1.686  0.447  247.9  0.0657784        0.010039        0.0108708
0.215  1.686  0.447  263    0.0663415        0.00666764      0.00554253
0.215  1.685  0.447  278.1  0.0840383        0.00668978      0.00574194
0.214  1.684  0.448  293.2  0.150575         0.0110044       0.0107372
0.214  1.683  0.448  308.3  0.234145         0.0152161       0.0152628
0.214  1.682  0.449  323.5  0.361553         0.0167318       0.157746
0.215  1.682  0.606  36.3   0.198478         0.00860521      0.0134708
0.215  1.683  0.606  51.6   0.101908         0.00556924      0.00630148
0.215  1.684  0.605  66.8   0.0592238        0.00475871      0.00492689
0.215  1.685  0.605  81.9   0.0554096        0.00708024      0.00959401
0.215  1.686  0.605  97     0.0386733        0.00563008      0.00934305
0.215  1.687  0.604  112.1  0.0141365        0.0035017       0.00514978
0.215  1.687  0.604  127.2  0.0235798        0.0128453       0.00137493
0.215  1.687  0.604  247.9  0.0227315        0.00514977      0.00721235
0.215  1.686  0.605  263    0.0395297        0.00495268      0.00527281
0.215  1.685  0.605  278.1  0.0381358        0.00341255      0.00283868
0.215  1.684  0.605  293.2  0.0671272        0.00539028      0.00467028
0.215  1.683  0.606  308.4  0.108347         0.00749935      0.00784562
0.215  1.682  0.606  323.7  0.219847         0.0108749       0.0251446
0.215  1.673  0.895  22.9   0.187259         0.0126692       0.0161345
0.215  1.681  0.866  36.4   0.0767925        0.00418758      0.0045813
0.215  1.683  0.868  51.6   0.0375907        0.00269574      0.00246474
0.215  1.684  0.868  66.8   0.0314781        0.00310946      0.00238278
0.215  1.685  0.867  81.9   0.0240537        0.00417699      0.00151835
0.215  1.686  0.867  97     0.0108673        0.00373803      0.00063367
0.215  1.688  0.866  172.4  0.0447497        0.0252344       0.00274262
0.215  1.686  0.867  263    0.0113035        0.0033294       0.00179866
0.215  1.685  0.867  278.1  0.0152823        0.00183362      0.00187347
0.215  1.684  0.868  293.2  0.0256656        0.00252389      0.0017796
0.215  1.683  0.868  308.4  0.0381331        0.00320168      0.00281665
0.215  1.681  0.866  323.6  0.0710799        0.00404035      0.00441619
0.215  1.673  0.895  337.1  0.145484         0.00740449      0.158078
0.216  1.673  1.364  7      0.0484962        0.00270339      0.00291063
0.215  1.676  1.376  21.6   0.0291807        0.00254416      0.00183957
0.215  1.68   1.383  36.5   0.014679         0.00138564      0.0017114
0.215  1.682  1.385  51.6   0.0087578        0.00128452      0.000766394
0.215  1.684  1.385  66.7   0.00425004       0.000678198     0.000471426
0.214  1.685  1.384  81.9   0.00331012       0.00173519      0.00185676
0.216  1.689  1.384  142.4  0.0101613        0.00773895      0.00122165
0.214  1.687  1.383  157.4  0.0036738        0.00187265      0.00132023
0.215  1.689  1.386  187.3  0.00379233       0.00146884      0.00147357
0.214  1.687  1.383  202.6  0.00597346       0.00473546      0.00214021
0.215  1.687  1.384  232.9  0.0170907        0.0129106       0.00475819
0.214  1.685  1.384  278.1  0.0144132        0.00664295      0.000926439
0.215  1.684  1.385  293.3  0.00428638       0.000794917     0.000866627
0.215  1.682  1.385  308.4  0.0102989        0.00191212      0.000750243
0.215  1.68   1.383  323.5  0.0194494        0.00206073      0.00230548
0.215  1.676  1.376  338.4  0.0277408        0.00166488      0.00191694
0.216  1.673  1.364  353    0.0488872        0.00248608      0.145585
0.216  1.904  0.108  22.7   2.56932          0.175493        0.18816
0.215  1.925  0.109  37.5   2.11212          0.109168        0.128228
0.214  1.933  0.109  52.1   1.75708          0.0894038       0.11752
0.214  1.933  0.109  67.1   1.23438          0.0823361       0.104368
0.215  1.934  0.109  82.2   0.934208         0.0651539       0.0731701
0.215  1.934  0.109  97.2   0.885336         0.0629343       0.0542668
0.215  1.935  0.109  112.2  0.472914         0.035316        0.0290534
0.215  1.935  0.108  127.3  0.414703         0.0456978       0.0498619
0.215  1.936  0.108  142.4  0.380396         0.0442961       0.034359
0.215  1.936  0.108  157.4  0.364298         0.0367919       0.0264462
0.215  1.936  0.108  172.5  0.338494         0.0371774       0.0274116
0.215  1.936  0.108  187.5  0.274917         0.0329969       0.0408518
0.215  1.936  0.108  202.6  0.44882          0.0415849       0.0301971
0.215  1.936  0.108  217.6  0.526433         0.0489438       0.0376199
0.215  1.935  0.108  232.7  0.424838         0.0408671       0.0333214
0.215  1.935  0.109  247.8  0.698451         0.0610732       0.050373
0.215  1.934  0.109  262.8  0.679389         0.0437487       0.0501947
0.215  1.934  0.109  277.8  0.728318         0.0440689       0.0591711
0.214  1.933  0.109  292.9  1.37492          0.0837459       0.106572
0.214  1.933  0.109  307.9  1.60086          0.0881788       0.132711
0.215  1.925  0.109  322.5  2.04695          0.108625        0.154405
0.216  1.904  0.108  337.3  2.94164          0.185504        0.221983
0.215  1.908  0.153  37.9   2.0197           0.102081        0.122606
0.215  1.934  0.154  52.1   1.38164          0.05725         0.0814672
0.215  1.934  0.153  67.1   0.926364         0.0467571       0.0563249
0.215  1.934  0.153  82.1   0.67866          0.0374081       0.0425013
0.215  1.935  0.153  97.2   0.51694          0.0273903       0.0316124
0.215  1.935  0.153  112.2  0.402278         0.0255446       0.0252607
0.215  1.936  0.153  127.3  0.350552         0.0305246       0.02312
0.215  1.936  0.153  142.3  0.267996         0.0238296       0.0229958
0.215  1.937  0.153  157.4  0.292294         0.0244225       0.0253298
0.215  1.937  0.153  172.5  0.24747          0.0228685       0.018555
0.215  1.937  0.153  187.5  0.241517         0.0244471       0.0172639
0.215  1.937  0.153  202.6  0.306084         0.025776        0.0229889
0.215  1.936  0.153  217.7  0.289761         0.021572        0.0215498
0.215  1.936  0.153  232.7  0.337914         0.0275687       0.0355844
0.215  1.935  0.153  247.8  0.379756         0.026858        0.0249368
0.215  1.935  0.153  262.8  0.614213         0.03244         0.0428177
0.215  1.934  0.153  277.9  0.753723         0.0368553       0.0484682
0.215  1.934  0.153  292.9  1.10269          0.0514893       0.0652832
0.215  1.934  0.154  307.9  1.32993          0.0609901       0.105185
0.215  1.908  0.153  322.1  1.84248          0.0961174       0.21434
0.215  1.933  0.204  52     0.845223         0.0376244       0.0511072
0.215  1.934  0.203  67     0.695719         0.0382835       0.0568325
0.215  1.935  0.203  82.1   0.578473         0.0384148       0.0343567
0.215  1.935  0.203  97.1   0.361316         0.0225472       0.0299738
0.215  1.936  0.203  112.2  0.26638          0.0192297       0.0227904
0.215  1.936  0.203  127.3  0.227379         0.0226558       0.0275008
0.215  1.936  0.203  142.3  0.209424         0.022929        0.0178631
0.215  1.937  0.203  157.4  0.142025         0.0129665       0.0103075
0.215  1.937  0.203  172.5  0.161726         0.0156429       0.012647
0.215  1.937  0.203  187.5  0.111693         0.013667        0.0126213
0.215  1.937  0.203  202.6  0.168108         0.0161694       0.0157707
0.215  1.936  0.203  217.7  0.166353         0.0142323       0.0115636
0.215  1.936  0.203  232.7  0.239414         0.0226418       0.0176833
0.215  1.936  0.203  247.8  0.283647         0.024548        0.0180664
0.215  1.935  0.203  262.9  0.351786         0.0217429       0.0239217
0.215  1.935  0.203  277.9  0.475152         0.0251576       0.0306066
0.215  1.934  0.203  293    0.688784         0.0356161       0.0432615
0.215  1.933  0.204  308    0.866855         0.0443988       0.0619938
0.215  1.934  0.262  51.8   0.654098         0.027771        0.0409618
0.215  1.934  0.262  66.9   0.443696         0.0233385       0.0276218
0.215  1.934  0.262  82     0.244159         0.0157576       0.0186481
0.215  1.935  0.262  97.1   0.203887         0.0129146       0.019166
0.215  1.936  0.262  112.2  0.161523         0.0115176       0.0124878
0.215  1.936  0.262  127.3  0.151207         0.0142677       0.0134679
0.215  1.936  0.262  142.3  0.131107         0.0133821       0.00962988
0.215  1.937  0.262  157.4  0.11372          0.0109845       0.00963593
0.215  1.937  0.262  172.5  0.0808926        0.00812286      0.00734178
0.215  1.937  0.262  187.5  0.123844         0.0150136       0.0208816
0.215  1.937  0.262  202.6  0.0855673        0.00839359      0.00983014
0.215  1.936  0.262  217.7  0.112071         0.0104875       0.0101616
0.215  1.936  0.262  232.7  0.156706         0.0138324       0.0111532
0.215  1.936  0.262  247.8  0.189533         0.0168489       0.0209214
0.215  1.935  0.262  262.9  0.231581         0.0156058       0.0164933
0.215  1.934  0.262  278    0.27617          0.0155166       0.023159
0.215  1.934  0.262  293.1  0.428976         0.0223003       0.0261596
0.215  1.934  0.262  308.2  0.651885         0.031893        0.0508617
0.215  1.933  0.341  51.7   0.450985         0.0206564       0.0294787
0.215  1.933  0.341  66.9   0.262382         0.0152894       0.0159104
0.215  1.934  0.341  82     0.191865         0.01332         0.0127148
0.215  1.935  0.34   97.1   0.102257         0.00781595      0.00672533
0.215  1.935  0.34   112.2  0.111608         0.00895513      0.00774392
0.215  1.936  0.34   127.3  0.0733387        0.00779131      0.0073499
0.215  1.937  0.34   157.4  0.0636118        0.00748619      0.00495166
0.215  1.937  0.34   172.5  0.0453602        0.00541886      0.00358966
0.215  1.937  0.34   187.5  0.0450969        0.00646855      0.00334256
0.215  1.937  0.34   202.6  0.056396         0.0062594       0.00675458
0.215  1.936  0.34   217.7  0.0782286        0.00779181      0.00684593
0.215  1.936  0.34   232.7  0.0914519        0.00895857      0.00755708
0.215  1.935  0.34   247.8  0.09121          0.00850998      0.0069634
0.215  1.935  0.34   262.9  0.133051         0.0100746       0.0106936
0.215  1.934  0.341  278    0.153561         0.00905936      0.0119805
0.215  1.933  0.341  293.1  0.253365         0.0143209       0.0238173
0.215  1.933  0.341  308.3  0.437996         0.0224785       0.0330194
0.215  1.932  0.447  51.7   0.228099         0.0106159       0.0143636
0.215  1.933  0.447  66.9   0.157073         0.0107338       0.0106142
0.215  1.934  0.447  82     0.118357         0.00982837      0.0126686
0.215  1.935  0.447  97.1   0.0602117        0.00574833      0.00426927
0.215  1.935  0.447  112.2  0.0575417        0.00523219      0.00434173
0.215  1.936  0.447  127.2  0.0573184        0.00805424      0.00521115
0.215  1.937  0.447  157.4  0.0298434        0.00395915      0.00271898
0.215  1.937  0.447  187.5  0.0262294        0.00435391      0.00608214
0.215  1.937  0.447  202.6  0.0348609        0.00541083      0.00253287
0.215  1.936  0.447  217.7  0.0343341        0.0037653       0.00309473
0.215  1.936  0.447  232.8  0.0434255        0.00506073      0.0055592
0.215  1.935  0.447  247.8  0.0615419        0.00760514      0.00676245
0.215  1.935  0.447  262.9  0.0747593        0.00688679      0.00618117
0.215  1.934  0.447  278    0.0900246        0.0062324       0.00694168
0.215  1.933  0.447  293.1  0.122882         0.00779784      0.008296
0.215  1.932  0.447  308.3  0.237027         0.0125046       0.026105
0.215  1.923  0.608  36.9   0.202322         0.0107029       0.0126426
0.215  1.93   0.604  51.7   0.118539         0.0063497       0.00761063
0.215  1.932  0.604  66.9   0.0549148        0.00425637      0.00422645
0.215  1.933  0.604  82     0.0380389        0.00393794      0.00528594
0.215  1.934  0.604  97.1   0.0270858        0.00285253      0.00264423
0.215  1.935  0.604  112.2  0.0211591        0.00237287      0.00173647
0.215  1.936  0.604  127.2  0.014052         0.00225201      0.00600872
0.215  1.936  0.604  142.3  0.0100164        0.00324762      1427.17
0.215  1.937  0.604  157.4  0.0150745        0.00332783      0.0133191
0.215  1.937  0.604  172.5  0.0511464        0.0202857       0.0030958
0.215  1.937  0.604  187.5  0.00234716       0.00157308      0.00163464
0.215  1.936  0.604  217.7  0.0131243        0.00228563      0.00234301
0.215  1.936  0.604  232.8  0.0170695        0.0026842       0.00260473
0.215  1.935  0.604  247.8  0.0268295        0.00388834      0.0072927
0.215  1.934  0.604  262.9  0.0370549        0.00404257      0.00408148
0.215  1.933  0.604  278    0.0418602        0.00364311      0.00350019
0.215  1.932  0.604  293.1  0.061127         0.00440777      0.00542267
0.215  1.93   0.604  308.3  0.130651         0.00889226      0.0102679
0.215  1.923  0.608  323.1  0.211618         0.0137257       0.0123431
0.215  1.921  0.892  23     0.123893         0.0102561       0.00790423
0.215  1.925  0.862  36.6   0.0681213        0.00376452      0.00415913
0.215  1.929  0.865  51.8   0.029555         0.00196424      0.00218773
0.215  1.931  0.866  66.9   0.023907         0.00228061      0.00179724
0.215  1.933  0.866  82     0.0137905        0.00181492      0.00173993
0.215  1.934  0.866  97.1   0.0178418        0.00307281      0.0018399
0.215  1.935  0.866  112.2  0.0122252        0.00219944      0.00237761
0.215  1.936  0.866  127.2  0.00744138       0.00215955      0.00251945
0.215  1.937  0.865  202.6  0.00371937       0.00341023      0.00106794
0.215  1.937  0.866  217.7  0.00663648       0.00321867      0.000838316
0.215  1.936  0.866  232.8  0.00571052       0.00220163      0.00223976
0.215  1.935  0.866  247.8  0.0197299        0.00583157      0.00154448
0.215  1.934  0.866  262.9  0.014146         0.00212142      0.0015958
0.215  1.933  0.866  278    0.0173678        0.00202116      0.00164777
0.215  1.931  0.866  293.1  0.0160338        0.00139339      0.00188862
0.215  1.929  0.865  308.2  0.044306         0.00381493      0.00329109
0.215  1.925  0.862  323.4  0.0695941        0.00426987      0.00519049
0.215  1.921  0.892  337    0.107009         0.00675553      0.0247287
0.216  1.917  1.362  7.2    0.0209957        0.001465        0.0015814
0.216  1.92   1.371  21.9   0.0148583        0.00122253      0.00100988
0.215  1.927  1.382  51.8   0.00638261       0.000748031     0.000585715
0.215  1.931  1.384  66.9   0.00558103       0.000983309     0.00072716
0.215  1.933  1.384  82     0.00537137       0.00129955      0.000448396
0.215  1.934  1.384  97.1   0.00227916       0.00091629      0.000132897
0.215  1.934  1.384  262.9  0.0024793        0.00135737      0.000235485
0.215  1.933  1.384  278    0.00211954       0.000385463     0.000340192
0.215  1.931  1.384  293.1  0.00553967       0.000893081     0.000596842
0.215  1.927  1.382  308.2  0.00794383       0.00114037      0.00113209
0.216  1.924  1.378  323.2  0.0135789        0.00156433      0.000957928
0.216  1.92   1.371  338.1  0.0140866        0.00101302      0.0013047
0.216  1.917  1.362  352.8  0.026505         0.00162822      0.0212356
0.243  1.843  0.11   7.4    0.893222         0.0554985       0.0639195
0.244  1.843  0.11   22.3   0.930084         0.0525863       0.0563018
0.244  1.844  0.11   37.3   0.717814         0.0399065       0.0443729
0.244  1.844  0.11   52.2   0.76956          0.0589861       0.062815
0.244  1.845  0.109  67.2   0.443319         0.0419932       0.0387551
0.244  1.846  0.109  82.2   0.36014          0.0443356       0.0229134
0.244  1.847  0.109  97.2   0.331225         0.0324419       0.0248523
0.244  1.847  0.109  112.3  0.229885         0.0208435       0.016449
0.244  1.848  0.109  127.3  0.157032         0.0205092       0.0123267
0.244  1.849  0.109  142.3  0.0581925        0.0154364       0.00370391
0.244  1.849  0.109  157.4  0.0876001        0.0176938       0.00592704
0.244  1.85   0.109  172.5  0.0329614        0.0121705       0.00212287
0.244  1.85   0.109  187.5  0.0145562        0.0118538       0.00255143
0.244  1.849  0.109  202.6  0.0781407        0.0139115       0.00825838
0.244  1.849  0.109  217.7  0.0857628        0.0128166       0.0240663
0.244  1.847  0.109  247.7  0.169332         0.017878        0.0141486
0.244  1.847  0.109  262.8  0.239465         0.019874        0.0191308
0.244  1.846  0.109  277.8  0.435714         0.0396215       0.0332987
0.244  1.845  0.109  292.8  0.575452         0.0583246       0.0394651
0.244  1.844  0.11   307.8  0.674485         0.0485449       0.0516672
0.244  1.844  0.11   322.7  0.811606         0.0448927       0.0514363
0.244  1.843  0.11   337.7  0.841298         0.0424235       0.0541917
0.243  1.843  0.11   352.6  0.860677         0.0460414       0.0537822
0.244  1.844  0.155  7.4    1.00181          0.0426373       0.0816565
0.244  1.845  0.154  37.2   0.748021         0.0310242       0.0465618
0.244  1.846  0.154  52.1   0.588855         0.0277971       0.0359445
0.244  1.846  0.154  67.1   0.370846         0.0233879       0.0260379
0.244  1.847  0.153  82.1   0.391605         0.0376087       0.0305241
0.244  1.848  0.153  97.2   0.285151         0.0242074       0.02327
0.244  1.848  0.153  112.2  0.191532         0.0152418       0.0159044
0.244  1.849  0.153  127.3  0.123298         0.0122099       0.00798608
0.244  1.849  0.153  142.3  0.101559         0.0139184       0.0108575
0.244  1.85   0.153  157.4  0.0826148        0.00958607      0.00682034
0.244  1.85   0.153  187.5  0.085492         0.0157938       0.00937677
0.244  1.85   0.153  202.6  0.180032         0.022921        0.0284071
0.244  1.849  0.153  217.7  0.109343         0.0116336       0.00939986
0.244  1.849  0.153  232.7  0.134122         0.0166483       0.0246627
0.244  1.848  0.153  247.8  0.182668         0.0172459       0.0154939
0.244  1.848  0.153  262.8  0.298544         0.0224342       0.0192478
0.244  1.847  0.153  277.9  0.338813         0.0228972       0.0214263
0.244  1.846  0.154  292.9  0.352318         0.0231786       0.0240668
0.244  1.846  0.154  307.9  0.680724         0.0382102       0.0616638
0.244  1.845  0.154  322.8  0.767843         0.0329835       0.0526238
0.244  1.845  0.155  337.7  0.914767         0.033514        0.0581036
0.244  1.844  0.155  352.6  1.00092          0.0385855       0.0665284
0.244  1.845  0.205  7.4    0.835253         0.0459009       0.0543163
0.244  1.845  0.205  22.1   0.927743         0.0408474       0.0547525
0.244  1.846  0.204  37     0.526343         0.022474        0.0318339
0.244  1.846  0.204  52     0.392679         0.0194292       0.0236017
0.244  1.847  0.204  67.1   0.317747         0.0213536       0.0227294
0.244  1.847  0.203  82.1   0.264131         0.0247026       0.0293117
0.244  1.848  0.203  97.1   0.195903         0.0186411       0.0180914
0.244  1.849  0.203  112.2  0.160309         0.0149276       0.0120321
0.244  1.849  0.203  127.3  0.127422         0.0153149       0.00903035
0.244  1.85   0.203  157.4  0.0770113        0.0135983       0.00545815
0.244  1.85   0.203  172.5  0.0577768        0.00868299      0.00533774
0.244  1.85   0.203  187.5  0.0742946        0.0174894       0.015615
0.244  1.85   0.203  202.6  0.101583         0.0170861       0.0106245
0.244  1.85   0.203  217.7  0.0815464        0.0108522       0.00589966
0.244  1.849  0.203  232.7  0.0909094        0.0128636       0.00973914
0.244  1.849  0.203  247.8  0.170517         0.020115        0.0351696
0.244  1.848  0.203  262.9  0.149518         0.0114367       0.0112715
0.244  1.847  0.203  277.9  0.285865         0.0206707       0.0199742
0.244  1.847  0.204  292.9  0.327628         0.0227625       0.0361576
0.244  1.846  0.204  308    0.531322         0.0324826       0.0350955
0.244  1.846  0.204  323    0.590892         0.0271845       0.0417714
0.244  1.845  0.205  337.9  0.763391         0.0290656       0.0470574
0.244  1.845  0.205  352.6  0.755743         0.0354489       0.0532395
0.245  1.835  0.263  7.5    1.03467          0.053249        0.0712726
0.244  1.845  0.264  22.1   0.783032         0.0310876       0.0508372
0.244  1.846  0.264  36.9   0.370262         0.014189        0.0245118
0.244  1.846  0.263  51.9   0.288381         0.0137708       0.0197494
0.244  1.847  0.263  67     0.225585         0.0142904       0.0170865
0.244  1.848  0.262  82     0.151068         0.0127158       0.0103423
0.244  1.848  0.262  97.1   0.100014         0.00873064      0.00677334
0.244  1.849  0.262  112.2  0.09523          0.00962604      0.010137
0.245  1.849  0.262  127.2  0.0716951        0.00930309      0.00522243
0.245  1.85   0.262  142.3  0.0452858        0.0101691       0.00554937
0.245  1.85   0.262  157.4  0.0453136        0.00908461      0.00647282
0.245  1.85   0.262  172.5  0.0862567        0.0230907       0.0223387
0.245  1.85   0.262  187.5  0.0510274        0.0219017       0.0411214
0.245  1.85   0.262  202.6  0.25624          0.100292        0.015098
0.245  1.85   0.262  217.7  0.0348059        0.00692524      0.00481409
0.245  1.849  0.262  232.8  0.072042         0.0104715       0.00775628
0.244  1.849  0.262  247.8  0.0958707        0.0110707       0.0125447
0.244  1.848  0.262  262.9  0.129881         0.010151        0.00913232
0.244  1.848  0.262  278    0.15873          0.0104777       0.0118879
0.244  1.847  0.263  293    0.195819         0.0129991       0.0141038
0.244  1.846  0.263  308.1  0.30177          0.0170909       0.0210409
0.244  1.846  0.264  323.1  0.431652         0.0180798       0.029968
0.244  1.845  0.264  337.9  0.741574         0.0257249       0.0454469
0.245  1.835  0.263  352.5  0.789696         0.03461         0.0591036
0.245  1.837  0.342  22.4   0.781051         0.0432314       0.0681627
0.244  1.846  0.343  36.7   0.371332         0.0150171       0.0220005
0.244  1.846  0.342  51.8   0.200144         0.010263        0.0130374
0.244  1.847  0.341  66.9   0.135            0.00918419      0.0116916
0.244  1.848  0.341  82     0.106724         0.0103627       0.00733144
0.245  1.848  0.341  97.1   0.104194         0.010497        0.0107597
0.245  1.849  0.341  112.2  0.0679713        0.00852081      0.00486833
0.245  1.85   0.341  127.2  0.0381804        0.00630394      0.0128007
0.245  1.85   0.34   142.3  0.0271098        0.0157133       0.0126377
0.245  1.85   0.34   157.4  0.0222582        0.0203346       0.00129786
0.245  1.85   0.34   202.6  0.0444914        0.0241104       0.0201813
0.245  1.85   0.34   217.7  0.0952829        0.0318957       0.00972962
0.245  1.85   0.341  232.8  0.0415875        0.00763666      0.00609474
0.245  1.849  0.341  247.8  0.0945759        0.0152763       0.00769504
0.245  1.848  0.341  262.9  0.0953607        0.00955649      0.00663038
0.244  1.848  0.341  278    0.0988458        0.00750299      0.00736786
0.244  1.847  0.341  293.1  0.142468         0.0100607       0.015674
0.244  1.846  0.342  308.2  0.27139          0.017233        0.0191696
0.244  1.846  0.343  323.3  0.357976         0.0152461       0.0221725
0.244  1.845  0.45   36.5   0.233539         0.00966697      0.0145066
0.244  1.846  0.449  51.7   0.146507         0.00741094      0.00902462
0.244  1.847  0.448  66.8   0.105277         0.00766696      0.00711758
0.245  1.848  0.448  82     0.0602157        0.00631971      0.00722517
0.245  1.848  0.447  97.1   0.0557121        0.0065851       0.00371847
0.245  1.849  0.447  112.1  0.0391159        0.00633508      0.0044441
0.245  1.85   0.447  232.8  0.0165936        0.00643995      0.00634808
0.245  1.849  0.447  247.9  0.0232402        0.0060191       0.00752806
0.245  1.848  0.447  262.9  0.0335489        0.00391572      0.00396725
0.245  1.848  0.448  278    0.0490947        0.00419203      0.00306679
0.244  1.847  0.448  293.2  0.0756157        0.00566139      0.00569671
0.244  1.846  0.449  308.3  0.155442         0.0101666       0.0100871
0.244  1.845  0.45   323.5  0.249662         0.0110994       0.020568
0.244  1.844  0.608  36.4   0.138233         0.00626061      0.00819272
0.245  1.845  0.607  51.6   0.0785702        0.00472713      0.00490455
0.245  1.846  0.606  66.8   0.0345413        0.00271948      0.00232519
0.245  1.848  0.605  81.9   0.0345549        0.00489199      0.00229473
0.245  1.848  0.605  97     0.0176462        0.00387344      0.00232672
0.245  1.849  0.605  112.1  0.0175086        0.00552311      0.00102092
0.245  1.85   0.604  172.5  0.0214815        0.0198226       0.00228345
0.245  1.848  0.605  263    0.023273         0.00349446      0.0017402
0.245  1.848  0.605  278.1  0.0387065        0.00394549      0.00308609
0.245  1.846  0.606  293.2  0.0357411        0.00328414      0.00401205
0.245  1.845  0.607  308.4  0.0809547        0.00581736      0.00611504
0.244  1.844  0.608  323.6  0.159606         0.00783338      0.0100229
0.245  1.828  0.9    23.4   0.188102         0.0146522       0.0111034
0.245  1.842  0.87   36.3   0.0547553        0.00287978      0.00355183
0.245  1.844  0.87   51.6   0.0249444        0.00188401      0.00173258
0.245  1.846  0.869  66.7   0.0175298        0.00181415      0.00132772
0.245  1.847  0.868  81.9   0.00664878       0.00134035      0.00138492
0.245  1.848  0.867  97     0.00453317       0.00235513      0.000296667
0.245  1.85   0.866  157.3  0.0117171        0.00698383      0.00166475
0.245  1.851  0.866  172.5  0.00473259       0.00144858      0.0103812
0.245  1.851  0.866  187.5  0.0614164        0.0454184       0.00748869
0.245  1.85   0.866  202.7  0.0125862        0.010688        0.000733893
0.245  1.848  0.867  263    0.0061271        0.00381055      0.00140893
0.245  1.847  0.868  278.1  0.0192514        0.00333391      0.00151702
0.245  1.846  0.869  293.3  0.0156508        0.00151788      0.00198104
0.245  1.844  0.87   308.4  0.0409259        0.00375086      0.002806
0.245  1.842  0.87   323.7  0.0713625        0.00420849      0.00502371
0.245  1.828  0.9    336.6  0.12926          0.0074588       0.0093733
0.245  1.828  1.407  7.6    0.0396266        0.00246086      0.0023846
0.245  1.836  1.372  21.4   0.0264994        0.0019876       0.0015995
0.245  1.84   1.386  36.4   0.0146075        0.00134007      0.00137236
0.245  1.844  1.389  51.6   0.0067444        0.000874743     0.000417531
0.245  1.845  1.388  66.7   0.00223966       0.000477861     0.00060076
0.244  1.853  1.387  142.4  0.0060886        0.00542468      0.00190188
0.245  1.854  1.386  157.6  0.00594979       0.00361865      0.000478322
0.242  1.849  1.384  172.1  0.00192476       0.000550082     0.000728162
0.242  1.849  1.384  187.9  0.00339859       0.00116337      0.000255582
0.244  1.853  1.387  217.6  0.0062773        0.00335041      0.000826563
0.245  1.85   1.385  232.8  0.00716907       0.00554926      0.000418025
0.245  1.847  1.387  278.2  0.00627423       0.00550686      0.00043848
0.245  1.845  1.388  293.3  0.00392208       0.000840007     0.00078641
0.245  1.844  1.389  308.4  0.00784127       0.0012036       0.000572186
0.245  1.84   1.386  323.6  0.0105722        0.00126995      0.000945717
0.245  1.836  1.372  338.6  0.0253786        0.00147074      0.00187896
0.245  1.828  1.407  352.4  0.0326586        0.00184069      0.00655669
0.245  2.159  0.109  7.5    1.16815          0.0780718       0.0782375
0.244  2.166  0.11   22.5   0.999032         0.0597056       0.0606065
0.244  2.173  0.11   37.3   0.903966         0.0474022       0.0574325
0.244  2.174  0.11   52.2   0.761117         0.0460564       0.0500597
0.244  2.174  0.109  67.2   0.658366         0.0519812       0.0460473
0.244  2.175  0.109  82.2   0.436371         0.0358362       0.0351919
0.245  2.176  0.109  97.2   0.336282         0.024139        0.0203203
0.245  2.177  0.109  112.3  0.283814         0.0217214       0.0182942
0.245  2.178  0.109  127.3  0.198759         0.0214325       0.0322656
0.245  2.179  0.109  157.4  0.149121         0.0195392       0.0116928
0.245  2.179  0.109  172.5  0.115914         0.0188192       0.0374547
0.245  2.179  0.109  202.6  0.125456         0.0143082       0.0450365
0.245  2.178  0.109  217.6  0.155524         0.0162087       0.0101802
0.245  2.178  0.109  232.7  0.152286         0.0155858       0.0111736
0.245  2.177  0.109  247.7  0.27984          0.0241716       0.0206816
0.245  2.176  0.109  262.8  0.419331         0.0315794       0.0329502
0.244  2.175  0.109  277.8  0.491761         0.0343398       0.0397452
0.244  2.174  0.109  292.8  0.662303         0.0502552       0.05165
0.244  2.174  0.11   307.8  0.795673         0.0473732       0.0508551
0.244  2.173  0.11   322.7  0.824655         0.0419336       0.0493386
0.244  2.166  0.11   337.5  1.1761           0.0627736       0.0756792
0.245  2.159  0.109  352.5  1.20042          0.0769866       0.0810302
0.246  2.113  0.153  7.6    1.58331          0.101002        0.126992
0.245  2.133  0.153  22.7   1.26856          0.0635973       0.0786023
0.245  2.167  0.154  37.4   1.00802          0.0403023       0.0603691
0.244  2.176  0.154  52.1   0.739106         0.02934         0.044948
0.245  2.176  0.154  67.1   0.607244         0.0345069       0.0372711
0.245  2.176  0.153  82.1   0.511411         0.0356145       0.0323294
0.245  2.177  0.153  97.2   0.328487         0.0207531       0.0207928
0.245  2.177  0.153  112.2  0.226356         0.0155136       0.015115
0.245  2.178  0.153  127.3  0.170997         0.0144295       0.011922
0.245  2.179  0.153  142.3  0.112189         0.0115695       0.00763734
0.245  2.179  0.153  157.4  0.124494         0.0106665       0.00751125
0.245  2.179  0.153  172.5  0.102764         0.0094284       0.0120054
0.245  2.179  0.153  187.5  0.139857         0.0145709       0.00931909
0.245  2.179  0.153  202.6  0.127723         0.0105773       0.00825166
0.245  2.179  0.153  217.7  0.144241         0.0105545       0.011162
0.245  2.178  0.153  232.7  0.198878         0.0163686       0.0142829
0.245  2.177  0.153  247.8  0.302455         0.0253729       0.0207751
0.245  2.177  0.153  262.8  0.333766         0.0207539       0.0239099
0.245  2.176  0.153  277.9  0.398582         0.0217945       0.0255858
0.245  2.176  0.154  292.9  0.525493         0.0266574       0.0385648
0.244  2.176  0.154  307.9  0.702666         0.0313132       0.0452523
0.245  2.167  0.154  322.6  1.1113           0.0457162       0.0715805
0.245  2.133  0.153  337.3  1.1619           0.0508818       0.0772417
0.246  2.113  0.153  352.4  1.70014          0.0996143       0.13189
0.245  2.177  0.204  52     0.571121         0.0245483       0.0343117
0.245  2.176  0.204  67     0.392253         0.0209536       0.0263205
0.245  2.176  0.203  82.1   0.266837         0.0173841       0.017265
0.245  2.177  0.203  97.2   0.223867         0.0160301       0.0155657
0.245  2.177  0.203  112.2  0.212328         0.0159946       0.0143143
0.245  2.178  0.203  127.3  0.131541         0.0131018       0.011283
0.245  2.178  0.203  142.3  0.109286         0.0156347       0.0126672
0.245  2.179  0.203  157.4  0.0723426        0.00795811      0.00814882
0.245  2.179  0.203  172.5  0.0875816        0.00975892      0.00631541
0.245  2.179  0.203  187.5  0.102135         0.0131039       0.0108612
0.245  2.178  0.203  217.7  0.136877         0.0120449       0.00934673
0.245  2.178  0.203  232.7  0.150264         0.013338        0.0126347
0.245  2.177  0.203  247.8  0.173848         0.0154342       0.0174598
0.245  2.177  0.203  262.8  0.215409         0.0141224       0.0166842
0.245  2.176  0.203  277.9  0.354405         0.0196509       0.0231145
0.245  2.176  0.204  293    0.42306          0.0230065       0.031016
0.245  2.177  0.204  308    0.590643         0.0295693       0.043393
0.245  2.137  0.263  37.8   0.702909         0.0312636       0.054082
0.245  2.176  0.263  51.9   0.368834         0.017344        0.0284642
0.245  2.175  0.262  67     0.324371         0.017083        0.0196948
0.245  2.175  0.262  82.1   0.236392         0.0157606       0.0185517
0.245  2.176  0.262  97.1   0.165078         0.0115206       0.0118196
0.245  2.177  0.262  112.2  0.110138         0.00864081      0.00780472
0.245  2.178  0.262  127.3  0.0820636        0.00761536      0.0114929
0.245  2.178  0.262  142.3  0.0878843        0.0111286       0.00573957
0.245  2.179  0.262  157.4  0.0450939        0.00499517      0.0037421
0.245  2.179  0.262  172.5  0.06774          0.00778801      0.00550271
0.245  2.179  0.262  187.5  0.072476         0.00948369      0.00479001
0.245  2.179  0.262  202.6  0.0632316        0.00631848      0.00634342
0.245  2.178  0.262  217.7  0.0890197        0.00759178      0.00820981
0.245  2.178  0.262  232.7  0.103489         0.010245        0.00798328
0.245  2.177  0.262  247.8  0.117338         0.0114889       0.00734656
0.245  2.176  0.262  262.9  0.148202         0.00974123      0.0111729
0.245  2.175  0.262  277.9  0.189445         0.00992766      0.0143976
0.245  2.175  0.262  293    0.300659         0.0156725       0.0204137
0.245  2.176  0.263  308.1  0.356081         0.020596        0.0364659
0.245  2.137  0.263  322.2  0.726939         0.0338878       0.0955884
0.246  2.135  0.342  38.1   0.599671         0.0312409       0.0377023
0.245  2.174  0.341  51.8   0.26196          0.010969        0.0157943
0.245  2.174  0.341  66.9   0.188523         0.0104399       0.0125788
0.245  2.175  0.341  82     0.124225         0.00912434      0.00796888
0.245  2.176  0.341  97.1   0.108233         0.00890316      0.00998632
0.245  2.176  0.34   112.2  0.0721846        0.00646075      0.0075788
0.245  2.177  0.34   127.3  0.0663525        0.00757474      0.00521131
0.245  2.178  0.34   142.3  0.0466416        0.00610697      0.00522546
0.245  2.178  0.34   157.4  0.0412078        0.00485379      0.00390075
0.245  2.179  0.34   172.5  0.0395582        0.00513733      0.00406064
0.245  2.179  0.34   187.5  0.0308584        0.00407214      0.00393854
0.245  2.178  0.34   202.6  0.046906         0.00543016      0.00567731
0.245  2.178  0.34   217.7  0.0453932        0.00448894      0.00406116
0.245  2.177  0.34   232.7  0.0487022        0.00533336      0.00674811
0.245  2.176  0.34   247.8  0.0729601        0.00805528      0.00660242
0.245  2.176  0.341  262.9  0.10643          0.00876462      0.00813228
0.245  2.175  0.341  278    0.128476         0.00784452      0.00919298
0.245  2.174  0.341  293.1  0.193887         0.0115576       0.0123574
0.245  2.174  0.341  308.2  0.283633         0.0137559       0.0178464
0.246  2.135  0.342  321.9  0.573331         0.0337698       2.3289
0.245  2.141  0.45   37.9   0.361071         0.0188017       0.0216107
0.245  2.171  0.448  51.7   0.156526         0.00699728      0.00943426
0.245  2.172  0.448  66.9   0.0901688        0.00563022      0.00573595
0.245  2.174  0.447  82     0.0731808        0.00644462      0.00638549
0.245  2.175  0.447  97.1   0.0534431        0.00499325      0.00461192
0.245  2.176  0.447  112.2  0.0559771        0.00542059      0.00511838
0.245  2.177  0.447  127.3  0.0208797        0.00236492      0.00147774
0.245  2.178  0.447  142.3  0.0166022        0.00317121      0.00259108
0.245  2.178  0.447  157.4  0.0342262        0.00583651      0.00282229
0.245  2.178  0.447  172.5  0.0246186        0.00451736      0.00375507
0.245  2.178  0.447  187.5  0.032119         0.00717118      0.00239398
0.245  2.178  0.447  202.6  0.0212009        0.00358923      0.00218449
0.245  2.178  0.447  217.7  0.0270469        0.00339479      0.00222526
0.245  2.177  0.447  232.7  0.0290987        0.00387738      0.00332436
0.245  2.176  0.447  247.8  0.051271         0.00635032      0.00862929
0.245  2.175  0.447  262.9  0.0535993        0.00519395      0.00415659
0.245  2.174  0.447  278    0.0625224        0.00414872      0.00513631
0.245  2.172  0.448  293.1  0.0922613        0.00532696      0.00807018
0.245  2.171  0.448  308.3  0.162713         0.00828969      0.0123105
0.245  2.141  0.45   322.1  0.349959         0.0229538       386
0.245  2.155  0.61   37     0.171314         0.00877027      0.0104083
0.245  2.168  0.605  51.7   0.0841559        0.00436459      0.00504856
0.245  2.17   0.605  66.9   0.0495893        0.00361609      0.00346135
0.245  2.172  0.605  82     0.0229097        0.00236666      0.00314471
0.245  2.174  0.605  97.1   0.0229984        0.00246841      0.00189748
0.245  2.175  0.604  112.2  0.0155485        0.00184615      0.00109263
0.245  2.177  0.604  127.2  0.017233         0.00289682      0.00157026
0.245  2.177  0.604  142.3  0.00391143       0.00135857      0.000967037
0.245  2.178  0.604  157.4  0.00917466       0.00262796      0.0012425
0.245  2.178  0.604  187.5  0.0281432        0.0132374       0.00777461
0.245  2.178  0.604  202.6  0.0190003        0.00555547      0.00119125
0.245  2.177  0.604  217.7  0.0175255        0.00376842      0.00317516
0.245  2.177  0.604  232.8  0.0135968        0.00235925      0.00146339
0.245  2.175  0.604  247.8  0.0156462        0.00232809      0.00320159
0.245  2.174  0.605  262.9  0.0274999        0.00316814      0.00251603
0.245  2.172  0.605  278    0.040228         0.00344925      0.0026989
0.245  2.17   0.605  293.1  0.0544423        0.00400648      0.00485668
0.245  2.168  0.605  308.3  0.0771692        0.00491948      0.00532028
0.245  2.155  0.61   323    0.126387         0.00708811      0.00838925
0.245  2.149  0.919  24     0.124299         0.0127388       0.00863514
0.245  2.159  0.864  36.5   0.0495256        0.00260193      0.00321515
0.245  2.164  0.866  51.7   0.0302213        0.00195045      0.00204401
0.245  2.168  0.867  66.9   0.0199377        0.0019337       0.00171117
0.245  2.171  0.867  82     0.0166947        0.00225457      0.00131524
0.245  2.173  0.867  97.1   0.00966943       0.00132654      0.00116401
0.245  2.175  0.866  112.1  0.00511413       0.000964738     0.000496787
0.245  2.176  0.866  127.2  0.00580073       0.00221873      0.000338238
0.245  2.177  0.866  142.3  0.00270933       0.00247345      0.000950614
0.245  2.178  0.866  157.4  0.00302666       0.00275205      0.000176483
0.245  2.176  0.866  232.8  0.00768794       0.00317398      0.00114794
0.245  2.173  0.867  262.9  0.0105474        0.00158384      0.0011657
0.245  2.171  0.867  278    0.0106212        0.00119099      0.000757747
0.245  2.168  0.867  293.1  0.016421         0.0015482       0.00154048
0.245  2.164  0.866  308.3  0.0296358        0.00235023      0.00203035
0.245  2.159  0.864  323.5  0.0527471        0.00312266      0.00564524
0.245  2.149  0.919  336    0.117516         0.00967374      1.28571
0.245  2.142  1.369  7.4    0.0249489        0.00169004      0.00164239
0.246  2.146  1.366  21.8   0.0162688        0.0013473       0.000990837
0.245  2.154  1.379  36.7   0.00749965       0.000704042     0.000524214
0.245  2.161  1.384  51.8   0.00612484       0.000652283     0.000623146
0.245  2.166  1.386  66.9   0.00471829       0.000723327     0.000434143
0.245  2.17   1.386  81.9   0.00254651       0.000774118     0.00101418
0.244  2.177  1.385  112.2  0.000814758      0.000745906     0.0000475082
0.245  2.173  1.386  263    0.00275911       0.00160606      0.000175214
0.245  2.17   1.386  278.1  0.00338637       0.000809034     0.00053328
0.245  2.161  1.384  308.2  0.00676857       0.000905073     0.000826456
0.245  2.154  1.379  323.3  0.0101504        0.000997201     0.000738391
0.246  2.146  1.366  338.2  0.0160528        0.00104198      0.00130562
0.245  2.142  1.369  352.6  0.02024          0.00123751      0.00585091
0.273  1.99   0.111  7.5    0.369256         0.0354054       0.0356177
0.273  1.99   0.111  22.4   0.339082         0.0294392       0.0213111
0.273  1.991  0.111  37.3   0.258805         0.0225427       0.0210503
0.273  1.992  0.111  52.3   0.332264         0.0285816       0.0229305
0.274  1.993  0.11   67.3   0.329148         0.0337097       0.0212783
0.274  1.994  0.11   82.3   0.132344         0.0178855       0.0122913
0.274  1.995  0.11   97.3   0.0687411        0.0124388       0.00455479
0.274  1.996  0.109  112.3  0.0273702        0.00783196      0.00820428
0.274  1.998  0.109  127.3  0.0316913        0.0133033       0.0592518
0.274  1.996  0.109  247.7  0.0244758        0.00656626      0.00343348
0.274  1.995  0.11   262.7  0.068313         0.00916308      0.0162135
0.274  1.994  0.11   277.7  0.158037         0.0209197       0.021488
0.274  1.993  0.11   292.7  0.304284         0.0344862       0.0542911
0.273  1.992  0.111  307.7  0.265541         0.0231136       0.0243678
0.273  1.991  0.111  322.7  0.346033         0.0263142       0.0221451
0.273  1.99   0.111  337.6  0.435958         0.0318613       0.0279053
0.273  1.99   0.111  352.5  0.330082         0.0262199       0.0226013
0.274  1.994  0.155  7.4    0.426235         0.0227088       0.0313168
0.274  1.994  0.155  22.3   0.434693         0.023051        0.0261369
0.274  1.995  0.155  37.2   0.433563         0.0236721       0.0261797
0.274  1.996  0.154  52.2   0.304078         0.0184377       0.0209105
0.274  1.996  0.154  67.2   0.257806         0.0199938       0.0162261
0.274  1.997  0.154  82.2   0.184534         0.0163217       0.0122639
0.274  1.998  0.153  97.2   0.0855366        0.00779461      0.0109439
0.274  1.999  0.153  112.2  0.107495         0.0104426       0.00858066
0.274  2      0.153  127.3  0.0463791        0.00931255      0.0115783
0.274  2      0.153  142.3  0.0349657        0.0115047       0.00407706
0.274  2.001  0.153  157.4  0.0669564        0.0261506       0.00869119
0.275  2.001  0.153  172.5  0.061112         0.0308896       0.00515133
0.275  2.001  0.153  187.5  0.0686735        0.0274666       0.0129569
0.274  2.001  0.153  202.6  0.045858         0.0185401       0.00460345
0.274  2      0.153  217.7  0.0521997        0.0128747       0.00355145
0.274  1.999  0.153  247.8  0.0876147        0.00896262      0.00933154
0.274  1.998  0.153  262.8  0.148051         0.0119583       0.0100119
0.274  1.997  0.154  277.8  0.17229          0.0142876       0.0159264
0.274  1.996  0.154  292.8  0.259425         0.0228278       0.0157366
0.274  1.996  0.154  307.8  0.332059         0.0245453       0.0400297
0.274  1.995  0.155  322.8  0.383591         0.019449        0.0229976
0.274  1.994  0.155  337.7  0.49995          0.0228798       0.0325998
0.274  1.994  0.155  352.6  0.556935         0.0287544       0.0343915
0.274  1.995  0.205  7.4    0.595236         0.0306427       0.0445521
0.274  1.995  0.205  22.2   0.499048         0.0266225       0.0299128
0.274  1.996  0.204  37.1   0.322847         0.0164484       0.0198419
0.274  1.996  0.204  52.1   0.240313         0.0138015       0.0155183
0.274  1.997  0.204  67.1   0.187497         0.0147765       0.014348
0.274  1.998  0.204  82.1   0.132799         0.0142689       0.0196306
0.274  1.999  0.203  97.2   0.129379         0.014681        0.012486
0.274  1.999  0.203  112.2  0.0975187        0.0114475       0.00625062
0.275  2      0.203  127.3  0.0694717        0.0128876       0.0134745
0.275  2.001  0.203  142.3  0.0392335        0.0197507       0.0108029
0.275  2.001  0.203  157.4  0.0253028        0.0186644       0.00791865
0.275  2.001  0.203  187.5  0.0881806        0.0343653       0.00644829
0.275  2.001  0.203  202.6  0.0157668        0.00811193      0.00234246
0.275  2.001  0.203  217.7  0.0586322        0.0167319       0.00480508
0.275  2      0.203  232.7  0.0782132        0.0174939       0.00958124
0.274  1.999  0.203  247.8  0.0394838        0.00517999      0.00457135
0.274  1.999  0.203  262.8  0.103509         0.00992229      0.010446
0.274  1.998  0.204  277.9  0.151597         0.0124547       0.0140748
0.274  1.997  0.204  292.9  0.202883         0.0170881       0.0213874
0.274  1.996  0.204  307.9  0.282097         0.0192649       0.0170015
0.274  1.996  0.204  322.9  0.353447         0.018318        0.0208134
0.274  1.995  0.205  337.8  0.396809         0.0177763       0.0271254
0.274  1.995  0.205  352.6  0.486695         0.0210262       0.0301645
0.274  1.996  0.265  7.3    0.564326         0.0215275       0.0344929
0.274  1.996  0.264  22.1   0.407569         0.0203161       0.0277947
0.274  1.996  0.264  37     0.279942         0.0129217       0.0173655
0.274  1.997  0.263  52     0.18697          0.0100358       0.0150712
0.274  1.997  0.263  67     0.116875         0.00834122      0.00717355
0.274  1.998  0.262  82.1   0.100355         0.0105583       0.0133274
0.274  1.999  0.262  97.1   0.0855889        0.00951453      0.00846235
0.275  2      0.262  112.2  0.053558         0.00734576      0.00657978
0.275  2      0.262  127.3  0.0832099        0.0216364       0.00615607
0.275  2.001  0.262  217.7  0.0419151        0.0124106       0.00771264
0.275  2      0.262  232.7  0.0569442        0.0150996       0.0178419
0.275  2      0.262  247.8  0.0707619        0.0108378       0.00911534
0.274  1.999  0.262  262.9  0.0729454        0.00691659      0.00528012
0.274  1.998  0.262  277.9  0.0911983        0.00715256      0.00635238
0.274  1.997  0.263  293    0.167695         0.0131218       0.0135864
0.274  1.997  0.263  308    0.233915         0.0158157       0.0145187
0.274  1.996  0.264  323    0.279413         0.013385        0.0243944
0.274  1.996  0.264  337.9  0.372739         0.0150828       0.0249786
0.274  1.996  0.265  352.7  0.607386         0.0200434       0.0374503
0.274  1.989  0.343  7.4    0.453808         0.0217851       0.0275576
0.274  1.996  0.344  21.9   0.339461         0.0139336       0.0202988
0.274  1.996  0.343  36.8   0.153546         0.00945044      0.00942443
0.274  1.996  0.342  51.9   0.137309         0.00756523      0.00840422
0.274  1.997  0.342  67     0.107062         0.00807054      0.00840475
0.275  1.998  0.341  82     0.0987177        0.0129204       0.00726899
0.275  1.999  0.341  97.1   0.0613171        0.00766868      0.00702452
0.275  2      0.341  112.2  0.0412538        0.00611552      0.00541172
0.275  2      0.341  127.2  0.00830031       0.00790633      0.000696898
0.275  2      0.341  232.8  0.0615477        0.0260306       0.0112989
0.275  2      0.341  247.8  0.0600903        0.0121497       0.0117926
0.275  1.999  0.341  262.9  0.0555782        0.00668504      0.00431572
0.275  1.998  0.341  278    0.0894378        0.00765274      0.00624522
0.274  1.997  0.342  293    0.0909883        0.00695371      0.00607714
0.274  1.996  0.342  308.1  0.165606         0.0119745       0.00999605
0.274  1.996  0.343  323.2  0.157934         0.00981831      0.0132133
0.274  1.996  0.344  338.1  0.337351         0.0122768       0.0224362
0.274  1.989  0.343  352.6  0.483817         0.0198478       0.0426894
0.275  1.988  0.451  22.1   0.309575         0.0150952       0.0242974
0.274  1.995  0.451  36.6   0.138122         0.00612777      0.00863291
0.274  1.996  0.449  51.8   0.0985592        0.00595561      0.00599105
0.275  1.997  0.448  66.9   0.0619125        0.00451626      0.00380983
0.275  1.998  0.448  82     0.0315391        0.0038356       0.00385992
0.275  1.999  0.448  97.1   0.015845         0.00263134      0.00295607
0.275  2      0.447  127.2  0.0392662        0.0337579       0.00228959
0.275  2.001  0.447  172.5  0.044455         0.0400905       0.00259215
0.275  2      0.447  247.9  0.0390166        0.0156704       0.0231761
0.275  1.999  0.448  262.9  0.0336904        0.00551773      0.0026435
0.275  1.998  0.448  278    0.0414209        0.00417742      0.00289408
0.275  1.997  0.448  293.1  0.0595352        0.00516476      0.00467444
0.274  1.996  0.449  308.2  0.0943718        0.00692794      0.0111808
0.274  1.995  0.451  323.4  0.153743         0.00728449      0.00939507
0.275  1.988  0.451  337.9  0.276973         0.011693        0.0387137
0.276  1.974  0.606  23.5   0.235898         0.0168338       0.0142143
0.274  1.994  0.61   36.4   0.117618         0.00598325      0.00697234
0.275  1.995  0.608  51.7   0.0539121        0.00360362      0.00341445
0.275  1.997  0.607  66.8   0.0363103        0.0030482       0.00427501
0.275  1.998  0.606  81.9   0.0316716        0.00517876      0.00352253
0.275  1.999  0.605  97     0.0200486        0.00516992      0.00140272
0.275  2.002  0.605  157.4  0.0260985        0.0228217       0.0253217
0.275  2.001  0.605  187.6  0.030901         0.0251549       0.00636792
0.275  1.999  0.605  263    0.00757656       0.00186623      0.00107444
0.275  1.998  0.606  278.1  0.0205577        0.00265604      0.00142049
0.275  1.997  0.607  293.2  0.0362831        0.00331314      0.00247313
0.275  1.995  0.608  308.3  0.0561322        0.0043236       0.00544094
0.274  1.994  0.61   323.6  0.111223         0.00585667      0.0101112
0.276  1.974  0.606  336.5  0.25173          0.0145241       0.0149803
0.275  1.977  0.896  23.7   0.12344          0.00920015      0.00729443
0.275  1.992  0.874  36.3   0.0412962        0.0024246       0.00256441
0.275  1.994  0.872  51.6   0.0192603        0.00148057      0.00144608
0.275  1.996  0.871  66.7   0.0141547        0.00152206      0.0013005
0.275  1.998  0.869  81.9   0.00859886       0.00206907      0.000596821
0.275  2.001  0.867  127.2  0.00833525       0.00730609      0.00144997
0.274  2      0.867  142.3  0.00543354       0.00472419      0.0031976
0.275  2.002  0.867  157.5  0.0363933        0.0190391       0.00285954
0.275  2.002  0.867  172.5  0.00985731       0.00324603      0.00228752
0.275  2.002  0.867  187.5  0.0188613        0.00999305      0.00205095
0.275  2.002  0.867  202.5  0.00546951       0.00345265      0.000915699
0.274  2      0.867  217.7  0.00985405       0.00881961      0.000574585
0.275  1.998  0.869  278.1  0.0101558        0.00216665      0.00139542
0.275  1.996  0.871  293.3  0.0127081        0.00151708      0.00126141
0.275  1.994  0.872  308.4  0.0151865        0.00161321      0.00220598
0.275  1.992  0.874  323.7  0.0478319        0.00299289      0.00360956
0.275  1.977  0.896  336.3  0.101149         0.00566084      0.00659918
0.274  1.967  1.485  7.9    0.0262899        0.00195184      0.00177984
0.275  1.983  1.373  21.2   0.0226407        0.00161936      0.00141932
0.275  1.989  1.39   36.3   0.00978842       0.00100464      0.000685966
0.275  1.993  1.393  51.5   0.00523612       0.000688795     0.000630076
0.276  2.004  1.39   127.4  0.00111391       0.000722964     0.000076415
0.275  2      1.386  142.3  0.00112509       0.000465171     0.000863951
0.276  2.006  1.388  172.6  0.00451161       0.00198137      0.000577333
0.274  2      1.386  247.9  0.0145041        0.0108007       0.000845724
0.275  1.997  1.393  293.3  0.00545635       0.00125213      0.000354151
0.275  1.993  1.393  308.5  0.00417698       0.00066801      0.000722599
0.275  1.989  1.39   323.7  0.01057          0.00119134      0.00107793
0.275  1.983  1.373  338.8  0.0218107        0.00121874      0.00172863
0.274  1.967  1.485  352.1  0.031198         0.00215732      0.0126892
0.273  2.406  0.112  7.5    0.390735         0.028803        0.0236743
0.273  2.406  0.112  22.4   0.401156         0.0262303       0.0307573
0.273  2.406  0.111  37.3   0.34971          0.0201406       0.0211648
0.274  2.407  0.111  67.3   0.262228         0.0210857       0.0213327
0.274  2.408  0.11   82.3   0.113355         0.0133787       0.0380286
0.274  2.41   0.11   97.3   0.130801         0.0162496       0.00774561
0.274  2.413  0.109  127.4  0.0366518        0.0112935       0.00277168
0.274  2.411  0.11   247.7  0.0484562        0.00837546      0.0053361
0.274  2.41   0.11   262.7  0.140456         0.0149233       0.0144797
0.274  2.408  0.11   277.7  0.130479         0.0129809       0.0217589
0.274  2.407  0.111  292.7  0.210181         0.0200695       0.0545182
0.274  2.406  0.111  307.7  0.29611          0.0211074       0.0177618
0.273  2.406  0.111  322.7  0.385269         0.0214069       0.0261418
0.273  2.406  0.112  337.6  0.416302         0.0237889       0.0261498
0.273  2.406  0.112  352.5  0.470962         0.0305809       0.0377951
0.275  2.387  0.154  7.5    0.618414         0.0320788       0.0379958
0.274  2.402  0.154  22.4   0.633116         0.0324595       0.040784
0.274  2.415  0.155  37.2   0.539044         0.023864        0.0339399
0.274  2.414  0.154  52.2   0.377353         0.0167552       0.023174
0.274  2.414  0.154  67.2   0.311951         0.0181075       0.0187518
0.275  2.414  0.154  82.2   0.22853          0.0159764       0.0206678
0.275  2.415  0.153  97.2   0.139048         0.00912037      0.00845697
0.275  2.416  0.153  112.3  0.109712         0.00755769      0.00807364
0.275  2.417  0.153  127.3  0.068931         0.00772061      0.00533195
0.275  2.418  0.153  142.4  0.0525941        0.00811572      0.0104222
0.275  2.418  0.153  157.4  0.0988197        0.0135857       0.00686734
0.275  2.419  0.153  172.5  0.082813         0.0127868       0.0175301
0.275  2.419  0.153  187.5  0.0868079        0.0166695       0.00522044
0.275  2.418  0.153  202.6  0.0713078        0.00937224      0.0052245
0.275  2.418  0.153  217.6  0.0963291        0.0102857       0.00879854
0.275  2.417  0.153  232.7  0.0991281        0.0121454       0.00766105
0.275  2.416  0.153  247.7  0.117382         0.00940065      0.0137653
0.275  2.415  0.153  262.8  0.184504         0.0109103       0.0126712
0.275  2.414  0.154  277.8  0.226507         0.0140914       0.0166895
0.274  2.414  0.154  292.8  0.309027         0.0190928       0.0373774
0.274  2.414  0.154  307.8  0.368235         0.0183004       0.034302
0.274  2.415  0.155  322.8  0.519234         0.0217531       0.0320229
0.274  2.402  0.154  337.6  0.626799         0.0256124       0.0368709
0.275  2.387  0.154  352.5  0.678015         0.0309115       0.0409828
0.275  2.328  0.203  7.6    1.39607          0.0539091       0.101643
0.275  2.365  0.204  22.6   0.485701         0.0350956       0.0315053
0.275  2.406  0.204  37.4   0.494651         0.0226039       0.0306267
0.274  2.415  0.204  52.1   0.392668         0.0184351       0.0283315
0.275  2.414  0.204  67.1   0.267465         0.0164855       0.0169501
0.275  2.414  0.204  82.1   0.223438         0.016423        0.0152117
0.275  2.414  0.203  97.2   0.125046         0.00928525      0.0126015
0.275  2.415  0.203  112.2  0.0980399        0.00756768      0.00706217
0.275  2.416  0.203  127.3  0.0989442        0.0105942       0.006557
0.275  2.418  0.203  172.5  0.0558291        0.00739525      0.0102657
0.275  2.418  0.203  202.6  0.0837863        0.0108713       0.00955495
0.275  2.417  0.203  217.7  0.109148         0.0117255       0.00981205
0.275  2.416  0.203  232.7  0.0795282        0.00929097      0.00882806
0.275  2.415  0.203  247.8  0.118057         0.0114424       0.00907024
0.275  2.414  0.203  262.8  0.170957         0.0124101       0.0110782
0.275  2.414  0.204  277.9  0.243436         0.0163645       0.015892
0.275  2.414  0.204  292.9  0.239176         0.0143394       0.0171724
0.274  2.415  0.204  307.9  0.364405         0.0185396       0.0221252
0.275  2.406  0.204  322.6  0.485719         0.02149         0.0288671
0.275  2.365  0.204  337.4  0.502653         0.0289102       0.0332668
0.275  2.328  0.203  352.4  1.33047          0.0450738       0.0789589
0.275  2.316  0.262  22.7   0.69735          0.0368024       0.0711954
0.275  2.392  0.263  37.5   0.452221         0.0182436       0.028225
0.275  2.414  0.263  51.9   0.239856         0.00942696      0.0153783
0.275  2.413  0.263  67     0.171978         0.00967321      0.0118824
0.275  2.413  0.262  82.1   0.140119         0.010972        0.00928318
0.275  2.414  0.262  97.2   0.0997873        0.00754666      0.00813126
0.275  2.415  0.262  112.2  0.0697123        0.00559585      0.00540456
0.275  2.415  0.262  127.3  0.0701945        0.00756244      0.00502999
0.275  2.416  0.262  142.3  0.0378095        0.00595405      0.00517789
0.275  2.417  0.262  157.4  0.0360454        0.00447685      0.00278371
0.275  2.417  0.262  172.5  0.0356857        0.00585746      0.00286578
0.275  2.417  0.262  187.5  0.0367959        0.00573156      0.00311695
0.275  2.417  0.262  202.6  0.0448416        0.00581483      0.00301386
0.275  2.416  0.262  217.7  0.0400351        0.00399216      0.00421514
0.275  2.415  0.262  232.7  0.0703402        0.00752929      0.00643302
0.275  2.415  0.262  247.8  0.0872864        0.00829814      0.00771986
0.275  2.414  0.262  262.8  0.126341         0.0095038       0.00807599
0.275  2.413  0.262  277.9  0.129019         0.00758378      0.0101591
0.275  2.413  0.263  293    0.181574         0.0100054       0.0149093
0.275  2.414  0.263  308.1  0.314334         0.0157906       0.0233278
0.275  2.392  0.263  322.5  0.417069         0.0171467       0.0285998
0.275  2.316  0.262  337.3  0.63518          0.0293886       0.0538687
0.275  2.376  0.342  37.7   0.361506         0.0157947       0.023371
0.275  2.412  0.342  51.8   0.214862         0.00941541      0.0126578
0.275  2.411  0.341  67     0.101351         0.00597803      0.00695233
0.275  2.412  0.341  82     0.122171         0.0115108       0.00879713
0.275  2.413  0.341  97.1   0.0485046        0.00396918      0.00545174
0.275  2.414  0.341  112.2  0.0463872        0.00418541      0.0058566
0.275  2.415  0.341  127.3  0.0303498        0.00338611      0.00425793
0.275  2.416  0.341  142.3  0.0310515        0.00684025      0.00265958
0.275  2.416  0.34   157.4  0.0279989        0.00468409      0.00270203
0.275  2.417  0.34   172.5  0.0192126        0.00439204      0.00454958
0.275  2.417  0.34   187.5  0.0386124        0.00911746      0.00304953
0.275  2.416  0.34   202.6  0.0368934        0.0061486       0.00474938
0.275  2.416  0.341  217.7  0.0399678        0.0046943       0.00324896
0.275  2.415  0.341  232.7  0.042088         0.00512756      0.00422617
0.275  2.414  0.341  247.8  0.0473841        0.00475487      0.00394424
0.275  2.413  0.341  262.9  0.0697528        0.005858        0.00451446
0.275  2.412  0.341  278    0.0812638        0.00532919      0.00555097
0.275  2.411  0.341  293    0.147617         0.00873251      0.010958
0.275  2.412  0.342  308.2  0.196778         0.009683        0.0148554
0.275  2.376  0.342  322.3  0.313372         0.0139599       0.0327105
0.275  2.368  0.45   37.6   0.204061         0.00920706      0.0121345
0.275  2.408  0.448  51.8   0.104549         0.00452057      0.00646868
0.275  2.409  0.448  66.9   0.0720673        0.00457066      0.00560867
0.275  2.41   0.448  82     0.0631828        0.00577125      0.00453461
0.275  2.411  0.447  97.1   0.046294         0.00453249      0.00293754
0.275  2.413  0.447  112.2  0.0311386        0.0032255       0.00218949
0.275  2.414  0.447  127.3  0.0219457        0.00317051      0.001945
0.275  2.415  0.447  142.3  0.0066821        0.00161529      0.00156127
0.275  2.416  0.447  157.4  0.0107355        0.00219068      0.00138786
0.275  2.416  0.447  172.5  0.0164415        0.00551138      0.00130587
0.275  2.416  0.447  187.5  0.0121001        0.00303723      0.00562889
0.275  2.416  0.447  202.6  0.0304667        0.00805694      0.00236585
0.275  2.415  0.447  217.7  0.0204458        0.00317271      0.00210455
0.275  2.414  0.447  232.7  0.0229968        0.00303235      0.00259283
0.275  2.413  0.447  247.8  0.0252564        0.00332642      0.00264397
0.275  2.411  0.447  262.9  0.0321363        0.00282759      0.0026588
0.275  2.41   0.448  278    0.0613315        0.00439224      0.0037138
0.275  2.409  0.448  293.1  0.0857139        0.00527387      0.00565912
0.275  2.408  0.448  308.2  0.106604         0.00554915      0.00666599
0.275  2.368  0.45   322.4  0.230531         0.0118284       0.054396
0.275  2.383  0.609  37     0.117244         0.00586261      0.00722382
0.275  2.403  0.606  51.7   0.0649193        0.00336502      0.00393297
0.275  2.405  0.606  66.9   0.04108          0.00323748      0.00279918
0.275  2.408  0.605  82     0.0254125        0.00272221      0.00239118
0.275  2.41   0.605  97.1   0.0233915        0.00279742      0.00203316
0.275  2.412  0.605  112.2  0.0145156        0.00196731      0.00090867
0.275  2.413  0.605  127.2  0.00748235       0.00142077      0.00161301
0.275  2.414  0.605  142.3  0.00729963       0.00325271      0.000815791
0.275  2.416  0.604  172.5  0.00149117       0.00119707      8.0000069496
0.275  2.414  0.605  217.7  0.0156235        0.00333215      0.00231486
0.275  2.413  0.605  232.8  0.0125076        0.00277774      0.000869002
0.275  2.412  0.605  247.8  0.00972482       0.00162417      0.00196119
0.275  2.41   0.605  262.9  0.0212666        0.0025906       0.0014522
0.275  2.408  0.605  278    0.0235611        0.00201067      0.00177433
0.275  2.405  0.606  293.1  0.0342479        0.00251146      0.00237583
0.275  2.403  0.606  308.3  0.0627761        0.00393169      0.00477418
0.275  2.383  0.609  323    0.111347         0.00634376      0.391895
0.275  2.389  0.866  36.5   0.0368897        0.00204659      0.00224701
0.275  2.396  0.868  51.7   0.0233768        0.00157318      0.00177077
0.275  2.401  0.868  66.8   0.0120655        0.00105885      0.000894594
0.275  2.406  0.868  82     0.00819907       0.00103316      0.00103904
0.275  2.409  0.868  97.1   0.00757153       0.00139707      0.000830758
0.275  2.411  0.867  112.2  0.00462135       0.000902572     0.000741394
0.275  2.413  0.867  127.3  0.00699516       0.00357997      0.000407885
0.275  2.413  0.867  232.7  0.00291          0.00239408      0.00111264
0.275  2.411  0.867  247.8  0.00270316       0.000731276     0.000706222
0.275  2.406  0.868  278    0.00995433       0.00106305      0.000716322
0.275  2.401  0.868  293.2  0.0144442        0.0012326       0.0012248
0.275  2.396  0.868  308.3  0.0218147        0.00175259      0.00162024
0.275  2.389  0.866  323.5  0.0368984        0.00200512      0.00509078
0.275  2.371  1.431  7.6    0.0155838        0.00122291      0.00117742
0.275  2.366  1.365  21.7   0.0135596        0.000984278     0.00083813
0.275  2.379  1.379  36.6   0.00523643       0.000461999     0.000370791
0.275  2.39   1.386  51.7   0.00480659       0.000462492     0.000472894
0.275  2.397  1.388  66.9   0.00342402       0.000483603     0.000319456
0.276  2.403  1.389  82     0.00323385       0.000818993     0.0003245
0.276  2.409  1.389  97.1   0.0014152        0.000980546     0.0000825197
0.276  2.413  1.386  187.7  0.000381365      0.000339456     0.0000222372
0.274  2.416  1.386  217.6  0.00454483       0.00347864      0.000265007
0.276  2.409  1.389  262.9  0.0030897        0.00267141      0.000266807
0.276  2.403  1.389  278    0.00347456       0.000937081     0.000366724
0.275  2.397  1.388  293.1  0.00342622       0.000552555     0.000286356
0.275  2.39   1.386  308.3  0.00422921       0.000586762     0.000592498
0.275  2.379  1.379  323.4  0.00731777       0.000638668     0.000530975
0.275  2.366  1.365  338.3  0.0105899        0.000651673     0.00106946
0.275  2.371  1.431  352.4  0.0177189        0.0011645       0.00615318
0.301  2.143  0.118  7.5    0.0671461        0.0114501       0.019342
0.301  2.143  0.118  22.4   0.14948          0.0235329       0.0276929
0.301  2.144  0.118  37.4   0.10614          0.0139559       0.0066702
0.301  2.145  0.118  52.4   0.150504         0.0248152       0.0100485
0.301  2.145  0.118  67.4   0.0859682        0.0146691       0.0132222
0.301  2.146  0.118  82.3   0.0545097        0.0294187       0.00317843
0.301  2.145  0.118  307.6  0.102723         0.0155938       0.0627366
0.301  2.144  0.118  322.6  0.129211         0.016974        0.0144728
0.301  2.143  0.118  337.6  0.180427         0.0205718       0.0349981
0.304  2.159  0.156  7.5    0.253885         0.0183118       0.0171568
0.304  2.16   0.155  22.4   0.192624         0.0132166       0.0147823
0.304  2.16   0.155  37.3   0.211939         0.0145423       0.0155675
0.304  2.161  0.155  52.3   0.135756         0.00886633      0.00927429
0.304  2.162  0.154  67.2   0.0959401        0.00709295      0.00795188
0.304  2.164  0.154  82.2   0.0747864        0.0082939       0.00782848
0.304  2.165  0.154  97.3   0.0673436        0.0123114       0.0103452
0.304  2.166  0.153  112.3  0.0775819        0.0160827       0.0050815
0.305  2.167  0.153  127.3  0.0600209        0.015476        0.00349979
0.304  2.166  0.153  247.7  0.0770722        0.0150158       0.00483836
0.304  2.165  0.154  262.7  0.0486484        0.00673471      0.007677
0.304  2.164  0.154  277.8  0.0759243        0.00855204      0.00636659
0.304  2.162  0.154  292.8  0.110668         0.0112467       0.00803115
0.304  2.161  0.155  307.7  0.149421         0.0107984       0.012031
0.304  2.16   0.155  322.7  0.256522         0.0166754       0.0157527
0.304  2.16   0.155  337.6  0.210197         0.0117513       0.0139216
0.304  2.159  0.156  352.5  0.243103         0.0158237       0.0151316
0.304  2.161  0.205  7.4    0.31394          0.0187762       0.0274799
0.304  2.162  0.205  22.3   0.251665         0.0160065       0.015575
0.304  2.162  0.205  37.2   0.21533          0.0131697       0.0130176
0.304  2.163  0.204  52.2   0.147167         0.00956115      0.00921948
0.304  2.164  0.204  67.2   0.124328         0.0104869       0.00801716
0.304  2.165  0.204  82.2   0.102611         0.0117055       0.00831532
0.304  2.166  0.204  97.2   0.0424981        0.00564556      0.00450689
0.305  2.167  0.203  112.2  0.0419671        0.00787984      0.00383127
0.305  2.168  0.203  127.3  0.0584326        0.0111014       0.00417111
0.305  2.169  0.203  142.3  0.0368848        0.010866        0.00991215
0.305  2.169  0.203  157.4  0.114345         0.0653666       0.0176684
0.305  2.169  0.203  217.7  0.00976522       0.00538566      0.00444597
0.305  2.168  0.203  232.7  0.037736         0.00762742      0.00420458
0.305  2.167  0.203  247.8  0.079854         0.0144979       0.0177899
0.304  2.166  0.204  262.8  0.0784411        0.0088472       0.00486447
0.304  2.165  0.204  277.8  0.0897911        0.00907859      0.00799457
0.304  2.164  0.204  292.8  0.146179         0.0147774       0.031277
0.304  2.163  0.204  307.8  0.196171         0.0168853       0.0140141
0.304  2.162  0.205  322.8  0.241501         0.0143259       0.0143653
0.304  2.162  0.205  337.7  0.24975          0.0130763       0.0149394
0.304  2.161  0.205  352.6  0.301013         0.0150982       0.0185261
0.304  2.162  0.265  7.4    0.265964         0.0129528       0.0175121
0.304  2.162  0.264  22.2   0.263367         0.0140544       0.0169759
0.304  2.162  0.264  37.1   0.191951         0.0101664       0.0117064
0.304  2.163  0.263  52.1   0.119121         0.00746407      0.00763529
0.304  2.164  0.263  67.1   0.0905939        0.00706054      0.00720375
0.304  2.165  0.263  82.1   0.0518193        0.00566437      0.00553796
0.305  2.166  0.262  97.2   0.0265439        0.0036308       0.00387624
0.305  2.167  0.262  112.2  0.0406202        0.00828433      0.00571628
0.305  2.168  0.262  127.3  0.0191644        0.00488943      0.00119869
0.305  2.169  0.262  142.3  0.00769631       0.00622819      0.0128213
0.305  2.169  0.262  217.7  0.0295067        0.014532        0.00385821
0.305  2.168  0.262  232.7  0.0340281        0.0104742       0.00664533
0.305  2.167  0.262  247.8  0.0213992        0.00521494      0.00195336
0.305  2.166  0.262  262.8  0.0571371        0.00627278      0.00709677
0.304  2.165  0.263  277.9  0.0710573        0.00602355      0.00484373
0.304  2.164  0.263  292.9  0.12601          0.0117181       0.0103497
0.304  2.163  0.263  307.9  0.144158         0.0104503       0.0117227
0.304  2.162  0.264  322.9  0.161733         0.00802413      0.0116732
0.304  2.162  0.264  337.8  0.235973         0.0101834       0.0155163
0.304  2.162  0.265  352.6  0.255358         0.0105943       0.0153097
0.304  2.163  0.345  7.3    0.26221          0.0104619       0.0155465
0.304  2.162  0.344  22     0.256196         0.0119671       0.021024
0.304  2.162  0.343  37     0.139462         0.00734924      0.00832223
0.304  2.163  0.342  52     0.103917         0.00618349      0.00615851
0.304  2.164  0.342  67     0.0635693        0.0052108       0.00628156
0.305  2.165  0.341  82.1   0.0386427        0.00496391      0.00268783
0.305  2.166  0.341  97.1   0.0262876        0.00446493      0.00379919
0.305  2.167  0.341  112.2  0.030261         0.00983593      0.0017645
0.305  2.167  0.341  247.8  0.0255672        0.00854505      0.00289129
0.305  2.166  0.341  262.9  0.041334         0.00573042      0.00316963
0.305  2.165  0.341  277.9  0.0387954        0.00370767      0.00290197
0.304  2.164  0.342  293    0.0759731        0.00635886      0.00564727
0.304  2.163  0.342  308    0.106939         0.00761249      0.00928632
0.304  2.162  0.343  323    0.156365         0.00812673      0.0100963
0.304  2.162  0.344  338    0.203659         0.00736439      0.0123961
0.304  2.163  0.345  352.7  0.274478         0.00958748      0.0167368
0.305  2.143  0.451  7.5    0.284518         0.0131661       0.0168819
0.304  2.162  0.453  21.8   0.187258         0.00841061      0.0110356
0.304  2.162  0.451  36.8   0.0997812        0.00506166      0.00623414
0.304  2.162  0.45   51.8   0.072278         0.00435285      0.00504098
0.305  2.163  0.449  66.9   0.0529041        0.00448471      0.00393612
0.305  2.165  0.448  82     0.0370748        0.00511535      0.00347447
0.305  2.166  0.448  97.1   0.0134277        0.00301237      0.0079597
0.305  2.167  0.448  112.2  0.0456271        0.0265911       0.00266049
0.305  2.169  0.447  157.4  0.0178284        0.00916496      0.00114086
0.305  2.169  0.447  172.5  0.0146453        0.00509424      0.00236189
0.305  2.167  0.448  247.8  0.00628206       0.00533896      0.00402031
0.305  2.165  0.448  278    0.0439601        0.00449395      0.00346668
0.305  2.163  0.449  293.1  0.0468169        0.00415449      0.00486647
0.304  2.162  0.45   308.2  0.0816141        0.00630935      0.00767998
0.304  2.162  0.451  323.2  0.113078         0.00546916      0.00836733
0.304  2.162  0.453  338.2  0.191682         0.00694514      0.0122379
0.305  2.143  0.451  352.5  0.271013         0.0108676       0.0226145
0.305  2.144  0.611  22     0.137746         0.00716044      0.00808341
0.304  2.16   0.611  36.5   0.0744455        0.00394888      0.00452388
0.305  2.161  0.609  51.7   0.0407132        0.00262775      0.00260396
0.305  2.163  0.607  66.8   0.0245706        0.00222766      0.00144335
0.305  2.165  0.606  81.9   0.0172797        0.00271255      0.00333019
0.305  2.166  0.606  97     0.00706893       0.00523384      0.0024001
0.305  2.168  0.605  127.2  0.010729         0.00734036      0.00225735
0.305  2.169  0.605  142.3  0.0140664        0.00810393      0.00342054
0.305  2.17   0.605  172.5  0.0214555        0.00740312      0.00280844
0.305  2.17   0.605  187.5  0.0121647        0.00501081      0.0137574
0.305  2.169  0.605  202.6  0.0446618        0.0340927       0.00821232
0.305  2.169  0.605  217.7  0.0149978        0.0134933       0.000874513
0.305  2.166  0.606  263    0.0264218        0.00878158      0.00209634
0.305  2.165  0.606  278.1  0.0154497        0.00186314      0.00104065
0.305  2.163  0.607  293.2  0.0209267        0.00216312      0.00203213
0.305  2.161  0.609  308.3  0.0355835        0.00298068      0.00284316
0.304  2.16   0.611  323.5  0.0705849        0.00387286      0.00442203
0.305  2.144  0.611  338    0.132711         0.00541421      0.0246921
0.305  2.127  0.883  23.1   0.0879631        0.00598476      0.00519478
0.305  2.156  0.877  36.3   0.032258         0.00199482      0.00197967
0.305  2.159  0.874  51.6   0.0161861        0.00127244      0.00127842
0.305  2.162  0.872  66.8   0.0105793        0.00113701      0.000868291
0.305  2.164  0.87   81.9   0.00350995       0.000809539     0.000573992
0.305  2.169  0.868  127.2  0.00623294       0.00494496      0.00174137
0.305  2.169  0.868  142.3  0.0101894        0.0046563       0.00119711
0.305  2.168  0.867  157.3  0.0119542        0.0052336       0.00353913
0.305  2.169  0.867  172.5  0.00575001       0.00153853      0.000784896
0.305  2.169  0.868  217.7  0.0242656        0.0183088       0.00324438
0.305  2.169  0.868  232.8  0.00703858       0.00593974      0.000410416
0.305  2.164  0.87   278.1  0.00821564       0.00186123      0.00095355
0.305  2.162  0.872  293.2  0.0114975        0.00158671      0.0014973
0.305  2.159  0.874  308.4  0.0284424        0.00303126      0.00251619
0.305  2.156  0.877  323.7  0.0365636        0.00224086      0.00323675
0.305  2.127  0.883  336.9  0.098767         0.00561839      0.00577363
0.305  2.126  1.591  7.8    0.0258765        0.00216947      0.0018296
0.305  2.141  1.386  21.3   0.0171634        0.00115115      0.00106174
0.305  2.151  1.396  36.3   0.00997902       0.00102465      0.000698151
0.305  2.157  1.398  51.5   0.00479487       0.000593027     0.000594981
0.305  2.161  1.396  66.7   0.00354422       0.000783919     0.000206662
0.304  2.163  1.391  96.9   0.00330855       0.00186964      0.000551278
0.306  2.171  1.388  142.2  0.00187779       0.00109402      0.000533337
0.302  2.168  1.389  157.7  0.00495806       0.00354795      0.000446459
0.307  2.171  1.386  172.3  0.00435631       0.00217146      0.000315215
0.302  2.168  1.389  202.3  0.00201414       0.000743235     0.00101627
0.303  2.166  1.39   247.9  0.0120896        0.00890302      0.00126252
0.304  2.163  1.391  263.1  0.00306872       0.00121709      0.000178935
0.305  2.161  1.396  293.3  0.00159696       0.000526477     0.000176069
0.305  2.157  1.398  308.5  0.00497981       0.000842551     0.000712438
0.305  2.151  1.396  323.7  0.00864888       0.000896893     0.000557563
0.305  2.141  1.386  338.7  0.0178676        0.00102151      0.00173727
0.305  2.126  1.591  352.2  0.0262603        0.0019512       0.00726022
0.3    2.625  0.119  7.5    0.282496         0.0519423       0.131255
0.301  2.625  0.119  22.4   0.184852         0.0277226       0.012485
0.301  2.625  0.119  37.4   0.108036         0.0141716       0.007502
0.301  2.626  0.119  52.4   0.064381         0.0115665       0.00839306
0.301  2.627  0.118  67.4   0.0991424        0.0260001       0.00640161
0.301  2.628  0.118  82.4   0.0583323        0.0260956       0.00340133
0.301  2.628  0.118  277.6  0.0151282        0.0126629       0.0152994
0.301  2.626  0.119  307.6  0.0675803        0.0148488       0.00660235
0.301  2.625  0.119  322.6  0.0730761        0.0105164       0.22449
0.301  2.625  0.119  337.6  0.103901         0.01331         0.00840493
0.3    2.625  0.119  352.5  0.207949         0.0284067       0.0589619
0.304  2.651  0.156  7.4    0.257949         0.0152348       0.0159488
0.304  2.653  0.156  22.4   0.258129         0.0152107       0.0153897
0.304  2.653  0.155  37.3   0.204698         0.00997324      0.0125101
0.304  2.652  0.155  52.3   0.173846         0.00972251      0.0108545
0.304  2.652  0.154  67.2   0.154235         0.0120157       0.00979402
0.304  2.653  0.154  82.3   0.165617         0.0194014       0.0120118
0.304  2.654  0.154  97.3   0.154257         0.0211428       0.020109
0.304  2.655  0.153  112.3  0.0979958        0.0140745       0.00703386
0.305  2.656  0.153  127.3  0.0750916        0.0144036       0.00968487
0.305  2.658  0.153  142.4  0.140875         0.040552        0.0132438
0.305  2.658  0.153  217.6  0.10226          0.0208681       0.00792517
0.305  2.656  0.153  232.7  0.0783796        0.0177987       0.0057752
0.304  2.655  0.153  247.7  0.103179         0.0167342       0.00963896
0.304  2.654  0.154  262.7  0.10062          0.0105016       0.00907543
0.304  2.653  0.154  277.7  0.116281         0.0111129       0.00821344
0.304  2.652  0.154  292.8  0.168393         0.0146512       0.0139716
0.304  2.652  0.155  307.7  0.192937         0.012557        0.0170196
0.304  2.653  0.155  322.7  0.218279         0.0108946       0.0150006
0.304  2.653  0.156  337.6  0.292047         0.0141887       0.0175544
0.304  2.651  0.156  352.6  0.322635         0.0173131       0.0200902
0.305  2.629  0.204  7.5    0.392142         0.0240755       0.0271681
0.304  2.645  0.204  22.4   0.363532         0.0231154       0.0213737
0.304  2.656  0.205  37.2   0.268798         0.0135736       0.0163191
0.304  2.655  0.204  52.1   0.19388          0.00996726      0.0118183
0.304  2.654  0.204  67.1   0.180643         0.0118941       0.0126975
0.304  2.654  0.204  82.2   0.128792         0.0123217       0.00986397
0.305  2.654  0.204  97.2   0.0668474        0.00687904      0.00510502
0.305  2.655  0.203  112.3  0.0681701        0.00692499      0.00465011
0.305  2.656  0.203  127.3  0.0619574        0.0069791       0.00468567
0.305  2.657  0.203  142.4  0.0468074        0.00639737      0.00393737
0.305  2.657  0.203  157.4  0.0633596        0.00832409      0.0052976
0.305  2.658  0.203  172.5  0.0548928        0.00716054      0.00576114
0.305  2.658  0.203  187.5  0.0527441        0.00916931      0.00450579
0.305  2.657  0.203  202.6  0.061784         0.00759049      0.00799091
0.305  2.657  0.203  217.6  0.078956         0.00970818      0.00790071
0.305  2.656  0.203  232.7  0.0682214        0.00896436      0.00789578
0.305  2.655  0.203  247.7  0.078066         0.00984183      0.00616064
0.305  2.654  0.204  262.8  0.123114         0.0110986       0.0120974
0.304  2.654  0.204  277.8  0.114567         0.00875645      0.00777042
0.304  2.654  0.204  292.9  0.138793         0.0105471       0.0104697
0.304  2.655  0.204  307.9  0.290473         0.0203604       0.018147
0.304  2.656  0.205  322.8  0.296399         0.0149402       0.0207764
0.304  2.645  0.204  337.6  0.362093         0.0178175       0.0219381
0.305  2.629  0.204  352.5  0.345533         0.0187883       0.0247235
0.305  2.567  0.262  7.6    0.449897         0.0241269       0.0282468
0.305  2.609  0.263  22.6   0.365945         0.0188642       0.027838
0.304  2.652  0.264  37.2   0.364716         0.011897        0.0218552
0.304  2.655  0.263  52     0.153435         0.00721936      0.00975695
0.304  2.653  0.263  67.1   0.117032         0.00721074      0.00965173
0.305  2.653  0.262  82.1   0.0993623        0.0091283       0.00644662
0.305  2.653  0.262  97.2   0.0767467        0.00677723      0.00488133
0.305  2.654  0.262  112.2  0.0370981        0.00345739      0.0026938
0.305  2.655  0.262  127.3  0.0325337        0.0038431       0.0031977
0.305  2.656  0.262  142.3  0.0364246        0.00471236      0.00382868
0.305  2.657  0.262  157.4  0.0472728        0.00580776      0.00422223
0.305  2.657  0.262  172.5  0.0301469        0.00364396      0.00205947
0.305  2.657  0.262  187.5  0.0370409        0.00513593      0.00300362
0.305  2.657  0.262  202.6  0.0252588        0.00292894      0.0024223
0.305  2.656  0.262  217.7  0.0366642        0.00400087      0.0030005
0.305  2.654  0.262  247.8  0.0406756        0.00510382      0.00335484
0.305  2.653  0.262  262.8  0.0738277        0.00606833      0.00481936
0.305  2.653  0.262  277.9  0.0994366        0.00707182      0.00676546
0.304  2.653  0.263  292.9  0.109218         0.00696911      0.0101646
0.304  2.655  0.263  308    0.1761           0.00993434      0.0120168
0.304  2.652  0.264  322.8  0.394935         0.0123718       0.0266358
0.305  2.609  0.263  337.4  0.440943         0.0189076       0.0279563
0.305  2.567  0.262  352.4  0.496893         0.0232203       0.0375465
0.305  2.553  0.341  22.7   0.415607         0.028153        0.0284919
0.305  2.639  0.342  37.3   0.215894         0.0100079       0.0154237
0.304  2.653  0.342  51.9   0.893265         0.00599198      0.0521946
0.305  2.652  0.341  67     0.078419         0.00530348      0.00627063
0.305  2.652  0.341  82.1   0.0732422        0.00641789      0.00554365
0.305  2.652  0.341  97.1   0.0406147        0.00389653      0.00254211
0.305  2.653  0.341  112.2  0.025534         0.00273053      0.00202041
0.305  2.654  0.341  127.3  0.0227531        0.00327817      0.00237477
0.305  2.655  0.341  142.3  0.0123405        0.00258365      0.00133908
0.305  2.656  0.341  157.4  0.0131796        0.00232913      0.00148685
0.305  2.656  0.341  172.5  0.0209453        0.00368016      0.00169073
0.305  2.656  0.341  187.5  0.0124196        0.00218467      0.00218005
0.305  2.655  0.341  217.7  0.0236539        0.00375779      0.003773
0.305  2.654  0.341  232.7  0.0311836        0.00480219      0.00237859
0.305  2.653  0.341  247.8  0.0637079        0.00995403      0.00455029
0.305  2.652  0.341  262.9  0.0407703        0.00353761      0.00333712
0.305  2.652  0.341  277.9  0.0617285        0.00449893      0.00453789
0.305  2.652  0.341  293    0.098627         0.00719673      0.00894573
0.304  2.653  0.342  308.1  1.05087          0.00815167      0.061428
0.305  2.639  0.342  322.7  0.210154         0.0100193       0.0132845
0.305  2.553  0.341  337.3  0.408441         0.0212493       0.0364017
0.305  2.629  0.45   37.3   0.147254         0.00734618      0.00891122
0.305  2.649  0.449  51.8   0.0812085        0.00401731      0.00551297
0.305  2.649  0.448  66.9   0.0728626        0.00540047      0.00438038
0.305  2.65   0.448  82     0.035023         0.00364841      0.00244233
0.305  2.651  0.448  97.1   0.0208481        0.00215482      0.00205656
0.305  2.652  0.447  112.2  0.0198859        0.002174        0.001336
0.305  2.653  0.447  127.3  0.0175962        0.00304601      0.00161901
0.305  2.654  0.447  142.3  0.013047         0.00326651      0.0049471
0.305  2.655  0.447  157.4  0.00779848       0.00166099      0.00133052
0.305  2.655  0.447  172.5  0.0154995        0.00511169      0.00185033
0.305  2.655  0.447  187.5  0.0110399        0.00346871      0.00154405
0.305  2.655  0.447  202.6  0.016601         0.00451943      0.00268085
0.305  2.654  0.447  217.7  0.0186898        0.00350171      0.0038221
0.305  2.653  0.447  232.7  0.023775         0.00508225      0.0017411
0.305  2.652  0.447  247.8  0.0249759        0.00388754      0.00184252
0.305  2.651  0.448  262.9  0.0244914        0.00243333      0.00186173
0.305  2.65   0.448  278    0.0437594        0.00351265      0.00340454
0.305  2.649  0.448  293.1  0.0547281        0.00382001      0.00399097
0.305  2.649  0.449  308.2  0.0763064        0.00456948      0.00518086
0.305  2.629  0.45   322.7  0.133364         0.00689946      0.0121398
0.305  2.626  0.61   37     0.0772309        0.00408174      0.0047602
0.305  2.644  0.607  51.7   0.0441756        0.00261176      0.0029078
0.305  2.645  0.606  66.9   0.0265218        0.00220401      0.00201903
0.305  2.647  0.606  82     0.0200523        0.00213471      0.00137009
0.305  2.649  0.605  97.1   0.0133869        0.00167679      0.00142422
0.305  2.651  0.605  112.2  0.00955356       0.00159253      0.0019206
0.305  2.652  0.605  127.3  0.0137067        0.00352004      0.0020541
0.305  2.653  0.605  142.3  0.00184883       0.000983476     0.00272388
0.305  2.655  0.604  172.5  0.00128732       0.00077799      0.000163269
0.305  2.655  0.604  187.5  0.00419005       0.00150811      0.00150604
0.305  2.653  0.605  217.7  0.00844118       0.00229666      0.00269041
0.305  2.652  0.605  232.7  0.00430156       0.0011107       0.000688659
0.305  2.651  0.605  247.8  0.00807616       0.00185538      0.00194697
0.305  2.649  0.605  262.9  0.0193244        0.00257422      0.00160741
0.305  2.647  0.606  278    0.0238604        0.00226007      0.0018563
0.305  2.645  0.606  293.1  0.0244194        0.00204988      0.00187291
0.305  2.644  0.607  308.3  0.0477246        0.00322578      0.00339482
0.305  2.626  0.61   323    0.0899092        0.0051385       0.108223
0.305  2.629  0.869  36.5   0.0319959        0.0018987       0.00199341
0.305  2.636  0.869  51.7   0.0190911        0.00136308      0.0012978
0.305  2.641  0.869  66.8   0.0105679        0.00107846      0.000709911
0.305  2.644  0.869  82     0.00851083       0.0012254       0.00106901
0.305  2.647  0.868  97.1   0.00398784       0.000953714     0.00072865
0.305  2.65   0.868  112.2  0.00148632       0.000455065     0.000182705
0.305  2.65   0.868  247.8  0.00975541       0.00459119      0.000929465
0.305  2.647  0.868  262.9  0.00306004       0.000592747     0.000625054
0.305  2.644  0.869  278    0.00657          0.00068632      0.000520133
0.305  2.641  0.869  293.2  0.00938026       0.000919654     0.000979
0.305  2.636  0.869  308.3  0.0234661        0.00191467      0.00166851
0.305  2.629  0.869  323.5  0.0312715        0.0019093       0.00846876
0.304  2.612  1.533  7.9    0.018206         0.00180535      0.00114991
0.305  2.604  1.381  21.9   0.00991155       0.000768513     0.000653579
0.305  2.617  1.381  36.6   0.00786439       0.000797769     0.000535949
0.305  2.628  1.389  51.7   0.00385032       0.000407674     0.000465086
0.304  2.635  1.39   66.8   0.00428404       0.000704558     0.000251541
0.304  2.64   1.39   81.9   0.00134158       0.000408172     0.000379417
0.305  2.645  1.389  97     0.00156368       0.000971785     0.000282965
0.304  2.649  1.39   112.2  0.000391987      0.000354254     0.0000228566
0.305  2.652  1.386  172.2  0.00266293       0.00204408      0.000155274
0.304  2.656  1.388  217.4  0.00174737       0.00139129      0.000101888
0.305  2.645  1.389  263    0.000756004      0.000568409     0.000207276
0.304  2.64   1.39   278.1  0.00147416       0.000358126     0.000230267
0.304  2.635  1.39   293.2  0.00240991       0.000420645     0.000232741
0.305  2.628  1.389  308.3  0.00481984       0.000715028     0.000507647
0.305  2.617  1.381  323.4  0.00715686       0.00065077      0.000459802
0.305  2.604  1.381  338.1  0.00999232       0.000645227     0.000730611
0.304  2.612  1.533  352.1  0.0142697        0.00102622      0.000878528
0.324  2.23   0.127  52.4   0.0367393        0.0307486       0.00214225
0.333  2.285  0.159  7.5    0.102563         0.0121551       0.00743703
0.333  2.286  0.158  22.4   0.113309         0.0152844       0.0193963
0.333  2.286  0.158  37.4   0.088301         0.0100949       0.0111982
0.333  2.287  0.158  52.3   0.0669427        0.0071434       0.00556216
0.333  2.288  0.157  67.3   0.0902839        0.0123686       0.0160662
0.333  2.29   0.157  82.3   0.0292922        0.00711998      0.00849626
0.333  2.291  0.156  97.3   0.0422797        0.0130766       0.0124076
0.333  2.291  0.156  262.7  0.0528492        0.0140438       0.0030856
0.333  2.29   0.157  277.7  0.0346419        0.0107344       0.00282646
0.333  2.288  0.157  292.7  0.104206         0.0235666       0.0239706
0.333  2.287  0.158  307.7  0.076226         0.00995076      0.00953266
0.333  2.286  0.158  322.6  0.0825934        0.00811753      0.0100371
0.333  2.286  0.158  337.6  0.11188          0.00995963      0.00748112
0.333  2.285  0.159  352.5  0.117003         0.0123711       0.0103325
0.334  2.293  0.205  7.4    0.154741         0.0116751       0.0131406
0.334  2.294  0.205  22.3   0.125455         0.0112998       0.0136401
0.334  2.295  0.205  37.3   0.10157          0.00768786      0.00632982
0.334  2.295  0.204  52.2   0.103516         0.00823508      0.00734534
0.334  2.297  0.204  67.2   0.0588155        0.0054531       0.00409268
0.334  2.298  0.204  82.2   0.0681623        0.00957589      0.00429996
0.335  2.299  0.204  97.2   0.042729         0.00734764      0.00878327
0.335  2.3    0.203  112.3  0.0441861        0.0117535       0.012573
0.335  2.302  0.203  127.3  0.104661         0.0483241       0.00610274
0.335  2.302  0.203  232.7  0.125122         0.100892        0.00744361
0.335  2.3    0.203  247.7  0.0513097        0.0102294       0.00312072
0.335  2.299  0.204  262.8  0.0450537        0.00644047      0.00796207
0.334  2.298  0.204  277.8  0.111274         0.0180467       0.00717995
0.334  2.297  0.204  292.8  0.0644442        0.00788389      0.00569248
0.334  2.295  0.204  307.8  0.117705         0.0120631       0.00739358
0.334  2.295  0.205  322.7  0.110951         0.00838583      0.00672992
0.334  2.294  0.205  337.7  0.146996         0.0097823       0.00926705
0.334  2.293  0.205  352.6  0.154205         0.0101639       0.00917473
0.334  2.294  0.265  7.4    0.159658         0.00947149      0.0093961
0.334  2.295  0.265  22.3   0.134909         0.00968565      0.0115273
0.334  2.295  0.264  37.2   0.11348          0.00783074      0.00731134
0.334  2.296  0.264  52.1   0.0893448        0.00652458      0.00580236
0.334  2.297  0.263  67.1   0.0682105        0.00595093      0.00451059
0.335  2.298  0.263  82.2   0.0331728        0.0041648       0.0031817
0.335  2.3    0.262  97.2   0.0276225        0.00500189      0.00676324
0.335  2.301  0.262  112.2  0.0289165        0.00693537      0.00370328
0.335  2.302  0.262  127.3  0.0319969        0.0114354       0.00186572
0.335  2.302  0.262  232.7  0.0107175        0.00567995      0.000895714
0.335  2.3    0.262  262.8  0.0318201        0.00524633      0.00379648
0.335  2.298  0.263  277.8  0.053998         0.00695134      0.00527198
0.334  2.297  0.263  292.9  0.0704453        0.00735998      0.0169466
0.334  2.296  0.264  307.9  0.0737219        0.00626397      0.00625883
0.334  2.295  0.264  322.8  0.0947321        0.00554817      0.00612054
0.334  2.295  0.265  337.7  0.13581          0.00704871      0.00836032
0.334  2.294  0.265  352.6  0.158608         0.00812411      0.00962262
0.334  2.295  0.345  7.4    0.110551         0.00806389      0.00719554
0.334  2.295  0.344  22.1   0.132784         0.00852145      0.0088953
0.334  2.295  0.343  37     0.0875667        0.00538208      0.00538139
0.334  2.296  0.343  52     0.0745279        0.00515767      0.00492996
0.334  2.297  0.342  67     0.0508206        0.00461337      0.00320969
0.335  2.299  0.341  82.1   0.0473609        0.00709418      0.00509496
0.335  2.301  0.341  247.8  0.0202631        0.0146327       0.00273968
0.335  2.3    0.341  262.9  0.036373         0.00683666      0.00505732
0.335  2.299  0.341  277.9  0.0445472        0.00661054      0.00634538
0.334  2.297  0.342  293    0.0630225        0.00632579      0.00446955
0.334  2.296  0.343  308    0.0622651        0.00587708      0.00814858
0.334  2.295  0.343  323    0.10246          0.00666623      0.00654107
0.334  2.295  0.344  337.9  0.125882         0.00597823      0.0075639
0.334  2.295  0.345  352.6  0.106567         0.0065059       0.00669819
0.334  2.295  0.456  7.3    0.136767         0.00568529      0.00854858
0.334  2.295  0.454  21.9   0.118903         0.00627843      0.0076131
0.334  2.295  0.452  36.9   0.0667826        0.00454033      0.00398595
0.334  2.296  0.45   51.9   0.0482533        0.00335175      0.00295603
0.335  2.297  0.449  67     0.0302966        0.00274071      0.00230778
0.335  2.298  0.448  82     0.0166922        0.00314337      0.00338028
0.335  2.3    0.448  97.1   0.0172986        0.00632542      0.00100867
0.335  2.3    0.448  262.9  0.0181606        0.00543668      0.0128723
0.335  2.298  0.448  278    0.0279571        0.00387428      0.00252578
0.335  2.297  0.449  293    0.0323543        0.00371653      0.003521
0.334  2.296  0.45   308.1  0.049939         0.00411205      0.00393782
0.334  2.295  0.452  323.1  0.0644773        0.00454955      0.00447852
0.334  2.295  0.454  338.1  0.110616         0.00443228      0.00671848
0.334  2.295  0.456  352.7  0.172966         0.00634681      0.0105515
0.335  2.254  0.605  7.8    0.170778         0.0100934       0.0104068
0.334  2.291  0.617  21.6   0.0821578        0.00397497      0.006286
0.334  2.293  0.612  36.6   0.0489706        0.00301547      0.00302491
0.335  2.294  0.609  51.8   0.0285896        0.00212037      0.00314011
0.335  2.296  0.608  66.9   0.0246442        0.00253967      0.0018453
0.335  2.298  0.607  82     0.0220758        0.00466928      0.00132967
0.335  2.302  0.605  127.2  0.0342197        0.0259979       0.0135069
0.335  2.303  0.605  142.3  0.0504988        0.0373057       0.00358168
0.335  2.303  0.605  157.4  0.0135294        0.00756566      0.00214671
0.335  2.303  0.605  172.5  0.0105385        0.00379526      0.000927039
0.335  2.303  0.605  187.5  0.00531212       0.00328032      0.00953304
0.335  2.303  0.605  202.6  0.0514092        0.0377546       0.00403279
0.335  2.303  0.605  217.7  0.0131746        0.0051963       0.00494228
0.335  2.302  0.605  232.8  0.0135832        0.0114465       0.000792031
0.335  2.298  0.607  278    0.0137312        0.00270758      0.00132656
0.335  2.296  0.608  293.1  0.0180862        0.00222253      0.00173428
0.335  2.294  0.609  308.2  0.0307413        0.00288276      0.00572461
0.334  2.293  0.612  323.4  0.0500644        0.00324484      0.00355871
0.334  2.291  0.617  338.4  0.0784876        0.0030081       0.00551982
0.335  2.254  0.605  352.2  0.15608          0.00772865      1.43436
0.335  2.264  0.883  22     0.0570589        0.00337349      0.00359307
0.335  2.289  0.881  36.4   0.0265644        0.00186026      0.001612
0.335  2.292  0.876  51.6   0.0104583        0.000967734     0.000767778
0.335  2.295  0.873  66.8   0.00844724       0.00104214      0.000612919
0.335  2.297  0.871  81.9   0.00366173       0.00165972      0.000542654
0.334  2.301  0.868  127.1  0.00205411       0.00156908      0.00452666
0.335  2.304  0.869  142.4  0.0294568        0.0214511       0.00176847
0.335  2.302  0.867  157.3  0.00309455       0.00114438      0.00344481
0.335  2.304  0.868  172.5  0.0144318        0.00737999      0.000888087
0.335  2.304  0.868  187.5  0.00308272       0.00170559      0.00137106
0.335  2.302  0.867  202.7  0.00540477       0.00196724      0.00438204
0.335  2.304  0.869  217.6  0.0220613        0.0115896       0.0136961
0.335  2.301  0.869  247.9  0.0117806        0.00906421      0.00273166
0.335  2.297  0.871  278.1  0.00717326       0.00254667      0.000574506
0.335  2.295  0.873  293.2  0.0102849        0.00180352      0.000821736
0.335  2.289  0.881  323.6  0.0261298        0.00168287      0.00162434
0.335  2.264  0.883  338    0.055956         0.00263973      0.329337
0.334  2.236  1.662  8.4    0.0180888        0.00238397      0.00106641
0.335  2.269  1.401  21.2   0.0155641        0.00111336      0.00109547
0.335  2.284  1.404  36.3   0.00949234       0.000976773     0.000581515
0.335  2.29   1.403  51.5   0.00402524       0.000607277     0.00050086
0.335  2.295  1.4    66.7   0.00116862       0.000797347     0.000612067
0.336  2.299  1.397  81.9   0.00203489       0.00124921      0.00183919
0.335  2.295  1.387  126.8  0.00196714       0.00144785      0.000825838
0.333  2.298  1.39   142.2  0.00241312       0.00114323      0.00127562
0.331  2.298  1.387  157.1  0.00325873       0.00174623      0.000206117
0.333  2.298  1.39   217.8  0.00106555       0.000742679     0.000662152
0.336  2.306  1.393  247.7  0.00465857       0.00230105      0.000659729
0.335  2.299  1.392  263.1  0.0119128        0.00622278      0.000868999
0.336  2.299  1.397  278.1  0.00202671       0.00124467      0.000344846
0.335  2.295  1.4    293.3  0.00615758       0.00290427      0.000367906
0.335  2.29   1.403  308.5  0.00299302       0.00054856      0.000428149
0.335  2.284  1.404  323.7  0.00865303       0.000898003     0.000663825
0.335  2.269  1.401  338.8  0.0164309        0.000925642     0.001108
0.334  2.236  1.662  351.6  0.0212778        0.00187304      0.00201423
0.332  2.843  0.159  7.5    0.15231          0.0161413       0.0174382
0.332  2.843  0.159  22.4   0.145911         0.0165042       0.0290911
0.332  2.843  0.159  37.4   0.10512          0.0106059       0.00709038
0.332  2.843  0.158  52.3   0.1261           0.0154856       0.0101787
0.333  2.844  0.158  67.3   0.0872528        0.01104         0.00560625
0.333  2.845  0.158  82.3   0.0848734        0.0152061       0.00544236
0.333  2.846  0.157  97.3   0.0798367        0.0209875       0.045598
0.333  2.846  0.157  262.7  0.222971         0.0534609       0.0132237
0.333  2.845  0.158  277.7  0.0511496        0.00874551      0.00573839
0.333  2.844  0.158  292.7  0.149619         0.0263935       0.0100347
0.332  2.843  0.158  307.7  0.148167         0.0203368       0.0284479
0.332  2.843  0.159  322.6  0.121318         0.0112924       0.0122084
0.332  2.843  0.159  337.6  0.180725         0.0153734       0.0111724
0.332  2.843  0.159  352.5  0.137916         0.0128364       0.0101965
0.334  2.86   0.205  7.4    0.172497         0.0107842       0.0106113
0.334  2.859  0.205  22.3   0.185933         0.0126771       0.0116589
0.334  2.858  0.205  37.3   0.163687         0.0100252       0.010545
0.334  2.858  0.205  52.2   0.127122         0.00847788      0.00849216
0.334  2.857  0.204  67.2   0.118667         0.0103473       0.00716518
0.334  2.858  0.204  82.2   0.0899042        0.00960713      0.018858
0.335  2.858  0.204  97.3   0.0372844        0.00390257      0.00507396
0.335  2.859  0.203  112.3  0.0505604        0.00521199      0.00441709
0.335  2.861  0.203  127.3  0.0613389        0.0102573       0.00394989
0.335  2.862  0.203  142.4  0.0368023        0.0101846       0.00408725
0.335  2.862  0.203  217.6  0.0611715        0.013721        0.00464705
0.335  2.861  0.203  232.7  0.0479213        0.00889621      0.003245
0.335  2.859  0.203  247.7  0.0713717        0.0100731       0.0155655
0.335  2.858  0.204  262.7  0.0734725        0.00653219      0.00576483
0.334  2.858  0.204  277.8  0.0710881        0.00676809      0.00672989
0.334  2.857  0.204  292.8  0.0966958        0.00973412      0.00651575
0.334  2.858  0.205  307.8  0.116655         0.00887412      0.00759423
0.334  2.858  0.205  322.7  0.146883         0.00872946      0.00895162
0.334  2.859  0.205  337.7  0.165326         0.0089835       0.0101736
0.334  2.86   0.205  352.6  0.234149         0.0133655       0.0140475
0.334  2.841  0.264  7.5    0.289071         0.0133701       0.0180846
0.334  2.857  0.264  22.3   0.190125         0.0156232       0.0137694
0.334  2.861  0.264  37.1   0.154017         0.00804489      0.00952115
0.334  2.859  0.264  52.1   0.105575         0.00575976      0.00666665
0.334  2.857  0.263  67.1   0.0878782        0.006421        0.00810709
0.335  2.857  0.263  82.2   0.068883         0.00721255      0.00516335
0.335  2.858  0.262  97.2   0.0398272        0.00433917      0.0026949
0.335  2.859  0.262  112.3  0.0371286        0.00329037      0.00256933
0.335  2.86   0.262  127.3  0.026656         0.00260303      0.00200325
0.335  2.861  0.262  142.4  0.0298246        0.00448966      0.00775706
0.335  2.861  0.262  157.4  0.0248852        0.00440188      0.00154907
0.335  2.862  0.262  172.5  0.0211519        0.00386866      0.00250325
0.335  2.862  0.262  187.5  0.0225243        0.0051419       0.00256625
0.335  2.861  0.262  202.6  0.0271087        0.00434995      0.00472528
0.335  2.861  0.262  217.6  0.0460569        0.00549978      0.00454657
0.335  2.86   0.262  232.7  0.0440332        0.00575927      0.00289238
0.335  2.859  0.262  247.7  0.0543766        0.00592818      0.0048585
0.335  2.858  0.262  262.8  0.0347292        0.00385038      0.00299358
0.335  2.857  0.263  277.8  0.0615957        0.00549411      0.00425558
0.334  2.857  0.263  292.9  0.104062         0.00907794      0.00765793
0.334  2.859  0.264  307.9  0.120021         0.0082207       0.00784789
0.334  2.861  0.264  322.9  0.163072         0.00824653      0.0107061
0.334  2.857  0.264  337.7  0.130642         0.0078836       0.00884218
0.334  2.841  0.264  352.5  0.273535         0.0114466       0.0178811
0.335  2.764  0.342  7.5    0.269223         0.0146152       0.0199439
0.335  2.822  0.342  22.5   0.181607         0.0100665       0.0111315
0.334  2.86   0.343  37     0.125824         0.00624547      0.00745411
0.334  2.858  0.342  52     0.0854025        0.00485894      0.00518501
0.335  2.856  0.342  67     0.0519845        0.00364802      0.00354938
0.335  2.856  0.341  82.1   0.0374095        0.00412607      0.00275957
0.335  2.857  0.341  97.2   0.0251581        0.00321008      0.00229277
0.335  2.858  0.341  112.2  0.0220922        0.00260566      0.00192968
0.335  2.859  0.341  127.3  0.0237199        0.00292324      0.00195864
0.335  2.86   0.341  142.3  0.0134409        0.00249385      0.00223029
0.335  2.861  0.341  172.5  0.014015         0.00257762      0.00269792
0.335  2.861  0.341  187.5  0.0133153        0.00306361      0.00164877
0.335  2.86   0.341  202.6  0.0191849        0.00261236      0.00135421
0.335  2.86   0.341  217.7  0.0135276        0.0017388       0.00103289
0.335  2.859  0.341  232.7  0.0193409        0.00249808      0.00220459
0.335  2.858  0.341  247.8  0.0329667        0.00455872      0.00389526
0.335  2.857  0.341  262.8  0.0408952        0.00465017      0.00268104
0.335  2.856  0.341  277.9  0.0460492        0.00406621      0.00329548
0.335  2.856  0.342  293    0.0529654        0.00406454      0.00695448
0.334  2.858  0.342  308    0.109645         0.00720075      0.00724011
0.334  2.86   0.343  323    0.107385         0.00501175      0.00720903
0.335  2.764  0.342  352.5  0.248618         0.0123362       0.0204452
0.335  2.755  0.448  22.8   0.146123         0.00936281      0.00989022
0.335  2.851  0.45   37     0.112321         0.00595106      0.00675121
0.334  2.855  0.449  51.9   0.0615475        0.00360524      0.00398426
0.335  2.854  0.449  67     0.0336286        0.00244553      0.00251572
0.335  2.854  0.448  82.1   0.0294393        0.00313156      0.0017699
0.335  2.855  0.448  97.1   0.0173546        0.00230381      0.00145372
0.335  2.856  0.448  112.2  0.0168319        0.00248817      0.00165673
0.335  2.858  0.447  127.3  0.0143478        0.00256201      0.000895614
0.335  2.858  0.447  142.3  0.00931476       0.00197897      0.000818988
0.335  2.86   0.447  157.4  0.00388051       0.00165865      0.000862292
0.335  2.859  0.447  172.5  0.00725283       0.00226908      0.000441643
0.335  2.859  0.447  187.5  0.00618995       0.0017291       0.00143582
0.335  2.86   0.447  202.6  0.00770708       0.0015591       0.00124638
0.335  2.858  0.447  217.7  0.00800087       0.00152312      0.000600708
0.335  2.858  0.447  232.7  0.00616532       0.001056        0.000945608
0.335  2.856  0.448  247.8  0.0162583        0.00321468      0.00166744
0.335  2.855  0.448  262.9  0.0206823        0.00254594      0.00215517
0.335  2.854  0.448  277.9  0.0255055        0.00222607      0.00233418
0.335  2.854  0.449  293    0.0382216        0.00300751      0.00287115
0.334  2.855  0.449  308.1  0.065072         0.00434332      0.00461623
0.335  2.851  0.45   323    0.104673         0.0052967       0.0075534
0.335  2.755  0.448  337.2  0.167335         0.00849691      0.011143
0.335  2.842  0.611  36.8   0.0645244        0.00354203      0.00396786
0.335  2.849  0.608  51.8   0.0339432        0.00221822      0.00228477
0.335  2.85   0.607  66.9   0.0218212        0.00171799      0.00169201
0.335  2.851  0.606  82     0.0129331        0.00152924      0.00154457
0.335  2.853  0.605  97.1   0.0135098        0.00202029      0.00139534
0.335  2.857  0.605  127.3  0.00709648       0.00168004      0.000623342
0.335  2.858  0.605  142.3  0.00279005       0.00119024      0.00292197
0.335  2.859  0.605  157.4  0.00400488       0.00286351      0.000701206
0.335  2.858  0.604  172.4  0.00338426       0.00141172      0.000569521
0.335  2.858  0.604  187.6  0.0031991        0.00194894      0.000351889
0.335  2.859  0.605  202.6  0.00260423       0.00114883      0.000379755
0.335  2.858  0.605  217.7  0.00324149       0.00105752      0.000639327
0.335  2.857  0.605  232.7  0.00341811       0.0010823       0.000567832
0.335  2.855  0.605  247.8  0.0080532        0.00222219      0.00233196
0.335  2.853  0.605  262.9  0.0129016        0.00185706      0.00096514
0.335  2.851  0.606  278    0.0130553        0.001324        0.000985886
0.335  2.85   0.607  293.1  0.0192048        0.00153427      0.00165996
0.335  2.849  0.608  308.2  0.0281648        0.00203885      0.00260417
0.335  2.842  0.611  323.2  0.0608318        0.0034066       0.00423841
0.335  2.835  0.873  36.5   0.0297611        0.0018432       0.00189154
0.335  2.841  0.872  51.7   0.0126418        0.000904725     0.000996209
0.335  2.844  0.87   66.8   0.00942483       0.000968346     0.000734413
0.335  2.848  0.87   82     0.010312         0.00163361      0.000864025
0.335  2.851  0.869  97.1   0.00556737       0.00198876      0.000482285
0.335  2.857  0.868  217.6  0.000738829      0.000345677     0.000255888
0.335  2.853  0.868  247.9  0.00635651       0.00299736      0.00265438
0.335  2.851  0.869  262.9  0.0079376        0.00204773      0.000657182
0.335  2.848  0.87   278    0.0056026        0.000723567     0.000443256
0.335  2.844  0.87   293.2  0.00800567       0.000828583     0.000616187
0.335  2.841  0.872  308.3  0.0126107        0.00101174      0.00099818
0.335  2.835  0.873  323.5  0.0264638        0.00161416      0.00281679
0.334  2.805  1.646  7.9    0.0136898        0.00156121      0.000980939
0.335  2.802  1.408  22.4   0.0124151        0.00105017      0.000749467
0.335  2.818  1.385  36.5   0.00496414       0.000523815     0.000338935
0.335  2.83   1.392  51.7   0.00301808       0.000406631     0.000269374
0.335  2.839  1.393  66.8   0.00216746       0.000396092     0.000309906
0.335  2.843  1.392  81.9   0.00161299       0.000862773     0.000163185
0.337  2.855  1.39   172.2  0.000802323      0.000661654     0.000351915
0.337  2.855  1.39   187.8  0.000363364      0.000329544     0.000032209
0.334  2.844  1.389  263.1  0.00147085       0.000897469     0.000544838
0.335  2.843  1.392  278.1  0.00310607       0.0012771       0.000253374
0.335  2.839  1.393  293.2  0.00143099       0.000260766     0.000197801
0.335  2.818  1.385  323.5  0.00707077       0.000663368     0.000536451
0.335  2.802  1.408  337.6  0.00967423       0.000658057     0.00071337
0.334  2.805  1.646  352.1  0.0173115        0.00194746      0.00143231
0.359  2.386  0.17   7.5    0.121151         0.0411915       0.107888
0.359  2.387  0.17   22.5   0.0352515        0.0341452       0.00308804
0.359  2.387  0.169  37.4   0.0281011        0.0151533       0.00485636
0.359  2.389  0.169  67.4   0.0136818        0.0100033       0.000797778
0.359  2.39   0.169  82.4   0.0153985        0.0119637       0.000897877
0.359  2.389  0.169  292.6  0.073375         0.0335755       0.00729389
0.359  2.387  0.169  322.6  0.0482182        0.0133367       0.00702396
0.359  2.387  0.17   337.5  0.121681         0.034461        0.0103063
0.359  2.386  0.17   352.5  0.0660045        0.0201645       0.00538044
0.364  2.416  0.206  7.5    0.11605          0.0152555       0.0214821
0.364  2.416  0.206  22.4   0.0550456        0.00626371      0.0134945
0.364  2.417  0.205  37.3   0.0916904        0.0113059       0.00600138
0.364  2.419  0.205  52.3   0.0502594        0.00696995      0.00399036
0.364  2.42   0.205  67.3   0.0484186        0.00686619      0.00562824
0.364  2.422  0.204  82.3   0.0676342        0.0126349       0.00468484
0.365  2.423  0.204  97.3   0.0453165        0.0138605       0.00264238
0.365  2.425  0.203  247.7  0.0210413        0.013583        0.00167262
0.365  2.423  0.204  262.7  0.0531468        0.0120941       0.0150325
0.364  2.422  0.204  277.7  0.0270351        0.00605971      0.00652078
0.364  2.42   0.205  292.7  0.0535615        0.0103322       0.0532584
0.364  2.419  0.205  307.7  0.0462248        0.00661756      0.00977579
0.364  2.417  0.205  322.7  0.0622438        0.00657178      0.00389812
0.364  2.416  0.206  337.6  0.0842696        0.00799765      0.00569002
0.364  2.416  0.206  352.5  0.0841277        0.00831274      0.0062193
0.364  2.418  0.265  7.4    0.0927817        0.0072283       0.00840204
0.364  2.418  0.265  22.3   0.111026         0.0102457       0.0123229
0.364  2.419  0.264  37.2   0.0561953        0.0047286       0.00431771
0.364  2.42   0.264  52.2   0.0565052        0.00479713      0.00397382
0.364  2.422  0.263  67.2   0.0477145        0.00543279      0.00311005
0.365  2.425  0.263  97.2   0.036561         0.0115496       0.00360948
0.365  2.425  0.263  262.8  0.0146982        0.00342512      0.00361905
0.365  2.423  0.263  277.8  0.0750254        0.0210089       0.00516859
0.364  2.422  0.263  292.8  0.0455046        0.00738192      0.00420225
0.364  2.42   0.264  307.8  0.0815877        0.00961819      0.0112635
0.364  2.419  0.264  322.8  0.0577709        0.00410654      0.00392888
0.364  2.418  0.265  337.7  0.0930062        0.00666755      0.00556932
0.364  2.418  0.265  352.6  0.0939474        0.00635571      0.00587262
0.364  2.418  0.345  7.4    0.0738496        0.00486668      0.00462881
0.364  2.419  0.344  22.2   0.0666484        0.00531028      0.00476997
0.364  2.419  0.343  37.1   0.0624542        0.00512026      0.0038599
0.364  2.421  0.343  52.1   0.0461934        0.00406236      0.00300525
0.364  2.422  0.342  67.1   0.0287696        0.0029007       0.0028918
0.365  2.423  0.342  82.1   0.0193444        0.0038447       0.00369955
0.365  2.425  0.341  97.2   0.00558528       0.00333527      0.0117282
0.365  2.425  0.341  262.8  0.0149288        0.00588712      0.00118137
0.365  2.423  0.342  277.9  0.0299899        0.00712568      0.00460115
0.364  2.422  0.342  292.9  0.0479041        0.00632031      0.00640936
0.364  2.421  0.343  307.9  0.0736209        0.00795967      0.00678752
0.364  2.419  0.343  322.9  0.0722232        0.00529907      0.00499697
0.364  2.419  0.344  337.8  0.0889342        0.00526861      0.00555692
0.364  2.418  0.345  352.6  0.0953264        0.00532912      0.00571085
0.364  2.418  0.455  7.3    0.0937782        0.00485252      0.0072749
0.364  2.418  0.454  22.1   0.0736333        0.00472904      0.00445545
0.364  2.419  0.452  37     0.0422879        0.00321326      0.0026274
0.364  2.42   0.45   52     0.0377181        0.00328109      0.00358191
0.365  2.422  0.449  67     0.0245173        0.00281475      0.00198854
0.365  2.423  0.449  82.1   0.0108649        0.00218302      0.00238441
0.365  2.425  0.448  97.1   0.00657685       0.00585238      0.00585223
0.365  2.428  0.447  142.3  0.0279347        0.0219843       0.00162886
0.365  2.428  0.447  217.7  0.00903963       0.00585175      0.000527096
0.365  2.423  0.449  277.9  0.019625         0.00333011      0.00355171
0.365  2.422  0.449  293    0.0269499        0.00343047      0.0028826
0.364  2.42   0.45   308    0.0416726        0.00430447      0.00275806
0.364  2.419  0.452  323    0.0643368        0.00460058      0.00387439
0.364  2.418  0.454  337.9  0.0711211        0.00364836      0.00509474
0.364  2.418  0.455  352.7  0.0899285        0.00389009      0.00540392
0.364  2.413  0.621  7.2    0.0779132        0.00340472      0.00564611
0.364  2.417  0.618  21.8   0.0688738        0.00389033      0.00434006
0.364  2.417  0.613  36.7   0.0285686        0.00221066      0.001996
0.365  2.419  0.61   51.8   0.024866         0.0021982       0.00152671
0.365  2.421  0.608  66.9   0.0141482        0.00152407      0.00145425
0.365  2.423  0.607  82     0.00841656       0.00233433      0.000490766
0.365  2.427  0.605  127.2  0.0449447        0.0336628       0.0103794
0.365  2.428  0.605  142.3  0.0423114        0.0316305       0.00579365
0.365  2.429  0.605  157.4  0.0217486        0.0167111       0.00230734
0.365  2.428  0.605  172.4  0.00366222       0.0016659       0.000612426
0.365  2.428  0.605  187.6  0.00164136       0.00142446      0.00128501
0.365  2.429  0.605  202.6  0.00325957       0.00122651      0.000763834
0.365  2.428  0.605  217.7  0.00626344       0.00339272      0.00261598
0.365  2.427  0.605  232.8  0.00599226       0.00516227      0.00310215
0.365  2.423  0.607  278    0.00806368       0.00208703      0.00131359
0.365  2.421  0.608  293.1  0.0127067        0.00157286      0.00187949
0.365  2.419  0.61   308.2  0.0266494        0.00286354      0.00222449
0.364  2.417  0.613  323.3  0.0305926        0.00210338      0.00223975
0.364  2.417  0.618  338.2  0.0551426        0.00242953      0.00337308
0.364  2.413  0.621  352.8  0.0987788        0.00391755      0.00960717
0.364  2.404  0.895  21.4   0.0439811        0.00255162      0.00284238
0.365  2.414  0.885  36.4   0.0209025        0.00173377      0.00156253
0.365  2.417  0.878  51.6   0.0140892        0.00135426      0.00100599
0.365  2.42   0.874  66.8   0.0080375        0.00125126      0.000607306
0.365  2.425  0.871  97     0.00665512       0.00561307      0.00122955
0.365  2.426  0.869  127.2  0.00787953       0.00287957      0.00132483
0.365  2.429  0.869  142.3  0.0112339        0.00479248      0.00128603
0.365  2.429  0.867  157.4  0.00118492       0.000598463     0.00142256
0.366  2.428  0.868  172.4  0.00992912       0.007191        0.00123265
0.365  2.429  0.867  202.6  0.00766333       0.0032321       0.00426076
0.365  2.429  0.869  217.7  0.0242844        0.0181178       0.00239897
0.365  2.426  0.869  232.8  0.0147111        0.011024        0.000857795
0.365  2.427  0.869  247.8  0.0120303        0.00904883      0.000701484
0.365  2.42   0.874  293.2  0.00543161       0.00118346      0.0018909
0.365  2.417  0.878  308.4  0.011281         0.00144414      0.00116387
0.365  2.414  0.885  323.6  0.0188441        0.00131983      0.00125996
0.364  2.404  0.895  338.6  0.0420771        0.00189796      0.00385608
0.365  2.39   1.413  21.1   0.0142536        0.000922408     0.000863374
0.365  2.407  1.413  36.2   0.00602503       0.000665934     0.000467997
0.365  2.414  1.409  51.5   0.0030421        0.00053274      0.000758834
0.365  2.418  1.404  66.7   0.00716478       0.00324587      0.00159363
0.364  2.419  1.399  81.8   0.00628135       0.004794        0.00177633
0.363  2.438  1.397  127.5  0.00844439       0.00611221      0.00100872
0.367  2.425  1.392  142.3  0.00530382       0.00270217      0.000323633
0.362  2.438  1.4    201.8  0.000881261      0.000495251     0.000251563
0.367  2.425  1.392  217.7  0.0036361        0.00146671      0.000453874
0.366  2.428  1.397  247.8  0.00314409       0.0010533       0.00062325
0.364  2.419  1.399  278.2  0.00585016       0.00311858      0.000771769
0.365  2.418  1.404  293.3  0.00268221       0.00176494      0.000309642
0.365  2.414  1.409  308.5  0.00361935       0.000674555     0.000742755
0.365  2.407  1.413  323.8  0.00624532       0.000657834     0.000576795
0.365  2.39   1.413  338.9  0.013887         0.000833985     0.000948669
0.358  2.998  0.171  7.5    0.105865         0.0287796       0.011777
0.358  2.998  0.171  22.5   0.101735         0.0533828       0.00718153
0.358  2.999  0.171  37.4   0.027318         0.018282        0.00713575
0.358  2.999  0.171  52.4   0.0799349        0.0286612       0.00716052
0.358  3      0.17   67.4   0.0554302        0.0485934       0.00323211
0.358  3      0.17   292.6  0.054155         0.0292711       0.00364311
0.358  2.999  0.171  307.6  0.664655         0.48699         0.0389811
0.358  2.998  0.171  337.5  0.12698          0.0364975       0.00850134
0.363  3.049  0.206  7.5    0.106121         0.00967946      0.010568
0.363  3.049  0.206  22.4   0.0733631        0.00720645      0.00519507
0.364  3.049  0.206  37.3   0.0637033        0.00570576      0.00447477
0.364  3.05   0.205  52.3   0.0640428        0.00577026      0.00415908
0.364  3.051  0.205  67.3   0.0575083        0.00561417      0.00373766
0.364  3.052  0.204  82.3   0.0801076        0.0132274       0.0070708
0.364  3.053  0.204  97.3   0.0447052        0.0120992       0.0103848
0.364  3.053  0.204  262.7  0.0619388        0.012132        0.00452868
0.364  3.052  0.204  277.7  0.0550282        0.00706879      0.00358186
0.364  3.05   0.205  307.7  0.067887         0.00692305      0.00502768
0.364  3.049  0.206  322.7  0.0840841        0.00693612      0.00689708
0.363  3.049  0.206  337.6  0.0936393        0.00674378      0.00741729
0.363  3.049  0.206  352.5  0.110533         0.00954673      0.00875908
0.364  3.059  0.265  7.4    0.116269         0.00744659      0.0075188
0.364  3.057  0.265  22.3   0.111541         0.00758883      0.00679435
0.364  3.055  0.264  37.2   0.0942425        0.00619224      0.00554701
0.364  3.054  0.264  52.2   0.0656328        0.00445332      0.00392701
0.364  3.053  0.263  67.2   0.0523187        0.00407309      0.00347767
0.365  3.054  0.263  82.2   0.0410116        0.0036639       0.00302392
0.365  3.054  0.263  97.2   0.0417018        0.00462455      0.00261763
0.365  3.055  0.262  112.3  0.0300631        0.00368253      0.00197663
0.365  3.057  0.262  127.3  0.0261877        0.00365851      0.00709624
0.365  3.058  0.262  217.6  0.0260033        0.00720285      0.00185988
0.365  3.057  0.262  232.7  0.0320963        0.00703853      0.00216666
0.365  3.055  0.262  247.7  0.0395166        0.00488682      0.00317778
0.365  3.054  0.263  262.8  0.0340699        0.00288371      0.00207707
0.365  3.054  0.263  277.8  0.0587737        0.0054334       0.00393195
0.364  3.053  0.263  292.8  0.0489163        0.00463827      0.00592083
0.364  3.054  0.264  307.8  0.086787         0.00819075      0.00582031
0.364  3.055  0.264  322.8  0.0796732        0.00482005      0.00509956
0.364  3.057  0.265  337.7  0.107985         0.00576829      0.00876011
0.364  3.059  0.265  352.6  0.154979         0.00958522      0.00927824
0.364  3.038  0.343  7.5    0.120453         0.00624184      0.00904346
0.364  3.057  0.344  22.3   0.114373         0.00697882      0.0102467
0.364  3.057  0.343  37.1   0.0674475        0.00435413      0.00510624
0.364  3.054  0.343  52.1   0.0584087        0.00387808      0.00354768
0.365  3.053  0.342  67.1   0.0343086        0.00281346      0.00375382
0.365  3.053  0.342  82.1   0.0350854        0.00436728      0.00240686
0.365  3.053  0.341  97.2   0.0227343        0.00253549      0.00177303
0.365  3.054  0.341  112.2  0.0204648        0.00206189      0.00169081
0.365  3.056  0.341  127.3  0.0237987        0.00304317      0.00282809
0.365  3.056  0.341  142.4  0.0184959        0.00357722      0.00402268
0.365  3.057  0.341  172.5  0.0249029        0.00819492      0.00245047
0.365  3.057  0.341  187.5  0.0124158        0.0039494       0.00195567
0.365  3.057  0.341  202.6  0.0137934        0.00291853      0.000817577
0.365  3.056  0.341  217.6  0.0175196        0.00291854      0.00221426
0.365  3.056  0.341  232.7  0.0145577        0.00208457      0.00133047
0.365  3.054  0.341  247.8  0.022971         0.00263702      0.00260077
0.365  3.053  0.341  262.8  0.0263705        0.00280067      0.00186147
0.365  3.053  0.342  277.9  0.0323379        0.00368661      0.00269199
0.365  3.053  0.342  292.9  0.0381944        0.00377753      0.00308836
0.364  3.054  0.343  307.9  0.0707127        0.00578457      0.0057939
0.364  3.057  0.343  322.9  0.080929         0.00517944      0.00509233
0.364  3.057  0.344  337.7  0.113653         0.00527865      0.00768466
0.364  3.038  0.343  352.5  0.127271         0.005988        0.00807925
0.365  2.944  0.449  7.6    0.145127         0.00851969      0.00988009
0.365  3.016  0.45   22.5   0.0986969        0.00568842      0.00658199
0.364  3.057  0.451  36.9   0.06232          0.00333187      0.00391737
0.364  3.052  0.45   51.9   0.0389686        0.00280179      0.00242796
0.365  3.051  0.449  67     0.0231117        0.00177502      0.00231546
0.365  3.051  0.448  82.1   0.0211991        0.00315522      0.0017868
0.365  3.052  0.448  97.1   0.0133745        0.00201766      0.000938394
0.365  3.053  0.448  112.2  0.0106228        0.00139369      0.000828893
0.365  3.054  0.448  127.3  0.0103355        0.00167275      0.000881273
0.365  3.055  0.447  142.3  0.0023938        0.000833451     0.000460831
0.365  3.056  0.447  157.4  0.00623503       0.00206536      0.000714596
0.365  3.056  0.447  172.5  0.00419259       0.00171777      0.000636363
0.365  3.056  0.447  187.5  0.00477748       0.0018638       0.000801574
0.365  3.056  0.447  202.6  0.0119143        0.00250646      0.000707497
0.365  3.054  0.448  232.7  0.00883431       0.00165567      0.00234477
0.365  3.053  0.448  247.8  0.0156558        0.0026493       0.00111338
0.365  3.052  0.448  262.9  0.0124718        0.00174142      0.00105515
0.365  3.051  0.448  277.9  0.0208523        0.0022665       0.00162656
0.365  3.051  0.449  293    0.0274224        0.00254326      0.00290163
0.364  3.052  0.45   308.1  0.0323432        0.00273373      0.00319303
0.364  3.057  0.451  323.1  0.0662559        0.00351487      0.00452825
0.365  3.016  0.45   337.5  0.100129         0.00458316      0.00643969
0.365  2.944  0.449  352.4  0.147105         0.00727971      0.0131508
0.365  2.94   0.608  22.9   0.0938459        0.00700368      0.00716351
0.365  3.048  0.611  36.7   0.042386         0.00249234      0.00316707
0.365  3.047  0.609  51.8   0.023828         0.00152165      0.00153905
0.365  3.047  0.607  66.9   0.0143735        0.00130211      0.001005
0.365  3.048  0.606  82     0.00673325       0.000913912     0.000839102
0.365  3.05   0.606  97.1   0.00675617       0.00151598      0.00126738
0.365  3.052  0.605  112.2  0.00411172       0.000722915     0.000443135
0.365  3.053  0.605  127.3  0.00758468       0.00197242      0.000692164
0.365  3.054  0.605  142.3  0.00910889       0.00422856      0.00278994
0.365  3.055  0.605  157.4  0.0182152        0.014079        0.00210984
0.365  3.056  0.605  172.5  0.00918136       0.00762723      0.000538665
0.365  3.054  0.605  217.7  0.00323337       0.000808761     0.000502155
0.365  3.053  0.605  232.7  0.00505999       0.00121576      0.00073761
0.365  3.052  0.605  247.8  0.00636576       0.00109443      0.000921006
0.365  3.05   0.606  262.9  0.00736078       0.0013257       0.000531423
0.365  3.048  0.606  278    0.0106078        0.00127584      0.0010569
0.365  3.047  0.607  293.1  0.0173218        0.00173887      0.00140085
0.365  3.047  0.609  308.2  0.0232904        0.00185174      0.00144957
0.365  3.048  0.611  323.3  0.0436764        0.00248214      0.00303604
0.365  2.94   0.608  337.1  0.0740831        0.00411306      0.0102826
0.365  3.036  0.877  36.5   0.0192726        0.00120418      0.00115677
0.365  3.038  0.874  51.7   0.00960921       0.000704437     0.000741701
0.365  3.041  0.872  66.9   0.00645169       0.000690726     0.000461128
0.365  3.043  0.87   82     0.00454311       0.000967346     0.000773098
0.365  3.048  0.869  97.1   0.00282071       0.000730601     0.000325195
0.365  3.049  0.868  112.2  0.000786707      0.000422298     0.000198545
0.365  3.052  0.868  217.7  0.00283723       0.00168393      0.000165741
0.365  3.049  0.868  247.8  0.00122853       0.000706553     0.000331437
0.365  3.048  0.869  262.9  0.00342529       0.000912834     1485.17
0.365  3.043  0.87   278    0.0038581        0.000664514     0.000353548
0.365  3.041  0.872  293.1  0.00734117       0.000953312     0.000617877
0.365  3.038  0.874  308.3  0.013116         0.00124981      0.00093193
0.365  3.036  0.877  323.5  0.0175322        0.00108639      0.00154199
0.365  2.979  1.441  22.7   0.00986164       0.00103621      0.00136191
0.365  3.012  1.391  36.4   0.00527904       0.000534252     0.000341559
0.365  3.025  1.398  51.7   0.00180206       0.000267898     0.000538879
0.365  3.033  1.397  66.8   0.00137849       0.000415633     0.0000840784
0.365  3.04   1.396  82     0.00196742       0.000777341     0.000276577
0.368  3.056  1.389  172.7  0.00135436       0.000704957     0.0000789723
0.365  3.04   1.396  278    0.00112794       0.000495619     0.000178333
0.365  3.033  1.397  293.2  0.00100447       0.000947576     0.000389545
0.365  3.025  1.398  308.3  0.00429981       0.000736872     0.000299799
0.365  3.012  1.391  323.6  0.00428685       0.000409102     0.000412365
0.365  2.979  1.441  337.3  0.0104246        0.000798024     0.00118548
0.392  2.514  0.213  7.5    0.0856595        0.0195295       0.00507382
0.392  2.515  0.213  22.4   0.0467172        0.0122763       0.0146409
0.392  2.516  0.213  37.4   0.0609549        0.0152942       0.0077954
0.392  2.517  0.213  52.4   0.0587652        0.0167617       0.012238
0.392  2.519  0.213  82.4   0.0307752        0.0157775       0.0234315
0.392  2.518  0.213  292.6  0.0614514        0.0233816       0.00928743
0.392  2.517  0.213  307.6  0.109071         0.0316779       0.00654119
0.392  2.516  0.213  322.6  0.0479183        0.00842572      0.0100061
0.392  2.515  0.213  337.6  0.0391242        0.00583606      0.00327204
0.392  2.514  0.213  352.5  0.0481362        0.00972175      0.00288181
0.398  2.548  0.266  7.5    0.0623799        0.00732366      0.00516047
0.398  2.55   0.265  37.3   0.0188224        0.00223572      0.00248495
0.399  2.552  0.264  52.3   0.0317148        0.00360778      0.0032796
0.399  2.554  0.264  67.3   0.028729         0.00393038      0.00203019
0.399  2.556  0.263  82.3   0.0160092        0.00300233      0.00217145
0.399  2.559  0.263  97.3   0.0304759        0.0164191       0.00177704
0.399  2.559  0.263  262.7  0.00890165       0.00346358      0.000998144
0.399  2.556  0.263  277.7  0.0226011        0.00564443      0.0107213
0.399  2.554  0.264  292.7  0.0280679        0.00502798      0.00198059
0.399  2.552  0.264  307.7  0.0250837        0.00337464      0.00224261
0.398  2.55   0.265  322.7  0.0368843        0.00366979      0.00313687
0.398  2.549  0.265  337.6  0.049327         0.00456826      0.00309083
0.398  2.548  0.266  352.5  0.039102         0.00337046      0.00267914
0.398  2.549  0.345  7.4    0.0509549        0.00379351      0.0030669
0.398  2.55   0.344  22.3   0.0438153        0.00394863      0.00308241
0.399  2.552  0.344  37.2   0.0450622        0.0043856       0.00276186
0.399  2.554  0.343  52.2   0.0276           0.00257739      0.00251482
0.399  2.556  0.342  67.2   0.0223789        0.00298521      0.00265473
0.399  2.558  0.342  82.2   0.0143157        0.0042953       0.00132857
0.399  2.56   0.341  97.2   0.00994982       0.00449636      0.000580169
0.399  2.56   0.341  262.8  0.00945481       0.00601756      0.00267679
0.399  2.558  0.342  277.8  0.0158883        0.00485473      0.00248625
0.399  2.556  0.342  292.8  0.0224492        0.00406172      0.00274033
0.399  2.554  0.343  307.8  0.0348692        0.00396217      0.00393741
0.398  2.55   0.344  337.7  0.0406899        0.00264109      0.00255837
0.398  2.549  0.345  352.6  0.0487007        0.0031166       0.00313732
0.398  2.549  0.455  7.4    0.0499663        0.00314916      0.00298589
0.398  2.55   0.454  22.2   0.0471059        0.00337316      0.00548253
0.399  2.551  0.452  37.1   0.0290117        0.00247982      0.00180011
0.399  2.554  0.451  52     0.023447         0.00216422      0.00195219
0.399  2.556  0.45   67.1   0.0149415        0.00195552      0.00533888
0.399  2.558  0.449  82.1   0.0518355        0.0276731       0.0030225
0.4    2.562  0.448  112.2  0.0120295        0.00758889      0.000701435
0.399  2.558  0.449  277.9  0.0675307        0.0355236       0.00402138
0.399  2.556  0.45   292.9  0.032983         0.00587249      0.00594984
0.399  2.554  0.451  308    0.0195712        0.00209506      0.0021592
0.399  2.551  0.452  322.9  0.035855         0.00254594      0.00212068
0.398  2.55   0.454  337.8  0.0389748        0.00217633      0.00233689
0.398  2.549  0.455  352.6  0.0511578        0.0029253       0.00309516
0.398  2.547  0.621  7.2    0.0509841        0.00221459      0.00318607
0.398  2.548  0.618  21.9   0.0348491        0.00217471      0.00241676
0.399  2.55   0.614  36.9   0.0174584        0.00137027      0.0011184
0.399  2.553  0.611  51.9   0.0172164        0.00153487      0.00126028
0.399  2.555  0.609  67     0.00875862       0.00117994      0.000851397
0.4    2.562  0.606  112.2  0.0136766        0.0109658       1814.95
0.4    2.563  0.606  127.3  0.00749726       0.00211971      0.000633043
0.4    2.562  0.606  247.8  0.0233311        0.0174582       0.00136043
0.399  2.555  0.609  293    0.0101457        0.00184703      0.00266357
0.399  2.553  0.611  308.1  0.0185196        0.00187883      0.00132453
0.399  2.55   0.614  323.1  0.0230299        0.00154446      0.00137572
0.398  2.548  0.618  338.1  0.0326787        0.00153403      0.00211621
0.398  2.547  0.621  352.8  0.0472593        0.00188885      0.00309888
0.4    2.511  0.873  7.9    0.0485215        0.0022966       0.00293314
0.399  2.542  0.903  21.4   0.0262208        0.00138946      0.00226233
0.399  2.547  0.888  36.5   0.0166755        0.00137211      0.00110492
0.399  2.551  0.88   51.7   0.00843501       0.000800941     0.000576925
0.399  2.554  0.876  66.8   0.00392856       0.000881403     0.00159652
0.4    2.56   0.869  112.1  0.0107375        0.00920724      0.00217224
0.4    2.563  0.87   127.3  0.0123643        0.00544037      0.0030013
0.4    2.565  0.869  142.4  0.0085347        0.00716288      0.000503282
0.4    2.566  0.869  202.6  0.00283409       0.00215156      0.00161848
0.4    2.565  0.869  217.6  0.0105226        0.0044101       0.00351616
0.4    2.563  0.87   232.7  0.0177307        0.00907951      0.00179021
0.399  2.554  0.876  293.2  0.00482744       0.00116855      0.000489335
0.399  2.551  0.88   308.3  0.00797684       0.000993945     0.00122565
0.399  2.547  0.888  323.5  0.0143322        0.00109732      0.00111632
0.399  2.542  0.903  338.6  0.0276152        0.00117445      0.00266326
0.4    2.511  0.873  352.1  0.0538866        0.00244704      0.00341881
0.4    2.528  1.433  20.9   0.01353          0.000879908     0.000804786
0.4    2.541  1.425  36.2   0.00554432       0.000606648     0.000594729
0.4    2.548  1.416  51.5   0.00244086       0.000459645     0.000588233
0.399  2.551  1.408  66.7   0.00274725       0.00239876      0.000160191
0.402  2.569  1.392  142.1  0.00489          0.0033912       0.000285134
0.402  2.569  1.392  217.9  0.00124812       0.000530015     0.00126883
0.402  2.567  1.402  247.5  0.00162557       0.000871554     0.000403727
0.399  2.551  1.408  293.3  0.00365665       0.00293123      0.000241273
0.4    2.548  1.416  308.5  0.00182966       0.000504098     0.000527191
0.4    2.541  1.425  323.8  0.00601526       0.000554297     0.000606901
0.4    2.528  1.433  339.1  0.0119044        0.000588063     0.00149646
0.39   3.203  0.215  22.4   0.0910879        0.0215216       0.026927
0.391  3.204  0.215  37.4   0.0660367        0.0126901       0.00425448
0.391  3.204  0.215  52.4   0.0653359        0.0142222       0.00401202
0.391  3.205  0.215  67.4   0.0386428        0.0116529       0.00881402
0.391  3.205  0.215  292.6  0.0198881        0.0107444       0.00204401
0.391  3.204  0.215  307.6  0.0478572        0.00945036      0.00387997
0.39   3.203  0.215  337.6  0.0833194        0.0121745       0.00497239
0.39   3.203  0.215  352.5  0.0778534        0.0129495       0.00459699
0.398  3.263  0.266  7.5    0.0590832        0.00417054      0.00393514
0.398  3.263  0.266  22.4   0.0527899        0.00428331      0.00361605
0.398  3.264  0.265  37.3   0.0510263        0.0039035       0.0030942
0.398  3.265  0.265  52.3   0.043981         0.00312189      0.00322083
0.399  3.266  0.264  67.3   0.0424732        0.00348932      0.003041
0.399  3.268  0.264  82.3   0.0518148        0.00551742      0.00398889
0.399  3.271  0.263  262.7  0.0230145        0.00303738      0.0682961
0.399  3.268  0.264  277.7  0.0336496        0.00363648      0.00388341
0.399  3.266  0.264  292.7  0.0445007        0.00417633      0.0045944
0.398  3.265  0.265  307.7  0.0514128        0.00416317      0.00309385
0.398  3.264  0.265  322.7  0.0528026        0.00358947      0.00332774
0.398  3.263  0.266  337.6  0.0475229        0.00289282      0.00333789
0.398  3.263  0.266  352.5  0.0498861        0.00324753      0.00304334
0.398  3.274  0.345  7.4    0.0727875        0.00515588      0.00437805
0.398  3.272  0.345  22.3   0.0628778        0.00449174      0.00388637
0.399  3.271  0.344  37.2   0.0433245        0.00296389      0.00293504
0.399  3.27   0.343  52.2   0.0347922        0.00261804      0.00224427
0.399  3.27   0.342  67.2   0.0288729        0.00203463      0.00210776
0.399  3.271  0.342  82.2   0.0266193        0.00229054      0.00235834
0.399  3.272  0.341  97.2   0.0274026        0.00344358      0.00449951
0.4    3.273  0.341  112.3  0.0153469        0.00200406      0.002337
0.4    3.275  0.341  232.7  0.0244831        0.00624312      0.00145166
0.4    3.273  0.341  247.7  0.0149808        0.00193354      0.00144323
0.399  3.272  0.341  262.8  0.015786         0.00131347      0.00121689
0.399  3.271  0.342  277.8  0.0248964        0.0021145       0.00196336
0.399  3.27   0.342  292.8  0.0218718        0.00182353      0.00418773
0.399  3.27   0.343  307.8  0.0381026        0.00307402      0.00409213
0.399  3.271  0.344  322.8  0.0428979        0.00275604      0.00266967
0.398  3.272  0.345  337.7  0.0668601        0.00381574      0.0040114
0.398  3.274  0.345  352.6  0.0642924        0.00400747      0.00388285
0.399  3.253  0.452  7.5    0.0633841        0.0030984       0.00399819
0.399  3.273  0.453  22.2   0.053979         0.00290499      0.0032307
0.399  3.272  0.452  37     0.0418108        0.00255668      0.00260749
0.399  3.269  0.45   52     0.0301924        0.00198056      0.00209664
0.399  3.269  0.449  67.1   0.0201805        0.00172461      0.00147308
0.399  3.269  0.449  82.1   0.0154301        0.00171836      0.00155531
0.4    3.27   0.448  97.2   0.010964         0.00138045      0.000846108
0.4    3.272  0.448  112.2  0.0107741        0.0014165       0.000788847
0.4    3.273  0.448  127.3  0.00533856       0.000784452     0.00064482
0.4    3.274  0.447  142.4  0.0126118        0.00449821      0.000753126
0.4    3.275  0.447  157.4  0.00988833       0.0047461       0.000691378
0.4    3.276  0.447  172.5  0.00100069       0.000785499     0.000856342
0.4    3.276  0.447  187.5  0.00995197       0.00479727      0.00225325
0.4    3.275  0.447  202.6  0.00860266       0.00425639      0.000526128
0.4    3.274  0.447  217.6  0.00629407       0.00128817      0.00151527
0.4    3.273  0.448  232.7  0.00501703       0.000853896     0.00119548
0.4    3.272  0.448  247.8  0.00753464       0.00125126      0.000675858
0.4    3.27   0.448  262.8  0.00976198       0.00096337      0.00090419
0.399  3.269  0.449  277.9  0.0148322        0.00146438      0.00108011
0.399  3.269  0.449  292.9  0.0182047        0.00181171      0.00194582
0.399  3.269  0.45   308    0.0341985        0.00290121      0.00220291
0.399  3.272  0.452  323    0.0379277        0.00205825      0.0025997
0.399  3.273  0.453  337.8  0.0553387        0.00233516      0.00358548
0.399  3.253  0.452  352.5  0.0674242        0.00283518      0.00416041
0.4    3.131  0.606  7.6    0.0630531        0.00347954      0.00391293
0.4    3.226  0.611  22.4   0.0570217        0.00326035      0.00343227
0.399  3.27   0.612  36.8   0.0308169        0.00176417      0.00189897
0.399  3.266  0.61   51.9   0.0181178        0.00122141      0.00121779
0.399  3.266  0.608  67     0.0146786        0.00127913      0.00104242
0.4    3.267  0.607  82.1   0.00826663       0.00107761      0.000841775
0.4    3.268  0.606  97.1   0.00642578       0.000983013     0.000792574
0.4    3.27   0.606  112.2  0.0070277        0.0013021       0.000614149
0.4    3.272  0.605  127.3  0.00174166       0.000504042     0.000388975
0.4    3.273  0.605  142.3  0.0021969        0.000880958     0.000348135
0.4    3.274  0.605  157.4  0.00243309       0.00100767      0.000730937
0.4    3.275  0.605  187.5  0.00313563       0.00132613      0.000279828
0.4    3.273  0.605  217.7  0.010873         0.00481387      0.000786304
0.4    3.272  0.605  232.7  0.00274156       0.000782228     0.000639419
0.4    3.27   0.606  247.8  0.00597863       0.00117071      0.000381542
0.4    3.268  0.606  262.9  0.00580045       0.000833379     0.000709908
0.4    3.267  0.607  277.9  0.00909029       0.0012827       0.000908329
0.399  3.266  0.608  293    0.0124233        0.00137097      0.000845355
0.399  3.266  0.61   308.1  0.0168633        0.0013305       0.00138943
0.399  3.27   0.612  323.2  0.0294258        0.001552        0.00207208
0.4    3.226  0.611  337.6  0.053613         0.00237872      0.00342673
0.4    3.131  0.606  352.4  0.0763685        0.00391052      0.00667906
0.4    3.145  0.879  23.2   0.0489963        0.00352263      0.0029996
0.399  3.258  0.881  36.5   0.0166373        0.00104463      0.00108821
0.4    3.257  0.876  51.7   0.00828647       0.000606038     0.000501535
0.399  3.259  0.873  66.9   0.00484532       0.000529839     0.0003533
0.4    3.263  0.872  82     0.00448735       0.000843079     0.000466625
0.4    3.265  0.87   97.1   0.00237751       0.000537856     0.000173099
0.4    3.27   0.868  127.2  0.00372882       0.00179623      0.000734148
0.399  3.272  0.869  142.3  0.00226571       0.00150223      0.000132113
0.401  3.274  0.869  157.5  0.00367205       0.00285826      0.000214115
0.399  3.272  0.869  217.7  0.00420566       0.00332244      0.000333256
0.4    3.268  0.869  247.8  0.00801359       0.00428945      0.000639626
0.4    3.265  0.87   262.9  0.0053714        0.00128204      0.000677509
0.4    3.263  0.872  278    0.00367026       0.000529255     0.00034717
0.399  3.259  0.873  293.1  0.00541821       0.000733231     0.000545287
0.4    3.257  0.876  308.3  0.00847339       0.000819722     0.000674054
0.399  3.258  0.881  323.5  0.0137237        0.000759588     0.000945526
0.4    3.145  0.879  336.8  0.031879         0.00182361      0.0116062
0.4    3.183  1.457  22.9   0.00909672       0.000805077     0.000683571
0.4    3.232  1.401  36.4   0.00404275       0.00042961      0.000259756
0.4    3.241  1.402  51.6   0.0027136        0.000353519     0.00018693
0.399  3.251  1.401  66.8   0.00136075       0.000229552     0.000171318
0.4    3.254  1.396  81.9   0.000755422      0.000233461     0.000279313
0.398  3.258  1.391  157.1  0.00130604       0.000954115     0.000356626
0.397  3.264  1.388  171.9  0.00199973       0.00142656      0.000116603
0.397  3.264  1.388  188.1  0.000352272      0.0003396       0.0000205408
0.399  3.28   1.392  217.4  0.000823768      0.000752289     0.0000513936
0.4    3.259  1.391  248    0.000661641      0.000314071     0.000114469
0.4    3.254  1.396  278.1  0.000494366      0.000219643     0.000137
0.399  3.251  1.401  293.2  0.00110907       0.000274425     0.000259177
0.4    3.241  1.402  308.4  0.00210839       0.000520527     0.000222231
0.4    3.232  1.401  323.6  0.00371624       0.000331621     0.000266262
0.4    3.183  1.457  337.1  0.00707405       0.00049013      0.00134935
0.432  2.841  0.276  7.5    0.0298397        0.00476209      0.00304028
0.432  2.842  0.276  22.4   0.0444254        0.00775494      0.00860305
0.432  2.844  0.276  37.4   0.0209462        0.00409835      0.00398268
0.432  2.847  0.276  52.4   0.0329184        0.00852255      0.0110006
0.433  2.85   0.275  67.4   0.0332996        0.00764908      0.044848
0.433  2.853  0.275  277.6  0.0671624        0.0489796       0.00993249
0.433  2.85   0.275  292.6  0.07397          0.0367542       0.00479269
0.432  2.847  0.276  307.6  0.0172571        0.00282584      0.0021218
0.432  2.844  0.276  322.6  0.0230516        0.0033053       1416.88
0.432  2.842  0.276  337.6  0.0418006        0.00549849      0.0024509
0.445  2.969  0.347  22.4   0.0236601        0.00198722      0.00231924
0.447  2.982  0.346  52.3   0.0168191        0.00148846      0.00106176
0.447  2.99   0.345  67.3   0.0224901        0.00241654      0.0014108
0.448  2.999  0.345  82.3   0.0143014        0.00201525      0.00249392
0.449  3.007  0.344  97.3   0.00637014       0.002307        0.00037144
0.447  2.99   0.345  292.7  0.0156026        0.0021946       0.00155408
0.447  2.982  0.346  307.7  0.014542         0.00130055      0.00102755
0.446  2.975  0.346  322.7  0.0189296        0.00132991      0.00127386
0.445  2.969  0.347  337.6  0.0225555        0.00151077      0.00163173
0.445  2.966  0.347  352.5  0.0239116        0.00167082      0.00153159
0.454  3.041  0.455  7.4    0.0196549        0.000971073     0.00120014
0.455  3.048  0.455  22.3   0.0180081        0.00103404      0.00126169
0.456  3.061  0.453  37.2   0.0161404        0.00114934      0.00105451
0.458  3.076  0.452  52.2   0.0106664        0.000743756     0.000629423
0.46   3.091  0.451  67.2   0.00837984       0.000752559     0.000612551
0.461  3.106  0.45   82.2   0.00875463       0.00109245      0.000682382
0.463  3.12   0.45   97.3   0.0107027        0.00313935      0.00116328
0.463  3.12   0.45   262.7  0.00725542       0.00206415      0.000640526
0.461  3.106  0.45   277.8  0.00909523       0.00136401      0.00163392
0.46   3.091  0.451  292.8  0.00852904       0.000836168     0.00200741
0.458  3.076  0.452  307.8  0.0127163        0.00103267      0.000818324
0.456  3.061  0.453  322.8  0.0159652        0.000900456     0.00116034
0.455  3.048  0.455  337.7  0.0164204        0.000756092     0.00098583
0.454  3.041  0.455  352.6  0.0201841        0.000869937     0.00122529
0.456  3.054  0.62   7.3    0.0200774        0.000734338     0.00121648
0.457  3.066  0.617  22.1   0.0161741        0.000725247     0.00112984
0.459  3.084  0.614  37.1   0.0137968        0.00079359      0.000924872
0.462  3.104  0.612  52     0.0110129        0.000769791     0.000719406
0.464  3.122  0.61   67.1   0.00606276       0.000518301     0.000600007
0.465  3.138  0.608  82.1   0.00491322       0.000807006     0.00160239
0.467  3.151  0.607  97.2   0.00792298       0.00345199      0.00180406
0.468  3.162  0.606  112.3  0.0156504        0.0114763       0.0014083
0.469  3.171  0.605  127.3  0.00683474       0.00339656      0.000515521
0.469  3.171  0.605  232.7  0.00474252       0.0038772       0.002253
0.468  3.162  0.606  247.7  0.00318926       0.00296015      1626.64
0.465  3.138  0.608  277.9  0.00499798       0.00102774      0.000591518
0.464  3.122  0.61   292.9  0.00527982       0.000652505     0.000519281
0.462  3.104  0.612  308    0.00916809       0.00072103      0.000842271
0.459  3.084  0.614  322.9  0.0129484        0.000653428     0.000785057
0.457  3.066  0.617  337.9  0.0168039        0.000612404     0.00101268
0.456  3.054  0.62   352.7  0.018278         0.000581274     0.00114975
0.455  3.017  0.909  7.3    0.0160037        0.000447356     0.000951135
0.457  3.058  0.903  21.7   0.0124111        0.000464686     0.00102795
0.46   3.087  0.891  36.8   0.00731433       0.000399884     0.000576514
0.463  3.109  0.883  51.8   0.00531845       0.000369895     0.000480771
0.465  3.127  0.878  66.9   0.00372057       0.000432544     0.00232338
0.466  3.142  0.875  82     0.0147158        0.0109517       0.000858069
0.468  3.161  0.871  112.1  0.00387686       0.00169815      0.000668327
0.469  3.169  0.869  127.2  0.00317444       0.00107484      0.00064721
0.468  3.161  0.871  247.9  0.00318057       0.00250843      0.000185458
0.466  3.142  0.875  278    0.00254196       0.000792382     0.000297837
0.465  3.127  0.878  293.1  0.00257202       0.000403166     0.00849224
0.463  3.109  0.883  308.2  0.0037034        0.000343438     0.000335933
0.46   3.087  0.891  323.2  0.00820416       0.000379317     0.000508826
0.457  3.058  0.903  338.3  0.012441         0.000368868     0.000814669
0.455  3.017  0.909  352.7  0.0157955        0.00040801      0.000960474
0.46   3.051  1.473  21.1   0.0063836        0.00027405      0.000379429
0.463  3.092  1.443  36.4   0.00298509       0.000215935     0.000209315
0.465  3.117  1.426  51.6   0.00204752       0.000271635     0.000157609
0.465  3.134  1.416  66.8   0.00122979       0.000355205     0.00022016
0.466  3.141  1.406  81.7   0.00170916       0.000626968     0.000400062
0.466  3.166  1.404  97.4   0.00384249       0.00187491      0.000390244
0.467  3.159  1.393  126.9  0.00242604       0.00127006      0.000141502
0.466  3.166  1.404  262.6  0.000928699      0.000579643     0.000586547
0.466  3.141  1.406  278.3  0.00571593       0.00308912      0.000872019
0.465  3.134  1.416  293.2  0.00136641       0.000492484     0.000100814
0.465  3.117  1.426  308.4  0.0016302        0.000197982     0.000144183
0.463  3.092  1.443  323.6  0.00317072       0.000226203     0.000280907
0.46   3.051  1.473  338.9  0.00616795       0.000201205     0.0008035
0.429  3.588  0.278  7.5    0.0380766        0.00731025      0.00442201
0.429  3.588  0.277  22.4   0.0372829        0.0103228       0.025299
0.429  3.588  0.277  37.4   0.0486391        0.0139424       0.00553197
0.429  3.588  0.277  52.4   0.0290534        0.0109871       0.00174854
0.429  3.589  0.276  67.4   0.0171035        0.00988499      0.000997298
0.429  3.589  0.276  292.6  0.0300427        0.022321        0.00405946
0.429  3.588  0.277  307.6  0.0273108        0.0113269       0.00216002
0.429  3.588  0.277  322.6  0.0444187        0.00899741      0.00336211
0.429  3.588  0.277  337.6  0.0639372        0.0131882       0.00449262
0.429  3.588  0.278  352.5  0.031965         0.00653832      0.032362
0.446  3.703  0.348  7.5    0.029315         0.00249027      0.00206973
0.446  3.705  0.347  22.4   0.0229057        0.0020109       0.00165682
0.447  3.708  0.347  37.3   0.0286491        0.0029282       0.00177238
0.448  3.712  0.346  52.3   0.0220402        0.00219282      0.00139864
0.448  3.717  0.345  67.3   0.0150986        0.0014233       0.00140712
0.449  3.722  0.345  82.3   0.0155931        0.00226174      0.00217109
0.45   3.726  0.344  97.3   0.0226388        0.00744294      0.0079949
0.45   3.726  0.344  262.7  0.00968106       0.00226325      0.000976453
0.449  3.722  0.345  277.7  0.0204033        0.0037269       0.00136735
0.448  3.717  0.345  292.7  0.0210144        0.00279371      0.0013606
0.448  3.712  0.346  307.7  0.0214499        0.00228279      0.0020458
0.447  3.708  0.347  322.7  0.0255463        0.00205627      0.0016468
0.446  3.705  0.347  337.6  0.0265034        0.00193186      0.00216515
0.446  3.703  0.348  352.5  0.0303918        0.00236431      0.0020347
0.462  3.804  0.457  7.4    0.0218846        0.00122676      0.00143979
0.463  3.811  0.456  22.3   0.0122884        0.00104437      0.00111669
0.466  3.824  0.455  37.2   0.0162291        0.00117061      0.00113684
0.468  3.838  0.454  52.2   0.0115965        0.00079955      0.000718962
0.471  3.851  0.453  67.2   0.0127861        0.00093399      0.000776181
0.473  3.864  0.453  82.3   0.00904129       0.000827165     0.000852149
0.475  3.875  0.452  97.3   0.0088466        0.001504        0.00211587
0.476  3.885  0.452  112.3  0.00531246       0.00112939      0.000684673
0.476  3.885  0.452  247.7  0.00735847       0.0014541       0.000744121
0.475  3.875  0.452  262.7  0.00742978       0.000889582     0.000518455
0.473  3.864  0.453  277.7  0.00698617       0.00069836      0.000454412
0.471  3.851  0.453  292.8  0.00931486       0.000791241     0.000741957
0.468  3.838  0.454  307.8  0.0135125        0.000968456     0.00107225
0.466  3.824  0.455  322.8  0.0186411        0.00110556      0.00125108
0.463  3.811  0.456  337.7  0.0157529        0.00109011      0.000985842
0.462  3.804  0.457  352.6  0.0256712        0.00127398      0.00153809
0.475  3.87   0.617  7.5    0.0171372        0.000773852     0.00103079
0.475  3.882  0.617  22.2   0.0150383        0.00075154      0.000958301
0.479  3.907  0.615  37.1   0.00826041       0.000447063     0.000512158
0.484  3.933  0.613  52.1   0.00711554       0.000434136     0.000521127
0.487  3.955  0.611  67.1   0.00721004       0.000452899     0.000534368
0.491  3.974  0.609  82.2   0.00562898       0.000453882     0.000345713
0.493  3.988  0.608  97.2   0.00252997       0.000302667     0.0002633
0.495  4.002  0.607  112.3  0.0034788        0.000618552     0.000653302
0.495  4.002  0.607  247.7  0.00334122       0.000564173     0.00039206
0.493  3.988  0.608  262.8  0.00346829       0.000332801     0.000282928
0.491  3.974  0.609  277.8  0.00451968       0.0003623       0.000336034
0.487  3.955  0.611  292.9  0.00588689       0.000447632     0.000500816
0.484  3.933  0.613  307.9  0.00836176       0.000570067     0.000644835
0.479  3.907  0.615  322.9  0.0104055        0.000503896     0.000704689
0.475  3.882  0.617  337.8  0.0138064        0.000567397     0.000852601
0.475  3.87   0.617  352.5  0.0156086        0.000610174     0.000941547
0.5    3.982  0.872  7.7    0.0107544        0.000538942     0.000709958
0.484  3.916  0.89   22.4   0.00914824       0.000456307     0.000854108
0.484  3.934  0.888  36.8   0.00562549       0.000326258     0.000367031
0.489  3.961  0.881  51.9   0.00484716       0.000324344     0.000320634
0.492  3.98   0.877  67     0.00295526       0.000216381     0.000237495
0.494  3.994  0.874  82.1   0.00207128       0.00020886      0.000126394
0.495  4.003  0.871  97.1   0.0015092        0.000295972     0.000149261
0.497  4.011  0.869  112.2  0.000933253      0.000286562     0.000160005
0.497  4.011  0.869  247.8  0.00142185       0.000379614     0.000224587
0.495  4.003  0.871  262.9  0.00118342       0.000162444     0.000133119
0.494  3.994  0.874  277.9  0.00177133       0.000162012     0.000216962
0.492  3.98   0.877  293    0.00386276       0.000337362     0.000336596
0.489  3.961  0.881  308.1  0.00295192       0.000221304     0.000234646
0.484  3.934  0.888  323.2  0.0061077        0.000311386     0.00043308
0.484  3.916  0.89   337.6  0.00846051       0.000336635     0.000526249
0.5    3.982  0.872  352.3  0.010689         0.000491253     0.000933651
0.497  3.966  1.462  22.9   0.00408942       0.000264649     0.000288351
0.492  3.97   1.429  36.5   0.00209831       0.000166035     0.000153233
0.494  3.983  1.418  51.7   0.00160159       0.000140089     0.00010733
0.496  3.998  1.412  66.9   0.000686742      0.0000780429    0.00006.6481
0.498  4.006  1.408  82.1   0.00114235       0.000198345     0.0000865177
0.498  4.009  1.399  97.1   0.000262055      0.0000865991    0.0000781828
0.5    4.019  1.399  247.6  0.00124618       0.000921643     0.000072664
0.498  4.006  1.408  277.9  0.00068254       0.000117014     0.000076271
0.496  3.998  1.412  293.1  0.000696519      0.000106606     0.0000681647
0.494  3.983  1.418  308.3  0.000806408      0.000135993     0.000124551
0.492  3.97   1.429  323.5  0.00173621       0.000164967     0.000281221
0.497  3.966  1.462  337.1  0.00584651       0.000338519     0.000681584
0.497  3.966  1.462  337.1  0.00584651       0.000338519     0.000681584

xB     Q2     -t     phi    Dx10^l-sig       stat-err        sys-err

0.125  1.129  0.108  67.2   0.758345         0.257278        0.456081
0.124  1.128  0.108  82.1   0.395578         0.172215        0.0775448
0.124  1.128  0.108  97.1   0.838923         0.151479        0.107701
0.124  1.128  0.108  112.2  0.199179         0.131733        0.0594735
0.124  1.129  0.108  127.3  0.0267859        0.141649        0.089167
0.124  1.129  0.108  142.3  0.306326         0.104793        0.0393211
0.124  1.129  0.108  157.4  0.262004         0.129722        0.0413562
0.124  1.129  0.108  172.5  0.211324         0.132531        0.0426463
0.124  1.129  0.108  187.5  0.021427         0.0971215       0.020927
0.124  1.129  0.108  202.6  -0.174743        0.0939731       0.0245524
0.124  1.129  0.108  217.7  -0.241364        0.114368        0.123239
0.124  1.129  0.108  232.7  -0.257499        0.142522        0.144474
0.124  1.128  0.108  247.8  -0.309317        0.119789        0.0749128
0.124  1.128  0.108  262.9  -0.622821        0.133366        0.0826876
0.124  1.128  0.108  277.9  -0.681078        0.176323        0.0693894
0.125  1.129  0.108  292.8  0.107549         0.336212        0.219587
0.124  1.128  0.153  66.9   1.06525          0.170629        0.220958
0.124  1.129  0.153  82     0.351715         0.0919505       0.0661009
0.124  1.129  0.152  97.1   0.552447         0.0640839       0.0523904
0.125  1.129  0.152  112.2  0.180936         0.0612163       0.0365832
0.125  1.129  0.152  127.3  0.210245         0.0636223       0.0714662
0.124  1.13   0.152  142.3  0.0682372        0.0500987       0.0139899
0.124  1.13   0.152  157.4  0.0529742        0.0540585       0.012694
0.124  1.13   0.152  172.5  0.116997         0.0513372       0.0241511
0.124  1.13   0.152  187.5  0.067353         0.0751447       0.0710007
0.124  1.13   0.152  202.6  -0.0774474       0.0511901       0.0197149
0.124  1.13   0.152  217.7  -0.0832754       0.0437991       0.0331682
0.125  1.129  0.152  232.7  -0.10155         0.0700132       0.024361
0.125  1.129  0.152  247.8  -0.290883        0.0774344       0.033072
0.124  1.129  0.152  262.9  -0.219917        0.0594524       0.0538194
0.124  1.129  0.153  278    -0.458991        0.0819161       0.0361895
0.124  1.128  0.153  293.1  -0.4769          0.150652        0.102639
0.125  1.129  0.203  66.9   0.143307         0.0986694       0.0561343
0.125  1.129  0.203  82     0.184084         0.0829563       0.0133001
0.125  1.129  0.203  97.1   0.166507         0.04641         0.0263816
0.125  1.13   0.203  112.2  0.207083         0.0591291       0.0168452
0.125  1.13   0.203  127.3  0.0924479        0.0587602       0.0202766
0.125  1.13   0.203  142.3  0.0272374        0.0513139       0.012208
0.125  1.13   0.203  172.5  -0.0282117       0.0557704       0.0348893
0.125  1.13   0.203  187.5  -0.0336179       0.046947        0.0224928
0.125  1.13   0.203  202.6  -0.0120838       0.0361743       0.0170531
0.125  1.13   0.203  217.7  -0.13863         0.0441595       0.0259042
0.125  1.13   0.203  232.7  -0.176231        0.0595001       0.0414536
0.125  1.13   0.203  247.8  -0.195418        0.0517665       0.0490823
0.125  1.129  0.203  262.9  -0.176735        0.0530038       0.0148944
0.125  1.129  0.203  278    -0.277799        0.0564764       0.0269697
0.125  1.129  0.203  293.1  -0.544628        0.124687        0.0463807
0.125  1.129  0.263  52.1   0.454538         0.179111        0.0557638
0.125  1.129  0.262  66.9   0.340414         0.0751387       0.0486572
0.125  1.13   0.261  82     0.19792          0.0471302       0.019534
0.125  1.13   0.261  97.1   0.0529851        0.033017        0.0117002
0.125  1.13   0.261  112.2  0.13481          0.0390878       0.0159484
0.125  1.13   0.261  127.2  -0.0267293       0.043645        0.0487724
0.125  1.13   0.261  142.3  0.116842         0.0417098       0.022097
0.125  1.131  0.261  157.4  0.0264656        0.028608        0.00678316
0.125  1.131  0.261  172.5  -0.0150625       0.0305896       0.0115829
0.125  1.131  0.261  187.5  0.0928351        0.0388139       0.045109
0.125  1.131  0.261  202.6  -0.11681         0.0279344       0.014268
0.125  1.13   0.261  217.7  -0.110625        0.0292143       0.0290349
0.125  1.13   0.261  232.8  -0.0827499       0.0317366       0.0185668
0.125  1.13   0.261  247.8  -0.197751        0.0410491       0.0167893
0.125  1.13   0.261  262.9  -0.126299        0.0333616       0.0120863
0.125  1.13   0.261  278    -0.160702        0.0448231       0.0287007
0.125  1.129  0.262  293.1  -0.217993        0.0606414       0.0185034
0.125  1.129  0.263  307.9  -0.251275        0.113257        0.194794
0.125  1.13   0.34   51.7   0.217321         0.0549601       0.0296864
0.125  1.13   0.34   66.9   0.106034         0.0372484       0.0117748
0.125  1.13   0.34   82     0.0769793        0.0324747       0.0132217
0.125  1.13   0.34   97.1   0.0521081        0.0191482       0.00857316
0.125  1.131  0.34   112.2  0.0425764        0.020359        0.0165982
0.125  1.131  0.34   127.2  0.0222516        0.0203444       0.0119401
0.125  1.131  0.34   142.3  0.0567145        0.0198828       0.0056551
0.125  1.131  0.34   157.4  0.0301141        0.0169682       0.00390867
0.125  1.131  0.34   172.5  0.0197781        0.021713        0.00361411
0.125  1.131  0.34   187.5  -0.0236192       0.0171674       0.0267888
0.125  1.131  0.34   217.7  -0.00271298      0.0209358       0.00288081
0.125  1.131  0.34   232.8  -0.0542602       0.0258304       0.00738555
0.125  1.131  0.34   247.8  -0.0781743       0.0275298       0.044789
0.125  1.13   0.34   262.9  -0.0565681       0.0199852       0.0132623
0.125  1.13   0.34   278    -0.125196        0.0307168       0.013234
0.125  1.13   0.34   293.1  -0.20185         0.0382312       0.0272889
0.125  1.13   0.34   308.3  -0.171549        0.05297         0.0231183
0.125  1.126  0.451  37.5   0.0217206        0.0693321       0.0142154
0.125  1.13   0.446  51.8   0.0649524        0.0275657       0.00923789
0.125  1.13   0.446  66.9   0.0802902        0.0258591       0.00619721
0.125  1.131  0.446  82     0.023001         0.0199189       0.0151861
0.125  1.131  0.446  97.1   0.0354409        0.0126574       0.00881276
0.125  1.131  0.446  112.2  0.0612355        0.0122807       0.00962121
0.125  1.131  0.446  127.2  0.0204974        0.0152361       0.00386266
0.125  1.131  0.446  142.3  0.0138845        0.012717        0.00758305
0.125  1.131  0.446  157.4  -0.00998505      0.0121406       0.00352017
0.125  1.131  0.446  172.5  0.00647305       0.0105645       0.00288745
0.125  1.131  0.446  187.5  -0.00259382      0.0120688       0.00630911
0.125  1.131  0.446  202.6  -0.00746204      0.00989468      0.00652844
0.125  1.131  0.446  217.7  -0.0199173       0.013935        0.00328712
0.125  1.131  0.446  232.8  0.00389572       0.0127099       0.00464415
0.125  1.131  0.446  247.8  -0.010778        0.012004        0.00795159
0.125  1.131  0.446  262.9  -0.0369278       0.0141503       0.00356073
0.125  1.131  0.446  278    -0.0330602       0.0146186       0.00395372
0.125  1.13   0.446  293.1  -0.0879626       0.0172739       0.00642597
0.125  1.13   0.446  308.2  -0.0426315       0.0290605       0.0219681
0.125  1.126  0.451  322.5  -0.0897167       0.0753662       0.0257915
0.125  1.125  0.615  22.9   0.116021         0.0520797       0.0139754
0.126  1.131  0.602  36.7   0.0227332        0.0157149       0.00754331
0.125  1.131  0.603  51.8   0.0112652        0.0144589       0.00488878
0.125  1.131  0.603  82     0.0272763        0.013544        0.0118163
0.125  1.131  0.603  97.1   0.0162461        0.00671038      0.00200056
0.125  1.131  0.603  112.1  0.00306738       0.00731658      0.00295536
0.125  1.132  0.603  127.2  -0.0063046       0.00686982      0.00275585
0.125  1.132  0.603  142.3  -0.0175563       0.00897809      0.00334091
0.125  1.132  0.603  157.4  -0.00759204      0.00690658      0.00349119
0.125  1.132  0.603  172.5  0.0062807        0.0101605       0.00059002
0.125  1.132  0.603  187.5  0.00247094       0.00886002      0.00665769
0.125  1.132  0.603  202.6  0.00472038       0.00613866      0.00309626
0.125  1.132  0.603  217.7  -0.00415004      0.0055308       0.00347244
0.125  1.132  0.603  232.8  0.00103701       0.00591265      0.0040529
0.125  1.131  0.603  262.9  0.00378366       0.00797246      0.0025787
0.125  1.131  0.603  278    -0.0134792       0.0117167       0.00278463
0.125  1.131  0.603  293.1  -0.00708719      0.0124162       0.00519631
0.125  1.131  0.603  308.2  -0.0454152       0.0158077       0.0115392
0.126  1.131  0.602  323.3  0.0232742        0.0240516       0.00625265
0.125  1.125  0.615  337.1  -0.0477851       0.0394169       0.0092998
0.126  1.13   0.859  7.3    0.00498107       0.014049        0.00221224
0.126  1.13   0.86   21.9   0.0106498        0.0108634       0.00853167
0.126  1.13   0.862  36.8   -0.00178971      0.00625979      0.00228946
0.125  1.131  0.863  51.8   0.00356522       0.0047405       0.00176607
0.125  1.131  0.864  66.9   0.00122267       0.00509809      0.00105221
0.125  1.131  0.864  82     0.0161594        0.00520011      0.0018931
0.125  1.132  0.864  97.1   0.00202341       0.0036374       0.00206358
0.125  1.132  0.864  112.1  -0.00292336      0.00347465      0.00187929
0.125  1.132  0.864  127.2  -0.00283117      0.00437972      0.000938122
0.125  1.132  0.864  157.4  -0.00270737      0.00606332      0.0037302
0.125  1.132  0.864  187.5  0.0135793        0.0131094       0.000791803
0.125  1.132  0.864  202.6  0.0113463        0.00975459      0.00363183
0.125  1.132  0.864  217.7  -0.00304482      0.00291243      0.00183581
0.125  1.132  0.864  232.8  -0.00236846      0.00422064      0.00153453
0.125  1.132  0.864  262.9  -0.00402111      0.00397395      0.000726439
0.125  1.131  0.864  278    0.00580723       0.00379575      0.0028311
0.125  1.131  0.864  293.1  -0.00636179      0.00554521      0.00343206
0.125  1.131  0.863  308.2  0.00222117       0.0087031       0.00241565
0.126  1.13   0.862  323.2  0.0201054        0.00940611      0.00326879
0.126  1.13   0.86   338.1  0.0028345        0.00980454      0.0058256
0.126  1.13   0.859  352.7  -0.0192694       0.0104503       0.00472629
0.126  1.127  1.398  7.3    -0.000655396     0.00301079      0.0015955
0.126  1.128  1.39   21.9   0.000549994      0.00391986      0.000873416
0.126  1.13   1.382  36.8   0.0013822        0.00206705      0.000583457
0.125  1.131  1.379  51.8   0.00168306       0.00170455      0.00170663
0.125  1.132  1.377  66.9   0.0040289        0.00140921      0.00100013
0.125  1.132  1.376  82     0.00464628       0.00338381      0.000431469
0.125  1.133  1.377  97.1   0.00265637       0.00266922      0.000557305
0.125  1.132  1.377  157.3  -0.00719878      0.0153494       0.0018957
0.125  1.133  1.377  172.5  0.00272545       0.00245686      0.000955398
0.125  1.133  1.377  262.9  -0.00487677      0.00690905      0.0012457
0.125  1.132  1.376  278    0.00213612       0.0017592       0.00109966
0.125  1.132  1.377  293.1  0.000271219      0.00104876      0.000654636
0.125  1.131  1.379  308.2  0.00460143       0.00235073      0.000600884
0.126  1.13   1.382  323.2  -0.00145227      0.00190371      0.00126383
0.126  1.128  1.39   338.1  -0.00582061      0.00251398      0.000706879
0.126  1.127  1.398  352.7  0.00439042       0.0024359       0.000622474
0.155  1.302  0.108  37.7   1.82401          0.454476        0.200304
0.154  1.298  0.109  52     0.77345          0.200291        0.087418
0.154  1.299  0.109  67     0.77538          0.130935        0.13574
0.154  1.3    0.108  82.1   0.388516         0.0889272       0.0429126
0.154  1.3    0.108  97.1   0.273532         0.0813969       0.0474493
0.154  1.301  0.108  112.2  0.26085          0.0863409       0.0267332
0.154  1.301  0.108  127.3  0.392904         0.107241        0.048967
0.154  1.301  0.108  142.3  -0.064331        0.0767201       0.0406977
0.154  1.301  0.108  157.4  0.0478913        0.0938526       0.0213124
0.154  1.301  0.108  172.5  0.246483         0.0986352       0.0874582
0.154  1.301  0.108  202.6  0.0417946        0.0786901       0.0216014
0.154  1.301  0.108  217.7  -0.222367        0.104959        0.087736
0.154  1.301  0.108  232.7  -0.259336        0.116016        0.0314482
0.154  1.301  0.108  247.8  -0.350236        0.107365        0.109724
0.154  1.3    0.108  262.9  -0.31703         0.10862         0.0466129
0.154  1.3    0.108  277.9  -0.620965        0.100986        0.0444205
0.154  1.299  0.109  293    -0.580287        0.160527        0.12341
0.154  1.298  0.109  308    -0.592294        0.173449        0.0873808
0.155  1.302  0.108  322.3  -1.10887         0.289314        0.127109
0.154  1.299  0.153  51.9   0.664891         0.10125         0.0520776
0.154  1.3    0.153  67     0.300428         0.104481        0.0874427
0.154  1.301  0.153  82     0.438559         0.0723982       0.0652532
0.154  1.301  0.153  97.1   0.276363         0.0595154       0.0292969
0.154  1.301  0.153  112.2  0.0894537        0.041964        0.0195398
0.154  1.301  0.153  127.3  0.188845         0.0517581       0.0194394
0.154  1.301  0.152  142.3  0.146145         0.067166        0.0296389
0.154  1.302  0.152  157.4  0.0484249        0.0403656       0.00965821
0.154  1.302  0.152  172.5  -0.0310734       0.0329337       0.015341
0.154  1.302  0.152  187.5  -0.0856051       0.0569727       0.0239358
0.154  1.302  0.152  202.6  0.0222895        0.0353789       0.0390111
0.154  1.301  0.152  217.7  -0.0393734       0.0461156       0.0199322
0.154  1.301  0.153  232.7  0.00932768       0.0681245       0.0236555
0.154  1.301  0.153  247.8  -0.246022        0.0690145       0.0684403
0.154  1.301  0.153  262.9  -0.252096        0.0473804       0.0295775
0.154  1.301  0.153  278    -0.25048         0.0583915       0.0249648
0.154  1.3    0.153  293    -0.554311        0.0884336       0.0779251
0.154  1.299  0.153  308.1  -0.385319        0.127082        0.0467131
0.154  1.3    0.203  51.8   0.511744         0.0716458       0.0603414
0.154  1.301  0.203  66.9   -0.00699937      0.0633443       0.0149
0.154  1.301  0.203  82     0.200708         0.0482019       0.0294249
0.154  1.301  0.203  97.1   0.142277         0.0403188       0.0161725
0.154  1.302  0.203  112.2  0.0231158        0.0297128       0.00808186
0.154  1.302  0.203  127.2  0.0740638        0.0360767       0.011048
0.154  1.302  0.203  142.3  0.149571         0.0577193       0.0511911
0.154  1.302  0.203  157.4  0.0242862        0.046413        0.0212111
0.154  1.302  0.203  172.5  0.117407         0.0371257       0.0206821
0.154  1.302  0.203  187.5  0.0403757        0.0255975       0.0205255
0.154  1.302  0.203  202.6  -0.0972661       0.0261839       0.0164677
0.154  1.302  0.203  217.7  -0.0094431       0.029901        0.0153346
0.154  1.302  0.203  232.8  0.0115991        0.0312419       0.0112684
0.154  1.302  0.203  247.8  -0.151287        0.0473449       0.0185957
0.154  1.301  0.203  262.9  -0.127849        0.0399244       0.0145114
0.154  1.301  0.203  278    -0.198974        0.0440443       0.0166156
0.154  1.301  0.203  293.1  -0.227913        0.058869        0.0186086
0.154  1.3    0.203  308.2  -0.134435        0.0912292       0.0539301
0.154  1.301  0.262  51.7   0.230324         0.0523522       0.0187013
0.154  1.301  0.262  66.9   0.256711         0.0475978       0.0497735
0.154  1.302  0.262  82     0.125288         0.0389816       0.0197991
0.154  1.302  0.262  97.1   0.0626308        0.0222269       0.0116542
0.154  1.302  0.262  112.2  0.00352779       0.0271128       0.0039531
0.154  1.302  0.261  127.2  0.0469414        0.0230144       0.0253585
0.154  1.302  0.261  142.3  -0.0244529       0.0289775       0.0262883
0.154  1.302  0.261  157.4  0.037115         0.0174066       0.00561667
0.154  1.302  0.261  187.5  0.0168927        0.0312004       0.0200322
0.154  1.302  0.261  202.6  -0.0447081       0.0204096       0.00550936
0.154  1.302  0.261  217.7  -0.101502        0.0269852       0.0162832
0.154  1.302  0.261  232.8  -0.0575726       0.0189262       0.0127453
0.154  1.302  0.262  247.8  -0.0504247       0.0319038       0.0402003
0.154  1.302  0.262  262.9  -0.0873637       0.0263976       0.00617857
0.154  1.302  0.262  278    -0.097565        0.0266398       0.015381
0.154  1.301  0.262  293.1  -0.250972        0.0556518       0.0267225
0.154  1.301  0.262  308.3  -0.129129        0.0709647       0.0465774
0.154  1.301  0.341  51.7   0.140183         0.0385869       0.00952981
0.154  1.302  0.34   66.8   0.102418         0.0458787       0.0110726
0.154  1.302  0.34   82     0.0328911        0.0277249       0.0193228
0.154  1.302  0.34   97.1   0.0829784        0.0239842       0.00673706
0.154  1.302  0.34   112.1  0.0435536        0.0183085       0.00854086
0.154  1.302  0.34   127.2  0.0334077        0.0246888       0.00836988
0.154  1.303  0.34   157.4  0.025774         0.0109886       0.00473175
0.154  1.303  0.34   172.5  -0.0285254       0.0194687       0.00861862
0.154  1.303  0.34   187.5  0.0272563        0.0198705       0.0160764
0.154  1.303  0.34   202.6  0.0106963        0.0166771       0.00564664
0.154  1.302  0.34   232.8  -0.0223834       0.0208246       0.00537094
0.154  1.302  0.34   247.9  -0.0258728       0.0162188       0.0137193
0.154  1.302  0.34   262.9  -0.134633        0.0264034       0.0145463
0.154  1.302  0.34   278    -0.073999        0.0237424       0.00687632
0.154  1.302  0.34   293.2  -0.0690132       0.0273864       0.0137661
0.154  1.301  0.341  308.3  -0.184804        0.041045        0.0142963
0.155  1.301  0.451  37.1   0.13068          0.0557675       0.0385857
0.155  1.302  0.447  51.7   0.0744774        0.0221539       0.00463097
0.154  1.302  0.447  66.8   0.0493873        0.0230416       0.00725981
0.154  1.302  0.447  81.9   0.00798241       0.014522        0.0118903
0.154  1.302  0.447  97     -0.006612        0.0164668       0.00498393
0.154  1.303  0.447  112.1  0.0141182        0.0112385       0.00601954
0.154  1.303  0.446  127.2  0.0155691        0.00937566      0.00518286
0.154  1.303  0.446  142.3  -0.0212499       0.0150624       0.00684137
0.154  1.303  0.446  157.4  -0.011896        0.00865194      0.0057363
0.154  1.303  0.446  172.5  0.0103309        0.0125143       0.00299834
0.154  1.303  0.446  187.5  0.0105691        0.0115017       0.000949794
0.154  1.303  0.446  202.6  -0.00869325      0.0126066       0.0100925
0.154  1.303  0.446  217.7  0.0104066        0.0104469       0.00424073
0.154  1.303  0.446  232.8  -0.0230355       0.0117585       0.00460856
0.154  1.303  0.447  247.9  -0.0105072       0.0112874       0.00231567
0.154  1.302  0.447  263    -0.0251633       0.0106095       0.00602702
0.154  1.302  0.447  278.1  0.0129723        0.0156928       0.00675521
0.154  1.302  0.447  293.2  -0.0927679       0.0190859       0.0110726
0.155  1.302  0.447  308.3  -0.0461066       0.0279744       0.03452
0.155  1.301  0.451  322.9  -0.035949        0.0446526       0.0178584
0.155  1.303  0.603  36.5   0.0325514        0.0168688       0.0129754
0.155  1.302  0.604  51.7   -0.00930449      0.013519        0.00357155
0.155  1.303  0.604  66.8   0.0368255        0.0126662       0.0047442
0.155  1.303  0.604  81.9   0.0262147        0.0119032       0.00901676
0.154  1.303  0.604  97     0.0116329        0.00651977      0.00767415
0.154  1.303  0.604  112.1  0.00927761       0.00658925      0.00416637
0.154  1.303  0.604  127.2  0.00714287       0.0098658       0.00682497
0.154  1.303  0.603  142.3  -0.00639882      0.0150542       0.00362524
0.154  1.303  0.603  157.4  0.00684517       0.00557979      0.000810919
0.154  1.303  0.603  172.5  0.0263238        0.0169507       0.00748074
0.154  1.303  0.603  202.6  -0.00864919      0.00722376      0.00106831
0.154  1.303  0.603  217.7  -0.0124767       0.00443406      0.0024338
0.154  1.303  0.604  232.8  -0.00521601      0.013204        0.00397272
0.154  1.303  0.604  247.9  -0.00584956      0.00732993      0.00340087
0.154  1.303  0.604  263    0.00260246       0.00702772      0.00277627
0.155  1.303  0.604  278.1  -0.0141736       0.00713394      0.00243416
0.155  1.303  0.604  293.2  -0.00134157      0.0088294       0.0057196
0.155  1.302  0.604  308.3  0.00816469       0.0121122       0.00309725
0.155  1.303  0.603  323.5  -0.0643324       0.0218979       0.00477999
0.154  1.295  0.895  7.8    -0.00871451      0.0170894       0.00961245
0.155  1.303  0.86   21.7   0.00216205       0.0118341       0.00482663
0.155  1.303  0.863  36.6   -0.0107487       0.00622007      0.00198434
0.155  1.303  0.865  51.7   0.00511694       0.00487897      0.0014708
0.155  1.303  0.865  66.8   0.00259071       0.00405611      0.00108158
0.155  1.303  0.865  81.9   0.0122102        0.00556094      0.00228945
0.155  1.303  0.865  97     0.0124146        0.00389952      0.00178707
0.155  1.303  0.865  112.1  -0.0027693       0.00725188      0.00448669
0.155  1.303  0.864  232.8  0.0221422        0.023476        0.00668037
0.155  1.303  0.865  247.9  -0.00538152      0.00492711      0.000433411
0.155  1.303  0.865  263    0.00525474       0.00252753      0.00153816
0.155  1.303  0.865  293.2  0.00105507       0.00343465      0.00116015
0.155  1.303  0.865  308.3  -0.0134031       0.00712391      0.00322669
0.155  1.303  0.863  323.4  -0.0139244       0.00813727      0.00155521
0.155  1.303  0.86   338.3  -0.00687069      0.0115624       0.00388163
0.154  1.295  0.895  352.2  -0.0315476       0.0168783       0.00718822
0.155  1.302  1.392  7.2    -0.000699297     0.00301293      0.000661275
0.155  1.302  1.386  21.8   0.000469297      0.00287437      0.00251025
0.155  1.303  1.382  36.7   -0.00208368      0.00174356      0.00114109
0.155  1.303  1.38   51.7   -0.000537232     0.00138057      0.00104235
0.155  1.304  1.379  66.8   -0.000738097     0.00116825      0.000529372
0.155  1.304  1.379  81.9   -0.00400318      0.00971308      0.00794913
0.154  1.303  1.378  157.3  0.00137121       0.00332297      0.000705942
0.155  1.305  1.38   172.5  0.00512036       0.0156888       0.00530083
0.155  1.304  1.379  278.1  0.00123474       0.00158567      0.00107087
0.155  1.304  1.379  293.2  -0.0020303       0.00187472      0.000463822
0.155  1.303  1.38   308.3  -0.00218514      0.00156466      0.000572952
0.155  1.303  1.382  323.3  0.00250321       0.00276946      0.00124909
0.155  1.302  1.386  338.2  0.00427396       0.00259442      0.00286679
0.155  1.302  1.392  352.8  -0.00455879      0.00293633      0.000604165
0.155  1.423  0.108  67     0.745453         0.149364        0.223286
0.155  1.424  0.108  82.1   0.390729         0.0963664       0.0632836
0.155  1.424  0.108  97.2   0.254216         0.0827907       0.0580443
0.155  1.425  0.108  112.2  0.330401         0.0925742       0.0242281
0.155  1.425  0.108  127.3  0.398244         0.121098        0.0693909
0.155  1.425  0.108  142.3  0.0940335        0.0709671       0.0142619
0.155  1.425  0.108  157.4  0.0729089        0.0784295       0.0188716
0.155  1.425  0.108  172.5  -0.0405403       0.123516        0.0171321
0.155  1.425  0.108  187.5  -0.0325381       0.0788142       0.0314127
0.155  1.425  0.108  202.6  -0.144827        0.0753157       0.0319882
0.155  1.425  0.108  217.7  -0.275407        0.0775134       0.0294339
0.155  1.425  0.108  232.7  0.0103509        0.090845        0.0534145
0.155  1.425  0.108  247.8  -0.30168         0.118876        0.117073
0.155  1.424  0.108  262.8  -0.338056        0.0800883       0.0345029
0.155  1.424  0.108  277.9  -0.522257        0.10556         0.0466925
0.155  1.423  0.108  293    -0.378749        0.129832        0.162159
0.155  1.424  0.153  67     0.17968          0.0890202       0.0642027
0.155  1.425  0.153  82     0.357862         0.0677283       0.0313797
0.155  1.425  0.153  97.1   0.176498         0.0465793       0.0278035
0.155  1.426  0.153  112.2  0.130294         0.0506853       0.0199219
0.155  1.426  0.152  127.3  0.0675606        0.0619475       0.0336944
0.155  1.426  0.152  142.3  0.0574445        0.0448178       0.0137639
0.155  1.426  0.152  157.4  0.18779          0.0403499       0.0158873
0.155  1.426  0.152  172.5  0.0159383        0.0429034       0.00933514
0.155  1.426  0.152  187.5  0.00768059       0.0709868       0.00783839
0.155  1.426  0.152  202.6  -0.0443692       0.0417776       0.00973567
0.155  1.426  0.152  217.7  -0.094804        0.0441711       0.0238164
0.155  1.426  0.152  232.7  -0.165043        0.0535962       0.0214566
0.155  1.426  0.153  247.8  -0.21982         0.045765        0.0184844
0.155  1.425  0.153  262.9  -0.311353        0.0479909       0.0319653
0.155  1.425  0.153  278    -0.252134        0.0493662       0.0244228
0.155  1.424  0.153  293    -0.508131        0.0837335       0.126985
0.155  1.425  0.203  66.9   0.193876         0.0592706       0.0352788
0.155  1.425  0.203  82     0.220816         0.0549295       0.0283383
0.155  1.426  0.203  97.1   0.248473         0.0389982       0.0316401
0.155  1.426  0.203  112.2  0.210784         0.0383568       0.0185991
0.155  1.426  0.203  127.3  0.00647733       0.0400796       0.0252889
0.155  1.426  0.203  142.3  0.00808863       0.0262236       0.0109303
0.155  1.426  0.203  157.4  -0.00654154      0.0221947       0.0134368
0.155  1.426  0.203  172.5  -0.102476        0.0320724       0.0191631
0.155  1.426  0.203  187.5  -0.0291147       0.044635        0.0214401
0.155  1.426  0.203  202.6  -0.0954866       0.0346209       0.00675949
0.155  1.426  0.203  217.7  -0.0808373       0.0253257       0.0099384
0.155  1.426  0.203  232.7  -0.0845935       0.0348562       0.0165602
0.155  1.426  0.203  247.8  0.0456957        0.0528876       0.00911814
0.155  1.426  0.203  262.9  -0.0492124       0.0326407       0.0135246
0.155  1.425  0.203  278    -0.0660994       0.0389804       0.0107043
0.155  1.425  0.203  293.1  -0.190155        0.0523085       0.0642893
0.155  1.424  0.263  52.1   0.366881         0.095133        0.0551553
0.155  1.425  0.262  66.9   0.24387          0.0477796       0.0280701
0.155  1.426  0.262  82     0.213951         0.034904        0.0251604
0.155  1.426  0.262  97.1   0.0555205        0.0209347       0.00525921
0.155  1.426  0.261  112.2  0.100914         0.0268196       0.013534
0.155  1.427  0.261  127.3  0.100197         0.0224863       0.0178076
0.155  1.427  0.261  142.3  0.0383423        0.019612        0.00793119
0.155  1.427  0.261  157.4  -0.0464572       0.0185849       0.00929298
0.155  1.427  0.261  172.5  0.00900626       0.0203824       0.0059857
0.155  1.427  0.261  187.5  -0.0270289       0.0268878       0.0106942
0.155  1.427  0.261  202.6  0.00648597       0.0163406       0.00441787
0.155  1.427  0.261  217.7  -0.0118287       0.0160272       0.00816871
0.155  1.427  0.261  232.7  -0.0147713       0.0166209       0.00682587
0.155  1.426  0.261  247.8  -0.0599928       0.0320363       0.00984709
0.155  1.426  0.262  262.9  -0.150608        0.0270996       0.0134657
0.155  1.426  0.262  278    -0.139759        0.0271794       0.0155671
0.155  1.425  0.262  293.1  -0.179226        0.0444612       0.0226196
0.155  1.424  0.263  307.9  -0.229905        0.0703389       0.0153277
0.155  1.426  0.34   51.7   0.106718         0.0359226       0.0144624
0.155  1.426  0.34   66.9   0.126535         0.0255527       0.0108216
0.155  1.426  0.34   82     0.0557333        0.0254181       0.0167978
0.155  1.426  0.34   97.1   0.0759576        0.0141564       0.00745709
0.155  1.427  0.34   112.2  0.0443208        0.0173509       0.00363005
0.155  1.427  0.34   127.2  0.0226945        0.0174676       0.0108077
0.155  1.427  0.34   142.3  0.00992091       0.0142377       0.00684012
0.155  1.427  0.34   157.4  -0.00190202      0.0133142       0.00511892
0.155  1.427  0.34   172.5  -0.0121388       0.0104536       0.00726781
0.155  1.427  0.34   187.5  0.0124628        0.013354        0.00674909
0.155  1.427  0.34   202.6  -0.0175352       0.0174781       0.00348361
0.155  1.427  0.34   217.7  -0.0195612       0.0152338       0.005669
0.155  1.427  0.34   232.8  -0.0084165       0.0203103       0.00420658
0.155  1.427  0.34   247.8  -0.045437        0.0174496       0.00968929
0.155  1.426  0.34   262.9  -0.0469692       0.0195242       0.00643544
0.155  1.426  0.34   278    -0.0512396       0.0191421       0.00996834
0.155  1.426  0.34   293.1  -0.191863        0.0257655       0.0162147
0.155  1.426  0.34   308.3  -0.0723036       0.0411354       1.75595
0.156  1.426  0.446  51.7   0.0653437        0.018733        0.00593482
0.156  1.426  0.447  66.9   0.042112         0.0165142       0.00415859
0.156  1.426  0.447  82     0.0100561        0.0126375       0.010716
0.155  1.427  0.447  97.1   0.0204472        0.00982992      0.00396167
0.155  1.427  0.446  112.2  0.021211         0.00969916      0.00501315
0.155  1.427  0.446  127.2  0.00748825       0.0111737       0.00338321
0.155  1.427  0.446  142.3  -0.0268216       0.0112313       0.00211303
0.155  1.427  0.446  157.4  -0.0142477       0.0062627       0.00276696
0.155  1.427  0.446  172.5  0.0131595        0.0064342       0.00266181
0.155  1.427  0.446  187.5  -0.0169241       0.00967181      0.00696505
0.155  1.427  0.446  202.6  -0.00771619      0.00721821      0.00308415
0.155  1.427  0.446  217.7  -0.0181844       0.00513379      0.00243297
0.155  1.427  0.446  232.8  -0.00138279      0.00807217      0.00587235
0.155  1.427  0.446  247.8  -0.014625        0.00976563      0.00233086
0.155  1.427  0.447  262.9  -0.0519377       0.0127057       0.00453972
0.156  1.426  0.447  278    -0.0434562       0.0135963       0.0050888
0.156  1.426  0.447  293.1  -0.0395203       0.0171941       0.00838157
0.156  1.426  0.446  308.3  -0.0461819       0.0220897       0.0379029
0.156  1.426  0.602  36.7   0.0514833        0.0151793       0.00392033
0.156  1.426  0.603  51.8   0.0259446        0.00914795      0.00688822
0.156  1.426  0.604  66.9   0.0333297        0.00944394      0.00504004
0.156  1.427  0.604  82     0.0287758        0.0082449       0.00410079
0.156  1.427  0.604  97.1   0.00229602       0.00599887      0.00218762
0.156  1.427  0.604  112.2  -0.00325578      0.00453815      0.00274515
0.156  1.427  0.603  127.2  0.0038592        0.00681501      0.00462767
0.156  1.428  0.603  142.3  0.0124825        0.00704505      0.00635456
0.156  1.428  0.603  157.4  -0.00173259      0.00316575      0.00251709
0.156  1.428  0.603  172.5  0.00124826       0.00495611      0.00322036
0.156  1.428  0.603  187.5  -0.00203416      0.00717349      0.00196129
0.156  1.428  0.603  202.6  -0.00873279      0.00449384      0.0012582
0.156  1.428  0.603  217.7  -0.00495994      0.00470612      0.00245137
0.156  1.427  0.603  232.8  -0.0158154       0.00555526      0.00356807
0.156  1.427  0.604  247.8  -0.00550281      0.00680853      0.00208469
0.156  1.427  0.604  262.9  -0.00782497      0.00526897      0.00171417
0.156  1.427  0.604  278    -0.0214525       0.00685806      0.00173238
0.156  1.426  0.604  293.1  -0.016872        0.0116785       0.00653108
0.156  1.426  0.603  308.2  -0.00773928      0.0120506       0.0105473
0.156  1.426  0.602  323.3  0.0336735        0.0153191       0.0289728
0.156  1.422  0.869  7.5    -0.0048938       0.0112668       0.00215133
0.156  1.426  0.858  21.9   0.0148314        0.00936378      0.00258946
0.156  1.426  0.862  36.8   0.00922946       0.00458331      0.000981127
0.156  1.426  0.864  51.8   -0.00524373      0.00340659      0.00174095
0.156  1.427  0.864  66.9   0.00630388       0.00495119      0.00330999
0.156  1.427  0.865  82     0.0104973        0.00387714      0.00169178
0.156  1.427  0.865  97.1   0.00463145       0.00317142      0.00044575
0.156  1.428  0.865  112.2  0.00121832       0.0014437       0.00121979
0.156  1.428  0.864  127.2  0.00478182       0.00297984      0.00140833
0.156  1.428  0.864  142.3  0.00438166       0.003361        0.00464277
0.155  1.428  0.864  172.5  -0.00828712      0.00511267      0.0017116
0.155  1.428  0.864  202.6  -0.0120749       0.00528473      0.00321165
0.156  1.428  0.864  217.7  -0.00452621      0.00298704      0.000842502
0.156  1.428  0.864  232.8  0.00407663       0.00219447      0.00107457
0.156  1.428  0.865  247.8  0.00118513       0.00205371      0.00116899
0.156  1.427  0.865  262.9  0.00348928       0.00303665      0.000777669
0.156  1.427  0.865  278    0.00115609       0.00252268      0.00137676
0.156  1.427  0.864  293.1  -0.000960557     0.00314674      0.00308394
0.156  1.426  0.864  308.2  -0.000556391     0.00394763      0.00289903
0.156  1.426  0.862  323.2  -0.00800777      0.00556719      0.00273279
0.156  1.426  0.858  338.1  0.00358248       0.00636436      0.00442764
0.156  1.422  0.869  352.5  0.00472929       0.00816894      0.000479027
0.156  1.424  1.382  7.3    0.000236513      0.00202358      0.00131945
0.156  1.425  1.381  22     0.00258911       0.00171052      0.000555409
0.156  1.426  1.381  36.9   -0.00117154      0.00159005      0.000554091
0.156  1.426  1.38   51.9   -0.000310106     0.000969358     0.000566351
0.156  1.427  1.38   66.9   -0.000613044     0.00115651      0.000635054
0.156  1.428  1.38   82     -0.00288718      0.0028358       0.00109526
0.156  1.428  1.379  97     0.000741455      0.00175353      0.000437842
0.156  1.428  1.379  247.9  -0.00534491      0.00293571      0.00043758
0.156  1.428  1.379  263    -0.00128042      0.00105651      0.000262699
0.156  1.428  1.38   278    -0.000519826     0.00079265      0.000143304
0.156  1.427  1.38   293.1  -0.000410969     0.00080776      0.000262493
0.156  1.426  1.381  323.1  -0.00188415      0.00179643      0.000444232
0.156  1.425  1.381  338    -0.00299348      0.00142238      0.000749338
0.156  1.424  1.382  352.7  -0.000180818     0.0018406       0.047599
0.184  1.484  0.109  7.5    0.119001         0.177636        0.311072
0.184  1.483  0.109  22.3   0.328899         0.13336         0.034621
0.184  1.484  0.109  37.1   0.741453         0.0987945       0.0700476
0.184  1.485  0.109  52.1   0.507061         0.0935631       0.0453536
0.184  1.486  0.109  67.1   0.311126         0.0898126       0.168404
0.184  1.486  0.109  82.1   0.196226         0.0806804       0.0408217
0.184  1.487  0.108  97.2   0.353709         0.081279        0.0529996
0.184  1.487  0.108  112.2  0.322134         0.0738354       0.0538302
0.184  1.487  0.108  127.3  0.482898         0.0915736       0.0301921
0.184  1.487  0.108  142.3  0.155029         0.0819544       0.0258602
0.184  1.487  0.108  157.4  0.157724         0.0473952       0.0162829
0.184  1.487  0.108  172.5  -0.236031        0.0899131       0.0347316
0.184  1.487  0.108  187.5  -0.034872        0.0704374       0.0470753
0.184  1.487  0.108  202.6  -0.156683        0.043712        0.0269491
0.184  1.487  0.108  232.7  0.0784408        0.0554811       0.0316584
0.184  1.487  0.108  247.8  -0.23925         0.0680578       0.0281836
0.184  1.487  0.108  262.8  -0.0983019       0.0521005       0.0366354
0.184  1.486  0.109  277.9  -0.229883        0.0702466       0.0372899
0.184  1.486  0.109  292.9  -0.575003        0.0978123       0.167342
0.184  1.485  0.109  307.9  -0.308173        0.10049         0.0913116
0.184  1.484  0.109  322.9  -0.226511        0.0830663       0.0575743
0.184  1.483  0.109  337.7  -0.298323        0.142114        0.0628746
0.186  1.487  0.152  22.8   0.279858         0.184735        0.049335
0.184  1.485  0.154  37     0.222859         0.0559635       0.0224677
0.184  1.486  0.154  52     0.117076         0.0469564       0.033066
0.184  1.486  0.153  67     0.282598         0.0537529       0.0515323
0.184  1.487  0.153  82.1   0.152936         0.0407194       0.0212803
0.184  1.487  0.153  97.1   0.193241         0.0370253       0.0334003
0.184  1.488  0.153  112.2  0.118042         0.0274302       0.00906835
0.184  1.488  0.153  127.3  0.0376269        0.0351507       0.0218172
0.184  1.488  0.153  142.3  0.09535          0.0368387       0.0240774
0.184  1.488  0.153  157.4  -0.01961         0.0290501       0.00662044
0.184  1.488  0.153  172.5  0.0743927        0.030323        0.0199882
0.184  1.488  0.153  187.5  0.14396          0.0537756       0.0234017
0.184  1.488  0.153  202.6  -0.00464568      0.0313637       0.00964947
0.184  1.488  0.153  217.7  -0.0716192       0.0248521       0.00980885
0.184  1.488  0.153  232.7  -0.109277        0.0489913       0.0264607
0.184  1.488  0.153  247.8  -0.159705        0.0360008       0.0158918
0.184  1.487  0.153  262.9  -0.119871        0.042394        0.026851
0.184  1.487  0.153  277.9  -0.198097        0.0389542       0.0294665
0.184  1.486  0.153  293    -0.204063        0.0652208       0.0400348
0.184  1.486  0.154  308    -0.359301        0.0621659       0.0326355
0.184  1.485  0.154  323    -0.247745        0.0645154       0.0578676
0.186  1.487  0.152  337.2  0.0610187        0.147656        0.101793
0.184  1.485  0.204  37     0.393178         0.0665195       0.0258523
0.184  1.486  0.204  51.9   0.332541         0.0503608       0.0419294
0.184  1.487  0.203  67     0.161411         0.0474203       0.0222705
0.184  1.487  0.203  82     0.136591         0.0295071       0.0131574
0.184  1.488  0.203  97.1   0.0613721        0.0260922       0.0145691
0.184  1.488  0.203  112.2  0.0235099        0.020023        0.00986939
0.184  1.488  0.203  127.2  -0.00595932      0.0378972       0.0171623
0.184  1.488  0.203  142.3  0.0357394        0.0336234       0.00627342
0.184  1.488  0.203  157.4  0.0560572        0.0225099       0.0138269
0.184  1.489  0.203  172.5  0.058939         0.0247056       0.00978687
0.184  1.489  0.203  187.5  -0.0527361       0.0315724       0.0105144
0.184  1.488  0.203  202.6  -0.0271358       0.0188488       0.00860758
0.184  1.488  0.203  217.7  -0.0602667       0.0158284       0.00485774
0.184  1.488  0.203  232.8  -0.0444763       0.0232553       0.0183528
0.184  1.488  0.203  247.8  -0.134472        0.0281701       0.0124175
0.184  1.488  0.203  262.9  -0.0609948       0.0269711       0.00703763
0.184  1.487  0.203  278    -0.148117        0.0363261       0.0170239
0.184  1.487  0.203  293    -0.224194        0.0393654       0.0236624
0.184  1.486  0.204  308.1  -0.31611         0.0691443       0.0746757
0.184  1.485  0.204  323    -0.378973        0.0699338       0.0516148
0.185  1.486  0.263  37.1   0.256898         0.0533704       0.0160727
0.184  1.486  0.262  51.8   0.121232         0.0355148       0.0117038
0.184  1.487  0.262  66.9   0.0237963        0.0240426       0.00812059
0.184  1.488  0.262  82     0.107303         0.0245079       0.019057
0.184  1.488  0.262  97.1   0.049328         0.0191485       0.01239
0.184  1.488  0.262  112.2  0.0262785        0.0138006       0.00616563
0.184  1.488  0.262  127.2  0.0554962        0.024042        0.0216324
0.184  1.489  0.262  142.3  0.0334698        0.0178951       0.0220856
0.184  1.489  0.262  157.4  -0.0100611       0.0135223       0.00744816
0.184  1.489  0.262  172.5  0.0230731        0.0145082       0.013062
0.184  1.489  0.262  187.5  -0.0272762       0.0350417       0.00720675
0.184  1.489  0.262  202.6  -0.0294886       0.0172876       0.00652909
0.184  1.489  0.262  217.7  -0.0336789       0.0143365       0.00461146
0.184  1.488  0.262  232.8  -0.0227756       0.0175288       0.00937625
0.184  1.488  0.262  247.8  -0.029279        0.0204532       0.00460707
0.184  1.488  0.262  262.9  -0.0232072       0.0170011       0.0073333
0.184  1.488  0.262  278    -0.0190095       0.0177835       0.00894847
0.184  1.487  0.262  293.1  -0.0362463       0.0266751       0.0110904
0.184  1.486  0.262  308.2  -0.217545        0.0394059       0.0162387
0.185  1.486  0.263  322.9  -0.196224        0.0527604       2.78583
0.185  1.486  0.342  37     0.261375         0.0477819       0.0160346
0.184  1.487  0.341  51.7   0.0443498        0.0205232       0.00917541
0.184  1.487  0.341  66.8   0.0916816        0.0238777       0.00922712
0.184  1.488  0.341  82     0.0465882        0.0198963       0.00384148
0.184  1.488  0.34   97.1   0.0110924        0.0131166       0.00476773
0.184  1.489  0.34   112.1  0.0120553        0.0105625       0.00940996
0.184  1.489  0.34   127.2  0.0306997        0.011789        0.00785534
0.184  1.489  0.34   142.3  0.0269287        0.0188225       0.00570714
0.184  1.489  0.34   157.4  0.0176222        0.0115627       0.00508163
0.184  1.489  0.34   172.5  0.0151972        0.0131249       0.0048588
0.184  1.489  0.34   187.5  -0.00802655      0.0196948       0.00380224
0.184  1.489  0.34   202.6  -0.010896        0.0145962       0.00509121
0.184  1.489  0.34   217.7  -0.0270735       0.0118653       0.00751926
0.184  1.489  0.34   232.8  -0.0170602       0.00971203      0.00755148
0.184  1.489  0.34   247.9  -0.0273128       0.0113775       0.00752346
0.184  1.488  0.34   262.9  -0.054412        0.0173984       0.00412537
0.184  1.488  0.341  278    -0.0459535       0.0209558       0.00784132
0.184  1.487  0.341  293.2  -0.0281564       0.0182398       0.00380625
0.184  1.487  0.341  308.3  -0.120062        0.0297111       0.0198343
0.185  1.486  0.342  323    -0.155941        0.0531925       0.0281024
0.185  1.486  0.449  36.6   0.087108         0.0272597       0.00643791
0.184  1.487  0.448  51.6   0.0263773        0.0124311       0.00297465
0.184  1.488  0.447  66.8   0.0382079        0.0144559       0.00787249
0.184  1.488  0.447  81.9   0.0188517        0.0221552       0.0131205
0.184  1.488  0.447  97     0.0186618        0.00963466      0.00193797
0.184  1.489  0.447  112.1  -0.00518481      0.00599327      0.0032094
0.184  1.489  0.447  127.2  0.0404476        0.00734085      0.00630959
0.184  1.489  0.447  142.3  -0.0107812       0.0109405       0.00517682
0.184  1.489  0.447  157.4  -0.00789094      0.0157123       0.000460117
0.184  1.489  0.447  172.5  -0.018593        0.0284283       0.00154002
0.184  1.489  0.447  187.5  -0.0570812       0.11752         0.0660454
0.184  1.489  0.447  202.6  -0.028567        0.0134519       0.00749097
0.184  1.489  0.447  217.7  -0.00563988      0.00758238      0.0040752
0.184  1.489  0.447  232.8  -0.0278789       0.0101677       0.0118343
0.184  1.489  0.447  247.9  -0.0124146       0.00900645      0.00702939
0.184  1.488  0.447  263    -0.0118802       0.00962816      0.00459048
0.184  1.488  0.447  278.1  -0.044895        0.0123968       0.0041741
0.184  1.488  0.447  293.2  -0.0140329       0.0118209       0.00695927
0.184  1.487  0.448  308.4  -0.0738467       0.0200044       0.00870068
0.185  1.486  0.449  323.4  -0.06108         0.0283849       0.0392408
0.185  1.487  0.604  36.4   0.0266396        0.0124834       0.00554569
0.185  1.487  0.605  51.6   0.0354707        0.00895082      0.00414357
0.185  1.488  0.605  66.8   0.00413882       0.00831694      0.00732397
0.185  1.488  0.604  81.9   0.0226415        0.00714073      0.0045313
0.185  1.489  0.604  97     0.0118737        0.00503842      0.00338788
0.185  1.489  0.604  112.1  0.00159174       0.00614921      0.00173668
0.185  1.489  0.604  127.2  0.00507502       0.00681117      0.00287925
0.185  1.489  0.604  232.8  0.00558761       0.011952        0.00365879
0.185  1.489  0.604  247.9  -0.00337286      0.0113365       0.00170219
0.185  1.489  0.604  263    -0.00637814      0.00515984      0.00118104
0.185  1.488  0.604  278.1  -0.0106856       0.00664919      0.00373779
0.185  1.488  0.605  293.2  -0.01469         0.00866874      0.00368397
0.185  1.487  0.605  308.4  -0.048875        0.0130435       0.00371267
0.185  1.487  0.604  323.6  -0.0395558       0.0150318       0.0325861
0.185  1.484  0.875  22.2   0.00549052       0.011649        0.00231986
0.185  1.487  0.864  36.5   0.0161971        0.00545476      0.00296004
0.185  1.488  0.866  51.6   -0.00137876      0.00497557      0.00159236
0.185  1.488  0.866  66.8   -0.00376044      0.00351457      0.000841855
0.185  1.489  0.866  81.9   -0.00788638      0.00459467      0.00556
0.185  1.489  0.866  97     -0.00589158      0.00586287      0.000435818
0.184  1.489  0.865  112.1  0.0040231        0.0034112       0.00169495
0.185  1.49   0.865  187.5  -0.00621346      0.0102468       0.000362304
0.184  1.489  0.865  247.9  0.0353135        0.0311351       0.00512021
0.185  1.489  0.866  263    0.00190524       0.00725331      0.000993027
0.185  1.489  0.866  278.1  0.00206614       0.0023931       0.00115887
0.185  1.488  0.866  293.2  -0.00253774      0.00269686      0.00140945
0.185  1.488  0.866  308.4  -0.00385002      0.00688407      0.000709622
0.185  1.487  0.864  323.5  -0.00623218      0.0063943       0.00203487
0.185  1.484  0.875  337.8  -0.0107109       0.00861418      0.00481895
0.186  1.485  1.38   7.1    -0.00491042      0.00310429      0.000674361
0.185  1.486  1.381  21.7   0.000661017      0.00247879      0.00242798
0.185  1.487  1.382  36.6   -0.00123413      0.00230512      0.000175783
0.185  1.488  1.382  51.6   0.000191637      0.0010165       0.00183277
0.185  1.489  1.382  66.8   0.000856792      0.000896974     0.000347746
0.185  1.489  1.382  293.2  0.00101493       0.001175        0.000630125
0.185  1.488  1.382  308.4  -0.000423044     0.0019658       0.000810336
0.185  1.487  1.382  323.4  -0.00222034      0.00170845      0.000485778
0.185  1.486  1.381  338.3  0.00136342       0.00163532      0.000398533
0.186  1.485  1.38   352.9  -0.00056418      0.00238149      5.24772
0.185  1.667  0.109  52.3   0.335212         0.109395        0.0465011
0.185  1.669  0.109  67.1   0.39737          0.0949936       0.140838
0.185  1.67   0.109  82.1   0.1919           0.0569369       0.0321203
0.185  1.67   0.108  97.2   0.231862         0.0541424       0.0225801
0.185  1.671  0.108  112.2  0.196058         0.05545         0.0406554
0.185  1.671  0.108  127.3  0.163003         0.0539952       0.033642
0.185  1.671  0.108  142.3  -0.0279568       0.0464618       0.0168465
0.185  1.672  0.108  157.4  0.0879899        0.0469269       0.0172234
0.185  1.672  0.108  172.5  0.0500375        0.0621756       0.031812
0.185  1.672  0.108  187.5  0.0299454        0.0577279       0.0266778
0.185  1.672  0.108  202.6  -0.145901        0.0375805       0.0127054
0.185  1.671  0.108  217.7  0.021898         0.0372743       0.00749405
0.185  1.671  0.108  232.7  0.0265404        0.0577017       0.0491856
0.185  1.671  0.108  247.8  -0.193338        0.0531588       0.0169254
0.185  1.67   0.108  262.8  -0.187946        0.0478223       0.0156573
0.185  1.67   0.109  277.9  -0.212908        0.0578074       0.0576627
0.185  1.669  0.109  292.9  -0.604682        0.0991728       0.114344
0.185  1.667  0.109  307.7  -0.43247         0.102215        0.10158
0.185  1.666  0.153  52.3   0.357291         0.0563723       0.032423
0.185  1.67   0.153  67     0.287405         0.0535613       0.0182526
0.185  1.67   0.153  82.1   0.182186         0.0351245       0.0192065
0.185  1.671  0.153  97.1   0.150488         0.0314375       0.0154124
0.185  1.671  0.153  112.2  0.12361          0.0284193       0.0121947
0.185  1.672  0.153  127.3  0.0848155        0.0278666       0.0153142
0.185  1.672  0.153  142.3  0.136037         0.0316465       0.0136551
0.185  1.672  0.153  157.4  0.0995885        0.019417        0.00764817
0.185  1.672  0.153  172.5  -0.0178172       0.0263858       0.0152851
0.185  1.672  0.153  187.5  0.0453361        0.0250924       0.0127841
0.185  1.672  0.153  202.6  -0.0626869       0.0190191       0.0128178
0.185  1.672  0.153  217.7  -0.017672        0.0235393       0.0117237
0.185  1.672  0.153  232.7  -0.0856778       0.0250023       0.0171441
0.185  1.671  0.153  247.8  -0.111309        0.0370918       0.0181242
0.185  1.671  0.153  262.9  -0.134923        0.0301707       0.0246117
0.185  1.67   0.153  277.9  -0.16923         0.0363018       0.0197824
0.185  1.67   0.153  293    -0.130924        0.0489052       0.0187274
0.185  1.666  0.153  307.7  -0.492857        0.072292        0.0750185
0.185  1.667  0.204  52.2   0.159102         0.0462175       0.0297116
0.185  1.67   0.203  66.9   0.265448         0.0383092       0.0159798
0.185  1.671  0.203  82     0.107028         0.0300059       0.0212066
0.185  1.671  0.203  97.1   0.125477         0.022005        0.0106378
0.185  1.672  0.203  112.2  0.0544975        0.0215889       0.00569628
0.185  1.672  0.203  127.3  0.0997518        0.0265019       0.0259266
0.185  1.672  0.203  142.3  0.0171383        0.0257654       0.0158519
0.185  1.672  0.203  157.4  0.0020092        0.0175249       0.00263926
0.185  1.673  0.203  172.5  0.033813         0.0166608       0.00430939
0.185  1.673  0.203  187.5  0.00690971       0.0197486       0.0120257
0.185  1.672  0.203  202.6  -0.0643336       0.0215744       0.0128345
0.185  1.672  0.203  217.7  -0.0274373       0.0156454       0.0120397
0.185  1.672  0.203  232.7  -0.0459587       0.0213048       0.0127799
0.185  1.672  0.203  247.8  -0.0614992       0.023724        0.00810836
0.185  1.671  0.203  262.9  -0.106761        0.024674        0.00924061
0.185  1.671  0.203  278    -0.116549        0.02372         0.00959498
0.185  1.67   0.203  293.1  -0.193277        0.0330816       0.0176672
0.185  1.667  0.204  307.8  -0.393559        0.0630111       0.264515
0.185  1.668  0.262  51.9   0.191011         0.0303835       0.0148575
0.185  1.67   0.262  66.9   0.0763926        0.0231821       0.0209308
0.185  1.671  0.262  82     0.0575852        0.0209684       0.0172001
0.185  1.671  0.262  97.1   0.113716         0.0172862       0.00951251
0.185  1.672  0.262  112.2  0.0413859        0.0129751       0.0111537
0.185  1.672  0.262  127.3  0.0705558        0.0171134       0.0141855
0.185  1.672  0.262  142.3  0.0804837        0.019116        0.00522278
0.185  1.673  0.262  157.4  -0.0027173       0.0107114       0.00456145
0.185  1.673  0.262  172.5  0.00855699       0.0114368       0.00418405
0.185  1.673  0.262  202.6  -0.0282501       0.0152115       0.00325692
0.185  1.672  0.262  217.7  -0.0237052       0.0114392       0.00873628
0.185  1.672  0.262  232.7  -0.0489512       0.0147331       0.00646164
0.185  1.672  0.262  247.8  -0.00676821      0.0137491       0.00214119
0.185  1.671  0.262  262.9  -0.0495981       0.0125151       0.00649282
0.185  1.671  0.262  278    -0.0636726       0.017251        0.00701211
0.185  1.67   0.262  293.1  -0.108495        0.0218006       0.0110016
0.185  1.668  0.262  308.1  -0.198693        0.0320438       0.139065
0.185  1.669  0.341  51.7   0.134678         0.0201257       0.0163748
0.185  1.67   0.34   66.9   0.0632285        0.0153927       0.0098264
0.185  1.671  0.34   82     0.0589641        0.0123581       0.00659738
0.185  1.671  0.34   97.1   0.0145353        0.0104623       0.00281435
0.185  1.672  0.34   112.2  0.0275698        0.00780524      0.00450083
0.185  1.672  0.34   127.2  0.0150708        0.00896127      0.00392351
0.185  1.673  0.34   142.3  0.0232695        0.00959914      0.00266381
0.185  1.673  0.34   157.4  0.034894         0.0108402       0.00757938
0.185  1.673  0.34   172.5  -0.00458515      0.0113058       0.00318649
0.185  1.673  0.34   187.5  0.00492746       0.010039        0.00317066
0.185  1.673  0.34   202.6  0.00145842       0.0098391       0.00208679
0.185  1.673  0.34   217.7  -0.00203944      0.00808507      0.00153043
0.185  1.672  0.34   232.8  -0.0478679       0.0125219       0.00656496
0.185  1.672  0.34   247.8  -0.0253585       0.0114833       0.00239733
0.185  1.671  0.34   262.9  -0.0400851       0.0108762       0.00365679
0.185  1.671  0.34   278    -0.0611569       0.0131039       0.00635093
0.185  1.67   0.34   293.1  -0.0762544       0.0160641       0.00728042
0.185  1.669  0.341  308.3  -0.0985546       0.0210964       0.0564863
0.185  1.668  0.447  51.7   0.0380819        0.0116227       0.0049796
0.185  1.67   0.447  66.9   0.023068         0.00987129      0.00294168
0.185  1.67   0.447  82     0.0374361        0.00995774      0.00582044
0.185  1.671  0.447  97.1   0.0148501        0.00540952      0.00204358
0.185  1.672  0.447  112.2  0.0129177        0.0050282       0.00234668
0.185  1.672  0.447  127.2  0.00767266       0.00523045      0.00564848
0.185  1.673  0.447  142.3  0.0113317        0.00658087      0.00506876
0.185  1.673  0.447  157.4  0.0025744        0.0049822       0.00278337
0.185  1.673  0.447  172.5  0.0152428        0.00550532      0.00140284
0.185  1.673  0.447  187.5  -0.00112152      0.00468476      0.00396179
0.185  1.673  0.447  202.6  -0.00530758      0.00846014      0.00286308
0.185  1.673  0.447  217.7  -0.00487023      0.00582225      0.00247045
0.185  1.672  0.447  232.8  -0.00156975      0.00540655      0.00174563
0.185  1.672  0.447  247.8  -0.00660504      0.00671299      0.0022079
0.185  1.671  0.447  262.9  -0.0244132       0.00652018      0.00334565
0.185  1.67   0.447  278    -0.016319        0.00588427      0.00171621
0.185  1.67   0.447  293.1  -0.0374559       0.0106          0.00405458
0.185  1.668  0.447  308.3  -0.0378302       0.0130193       0.00713522
0.185  1.665  0.604  36.7   0.0368792        0.00923752      0.00358025
0.185  1.668  0.604  51.7   0.0133003        0.00509527      0.00173083
0.185  1.669  0.604  66.9   0.00800695       0.00458872      0.00267726
0.185  1.67   0.604  82     0.00721288       0.00431787      0.00395413
0.185  1.671  0.604  97.1   0.00667389       0.00390092      0.00125358
0.185  1.672  0.604  112.2  0.00724522       0.00375639      0.00152552
0.185  1.673  0.604  127.2  0.0112741        0.0033166       0.00195009
0.185  1.673  0.604  142.3  -0.00896312      0.00465652      0.00130597
0.185  1.673  0.604  157.4  -0.00194564      0.00343211      0.00146753
0.185  1.673  0.604  172.5  -0.00567433      0.00431437      0.00412966
0.185  1.673  0.604  187.5  0.0181122        0.0110715       0.00268895
0.185  1.673  0.604  202.6  0.00833459       0.00412666      0.00341102
0.185  1.673  0.604  232.8  0.000593014      0.00339658      0.00141058
0.185  1.672  0.604  247.8  -0.0020784       0.00401019      0.00359135
0.185  1.671  0.604  262.9  -0.0173915       0.00487162      0.00118497
0.185  1.67   0.604  278    -0.0118542       0.00421084      0.00174839
0.185  1.669  0.604  293.1  -0.0038504       0.00522135      0.000646265
0.185  1.668  0.604  308.3  -0.0145913       0.00598132      0.00417734
0.185  1.665  0.604  323.3  -0.0320187       0.0104734       0.301514
0.184  1.658  0.937  7.8    -0.00384022      0.0087283       0.00308678
0.185  1.661  0.867  22.2   0.00297353       0.00572888      0.00207005
0.186  1.665  0.862  36.7   0.00969464       0.00381806      0.000704074
0.185  1.667  0.864  51.8   0.00782011       0.00228684      0.000961162
0.185  1.669  0.865  66.9   -0.00267592      0.00239664      0.000858935
0.185  1.67   0.865  82     0.00668477       0.00442234      0.000597245
0.185  1.671  0.865  97.1   -0.00310698      0.00205791      0.000461039
0.185  1.673  0.865  127.2  -0.00153161      0.0035905       0.00181322
0.185  1.673  0.865  142.3  -0.00264741      0.00200864      0.00349276
0.185  1.673  0.865  217.7  0.00142719       0.00284824      0.000513355
0.185  1.673  0.865  232.8  0.00475972       0.00284829      0.000455498
0.185  1.672  0.865  247.8  -0.0110825       0.00395752      0.001574
0.185  1.671  0.865  262.9  -0.00439489      0.0019497       0.000827587
0.185  1.67   0.865  278    -0.00342435      0.0013771       0.000777657
0.185  1.669  0.865  293.1  -0.000242038     0.00214442      0.00159797
0.185  1.667  0.864  308.2  -0.00936177      0.00299695      0.0018247
0.186  1.665  0.862  323.3  -0.00428426      0.00437948      0.0018076
0.185  1.661  0.867  337.8  -0.00953335      0.00531296      0.00370602
0.184  1.658  0.937  352.2  -0.0449862       0.0126872       0.00426632
0.186  1.659  1.372  7.3    -0.000238203     0.00124238      0.000924369
0.186  1.661  1.376  21.9   -0.000667963     0.00141086      0.000469626
0.186  1.664  1.379  36.8   -0.000269891     0.00114102      0.000127628
0.186  1.667  1.381  51.8   -0.000411555     0.000623417     0.000419888
0.185  1.669  1.382  66.9   0.000490991      0.00062111      0.000355731
0.185  1.67   1.382  82     -0.00123265      0.00120689      0.000635032
0.186  1.672  1.381  97.1   -0.00222017      0.00207         0.000767539
0.185  1.672  1.381  112.1  -0.0032127       0.00661964      0.000187331
0.186  1.674  1.381  157.4  0.00258347       0.00521767      0.000224435
0.186  1.675  1.381  172.5  -0.00128081      0.0011604       0.00127742
0.185  1.672  1.381  247.9  -0.00143908      0.00133481      0.000373645
0.185  1.67   1.382  278    -0.000340991     0.000687387     0.000583359
0.185  1.669  1.382  293.1  0.000775998      0.000724501     0.000512544
0.186  1.664  1.379  323.2  -0.000508205     0.00105779      0.000357886
0.186  1.661  1.376  338.1  0.00178104       0.00117231      0.000603613
0.186  1.659  1.372  352.7  0.00164913       0.00127967      0.00711867
0.213  1.681  0.11   7.4    0.0332173        0.0656786       0.0271882
0.213  1.681  0.11   22.3   0.104125         0.0655384       0.0250928
0.214  1.682  0.11   37.2   0.319114         0.0570919       0.0225781
0.214  1.682  0.109  52.2   0.331297         0.0506777       0.0282951
0.214  1.683  0.109  67.2   0.247435         0.0534097       0.0409395
0.214  1.684  0.109  82.2   0.236833         0.0512587       0.0254224
0.214  1.684  0.109  97.2   0.100985         0.0419726       0.0225547
0.214  1.685  0.109  112.2  0.0834026        0.0296117       0.0214936
0.214  1.685  0.109  127.3  0.126921         0.0376391       0.0369815
0.214  1.686  0.108  142.3  0.0302031        0.0265527       0.0251321
0.214  1.686  0.108  157.4  0.0398267        0.0248508       0.00773579
0.214  1.686  0.108  172.5  0.0409562        0.0273568       0.0189962
0.214  1.686  0.108  187.5  -0.0432196       0.0274114       0.0867889
0.214  1.686  0.108  202.6  -0.0937431       0.0341758       0.0130715
0.214  1.686  0.108  217.7  -0.0307649       0.0254919       0.0174064
0.214  1.685  0.109  247.8  -0.188466        0.042348        0.0341528
0.214  1.684  0.109  262.8  -0.106717        0.0342029       0.00921398
0.214  1.684  0.109  277.8  -0.117272        0.0460893       0.0228084
0.214  1.683  0.109  292.8  -0.183164        0.0521599       0.0458744
0.214  1.682  0.109  307.8  -0.125653        0.0495118       0.049714
0.214  1.682  0.11   322.8  -0.133949        0.0519331       0.0177469
0.213  1.681  0.11   337.7  -0.183651        0.0581937       0.0150151
0.213  1.681  0.11   352.6  0.0204983        0.0689667       0.0199491
0.214  1.68   0.154  7.4    -0.0146002       0.0677032       0.0169033
0.214  1.682  0.155  22.2   0.259157         0.0433313       0.0214149
0.214  1.683  0.154  37.1   0.26643          0.0314646       0.0208497
0.214  1.683  0.154  52     0.161375         0.0298078       0.0183873
0.214  1.684  0.153  67.1   0.172775         0.0378539       0.0383534
0.214  1.685  0.153  82.1   0.0895107        0.0304071       0.0253976
0.214  1.685  0.153  97.2   0.103081         0.0218436       0.00626678
0.214  1.686  0.153  112.2  0.0492906        0.0203562       0.00808573
0.214  1.686  0.153  127.3  0.0498681        0.016068        0.0152986
0.214  1.686  0.153  142.3  0.0583077        0.0224251       0.0138112
0.214  1.687  0.153  157.4  -0.0049234       0.0158529       0.00519866
0.214  1.687  0.153  172.5  0.0222705        0.0176786       0.00917998
0.214  1.687  0.153  187.5  -0.0658245       0.0182612       0.0118204
0.214  1.687  0.153  202.6  -0.00516176      0.010847        0.00636937
0.214  1.686  0.153  217.7  -0.0527523       0.0160315       0.00473946
0.214  1.686  0.153  232.7  -0.0299381       0.0174778       0.0136357
0.214  1.686  0.153  247.8  -0.122963        0.0275041       0.0195869
0.214  1.685  0.153  262.8  -0.0716397       0.0205783       0.0140775
0.214  1.685  0.153  277.9  -0.0870942       0.0218422       0.0123108
0.214  1.684  0.153  292.9  -0.19181         0.0428925       0.0182652
0.214  1.683  0.154  308    -0.192207        0.0348511       0.0284265
0.214  1.683  0.154  322.9  -0.0657583       0.0341218       0.0443054
0.214  1.682  0.155  337.8  -0.184507        0.0385416       0.0279493
0.214  1.68   0.154  352.6  -0.0889894       0.0624527       0.0389942
0.214  1.679  0.204  22.4   0.244522         0.0605152       0.0268728
0.214  1.683  0.204  36.9   0.149533         0.0284077       0.0104494
0.214  1.684  0.204  51.9   0.0763245        0.0231741       0.0114908
0.214  1.684  0.203  67     0.0875196        0.0240995       0.00973509
0.214  1.685  0.203  82.1   0.0941279        0.0236857       0.00781692
0.214  1.685  0.203  97.1   0.0666361        0.0184222       0.00501635
0.214  1.686  0.203  112.2  0.0624157        0.0146563       0.0050958
0.214  1.686  0.203  127.2  0.0420501        0.0173919       0.00627499
0.214  1.687  0.203  142.3  -0.0088296       0.0229175       0.00333359
0.214  1.687  0.203  157.4  0.0135364        0.00848186      0.00307828
0.214  1.687  0.203  172.5  0.00874294       0.0102677       0.00362498
0.214  1.687  0.203  187.5  -0.0254092       0.0139084       0.0128154
0.214  1.687  0.203  202.6  0.0398531        0.0168245       0.00921787
0.214  1.687  0.203  217.7  -0.0316979       0.0120436       0.00496226
0.214  1.686  0.203  232.8  -0.0365513       0.0201548       0.00975765
0.214  1.686  0.203  247.8  -0.082195        0.0168172       0.0079166
0.214  1.685  0.203  262.9  -0.0368541       0.015027        0.00781729
0.214  1.685  0.203  277.9  -0.0839651       0.0148518       0.00822106
0.214  1.684  0.203  293    -0.111825        0.0266209       0.0113795
0.214  1.684  0.204  308.1  -0.148041        0.0297112       0.0112011
0.214  1.683  0.204  323.1  -0.101782        0.0305539       0.0123763
0.214  1.679  0.204  337.6  -0.249702        0.0485971       0.0318689
0.214  1.683  0.263  36.8   0.173205         0.0268784       0.0178807
0.214  1.684  0.263  51.8   0.142534         0.0170729       0.00946441
0.214  1.684  0.262  66.9   0.0965663        0.0173129       0.0103883
0.214  1.685  0.262  82     0.0592372        0.015017        0.0093598
0.214  1.686  0.262  97.1   0.0695461        0.0108329       0.00629176
0.214  1.686  0.262  112.2  0.0461609        0.0117988       0.00632376
0.214  1.687  0.262  127.2  0.030218         0.0137669       0.00416827
0.214  1.687  0.262  142.3  0.0447943        0.0164705       0.009443
0.214  1.687  0.262  157.4  -0.0148786       0.00954266      0.00579397
0.214  1.687  0.262  172.5  -0.00571294      0.00826715      0.00482893
0.214  1.687  0.262  187.5  0.0196855        0.00998629      0.0040648
0.214  1.687  0.262  202.6  -0.00236852      0.0105547       0.00110302
0.214  1.687  0.262  217.7  -0.0153804       0.00872027      0.00391414
0.214  1.687  0.262  232.8  -0.03221         0.0127398       0.00303482
0.214  1.686  0.262  247.8  -0.0496095       0.0103976       0.00770269
0.214  1.686  0.262  262.9  -0.0544675       0.010345        0.0049866
0.214  1.685  0.262  278    -0.0689711       0.0128283       0.0132723
0.214  1.684  0.262  293.1  -0.06002         0.0183668       0.01013
0.214  1.684  0.263  308.2  -0.125886        0.0255217       0.00901133
0.214  1.683  0.263  323.2  -0.140992        0.0261181       0.0111094
0.214  1.683  0.342  36.6   0.133513         0.0181392       0.0122417
0.214  1.684  0.341  51.8   0.0713711        0.0109264       0.00810921
0.214  1.684  0.341  66.9   0.0562598        0.0124331       0.00608113
0.214  1.685  0.341  82     0.0372532        0.0136294       0.00504392
0.214  1.686  0.341  97.1   0.0288233        0.00722566      0.00371705
0.214  1.686  0.34   112.2  0.0264213        0.00630259      0.00344135
0.214  1.687  0.34   127.2  0.0215403        0.0100847       0.00601493
0.214  1.687  0.34   142.3  0.0170033        0.0119764       0.00715831
0.215  1.687  0.34   157.4  0.0591282        0.0207325       0.0128299
0.215  1.687  0.34   172.5  0.0201073        0.0149562       0.00852728
0.215  1.687  0.34   187.5  -0.0118182       0.0102224       0.00500378
0.215  1.687  0.34   202.6  0.00912918       0.0131507       0.00701913
0.214  1.687  0.34   232.8  -0.0273408       0.0107272       0.00361639
0.214  1.686  0.34   247.8  -0.0478549       0.0105233       0.00504025
0.214  1.686  0.341  262.9  -0.0187302       0.00751291      0.00351763
0.214  1.685  0.341  278    -0.0401239       0.00962642      0.00267237
0.214  1.684  0.341  293.1  -0.0499745       0.0130054       0.00422102
0.214  1.684  0.341  308.2  -0.0695828       0.0152606       0.0168017
0.214  1.683  0.342  323.4  -0.119931        0.0207521       0.0614371
0.214  1.682  0.449  36.5   0.0737692        0.0111153       0.00579059
0.214  1.683  0.448  51.7   0.0542787        0.00908647      0.00430074
0.214  1.684  0.448  66.8   0.0152878        0.00778805      0.00299769
0.215  1.685  0.447  81.9   0.0167642        0.00872886      0.0011328
0.215  1.686  0.447  97     0.0099538        0.00538142      0.00209238
0.215  1.686  0.447  112.1  0.0130268        0.00720311      0.00234641
0.215  1.687  0.447  127.2  -0.00971582      0.00994679      0.016514
0.215  1.687  0.447  142.3  -0.0936404       0.0540799       0.00546012
0.215  1.687  0.447  217.7  -0.0143402       0.00973419      0.00215262
0.215  1.687  0.447  232.8  0.00605316       0.0126452       0.00316348
0.215  1.686  0.447  247.9  -0.0088176       0.00882031      0.0124
0.215  1.686  0.447  263    -0.0201185       0.00600471      0.0022806
0.215  1.685  0.447  278.1  -0.0371225       0.0059909       0.00333135
0.214  1.684  0.448  293.2  -0.0180809       0.00885065      0.00410043
0.214  1.683  0.448  308.3  -0.0521529       0.0119416       0.00343486
0.214  1.682  0.449  323.5  -0.0758328       0.0127675       0.213435
0.215  1.682  0.606  36.3   0.0264734        0.00652449      0.00299543
0.215  1.683  0.606  51.6   0.027078         0.00441078      0.00194509
0.215  1.684  0.605  66.8   0.0163404        0.00412383      0.00359404
0.215  1.685  0.605  81.9   0.0133478        0.00620301      0.00505405
0.215  1.686  0.605  97     0.00664327       0.00503197      0.00467234
0.215  1.687  0.604  112.1  0.00134469       0.0033861       0.00408285
0.215  1.687  0.604  127.2  0.0235798        0.0128453       0.00137493
0.215  1.687  0.604  247.9  -0.00155407      0.00458655      0.000568102
0.215  1.686  0.605  263    -0.00396476      0.00427701      0.00101204
0.215  1.685  0.605  278.1  -0.0091722       0.00303446      0.00156872
0.215  1.684  0.605  293.2  -0.00930449      0.00446698      0.00153399
0.215  1.683  0.606  308.4  -0.0211687       0.00591862      0.00251093
0.215  1.682  0.606  323.7  -0.0202866       0.00824076      0.0249651
0.215  1.673  0.895  22.9   0.0352821        0.00970496      0.00222452
0.215  1.681  0.866  36.4   0.00723475       0.00323925      0.00103946
0.215  1.683  0.868  51.6   0.00149854       0.00216988      0.000795192
0.215  1.684  0.868  66.8   0.00143316       0.00261915      0.000586016
0.215  1.685  0.867  81.9   0.00198124       0.00358075      0.00119044
0.215  1.686  0.867  97     -0.00296382      0.0036095       0.0336616
0.215  1.688  0.866  172.4  -0.0134249       0.0232359       0.000873627
0.215  1.686  0.867  263    -0.00939555      0.0033902       0.00178855
0.215  1.685  0.867  278.1  0.00213062       0.00163401      0.000503791
0.215  1.684  0.868  293.2  0.00374499       0.0021282       0.000821645
0.215  1.683  0.868  308.4  -0.011275        0.00261524      0.0019454
0.215  1.681  0.866  323.6  -0.00711972      0.00311772      0.00209988
0.215  1.673  0.895  337.1  -0.0177873       0.00558579      0.088184
0.216  1.673  1.364  7      0.00330547       0.00200954      0.000682976
0.215  1.676  1.376  21.6   0.00214558       0.00194247      0.000675922
0.215  1.68   1.383  36.5   -0.00066598      0.00108305      0.000401004
0.215  1.682  1.385  51.6   -0.000623054     0.00108233      0.000654649
0.215  1.684  1.385  66.7   0.000133671      0.000565403     0.000363864
0.214  1.685  1.384  81.9   0.00194713       0.0017006       0.00185018
0.216  1.689  1.384  142.4  -0.00609676      0.0066297       0.000503518
0.214  1.687  1.383  157.4  -0.000498143     0.00187447      0.00123897
0.215  1.689  1.386  187.3  -0.000935095     0.00131527      0.00110286
0.214  1.687  1.383  202.6  -0.00199115      0.00393309      0.00200578
0.215  1.687  1.384  232.9  -0.0122076       0.0114244       0.00178615
0.214  1.685  1.384  278.1  0.00941662       0.00588381      0.000710645
0.215  1.684  1.385  293.3  0.000179669      0.000671762     0.000439541
0.215  1.682  1.385  308.4  -0.00405829      0.0017007       0.00128867
0.215  1.68   1.383  323.5  -0.00201006      0.00159026      0.000714093
0.215  1.676  1.376  338.4  -0.00246433      0.00125407      0.000226376
0.216  1.673  1.364  353    -0.00852747      0.00186306      0.0581899
0.216  1.904  0.108  22.7   0.0993497        0.130501        0.0170813
0.215  1.925  0.109  37.5   0.329379         0.0813469       0.0433161
0.214  1.933  0.109  52.1   0.186055         0.0662119       0.0221446
0.214  1.933  0.109  67.1   0.23605          0.0623707       0.0295458
0.215  1.934  0.109  82.2   0.0848842        0.0489663       0.0190631
0.215  1.934  0.109  97.2   0.242364         0.0483039       0.0154923
0.215  1.935  0.109  112.2  0.0945062        0.0274138       0.00954705
0.215  1.935  0.108  127.3  0.019659         0.0361875       0.0263334
0.215  1.936  0.108  142.4  0.00675909       0.0349228       0.0179578
0.215  1.936  0.108  157.4  0.0183063        0.0288399       0.0116173
0.215  1.936  0.108  172.5  -0.0214043       0.0291798       0.0124566
0.215  1.936  0.108  187.5  -0.0228287       0.0269158       0.0191285
0.215  1.936  0.108  202.6  0.00408424       0.0314803       0.0133995
0.215  1.936  0.108  217.6  -0.00447661      0.0368966       0.0130198
0.215  1.935  0.108  232.7  -0.0572686       0.0320551       0.0129117
0.215  1.935  0.109  247.8  -0.21008         0.0475805       0.0306401
0.215  1.934  0.109  262.8  -0.0329672       0.0330274       0.029105
0.215  1.934  0.109  277.8  -0.144034        0.0339109       0.021356
0.214  1.933  0.109  292.9  -0.255696        0.0628597       0.0916393
0.214  1.933  0.109  307.9  -0.276807        0.0662613       0.0342646
0.215  1.925  0.109  322.5  0.0770636        0.081154        0.0484996
0.216  1.904  0.108  337.3  0.065701         0.137354        0.0339866
0.215  1.908  0.153  37.9   0.211177         0.0755176       0.023159
0.215  1.934  0.154  52.1   0.130983         0.0420744       0.0123136
0.215  1.934  0.153  67.1   0.178005         0.0355262       0.0154048
0.215  1.934  0.153  82.1   0.0836077        0.0281007       0.0157618
0.215  1.935  0.153  97.2   0.0809655        0.0207344       0.00756039
0.215  1.935  0.153  112.2  0.069765         0.019721        0.00879116
0.215  1.936  0.153  127.3  0.0376706        0.0237337       0.0105441
0.215  1.936  0.153  142.3  -0.0260568       0.0186113       0.0072918
0.215  1.937  0.153  157.4  0.0216534        0.0187703       0.0109171
0.215  1.937  0.153  172.5  0.0227639        0.0179761       0.00834005
0.215  1.937  0.153  187.5  -0.00965323      0.019107        0.00965936
0.215  1.937  0.153  202.6  0.0193719        0.0199586       0.00567816
0.215  1.936  0.153  217.7  -0.0765586       0.0170742       0.00804221
0.215  1.936  0.153  232.7  -0.0312876       0.0214036       0.0243886
0.215  1.935  0.153  247.8  -0.0420139       0.0204599       0.0204525
0.215  1.935  0.153  262.8  -0.137853        0.024644        0.0259218
0.215  1.934  0.153  277.9  -0.112204        0.0274924       0.0300681
0.215  1.934  0.153  292.9  -0.240159        0.0385645       0.0247187
0.215  1.934  0.154  307.9  -0.211916        0.0455776       0.0332161
0.215  1.908  0.153  322.1  -0.336508        0.0724119       0.12849
0.215  1.933  0.204  52     0.19584          0.0285537       0.0158257
0.215  1.934  0.203  67     0.0930498        0.0287218       0.00635601
0.215  1.935  0.203  82.1   0.128787         0.0293834       0.00863882
0.215  1.935  0.203  97.1   0.0928426        0.0175342       0.0123581
0.215  1.936  0.203  112.2  0.0444375        0.0149614       0.00500536
0.215  1.936  0.203  127.3  0.0582462        0.0183949       0.00727264
0.215  1.936  0.203  142.3  0.0892799        0.0195538       0.00638343
0.215  1.937  0.203  157.4  0.0271867        0.0103534       0.00365518
0.215  1.937  0.203  172.5  -0.0368968       0.0125373       0.00432967
0.215  1.937  0.203  187.5  0.00532173       0.0112588       0.0083289
0.215  1.937  0.203  202.6  -0.0119995       0.0127568       0.00415163
0.215  1.936  0.203  217.7  -0.0339654       0.0114877       0.00561492
0.215  1.936  0.203  232.7  -0.0344683       0.0178137       0.00806448
0.215  1.936  0.203  247.8  -0.0304136       0.0188581       0.00796544
0.215  1.935  0.203  262.9  -0.0309326       0.0165735       0.00883573
0.215  1.935  0.203  277.9  -0.129122        0.0193729       0.0106982
0.215  1.934  0.203  293    -0.0735802       0.0266308       0.010057
0.215  1.933  0.204  308    -0.144583        0.0333425       0.0266278
0.215  1.934  0.262  51.8   0.11061          0.0209491       0.0217013
0.215  1.934  0.262  66.9   0.0787898        0.0177386       0.00701045
0.215  1.934  0.262  82     0.0651666        0.0125778       0.00916515
0.215  1.935  0.262  97.1   0.0186753        0.00998575      0.00268301
0.215  1.936  0.262  112.2  0.0124254        0.00903942      0.00435176
0.215  1.936  0.262  127.3  0.0158135        0.011331        0.00292911
0.215  1.936  0.262  142.3  0.0298519        0.010834        0.00400599
0.215  1.937  0.262  157.4  0.00662278       0.00871144      0.00080981
0.215  1.937  0.262  172.5  0.0051042        0.00665166      0.0041168
0.215  1.937  0.262  187.5  0.00878012       0.0120689       0.00896949
0.215  1.937  0.262  202.6  0.00365809       0.00692406      0.00221072
0.215  1.936  0.262  217.7  -0.00786425      0.00844675      0.00275877
0.215  1.936  0.262  232.7  -0.0172685       0.0108067       0.00684684
0.215  1.936  0.262  247.8  -0.0255003       0.0133528       0.00353595
0.215  1.935  0.262  262.9  -0.031367        0.0121709       0.0106288
0.215  1.934  0.262  278    -0.0309669       0.0118113       0.00575421
0.215  1.934  0.262  293.1  -0.0808604       0.0170316       0.0105592
0.215  1.934  0.262  308.2  -0.0629206       0.0238654       0.0460944
0.215  1.933  0.341  51.7   0.0563611        0.0154191       0.00863028
0.215  1.933  0.341  66.9   0.0452597        0.0116579       0.0126906
0.215  1.934  0.341  82     0.0240964        0.0102587       0.001512
0.215  1.935  0.34   97.1   0.0250297        0.00637313      0.00520807
0.215  1.935  0.34   112.2  0.0150202        0.00706442      0.00306487
0.215  1.936  0.34   127.3  0.025005         0.00667251      0.00553372
0.215  1.937  0.34   157.4  -0.00473233      0.00626965      0.00192845
0.215  1.937  0.34   172.5  0.00434514       0.00461504      0.00239685
0.215  1.937  0.34   187.5  0.0014527        0.00561265      0.00143956
0.215  1.937  0.34   202.6  -0.00622319      0.00512785      0.00169391
0.215  1.936  0.34   217.7  -0.000882309     0.00618549      0.00166159
0.215  1.936  0.34   232.7  0.00110342       0.00717191      0.00173366
0.215  1.935  0.34   247.8  -0.00106595      0.00678295      0.00265478
0.215  1.935  0.34   262.9  -0.0348482       0.00806886      0.00422885
0.215  1.934  0.341  278    -0.021401        0.00701646      0.00376568
0.215  1.933  0.341  293.1  -0.057016        0.0110577       0.00655162
0.215  1.933  0.341  308.3  -0.051185        0.0168217       0.0236119
0.215  1.932  0.447  51.7   0.034588         0.0081107       0.00359872
0.215  1.933  0.447  66.9   0.0297375        0.00837255      0.00327619
0.215  1.934  0.447  82     0.0151106        0.00762486      0.00265763
0.215  1.935  0.447  97.1   0.0182023        0.00493033      0.00169772
0.215  1.935  0.447  112.2  0.00640349       0.00420649      0.00291276
0.215  1.936  0.447  127.2  0.00250734       0.00679456      0.00175328
0.215  1.937  0.447  157.4  -0.00153774      0.00339204      0.00124235
0.215  1.937  0.447  187.5  0.00429208       0.00384599      0.00119872
0.215  1.937  0.447  202.6  -0.00843682      0.00472906      0.00395146
0.215  1.936  0.447  217.7  -0.0116462       0.0032334       0.00290776
0.215  1.936  0.447  232.8  -0.0023785       0.00431294      0.000994894
0.215  1.935  0.447  247.8  -0.00808945      0.00642652      0.0019297
0.215  1.935  0.447  262.9  -0.00954195      0.00562729      0.00229059
0.215  1.934  0.447  278    -0.0155363       0.00493389      0.00309104
0.215  1.933  0.447  293.1  -0.0317221       0.00618664      0.00225019
0.215  1.932  0.447  308.3  -0.0146134       0.00939224      0.0100621
0.215  1.923  0.608  36.9   0.0198221        0.00805595      0.00312869
0.215  1.93   0.604  51.7   0.0195351        0.00485028      0.00131791
0.215  1.932  0.604  66.9   0.0148449        0.0035708       0.00135059
0.215  1.933  0.604  82     0.00114211       0.00336899      0.00288117
0.215  1.934  0.604  97.1   0.00234554       0.00237899      0.00145061
0.215  1.935  0.604  112.2  0.00556598       0.0020172       0.000960566
0.215  1.936  0.604  127.2  0.00286217       0.00204156      0.00150434
0.215  1.936  0.604  142.3  -0.00784761      0.00350112      0.00916514
0.215  1.937  0.604  157.4  0.00618582       0.00317303      0.00127404
0.215  1.937  0.604  172.5  0.00369791       0.0163177       0.000230223
0.215  1.937  0.604  187.5  0.00405418       0.00158118      0.000277182
0.215  1.936  0.604  217.7  -0.00313392      0.00209788      0.00125179
0.215  1.936  0.604  232.8  -0.00193365      0.00245691      0.00151359
0.215  1.935  0.604  247.8  -0.00550165      0.0034164       0.00489061
0.215  1.934  0.604  262.9  -0.00578524      0.00334247      0.00134645
0.215  1.933  0.604  278    -0.00533807      0.00303217      0.000768503
0.215  1.932  0.604  293.1  -0.00524805      0.00344947      0.00131464
0.215  1.93   0.604  308.3  -0.0287287       0.00688996      0.00260685
0.215  1.923  0.608  323.1  -0.0179538       0.0105064       0.00174847
0.215  1.921  0.892  23     0.0185273        0.00782694      0.00185281
0.215  1.925  0.862  36.6   0.00120936       0.00283088      0.000450555
0.215  1.929  0.865  51.8   0.000917182      0.00153602      0.000640244
0.215  1.931  0.866  66.9   0.00377887       0.00187285      0.00089182
0.215  1.933  0.866  82     0.00116176       0.00155266      0.0010228
0.215  1.934  0.866  97.1   0.000942299      0.00268748      0.000626783
0.215  1.935  0.866  112.2  -0.00200231      0.00187734      0.00091621
0.215  1.936  0.866  127.2  0.000695957      0.00196818      0.00263036
0.215  1.937  0.865  202.6  0.00371937       0.00341023      0.0011967
0.215  1.937  0.866  217.7  -0.00160191      0.00305795      0.00186449
0.215  1.936  0.866  232.8  0.00319001       0.00226003      0.00168604
0.215  1.935  0.866  247.8  -0.00114653      0.00515474      0.000531692
0.215  1.934  0.866  262.9  -0.00543761      0.00186021      0.000668153
0.215  1.933  0.866  278    -0.00150967      0.00175145      0.000367313
0.215  1.931  0.866  293.1  -0.00151011      0.0011503       0.000752645
0.215  1.929  0.865  308.2  -0.000290217     0.00295337      0.00106388
0.215  1.925  0.862  323.4  -0.000265066     0.00321948      0.00163946
0.215  1.921  0.892  337    0.00431016       0.00508051      0.00579493
0.216  1.917  1.362  7.2    -0.00187747      0.00110504      0.000754401
0.216  1.92   1.371  21.9   0.000633964      0.000935566     0.0010032
0.215  1.927  1.382  51.8   0.00025808       0.000594895     0.000286033
0.215  1.931  1.384  66.9   0.00239492       0.000889085     0.000588946
0.215  1.933  1.384  82     0.000490332      0.00109412      0.000364513
0.215  1.934  1.384  97.1   0.0017365        0.000914943     0.000101255
0.215  1.934  1.384  262.9  0.00064934       0.00125291      0.000096876
0.215  1.933  1.384  278    0.000405478      0.000339767     0.000134417
0.215  1.931  1.384  293.1  -0.000498533     0.000735825     0.000263598
0.215  1.927  1.382  308.2  -0.000132367     0.000896788     0.000287159
0.216  1.924  1.378  323.2  -0.00118818      0.00122901      0.000317201
0.216  1.92   1.371  338.1  0.000302437      0.000776065     0.000215944
0.216  1.917  1.362  352.8  -0.0000996003    0.00121991      0.0101617
0.243  1.843  0.11   7.4    0.113807         0.0417319       0.0190203
0.244  1.843  0.11   22.3   0.110345         0.0393848       0.0127728
0.244  1.844  0.11   37.3   0.142627         0.0302179       0.0231626
0.244  1.844  0.11   52.2   0.116377         0.0452101       0.0165017
0.244  1.845  0.109  67.2   0.0402719        0.0329678       0.015668
0.244  1.846  0.109  82.2   0.135508         0.0373904       0.0151418
0.244  1.847  0.109  97.2   0.0947088        0.0262539       0.0141937
0.244  1.847  0.109  112.3  0.070054         0.0173262       0.00788366
0.244  1.848  0.109  127.3  0.044189         0.0175577       0.0161401
0.244  1.849  0.109  142.3  0.0193975        0.0158211       0.00507133
0.244  1.849  0.109  157.4  0.0300343        0.016711        0.00707762
0.244  1.85   0.109  172.5  0.0369703        0.0124077       0.00233661
0.244  1.85   0.109  187.5  -0.0145562       0.0118538       0.00252796
0.244  1.849  0.109  202.6  -0.0117475       0.0132127       0.00629212
0.244  1.849  0.109  217.7  -0.0228959       0.0117304       0.0237946
0.244  1.847  0.109  247.7  -0.0180369       0.0148972       0.0275828
0.244  1.847  0.109  262.8  -0.0173817       0.015929        0.00675796
0.244  1.846  0.109  277.8  -0.0602321       0.0309258       0.0222815
0.244  1.845  0.109  292.8  -0.0928631       0.0456448       0.034271
0.244  1.844  0.11   307.8  -0.052672        0.0365316       0.0199832
0.244  1.844  0.11   322.7  -0.153102        0.0341998       0.0121074
0.244  1.843  0.11   337.7  -0.0864347       0.0317168       0.00874018
0.243  1.843  0.11   352.6  0.0330238        0.0345964       0.0126504
0.244  1.844  0.155  7.4    -0.0433368       0.0316021       0.0368494
0.244  1.845  0.154  37.2   0.113025         0.0232696       0.0160859
0.244  1.846  0.154  52.1   0.142636         0.0212569       0.012125
0.244  1.846  0.154  67.1   0.135567         0.0189197       0.0176983
0.244  1.847  0.153  82.1   0.11613          0.0300216       0.0254362
0.244  1.848  0.153  97.2   0.0739305        0.019407        0.00579976
0.244  1.848  0.153  112.2  0.0353468        0.0122942       0.00491452
0.244  1.849  0.153  127.3  0.046381         0.0104471       0.00367611
0.244  1.849  0.153  142.3  0.0215156        0.0120485       0.00389274
0.244  1.85   0.153  157.4  -0.00249206      0.00828255      0.00556779
0.244  1.85   0.153  187.5  -0.0218784       0.0140523       0.00462291
0.244  1.85   0.153  202.6  -0.00329079      0.0180193       0.00495575
0.244  1.849  0.153  217.7  0.00433415       0.00965647      0.0042503
0.244  1.849  0.153  232.7  -0.0279061       0.0142781       0.0100121
0.244  1.848  0.153  247.8  -0.0233818       0.0139835       0.00400083
0.244  1.848  0.153  262.8  -0.107281        0.0181697       0.010249
0.244  1.847  0.153  277.9  -0.0523727       0.0179419       0.0171594
0.244  1.846  0.154  292.9  -0.0960137       0.0185714       0.00669786
0.244  1.846  0.154  307.9  -0.155363        0.0293939       0.0275579
0.244  1.845  0.154  322.8  -0.0786783       0.0244845       0.0126785
0.244  1.845  0.155  337.7  -0.0760547       0.0247296       0.0130451
0.244  1.844  0.155  352.6  0.00185281       0.0284525       0.0153623
0.244  1.845  0.205  7.4    0.0327047        0.0339929       0.0176437
0.244  1.845  0.205  22.1   0.0770764        0.0301886       0.0124805
0.244  1.846  0.204  37     0.0685952        0.0169383       0.00778637
0.244  1.846  0.204  52     0.0774612        0.0149719       0.00917196
0.244  1.847  0.204  67.1   0.111438         0.0172823       0.0146537
0.244  1.847  0.203  82.1   0.0438484        0.0195846       0.0130219
0.244  1.848  0.203  97.1   0.0406748        0.0152999       0.0182348
0.244  1.849  0.203  112.2  0.0381452        0.0121641       0.00783172
0.244  1.849  0.203  127.3  0.0023405        0.0124575       0.00395478
0.244  1.85   0.203  157.4  -0.0122195       0.0120478       0.00292989
0.244  1.85   0.203  172.5  0.00512239       0.00757379      0.00372554
0.244  1.85   0.203  187.5  -0.0389657       0.0162476       0.0108534
0.244  1.85   0.203  202.6  -0.00377055      0.0142192       0.00261854
0.244  1.85   0.203  217.7  -0.0191124       0.00942485      0.0021507
0.244  1.849  0.203  232.7  -0.0116338       0.0112875       0.00476897
0.244  1.849  0.203  247.8  -0.0114508       0.0165537       0.00657237
0.244  1.848  0.203  262.9  -0.0561889       0.00967053      0.00424658
0.244  1.847  0.203  277.9  -0.0798832       0.0165332       0.0104872
0.244  1.847  0.204  292.9  -0.0568488       0.0178786       0.0101619
0.244  1.846  0.204  308    -0.0528163       0.0246186       0.00564343
0.244  1.846  0.204  323    -0.0959428       0.0206878       0.00925722
0.244  1.845  0.205  337.9  -0.0178487       0.0214939       0.00426721
0.244  1.845  0.205  352.6  -0.0541319       0.026431        0.00679671
0.245  1.835  0.263  7.5    0.10231          0.0403135       0.0446693
0.244  1.845  0.264  22.1   0.066519         0.0232172       0.008962
0.244  1.846  0.264  36.9   0.0328429        0.0107792       0.00503119
0.244  1.846  0.263  51.9   0.0685919        0.0108579       0.00458762
0.244  1.847  0.263  67     0.0812068        0.0117159       0.0124331
0.244  1.848  0.262  82     0.0391915        0.0104389       0.00441754
0.244  1.848  0.262  97.1   0.048739         0.00784457      0.00321157
0.244  1.849  0.262  112.2  0.0427503        0.00865544      0.00683691
0.245  1.849  0.262  127.2  -0.00176399      0.0079919       0.00228182
0.245  1.85   0.262  142.3  0.00393013       0.00935043      0.00557707
0.245  1.85   0.262  157.4  0.0245249        0.00846225      0.00375996
0.245  1.85   0.262  172.5  -0.0208764       0.0196558       0.00291342
0.245  1.85   0.262  187.5  0.0255137        0.020864        0.0140302
0.245  1.85   0.262  202.6  0.0490255        0.0808051       0.00300793
0.245  1.85   0.262  217.7  -0.0221492       0.00685852      0.00195385
0.245  1.849  0.262  232.8  0.0088395        0.00912089      0.0037033
0.244  1.849  0.262  247.8  -0.0231793       0.00951146      0.00598769
0.244  1.848  0.262  262.9  -0.0419322       0.00855138      0.00251909
0.244  1.848  0.262  278    -0.0349717       0.0086995       0.00572245
0.244  1.847  0.263  293    -0.0440451       0.0105236       0.00451545
0.244  1.846  0.263  308.1  -0.0753489       0.013475        0.00507158
0.244  1.846  0.264  323.1  -0.0697878       0.0137324       0.00544991
0.244  1.845  0.264  337.9  -0.0953337       0.0192355       0.0100927
0.245  1.835  0.263  352.5  0.0563122        0.026375        0.103942
0.245  1.837  0.342  22.4   0.118916         0.0330292       0.0384346
0.244  1.846  0.343  36.7   0.0505198        0.0113886       0.00669122
0.244  1.846  0.342  51.8   0.0413925        0.00804757      0.00423504
0.244  1.847  0.341  66.9   0.0341951        0.007602        0.00458155
0.244  1.848  0.341  82     0.0198688        0.00870528      0.0029726
0.245  1.848  0.341  97.1   0.0146308        0.00868964      0.00546661
0.245  1.849  0.341  112.2  0.016242         0.00719054      0.00301569
0.245  1.85   0.341  127.2  0.0120268        0.00563369      0.00511377
0.245  1.85   0.34   142.3  0.0110904        0.0158836       0.0010477
0.245  1.85   0.34   157.4  0.0222582        0.0203346       0.00129786
0.245  1.85   0.34   202.6  -0.0444914       0.0241104       0.0201511
0.245  1.85   0.34   217.7  -0.0459564       0.0285096       0.00746808
0.245  1.85   0.341  232.8  -0.00830685      0.0066388       0.00491634
0.245  1.849  0.341  247.8  -0.0259158       0.0129126       0.00258851
0.245  1.848  0.341  262.9  -0.0195864       0.0082425       0.00214324
0.244  1.848  0.341  278    -0.0173144       0.00623885      0.00185363
0.244  1.847  0.341  293.1  -0.0502365       0.00848985      0.00925166
0.244  1.846  0.342  308.2  -0.0841983       0.013689        0.00748314
0.244  1.846  0.343  323.3  -0.0838706       0.0117937       0.00879436
0.244  1.845  0.45   36.5   0.0200355        0.00735252      0.00309369
0.244  1.846  0.449  51.7   0.0214655        0.00579413      0.00317708
0.244  1.847  0.448  66.8   0.0173471        0.00618825      0.00340187
0.245  1.848  0.448  82     0.00985326       0.00524736      0.0094254
0.245  1.848  0.447  97.1   0.0168051        0.00576873      0.0023511
0.245  1.849  0.447  112.1  0.00838359       0.00553487      0.00239286
0.245  1.85   0.447  232.8  -0.0082968       0.00633079      0.00352778
0.245  1.849  0.447  247.9  -0.00417801      0.00577865      0.00118526
0.245  1.848  0.447  262.9  -0.00327354      0.00356048      0.00241539
0.245  1.848  0.448  278    -0.00744611      0.00363216      0.00177513
0.244  1.847  0.448  293.2  -0.0261016       0.00490597      0.00201817
0.244  1.846  0.449  308.3  -0.0158931       0.00802022      0.0087119
0.244  1.845  0.45   323.5  -0.0335381       0.00845041      0.00602071
0.244  1.844  0.608  36.4   0.0155923        0.00482857      0.00205516
0.245  1.845  0.607  51.6   0.0242408        0.00388655      0.00373008
0.245  1.846  0.606  66.8   0.00695599       0.00235316      0.000795131
0.245  1.848  0.605  81.9   0.00587822       0.00461117      0.00135358
0.245  1.848  0.605  97     0.00692654       0.00373986      0.00164099
0.245  1.849  0.605  112.1  0.0182698        0.00566293      0.0010653
0.245  1.85   0.604  172.5  0.0257779        0.0220519       0.00150309
0.245  1.848  0.605  263    -0.00402498      0.00307824      0.00151647
0.245  1.848  0.605  278.1  -0.0138434       0.00358549      0.00125671
0.245  1.846  0.606  293.2  -0.00643449      0.00294516      0.00158689
0.245  1.845  0.607  308.4  -0.00284981      0.00466035      0.00183917
0.244  1.844  0.608  323.6  -0.018934        0.00597615      0.00556723
0.245  1.828  0.9    23.4   0.00831761       0.0109687       0.00627901
0.245  1.842  0.87   36.3   0.00471204       0.00223485      0.000654979
0.245  1.844  0.87   51.6   0.0013585        0.0015745       0.000495637
0.245  1.846  0.869  66.7   0.00262609       0.00155163      0.000357662
0.245  1.847  0.868  81.9   -0.000747736     0.00121472      0.00104652
0.245  1.848  0.867  97     -0.00129519      0.00217809      0.00202338
0.245  1.85   0.866  157.3  0.0105284        0.00776713      0.00167027
0.245  1.851  0.866  172.5  -0.000535307     0.00134292      0.00317024
0.245  1.851  0.866  187.5  -0.0108382       0.0350803       0.00492715
0.245  1.85   0.866  202.7  0.0125862        0.010688        0.000733893
0.245  1.848  0.867  263    -0.0061271       0.00381055      0.000510428
0.245  1.847  0.868  278.1  -0.00130175      0.00290939      0.00102337
0.245  1.846  0.869  293.3  0.0010723        0.00131145      0.000769203
0.245  1.844  0.87   308.4  0.00362154       0.00298135      0.00125072
0.245  1.842  0.87   323.7  -0.00504753      0.00318735      0.001273
0.245  1.828  0.9    336.6  -0.00440323      0.00561741      0.000847325
0.245  1.828  1.407  7.6    0.00268149       0.00181016      0.000887113
0.245  1.836  1.372  21.4   -0.000979158     0.0014983       0.00159354
0.245  1.84   1.386  36.4   -0.000330849     0.00101075      0.00136051
0.245  1.844  1.389  51.6   0.00177602       0.000727974     0.000547009
0.245  1.845  1.388  66.7   0.000482578      0.000426975     0.000106987
0.244  1.853  1.387  142.4  -0.00182658      0.00531089      0.000639151
0.245  1.854  1.386  157.6  -0.000762794     0.00380631      0.000241602
0.242  1.849  1.384  172.1  -0.000872058     0.000518687     0.000588362
0.242  1.849  1.384  187.9  -0.00260317      0.001145        0.000283313
0.244  1.853  1.387  217.6  -0.00209243      0.00262156      0.000745563
0.245  1.85   1.385  232.8  -0.00358454      0.00466511      0.000209013
0.245  1.847  1.387  278.2  0.00627423       0.00550686      0.000413968
0.245  1.845  1.388  293.3  0.000665888      0.000713237     0.000329689
0.245  1.844  1.389  308.4  -0.000306833     0.00095292      0.000743573
0.245  1.84   1.386  323.6  0.000564257      0.00101768      0.000192711
0.245  1.836  1.372  338.6  -0.000491199     0.00109589      0.000511312
0.245  1.828  1.407  352.4  0.00148448       0.00136598      0.00314403
0.245  2.159  0.109  7.5    -0.0979284       0.058585        0.0298209
0.244  2.166  0.11   22.5   0.106024         0.0447357       0.0129077
0.244  2.173  0.11   37.3   0.187308         0.0358023       0.0223504
0.244  2.174  0.11   52.2   0.12787          0.034752        0.0248842
0.244  2.174  0.109  67.2   0.099893         0.0394521       0.0213478
0.244  2.175  0.109  82.2   0.131697         0.0283154       0.0242133
0.245  2.176  0.109  97.2   0.0536005        0.0186975       0.00655471
0.245  2.177  0.109  112.3  0.0108385        0.0166424       0.00500018
0.245  2.178  0.109  127.3  0.0292356        0.0175332       0.00613293
0.245  2.179  0.109  157.4  0.0372055        0.0165244       0.00574339
0.245  2.179  0.109  172.5  0.0117057        0.0166799       0.0131899
0.245  2.179  0.109  202.6  -0.0149482       0.0120102       0.0445329
0.245  2.178  0.109  217.6  -0.0201385       0.0132551       0.00393812
0.245  2.178  0.109  232.7  -0.0373826       0.013204        0.00375735
0.245  2.177  0.109  247.7  -0.0737265       0.0193559       0.00620571
0.245  2.176  0.109  262.8  -0.0542975       0.024182        0.013882
0.244  2.175  0.109  277.8  -0.117891        0.0264934       0.0178847
0.244  2.174  0.109  292.8  -0.110631        0.038395        0.01887
0.244  2.174  0.11   307.8  -0.142828        0.0358275       0.02371
0.244  2.173  0.11   322.7  -0.124073        0.0314362       0.0110825
0.244  2.166  0.11   337.5  -0.169685        0.0466878       0.01628
0.245  2.159  0.109  352.5  0.0667498        0.0574878       0.0130869
0.246  2.113  0.153  7.6    0.0923263        0.0751821       0.0138109
0.245  2.133  0.153  22.7   0.0905319        0.0470379       0.0319042
0.245  2.167  0.154  37.4   0.0338523        0.0295879       0.00660494
0.244  2.176  0.154  52.1   0.102284         0.0218237       0.0114531
0.245  2.176  0.154  67.1   0.17885          0.0266423       0.0264204
0.245  2.176  0.153  82.1   0.0720375        0.0267542       0.00809118
0.245  2.177  0.153  97.2   0.058264         0.0159469       0.00654173
0.245  2.177  0.153  112.2  0.0202814        0.01201         0.00712833
0.245  2.178  0.153  127.3  0.0461417        0.0116948       0.00850331
0.245  2.179  0.153  142.3  0.0196444        0.0095742       0.00652204
0.245  2.179  0.153  157.4  0.0195705        0.00852262      0.0014216
0.245  2.179  0.153  172.5  0.00853549       0.00766172      0.00497956
0.245  2.179  0.153  187.5  -0.0173831       0.0115788       0.00575175
0.245  2.179  0.153  202.6  -0.0143583       0.00842756      0.00448945
0.245  2.179  0.153  217.7  -0.0155928       0.00831537      0.00418354
0.245  2.178  0.153  232.7  -0.0662232       0.0132569       0.00478621
0.245  2.177  0.153  247.8  -0.0723895       0.0197182       0.0127655
0.245  2.177  0.153  262.8  -0.0662715       0.015863        0.00728135
0.245  2.176  0.153  277.9  -0.0384332       0.0163455       0.00806243
0.245  2.176  0.154  292.9  -0.0841425       0.0201257       0.00952243
0.244  2.176  0.154  307.9  -0.0454563       0.0233425       0.00556411
0.245  2.167  0.154  322.6  -0.123412        0.0336978       0.0111374
0.245  2.133  0.153  337.3  -0.070057        0.0376803       0.0150941
0.246  2.113  0.153  352.4  0.205684         0.074101        0.0504763
0.245  2.177  0.204  52     0.121572         0.0185458       0.00828022
0.245  2.176  0.204  67     0.112676         0.0163547       0.00995165
0.245  2.176  0.203  82.1   0.0526606        0.0134896       0.00416244
0.245  2.177  0.203  97.2   0.040203         0.0123832       0.00734474
0.245  2.177  0.203  112.2  0.0543881        0.0125007       0.00532536
0.245  2.178  0.203  127.3  0.00716399       0.0105114       0.00301951
0.245  2.178  0.203  142.3  0.013019         0.0131217       0.00558433
0.245  2.179  0.203  157.4  0.0243689        0.00685708      0.00184458
0.245  2.179  0.203  172.5  -0.00173907      0.0079787       0.00253526
0.245  2.179  0.203  187.5  0.0137631        0.0105559       0.00262414
0.245  2.178  0.203  217.7  -0.021998        0.00948664      0.00271422
0.245  2.178  0.203  232.7  -0.0500812       0.0108078       0.00463001
0.245  2.177  0.203  247.8  -0.0283289       0.0121397       0.00474453
0.245  2.177  0.203  262.8  -0.0386707       0.0109056       0.00481812
0.245  2.176  0.203  277.9  -0.0791814       0.0150647       0.00723295
0.245  2.176  0.204  293    -0.0227279       0.017269        0.0127879
0.245  2.177  0.204  308    -0.107513        0.0224244       0.0159706
0.245  2.137  0.263  37.8   0.070484         0.0234622       0.0105137
0.245  2.176  0.263  51.9   0.0908508        0.0131507       0.00919173
0.245  2.175  0.262  67     0.0801999        0.0131058       0.00819081
0.245  2.175  0.262  82.1   0.0454752        0.0121468       0.00695142
0.245  2.176  0.262  97.1   0.048872         0.00921432      0.00330963
0.245  2.177  0.262  112.2  0.0165651        0.00687857      0.00227187
0.245  2.178  0.262  127.3  0.0153889        0.00626801      0.00378335
0.245  2.178  0.262  142.3  0.00167809       0.00885925      0.00580204
0.245  2.179  0.262  157.4  0.00107257       0.00433365      0.000380555
0.245  2.179  0.262  172.5  0.0106773        0.00634943      0.00252573
0.245  2.179  0.262  187.5  -0.0159855       0.00778719      0.00275778
0.245  2.179  0.262  202.6  -0.00484533      0.00511147      0.00182201
0.245  2.178  0.262  217.7  -0.00736796      0.00597919      0.00381298
0.245  2.178  0.262  232.7  0.00984331       0.0081873       0.00440094
0.245  2.177  0.262  247.8  -0.00881239      0.00925713      0.00866581
0.245  2.176  0.262  262.9  -0.0239812       0.00751942      0.00178572
0.245  2.175  0.262  277.9  -0.0184119       0.00753421      0.0043367
0.245  2.175  0.262  293    -0.0762743       0.012063        0.00735454
0.245  2.176  0.263  308.1  -0.0784825       0.0157717       0.00991408
0.245  2.137  0.263  322.2  -0.164172        0.0256532       0.0904348
0.246  2.135  0.342  38.1   0.0629375        0.0234923       0.00561489
0.245  2.174  0.341  51.8   0.0549858        0.00835626      0.00374272
0.245  2.174  0.341  66.9   0.031058         0.00796465      0.0037488
0.245  2.175  0.341  82     0.0221654        0.00727728      0.00302722
0.245  2.176  0.341  97.1   0.0432571        0.00738922      0.00302235
0.245  2.176  0.34   112.2  0.00712266       0.00516465      0.00158021
0.245  2.177  0.34   127.3  0.0242806        0.00643682      0.00208419
0.245  2.178  0.34   142.3  0.00578062       0.00504162      0.00265431
0.245  2.178  0.34   157.4  0.00561208       0.00397771      0.00170342
0.245  2.179  0.34   172.5  -0.000942471     0.00422528      0.00143271
0.245  2.179  0.34   187.5  0.000953184      0.00347603      0.00286875
0.245  2.178  0.34   202.6  -0.00167643      0.00440152      0.00227179
0.245  2.178  0.34   217.7  -0.0148717       0.00376694      0.00137354
0.245  2.177  0.34   232.7  -0.01707         0.00463812      0.00291296
0.245  2.176  0.34   247.8  -0.0064937       0.00670787      0.00501328
0.245  2.176  0.341  262.9  -0.0175317       0.00711565      0.00147878
0.245  2.175  0.341  278    -0.0181926       0.00611863      0.00411601
0.245  2.174  0.341  293.1  -0.0396595       0.00897903      0.00315873
0.245  2.174  0.341  308.2  -0.0375832       0.0103774       0.00395857
0.246  2.135  0.342  321.9  -0.0885833       0.0257865       0.842235
0.245  2.141  0.45   37.9   0.0710583        0.014348        0.00434111
0.245  2.171  0.448  51.7   0.0328393        0.00535281      0.00229854
0.245  2.172  0.448  66.9   0.0231745        0.00457042      0.00238983
0.245  2.174  0.447  82     0.0152505        0.00525344      0.00251386
0.245  2.175  0.447  97.1   0.00595836       0.00416201      0.00280113
0.245  2.176  0.447  112.2  0.0169887        0.00451897      0.00192915
0.245  2.177  0.447  127.3  -0.00141953      0.00210293      0.000762228
0.245  2.178  0.447  142.3  -0.00219725      0.00296996      0.000935119
0.245  2.178  0.447  157.4  0.00425648       0.00472481      0.000719117
0.245  2.178  0.447  172.5  -0.00414145      0.00383602      0.00242453
0.245  2.178  0.447  187.5  -0.00631635      0.00599598      0.00252003
0.245  2.178  0.447  202.6  -0.00351183      0.00318374      0.00211599
0.245  2.178  0.447  217.7  -0.00506471      0.00291189      0.000376207
0.245  2.177  0.447  232.7  -0.00412131      0.00330765      0.00205831
0.245  2.176  0.447  247.8  -0.0156859       0.00545308      0.0036267
0.245  2.175  0.447  262.9  -0.0124219       0.00452302      0.00145439
0.245  2.174  0.447  278    -0.0188132       0.00342533      0.00133148
0.245  2.172  0.448  293.1  -0.0147246       0.00417573      0.0035213
0.245  2.171  0.448  308.3  -0.0282403       0.00632887      0.00634777
0.245  2.141  0.45   322.1  -0.0910052       0.0178712       386
0.245  2.155  0.61   37     0.0132633        0.00661476      0.00158812
0.245  2.168  0.605  51.7   0.0186071        0.00336018      0.0012564
0.245  2.17   0.605  66.9   0.0072143        0.00287552      0.0012145
0.245  2.172  0.605  82     0.00563749       0.00207483      0.000947518
0.245  2.174  0.605  97.1   0.00258719       0.00205091      0.000695581
0.245  2.175  0.604  112.2  0.00617967       0.00169235      0.000459258
0.245  2.177  0.604  127.2  0.00166771       0.0025356       0.00118031
0.245  2.177  0.604  142.3  -0.000805295     0.0013919       0.000742003
0.245  2.178  0.604  157.4  -0.00114005      0.00243472      0.00174085
0.245  2.178  0.604  187.5  -0.00414229      0.0108016       0.00287803
0.245  2.178  0.604  202.6  -0.00288805      0.00461727      0.00051534
0.245  2.177  0.604  217.7  0.0044636        0.00335748      0.00134522
0.245  2.177  0.604  232.8  -0.00154295      0.00218891      0.000456754
0.245  2.175  0.604  247.8  -0.00317761      0.00206279      0.00124631
0.245  2.174  0.605  262.9  -0.00466872      0.00272075      0.000830788
0.245  2.172  0.605  278    -0.00523425      0.00279173      0.0010418
0.245  2.17   0.605  293.1  -0.00357049      0.0031452       0.00165256
0.245  2.168  0.605  308.3  -0.0133594       0.00386911      0.00250191
0.245  2.155  0.61   323    -0.000564583     0.00538045      0.00158338
0.245  2.149  0.919  24     0.0139061        0.00986004      0.00183638
0.245  2.159  0.864  36.5   0.00476413       0.00201584      0.000536519
0.245  2.164  0.866  51.7   0.0023673        0.00151377      0.000389384
0.245  2.168  0.867  66.9   0.00419968       0.0015738       0.000717527
0.245  2.171  0.867  82     0.000527608      0.00192136      0.000660452
0.245  2.173  0.867  97.1   0.002277         0.00114369      0.000212147
0.245  2.175  0.866  112.1  -0.000264809     0.000889476     0.000316278
0.245  2.176  0.866  127.2  0.00263669       0.0021621       0.000153744
0.245  2.177  0.866  142.3  -0.00270933      0.00247345      0.000950614
0.245  2.178  0.866  157.4  0.00302666       0.00275205      0.000176483
0.245  2.176  0.866  232.8  0.003454         0.00315268      0.00109293
0.245  2.173  0.867  262.9  -0.000237652     0.00132793      0.000511256
0.245  2.171  0.867  278    -0.000726531     0.00106909      0.000380177
0.245  2.168  0.867  293.1  -0.00248925      0.0013237       0.000664815
0.245  2.164  0.866  308.3  -0.00635258      0.00184856      0.000782409
0.245  2.159  0.864  323.5  -0.00709667      0.0023975       0.00263205
0.245  2.149  0.919  336    -0.000786345     0.00734106      0.663952
0.245  2.142  1.369  7.4    -0.000567341     0.00124903      0.000524258
0.246  2.146  1.366  21.8   0.00216652       0.00102793      0.000565664
0.245  2.154  1.379  36.7   0.00216879       0.000573822     0.000138255
0.245  2.161  1.384  51.8   0.000297573      0.000514369     0.000288899
0.245  2.166  1.386  66.9   0.000983242      0.000594605     0.000159178
0.245  2.17   1.386  81.9   0.00105801       0.000731673     0.00118876
0.244  2.177  1.385  112.2  0.000814758      0.000745906     0.0000475082
0.245  2.173  1.386  263    0.00254687       0.00166448      0.000182577
0.245  2.17   1.386  278.1  -0.00057019      0.000709121     0.000194111
0.245  2.161  1.384  308.2  -0.00080141      0.00072994      0.000999944
0.245  2.154  1.379  323.3  0.00035779       0.00077216      0.000111049
0.246  2.146  1.366  338.2  0.000602457      0.000774317     0.000287619
0.245  2.142  1.369  352.6  0.00152709       0.000929398     0.00488292
0.273  1.99   0.111  7.5    -0.00502785      0.0276127       0.0342531
0.273  1.99   0.111  22.4   0.0273159        0.0229736       0.0163509
0.273  1.991  0.111  37.3   0.0289898        0.0181599       0.0126741
0.273  1.992  0.111  52.3   0.0366211        0.0222236       0.00782915
0.274  1.993  0.11   67.3   0.050723         0.0261868       0.00414171
0.274  1.994  0.11   82.3   0.0398877        0.0158334       0.0317466
0.274  1.995  0.11   97.3   0.0397311        0.0124264       0.00388558
0.274  1.996  0.109  112.3  0.00578177       0.00847219      0.008192
0.274  1.998  0.109  127.3  0.0330399        0.0134168       0.0592575
0.274  1.996  0.109  247.7  -0.0146855       0.00709051      0.00367584
0.274  1.995  0.11   262.7  -0.0375          0.00886644      0.00729276
0.274  1.994  0.11   277.7  -0.0408996       0.0178552       0.00754388
0.274  1.993  0.11   292.7  -0.132365        0.0289077       0.0132038
0.273  1.992  0.111  307.7  -0.0172409       0.0182883       0.00964263
0.273  1.991  0.111  322.7  -0.073925        0.020458        0.00689636
0.273  1.99   0.111  337.6  -0.111463        0.0246028       0.0127235
0.273  1.99   0.111  352.5  -0.0285541       0.0204826       0.0130474
0.274  1.994  0.155  7.4    0.0173932        0.0172085       0.0151738
0.274  1.994  0.155  22.3   0.0387501        0.0174027       0.00320597
0.274  1.995  0.155  37.2   0.0260027        0.0178491       0.00506304
0.274  1.996  0.154  52.2   0.0830755        0.0145764       0.00725361
0.274  1.996  0.154  67.2   0.0746496        0.0159061       0.00619714
0.274  1.997  0.154  82.2   0.0191134        0.0131105       0.00600757
0.274  1.998  0.153  97.2   0.00476995       0.00666081      0.00480121
0.274  1.999  0.153  112.2  0.00525533       0.0085097       0.00633568
0.274  2      0.153  127.3  -0.00415044      0.00901952      0.00456281
0.274  2      0.153  142.3  0.00752734       0.0116275       0.00500105
0.274  2.001  0.153  157.4  0.0747572        0.0274082       0.0121592
0.275  2.001  0.153  172.5  0.0203707        0.0295779       0.00139546
0.275  2.001  0.153  187.5  0.0147157        0.0257849       0.00695334
0.274  2.001  0.153  202.6  0.0338297        0.019406        0.00283269
0.274  2      0.153  217.7  -0.00624611      0.0122564       0.0023345
0.274  1.999  0.153  247.8  0.0018619        0.00759147      0.00219298
0.274  1.998  0.153  262.8  -0.0213013       0.00951857      0.00303512
0.274  1.997  0.154  277.8  -0.0284475       0.0115726       0.00432635
0.274  1.996  0.154  292.8  -0.0791383       0.0184036       0.014148
0.274  1.996  0.154  307.8  -0.0406          0.0188592       0.0168718
0.274  1.995  0.155  322.8  -0.0594694       0.0147964       0.00762649
0.274  1.994  0.155  337.7  -0.0579703       0.0171058       0.00611418
0.274  1.994  0.155  352.6  -0.0402721       0.0216637       0.00425926
0.274  1.995  0.205  7.4    0.00760269       0.0228327       0.0199951
0.274  1.995  0.205  22.2   0.0303406        0.0198497       0.0065051
0.274  1.996  0.204  37.1   0.0713892        0.0128197       0.00777641
0.274  1.996  0.204  52.1   0.0531787        0.0108324       0.00462492
0.274  1.997  0.204  67.1   0.0218807        0.0117802       0.00867217
0.274  1.998  0.204  82.1   0.0649134        0.0125257       0.0287313
0.274  1.999  0.203  97.2   0.0509133        0.0128933       0.0060061
0.274  1.999  0.203  112.2  0.0296673        0.0097149       0.00331146
0.275  2      0.203  127.3  0.0122477        0.0115426       0.00784861
0.275  2.001  0.203  142.3  0.00952814       0.0187654       0.00685884
0.275  2.001  0.203  157.4  -0.0331554       0.0193205       0.00919102
0.275  2.001  0.203  187.5  -0.0675837       0.0334816       0.00551149
0.275  2.001  0.203  202.6  -0.00675722      0.00865262      0.00270764
0.275  2.001  0.203  217.7  -0.036361        0.016343        0.00373699
0.275  2      0.203  232.7  -0.00549784      0.0150095       0.00467423
0.274  1.999  0.203  247.8  -0.0220946       0.0050522       0.00435131
0.274  1.999  0.203  262.8  -0.0151963       0.008187        0.0051363
0.274  1.998  0.204  277.9  -0.0271222       0.0100841       0.00476558
0.274  1.997  0.204  292.9  -0.0131944       0.0135214       0.00437375
0.274  1.996  0.204  307.9  -0.0709739       0.0153334       0.0165279
0.274  1.996  0.204  322.9  -0.0466483       0.013961        0.011701
0.274  1.995  0.205  337.8  -0.0502954       0.013392        0.00309982
0.274  1.995  0.205  352.6  -0.0148663       0.0156959       0.00381369
0.274  1.996  0.265  7.3    0.0104771        0.016045        0.0036758
0.274  1.996  0.264  22.1   0.0562838        0.0153187       0.0072411
0.274  1.996  0.264  37     0.0492003        0.00987971      0.00324224
0.274  1.997  0.263  52     0.0325937        0.00800472      0.00204941
0.274  1.997  0.263  67     0.0292912        0.00699005      0.00361864
0.274  1.998  0.262  82.1   0.0257621        0.00926765      0.00682171
0.274  1.999  0.262  97.1   0.0207125        0.00836874      0.00241372
0.275  2      0.262  112.2  0.0163838        0.00656372      0.0029404
0.275  2      0.262  127.3  0.0441413        0.0192358       0.00451363
0.275  2.001  0.262  217.7  -0.0209576       0.0113161       0.00416149
0.275  2      0.262  232.7  0.0207796        0.013577        0.00608055
0.275  2      0.262  247.8  -0.0166019       0.00930792      0.00532995
0.274  1.999  0.262  262.9  -0.0330012       0.00621563      0.00219011
0.274  1.998  0.262  277.9  -0.0234694       0.00616662      0.00391511
0.274  1.997  0.263  293    -0.0281075       0.0106009       0.00541781
0.274  1.997  0.263  308    -0.0668916       0.012641        0.00634366
0.274  1.996  0.264  323    -0.0353341       0.0102527       0.00424289
0.274  1.996  0.264  337.9  -0.0505452       0.0113211       0.00638331
0.274  1.996  0.265  352.7  -0.0581231       0.0148512       0.00489128
0.274  1.989  0.343  7.4    0.0161298        0.0165075       0.0030929
0.274  1.996  0.344  21.9   0.0332833        0.0105384       0.0025197
0.274  1.996  0.343  36.8   0.0249304        0.00736058      0.0038739
0.274  1.996  0.342  51.9   0.0245818        0.0060297       0.00356351
0.274  1.997  0.342  67     0.012585         0.00659882      0.00421274
0.275  1.998  0.341  82     0.0367322        0.0114722       0.00734668
0.275  1.999  0.341  97.1   0.0240242        0.00685201      0.00271045
0.275  2      0.341  112.2  0.00534138       0.00516703      0.00232143
0.275  2      0.341  127.2  0.0101448        0.00753051      0.000772623
0.275  2      0.341  232.8  0.0476778        0.0253001       0.0110787
0.275  2      0.341  247.8  -0.010444        0.0103688       0.00975588
0.275  1.999  0.341  262.9  -0.00476295      0.00562537      0.00229506
0.275  1.998  0.341  278    -0.022692        0.00641971      0.00246636
0.274  1.997  0.342  293    -0.041943        0.00603231      0.00348678
0.274  1.996  0.342  308.1  -0.040761        0.00978016      0.00424239
0.274  1.996  0.343  323.2  -0.0325068       0.00764398      0.002888
0.274  1.996  0.344  338.1  -0.0535847       0.0092952       0.00743931
0.274  1.989  0.343  352.6  -0.0293186       0.0149264       0.0158936
0.275  1.988  0.451  22.1   0.040306         0.0114971       0.0104731
0.274  1.995  0.451  36.6   0.0191886        0.0047662       0.0019621
0.274  1.996  0.449  51.8   0.0215599        0.00483559      0.00290777
0.275  1.997  0.448  66.9   0.0200746        0.00380655      0.00132945
0.275  1.998  0.448  82     0.0137475        0.00357701      0.00244733
0.275  1.999  0.448  97.1   0.00684106       0.00248101      0.00101355
0.275  2      0.447  127.2  -0.0392662       0.0337579       0.00228959
0.275  2.001  0.447  172.5  -0.0666825       0.0519299       0.00388822
0.275  2      0.447  247.9  -0.0273481       0.015612        0.0967984
0.275  1.999  0.448  262.9  -0.00422277      0.00505082      0.00137537
0.275  1.998  0.448  278    -0.0179434       0.00389501      0.00136208
0.275  1.997  0.448  293.1  -0.0125454       0.00444449      0.00264612
0.274  1.996  0.449  308.2  -0.0280369       0.00568411      0.00406331
0.274  1.995  0.451  323.4  -0.0337742       0.00568094      0.00244281
0.275  1.988  0.451  337.9  -0.057134        0.00900634      0.0121518
0.276  1.974  0.606  23.5   0.0322855        0.0129658       0.00686166
0.274  1.994  0.61   36.4   0.0186068        0.00464656      0.00149027
0.275  1.995  0.608  51.7   0.00641383       0.00295871      0.00067719
0.275  1.997  0.607  66.8   0.00795866       0.00257096      0.00080647
0.275  1.998  0.606  81.9   0.00702237       0.00473498      0.00317263
0.275  1.999  0.605  97     0.012565         0.00485556      0.000772324
0.275  2.002  0.605  157.4  0.0089592        0.0262833       0.00999507
0.275  2.001  0.605  187.6  -0.0248716       0.0270377       0.00332099
0.275  1.999  0.605  263    -0.000783781     0.00177096      0.000406548
0.275  1.998  0.606  278.1  -0.00334567      0.00248952      0.000474155
0.275  1.997  0.607  293.2  -0.0166741       0.00294701      0.00111296
0.275  1.995  0.608  308.3  -0.011381        0.00350338      0.00255559
0.274  1.994  0.61   323.6  -0.0150254       0.00449008      0.002353
0.276  1.974  0.606  336.5  0.00958632       0.0109766       0.00203106
0.275  1.977  0.896  23.7   0.0266872        0.00702344      0.00163488
0.275  1.992  0.874  36.3   -0.000679301     0.00187747      0.00040277
0.275  1.994  0.872  51.6   0.00124091       0.0012231       0.000337017
0.275  1.996  0.871  66.7   0.00535318       0.0013532       0.000565492
0.275  1.998  0.869  81.9   0.00564888       0.00202185      0.000351853
0.275  2.001  0.867  127.2  0.009093         0.00773205      0.00146569
0.274  2      0.867  142.3  0.00217342       0.00491427      0.000289684
0.275  2.002  0.867  157.5  0.00183342       0.0157349       0.00154345
0.275  2.002  0.867  172.5  0.00393888       0.00314481      0.00243516
0.275  2.002  0.867  187.5  0.00345791       0.00812029      0.001721
0.275  2.002  0.867  202.5  0.00203766       0.003273        0.000209203
0.274  2      0.867  217.7  -0.00437958      0.0086632       0.000255371
0.275  1.998  0.869  278.1  -0.000951461     0.00197266      0.00114426
0.275  1.996  0.871  293.3  -0.00224017      0.00133777      0.000571428
0.275  1.994  0.872  308.4  -0.00561307      0.00144704      0.000969384
0.275  1.992  0.874  323.7  -0.00372501      0.00229561      0.000948595
0.275  1.977  0.896  336.3  -0.00410662      0.00427433      0.0038026
0.274  1.967  1.485  7.9    -0.000405109     0.00143032      0.00042744
0.275  1.983  1.373  21.2   0.000815414      0.00121238      0.000427278
0.275  1.989  1.39   36.3   -0.000609564     0.000777588     0.000148332
0.275  1.993  1.393  51.5   0.000327257      0.000564053     0.000446122
0.276  2.004  1.39   127.4  -0.000586267     0.000581982     0.0000979201
0.275  2      1.386  142.3  -0.000562546     0.0004418       0.00137155
0.276  2.006  1.388  172.6  -0.000425106     0.00172047      0.000873607
0.274  2      1.386  247.9  0.00161156       0.0079242       0.0000939693
0.275  1.997  1.393  293.3  -0.00208185      0.00104433      0.000225988
0.275  1.993  1.393  308.5  -0.000391592     0.000516173     0.000473097
0.275  1.989  1.39   323.7  -0.000457515     0.000938813     0.000553453
0.275  1.983  1.373  338.8  -0.0027286       0.000907735     0.000666288
0.274  1.967  1.485  352.1  -0.00220629      0.00159275      0.0068084
0.273  2.406  0.112  7.5    0.0615059        0.0225581       0.0125554
0.273  2.406  0.112  22.4   0.0376124        0.0200138       0.0125785
0.273  2.406  0.111  37.3   0.00168176       0.0152809       0.00703819
0.274  2.407  0.111  67.3   0.0232799        0.0165164       0.0171339
0.274  2.408  0.11   82.3   0.0366079        0.0121092       0.018571
0.274  2.41   0.11   97.3   0.036454         0.0138175       0.00226803
0.274  2.413  0.109  127.4  -0.00733036      0.0119122       0.00201617
0.274  2.411  0.11   247.7  -0.00380928      0.00832615      0.00298654
0.274  2.41   0.11   262.7  -0.032298        0.0124703       0.0129134
0.274  2.408  0.11   277.7  -0.0189646       0.0109664       0.0076036
0.274  2.407  0.111  292.7  -0.0693159       0.0167603       0.0173815
0.274  2.406  0.111  307.7  -0.00229247      0.0163114       0.00942998
0.273  2.406  0.111  322.7  -0.0155853       0.016061        0.00294465
0.273  2.406  0.112  337.6  -0.00570568      0.0179294       0.00984038
0.273  2.406  0.112  352.5  -0.0603882       0.0232636       0.00588686
0.275  2.387  0.154  7.5    0.0942775        0.0241307       0.00975687
0.274  2.402  0.154  22.4   0.0690615        0.0241592       0.00516624
0.274  2.415  0.155  37.2   0.0366042        0.0177299       0.00441736
0.274  2.414  0.154  52.2   0.0675863        0.0126449       0.00535095
0.274  2.414  0.154  67.2   0.0622755        0.0138111       0.0040488
0.275  2.414  0.154  82.2   0.0271889        0.0123784       0.00225884
0.275  2.415  0.153  97.2   0.0227507        0.00717482      0.00376608
0.275  2.416  0.153  112.3  0.0277153        0.006114        0.00237295
0.275  2.417  0.153  127.3  0.0199466        0.0068314       0.00583223
0.275  2.418  0.153  142.4  0.00865241       0.00746265      0.00881724
0.275  2.418  0.153  157.4  -0.00542335      0.0111531       0.00166825
0.275  2.419  0.153  172.5  0.0260186        0.0109953       0.0158287
0.275  2.419  0.153  187.5  0.00479405       0.014352        0.00143788
0.275  2.418  0.153  202.6  0.0022056        0.00782731      0.00250609
0.275  2.418  0.153  217.6  0.00179565       0.00828868      0.0017165
0.275  2.417  0.153  232.7  -0.0254531       0.0101929       0.0135037
0.275  2.416  0.153  247.7  -0.0152187       0.0074093       0.00719848
0.275  2.415  0.153  262.8  -0.0304235       0.00834138      0.0043071
0.275  2.414  0.154  277.8  -0.0270719       0.0108431       0.00355474
0.274  2.414  0.154  292.8  -0.0474368       0.0146312       0.0118896
0.274  2.414  0.154  307.8  -0.056588        0.0138925       0.00625867
0.274  2.415  0.155  322.8  -0.0666343       0.016108        0.00602161
0.274  2.402  0.154  337.6  -0.0141016       0.0188797       0.00774123
0.275  2.387  0.154  352.5  -0.0570107       0.0229426       0.00553252
0.275  2.328  0.203  7.6    0.118401         0.0401116       0.0133511
0.275  2.365  0.204  22.6   0.0331531        0.0261838       0.00751246
0.275  2.406  0.204  37.4   0.0769067        0.0169066       0.00694935
0.274  2.415  0.204  52.1   0.108173         0.0141587       0.00927003
0.275  2.414  0.204  67.1   0.0150562        0.0124397       0.00916804
0.275  2.414  0.204  82.1   0.0634371        0.0128204       0.00506369
0.275  2.414  0.203  97.2   0.024093         0.00746726      0.00281856
0.275  2.415  0.203  112.2  0.0265026        0.0061025       0.00371439
0.275  2.416  0.203  127.3  0.00940657       0.00846982      0.00213798
0.275  2.418  0.203  172.5  -0.00167762      0.00620718      0.00428145
0.275  2.418  0.203  202.6  -0.0188309       0.00883091      0.00187718
0.275  2.417  0.203  217.7  -0.00707466      0.0092093       0.00265426
0.275  2.416  0.203  232.7  -0.0209999       0.00780372      0.00452023
0.275  2.415  0.203  247.8  -0.0215691       0.00915558      0.00410546
0.275  2.414  0.203  262.8  -0.0284345       0.00954352      0.00320472
0.275  2.414  0.204  277.9  -0.0346475       0.0124409       0.0060701
0.275  2.414  0.204  292.9  0.00470718       0.0109485       0.00524703
0.274  2.415  0.204  307.9  -0.0591752       0.013981        0.00819346
0.275  2.406  0.204  322.6  -0.0255367       0.0159884       0.00582866
0.275  2.365  0.204  337.4  -0.0382807       0.0214336       0.0108024
0.275  2.328  0.203  352.4  -0.0410046       0.0333544       0.0251622
0.275  2.316  0.262  22.7   0.0512998        0.0276565       0.00879203
0.275  2.392  0.263  37.5   0.0244392        0.0135919       0.00348021
0.275  2.414  0.263  51.9   0.0555994        0.0072011       0.0050647
0.275  2.413  0.263  67     0.0379879        0.00759299      0.00419931
0.275  2.413  0.262  82.1   0.0405485        0.00875153      0.00358165
0.275  2.414  0.262  97.2   0.0227293        0.00598159      0.003267
0.275  2.415  0.262  112.2  0.0143701        0.00452607      0.00248434
0.275  2.415  0.262  127.3  0.0218114        0.00630208      0.00168128
0.275  2.416  0.262  142.3  0.0123515        0.0053508       0.00223214
0.275  2.417  0.262  157.4  0.00829118       0.00378917      0.00180604
0.275  2.417  0.262  172.5  0.0082262        0.00510987      0.00313338
0.275  2.417  0.262  187.5  0.0155805        0.00501096      0.00148463
0.275  2.417  0.262  202.6  -0.00933         0.0048086       0.00146073
0.275  2.416  0.262  217.7  -0.00306313      0.00334383      0.00118966
0.275  2.415  0.262  232.7  -0.017545        0.006059        0.0034937
0.275  2.415  0.262  247.8  -0.0225582       0.00681302      0.00392432
0.275  2.414  0.262  262.8  -0.0245797       0.00752087      0.00207674
0.275  2.413  0.262  277.9  -0.0294614       0.00596056      0.0019426
0.275  2.413  0.263  293    -0.0317962       0.00770423      0.00435113
0.275  2.414  0.263  308.1  -0.0376009       0.011843        0.00402676
0.275  2.392  0.263  322.5  -0.0701275       0.0129826       0.00596297
0.275  2.316  0.262  337.3  -0.0548793       0.0221079       0.0254
0.275  2.376  0.342  37.7   0.0573338        0.011845        0.00470963
0.275  2.412  0.342  51.8   0.0569461        0.00728473      0.00454788
0.275  2.411  0.341  67     0.011937         0.00464648      0.00252896
0.275  2.412  0.341  82     0.0195608        0.00919017      0.00575142
0.275  2.413  0.341  97.1   0.0197007        0.00336442      0.00191122
0.275  2.414  0.341  112.2  0.0184181        0.0035835       0.00177804
0.275  2.415  0.341  127.3  0.00309268       0.00288401      0.000489993
0.275  2.416  0.341  142.3  -0.00420606      0.00597956      0.00269082
0.275  2.416  0.34   157.4  -0.00250629      0.00401999      0.00238279
0.275  2.417  0.34   172.5  0.00347435       0.0040316       0.002387
0.275  2.417  0.34   187.5  0.00510716       0.00770677      0.00787514
0.275  2.416  0.34   202.6  -0.00502261      0.00514331      0.00520429
0.275  2.416  0.341  217.7  -0.00396827      0.00383003      0.00180322
0.275  2.415  0.341  232.7  -0.0118241       0.00441133      0.00323631
0.275  2.414  0.341  247.8  -0.0115875       0.0039981       0.00216312
0.275  2.413  0.341  262.9  -0.02202         0.00491503      0.00307104
0.275  2.412  0.341  278    -0.0148234       0.00425651      0.00238257
0.275  2.411  0.341  293    -0.0466091       0.00690249      0.00498268
0.275  2.412  0.342  308.2  -0.0404788       0.0074353       0.00429454
0.275  2.376  0.342  322.3  -0.0196702       0.0103973       0.00972267
0.275  2.368  0.45   37.6   0.0302077        0.00698199      0.00223168
0.275  2.408  0.448  51.8   0.00724905       0.00344272      0.00204904
0.275  2.409  0.448  66.9   0.00481632       0.00356239      0.0011836
0.275  2.41   0.448  82     0.0144007        0.0046614       0.00125786
0.275  2.411  0.447  97.1   0.00183723       0.00366912      0.00146872
0.275  2.413  0.447  112.2  0.00273217       0.00264991      0.00109731
0.275  2.414  0.447  127.3  0.00267672       0.00277475      0.00118258
0.275  2.415  0.447  142.3  0.000879224      0.00162653      0.000635691
0.275  2.416  0.447  157.4  0.000880797      0.00200487      0.00155263
0.275  2.416  0.447  172.5  0.00704637       0.00494115      0.000442569
0.275  2.416  0.447  187.5  0.0077441        0.00294992      0.00115896
0.275  2.416  0.447  202.6  0.0073491        0.00725562      0.00250066
0.275  2.415  0.447  217.7  0.00173571       0.00264636      0.00111466
0.275  2.414  0.447  232.7  -0.00689363      0.00262721      0.000957783
0.275  2.413  0.447  247.8  -0.00875382      0.00300343      0.00155213
0.275  2.411  0.447  262.9  -0.00369839      0.00236098      0.00117813
0.275  2.41   0.448  278    -0.0180985       0.00360761      0.00143876
0.275  2.409  0.448  293.1  -0.0100019       0.00405108      0.000841139
0.275  2.408  0.448  308.2  -0.0248097       0.00431001      0.0024391
0.275  2.368  0.45   322.4  -0.0391226       0.00899001      0.0410518
0.275  2.383  0.609  37     0.0117956        0.00443228      0.00171407
0.275  2.403  0.606  51.7   0.0100786        0.00257148      0.00107891
0.275  2.405  0.606  66.9   0.00575198       0.00254898      0.000621178
0.275  2.408  0.605  82     0.00640756       0.00232434      0.00105748
0.275  2.41   0.605  97.1   0.00322561       0.00231466      0.00129584
0.275  2.412  0.605  112.2  0.00405004       0.00177165      0.000462204
0.275  2.413  0.605  127.2  0.000901574      0.00131227      0.000633327
0.275  2.414  0.605  142.3  0.00396997       0.0032313       0.00116805
0.275  2.416  0.604  172.5  0.00149117       0.00119707      .0000869496
0.275  2.414  0.605  217.7  -0.0020589       0.00277606      0.000923357
0.275  2.413  0.605  232.8  -0.000654903     0.00258678      0.000695359
0.275  2.412  0.605  247.8  -0.00255683      0.00150184      0.00062575
0.275  2.41   0.605  262.9  -0.00468589      0.00220947      0.000443904
0.275  2.408  0.605  278    -0.0043957       0.00171662      0.000391898
0.275  2.405  0.606  293.1  -0.00222434      0.00201239      0.000688932
0.275  2.403  0.606  308.3  -0.0180665       0.00311934      0.00189942
0.275  2.383  0.609  323    -0.0109842       0.00481288      0.230487
0.275  2.389  0.866  36.5   0.00757321       0.00159683      0.00047696
0.275  2.396  0.868  51.7   0.00500619       0.00126557      0.000536722
0.275  2.401  0.868  66.8   0.000446962      0.000872088     0.000411435
0.275  2.406  0.868  82     0.000447756      0.000905156     0.000308996
0.275  2.409  0.868  97.1   0.00172692       0.00129038      0.000303945
0.275  2.411  0.867  112.2  0.000985888      0.000772809     0.000646129
0.275  2.413  0.867  127.3  -0.00294533      0.00348861      0.000171741
0.275  2.413  0.867  232.7  -0.00104321      0.00246303      0.000966704
0.275  2.411  0.867  247.8  0.00105953       0.000716523     0.000167668
0.275  2.406  0.868  278    -0.00101247      0.00090782      0.000202559
0.275  2.401  0.868  293.2  -0.00336804      0.00103034      0.000489047
0.275  2.396  0.868  308.3  -0.00214581      0.00139046      0.0011502
0.275  2.389  0.866  323.5  -0.00314812      0.00154423      0.00151531
0.275  2.371  1.431  7.6    -0.00081751      0.000904714     0.000233854
0.275  2.366  1.365  21.7   0.000773521      0.000741112     0.000157699
0.275  2.379  1.379  36.6   0.000342891      0.00035979      0.000125491
0.275  2.39   1.386  51.7   -0.000924616     0.00036543      0.000149699
0.275  2.397  1.388  66.9   0.00116703       0.000411787     0.000161317
0.276  2.403  1.389  82     0.000359316      0.000682794     0.000235718
0.276  2.409  1.389  97.1   0.0014152        0.000980546     0.0000825197
0.276  2.413  1.386  187.7  0.000381365      0.000339456     0.0000222372
0.274  2.416  1.386  217.6  -0.0027269       0.00297991      0.000159004
0.276  2.409  1.389  262.9  -0.00123588      0.00252021      0.000232901
0.276  2.403  1.389  278    -0.000916967     0.000824075     0.00017024
0.275  2.397  1.388  293.1  0.0000696694     0.000470099     0.000243722
0.275  2.39   1.386  308.3  -0.00013406      0.00047988      0.000168412
0.275  2.379  1.379  323.4  -0.000283991     0.000494335     0.000222268
0.275  2.366  1.365  338.3  -0.000181329     0.000491165     0.000215914
0.275  2.371  1.431  352.4  0.000397219      0.000863501     0.00319731
0.301  2.143  0.118  7.5    -0.0119448       0.0112711       0.0310084
0.301  2.143  0.118  22.4   0.0498265        0.0201712       0.0261643
0.301  2.144  0.118  37.4   0.0215888        0.0120778       0.00528483
0.301  2.145  0.118  52.4   0.0273645        0.0204589       0.00399235
0.301  2.145  0.118  67.4   -0.00583935      0.0131381       0.0122398
0.301  2.146  0.118  82.3   -0.0545097       0.0294187       0.00317843
0.301  2.145  0.118  307.6  -0.0352215       0.0137883       0.0134121
0.301  2.144  0.118  322.6  -0.012972        0.0142024       0.0100333
0.301  2.143  0.118  337.6  -0.0562167       0.016949        0.0151445
0.304  2.159  0.156  7.5    0.0280609        0.0140348       0.0119143
0.304  2.16   0.155  22.4   0.0583703        0.0106305       0.0104005
0.304  2.16   0.155  37.3   0.0433436        0.0113374       0.00374128
0.304  2.161  0.155  52.3   0.0337416        0.0071715       0.00246402
0.304  2.162  0.154  67.2   0.0210774        0.00590727      0.00596064
0.304  2.164  0.154  82.2   0.0157163        0.00725011      0.00256398
0.304  2.165  0.154  97.3   0.0209559        0.0110766       0.00755664
0.304  2.166  0.153  112.3  0.0415266        0.0148749       0.00243667
0.305  2.167  0.153  127.3  0.0126917        0.0140023       0.000740044
0.304  2.166  0.153  247.7  -0.0329119       0.013384        0.00216342
0.304  2.165  0.154  262.7  -0.00646061      0.00625118      0.00392469
0.304  2.164  0.154  277.8  -0.01412         0.00740699      0.00358949
0.304  2.162  0.154  292.8  -0.0427093       0.00978835      0.0257257
0.304  2.161  0.155  307.7  -0.0287475       0.00851626      0.00816293
0.304  2.16   0.155  322.7  -0.0265655       0.0128136       0.00726133
0.304  2.16   0.155  337.6  -0.0079869       0.00898043      0.00301451
0.304  2.159  0.156  352.5  -0.0173483       0.0121698       0.00870467
0.304  2.161  0.205  7.4    0.0167105        0.0142538       0.00211384
0.304  2.162  0.205  22.3   0.0356326        0.0122386       0.00498056
0.304  2.162  0.205  37.2   0.0260479        0.0101079       0.00211198
0.304  2.163  0.204  52.2   0.0151384        0.00755194      0.00228638
0.304  2.164  0.204  67.2   0.0218096        0.00862998      0.00190444
0.304  2.165  0.204  82.2   0.0297335        0.00981641      0.00394644
0.304  2.166  0.204  97.2   0.00642903       0.00504291      0.00448021
0.305  2.167  0.203  112.2  0.0228734        0.00769451      0.00242593
0.305  2.168  0.203  127.3  0.0228547        0.00973058      0.00319822
0.305  2.169  0.203  142.3  0.0158078        0.010087        0.00968307
0.305  2.169  0.203  157.4  -0.068607        0.0577103       0.0276456
0.305  2.169  0.203  217.7  0.0036139        0.00540172      0.00397339
0.305  2.168  0.203  232.7  -0.00277901      0.00689951      0.00266653
0.305  2.167  0.203  247.8  -0.025217        0.0125355       0.0153256
0.304  2.166  0.204  262.8  -0.0245333       0.00745435      0.0027448
0.304  2.165  0.204  277.8  -0.0402512       0.00789494      0.00293941
0.304  2.164  0.204  292.8  -0.0137071       0.0117447       0.0059291
0.304  2.163  0.204  307.8  -0.0293051       0.0131605       0.00773665
0.304  2.162  0.205  322.8  -0.0394562       0.0109362       0.00842138
0.304  2.162  0.205  337.7  -0.0442539       0.0100178       0.00310781
0.304  2.161  0.205  352.6  -0.0028713       0.0113003       0.002944
0.304  2.162  0.265  7.4    0.00346042       0.00978352      0.00842737
0.304  2.162  0.264  22.2   0.0268478        0.0106557       0.00307662
0.304  2.162  0.264  37.1   0.0212781        0.00782762      0.0060206
0.304  2.163  0.263  52.1   0.0377244        0.00624573      0.00335875
0.304  2.164  0.263  67.1   0.0132638        0.00565914      0.00163311
0.304  2.165  0.263  82.1   0.0226628        0.00517109      0.00531868
0.305  2.166  0.262  97.2   0.011003         0.00343439      0.00273652
0.305  2.167  0.262  112.2  0.0166775        0.00773424      0.00335762
0.305  2.168  0.262  127.3  0.00273776       0.00468334      0.000462187
0.305  2.169  0.262  142.3  0.00769631       0.00622819      0.0128213
0.305  2.169  0.262  217.7  -0.00983558      0.0139203       0.00342043
0.305  2.168  0.262  232.7  0.0222803        0.0101463       0.00565805
0.305  2.167  0.262  247.8  0.00263882       0.00502049      0.00147346
0.305  2.166  0.262  262.8  -0.0327902       0.00582623      0.00296151
0.304  2.165  0.263  277.9  -0.0234385       0.00512954      0.00425231
0.304  2.164  0.263  292.9  -0.0405633       0.00975447      0.00375229
0.304  2.163  0.263  307.9  -0.028567        0.00839966      0.00293128
0.304  2.162  0.264  322.9  -0.0214613       0.00613601      0.00231002
0.304  2.162  0.264  337.8  -0.0222602       0.00768242      0.00345208
0.304  2.162  0.265  352.6  0.000593752      0.00798436      0.00317027
0.304  2.163  0.345  7.3    0.0288589        0.00789104      0.0020226
0.304  2.162  0.344  22     0.0178337        0.00899523      0.00134974
0.304  2.162  0.343  37     0.0279471        0.00576624      0.00190212
0.304  2.163  0.342  52     0.0300256        0.00504641      0.00372787
0.304  2.164  0.342  67     0.0246954        0.00464406      0.00375499
0.305  2.165  0.341  82.1   0.0260445        0.00490887      0.002108
0.305  2.166  0.341  97.1   0.0169353        0.00441157      0.00312099
0.305  2.167  0.341  112.2  -0.00403479      0.00916031      0.000235267
0.305  2.167  0.341  247.8  -0.0124265       0.00828541      0.00135159
0.305  2.166  0.341  262.9  -0.00904785      0.00502401      0.00144941
0.305  2.165  0.341  277.9  -0.00574839      0.00328787      0.00211827
0.304  2.164  0.342  293    -0.032215        0.00550272      0.0038684
0.304  2.163  0.342  308    -0.0206219       0.00607629      0.0035958
0.304  2.162  0.343  323    -0.0327302       0.00636457      0.0022535
0.304  2.162  0.344  338    -0.0156439       0.00556933      0.00179285
0.304  2.163  0.345  352.7  -0.0302372       0.00716368      0.00470883
0.305  2.143  0.451  7.5    0.0191879        0.00988706      0.00161504
0.304  2.162  0.453  21.8   0.00603487       0.00638007      0.00720476
0.304  2.162  0.451  36.8   0.0127163        0.00397728      0.00132009
0.304  2.162  0.45   51.8   0.0152871        0.00351037      0.00193185
0.305  2.163  0.449  66.9   0.00260225       0.00384484      0.00108757
0.305  2.165  0.448  82     0.00763304       0.00460653      0.000882397
0.305  2.166  0.448  97.1   0.00232827       0.00283164      0.00392164
0.305  2.167  0.448  112.2  0.0175489        0.0236873       0.00102327
0.305  2.169  0.447  157.4  -0.00972457      0.00875055      0.00139897
0.305  2.169  0.447  172.5  0.0118557        0.00503382      0.00290662
0.305  2.167  0.448  247.8  -0.00628206      0.00533896      0.00296312
0.305  2.165  0.448  278    -0.0227024       0.00401746      0.00250427
0.305  2.163  0.449  293.1  -0.0126456       0.0035363       0.00183541
0.304  2.162  0.45   308.2  -0.0247379       0.00520966      0.00518178
0.304  2.162  0.451  323.2  -0.0190361       0.00425188      0.0018553
0.304  2.162  0.453  338.2  -0.0218004       0.00522176      0.00168209
0.305  2.143  0.451  352.5  0.000668377      0.00814315      0.0355304
0.305  2.144  0.611  22     0.0247485        0.00551835      0.00323083
0.304  2.16   0.611  36.5   0.0114926        0.00305318      0.000741484
0.305  2.161  0.609  51.7   0.00980338       0.00216762      0.00124564
0.305  2.163  0.607  66.8   0.0039964        0.00192729      0.000704547
0.305  2.165  0.606  81.9   0.00712211       0.00248632      0.00384851
0.305  2.166  0.606  97     0.00642631       0.00543561      0.00239395
0.305  2.168  0.605  127.2  0.0128748        0.00783245      0.00137101
0.305  2.169  0.605  142.3  0.00703319       0.0071191       0.00363177
0.305  2.17   0.605  172.5  0.00430622       0.00626199      0.000421742
0.305  2.17   0.605  187.5  0.00163959       0.00454702      0.0139461
0.305  2.169  0.605  202.6  0.00776727       0.0301744       0.00762636
0.305  2.169  0.605  217.7  -0.0209969       0.0166685       0.00122432
0.305  2.166  0.606  263    -0.00847111      0.007531        0.00380101
0.305  2.165  0.606  278.1  -0.00595636      0.00168466      0.000886255
0.305  2.163  0.607  293.2  -0.00835739      0.00201004      0.000677093
0.305  2.161  0.609  308.3  -0.00319801      0.002469        0.000596028
0.304  2.16   0.611  323.5  -0.00580518      0.00301318      0.00102536
0.305  2.144  0.611  338    -0.0235182       0.00415119      0.00966311
0.305  2.127  0.883  23.1   0.00501838       0.00457215      0.00105963
0.305  2.156  0.877  36.3   0.00239176       0.00156338      0.000514402
0.305  2.159  0.874  51.6   0.00434173       0.00106582      0.000504327
0.305  2.162  0.872  66.8   0.00147134       0.000976044     0.000327071
0.305  2.164  0.87   81.9   0.000957259      0.000751903     0.000538593
0.305  2.169  0.868  127.2  -0.00171943      0.00503969      0.00109452
0.305  2.169  0.868  142.3  -0.00114427      0.00415161      0.000638304
0.305  2.168  0.867  157.3  -0.00196635      0.00442139      0.000573564
0.305  2.169  0.867  172.5  0.00110926       0.00138703      0.000460623
0.305  2.169  0.868  217.7  0.0125242        0.0178476       0.00447995
0.305  2.169  0.868  232.8  0.00703858       0.00593974      0.000410416
0.305  2.164  0.87   278.1  -0.00270559      0.00169021      0.000395202
0.305  2.162  0.872  293.2  -0.00102973      0.00145017      0.000656354
0.305  2.159  0.874  308.4  -0.000948643     0.00246129      0.00118888
0.305  2.156  0.877  323.7  -0.00599727      0.0017689       0.00124511
0.305  2.127  0.883  336.9  -0.00964454      0.00422213      0.00283496
0.305  2.126  1.591  7.8    0.000142093      0.0015707       0.000846878
0.305  2.141  1.386  21.3   0.00154626       0.000865569     0.000277567
0.305  2.151  1.396  36.3   0.00133093       0.000792255     0.000180905
0.305  2.157  1.398  51.5   0.000121473      0.000481138     0.00019314
0.305  2.161  1.396  66.7   0.00111191       0.000659319     0.000064835
0.304  2.163  1.391  96.9   0.00066171       0.00151076      0.000474847
0.306  2.171  1.388  142.2  -0.000305687     0.000924013     0.000291767
0.302  2.168  1.389  157.7  -0.00297484      0.00303918      0.000493207
0.307  2.171  1.386  172.3  -0.000803591     0.00175953      0.000118175
0.302  2.168  1.389  202.3  0.000549311      0.000584295     0.000335379
0.303  2.166  1.39   247.9  0.00109905       0.00647026      0.00106383
0.304  2.163  1.391  263.1  0.000340969      0.000958507     0.0000198817
0.305  2.161  1.396  293.3  -0.000760455     0.000451754     0.000253979
0.305  2.157  1.398  308.5  -0.000310449     0.000685352     0.000174214
0.305  2.151  1.396  323.7  -0.0014041       0.000694768     0.000426987
0.305  2.141  1.386  338.7  0.000059261      0.00076108      0.000562634
0.305  2.126  1.591  352.2  -0.00111841      0.00142964      0.00858965
0.3    2.625  0.119  7.5    -0.0317743       0.0415745       0.0328489
0.301  2.625  0.119  22.4   0.0428229        0.0235044       0.00364825
0.301  2.625  0.119  37.4   -0.00403084      0.0122843       0.00184287
0.301  2.626  0.119  52.4   0.0110039        0.0114082       0.00648744
0.301  2.627  0.118  67.4   -0.0495712       0.0250768       0.0039895
0.301  2.628  0.118  82.4   0.0583323        0.0260956       0.00340133
0.301  2.628  0.118  277.6  0.0151282        0.0126629       0.0153371
0.301  2.626  0.119  307.6  -0.0232341       0.0148967       0.00192002
0.301  2.625  0.119  322.6  -0.024581        0.0100109       0.00779804
0.301  2.625  0.119  337.6  -0.0521327       0.0124026       0.00770206
0.3    2.625  0.119  352.5  0.0246267        0.0232379       0.0106859
0.304  2.651  0.156  7.4    0.0088309        0.0116439       0.00234878
0.304  2.653  0.156  22.4   0.0109563        0.0115859       0.00146205
0.304  2.653  0.155  37.3   0.0122802        0.00754418      0.00171231
0.304  2.652  0.155  52.3   0.0173773        0.00738943      0.00297159
0.304  2.652  0.154  67.2   0.0392262        0.00956518      0.00945758
0.304  2.653  0.154  82.3   0.050849         0.0158298       0.00817675
0.304  2.654  0.154  97.3   0.00334869       0.0165823       0.00400818
0.304  2.655  0.153  112.3  0.0115842        0.011743        0.00175214
0.305  2.656  0.153  127.3  0.00405087       0.0121889       0.000656948
0.305  2.658  0.153  142.4  0.0657418        0.0341241       0.00640849
0.305  2.658  0.153  217.6  -0.0356538       0.0176211       0.00218984
0.305  2.656  0.153  232.7  -0.0107972       0.0157566       0.00242165
0.304  2.655  0.153  247.7  -0.0529221       0.0147287       0.0156834
0.304  2.654  0.154  262.7  -0.027451        0.00857462      0.00314264
0.304  2.653  0.154  277.7  -0.0341307       0.00918906      0.00455213
0.304  2.652  0.154  292.8  -0.0245579       0.0115081       0.0120269
0.304  2.652  0.155  307.7  -0.021476        0.00964668      0.00511256
0.304  2.653  0.155  322.7  -0.00791281      0.00825951      0.00530002
0.304  2.653  0.156  337.6  -0.0299846       0.0106168       0.00223089
0.304  2.651  0.156  352.6  -0.0264141       0.0129552       0.00345458
0.305  2.629  0.204  7.5    0.031738         0.0180576       0.00631016
0.304  2.645  0.204  22.4   -0.00178069      0.0173267       0.00459965
0.304  2.656  0.205  37.2   0.0173486        0.0101469       0.00279804
0.304  2.655  0.204  52.1   0.0270034        0.00756051      0.0048159
0.304  2.654  0.204  67.1   0.0119543        0.00910898      0.00263752
0.304  2.654  0.204  82.2   0.0253074        0.0097503       0.0142158
0.305  2.654  0.204  97.2   0.0103545        0.00569376      0.00273686
0.305  2.655  0.203  112.3  0.0106954        0.00572414      0.00139215
0.305  2.656  0.203  127.3  0.00460725       0.00574002      0.000906706
0.305  2.657  0.203  142.4  0.0128751        0.0055025       0.00143215
0.305  2.657  0.203  157.4  0.00420892       0.00666202      0.000833476
0.305  2.658  0.203  172.5  -0.00525091      0.00584016      0.00542799
0.305  2.658  0.203  187.5  -0.00215003      0.00746725      0.00251766
0.305  2.657  0.203  202.6  -0.0104178       0.00617533      0.00720444
0.305  2.657  0.203  217.6  -0.00816897      0.00777089      0.00603831
0.305  2.656  0.203  232.7  0.003111         0.00723154      0.00227515
0.305  2.655  0.203  247.7  0.00175502       0.0080165       0.00477014
0.305  2.654  0.204  262.8  -0.0231314       0.00864665      0.0042132
0.304  2.654  0.204  277.8  -0.0386313       0.00704934      0.00341975
0.304  2.654  0.204  292.9  -0.0295692       0.00834086      0.00702175
0.304  2.655  0.204  307.9  -0.0547442       0.0154447       0.00588139
0.304  2.656  0.205  322.8  -0.0254388       0.0111022       0.00298522
0.304  2.645  0.204  337.6  0.0127171        0.0132205       0.00275905
0.305  2.629  0.204  352.5  -0.0226461       0.0141272       0.00499749
0.305  2.567  0.262  7.6    0.0164597        0.018043        0.00509091
0.305  2.609  0.263  22.6   0.0192517        0.0141955       0.0101827
0.304  2.652  0.264  37.2   0.0808547        0.00900877      0.00506124
0.304  2.655  0.263  52     0.0212099        0.00549097      0.00296635
0.304  2.653  0.263  67.1   0.025051         0.00564498      0.00473535
0.305  2.653  0.262  82.1   0.00874935       0.00732746      0.00254539
0.305  2.653  0.262  97.2   0.0224768        0.00547133      0.0019039
0.305  2.654  0.262  112.2  0.0119845        0.00293492      0.00156593
0.305  2.655  0.262  127.3  0.0117132        0.00340261      0.00127076
0.305  2.656  0.262  142.3  -0.000898769     0.00386782      0.00187911
0.305  2.657  0.262  157.4  0.00371359       0.00468669      0.000708107
0.305  2.657  0.262  172.5  0.00349546       0.00298095      0.000747089
0.305  2.657  0.262  187.5  0.00190775       0.00410871      0.00182708
0.305  2.657  0.262  202.6  -0.00712656      0.00251563      0.000915318
0.305  2.656  0.262  217.7  -0.0141789       0.00337338      0.00112149
0.305  2.654  0.262  247.8  -0.00584042      0.00433837      0.00110379
0.305  2.653  0.262  262.8  -0.0155854       0.00490494      0.00252971
0.305  2.653  0.262  277.9  -0.0218623       0.00551184      0.00293114
0.304  2.653  0.263  292.9  -0.018439        0.0054307       0.00238613
0.304  2.655  0.263  308    -0.0262738       0.00757582      0.00486052
0.304  2.652  0.264  322.8  -0.0716375       0.00928392      0.00543885
0.305  2.609  0.263  337.4  -0.0049818       0.0139924       0.00572559
0.305  2.567  0.262  352.4  -0.0103814       0.0172918       0.0068575
0.305  2.553  0.341  22.7   0.0254799        0.0211247       0.014835
0.305  2.639  0.342  37.3   0.0141423        0.00750547      0.00191761
0.304  2.653  0.342  51.9   0.071171         0.00452243      0.00515449
0.305  2.652  0.341  67     0.0274001        0.00430648      0.00324616
0.305  2.652  0.341  82.1   0.0250693        0.00519392      0.00297354
0.305  2.652  0.341  97.1   0.0121465        0.00326558      0.00121596
0.305  2.653  0.341  112.2  -0.00047727      0.00233069      0.000456201
0.305  2.654  0.341  127.3  -0.000794441     0.00279752      0.00106591
0.305  2.655  0.341  142.3  0.00306797       0.00251477      0.000701854
0.305  2.656  0.341  157.4  0.0051877        0.00215641      0.00185778
0.305  2.656  0.341  172.5  0.000888926      0.00307461      0.00049921
0.305  2.656  0.341  187.5  0.00301082       0.00199114      0.000416745
0.305  2.655  0.341  217.7  -0.00761409      0.00329336      0.0027578
0.305  2.654  0.341  232.7  -0.0080437       0.00411254      0.00228864
0.305  2.653  0.341  247.8  -0.00955855      0.00785877      0.000723705
0.305  2.652  0.341  262.9  -0.0131147       0.0029288       0.00118838
0.305  2.652  0.341  277.9  -0.0004218       0.00354353      0.00125122
0.305  2.652  0.341  293    -0.0242309       0.00565963      0.00584549
0.304  2.653  0.342  308.1  -0.189748        0.00623818      0.0115498
0.305  2.639  0.342  322.7  -0.0388066       0.00757528      0.00488026
0.305  2.553  0.341  337.3  -0.05097         0.0159257       0.011714
0.305  2.629  0.45   37.3   0.0314715        0.00563671      0.00365769
0.305  2.649  0.449  51.8   0.0103402        0.0030856       0.00199935
0.305  2.649  0.448  66.9   0.0151046        0.00421796      0.00150607
0.305  2.65   0.448  82     0.0113909        0.00317871      0.00133263
0.305  2.651  0.448  97.1   0.00310402       0.00180546      0.0015889
0.305  2.652  0.447  112.2  0.00589595       0.0018881       0.000829334
0.305  2.653  0.447  127.3  0.0048354        0.00267693      0.00180572
0.305  2.654  0.447  142.3  0.00438854       0.00303929      0.00175549
0.305  2.655  0.447  157.4  0.00121413       0.00149969      0.00155102
0.305  2.655  0.447  172.5  0.00578552       0.00470679      0.000647411
0.305  2.655  0.447  187.5  0.0014807        0.0032931       0.00125791
0.305  2.655  0.447  202.6  -0.00654916      0.00418262      0.00151346
0.305  2.654  0.447  217.7  -0.00395213      0.00291455      0.00104492
0.305  2.653  0.447  232.7  0.00460868       0.00423067      0.00136586
0.305  2.652  0.447  247.8  -0.00570878      0.00324955      0.000485773
0.305  2.651  0.448  262.9  -0.00344077      0.00200775      0.00120992
0.305  2.65   0.448  278    -0.0169574       0.00293719      0.00178846
0.305  2.649  0.448  293.1  -0.0136389       0.00309275      0.00102238
0.305  2.649  0.449  308.2  -0.0128377       0.00357782      0.00278924
0.305  2.629  0.45   322.7  -0.0268392       0.00532738      0.00648389
0.305  2.626  0.61   37     0.0150489        0.00314583      0.000896841
0.305  2.644  0.607  51.7   0.0103523        0.00209871      0.00110742
0.305  2.645  0.606  66.9   0.00506436       0.00185951      0.000396087
0.305  2.647  0.606  82     0.00608867       0.00180354      0.000718543
0.305  2.649  0.605  97.1   0.000266204      0.00140475      0.00103223
0.305  2.651  0.605  112.2  0.00666123       0.00157707      0.00130586
0.305  2.652  0.605  127.3  0.00409941       0.00286889      0.000585877
0.305  2.653  0.605  142.3  -0.00064494      0.000988349     0.00111656
0.305  2.655  0.604  172.5  -0.00153086      0.000784745     0.000170266
0.305  2.655  0.604  187.5  -0.00251403      0.0014527       0.00191258
0.305  2.653  0.605  217.7  -0.000798261     0.00196436      0.000828855
0.305  2.652  0.605  232.7  -0.000486263     0.00107128      0.000656919
0.305  2.651  0.605  247.8  0.00225106       0.00181369      0.00033919
0.305  2.649  0.605  262.9  -0.00438827      0.00211316      0.000444134
0.305  2.647  0.606  278    -0.00669842      0.00185513      0.00054583
0.305  2.645  0.606  293.1  -0.00242497      0.00168823      0.000634942
0.305  2.644  0.607  308.3  -0.00559787      0.002516        0.00151968
0.305  2.626  0.61   323    -0.0153481       0.0039089       0.0799909
0.305  2.629  0.869  36.5   0.00525215       0.00146591      0.000591299
0.305  2.636  0.869  51.7   0.00301248       0.00107146      0.00042008
0.305  2.641  0.869  66.8   0.00256699       0.000917833     0.000327515
0.305  2.644  0.869  82     0.00182558       0.00103526      0.000275704
0.305  2.647  0.868  97.1   0.00170568       0.000933132     0.00105272
0.305  2.65   0.868  112.2  0.000870856      0.00045979      0.000160105
0.305  2.65   0.868  247.8  -0.00128012      0.00404453      0.000825633
0.305  2.647  0.868  262.9  -0.00243689      0.000602054     0.00021814
0.305  2.644  0.869  278    -0.00148607      0.000589735     0.000200616
0.305  2.641  0.869  293.2  -0.000907737     0.000802929     0.000191335
0.305  2.636  0.869  308.3  -0.00323234      0.00149609      0.000370975
0.305  2.629  0.869  323.5  -0.00488805      0.00146744      0.00519092
0.304  2.612  1.533  7.9    -0.00116147      0.00130423      0.000299642
0.305  2.604  1.381  21.9   0.00122918       0.000579308     0.000270327
0.305  2.617  1.381  36.6   0.000497319      0.000610624     0.000055294
0.305  2.628  1.389  51.7   0.000451794      0.000325376     0.000107247
0.304  2.635  1.39   66.8   0.000636544      0.00056915      0.0000908848
0.304  2.64   1.39   81.9   0.000146888      0.0003675       0.000195708
0.305  2.645  1.389  97     0.000521226      0.000861508     0.0000677055
0.304  2.649  1.39   112.2  0.000391987      0.000354254     0.0000228566
0.305  2.652  1.386  172.2  0.00133146       0.00171801      0.0000776371
0.304  2.656  1.388  217.4  0.000582455      0.00115504      0.0000339627
0.305  2.645  1.389  263    -0.000252001     0.00047716      0.000187988
0.304  2.64   1.39   278.1  -0.000359834     0.000312382     0.0000916714
0.304  2.635  1.39   293.2  0.000582033      0.000347272     0.000156807
0.305  2.628  1.389  308.3  -0.000422793     0.000578479     0.000126506
0.305  2.617  1.381  323.4  -0.000476653     0.000498105     0.000158719
0.305  2.604  1.381  338.1  -0.0000909111    0.000483299     0.000242305
0.304  2.612  1.533  352.1  0.00212691       0.000772821     0.000250945
0.324  2.23   0.127  52.4   -0.0367393       0.0307486       0.00214225
0.333  2.285  0.159  7.5    0.0232899        0.0101389       0.00331146
0.333  2.286  0.158  22.4   0.00687965       0.012453        0.00447612
0.333  2.286  0.158  37.4   0.0114307        0.00846575      0.00137492
0.333  2.287  0.158  52.3   0.00329401       0.00591755      0.00233131
0.333  2.288  0.157  67.3   0.0349435        0.010526        0.0155348
0.333  2.29   0.157  82.3   0.0308339        0.00726216      0.00416834
0.333  2.291  0.156  97.3   -0.00675054      0.0123362       0.012214
0.333  2.291  0.156  262.7  -0.00594899      0.0123316       0.000346883
0.333  2.29   0.157  277.7  -0.0216335       0.0109788       0.00516263
0.333  2.288  0.157  292.7  -0.0281337       0.0204463       0.0245665
0.333  2.287  0.158  307.7  -0.0298771       0.00889265      0.0093953
0.333  2.286  0.158  322.6  -0.0233037       0.00683129      0.00389584
0.333  2.286  0.158  337.6  0.00604023       0.0079533       0.00289697
0.333  2.285  0.159  352.5  -0.00229803      0.00996955      0.00437549
0.334  2.293  0.205  7.4    -0.0151335       0.00911964      0.0101583
0.334  2.294  0.205  22.3   0.0375729        0.00919725      0.00862417
0.334  2.295  0.205  37.3   0.0168261        0.006176        0.00168034
0.334  2.295  0.204  52.2   0.0194957        0.00655743      0.00371227
0.334  2.297  0.204  67.2   0.0166739        0.00463035      0.00228414
0.334  2.298  0.204  82.2   0.014612         0.00807086      0.00410388
0.335  2.299  0.204  97.2   -0.00213645      0.00651979      0.00437278
0.335  2.3    0.203  112.3  0.0221563        0.0110148       0.00752434
0.335  2.302  0.203  127.3  0.0149516        0.0384754       0.000871819
0.335  2.302  0.203  232.7  -0.0417075       0.0838184       0.00379756
0.335  2.3    0.203  247.7  -0.0133768       0.00882934      0.00236898
0.335  2.299  0.204  262.8  -0.0208839       0.0058257       0.00389985
0.334  2.298  0.204  277.8  -0.0457362       0.0152892       0.00488604
0.334  2.297  0.204  292.8  -0.0145053       0.00672172      0.00203366
0.334  2.295  0.204  307.8  -0.0483378       0.00998347      0.00342512
0.334  2.295  0.205  322.7  -0.0221125       0.00675848      0.0033302
0.334  2.294  0.205  337.7  -0.0154902       0.00757898      0.00432646
0.334  2.293  0.205  352.6  0.00199525       0.00786723      0.00393858
0.334  2.294  0.265  7.4    0.0207419        0.00728324      0.00521029
0.334  2.295  0.265  22.3   0.0257263        0.00775518      0.0115882
0.334  2.295  0.264  37.2   0.0127128        0.00617567      0.00242065
0.334  2.296  0.264  52.1   0.0170065        0.00524644      0.00160458
0.334  2.297  0.263  67.1   0.0278213        0.0051299       0.00345062
0.335  2.298  0.263  82.2   0.00543717       0.00370597      0.000923807
0.335  2.3    0.262  97.2   0.00527273       0.00449049      0.00534296
0.335  2.301  0.262  112.2  0.0175681        0.00663515      0.00309328
0.335  2.302  0.262  127.3  0.0213313        0.0108081       0.00124382
0.335  2.302  0.262  232.7  -0.0107175       0.00567995      0.000624935
0.335  2.3    0.262  262.8  -0.00900649      0.00469557      0.00568508
0.335  2.298  0.263  277.8  -0.0178121       0.00611022      0.00159823
0.334  2.297  0.263  292.9  -0.0255255       0.00625958      0.00359607
0.334  2.296  0.264  307.9  -0.0185151       0.00526546      0.00140099
0.334  2.295  0.264  322.8  -0.0059821       0.00438889      0.00228082
0.334  2.295  0.265  337.7  -0.0247397       0.00547127      0.00206087
0.334  2.294  0.265  352.6  -0.0209138       0.00622334      0.00367654
0.334  2.295  0.345  7.4    -0.00550997      0.0060921       0.0019701
0.334  2.295  0.344  22.1   0.0342014        0.00669745      0.00365405
0.334  2.295  0.343  37     0.0243558        0.00432717      0.00195971
0.334  2.296  0.343  52     0.0244418        0.00427007      0.00235248
0.334  2.297  0.342  67     0.0146958        0.00393339      0.00250802
0.335  2.299  0.341  82.1   0.0190489        0.00629436      0.00204893
0.335  2.301  0.341  247.8  -0.022796        0.0154253       0.00227572
0.335  2.3    0.341  262.9  -0.00301829      0.00565177      0.00198189
0.335  2.299  0.341  277.9  -0.00104571      0.00572069      0.00154501
0.334  2.297  0.342  293    -0.0172073       0.00522173      0.00263067
0.334  2.296  0.343  308    -0.0237783       0.00519065      0.00382066
0.334  2.295  0.343  323    -0.0305496       0.00542235      0.00369004
0.334  2.295  0.344  337.9  -0.012918        0.00456175      0.00231995
0.334  2.295  0.345  352.6  -0.0129554       0.00496297      0.00114942
0.334  2.295  0.456  7.3    0.0155103        0.00435421      0.0039001
0.334  2.295  0.454  21.9   0.0142017        0.00484973      0.00155592
0.334  2.295  0.452  36.9   0.0100662        0.00358023      0.000684762
0.334  2.296  0.45   51.9   0.0130468        0.00274586      0.00109639
0.335  2.297  0.449  67     0.00565304       0.00236083      0.00159351
0.335  2.298  0.448  82     0.00398458       0.00299321      0.000732333
0.335  2.3    0.448  97.1   0.0122421        0.00619715      0.000713829
0.335  2.3    0.448  262.9  0.00736953       0.00504612      0.00133583
0.335  2.298  0.448  278    -0.0107801       0.00352222      0.00223458
0.335  2.297  0.449  293    -0.0113049       0.00337545      0.00431934
0.334  2.296  0.45   308.1  -0.0120333       0.00340259      0.00154842
0.334  2.295  0.452  323.1  -0.00593476      0.00361953      0.000616742
0.334  2.295  0.454  338.1  -0.0248798       0.00343133      0.00266661
0.334  2.295  0.456  352.7  -0.0123444       0.00474139      0.00170226
0.335  2.254  0.605  7.8    0.0335355        0.00784852      0.00423213
0.334  2.291  0.617  21.6   0.0118785        0.00308053      0.00189613
0.334  2.293  0.612  36.6   0.00634258       0.00243507      0.00111841
0.335  2.294  0.609  51.8   0.00653725       0.00177594      0.00097137
0.335  2.296  0.608  66.9   0.00696541       0.00215061      0.000690822
0.335  2.298  0.607  82     0.00725118       0.00414333      0.000652809
0.335  2.302  0.605  127.2  0.0129274        0.0226647       0.0055558
0.335  2.303  0.605  142.3  -0.0180891       0.0305251       0.0022896
0.335  2.303  0.605  157.4  -0.00229311      0.00667547      0.00228004
0.335  2.303  0.605  172.5  0.00210133       0.00337877      0.000981655
0.335  2.303  0.605  187.5  0.00192336       0.00306298      0.00548052
0.335  2.303  0.605  202.6  -0.0262963       0.0333587       0.00356082
0.335  2.303  0.605  217.7  0.0065873        0.00445212      0.00489772
0.335  2.302  0.605  232.8  -0.0135832       0.0114465       0.000792031
0.335  2.298  0.607  278    0.00113887       0.0025268       0.000791822
0.335  2.296  0.608  293.1  -0.00233445      0.00201003      0.000735858
0.335  2.294  0.609  308.2  -0.00823561      0.0024573       0.000916969
0.334  2.293  0.612  323.4  -0.0163029       0.00269867      0.00113074
0.334  2.291  0.617  338.4  -0.00663857      0.00230329      0.00122349
0.335  2.254  0.605  352.2  0.00372785       0.0058787       0.630316
0.335  2.264  0.883  22     -0.00345008      0.00260146      0.00248807
0.335  2.289  0.881  36.4   0.00344321       0.00146956      0.00060109
0.335  2.292  0.876  51.6   0.000103696      0.000834381     0.000428522
0.335  2.295  0.873  66.8   0.0017883        0.000898301     0.000469256
0.335  2.297  0.871  81.9   0.00325487       0.00165839      0.000531904
0.334  2.301  0.868  127.1  -0.00102705      0.00144173      0.00199476
0.335  2.304  0.869  142.4  0.00936012       0.0177006       0.000608863
0.335  2.302  0.867  157.3  0.000341132      0.00101616      0.00129219
0.335  2.304  0.868  172.5  -0.00314749      0.00592854      0.000599599
0.335  2.304  0.868  187.5  -0.00163203      0.00182956      0.000392981
0.335  2.302  0.867  202.7  0.00279994       0.00199028      0.0014074
0.335  2.304  0.869  217.6  0.007645         0.0104272       0.00217406
0.335  2.301  0.869  247.9  0.00589031       0.00762052      0.00261056
0.335  2.297  0.871  278.1  -0.00645593      0.00253565      0.00219966
0.335  2.295  0.873  293.2  -0.00144111      0.00166062      0.00043666
0.335  2.289  0.881  323.6  -0.00417034      0.00132491      0.000650618
0.335  2.264  0.883  338    -0.0023045       0.00200216      0.306256
0.334  2.236  1.662  8.4    0.00045348       0.00140865      0.00013022
0.335  2.269  1.401  21.2   0.0016799        0.000824686     0.000339988
0.335  2.284  1.404  36.3   -0.000985055     0.000753288     0.000536003
0.335  2.29   1.403  51.5   -0.000396953     0.000493195     0.000484922
0.335  2.295  1.4    66.7   0.000604458      0.000523706     0.000313975
0.336  2.299  1.397  81.9   -0.00203489      0.00124921      0.000772524
0.335  2.295  1.387  126.8  0.001836         0.00135155      0.000372172
0.333  2.298  1.39   142.2  0.00127753       0.0010984       0.000846275
0.331  2.298  1.387  157.1  -0.00136867      0.00157838      0.0000891595
0.333  2.298  1.39   217.8  0.00100058       0.000634499     0.0000583432
0.336  2.306  1.393  247.7  0.00121528       0.00209511      0.00103917
0.335  2.299  1.392  263.1  -0.00170184      0.00452281      0.0000992332
0.336  2.299  1.397  278.1  -0.000675569     0.00110377      0.000409777
0.335  2.295  1.4    293.3  -0.00193666      0.0024807       0.000116957
0.335  2.29   1.403  308.5  0.000370653      0.00045255      0.00013019
0.335  2.284  1.404  323.7  -0.00180658      0.000698433     0.000118218
0.335  2.269  1.401  338.8  0.000479672      0.000683328     0.000456072
0.334  2.236  1.662  351.6  0.00179451       0.00138577      0.000252278
0.332  2.843  0.159  7.5    -0.0418733       0.0130908       0.00383863
0.332  2.843  0.159  22.4   -0.0252717       0.0132316       0.00911329
0.332  2.843  0.159  37.4   0.0276321        0.00890039      0.00698696
0.332  2.843  0.158  52.3   0.010801         0.0123885       0.00712097
0.333  2.844  0.158  67.3   0.022305         0.00913218      0.00248288
0.333  2.845  0.158  82.3   0.0235879        0.0128617       0.00171648
0.333  2.846  0.157  97.3   0.040388         0.0187228       0.022065
0.333  2.846  0.157  262.7  -0.0480862       0.0411569       0.00378575
0.333  2.845  0.158  277.7  -0.0215894       0.00804895      0.00164383
0.333  2.844  0.158  292.7  -0.050879        0.0217003       0.00763767
0.332  2.843  0.158  307.7  -0.0136878       0.0160071       0.0270402
0.332  2.843  0.159  322.6  -0.0414365       0.00932541      0.00617495
0.332  2.843  0.159  337.6  -0.0221849       0.0117462       0.0101524
0.332  2.843  0.159  352.5  0.00588964       0.0100781       0.00492996
0.334  2.86   0.205  7.4    0.00644614       0.0081888       0.00771307
0.334  2.859  0.205  22.3   0.0311216        0.0097918       0.00304212
0.334  2.858  0.205  37.3   0.00255271       0.00754318      0.00200155
0.334  2.858  0.205  52.2   0.0190647        0.00652262      0.00248039
0.334  2.857  0.204  67.2   0.0314235        0.00818859      0.00285569
0.334  2.858  0.204  82.2   0.0178781        0.00776235      0.00474667
0.335  2.858  0.204  97.3   0.00561789       0.00336471      0.00125716
0.335  2.859  0.203  112.3  0.00528066       0.00422488      0.00325622
0.335  2.861  0.203  127.3  0.0165615        0.00842331      0.00199497
0.335  2.862  0.203  142.4  0.0225614        0.00948346      0.00307354
0.335  2.862  0.203  217.6  0.00693942       0.0112017       0.00180528
0.335  2.861  0.203  232.7  -0.00466328      0.0075757       0.00290053
0.335  2.859  0.203  247.7  -0.0198208       0.00833359      0.0154708
0.335  2.858  0.204  262.7  -0.0174826       0.00521404      0.00228783
0.334  2.858  0.204  277.8  -0.0139314       0.00549456      0.00378266
0.334  2.857  0.204  292.8  -0.0281201       0.00803606      0.00506155
0.334  2.858  0.205  307.8  -0.029577        0.00707299      0.00212438
0.334  2.858  0.205  322.7  -0.0292873       0.0066999       0.00252569
0.334  2.859  0.205  337.7  -0.0101273       0.00681227      0.00139169
0.334  2.86   0.205  352.6  0.00954088       0.0100037       0.00140695
0.334  2.841  0.264  7.5    -0.007884        0.010036        0.00672177
0.334  2.857  0.264  22.3   0.00611366       0.0115691       0.0047605
0.334  2.861  0.264  37.1   0.0393982        0.00621358      0.00269666
0.334  2.859  0.264  52.1   0.0282086        0.00451967      0.00230705
0.334  2.857  0.263  67.1   0.0226213        0.00505614      0.00203674
0.335  2.857  0.263  82.2   0.0109342        0.00577385      0.00697667
0.335  2.858  0.262  97.2   0.0189925        0.00380345      0.00134911
0.335  2.859  0.262  112.3  0.00847465       0.0026818       0.000609855
0.335  2.86   0.262  127.3  0.00257297       0.00216638      0.000968331
0.335  2.861  0.262  142.4  0.0126439        0.00393391      0.00749582
0.335  2.861  0.262  157.4  0.0116898        0.00390392      0.00120393
0.335  2.862  0.262  172.5  0.00637537       0.00343155      0.00176207
0.335  2.862  0.262  187.5  -0.0112622       0.00495529      0.00116508
0.335  2.861  0.262  202.6  -0.00202076      0.00359546      0.0042994
0.335  2.861  0.262  217.6  -0.00266318      0.00426652      0.000662888
0.335  2.86   0.262  232.7  -0.00262332      0.00482318      0.00192923
0.335  2.859  0.262  247.7  -0.0106942       0.0047024       0.00198673
0.335  2.858  0.262  262.8  -0.00554777      0.00333528      0.000700821
0.335  2.857  0.263  277.8  -0.0211069       0.0045909       0.00264487
0.334  2.857  0.263  292.9  -0.023048        0.00710765      0.0019171
0.334  2.859  0.264  307.9  -0.0252939       0.00638327      0.00255046
0.334  2.861  0.264  322.9  -0.0333522       0.00630124      0.00202598
0.334  2.857  0.264  337.7  -0.0104377       0.00593217      0.00178713
0.334  2.841  0.264  352.5  -0.0495811       0.00869121      0.00316209
0.335  2.764  0.342  7.5    0.0116747        0.0109777       0.00594374
0.335  2.822  0.342  22.5   0.015688         0.00765138      0.00195666
0.334  2.86   0.343  37     0.0168171        0.00477505      0.00212756
0.334  2.858  0.342  52     0.0251666        0.00385662      0.00230149
0.335  2.856  0.342  67     -0.00360106      0.00290275      0.000910426
0.335  2.856  0.341  82.1   0.00934418       0.00349529      0.00241761
0.335  2.857  0.341  97.2   0.00347772       0.00271762      0.00102727
0.335  2.858  0.341  112.2  0.00687916       0.00227885      0.000677542
0.335  2.859  0.341  127.3  0.00705343       0.0024957       0.00140276
0.335  2.86   0.341  142.3  -0.00233732      0.00231909      0.00171203
0.335  2.861  0.341  172.5  0.00525822       0.00234325      0.0011512
0.335  2.861  0.341  187.5  -0.00323505      0.00270775      0.00229676
0.335  2.86   0.341  202.6  -0.000464372     0.0021515       0.000210766
0.335  2.86   0.341  217.7  -0.000403469     0.00153613      0.000955273
0.335  2.859  0.341  232.7  -0.00808613      0.00219992      0.00144043
0.335  2.858  0.341  247.8  -0.00852991      0.0038579       0.00173528
0.335  2.857  0.341  262.8  -0.0134694       0.00384268      0.00101047
0.335  2.856  0.341  277.9  -0.00663414      0.00330913      0.00230223
0.335  2.856  0.342  293    -0.0142102       0.00332979      0.00327467
0.334  2.858  0.342  308    -0.0174409       0.00554493      0.00105044
0.334  2.86   0.343  323    -0.0207357       0.00385868      0.00198377
0.335  2.764  0.342  352.5  -0.00412861      0.00922284      0.00776355
0.335  2.755  0.448  22.8   0.00844262       0.00722944      0.00128588
0.335  2.851  0.45   37     0.0227705        0.00456898      0.00157215
0.334  2.855  0.449  51.9   0.0157861        0.00285437      0.00202867
0.335  2.854  0.449  67     0.00522637       0.00199083      0.000814354
0.335  2.854  0.448  82.1   0.0100945        0.00273059      0.000832123
0.335  2.855  0.448  97.1   -0.000441345     0.00192137      0.000792901
0.335  2.856  0.448  112.2  0.00105086       0.00212457      0.000715375
0.335  2.858  0.447  127.3  0.00554355       0.00230342      0.000431781
0.335  2.858  0.447  142.3  -0.00124282      0.00171547      0.000422202
0.335  2.86   0.447  157.4  0.00279986       0.00174758      0.000342619
0.335  2.859  0.447  172.5  -0.00110277      0.00209573      0.000340376
0.335  2.859  0.447  187.5  -0.000936637     0.00165781      0.00131809
0.335  2.86   0.447  202.6  0.00105267       0.00138888      0.000608863
0.335  2.858  0.447  217.7  0.00144383       0.00144214      0.000724733
0.335  2.858  0.447  232.7  -0.00228602      0.000991033     0.00101568
0.335  2.856  0.448  247.8  -0.00148284      0.00283512      0.000392927
0.335  2.855  0.448  262.9  -0.00593682      0.00222348      0.000455899
0.335  2.854  0.448  277.9  -0.00812249      0.00188757      0.00170875
0.335  2.854  0.449  293    -0.0122216       0.0024416       0.00104048
0.334  2.855  0.449  308.1  -0.00901194      0.00338238      0.00217947
0.335  2.851  0.45   323    0.000340089      0.00397214      0.00126685
0.335  2.755  0.448  337.2  -0.0208575       0.00644682      0.0046653
0.335  2.842  0.611  36.8   0.015085         0.00273084      0.00108707
0.335  2.849  0.608  51.8   0.00588329       0.00176032      0.000524447
0.335  2.85   0.607  66.9   0.00306108       0.00138506      0.000450295
0.335  2.851  0.606  82     -0.000877584     0.00133133      0.00118029
0.335  2.853  0.605  97.1   0.00394736       0.00168987      0.00102908
0.335  2.857  0.605  127.3  0.00233487       0.00148863      0.000563183
0.335  2.858  0.605  142.3  0.00162753       0.00122803      0.00304109
0.335  2.859  0.605  157.4  0.00441918       0.00300354      0.000257686
0.335  2.858  0.604  172.4  -0.0014504       0.00134189      0.000541651
0.335  2.858  0.604  187.6  0.0031991        0.00194894      0.000195148
0.335  2.859  0.605  202.6  -0.00109652      0.00113379      0.000563527
0.335  2.858  0.605  217.7  -0.000950092     0.00105128      0.000378542
0.335  2.857  0.605  232.7  -0.00108962      0.00108165      0.00070344
0.335  2.855  0.605  247.8  -0.00169541      0.00218091      0.0019434
0.335  2.853  0.605  262.9  -0.00334316      0.00156724      0.000465514
0.335  2.851  0.606  278    -0.00426582      0.00117693      0.000387971
0.335  2.85   0.607  293.1  -0.00338898      0.0012699       0.000592863
0.335  2.849  0.608  308.2  -0.00279886      0.00164859      0.00140994
0.335  2.842  0.611  323.2  -0.00603325      0.00260738      0.00131551
0.335  2.835  0.873  36.5   0.00134515       0.00141621      0.000263337
0.335  2.841  0.872  51.7   0.00143459       0.000734967     0.000157268
0.335  2.844  0.87   66.8   0.00146012       0.000805455     0.000310781
0.335  2.848  0.87   82     -0.00132001      0.00135758      0.000385947
0.335  2.851  0.869  97.1   0.00217854       0.00185743      0.0002336
0.335  2.857  0.868  217.6  0.000831183      0.000345176     0.000268685
0.335  2.853  0.868  247.9  -0.00368678      0.00283677      0.00135236
0.335  2.851  0.869  262.9  -0.00334868      0.00182965      0.000267829
0.335  2.848  0.87   278    -0.000500582     0.000617218     0.00018266
0.335  2.844  0.87   293.2  -0.00111963      0.000704582     0.000225783
0.335  2.841  0.872  308.3  -0.00386498      0.000833117     0.000361313
0.335  2.835  0.873  323.5  -0.00378615      0.00124981      0.00260231
0.334  2.805  1.646  7.9    -0.000912655     0.00119425      0.000289371
0.335  2.802  1.408  22.4   0.000073174    0.00077037      0.000195338
0.335  2.818  1.385  36.5   0.000268574      0.000388942     0.000091825
0.335  2.83   1.392  51.7   0.000442012      0.000331535     0.000114835
0.335  2.839  1.393  66.8   0.000228946      0.00032495      0.0000999247
0.335  2.843  1.392  81.9   0.00064131       0.000769632     0.000173408
0.337  2.855  1.39   172.2  -0.000802323     0.000661654     0.00035217
0.337  2.855  1.39   187.8  0.000201869      0.000317907     0.0000483148
0.334  2.844  1.389  263.1  -0.00081714      0.00084287      0.000163633
0.335  2.843  1.392  278.1  -0.000528032     0.00109203      0.0000783474
0.335  2.839  1.393  293.2  -0.0000524026   0.000212932       0.0000190469
0.335  2.818  1.385  323.5  -0.000796593     0.000513432     0.0000825747
0.335  2.802  1.408  337.6  0.00132957       0.000497544     0.000360373
0.334  2.805  1.646  352.1  -0.000469084     0.00139911      0.000243734
0.359  2.386  0.17   7.5    0.0177775        0.0350505       0.0390503
0.359  2.387  0.17   22.5   0.0440643        0.0357603       0.00256937
0.359  2.387  0.169  37.4   0.01327          0.0159259       0.00527075
0.359  2.389  0.169  67.4   -0.0136818       0.0100033       0.000797778
0.359  2.39   0.169  82.4   0.0153985        0.0119637       0.000897877
0.359  2.389  0.169  292.6  0.0366875        0.0303997       0.00748752
0.359  2.387  0.169  322.6  -0.0368169       0.0133547       0.00770829
0.359  2.387  0.17   337.5  -0.0221935       0.029403        0.00908356
0.359  2.386  0.17   352.5  -0.0108366       0.0189902       0.00230683
0.364  2.416  0.206  7.5    -0.0145233       0.0120592       0.0091854
0.364  2.416  0.206  22.4   0.0148527        0.00526169      0.0115111
0.364  2.417  0.205  37.3   0.0343737        0.00934509      0.00280245
0.364  2.419  0.205  52.3   0.00343352       0.00594642      0.00243191
0.364  2.42   0.205  67.3   0.00787657       0.00577149      0.00293596
0.364  2.422  0.204  82.3   0.0129964        0.0101926       0.00300774
0.365  2.423  0.204  97.3   0.0272991        0.0130835       0.0015918
0.365  2.425  0.203  247.7  0.00935171       0.0131903       0.00119748
0.365  2.423  0.204  262.7  -0.0068648       0.0100189       0.0145606
0.364  2.422  0.204  277.7  -0.00747645      0.00577846      0.00438239
0.364  2.42   0.205  292.7  -0.0147286       0.00881618      0.0305623
0.364  2.419  0.205  307.7  0.0103515        0.00580994      0.00538951
0.364  2.417  0.205  322.7  -0.0141039       0.00540522      0.00219101
0.364  2.416  0.206  337.6  -0.0142608       0.0063777       0.00212418
0.364  2.416  0.206  352.5  -0.0111637       0.00661059      0.00528367
0.364  2.418  0.265  7.4    0.0127447        0.00568361      0.00479784
0.364  2.418  0.265  22.3   -0.00230106      0.00811112      0.00478147
0.364  2.419  0.264  37.2   0.015439         0.00396995      0.00110764
0.364  2.42   0.264  52.2   0.00343635       0.00381598      0.00172847
0.364  2.422  0.263  67.2   0.00542988       0.00458671      0.000812022
0.365  2.425  0.263  97.2   0.0125643        0.0109449       0.00573004
0.365  2.425  0.263  262.8  0.0114319        0.00349839      0.00263604
0.365  2.423  0.263  277.8  -0.032457        0.0190806       0.00340761
0.364  2.422  0.263  292.8  -0.00708042      0.00648847      0.00327546
0.364  2.42   0.264  307.8  -0.0150306       0.00784518      0.00132578
0.364  2.419  0.264  322.8  -0.0106735       0.00332839      0.00277467
0.364  2.418  0.265  337.7  0.00185632       0.00522162      0.00124889
0.364  2.418  0.265  352.6  0.00982049       0.00492143      0.00120938
0.364  2.418  0.345  7.4    -0.00498297      0.00383886      0.00406971
0.364  2.419  0.344  22.2   0.00139003       0.00428084      0.00171368
0.364  2.419  0.343  37.1   0.018256         0.00420757      0.00163308
0.364  2.421  0.343  52.1   0.005543         0.00339678      0.000596218
0.364  2.422  0.342  67.1   0.00990593       0.00255325      0.00139038
0.365  2.423  0.342  82.1   0.012767         0.00376346      0.0014909
0.365  2.425  0.341  97.2   0.0046317        0.00331114      0.000513844
0.365  2.425  0.341  262.8  0.00746438       0.00570407      0.000917676
0.365  2.423  0.342  277.9  -0.00405077      0.00642968      0.00122432
0.364  2.422  0.342  292.9  -0.0162508       0.00532857      0.00267515
0.364  2.421  0.343  307.9  -0.00783748      0.00650424      0.00322062
0.364  2.419  0.343  322.9  -0.0193272       0.00427865      0.00229401
0.364  2.419  0.344  337.8  -0.00980901      0.00408691      0.00104072
0.364  2.418  0.345  352.6  -0.00576063      0.00410507      0.00196467
0.364  2.418  0.455  7.3    0.00685068       0.00375492      0.00137414
0.364  2.418  0.454  22.1   0.0164659        0.0037369       0.00238025
0.364  2.419  0.452  37     0.0175436        0.00276533      0.0011394
0.364  2.42   0.45   52     0.00637348       0.00273243      0.000799792
0.365  2.422  0.449  67     0.0069536        0.00250139      0.00164594
0.365  2.423  0.449  82.1   0.00546671       0.00209278      0.00193841
0.365  2.425  0.448  97.1   0.00657685       0.00585238      0.00701079
0.365  2.428  0.447  142.3  0.00931155       0.0182638       0.000542952
0.365  2.428  0.447  217.7  -0.00351541      0.0056248       0.000204982
0.365  2.423  0.449  277.9  -0.0109841       0.00306677      0.0015143
0.365  2.422  0.449  293    -0.0045865       0.00290632      0.00211751
0.364  2.42   0.45   308    -0.00793877      0.0035968       0.00190408
0.364  2.419  0.452  323    -0.0159212       0.00368983      0.00416931
0.364  2.418  0.454  337.9  -0.00785062      0.00283866      0.000513595
0.364  2.418  0.455  352.7  -0.00123797      0.00295533      0.000330065
0.364  2.413  0.621  7.2    0.00546702       0.0025874       0.00130037
0.364  2.417  0.618  21.8   0.00113719       0.0029762       0.00199385
0.364  2.417  0.613  36.7   0.00674244       0.00187862      0.000754382
0.365  2.419  0.61   51.8   0.00777313       0.00191255      0.000573268
0.365  2.421  0.608  66.9   0.00524354       0.00136076      0.00142379
0.365  2.423  0.607  82     0.00446333       0.00220156      0.0016458
0.365  2.427  0.605  127.2  -0.0177803       0.0337802       0.00320147
0.365  2.428  0.605  142.3  -0.0177118       0.033523        0.0021464
0.365  2.429  0.605  157.4  0.00416462       0.0158734       0.00162738
0.365  2.428  0.605  172.4  0.000878934      0.00158913      0.000617032
0.365  2.428  0.605  187.6  -0.00164136      0.00142446      0.000562985
0.365  2.429  0.605  202.6  -0.00208612      0.00122651      0.00111221
0.365  2.428  0.605  217.7  0.00341642       0.00376794      0.00143584
0.365  2.427  0.605  232.8  0.00719071       0.005867        0.00194146
0.365  2.423  0.607  278    0.0015883        0.00190358      0.00088681
0.365  2.421  0.608  293.1  -0.00235919      0.00136221      0.000347946
0.365  2.419  0.61   308.2  -0.0127504       0.00259345      0.00115966
0.364  2.417  0.613  323.3  -0.00478182      0.00172918      0.000457839
0.364  2.417  0.618  338.2  -0.00734269      0.0018803       0.000822066
0.364  2.413  0.621  352.8  0.000855818      0.00293447      0.00341205
0.364  2.404  0.895  21.4   0.00309017       0.00196719      0.00143829
0.365  2.414  0.885  36.4   0.00220463       0.00138133      0.000463365
0.365  2.417  0.878  51.6   0.00252142       0.00114951      0.000292814
0.365  2.42   0.874  66.8   0.000863894      0.00109494      0.00052151
0.365  2.425  0.871  97     -0.00665512      0.00561307      0.000937819
0.365  2.426  0.869  127.2  0.000960919      0.00259548      0.000748021
0.365  2.429  0.869  142.3  0.0047163        0.00416715      0.000396663
0.365  2.429  0.867  157.4  0.0015591        0.000674484     0.000888199
0.366  2.428  0.868  172.4  0.00140026       0.00652556      0.00108672
0.365  2.429  0.867  202.6  -0.00248093      0.00267475      0.0031883
0.365  2.429  0.869  217.7  0.00428548       0.0198631       0.00127765
0.365  2.426  0.869  232.8  0.00367777       0.00990268      0.000214449
0.365  2.427  0.869  247.8  -0.00240607      0.00696407      0.000140297
0.365  2.42   0.874  293.2  -0.00126317      0.00110232      0.000486556
0.365  2.417  0.878  308.4  -0.00192245      0.00129079      0.000823358
0.365  2.414  0.885  323.6  -0.0011307       0.00103586      0.000341204
0.364  2.404  0.895  338.6  -0.00328128      0.00144256      0.00384547
0.365  2.39   1.413  21.1   0.000201311      0.000684514     0.000225462
0.365  2.407  1.413  36.2   0.00166365       0.000514284     0.000118682
0.365  2.414  1.409  51.5   0.000600298      0.000421072     0.000467014
0.365  2.418  1.404  66.7   0.00409416       0.00291991      0.000455622
0.364  2.419  1.399  81.8   -0.00125627      0.00368985      0.000208512
0.363  2.438  1.397  127.5  0.000645431      0.00496997      0.000391078
0.367  2.425  1.392  142.3  0.00156273       0.00241601      0.000109637
0.362  2.438  1.4    201.8  -0.000293754     0.000436219     0.0000848693
0.367  2.425  1.392  217.7  -0.000213888     0.00107531      0.000400471
0.366  2.428  1.397  247.8  0.000880347      0.000795494     0.000416531
0.364  2.419  1.399  278.2  0.00265916       0.00250044      0.000235198
0.365  2.418  1.404  293.3  -0.000731512     0.00168497      0.000869603
0.365  2.414  1.409  308.5  -0.00102995      0.000553009     0.000309781
0.365  2.407  1.413  323.8  -0.00136875      0.000514785     0.000232289
0.365  2.39   1.413  338.9  -0.000481745     0.00061715      0.000332634
0.358  2.998  0.171  7.5    -0.0357059       0.0254186       0.00377313
0.358  2.998  0.171  22.5   0.0348806        0.0502067       0.00354364
0.358  2.999  0.171  37.4   0.0355134        0.0189525       0.00631103
0.358  2.999  0.171  52.4   -0.026645        0.0252587       0.00155366
0.358  3      0.17   67.4   -0.0307946       0.0493956       0.00179562
0.358  3      0.17   292.6  0.0180517        0.0266639       0.00105258
0.358  2.999  0.171  307.6  0.287789         0.390716        0.0174883
0.358  2.998  0.171  337.5  -0.0655717       0.0320927       0.00565622
0.363  3.049  0.206  7.5    0.013795         0.00756682      0.0035902
0.363  3.049  0.206  22.4   0.00125407       0.00582833      0.00454264
0.364  3.049  0.206  37.3   -0.00461942      0.00456227      0.00222724
0.364  3.05   0.205  52.3   0.0114934        0.0046409       0.00251064
0.364  3.051  0.205  67.3   0.00506585       0.00452129      0.00128673
0.364  3.052  0.204  82.3   0.0348893        0.0110605       0.00379522
0.364  3.053  0.204  97.3   0.0128029        0.0106851       0.0101508
0.364  3.053  0.204  262.7  -0.0180655       0.0100605       0.00117593
0.364  3.052  0.204  277.7  -0.00396838      0.00569265      0.00107424
0.364  3.05   0.205  307.7  -0.0117768       0.00562318      0.0032731
0.364  3.049  0.206  322.7  0.0129323        0.00546083      0.0013335
0.363  3.049  0.206  337.6  -0.00982891      0.00521874      0.00127392
0.363  3.049  0.206  352.5  0.00686226       0.00731272      0.00230262
0.364  3.059  0.265  7.4    0.011147         0.00572176      0.00103438
0.364  3.057  0.265  22.3   0.01209          0.00575526      0.00217806
0.364  3.055  0.264  37.2   0.0204041        0.00478972      0.00204914
0.364  3.054  0.264  52.2   0.0057232        0.00348576      0.000667431
0.364  3.053  0.263  67.2   -0.00251284      0.00321142      0.00186109
0.365  3.054  0.263  82.2   0.0124324        0.00300613      0.00105614
0.365  3.054  0.263  97.2   0.00752259       0.00369388      0.00313781
0.365  3.055  0.262  112.3  0.0121039        0.00316759      0.00224181
0.365  3.057  0.262  127.3  0.00700725       0.00306581      0.00721048
0.365  3.058  0.262  217.6  0.0137532        0.0065387       0.00105423
0.365  3.057  0.262  232.7  -0.0149394       0.00618713      0.00149831
0.365  3.055  0.262  247.7  -0.0137222       0.00407817      0.00212594
0.365  3.054  0.263  262.8  -0.00237659      0.00229183      0.000918696
0.365  3.054  0.263  277.8  -0.00874269      0.00423357      0.00233419
0.364  3.053  0.263  292.8  -0.00699181      0.00368813      0.00129675
0.364  3.054  0.264  307.8  -0.0076486       0.00635683      0.00359455
0.364  3.055  0.264  322.8  -0.00957585      0.00370037      0.00122494
0.364  3.057  0.265  337.7  -0.00992537      0.00436886      0.00124683
0.364  3.059  0.265  352.6  0.00922124       0.00725251      0.0010296
0.364  3.038  0.343  7.5    0.00928855       0.00475116      0.00121768
0.364  3.057  0.344  22.3   0.0101638        0.00536651      0.00164071
0.364  3.057  0.343  37.1   0.0157315        0.00340518      0.00159024
0.364  3.054  0.343  52.1   0.0169316        0.00310734      0.00207843
0.365  3.053  0.342  67.1   0.00702183       0.00234378      0.00154262
0.365  3.053  0.342  82.1   0.0155557        0.00379016      0.00304131
0.365  3.053  0.341  97.2   0.00706194       0.00215448      0.00140648
0.365  3.054  0.341  112.2  0.00800656       0.00175583      0.0006516
0.365  3.056  0.341  127.3  0.00212474       0.00246499      0.000467542
0.365  3.056  0.341  142.4  0.00432291       0.00303298      0.00243825
0.365  3.057  0.341  172.5  0.0128531        0.00711246      0.00224743
0.365  3.057  0.341  187.5  0.00336262       0.003595        0.000587963
0.365  3.057  0.341  202.6  0.000883598      0.00253233      0.00120058
0.365  3.056  0.341  217.6  -0.00533801      0.00252512      0.00154673
0.365  3.056  0.341  232.7  -0.00232799      0.00179745      0.000725757
0.365  3.054  0.341  247.8  -0.00754067      0.0022058       0.00161415
0.365  3.053  0.341  262.8  -0.00518596      0.00237837      0.000597833
0.365  3.053  0.342  277.9  -0.0114987       0.00315693      0.00245962
0.365  3.053  0.342  292.9  -0.00115645      0.00309701      0.00212754
0.364  3.054  0.343  307.9  -0.0185154       0.00460557      0.0039322
0.364  3.057  0.343  322.9  -0.0256171       0.00411778      0.00251492
0.364  3.057  0.344  337.7  -0.00465861      0.00397104      0.00123841
0.364  3.038  0.343  352.5  -0.00387111      0.00451146      0.0028472
0.365  2.944  0.449  7.6    0.017538         0.00646992      0.00144417
0.365  3.016  0.45   22.5   0.0169155        0.00439516      0.00304557
0.364  3.057  0.451  36.9   0.0050911        0.00254616      0.000830598
0.364  3.052  0.45   51.9   0.0072753        0.00221742      0.00135188
0.365  3.051  0.449  67     0.00682385       0.00148634      0.00103255
0.365  3.051  0.448  82.1   0.00848853       0.0029319       0.00210614
0.365  3.052  0.448  97.1   0.00358189       0.00181776      0.0011939
0.365  3.053  0.448  112.2  0.000555912      0.00117156      0.00054163
0.365  3.054  0.448  127.3  0.00143834       0.0014234       0.000638013
0.365  3.055  0.447  142.3  0.00109771       0.000881457     0.000590526
0.365  3.056  0.447  157.4  0.000903628      0.00199011      0.000241077
0.365  3.056  0.447  172.5  -0.00104815      0.00172752      0.000225128
0.365  3.056  0.447  187.5  -0.00172302      0.00189748      0.000298671
0.365  3.056  0.447  202.6  0.000504845      0.0020204       0.000334533
0.365  3.054  0.448  232.7  -0.00515067      0.00159416      0.00100987
0.365  3.053  0.448  247.8  -0.0020344       0.00221831      0.00023918
0.365  3.052  0.448  262.9  -0.00257269      0.00156019      0.000754292
0.365  3.051  0.448  277.9  -0.0046341       0.00191575      0.000682554
0.365  3.051  0.449  293    -0.00703736      0.00208176      0.000532039
0.364  3.052  0.45   308.1  -0.0101615       0.00224396      0.000948689
0.364  3.057  0.451  323.1  -0.00411117      0.00268563      0.000983099
0.365  3.016  0.45   337.5  -0.0095603       0.00346509      0.00134294
0.365  2.944  0.449  352.4  -0.0123206       0.00546693      0.00729322
0.365  2.94   0.608  22.9   0.0099559        0.00532349      0.000942263
0.365  3.048  0.611  36.7   0.012491         0.00197981      0.000840302
0.365  3.047  0.609  51.8   0.0050563        0.00120964      0.000495368
0.365  3.047  0.607  66.9   0.00363661       0.00110664      0.000499671
0.365  3.048  0.606  82     0.000754124      0.000826375     0.000326317
0.365  3.05   0.606  97.1   0.000919816      0.0013994       0.000729039
0.365  3.052  0.605  112.2  -0.000402233     0.000664921     0.000745001
0.365  3.053  0.605  127.3  0.00227698       0.00172157      0.000822343
0.365  3.054  0.605  142.3  0.00693068       0.00405165      0.00278267
0.365  3.055  0.605  157.4  -0.00398457      0.01169         0.00226443
0.365  3.056  0.605  172.5  0.0122418        0.00947913      0.000713814
0.365  3.054  0.605  217.7  -0.000314888     0.000719869     0.000248501
0.365  3.053  0.605  232.7  -0.00200528      0.00113721      0.000693092
0.365  3.052  0.605  247.8  -0.000775275     0.000927192     0.000280534
0.365  3.05   0.606  262.9  0.00165714       0.0011612       0.000351584
0.365  3.048  0.606  278    -0.00352896      0.00114159      0.000407963
0.365  3.047  0.607  293.1  -0.00347064      0.0014623       0.000971291
0.365  3.047  0.609  308.2  -0.00319313      0.00149456      0.000801435
0.365  3.048  0.611  323.3  -0.0105322       0.00194451      0.000655667
0.365  2.94   0.608  337.1  -0.00800704      0.00314933      0.00391008
0.365  3.036  0.877  36.5   0.00237141       0.000946524     0.00014686
0.365  3.038  0.874  51.7   0.00165035       0.000581294     0.000256016
0.365  3.041  0.872  66.9   0.00104315       0.000587283     0.00028971
0.365  3.043  0.87   82     0.000210028      0.000860552     0.000387725
0.365  3.048  0.869  97.1   0.000923405      0.000680312     0.000256352
0.365  3.049  0.868  112.2  0.000934215      0.000418956     0.000430758
0.365  3.052  0.868  217.7  0.00154758       0.00156725      0.000113563
0.365  3.049  0.868  247.8  -0.000519761     0.00073197      0.000164504
0.365  3.048  0.869  262.9  -0.00124847      0.000842098     0.00042123
0.365  3.043  0.87   278    0.000262915      0.000598832     0.000144869
0.365  3.041  0.872  293.1  -0.000836416     0.000829369     0.000227809
0.365  3.038  0.874  308.3  -0.0032746       0.00102365      0.000522349
0.365  3.036  0.877  323.5  -0.00263191      0.000858789     0.00111409
0.365  2.979  1.441  22.7   0.0020321        0.000801201     0.000514635
0.365  3.012  1.391  36.4   0.000866584      0.000418129     0.000171021
0.365  3.025  1.398  51.7   0.000257529      0.000204623     0.000358001
0.365  3.033  1.397  66.8   0.0000819641     0.000356402     0.000212325
0.365  3.04   1.396  82     -0.000173133     0.000691946     0.000252448
0.368  3.056  1.389  172.7  0.000193481      0.000543784     0.0000112818
0.365  3.04   1.396  278    0.000914544      0.000485954     0.0000970452
0.365  3.033  1.397  293.2  -0.000450987     0.000633908     0.000130843
0.365  3.025  1.398  308.3  -0.000352805     0.000576184     0.0000734624
0.365  3.012  1.391  323.6  0.000273972      0.00031576      0.0000969233
0.365  2.979  1.441  337.3  0.000852924      0.000597297     0.000186409
0.392  2.514  0.213  7.5    -0.0138984       0.015542        0.00161394
0.392  2.515  0.213  22.4   0.0202705        0.0112219       0.0139801
0.392  2.516  0.213  37.4   -0.0208616       0.0130324       0.00738324
0.392  2.517  0.213  52.4   0.0215257        0.0146891       0.0115944
0.392  2.519  0.213  82.4   0.033573         0.0164642       0.0234445
0.392  2.518  0.213  292.6  -0.0204838       0.0199884       0.00471926
0.392  2.517  0.213  307.6  -0.0563535       0.0269926       0.00366836
0.392  2.516  0.213  322.6  0.00238103       0.00695333      0.00961489
0.392  2.515  0.213  337.6  0.00525652       0.00488846      0.00406335
0.392  2.514  0.213  352.5  -0.0215968       0.00874155      0.00141814
0.398  2.548  0.266  7.5    0.00784754       0.00584882      0.00287035
0.398  2.55   0.265  37.3   -0.000728696     0.00202511      0.000643667
0.399  2.552  0.264  52.3   0.00422034       0.00296603      0.00165228
0.399  2.554  0.264  67.3   0.0043585        0.00336674      0.000462663
0.399  2.556  0.263  82.3   0.00430221       0.00279406      0.00340235
0.399  2.559  0.263  97.3   0.0228569        0.0161447       0.00133278
0.399  2.559  0.263  262.7  -0.00500718      0.00353727      0.000924999
0.399  2.556  0.263  277.7  -0.00224939      0.00506408      0.00415646
0.399  2.554  0.264  292.7  -0.0154663       0.00469775      0.00110783
0.399  2.552  0.264  307.7  -0.00819506      0.00300856      0.00166457
0.398  2.55   0.265  322.7  -0.00387081      0.00302103      0.00207183
0.398  2.549  0.265  337.6  -0.00490705      0.00364435      0.000496118
0.398  2.548  0.266  352.5  -0.00358731      0.00281332      0.000417809
0.398  2.549  0.345  7.4    0.00901966       0.00303172      0.00110928
0.398  2.55   0.344  22.3   0.00944956       0.00324334      0.0065871
0.399  2.552  0.344  37.2   0.00228107       0.00353019      0.00102048
0.399  2.554  0.343  52.2   0.00865624       0.00220303      0.000945072
0.399  2.556  0.342  67.2   0.00425893       0.00253479      0.000705463
0.399  2.558  0.342  82.2   0.0127614        0.0045207       0.00198269
0.399  2.56   0.341  97.2   0.00994982       0.00449636      0.000580169
0.399  2.56   0.341  262.8  0.00945481       0.00575244      0.000848555
0.399  2.558  0.342  277.8  0.00453951       0.00455938      0.00230378
0.399  2.556  0.342  292.8  -0.00464571      0.00357909      0.00121405
0.399  2.554  0.343  307.8  -0.0110598       0.00338034      0.00104374
0.398  2.55   0.344  337.7  -0.00218704      0.00212526      0.000245925
0.398  2.549  0.345  352.6  0.000941796      0.0025013       0.00082966
0.398  2.549  0.455  7.4    0.00410619       0.00244827      0.000762351
0.398  2.55   0.454  22.2   0.00696268       0.0026675       0.00138151
0.399  2.551  0.452  37.1   0.00611723       0.00211102      0.000761691
0.399  2.554  0.451  52     0.00388112       0.00191253      0.00104207
0.399  2.556  0.45   67.1   0.0044229        0.00172348      0.00379956
0.399  2.558  0.449  82.1   -0.0266417       0.0234668       0.00155347
0.4    2.562  0.448  112.2  -0.00451106      0.00718704      0.000263038
0.399  2.558  0.449  277.9  -0.0405184       0.030125        0.00239654
0.399  2.556  0.45   292.9  -0.00528383      0.00484996      0.000777726
0.399  2.554  0.451  308    -0.0104474       0.00195513      0.00168257
0.399  2.551  0.452  322.9  -0.00971813      0.00208454      0.000727941
0.398  2.55   0.454  337.8  -0.0126029       0.00180203      0.000810766
0.398  2.549  0.455  352.6  -0.00444722      0.00226129      0.000689193
0.398  2.547  0.621  7.2    0.000993183      0.00169757      0.00121845
0.398  2.548  0.618  21.9   0.00628884       0.00176917      0.000489319
0.399  2.55   0.614  36.9   0.00601611       0.0012313       0.000418146
0.399  2.553  0.611  51.9   0.00527378       0.00135433      0.000631106
0.399  2.555  0.609  67     0.00248716       0.00106285      0.000297932
0.4    2.562  0.606  112.2  0.00870327       0.0111298       1814.95
0.4    2.563  0.606  127.3  0.00052235       0.00185282      0.000691136
0.4    2.562  0.606  247.8  -0.00466623      0.013438        0.000272086
0.399  2.555  0.609  293    -0.00579753      0.00175871      0.00219368
0.399  2.553  0.611  308.1  -0.00171038      0.00159453      0.000971225
0.399  2.55   0.614  323.1  -0.0080992       0.00131953      0.000529532
0.398  2.548  0.618  338.1  -0.00774631      0.00123533      0.000614327
0.398  2.547  0.621  352.8  -0.00458004      0.00145173      0.000510902
0.4    2.511  0.873  7.9    -0.00326292      0.00175307      0.000317183
0.399  2.542  0.903  21.4   0.000213856      0.00107429      0.000268678
0.399  2.547  0.888  36.5   0.00070967       0.00112328      0.000184129
0.399  2.551  0.88   51.7   0.00154863       0.000684674     0.000164326
0.399  2.554  0.876  66.8   0.00138285       0.000749885     0.000473715
0.4    2.56   0.869  112.1  0.0018513        0.0107237       0.00102063
0.4    2.563  0.87   127.3  -0.000457561     0.00531941      0.00344912
0.4    2.565  0.869  142.4  0.005886         0.0116479       0.000510471
0.4    2.566  0.869  202.6  0.000944697      0.00178187      0.000510455
0.4    2.565  0.869  217.6  -0.000956602     0.00371377      0.0024116
0.4    2.563  0.87   232.7  -0.0122445       0.00827883      0.00130707
0.399  2.554  0.876  293.2  -0.0014071       0.00104306      0.000323594
0.399  2.551  0.88   308.3  -0.00103491      0.000860431     0.000212508
0.399  2.547  0.888  323.5  -0.00265143      0.000926875     0.000191436
0.399  2.542  0.903  338.6  -0.00526474      0.000913985     0.000401422
0.4    2.511  0.873  352.1  -0.000874974     0.00185098      0.00103629
0.4    2.528  1.433  20.9   0.00106536       0.000655228     0.000147096
0.4    2.541  1.425  36.2   0.000765497      0.000457214     0.000395377
0.4    2.548  1.416  51.5   0.000372091      0.000357956     0.000561315
0.399  2.551  1.408  66.7   0.000686811      0.00203411      0.0000400476
0.402  2.569  1.392  142.1  -0.000827539     0.00285291      0.0000482534
0.402  2.569  1.392  217.9  -0.000178302     0.000420222     0.0000347793
0.402  2.567  1.402  247.5  -0.000375132     0.000701491     0.000209992
0.399  2.551  1.408  293.3  -0.00121888      0.0024355       0.0000855842
0.4    2.548  1.416  308.5  -0.00091483      0.000357774     0.000176583
0.4    2.541  1.425  323.8  -0.000457646     0.000413265     0.000190734
0.4    2.528  1.433  339.1  -0.00091579      0.000429222     0.000697239
0.39   3.203  0.215  22.4   0.0166492        0.0175651       0.0264348
0.391  3.204  0.215  37.4   0.0164066        0.0105827       0.00377821
0.391  3.204  0.215  52.4   -0.0118077       0.0116791       0.00168506
0.391  3.205  0.215  67.4   0.0216647        0.010464        0.00882654
0.391  3.205  0.215  292.6  -0.0204907       0.0108468       0.002352
0.391  3.204  0.215  307.6  -0.0162756       0.00824613      0.00303744
0.39   3.203  0.215  337.6  -0.00799673      0.00935054      0.00112645
0.39   3.203  0.215  352.5  -0.00530463      0.01023         0.000678309
0.398  3.263  0.266  7.5    0.00930088       0.00322907      0.000670478
0.398  3.263  0.266  22.4   0.00166388       0.00336226      0.000795106
0.398  3.264  0.265  37.3   0.00323349       0.00304934      0.000771613
0.398  3.265  0.265  52.3   -0.000318628     0.00245243      0.000880907
0.399  3.266  0.264  67.3   0.0029816        0.0027911       0.000842857
0.399  3.268  0.264  82.3   0.00671323       0.0042417       0.00452849
0.399  3.271  0.263  262.7  -0.00544078      0.00255652      0.00107952
0.399  3.268  0.264  277.7  -0.00108605      0.00291794      0.00330023
0.399  3.266  0.264  292.7  -0.00372253      0.00332028      0.00077617
0.398  3.265  0.265  307.7  0.00135251       0.00322815      0.00126942
0.398  3.264  0.265  322.7  -0.0169343       0.00287734      0.00138281
0.398  3.263  0.266  337.6  -0.00537855      0.00225864      0.00151469
0.398  3.263  0.266  352.5  0.0098028        0.00257767      0.00164616
0.398  3.274  0.345  7.4    -0.000618875     0.00389753      0.00131816
0.398  3.272  0.345  22.3   0.00766749       0.00344974      0.00197303
0.399  3.271  0.344  37.2   0.00263403       0.00234402      0.000870361
0.399  3.27   0.343  52.2   0.00811607       0.00215215      0.000856221
0.399  3.27   0.342  67.2   0.00829916       0.00166553      0.00136586
0.399  3.271  0.342  82.2   0.00396809       0.00185723      0.000388057
0.399  3.272  0.341  97.2   0.00823228       0.00290584      0.00204558
0.4    3.273  0.341  112.3  -0.000357519     0.00169714      0.000610079
0.4    3.275  0.341  232.7  -0.00566977      0.00509666      0.000378396
0.4    3.273  0.341  247.7  0.000756606      0.00162954      0.00148899
0.399  3.272  0.341  262.8  -0.00274443      0.0010994       0.000666671
0.399  3.271  0.342  277.8  -0.00282233      0.00167489      0.00104889
0.399  3.27   0.342  292.8  -0.00165787      0.00151865      0.00142702
0.399  3.27   0.343  307.8  -0.0154067       0.00255965      0.00137587
0.399  3.271  0.344  322.8  0.000562252      0.00214641      0.000323616
0.398  3.272  0.345  337.7  -0.00463378      0.0028789       0.000821547
0.398  3.274  0.345  352.6  0.0067347        0.00304331      0.000976385
0.399  3.253  0.452  7.5    0.0014199        0.00237287      0.00129771
0.399  3.273  0.453  22.2   0.00517733       0.00223487      0.00151314
0.399  3.272  0.452  37     0.00585042       0.00199855      0.00123809
0.399  3.269  0.45   52     0.0103423        0.00160005      0.000712417
0.399  3.269  0.449  67.1   0.00604529       0.00144921      0.000960958
0.399  3.269  0.449  82.1   0.00235574       0.0014579       0.000306272
0.4    3.27   0.448  97.2   0.00264893       0.00122819      0.000658693
0.4    3.272  0.448  112.2  0.0040009        0.00121627      0.000265471
0.4    3.273  0.448  127.3  0.000201816      0.000699        0.000412526
0.4    3.274  0.447  142.4  0.0051719        0.00380512      0.00229886
0.4    3.275  0.447  157.4  0.00613758       0.00440173      0.000531556
0.4    3.276  0.447  172.5  -0.00100069      0.000785499     0.00160478
0.4    3.276  0.447  187.5  0.00207788       0.00415048      0.00114168
0.4    3.275  0.447  202.6  -0.00195515      0.00390601      0.00019763
0.4    3.274  0.447  217.6  0.00202956       0.00111317      0.000273245
0.4    3.273  0.448  232.7  -0.0013457       0.000797138     0.000882937
0.4    3.272  0.448  247.8  -0.00299237      0.00121118      0.00028337
0.4    3.27   0.448  262.8  -0.00286613      0.000854467     0.000444927
0.399  3.269  0.449  277.9  -0.00322658      0.00122454      0.000959689
0.399  3.269  0.449  292.9  -0.00401978      0.00151187      0.00130211
0.399  3.269  0.45   308    -0.0122417       0.00243237      0.00073939
0.399  3.272  0.452  323    -0.00884122      0.00163999      0.000830622
0.399  3.273  0.453  337.8  -0.00601904      0.00177135      0.000853079
0.399  3.253  0.452  352.5  -0.00252301      0.00214411      0.000559404
0.4    3.131  0.606  7.6    -0.00472879      0.00266733      0.00132313
0.4    3.226  0.611  22.4   0.00163844       0.00248686      0.00142565
0.399  3.27   0.612  36.8   0.00671269       0.00138238      0.000428227
0.399  3.266  0.61   51.9   0.00314133       0.00098722      0.000347794
0.399  3.266  0.608  67     0.00401359       0.00103528      0.000344912
0.4    3.267  0.607  82.1   0.00282715       0.000965405     0.000360926
0.4    3.268  0.606  97.1   0.000725151      0.000873774     0.000447822
0.4    3.27   0.606  112.2  0.0020091        0.00110113      0.00042065
0.4    3.272  0.605  127.3  0.00106199       0.000517004     0.000375145
0.4    3.273  0.605  142.3  0.000961142      0.000879986     0.000315379
0.4    3.274  0.605  157.4  0.00121655       0.000958195     0.000975698
0.4    3.275  0.605  187.5  0.00188138       0.00122233      0.000241107
0.4    3.273  0.605  217.7  -0.00106148      0.00387574      0.000122813
0.4    3.272  0.605  232.7  -0.0012294       0.000771696     0.000396464
0.4    3.27   0.606  247.8  -0.00263365      0.00109369      0.000222049
0.4    3.268  0.606  262.9  -0.0025444       0.000750501     0.000763417
0.4    3.267  0.607  277.9  -0.000924151     0.00110914      0.000501524
0.399  3.266  0.608  293    -0.0013022       0.00114922      0.00082205
0.399  3.266  0.61   308.1  0.000584581      0.00108256      0.000214576
0.399  3.27   0.612  323.2  -0.00411359      0.00120218      0.00031487
0.4    3.226  0.611  337.6  -0.00634403      0.00181206      0.000765036
0.4    3.131  0.606  352.4  -0.00584002      0.00295105      0.00720852
0.4    3.145  0.879  23.2   0.00732581       0.00268053      0.000582651
0.399  3.258  0.881  36.5   0.00327341       0.000817914     0.000262159
0.4    3.257  0.876  51.7   0.00276683       0.000509997     0.000200562
0.399  3.259  0.873  66.9   0.00140191       0.000459425     0.000153276
0.4    3.263  0.872  82     0.000134708      0.000731322     0.000346375
0.4    3.265  0.87   97.1   0.000755514      0.000492459     0.000168543
0.4    3.27   0.868  127.2  0.00157003       0.00166862      0.00069452
0.399  3.272  0.869  142.3  -0.00185376      0.00151532      0.000108092
0.401  3.274  0.869  157.5  -0.00122402      0.00237406      0.0000713718
0.399  3.272  0.869  217.7  -0.00240324      0.00309275      0.000167758
0.4    3.268  0.869  247.8  0.000795468      0.00344723      0.000182565
0.4    3.265  0.87   262.9  0.000369691      0.00108041      0.0001498
0.4    3.263  0.872  278    0.00018325       0.000454719     0.000219583
0.399  3.259  0.873  293.1  -0.00150085      0.000631104     0.000355413
0.4    3.257  0.876  308.3  -0.0014119       0.00067704      0.000299685
0.399  3.258  0.881  323.5  -0.00149869      0.000590354     0.000116991
0.4    3.145  0.879  336.8  -0.00311065      0.00139437      0.00291741
0.4    3.183  1.457  22.9   0.00154057       0.000595427     0.00025286
0.4    3.232  1.401  36.4   0.000571237      0.000324064     0.000177769
0.4    3.241  1.402  51.6   0.000791346      0.000287048     0.0000963367
0.399  3.251  1.401  66.8   0.000520447      0.000193645     0.000105634
0.4    3.254  1.396  81.9   0.0000735366     0.000202797     0.000286492
0.398  3.258  1.391  157.1  0.000653021      0.000801698     0.000353789
0.397  3.264  1.388  171.9  0.00119984       0.0012217       0.0000699619
0.397  3.264  1.388  188.1  0.000352272      0.0003396       0.0000205408
0.399  3.28   1.392  217.4  -0.000686474     0.000621535     0.0000440036
0.4    3.259  1.391  248    0.000132328      0.000263335     0.0000982114
0.4    3.254  1.396  278.1  -0.000134827     0.000191615     0.0000700781
0.399  3.251  1.401  293.2  -0.000247561     0.000212738     0.000107741
0.4    3.241  1.402  308.4  -0.000186417     0.000426749     0.00012784
0.4    3.232  1.401  323.6  -0.000206012     0.000251992     0.000237786
0.4    3.183  1.457  337.1  -0.000284862     0.000356831     0.000191413
0.432  2.841  0.276  7.5    -0.00126711      0.00394558      0.00276117
0.432  2.842  0.276  22.4   0.0131443        0.00630679      0.0104392
0.432  2.844  0.276  37.4   0.0109346        0.003842        0.00332092
0.432  2.847  0.276  52.4   -0.00787416      0.00706695      0.00106647
0.433  2.85   0.275  67.4   0.00594635       0.00608667      0.00132766
0.433  2.853  0.275  277.6  -0.0383785       0.0453068       0.00927195
0.433  2.85   0.275  292.6  -0.0111282       0.0296867       0.00122466
0.432  2.847  0.276  307.6  0.000970609      0.00244678      0.00185513
0.432  2.844  0.276  322.6  -0.00101588      0.00286571      0.00118101
0.432  2.842  0.276  337.6  -0.00471879      0.00438459      0.00139229
0.445  2.969  0.347  22.4   0.00281901       0.0016089       0.00115186
0.447  2.982  0.346  52.3   0.00373725       0.00122925      0.000489922
0.447  2.99   0.345  67.3   0.00494123       0.00197533      0.000474969
0.448  2.999  0.345  82.3   0.00296441       0.00169062      0.00196205
0.449  3.007  0.344  97.3   0.00549581       0.00241334      0.000320458
0.447  2.99   0.345  292.7  -0.00750704      0.00193472      0.000646176
0.447  2.982  0.346  307.7  -0.00687403      0.00113505      0.000652232
0.446  2.975  0.346  322.7  -0.00352807      0.00107621      0.000495846
0.445  2.969  0.347  337.6  -0.00183094      0.00120501      0.00068002
0.445  2.966  0.347  352.5  -0.00018715      0.00134617      0.000499109
0.454  3.041  0.455  7.4    0.00361292       0.000788813     0.000428994
0.455  3.048  0.455  22.3   0.0019618        0.000833549     0.000354239
0.456  3.061  0.453  37.2   0.000500567      0.00094754      0.00114597
0.458  3.076  0.452  52.2   0.00115891       0.000637614     0.000208386
0.46   3.091  0.451  67.2   0.00179553       0.000644951     0.000198767
0.461  3.106  0.45   82.2   0.00375995       0.000970293     0.000652193
0.463  3.12   0.45   97.3   -0.000898405     0.002636        0.0000523856
0.463  3.12   0.45   262.7  -0.00208718      0.00190329      0.00127043
0.461  3.106  0.45   277.8  -0.00394257      0.00122803      0.000679679
0.46   3.091  0.451  292.8  -0.00266549      0.000727889     0.000315608
0.458  3.076  0.452  307.8  -0.0019673       0.000860621     0.000314459
0.456  3.061  0.453  322.8  -0.0030251       0.000755197     0.000480427
0.455  3.048  0.455  337.7  -0.00526841      0.000638661     0.000400382
0.454  3.041  0.455  352.6  -0.00146339      0.000691754     0.000272167
0.456  3.054  0.62   7.3    0.0011808        0.000577904     0.0003732
0.457  3.066  0.617  22.1   0.00292732       0.000587818     0.000842189
0.459  3.084  0.614  37.1   0.00185649       0.000645257     0.000121996
0.462  3.104  0.612  52     0.00299222       0.000663622     0.000392645
0.464  3.122  0.61   67.1   0.00234302       0.000454794     0.000232212
0.465  3.138  0.608  82.1   0.0012949        0.000724215     0.000842511
0.467  3.151  0.607  97.2   0.00115011       0.002787        0.00178763
0.468  3.162  0.606  112.3  0.00586889       0.00993862      0.000538472
0.469  3.171  0.605  127.3  0.00161317       0.00353855      0.000345405
0.469  3.171  0.605  232.7  -0.00474252      0.0038772       0.00077013
0.468  3.162  0.606  247.7  0.00144966       0.00315325      1424.99
0.465  3.138  0.608  277.9  0.0011967        0.000946553     0.000351516
0.464  3.122  0.61   292.9  0.000917458      0.000592055     0.000192612
0.462  3.104  0.612  308    -0.00116087      0.000618717     0.000131305
0.459  3.084  0.614  322.9  -0.00366858      0.000558668     0.000335782
0.457  3.066  0.617  337.9  -0.0022817       0.00049086      0.000183535
0.456  3.054  0.62   352.7  -0.00147904      0.000461042     0.000189752
0.455  3.017  0.909  7.3    0.00156427       0.000343438     0.000208424
0.457  3.058  0.903  21.7   0.00282717       0.000371067     0.000353536
0.46   3.087  0.891  36.8   0.0015056        0.000329404     0.000219668
0.463  3.109  0.883  51.8   0.00128001       0.000314888     0.000124673
0.465  3.127  0.878  66.9   0.000465665      0.000370038     0.00226331
0.466  3.142  0.875  82     0.0134361        0.0126875       0.0115118
0.468  3.161  0.871  112.1  0.000787488      0.00148875      0.000187654
0.469  3.169  0.869  127.2  -0.000663689     0.00107108      0.000498487
0.468  3.161  0.871  247.9  -0.00296494      0.00301424      0.000172884
0.466  3.142  0.875  278    0.000239808      0.000667571     0.000253161
0.465  3.127  0.878  293.1  -0.00111446      0.000372375     0.000914563
0.463  3.109  0.883  308.2  -0.00101206      0.000300851     0.000156811
0.46   3.087  0.891  323.2  -0.0011007       0.000304561     0.000146363
0.457  3.058  0.903  338.3  -0.000732296     0.000287393     0.000179872
0.455  3.017  0.909  352.7  -0.000147928     0.000312102     0.000256837
0.46   3.051  1.473  21.1   0.000750075      0.000197556     0.000102937
0.463  3.092  1.443  36.4   0.000281298      0.000162166     0.0000692938
0.465  3.117  1.426  51.6   0.000740323      0.000213619     0.0000490367
0.465  3.134  1.416  66.8   0.000386998      0.000252433     0.000125432
0.466  3.141  1.406  81.7   0.000732496      0.000504348     0.000224731
0.466  3.166  1.404  97.4   0.00102142       0.00167911      0.000160232
0.467  3.159  1.393  126.9  -0.00129197      0.00115647      0.0000756061
0.466  3.166  1.404  262.6  0.000258709      0.000388831     0.0000334296
0.466  3.141  1.406  278.3  -0.000551883     0.00258958      0.000270725
0.465  3.134  1.416  293.2  -0.000173907     0.000379923     0.0000704724
0.465  3.117  1.426  308.4  -0.000115669     0.000150721     0.0000455465
0.463  3.092  1.443  323.6  -0.000593369     0.000167742     0.0000403716
0.46   3.051  1.473  338.9  -0.000543803     0.000146449     0.000302956
0.429  3.588  0.278  7.5    0.00785922       0.00606162      0.00282178
0.429  3.588  0.277  22.4   0.00750836       0.00870539      0.00888205
0.429  3.588  0.277  37.4   0.0167197        0.0117752       0.00435192
0.429  3.588  0.277  52.4   0.00443188       0.00953745      0.000258421
0.429  3.589  0.276  67.4   -0.00745538      0.0102804       0.000434719
0.429  3.589  0.276  292.6  -0.0360512       0.0239275       0.00517431
0.429  3.588  0.277  307.6  -0.0136554       0.0107103       0.00155432
0.429  3.588  0.277  322.6  0.0118075        0.00738477      0.00252831
0.429  3.588  0.277  337.6  -0.00242725      0.0102382       0.00142831
0.429  3.588  0.278  352.5  0.00966914       0.00554905      0.0229855
0.446  3.703  0.348  7.5    0.00583575       0.00197742      0.000988219
0.446  3.705  0.347  22.4   -0.00441806      0.0016301       0.00116621
0.447  3.708  0.347  37.3   0.00169017       0.00229474      0.000824663
0.448  3.712  0.346  52.3   0.00367272       0.00172502      0.000593609
0.448  3.717  0.345  67.3   0.00187431       0.00115595      0.000407008
0.449  3.722  0.345  82.3   0.00701251       0.0020098       0.00223093
0.45   3.726  0.344  97.3   -0.00180821      0.00595852      0.00374727
0.45   3.726  0.344  262.7  -0.0034843       0.00208065      0.000587925
0.449  3.722  0.345  277.7  -0.00481827      0.00317062      0.000449045
0.448  3.717  0.345  292.7  -0.00674835      0.00231761      0.000822801
0.448  3.712  0.346  307.7  -0.00546262      0.00184773      0.00096248
0.447  3.708  0.347  322.7  -0.00406656      0.00163231      0.000678217
0.446  3.705  0.347  337.6  -0.000208478     0.00150281      0.000587603
0.446  3.703  0.348  352.5  0.000269419      0.00183224      0.000376966
0.462  3.804  0.457  7.4    0.00531845       0.000978233     0.00048906
0.463  3.811  0.456  22.3   0.00224213       0.000831233     0.000517132
0.466  3.824  0.455  37.2   0.00203016       0.000936156     0.000306138
0.468  3.838  0.454  52.2   0.00251233       0.000655677     0.000241924
0.471  3.851  0.453  67.2   0.00270149       0.000755629     0.000357857
0.473  3.864  0.453  82.3   0.00260941       0.000697348     0.000456951
0.475  3.875  0.452  97.3   0.00182107       0.00131759      0.000625148
0.476  3.885  0.452  112.3  0.00197636       0.00104199      0.000840012
0.476  3.885  0.452  247.7  -0.000910327     0.00122281      0.000290734
0.475  3.875  0.452  262.7  0.000648051      0.000758068     0.000168061
0.473  3.864  0.453  277.7  -0.000927653     0.000601286     0.000204473
0.471  3.851  0.453  292.8  -0.00311017      0.000666803     0.000300522
0.468  3.838  0.454  307.8  -0.00239537      0.000781699     0.000351467
0.466  3.824  0.455  322.8  -0.000264501     0.000852089     0.000289851
0.463  3.811  0.456  337.7  -0.000470481     0.000836373     0.0001873
0.462  3.804  0.457  352.6  -0.00079058      0.000983606     0.000192618
0.475  3.87   0.617  7.5    -0.00038247      0.000595975     0.000147324
0.475  3.882  0.617  22.2   0.000624702      0.000575924     0.000689306
0.479  3.907  0.615  37.1   0.000946232      0.000360115     0.000125062
0.484  3.933  0.613  52.1   0.00218689       0.000363468     0.000177044
0.487  3.955  0.611  67.1   0.00193501       0.000373343     0.000196342
0.491  3.974  0.609  82.2   0.000174873      0.00037037      0.000186698
0.493  3.988  0.608  97.2   0.000499582      0.000267338     0.000211884
0.495  4.002  0.607  112.3  0.00184053       0.000545203     0.000653595
0.495  4.002  0.607  247.7  -0.00130156      0.000504188     0.000413092
0.493  3.988  0.608  262.8  -0.00107212      0.000288771     0.00010773
0.491  3.974  0.609  277.8  -0.00016195      0.000305568     0.0000737095
0.487  3.955  0.611  292.9  -0.000874734     0.000368208     0.00008.81848
0.484  3.933  0.613  307.9  -0.00123695      0.000457188     0.000306974
0.479  3.907  0.615  322.9  -0.00235365      0.000402244     0.000162678
0.475  3.882  0.617  337.8  -0.00178793      0.000438644     0.000143782
0.475  3.87   0.617  352.5  -0.000585496     0.00046319      0.000195123
0.5    3.982  0.872  7.7    0.000900964      0.000419922     0.000098058
0.484  3.916  0.89   22.4   0.00148049       0.000356546     0.000164598
0.484  3.934  0.888  36.8   0.000443339      0.000263785     0.000103339
0.489  3.961  0.881  51.9   0.00110431       0.000269918     0.00012013
0.492  3.98   0.877  67     0.000794463      0.000188419     0.0000646271
0.494  3.994  0.874  82.1   0.000632798      0.000189749     0.0000757902
0.495  4.003  0.871  97.1   0.000361457      0.00028473      0.000103081
0.497  4.011  0.869  112.2  0.000414779      0.000269269     0.000172001
0.497  4.011  0.869  247.8  -0.000507805     0.000342004     0.000196191
0.495  4.003  0.871  262.9  -0.000427508     0.000146299     0.0000344677
0.494  3.994  0.874  277.9  -0.000407035     0.000140267     0.000096714
0.492  3.98   0.877  293    -0.000925493     0.000281896     0.000136512
0.489  3.961  0.881  308.1  0.0000455895     0.000183835     0.0000852915
0.484  3.934  0.888  323.2  -0.00132193      0.000250916     0.000110025
0.484  3.916  0.89   337.6  -0.000338179     0.000259753     0.00017996
0.5    3.982  0.872  352.3  0.000556898      0.00038406      0.000440144
0.497  3.966  1.462  22.9   0.000246937      0.000193032     0.000026449
0.492  3.97   1.429  36.5   0.000222497      0.000122581     0.0000645778
0.494  3.983  1.418  51.7   0.000362656      0.000107735     0.0000414328
0.496  3.998  1.412  66.9   0.000139998      0.0000593541    0.0000529326
0.498  4.006  1.408  82.1   0.000185718      0.000157107     0.0000291489
0.498  4.009  1.399  97.1   -0.0000873515    0.0000784472    0.00002.60561
0.5    4.019  1.399  247.6  -0.00124618      0.000921643     0.0000792854
0.498  4.006  1.408  277.9  -0.0000279729    0.000092066     0.00002801335
0.496  3.998  1.412  293.1  -0.000200412     0.0000800335    0.0000342395
0.494  3.983  1.418  308.3  -0.00014624      0.0000834102    0.0000321825
0.492  3.97   1.429  323.5  -0.000324045     0.00010923      0.000130986
0.497  3.966  1.462  337.1  -0.00140581      0.000254275     0.000396913
0.497  3.966  1.462  337.1  -0.00140581      0.000254275     0.000396913
