# phi(deg) q2(GeV2) xb t(GeV2) Eb(GeV) A sigA
136.56 1.08 0.08 -0.33 10.59 -0.10 0.22
106.33 1.08 0.08 -0.50 10.59 0.41 0.20
136.45 1.08 0.08 -0.50 10.59 0.24 0.13
163.46 1.08 0.08 -0.50 10.59 0.02 0.12
194.62 1.08 0.08 -0.50 10.59 0.00 0.18
136.12 1.08 0.08 -0.70 10.59 0.23 0.15
163.80 1.08 0.08 -0.70 10.59 -0.25 0.25
225.85 1.09 0.08 -0.69 10.59 -0.81 0.86
254.86 1.08 0.08 -0.71 10.59 -0.35 0.22
106.50 1.08 0.08 -0.89 10.59 -0.89 0.96
163.64 1.08 0.08 -0.90 10.59 0.17 0.17
193.78 1.08 0.08 -0.89 10.59 0.43 0.58
256.00 1.09 0.08 -0.90 10.59 -0.43 0.22
283.92 1.09 0.08 -0.90 10.59 -0.32 0.23
136.72 1.28 0.09 -0.49 10.59 -0.12 0.30
134.62 1.29 0.09 -0.70 10.59 0.56 0.23
192.13 1.27 0.09 -0.70 10.59 0.00 1.00
228.25 1.28 0.08 -0.70 10.59 -0.10 0.63
253.27 1.27 0.09 -0.71 10.59 -0.32 0.43
136.32 1.28 0.08 -0.89 10.59 -0.39 0.57
137.95 1.09 0.10 -0.13 10.59 -0.22 0.41
106.83 1.09 0.11 -0.20 10.59 -0.12 0.33
136.76 1.09 0.10 -0.20 10.59 0.19 0.15
163.84 1.09 0.10 -0.20 10.59 0.13 0.28
222.96 1.09 0.11 -0.20 10.59 -0.70 0.39
105.47 1.09 0.10 -0.32 10.59 0.85 0.45
136.45 1.09 0.10 -0.32 10.59 0.15 0.16
164.00 1.09 0.10 -0.32 10.59 0.11 0.13
194.88 1.09 0.10 -0.32 10.59 0.40 0.43
77.68 1.10 0.11 -0.49 10.59 0.51 0.67
105.72 1.09 0.10 -0.50 10.59 0.28 0.34
135.90 1.09 0.10 -0.50 10.59 0.28 0.27
163.79 1.09 0.10 -0.50 10.59 -0.00 0.13
194.92 1.09 0.10 -0.50 10.59 -0.11 0.40
224.99 1.09 0.10 -0.50 10.59 0.23 0.38
282.86 1.09 0.11 -0.51 10.59 -0.69 0.54
77.16 1.09 0.11 -0.70 10.59 0.17 0.33
135.66 1.09 0.10 -0.69 10.59 -0.23 0.24
164.01 1.09 0.10 -0.70 10.59 -0.05 0.22
225.63 1.09 0.10 -0.70 10.59 -0.58 0.77
255.99 1.09 0.10 -0.70 10.59 -0.37 0.35
282.64 1.09 0.11 -0.71 10.59 -0.80 0.36
75.41 1.09 0.11 -0.90 10.59 -0.07 0.28
104.69 1.09 0.11 -0.90 10.59 0.13 0.78
135.95 1.09 0.10 -0.89 10.59 0.05 0.89
164.00 1.09 0.10 -0.89 10.59 0.36 0.70
194.77 1.09 0.10 -0.90 10.59 -0.34 0.41
283.61 1.09 0.10 -0.90 10.59 -0.27 0.15
163.57 1.32 0.10 -0.20 10.59 0.47 0.67
223.66 1.31 0.11 -0.20 10.59 0.09 0.41
105.51 1.32 0.11 -0.33 10.59 0.04 0.19
135.99 1.32 0.10 -0.32 10.59 0.75 0.30
163.41 1.32 0.10 -0.32 10.59 0.05 0.12
224.83 1.31 0.11 -0.32 10.59 0.03 0.22
74.35 1.35 0.10 -0.49 10.59 0.69 0.19
105.18 1.31 0.11 -0.49 10.59 0.18 0.15
136.14 1.33 0.10 -0.50 10.59 0.13 0.16
163.55 1.33 0.10 -0.50 10.59 -0.03 0.13
194.49 1.31 0.11 -0.50 10.59 0.21 0.20
224.99 1.31 0.11 -0.50 10.59 -0.41 0.19
254.81 1.32 0.11 -0.51 10.59 -0.56 0.16
286.45 1.35 0.10 -0.50 10.59 -0.29 0.17
73.93 1.34 0.10 -0.70 10.59 0.70 0.32
105.17 1.31 0.11 -0.69 10.59 0.99 0.95
136.22 1.32 0.10 -0.69 10.59 0.05 0.21
164.01 1.32 0.10 -0.70 10.59 -0.24 0.14
194.86 1.31 0.10 -0.70 10.59 -0.39 0.23
255.72 1.32 0.10 -0.70 10.59 -0.23 0.19
284.50 1.33 0.10 -0.71 10.59 -0.32 0.40
42.26 1.35 0.10 -0.91 10.59 0.15 0.17
72.87 1.34 0.10 -0.90 10.59 0.37 0.35
105.21 1.31 0.11 -0.90 10.59 0.35 0.38
137.21 1.33 0.10 -0.89 10.59 0.05 0.40
163.50 1.33 0.10 -0.90 10.59 -0.56 0.40
193.06 1.31 0.10 -0.89 10.59 -0.19 0.73
225.78 1.31 0.11 -0.90 10.59 0.04 0.36
256.87 1.32 0.10 -0.90 10.59 -0.62 0.22
284.91 1.33 0.10 -0.90 10.59 -0.10 0.17
163.31 1.60 0.11 -0.20 10.59 0.50 0.27
135.70 1.60 0.11 -0.32 10.59 0.19 0.15
163.22 1.60 0.11 -0.32 10.59 0.17 0.18
193.41 1.59 0.11 -0.32 10.59 -0.19 0.37
315.25 1.62 0.11 -0.33 10.59 -0.15 0.08
70.25 1.63 0.11 -0.49 10.59 0.06 0.12
136.23 1.60 0.11 -0.49 10.59 0.51 0.23
163.77 1.59 0.11 -0.50 10.59 0.16 0.13
193.81 1.59 0.11 -0.49 10.59 -0.19 0.21
44.65 1.63 0.11 -0.70 10.59 0.21 0.10
289.45 1.62 0.11 -0.69 10.59 -0.28 0.15
44.62 1.62 0.11 -0.90 10.59 0.19 0.06
67.01 1.62 0.11 -0.89 10.59 0.13 0.20
136.77 1.59 0.11 -0.89 10.59 0.33 0.31
162.97 1.59 0.11 -0.89 10.59 -0.09 0.19
193.68 1.58 0.11 -0.90 10.59 0.67 0.53
227.19 1.59 0.11 -0.89 10.59 -0.40 0.56
289.19 1.61 0.11 -0.89 10.59 -0.23 0.12
315.63 1.62 0.11 -0.90 10.59 0.02 0.08
136.04 1.09 0.14 -0.13 10.59 0.48 0.62
163.73 1.10 0.14 -0.13 10.59 -0.04 0.39
195.17 1.09 0.14 -0.13 10.59 -0.36 0.37
135.67 1.09 0.14 -0.20 10.59 -0.28 0.31
163.81 1.10 0.14 -0.20 10.59 -0.18 0.64
194.88 1.09 0.14 -0.20 10.59 0.34 0.62
44.88 1.10 0.14 -0.33 10.59 0.08 0.28
77.00 1.10 0.14 -0.33 10.59 0.84 0.35
134.97 1.09 0.14 -0.32 10.59 0.62 0.90
164.11 1.09 0.14 -0.32 10.59 -0.41 0.42
314.37 1.09 0.14 -0.33 10.59 -0.39 0.44
14.41 1.10 0.14 -0.50 10.59 0.61 0.22
44.97 1.10 0.14 -0.50 10.59 0.23 0.26
76.72 1.09 0.14 -0.50 10.59 0.15 0.29
135.23 1.09 0.14 -0.50 10.59 -0.28 0.50
163.95 1.10 0.14 -0.49 10.59 -0.16 0.42
195.26 1.09 0.14 -0.49 10.59 -0.04 0.44
254.92 1.09 0.14 -0.50 10.59 -0.21 0.26
283.30 1.09 0.14 -0.50 10.59 -0.58 0.36
311.91 1.09 0.14 -0.50 10.59 -0.28 0.54
346.35 1.10 0.14 -0.50 10.59 -0.40 0.54
76.51 1.10 0.14 -0.70 10.59 0.12 0.29
133.92 1.09 0.14 -0.70 10.59 0.10 0.53
283.69 1.09 0.14 -0.71 10.59 -0.13 0.33
310.37 1.09 0.14 -0.71 10.59 -0.35 0.28
48.68 1.10 0.14 -0.90 10.59 -0.01 0.40
75.43 1.09 0.14 -0.90 10.59 0.28 0.41
104.95 1.09 0.14 -0.89 10.59 0.13 0.90
133.69 1.10 0.14 -0.89 10.59 0.08 0.35
164.31 1.10 0.14 -0.89 10.59 -0.39 0.84
194.39 1.09 0.14 -0.89 10.59 0.25 0.35
256.56 1.09 0.14 -0.90 10.59 -0.32 0.65
284.20 1.09 0.14 -0.90 10.59 0.03 0.46
311.24 1.09 0.14 -0.91 10.59 -0.27 0.26
282.15 1.33 0.14 -0.13 10.59 0.16 0.51
76.42 1.32 0.14 -0.20 10.59 0.42 0.25
105.90 1.32 0.14 -0.20 10.59 0.25 0.21
164.32 1.32 0.14 -0.20 10.59 -0.22 0.30
253.89 1.31 0.14 -0.20 10.59 0.19 0.71
283.10 1.32 0.14 -0.20 10.59 0.21 0.49
15.42 1.33 0.14 -0.33 10.59 0.38 0.51
44.21 1.32 0.14 -0.32 10.59 0.62 0.16
76.17 1.33 0.14 -0.32 10.59 0.81 0.62
105.40 1.31 0.14 -0.32 10.59 0.49 0.63
135.69 1.32 0.14 -0.32 10.59 -0.08 0.18
195.21 1.31 0.14 -0.32 10.59 -0.04 0.26
224.90 1.32 0.14 -0.32 10.59 -0.51 0.52
254.58 1.32 0.14 -0.32 10.59 0.02 0.38
283.96 1.31 0.14 -0.33 10.59 -0.57 0.29
315.62 1.32 0.14 -0.33 10.59 -0.27 0.47
15.59 1.33 0.14 -0.50 10.59 0.25 0.13
44.29 1.32 0.14 -0.49 10.59 0.14 0.19
76.59 1.32 0.14 -0.50 10.59 0.29 0.27
105.65 1.31 0.14 -0.50 10.59 0.50 0.82
135.28 1.32 0.14 -0.50 10.59 0.58 0.41
163.89 1.32 0.14 -0.50 10.59 0.08 0.51
194.81 1.32 0.14 -0.49 10.59 0.20 0.26
225.61 1.31 0.14 -0.50 10.59 0.22 0.52
254.89 1.31 0.14 -0.50 10.59 -0.58 0.55
345.44 1.33 0.13 -0.50 10.59 -0.03 0.18
44.47 1.32 0.14 -0.69 10.59 0.65 0.26
105.39 1.31 0.14 -0.69 10.59 0.11 0.38
134.58 1.32 0.14 -0.70 10.59 0.30 0.41
164.16 1.32 0.14 -0.70 10.59 0.05 0.91
255.42 1.31 0.14 -0.70 10.59 -0.15 0.38
284.77 1.31 0.14 -0.70 10.59 -0.01 0.25
45.49 1.33 0.14 -0.91 10.59 0.09 0.23
75.10 1.31 0.14 -0.90 10.59 0.18 0.45
164.26 1.32 0.14 -0.89 10.59 -0.72 0.84
225.78 1.32 0.14 -0.90 10.59 -0.33 0.55
76.46 1.69 0.14 -0.13 10.59 0.73 0.80
105.59 1.67 0.14 -0.13 10.59 0.34 0.45
136.88 1.67 0.14 -0.13 10.59 0.03 0.30
75.12 1.68 0.14 -0.20 10.59 0.06 0.17
106.15 1.66 0.14 -0.20 10.59 0.27 0.27
136.04 1.67 0.14 -0.20 10.59 0.03 0.28
163.79 1.67 0.14 -0.20 10.59 -0.17 0.20
194.48 1.66 0.14 -0.20 10.59 0.32 0.26
222.64 1.64 0.14 -0.20 10.59 -0.46 0.66
286.89 1.69 0.13 -0.20 10.59 0.23 0.47
15.69 1.74 0.13 -0.33 10.59 0.02 0.08
41.58 1.75 0.13 -0.33 10.59 0.34 0.10
74.38 1.68 0.14 -0.32 10.59 0.40 0.11
105.57 1.67 0.14 -0.32 10.59 0.62 0.44
135.78 1.68 0.14 -0.32 10.59 0.20 0.10
163.89 1.67 0.14 -0.32 10.59 0.09 0.10
194.95 1.65 0.14 -0.32 10.59 -0.24 0.20
223.88 1.65 0.14 -0.32 10.59 0.42 0.31
254.92 1.65 0.14 -0.33 10.59 0.00 0.24
318.37 1.77 0.13 -0.33 10.59 -0.15 0.06
344.31 1.73 0.13 -0.33 10.59 -0.02 0.07
16.13 1.73 0.13 -0.50 10.59 0.11 0.05
41.26 1.76 0.13 -0.50 10.59 0.20 0.07
74.18 1.69 0.14 -0.49 10.59 0.41 0.12
105.23 1.67 0.14 -0.50 10.59 0.39 0.17
135.96 1.68 0.13 -0.50 10.59 -0.02 0.13
164.09 1.68 0.14 -0.50 10.59 -0.12 0.12
194.73 1.66 0.14 -0.49 10.59 0.37 0.21
224.28 1.64 0.14 -0.50 10.59 -0.16 0.17
255.20 1.67 0.14 -0.50 10.59 -0.47 0.20
286.08 1.69 0.13 -0.51 10.59 -0.12 0.22
343.89 1.73 0.13 -0.50 10.59 -0.09 0.04
16.89 1.72 0.14 -0.70 10.59 0.09 0.04
40.77 1.76 0.13 -0.70 10.59 0.19 0.05
74.07 1.67 0.14 -0.69 10.59 0.72 0.42
105.24 1.66 0.14 -0.69 10.59 0.14 0.32
135.94 1.68 0.14 -0.69 10.59 0.19 0.19
194.45 1.66 0.14 -0.70 10.59 0.05 0.33
225.16 1.65 0.14 -0.69 10.59 -0.48 0.24
255.92 1.67 0.14 -0.70 10.59 -0.27 0.22
285.13 1.68 0.13 -0.70 10.59 -0.83 0.97
318.88 1.76 0.13 -0.70 10.59 -0.21 0.04
343.47 1.72 0.14 -0.70 10.59 -0.08 0.06
17.52 1.70 0.14 -0.90 10.59 0.06 0.06
39.82 1.76 0.13 -0.90 10.59 0.06 0.07
136.44 1.67 0.14 -0.89 10.59 -0.62 0.70
164.19 1.67 0.14 -0.89 10.59 -0.02 0.25
225.54 1.65 0.14 -0.90 10.59 0.79 0.88
257.09 1.68 0.14 -0.90 10.59 -0.26 0.15
284.84 1.67 0.14 -0.90 10.59 -0.22 0.38
319.48 1.75 0.13 -0.90 10.59 -0.23 0.05
342.75 1.70 0.14 -0.90 10.59 -0.03 0.05
135.74 2.08 0.14 -0.19 10.59 0.59 0.34
317.18 2.11 0.14 -0.20 10.59 -0.18 0.09
15.86 2.09 0.14 -0.33 10.59 0.14 0.06
164.30 2.07 0.14 -0.32 10.59 0.56 0.86
193.92 2.07 0.14 -0.32 10.59 0.03 0.47
317.75 2.10 0.14 -0.33 10.59 -0.08 0.05
16.92 2.08 0.14 -0.50 10.59 0.10 0.03
41.78 2.10 0.14 -0.50 10.59 0.20 0.06
69.39 2.09 0.14 -0.49 10.59 0.13 0.15
105.63 2.08 0.14 -0.50 10.59 0.20 0.25
135.51 2.08 0.14 -0.50 10.59 0.41 0.26
163.26 2.08 0.14 -0.49 10.59 0.01 0.28
289.95 2.09 0.14 -0.49 10.59 -0.21 0.22
343.18 2.08 0.14 -0.50 10.59 -0.15 0.03
41.41 2.10 0.14 -0.70 10.59 0.15 0.05
68.82 2.09 0.14 -0.69 10.59 0.11 0.34
135.77 2.08 0.14 -0.69 10.59 0.11 0.42
164.03 2.08 0.14 -0.69 10.59 0.60 0.45
256.17 2.09 0.14 -0.70 10.59 0.01 0.38
288.03 2.08 0.14 -0.70 10.59 -0.33 0.17
318.77 2.10 0.14 -0.70 10.59 -0.13 0.03
341.90 2.06 0.15 -0.69 10.59 -0.08 0.04
20.02 2.05 0.15 -0.89 10.59 0.18 0.10
136.34 2.06 0.14 -0.89 10.59 -0.02 0.23
256.95 2.09 0.14 -0.90 10.59 -0.13 0.22
285.27 2.07 0.14 -0.90 10.59 -0.47 0.15
318.99 2.09 0.14 -0.90 10.59 -0.22 0.04
164.95 1.10 0.17 -0.13 10.59 0.03 0.27
225.39 1.10 0.17 -0.13 10.59 0.13 0.64
45.00 1.10 0.18 -0.20 10.59 -0.41 0.59
77.45 1.10 0.18 -0.20 10.59 0.58 0.47
134.10 1.10 0.17 -0.20 10.59 -0.10 0.56
194.94 1.10 0.17 -0.20 10.59 -0.12 0.24
15.06 1.10 0.18 -0.33 10.59 -0.43 0.23
44.79 1.10 0.18 -0.33 10.59 0.27 0.66
76.42 1.10 0.18 -0.32 10.59 -0.98 0.52
105.63 1.10 0.18 -0.32 10.59 -0.11 0.67
134.40 1.10 0.18 -0.32 10.59 -0.13 0.33
226.34 1.10 0.17 -0.32 10.59 -0.23 0.31
254.54 1.10 0.18 -0.32 10.59 -0.27 0.62
283.69 1.10 0.18 -0.33 10.59 -0.33 0.75
315.46 1.10 0.18 -0.33 10.59 0.35 0.38
14.60 1.10 0.18 -0.50 10.59 0.11 0.20
44.10 1.10 0.18 -0.50 10.59 -0.09 0.43
76.55 1.10 0.18 -0.50 10.59 0.69 0.43
134.27 1.11 0.18 -0.49 10.59 0.75 0.39
227.25 1.10 0.17 -0.49 10.59 -0.36 0.81
346.78 1.10 0.18 -0.50 10.59 -0.43 0.23
14.11 1.11 0.18 -0.69 10.59 0.09 0.27
104.45 1.10 0.18 -0.70 10.59 -0.19 0.36
134.48 1.11 0.17 -0.69 10.59 -0.33 0.29
163.64 1.11 0.17 -0.69 10.59 -0.14 0.24
227.27 1.11 0.17 -0.69 10.59 -0.14 0.34
283.98 1.10 0.18 -0.70 10.59 0.33 0.34
312.32 1.10 0.18 -0.70 10.59 0.02 0.36
347.72 1.10 0.18 -0.69 10.59 0.07 0.39
13.04 1.10 0.18 -0.90 10.59 -0.28 0.39
46.83 1.10 0.18 -0.90 10.59 0.42 0.64
312.76 1.10 0.18 -0.90 10.59 0.01 0.32
45.19 1.34 0.18 -0.13 10.59 0.52 0.52
194.78 1.31 0.18 -0.13 10.59 0.31 0.30
14.47 1.33 0.18 -0.20 10.59 -0.03 0.27
44.45 1.32 0.18 -0.20 10.59 0.03 0.40
134.16 1.32 0.18 -0.20 10.59 0.39 0.24
163.50 1.32 0.18 -0.20 10.59 -0.42 0.83
194.82 1.32 0.18 -0.20 10.59 0.19 0.23
225.54 1.32 0.18 -0.20 10.59 -0.65 0.78
254.15 1.32 0.18 -0.20 10.59 -0.00 0.82
283.56 1.32 0.18 -0.20 10.59 0.24 0.44
314.01 1.33 0.18 -0.20 10.59 0.42 0.44
346.04 1.33 0.18 -0.20 10.59 -0.37 0.34
14.97 1.33 0.18 -0.33 10.59 0.21 0.14
44.15 1.32 0.18 -0.33 10.59 0.29 0.17
76.57 1.32 0.18 -0.33 10.59 -0.03 0.34
105.66 1.32 0.18 -0.32 10.59 0.31 0.54
134.12 1.32 0.18 -0.32 10.59 -0.57 0.73
194.97 1.32 0.18 -0.32 10.59 0.03 0.35
225.58 1.32 0.18 -0.32 10.59 0.26 0.46
254.61 1.32 0.18 -0.33 10.59 -0.59 0.72
314.84 1.32 0.18 -0.33 10.59 -0.29 0.28
346.62 1.32 0.18 -0.33 10.59 -0.11 0.17
14.47 1.33 0.18 -0.50 10.59 0.20 0.10
44.16 1.32 0.18 -0.50 10.59 0.26 0.19
76.60 1.32 0.18 -0.50 10.59 -0.10 0.90
105.38 1.32 0.18 -0.50 10.59 0.02 0.71
164.21 1.32 0.18 -0.50 10.59 -0.40 0.47
313.28 1.32 0.18 -0.50 10.59 -0.19 0.48
346.93 1.33 0.18 -0.50 10.59 -0.17 0.14
14.48 1.33 0.18 -0.70 10.59 0.34 0.13
44.66 1.32 0.18 -0.70 10.59 0.75 0.20
104.85 1.32 0.18 -0.70 10.59 0.89 0.82
134.46 1.32 0.18 -0.69 10.59 0.26 0.47
163.36 1.33 0.18 -0.70 10.59 0.01 0.32
194.69 1.32 0.18 -0.70 10.59 0.10 0.45
255.80 1.32 0.18 -0.70 10.59 -0.71 0.53
312.99 1.32 0.18 -0.70 10.59 -0.48 0.17
347.14 1.33 0.18 -0.70 10.59 -0.35 0.16
13.25 1.33 0.18 -0.90 10.59 0.09 0.25
45.73 1.32 0.18 -0.90 10.59 0.21 0.41
75.59 1.32 0.18 -0.90 10.59 0.09 0.43
104.68 1.33 0.18 -0.90 10.59 0.42 0.40
134.49 1.33 0.18 -0.90 10.59 0.48 0.52
284.41 1.31 0.18 -0.90 10.59 -0.12 0.43
312.83 1.32 0.18 -0.90 10.59 -0.39 0.88
348.17 1.33 0.18 -0.90 10.59 0.13 0.25
134.77 1.67 0.18 -0.13 10.59 0.01 0.25
43.08 1.69 0.18 -0.20 10.59 0.29 0.14
76.41 1.69 0.18 -0.20 10.59 0.45 0.19
105.51 1.67 0.18 -0.20 10.59 0.37 0.26
134.84 1.68 0.18 -0.20 10.59 0.19 0.20
164.26 1.68 0.18 -0.20 10.59 0.17 0.16
224.58 1.66 0.18 -0.20 10.59 -0.23 0.25
253.91 1.66 0.18 -0.20 10.59 -0.91 0.42
283.81 1.66 0.18 -0.20 10.59 -0.31 0.22
346.15 1.70 0.18 -0.20 10.59 0.01 0.15
15.50 1.68 0.18 -0.32 10.59 0.06 0.08
43.03 1.68 0.18 -0.32 10.59 0.18 0.16
76.09 1.67 0.18 -0.32 10.59 0.44 0.25
105.68 1.67 0.18 -0.32 10.59 0.47 0.19
134.66 1.67 0.18 -0.32 10.59 0.40 0.20
164.19 1.67 0.18 -0.32 10.59 0.04 0.19
195.45 1.67 0.18 -0.32 10.59 -0.13 0.19
224.95 1.67 0.18 -0.32 10.59 -0.35 0.28
254.51 1.65 0.18 -0.32 10.59 -0.80 0.45
284.11 1.66 0.18 -0.33 10.59 -0.41 0.34
315.62 1.66 0.18 -0.33 10.59 -0.24 0.18
346.59 1.69 0.18 -0.33 10.59 -0.18 0.12
15.04 1.69 0.18 -0.50 10.59 0.23 0.10
42.51 1.68 0.18 -0.50 10.59 0.69 0.12
76.40 1.66 0.18 -0.50 10.59 0.68 0.55
105.40 1.66 0.18 -0.50 10.59 0.17 0.21
134.41 1.67 0.18 -0.50 10.59 0.43 0.37
163.89 1.67 0.18 -0.50 10.59 0.10 0.16
194.97 1.67 0.18 -0.49 10.59 0.09 0.18
255.05 1.65 0.18 -0.50 10.59 -0.09 0.31
284.22 1.66 0.18 -0.50 10.59 -0.32 0.30
314.13 1.66 0.18 -0.50 10.59 -0.45 0.26
347.12 1.68 0.18 -0.50 10.59 -0.06 0.09
14.22 1.70 0.18 -0.70 10.59 0.16 0.11
43.90 1.66 0.18 -0.70 10.59 0.40 0.19
75.96 1.65 0.18 -0.70 10.59 0.60 0.39
134.25 1.67 0.18 -0.70 10.59 -0.13 0.56
164.02 1.66 0.18 -0.69 10.59 0.54 0.65
195.03 1.66 0.18 -0.70 10.59 0.35 0.65
225.87 1.66 0.18 -0.69 10.59 -0.20 0.48
255.53 1.65 0.18 -0.70 10.59 0.27 0.60
284.24 1.66 0.18 -0.70 10.59 -0.35 0.26
312.40 1.67 0.18 -0.70 10.59 -0.28 0.24
347.79 1.70 0.18 -0.70 10.59 -0.08 0.11
12.90 1.71 0.17 -0.90 10.59 0.17 0.08
44.84 1.66 0.18 -0.90 10.59 0.23 0.26
105.35 1.66 0.18 -0.90 10.59 -0.29 0.31
134.35 1.67 0.18 -0.89 10.59 0.29 0.61
164.13 1.67 0.18 -0.90 10.59 0.05 0.42
194.88 1.66 0.18 -0.89 10.59 -0.22 0.30
225.94 1.66 0.18 -0.90 10.59 0.13 0.36
284.39 1.66 0.18 -0.90 10.59 -0.14 0.25
347.94 1.72 0.17 -0.91 10.59 -0.13 0.09
15.25 2.25 0.17 -0.13 10.59 -0.09 0.15
76.12 2.20 0.18 -0.13 10.59 0.17 0.22
104.63 2.19 0.18 -0.13 10.59 -0.01 0.85
134.80 2.19 0.18 -0.13 10.59 0.25 0.34
163.53 2.19 0.18 -0.13 10.59 -0.08 0.19
194.92 2.18 0.18 -0.13 10.59 0.05 0.24
224.14 2.17 0.18 -0.13 10.59 -0.44 0.44
76.08 2.20 0.18 -0.20 10.59 0.04 0.20
104.65 2.19 0.18 -0.20 10.59 0.36 0.13
135.31 2.19 0.18 -0.20 10.59 0.09 0.10
163.97 2.19 0.18 -0.20 10.59 0.12 0.12
195.56 2.18 0.18 -0.20 10.59 -0.09 0.13
223.63 2.17 0.18 -0.20 10.59 -0.44 0.64
345.64 2.26 0.17 -0.20 10.59 -0.03 0.10
15.02 2.26 0.17 -0.33 10.59 0.01 0.06
41.78 2.25 0.17 -0.33 10.59 0.10 0.11
75.77 2.18 0.18 -0.32 10.59 0.41 0.10
104.69 2.19 0.18 -0.32 10.59 0.33 0.12
135.77 2.18 0.18 -0.32 10.59 0.32 0.11
164.23 2.18 0.18 -0.32 10.59 -0.03 0.12
224.18 2.17 0.18 -0.32 10.59 0.30 0.40
345.55 2.26 0.17 -0.33 10.59 0.01 0.06
14.90 2.25 0.17 -0.50 10.59 0.10 0.03
40.67 2.27 0.17 -0.50 10.59 0.25 0.11
75.71 2.19 0.18 -0.49 10.59 0.21 0.11
104.80 2.18 0.18 -0.50 10.59 0.10 0.19
135.48 2.19 0.18 -0.50 10.59 0.24 0.13
163.91 2.18 0.18 -0.50 10.59 0.17 0.16
195.08 2.16 0.18 -0.50 10.59 -0.29 0.18
224.38 2.17 0.18 -0.50 10.59 -0.32 0.32
255.65 2.19 0.18 -0.50 10.59 -0.36 0.38
284.69 2.19 0.18 -0.50 10.59 -0.45 0.43
319.49 2.31 0.17 -0.50 10.59 -0.20 0.06
345.22 2.26 0.17 -0.50 10.59 -0.09 0.03
14.85 2.24 0.17 -0.70 10.59 0.03 0.03
39.37 2.28 0.17 -0.70 10.59 0.22 0.06
75.95 2.17 0.18 -0.70 10.59 0.34 0.40
104.88 2.17 0.18 -0.69 10.59 0.60 0.22
135.68 2.18 0.18 -0.69 10.59 0.51 0.58
163.89 2.18 0.18 -0.69 10.59 -0.03 0.45
194.64 2.17 0.18 -0.70 10.59 -0.38 0.43
225.26 2.17 0.18 -0.69 10.59 0.16 0.35
284.69 2.19 0.18 -0.70 10.59 -0.17 0.13
319.43 2.29 0.17 -0.70 10.59 -0.16 0.10
345.23 2.24 0.17 -0.70 10.59 -0.11 0.03
14.89 2.21 0.17 -0.90 10.59 0.05 0.03
38.72 2.28 0.17 -0.90 10.59 0.25 0.12
105.40 2.17 0.18 -0.89 10.59 -0.05 0.27
135.40 2.19 0.18 -0.89 10.59 0.12 0.39
163.79 2.19 0.18 -0.89 10.59 0.06 0.26
194.49 2.17 0.18 -0.90 10.59 -0.02 0.29
256.68 2.18 0.18 -0.90 10.59 -0.11 0.19
284.48 2.18 0.18 -0.90 10.59 -0.53 0.19
319.49 2.27 0.17 -0.90 10.59 -0.17 0.06
344.75 2.22 0.17 -0.90 10.59 -0.08 0.03
163.46 2.74 0.19 -0.13 10.59 -0.06 0.27
224.77 2.73 0.19 -0.13 10.59 -0.81 0.35
14.70 2.76 0.18 -0.20 10.59 0.05 0.07
76.17 2.71 0.19 -0.20 10.59 0.54 0.36
163.82 2.73 0.19 -0.20 10.59 0.16 0.18
195.11 2.72 0.19 -0.20 10.59 -0.37 0.26
224.68 2.74 0.19 -0.20 10.59 -0.73 0.43
345.77 2.77 0.18 -0.20 10.59 -0.10 0.10
14.89 2.76 0.18 -0.33 10.59 0.09 0.07
104.66 2.71 0.19 -0.32 10.59 0.05 0.20
163.76 2.73 0.19 -0.32 10.59 -0.43 0.85
195.55 2.73 0.19 -0.31 10.59 0.25 0.44
225.06 2.73 0.19 -0.32 10.59 -0.47 0.59
318.90 2.77 0.18 -0.33 10.59 -0.32 0.11
345.16 2.76 0.18 -0.33 10.59 -0.05 0.04
15.72 2.75 0.19 -0.50 10.59 0.05 0.04
40.55 2.75 0.18 -0.50 10.59 0.13 0.05
75.95 2.70 0.19 -0.49 10.59 0.27 0.25
135.56 2.73 0.19 -0.49 10.59 0.33 0.28
164.05 2.74 0.19 -0.50 10.59 -0.00 0.25
225.01 2.72 0.19 -0.49 10.59 -0.37 0.44
319.64 2.76 0.18 -0.50 10.59 -0.25 0.06
344.29 2.75 0.19 -0.50 10.59 -0.16 0.04
16.59 2.73 0.19 -0.69 10.59 0.16 0.07
40.03 2.75 0.18 -0.70 10.59 0.12 0.07
163.92 2.71 0.19 -0.69 10.59 0.06 0.26
194.66 2.73 0.19 -0.69 10.59 -0.74 0.52
256.47 2.71 0.19 -0.70 10.59 0.19 1.00
284.15 2.72 0.19 -0.70 10.59 -0.13 0.32
320.22 2.76 0.18 -0.70 10.59 -0.20 0.10
343.23 2.73 0.19 -0.70 10.59 -0.05 0.04
17.72 2.71 0.19 -0.89 10.59 -0.21 0.10
39.56 2.75 0.18 -0.90 10.59 0.31 0.12
136.77 2.72 0.19 -0.89 10.59 0.19 0.41
256.68 2.73 0.19 -0.90 10.59 -0.05 0.23
283.70 2.70 0.19 -0.90 10.59 -0.57 0.22
320.47 2.75 0.18 -0.90 10.59 -0.01 0.13
342.05 2.71 0.19 -0.89 10.59 -0.04 0.05
15.62 1.11 0.23 -0.20 10.59 0.04 0.42
256.03 1.11 0.22 -0.20 10.59 0.22 1.00
314.84 1.11 0.23 -0.20 10.59 -0.58 0.43
103.77 1.12 0.22 -0.32 10.59 -0.21 0.56
44.13 1.11 0.23 -0.50 10.59 0.46 0.59
229.96 1.13 0.22 -0.49 10.59 0.32 0.81
75.05 1.12 0.22 -0.70 10.59 0.75 0.77
347.11 1.12 0.23 -0.70 10.59 0.26 0.40
14.31 1.12 0.23 -0.90 10.59 0.60 0.29
259.33 1.13 0.22 -0.89 10.59 0.22 0.48
285.21 1.11 0.22 -0.90 10.59 0.10 0.73
15.62 1.33 0.24 -0.13 10.59 0.11 0.74
104.24 1.33 0.23 -0.13 10.59 -0.48 0.89
163.61 1.34 0.22 -0.13 10.59 -0.09 0.51
195.05 1.34 0.22 -0.13 10.59 0.17 0.54
45.53 1.33 0.23 -0.20 10.59 0.24 0.60
134.31 1.33 0.23 -0.20 10.59 0.08 0.20
226.50 1.34 0.23 -0.20 10.59 0.14 0.28
314.01 1.33 0.23 -0.20 10.59 -0.39 0.40
346.24 1.34 0.23 -0.20 10.59 -0.63 0.55
15.41 1.33 0.23 -0.33 10.59 0.42 0.19
44.82 1.33 0.23 -0.33 10.59 0.91 0.93
76.16 1.33 0.23 -0.32 10.59 0.17 0.70
314.42 1.33 0.23 -0.33 10.59 -0.05 0.53
14.90 1.33 0.23 -0.50 10.59 -0.19 0.18
44.83 1.33 0.23 -0.50 10.59 -0.08 0.21
134.54 1.34 0.22 -0.49 10.59 -0.74 0.67
195.76 1.36 0.22 -0.49 10.59 0.00 1.00
227.07 1.34 0.23 -0.49 10.59 0.34 0.56
284.23 1.33 0.23 -0.50 10.59 -0.32 0.37
313.75 1.33 0.23 -0.50 10.59 -0.04 0.40
346.13 1.33 0.23 -0.50 10.59 -0.85 0.52
14.75 1.33 0.23 -0.70 10.59 0.39 0.20
133.69 1.35 0.22 -0.70 10.59 0.04 0.30
227.83 1.35 0.23 -0.69 10.59 -0.09 0.35
313.04 1.33 0.23 -0.70 10.59 -0.14 0.27
346.75 1.33 0.23 -0.70 10.59 -0.20 0.17
13.87 1.33 0.23 -0.90 10.59 0.21 0.21
45.46 1.33 0.23 -0.90 10.59 0.15 0.41
75.10 1.33 0.23 -0.90 10.59 -0.84 0.71
257.64 1.34 0.23 -0.90 10.59 -0.08 0.46
313.07 1.33 0.23 -0.90 10.59 -0.20 0.46
347.74 1.33 0.23 -0.90 10.59 -0.15 0.27
14.98 1.70 0.23 -0.13 10.59 0.03 0.34
45.08 1.70 0.23 -0.13 10.59 0.13 0.28
105.35 1.68 0.23 -0.13 10.59 0.70 0.95
134.13 1.69 0.23 -0.13 10.59 -0.06 0.29
194.24 1.70 0.23 -0.13 10.59 0.18 0.58
225.04 1.68 0.24 -0.13 10.59 -0.13 0.18
255.11 1.68 0.23 -0.13 10.59 0.39 0.32
283.90 1.68 0.24 -0.13 10.59 0.00 0.98
315.59 1.69 0.24 -0.13 10.59 -0.66 0.76
14.91 1.70 0.23 -0.20 10.59 0.26 0.41
45.24 1.69 0.24 -0.20 10.59 0.17 0.30
76.02 1.68 0.23 -0.20 10.59 0.09 0.23
104.60 1.68 0.23 -0.20 10.59 -0.22 0.35
134.49 1.69 0.23 -0.20 10.59 0.75 0.48
164.32 1.69 0.23 -0.20 10.59 0.06 0.19
225.40 1.69 0.24 -0.20 10.59 -0.55 0.49
314.64 1.69 0.24 -0.20 10.59 -0.75 0.86
346.31 1.70 0.23 -0.20 10.59 -0.17 0.16
14.96 1.69 0.23 -0.33 10.59 0.09 0.13
44.94 1.69 0.23 -0.32 10.59 0.26 0.15
76.05 1.68 0.23 -0.32 10.59 0.92 0.19
105.00 1.68 0.23 -0.32 10.59 0.17 0.30
135.07 1.69 0.24 -0.32 10.59 0.32 0.30
164.39 1.70 0.23 -0.32 10.59 -0.05 0.42
194.81 1.70 0.23 -0.32 10.59 0.14 0.38
315.27 1.68 0.24 -0.32 10.59 -0.20 0.27
345.81 1.69 0.23 -0.32 10.59 -0.04 0.16
14.67 1.70 0.23 -0.50 10.59 0.32 0.14
44.64 1.69 0.23 -0.50 10.59 0.04 0.25
76.09 1.68 0.24 -0.50 10.59 -0.03 0.67
104.68 1.68 0.23 -0.50 10.59 0.54 0.74
135.23 1.69 0.23 -0.49 10.59 0.09 0.25
163.71 1.70 0.23 -0.49 10.59 -0.02 0.16
195.37 1.70 0.23 -0.49 10.59 0.17 0.17
225.47 1.69 0.24 -0.50 10.59 0.46 0.28
283.51 1.67 0.23 -0.50 10.59 -0.36 0.40
314.40 1.68 0.23 -0.50 10.59 -0.04 0.26
346.65 1.70 0.23 -0.50 10.59 -0.10 0.12
14.32 1.69 0.23 -0.70 10.59 -0.05 0.10
44.82 1.68 0.23 -0.70 10.59 0.47 0.19
76.08 1.68 0.23 -0.70 10.59 0.40 0.43
104.28 1.69 0.23 -0.69 10.59 0.67 0.81
135.37 1.69 0.23 -0.69 10.59 -0.11 0.28
163.19 1.71 0.23 -0.70 10.59 0.08 0.26
195.78 1.71 0.23 -0.69 10.59 -0.04 0.25
256.41 1.68 0.23 -0.70 10.59 0.20 0.42
284.04 1.68 0.24 -0.70 10.59 -0.43 0.68
347.63 1.69 0.23 -0.70 10.59 -0.10 0.10
13.25 1.69 0.23 -0.90 10.59 0.12 0.15
45.27 1.68 0.24 -0.89 10.59 0.09 0.35
104.20 1.68 0.23 -0.90 10.59 0.16 0.42
134.72 1.70 0.23 -0.89 10.59 0.24 0.29
162.79 1.72 0.22 -0.88 10.59 -0.09 0.37
196.95 1.73 0.23 -0.88 10.59 0.24 0.33
225.54 1.69 0.23 -0.90 10.59 -0.21 0.26
256.61 1.68 0.23 -0.90 10.59 0.21 0.71
284.14 1.68 0.23 -0.90 10.59 -0.75 0.80
313.06 1.68 0.23 -0.90 10.59 -0.07 0.21
348.37 1.69 0.23 -0.90 10.59 -0.12 0.19
15.74 2.21 0.23 -0.13 10.59 0.94 0.79
43.79 2.20 0.24 -0.13 10.59 0.07 0.14
75.43 2.18 0.24 -0.13 10.59 0.24 0.34
104.77 2.17 0.23 -0.13 10.59 0.34 0.29
164.45 2.17 0.24 -0.13 10.59 0.25 0.51
224.46 2.17 0.24 -0.13 10.59 0.09 0.38
284.51 2.17 0.24 -0.13 10.59 0.00 1.00
345.93 2.19 0.23 -0.13 10.59 0.26 0.19
15.47 2.20 0.23 -0.20 10.59 0.09 0.09
44.22 2.20 0.24 -0.20 10.59 0.11 0.12
75.77 2.18 0.24 -0.20 10.59 0.45 0.14
104.68 2.17 0.23 -0.20 10.59 0.44 0.16
134.98 2.16 0.24 -0.20 10.59 0.30 0.35
164.71 2.17 0.24 -0.20 10.59 0.15 0.12
194.25 2.16 0.24 -0.20 10.59 -0.12 0.19
255.16 2.16 0.24 -0.20 10.59 -0.27 0.31
284.43 2.17 0.24 -0.20 10.59 0.04 0.30
315.83 2.19 0.24 -0.20 10.59 -0.33 0.90
345.95 2.20 0.24 -0.20 10.59 0.03 0.09
15.13 2.19 0.23 -0.32 10.59 0.00 0.08
43.91 2.19 0.24 -0.32 10.59 0.14 0.09
75.84 2.18 0.24 -0.32 10.59 0.30 0.19
105.25 2.16 0.24 -0.32 10.59 0.69 0.16
134.89 2.17 0.24 -0.32 10.59 -0.08 0.13
164.16 2.17 0.24 -0.32 10.59 -0.13 0.27
224.72 2.16 0.24 -0.32 10.59 -0.47 0.52
254.77 2.18 0.24 -0.32 10.59 -0.66 0.30
284.57 2.17 0.24 -0.32 10.59 -0.26 0.29
315.64 2.18 0.24 -0.32 10.59 -0.81 0.30
346.65 2.19 0.23 -0.32 10.59 -0.18 0.08
14.92 2.19 0.23 -0.50 10.59 -0.02 0.07
43.94 2.18 0.24 -0.50 10.59 0.16 0.10
75.87 2.17 0.24 -0.50 10.59 0.31 0.21
135.28 2.16 0.24 -0.50 10.59 -0.17 0.16
194.65 2.16 0.24 -0.49 10.59 -0.07 0.28
255.15 2.17 0.24 -0.50 10.59 -0.09 0.43
283.99 2.17 0.24 -0.50 10.59 0.46 0.86
314.81 2.18 0.24 -0.50 10.59 0.07 0.18
347.18 2.18 0.23 -0.50 10.59 -0.19 0.08
14.24 2.19 0.23 -0.70 10.59 0.10 0.09
43.68 2.18 0.24 -0.70 10.59 0.35 0.13
75.73 2.17 0.24 -0.70 10.59 0.02 0.36
104.89 2.17 0.24 -0.70 10.59 0.43 0.71
135.27 2.17 0.24 -0.69 10.59 0.11 0.20
163.35 2.18 0.24 -0.70 10.59 -0.36 0.42
195.26 2.16 0.24 -0.69 10.59 0.08 0.24
224.80 2.16 0.24 -0.70 10.59 -0.77 0.74
256.04 2.16 0.24 -0.70 10.59 0.08 0.30
284.68 2.17 0.24 -0.70 10.59 -0.19 0.34
313.46 2.18 0.24 -0.70 10.59 -0.46 0.73
347.77 2.18 0.24 -0.70 10.59 -0.10 0.09
13.46 2.19 0.23 -0.90 10.59 0.06 0.10
44.17 2.17 0.24 -0.89 10.59 0.18 0.15
75.62 2.17 0.24 -0.90 10.59 -0.19 0.75
135.82 2.18 0.24 -0.90 10.59 0.16 0.25
163.28 2.17 0.24 -0.89 10.59 -0.25 0.23
195.17 2.17 0.24 -0.89 10.59 -0.12 0.21
224.65 2.16 0.24 -0.90 10.59 0.43 0.40
256.45 2.17 0.24 -0.90 10.59 0.07 0.31
313.12 2.18 0.24 -0.90 10.59 -0.17 0.48
348.84 2.19 0.23 -0.90 10.59 0.23 0.29
44.06 2.88 0.24 -0.13 10.59 0.18 0.12
104.15 2.85 0.23 -0.13 10.59 0.38 0.29
256.16 2.85 0.23 -0.13 10.59 -0.29 0.53
346.09 2.93 0.23 -0.13 10.59 -0.08 0.16
15.71 2.93 0.23 -0.20 10.59 0.06 0.08
75.53 2.87 0.23 -0.20 10.59 0.22 0.12
103.80 2.86 0.23 -0.20 10.59 0.18 0.16
135.20 2.86 0.23 -0.20 10.59 0.18 0.15
164.26 2.85 0.24 -0.20 10.59 0.16 0.43
194.02 2.85 0.24 -0.20 10.59 -0.52 0.44
225.04 2.85 0.23 -0.20 10.59 -0.21 0.29
284.71 2.87 0.24 -0.20 10.59 -0.58 0.23
317.60 2.90 0.23 -0.20 10.59 -0.28 0.14
15.06 2.93 0.23 -0.33 10.59 0.09 0.06
43.04 2.88 0.23 -0.32 10.59 0.33 0.08
75.68 2.87 0.23 -0.32 10.59 0.44 0.19
104.09 2.85 0.23 -0.32 10.59 0.28 0.12
135.24 2.85 0.24 -0.32 10.59 0.39 0.17
164.05 2.84 0.24 -0.32 10.59 -0.05 0.13
225.05 2.85 0.24 -0.32 10.59 0.46 0.82
255.32 2.87 0.23 -0.32 10.59 -0.15 0.26
284.27 2.87 0.24 -0.32 10.59 -0.47 0.24
317.60 2.95 0.23 -0.32 10.59 -0.54 0.20
14.43 2.95 0.23 -0.50 10.59 0.05 0.05
42.12 2.90 0.23 -0.50 10.59 0.14 0.09
76.01 2.86 0.24 -0.50 10.59 0.44 0.13
104.95 2.85 0.24 -0.50 10.59 0.60 0.22
135.31 2.86 0.24 -0.49 10.59 0.39 0.21
164.21 2.85 0.24 -0.49 10.59 0.08 0.20
194.39 2.83 0.24 -0.49 10.59 0.01 0.90
225.42 2.84 0.24 -0.50 10.59 0.12 0.29
255.56 2.86 0.24 -0.50 10.59 -0.46 0.21
346.52 2.97 0.23 -0.50 10.59 -0.05 0.06
14.17 2.95 0.23 -0.70 10.59 0.05 0.06
41.24 2.92 0.23 -0.70 10.59 0.12 0.10
76.09 2.86 0.24 -0.69 10.59 0.40 0.23
104.40 2.84 0.24 -0.69 10.59 0.05 0.20
135.39 2.86 0.24 -0.70 10.59 -0.09 0.18
163.92 2.83 0.24 -0.70 10.59 0.22 0.19
194.04 2.83 0.24 -0.69 10.59 0.08 0.18
226.01 2.85 0.24 -0.69 10.59 0.88 0.51
256.03 2.85 0.24 -0.70 10.59 0.20 0.32
316.96 2.97 0.23 -0.71 10.59 -0.07 0.15
346.26 2.96 0.22 -0.70 10.59 -0.07 0.05
13.92 2.93 0.23 -0.90 10.59 0.08 0.05
40.71 2.95 0.23 -0.90 10.59 0.61 0.23
76.07 2.85 0.24 -0.90 10.59 0.52 0.27
104.88 2.83 0.24 -0.90 10.59 0.08 0.24
135.62 2.84 0.24 -0.90 10.59 0.05 0.29
164.10 2.84 0.24 -0.90 10.59 0.32 0.22
194.44 2.84 0.24 -0.89 10.59 0.48 0.25
256.57 2.84 0.24 -0.90 10.59 -0.23 0.39
284.95 2.86 0.23 -0.90 10.59 -0.18 0.19
317.02 2.96 0.23 -0.90 10.59 -0.31 0.14
346.09 2.93 0.22 -0.90 10.59 -0.02 0.05
76.07 3.53 0.25 -0.13 10.59 0.83 0.28
14.23 3.62 0.24 -0.20 10.59 -0.05 0.16
14.30 3.61 0.24 -0.33 10.59 -0.18 0.14
75.80 3.57 0.25 -0.32 10.59 -0.35 0.25
195.25 3.56 0.25 -0.33 10.59 -0.69 0.91
345.95 3.61 0.24 -0.32 10.59 0.15 0.23
14.28 3.60 0.24 -0.50 10.59 0.12 0.06
76.49 3.59 0.25 -0.49 10.59 0.24 0.35
105.07 3.57 0.25 -0.49 10.59 -0.24 0.21
226.33 3.55 0.24 -0.49 10.59 0.29 0.41
255.79 3.57 0.25 -0.49 10.59 -0.15 0.32
345.44 3.62 0.24 -0.50 10.59 -0.08 0.11
14.67 3.60 0.24 -0.70 10.59 0.01 0.06
38.78 3.60 0.24 -0.70 10.59 0.12 0.17
76.15 3.58 0.25 -0.69 10.59 0.60 0.58
320.83 3.61 0.24 -0.70 10.59 -0.24 0.13
15.91 3.59 0.24 -0.90 10.59 -0.01 0.08
38.19 3.60 0.24 -0.89 10.59 -0.17 0.23
195.51 3.55 0.25 -0.90 10.59 0.00 1.00
321.06 3.60 0.24 -0.90 10.59 0.12 0.13
343.81 3.59 0.25 -0.90 10.59 -0.12 0.12
15.13 1.36 0.29 -0.49 10.59 0.29 0.34
314.86 1.35 0.29 -0.50 10.59 0.20 0.78
15.49 1.72 0.30 -0.13 10.59 0.26 0.83
45.73 1.71 0.30 -0.13 10.59 -0.53 0.43
105.24 1.72 0.30 -0.13 10.59 -0.10 0.88
133.24 1.74 0.30 -0.13 10.59 -0.05 0.56
226.93 1.74 0.30 -0.13 10.59 0.00 1.00
254.24 1.72 0.30 -0.13 10.59 -0.65 0.67
15.20 1.72 0.30 -0.20 10.59 0.21 0.25
45.69 1.72 0.30 -0.20 10.59 -0.09 0.89
74.84 1.71 0.30 -0.20 10.59 0.25 0.63
105.66 1.73 0.30 -0.20 10.59 0.74 0.23
133.61 1.75 0.30 -0.20 10.59 0.01 0.22
162.68 1.78 0.29 -0.20 10.59 0.42 0.73
195.36 1.77 0.29 -0.20 10.59 0.06 0.43
226.51 1.75 0.30 -0.20 10.59 0.16 0.47
254.05 1.72 0.30 -0.20 10.59 -0.37 0.81
284.97 1.70 0.30 -0.20 10.59 0.54 0.62
315.30 1.71 0.31 -0.20 10.59 0.06 0.41
345.00 1.72 0.30 -0.20 10.59 -0.28 0.28
15.57 1.71 0.30 -0.32 10.59 -0.15 0.27
45.24 1.71 0.30 -0.32 10.59 0.65 0.26
75.16 1.71 0.30 -0.32 10.59 0.74 0.38
105.83 1.73 0.30 -0.32 10.59 -0.52 0.47
134.01 1.76 0.30 -0.32 10.59 0.14 0.53
254.95 1.73 0.30 -0.32 10.59 -0.11 0.22
284.54 1.71 0.30 -0.32 10.59 -0.56 0.41
315.29 1.71 0.31 -0.32 10.59 -0.73 0.49
345.16 1.72 0.30 -0.32 10.59 0.45 0.41
15.01 1.71 0.30 -0.50 10.59 -0.78 0.27
44.79 1.72 0.31 -0.50 10.59 0.30 0.42
132.70 1.76 0.30 -0.49 10.59 -0.03 0.17
227.49 1.75 0.30 -0.49 10.59 0.34 0.55
255.94 1.72 0.30 -0.50 10.59 0.59 0.48
314.90 1.72 0.30 -0.50 10.59 -0.96 0.35
346.13 1.72 0.30 -0.50 10.59 0.11 0.28
14.66 1.71 0.30 -0.70 10.59 -0.09 0.27
44.95 1.71 0.30 -0.70 10.59 0.88 0.87
104.78 1.74 0.30 -0.69 10.59 0.48 0.30
228.97 1.76 0.29 -0.69 10.59 0.19 0.51
255.97 1.72 0.30 -0.70 10.59 -0.20 0.27
284.57 1.71 0.30 -0.70 10.59 0.72 0.62
346.41 1.72 0.30 -0.70 10.59 0.18 0.29
14.05 1.71 0.30 -0.90 10.59 -0.04 0.59
74.32 1.71 0.30 -0.90 10.59 -0.63 0.90
104.74 1.74 0.30 -0.89 10.59 -0.76 0.57
256.25 1.73 0.30 -0.89 10.59 0.10 0.35
313.70 1.71 0.30 -0.90 10.59 -0.87 0.86
346.96 1.71 0.30 -0.90 10.59 -0.66 0.40
45.19 2.20 0.31 -0.13 10.59 0.23 0.27
75.56 2.19 0.31 -0.13 10.59 0.32 0.36
105.70 2.20 0.31 -0.13 10.59 -0.20 0.34
164.00 2.22 0.31 -0.13 10.59 -0.40 0.35
195.02 2.22 0.30 -0.13 10.59 -0.13 0.19
284.50 2.19 0.31 -0.13 10.59 -0.80 0.73
315.34 2.20 0.31 -0.13 10.59 -0.50 0.25
345.73 2.20 0.31 -0.13 10.59 -0.24 0.31
15.40 2.21 0.31 -0.20 10.59 0.06 0.19
44.90 2.20 0.31 -0.20 10.59 0.18 0.25
105.92 2.20 0.31 -0.20 10.59 0.08 0.29
134.98 2.21 0.31 -0.20 10.59 0.05 0.34
163.75 2.22 0.31 -0.20 10.59 0.04 0.14
195.11 2.23 0.31 -0.20 10.59 -0.12 0.11
225.27 2.20 0.31 -0.20 10.59 0.14 0.23
253.79 2.20 0.31 -0.20 10.59 -0.45 0.71
284.60 2.19 0.31 -0.20 10.59 -0.23 0.42
315.08 2.20 0.31 -0.20 10.59 -0.21 0.17
345.33 2.21 0.31 -0.20 10.59 -0.00 0.14
15.08 2.21 0.31 -0.32 10.59 0.27 0.16
45.35 2.21 0.31 -0.32 10.59 0.17 0.18
75.03 2.20 0.31 -0.33 10.59 -0.28 0.90
105.83 2.20 0.31 -0.32 10.59 -0.08 0.14
135.26 2.21 0.31 -0.32 10.59 0.11 0.12
163.32 2.23 0.31 -0.32 10.59 -0.00 0.14
195.25 2.22 0.30 -0.32 10.59 -0.21 0.16
225.01 2.20 0.31 -0.32 10.59 -0.22 0.10
253.99 2.21 0.31 -0.33 10.59 0.21 0.35
284.15 2.19 0.31 -0.32 10.59 -0.65 0.43
314.87 2.20 0.31 -0.32 10.59 -0.12 0.25
345.88 2.20 0.31 -0.32 10.59 -0.19 0.14
14.84 2.21 0.31 -0.50 10.59 0.11 0.12
45.08 2.20 0.31 -0.50 10.59 0.10 0.18
75.20 2.20 0.31 -0.50 10.59 0.17 0.27
105.64 2.20 0.31 -0.50 10.59 0.25 0.15
134.98 2.21 0.31 -0.49 10.59 0.26 0.10
163.19 2.23 0.30 -0.49 10.59 -0.07 0.09
195.77 2.23 0.30 -0.49 10.59 0.00 0.10
225.68 2.21 0.31 -0.49 10.59 -0.28 0.18
254.64 2.20 0.31 -0.50 10.59 -0.29 0.33
284.17 2.20 0.31 -0.50 10.59 -0.63 0.61
315.20 2.21 0.31 -0.50 10.59 -0.44 0.19
346.14 2.20 0.31 -0.50 10.59 -0.12 0.11
14.51 2.21 0.31 -0.70 10.59 0.03 0.11
44.96 2.20 0.31 -0.70 10.59 0.28 0.23
74.99 2.21 0.31 -0.70 10.59 -0.08 0.86
105.49 2.20 0.31 -0.70 10.59 0.11 0.85
133.82 2.22 0.31 -0.70 10.59 -0.23 0.47
162.65 2.26 0.30 -0.69 10.59 -0.36 0.32
196.75 2.24 0.30 -0.69 10.59 -0.04 0.15
226.78 2.21 0.31 -0.69 10.59 -0.39 0.63
314.53 2.19 0.31 -0.70 10.59 0.17 0.40
346.50 2.20 0.31 -0.70 10.59 -0.25 0.14
14.20 2.20 0.31 -0.90 10.59 0.13 0.14
45.34 2.20 0.31 -0.90 10.59 0.12 0.28
105.53 2.21 0.31 -0.89 10.59 0.40 0.42
131.91 2.23 0.30 -0.89 10.59 0.28 0.36
227.93 2.23 0.30 -0.89 10.59 0.09 0.38
255.26 2.20 0.31 -0.90 10.59 -0.04 0.20
284.38 2.20 0.31 -0.90 10.59 -0.01 0.81
313.39 2.21 0.31 -0.90 10.59 -0.72 0.43
347.06 2.20 0.31 -0.90 10.59 0.07 0.17
14.89 2.86 0.31 -0.13 10.59 0.05 0.16
44.86 2.85 0.31 -0.13 10.59 0.21 0.20
74.11 2.84 0.31 -0.13 10.59 -0.02 0.26
135.52 2.83 0.32 -0.13 10.59 0.09 0.15
163.83 2.84 0.31 -0.13 10.59 0.12 0.19
225.35 2.83 0.32 -0.13 10.59 -0.28 0.78
284.23 2.82 0.31 -0.13 10.59 -0.56 0.63
316.04 2.83 0.31 -0.13 10.59 -0.28 0.47
345.46 2.85 0.31 -0.13 10.59 -0.12 0.25
15.40 2.86 0.31 -0.20 10.59 0.19 0.10
44.31 2.84 0.31 -0.20 10.59 0.24 0.12
74.88 2.84 0.31 -0.20 10.59 0.42 0.18
106.12 2.83 0.32 -0.20 10.59 0.19 0.13
135.48 2.83 0.32 -0.20 10.59 0.08 0.12
164.54 2.84 0.31 -0.20 10.59 -0.03 0.11
194.54 2.84 0.32 -0.20 10.59 -0.19 0.13
225.59 2.81 0.32 -0.20 10.59 -0.11 0.14
253.50 2.81 0.32 -0.20 10.59 0.21 0.71
284.89 2.83 0.31 -0.20 10.59 0.26 0.29
315.53 2.83 0.31 -0.20 10.59 -0.79 0.94
345.30 2.85 0.31 -0.20 10.59 -0.02 0.13
14.96 2.85 0.31 -0.32 10.59 0.21 0.15
44.63 2.84 0.31 -0.32 10.59 0.42 0.13
75.16 2.84 0.31 -0.32 10.59 0.27 0.34
105.53 2.83 0.32 -0.32 10.59 0.48 0.37
135.76 2.83 0.32 -0.32 10.59 0.05 0.11
164.08 2.84 0.31 -0.32 10.59 -0.13 0.17
194.97 2.83 0.31 -0.32 10.59 -0.18 0.12
225.10 2.82 0.32 -0.32 10.59 -0.08 0.16
253.97 2.82 0.32 -0.32 10.59 0.14 0.18
284.40 2.82 0.31 -0.33 10.59 -0.78 0.26
315.47 2.83 0.31 -0.32 10.59 -0.06 0.29
346.08 2.85 0.31 -0.32 10.59 -0.25 0.12
14.90 2.86 0.31 -0.50 10.59 0.03 0.10
44.88 2.84 0.31 -0.50 10.59 0.43 0.17
75.20 2.83 0.32 -0.50 10.59 0.39 0.20
105.25 2.82 0.32 -0.50 10.59 0.33 0.39
135.60 2.82 0.32 -0.49 10.59 -0.05 0.09
164.09 2.83 0.31 -0.49 10.59 -0.10 0.12
194.96 2.83 0.32 -0.49 10.59 0.05 0.16
225.39 2.81 0.32 -0.49 10.59 -0.10 0.30
254.74 2.81 0.32 -0.50 10.59 -0.26 0.43
283.99 2.83 0.32 -0.50 10.59 0.07 0.42
315.37 2.83 0.32 -0.50 10.59 -0.25 0.40
346.26 2.86 0.31 -0.50 10.59 0.03 0.09
14.91 2.85 0.31 -0.70 10.59 0.32 0.11
44.84 2.83 0.31 -0.70 10.59 0.20 0.18
75.45 2.84 0.32 -0.70 10.59 0.44 0.27
135.41 2.82 0.32 -0.70 10.59 -0.11 0.23
163.41 2.84 0.31 -0.69 10.59 0.10 0.14
195.78 2.84 0.31 -0.69 10.59 0.31 0.18
314.20 2.83 0.32 -0.70 10.59 -0.48 0.54
346.87 2.83 0.31 -0.70 10.59 -0.04 0.11
14.08 2.85 0.31 -0.90 10.59 0.10 0.15
44.57 2.84 0.32 -0.90 10.59 0.00 0.18
75.06 2.81 0.32 -0.90 10.59 0.08 0.38
104.86 2.82 0.32 -0.90 10.59 -0.27 0.22
134.21 2.84 0.31 -0.89 10.59 -0.05 0.65
162.88 2.87 0.30 -0.88 10.59 0.39 0.36
196.76 2.89 0.30 -0.87 10.59 0.32 0.30
226.90 2.83 0.31 -0.89 10.59 -0.29 0.26
254.85 2.81 0.32 -0.90 10.59 -0.40 0.31
347.92 2.83 0.31 -0.90 10.59 -0.05 0.12
74.77 3.74 0.31 -0.13 10.59 0.00 1.00
105.32 3.72 0.32 -0.13 10.59 0.39 0.23
135.18 3.71 0.32 -0.13 10.59 0.44 0.45
164.24 3.71 0.31 -0.13 10.59 0.27 0.21
226.31 3.72 0.32 -0.13 10.59 -0.78 0.41
15.55 3.76 0.30 -0.20 10.59 0.06 0.28
44.61 3.71 0.31 -0.20 10.59 0.21 0.13
74.41 3.76 0.31 -0.20 10.59 0.14 0.22
105.48 3.70 0.32 -0.20 10.59 0.34 0.18
135.26 3.71 0.32 -0.20 10.59 0.29 0.10
164.45 3.72 0.32 -0.20 10.59 0.17 0.13
194.09 3.71 0.32 -0.20 10.59 -0.48 0.32
346.15 3.77 0.31 -0.20 10.59 -0.01 0.12
15.20 3.78 0.31 -0.32 10.59 0.08 0.11
43.62 3.74 0.31 -0.32 10.59 0.33 0.12
74.52 3.73 0.31 -0.33 10.59 0.12 0.25
135.62 3.71 0.32 -0.32 10.59 -0.01 0.18
165.15 3.70 0.32 -0.32 10.59 0.02 0.11
194.19 3.70 0.32 -0.32 10.59 -0.03 0.11
225.33 3.72 0.32 -0.32 10.59 -0.40 0.16
254.50 3.71 0.32 -0.32 10.59 -0.00 0.43
285.94 3.73 0.31 -0.32 10.59 0.03 0.30
346.19 3.80 0.30 -0.32 10.59 0.06 0.12
14.62 3.81 0.30 -0.50 10.59 0.06 0.09
43.17 3.72 0.31 -0.50 10.59 0.19 0.12
75.27 3.74 0.31 -0.50 10.59 0.27 0.19
104.75 3.71 0.31 -0.50 10.59 0.41 0.21
135.72 3.71 0.32 -0.49 10.59 0.13 0.10
164.12 3.69 0.32 -0.49 10.59 0.16 0.15
194.40 3.70 0.32 -0.49 10.59 -0.14 0.11
225.07 3.71 0.32 -0.49 10.59 -0.22 0.15
254.36 3.71 0.31 -0.49 10.59 0.20 0.25
285.76 3.73 0.31 -0.50 10.59 -0.55 0.28
315.03 3.77 0.31 -0.50 10.59 -0.34 0.16
346.52 3.82 0.30 -0.50 10.59 0.02 0.12
14.42 3.81 0.30 -0.70 10.59 0.04 0.10
43.53 3.75 0.31 -0.69 10.59 0.26 0.26
75.33 3.73 0.31 -0.69 10.59 -0.04 0.49
104.33 3.70 0.31 -0.70 10.59 -0.45 0.35
136.09 3.72 0.32 -0.69 10.59 -0.22 0.21
163.50 3.69 0.32 -0.69 10.59 0.06 0.19
194.89 3.70 0.32 -0.70 10.59 -0.12 0.17
255.39 3.72 0.31 -0.70 10.59 -0.38 0.28
314.51 3.79 0.31 -0.70 10.59 -0.27 0.20
346.99 3.86 0.30 -0.70 10.59 -0.15 0.12
13.90 3.84 0.30 -0.90 10.59 0.03 0.10
75.37 3.71 0.31 -0.90 10.59 0.59 0.26
104.57 3.71 0.32 -0.90 10.59 0.26 0.24
134.84 3.71 0.32 -0.89 10.59 0.57 0.24
196.02 3.73 0.31 -0.88 10.59 -0.84 0.63
255.05 3.71 0.31 -0.89 10.59 0.34 0.34
286.21 3.73 0.31 -0.90 10.59 -0.48 0.35
314.47 3.77 0.31 -0.90 10.59 -0.20 0.66
347.27 3.86 0.30 -0.90 10.59 -0.53 0.93
75.08 4.72 0.33 -0.20 10.59 -0.23 0.85
194.27 4.71 0.33 -0.20 10.59 -0.32 0.21
285.09 4.70 0.32 -0.20 10.59 0.13 0.54
105.79 4.70 0.33 -0.32 10.59 0.27 0.52
134.79 4.69 0.33 -0.32 10.59 -0.08 0.41
165.01 4.70 0.33 -0.32 10.59 -0.20 0.32
285.50 4.70 0.32 -0.32 10.59 -0.08 0.24
13.48 4.72 0.31 -0.51 10.59 0.13 0.20
75.11 4.68 0.32 -0.49 10.59 0.29 0.72
134.68 4.67 0.33 -0.49 10.59 -0.34 0.46
164.29 4.72 0.33 -0.49 10.59 0.19 0.18
194.99 4.72 0.33 -0.49 10.59 0.19 0.22
224.22 4.69 0.33 -0.49 10.59 -0.16 0.25
254.24 4.71 0.33 -0.49 10.59 0.24 0.35
286.66 4.69 0.32 -0.50 10.59 -0.03 0.33
346.46 4.72 0.31 -0.51 10.59 -0.06 0.23
13.28 4.72 0.31 -0.70 10.59 -0.15 0.13
41.76 4.65 0.32 -0.70 10.59 0.55 0.31
103.46 4.66 0.33 -0.70 10.59 -0.16 0.54
225.60 4.72 0.33 -0.70 10.59 -0.32 0.44
286.61 4.69 0.32 -0.70 10.59 -0.32 0.85
317.24 4.69 0.32 -0.70 10.59 -0.28 0.28
346.17 4.73 0.31 -0.70 10.59 0.04 0.13
13.71 4.74 0.32 -0.90 10.59 -0.01 0.11
75.31 4.67 0.32 -0.90 10.59 -0.86 0.84
163.81 4.66 0.33 -0.89 10.59 0.18 0.52
285.74 4.69 0.32 -0.90 10.59 -0.81 0.50
317.97 4.70 0.32 -0.90 10.59 -0.62 0.29
346.11 4.73 0.32 -0.90 10.59 -0.30 0.20
132.18 2.27 0.39 -0.13 10.59 0.45 0.71
226.37 2.28 0.39 -0.13 10.59 -0.21 0.74
14.91 2.26 0.39 -0.20 10.59 -0.08 0.86
105.85 2.25 0.39 -0.20 10.59 0.17 0.15
226.18 2.28 0.39 -0.20 10.59 -0.05 0.20
254.36 2.25 0.40 -0.20 10.59 0.27 0.32
315.49 2.23 0.39 -0.20 10.59 0.97 0.75
345.84 2.23 0.39 -0.20 10.59 -0.42 0.63
14.93 2.24 0.39 -0.33 10.59 0.03 0.28
75.67 2.24 0.39 -0.32 10.59 0.02 0.27
106.11 2.25 0.39 -0.32 10.59 0.47 0.31
132.18 2.28 0.39 -0.32 10.59 0.00 0.57
162.54 2.31 0.38 -0.32 10.59 0.01 0.50
226.90 2.29 0.39 -0.32 10.59 0.07 0.17
253.98 2.25 0.40 -0.32 10.59 -0.55 0.53
315.43 2.24 0.39 -0.32 10.59 -0.06 0.46
14.16 2.24 0.39 -0.50 10.59 0.81 0.41
45.48 2.24 0.39 -0.50 10.59 -0.11 0.41
105.96 2.27 0.39 -0.49 10.59 0.00 0.18
131.75 2.29 0.39 -0.48 10.59 0.03 0.14
227.55 2.29 0.39 -0.48 10.59 0.27 0.23
284.69 2.25 0.39 -0.50 10.59 0.00 0.53
315.48 2.23 0.39 -0.50 10.59 -0.58 0.39
345.19 2.24 0.39 -0.50 10.59 -0.24 0.30
14.42 2.25 0.39 -0.70 10.59 0.05 0.48
45.68 2.25 0.39 -0.70 10.59 0.24 0.52
74.12 2.25 0.39 -0.70 10.59 0.35 0.96
105.96 2.28 0.39 -0.69 10.59 0.25 0.50
129.05 2.34 0.38 -0.69 10.59 -0.10 0.56
285.19 2.26 0.39 -0.70 10.59 0.11 0.92
315.30 2.25 0.39 -0.70 10.59 0.00 1.00
345.59 2.24 0.39 -0.70 10.59 0.44 0.25
14.36 2.25 0.39 -0.90 10.59 0.12 0.32
45.32 2.25 0.39 -0.90 10.59 -0.28 0.51
105.21 2.30 0.39 -0.89 10.59 0.40 0.45
254.68 2.31 0.39 -0.89 10.59 -0.49 0.92
285.61 2.26 0.39 -0.89 10.59 -0.47 0.60
314.63 2.26 0.39 -0.90 10.59 0.07 0.72
346.35 2.25 0.39 -0.90 10.59 0.01 0.57
77.11 2.89 0.40 -0.13 10.59 0.13 0.42
105.41 2.86 0.40 -0.13 10.59 0.43 0.47
163.21 2.90 0.40 -0.13 10.59 -0.16 0.60
195.53 2.90 0.40 -0.13 10.59 0.00 0.50
254.65 2.84 0.40 -0.13 10.59 -0.10 0.27
346.41 2.89 0.40 -0.13 10.59 -0.32 0.44
14.73 2.88 0.40 -0.20 10.59 0.22 0.22
45.53 2.87 0.40 -0.20 10.59 0.09 0.70
76.87 2.89 0.40 -0.20 10.59 0.11 0.19
105.54 2.87 0.40 -0.20 10.59 -0.23 0.15
134.26 2.87 0.40 -0.20 10.59 0.06 0.12
195.83 2.90 0.40 -0.20 10.59 0.17 0.23
225.48 2.86 0.40 -0.20 10.59 -0.05 0.13
254.21 2.87 0.40 -0.20 10.59 0.32 0.23
282.62 2.89 0.40 -0.20 10.59 0.29 0.88
315.97 2.86 0.40 -0.20 10.59 0.09 0.26
14.38 2.88 0.40 -0.32 10.59 -0.07 0.18
45.20 2.87 0.40 -0.32 10.59 0.37 0.19
76.01 2.87 0.40 -0.33 10.59 0.02 0.20
105.55 2.88 0.40 -0.32 10.59 0.32 0.20
133.76 2.87 0.40 -0.32 10.59 0.06 0.10
163.69 2.91 0.39 -0.32 10.59 0.12 0.25
195.76 2.91 0.39 -0.32 10.59 0.13 0.14
225.86 2.86 0.40 -0.32 10.59 -0.16 0.11
253.64 2.87 0.40 -0.32 10.59 -0.23 0.32
283.45 2.87 0.40 -0.32 10.59 -0.17 0.49
345.87 2.87 0.40 -0.32 10.59 0.07 0.19
14.50 2.88 0.40 -0.50 10.59 -0.18 0.23
45.43 2.87 0.40 -0.50 10.59 0.04 0.18
75.46 2.87 0.40 -0.50 10.59 -0.41 0.34
106.00 2.87 0.40 -0.50 10.59 0.10 0.13
133.21 2.88 0.40 -0.49 10.59 -0.06 0.14
162.94 2.92 0.39 -0.48 10.59 -0.24 0.16
196.51 2.92 0.39 -0.49 10.59 0.01 0.14
226.51 2.87 0.40 -0.49 10.59 -0.84 0.99
253.88 2.88 0.40 -0.50 10.59 -0.19 0.45
284.07 2.87 0.40 -0.50 10.59 -0.26 0.73
345.68 2.87 0.40 -0.50 10.59 0.10 0.52
14.88 2.87 0.40 -0.70 10.59 0.13 0.29
45.02 2.88 0.40 -0.70 10.59 0.27 0.42
74.85 2.86 0.40 -0.70 10.59 0.46 0.49
106.10 2.88 0.40 -0.70 10.59 -0.05 0.16
132.08 2.88 0.40 -0.69 10.59 -0.05 0.12
161.13 2.95 0.38 -0.67 10.59 -0.33 0.34
228.09 2.88 0.40 -0.69 10.59 -0.14 0.17
285.14 2.87 0.40 -0.70 10.59 0.24 0.37
314.88 2.86 0.40 -0.70 10.59 0.38 0.38
345.99 2.87 0.40 -0.70 10.59 -0.11 0.28
14.68 2.87 0.40 -0.90 10.59 0.09 0.30
45.63 2.88 0.40 -0.90 10.59 0.06 0.24
74.23 2.86 0.40 -0.90 10.59 0.70 0.80
105.91 2.89 0.40 -0.89 10.59 -0.07 0.23
128.68 2.90 0.39 -0.87 10.59 0.23 0.23
231.75 2.90 0.39 -0.87 10.59 -0.15 0.66
254.31 2.88 0.40 -0.89 10.59 0.04 0.17
284.81 2.87 0.40 -0.90 10.59 0.21 0.22
345.95 2.87 0.40 -0.90 10.59 -0.09 0.24
76.32 3.75 0.40 -0.13 10.59 0.03 0.26
105.62 3.73 0.40 -0.13 10.59 0.39 0.93
163.47 3.71 0.40 -0.13 10.59 -0.01 0.68
283.24 3.71 0.41 -0.13 10.59 -0.21 0.33
345.63 3.73 0.40 -0.13 10.59 0.64 0.58
45.22 3.75 0.40 -0.20 10.59 0.21 0.21
76.69 3.74 0.41 -0.20 10.59 0.57 0.21
104.83 3.72 0.40 -0.20 10.59 0.15 0.12
134.77 3.73 0.40 -0.20 10.59 0.07 0.21
164.21 3.73 0.40 -0.20 10.59 -0.21 0.16
195.59 3.72 0.40 -0.20 10.59 0.01 0.13
225.22 3.71 0.40 -0.20 10.59 -0.06 0.13
254.50 3.72 0.40 -0.20 10.59 0.16 0.35
283.87 3.74 0.41 -0.20 10.59 -0.43 0.21
345.45 3.73 0.40 -0.20 10.59 0.31 0.28
15.29 3.73 0.40 -0.33 10.59 0.26 0.19
44.51 3.73 0.40 -0.32 10.59 -0.08 0.87
76.48 3.74 0.41 -0.32 10.59 0.36 0.24
105.24 3.71 0.40 -0.32 10.59 0.04 0.13
134.68 3.72 0.40 -0.32 10.59 0.02 0.19
163.52 3.72 0.40 -0.32 10.59 0.07 0.14
194.98 3.73 0.40 -0.32 10.59 0.11 0.19
225.35 3.71 0.40 -0.32 10.59 -0.81 0.67
283.63 3.73 0.41 -0.33 10.59 -0.14 0.19
315.47 3.73 0.40 -0.32 10.59 -1.00 0.84
345.57 3.74 0.40 -0.33 10.59 0.04 0.47
14.98 3.74 0.40 -0.50 10.59 -0.16 0.17
44.45 3.74 0.40 -0.50 10.59 -0.15 0.27
105.47 3.71 0.40 -0.49 10.59 0.08 0.11
134.42 3.72 0.40 -0.49 10.59 0.23 0.24
163.59 3.74 0.40 -0.49 10.59 0.13 0.18
194.98 3.74 0.40 -0.49 10.59 -0.02 0.26
225.93 3.72 0.40 -0.49 10.59 0.01 0.76
254.48 3.71 0.40 -0.50 10.59 -0.19 0.25
314.93 3.73 0.40 -0.50 10.59 0.64 0.46
346.26 3.74 0.40 -0.50 10.59 -0.09 0.17
14.86 3.76 0.40 -0.70 10.59 0.02 0.18
44.86 3.73 0.40 -0.70 10.59 0.14 0.29
134.02 3.71 0.40 -0.70 10.59 0.27 0.26
162.84 3.76 0.39 -0.68 10.59 -0.35 0.31
197.16 3.76 0.39 -0.68 10.59 -0.07 0.37
226.75 3.73 0.40 -0.69 10.59 -0.16 0.46
254.29 3.72 0.41 -0.70 10.59 -0.10 0.17
284.24 3.71 0.40 -0.70 10.59 0.62 0.46
314.61 3.71 0.40 -0.70 10.59 -0.53 0.33
346.19 3.74 0.40 -0.70 10.59 -0.47 0.22
14.44 3.75 0.40 -0.90 10.59 -0.11 0.22
44.69 3.73 0.40 -0.90 10.59 0.93 0.97
74.67 3.69 0.40 -0.89 10.59 -0.25 0.22
254.17 3.71 0.41 -0.89 10.59 -0.66 0.30
284.64 3.71 0.40 -0.90 10.59 -0.03 0.48
314.51 3.72 0.40 -0.90 10.59 -0.50 0.72
346.14 3.74 0.40 -0.90 10.59 0.02 0.20
15.01 4.97 0.40 -0.13 10.59 0.51 0.42
74.83 4.93 0.40 -0.13 10.59 0.17 0.18
104.49 4.89 0.40 -0.13 10.59 0.40 0.27
134.82 4.85 0.40 -0.13 10.59 -0.62 0.55
194.28 4.91 0.40 -0.13 10.59 -0.17 0.62
14.88 4.94 0.40 -0.20 10.59 0.15 0.18
134.01 4.88 0.40 -0.20 10.59 0.20 0.15
164.13 4.90 0.40 -0.20 10.59 0.05 0.26
194.48 4.88 0.40 -0.20 10.59 -0.28 0.26
225.37 4.86 0.40 -0.20 10.59 -0.03 0.37
254.88 4.90 0.40 -0.20 10.59 -0.10 0.22
283.77 4.90 0.40 -0.20 10.59 -0.17 0.21
76.09 4.98 0.41 -0.32 10.59 0.21 0.14
104.93 4.90 0.40 -0.32 10.59 0.24 0.11
134.51 4.87 0.40 -0.33 10.59 0.26 0.14
164.74 4.91 0.40 -0.32 10.59 0.30 0.26
226.09 4.88 0.40 -0.32 10.59 -0.29 0.16
255.18 4.90 0.40 -0.32 10.59 -0.17 0.18
347.11 4.90 0.40 -0.32 10.59 0.21 0.23
15.14 4.92 0.40 -0.50 10.59 0.12 0.15
44.63 4.90 0.40 -0.50 10.59 0.19 0.16
105.16 4.88 0.41 -0.49 10.59 0.31 0.11
134.99 4.87 0.40 -0.49 10.59 0.12 0.15
163.61 4.92 0.40 -0.49 10.59 -0.40 0.68
195.68 4.95 0.40 -0.49 10.59 -0.22 0.21
225.95 4.89 0.40 -0.49 10.59 -0.75 0.44
254.77 4.88 0.40 -0.49 10.59 0.14 0.29
283.84 4.92 0.41 -0.49 10.59 -0.47 0.34
315.52 4.89 0.40 -0.50 10.59 -0.03 0.24
347.08 4.94 0.40 -0.50 10.59 0.08 0.60
14.62 4.93 0.40 -0.70 10.59 0.14 0.23
43.70 4.86 0.40 -0.70 10.59 0.17 0.28
75.89 4.88 0.41 -0.70 10.59 0.45 0.42
134.56 4.84 0.40 -0.70 10.59 0.34 0.30
163.38 4.85 0.40 -0.69 10.59 0.30 0.27
195.76 4.89 0.40 -0.69 10.59 -0.09 0.23
314.75 4.91 0.40 -0.70 10.59 -0.93 0.97
347.17 4.98 0.39 -0.70 10.59 -0.18 0.16
14.14 4.99 0.40 -0.90 10.59 0.14 0.23
43.09 4.87 0.40 -0.90 10.59 0.55 0.44
76.14 4.90 0.41 -0.89 10.59 0.16 0.29
132.64 4.96 0.40 -0.88 10.59 -0.07 0.23
254.74 2.94 0.49 -0.13 10.59 -0.20 0.65
105.93 2.94 0.49 -0.20 10.59 0.24 0.19
134.00 2.95 0.49 -0.20 10.59 -0.17 0.29
225.98 2.95 0.49 -0.20 10.59 -0.26 0.25
76.04 2.96 0.49 -0.32 10.59 -0.39 0.43
105.57 2.95 0.49 -0.32 10.59 -0.07 0.20
226.27 2.95 0.49 -0.32 10.59 0.22 0.95
254.48 2.94 0.49 -0.32 10.59 -0.01 0.23
283.29 2.94 0.49 -0.32 10.59 -0.40 0.39
345.00 2.93 0.49 -0.32 10.59 0.52 0.30
75.73 2.96 0.49 -0.50 10.59 -0.15 0.27
283.46 2.96 0.49 -0.50 10.59 -0.50 0.48
345.73 2.92 0.49 -0.50 10.59 0.25 0.46
14.65 2.93 0.49 -0.70 10.59 0.75 0.82
75.92 2.97 0.49 -0.70 10.59 -0.39 0.73
283.50 2.98 0.49 -0.70 10.59 0.79 0.39
256.26 2.99 0.49 -0.89 10.59 0.01 0.72
254.33 3.72 0.51 -0.13 10.59 0.07 0.63
284.45 3.73 0.50 -0.13 10.59 -0.63 0.59
45.79 3.75 0.51 -0.20 10.59 -0.17 0.49
75.74 3.74 0.50 -0.20 10.59 -0.12 0.16
106.10 3.72 0.50 -0.20 10.59 0.52 0.78
134.60 3.73 0.51 -0.20 10.59 -0.33 0.24
224.69 3.73 0.51 -0.20 10.59 0.17 0.28
254.23 3.73 0.51 -0.20 10.59 -0.31 0.20
284.14 3.73 0.50 -0.20 10.59 0.06 0.28
314.01 3.75 0.51 -0.20 10.59 -0.08 0.25
15.00 3.76 0.51 -0.32 10.59 -0.14 0.46
75.64 3.74 0.51 -0.33 10.59 0.45 0.20
106.01 3.74 0.50 -0.32 10.59 0.27 0.12
134.05 3.74 0.51 -0.32 10.59 0.75 0.72
163.08 3.76 0.51 -0.32 10.59 0.08 0.45
196.73 3.76 0.51 -0.32 10.59 -0.17 0.28
225.47 3.72 0.51 -0.32 10.59 -0.07 0.16
254.40 3.73 0.51 -0.32 10.59 -0.29 0.21
284.22 3.73 0.50 -0.32 10.59 -0.12 0.43
314.58 3.74 0.51 -0.33 10.59 -0.28 0.39
14.96 3.74 0.51 -0.50 10.59 -0.12 0.24
45.59 3.75 0.52 -0.50 10.59 0.50 0.34
75.22 3.74 0.51 -0.50 10.59 0.22 0.23
105.70 3.75 0.51 -0.50 10.59 0.31 0.26
133.27 3.75 0.51 -0.50 10.59 0.01 0.21
162.69 3.80 0.51 -0.49 10.59 0.11 0.27
196.99 3.78 0.50 -0.49 10.59 -0.01 0.44
226.19 3.75 0.51 -0.50 10.59 0.34 0.28
254.82 3.73 0.51 -0.50 10.59 -0.23 0.39
284.18 3.73 0.51 -0.50 10.59 0.03 0.31
314.15 3.75 0.51 -0.50 10.59 -0.21 0.42
345.67 3.75 0.51 -0.50 10.59 -0.21 0.22
45.49 3.75 0.51 -0.70 10.59 0.48 0.54
75.71 3.75 0.52 -0.70 10.59 -0.07 0.18
105.64 3.74 0.51 -0.70 10.59 0.29 0.31
131.45 3.76 0.50 -0.68 10.59 -0.34 0.33
228.52 3.75 0.50 -0.69 10.59 0.17 0.41
254.67 3.74 0.51 -0.69 10.59 0.12 0.19
284.26 3.74 0.51 -0.70 10.59 -0.43 0.21
314.46 3.75 0.51 -0.70 10.59 0.03 0.42
345.73 3.74 0.50 -0.70 10.59 0.54 0.33
15.05 3.75 0.51 -0.90 10.59 0.02 0.42
45.51 3.75 0.51 -0.90 10.59 0.08 0.31
75.70 3.75 0.51 -0.89 10.59 0.09 0.27
103.80 3.75 0.50 -0.89 10.59 0.07 0.29
256.36 3.75 0.50 -0.89 10.59 -0.21 0.33
283.74 3.75 0.51 -0.90 10.59 0.79 0.67
345.30 3.72 0.51 -0.90 10.59 0.72 0.84
14.85 4.92 0.50 -0.13 10.59 0.42 0.48
75.91 4.88 0.51 -0.13 10.59 -0.07 0.24
104.67 4.85 0.50 -0.13 10.59 0.37 0.30
135.10 4.85 0.51 -0.13 10.59 0.31 0.76
162.51 4.84 0.51 -0.13 10.59 0.39 0.61
255.63 4.83 0.51 -0.13 10.59 -0.57 0.33
313.72 4.93 0.50 -0.13 10.59 -0.46 0.33
345.48 4.91 0.50 -0.13 10.59 -0.20 0.49
14.98 4.90 0.50 -0.20 10.59 0.09 0.18
45.14 4.90 0.50 -0.20 10.59 -0.25 0.22
105.10 4.91 0.51 -0.20 10.59 0.11 0.13
134.33 4.87 0.51 -0.20 10.59 0.01 0.22
163.39 4.82 0.51 -0.20 10.59 0.17 0.29
225.56 4.84 0.51 -0.20 10.59 -0.34 0.51
254.66 4.84 0.51 -0.20 10.59 -0.02 0.15
284.40 4.85 0.51 -0.20 10.59 -0.26 0.20
315.07 4.90 0.50 -0.20 10.59 -0.55 0.28
345.82 4.92 0.51 -0.20 10.59 0.18 0.25
15.61 4.92 0.51 -0.32 10.59 0.04 0.14
44.78 4.91 0.51 -0.32 10.59 -0.22 0.50
75.29 4.90 0.51 -0.32 10.59 -0.11 0.15
104.97 4.86 0.51 -0.32 10.59 0.19 0.31
134.21 4.84 0.51 -0.32 10.59 0.22 0.18
163.42 4.83 0.51 -0.32 10.59 0.23 0.21
195.74 4.85 0.51 -0.32 10.59 0.30 0.31
225.78 4.83 0.51 -0.32 10.59 0.13 0.19
254.67 4.85 0.51 -0.33 10.59 -0.34 0.28
284.71 4.88 0.51 -0.33 10.59 -0.22 0.17
314.38 4.86 0.51 -0.32 10.59 -0.23 0.34
45.29 4.92 0.52 -0.50 10.59 0.90 0.66
75.40 4.85 0.51 -0.50 10.59 0.01 0.21
105.52 4.87 0.51 -0.50 10.59 0.07 0.18
134.03 4.84 0.52 -0.50 10.59 -0.31 0.47
226.05 4.84 0.51 -0.50 10.59 -0.37 0.32
254.54 4.86 0.51 -0.50 10.59 -0.18 0.30
283.99 4.86 0.51 -0.50 10.59 -0.09 0.16
345.79 4.90 0.51 -0.50 10.59 -0.01 0.55
15.01 4.90 0.52 -0.69 10.59 -0.04 0.47
75.23 4.87 0.52 -0.70 10.59 0.20 0.58
131.62 4.82 0.51 -0.68 10.59 0.34 0.54
228.97 4.85 0.51 -0.68 10.59 0.21 0.60
254.94 4.84 0.52 -0.70 10.59 -0.40 0.18
284.92 4.86 0.52 -0.70 10.59 -0.30 0.29
313.65 4.89 0.52 -0.70 10.59 -0.75 0.79
345.04 4.89 0.52 -0.70 10.59 -0.14 0.23
14.84 4.88 0.51 -0.90 10.59 -0.01 0.24
45.84 4.91 0.52 -0.90 10.59 -0.21 0.41
75.08 4.87 0.52 -0.90 10.59 0.07 0.20
102.98 4.87 0.51 -0.88 10.59 -0.15 0.23
284.30 4.87 0.52 -0.90 10.59 -0.15 0.16
163.56 1.07 0.08 -0.13 10.60 0.23 0.31
137.31 1.09 0.08 -0.20 10.60 0.07 0.11
163.73 1.08 0.08 -0.20 10.60 -0.09 0.11
195.08 1.08 0.08 -0.20 10.60 -0.01 0.14
222.43 1.08 0.08 -0.21 10.60 -0.26 0.20
105.74 1.09 0.08 -0.33 10.60 0.10 0.13
136.56 1.08 0.08 -0.33 10.60 0.10 0.08
163.52 1.08 0.08 -0.33 10.60 0.06 0.08
194.66 1.09 0.08 -0.33 10.60 -0.02 0.09
222.63 1.08 0.08 -0.33 10.60 -0.28 0.14
256.90 1.09 0.08 -0.33 10.60 0.05 0.17
43.31 1.09 0.08 -0.50 10.60 0.33 0.12
106.33 1.08 0.08 -0.50 10.60 0.13 0.13
136.45 1.08 0.08 -0.50 10.60 0.17 0.07
163.46 1.08 0.08 -0.50 10.60 -0.02 0.06
194.62 1.08 0.08 -0.50 10.60 0.05 0.10
224.27 1.08 0.08 -0.50 10.60 -0.31 0.14
254.90 1.09 0.08 -0.50 10.60 0.14 0.12
286.74 1.09 0.08 -0.49 10.60 -0.14 0.12
316.36 1.09 0.08 -0.49 10.60 -0.04 0.12
44.15 1.09 0.08 -0.70 10.60 -0.26 0.17
107.57 1.08 0.08 -0.70 10.60 0.46 0.13
136.12 1.08 0.08 -0.70 10.60 -0.03 0.08
163.80 1.08 0.08 -0.70 10.60 0.08 0.07
193.86 1.08 0.08 -0.70 10.60 -0.09 0.12
225.85 1.09 0.08 -0.69 10.60 -0.29 0.15
254.86 1.08 0.08 -0.71 10.60 -0.34 0.10
285.32 1.09 0.08 -0.70 10.60 -0.40 0.14
316.79 1.09 0.08 -0.70 10.60 -0.07 0.16
106.50 1.08 0.08 -0.89 10.60 0.13 0.18
136.79 1.08 0.08 -0.89 10.60 -0.12 0.10
163.64 1.08 0.08 -0.90 10.60 0.00 0.10
193.78 1.08 0.08 -0.89 10.60 0.01 0.16
226.45 1.07 0.08 -0.89 10.60 -0.10 0.18
256.00 1.09 0.08 -0.90 10.60 -0.32 0.09
283.92 1.09 0.08 -0.90 10.60 -0.24 0.13
73.88 1.30 0.08 -0.33 10.60 0.21 0.09
136.33 1.28 0.09 -0.33 10.60 0.07 0.14
162.78 1.28 0.09 -0.33 10.60 -0.13 0.14
104.73 1.29 0.08 -0.49 10.60 0.16 0.22
136.72 1.28 0.09 -0.49 10.60 0.05 0.12
163.60 1.28 0.08 -0.50 10.60 -0.08 0.12
193.90 1.27 0.08 -0.51 10.60 -0.47 0.17
256.25 1.28 0.08 -0.50 10.60 0.13 0.30
286.34 1.30 0.08 -0.49 10.60 -0.33 0.11
71.97 1.30 0.08 -0.70 10.60 0.23 0.15
107.69 1.28 0.09 -0.69 10.60 0.19 0.31
134.62 1.29 0.09 -0.70 10.60 -0.08 0.13
164.52 1.28 0.08 -0.70 10.60 -0.04 0.13
192.13 1.27 0.09 -0.70 10.60 0.49 0.20
228.25 1.28 0.08 -0.70 10.60 -0.18 0.23
253.27 1.27 0.09 -0.71 10.60 -0.18 0.18
286.99 1.30 0.08 -0.69 10.60 -0.27 0.14
109.21 1.28 0.08 -0.89 10.60 -0.13 0.32
136.32 1.28 0.08 -0.89 10.60 -0.01 0.17
163.54 1.27 0.08 -0.89 10.60 -0.03 0.16
197.07 1.27 0.08 -0.89 10.60 0.55 0.25
228.79 1.29 0.08 -0.90 10.60 0.26 0.28
254.47 1.28 0.09 -0.90 10.60 -0.48 0.15
289.01 1.30 0.08 -0.90 10.60 -0.22 0.14
313.38 1.28 0.08 -0.90 10.60 -0.13 0.18
106.20 1.09 0.11 -0.13 10.60 0.37 0.20
137.95 1.09 0.10 -0.13 10.60 0.13 0.15
164.09 1.09 0.10 -0.13 10.60 -0.15 0.13
195.28 1.09 0.11 -0.13 10.60 -0.23 0.14
222.74 1.09 0.11 -0.13 10.60 0.09 0.19
254.14 1.09 0.11 -0.13 10.60 -0.66 0.33
77.89 1.09 0.11 -0.21 10.60 0.07 0.17
106.83 1.09 0.11 -0.20 10.60 0.17 0.11
136.76 1.09 0.10 -0.20 10.60 0.08 0.09
163.84 1.09 0.10 -0.20 10.60 -0.00 0.09
194.57 1.09 0.10 -0.20 10.60 0.00 0.10
222.96 1.09 0.11 -0.20 10.60 -0.37 0.11
253.47 1.09 0.11 -0.20 10.60 -0.23 0.19
16.12 1.10 0.10 -0.33 10.60 -0.11 0.10
40.80 1.10 0.10 -0.33 10.60 0.35 0.13
77.51 1.10 0.11 -0.32 10.60 0.28 0.10
105.47 1.09 0.10 -0.32 10.60 0.26 0.09
136.45 1.09 0.10 -0.32 10.60 0.02 0.08
164.00 1.09 0.10 -0.32 10.60 -0.19 0.07
194.88 1.09 0.10 -0.32 10.60 -0.11 0.11
224.58 1.09 0.10 -0.32 10.60 -0.47 0.10
253.81 1.09 0.11 -0.33 10.60 0.06 0.16
284.08 1.09 0.11 -0.33 10.60 -0.07 0.17
322.01 1.12 0.10 -0.32 10.60 -0.24 0.16
15.98 1.10 0.10 -0.50 10.60 0.04 0.12
39.49 1.11 0.10 -0.50 10.60 0.16 0.19
77.68 1.10 0.11 -0.49 10.60 0.43 0.11
105.72 1.09 0.10 -0.50 10.60 0.06 0.09
135.90 1.09 0.10 -0.50 10.60 0.05 0.08
163.79 1.09 0.10 -0.50 10.60 0.02 0.07
194.92 1.09 0.10 -0.50 10.60 -0.22 0.09
224.99 1.09 0.10 -0.50 10.60 -0.10 0.10
255.62 1.09 0.11 -0.50 10.60 -0.42 0.11
282.86 1.09 0.11 -0.51 10.60 -0.27 0.11
320.33 1.11 0.10 -0.50 10.60 -0.47 0.13
343.58 1.10 0.10 -0.50 10.60 -0.13 0.11
17.08 1.09 0.10 -0.70 10.60 0.04 0.17
39.38 1.11 0.10 -0.70 10.60 -0.09 0.23
77.16 1.09 0.11 -0.70 10.60 0.31 0.17
105.13 1.09 0.10 -0.70 10.60 0.22 0.13
135.66 1.09 0.10 -0.69 10.60 -0.00 0.09
164.01 1.09 0.10 -0.70 10.60 0.01 0.08
194.51 1.09 0.10 -0.69 10.60 -0.08 0.13
225.63 1.09 0.10 -0.70 10.60 -0.18 0.14
255.99 1.09 0.10 -0.70 10.60 -0.07 0.10
282.64 1.09 0.11 -0.71 10.60 -0.13 0.09
318.19 1.11 0.10 -0.70 10.60 -0.14 0.16
342.90 1.10 0.10 -0.70 10.60 -0.26 0.15
41.36 1.11 0.10 -0.91 10.60 -0.13 0.17
75.41 1.09 0.11 -0.90 10.60 0.28 0.15
104.69 1.09 0.11 -0.90 10.60 -0.29 0.15
135.95 1.09 0.10 -0.89 10.60 -0.29 0.13
164.00 1.09 0.10 -0.89 10.60 -0.04 0.11
194.77 1.09 0.10 -0.90 10.60 0.21 0.17
225.40 1.09 0.10 -0.90 10.60 -0.14 0.20
256.43 1.09 0.10 -0.90 10.60 -0.01 0.11
283.61 1.09 0.10 -0.90 10.60 -0.17 0.08
317.35 1.10 0.10 -0.90 10.60 -0.27 0.14
106.26 1.31 0.11 -0.13 10.60 0.55 0.19
136.25 1.32 0.11 -0.13 10.60 0.10 0.13
163.53 1.33 0.11 -0.13 10.60 -0.08 0.17
193.44 1.31 0.11 -0.13 10.60 -0.17 0.18
223.37 1.31 0.11 -0.13 10.60 0.04 0.24
252.51 1.32 0.11 -0.13 10.60 -0.48 0.35
74.90 1.34 0.10 -0.21 10.60 0.24 0.14
107.41 1.31 0.11 -0.20 10.60 0.17 0.13
135.77 1.33 0.10 -0.20 10.60 0.02 0.09
163.57 1.32 0.10 -0.20 10.60 0.13 0.09
194.85 1.31 0.11 -0.20 10.60 -0.04 0.12
223.66 1.31 0.11 -0.20 10.60 -0.05 0.12
253.43 1.32 0.11 -0.20 10.60 -0.24 0.17
286.95 1.37 0.10 -0.21 10.60 -0.07 0.17
16.50 1.33 0.11 -0.33 10.60 0.08 0.05
42.16 1.35 0.10 -0.33 10.60 0.22 0.06
73.74 1.35 0.10 -0.33 10.60 0.26 0.07
105.51 1.32 0.11 -0.33 10.60 0.33 0.09
135.99 1.32 0.10 -0.32 10.60 0.24 0.07
163.41 1.32 0.10 -0.32 10.60 0.00 0.07
194.83 1.31 0.10 -0.32 10.60 0.00 0.10
224.83 1.31 0.11 -0.32 10.60 -0.14 0.11
254.37 1.31 0.11 -0.33 10.60 -0.21 0.13
287.38 1.37 0.10 -0.33 10.60 -0.38 0.09
317.44 1.36 0.10 -0.33 10.60 -0.11 0.06
343.39 1.33 0.11 -0.33 10.60 -0.08 0.06
17.02 1.33 0.11 -0.50 10.60 -0.01 0.07
42.21 1.36 0.10 -0.50 10.60 0.20 0.07
74.35 1.35 0.10 -0.49 10.60 0.12 0.09
105.18 1.31 0.11 -0.49 10.60 0.34 0.09
136.14 1.33 0.10 -0.50 10.60 0.05 0.07
163.55 1.33 0.10 -0.50 10.60 0.03 0.07
194.49 1.31 0.11 -0.50 10.60 -0.03 0.10
224.99 1.31 0.11 -0.50 10.60 -0.32 0.11
254.81 1.32 0.11 -0.51 10.60 -0.28 0.09
286.45 1.35 0.10 -0.50 10.60 -0.15 0.08
317.26 1.36 0.10 -0.49 10.60 -0.26 0.06
342.96 1.33 0.11 -0.49 10.60 -0.01 0.07
41.85 1.35 0.10 -0.70 10.60 -0.02 0.09
73.93 1.34 0.10 -0.70 10.60 0.32 0.14
105.17 1.31 0.11 -0.69 10.60 0.23 0.12
136.22 1.32 0.10 -0.69 10.60 0.10 0.09
164.01 1.32 0.10 -0.70 10.60 -0.04 0.08
194.86 1.31 0.10 -0.70 10.60 -0.08 0.13
225.99 1.31 0.11 -0.70 10.60 -0.05 0.15
255.72 1.32 0.10 -0.70 10.60 -0.15 0.09
284.50 1.33 0.10 -0.71 10.60 -0.38 0.08
317.77 1.35 0.10 -0.70 10.60 -0.27 0.08
342.13 1.32 0.11 -0.70 10.60 -0.17 0.11
18.60 1.32 0.11 -0.90 10.60 0.07 0.16
42.26 1.35 0.10 -0.91 10.60 0.11 0.08
72.87 1.34 0.10 -0.90 10.60 0.26 0.15
105.21 1.31 0.11 -0.90 10.60 -0.28 0.21
137.21 1.33 0.10 -0.89 10.60 0.09 0.11
163.50 1.33 0.10 -0.90 10.60 -0.21 0.11
193.06 1.31 0.10 -0.89 10.60 -0.13 0.16
225.78 1.31 0.11 -0.90 10.60 0.02 0.18
256.87 1.32 0.10 -0.90 10.60 -0.31 0.09
284.91 1.33 0.10 -0.90 10.60 -0.35 0.08
317.10 1.35 0.10 -0.90 10.60 -0.21 0.07
340.95 1.32 0.11 -0.90 10.60 -0.34 0.14
72.28 1.64 0.11 -0.21 10.60 0.15 0.10
105.89 1.58 0.11 -0.20 10.60 0.48 0.16
136.22 1.60 0.11 -0.20 10.60 0.20 0.09
163.31 1.60 0.11 -0.20 10.60 0.08 0.10
193.09 1.59 0.11 -0.20 10.60 -0.17 0.15
223.44 1.60 0.11 -0.20 10.60 -0.14 0.23
287.54 1.65 0.11 -0.21 10.60 -0.18 0.10
17.72 1.61 0.11 -0.32 10.60 0.04 0.05
43.93 1.63 0.11 -0.33 10.60 0.13 0.04
71.54 1.63 0.11 -0.33 10.60 0.10 0.06
107.60 1.59 0.11 -0.32 10.60 0.00 0.14
135.70 1.60 0.11 -0.32 10.60 0.08 0.07
163.22 1.60 0.11 -0.32 10.60 0.07 0.08
193.41 1.59 0.11 -0.32 10.60 -0.02 0.14
225.85 1.59 0.11 -0.33 10.60 -0.08 0.18
254.70 1.58 0.11 -0.33 10.60 -0.36 0.14
289.26 1.63 0.11 -0.33 10.60 -0.20 0.05
315.25 1.62 0.11 -0.33 10.60 -0.18 0.03
342.42 1.60 0.11 -0.32 10.60 -0.06 0.05
18.61 1.60 0.11 -0.49 10.60 0.11 0.12
44.43 1.63 0.11 -0.50 10.60 0.17 0.03
70.25 1.63 0.11 -0.49 10.60 0.24 0.04
107.31 1.59 0.11 -0.50 10.60 0.30 0.12
136.23 1.60 0.11 -0.49 10.60 0.14 0.07
163.77 1.59 0.11 -0.50 10.60 0.05 0.08
193.81 1.59 0.11 -0.49 10.60 -0.03 0.14
227.73 1.60 0.11 -0.50 10.60 -0.29 0.15
255.22 1.61 0.11 -0.51 10.60 -0.36 0.11
289.90 1.63 0.11 -0.49 10.60 -0.26 0.05
315.36 1.63 0.11 -0.50 10.60 -0.23 0.03
341.73 1.60 0.11 -0.49 10.60 -0.18 0.07
19.50 1.59 0.11 -0.69 10.60 0.01 0.13
44.65 1.63 0.11 -0.70 10.60 0.12 0.04
68.64 1.64 0.11 -0.69 10.60 0.24 0.06
106.56 1.59 0.11 -0.70 10.60 0.21 0.14
136.25 1.59 0.11 -0.70 10.60 0.10 0.09
163.64 1.60 0.11 -0.70 10.60 0.07 0.10
192.79 1.58 0.11 -0.69 10.60 -0.02 0.17
226.19 1.60 0.11 -0.70 10.60 -0.29 0.16
255.43 1.60 0.11 -0.71 10.60 -0.27 0.10
289.45 1.62 0.11 -0.69 10.60 -0.23 0.06
314.79 1.63 0.11 -0.70 10.60 -0.21 0.03
44.62 1.62 0.11 -0.90 10.60 0.20 0.04
67.01 1.62 0.11 -0.89 10.60 0.29 0.07
107.50 1.59 0.11 -0.89 10.60 0.23 0.20
136.77 1.59 0.11 -0.89 10.60 -0.01 0.12
162.97 1.59 0.11 -0.89 10.60 0.04 0.13
193.68 1.58 0.11 -0.90 10.60 -0.16 0.21
227.19 1.59 0.11 -0.89 10.60 0.11 0.20
257.14 1.59 0.11 -0.90 10.60 -0.30 0.11
289.19 1.61 0.11 -0.89 10.60 -0.06 0.07
315.63 1.62 0.11 -0.90 10.60 -0.19 0.03
77.00 1.10 0.14 -0.13 10.60 0.64 0.17
106.60 1.09 0.14 -0.13 10.60 0.37 0.18
136.04 1.09 0.14 -0.13 10.60 -0.02 0.15
163.73 1.10 0.14 -0.13 10.60 -0.02 0.12
195.17 1.09 0.14 -0.13 10.60 -0.06 0.16
223.64 1.09 0.14 -0.13 10.60 -0.24 0.19
254.37 1.09 0.14 -0.13 10.60 -0.50 0.21
283.62 1.10 0.14 -0.13 10.60 -0.20 0.29
45.34 1.09 0.14 -0.20 10.60 0.24 0.15
77.00 1.10 0.14 -0.20 10.60 0.30 0.12
106.24 1.09 0.14 -0.20 10.60 0.17 0.12
135.67 1.09 0.14 -0.20 10.60 0.16 0.10
163.81 1.10 0.14 -0.20 10.60 0.08 0.10
194.88 1.09 0.14 -0.20 10.60 -0.01 0.10
224.17 1.09 0.14 -0.20 10.60 -0.12 0.15
253.70 1.10 0.14 -0.20 10.60 -0.45 0.16
283.47 1.10 0.14 -0.20 10.60 -0.35 0.20
314.15 1.10 0.14 -0.20 10.60 -0.06 0.26
15.04 1.10 0.14 -0.33 10.60 0.02 0.08
44.88 1.10 0.14 -0.33 10.60 0.24 0.11
77.00 1.10 0.14 -0.33 10.60 0.29 0.09
105.68 1.09 0.14 -0.33 10.60 0.04 0.11
134.97 1.09 0.14 -0.32 10.60 0.02 0.11
164.11 1.09 0.14 -0.32 10.60 -0.03 0.10
195.29 1.09 0.14 -0.32 10.60 -0.31 0.13
224.86 1.09 0.14 -0.32 10.60 -0.04 0.15
254.37 1.09 0.14 -0.33 10.60 0.03 0.15
283.24 1.09 0.14 -0.33 10.60 -0.45 0.13
314.37 1.09 0.14 -0.33 10.60 -0.37 0.15
346.26 1.10 0.14 -0.33 10.60 -0.07 0.12
14.41 1.10 0.14 -0.50 10.60 0.15 0.12
44.97 1.10 0.14 -0.50 10.60 0.16 0.11
76.72 1.09 0.14 -0.50 10.60 0.21 0.11
105.18 1.09 0.14 -0.50 10.60 0.05 0.11
135.23 1.09 0.14 -0.50 10.60 -0.11 0.13
163.95 1.10 0.14 -0.49 10.60 -0.04 0.10
195.26 1.09 0.14 -0.49 10.60 -0.08 0.13
225.64 1.09 0.14 -0.50 10.60 -0.21 0.15
254.92 1.09 0.14 -0.50 10.60 -0.14 0.13
283.30 1.09 0.14 -0.50 10.60 -0.20 0.11
311.91 1.09 0.14 -0.50 10.60 -0.36 0.17
346.35 1.10 0.14 -0.50 10.60 -0.16 0.14
13.59 1.10 0.14 -0.70 10.60 0.39 0.38
47.38 1.09 0.14 -0.70 10.60 0.40 0.19
76.51 1.10 0.14 -0.70 10.60 -0.03 0.14
105.21 1.09 0.14 -0.70 10.60 0.18 0.13
133.92 1.09 0.14 -0.70 10.60 0.01 0.16
163.73 1.09 0.14 -0.70 10.60 -0.09 0.13
194.75 1.10 0.14 -0.70 10.60 0.01 0.15
226.12 1.09 0.14 -0.69 10.60 0.00 0.19
255.84 1.09 0.14 -0.70 10.60 0.02 0.15
283.69 1.09 0.14 -0.71 10.60 -0.04 0.12
310.37 1.09 0.14 -0.71 10.60 -0.31 0.13
346.88 1.10 0.13 -0.70 10.60 -0.14 0.29
13.64 1.10 0.14 -0.90 10.60 0.06 0.25
48.68 1.10 0.14 -0.90 10.60 0.02 0.18
75.43 1.09 0.14 -0.90 10.60 0.15 0.14
104.95 1.09 0.14 -0.89 10.60 0.11 0.16
133.69 1.10 0.14 -0.89 10.60 -0.33 0.26
164.31 1.10 0.14 -0.89 10.60 -0.05 0.17
194.39 1.09 0.14 -0.89 10.60 0.21 0.18
226.79 1.10 0.14 -0.89 10.60 -0.08 0.29
256.56 1.09 0.14 -0.90 10.60 -0.15 0.14
284.20 1.09 0.14 -0.90 10.60 -0.20 0.11
311.24 1.09 0.14 -0.91 10.60 -0.06 0.10
45.73 1.33 0.14 -0.13 10.60 0.09 0.34
76.75 1.32 0.14 -0.13 10.60 0.04 0.18
106.01 1.31 0.14 -0.13 10.60 0.28 0.18
136.32 1.32 0.14 -0.13 10.60 0.24 0.14
164.15 1.31 0.14 -0.13 10.60 0.01 0.14
195.18 1.32 0.14 -0.13 10.60 0.02 0.14
223.66 1.31 0.14 -0.13 10.60 -0.08 0.16
253.61 1.32 0.14 -0.13 10.60 -0.08 0.21
282.15 1.33 0.14 -0.13 10.60 -0.23 0.25
15.36 1.33 0.14 -0.20 10.60 -0.06 0.14
43.99 1.33 0.14 -0.21 10.60 0.22 0.12
76.42 1.32 0.14 -0.20 10.60 0.26 0.10
105.90 1.32 0.14 -0.20 10.60 0.29 0.10
136.04 1.32 0.14 -0.20 10.60 0.15 0.10
164.32 1.32 0.14 -0.20 10.60 0.05 0.09
194.90 1.31 0.14 -0.20 10.60 -0.19 0.10
223.78 1.31 0.14 -0.20 10.60 -0.02 0.13
253.89 1.31 0.14 -0.20 10.60 -0.11 0.16
283.10 1.32 0.14 -0.20 10.60 -0.37 0.16
315.38 1.33 0.14 -0.20 10.60 -0.03 0.20
344.79 1.33 0.14 -0.20 10.60 0.07 0.14
15.42 1.33 0.14 -0.33 10.60 0.13 0.07
44.21 1.32 0.14 -0.32 10.60 0.32 0.08
76.17 1.33 0.14 -0.32 10.60 0.21 0.08
105.40 1.31 0.14 -0.32 10.60 0.23 0.10
135.69 1.32 0.14 -0.32 10.60 0.06 0.10
163.69 1.32 0.14 -0.32 10.60 0.06 0.09
195.21 1.31 0.14 -0.32 10.60 -0.23 0.11
224.90 1.32 0.14 -0.32 10.60 -0.24 0.12
254.58 1.32 0.14 -0.32 10.60 -0.37 0.11
283.96 1.31 0.14 -0.33 10.60 -0.20 0.12
315.62 1.32 0.14 -0.33 10.60 -0.25 0.16
344.99 1.33 0.14 -0.33 10.60 -0.10 0.08
15.59 1.33 0.14 -0.50 10.60 0.17 0.07
44.29 1.32 0.14 -0.49 10.60 0.20 0.09
76.59 1.32 0.14 -0.50 10.60 0.16 0.09
105.65 1.31 0.14 -0.50 10.60 0.24 0.10
135.28 1.32 0.14 -0.50 10.60 0.27 0.11
163.89 1.32 0.14 -0.50 10.60 0.06 0.10
194.81 1.32 0.14 -0.49 10.60 -0.08 0.12
225.61 1.31 0.14 -0.50 10.60 -0.11 0.14
254.89 1.31 0.14 -0.50 10.60 -0.20 0.13
284.06 1.32 0.14 -0.51 10.60 -0.26 0.11
312.93 1.33 0.14 -0.50 10.60 -0.33 0.12
345.44 1.33 0.13 -0.50 10.60 -0.16 0.08
14.96 1.33 0.13 -0.70 10.60 0.14 0.09
44.47 1.32 0.14 -0.69 10.60 0.23 0.12
76.25 1.32 0.14 -0.70 10.60 0.31 0.12
105.39 1.31 0.14 -0.69 10.60 0.27 0.12
134.58 1.32 0.14 -0.70 10.60 0.06 0.14
164.16 1.32 0.14 -0.70 10.60 0.07 0.13
195.39 1.32 0.14 -0.70 10.60 -0.10 0.18
225.95 1.32 0.14 -0.70 10.60 -0.20 0.15
255.42 1.31 0.14 -0.70 10.60 -0.15 0.12
284.77 1.31 0.14 -0.70 10.60 -0.23 0.09
311.68 1.32 0.14 -0.71 10.60 -0.06 0.10
345.41 1.33 0.13 -0.70 10.60 -0.10 0.10
15.01 1.34 0.13 -0.90 10.60 0.09 0.08
45.49 1.33 0.14 -0.91 10.60 0.05 0.14
75.10 1.31 0.14 -0.90 10.60 0.19 0.15
104.69 1.31 0.14 -0.90 10.60 0.26 0.16
134.82 1.31 0.14 -0.90 10.60 -0.08 0.19
164.26 1.32 0.14 -0.89 10.60 -0.11 0.15
194.49 1.32 0.14 -0.89 10.60 -0.32 0.26
225.78 1.32 0.14 -0.90 10.60 -0.15 0.23
256.18 1.31 0.14 -0.90 10.60 -0.26 0.15
284.50 1.32 0.14 -0.90 10.60 -0.07 0.09
313.02 1.32 0.14 -0.91 10.60 -0.11 0.08
344.82 1.34 0.13 -0.90 10.60 -0.05 0.08
42.06 1.74 0.13 -0.13 10.60 0.31 0.14
76.46 1.69 0.14 -0.13 10.60 0.25 0.12
105.59 1.67 0.14 -0.13 10.60 0.40 0.11
136.88 1.67 0.14 -0.13 10.60 0.16 0.09
163.58 1.68 0.14 -0.13 10.60 -0.13 0.09
194.61 1.67 0.14 -0.13 10.60 -0.23 0.11
221.68 1.64 0.14 -0.13 10.60 -0.56 0.13
254.77 1.64 0.14 -0.13 10.60 0.04 0.23
287.16 1.71 0.14 -0.13 10.60 -0.27 0.20
15.83 1.74 0.13 -0.21 10.60 0.01 0.05
42.75 1.75 0.13 -0.20 10.60 0.17 0.05
75.12 1.68 0.14 -0.20 10.60 0.21 0.07
106.15 1.66 0.14 -0.20 10.60 0.20 0.09
136.04 1.67 0.14 -0.20 10.60 0.15 0.06
163.79 1.67 0.14 -0.20 10.60 0.09 0.06
194.48 1.66 0.14 -0.20 10.60 -0.14 0.08
222.64 1.64 0.14 -0.20 10.60 -0.12 0.11
255.44 1.65 0.14 -0.20 10.60 -0.11 0.13
317.97 1.77 0.13 -0.21 10.60 -0.19 0.07
344.33 1.73 0.13 -0.20 10.60 -0.09 0.06
15.69 1.74 0.13 -0.33 10.60 0.03 0.02
41.58 1.75 0.13 -0.33 10.60 0.20 0.03
74.38 1.68 0.14 -0.32 10.60 0.26 0.06
105.57 1.67 0.14 -0.32 10.60 0.25 0.07
135.78 1.68 0.14 -0.32 10.60 -0.01 0.06
163.89 1.67 0.14 -0.32 10.60 -0.07 0.06
194.95 1.65 0.14 -0.32 10.60 -0.00 0.09
223.88 1.65 0.14 -0.32 10.60 -0.31 0.11
254.92 1.65 0.14 -0.33 10.60 -0.20 0.10
287.13 1.72 0.13 -0.33 10.60 -0.42 0.08
318.37 1.77 0.13 -0.33 10.60 -0.16 0.03
344.31 1.73 0.13 -0.33 10.60 -0.13 0.03
16.13 1.73 0.13 -0.50 10.60 0.05 0.02
41.26 1.76 0.13 -0.50 10.60 0.17 0.03
74.18 1.69 0.14 -0.49 10.60 0.26 0.06
105.23 1.67 0.14 -0.50 10.60 -0.04 0.08
135.96 1.68 0.13 -0.50 10.60 0.21 0.07
164.09 1.68 0.14 -0.50 10.60 -0.03 0.07
194.73 1.66 0.14 -0.49 10.60 -0.04 0.09
224.28 1.64 0.14 -0.50 10.60 -0.21 0.10
255.20 1.67 0.14 -0.50 10.60 -0.33 0.08
286.08 1.69 0.13 -0.51 10.60 -0.32 0.07
318.32 1.77 0.13 -0.50 10.60 -0.19 0.03
343.89 1.73 0.13 -0.50 10.60 -0.08 0.02
16.89 1.72 0.14 -0.70 10.60 0.08 0.02
40.77 1.76 0.13 -0.70 10.60 0.14 0.03
74.07 1.67 0.14 -0.69 10.60 0.31 0.09
105.24 1.66 0.14 -0.69 10.60 0.19 0.11
135.94 1.68 0.14 -0.69 10.60 0.11 0.09
164.31 1.68 0.14 -0.69 10.60 -0.04 0.08
194.45 1.66 0.14 -0.70 10.60 0.05 0.12
225.16 1.65 0.14 -0.69 10.60 -0.19 0.14
255.92 1.67 0.14 -0.70 10.60 -0.30 0.08
285.13 1.68 0.13 -0.70 10.60 -0.22 0.06
318.88 1.76 0.13 -0.70 10.60 -0.23 0.03
343.47 1.72 0.14 -0.70 10.60 -0.10 0.02
17.52 1.70 0.14 -0.90 10.60 0.06 0.03
39.82 1.76 0.13 -0.90 10.60 0.18 0.03
73.44 1.65 0.14 -0.90 10.60 0.37 0.10
104.72 1.64 0.14 -0.89 10.60 0.27 0.14
136.44 1.67 0.14 -0.89 10.60 -0.08 0.11
164.19 1.67 0.14 -0.89 10.60 0.01 0.10
194.36 1.65 0.14 -0.90 10.60 -0.37 0.14
225.54 1.65 0.14 -0.90 10.60 -0.21 0.18
257.09 1.68 0.14 -0.90 10.60 -0.39 0.10
284.84 1.67 0.14 -0.90 10.60 -0.26 0.07
319.48 1.75 0.13 -0.90 10.60 -0.17 0.03
342.75 1.70 0.14 -0.90 10.60 -0.15 0.02
43.06 2.13 0.14 -0.13 10.60 0.07 0.10
72.30 2.08 0.14 -0.13 10.60 0.04 0.12
106.56 2.07 0.14 -0.13 10.60 -0.01 0.21
136.26 2.08 0.14 -0.13 10.60 0.01 0.13
164.28 2.08 0.14 -0.13 10.60 0.09 0.13
195.32 2.08 0.14 -0.13 10.60 -0.27 0.17
291.56 2.10 0.14 -0.13 10.60 0.00 0.20
15.70 2.11 0.14 -0.20 10.60 -0.06 0.03
42.47 2.12 0.14 -0.20 10.60 0.12 0.04
71.50 2.09 0.14 -0.20 10.60 0.24 0.10
106.36 2.07 0.14 -0.20 10.60 0.23 0.11
135.74 2.08 0.14 -0.19 10.60 0.24 0.09
163.31 2.08 0.14 -0.20 10.60 0.01 0.11
194.48 2.08 0.14 -0.20 10.60 -0.08 0.13
223.82 2.08 0.14 -0.20 10.60 -0.18 0.20
252.92 2.10 0.14 -0.20 10.60 -0.37 0.18
291.71 2.11 0.14 -0.20 10.60 -0.04 0.10
317.18 2.11 0.14 -0.20 10.60 -0.12 0.03
344.47 2.11 0.14 -0.20 10.60 -0.07 0.03
15.86 2.09 0.14 -0.33 10.60 0.04 0.02
42.02 2.10 0.14 -0.33 10.60 0.12 0.03
70.14 2.09 0.14 -0.33 10.60 0.17 0.06
105.79 2.08 0.14 -0.32 10.60 0.34 0.10
135.71 2.08 0.14 -0.32 10.60 0.18 0.08
164.30 2.07 0.14 -0.32 10.60 0.03 0.10
193.92 2.07 0.14 -0.32 10.60 -0.17 0.13
224.12 2.09 0.14 -0.32 10.60 0.10 0.16
255.15 2.08 0.14 -0.33 10.60 -0.47 0.14
291.07 2.10 0.14 -0.33 10.60 -0.36 0.06
317.75 2.10 0.14 -0.33 10.60 -0.23 0.02
344.00 2.09 0.14 -0.33 10.60 -0.10 0.02
16.92 2.08 0.14 -0.50 10.60 0.03 0.02
41.78 2.10 0.14 -0.50 10.60 0.17 0.02
69.39 2.09 0.14 -0.49 10.60 0.13 0.06
105.63 2.08 0.14 -0.50 10.60 0.20 0.10
135.51 2.08 0.14 -0.50 10.60 0.06 0.08
163.26 2.08 0.14 -0.49 10.60 -0.05 0.09
194.46 2.07 0.14 -0.49 10.60 0.05 0.14
226.09 2.09 0.14 -0.49 10.60 -0.37 0.17
255.95 2.08 0.14 -0.50 10.60 -0.41 0.10
289.95 2.09 0.14 -0.49 10.60 -0.31 0.06
318.14 2.10 0.14 -0.50 10.60 -0.19 0.02
343.18 2.08 0.14 -0.50 10.60 -0.12 0.02
18.08 2.06 0.15 -0.69 10.60 0.04 0.03
41.41 2.10 0.14 -0.70 10.60 0.16 0.02
68.82 2.09 0.14 -0.69 10.60 0.30 0.08
105.88 2.08 0.14 -0.69 10.60 -0.11 0.14
135.77 2.08 0.14 -0.69 10.60 0.04 0.11
164.03 2.08 0.14 -0.69 10.60 0.15 0.11
194.19 2.08 0.14 -0.69 10.60 0.09 0.18
225.74 2.07 0.14 -0.69 10.60 -0.03 0.18
256.17 2.09 0.14 -0.70 10.60 -0.01 0.10
288.03 2.08 0.14 -0.70 10.60 -0.29 0.07
318.77 2.10 0.14 -0.70 10.60 -0.15 0.02
341.90 2.06 0.15 -0.69 10.60 -0.12 0.03
20.02 2.05 0.15 -0.89 10.60 0.11 0.03
40.91 2.09 0.14 -0.90 10.60 0.13 0.03
69.35 2.08 0.14 -0.90 10.60 0.36 0.17
104.93 2.10 0.14 -0.90 10.60 -0.06 0.25
136.34 2.06 0.14 -0.89 10.60 -0.13 0.13
163.72 2.08 0.14 -0.90 10.60 0.03 0.16
193.57 2.08 0.14 -0.90 10.60 0.44 0.23
226.98 2.11 0.14 -0.90 10.60 -0.30 0.27
256.95 2.09 0.14 -0.90 10.60 0.01 0.12
285.27 2.07 0.14 -0.90 10.60 -0.29 0.09
318.99 2.09 0.14 -0.90 10.60 -0.21 0.02
340.12 2.05 0.15 -0.89 10.60 -0.11 0.03
14.08 1.10 0.18 -0.13 10.60 0.07 0.26
45.60 1.10 0.18 -0.13 10.60 0.09 0.27
78.51 1.10 0.18 -0.13 10.60 -0.01 0.21
105.88 1.10 0.18 -0.13 10.60 0.35 0.17
133.52 1.10 0.18 -0.13 10.60 0.34 0.16
164.95 1.10 0.17 -0.13 10.60 0.07 0.14
194.38 1.11 0.18 -0.13 10.60 -0.16 0.14
225.39 1.10 0.17 -0.13 10.60 -0.20 0.21
253.90 1.10 0.18 -0.13 10.60 -0.27 0.22
282.70 1.10 0.18 -0.13 10.60 -0.53 0.26
313.53 1.10 0.18 -0.13 10.60 0.82 0.22
347.36 1.10 0.18 -0.13 10.60 -0.22 0.52
13.92 1.10 0.18 -0.20 10.60 0.05 0.13
45.00 1.10 0.18 -0.20 10.60 0.19 0.13
77.45 1.10 0.18 -0.20 10.60 -0.04 0.18
106.16 1.10 0.18 -0.20 10.60 0.33 0.12
134.10 1.10 0.17 -0.20 10.60 0.01 0.12
163.93 1.11 0.17 -0.20 10.60 -0.04 0.09
194.94 1.10 0.17 -0.20 10.60 -0.11 0.09
226.15 1.10 0.18 -0.20 10.60 0.10 0.14
253.74 1.10 0.18 -0.20 10.60 -0.37 0.16
283.30 1.10 0.18 -0.20 10.60 -0.11 0.22
314.27 1.10 0.18 -0.20 10.60 -0.54 0.17
345.44 1.10 0.18 -0.20 10.60 -0.33 0.16
15.06 1.10 0.18 -0.33 10.60 -0.06 0.09
44.79 1.10 0.18 -0.33 10.60 0.05 0.10
76.42 1.10 0.18 -0.32 10.60 0.18 0.15
105.63 1.10 0.18 -0.32 10.60 0.10 0.14
134.40 1.10 0.18 -0.32 10.60 -0.11 0.10
163.50 1.10 0.18 -0.32 10.60 0.02 0.08
194.82 1.11 0.18 -0.32 10.60 -0.07 0.08
226.34 1.10 0.17 -0.32 10.60 -0.27 0.14
254.54 1.10 0.18 -0.32 10.60 0.09 0.17
283.69 1.10 0.18 -0.33 10.60 0.05 0.17
315.46 1.10 0.18 -0.33 10.60 -0.14 0.14
346.23 1.10 0.18 -0.33 10.60 0.07 0.09
14.60 1.10 0.18 -0.50 10.60 0.24 0.08
44.10 1.10 0.18 -0.50 10.60 0.29 0.09
76.55 1.10 0.18 -0.50 10.60 -0.22 0.13
104.96 1.10 0.18 -0.50 10.60 0.23 0.12
134.27 1.11 0.18 -0.49 10.60 -0.07 0.10
163.41 1.11 0.17 -0.50 10.60 0.03 0.08
195.14 1.11 0.18 -0.49 10.60 -0.06 0.07
227.25 1.10 0.17 -0.49 10.60 -0.10 0.14
255.61 1.10 0.18 -0.50 10.60 -0.14 0.16
283.73 1.10 0.18 -0.50 10.60 -0.15 0.15
313.34 1.10 0.18 -0.50 10.60 -0.21 0.15
346.78 1.10 0.18 -0.50 10.60 -0.12 0.10
14.11 1.11 0.18 -0.69 10.60 0.16 0.12
45.78 1.10 0.18 -0.70 10.60 0.29 0.12
76.14 1.10 0.18 -0.70 10.60 0.24 0.15
104.45 1.10 0.18 -0.70 10.60 0.04 0.17
134.48 1.11 0.17 -0.69 10.60 0.03 0.10
163.64 1.11 0.17 -0.69 10.60 -0.00 0.09
195.15 1.11 0.17 -0.69 10.60 -0.01 0.10
227.27 1.11 0.17 -0.69 10.60 0.06 0.14
256.29 1.10 0.18 -0.70 10.60 0.02 0.15
283.98 1.10 0.18 -0.70 10.60 -0.21 0.13
312.32 1.10 0.18 -0.70 10.60 -0.26 0.12
347.72 1.10 0.18 -0.69 10.60 -0.12 0.14
13.04 1.10 0.18 -0.90 10.60 -0.05 0.17
46.83 1.10 0.18 -0.90 10.60 0.05 0.15
74.77 1.10 0.18 -0.90 10.60 0.40 0.17
104.24 1.10 0.18 -0.89 10.60 -0.01 0.24
134.55 1.11 0.17 -0.89 10.60 0.00 0.12
162.93 1.11 0.17 -0.89 10.60 -0.16 0.11
195.68 1.12 0.17 -0.89 10.60 -0.20 0.13
226.60 1.11 0.17 -0.89 10.60 -0.27 0.11
257.20 1.10 0.18 -0.90 10.60 -0.34 0.16
284.03 1.10 0.18 -0.90 10.60 -0.12 0.13
312.76 1.10 0.18 -0.90 10.60 -0.26 0.10
347.79 1.11 0.18 -0.90 10.60 -0.30 0.19
14.96 1.33 0.18 -0.13 10.60 -0.11 0.17
45.19 1.34 0.18 -0.13 10.60 0.09 0.17
77.95 1.33 0.18 -0.13 10.60 0.19 0.18
105.82 1.32 0.18 -0.13 10.60 0.56 0.13
134.23 1.32 0.18 -0.13 10.60 0.18 0.18
163.53 1.32 0.18 -0.13 10.60 0.10 0.14
194.78 1.31 0.18 -0.13 10.60 0.15 0.18
225.11 1.32 0.18 -0.13 10.60 0.19 0.22
253.86 1.33 0.18 -0.13 10.60 0.04 0.22
282.43 1.32 0.18 -0.13 10.60 -0.31 0.36
313.82 1.33 0.18 -0.13 10.60 -0.28 0.25
345.65 1.33 0.18 -0.13 10.60 0.21 0.20
14.47 1.33 0.18 -0.20 10.60 0.06 0.09
44.45 1.32 0.18 -0.20 10.60 0.36 0.10
76.72 1.32 0.18 -0.20 10.60 0.33 0.13
105.68 1.32 0.18 -0.20 10.60 0.17 0.11
134.16 1.32 0.18 -0.20 10.60 0.20 0.11
163.50 1.32 0.18 -0.20 10.60 -0.02 0.10
194.82 1.32 0.18 -0.20 10.60 -0.24 0.10
225.54 1.32 0.18 -0.20 10.60 -0.24 0.15
254.15 1.32 0.18 -0.20 10.60 -0.10 0.16
283.56 1.32 0.18 -0.20 10.60 -0.12 0.16
314.01 1.33 0.18 -0.20 10.60 -0.13 0.13
346.04 1.33 0.18 -0.20 10.60 -0.08 0.11
14.97 1.33 0.18 -0.33 10.60 -0.07 0.06
44.15 1.32 0.18 -0.33 10.60 0.15 0.08
76.57 1.32 0.18 -0.33 10.60 0.21 0.12
105.66 1.32 0.18 -0.32 10.60 0.20 0.12
134.12 1.32 0.18 -0.32 10.60 0.02 0.12
164.07 1.32 0.18 -0.32 10.60 0.10 0.10
194.97 1.32 0.18 -0.32 10.60 -0.05 0.11
225.58 1.32 0.18 -0.32 10.60 -0.02 0.16
254.61 1.32 0.18 -0.33 10.60 -0.40 0.17
283.49 1.32 0.18 -0.32 10.60 -0.44 0.13
314.84 1.32 0.18 -0.33 10.60 -0.37 0.12
346.62 1.32 0.18 -0.33 10.60 -0.17 0.07
14.47 1.33 0.18 -0.50 10.60 0.16 0.06
44.16 1.32 0.18 -0.50 10.60 0.28 0.08
76.60 1.32 0.18 -0.50 10.60 0.31 0.13
105.38 1.32 0.18 -0.50 10.60 -0.06 0.13
134.24 1.32 0.18 -0.50 10.60 0.05 0.13
164.21 1.32 0.18 -0.50 10.60 0.10 0.09
194.28 1.32 0.18 -0.50 10.60 -0.03 0.09
226.33 1.32 0.18 -0.49 10.60 -0.20 0.21
255.11 1.32 0.18 -0.50 10.60 -0.01 0.17
283.65 1.32 0.18 -0.50 10.60 -0.37 0.14
313.28 1.32 0.18 -0.50 10.60 -0.37 0.12
346.93 1.33 0.18 -0.50 10.60 -0.14 0.07
14.48 1.33 0.18 -0.70 10.60 0.12 0.06
44.66 1.32 0.18 -0.70 10.60 0.21 0.09
76.18 1.32 0.18 -0.70 10.60 0.27 0.17
104.85 1.32 0.18 -0.70 10.60 0.14 0.18
134.46 1.32 0.18 -0.69 10.60 0.12 0.15
163.36 1.33 0.18 -0.70 10.60 -0.20 0.11
194.69 1.32 0.18 -0.70 10.60 -0.05 0.09
226.24 1.32 0.18 -0.70 10.60 -0.14 0.17
255.80 1.32 0.18 -0.70 10.60 -0.20 0.15
284.32 1.32 0.18 -0.70 10.60 -0.28 0.13
312.99 1.32 0.18 -0.70 10.60 -0.44 0.11
347.14 1.33 0.18 -0.70 10.60 -0.19 0.09
13.25 1.33 0.18 -0.90 10.60 0.16 0.09
45.73 1.32 0.18 -0.90 10.60 0.28 0.11
75.59 1.32 0.18 -0.90 10.60 0.06 0.17
104.68 1.33 0.18 -0.90 10.60 0.34 0.18
134.49 1.33 0.18 -0.90 10.60 -0.36 0.13
163.43 1.33 0.18 -0.90 10.60 -0.01 0.13
195.64 1.32 0.18 -0.89 10.60 -0.11 0.13
226.08 1.33 0.18 -0.90 10.60 0.02 0.15
256.30 1.32 0.18 -0.90 10.60 0.11 0.21
284.41 1.31 0.18 -0.90 10.60 -0.47 0.13
312.83 1.32 0.18 -0.90 10.60 -0.07 0.10
348.17 1.33 0.18 -0.90 10.60 -0.24 0.10
15.33 1.70 0.18 -0.13 10.60 -0.04 0.11
44.15 1.69 0.18 -0.13 10.60 0.13 0.10
76.85 1.69 0.18 -0.13 10.60 0.23 0.11
105.33 1.68 0.18 -0.13 10.60 0.43 0.10
134.77 1.67 0.18 -0.13 10.60 -0.10 0.12
164.65 1.67 0.18 -0.13 10.60 -0.39 0.12
194.83 1.68 0.18 -0.13 10.60 -0.05 0.12
224.31 1.66 0.18 -0.13 10.60 -0.19 0.16
254.54 1.66 0.18 -0.13 10.60 -0.16 0.17
283.38 1.68 0.18 -0.13 10.60 -0.21 0.15
315.74 1.68 0.18 -0.13 10.60 -0.24 0.16
344.83 1.70 0.18 -0.13 10.60 -0.28 0.12
15.51 1.69 0.18 -0.20 10.60 0.06 0.06
43.08 1.69 0.18 -0.20 10.60 0.18 0.06
76.41 1.69 0.18 -0.20 10.60 0.39 0.08
105.51 1.67 0.18 -0.20 10.60 0.21 0.08
134.84 1.68 0.18 -0.20 10.60 0.10 0.09
164.26 1.68 0.18 -0.20 10.60 0.04 0.08
195.46 1.68 0.18 -0.20 10.60 -0.19 0.09
224.58 1.66 0.18 -0.20 10.60 -0.17 0.11
253.91 1.66 0.18 -0.20 10.60 -0.19 0.11
283.81 1.66 0.18 -0.20 10.60 -0.37 0.11
316.18 1.67 0.18 -0.20 10.60 -0.18 0.11
346.15 1.70 0.18 -0.20 10.60 -0.19 0.07
15.50 1.68 0.18 -0.32 10.60 0.08 0.04
43.03 1.68 0.18 -0.32 10.60 0.15 0.06
76.09 1.67 0.18 -0.32 10.60 0.21 0.08
105.68 1.67 0.18 -0.32 10.60 0.07 0.09
134.66 1.67 0.18 -0.32 10.60 0.18 0.10
164.19 1.67 0.18 -0.32 10.60 0.16 0.09
195.45 1.67 0.18 -0.32 10.60 0.13 0.09
224.95 1.67 0.18 -0.32 10.60 0.03 0.12
254.51 1.65 0.18 -0.32 10.60 -0.25 0.12
284.11 1.66 0.18 -0.33 10.60 -0.37 0.10
315.62 1.66 0.18 -0.33 10.60 -0.21 0.09
346.59 1.69 0.18 -0.33 10.60 -0.10 0.05
15.04 1.69 0.18 -0.50 10.60 -0.00 0.04
42.51 1.68 0.18 -0.50 10.60 0.30 0.05
76.40 1.66 0.18 -0.50 10.60 0.27 0.09
105.40 1.66 0.18 -0.50 10.60 0.25 0.11
134.41 1.67 0.18 -0.50 10.60 0.14 0.13
163.89 1.67 0.18 -0.50 10.60 -0.09 0.10
194.97 1.67 0.18 -0.49 10.60 0.06 0.11
224.70 1.66 0.18 -0.50 10.60 0.16 0.14
255.05 1.65 0.18 -0.50 10.60 -0.13 0.13
284.22 1.66 0.18 -0.50 10.60 -0.38 0.10
314.13 1.66 0.18 -0.50 10.60 -0.45 0.08
347.12 1.68 0.18 -0.50 10.60 -0.08 0.05
14.22 1.70 0.18 -0.70 10.60 0.13 0.04
43.90 1.66 0.18 -0.70 10.60 0.29 0.07
75.96 1.65 0.18 -0.70 10.60 0.47 0.11
105.35 1.65 0.18 -0.69 10.60 0.16 0.12
134.25 1.67 0.18 -0.70 10.60 0.10 0.14
164.02 1.66 0.18 -0.69 10.60 0.05 0.10
195.03 1.66 0.18 -0.70 10.60 -0.07 0.11
225.87 1.66 0.18 -0.69 10.60 -0.25 0.19
255.53 1.65 0.18 -0.70 10.60 -0.12 0.15
284.24 1.66 0.18 -0.70 10.60 -0.26 0.10
312.40 1.67 0.18 -0.70 10.60 -0.22 0.09
347.79 1.70 0.18 -0.70 10.60 -0.13 0.05
12.90 1.71 0.17 -0.90 10.60 -0.01 0.04
44.84 1.66 0.18 -0.90 10.60 0.38 0.10
75.51 1.65 0.18 -0.90 10.60 0.11 0.12
105.35 1.66 0.18 -0.90 10.60 0.20 0.19
134.35 1.67 0.18 -0.89 10.60 0.06 0.16
164.13 1.67 0.18 -0.90 10.60 0.06 0.12
194.88 1.66 0.18 -0.89 10.60 0.12 0.15
225.94 1.66 0.18 -0.90 10.60 -0.28 0.26
256.16 1.65 0.18 -0.90 10.60 -0.04 0.16
284.39 1.66 0.18 -0.90 10.60 -0.18 0.10
313.01 1.66 0.18 -0.91 10.60 -0.21 0.07
347.94 1.72 0.17 -0.91 10.60 -0.16 0.04
15.25 2.25 0.17 -0.13 10.60 0.00 0.06
42.99 2.23 0.18 -0.13 10.60 0.18 0.08
76.12 2.20 0.18 -0.13 10.60 0.36 0.08
104.63 2.19 0.18 -0.13 10.60 0.14 0.09
134.80 2.19 0.18 -0.13 10.60 0.19 0.09
163.53 2.19 0.18 -0.13 10.60 0.05 0.10
194.92 2.18 0.18 -0.13 10.60 -0.19 0.12
224.14 2.17 0.18 -0.13 10.60 -0.23 0.15
254.62 2.17 0.18 -0.13 10.60 -0.30 0.19
283.74 2.16 0.18 -0.13 10.60 -0.05 0.26
316.89 2.28 0.17 -0.13 10.60 -0.17 0.17
345.21 2.25 0.17 -0.13 10.60 -0.09 0.08
15.05 2.26 0.17 -0.20 10.60 0.04 0.04
42.81 2.25 0.18 -0.20 10.60 0.18 0.05
76.08 2.20 0.18 -0.20 10.60 0.35 0.06
104.65 2.19 0.18 -0.20 10.60 0.26 0.06
135.31 2.19 0.18 -0.20 10.60 0.09 0.06
163.97 2.19 0.18 -0.20 10.60 -0.01 0.07
195.56 2.18 0.18 -0.20 10.60 -0.02 0.08
223.63 2.17 0.18 -0.20 10.60 -0.10 0.11
253.99 2.16 0.18 -0.20 10.60 -0.00 0.11
283.86 2.17 0.18 -0.20 10.60 -0.06 0.14
318.99 2.30 0.17 -0.20 10.60 -0.13 0.06
345.64 2.26 0.17 -0.20 10.60 -0.13 0.04
15.02 2.26 0.17 -0.33 10.60 0.02 0.03
41.78 2.25 0.17 -0.33 10.60 0.16 0.04
75.77 2.18 0.18 -0.32 10.60 0.26 0.06
104.69 2.19 0.18 -0.32 10.60 0.18 0.08
135.77 2.18 0.18 -0.32 10.60 0.05 0.08
164.23 2.18 0.18 -0.32 10.60 -0.01 0.07
194.98 2.17 0.18 -0.32 10.60 0.06 0.10
224.18 2.17 0.18 -0.32 10.60 -0.19 0.12
254.91 2.18 0.18 -0.32 10.60 -0.35 0.12
285.07 2.17 0.18 -0.33 10.60 -0.25 0.10
319.24 2.31 0.17 -0.33 10.60 -0.12 0.05
345.55 2.26 0.17 -0.33 10.60 -0.15 0.03
14.90 2.25 0.17 -0.50 10.60 0.02 0.02
40.67 2.27 0.17 -0.50 10.60 0.13 0.04
75.71 2.19 0.18 -0.49 10.60 0.39 0.07
104.80 2.18 0.18 -0.50 10.60 0.25 0.08
135.48 2.19 0.18 -0.50 10.60 0.12 0.08
163.91 2.18 0.18 -0.50 10.60 -0.06 0.09
195.08 2.16 0.18 -0.50 10.60 -0.15 0.11
224.38 2.17 0.18 -0.50 10.60 -0.10 0.13
255.65 2.19 0.18 -0.50 10.60 -0.14 0.11
284.69 2.19 0.18 -0.50 10.60 -0.35 0.08
319.49 2.31 0.17 -0.50 10.60 -0.16 0.04
345.22 2.26 0.17 -0.50 10.60 -0.11 0.02
14.85 2.24 0.17 -0.70 10.60 0.08 0.02
39.37 2.28 0.17 -0.70 10.60 0.13 0.04
75.95 2.17 0.18 -0.70 10.60 0.40 0.11
104.88 2.17 0.18 -0.69 10.60 0.16 0.11
135.68 2.18 0.18 -0.69 10.60 0.11 0.11
163.89 2.18 0.18 -0.69 10.60 0.09 0.10
194.64 2.17 0.18 -0.70 10.60 -0.16 0.14
225.26 2.17 0.18 -0.69 10.60 -0.15 0.19
256.14 2.18 0.18 -0.70 10.60 -0.34 0.10
284.69 2.19 0.18 -0.70 10.60 -0.37 0.08
319.43 2.29 0.17 -0.70 10.60 -0.23 0.04
345.23 2.24 0.17 -0.70 10.60 -0.10 0.02
14.89 2.21 0.17 -0.90 10.60 0.06 0.02
38.72 2.28 0.17 -0.90 10.60 0.21 0.04
75.66 2.15 0.18 -0.90 10.60 0.22 0.14
105.40 2.17 0.18 -0.89 10.60 0.45 0.15
135.40 2.19 0.18 -0.89 10.60 0.06 0.14
163.79 2.19 0.18 -0.89 10.60 0.22 0.13
194.49 2.17 0.18 -0.90 10.60 -0.11 0.18
225.90 2.17 0.18 -0.89 10.60 -0.41 0.18
256.68 2.18 0.18 -0.90 10.60 -0.03 0.13
284.48 2.18 0.18 -0.90 10.60 -0.36 0.08
319.49 2.27 0.17 -0.90 10.60 -0.22 0.04
344.75 2.22 0.17 -0.90 10.60 -0.08 0.02
14.94 2.77 0.18 -0.13 10.60 0.03 0.05
41.80 2.76 0.18 -0.13 10.60 -0.03 0.11
77.12 2.71 0.19 -0.13 10.60 0.21 0.13
104.85 2.72 0.19 -0.13 10.60 0.16 0.15
135.30 2.73 0.19 -0.13 10.60 0.23 0.13
163.46 2.74 0.19 -0.13 10.60 0.11 0.14
194.86 2.71 0.19 -0.13 10.60 0.01 0.20
224.77 2.73 0.19 -0.13 10.60 -0.11 0.21
318.25 2.78 0.18 -0.13 10.60 -0.09 0.09
345.65 2.78 0.18 -0.13 10.60 -0.09 0.07
14.70 2.76 0.18 -0.20 10.60 0.02 0.03
41.52 2.76 0.18 -0.20 10.60 0.16 0.05
76.17 2.71 0.19 -0.20 10.60 0.30 0.09
105.18 2.73 0.19 -0.20 10.60 0.28 0.10
135.17 2.73 0.19 -0.20 10.60 0.02 0.09
163.82 2.73 0.19 -0.20 10.60 0.06 0.10
195.11 2.72 0.19 -0.20 10.60 -0.19 0.12
224.68 2.74 0.19 -0.20 10.60 -0.05 0.18
255.41 2.75 0.19 -0.20 10.60 -0.27 0.20
285.71 2.70 0.19 -0.20 10.60 -0.07 0.20
318.71 2.77 0.18 -0.20 10.60 -0.14 0.04
345.77 2.77 0.18 -0.20 10.60 -0.09 0.03
14.89 2.76 0.18 -0.33 10.60 0.05 0.02
41.24 2.76 0.18 -0.33 10.60 0.13 0.04
75.61 2.71 0.19 -0.32 10.60 0.17 0.10
104.66 2.71 0.19 -0.32 10.60 0.15 0.11
135.75 2.73 0.19 -0.32 10.60 0.20 0.11
163.76 2.73 0.19 -0.32 10.60 0.16 0.11
195.55 2.73 0.19 -0.31 10.60 -0.23 0.13
225.06 2.73 0.19 -0.32 10.60 -0.07 0.17
255.12 2.74 0.19 -0.32 10.60 -0.23 0.14
285.96 2.73 0.19 -0.32 10.60 -0.40 0.12
318.90 2.77 0.18 -0.33 10.60 -0.20 0.03
345.16 2.76 0.18 -0.33 10.60 -0.07 0.03
15.72 2.75 0.19 -0.50 10.60 0.03 0.02
40.55 2.75 0.18 -0.50 10.60 0.10 0.03
75.95 2.70 0.19 -0.49 10.60 0.19 0.10
105.05 2.71 0.19 -0.50 10.60 0.18 0.11
135.56 2.73 0.19 -0.49 10.60 0.08 0.11
164.05 2.74 0.19 -0.50 10.60 0.08 0.11
193.98 2.71 0.19 -0.50 10.60 -0.09 0.17
225.01 2.72 0.19 -0.49 10.60 0.02 0.19
256.10 2.72 0.19 -0.50 10.60 -0.10 0.12
285.50 2.70 0.19 -0.50 10.60 -0.51 0.09
319.64 2.76 0.18 -0.50 10.60 -0.25 0.03
344.29 2.75 0.19 -0.50 10.60 -0.12 0.02
16.59 2.73 0.19 -0.69 10.60 0.04 0.03
40.03 2.75 0.18 -0.70 10.60 0.12 0.03
75.86 2.70 0.19 -0.69 10.60 0.21 0.16
105.10 2.72 0.19 -0.69 10.60 0.23 0.16
135.80 2.73 0.19 -0.70 10.60 0.01 0.16
163.92 2.71 0.19 -0.69 10.60 0.12 0.17
194.66 2.73 0.19 -0.69 10.60 -0.11 0.21
226.15 2.72 0.19 -0.70 10.60 -0.28 0.20
256.47 2.71 0.19 -0.70 10.60 -0.42 0.12
284.15 2.72 0.19 -0.70 10.60 -0.19 0.10
320.22 2.76 0.18 -0.70 10.60 -0.18 0.03
343.23 2.73 0.19 -0.70 10.60 -0.12 0.03
17.72 2.71 0.19 -0.89 10.60 0.04 0.03
39.56 2.75 0.18 -0.90 10.60 0.12 0.04
76.78 2.70 0.19 -0.89 10.60 0.64 0.18
105.25 2.73 0.19 -0.89 10.60 0.07 0.18
136.77 2.72 0.19 -0.89 10.60 -0.19 0.17
164.18 2.72 0.19 -0.90 10.60 -0.05 0.18
195.61 2.71 0.19 -0.89 10.60 0.35 0.41
225.32 2.74 0.19 -0.90 10.60 -0.36 0.35
256.68 2.73 0.19 -0.90 10.60 -0.06 0.14
283.70 2.70 0.19 -0.90 10.60 -0.28 0.12
320.47 2.75 0.18 -0.90 10.60 -0.22 0.03
342.05 2.71 0.19 -0.89 10.60 -0.16 0.03
17.64 1.12 0.23 -0.13 10.60 0.21 0.33
77.16 1.11 0.23 -0.13 10.60 -0.33 0.26
103.67 1.12 0.22 -0.13 10.60 0.04 0.32
134.43 1.13 0.22 -0.13 10.60 0.20 0.16
164.09 1.14 0.21 -0.13 10.60 -0.07 0.31
194.25 1.14 0.21 -0.13 10.60 0.24 0.19
226.11 1.12 0.22 -0.13 10.60 -0.22 0.14
313.54 1.11 0.23 -0.13 10.60 -0.13 0.30
345.53 1.11 0.23 -0.13 10.60 0.29 0.39
15.62 1.11 0.23 -0.20 10.60 0.40 0.18
46.06 1.11 0.23 -0.20 10.60 0.15 0.20
76.04 1.11 0.23 -0.20 10.60 0.27 0.21
104.04 1.11 0.22 -0.20 10.60 -0.17 0.18
133.22 1.12 0.22 -0.20 10.60 0.17 0.10
160.92 1.14 0.21 -0.20 10.60 0.05 0.14
196.50 1.14 0.21 -0.19 10.60 -0.15 0.22
228.54 1.12 0.22 -0.20 10.60 0.29 0.16
256.03 1.11 0.22 -0.20 10.60 -0.04 0.18
282.78 1.12 0.23 -0.20 10.60 -0.19 0.25
314.84 1.11 0.23 -0.20 10.60 -0.32 0.19
344.98 1.11 0.23 -0.20 10.60 0.40 0.20
15.44 1.11 0.23 -0.33 10.60 -0.11 0.14
44.55 1.11 0.23 -0.33 10.60 0.10 0.15
75.58 1.11 0.23 -0.32 10.60 0.31 0.21
103.77 1.12 0.22 -0.32 10.60 -0.10 0.18
133.57 1.13 0.22 -0.32 10.60 -0.09 0.11
161.95 1.14 0.21 -0.31 10.60 0.20 0.18
227.46 1.12 0.22 -0.32 10.60 -0.03 0.11
256.27 1.12 0.22 -0.32 10.60 -0.28 0.18
283.15 1.12 0.23 -0.33 10.60 -0.34 0.21
315.05 1.11 0.23 -0.33 10.60 -0.23 0.18
345.55 1.11 0.23 -0.32 10.60 -0.02 0.16
15.34 1.11 0.23 -0.50 10.60 0.07 0.11
44.13 1.11 0.23 -0.50 10.60 0.17 0.15
76.25 1.12 0.23 -0.49 10.60 0.02 0.23
102.87 1.12 0.22 -0.50 10.60 -0.05 0.20
132.15 1.13 0.22 -0.48 10.60 0.08 0.46
229.96 1.13 0.22 -0.49 10.60 0.05 0.12
257.72 1.12 0.22 -0.50 10.60 0.12 0.16
284.11 1.12 0.22 -0.50 10.60 -0.16 0.19
314.30 1.12 0.23 -0.50 10.60 0.17 0.19
346.32 1.12 0.23 -0.50 10.60 0.13 0.13
15.49 1.12 0.23 -0.70 10.60 0.14 0.12
44.19 1.11 0.23 -0.70 10.60 0.00 0.15
75.05 1.12 0.22 -0.70 10.60 0.60 0.24
101.99 1.13 0.22 -0.69 10.60 -0.09 0.26
130.60 1.14 0.21 -0.68 10.60 0.01 0.18
230.04 1.14 0.21 -0.69 10.60 0.07 0.17
259.09 1.12 0.22 -0.70 10.60 0.24 0.21
285.13 1.12 0.22 -0.70 10.60 -0.29 0.22
313.65 1.12 0.23 -0.70 10.60 -0.05 0.18
347.11 1.12 0.23 -0.70 10.60 -0.02 0.12
14.31 1.12 0.23 -0.90 10.60 0.24 0.13
45.85 1.11 0.22 -0.90 10.60 -0.26 0.18
73.97 1.12 0.22 -0.90 10.60 -0.37 0.35
101.37 1.13 0.22 -0.89 10.60 -0.51 0.37
259.33 1.13 0.22 -0.89 10.60 -0.03 0.24
285.21 1.11 0.22 -0.90 10.60 0.06 0.21
312.44 1.11 0.23 -0.90 10.60 -0.07 0.19
346.67 1.12 0.23 -0.90 10.60 -0.10 0.16
15.62 1.33 0.24 -0.13 10.60 -0.05 0.24
45.99 1.33 0.23 -0.13 10.60 0.02 0.22
76.15 1.33 0.23 -0.13 10.60 -0.05 0.22
104.24 1.33 0.23 -0.13 10.60 -0.33 0.25
134.04 1.34 0.23 -0.13 10.60 -0.16 0.13
163.61 1.34 0.22 -0.13 10.60 -0.03 0.16
195.05 1.34 0.22 -0.13 10.60 0.11 0.13
226.14 1.33 0.23 -0.13 10.60 -0.01 0.18
255.62 1.33 0.23 -0.13 10.60 -0.24 0.34
283.77 1.33 0.23 -0.13 10.60 -0.13 0.29
313.79 1.33 0.23 -0.13 10.60 0.20 0.21
346.00 1.33 0.23 -0.13 10.60 -0.35 0.22
15.45 1.33 0.23 -0.20 10.60 0.07 0.13
45.53 1.33 0.23 -0.20 10.60 0.04 0.15
76.48 1.33 0.23 -0.20 10.60 0.09 0.17
104.32 1.33 0.23 -0.20 10.60 -0.26 0.16
134.31 1.33 0.23 -0.20 10.60 -0.04 0.08
163.13 1.35 0.22 -0.20 10.60 0.06 0.10
194.83 1.35 0.22 -0.20 10.60 0.10 0.10
226.50 1.34 0.23 -0.20 10.60 -0.11 0.10
255.43 1.34 0.23 -0.20 10.60 0.00 0.18
283.48 1.33 0.23 -0.20 10.60 -0.05 0.21
314.01 1.33 0.23 -0.20 10.60 -0.32 0.15
346.24 1.34 0.23 -0.20 10.60 -0.28 0.15
15.41 1.33 0.23 -0.33 10.60 0.20 0.11
44.82 1.33 0.23 -0.33 10.60 0.12 0.12
76.16 1.33 0.23 -0.32 10.60 0.30 0.17
104.55 1.34 0.23 -0.32 10.60 0.02 0.15
134.76 1.34 0.23 -0.32 10.60 0.12 0.07
162.08 1.35 0.22 -0.32 10.60 0.14 0.12
195.70 1.35 0.22 -0.32 10.60 -0.06 0.10
226.66 1.34 0.23 -0.32 10.60 -0.09 0.09
255.79 1.33 0.23 -0.32 10.60 0.24 0.16
283.85 1.33 0.23 -0.33 10.60 0.23 0.18
314.42 1.33 0.23 -0.33 10.60 -0.15 0.18
345.90 1.33 0.23 -0.33 10.60 -0.13 0.12
14.90 1.33 0.23 -0.50 10.60 0.13 0.09
44.83 1.33 0.23 -0.50 10.60 0.31 0.11
76.09 1.33 0.23 -0.50 10.60 0.16 0.17
103.81 1.34 0.23 -0.50 10.60 0.12 0.16
134.54 1.34 0.22 -0.49 10.60 0.10 0.08
162.38 1.36 0.22 -0.49 10.60 0.07 0.13
195.76 1.36 0.22 -0.49 10.60 -0.07 0.11
227.07 1.34 0.23 -0.49 10.60 0.14 0.08
256.05 1.34 0.23 -0.50 10.60 0.02 0.14
284.23 1.33 0.23 -0.50 10.60 -0.35 0.17
313.75 1.33 0.23 -0.50 10.60 -0.14 0.14
346.13 1.33 0.23 -0.50 10.60 -0.17 0.09
14.75 1.33 0.23 -0.70 10.60 0.18 0.09
45.16 1.33 0.23 -0.70 10.60 0.10 0.12
75.31 1.33 0.23 -0.70 10.60 0.02 0.19
103.51 1.34 0.23 -0.69 10.60 0.24 0.15
133.69 1.35 0.22 -0.70 10.60 0.09 0.10
161.71 1.37 0.22 -0.69 10.60 -0.29 0.34
196.71 1.37 0.22 -0.68 10.60 -0.06 0.18
227.83 1.35 0.23 -0.69 10.60 0.02 0.12
256.80 1.34 0.23 -0.69 10.60 -0.00 0.16
284.35 1.33 0.23 -0.70 10.60 -0.14 0.18
313.04 1.33 0.23 -0.70 10.60 -0.24 0.14
346.75 1.33 0.23 -0.70 10.60 0.02 0.09
13.87 1.33 0.23 -0.90 10.60 0.22 0.09
45.46 1.33 0.23 -0.90 10.60 0.13 0.15
75.10 1.33 0.23 -0.90 10.60 -0.23 0.21
102.92 1.34 0.23 -0.89 10.60 -0.06 0.16
132.35 1.35 0.22 -0.89 10.60 -0.06 0.12
160.16 1.39 0.21 -0.87 10.60 0.15 0.25
197.74 1.39 0.21 -0.88 10.60 -0.09 0.28
228.55 1.35 0.22 -0.89 10.60 -0.11 0.18
257.64 1.34 0.23 -0.90 10.60 -0.29 0.16
284.85 1.33 0.23 -0.90 10.60 -0.08 0.18
313.07 1.33 0.23 -0.90 10.60 -0.31 0.14
347.74 1.33 0.23 -0.90 10.60 0.13 0.11
14.98 1.70 0.23 -0.13 10.60 -0.25 0.13
45.08 1.70 0.23 -0.13 10.60 0.17 0.12
76.24 1.69 0.23 -0.13 10.60 0.14 0.14
105.35 1.68 0.23 -0.13 10.60 0.30 0.16
134.13 1.69 0.23 -0.13 10.60 0.14 0.12
164.68 1.70 0.23 -0.13 10.60 -0.17 0.11
194.24 1.70 0.23 -0.13 10.60 -0.06 0.11
225.04 1.68 0.24 -0.13 10.60 -0.08 0.16
255.11 1.68 0.23 -0.13 10.60 -0.26 0.21
283.90 1.68 0.24 -0.13 10.60 -0.29 0.26
315.59 1.69 0.24 -0.13 10.60 -0.41 0.14
345.76 1.70 0.23 -0.13 10.60 -0.23 0.13
14.91 1.70 0.23 -0.20 10.60 0.17 0.08
45.24 1.69 0.24 -0.20 10.60 0.13 0.08
76.02 1.68 0.23 -0.20 10.60 0.38 0.10
104.60 1.68 0.23 -0.20 10.60 0.14 0.11
134.49 1.69 0.23 -0.20 10.60 -0.02 0.09
164.32 1.69 0.23 -0.20 10.60 0.01 0.08
194.50 1.70 0.23 -0.20 10.60 0.03 0.09
225.40 1.69 0.24 -0.20 10.60 -0.05 0.10
254.73 1.68 0.23 -0.20 10.60 -0.45 0.13
284.23 1.68 0.24 -0.20 10.60 -0.18 0.13
314.64 1.69 0.24 -0.20 10.60 -0.29 0.10
346.31 1.70 0.23 -0.20 10.60 -0.12 0.08
14.96 1.69 0.23 -0.33 10.60 -0.02 0.06
44.94 1.69 0.23 -0.32 10.60 0.14 0.08
76.05 1.68 0.23 -0.32 10.60 0.40 0.11
105.00 1.68 0.23 -0.32 10.60 0.23 0.11
135.07 1.69 0.24 -0.32 10.60 0.10 0.08
164.39 1.70 0.23 -0.32 10.60 0.03 0.08
194.81 1.70 0.23 -0.32 10.60 -0.10 0.08
225.06 1.69 0.24 -0.32 10.60 0.01 0.09
255.16 1.67 0.23 -0.32 10.60 -0.15 0.15
283.93 1.68 0.24 -0.33 10.60 -0.30 0.14
315.27 1.68 0.24 -0.32 10.60 -0.37 0.11
345.81 1.69 0.23 -0.32 10.60 0.01 0.07
14.67 1.70 0.23 -0.50 10.60 0.08 0.05
44.64 1.69 0.23 -0.50 10.60 0.11 0.08
76.09 1.68 0.24 -0.50 10.60 0.34 0.15
104.68 1.68 0.23 -0.50 10.60 0.35 0.12
135.23 1.69 0.23 -0.49 10.60 0.08 0.08
163.71 1.70 0.23 -0.49 10.60 -0.01 0.07
195.37 1.70 0.23 -0.49 10.60 -0.03 0.08
225.47 1.69 0.24 -0.50 10.60 -0.19 0.09
255.53 1.67 0.23 -0.50 10.60 -0.12 0.16
283.51 1.67 0.23 -0.50 10.60 -0.24 0.13
314.40 1.68 0.23 -0.50 10.60 -0.48 0.10
346.65 1.70 0.23 -0.50 10.60 -0.03 0.06
14.32 1.69 0.23 -0.70 10.60 0.13 0.06
44.82 1.68 0.23 -0.70 10.60 0.09 0.09
76.08 1.68 0.23 -0.70 10.60 0.24 0.14
104.28 1.69 0.23 -0.69 10.60 -0.03 0.15
135.37 1.69 0.23 -0.69 10.60 -0.08 0.10
163.19 1.71 0.23 -0.70 10.60 -0.12 0.09
195.78 1.71 0.23 -0.69 10.60 0.04 0.09
225.45 1.69 0.24 -0.70 10.60 -0.07 0.09
256.41 1.68 0.23 -0.70 10.60 0.15 0.15
284.04 1.68 0.24 -0.70 10.60 -0.39 0.14
313.24 1.68 0.23 -0.70 10.60 -0.47 0.10
347.63 1.69 0.23 -0.70 10.60 -0.12 0.06
13.25 1.69 0.23 -0.90 10.60 0.18 0.06
45.27 1.68 0.24 -0.89 10.60 0.24 0.11
75.42 1.67 0.23 -0.90 10.60 0.52 0.17
104.20 1.68 0.23 -0.90 10.60 -0.07 0.15
134.72 1.70 0.23 -0.89 10.60 0.16 0.10
162.79 1.72 0.22 -0.88 10.60 -0.06 0.11
196.95 1.73 0.23 -0.88 10.60 -0.05 0.11
225.54 1.69 0.23 -0.90 10.60 -0.08 0.12
256.61 1.68 0.23 -0.90 10.60 -0.19 0.15
284.14 1.68 0.23 -0.90 10.60 -0.26 0.14
313.06 1.68 0.23 -0.90 10.60 -0.20 0.13
348.37 1.69 0.23 -0.90 10.60 -0.11 0.07
15.74 2.21 0.23 -0.13 10.60 0.02 0.08
43.79 2.20 0.24 -0.13 10.60 0.18 0.08
75.43 2.18 0.24 -0.13 10.60 0.31 0.12
104.77 2.17 0.23 -0.13 10.60 0.44 0.13
135.42 2.17 0.24 -0.13 10.60 0.16 0.15
164.45 2.17 0.24 -0.13 10.60 0.03 0.13
194.08 2.17 0.24 -0.13 10.60 -0.08 0.13
224.46 2.17 0.24 -0.13 10.60 -0.08 0.18
254.55 2.16 0.24 -0.13 10.60 -0.41 0.20
284.51 2.17 0.24 -0.13 10.60 -0.55 0.15
316.35 2.17 0.24 -0.13 10.60 -0.23 0.11
345.93 2.19 0.23 -0.13 10.60 -0.10 0.09
15.47 2.20 0.23 -0.20 10.60 -0.03 0.05
44.22 2.20 0.24 -0.20 10.60 0.31 0.06
75.77 2.18 0.24 -0.20 10.60 0.28 0.07
104.68 2.17 0.23 -0.20 10.60 0.36 0.08
134.98 2.16 0.24 -0.20 10.60 0.22 0.09
164.71 2.17 0.24 -0.20 10.60 0.04 0.09
194.25 2.16 0.24 -0.20 10.60 -0.11 0.09
224.61 2.16 0.24 -0.20 10.60 -0.19 0.13
255.16 2.16 0.24 -0.20 10.60 -0.36 0.12
284.43 2.17 0.24 -0.20 10.60 -0.13 0.12
315.83 2.19 0.24 -0.20 10.60 -0.09 0.08
345.95 2.20 0.24 -0.20 10.60 -0.15 0.06
15.13 2.19 0.23 -0.32 10.60 0.15 0.05
43.91 2.19 0.24 -0.32 10.60 0.27 0.05
75.84 2.18 0.24 -0.32 10.60 0.30 0.08
105.25 2.16 0.24 -0.32 10.60 0.04 0.09
134.89 2.17 0.24 -0.32 10.60 0.02 0.09
164.16 2.17 0.24 -0.32 10.60 -0.03 0.08
194.28 2.16 0.24 -0.32 10.60 -0.01 0.09
224.72 2.16 0.24 -0.32 10.60 0.30 0.15
254.77 2.18 0.24 -0.32 10.60 -0.28 0.15
284.57 2.17 0.24 -0.32 10.60 -0.39 0.12
315.64 2.18 0.24 -0.32 10.60 -0.25 0.10
346.65 2.19 0.23 -0.32 10.60 -0.14 0.05
14.92 2.19 0.23 -0.50 10.60 0.08 0.04
43.94 2.18 0.24 -0.50 10.60 0.17 0.06
75.87 2.17 0.24 -0.50 10.60 0.24 0.10
104.85 2.17 0.24 -0.50 10.60 0.16 0.11
135.28 2.16 0.24 -0.50 10.60 0.08 0.09
163.50 2.17 0.24 -0.50 10.60 -0.04 0.08
194.65 2.16 0.24 -0.49 10.60 -0.05 0.09
224.96 2.16 0.24 -0.50 10.60 -0.37 0.14
255.15 2.17 0.24 -0.50 10.60 -0.21 0.19
283.99 2.17 0.24 -0.50 10.60 -0.27 0.14
314.81 2.18 0.24 -0.50 10.60 -0.21 0.10
347.18 2.18 0.23 -0.50 10.60 -0.13 0.05
14.24 2.19 0.23 -0.70 10.60 0.06 0.05
43.68 2.18 0.24 -0.70 10.60 0.15 0.07
75.73 2.17 0.24 -0.70 10.60 0.35 0.12
104.89 2.17 0.24 -0.70 10.60 -0.06 0.16
135.27 2.17 0.24 -0.69 10.60 0.09 0.11
163.35 2.18 0.24 -0.70 10.60 -0.01 0.08
195.26 2.16 0.24 -0.69 10.60 0.07 0.09
224.80 2.16 0.24 -0.70 10.60 -0.08 0.15
256.04 2.16 0.24 -0.70 10.60 -0.35 0.17
284.68 2.17 0.24 -0.70 10.60 -0.32 0.13
313.46 2.18 0.24 -0.70 10.60 -0.29 0.11
347.77 2.18 0.24 -0.70 10.60 -0.02 0.05
13.46 2.19 0.23 -0.90 10.60 0.09 0.05
44.17 2.17 0.24 -0.89 10.60 0.32 0.09
75.62 2.17 0.24 -0.90 10.60 0.31 0.17
104.50 2.17 0.24 -0.90 10.60 -0.02 0.16
135.82 2.18 0.24 -0.90 10.60 -0.01 0.15
163.28 2.17 0.24 -0.89 10.60 0.08 0.10
195.17 2.17 0.24 -0.89 10.60 -0.14 0.11
224.65 2.16 0.24 -0.90 10.60 0.06 0.15
256.45 2.17 0.24 -0.90 10.60 -0.14 0.17
284.50 2.17 0.24 -0.90 10.60 -0.33 0.13
313.12 2.18 0.24 -0.90 10.60 -0.21 0.11
348.84 2.19 0.23 -0.90 10.60 -0.06 0.06
15.88 2.93 0.23 -0.13 10.60 0.22 0.07
44.06 2.88 0.24 -0.13 10.60 0.04 0.08
75.59 2.87 0.23 -0.13 10.60 0.37 0.08
104.15 2.85 0.23 -0.13 10.60 0.35 0.10
135.04 2.85 0.23 -0.13 10.60 0.34 0.13
164.89 2.87 0.24 -0.13 10.60 0.06 0.13
194.07 2.86 0.24 -0.13 10.60 -0.00 0.16
224.77 2.85 0.23 -0.13 10.60 -0.12 0.23
256.16 2.85 0.23 -0.13 10.60 -0.21 0.23
285.08 2.86 0.24 -0.13 10.60 -0.40 0.14
318.32 2.88 0.23 -0.13 10.60 -0.24 0.11
346.09 2.93 0.23 -0.13 10.60 -0.18 0.07
15.71 2.93 0.23 -0.20 10.60 0.08 0.05
43.84 2.87 0.24 -0.20 10.60 0.26 0.05
75.53 2.87 0.23 -0.20 10.60 0.46 0.06
103.80 2.86 0.23 -0.20 10.60 0.20 0.08
135.20 2.86 0.23 -0.20 10.60 0.07 0.10
164.26 2.85 0.24 -0.20 10.60 -0.14 0.11
194.02 2.85 0.24 -0.20 10.60 -0.04 0.10
225.04 2.85 0.23 -0.20 10.60 -0.08 0.13
256.45 2.86 0.23 -0.20 10.60 -0.46 0.12
284.71 2.87 0.24 -0.20 10.60 -0.50 0.10
317.60 2.90 0.23 -0.20 10.60 -0.28 0.07
345.82 2.94 0.23 -0.20 10.60 -0.08 0.05
15.06 2.93 0.23 -0.33 10.60 0.04 0.04
43.04 2.88 0.23 -0.32 10.60 0.15 0.05
75.68 2.87 0.23 -0.32 10.60 0.16 0.07
104.09 2.85 0.23 -0.32 10.60 0.16 0.08
135.24 2.85 0.24 -0.32 10.60 0.08 0.10
164.05 2.84 0.24 -0.32 10.60 -0.01 0.11
194.39 2.84 0.24 -0.32 10.60 -0.09 0.12
225.05 2.85 0.24 -0.32 10.60 -0.47 0.17
255.32 2.87 0.23 -0.32 10.60 -0.21 0.13
284.27 2.87 0.24 -0.32 10.60 -0.26 0.11
317.60 2.95 0.23 -0.32 10.60 -0.13 0.08
346.27 2.96 0.23 -0.33 10.60 -0.15 0.04
14.43 2.95 0.23 -0.50 10.60 0.10 0.03
42.12 2.90 0.23 -0.50 10.60 0.18 0.05
76.01 2.86 0.24 -0.50 10.60 0.12 0.08
104.95 2.85 0.24 -0.50 10.60 0.30 0.10
135.31 2.86 0.24 -0.49 10.60 -0.18 0.11
164.21 2.85 0.24 -0.49 10.60 -0.18 0.11
194.39 2.83 0.24 -0.49 10.60 0.04 0.12
225.42 2.84 0.24 -0.50 10.60 -0.04 0.19
255.56 2.86 0.24 -0.50 10.60 -0.35 0.12
284.85 2.87 0.23 -0.50 10.60 -0.38 0.09
316.93 2.97 0.23 -0.50 10.60 -0.27 0.07
346.52 2.97 0.23 -0.50 10.60 -0.10 0.04
14.17 2.95 0.23 -0.70 10.60 0.05 0.03
41.24 2.92 0.23 -0.70 10.60 0.09 0.06
76.09 2.86 0.24 -0.69 10.60 0.28 0.11
104.40 2.84 0.24 -0.69 10.60 0.09 0.12
135.39 2.86 0.24 -0.70 10.60 0.15 0.14
163.92 2.83 0.24 -0.70 10.60 0.15 0.12
194.04 2.83 0.24 -0.69 10.60 -0.30 0.14
226.01 2.85 0.24 -0.69 10.60 -0.11 0.16
256.03 2.85 0.24 -0.70 10.60 -0.15 0.15
285.13 2.85 0.23 -0.70 10.60 -0.38 0.09
316.96 2.97 0.23 -0.71 10.60 -0.11 0.06
346.26 2.96 0.22 -0.70 10.60 -0.06 0.03
13.92 2.93 0.23 -0.90 10.60 0.05 0.03
40.71 2.95 0.23 -0.90 10.60 0.33 0.07
76.07 2.85 0.24 -0.90 10.60 0.13 0.16
104.88 2.83 0.24 -0.90 10.60 0.12 0.19
135.62 2.84 0.24 -0.90 10.60 0.03 0.17
164.10 2.84 0.24 -0.90 10.60 0.08 0.14
194.44 2.84 0.24 -0.89 10.60 -0.11 0.16
225.16 2.84 0.24 -0.90 10.60 -0.31 0.25
256.57 2.84 0.24 -0.90 10.60 0.06 0.17
284.95 2.86 0.23 -0.90 10.60 -0.36 0.11
317.02 2.96 0.23 -0.90 10.60 -0.22 0.06
346.09 2.93 0.22 -0.90 10.60 -0.11 0.03
14.36 3.61 0.24 -0.13 10.60 -0.00 0.09
42.65 3.55 0.24 -0.13 10.60 0.33 0.17
76.07 3.53 0.25 -0.13 10.60 0.28 0.14
103.79 3.55 0.24 -0.13 10.60 0.01 0.25
134.94 3.60 0.25 -0.13 10.60 0.16 0.25
163.94 3.56 0.25 -0.13 10.60 0.54 0.20
194.11 3.52 0.25 -0.13 10.60 -0.07 0.25
224.44 3.57 0.24 -0.13 10.60 -0.16 0.36
283.60 3.57 0.25 -0.13 10.60 -0.49 0.40
346.56 3.62 0.24 -0.13 10.60 -0.15 0.07
14.23 3.62 0.24 -0.20 10.60 -0.03 0.04
41.19 3.57 0.24 -0.20 10.60 0.02 0.07
75.98 3.55 0.25 -0.20 10.60 0.15 0.10
103.46 3.54 0.24 -0.20 10.60 0.13 0.12
135.03 3.53 0.24 -0.20 10.60 0.02 0.16
164.46 3.53 0.24 -0.20 10.60 0.21 0.18
192.85 3.56 0.24 -0.20 10.60 0.02 0.18
225.76 3.55 0.24 -0.20 10.60 -0.45 0.19
255.22 3.55 0.24 -0.20 10.60 -0.37 0.20
284.09 3.57 0.25 -0.20 10.60 -0.26 0.15
320.19 3.58 0.24 -0.20 10.60 -0.03 0.11
346.11 3.60 0.24 -0.20 10.60 -0.01 0.05
14.30 3.61 0.24 -0.33 10.60 0.12 0.05
40.70 3.58 0.24 -0.32 10.60 0.11 0.06
75.80 3.57 0.25 -0.32 10.60 0.27 0.11
103.82 3.57 0.25 -0.32 10.60 0.27 0.12
134.89 3.56 0.24 -0.32 10.60 -0.02 0.19
164.21 3.55 0.25 -0.32 10.60 0.05 0.15
195.25 3.56 0.25 -0.33 10.60 0.02 0.21
225.84 3.57 0.25 -0.32 10.60 -0.66 0.18
256.09 3.56 0.24 -0.32 10.60 -0.33 0.13
284.66 3.60 0.25 -0.33 10.60 -0.22 0.16
320.31 3.58 0.24 -0.33 10.60 -0.14 0.07
345.95 3.61 0.24 -0.32 10.60 -0.12 0.04
14.28 3.60 0.24 -0.50 10.60 0.07 0.03
39.46 3.59 0.24 -0.50 10.60 0.15 0.06
76.49 3.59 0.25 -0.49 10.60 0.33 0.12
105.07 3.57 0.25 -0.49 10.60 0.07 0.15
134.91 3.58 0.25 -0.49 10.60 -0.24 0.19
163.74 3.56 0.25 -0.49 10.60 -0.40 0.20
194.82 3.56 0.25 -0.49 10.60 -0.35 0.27
226.33 3.55 0.24 -0.49 10.60 0.22 0.22
255.79 3.57 0.25 -0.49 10.60 -0.20 0.17
285.08 3.58 0.25 -0.50 10.60 -0.37 0.12
320.44 3.61 0.24 -0.50 10.60 -0.18 0.05
345.44 3.62 0.24 -0.50 10.60 -0.09 0.03
14.67 3.60 0.24 -0.70 10.60 0.08 0.03
38.78 3.60 0.24 -0.70 10.60 0.25 0.06
76.15 3.58 0.25 -0.69 10.60 -0.02 0.18
104.10 3.57 0.25 -0.70 10.60 0.37 0.17
135.24 3.54 0.25 -0.69 10.60 0.02 0.21
163.80 3.55 0.24 -0.70 10.60 -0.13 0.28
194.78 3.59 0.25 -0.69 10.60 0.17 0.27
226.10 3.56 0.25 -0.70 10.60 0.49 0.31
254.89 3.58 0.25 -0.70 10.60 -0.00 0.17
283.58 3.58 0.25 -0.70 10.60 -0.32 0.16
320.83 3.61 0.24 -0.70 10.60 -0.22 0.06
344.93 3.60 0.24 -0.70 10.60 -0.12 0.03
15.91 3.59 0.24 -0.90 10.60 0.05 0.04
38.19 3.60 0.24 -0.89 10.60 0.18 0.06
77.15 3.59 0.25 -0.89 10.60 0.37 0.22
104.28 3.55 0.25 -0.90 10.60 0.43 0.23
135.29 3.57 0.25 -0.89 10.60 0.59 0.26
163.54 3.54 0.25 -0.89 10.60 0.21 0.21
195.51 3.55 0.25 -0.90 10.60 -0.59 0.26
226.34 3.56 0.24 -0.89 10.60 0.00 0.43
256.53 3.59 0.24 -0.89 10.60 -0.24 0.15
285.46 3.56 0.25 -0.90 10.60 -0.46 0.12
321.06 3.60 0.24 -0.90 10.60 -0.15 0.06
343.81 3.59 0.25 -0.90 10.60 -0.08 0.04
15.77 1.35 0.29 -0.13 10.60 -0.04 0.31
257.35 1.37 0.29 -0.13 10.60 0.64 0.29
15.49 1.36 0.29 -0.20 10.60 0.19 0.26
45.72 1.36 0.29 -0.20 10.60 0.07 0.18
45.31 1.35 0.29 -0.32 10.60 0.18 0.20
74.23 1.35 0.29 -0.32 10.60 0.29 0.32
104.76 1.38 0.29 -0.32 10.60 -0.56 0.50
256.37 1.37 0.29 -0.32 10.60 -0.78 0.48
15.13 1.36 0.29 -0.49 10.60 0.18 0.17
102.80 1.38 0.28 -0.49 10.60 -0.03 0.16
314.86 1.35 0.29 -0.50 10.60 0.14 0.22
14.49 1.35 0.29 -0.70 10.60 -0.31 0.16
73.61 1.36 0.29 -0.69 10.60 -0.60 0.28
100.20 1.38 0.28 -0.70 10.60 0.28 0.33
314.03 1.35 0.29 -0.70 10.60 -0.04 0.22
45.57 1.37 0.29 -0.89 10.60 -0.07 0.28
259.31 1.40 0.28 -0.89 10.60 -0.64 0.49
286.68 1.37 0.28 -0.90 10.60 -0.15 0.35
313.34 1.36 0.29 -0.91 10.60 0.06 0.33
347.20 1.35 0.29 -0.90 10.60 -0.19 0.17
15.49 1.72 0.30 -0.13 10.60 -0.09 0.20
45.73 1.71 0.30 -0.13 10.60 0.47 0.17
75.17 1.71 0.30 -0.13 10.60 -0.12 0.20
105.24 1.72 0.30 -0.13 10.60 0.16 0.13
133.24 1.74 0.30 -0.13 10.60 0.13 0.16
163.30 1.79 0.29 -0.13 10.60 -0.38 0.27
195.85 1.77 0.29 -0.13 10.60 -0.16 0.25
226.93 1.74 0.30 -0.13 10.60 0.05 0.11
254.24 1.72 0.30 -0.13 10.60 -0.15 0.18
284.81 1.71 0.30 -0.13 10.60 -0.29 0.28
314.36 1.71 0.31 -0.13 10.60 -0.21 0.21
344.84 1.72 0.30 -0.13 10.60 -0.11 0.19
15.20 1.72 0.30 -0.20 10.60 0.03 0.13
45.69 1.72 0.30 -0.20 10.60 0.17 0.11
74.84 1.71 0.30 -0.20 10.60 0.19 0.18
105.66 1.73 0.30 -0.20 10.60 -0.18 0.09
133.61 1.75 0.30 -0.20 10.60 -0.01 0.09
162.68 1.78 0.29 -0.20 10.60 0.14 0.14
195.36 1.77 0.29 -0.20 10.60 -0.09 0.14
226.51 1.75 0.30 -0.20 10.60 -0.09 0.08
254.05 1.72 0.30 -0.20 10.60 -0.06 0.11
284.97 1.70 0.30 -0.20 10.60 -0.31 0.17
315.30 1.71 0.31 -0.20 10.60 -0.24 0.13
345.00 1.72 0.30 -0.20 10.60 0.15 0.13
15.57 1.71 0.30 -0.32 10.60 0.11 0.12
45.24 1.71 0.30 -0.32 10.60 0.30 0.12
75.16 1.71 0.30 -0.32 10.60 -0.10 0.16
105.83 1.73 0.30 -0.32 10.60 0.04 0.08
134.01 1.76 0.30 -0.32 10.60 -0.02 0.08
163.05 1.79 0.29 -0.32 10.60 0.08 0.15
196.18 1.78 0.29 -0.32 10.60 0.20 0.14
226.68 1.75 0.30 -0.32 10.60 -0.22 0.08
254.95 1.73 0.30 -0.32 10.60 -0.08 0.09
284.54 1.71 0.30 -0.32 10.60 -0.60 0.17
315.29 1.71 0.31 -0.32 10.60 -0.26 0.14
345.16 1.72 0.30 -0.32 10.60 -0.13 0.12
15.01 1.71 0.30 -0.50 10.60 0.22 0.11
44.79 1.72 0.31 -0.50 10.60 0.09 0.12
75.03 1.71 0.30 -0.50 10.60 0.13 0.17
105.12 1.73 0.30 -0.50 10.60 0.09 0.07
132.70 1.76 0.30 -0.49 10.60 -0.02 0.08
161.96 1.80 0.29 -0.48 10.60 -0.15 0.25
196.41 1.79 0.29 -0.48 10.60 -0.14 0.19
227.49 1.75 0.30 -0.49 10.60 -0.02 0.08
255.94 1.72 0.30 -0.50 10.60 0.20 0.09
284.46 1.71 0.30 -0.50 10.60 -0.16 0.17
314.90 1.72 0.30 -0.50 10.60 -0.44 0.15
346.13 1.72 0.30 -0.50 10.60 -0.14 0.11
14.66 1.71 0.30 -0.70 10.60 0.02 0.11
44.95 1.71 0.30 -0.70 10.60 0.19 0.13
74.81 1.71 0.30 -0.70 10.60 -0.08 0.20
104.78 1.74 0.30 -0.69 10.60 -0.11 0.08
130.50 1.77 0.29 -0.69 10.60 0.04 0.10
198.38 1.81 0.28 -0.68 10.60 0.30 0.26
228.97 1.76 0.29 -0.69 10.60 -0.15 0.10
255.97 1.72 0.30 -0.70 10.60 0.02 0.09
284.57 1.71 0.30 -0.70 10.60 0.03 0.16
314.70 1.71 0.30 -0.70 10.60 -0.31 0.15
346.41 1.72 0.30 -0.70 10.60 -0.18 0.09
14.05 1.71 0.30 -0.90 10.60 0.01 0.11
44.77 1.72 0.30 -0.90 10.60 0.05 0.15
74.32 1.71 0.30 -0.90 10.60 -0.18 0.20
104.74 1.74 0.30 -0.89 10.60 0.03 0.11
129.02 1.78 0.29 -0.88 10.60 0.04 0.15
230.91 1.77 0.29 -0.88 10.60 -0.01 0.13
256.25 1.73 0.30 -0.89 10.60 -0.22 0.11
284.67 1.72 0.30 -0.90 10.60 -0.28 0.20
313.70 1.71 0.30 -0.90 10.60 0.12 0.16
346.96 1.71 0.30 -0.90 10.60 -0.09 0.11
15.30 2.21 0.31 -0.13 10.60 -0.10 0.13
45.19 2.20 0.31 -0.13 10.60 0.07 0.14
75.56 2.19 0.31 -0.13 10.60 0.33 0.21
105.70 2.20 0.31 -0.13 10.60 0.05 0.15
134.28 2.20 0.31 -0.13 10.60 -0.11 0.12
164.00 2.22 0.31 -0.13 10.60 0.03 0.14
195.02 2.22 0.30 -0.13 10.60 0.11 0.14
225.56 2.20 0.31 -0.13 10.60 0.01 0.13
253.13 2.20 0.31 -0.13 10.60 -0.37 0.20
284.50 2.19 0.31 -0.13 10.60 -0.83 0.19
315.34 2.20 0.31 -0.13 10.60 -0.25 0.16
345.73 2.20 0.31 -0.13 10.60 -0.04 0.12
15.40 2.21 0.31 -0.20 10.60 0.14 0.08
44.90 2.20 0.31 -0.20 10.60 0.21 0.09
75.08 2.20 0.31 -0.20 10.60 0.11 0.14
105.92 2.20 0.31 -0.20 10.60 0.22 0.10
134.98 2.21 0.31 -0.20 10.60 0.07 0.07
163.75 2.22 0.31 -0.20 10.60 0.01 0.09
195.11 2.23 0.31 -0.20 10.60 -0.08 0.10
225.27 2.20 0.31 -0.20 10.60 -0.02 0.09
253.79 2.20 0.31 -0.20 10.60 -0.11 0.13
284.60 2.19 0.31 -0.20 10.60 -0.34 0.16
315.08 2.20 0.31 -0.20 10.60 -0.34 0.10
345.33 2.21 0.31 -0.20 10.60 -0.07 0.09
15.08 2.21 0.31 -0.32 10.60 0.14 0.09
45.35 2.21 0.31 -0.32 10.60 0.16 0.09
75.03 2.20 0.31 -0.33 10.60 0.35 0.14
105.83 2.20 0.31 -0.32 10.60 0.04 0.08
135.26 2.21 0.31 -0.32 10.60 0.06 0.07
163.32 2.23 0.31 -0.32 10.60 0.03 0.08
195.25 2.22 0.30 -0.32 10.60 -0.10 0.07
225.01 2.20 0.31 -0.32 10.60 0.00 0.08
253.99 2.21 0.31 -0.33 10.60 -0.09 0.11
284.15 2.19 0.31 -0.32 10.60 -0.35 0.16
314.87 2.20 0.31 -0.32 10.60 -0.16 0.11
345.88 2.20 0.31 -0.32 10.60 -0.15 0.08
14.84 2.21 0.31 -0.50 10.60 0.10 0.07
45.08 2.20 0.31 -0.50 10.60 0.21 0.09
75.20 2.20 0.31 -0.50 10.60 0.20 0.13
105.64 2.20 0.31 -0.50 10.60 0.07 0.09
134.98 2.21 0.31 -0.49 10.60 -0.09 0.07
163.19 2.23 0.30 -0.49 10.60 0.08 0.08
195.77 2.23 0.30 -0.49 10.60 -0.16 0.09
225.68 2.21 0.31 -0.49 10.60 -0.23 0.07
254.64 2.20 0.31 -0.50 10.60 -0.10 0.10
284.17 2.20 0.31 -0.50 10.60 -0.06 0.16
315.20 2.21 0.31 -0.50 10.60 -0.22 0.11
346.14 2.20 0.31 -0.50 10.60 -0.06 0.07
14.51 2.21 0.31 -0.70 10.60 0.04 0.08
44.96 2.20 0.31 -0.70 10.60 0.00 0.10
74.99 2.21 0.31 -0.70 10.60 -0.02 0.20
105.49 2.20 0.31 -0.70 10.60 0.03 0.10
133.82 2.22 0.31 -0.70 10.60 -0.08 0.08
162.65 2.26 0.30 -0.69 10.60 0.12 0.10
196.75 2.24 0.30 -0.69 10.60 0.00 0.11
226.78 2.21 0.31 -0.69 10.60 -0.05 0.09
254.58 2.21 0.31 -0.70 10.60 -0.05 0.11
284.11 2.21 0.31 -0.70 10.60 -0.48 0.18
314.53 2.19 0.31 -0.70 10.60 0.30 0.14
346.50 2.20 0.31 -0.70 10.60 -0.19 0.07
14.20 2.20 0.31 -0.90 10.60 0.09 0.07
45.34 2.20 0.31 -0.90 10.60 0.12 0.12
75.01 2.20 0.31 -0.90 10.60 0.08 0.21
105.53 2.21 0.31 -0.89 10.60 0.07 0.10
131.91 2.23 0.30 -0.89 10.60 -0.09 0.10
160.48 2.28 0.29 -0.86 10.60 -0.40 0.24
199.08 2.27 0.29 -0.86 10.60 -0.16 0.22
227.93 2.23 0.30 -0.89 10.60 0.22 0.12
255.26 2.20 0.31 -0.90 10.60 0.05 0.10
284.38 2.20 0.31 -0.90 10.60 0.26 0.22
313.39 2.21 0.31 -0.90 10.60 -0.08 0.15
347.06 2.20 0.31 -0.90 10.60 -0.20 0.08
14.89 2.86 0.31 -0.13 10.60 0.07 0.11
44.86 2.85 0.31 -0.13 10.60 0.22 0.10
74.11 2.84 0.31 -0.13 10.60 0.07 0.17
106.04 2.83 0.32 -0.13 10.60 0.12 0.19
135.52 2.83 0.32 -0.13 10.60 0.02 0.15
163.83 2.84 0.31 -0.13 10.60 0.23 0.16
194.20 2.83 0.32 -0.13 10.60 0.04 0.14
225.35 2.83 0.32 -0.13 10.60 -0.34 0.18
253.88 2.81 0.32 -0.13 10.60 0.03 0.19
284.23 2.82 0.31 -0.13 10.60 -0.48 0.28
316.04 2.83 0.31 -0.13 10.60 -0.31 0.17
345.46 2.85 0.31 -0.13 10.60 -0.05 0.10
15.40 2.86 0.31 -0.20 10.60 -0.02 0.07
44.31 2.84 0.31 -0.20 10.60 0.22 0.07
74.88 2.84 0.31 -0.20 10.60 0.52 0.10
106.12 2.83 0.32 -0.20 10.60 0.15 0.11
135.48 2.83 0.32 -0.20 10.60 0.08 0.08
164.54 2.84 0.31 -0.20 10.60 -0.04 0.10
194.54 2.84 0.32 -0.20 10.60 -0.09 0.10
225.59 2.81 0.32 -0.20 10.60 -0.06 0.11
253.50 2.81 0.32 -0.20 10.60 -0.07 0.15
284.89 2.83 0.31 -0.20 10.60 -0.47 0.15
315.53 2.83 0.31 -0.20 10.60 -0.25 0.10
345.30 2.85 0.31 -0.20 10.60 -0.07 0.07
14.96 2.85 0.31 -0.32 10.60 0.22 0.07
44.63 2.84 0.31 -0.32 10.60 0.20 0.07
75.16 2.84 0.31 -0.32 10.60 0.23 0.12
105.53 2.83 0.32 -0.32 10.60 0.08 0.12
135.76 2.83 0.32 -0.32 10.60 -0.04 0.08
164.08 2.84 0.31 -0.32 10.60 0.03 0.09
194.97 2.83 0.31 -0.32 10.60 -0.01 0.09
225.10 2.82 0.32 -0.32 10.60 -0.13 0.10
253.97 2.82 0.32 -0.32 10.60 -0.06 0.15
284.40 2.82 0.31 -0.33 10.60 -0.66 0.14
315.47 2.83 0.31 -0.32 10.60 -0.54 0.09
346.08 2.85 0.31 -0.32 10.60 -0.05 0.07
14.90 2.86 0.31 -0.50 10.60 0.05 0.06
44.88 2.84 0.31 -0.50 10.60 0.27 0.07
75.20 2.83 0.32 -0.50 10.60 0.13 0.14
105.25 2.82 0.32 -0.50 10.60 0.35 0.11
135.60 2.82 0.32 -0.49 10.60 0.19 0.09
164.09 2.83 0.31 -0.49 10.60 0.04 0.09
194.96 2.83 0.32 -0.49 10.60 0.05 0.08
225.39 2.81 0.32 -0.49 10.60 -0.20 0.11
254.74 2.81 0.32 -0.50 10.60 0.05 0.14
283.99 2.83 0.32 -0.50 10.60 -0.27 0.15
315.37 2.83 0.32 -0.50 10.60 -0.13 0.12
346.26 2.86 0.31 -0.50 10.60 -0.31 0.06
14.91 2.85 0.31 -0.70 10.60 0.15 0.06
44.84 2.83 0.31 -0.70 10.60 0.07 0.09
75.45 2.84 0.32 -0.70 10.60 0.32 0.15
104.90 2.82 0.32 -0.70 10.60 -0.14 0.13
135.41 2.82 0.32 -0.70 10.60 -0.22 0.12
163.41 2.84 0.31 -0.69 10.60 -0.04 0.11
195.78 2.84 0.31 -0.69 10.60 0.03 0.13
225.69 2.82 0.32 -0.70 10.60 -0.33 0.12
254.83 2.82 0.32 -0.70 10.60 -0.11 0.18
284.65 2.82 0.32 -0.70 10.60 -0.58 0.18
314.20 2.83 0.32 -0.70 10.60 -0.45 0.12
346.87 2.83 0.31 -0.70 10.60 -0.09 0.07
14.08 2.85 0.31 -0.90 10.60 0.11 0.07
44.57 2.84 0.32 -0.90 10.60 0.33 0.10
75.06 2.81 0.32 -0.90 10.60 -0.06 0.19
104.86 2.82 0.32 -0.90 10.60 -0.13 0.13
134.21 2.84 0.31 -0.89 10.60 -0.01 0.15
162.88 2.87 0.30 -0.88 10.60 0.09 0.15
196.76 2.89 0.30 -0.87 10.60 -0.03 0.13
226.90 2.83 0.31 -0.89 10.60 -0.12 0.15
254.85 2.81 0.32 -0.90 10.60 -0.24 0.16
284.27 2.82 0.32 -0.90 10.60 -0.69 0.20
313.78 2.82 0.31 -0.90 10.60 0.04 0.15
347.92 2.83 0.31 -0.90 10.60 -0.09 0.08
15.46 3.74 0.31 -0.13 10.60 0.01 0.10
43.75 3.71 0.31 -0.13 10.60 0.09 0.11
74.77 3.74 0.31 -0.13 10.60 0.47 0.14
105.32 3.72 0.32 -0.13 10.60 0.06 0.15
135.18 3.71 0.32 -0.13 10.60 0.13 0.14
164.24 3.71 0.31 -0.13 10.60 -0.03 0.16
194.36 3.71 0.32 -0.13 10.60 -0.12 0.18
226.31 3.72 0.32 -0.13 10.60 -0.40 0.19
253.43 3.68 0.32 -0.13 10.60 -0.76 0.21
284.05 3.74 0.31 -0.13 10.60 -0.04 0.24
317.08 3.73 0.31 -0.13 10.60 -0.07 0.18
346.33 3.73 0.31 -0.13 10.60 0.04 0.10
15.55 3.76 0.30 -0.20 10.60 0.09 0.07
44.61 3.71 0.31 -0.20 10.60 0.21 0.07
74.41 3.76 0.31 -0.20 10.60 0.51 0.11
105.48 3.70 0.32 -0.20 10.60 0.14 0.12
135.26 3.71 0.32 -0.20 10.60 0.16 0.09
164.45 3.72 0.32 -0.20 10.60 -0.20 0.12
194.09 3.71 0.32 -0.20 10.60 -0.02 0.11
224.77 3.71 0.32 -0.20 10.60 -0.20 0.13
253.66 3.73 0.32 -0.20 10.60 -0.25 0.16
285.68 3.75 0.31 -0.20 10.60 -0.37 0.16
316.14 3.72 0.31 -0.20 10.60 -0.20 0.12
346.15 3.77 0.31 -0.20 10.60 -0.07 0.07
15.20 3.78 0.31 -0.32 10.60 -0.05 0.06
43.62 3.74 0.31 -0.32 10.60 0.17 0.07
74.52 3.73 0.31 -0.33 10.60 0.23 0.10
105.56 3.72 0.31 -0.32 10.60 0.15 0.12
135.62 3.71 0.32 -0.32 10.60 0.13 0.10
165.15 3.70 0.32 -0.32 10.60 0.02 0.09
194.19 3.70 0.32 -0.32 10.60 -0.03 0.10
225.33 3.72 0.32 -0.32 10.60 -0.25 0.14
254.50 3.71 0.32 -0.32 10.60 -0.25 0.16
285.94 3.73 0.31 -0.32 10.60 -0.18 0.15
315.68 3.76 0.31 -0.32 10.60 -0.15 0.12
346.19 3.80 0.30 -0.32 10.60 -0.11 0.07
14.62 3.81 0.30 -0.50 10.60 0.08 0.06
43.17 3.72 0.31 -0.50 10.60 0.30 0.07
75.27 3.74 0.31 -0.50 10.60 0.48 0.11
104.75 3.71 0.31 -0.50 10.60 0.13 0.13
135.72 3.71 0.32 -0.49 10.60 0.07 0.10
164.12 3.69 0.32 -0.49 10.60 0.05 0.11
194.40 3.70 0.32 -0.49 10.60 -0.07 0.11
225.07 3.71 0.32 -0.49 10.60 -0.11 0.13
254.36 3.71 0.31 -0.49 10.60 -0.49 0.19
285.76 3.73 0.31 -0.50 10.60 -0.40 0.14
315.03 3.77 0.31 -0.50 10.60 -0.12 0.11
346.52 3.82 0.30 -0.50 10.60 -0.07 0.06
14.42 3.81 0.30 -0.70 10.60 0.13 0.05
43.53 3.75 0.31 -0.69 10.60 0.18 0.09
75.33 3.73 0.31 -0.69 10.60 0.63 0.14
104.33 3.70 0.31 -0.70 10.60 -0.01 0.17
136.09 3.72 0.32 -0.69 10.60 0.17 0.12
163.50 3.69 0.32 -0.69 10.60 0.22 0.15
194.89 3.70 0.32 -0.70 10.60 0.03 0.13
225.45 3.69 0.32 -0.70 10.60 -0.08 0.19
255.39 3.72 0.31 -0.70 10.60 -0.41 0.17
284.80 3.73 0.31 -0.70 10.60 -0.46 0.15
314.51 3.79 0.31 -0.70 10.60 -0.41 0.10
346.99 3.86 0.30 -0.70 10.60 -0.02 0.06
13.90 3.84 0.30 -0.90 10.60 -0.07 0.06
42.76 3.74 0.31 -0.90 10.60 0.13 0.10
75.37 3.71 0.31 -0.90 10.60 0.33 0.18
104.57 3.71 0.32 -0.90 10.60 0.03 0.19
134.84 3.71 0.32 -0.89 10.60 0.02 0.20
162.75 3.73 0.31 -0.89 10.60 0.04 0.15
196.02 3.73 0.31 -0.88 10.60 -0.38 0.21
225.93 3.70 0.32 -0.90 10.60 -0.32 0.21
255.05 3.71 0.31 -0.89 10.60 -0.10 0.18
286.21 3.73 0.31 -0.90 10.60 -0.30 0.19
314.47 3.77 0.31 -0.90 10.60 -0.11 0.11
347.27 3.86 0.30 -0.90 10.60 -0.06 0.06
14.67 4.63 0.31 -0.13 10.60 0.12 0.20
76.30 4.71 0.32 -0.13 10.60 0.55 0.30
105.68 4.72 0.33 -0.13 10.60 0.36 0.46
134.70 4.66 0.33 -0.13 10.60 0.29 0.20
164.61 4.73 0.33 -0.13 10.60 -0.51 0.28
193.83 4.67 0.33 -0.13 10.60 -0.09 0.32
224.80 4.69 0.33 -0.13 10.60 0.09 0.35
285.41 4.74 0.33 -0.13 10.60 -0.89 0.46
13.77 4.68 0.31 -0.20 10.60 -0.10 0.09
43.99 4.65 0.32 -0.20 10.60 -0.13 0.14
75.08 4.72 0.33 -0.20 10.60 0.12 0.22
105.05 4.68 0.33 -0.20 10.60 0.08 0.16
135.16 4.65 0.33 -0.20 10.60 0.08 0.16
164.41 4.70 0.33 -0.20 10.60 0.05 0.17
194.27 4.71 0.33 -0.20 10.60 0.02 0.20
225.14 4.69 0.33 -0.20 10.60 -0.56 0.18
255.77 4.71 0.33 -0.20 10.60 -0.61 0.28
285.09 4.70 0.32 -0.20 10.60 0.08 0.28
317.22 4.66 0.32 -0.20 10.60 -0.12 0.26
14.00 4.70 0.31 -0.32 10.60 0.06 0.07
43.73 4.67 0.33 -0.32 10.60 0.51 0.11
74.77 4.69 0.32 -0.32 10.60 -0.05 0.17
105.79 4.70 0.33 -0.32 10.60 0.20 0.14
134.79 4.69 0.33 -0.32 10.60 0.20 0.15
165.01 4.70 0.33 -0.32 10.60 0.22 0.15
193.99 4.70 0.33 -0.32 10.60 -0.25 0.15
224.79 4.74 0.33 -0.32 10.60 -0.47 0.12
254.19 4.71 0.33 -0.33 10.60 -0.97 0.37
285.50 4.70 0.32 -0.32 10.60 -0.40 0.18
316.60 4.66 0.32 -0.33 10.60 -0.30 0.22
346.51 4.71 0.31 -0.33 10.60 -0.09 0.11
13.48 4.72 0.31 -0.51 10.60 0.06 0.06
41.49 4.66 0.32 -0.50 10.60 0.17 0.16
75.11 4.68 0.32 -0.49 10.60 0.40 0.14
105.71 4.75 0.33 -0.50 10.60 0.05 0.18
134.68 4.67 0.33 -0.49 10.60 0.09 0.14
164.29 4.72 0.33 -0.49 10.60 -0.22 0.14
194.99 4.72 0.33 -0.49 10.60 0.08 0.17
224.22 4.69 0.33 -0.49 10.60 0.06 0.22
254.24 4.71 0.33 -0.49 10.60 0.07 0.27
286.66 4.69 0.32 -0.50 10.60 -0.55 0.16
317.14 4.70 0.32 -0.51 10.60 -0.48 0.12
346.46 4.72 0.31 -0.51 10.60 -0.09 0.06
13.28 4.72 0.31 -0.70 10.60 -0.02 0.06
41.76 4.65 0.32 -0.70 10.60 0.22 0.12
75.02 4.70 0.32 -0.70 10.60 0.61 0.21
103.46 4.66 0.33 -0.70 10.60 0.38 0.20
134.52 4.72 0.33 -0.70 10.60 0.07 0.20
163.86 4.66 0.33 -0.70 10.60 -0.24 0.24
195.35 4.67 0.33 -0.70 10.60 0.08 0.19
225.60 4.72 0.33 -0.70 10.60 -0.22 0.28
255.08 4.68 0.32 -0.70 10.60 0.16 0.24
286.61 4.69 0.32 -0.70 10.60 -0.47 0.21
317.24 4.69 0.32 -0.70 10.60 -0.06 0.13
346.17 4.73 0.31 -0.70 10.60 -0.11 0.06
13.71 4.74 0.32 -0.90 10.60 0.03 0.06
39.52 4.68 0.32 -0.90 10.60 0.13 0.13
75.31 4.67 0.32 -0.90 10.60 0.50 0.20
105.18 4.62 0.33 -0.90 10.60 0.16 0.28
135.63 4.71 0.33 -0.89 10.60 0.13 0.26
163.81 4.66 0.33 -0.89 10.60 -0.15 0.29
195.94 4.70 0.33 -0.91 10.60 0.74 0.47
225.10 4.71 0.33 -0.89 10.60 -0.64 0.30
254.49 4.66 0.32 -0.89 10.60 -0.19 0.28
285.74 4.69 0.32 -0.90 10.60 -0.02 0.24
317.97 4.70 0.32 -0.90 10.60 -0.30 0.11
346.11 4.73 0.32 -0.90 10.60 -0.11 0.05
313.91 1.78 0.38 -0.20 10.60 -0.05 0.36
314.77 1.79 0.38 -0.32 10.60 -0.50 0.30
286.50 1.79 0.38 -0.69 10.60 -0.34 0.40
15.12 2.25 0.39 -0.13 10.60 0.00 0.37
45.16 2.22 0.39 -0.13 10.60 -0.41 0.24
77.58 2.23 0.39 -0.13 10.60 0.24 0.16
105.70 2.24 0.39 -0.13 10.60 0.10 0.11
132.18 2.27 0.39 -0.13 10.60 -0.19 0.15
162.62 2.34 0.38 -0.13 10.60 0.22 0.36
226.37 2.28 0.39 -0.13 10.60 -0.04 0.20
254.63 2.23 0.39 -0.13 10.60 -0.13 0.12
283.51 2.23 0.40 -0.13 10.60 -0.03 0.19
315.48 2.23 0.39 -0.13 10.60 -0.14 0.26
344.95 2.23 0.40 -0.13 10.60 0.32 0.42
14.91 2.26 0.39 -0.20 10.60 0.15 0.18
45.85 2.24 0.39 -0.20 10.60 -0.15 0.18
75.35 2.24 0.40 -0.20 10.60 0.16 0.13
105.85 2.25 0.39 -0.20 10.60 0.09 0.06
132.49 2.28 0.39 -0.20 10.60 0.10 0.10
162.49 2.31 0.38 -0.20 10.60 0.03 0.35
196.97 2.31 0.39 -0.20 10.60 -0.49 0.28
226.18 2.28 0.39 -0.20 10.60 -0.23 0.12
254.36 2.25 0.40 -0.20 10.60 0.02 0.08
283.82 2.24 0.40 -0.20 10.60 -0.11 0.16
315.49 2.23 0.39 -0.20 10.60 -0.13 0.19
345.84 2.23 0.39 -0.20 10.60 -0.55 0.19
14.93 2.24 0.39 -0.33 10.60 0.22 0.17
45.87 2.24 0.39 -0.32 10.60 0.06 0.17
75.67 2.24 0.39 -0.32 10.60 0.08 0.14
106.11 2.25 0.39 -0.32 10.60 0.14 0.06
132.18 2.28 0.39 -0.32 10.60 0.14 0.09
162.54 2.31 0.38 -0.32 10.60 0.02 0.36
197.37 2.31 0.39 -0.32 10.60 -0.36 0.24
226.90 2.29 0.39 -0.32 10.60 -0.04 0.09
253.98 2.25 0.40 -0.32 10.60 -0.01 0.08
284.14 2.26 0.39 -0.32 10.60 -0.00 0.15
315.43 2.24 0.39 -0.32 10.60 -0.07 0.16
345.15 2.25 0.39 -0.33 10.60 -0.34 0.17
14.16 2.24 0.39 -0.50 10.60 0.19 0.15
45.48 2.24 0.39 -0.50 10.60 0.05 0.14
74.69 2.24 0.39 -0.50 10.60 0.38 0.13
105.96 2.27 0.39 -0.49 10.60 0.04 0.07
131.75 2.29 0.39 -0.48 10.60 -0.00 0.09
162.38 2.31 0.39 -0.47 10.60 -0.40 0.40
198.49 2.30 0.38 -0.47 10.60 -0.14 0.35
227.55 2.29 0.39 -0.48 10.60 0.07 0.09
254.11 2.26 0.39 -0.49 10.60 -0.09 0.07
284.69 2.25 0.39 -0.50 10.60 -0.13 0.16
315.48 2.23 0.39 -0.50 10.60 0.06 0.19
345.19 2.24 0.39 -0.50 10.60 -0.28 0.13
14.42 2.25 0.39 -0.70 10.60 0.06 0.16
45.68 2.25 0.39 -0.70 10.60 0.27 0.15
74.12 2.25 0.39 -0.70 10.60 -0.24 0.21
105.96 2.28 0.39 -0.69 10.60 0.00 0.07
129.05 2.34 0.38 -0.69 10.60 -0.12 0.14
229.77 2.33 0.38 -0.69 10.60 0.03 0.12
254.74 2.29 0.39 -0.70 10.60 0.08 0.09
285.19 2.26 0.39 -0.70 10.60 0.09 0.26
315.30 2.25 0.39 -0.70 10.60 -0.18 0.19
345.59 2.24 0.39 -0.70 10.60 0.03 0.15
14.36 2.25 0.39 -0.90 10.60 0.16 0.16
45.32 2.25 0.39 -0.90 10.60 -0.19 0.19
73.38 2.26 0.39 -0.90 10.60 0.08 0.20
105.21 2.30 0.39 -0.89 10.60 0.03 0.09
126.45 2.34 0.38 -0.87 10.60 -0.18 0.21
233.65 2.35 0.38 -0.87 10.60 -0.36 0.28
254.68 2.31 0.39 -0.89 10.60 -0.09 0.09
285.61 2.26 0.39 -0.89 10.60 -0.17 0.22
314.63 2.26 0.39 -0.90 10.60 0.07 0.20
346.35 2.25 0.39 -0.90 10.60 0.09 0.13
14.69 2.89 0.40 -0.13 10.60 0.08 0.30
45.12 2.87 0.40 -0.13 10.60 0.39 0.26
77.11 2.89 0.40 -0.13 10.60 -0.05 0.17
105.41 2.86 0.40 -0.13 10.60 0.23 0.13
134.39 2.87 0.40 -0.13 10.60 -0.02 0.21
163.21 2.90 0.40 -0.13 10.60 0.35 0.35
195.53 2.90 0.40 -0.13 10.60 -0.21 0.25
225.22 2.86 0.40 -0.13 10.60 -0.30 0.20
254.65 2.84 0.40 -0.13 10.60 -0.04 0.14
283.41 2.86 0.40 -0.13 10.60 -0.26 0.19
314.84 2.87 0.40 -0.13 10.60 0.14 0.28
346.41 2.89 0.40 -0.13 10.60 0.14 0.20
14.73 2.88 0.40 -0.20 10.60 -0.14 0.16
45.53 2.87 0.40 -0.20 10.60 0.25 0.17
76.87 2.89 0.40 -0.20 10.60 -0.05 0.12
105.54 2.87 0.40 -0.20 10.60 -0.01 0.10
134.26 2.87 0.40 -0.20 10.60 0.07 0.11
163.56 2.90 0.40 -0.20 10.60 -0.26 0.20
195.83 2.90 0.40 -0.20 10.60 -0.10 0.14
225.48 2.86 0.40 -0.20 10.60 -0.30 0.13
254.21 2.87 0.40 -0.20 10.60 -0.11 0.12
282.62 2.89 0.40 -0.20 10.60 -0.16 0.15
315.97 2.86 0.40 -0.20 10.60 -0.10 0.18
345.74 2.86 0.40 -0.20 10.60 0.11 0.17
14.38 2.88 0.40 -0.32 10.60 0.05 0.15
45.20 2.87 0.40 -0.32 10.60 0.38 0.13
76.01 2.87 0.40 -0.33 10.60 0.26 0.13
105.55 2.88 0.40 -0.32 10.60 -0.10 0.07
133.76 2.87 0.40 -0.32 10.60 0.04 0.09
163.69 2.91 0.39 -0.32 10.60 0.05 0.19
195.76 2.91 0.39 -0.32 10.60 -0.21 0.15
225.86 2.86 0.40 -0.32 10.60 -0.09 0.10
253.64 2.87 0.40 -0.32 10.60 -0.02 0.09
283.45 2.87 0.40 -0.32 10.60 -0.30 0.15
315.27 2.86 0.40 -0.32 10.60 -0.09 0.15
345.87 2.87 0.40 -0.32 10.60 -0.23 0.12
14.50 2.88 0.40 -0.50 10.60 0.18 0.12
45.43 2.87 0.40 -0.50 10.60 0.39 0.13
75.46 2.87 0.40 -0.50 10.60 0.02 0.16
106.00 2.87 0.40 -0.50 10.60 0.03 0.08
133.21 2.88 0.40 -0.49 10.60 0.02 0.09
162.94 2.92 0.39 -0.48 10.60 0.09 0.18
196.51 2.92 0.39 -0.49 10.60 0.08 0.18
226.51 2.87 0.40 -0.49 10.60 -0.17 0.09
253.88 2.88 0.40 -0.50 10.60 -0.12 0.09
284.07 2.87 0.40 -0.50 10.60 -0.19 0.17
315.17 2.86 0.40 -0.50 10.60 -0.33 0.19
345.68 2.87 0.40 -0.50 10.60 -0.17 0.11
14.88 2.87 0.40 -0.70 10.60 -0.09 0.14
45.02 2.88 0.40 -0.70 10.60 0.27 0.14
74.85 2.86 0.40 -0.70 10.60 -0.11 0.18
106.10 2.88 0.40 -0.70 10.60 -0.09 0.08
132.08 2.88 0.40 -0.69 10.60 -0.01 0.11
161.13 2.95 0.38 -0.67 10.60 -0.31 0.56
197.96 2.96 0.38 -0.67 10.60 -0.11 0.29
228.09 2.88 0.40 -0.69 10.60 0.04 0.10
253.88 2.88 0.40 -0.70 10.60 0.08 0.09
285.14 2.87 0.40 -0.70 10.60 -0.54 0.23
314.88 2.86 0.40 -0.70 10.60 -0.11 0.20
345.99 2.87 0.40 -0.70 10.60 -0.15 0.13
14.68 2.87 0.40 -0.90 10.60 0.18 0.12
45.63 2.88 0.40 -0.90 10.60 0.41 0.16
74.23 2.86 0.40 -0.90 10.60 -0.06 0.23
105.91 2.89 0.40 -0.89 10.60 -0.04 0.11
128.68 2.90 0.39 -0.87 10.60 0.10 0.16
231.75 2.90 0.39 -0.87 10.60 -0.47 0.24
254.31 2.88 0.40 -0.89 10.60 -0.13 0.10
284.81 2.87 0.40 -0.90 10.60 0.01 0.29
314.49 2.87 0.40 -0.90 10.60 -0.10 0.21
345.95 2.87 0.40 -0.90 10.60 -0.27 0.13
14.55 3.79 0.40 -0.13 10.60 -0.07 0.19
46.14 3.73 0.40 -0.13 10.60 0.02 0.20
76.32 3.75 0.40 -0.13 10.60 0.51 0.16
105.62 3.73 0.40 -0.13 10.60 -0.02 0.21
135.01 3.71 0.40 -0.13 10.60 0.34 0.22
163.47 3.71 0.40 -0.13 10.60 0.02 0.28
194.50 3.72 0.40 -0.13 10.60 0.23 0.22
225.30 3.72 0.41 -0.13 10.60 -0.21 0.33
253.84 3.72 0.40 -0.13 10.60 -0.13 0.28
283.24 3.71 0.41 -0.13 10.60 -0.26 0.21
313.82 3.74 0.40 -0.13 10.60 -0.04 0.29
345.63 3.73 0.40 -0.13 10.60 0.02 0.20
14.84 3.75 0.40 -0.20 10.60 -0.01 0.15
45.22 3.75 0.40 -0.20 10.60 0.01 0.13
76.69 3.74 0.41 -0.20 10.60 0.29 0.10
104.83 3.72 0.40 -0.20 10.60 0.10 0.11
134.77 3.73 0.40 -0.20 10.60 -0.09 0.14
164.21 3.73 0.40 -0.20 10.60 -0.12 0.22
195.59 3.72 0.40 -0.20 10.60 0.00 0.14
225.22 3.71 0.40 -0.20 10.60 -0.22 0.14
254.50 3.72 0.40 -0.20 10.60 -0.29 0.18
283.87 3.74 0.41 -0.20 10.60 -0.23 0.17
314.28 3.73 0.40 -0.20 10.60 -0.64 0.16
345.45 3.73 0.40 -0.20 10.60 -0.06 0.15
15.29 3.73 0.40 -0.33 10.60 0.12 0.12
44.51 3.73 0.40 -0.32 10.60 0.35 0.13
76.48 3.74 0.41 -0.32 10.60 0.12 0.11
105.24 3.71 0.40 -0.32 10.60 0.09 0.10
134.68 3.72 0.40 -0.32 10.60 0.27 0.12
163.52 3.72 0.40 -0.32 10.60 -0.02 0.13
194.98 3.73 0.40 -0.32 10.60 -0.28 0.19
225.35 3.71 0.40 -0.32 10.60 -0.04 0.14
254.26 3.71 0.41 -0.32 10.60 -0.36 0.11
283.63 3.73 0.41 -0.33 10.60 -0.20 0.14
315.47 3.73 0.40 -0.32 10.60 -0.45 0.16
345.57 3.74 0.40 -0.33 10.60 -0.18 0.12
14.98 3.74 0.40 -0.50 10.60 -0.19 0.11
44.45 3.74 0.40 -0.50 10.60 -0.00 0.12
76.36 3.74 0.40 -0.49 10.60 0.15 0.15
105.47 3.71 0.40 -0.49 10.60 0.20 0.09
134.42 3.72 0.40 -0.49 10.60 0.09 0.13
163.59 3.74 0.40 -0.49 10.60 0.08 0.15
194.98 3.74 0.40 -0.49 10.60 -0.07 0.16
225.93 3.72 0.40 -0.49 10.60 -0.06 0.14
254.48 3.71 0.40 -0.50 10.60 -0.27 0.13
283.65 3.74 0.41 -0.50 10.60 0.08 0.21
314.93 3.73 0.40 -0.50 10.60 -0.21 0.18
346.26 3.74 0.40 -0.50 10.60 -0.27 0.12
14.86 3.76 0.40 -0.70 10.60 0.18 0.11
44.86 3.73 0.40 -0.70 10.60 0.25 0.13
75.60 3.71 0.40 -0.70 10.60 0.33 0.19
105.80 3.71 0.41 -0.70 10.60 0.26 0.14
134.02 3.71 0.40 -0.70 10.60 -0.12 0.16
162.84 3.76 0.39 -0.68 10.60 -0.66 0.32
197.16 3.76 0.39 -0.68 10.60 0.11 0.24
226.75 3.73 0.40 -0.69 10.60 -0.26 0.27
254.29 3.72 0.41 -0.70 10.60 -0.34 0.16
284.24 3.71 0.40 -0.70 10.60 -0.08 0.21
314.61 3.71 0.40 -0.70 10.60 -0.58 0.19
346.19 3.74 0.40 -0.70 10.60 -0.20 0.13
14.44 3.75 0.40 -0.90 10.60 0.26 0.13
44.69 3.73 0.40 -0.90 10.60 0.31 0.18
74.67 3.69 0.40 -0.89 10.60 -0.38 0.22
105.05 3.72 0.41 -0.90 10.60 0.18 0.15
131.28 3.74 0.39 -0.87 10.60 0.03 0.23
159.64 3.79 0.38 -0.85 10.60 -0.70 0.42
230.65 3.75 0.40 -0.88 10.60 -0.13 0.25
254.17 3.71 0.41 -0.89 10.60 -0.26 0.16
284.64 3.71 0.40 -0.90 10.60 0.23 0.24
314.51 3.72 0.40 -0.90 10.60 -0.18 0.24
346.14 3.74 0.40 -0.90 10.60 -0.31 0.13
15.01 4.97 0.40 -0.13 10.60 0.14 0.16
44.92 4.97 0.40 -0.13 10.60 0.17 0.14
74.83 4.93 0.40 -0.13 10.60 0.31 0.14
104.49 4.89 0.40 -0.13 10.60 0.16 0.17
134.82 4.85 0.40 -0.13 10.60 0.09 0.24
165.75 4.85 0.40 -0.13 10.60 -0.37 0.30
194.28 4.91 0.40 -0.13 10.60 -0.14 0.28
226.34 4.86 0.40 -0.13 10.60 0.00 0.70
253.83 4.91 0.40 -0.13 10.60 -0.45 0.29
286.31 4.97 0.40 -0.13 10.60 0.08 0.21
314.53 4.97 0.41 -0.13 10.60 -0.59 0.21
346.78 4.91 0.41 -0.13 10.60 -0.19 0.20
14.88 4.94 0.40 -0.20 10.60 0.09 0.11
45.62 4.94 0.40 -0.20 10.60 0.17 0.12
74.98 4.94 0.40 -0.20 10.60 0.11 0.09
104.97 4.92 0.41 -0.20 10.60 0.32 0.14
134.01 4.88 0.40 -0.20 10.60 -0.05 0.15
164.13 4.90 0.40 -0.20 10.60 0.01 0.20
194.48 4.88 0.40 -0.20 10.60 0.14 0.20
225.37 4.86 0.40 -0.20 10.60 -0.32 0.20
254.88 4.90 0.40 -0.20 10.60 -0.57 0.17
283.77 4.90 0.40 -0.20 10.60 -0.62 0.15
314.37 4.94 0.41 -0.20 10.60 -0.28 0.15
347.09 4.96 0.40 -0.20 10.60 0.08 0.13
14.48 4.92 0.40 -0.32 10.60 -0.02 0.12
44.89 4.95 0.40 -0.32 10.60 0.10 0.11
76.09 4.98 0.41 -0.32 10.60 0.33 0.10
104.93 4.90 0.40 -0.32 10.60 0.23 0.11
134.51 4.87 0.40 -0.33 10.60 0.19 0.14
164.74 4.91 0.40 -0.32 10.60 -0.17 0.18
195.41 4.88 0.40 -0.32 10.60 -0.10 0.16
226.09 4.88 0.40 -0.32 10.60 -0.02 0.20
255.18 4.90 0.40 -0.32 10.60 -0.30 0.13
283.94 4.93 0.40 -0.32 10.60 -0.61 0.14
314.45 4.93 0.41 -0.32 10.60 -0.47 0.18
347.11 4.90 0.40 -0.32 10.60 -0.04 0.12
15.14 4.92 0.40 -0.50 10.60 0.01 0.10
44.63 4.90 0.40 -0.50 10.60 0.28 0.12
76.17 4.93 0.41 -0.49 10.60 0.23 0.11
105.16 4.88 0.41 -0.49 10.60 -0.02 0.10
134.99 4.87 0.40 -0.49 10.60 0.28 0.13
163.61 4.92 0.40 -0.49 10.60 0.01 0.15
195.68 4.95 0.40 -0.49 10.60 -0.14 0.15
225.95 4.89 0.40 -0.49 10.60 -0.03 0.15
254.77 4.88 0.40 -0.49 10.60 -0.26 0.15
283.84 4.92 0.41 -0.49 10.60 -0.46 0.12
315.52 4.89 0.40 -0.50 10.60 -0.45 0.18
347.08 4.94 0.40 -0.50 10.60 -0.28 0.10
14.62 4.93 0.40 -0.70 10.60 -0.01 0.11
43.70 4.86 0.40 -0.70 10.60 0.43 0.15
75.89 4.88 0.41 -0.70 10.60 -0.03 0.18
104.92 4.84 0.41 -0.70 10.60 0.23 0.16
134.56 4.84 0.40 -0.70 10.60 -0.08 0.15
163.38 4.85 0.40 -0.69 10.60 -0.31 0.29
195.76 4.89 0.40 -0.69 10.60 -0.60 0.23
225.61 4.87 0.41 -0.70 10.60 -0.15 0.30
255.17 4.89 0.41 -0.70 10.60 -0.55 0.29
284.81 4.89 0.40 -0.70 10.60 -0.45 0.17
314.75 4.91 0.40 -0.70 10.60 -0.39 0.18
347.17 4.98 0.39 -0.70 10.60 -0.11 0.11
14.14 4.99 0.40 -0.90 10.60 0.03 0.11
43.09 4.87 0.40 -0.90 10.60 0.03 0.18
76.14 4.90 0.41 -0.89 10.60 0.33 0.18
105.15 4.90 0.41 -0.90 10.60 -0.05 0.19
132.64 4.96 0.40 -0.88 10.60 0.26 0.51
161.45 4.92 0.39 -0.86 10.60 0.43 0.73
196.23 5.02 0.39 -0.86 10.60 0.69 0.37
227.77 4.87 0.40 -0.88 10.60 -0.07 0.48
254.81 4.88 0.40 -0.89 10.60 0.12 0.23
283.81 4.91 0.40 -0.90 10.60 -0.30 0.22
314.25 4.87 0.40 -0.90 10.60 -0.47 0.20
347.30 5.01 0.40 -0.90 10.60 -0.07 0.11
14.51 2.97 0.49 -0.13 10.60 -0.03 0.20
45.93 2.93 0.49 -0.13 10.60 -0.22 0.15
75.63 2.92 0.49 -0.13 10.60 -0.09 0.12
105.93 2.94 0.49 -0.13 10.60 -0.06 0.10
133.87 2.96 0.49 -0.13 10.60 -0.17 0.12
162.30 3.00 0.50 -0.13 10.60 0.00 0.38
197.97 2.99 0.49 -0.13 10.60 -0.34 0.33
225.10 2.95 0.49 -0.13 10.60 -0.14 0.17
254.74 2.94 0.49 -0.13 10.60 -0.04 0.11
284.20 2.93 0.49 -0.13 10.60 0.00 0.16
314.69 2.94 0.49 -0.13 10.60 0.03 0.18
345.37 2.94 0.49 -0.13 10.60 0.07 0.22
14.95 2.96 0.49 -0.20 10.60 0.09 0.14
45.85 2.95 0.50 -0.20 10.60 0.06 0.10
75.35 2.94 0.49 -0.20 10.60 0.01 0.08
105.93 2.94 0.49 -0.20 10.60 -0.04 0.07
134.00 2.95 0.49 -0.20 10.60 0.18 0.09
162.92 2.98 0.49 -0.20 10.60 -0.21 0.19
197.35 2.98 0.49 -0.20 10.60 -0.23 0.19
225.98 2.95 0.49 -0.20 10.60 -0.09 0.10
254.31 2.93 0.49 -0.20 10.60 -0.02 0.08
284.02 2.94 0.49 -0.20 10.60 -0.23 0.09
314.35 2.95 0.49 -0.20 10.60 -0.27 0.14
345.68 2.93 0.49 -0.20 10.60 0.12 0.15
14.88 2.94 0.49 -0.33 10.60 0.07 0.12
45.88 2.95 0.49 -0.32 10.60 0.11 0.10
76.04 2.96 0.49 -0.32 10.60 -0.08 0.07
105.57 2.95 0.49 -0.32 10.60 -0.02 0.06
133.30 2.97 0.49 -0.32 10.60 -0.29 0.09
163.31 2.96 0.49 -0.32 10.60 -0.20 0.16
197.16 2.97 0.49 -0.32 10.60 -0.52 0.18
226.27 2.95 0.49 -0.32 10.60 -0.07 0.09
254.48 2.94 0.49 -0.32 10.60 0.04 0.06
283.29 2.94 0.49 -0.32 10.60 -0.04 0.08
314.22 2.94 0.49 -0.32 10.60 -0.07 0.12
345.00 2.93 0.49 -0.32 10.60 -0.48 0.14
14.84 2.94 0.49 -0.50 10.60 -0.15 0.16
45.61 2.93 0.49 -0.50 10.60 -0.04 0.13
75.73 2.96 0.49 -0.50 10.60 -0.04 0.08
105.45 2.96 0.49 -0.49 10.60 0.06 0.06
131.75 3.00 0.48 -0.49 10.60 -0.13 0.09
163.54 2.97 0.48 -0.47 10.60 0.23 0.27
196.78 2.99 0.48 -0.47 10.60 -0.02 0.21
227.69 2.99 0.48 -0.49 10.60 -0.03 0.11
254.78 2.96 0.49 -0.50 10.60 -0.07 0.06
283.46 2.96 0.49 -0.50 10.60 -0.19 0.07
315.33 2.92 0.49 -0.50 10.60 -0.15 0.16
345.73 2.92 0.49 -0.50 10.60 -0.06 0.15
14.65 2.93 0.49 -0.70 10.60 -0.07 0.18
44.96 2.93 0.49 -0.70 10.60 0.22 0.18
75.92 2.97 0.49 -0.70 10.60 0.02 0.10
105.18 2.98 0.49 -0.70 10.60 -0.08 0.07
129.91 3.03 0.48 -0.69 10.60 -0.17 0.14
230.24 3.04 0.48 -0.69 10.60 0.00 0.15
255.54 2.99 0.49 -0.70 10.60 -0.18 0.07
283.50 2.98 0.49 -0.70 10.60 -0.11 0.10
315.44 2.94 0.49 -0.70 10.60 0.11 0.20
345.39 2.94 0.49 -0.70 10.60 -0.13 0.17
14.56 2.95 0.49 -0.90 10.60 -0.23 0.22
44.65 2.93 0.49 -0.90 10.60 -0.09 0.21
75.21 2.96 0.49 -0.90 10.60 0.22 0.11
103.37 2.98 0.48 -0.89 10.60 0.10 0.08
127.22 3.01 0.48 -0.86 10.60 0.67 0.92
256.26 2.99 0.49 -0.89 10.60 -0.17 0.09
283.63 2.98 0.49 -0.90 10.60 -0.07 0.11
315.35 2.94 0.49 -0.90 10.60 0.26 0.25
346.05 2.95 0.49 -0.90 10.60 0.03 0.17
14.99 3.71 0.50 -0.13 10.60 0.03 0.23
45.15 3.77 0.50 -0.13 10.60 0.26 0.16
75.84 3.73 0.50 -0.13 10.60 0.11 0.17
105.71 3.74 0.50 -0.13 10.60 0.01 0.15
134.49 3.72 0.51 -0.13 10.60 -0.00 0.21
163.08 3.75 0.51 -0.13 10.60 0.10 0.31
195.96 3.74 0.51 -0.13 10.60 0.13 0.36
224.74 3.74 0.51 -0.13 10.60 -0.41 0.23
254.33 3.72 0.51 -0.13 10.60 -0.17 0.18
284.45 3.73 0.50 -0.13 10.60 -0.52 0.23
314.31 3.72 0.50 -0.13 10.60 -0.33 0.22
345.84 3.78 0.50 -0.13 10.60 -0.25 0.22
15.07 3.76 0.51 -0.20 10.60 -0.05 0.13
45.79 3.75 0.51 -0.20 10.60 0.15 0.11
75.74 3.74 0.50 -0.20 10.60 0.16 0.10
106.10 3.72 0.50 -0.20 10.60 -0.07 0.10
134.60 3.73 0.51 -0.20 10.60 0.14 0.17
163.68 3.75 0.51 -0.20 10.60 -0.47 0.18
196.37 3.75 0.51 -0.20 10.60 0.04 0.29
224.69 3.73 0.51 -0.20 10.60 0.04 0.15
254.23 3.73 0.51 -0.20 10.60 -0.07 0.12
284.14 3.73 0.50 -0.20 10.60 -0.28 0.13
314.01 3.75 0.51 -0.20 10.60 -0.17 0.13
345.84 3.75 0.51 -0.20 10.60 0.11 0.16
15.00 3.76 0.51 -0.32 10.60 -0.27 0.11
45.59 3.75 0.51 -0.33 10.60 0.01 0.11
75.64 3.74 0.51 -0.33 10.60 0.25 0.09
106.01 3.74 0.50 -0.32 10.60 0.08 0.08
134.05 3.74 0.51 -0.32 10.60 0.16 0.12
163.08 3.76 0.51 -0.32 10.60 -0.12 0.26
196.73 3.76 0.51 -0.32 10.60 -0.01 0.23
225.47 3.72 0.51 -0.32 10.60 -0.16 0.13
254.40 3.73 0.51 -0.32 10.60 -0.08 0.10
284.22 3.73 0.50 -0.32 10.60 0.04 0.11
314.58 3.74 0.51 -0.33 10.60 0.00 0.13
345.97 3.74 0.51 -0.32 10.60 -0.18 0.14
14.96 3.74 0.51 -0.50 10.60 0.10 0.12
45.59 3.75 0.52 -0.50 10.60 0.05 0.10
75.22 3.74 0.51 -0.50 10.60 0.12 0.08
105.70 3.75 0.51 -0.50 10.60 0.10 0.09
133.27 3.75 0.51 -0.50 10.60 -0.11 0.11
162.69 3.80 0.51 -0.49 10.60 -0.22 0.27
196.99 3.78 0.50 -0.49 10.60 -0.14 0.28
226.19 3.75 0.51 -0.50 10.60 -0.23 0.13
254.82 3.73 0.51 -0.50 10.60 -0.15 0.10
284.18 3.73 0.51 -0.50 10.60 -0.10 0.10
314.15 3.75 0.51 -0.50 10.60 -0.07 0.13
345.67 3.75 0.51 -0.50 10.60 -0.10 0.15
15.01 3.74 0.51 -0.70 10.60 -0.07 0.19
45.49 3.75 0.51 -0.70 10.60 0.17 0.13
75.71 3.75 0.52 -0.70 10.60 0.23 0.09
105.64 3.74 0.51 -0.70 10.60 -0.10 0.10
131.45 3.76 0.50 -0.68 10.60 -0.16 0.16
228.52 3.75 0.50 -0.69 10.60 -0.37 0.18
254.67 3.74 0.51 -0.69 10.60 -0.08 0.11
284.26 3.74 0.51 -0.70 10.60 -0.11 0.10
314.46 3.75 0.51 -0.70 10.60 -0.05 0.16
345.73 3.74 0.50 -0.70 10.60 0.03 0.20
15.05 3.75 0.51 -0.90 10.60 -0.07 0.20
45.51 3.75 0.51 -0.90 10.60 -0.05 0.17
75.70 3.75 0.51 -0.89 10.60 -0.03 0.10
103.80 3.75 0.50 -0.89 10.60 -0.04 0.11
230.55 3.77 0.50 -0.87 10.60 -0.02 0.57
256.36 3.75 0.50 -0.89 10.60 -0.05 0.12
283.74 3.75 0.51 -0.90 10.60 -0.14 0.12
314.18 3.75 0.51 -0.90 10.60 -0.20 0.21
345.30 3.72 0.51 -0.90 10.60 -0.55 0.18
14.85 4.92 0.50 -0.13 10.60 0.19 0.22
44.94 4.89 0.50 -0.13 10.60 0.36 0.21
75.91 4.88 0.51 -0.13 10.60 0.18 0.22
104.67 4.85 0.50 -0.13 10.60 0.29 0.30
135.10 4.85 0.51 -0.13 10.60 0.46 0.44
225.17 4.85 0.51 -0.13 10.60 -0.63 0.38
255.63 4.83 0.51 -0.13 10.60 -0.45 0.21
283.93 4.85 0.51 -0.13 10.60 -0.01 0.28
313.72 4.93 0.50 -0.13 10.60 -0.29 0.24
345.48 4.91 0.50 -0.13 10.60 -0.07 0.29
14.98 4.90 0.50 -0.20 10.60 -0.02 0.15
45.14 4.90 0.50 -0.20 10.60 0.19 0.13
75.72 4.91 0.51 -0.20 10.60 -0.08 0.14
105.10 4.91 0.51 -0.20 10.60 0.36 0.15
134.33 4.87 0.51 -0.20 10.60 -0.15 0.31
163.39 4.82 0.51 -0.20 10.60 0.24 0.32
195.95 4.86 0.51 -0.20 10.60 -0.57 0.56
225.56 4.84 0.51 -0.20 10.60 -0.39 0.23
254.66 4.84 0.51 -0.20 10.60 -0.00 0.21
284.40 4.85 0.51 -0.20 10.60 -0.23 0.20
315.07 4.90 0.50 -0.20 10.60 -0.08 0.15
345.82 4.92 0.51 -0.20 10.60 0.12 0.16
15.61 4.92 0.51 -0.32 10.60 -0.10 0.13
44.78 4.91 0.51 -0.32 10.60 0.18 0.11
75.29 4.90 0.51 -0.32 10.60 0.32 0.12
104.97 4.86 0.51 -0.32 10.60 0.01 0.13
134.21 4.84 0.51 -0.32 10.60 -0.11 0.20
163.42 4.83 0.51 -0.32 10.60 0.57 0.36
195.74 4.85 0.51 -0.32 10.60 0.46 0.23
225.78 4.83 0.51 -0.32 10.60 0.54 0.23
254.67 4.85 0.51 -0.33 10.60 -0.28 0.22
284.71 4.88 0.51 -0.33 10.60 -0.16 0.15
314.38 4.86 0.51 -0.32 10.60 -0.06 0.14
346.39 4.91 0.51 -0.32 10.60 -0.14 0.13
15.36 4.91 0.52 -0.49 10.60 -0.08 0.13
45.29 4.92 0.52 -0.50 10.60 0.25 0.12
75.40 4.85 0.51 -0.50 10.60 0.25 0.11
105.52 4.87 0.51 -0.50 10.60 0.05 0.14
134.03 4.84 0.52 -0.50 10.60 0.25 0.18
163.21 4.84 0.51 -0.49 10.60 0.14 0.25
196.34 4.86 0.51 -0.49 10.60 0.76 0.28
226.05 4.84 0.51 -0.50 10.60 -0.14 0.20
254.54 4.86 0.51 -0.50 10.60 -0.28 0.15
283.99 4.86 0.51 -0.50 10.60 -0.07 0.15
314.68 4.91 0.51 -0.50 10.60 -0.12 0.14
345.79 4.90 0.51 -0.50 10.60 -0.33 0.12
15.01 4.90 0.52 -0.69 10.60 0.09 0.15
45.69 4.89 0.52 -0.70 10.60 0.01 0.12
75.23 4.87 0.52 -0.70 10.60 0.27 0.13
105.39 4.87 0.52 -0.70 10.60 0.13 0.17
131.62 4.82 0.51 -0.68 10.60 0.04 0.43
162.80 4.85 0.51 -0.68 10.60 0.53 0.86
228.97 4.85 0.51 -0.68 10.60 -0.43 0.20
254.94 4.84 0.52 -0.70 10.60 -0.15 0.22
284.92 4.86 0.52 -0.70 10.60 -0.31 0.16
313.65 4.89 0.52 -0.70 10.60 -0.34 0.35
345.04 4.89 0.52 -0.70 10.60 -0.08 0.15
14.84 4.88 0.51 -0.90 10.60 -0.07 0.18
45.84 4.91 0.52 -0.90 10.60 0.47 0.15
75.08 4.87 0.52 -0.90 10.60 -0.19 0.18
102.98 4.87 0.51 -0.88 10.60 -0.10 0.19
131.11 4.82 0.51 -0.87 10.60 0.04 0.62
257.36 4.85 0.51 -0.89 10.60 -0.33 0.30
284.30 4.87 0.52 -0.90 10.60 -0.40 0.16
314.33 4.87 0.52 -0.89 10.60 -0.12 0.17
346.38 4.89 0.52 -0.90 10.60 -0.28 0.17
135.99 1.32 0.10 -0.32 10.20 0.26 0.18
136.14 1.33 0.10 -0.50 10.20 -0.09 0.18
163.55 1.33 0.10 -0.50 10.20 -0.11 0.18
194.49 1.31 0.11 -0.50 10.20 -0.13 0.40
164.01 1.32 0.10 -0.70 10.20 0.19 0.18
137.21 1.33 0.10 -0.89 10.20 -0.10 0.36
317.10 1.35 0.10 -0.90 10.20 0.12 0.15
105.89 1.58 0.11 -0.20 10.20 0.62 0.37
136.22 1.60 0.11 -0.20 10.20 -0.13 0.17
163.31 1.60 0.11 -0.20 10.20 0.20 0.18
43.93 1.63 0.11 -0.33 10.20 -0.08 0.07
71.54 1.63 0.11 -0.33 10.20 0.16 0.09
135.70 1.60 0.11 -0.32 10.20 0.13 0.14
163.22 1.60 0.11 -0.32 10.20 0.09 0.14
315.25 1.62 0.11 -0.33 10.20 -0.20 0.06
44.43 1.63 0.11 -0.50 10.20 0.17 0.07
136.23 1.60 0.11 -0.49 10.20 0.04 0.13
163.77 1.59 0.11 -0.50 10.20 -0.11 0.13
289.90 1.63 0.11 -0.49 10.20 -0.15 0.11
315.36 1.63 0.11 -0.50 10.20 -0.14 0.06
44.65 1.63 0.11 -0.70 10.20 0.03 0.07
68.64 1.64 0.11 -0.69 10.20 0.14 0.13
136.25 1.59 0.11 -0.70 10.20 -0.04 0.17
163.64 1.60 0.11 -0.70 10.20 0.33 0.14
192.79 1.58 0.11 -0.69 10.20 -0.31 0.29
255.43 1.60 0.11 -0.71 10.20 -0.04 0.23
289.45 1.62 0.11 -0.69 10.20 -0.32 0.13
314.79 1.63 0.11 -0.70 10.20 -0.22 0.06
44.62 1.62 0.11 -0.90 10.20 0.09 0.07
136.77 1.59 0.11 -0.89 10.20 0.06 0.18
162.97 1.59 0.11 -0.89 10.20 0.12 0.18
193.68 1.58 0.11 -0.90 10.20 0.17 0.45
257.14 1.59 0.11 -0.90 10.20 -0.14 0.20
289.19 1.61 0.11 -0.89 10.20 -0.14 0.14
315.63 1.62 0.11 -0.90 10.20 -0.20 0.06
163.58 1.68 0.14 -0.13 10.20 -0.15 0.15
106.15 1.66 0.14 -0.20 10.20 0.17 0.13
136.04 1.67 0.14 -0.20 10.20 0.25 0.10
163.79 1.67 0.14 -0.20 10.20 0.08 0.10
194.48 1.66 0.14 -0.20 10.20 0.04 0.12
222.64 1.64 0.14 -0.20 10.20 0.06 0.27
15.69 1.74 0.13 -0.33 10.20 0.06 0.04
41.58 1.75 0.13 -0.33 10.20 0.17 0.05
74.38 1.68 0.14 -0.32 10.20 -0.06 0.13
105.57 1.67 0.14 -0.32 10.20 0.13 0.12
135.78 1.68 0.14 -0.32 10.20 0.10 0.09
163.89 1.67 0.14 -0.32 10.20 0.14 0.09
223.88 1.65 0.14 -0.32 10.20 -0.18 0.32
318.37 1.77 0.13 -0.33 10.20 -0.10 0.04
344.31 1.73 0.13 -0.33 10.20 -0.08 0.04
16.13 1.73 0.13 -0.50 10.20 0.01 0.03
41.26 1.76 0.13 -0.50 10.20 0.09 0.04
74.18 1.69 0.14 -0.49 10.20 0.17 0.14
105.23 1.67 0.14 -0.50 10.20 0.19 0.14
135.96 1.68 0.13 -0.50 10.20 0.19 0.10
164.09 1.68 0.14 -0.50 10.20 -0.01 0.09
224.28 1.64 0.14 -0.50 10.20 -0.21 0.28
255.20 1.67 0.14 -0.50 10.20 -0.42 0.25
286.08 1.69 0.13 -0.51 10.20 -0.22 0.14
318.32 1.77 0.13 -0.50 10.20 -0.28 0.04
343.89 1.73 0.13 -0.50 10.20 -0.16 0.03
16.89 1.72 0.14 -0.70 10.20 0.08 0.04
40.77 1.76 0.13 -0.70 10.20 0.12 0.04
105.24 1.66 0.14 -0.69 10.20 0.06 0.25
135.94 1.68 0.14 -0.69 10.20 0.04 0.13
164.31 1.68 0.14 -0.69 10.20 -0.01 0.11
194.45 1.66 0.14 -0.70 10.20 -0.15 0.17
255.92 1.67 0.14 -0.70 10.20 -0.43 0.17
285.13 1.68 0.13 -0.70 10.20 -0.50 0.10
318.88 1.76 0.13 -0.70 10.20 -0.17 0.04
343.47 1.72 0.14 -0.70 10.20 -0.25 0.04
17.52 1.70 0.14 -0.90 10.20 0.06 0.04
39.82 1.76 0.13 -0.90 10.20 0.15 0.04
136.44 1.67 0.14 -0.89 10.20 0.22 0.17
164.19 1.67 0.14 -0.89 10.20 -0.21 0.13
194.36 1.65 0.14 -0.90 10.20 -0.28 0.23
257.09 1.68 0.14 -0.90 10.20 -0.31 0.14
284.84 1.67 0.14 -0.90 10.20 -0.31 0.10
319.48 1.75 0.13 -0.90 10.20 -0.15 0.04
342.75 1.70 0.14 -0.90 10.20 -0.07 0.04
136.26 2.08 0.14 -0.13 10.20 0.09 0.17
15.70 2.11 0.14 -0.20 10.20 -0.03 0.05
42.47 2.12 0.14 -0.20 10.20 0.04 0.06
71.50 2.09 0.14 -0.20 10.20 0.32 0.13
135.74 2.08 0.14 -0.19 10.20 0.14 0.13
163.31 2.08 0.14 -0.20 10.20 -0.09 0.17
194.48 2.08 0.14 -0.20 10.20 -0.24 0.21
317.18 2.11 0.14 -0.20 10.20 -0.17 0.05
344.47 2.11 0.14 -0.20 10.20 -0.11 0.06
15.86 2.09 0.14 -0.33 10.20 0.10 0.03
42.02 2.10 0.14 -0.33 10.20 0.19 0.04
105.79 2.08 0.14 -0.32 10.20 -0.05 0.16
135.71 2.08 0.14 -0.32 10.20 0.21 0.12
164.30 2.07 0.14 -0.32 10.20 0.20 0.15
255.15 2.08 0.14 -0.33 10.20 -0.08 0.23
291.07 2.10 0.14 -0.33 10.20 -0.20 0.14
344.00 2.09 0.14 -0.33 10.20 -0.10 0.04
16.92 2.08 0.14 -0.50 10.20 0.02 0.03
41.78 2.10 0.14 -0.50 10.20 0.15 0.04
105.63 2.08 0.14 -0.50 10.20 0.27 0.17
135.51 2.08 0.14 -0.50 10.20 0.24 0.13
163.26 2.08 0.14 -0.49 10.20 0.03 0.14
194.46 2.07 0.14 -0.49 10.20 -0.27 0.20
255.95 2.08 0.14 -0.50 10.20 -0.52 0.16
289.95 2.09 0.14 -0.49 10.20 -0.25 0.14
318.14 2.10 0.14 -0.50 10.20 -0.20 0.03
343.18 2.08 0.14 -0.50 10.20 -0.12 0.04
18.08 2.06 0.15 -0.69 10.20 0.03 0.04
41.41 2.10 0.14 -0.70 10.20 0.19 0.04
135.77 2.08 0.14 -0.69 10.20 0.14 0.16
164.03 2.08 0.14 -0.69 10.20 0.14 0.18
225.74 2.07 0.14 -0.69 10.20 -0.40 0.46
256.17 2.09 0.14 -0.70 10.20 -0.17 0.17
288.03 2.08 0.14 -0.70 10.20 -0.20 0.13
318.77 2.10 0.14 -0.70 10.20 -0.23 0.04
341.90 2.06 0.15 -0.69 10.20 -0.17 0.04
20.02 2.05 0.15 -0.89 10.20 0.16 0.06
40.91 2.09 0.14 -0.90 10.20 0.17 0.04
69.35 2.08 0.14 -0.90 10.20 -0.54 0.32
136.34 2.06 0.14 -0.89 10.20 -0.16 0.25
163.72 2.08 0.14 -0.90 10.20 -0.00 0.20
226.98 2.11 0.14 -0.90 10.20 -0.63 0.39
256.95 2.09 0.14 -0.90 10.20 -0.33 0.17
285.27 2.07 0.14 -0.90 10.20 -0.21 0.14
318.99 2.09 0.14 -0.90 10.20 -0.19 0.04
340.12 2.05 0.15 -0.89 10.20 -0.13 0.06
105.33 1.68 0.18 -0.13 10.20 0.08 0.17
15.51 1.69 0.18 -0.20 10.20 0.12 0.11
43.08 1.69 0.18 -0.20 10.20 -0.01 0.11
15.50 1.68 0.18 -0.32 10.20 0.03 0.08
43.03 1.68 0.18 -0.32 10.20 0.18 0.10
15.04 1.69 0.18 -0.50 10.20 0.12 0.07
42.51 1.68 0.18 -0.50 10.20 0.14 0.14
347.12 1.68 0.18 -0.50 10.20 -0.13 0.10
14.22 1.70 0.18 -0.70 10.20 0.16 0.07
134.25 1.67 0.18 -0.70 10.20 -0.13 0.20
284.24 1.66 0.18 -0.70 10.20 -0.37 0.24
347.79 1.70 0.18 -0.70 10.20 -0.10 0.08
12.90 1.71 0.17 -0.90 10.20 0.05 0.07
284.39 1.66 0.18 -0.90 10.20 -0.41 0.16
347.94 1.72 0.17 -0.91 10.20 -0.05 0.06
42.99 2.23 0.18 -0.13 10.20 0.12 0.11
76.12 2.20 0.18 -0.13 10.20 0.48 0.10
104.63 2.19 0.18 -0.13 10.20 0.20 0.11
163.53 2.19 0.18 -0.13 10.20 -0.01 0.13
224.14 2.17 0.18 -0.13 10.20 -0.24 0.18
254.62 2.17 0.18 -0.13 10.20 0.32 0.35
316.89 2.28 0.17 -0.13 10.20 0.18 0.13
15.05 2.26 0.17 -0.20 10.20 0.03 0.05
42.81 2.25 0.18 -0.20 10.20 0.23 0.06
76.08 2.20 0.18 -0.20 10.20 0.28 0.09
104.65 2.19 0.18 -0.20 10.20 0.25 0.09
135.31 2.19 0.18 -0.20 10.20 0.10 0.08
163.97 2.19 0.18 -0.20 10.20 0.13 0.09
195.56 2.18 0.18 -0.20 10.20 -0.16 0.12
223.63 2.17 0.18 -0.20 10.20 0.05 0.14
318.99 2.30 0.17 -0.20 10.20 -0.20 0.07
345.64 2.26 0.17 -0.20 10.20 -0.07 0.05
15.02 2.26 0.17 -0.33 10.20 -0.01 0.03
41.78 2.25 0.17 -0.33 10.20 0.14 0.05
75.77 2.18 0.18 -0.32 10.20 0.32 0.09
104.69 2.19 0.18 -0.32 10.20 0.24 0.10
135.77 2.18 0.18 -0.32 10.20 -0.07 0.09
164.23 2.18 0.18 -0.32 10.20 0.29 0.09
194.98 2.17 0.18 -0.32 10.20 -0.07 0.12
224.18 2.17 0.18 -0.32 10.20 -0.19 0.16
254.91 2.18 0.18 -0.32 10.20 -0.40 0.19
319.24 2.31 0.17 -0.33 10.20 -0.25 0.06
345.55 2.26 0.17 -0.33 10.20 -0.07 0.04
14.90 2.25 0.17 -0.50 10.20 0.07 0.03
40.67 2.27 0.17 -0.50 10.20 0.19 0.05
75.71 2.19 0.18 -0.49 10.20 0.44 0.10
104.80 2.18 0.18 -0.50 10.20 0.38 0.10
135.48 2.19 0.18 -0.50 10.20 0.08 0.11
163.91 2.18 0.18 -0.50 10.20 -0.15 0.10
224.38 2.17 0.18 -0.50 10.20 -0.21 0.20
255.65 2.19 0.18 -0.50 10.20 -0.33 0.14
284.69 2.19 0.18 -0.50 10.20 -0.43 0.11
319.49 2.31 0.17 -0.50 10.20 -0.18 0.05
345.22 2.26 0.17 -0.50 10.20 -0.05 0.03
14.85 2.24 0.17 -0.70 10.20 0.03 0.03
39.37 2.28 0.17 -0.70 10.20 0.14 0.05
104.88 2.17 0.18 -0.69 10.20 0.45 0.13
135.68 2.18 0.18 -0.69 10.20 0.19 0.14
163.89 2.18 0.18 -0.69 10.20 0.11 0.14
194.64 2.17 0.18 -0.70 10.20 0.29 0.17
225.26 2.17 0.18 -0.69 10.20 -0.33 0.23
256.14 2.18 0.18 -0.70 10.20 -0.46 0.13
284.69 2.19 0.18 -0.70 10.20 -0.13 0.10
319.43 2.29 0.17 -0.70 10.20 -0.27 0.05
345.23 2.24 0.17 -0.70 10.20 -0.11 0.03
14.89 2.21 0.17 -0.90 10.20 0.02 0.03
38.72 2.28 0.17 -0.90 10.20 0.10 0.05
75.66 2.15 0.18 -0.90 10.20 -0.00 0.60
105.40 2.17 0.18 -0.89 10.20 0.58 0.15
163.79 2.19 0.18 -0.89 10.20 -0.21 0.14
194.49 2.17 0.18 -0.90 10.20 0.08 0.22
225.90 2.17 0.18 -0.89 10.20 0.28 0.32
256.68 2.18 0.18 -0.90 10.20 -0.14 0.13
284.48 2.18 0.18 -0.90 10.20 -0.12 0.09
319.49 2.27 0.17 -0.90 10.20 -0.18 0.05
344.75 2.22 0.17 -0.90 10.20 -0.13 0.03
14.94 2.77 0.18 -0.13 10.20 -0.02 0.08
104.85 2.72 0.19 -0.13 10.20 0.31 0.26
135.30 2.73 0.19 -0.13 10.20 0.20 0.20
194.86 2.71 0.19 -0.13 10.20 -0.03 0.39
224.77 2.73 0.19 -0.13 10.20 -0.45 0.28
254.48 2.72 0.19 -0.13 10.20 0.60 0.37
14.70 2.76 0.18 -0.20 10.20 -0.03 0.05
76.17 2.71 0.19 -0.20 10.20 0.31 0.15
105.18 2.73 0.19 -0.20 10.20 0.19 0.17
135.17 2.73 0.19 -0.20 10.20 -0.08 0.14
163.82 2.73 0.19 -0.20 10.20 -0.21 0.16
195.11 2.72 0.19 -0.20 10.20 -0.05 0.19
285.71 2.70 0.19 -0.20 10.20 -0.54 0.29
318.71 2.77 0.18 -0.20 10.20 -0.28 0.07
345.77 2.77 0.18 -0.20 10.20 -0.10 0.05
14.89 2.76 0.18 -0.33 10.20 0.07 0.04
41.24 2.76 0.18 -0.33 10.20 0.22 0.06
75.61 2.71 0.19 -0.32 10.20 0.25 0.18
104.66 2.71 0.19 -0.32 10.20 0.42 0.16
135.75 2.73 0.19 -0.32 10.20 0.16 0.16
163.76 2.73 0.19 -0.32 10.20 0.02 0.17
195.55 2.73 0.19 -0.31 10.20 -0.57 0.18
225.06 2.73 0.19 -0.32 10.20 -0.41 0.22
255.12 2.74 0.19 -0.32 10.20 -0.27 0.21
285.96 2.73 0.19 -0.32 10.20 -0.35 0.22
345.16 2.76 0.18 -0.33 10.20 -0.04 0.04
15.72 2.75 0.19 -0.50 10.20 0.05 0.03
40.55 2.75 0.18 -0.50 10.20 0.04 0.05
75.95 2.70 0.19 -0.49 10.20 0.53 0.18
105.05 2.71 0.19 -0.50 10.20 0.29 0.18
135.56 2.73 0.19 -0.49 10.20 0.48 0.18
164.05 2.74 0.19 -0.50 10.20 -0.26 0.21
193.98 2.71 0.19 -0.50 10.20 0.35 0.31
256.10 2.72 0.19 -0.50 10.20 -0.42 0.17
285.50 2.70 0.19 -0.50 10.20 -0.20 0.18
319.64 2.76 0.18 -0.50 10.20 -0.19 0.05
344.29 2.75 0.19 -0.50 10.20 -0.07 0.04
16.59 2.73 0.19 -0.69 10.20 0.02 0.04
40.03 2.75 0.18 -0.70 10.20 0.09 0.05
75.86 2.70 0.19 -0.69 10.20 0.61 0.23
105.10 2.72 0.19 -0.69 10.20 0.26 0.22
135.80 2.73 0.19 -0.70 10.20 0.19 0.21
163.92 2.71 0.19 -0.69 10.20 -0.15 0.21
194.66 2.73 0.19 -0.69 10.20 0.40 0.38
226.15 2.72 0.19 -0.70 10.20 0.52 0.29
256.47 2.71 0.19 -0.70 10.20 -0.25 0.21
284.15 2.72 0.19 -0.70 10.20 -0.30 0.16
320.22 2.76 0.18 -0.70 10.20 -0.24 0.05
343.23 2.73 0.19 -0.70 10.20 -0.08 0.04
17.72 2.71 0.19 -0.89 10.20 0.02 0.05
39.56 2.75 0.18 -0.90 10.20 0.07 0.06
105.25 2.73 0.19 -0.89 10.20 0.36 0.28
195.61 2.71 0.19 -0.89 10.20 -0.04 0.39
256.68 2.73 0.19 -0.90 10.20 -0.35 0.20
283.70 2.70 0.19 -0.90 10.20 0.08 0.18
320.47 2.75 0.18 -0.90 10.20 -0.14 0.06
342.05 2.71 0.19 -0.89 10.20 -0.16 0.05
14.96 1.69 0.23 -0.33 10.20 0.32 0.13
44.94 1.69 0.23 -0.32 10.20 0.37 0.12
44.64 1.69 0.23 -0.50 10.20 0.29 0.13
346.65 1.70 0.23 -0.50 10.20 -0.24 0.12
14.32 1.69 0.23 -0.70 10.20 0.10 0.12
347.63 1.69 0.23 -0.70 10.20 -0.12 0.13
13.25 1.69 0.23 -0.90 10.20 0.08 0.13
348.37 1.69 0.23 -0.90 10.20 -0.17 0.14
15.74 2.21 0.23 -0.13 10.20 0.04 0.10
43.79 2.20 0.24 -0.13 10.20 0.03 0.12
104.77 2.17 0.23 -0.13 10.20 0.28 0.15
135.42 2.17 0.24 -0.13 10.20 -0.12 0.14
316.35 2.17 0.24 -0.13 10.20 0.19 0.15
345.93 2.19 0.23 -0.13 10.20 -0.29 0.11
15.47 2.20 0.23 -0.20 10.20 0.07 0.07
44.22 2.20 0.24 -0.20 10.20 0.20 0.08
75.77 2.18 0.24 -0.20 10.20 0.28 0.09
104.68 2.17 0.23 -0.20 10.20 0.38 0.10
315.83 2.19 0.24 -0.20 10.20 -0.35 0.11
345.95 2.20 0.24 -0.20 10.20 -0.06 0.08
15.13 2.19 0.23 -0.32 10.20 0.04 0.07
43.91 2.19 0.24 -0.32 10.20 0.12 0.08
75.84 2.18 0.24 -0.32 10.20 0.36 0.11
315.64 2.18 0.24 -0.32 10.20 -0.36 0.17
346.65 2.19 0.23 -0.32 10.20 -0.09 0.07
14.92 2.19 0.23 -0.50 10.20 0.03 0.06
43.94 2.18 0.24 -0.50 10.20 0.13 0.08
104.85 2.17 0.24 -0.50 10.20 0.13 0.13
347.18 2.18 0.23 -0.50 10.20 -0.12 0.07
14.24 2.19 0.23 -0.70 10.20 0.18 0.06
43.68 2.18 0.24 -0.70 10.20 0.30 0.11
284.68 2.17 0.24 -0.70 10.20 -0.23 0.18
347.77 2.18 0.24 -0.70 10.20 -0.00 0.08
13.46 2.19 0.23 -0.90 10.20 0.04 0.07
313.12 2.18 0.24 -0.90 10.20 -0.43 0.17
348.84 2.19 0.23 -0.90 10.20 0.02 0.09
44.06 2.88 0.24 -0.13 10.20 0.21 0.11
75.59 2.87 0.23 -0.13 10.20 0.11 0.11
104.15 2.85 0.23 -0.13 10.20 0.33 0.14
135.04 2.85 0.23 -0.13 10.20 0.19 0.16
346.09 2.93 0.23 -0.13 10.20 -0.15 0.09
15.71 2.93 0.23 -0.20 10.20 -0.06 0.05
43.84 2.87 0.24 -0.20 10.20 0.02 0.07
75.53 2.87 0.23 -0.20 10.20 0.38 0.08
103.80 2.86 0.23 -0.20 10.20 0.37 0.09
225.04 2.85 0.23 -0.20 10.20 -0.28 0.16
256.45 2.86 0.23 -0.20 10.20 0.03 0.17
284.71 2.87 0.24 -0.20 10.20 -0.20 0.15
317.60 2.90 0.23 -0.20 10.20 -0.37 0.10
345.82 2.94 0.23 -0.20 10.20 -0.11 0.06
15.06 2.93 0.23 -0.33 10.20 0.08 0.05
43.04 2.88 0.23 -0.32 10.20 0.20 0.07
75.68 2.87 0.23 -0.32 10.20 0.41 0.09
104.09 2.85 0.23 -0.32 10.20 0.14 0.10
135.24 2.85 0.24 -0.32 10.20 0.06 0.13
164.05 2.84 0.24 -0.32 10.20 0.10 0.12
225.05 2.85 0.24 -0.32 10.20 -0.19 0.19
317.60 2.95 0.23 -0.32 10.20 -0.06 0.09
346.27 2.96 0.23 -0.33 10.20 -0.12 0.05
14.43 2.95 0.23 -0.50 10.20 0.08 0.04
42.12 2.90 0.23 -0.50 10.20 0.06 0.07
76.01 2.86 0.24 -0.50 10.20 0.23 0.11
104.95 2.85 0.24 -0.50 10.20 0.37 0.11
135.31 2.86 0.24 -0.49 10.20 0.21 0.13
225.42 2.84 0.24 -0.50 10.20 -0.56 0.15
255.56 2.86 0.24 -0.50 10.20 -0.35 0.14
284.85 2.87 0.23 -0.50 10.20 -0.10 0.12
316.93 2.97 0.23 -0.50 10.20 -0.14 0.09
346.52 2.97 0.23 -0.50 10.20 -0.12 0.04
14.17 2.95 0.23 -0.70 10.20 0.06 0.04
41.24 2.92 0.23 -0.70 10.20 0.14 0.07
76.09 2.86 0.24 -0.69 10.20 0.48 0.13
104.40 2.84 0.24 -0.69 10.20 0.42 0.14
135.39 2.86 0.24 -0.70 10.20 0.00 0.15
226.01 2.85 0.24 -0.69 10.20 0.16 0.21
256.03 2.85 0.24 -0.70 10.20 -0.39 0.16
285.13 2.85 0.23 -0.70 10.20 -0.18 0.12
316.96 2.97 0.23 -0.71 10.20 -0.25 0.07
346.26 2.96 0.22 -0.70 10.20 -0.05 0.04
13.92 2.93 0.23 -0.90 10.20 0.07 0.04
40.71 2.95 0.23 -0.90 10.20 0.14 0.08
104.88 2.83 0.24 -0.90 10.20 0.28 0.23
135.62 2.84 0.24 -0.90 10.20 0.28 0.18
225.16 2.84 0.24 -0.90 10.20 0.46 0.31
256.57 2.84 0.24 -0.90 10.20 -0.22 0.19
284.95 2.86 0.23 -0.90 10.20 -0.19 0.13
317.02 2.96 0.23 -0.90 10.20 -0.11 0.08
346.09 2.93 0.22 -0.90 10.20 -0.03 0.04
224.44 3.57 0.24 -0.13 10.20 -0.54 0.41
320.22 3.57 0.24 -0.13 10.20 -0.09 0.22
346.56 3.62 0.24 -0.13 10.20 -0.17 0.12
14.23 3.62 0.24 -0.20 10.20 -0.04 0.07
41.19 3.57 0.24 -0.20 10.20 -0.01 0.14
75.98 3.55 0.25 -0.20 10.20 0.02 0.15
103.46 3.54 0.24 -0.20 10.20 0.49 0.22
135.03 3.53 0.24 -0.20 10.20 0.21 0.28
164.46 3.53 0.24 -0.20 10.20 0.19 0.27
255.22 3.55 0.24 -0.20 10.20 -0.34 0.35
284.09 3.57 0.25 -0.20 10.20 -0.05 0.24
14.30 3.61 0.24 -0.33 10.20 0.05 0.06
40.70 3.58 0.24 -0.32 10.20 0.18 0.13
75.80 3.57 0.25 -0.32 10.20 0.13 0.17
103.82 3.57 0.25 -0.32 10.20 0.42 0.20
134.89 3.56 0.24 -0.32 10.20 -0.14 0.40
164.21 3.55 0.25 -0.32 10.20 -0.16 0.30
195.25 3.56 0.25 -0.33 10.20 -0.49 0.35
256.09 3.56 0.24 -0.32 10.20 0.13 0.28
284.66 3.60 0.25 -0.33 10.20 -0.14 0.20
320.31 3.58 0.24 -0.33 10.20 -0.24 0.13
345.95 3.61 0.24 -0.32 10.20 0.01 0.06
14.28 3.60 0.24 -0.50 10.20 0.10 0.05
76.49 3.59 0.25 -0.49 10.20 0.06 0.20
105.07 3.57 0.25 -0.49 10.20 -0.09 0.23
134.91 3.58 0.25 -0.49 10.20 0.37 0.29
226.33 3.55 0.24 -0.49 10.20 -0.45 0.39
255.79 3.57 0.25 -0.49 10.20 0.07 0.20
285.08 3.58 0.25 -0.50 10.20 -0.26 0.17
320.44 3.61 0.24 -0.50 10.20 -0.14 0.10
345.44 3.62 0.24 -0.50 10.20 -0.02 0.05
14.67 3.60 0.24 -0.70 10.20 0.09 0.05
38.78 3.60 0.24 -0.70 10.20 0.10 0.11
76.15 3.58 0.25 -0.69 10.20 0.49 0.23
104.10 3.57 0.25 -0.70 10.20 0.08 0.23
135.24 3.54 0.25 -0.69 10.20 -0.27 0.33
163.80 3.55 0.24 -0.70 10.20 -0.04 0.44
254.89 3.58 0.25 -0.70 10.20 -0.29 0.23
283.58 3.58 0.25 -0.70 10.20 -0.32 0.20
320.83 3.61 0.24 -0.70 10.20 -0.40 0.09
344.93 3.60 0.24 -0.70 10.20 -0.12 0.05
15.91 3.59 0.24 -0.90 10.20 0.05 0.06
38.19 3.60 0.24 -0.89 10.20 0.26 0.11
77.15 3.59 0.25 -0.89 10.20 0.35 0.28
104.28 3.55 0.25 -0.90 10.20 -0.15 0.40
135.29 3.57 0.25 -0.89 10.20 0.29 0.42
256.53 3.59 0.24 -0.89 10.20 0.00 0.24
285.46 3.56 0.25 -0.90 10.20 -0.69 0.18
321.06 3.60 0.24 -0.90 10.20 -0.32 0.11
343.81 3.59 0.25 -0.90 10.20 -0.20 0.06
15.30 2.21 0.31 -0.13 10.20 0.10 0.17
345.73 2.20 0.31 -0.13 10.20 -0.16 0.19
345.33 2.21 0.31 -0.20 10.20 -0.45 0.10
14.84 2.21 0.31 -0.50 10.20 0.16 0.09
225.68 2.21 0.31 -0.49 10.20 -0.09 0.09
14.51 2.21 0.31 -0.70 10.20 0.28 0.10
44.96 2.20 0.31 -0.70 10.20 0.38 0.13
346.50 2.20 0.31 -0.70 10.20 -0.18 0.09
14.20 2.20 0.31 -0.90 10.20 0.10 0.11
347.06 2.20 0.31 -0.90 10.20 -0.17 0.11
44.86 2.85 0.31 -0.13 10.20 0.19 0.13
44.31 2.84 0.31 -0.20 10.20 0.17 0.09
164.54 2.84 0.31 -0.20 10.20 0.18 0.08
345.30 2.85 0.31 -0.20 10.20 -0.20 0.09
14.96 2.85 0.31 -0.32 10.20 -0.00 0.08
315.47 2.83 0.31 -0.32 10.20 -0.20 0.14
346.08 2.85 0.31 -0.32 10.20 -0.11 0.09
14.90 2.86 0.31 -0.50 10.20 0.07 0.07
44.88 2.84 0.31 -0.50 10.20 0.25 0.08
75.20 2.83 0.32 -0.50 10.20 0.36 0.15
194.96 2.83 0.32 -0.49 10.20 -0.13 0.08
283.99 2.83 0.32 -0.50 10.20 -0.42 0.19
346.26 2.86 0.31 -0.50 10.20 -0.12 0.08
14.91 2.85 0.31 -0.70 10.20 0.07 0.08
44.84 2.83 0.31 -0.70 10.20 0.16 0.10
75.45 2.84 0.32 -0.70 10.20 0.52 0.16
104.90 2.82 0.32 -0.70 10.20 -0.19 0.14
314.20 2.83 0.32 -0.70 10.20 -0.05 0.17
346.87 2.83 0.31 -0.70 10.20 -0.05 0.09
14.08 2.85 0.31 -0.90 10.20 0.07 0.08
44.57 2.84 0.32 -0.90 10.20 0.36 0.13
75.06 2.81 0.32 -0.90 10.20 0.34 0.22
284.27 2.82 0.32 -0.90 10.20 -0.29 0.19
313.78 2.82 0.31 -0.90 10.20 -0.26 0.19
347.92 2.83 0.31 -0.90 10.20 -0.14 0.09
43.75 3.71 0.31 -0.13 10.20 -0.12 0.14
74.77 3.74 0.31 -0.13 10.20 -0.01 0.19
105.32 3.72 0.32 -0.13 10.20 0.03 0.19
226.31 3.72 0.32 -0.13 10.20 -0.29 0.21
317.08 3.73 0.31 -0.13 10.20 -0.07 0.20
346.33 3.73 0.31 -0.13 10.20 0.02 0.14
15.55 3.76 0.30 -0.20 10.20 -0.01 0.09
44.61 3.71 0.31 -0.20 10.20 0.25 0.09
74.41 3.76 0.31 -0.20 10.20 0.33 0.13
135.26 3.71 0.32 -0.20 10.20 0.19 0.10
253.66 3.73 0.32 -0.20 10.20 -0.46 0.16
346.15 3.77 0.31 -0.20 10.20 0.00 0.09
15.20 3.78 0.31 -0.32 10.20 0.00 0.08
43.62 3.74 0.31 -0.32 10.20 0.10 0.09
74.52 3.73 0.31 -0.33 10.20 0.23 0.12
105.56 3.72 0.31 -0.32 10.20 0.13 0.13
135.62 3.71 0.32 -0.32 10.20 0.31 0.08
225.33 3.72 0.32 -0.32 10.20 -0.18 0.12
254.50 3.71 0.32 -0.32 10.20 -0.35 0.16
315.68 3.76 0.31 -0.32 10.20 -0.14 0.15
346.19 3.80 0.30 -0.32 10.20 -0.12 0.08
14.62 3.81 0.30 -0.50 10.20 0.01 0.06
43.17 3.72 0.31 -0.50 10.20 0.25 0.09
75.27 3.74 0.31 -0.50 10.20 0.12 0.14
254.36 3.71 0.31 -0.49 10.20 -0.32 0.17
285.76 3.73 0.31 -0.50 10.20 -0.34 0.15
315.03 3.77 0.31 -0.50 10.20 -0.18 0.13
346.52 3.82 0.30 -0.50 10.20 -0.14 0.07
14.42 3.81 0.30 -0.70 10.20 0.09 0.06
43.53 3.75 0.31 -0.69 10.20 0.10 0.10
75.33 3.73 0.31 -0.69 10.20 0.43 0.16
104.33 3.70 0.31 -0.70 10.20 0.00 0.21
163.50 3.69 0.32 -0.69 10.20 0.15 0.13
284.80 3.73 0.31 -0.70 10.20 -0.27 0.18
314.51 3.79 0.31 -0.70 10.20 -0.30 0.13
346.99 3.86 0.30 -0.70 10.20 -0.17 0.07
13.90 3.84 0.30 -0.90 10.20 -0.03 0.07
42.76 3.74 0.31 -0.90 10.20 0.27 0.13
75.37 3.71 0.31 -0.90 10.20 0.19 0.18
162.75 3.73 0.31 -0.89 10.20 -0.07 0.16
255.05 3.71 0.31 -0.89 10.20 -0.52 0.21
286.21 3.73 0.31 -0.90 10.20 -0.38 0.19
314.47 3.77 0.31 -0.90 10.20 -0.23 0.12
347.27 3.86 0.30 -0.90 10.20 -0.07 0.06
43.99 4.65 0.32 -0.20 10.20 -0.11 0.25
75.08 4.72 0.33 -0.20 10.20 0.29 0.23
255.77 4.71 0.33 -0.20 10.20 -0.10 0.24
14.00 4.70 0.31 -0.32 10.20 -0.06 0.12
43.73 4.67 0.33 -0.32 10.20 0.07 0.21
74.77 4.69 0.32 -0.32 10.20 0.39 0.28
105.79 4.70 0.33 -0.32 10.20 0.46 0.18
285.50 4.70 0.32 -0.32 10.20 -0.40 0.29
346.51 4.71 0.31 -0.33 10.20 -0.11 0.12
13.48 4.72 0.31 -0.51 10.20 0.18 0.09
75.11 4.68 0.32 -0.49 10.20 0.11 0.21
105.71 4.75 0.33 -0.50 10.20 0.06 0.28
134.68 4.67 0.33 -0.49 10.20 0.32 0.16
164.29 4.72 0.33 -0.49 10.20 0.31 0.20
224.22 4.69 0.33 -0.49 10.20 -0.33 0.25
254.24 4.71 0.33 -0.49 10.20 0.02 0.38
286.66 4.69 0.32 -0.50 10.20 -0.21 0.24
346.46 4.72 0.31 -0.51 10.20 0.06 0.10
13.28 4.72 0.31 -0.70 10.20 0.11 0.09
41.76 4.65 0.32 -0.70 10.20 0.20 0.22
103.46 4.66 0.33 -0.70 10.20 0.20 0.39
255.08 4.68 0.32 -0.70 10.20 -0.78 0.30
286.61 4.69 0.32 -0.70 10.20 -0.39 0.34
317.24 4.69 0.32 -0.70 10.20 0.16 0.25
346.17 4.73 0.31 -0.70 10.20 -0.12 0.10
13.71 4.74 0.32 -0.90 10.20 0.04 0.09
39.52 4.68 0.32 -0.90 10.20 0.74 0.20
75.31 4.67 0.32 -0.90 10.20 -0.23 0.37
105.18 4.62 0.33 -0.90 10.20 -0.08 0.38
225.10 4.71 0.33 -0.89 10.20 0.02 0.53
254.49 4.66 0.32 -0.89 10.20 -0.04 0.44
285.74 4.69 0.32 -0.90 10.20 0.08 0.28
317.97 4.70 0.32 -0.90 10.20 -0.39 0.18
75.67 2.24 0.39 -0.32 10.20 0.22 0.17
345.87 2.87 0.40 -0.32 10.20 -0.15 0.16
315.17 2.86 0.40 -0.50 10.20 -0.31 0.19
345.68 2.87 0.40 -0.50 10.20 -0.00 0.14
14.68 2.87 0.40 -0.90 10.20 -0.08 0.17
45.63 2.88 0.40 -0.90 10.20 0.30 0.19
345.95 2.87 0.40 -0.90 10.20 -0.17 0.15
45.22 3.75 0.40 -0.20 10.20 0.09 0.12
164.21 3.73 0.40 -0.20 10.20 -0.12 0.12
345.45 3.73 0.40 -0.20 10.20 -0.23 0.14
15.29 3.73 0.40 -0.33 10.20 -0.01 0.12
44.51 3.73 0.40 -0.32 10.20 0.22 0.12
345.57 3.74 0.40 -0.33 10.20 0.30 0.13
14.98 3.74 0.40 -0.50 10.20 0.20 0.12
44.45 3.74 0.40 -0.50 10.20 0.19 0.12
163.59 3.74 0.40 -0.49 10.20 0.20 0.12
14.86 3.76 0.40 -0.70 10.20 0.01 0.13
284.24 3.71 0.40 -0.70 10.20 -0.06 0.26
346.19 3.74 0.40 -0.70 10.20 -0.07 0.13
284.64 3.71 0.40 -0.90 10.20 -0.24 0.26
346.14 3.74 0.40 -0.90 10.20 -0.08 0.15
15.01 4.97 0.40 -0.13 10.20 0.12 0.22
44.92 4.97 0.40 -0.13 10.20 -0.17 0.18
74.83 4.93 0.40 -0.13 10.20 -0.08 0.17
253.83 4.91 0.40 -0.13 10.20 -0.78 0.17
314.53 4.97 0.41 -0.13 10.20 -0.29 0.25
14.88 4.94 0.40 -0.20 10.20 -0.11 0.15
45.62 4.94 0.40 -0.20 10.20 0.20 0.13
74.98 4.94 0.40 -0.20 10.20 0.26 0.10
134.01 4.88 0.40 -0.20 10.20 0.19 0.14
164.13 4.90 0.40 -0.20 10.20 0.33 0.16
283.77 4.90 0.40 -0.20 10.20 -0.40 0.13
314.37 4.94 0.41 -0.20 10.20 -0.55 0.15
347.09 4.96 0.40 -0.20 10.20 0.00 0.14
14.48 4.92 0.40 -0.32 10.20 0.09 0.12
44.89 4.95 0.40 -0.32 10.20 0.25 0.12
76.09 4.98 0.41 -0.32 10.20 0.13 0.09
104.93 4.90 0.40 -0.32 10.20 0.09 0.10
195.41 4.88 0.40 -0.32 10.20 -0.29 0.12
226.09 4.88 0.40 -0.32 10.20 -0.50 0.12
255.18 4.90 0.40 -0.32 10.20 -0.34 0.12
283.94 4.93 0.40 -0.32 10.20 0.00 0.14
314.45 4.93 0.41 -0.32 10.20 -0.15 0.17
347.11 4.90 0.40 -0.32 10.20 -0.27 0.13
15.14 4.92 0.40 -0.50 10.20 0.10 0.12
44.63 4.90 0.40 -0.50 10.20 0.01 0.14
163.61 4.92 0.40 -0.49 10.20 -0.08 0.14
225.95 4.89 0.40 -0.49 10.20 -0.15 0.13
254.77 4.88 0.40 -0.49 10.20 -0.07 0.14
283.84 4.92 0.41 -0.49 10.20 -0.27 0.14
315.52 4.89 0.40 -0.50 10.20 0.00 0.19
347.08 4.94 0.40 -0.50 10.20 -0.08 0.12
14.62 4.93 0.40 -0.70 10.20 0.20 0.13
43.70 4.86 0.40 -0.70 10.20 0.06 0.16
75.89 4.88 0.41 -0.70 10.20 0.07 0.20
104.92 4.84 0.41 -0.70 10.20 0.06 0.16
347.17 4.98 0.39 -0.70 10.20 -0.12 0.14
14.14 4.99 0.40 -0.90 10.20 -0.19 0.12
43.09 4.87 0.40 -0.90 10.20 0.11 0.21
105.15 4.90 0.41 -0.90 10.20 0.28 0.17
132.64 4.96 0.40 -0.88 10.20 0.31 0.20
314.25 4.87 0.40 -0.90 10.20 -0.34 0.25
347.30 5.01 0.40 -0.90 10.20 0.10 0.14
345.37 2.94 0.49 -0.13 10.20 0.19 0.26
254.31 2.93 0.49 -0.20 10.20 -0.04 0.09
314.31 3.72 0.50 -0.13 10.20 -0.32 0.25
314.01 3.75 0.51 -0.20 10.20 0.09 0.14
75.64 3.74 0.51 -0.33 10.20 0.27 0.09
284.18 3.73 0.51 -0.50 10.20 -0.31 0.11
45.51 3.75 0.51 -0.90 10.20 0.07 0.21
75.91 4.88 0.51 -0.13 10.20 0.17 0.20
283.93 4.85 0.51 -0.13 10.20 0.00 0.26
45.14 4.90 0.50 -0.20 10.20 0.05 0.14
315.07 4.90 0.50 -0.20 10.20 0.03 0.17
345.82 4.92 0.51 -0.20 10.20 -0.00 0.16
15.61 4.92 0.51 -0.32 10.20 0.12 0.12
134.21 4.84 0.51 -0.32 10.20 -0.07 0.11
254.67 4.85 0.51 -0.33 10.20 -0.39 0.12
15.36 4.91 0.52 -0.49 10.20 -0.06 0.13
75.40 4.85 0.51 -0.50 10.20 0.22 0.11
345.79 4.90 0.51 -0.50 10.20 -0.25 0.14
345.04 4.89 0.52 -0.70 10.20 -0.08 0.18
45.84 4.91 0.52 -0.90 10.20 0.23 0.16
75.08 4.87 0.52 -0.90 10.20 0.37 0.15
346.38 4.89 0.52 -0.90 10.20 -0.13 0.20
