# phi(deg) q2(GeV2) xb t(GeV2) Eb(GeV) A sigA
7.116275 1.086558 0.161870 -0.157243 6.535 -0.009177 0.270453
23.219833 1.101917 0.160430 -0.164514 6.535 0.131116 0.207280
38.750274 1.137222 0.154354 -0.188284 6.535 0.199551 0.135242
52.940635 1.164879 0.147866 -0.185819 6.535 0.252769 0.088778
68.526736 1.193274 0.142701 -0.182136 6.535 0.275985 0.034805
86.566441 1.191978 0.139502 -0.184888 6.535 0.274149 0.037389
104.359810 1.194878 0.138081 -0.187512 6.535 0.241570 0.034839
122.570953 1.185048 0.137010 -0.188496 6.535 0.235288 0.039141
143.166009 1.189348 0.139337 -0.191418 6.535 0.112676 0.034456
167.792662 1.196371 0.138946 -0.194351 6.535 0.028784 0.038374
192.878235 1.182745 0.138049 -0.195168 6.535 -0.057827 0.035802
216.543228 1.187606 0.138414 -0.190041 6.535 -0.113593 0.026850
237.352471 1.198595 0.138795 -0.187557 6.535 -0.228209 0.032346
255.111665 1.195039 0.139289 -0.183178 6.535 -0.247904 0.037505
273.652594 1.196281 0.141164 -0.180498 6.535 -0.250202 0.042064
291.018513 1.198148 0.144313 -0.179334 6.535 -0.292569 0.062573
306.998951 1.178978 0.149184 -0.173803 6.535 -0.259540 0.106624
322.254423 1.133709 0.155445 -0.169897 6.535 -0.212949 0.033604
336.689697 1.105079 0.160007 -0.167066 6.535 -0.139185 0.368759
26.815061 1.063487 0.161635 -0.299976 6.535 0.074628 0.255959
39.138660 1.117321 0.155834 -0.306444 6.535 0.185568 0.085188
52.600269 1.164198 0.149780 -0.307529 6.535 0.238585 0.155119
68.852284 1.191093 0.144199 -0.307426 6.535 0.301860 0.099611
86.821864 1.189126 0.140947 -0.308686 6.535 0.242386 0.041053
104.572643 1.198688 0.141085 -0.307160 6.535 0.232207 0.035377
122.418805 1.198855 0.142343 -0.304965 6.535 0.212906 0.042100
143.200713 1.186503 0.143409 -0.307281 6.535 0.101372 0.040149
167.557679 1.177596 0.142523 -0.308728 6.535 0.045948 0.040590
192.869955 1.196090 0.143034 -0.308655 6.535 -0.028372 0.037304
216.055233 1.196064 0.142129 -0.309135 6.535 -0.082851 0.032423
236.786987 1.205460 0.140909 -0.303024 6.535 -0.196150 0.040901
254.936315 1.209983 0.143326 -0.306470 6.535 -0.212990 0.041638
273.911077 1.205437 0.143558 -0.305441 6.535 -0.355176 0.077668
291.325759 1.187297 0.144185 -0.309082 6.535 -0.213321 0.035210
307.041188 1.158827 0.146118 -0.317837 6.535 -0.251636 0.053938
321.105614 1.107818 0.155418 -0.314372 6.535 -0.211224 0.063760
335.636647 1.079176 0.164071 -0.279752 6.535 -0.295072 0.149768
38.855737 1.118604 0.156215 -0.456365 6.535 0.195256 0.179452
52.660028 1.160739 0.147379 -0.459750 6.535 0.124940 0.068203
68.586226 1.177304 0.144414 -0.456685 6.535 0.208476 0.043569
86.744708 1.193867 0.142447 -0.457844 6.535 0.230253 0.039765
104.484251 1.194960 0.142335 -0.456166 6.535 0.102973 0.045565
122.648435 1.188746 0.143108 -0.459545 6.535 0.066832 0.052174
144.039716 1.193780 0.142560 -0.458955 6.535 0.124784 0.049251
167.179309 1.186564 0.143199 -0.455862 6.535 0.005517 0.049014
192.791816 1.178908 0.143622 -0.458665 6.535 -0.067939 0.044289
216.099269 1.197945 0.142675 -0.458456 6.535 -0.015585 0.040713
236.656086 1.201762 0.141436 -0.456844 6.535 -0.075580 0.054297
255.370076 1.173906 0.143728 -0.461847 6.535 -0.070754 0.052735
273.450967 1.195079 0.143830 -0.458945 6.535 -0.198485 0.053632
292.234278 1.187663 0.143374 -0.466210 6.535 -0.237368 0.057880
307.876598 1.166296 0.145014 -0.465390 6.535 -0.194294 0.131309
320.626820 1.111529 0.152388 -0.474722 6.535 -0.152868 0.049801
331.833562 1.043336 0.160829 -0.473582 6.535 -0.037529 0.274044
25.879927 1.089968 0.150001 -0.806638 6.535 0.089184 0.693014
37.960847 1.153583 0.143589 -0.749086 6.535 0.087358 0.144244
52.097146 1.180435 0.141840 -0.711872 6.535 0.077198 0.086189
68.620948 1.190065 0.145129 -0.695780 6.535 0.135300 0.046588
86.587355 1.189879 0.145392 -0.698490 6.535 0.115114 0.048481
104.383322 1.192914 0.143587 -0.699184 6.535 0.062184 0.054588
122.413004 1.185778 0.142418 -0.693645 6.535 0.033243 0.063723
143.709487 1.179444 0.142182 -0.704951 6.535 0.030303 0.058979
167.754182 1.199768 0.142075 -0.701939 6.535 0.053412 0.063686
192.592339 1.187104 0.143945 -0.702176 6.535 0.049867 0.054234
215.867248 1.196382 0.143181 -0.699903 6.535 -0.069387 0.050645
237.414732 1.186790 0.143029 -0.702933 6.535 -0.085888 0.066911
255.971810 1.171373 0.143148 -0.695765 6.535 -0.190007 0.065962
273.082994 1.186463 0.142964 -0.692315 6.535 -0.108334 0.058244
292.389002 1.189467 0.142356 -0.704322 6.535 -0.058379 0.041485
307.864284 1.176866 0.145272 -0.696874 6.535 -0.103739 0.043228
321.456454 1.145694 0.149959 -0.707991 6.535 -0.076731 0.034328
334.991443 1.098230 0.146169 -0.793239 6.535 -0.072888 0.150868
8.219103 1.168848 0.141978 -1.569558 6.535 0.012150 0.080621
21.624125 1.169683 0.139573 -1.415429 6.535 -0.023414 0.105438
37.023626 1.183651 0.146274 -1.255508 6.535 -0.002784 0.032549
51.545099 1.198882 0.142862 -1.260012 6.535 -0.023106 0.047872
68.483577 1.198303 0.144669 -1.262274 6.535 -0.015433 0.063095
86.055251 1.181936 0.146686 -1.307904 6.535 0.089124 0.074827
104.318470 1.175253 0.147077 -1.370793 6.535 0.070622 0.102283
122.372971 1.167904 0.146086 -1.358410 6.535 0.025053 0.114163
143.678431 1.179328 0.145568 -1.405687 6.535 -0.023055 0.083799
166.483773 1.155461 0.147312 -1.318967 6.535 -0.105690 0.140376
192.562137 1.175536 0.148202 -1.282635 6.535 0.073715 0.106264
215.515563 1.181226 0.146737 -1.369928 6.535 -0.010763 0.082095
237.977597 1.175350 0.147444 -1.359258 6.535 -0.003732 0.100388
254.698525 1.161094 0.145991 -1.260219 6.535 0.122515 0.115125
273.388610 1.187761 0.145121 -1.313172 6.535 -0.085648 0.105536
291.631828 1.191268 0.144923 -1.270747 6.535 -0.009366 0.058246
307.471205 1.186083 0.145379 -1.248961 6.535 -0.071725 0.051726
323.057761 1.180155 0.144821 -1.304109 6.535 0.059831 0.054456
337.897769 1.149634 0.144126 -1.402617 6.535 0.018706 0.036036
351.967947 1.153588 0.144893 -1.573777 6.535 0.031032 0.053941
6.931184 1.096841 0.208679 -0.212002 6.535 0.084020 0.044456
22.463890 1.096764 0.209444 -0.214949 6.535 0.135526 0.050916
37.480452 1.098059 0.206038 -0.222627 6.535 0.194030 0.064586
52.080754 1.100900 0.206690 -0.227320 6.535 0.296867 0.065124
68.346891 1.098177 0.206055 -0.225449 6.535 0.259488 0.043122
86.186920 1.096395 0.207133 -0.230679 6.535 0.297873 0.051451
104.010932 1.097122 0.203785 -0.242260 6.535 0.115827 0.061265
121.112579 1.095461 0.192834 -0.250082 6.535 0.142499 0.091875
141.223117 1.104830 0.183926 -0.254930 6.535 0.027823 0.108296
168.150336 1.107273 0.180551 -0.261383 6.535 0.323414 0.164290
193.261057 1.102389 0.179017 -0.261606 6.535 0.031181 0.160665
217.496368 1.103219 0.182239 -0.257065 6.535 -0.047578 0.101700
238.428757 1.103842 0.191709 -0.247132 6.535 -0.303742 0.118415
256.144132 1.098383 0.200876 -0.236636 6.535 -0.166945 0.081944
273.534186 1.098013 0.205411 -0.231003 6.535 -0.335669 0.057040
291.456088 1.099737 0.206251 -0.224037 6.535 -0.335854 0.041631
308.078295 1.099636 0.209349 -0.215048 6.535 -0.239537 0.050378
323.070219 1.098919 0.206618 -0.209402 6.535 -0.231958 0.075961
337.995162 1.100629 0.205554 -0.214107 6.535 -0.155886 0.060241
352.239726 1.095253 0.207941 -0.214363 6.535 -0.048945 0.021747
6.303820 1.099644 0.229193 -0.379862 6.535 0.079638 0.053724
23.764599 1.091809 0.211420 -0.395592 6.535 0.189259 0.193485
37.047020 1.095894 0.204186 -0.395575 6.535 0.224199 0.139831
51.772797 1.097955 0.208393 -0.391376 6.535 0.238190 0.052237
68.433966 1.097425 0.212497 -0.388241 6.535 0.236545 0.064437
87.163939 1.095622 0.213989 -0.390722 6.535 0.182084 0.082871
104.116117 1.094863 0.216834 -0.387437 6.535 0.049460 0.086551
122.767649 1.095077 0.215764 -0.408338 6.535 0.128390 0.122560
141.846138 1.092185 0.205282 -0.405567 6.535 -0.049919 0.102218
167.882583 1.094054 0.195496 -0.403452 6.535 0.002429 0.120018
193.221622 1.106016 0.191709 -0.405573 6.535 -0.116700 0.110399
215.626708 1.095427 0.195727 -0.401929 6.535 -0.186133 0.142307
238.253375 1.083413 0.211244 -0.405952 6.535 0.113594 0.142543
255.157587 1.101439 0.216809 -0.392503 6.535 -0.033923 0.078525
273.708593 1.097501 0.212141 -0.390982 6.535 -0.188629 0.083438
291.215112 1.099155 0.210233 -0.389551 6.535 -0.199155 0.060111
307.907746 1.094514 0.211938 -0.392933 6.535 -0.120942 0.055665
322.982902 1.093706 0.211321 -0.392060 6.535 -0.168581 0.071113
337.804833 1.097691 0.217745 -0.384638 6.535 -0.166585 0.097184
352.289507 1.096379 0.227715 -0.382117 6.535 -0.100482 0.037256
6.029845 1.099353 0.239405 -0.529839 6.535 0.094211 0.130186
23.827819 1.093840 0.218412 -0.543741 6.535 0.133112 0.228713
36.920004 1.099956 0.212895 -0.537119 6.535 0.165301 0.081602
51.387156 1.095151 0.211381 -0.539256 6.535 0.122006 0.063955
68.028167 1.095067 0.212498 -0.543524 6.535 0.205487 0.070300
86.873522 1.097933 0.216222 -0.542702 6.535 0.015398 0.087830
104.743440 1.091516 0.223252 -0.542312 6.535 0.004091 0.090466
124.044200 1.078651 0.230463 -0.539596 6.535 -0.070650 0.186412
142.298077 1.087684 0.224249 -0.548894 6.535 0.124596 0.161046
169.059694 1.114429 0.212598 -0.544772 6.535 0.031485 0.195997
190.544072 1.102830 0.214346 -0.545952 6.535 -0.077411 0.208027
218.732351 1.091718 0.226636 -0.558845 6.535 -0.274741 0.397574
237.512422 1.090958 0.229634 -0.555814 6.535 0.091217 0.182356
255.541016 1.084010 0.221622 -0.550273 6.535 -0.108152 0.137990
273.363801 1.095110 0.218451 -0.535884 6.535 0.019102 0.095737
291.470819 1.097006 0.216954 -0.540867 6.535 -0.047474 0.069050
307.859345 1.092260 0.210447 -0.544519 6.535 -0.124225 0.057960
323.051600 1.093412 0.207638 -0.544734 6.535 -0.132249 0.064617
336.120424 1.090046 0.218508 -0.546475 6.535 -0.142146 0.135452
351.758340 1.109791 0.239894 -0.518249 6.535 -0.004252 0.336864
14.377181 1.155007 0.255911 -0.731900 6.535 0.326277 1.379652
23.438382 1.098254 0.226148 -0.710394 6.535 0.134175 0.106148
36.669253 1.100711 0.218828 -0.706073 6.535 0.070296 0.050346
51.811665 1.099892 0.215414 -0.709914 6.535 0.058842 0.071138
69.271247 1.097109 0.216684 -0.711749 6.535 0.035226 0.063055
86.986986 1.089562 0.218196 -0.711086 6.535 0.051629 0.087742
105.153489 1.082947 0.229538 -0.714973 6.535 0.038899 0.134899
122.300986 1.096808 0.283840 -0.721361 6.535 0.066617 0.337780
143.108461 1.094827 0.232839 -0.727802 6.535 0.018225 0.185548
166.725689 1.101502 0.212990 -0.723121 6.535 0.078151 0.181110
192.261099 1.082890 0.210962 -0.740979 6.535 -0.197254 0.285660
214.867465 1.084965 0.227163 -0.724183 6.535 -0.005465 0.153320
235.527063 1.114637 0.277704 -0.732443 6.535 -0.228591 0.597306
255.014813 1.099854 0.232307 -0.724132 6.535 -0.198623 0.209199
272.455596 1.092051 0.220998 -0.705606 6.535 -0.052763 0.092839
291.781724 1.092820 0.214252 -0.723143 6.535 -0.084863 0.069767
308.095092 1.101236 0.210361 -0.715076 6.535 0.011404 0.057459
322.853480 1.097260 0.210034 -0.718341 6.535 -0.055862 0.047971
336.042295 1.092250 0.219587 -0.720050 6.535 -0.109813 0.079000
346.822519 1.083548 0.220419 -0.748134 6.535 0.265895 0.773357
7.454276 1.099853 0.211948 -1.322362 6.535 -0.021768 0.045823
21.766587 1.096549 0.214270 -1.164636 6.535 0.037928 0.078648
36.030810 1.100514 0.210784 -1.159705 6.535 -0.078291 0.052875
51.630014 1.093015 0.212999 -1.185108 6.535 -0.048852 0.088813
68.090103 1.095931 0.218125 -1.249418 6.535 -0.149356 0.303745
87.661701 1.063839 0.260120 -1.315436 6.535 0.136490 1.274667
122.072414 0.980612 0.400266 -2.617035 6.535 -0.674250 14.070510
121.649565 1.088921 0.251086 -1.039366 6.535 -0.023160 0.319211
143.575660 1.087287 0.208792 -1.098433 6.535 0.191141 0.227658
167.389940 1.094018 0.192006 -1.078246 6.535 -0.034009 0.155673
189.068906 1.078603 0.198796 -1.101823 6.535 0.215866 0.559737
217.031992 1.076276 0.209346 -1.043032 6.535 -0.272708 0.366880
237.023933 1.055692 0.271884 -1.148054 6.535 -0.161893 0.572139
273.722316 1.093675 0.225739 -1.232379 6.535 0.081336 0.375558
291.640011 1.097808 0.224136 -1.176986 6.535 0.051320 0.128694
308.150355 1.099189 0.214673 -1.099852 6.535 0.014689 0.068363
323.354575 1.103440 0.212644 -1.112350 6.535 0.021157 0.049992
338.486526 1.098257 0.213326 -1.190149 6.535 0.034213 0.073804
350.893625 1.097467 0.213575 -1.300823 6.535 -0.040171 0.032131
6.820851 1.291886 0.218377 -0.213375 6.535 -0.021919 0.086624
22.587051 1.295249 0.217080 -0.216596 6.535 0.133928 0.035409
37.540229 1.295872 0.210027 -0.230179 6.535 0.245914 0.045507
52.112011 1.297734 0.207061 -0.228511 6.535 0.305327 0.071035
68.332832 1.300041 0.207652 -0.228503 6.535 0.299540 0.049010
85.797382 1.294104 0.206576 -0.233192 6.535 0.236714 0.048736
103.947226 1.302587 0.199432 -0.236660 6.535 0.269262 0.068980
121.886698 1.300305 0.192750 -0.245188 6.535 0.223336 0.080827
141.990767 1.300706 0.185378 -0.256811 6.535 0.107151 0.093951
166.912555 1.298067 0.180048 -0.259088 6.535 0.004513 0.132301
192.469357 1.305038 0.183300 -0.266148 6.535 -0.052448 0.106019
218.406958 1.296479 0.183960 -0.256152 6.535 -0.095421 0.081919
237.473682 1.297324 0.191962 -0.244830 6.535 -0.159546 0.073944
256.137444 1.302568 0.201782 -0.238700 6.535 -0.325899 0.073172
273.598649 1.300311 0.205763 -0.229410 6.535 -0.271002 0.046100
291.276268 1.298137 0.207791 -0.224928 6.535 -0.322833 0.043484
307.996947 1.295034 0.211202 -0.214826 6.535 -0.280820 0.057645
323.119877 1.297385 0.210879 -0.214558 6.535 -0.187254 0.043060
337.512202 1.292368 0.214053 -0.215189 6.535 -0.141294 0.053741
352.168076 1.291050 0.218710 -0.215111 6.535 -0.063390 0.036871
6.308011 1.289901 0.242101 -0.391470 6.535 0.003522 0.176943
23.783548 1.289706 0.225309 -0.406799 6.535 0.109002 0.045744
37.302448 1.293972 0.211334 -0.410076 6.535 0.158190 0.067237
51.994364 1.296868 0.212829 -0.405275 6.535 0.234769 0.054661
68.254184 1.302492 0.212645 -0.402983 6.535 0.249108 0.059214
86.658623 1.294607 0.219663 -0.404874 6.535 0.312092 0.075979
104.920611 1.291465 0.217355 -0.404758 6.535 0.127215 0.091038
122.324964 1.293893 0.209476 -0.409438 6.535 0.012410 0.092701
142.371959 1.294179 0.201638 -0.412629 6.535 0.018607 0.091296
167.754812 1.291417 0.198623 -0.419013 6.535 0.184895 0.111909
193.179904 1.296163 0.196442 -0.404867 6.535 -0.198361 0.118034
216.676204 1.295850 0.201315 -0.415388 6.535 0.037132 0.099571
237.841275 1.296264 0.210771 -0.404367 6.535 -0.153215 0.096795
255.518325 1.296790 0.222300 -0.409552 6.535 -0.068916 0.082103
273.437472 1.291954 0.216653 -0.407214 6.535 -0.107574 0.068583
291.444960 1.296511 0.216838 -0.403303 6.535 -0.173957 0.061029
307.952115 1.293197 0.213655 -0.405204 6.535 -0.214737 0.081840
322.833971 1.290812 0.216470 -0.406335 6.535 -0.202449 0.110882
337.781861 1.294280 0.227676 -0.397844 6.535 -0.167281 0.102021
352.247502 1.289659 0.241701 -0.397142 6.535 -0.132116 0.463242
6.516393 1.285944 0.248560 -0.550336 6.535 0.037522 0.194622
24.315163 1.284458 0.233861 -0.578052 6.535 0.078736 0.297162
36.674233 1.293742 0.219559 -0.573255 6.535 0.140334 0.049130
51.603574 1.294467 0.218493 -0.567813 6.535 0.116149 0.058903
67.905103 1.298614 0.213131 -0.571382 6.535 0.053744 0.068670
87.380840 1.296038 0.215817 -0.578267 6.535 0.218763 0.105345
104.403660 1.294664 0.221860 -0.564897 6.535 -0.067555 0.108049
123.510267 1.281080 0.225889 -0.571422 6.535 0.028078 0.116091
142.885787 1.293004 0.221421 -0.589991 6.535 0.152381 0.153200
166.936355 1.281911 0.217795 -0.571181 6.535 -0.115999 0.169690
192.379343 1.292349 0.212681 -0.579622 6.535 -0.043027 0.142644
215.795923 1.286848 0.226633 -0.579628 6.535 -0.076172 0.116929
236.963099 1.288117 0.223375 -0.578100 6.535 -0.256380 0.165974
255.019802 1.292325 0.219591 -0.565973 6.535 -0.115424 0.139457
273.016070 1.293977 0.220762 -0.574172 6.535 -0.241512 0.084152
291.863541 1.290902 0.221438 -0.574499 6.535 -0.221601 0.083918
308.066030 1.297838 0.209633 -0.571157 6.535 -0.227669 0.074307
322.753962 1.293060 0.213008 -0.578256 6.535 -0.207318 0.068775
336.123082 1.284102 0.234706 -0.573640 6.535 -0.122899 0.294630
351.716662 1.297968 0.255009 -0.544460 6.535 0.028301 0.341083
20.730000 1.366963 0.133111 -0.485012 6.535 2.583069 12.055561
23.980097 1.291505 0.237090 -0.789540 6.535 0.073583 0.098071
36.599723 1.290092 0.225199 -0.780820 6.535 0.147463 0.063684
51.983367 1.296930 0.222306 -0.778610 6.535 0.161122 0.081817
68.727747 1.298959 0.217299 -0.765225 6.535 0.239235 0.109010
86.744848 1.290056 0.224914 -0.793209 6.535 -0.041158 0.107831
104.172979 1.285425 0.225477 -0.794046 6.535 0.109824 0.123761
122.623765 1.262107 0.261275 -0.797425 6.535 -0.166315 0.349550
144.383659 1.290914 0.237275 -0.789804 6.535 0.120552 0.165693
167.694225 1.290101 0.226421 -0.799094 6.535 -0.085143 0.138291
192.424943 1.287842 0.224848 -0.793865 6.535 0.036537 0.139558
216.527538 1.296476 0.235159 -0.785623 6.535 0.107916 0.212015
236.519511 1.273740 0.250716 -0.845459 6.535 0.096143 0.365869
255.460540 1.283897 0.226909 -0.810498 6.535 0.110381 0.175940
272.734756 1.295379 0.227743 -0.791415 6.535 -0.123859 0.115777
292.062404 1.297734 0.221637 -0.790460 6.535 -0.265123 0.090180
308.526257 1.291966 0.218014 -0.790806 6.535 -0.021753 0.061216
322.916462 1.292299 0.214988 -0.793187 6.535 -0.120159 0.091977
335.613419 1.282467 0.232390 -0.796887 6.535 -0.031539 0.244559
333.141892 1.357889 0.100189 -1.108454 6.535 4.093562 26.061046
6.868400 1.289145 0.219092 -1.564080 6.535 -0.028076 0.168882
22.266750 1.288169 0.221721 -1.352420 6.535 0.036424 0.044528
36.018363 1.296817 0.214852 -1.288281 6.535 -0.115366 0.080097
52.157896 1.292012 0.218224 -1.315756 6.535 0.047835 0.082318
68.440743 1.291725 0.216757 -1.371315 6.535 0.029964 0.138809
87.548453 1.280127 0.243815 -1.340401 6.535 0.082318 0.394992
108.388368 1.303384 0.303954 -1.457189 6.535 -0.065397 0.937405
125.554121 1.268704 0.270247 -1.177791 6.535 -0.106266 0.433290
143.539724 1.290647 0.224698 -1.230831 6.535 0.374546 0.365088
168.052015 1.300254 0.211121 -1.223498 6.535 -0.022778 0.181411
192.561147 1.299616 0.214488 -1.296385 6.535 0.294251 0.368397
214.871257 1.291768 0.227149 -1.249177 6.535 -0.163535 0.270718
234.585650 1.238285 0.285578 -1.257621 6.535 -0.724486 2.210398
249.252949 1.224151 0.331813 -1.716103 6.535 -0.214446 1.805756
272.189557 1.299762 0.231877 -1.367060 6.535 0.310487 0.610032
292.226296 1.295525 0.223730 -1.313291 6.535 0.109519 0.144689
307.676816 1.292102 0.218714 -1.244709 6.535 -0.061610 0.073029
322.817626 1.294053 0.220987 -1.245562 6.535 -0.063561 0.050366
338.015789 1.287974 0.221937 -1.365218 6.535 0.015052 0.063541
351.117033 1.285598 0.222044 -1.542207 6.535 -0.024602 0.037701
7.141420 1.671022 0.235426 -0.213352 6.535 0.063137 0.124900
22.357570 1.675991 0.234117 -0.213996 6.535 0.112659 0.148501
37.883605 1.692581 0.223792 -0.227503 6.535 0.204506 0.044377
52.351533 1.710356 0.214237 -0.228901 6.535 0.268015 0.089891
68.363717 1.717230 0.212380 -0.228960 6.535 0.286811 0.034430
86.198021 1.707571 0.210389 -0.233985 6.535 0.312795 0.034173
104.482663 1.708671 0.206582 -0.240137 6.535 0.280173 0.039363
122.334314 1.681377 0.198296 -0.243876 6.535 0.156236 0.050667
142.519139 1.663432 0.193656 -0.247603 6.535 0.150704 0.058612
167.543384 1.640772 0.189674 -0.251910 6.535 0.094171 0.071939
193.348077 1.657473 0.190356 -0.254374 6.535 -0.033133 0.066941
216.988005 1.665630 0.194603 -0.247692 6.535 -0.168829 0.047969
237.779530 1.661775 0.197298 -0.240234 6.535 -0.274783 0.042425
256.092745 1.703310 0.207752 -0.237664 6.535 -0.297630 0.034762
273.741527 1.715569 0.212275 -0.228628 6.535 -0.319246 0.030554
291.358773 1.736018 0.215338 -0.223412 6.535 -0.272190 0.033864
307.813162 1.718028 0.218588 -0.217991 6.535 -0.249266 0.031801
323.047563 1.704951 0.225944 -0.218181 6.535 -0.230173 0.064057
337.271470 1.672471 0.230948 -0.215838 6.535 -0.140938 0.030139
352.117707 1.674546 0.234681 -0.213182 6.535 -0.046974 0.032392
6.603799 1.620450 0.251574 -0.381902 6.535 0.039329 0.075105
23.904056 1.657680 0.242201 -0.402784 6.535 0.160736 0.151265
38.050944 1.706218 0.228070 -0.404360 6.535 0.255970 0.108568
51.931707 1.739973 0.223346 -0.403233 6.535 0.304652 0.066668
68.015606 1.750388 0.220831 -0.399900 6.535 0.305746 0.036933
86.377196 1.746923 0.220213 -0.398707 6.535 0.269178 0.040169
104.813963 1.728949 0.219231 -0.401670 6.535 0.272185 0.043401
122.673257 1.726520 0.216285 -0.403119 6.535 0.243789 0.052347
143.032087 1.742085 0.212579 -0.402884 6.535 0.162124 0.052182
167.332377 1.745535 0.211367 -0.412423 6.535 0.039847 0.054171
192.460948 1.715687 0.209320 -0.410109 6.535 -0.125310 0.049272
216.643666 1.711978 0.210331 -0.404532 6.535 -0.149968 0.043108
236.673765 1.752469 0.218721 -0.403309 6.535 -0.115871 0.053003
255.425508 1.735021 0.221660 -0.399447 6.535 -0.309788 0.052919
273.647047 1.741232 0.222168 -0.398846 6.535 -0.244676 0.040266
291.395245 1.752052 0.221858 -0.401113 6.535 -0.306391 0.046100
307.476317 1.731513 0.223542 -0.403152 6.535 -0.269019 0.089962
322.493701 1.718444 0.234151 -0.397000 6.535 -0.226128 0.097948
337.237737 1.666660 0.243750 -0.385803 6.535 -0.135392 0.244982
352.012275 1.599721 0.250156 -0.383894 6.535 -0.022673 0.188196
7.451629 1.569245 0.257199 -0.553480 6.535 0.319829 0.249788
24.726780 1.607934 0.247731 -0.596093 6.535 0.111647 0.593086
37.888298 1.689799 0.233989 -0.590051 6.535 0.142181 0.034447
52.056106 1.729584 0.227816 -0.590860 6.535 0.241473 0.059418
68.127642 1.745423 0.223862 -0.589974 6.535 0.279155 0.042439
86.856915 1.755500 0.219760 -0.594130 6.535 0.206003 0.052746
104.582009 1.716485 0.218421 -0.592585 6.535 0.107015 0.055016
122.811200 1.737255 0.220896 -0.592901 6.535 0.163610 0.069347
143.664139 1.725152 0.224891 -0.587607 6.535 0.062682 0.061846
167.683041 1.731672 0.223194 -0.596423 6.535 -0.057854 0.065130
192.632630 1.714918 0.222567 -0.590624 6.535 0.053618 0.061495
216.229798 1.710720 0.221326 -0.589520 6.535 -0.144527 0.059531
236.646096 1.737763 0.220209 -0.592807 6.535 -0.128325 0.064531
255.596978 1.717049 0.222649 -0.598544 6.535 -0.122356 0.069163
273.260443 1.723526 0.221400 -0.588191 6.535 -0.191259 0.061302
291.752450 1.728185 0.223946 -0.591376 6.535 -0.201928 0.046402
308.020272 1.703079 0.217705 -0.598996 6.535 -0.216844 0.038928
321.684899 1.673882 0.225417 -0.604616 6.535 -0.145566 0.154797
336.380692 1.592345 0.248681 -0.588322 6.535 -0.164943 0.071352
350.906485 1.570380 0.257716 -0.549226 6.535 -0.022416 0.827070
25.621098 1.578502 0.241928 -0.864455 6.535 -0.014104 0.181523
37.538503 1.681434 0.226331 -0.861178 6.535 0.157952 0.048928
52.016468 1.727280 0.226644 -0.860225 6.535 0.164865 0.050009
68.633288 1.725348 0.227110 -0.860658 6.535 0.185451 0.054196
86.881236 1.714699 0.225904 -0.857407 6.535 0.233651 0.082830
104.382101 1.721705 0.221464 -0.861792 6.535 0.090708 0.068940
122.210615 1.673295 0.227713 -0.866675 6.535 0.127096 0.082350
144.185562 1.684546 0.231140 -0.867567 6.535 -0.028280 0.082685
167.343473 1.709769 0.233679 -0.869229 6.535 0.013803 0.084782
193.128233 1.690969 0.226656 -0.873794 6.535 -0.070542 0.073714
216.042714 1.680508 0.227982 -0.858576 6.535 -0.087575 0.071321
236.702408 1.684942 0.222926 -0.852290 6.535 -0.047396 0.102027
255.804483 1.710708 0.228523 -0.846461 6.535 -0.129471 0.084795
273.504089 1.712065 0.225565 -0.857096 6.535 -0.093642 0.064132
292.634855 1.702268 0.224993 -0.865659 6.535 -0.146283 0.053419
308.178160 1.712384 0.223047 -0.867614 6.535 -0.137457 0.041917
322.315983 1.684602 0.226308 -0.872359 6.535 -0.176882 0.154811
334.610860 1.574001 0.238309 -0.891620 6.535 -0.067367 0.099933
353.292857 1.601056 0.215539 -0.823929 6.535 0.503195 1.043379
7.872075 1.667338 0.221144 -1.890777 6.535 -0.012141 0.063855
23.133602 1.649155 0.228463 -1.575468 6.535 0.008975 0.044116
36.517175 1.717989 0.223483 -1.478122 6.535 0.035228 0.040892
51.509876 1.729471 0.225621 -1.498916 6.535 0.042841 0.052932
68.790423 1.713736 0.227211 -1.473281 6.535 0.087802 0.073893
86.199930 1.701065 0.225851 -1.525770 6.535 -0.180946 0.200853
104.820157 1.646031 0.231440 -1.627649 6.535 0.273774 0.259978
122.411175 1.651167 0.236029 -1.502509 6.535 -0.016864 0.121214
143.028674 1.664564 0.233337 -1.511444 6.535 0.035601 0.083875
167.346888 1.696378 0.229979 -1.515457 6.535 0.035626 0.112628
192.422694 1.696016 0.228108 -1.458032 6.535 0.138757 0.178234
216.526375 1.688855 0.232969 -1.479280 6.535 -0.065514 0.103947
236.751741 1.606996 0.237994 -1.618235 6.535 -0.077762 0.148334
255.404212 1.651928 0.236364 -1.623029 6.535 -0.302175 0.266586
273.107131 1.702902 0.233207 -1.632958 6.535 -0.265506 0.214001
291.659955 1.700631 0.226029 -1.492580 6.535 -0.025821 0.064509
308.175719 1.720668 0.227965 -1.413151 6.535 -0.043426 0.053713
322.802588 1.733751 0.229743 -1.425370 6.535 -0.012631 0.042475
337.748564 1.652943 0.226641 -1.608075 6.535 -0.003730 0.078940
351.960750 1.631387 0.226978 -1.859333 6.535 0.063036 0.097777
7.052839 1.622539 0.299291 -0.300304 6.535 0.078930 0.034731
22.280097 1.616699 0.298911 -0.298247 6.535 0.194740 0.080232
37.628904 1.609458 0.299202 -0.305396 6.535 0.206292 0.051827
52.189943 1.609378 0.297868 -0.309309 6.535 0.219955 0.047470
68.577114 1.598239 0.296711 -0.318105 6.535 0.360589 0.048743
86.222361 1.590586 0.295585 -0.339318 6.535 0.359746 0.116342
104.202404 1.553766 0.294632 -0.369651 6.535 0.193646 0.137561
120.100383 1.605257 0.286695 -0.400787 6.535 0.035688 0.207708
144.261330 1.570195 0.298555 -0.414383 6.535 0.797831 0.461126
169.006192 1.612399 0.291370 -0.394869 6.535 -0.374976 0.380140
198.050385 1.652638 0.293044 -0.317002 6.535 0.160737 0.374361
217.709582 1.533200 0.291697 -0.363289 6.535 -0.501161 0.452338
236.136223 1.703860 0.295429 -0.397948 6.535 -0.425195 0.437954
257.012024 1.537973 0.293285 -0.370204 6.535 -0.083187 0.153462
273.949866 1.546797 0.294271 -0.338860 6.535 -0.308017 0.091682
291.751408 1.593817 0.296988 -0.313426 6.535 -0.249319 0.047797
308.222173 1.612155 0.298813 -0.298913 6.535 -0.190740 0.038745
322.856202 1.627477 0.299667 -0.291949 6.535 -0.202483 0.042138
337.828251 1.620771 0.298748 -0.296007 6.535 -0.138308 0.037441
352.444209 1.624879 0.298118 -0.303058 6.535 -0.071177 0.027024
6.767877 1.629104 0.303708 -0.522500 6.535 0.000534 0.083108
22.765544 1.626632 0.302957 -0.528392 6.535 0.158237 0.111704
36.986743 1.621594 0.300631 -0.533681 6.535 0.220692 0.064618
52.245904 1.635796 0.303433 -0.526061 6.535 0.175280 0.060643
68.467221 1.600395 0.301638 -0.526747 6.535 0.083418 0.070624
86.801869 1.611176 0.308801 -0.519976 6.535 0.151241 0.100145
104.904863 1.555541 0.302784 -0.525490 6.535 0.237626 0.127967
122.254790 1.501853 0.299738 -0.538530 6.535 0.012111 0.123626
142.192940 1.547973 0.293757 -0.542402 6.535 0.005109 0.168982
165.277289 1.637766 0.290036 -0.556896 6.535 -0.354768 0.333021
194.365877 1.697655 0.286541 -0.557888 6.535 0.097525 0.212773
219.043245 1.557342 0.292749 -0.550066 6.535 0.146168 0.222968
237.588671 1.521961 0.302205 -0.539689 6.535 0.005386 0.151182
255.063790 1.594204 0.304682 -0.523580 6.535 -0.009430 0.096213
273.434937 1.593852 0.301833 -0.524740 6.535 -0.112563 0.076899
291.791556 1.590365 0.300847 -0.526170 6.535 -0.270736 0.069568
307.670396 1.630943 0.304928 -0.525848 6.535 -0.206861 0.070870
322.600060 1.619830 0.303844 -0.527408 6.535 -0.089039 0.053349
338.122910 1.644412 0.303127 -0.521765 6.535 -0.160951 0.109360
352.615267 1.609634 0.303520 -0.522778 6.535 -0.086009 0.184373
6.544620 1.647477 0.314915 -0.692013 6.535 -0.017178 0.067329
22.885510 1.589173 0.299114 -0.709914 6.535 0.126674 0.093769
36.224423 1.622135 0.301662 -0.707111 6.535 0.231648 0.136039
51.709894 1.593694 0.300752 -0.707151 6.535 0.166749 0.066091
68.083481 1.589913 0.301496 -0.712402 6.535 0.064818 0.080444
86.878390 1.582653 0.304968 -0.703136 6.535 0.034139 0.094761
105.850974 1.517071 0.310634 -0.707077 6.535 0.131658 0.232919
123.731002 1.477712 0.302524 -0.714392 6.535 0.021299 0.136111
140.761767 1.491714 0.301731 -0.706976 6.535 -0.161343 0.178825
163.409784 1.630168 0.290776 -0.731116 6.535 0.130729 0.238670
193.740345 1.597857 0.290662 -0.709831 6.535 0.297601 0.313727
216.545122 1.551304 0.296282 -0.712072 6.535 0.372396 0.362492
239.777679 1.379157 0.302397 -0.734228 6.535 -0.215146 0.290211
254.932573 1.498132 0.303870 -0.715874 6.535 0.151216 0.158347
273.280627 1.548240 0.303500 -0.698777 6.535 -0.055397 0.079829
291.355765 1.595153 0.302819 -0.701790 6.535 0.017463 0.079016
308.137829 1.597689 0.304218 -0.708670 6.535 -0.222736 0.087721
323.111704 1.627698 0.302968 -0.709291 6.535 -0.186954 0.114955
337.256505 1.582061 0.301237 -0.705422 6.535 -0.188510 0.205728
352.236680 1.688733 0.316880 -0.686315 6.535 -0.211412 0.453330
9.460135 1.667434 0.325753 -0.904082 6.535 0.380796 0.744104
22.766789 1.609099 0.305921 -0.912140 6.535 0.170599 0.226588
36.727312 1.652469 0.307739 -0.922355 6.535 0.107952 0.076124
52.478656 1.642244 0.305258 -0.909174 6.535 0.255096 0.075918
68.223418 1.585315 0.301382 -0.928037 6.535 0.126905 0.092438
86.749743 1.562780 0.305491 -0.941230 6.535 0.051578 0.128875
105.950965 1.493528 0.305371 -0.937362 6.535 0.036844 0.175170
124.384511 1.471035 0.314324 -0.922378 6.535 -0.171768 0.201735
141.651865 1.594822 0.312784 -0.899064 6.535 -0.179107 0.214924
167.177011 1.706975 0.300220 -0.933238 6.535 0.208393 0.236682
199.821444 1.645853 0.307312 -0.940178 6.535 -0.072534 0.508098
216.323777 1.491028 0.318373 -0.891566 6.535 -0.035266 0.270126
237.440633 1.441583 0.321802 -0.923413 6.535 0.021371 0.248212
253.515787 1.476112 0.308270 -0.933122 6.535 -0.073522 0.138689
272.522804 1.537900 0.301906 -0.935474 6.535 -0.122094 0.126102
291.583722 1.611207 0.304711 -0.919217 6.535 0.016440 0.086902
308.652032 1.613298 0.304254 -0.920905 6.535 -0.234566 0.081856
323.346706 1.595359 0.297256 -0.928169 6.535 -0.144113 0.070534
337.169950 1.592359 0.304335 -0.920742 6.535 -0.057322 0.053995
352.417937 1.690224 0.324927 -0.880781 6.535 -0.276970 0.344051
7.175775 1.584637 0.300893 -1.742838 6.535 -0.004943 0.047112
21.719830 1.630319 0.305163 -1.461479 6.535 -0.052549 0.083300
36.873091 1.665222 0.308263 -1.406169 6.535 0.080199 0.063197
51.296360 1.670491 0.309708 -1.433163 6.535 0.081913 0.115711
68.944811 1.616157 0.308330 -1.476521 6.535 0.172136 0.177372
95.578624 1.350680 0.338079 -2.242316 6.535 0.608816 4.935548
109.100048 1.100961 0.339833 -1.434986 6.535 0.421206 2.553463
122.871359 1.639612 0.327516 -1.270509 6.535 0.227015 0.337124
136.360997 1.498494 0.327344 -1.281015 6.535 1.749983 7.342100
169.689250 1.592839 0.279088 -1.126264 6.535 0.759092 2.272708
192.421800 1.839000 0.301964 -1.266336 6.535 -0.698495 1.376432
219.213939 1.687279 0.319403 -1.385091 6.535 -0.331918 0.612646
235.528506 1.541047 0.341665 -1.505792 6.535 -1.077193 2.853297
247.726087 1.183828 0.326957 -1.460454 6.535 0.064024 0.640007
270.012668 1.533158 0.328924 -1.931357 6.535 -0.648611 3.194895
291.687203 1.633981 0.310189 -1.504967 6.535 0.046009 0.194191
308.712614 1.649416 0.305971 -1.402262 6.535 -0.172939 0.109496
322.855513 1.682665 0.307421 -1.357094 6.535 -0.018688 0.061463
338.127765 1.628315 0.306154 -1.469378 6.535 -0.049461 0.045184
351.262380 1.582226 0.302093 -1.722418 6.535 0.032689 0.059846
6.954080 2.432535 0.342019 -0.379877 6.535 0.020646 0.033813
22.437204 2.435801 0.338491 -0.382837 6.535 0.119030 0.044857
37.358714 2.435960 0.332902 -0.399682 6.535 0.175373 0.038638
52.103236 2.458594 0.332759 -0.408753 6.535 0.251944 0.040004
68.002022 2.431591 0.329934 -0.418643 6.535 0.391850 0.038444
85.682090 2.454293 0.332950 -0.428434 6.535 0.328145 0.067799
104.314508 2.442130 0.330023 -0.454865 6.535 0.148681 0.072029
121.911769 2.428787 0.318502 -0.476764 6.535 0.162420 0.104497
141.911131 2.416418 0.306607 -0.481011 6.535 0.219776 0.113085
166.486619 2.398698 0.300500 -0.492202 6.535 0.165682 0.198598
192.363589 2.419951 0.298363 -0.490201 6.535 -0.263369 0.175805
217.755588 2.377392 0.301727 -0.488770 6.535 -0.207875 0.130155
238.772079 2.418273 0.317973 -0.471176 6.535 0.013141 0.114071
256.146241 2.468492 0.327407 -0.457392 6.535 -0.375493 0.109128
273.849328 2.428100 0.327167 -0.429685 6.535 -0.343348 0.063808
291.816565 2.460169 0.333029 -0.406424 6.535 -0.314390 0.041365
308.057124 2.449136 0.334586 -0.390000 6.535 -0.232110 0.033681
322.991251 2.446492 0.335222 -0.387466 6.535 -0.238954 0.043223
337.464762 2.415534 0.334324 -0.383681 6.535 -0.101665 0.023272
352.440612 2.429562 0.341258 -0.376353 6.535 -0.025321 0.024135
7.126708 2.620611 0.388353 -0.691548 6.535 0.075437 0.050269
22.940577 2.582128 0.370630 -0.697156 6.535 0.063549 0.055494
37.146113 2.525384 0.349553 -0.700606 6.535 0.266574 0.086371
51.935428 2.560537 0.355546 -0.696878 6.535 0.264722 0.051921
68.547233 2.572930 0.363465 -0.700556 6.535 0.249164 0.063743
86.970932 2.610302 0.372139 -0.699143 6.535 0.193455 0.072132
104.239849 2.543075 0.367068 -0.707039 6.535 0.386690 0.166253
122.467915 2.480437 0.359968 -0.713284 6.535 0.202263 0.095466
142.382672 2.449777 0.339717 -0.724172 6.535 0.184550 0.111952
167.123000 2.448493 0.315897 -0.707754 6.535 -0.117455 0.182141
191.711555 2.413566 0.314652 -0.705461 6.535 0.003170 0.130838
217.187007 2.419264 0.333248 -0.707473 6.535 -0.243350 0.166461
236.782242 2.429178 0.346809 -0.712333 6.535 0.102150 0.191672
254.952591 2.529970 0.367750 -0.703721 6.535 -0.297969 0.158264
274.038971 2.589485 0.368418 -0.698717 6.535 -0.288634 0.104901
291.951217 2.589785 0.366704 -0.690975 6.535 -0.309799 0.079455
308.074521 2.580903 0.363424 -0.697304 6.535 -0.394573 0.058841
323.216942 2.576495 0.367297 -0.694140 6.535 -0.228874 0.054876
337.519548 2.592445 0.374598 -0.698058 6.535 -0.118192 0.055840
352.389340 2.618944 0.390809 -0.694002 6.535 0.010446 0.045852
6.068994 2.749565 0.421049 -0.962472 6.535 0.097211 0.110437
23.658121 2.554958 0.379286 -1.006330 6.535 0.108066 0.103148
37.118876 2.588881 0.367585 -0.990604 6.535 0.194961 0.068958
51.810342 2.574763 0.371884 -0.977629 6.535 0.225132 0.072339
68.085878 2.632796 0.375723 -0.993661 6.535 0.131513 0.074770
87.417409 2.673767 0.388795 -1.001177 6.535 0.123421 0.073755
104.847382 2.598785 0.390824 -1.003577 6.535 0.132291 0.094021
124.094619 2.504774 0.379654 -0.992809 6.535 0.106321 0.101868
142.013336 2.494598 0.356542 -1.001225 6.535 -0.017319 0.118733
167.025315 2.450621 0.332749 -0.989660 6.535 0.242360 0.146251
194.406154 2.425697 0.326139 -0.993591 6.535 -0.091307 0.147850
217.927968 2.415057 0.357826 -1.004243 6.535 -0.080788 0.107522
238.051685 2.519546 0.383292 -1.013198 6.535 0.081712 0.183762
254.805360 2.524382 0.388047 -1.000121 6.535 -0.217185 0.170351
273.704998 2.616700 0.382030 -0.991633 6.535 -0.141493 0.110150
291.596758 2.678871 0.382091 -0.997020 6.535 -0.153017 0.072221
308.209675 2.585657 0.367634 -0.998623 6.535 -0.050017 0.065439
322.929571 2.548137 0.359576 -0.994071 6.535 -0.195443 0.074735
337.245800 2.582940 0.385285 -0.995330 6.535 -0.187332 0.143058
352.032007 2.758374 0.419486 -0.972308 6.535 -0.082473 0.120203
6.971165 3.202738 0.455490 -1.317986 6.535 -0.094705 0.342973
23.650742 2.571172 0.390227 -1.372121 6.535 0.136987 0.062882
36.946405 2.567226 0.372565 -1.354976 6.535 0.161906 0.111971
52.072775 2.642913 0.388789 -1.370644 6.535 0.154728 0.079154
68.957407 2.684485 0.395061 -1.365736 6.535 0.349604 0.134172
86.726934 2.601763 0.386240 -1.366019 6.535 -0.059935 0.145232
105.549340 2.557558 0.386754 -1.353893 6.535 0.357998 0.242708
123.422396 2.511289 0.392236 -1.380436 6.535 0.108490 0.122329
141.729524 2.391027 0.361336 -1.364203 6.535 -0.053099 0.231614
167.216664 2.271439 0.310541 -1.324716 6.535 0.264136 0.325835
193.372044 2.493667 0.337232 -1.344407 6.535 -0.177690 0.250690
220.205544 2.642534 0.393122 -1.363580 6.535 0.063441 0.226479
236.165040 2.520994 0.390778 -1.396732 6.535 -0.099194 0.164704
254.429885 2.490449 0.382855 -1.386297 6.535 -0.241931 0.246056
272.820776 2.609854 0.397100 -1.374257 6.535 0.114879 0.138197
291.723550 2.608146 0.386501 -1.359198 6.535 -0.135706 0.080944
307.875919 2.578643 0.372927 -1.357149 6.535 -0.200246 0.077954
323.178508 2.565620 0.371204 -1.371759 6.535 -0.072291 0.064614
336.895983 2.572404 0.388598 -1.373447 6.535 0.010975 0.188066
351.149138 2.974073 0.444081 -1.330662 6.535 -0.540130 0.787986
7.099222 2.427826 0.348154 -2.373978 6.535 -0.078756 0.065432
22.752446 2.550080 0.370955 -2.002790 6.535 0.026002 0.059973
35.713525 2.692555 0.377299 -1.970654 6.535 -0.060242 0.077587
52.741218 2.762033 0.390278 -2.056271 6.535 0.093013 0.118399
69.620841 2.835199 0.410438 -2.158808 6.535 -0.171914 0.255415
86.668083 2.661726 0.412890 -2.092932 6.535 0.207256 0.321004
105.698821 2.781454 0.426791 -2.129014 6.535 0.287015 0.563034
121.594987 2.661474 0.418113 -2.015814 6.535 -0.122180 0.360919
143.171152 2.652634 0.392653 -1.953563 6.535 0.429181 0.918242
173.388553 2.602466 0.354683 -1.898494 6.535 0.225035 0.896696
193.180089 2.515841 0.330277 -1.851757 6.535 0.355003 0.724010
220.790421 2.804715 0.407835 -2.078308 6.535 -0.262728 0.800971
238.880125 2.622523 0.436496 -2.075799 6.535 -0.307414 1.076848
254.899385 2.511514 0.397691 -1.970228 6.535 -0.452307 0.735292
273.519656 2.770773 0.418375 -1.988944 6.535 0.018270 0.163650
290.775489 2.629370 0.384343 -2.109044 6.535 0.023502 0.143234
308.959550 2.803166 0.388322 -1.926166 6.535 -0.174102 0.130029
322.306857 2.666195 0.378458 -1.972227 6.535 -0.214943 0.073401
337.890313 2.599740 0.377878 -2.046892 6.535 -0.036538 0.097396
351.226052 2.435429 0.359890 -2.264949 6.535 0.136307 0.167592
7.612518 1.125984 0.119143 -0.144667 7.546 0.050974 0.028873
22.773020 1.142947 0.115455 -0.148858 7.546 0.102531 0.022997
36.927117 1.162453 0.109986 -0.149569 7.546 0.129042 0.018884
51.062623 1.162373 0.107904 -0.149188 7.546 0.141818 0.029449
67.604998 1.138979 0.112228 -0.149803 7.546 0.262949 0.085377
86.493136 1.157497 0.114191 -0.154574 7.546 0.226283 0.055931
104.637733 1.167745 0.112229 -0.156299 7.546 0.301726 0.067602
122.486749 1.145060 0.110520 -0.158189 7.546 0.252121 0.067082
143.080755 1.151290 0.111692 -0.156257 7.546 0.064226 0.074313
167.642504 1.142084 0.113190 -0.158942 7.546 -0.051645 0.075941
193.379146 1.150222 0.112441 -0.159407 7.546 0.064714 0.063743
216.248937 1.151800 0.111003 -0.156564 7.546 -0.255851 0.069339
236.845084 1.145416 0.111684 -0.154892 7.546 -0.241675 0.061387
254.665264 1.151937 0.112796 -0.154849 7.546 -0.176916 0.059232
272.988054 1.148294 0.115191 -0.152079 7.546 -0.213256 0.055233
292.090714 1.136710 0.110083 -0.145972 7.546 -0.169731 0.071721
308.785842 1.165615 0.107565 -0.147467 7.546 -0.150354 0.032194
323.228292 1.166849 0.110420 -0.149713 7.546 -0.123859 0.018192
337.413170 1.144696 0.115538 -0.148009 7.546 -0.122970 0.016223
352.181686 1.125610 0.118884 -0.144599 7.546 -0.050562 0.018632
8.345685 1.089410 0.123650 -0.213586 7.546 0.107503 0.035781
23.275072 1.129532 0.118557 -0.217336 7.546 0.141466 0.024642
36.609961 1.165241 0.111191 -0.218409 7.546 0.138478 0.021915
50.292800 1.188482 0.107456 -0.216521 7.546 0.165959 0.046626
63.094732 1.210359 0.103209 -0.211955 7.546 0.341869 0.170600
77.984499 1.001249 0.077231 -0.249579 7.546 -1.278576 0.226026
296.333277 1.169944 0.100878 -0.212822 7.546 -0.204815 0.134538
309.525499 1.179923 0.106833 -0.216312 7.546 -0.212916 0.062472
323.419665 1.165113 0.111360 -0.217896 7.546 -0.144627 0.031785
336.674398 1.129070 0.118590 -0.217681 7.546 -0.128272 0.023139
351.461016 1.089765 0.123444 -0.213053 7.546 -0.064629 0.041656
10.313533 1.064769 0.125299 -0.278008 7.546 0.027678 0.076759
24.467716 1.117401 0.118850 -0.296171 7.546 0.144902 0.023886
36.279189 1.164801 0.111295 -0.296054 7.546 0.146081 0.022027
49.310773 1.185988 0.106629 -0.290579 7.546 0.146696 0.049612
61.261270 1.194623 0.101375 -0.266102 7.546 -0.471567 0.347288
298.499102 1.262159 0.103116 -0.266434 7.546 -0.896432 0.451969
310.498951 1.189184 0.107486 -0.290270 7.546 -0.211042 0.048508
323.854585 1.163993 0.111398 -0.295498 7.546 -0.165148 0.024505
335.637948 1.119371 0.118717 -0.294261 7.546 -0.119834 0.024649
349.520166 1.067264 0.125602 -0.278182 7.546 -0.079588 0.068704
24.354689 1.124737 0.115203 -0.453590 7.546 0.088057 0.043449
35.372034 1.166803 0.111684 -0.429763 7.546 0.126161 0.023149
51.726997 1.146557 0.113601 -0.428304 7.546 0.156566 0.074944
68.485439 1.132830 0.116170 -0.441320 7.546 0.244190 0.068588
87.044007 1.139002 0.113607 -0.431061 7.546 0.232109 0.062842
105.222594 1.163113 0.112608 -0.435320 7.546 0.064987 0.070189
122.354178 1.156117 0.112634 -0.438304 7.546 0.113883 0.077692
144.592549 1.143403 0.113096 -0.441896 7.546 0.016444 0.080634
168.345734 1.150419 0.113953 -0.436241 7.546 0.120040 0.080095
192.410734 1.148254 0.114775 -0.439598 7.546 0.034558 0.069078
215.744584 1.141418 0.112640 -0.438570 7.546 -0.137940 0.064691
235.823324 1.155481 0.113169 -0.431862 7.546 -0.035840 0.088656
255.182053 1.140228 0.114903 -0.433798 7.546 -0.124850 0.085510
273.001042 1.159383 0.115069 -0.439071 7.546 -0.025469 0.087803
292.170180 1.123267 0.114000 -0.445789 7.546 -0.135643 0.078897
307.890544 1.136403 0.114712 -0.435322 7.546 -0.146113 0.055236
324.548085 1.167410 0.112115 -0.431694 7.546 -0.141238 0.032316
335.677208 1.126250 0.115170 -0.451837 7.546 -0.076123 0.019009
349.698651 1.100799 0.107757 -0.497666 7.546 -0.091695 0.083949
7.864853 1.131432 0.114069 -0.893140 7.546 0.027573 0.019681
21.248724 1.146917 0.114717 -0.760563 7.546 0.053598 0.027670
35.939910 1.160521 0.114018 -0.845694 7.546 -0.003308 0.045860
51.956272 1.150381 0.114165 -0.911698 7.546 0.084101 0.066686
68.918131 1.144979 0.115079 -0.834939 7.546 0.128873 0.067638
86.928005 1.150911 0.115796 -0.806937 7.546 0.030917 0.075992
104.734459 1.146284 0.114020 -0.807496 7.546 0.013390 0.085777
122.555049 1.159407 0.114207 -0.867049 7.546 -0.143258 0.089048
143.690040 1.153513 0.115739 -0.909393 7.546 -0.177501 0.090969
167.082974 1.152460 0.114998 -0.852061 7.546 -0.019532 0.079437
193.107732 1.142772 0.113491 -0.853496 7.546 -0.153622 0.077809
215.137171 1.155504 0.113626 -0.803212 7.546 0.009912 0.076477
236.110024 1.150443 0.114840 -0.881842 7.546 -0.016364 0.104322
254.971273 1.142941 0.114058 -0.871508 7.546 -0.132652 0.105522
274.518675 1.139346 0.113419 -0.825410 7.546 -0.231531 0.120016
291.636349 1.147299 0.112978 -0.809361 7.546 0.023360 0.069925
307.732144 1.132871 0.114791 -0.805432 7.546 -0.071238 0.065542
324.618559 1.168092 0.114162 -0.843879 7.546 -0.162412 0.042136
338.592136 1.144639 0.115040 -0.777160 7.546 -0.048900 0.019542
352.381839 1.129466 0.114154 -0.854143 7.546 -0.002916 0.021958
7.006538 1.100956 0.154408 -0.222006 7.546 0.056456 0.025042
21.171786 1.107030 0.157948 -0.221056 7.546 0.116032 0.027187
37.934688 1.094026 0.165951 -0.214762 7.546 0.263073 0.165279
52.323206 1.097938 0.161968 -0.216955 7.546 0.200601 0.051769
68.287274 1.099252 0.165193 -0.212510 7.546 0.242871 0.056476
85.918489 1.095283 0.165300 -0.214211 7.546 0.184919 0.052958
104.389437 1.100014 0.161887 -0.218035 7.546 0.297725 0.064002
122.593504 1.103756 0.159219 -0.230428 7.546 0.206152 0.067662
142.547027 1.100254 0.151813 -0.227634 7.546 0.243738 0.077046
168.362744 1.098762 0.148338 -0.227920 7.546 -0.021351 0.076948
192.660620 1.100920 0.146435 -0.233972 7.546 -0.024710 0.073392
216.819926 1.103337 0.150194 -0.224700 7.546 -0.122440 0.064763
237.476628 1.097934 0.159358 -0.221547 7.546 -0.104913 0.069346
255.673983 1.095559 0.165487 -0.216468 7.546 -0.252116 0.067686
273.425103 1.097482 0.166456 -0.211211 7.546 -0.255988 0.052841
291.349382 1.097262 0.165700 -0.207637 7.546 -0.351634 0.060293
308.223321 1.094484 0.167432 -0.197009 7.546 -0.235056 0.055497
323.386831 1.096945 0.171599 -0.190633 7.546 -0.201333 0.061739
338.474962 1.104483 0.162388 -0.209153 7.546 -0.140287 0.070720
352.662293 1.100808 0.156013 -0.221525 7.546 -0.040278 0.028224
7.654321 1.092073 0.161977 -0.370481 7.546 0.020768 0.092465
20.649202 1.101404 0.150742 -0.377680 7.546 0.134085 0.091111
37.556133 1.094057 0.169789 -0.374047 7.546 0.208609 0.101747
51.862645 1.089891 0.166669 -0.374656 7.546 0.199475 0.057890
68.706922 1.098779 0.168269 -0.370208 7.546 0.197354 0.070706
86.887621 1.097240 0.168021 -0.374670 7.546 0.026818 0.087651
104.519146 1.087759 0.168938 -0.367263 7.546 -0.040041 0.114836
122.695933 1.098802 0.174663 -0.370664 7.546 0.283118 0.122032
142.480332 1.102610 0.164842 -0.377216 7.546 0.025082 0.103980
168.295485 1.103507 0.159460 -0.379691 7.546 -0.214969 0.096292
192.357450 1.093431 0.158098 -0.374279 7.546 0.129008 0.086461
216.509257 1.092767 0.160746 -0.372190 7.546 -0.054080 0.097806
236.963529 1.083459 0.172668 -0.369346 7.546 -0.149553 0.109787
256.000772 1.088417 0.172442 -0.371483 7.546 -0.154467 0.105871
273.724620 1.099691 0.175992 -0.367109 7.546 -0.102219 0.097482
291.648520 1.093199 0.173686 -0.366463 7.546 -0.108498 0.074482
307.537569 1.091598 0.168795 -0.377794 7.546 -0.257633 0.102455
322.679037 1.096667 0.171181 -0.372848 7.546 -0.278670 0.169217
339.409410 1.104864 0.150616 -0.375114 7.546 -0.133990 0.048641
352.368456 1.093125 0.163242 -0.371564 7.546 -0.085366 0.033627
8.459844 1.090128 0.182403 -0.510552 7.546 0.027410 0.031069
20.432282 1.096457 0.157331 -0.511352 7.546 0.083504 0.063157
37.029677 1.090592 0.178405 -0.507615 7.546 0.150245 0.074440
51.753680 1.091281 0.171064 -0.510560 7.546 0.221423 0.076392
68.528863 1.093069 0.168517 -0.505643 7.546 0.118930 0.080386
86.783769 1.096680 0.170672 -0.513271 7.546 0.054928 0.090630
104.761884 1.092021 0.177779 -0.515863 7.546 0.086751 0.113655
123.487657 1.103218 0.172691 -0.505781 7.546 0.242558 0.149913
144.578022 1.100194 0.168190 -0.511477 7.546 0.016847 0.147495
169.083778 1.087547 0.176803 -0.510240 7.546 -0.172785 0.133646
191.142814 1.094952 0.171247 -0.519948 7.546 0.043644 0.123553
216.053024 1.092376 0.175343 -0.509536 7.546 -0.113481 0.122945
238.236224 1.084393 0.179423 -0.502360 7.546 -0.001840 0.163021
255.085717 1.076905 0.180607 -0.501840 7.546 -0.136706 0.122954
272.759325 1.092207 0.176534 -0.510243 7.546 0.113013 0.132105
291.508884 1.086899 0.174626 -0.504779 7.546 -0.015742 0.100314
307.939526 1.093074 0.165070 -0.511816 7.546 -0.057331 0.068727
322.577024 1.090025 0.170733 -0.513667 7.546 -0.137931 0.073999
339.686098 1.096099 0.154110 -0.510226 7.546 -0.113929 0.034550
351.903171 1.090342 0.184231 -0.509798 7.546 -0.037713 0.023415
10.643126 1.085770 0.181792 -0.699481 7.546 0.048795 0.025697
19.269257 1.099572 0.161372 -0.681651 7.546 0.040384 0.030043
37.338433 1.085228 0.183117 -0.684332 7.546 0.014801 0.069352
52.098078 1.093381 0.174201 -0.678346 7.546 0.235638 0.093355
67.279692 1.088243 0.175295 -0.692817 7.546 0.045636 0.098925
86.212629 1.095793 0.167342 -0.691123 7.546 0.029355 0.104155
104.680845 1.087112 0.180622 -0.691370 7.546 0.026708 0.117428
123.310514 1.089678 0.186812 -0.698496 7.546 0.395843 0.263099
144.083138 1.073534 0.184442 -0.683576 7.546 0.145257 0.170583
169.347771 1.089316 0.184120 -0.679694 7.546 -0.284771 0.202004
193.325482 1.079854 0.172270 -0.691825 7.546 -0.079282 0.168371
214.840820 1.085638 0.185891 -0.696361 7.546 -0.004884 0.162788
237.442660 1.074545 0.183205 -0.679526 7.546 -0.044821 0.201069
255.591182 1.083759 0.177986 -0.693723 7.546 -0.007864 0.137193
272.512047 1.087109 0.177859 -0.692159 7.546 -0.144229 0.120916
291.814436 1.085337 0.173087 -0.690048 7.546 -0.018333 0.092170
308.699818 1.098824 0.171446 -0.689924 7.546 0.050103 0.076378
322.906107 1.092673 0.175716 -0.694644 7.546 -0.136297 0.112483
340.304227 1.099301 0.161357 -0.682663 7.546 -0.085451 0.038473
349.527295 1.086403 0.180559 -0.698842 7.546 -0.024777 0.042178
7.171745 1.093738 0.176070 -1.001007 7.546 0.008331 0.016958
21.293885 1.094251 0.171539 -1.101636 7.546 -0.007941 0.060624
36.219818 1.102115 0.168085 -1.119889 7.546 0.028115 0.069533
50.019143 1.105763 0.166224 -1.062737 7.546 -0.095733 0.147179
68.485670 1.116924 0.170670 -1.078946 7.546 0.024650 0.198339
85.715274 1.086063 0.172451 -1.101963 7.546 0.218046 0.647775
114.884107 1.089232 0.279729 -1.082631 7.546 -0.405331 6.763510
127.478212 1.103398 0.231678 -1.064351 7.546 1.495148 7.737302
146.737351 1.104543 0.217515 -1.047521 7.546 -0.012945 0.324122
166.940006 1.088364 0.187964 -1.071380 7.546 0.522796 0.933787
192.374446 1.098937 0.177603 -1.066264 7.546 0.180627 0.207451
214.467631 1.054503 0.203499 -1.242986 7.546 -0.066147 0.351437
238.873615 1.087186 0.213364 -1.265100 7.546 0.033762 0.403905
255.119146 1.090280 0.190811 -1.027335 7.546 -0.083770 0.341325
272.976146 1.083724 0.185224 -0.993013 7.546 -0.071841 0.226570
293.527353 1.106824 0.167839 -0.843623 7.546 0.294409 0.704108
308.771358 1.100318 0.168776 -1.031227 7.546 0.093782 0.123637
322.872348 1.093954 0.172702 -1.008415 7.546 -0.045878 0.075457
339.406210 1.098753 0.171849 -1.154480 7.546 -0.055429 0.067714
352.807357 1.093483 0.175821 -0.996741 7.546 0.014080 0.022251
7.367286 1.345489 0.153554 -0.189797 7.546 0.036305 0.036280
21.934533 1.359487 0.148605 -0.193084 7.546 0.149780 0.022226
36.394203 1.376804 0.154367 -0.195599 7.546 0.182590 0.063342
52.153709 1.343910 0.162804 -0.198343 7.546 0.232140 0.061291
68.481511 1.345454 0.160975 -0.195365 7.546 0.317087 0.061536
86.271054 1.348524 0.162736 -0.193945 7.546 0.239709 0.052215
103.914008 1.351818 0.162776 -0.203022 7.546 0.251885 0.060502
122.682291 1.353266 0.156485 -0.201722 7.546 0.359776 0.066443
142.868577 1.351729 0.153136 -0.206050 7.546 0.069671 0.064821
167.227000 1.351268 0.149282 -0.207228 7.546 0.001540 0.073742
192.568958 1.356727 0.148926 -0.205241 7.546 -0.239880 0.063431
216.539205 1.345302 0.150766 -0.206374 7.546 -0.188507 0.053852
237.130216 1.362754 0.155570 -0.201886 7.546 -0.204891 0.054946
255.474820 1.355215 0.160203 -0.196509 7.546 -0.284379 0.050943
273.610384 1.347690 0.161271 -0.188938 7.546 -0.223375 0.044117
290.910863 1.346001 0.164778 -0.188400 7.546 -0.293022 0.047827
308.268761 1.349314 0.167167 -0.182919 7.546 -0.281555 0.062911
323.731861 1.367888 0.159761 -0.189504 7.546 -0.204255 0.058248
337.983676 1.356844 0.153660 -0.192885 7.546 -0.116963 0.019924
352.455697 1.342255 0.153569 -0.191327 7.546 -0.049686 0.031076
7.552414 1.334893 0.166127 -0.325676 7.546 0.038013 0.054126
22.067645 1.345089 0.151948 -0.326553 7.546 0.105103 0.023819
36.390168 1.360953 0.156739 -0.326325 7.546 0.148869 0.039062
52.019892 1.337229 0.168381 -0.327236 7.546 0.212828 0.068456
69.053831 1.339721 0.167114 -0.326018 7.546 0.191232 0.060308
86.894497 1.340530 0.165447 -0.324045 7.546 0.138300 0.071454
104.684460 1.346417 0.165421 -0.324050 7.546 0.159014 0.074183
122.899699 1.340113 0.164965 -0.323216 7.546 0.311454 0.087196
143.946212 1.358080 0.164676 -0.328746 7.546 0.119531 0.087342
168.370420 1.343178 0.159396 -0.328803 7.546 0.044841 0.083211
193.282525 1.345291 0.159533 -0.325468 7.546 -0.061738 0.068048
215.964832 1.346676 0.161482 -0.326491 7.546 -0.249252 0.062077
237.539527 1.344952 0.166746 -0.321608 7.546 -0.201871 0.082341
255.414475 1.342360 0.169840 -0.325759 7.546 -0.235605 0.090891
273.294686 1.349466 0.168635 -0.324801 7.546 -0.134078 0.077184
291.771276 1.340288 0.170745 -0.326663 7.546 -0.201632 0.073134
307.447400 1.337138 0.168568 -0.326034 7.546 -0.273832 0.182934
324.196110 1.372818 0.154600 -0.323005 7.546 -0.210085 0.039558
338.140311 1.342417 0.155208 -0.326246 7.546 -0.186315 0.035743
352.260389 1.335879 0.167004 -0.325148 7.546 -0.086683 0.050022
7.952359 1.331225 0.184885 -0.462966 7.546 0.084935 0.036040
21.884135 1.341334 0.158836 -0.467724 7.546 0.135294 0.023505
36.088877 1.354864 0.165493 -0.461793 7.546 0.178036 0.095141
52.217507 1.344470 0.174063 -0.462745 7.546 0.317715 0.079050
68.377496 1.342941 0.168027 -0.462152 7.546 0.234538 0.064186
86.412387 1.338326 0.166756 -0.457842 7.546 0.223068 0.069932
104.523185 1.345642 0.173091 -0.465802 7.546 0.211858 0.087370
122.113472 1.335923 0.168915 -0.459225 7.546 0.066318 0.099166
143.851963 1.337923 0.169907 -0.461941 7.546 -0.002681 0.078832
168.474184 1.330304 0.172600 -0.465069 7.546 0.018500 0.090719
192.300938 1.330334 0.167419 -0.459234 7.546 -0.114894 0.076782
216.871148 1.349415 0.170524 -0.461901 7.546 -0.169568 0.073100
235.751665 1.353871 0.168147 -0.456467 7.546 -0.265524 0.133840
255.341485 1.344510 0.170853 -0.464889 7.546 -0.190199 0.103635
273.205730 1.348003 0.167702 -0.463259 7.546 -0.244734 0.086306
291.727288 1.331754 0.170324 -0.461453 7.546 -0.272964 0.079399
308.014668 1.342240 0.166561 -0.465848 7.546 -0.125238 0.071239
324.593555 1.362011 0.156856 -0.460201 7.546 -0.206662 0.061730
338.145202 1.340802 0.157506 -0.466574 7.546 -0.133707 0.044568
352.152919 1.333352 0.185169 -0.464205 7.546 -0.029422 0.030054
10.095418 1.324220 0.191693 -0.659704 7.546 0.085443 0.027725
20.519689 1.341577 0.163329 -0.661762 7.546 0.062612 0.027719
36.140679 1.351356 0.175982 -0.641342 7.546 0.176909 0.101441
51.943273 1.340822 0.176818 -0.646516 7.546 0.263603 0.073641
68.149081 1.327312 0.172089 -0.661754 7.546 0.132516 0.083352
86.436982 1.346186 0.171632 -0.654590 7.546 0.017749 0.098740
104.487639 1.343497 0.171841 -0.658102 7.546 0.036138 0.099999
122.997100 1.329209 0.172273 -0.652923 7.546 0.377071 0.157003
144.718513 1.354246 0.169209 -0.657516 7.546 -0.154899 0.149222
168.180279 1.336220 0.174382 -0.655240 7.546 0.025952 0.104150
193.093812 1.336434 0.173003 -0.666456 7.546 -0.184464 0.095627
215.605758 1.338699 0.170398 -0.656317 7.546 -0.072787 0.096810
237.464092 1.347815 0.171357 -0.653759 7.546 -0.189981 0.178909
255.858522 1.345987 0.167930 -0.662645 7.546 -0.147795 0.134493
272.931648 1.332882 0.173958 -0.658048 7.546 -0.265667 0.112267
292.014152 1.333762 0.170033 -0.656318 7.546 -0.274519 0.074720
308.401169 1.338012 0.170615 -0.658190 7.546 -0.240120 0.075112
323.087772 1.340225 0.167836 -0.659324 7.546 -0.116023 0.051562
339.393558 1.344556 0.162403 -0.664012 7.546 -0.089908 0.021760
349.871154 1.321644 0.189759 -0.661312 7.546 -0.043627 0.027165
8.159026 1.329309 0.176316 -1.096233 7.546 0.019240 0.047272
20.347516 1.342727 0.172471 -1.077872 7.546 -0.006418 0.034257
36.532665 1.332734 0.170567 -1.233220 7.546 0.119537 0.069575
52.190369 1.353366 0.171589 -1.059261 7.546 -0.063435 0.090425
68.839217 1.346485 0.172429 -1.067529 7.546 0.100359 0.114254
87.242433 1.357455 0.175545 -1.110104 7.546 0.110661 0.160023
104.223046 1.335028 0.178069 -1.252110 7.546 -0.072459 0.150299
123.513419 1.329431 0.178240 -1.198210 7.546 -0.232916 0.481838
144.463719 1.331946 0.191465 -1.134758 7.546 0.009962 0.158324
169.296508 1.340691 0.184052 -1.223622 7.546 -0.045197 0.195309
193.169588 1.326923 0.181910 -1.162885 7.546 -0.036408 0.134760
215.942390 1.330141 0.184127 -1.126053 7.546 -0.048685 0.150737
237.308862 1.338163 0.176556 -1.151048 7.546 0.055241 0.206371
255.046322 1.353093 0.174973 -1.126495 7.546 0.229287 0.318834
274.795160 1.337485 0.175772 -1.000499 7.546 -0.101859 0.187619
292.873296 1.345516 0.173252 -1.067660 7.546 -0.030934 0.096617
307.804354 1.345233 0.172995 -1.109727 7.546 -0.090560 0.072261
322.670341 1.343836 0.177547 -1.091549 7.546 0.012628 0.064851
339.867635 1.347224 0.171488 -1.113463 7.546 -0.023793 0.035799
352.089807 1.328513 0.176568 -1.091162 7.546 -0.016065 0.019022
7.423299 1.793909 0.174691 -0.184612 7.546 0.028536 0.016934
22.084861 1.774155 0.168051 -0.186277 7.546 0.066678 0.030204
36.562342 1.739148 0.162311 -0.188153 7.546 0.192168 0.029258
51.245891 1.719776 0.168770 -0.186772 7.546 0.240024 0.059678
68.661508 1.793012 0.181168 -0.191893 7.546 0.255992 0.053169
86.326741 1.766694 0.176371 -0.191153 7.546 0.375191 0.056678
104.646776 1.770723 0.174358 -0.195438 7.546 0.218025 0.067720
122.285837 1.773936 0.172505 -0.197523 7.546 0.221933 0.069167
142.739811 1.762223 0.169343 -0.196637 7.546 0.172040 0.074536
169.065867 1.762404 0.170017 -0.205349 7.546 0.105535 0.084076
192.197654 1.740991 0.167460 -0.201403 7.546 -0.097265 0.073271
217.169729 1.739275 0.167340 -0.199484 7.546 -0.143542 0.056618
237.068116 1.765630 0.171078 -0.199097 7.546 -0.219825 0.060152
255.130067 1.764871 0.175348 -0.194406 7.546 -0.260333 0.053220
273.211967 1.784801 0.178866 -0.191210 7.546 -0.211644 0.042054
291.351768 1.800131 0.184023 -0.187454 7.546 -0.360443 0.067436
308.474638 1.733831 0.172775 -0.183473 7.546 -0.167651 0.035457
323.781986 1.738165 0.166700 -0.187676 7.546 -0.186466 0.032615
337.856211 1.770425 0.170108 -0.185944 7.546 -0.100073 0.016966
352.455902 1.794598 0.174838 -0.185027 7.546 -0.054218 0.028315
7.471762 1.830704 0.188324 -0.296440 7.546 -0.017350 0.022046
22.343017 1.819719 0.177277 -0.296208 7.546 0.075859 0.022428
36.309126 1.780553 0.167923 -0.296909 7.546 0.123285 0.033165
52.033143 1.756620 0.179477 -0.295810 7.546 0.264224 0.047086
68.558780 1.805031 0.184381 -0.294132 7.546 0.274055 0.057150
86.861535 1.805139 0.178718 -0.297900 7.546 0.258854 0.062718
104.978098 1.778978 0.177503 -0.292151 7.546 0.154902 0.067901
122.341977 1.807950 0.180932 -0.293100 7.546 0.183608 0.071495
142.645435 1.797412 0.182475 -0.295824 7.546 0.154163 0.076791
166.856352 1.805701 0.178250 -0.299351 7.546 -0.024057 0.081732
192.979346 1.782912 0.176903 -0.296400 7.546 -0.034235 0.072270
216.791231 1.790723 0.179692 -0.294356 7.546 -0.149274 0.060397
237.113550 1.816772 0.178990 -0.294351 7.546 -0.190172 0.066913
254.647601 1.822453 0.181199 -0.292616 7.546 -0.236854 0.063785
272.920707 1.831022 0.184483 -0.294990 7.546 -0.295773 0.066539
290.905200 1.824978 0.185326 -0.293924 7.546 -0.287834 0.083773
308.580676 1.772384 0.174301 -0.292726 7.546 -0.238744 0.124545
324.102974 1.799747 0.170106 -0.296190 7.546 -0.148404 0.050297
337.514046 1.822398 0.179142 -0.297333 7.546 -0.087081 0.027992
352.271234 1.833308 0.188428 -0.294901 7.546 -0.069562 0.022723
7.945907 1.782161 0.197704 -0.408452 7.546 0.076909 0.028543
22.956441 1.813530 0.181457 -0.411307 7.546 0.107645 0.023506
35.973175 1.800193 0.173137 -0.408673 7.546 0.172023 0.042006
52.006026 1.768410 0.186658 -0.405051 7.546 0.220159 0.103866
68.433294 1.799813 0.184273 -0.408564 7.546 0.210408 0.065961
86.723336 1.801748 0.180196 -0.408875 7.546 0.195877 0.067808
105.115781 1.804813 0.180135 -0.408716 7.546 0.116204 0.077319
122.348117 1.779738 0.182183 -0.412532 7.546 0.311119 0.080731
144.018153 1.794180 0.182640 -0.409185 7.546 0.100238 0.087060
167.842072 1.799112 0.181873 -0.404710 7.546 0.053690 0.085544
192.344991 1.786574 0.182591 -0.407722 7.546 -0.061464 0.076082
216.443681 1.798819 0.181262 -0.410417 7.546 -0.147013 0.064295
236.544412 1.816968 0.180222 -0.406203 7.546 -0.283780 0.085719
254.749980 1.790837 0.182349 -0.412367 7.546 -0.284544 0.084626
274.390161 1.818858 0.185208 -0.406245 7.546 -0.408042 0.075964
291.800479 1.788161 0.186519 -0.408825 7.546 -0.266834 0.103185
308.159298 1.744795 0.179955 -0.411436 7.546 -0.256414 0.090404
324.532764 1.817836 0.171015 -0.409121 7.546 -0.168774 0.040458
337.250900 1.818800 0.182609 -0.410202 7.546 -0.114139 0.021426
352.224616 1.771368 0.197350 -0.406822 7.546 -0.008090 0.030244
9.138403 1.692188 0.203120 -0.568585 7.546 0.078421 0.038791
22.461640 1.786005 0.183895 -0.594392 7.546 0.094624 0.019141
35.255497 1.810269 0.177715 -0.576096 7.546 0.118892 0.033381
52.638359 1.758931 0.188990 -0.579263 7.546 0.192926 0.083098
68.829095 1.802364 0.187477 -0.581642 7.546 0.316171 0.068779
87.080019 1.787825 0.181510 -0.591606 7.546 0.278573 0.064548
104.275652 1.795022 0.183881 -0.590232 7.546 0.176873 0.069768
121.977461 1.810072 0.184983 -0.581727 7.546 0.197297 0.084981
143.534895 1.795471 0.181816 -0.585799 7.546 0.001037 0.081491
167.880596 1.769306 0.179813 -0.584556 7.546 -0.065037 0.086492
193.326026 1.785566 0.180825 -0.596411 7.546 0.026841 0.079014
215.373207 1.777850 0.183111 -0.577503 7.546 -0.033794 0.069433
236.760837 1.816571 0.184618 -0.586401 7.546 -0.184418 0.084603
254.787280 1.785876 0.181908 -0.583162 7.546 -0.304332 0.103603
273.033456 1.799932 0.183933 -0.587886 7.546 -0.384996 0.080756
292.085182 1.780416 0.184166 -0.591731 7.546 -0.155077 0.071177
307.767210 1.766671 0.186714 -0.597872 7.546 -0.210887 0.098545
324.709585 1.815212 0.174775 -0.581888 7.546 -0.173226 0.032945
337.400551 1.794891 0.183856 -0.593867 7.546 -0.132005 0.032532
350.763472 1.695658 0.202612 -0.568490 7.546 -0.045408 0.040858
8.475705 1.729200 0.185344 -1.211908 7.546 0.006824 0.024919
20.765876 1.795283 0.186620 -0.990621 7.546 0.060863 0.020140
36.485675 1.798905 0.186440 -1.231986 7.546 0.103674 0.047962
52.395419 1.764725 0.185271 -1.115757 7.546 0.100487 0.062813
68.746110 1.804030 0.188500 -1.075070 7.546 0.112072 0.070853
87.335764 1.812751 0.184750 -1.083458 7.546 0.068422 0.083076
103.706650 1.809811 0.184737 -1.083751 7.546 0.000197 0.096058
122.331380 1.773669 0.185175 -1.185102 7.546 0.040099 0.108407
143.908974 1.773274 0.186455 -1.082878 7.546 0.316320 0.133454
167.429247 1.757510 0.186974 -1.154949 7.546 0.146343 0.107777
193.232465 1.801177 0.187772 -1.149688 7.546 -0.083656 0.110614
215.755817 1.787832 0.186879 -1.153523 7.546 0.077606 0.103980
238.262166 1.781166 0.185765 -1.068113 7.546 -0.145070 0.142689
255.271695 1.760096 0.184693 -1.043503 7.546 -0.092559 0.122992
273.561009 1.796902 0.186673 -1.057920 7.546 -0.037949 0.086906
291.922531 1.787997 0.184315 -1.082066 7.546 -0.154276 0.074779
308.065532 1.782700 0.188961 -1.085453 7.546 -0.117515 0.059840
323.461735 1.786790 0.188595 -1.088291 7.546 -0.066612 0.050044
339.019522 1.794780 0.185847 -1.009314 7.546 -0.087980 0.024843
351.683979 1.731719 0.185609 -1.181498 7.546 -0.031639 0.024164
6.870940 1.410477 0.255324 -0.276881 7.546 0.056506 0.029753
22.302896 1.400647 0.256409 -0.277039 7.546 0.149724 0.054684
37.501948 1.395506 0.256226 -0.286583 7.546 0.148930 0.040349
52.220585 1.391549 0.255443 -0.289015 7.546 0.179517 0.045999
68.623220 1.388719 0.254690 -0.286074 7.546 0.224126 0.046153
86.545267 1.349288 0.254325 -0.320361 7.546 0.148888 0.055521
104.331701 1.353331 0.249355 -0.336531 7.546 0.242109 0.085309
120.961468 1.347906 0.246767 -0.354192 7.546 0.015072 0.136212
140.378089 1.401085 0.238522 -0.384672 7.546 0.319267 0.277701
165.406782 1.536998 0.232011 -0.406146 7.546 -0.148637 0.241201
191.076221 1.604322 0.230135 -0.383388 7.546 0.197910 0.423433
218.766105 1.466449 0.236938 -0.388973 7.546 0.070626 0.222825
240.002201 1.375988 0.241817 -0.365956 7.546 0.026987 0.171722
255.976390 1.346816 0.248936 -0.337010 7.546 -0.215392 0.116819
273.337679 1.375442 0.254900 -0.314400 7.546 -0.236047 0.087687
291.401555 1.408037 0.256097 -0.296344 7.546 -0.162467 0.045168
308.244743 1.399501 0.256755 -0.276534 7.546 -0.235324 0.042224
322.945855 1.410238 0.257102 -0.269231 7.546 -0.198651 0.040312
337.824995 1.421954 0.255830 -0.272104 7.546 -0.102558 0.031881
352.366006 1.395889 0.255641 -0.281799 7.546 -0.072790 0.026761
5.967487 1.371906 0.249398 -0.556678 7.546 0.040754 0.027393
22.731142 1.365556 0.257012 -0.545959 7.546 0.088842 0.045482
37.249678 1.383809 0.254477 -0.541628 7.546 0.164114 0.080473
51.382566 1.392261 0.257703 -0.537781 7.546 0.163195 0.059787
67.841882 1.393367 0.260586 -0.537700 7.546 0.087407 0.078388
86.786527 1.385293 0.265520 -0.536890 7.546 0.109822 0.080961
105.602750 1.310751 0.266700 -0.528583 7.546 0.052858 0.108590
123.409954 1.273881 0.261030 -0.532634 7.546 0.310701 0.169107
141.877874 1.275728 0.257878 -0.567827 7.546 0.034699 0.145802
168.481061 1.346646 0.238028 -0.558950 7.546 0.150463 0.220895
193.173681 1.448971 0.243295 -0.557830 7.546 0.004820 0.165388
220.691430 1.251000 0.257397 -0.560389 7.546 0.036793 0.148320
237.548160 1.213796 0.260466 -0.548000 7.546 0.065666 0.166879
254.871617 1.326244 0.260701 -0.534084 7.546 -0.199539 0.149868
273.557691 1.361993 0.266264 -0.541964 7.546 -0.222328 0.099931
291.161638 1.375844 0.260494 -0.530523 7.546 -0.200497 0.066026
307.519450 1.388419 0.261044 -0.535347 7.546 -0.130643 0.072790
323.348145 1.407764 0.259686 -0.541231 7.546 -0.172378 0.071742
337.790395 1.390050 0.259796 -0.535228 7.546 -0.068444 0.057709
353.829555 1.382659 0.249828 -0.555282 7.546 -0.066823 0.029760
7.014019 1.347408 0.248826 -0.718322 7.546 0.043279 0.037322
22.724213 1.376516 0.254672 -0.715448 7.546 0.106204 0.048661
36.748462 1.393256 0.260292 -0.713631 7.546 0.144972 0.097322
51.850540 1.389305 0.260092 -0.713631 7.546 0.177829 0.084035
68.418742 1.390791 0.259830 -0.708586 7.546 0.014032 0.123663
86.565411 1.372766 0.267887 -0.715025 7.546 0.029926 0.131100
106.880065 1.312361 0.267981 -0.721202 7.546 -0.051406 0.211958
123.461975 1.226103 0.268178 -0.715659 7.546 0.098710 0.179482
141.115287 1.326515 0.270602 -0.724045 7.546 -0.045307 0.176720
166.156425 1.432176 0.254419 -0.729304 7.546 -0.151449 0.239308
193.951273 1.382618 0.247963 -0.697794 7.546 0.501276 0.736779
217.931476 1.337948 0.269524 -0.714244 7.546 0.227967 0.360120
243.105879 0.972291 0.290772 -0.749628 7.546 0.065006 0.680031
253.059316 1.299398 0.269145 -0.728177 7.546 0.236068 0.360143
272.223500 1.386660 0.271185 -0.716906 7.546 0.017276 0.118374
291.627302 1.379015 0.265403 -0.708840 7.546 -0.007976 0.088861
308.346054 1.399502 0.257018 -0.721698 7.546 -0.208409 0.102025
323.073672 1.401567 0.256403 -0.723846 7.546 -0.071914 0.098358
338.049064 1.389053 0.258196 -0.720939 7.546 -0.088311 0.061913
353.076340 1.343228 0.249485 -0.718169 7.546 -0.021920 0.032850
8.226812 1.338015 0.257573 -0.915675 7.546 0.011002 0.032793
21.365788 1.456982 0.262976 -0.901955 7.546 0.077869 0.048982
36.525405 1.471397 0.270011 -0.899875 7.546 -0.025619 0.082921
51.343954 1.417761 0.261975 -0.903177 7.546 -0.001018 0.098921
68.474515 1.351602 0.264295 -0.898767 7.546 0.256085 0.186670
88.087122 1.291065 0.263137 -0.908803 7.546 -0.239986 0.490168
107.784725 1.218202 0.280345 -0.937835 7.546 0.197815 0.533005
124.790284 1.224835 0.274434 -0.906798 7.546 0.411612 0.318844
142.872802 1.429960 0.275914 -0.888602 7.546 -0.345523 0.275849
168.205458 1.482159 0.263489 -0.900697 7.546 -0.042008 0.213254
193.230062 1.486610 0.263815 -0.899707 7.546 -0.153626 0.315809
216.928037 1.366015 0.272808 -0.923859 7.546 0.272928 0.508306
238.580344 1.266453 0.290626 -0.900437 7.546 -0.233569 0.317828
253.450557 1.060102 0.271499 -0.927349 7.546 -0.581214 0.987539
271.799055 1.407891 0.277116 -0.917348 7.546 0.057703 0.249518
291.797399 1.385580 0.267926 -0.908342 7.546 0.065270 0.133337
308.217220 1.417732 0.260014 -0.921977 7.546 -0.091748 0.088937
322.912138 1.405936 0.256855 -0.909496 7.546 -0.090773 0.067016
338.119049 1.408258 0.258435 -0.914424 7.546 -0.094366 0.069616
351.887113 1.344006 0.257848 -0.915693 7.546 -0.026224 0.032913
6.888265 1.426132 0.266634 -1.277335 7.546 0.002926 0.024360
21.075305 1.435333 0.259315 -1.348016 7.546 0.090828 0.053795
35.127525 1.529848 0.268147 -1.219684 7.546 -0.010457 0.136720
50.982352 1.539196 0.227260 -0.762895 7.546 -0.049240 0.515931
70.149121 1.277662 0.222284 -0.908651 7.546 -0.858847 12.178435
85.326780 1.463546 0.245924 -1.436811 7.546 -0.049571 0.257675
101.793895 1.679640 0.232750 -1.642200 7.546 -0.065125 0.449536
124.581991 0.954734 0.333979 -1.544838 7.546 -2.391462 27.428848
143.808248 1.396384 0.277673 -1.349444 7.546 0.168159 0.803041
175.347630 1.519606 0.259699 -1.410777 7.546 0.160120 0.688997
193.537101 1.469326 0.244196 -1.358584 7.546 0.120862 0.487847
209.276436 1.188126 0.307607 -1.440087 7.546 0.490465 4.259459
241.546619 1.671668 0.208334 -1.380939 7.546 0.695843 3.410164
264.255214 1.951578 0.245579 -1.606423 7.546 0.323045 2.310963
277.018078 1.595563 0.254029 -1.624632 7.546 -0.152806 0.751999
286.874978 1.273711 0.253943 -1.703184 7.546 -0.564791 6.112829
307.971923 1.600309 0.252497 -0.924307 7.546 -0.395901 1.034408
323.880407 1.518770 0.266905 -1.173201 7.546 -0.121454 0.096882
339.019928 1.466862 0.263787 -1.402108 7.546 0.114083 0.058036
353.046451 1.424458 0.266641 -1.278378 7.546 -0.008876 0.018886
7.162651 2.402635 0.274234 -0.352949 7.546 0.049742 0.018365
21.660165 2.395683 0.280045 -0.350682 7.546 0.128016 0.053422
37.284615 2.381840 0.287701 -0.339949 7.546 0.240438 0.039242
52.353426 2.378476 0.286038 -0.347019 7.546 0.268447 0.046947
68.452751 2.408705 0.282624 -0.352501 7.546 0.371073 0.037576
86.162598 2.365580 0.280336 -0.362192 7.546 0.304529 0.048992
104.279186 2.410611 0.270087 -0.379596 7.546 0.292505 0.065415
122.379710 2.399807 0.259780 -0.390477 7.546 0.318044 0.104343
142.203966 2.384037 0.256614 -0.406506 7.546 0.135688 0.092496
167.725702 2.415781 0.253338 -0.431384 7.546 0.054732 0.114114
190.931146 2.392017 0.249125 -0.416606 7.546 -0.044254 0.106113
216.997491 2.392114 0.258099 -0.412929 7.546 -0.100902 0.084585
237.982303 2.409661 0.259652 -0.386022 7.546 -0.181321 0.068611
256.284469 2.371722 0.270719 -0.368381 7.546 -0.257305 0.061340
273.524158 2.375763 0.274927 -0.349799 7.546 -0.338723 0.049006
291.858818 2.417270 0.284906 -0.338435 7.546 -0.246657 0.035379
307.749248 2.393127 0.291588 -0.330180 7.546 -0.271923 0.037387
323.179255 2.368892 0.290772 -0.326934 7.546 -0.239630 0.032798
337.904888 2.405384 0.283293 -0.341132 7.546 -0.156372 0.031871
352.611415 2.402019 0.278705 -0.351853 7.546 -0.030987 0.018890
7.500798 2.432497 0.289830 -0.635032 7.546 0.034088 0.024666
21.624844 2.520727 0.287387 -0.638477 7.546 0.159479 0.027205
37.294549 2.481094 0.309237 -0.633099 7.546 0.248376 0.061334
52.504802 2.571047 0.324443 -0.633815 7.546 0.312400 0.050732
68.266564 2.596260 0.330096 -0.631978 7.546 0.303894 0.060808
86.697074 2.619462 0.338990 -0.630522 7.546 0.149682 0.065868
105.107276 2.532785 0.339197 -0.633643 7.546 0.184772 0.094216
122.917643 2.451956 0.328342 -0.649363 7.546 0.219767 0.128635
142.836410 2.451819 0.294259 -0.639385 7.546 0.132738 0.108904
166.970226 2.421691 0.279858 -0.636550 7.546 0.222238 0.127628
192.207542 2.385888 0.275502 -0.639276 7.546 -0.199779 0.101339
217.273390 2.378041 0.288040 -0.635968 7.546 -0.160775 0.093150
237.940198 2.456979 0.325840 -0.640050 7.546 -0.249525 0.139065
254.840840 2.475819 0.322097 -0.637280 7.546 -0.293717 0.132209
273.620577 2.563522 0.327583 -0.634004 7.546 -0.347874 0.112778
290.951866 2.547990 0.330150 -0.639025 7.546 -0.363696 0.065766
308.055425 2.584331 0.329707 -0.639229 7.546 -0.391987 0.057658
322.927438 2.623735 0.336920 -0.633138 7.546 -0.267900 0.058805
338.663441 2.554722 0.296761 -0.637423 7.546 -0.141809 0.028058
352.521560 2.451179 0.295243 -0.636867 7.546 -0.057006 0.030527
7.892296 2.443522 0.314688 -0.907009 7.546 0.038207 0.038294
21.280358 2.494016 0.294666 -0.908414 7.546 0.072361 0.038726
36.958007 2.521711 0.334702 -0.903947 7.546 0.133994 0.055511
51.995403 2.537087 0.325194 -0.898092 7.546 0.259660 0.068238
68.368834 2.596997 0.342291 -0.902069 7.546 0.224911 0.067511
86.729969 2.550474 0.342401 -0.908942 7.546 0.179888 0.096410
105.568076 2.686699 0.371477 -0.910748 7.546 -0.014361 0.109370
122.532211 2.429892 0.347740 -0.898755 7.546 0.166472 0.140768
142.542848 2.414317 0.325029 -0.896060 7.546 0.186393 0.114649
168.523771 2.447474 0.301540 -0.901261 7.546 0.052051 0.125096
192.336695 2.443284 0.298502 -0.918288 7.546 0.027582 0.111868
216.331570 2.395871 0.328209 -0.901541 7.546 -0.084654 0.093952
237.615115 2.400248 0.346073 -0.910283 7.546 -0.197979 0.181094
255.173574 2.450218 0.349821 -0.906394 7.546 -0.047818 0.111531
272.923466 2.700056 0.361668 -0.900277 7.546 -0.189265 0.103829
291.830605 2.644353 0.343381 -0.898651 7.546 -0.280307 0.079554
307.910471 2.560776 0.325843 -0.903991 7.546 -0.310161 0.079743
322.786958 2.587130 0.335291 -0.907613 7.546 -0.260713 0.071568
339.061390 2.554135 0.299748 -0.907929 7.546 -0.167304 0.055869
352.021206 2.456825 0.316612 -0.909727 7.546 -0.004752 0.026062
8.783708 2.386499 0.324575 -1.275946 7.546 0.011700 0.031788
20.597879 2.558845 0.311967 -1.251895 7.546 0.060503 0.042454
37.158648 2.582499 0.344055 -1.251984 7.546 0.049699 0.074622
51.925956 2.738941 0.362908 -1.241459 7.546 0.040487 0.082497
69.059078 2.702273 0.348320 -1.241883 7.546 -0.128091 0.128789
87.164785 2.615022 0.361577 -1.253391 7.546 0.124007 0.095144
105.892810 2.597756 0.378508 -1.239254 7.546 0.024400 0.134823
123.409758 2.438762 0.363033 -1.267891 7.546 0.149939 0.149095
142.224557 2.506791 0.347163 -1.237359 7.546 0.070859 0.139001
167.041084 2.480516 0.300494 -1.243910 7.546 0.040229 0.131415
193.175742 2.371037 0.306480 -1.259286 7.546 0.306654 0.278033
217.448138 2.508956 0.335039 -1.252262 7.546 0.145668 0.216531
237.372640 2.331782 0.365253 -1.273098 7.546 0.052417 0.195499
254.064179 2.462014 0.358577 -1.246251 7.546 -0.083075 0.130720
274.006141 2.578795 0.354646 -1.234596 7.546 -0.115285 0.133981
292.215883 2.649255 0.352098 -1.259033 7.546 -0.208345 0.088337
308.097827 2.568886 0.329507 -1.262924 7.546 -0.168317 0.077646
323.130421 2.542119 0.333761 -1.262734 7.546 -0.045766 0.070566
339.614521 2.575578 0.313509 -1.249026 7.546 -0.044650 0.056559
351.452393 2.436294 0.329405 -1.272419 7.546 -0.008168 0.024218
7.542852 2.585689 0.351906 -1.880447 7.546 -0.022577 0.024887
21.167439 2.778719 0.345835 -1.888072 7.546 -0.028668 0.061159
35.718420 2.844748 0.336281 -1.872229 7.546 0.087752 0.109807
51.345792 3.020702 0.360702 -1.809339 7.546 0.144448 0.222011
67.088167 4.152314 0.420857 -1.656628 7.546 0.252462 1.180306
89.067443 2.187976 0.402367 -1.223041 7.546 -0.200182 4.539485
104.980043 2.791654 0.430691 -1.705888 7.546 0.457908 2.081083
124.421082 2.984388 0.428076 -1.992982 7.546 0.192372 0.284275
142.456103 2.829654 0.371755 -1.934774 7.546 -0.169116 0.371240
164.974722 2.656869 0.317208 -1.842738 7.546 -0.365147 0.699906
191.848473 2.400797 0.285134 -1.979845 7.546 0.098399 0.253920
218.510757 2.921757 0.394737 -1.979807 7.546 -0.030662 0.247088
239.539713 2.172631 0.357751 -1.864196 7.546 -0.369220 1.158002
256.481923 2.362912 0.384302 -1.788315 7.546 0.419367 2.483395
271.723844 2.813186 0.411780 -1.606049 7.546 0.348873 1.937914
290.702543 3.443705 0.397994 -1.479981 7.546 0.082311 0.511107
308.633817 3.012938 0.359906 -1.745242 7.546 -0.192112 0.274493
322.629359 2.836533 0.331130 -1.758847 7.546 -0.028869 0.136703
338.887130 2.709452 0.340280 -1.881140 7.546 -0.178806 0.059324
352.542101 2.594585 0.353972 -1.869786 7.546 -0.055725 0.026771
5.47938 1.18516 0.102814 -0.149945 10.6041 -0.00401505 0.01612023
16.32953 1.18586 0.099858 -0.148208 10.6041 0.063576 0.017301795000000002
26.94323 1.18194 0.0947776 -0.15012 10.6041 0.0983536 0.01820742
37.68498 1.17988 0.0888319 -0.151467 10.6041 0.145918 0.017652809999999998
48.52907 1.17857 0.0824138 -0.152116 10.6041 0.165289 0.019299105
58.72015 1.16788 0.0782282 -0.150373 10.6041 0.226742 0.02316951
69.4253 1.15671 0.0774572 -0.144887 10.6041 0.170445 0.037675155
80.05023 1.1555 0.082693 -0.140749 10.6041 0.201054 0.053856705
93.92096 1.15122 0.104445 -0.150041 10.6041 0.196896 0.07239193499999999
106.086 1.19062 0.107031 -0.155099 10.6041 0.19516 0.08467851
117.60474 1.1814 0.102218 -0.155653 10.6041 0.22057 0.061830300000000005
127.87215 1.17967 0.101209 -0.160727 10.6041 0.102624 0.06232002
138.88783 1.15607 0.100587 -0.163499 10.6041 0.153486 0.048388305000000006
149.45661 1.15556 0.0983155 -0.163251 10.6041 0.197954 0.05006169
160.05977 1.16136 0.0985263 -0.165462 10.6041 0.0944589 0.05028429
170.68585 1.16555 0.100614 -0.168255 10.6041 -0.000287466 0.061018859999999994
181.37265 1.1525 0.0976829 -0.16482 10.6041 0.051989 0.06777330000000001
192.60492 1.16772 0.0992419 -0.16385 10.6041 -0.093807 0.07299663
203.2797 1.17179 0.10016 -0.161178 10.6041 -0.00275131 0.070916685
213.91952 1.16174 0.104059 -0.162129 10.6041 -0.181496 0.09015447
230.53358 1.17603 0.10936 -0.162285 10.6041 -0.434516 0.10685955
274.30412 1.14054 0.0814467 -0.154093 10.6041 -0.396749 0.13553715
287.03581 1.15723 0.076309 -0.15134 10.6041 -0.138658 0.060730740000000005
297.5811 1.15929 0.0768801 -0.151423 10.6041 -0.209361 0.033554955000000004
308.07769 1.1773 0.0807721 -0.152208 10.6041 -0.21347 0.022153215
318.63501 1.182 0.0864401 -0.152337 10.6041 -0.153312 0.019843215
329.21009 1.18075 0.0924334 -0.151478 10.6041 -0.0964044 0.01881915
339.94159 1.18546 0.0980345 -0.15162 10.6041 -0.152948 0.01989981
352.76037 1.18639 0.10224 -0.149888 10.6041 -0.0428874 0.01649109
5.54739 1.17135 0.172113 -0.16118 10.6041 0.00788785 0.042467985
16.05388 1.17569 0.170861 -0.161934 10.6041 0.111085 0.037550415
26.65268 1.20466 0.167539 -0.154625 10.6041 0.13975 0.04355925
37.4786 1.20942 0.167812 -0.155138 10.6041 0.253767 0.051951479999999994
48.03014 1.20287 0.169978 -0.154738 10.6041 0.245527 0.0745563
61.41248 1.20371 0.165568 -0.149449 10.6041 0.368885 0.06957069
73.97916 1.22491 0.161365 -0.157696 10.6041 0.186504 0.10690365
86.21296 1.21673 0.164171 -0.164611 10.6041 0.262475 0.085667085
98.98476 1.21177 0.16202 -0.175235 10.6041 0.369252 0.08874264
109.73517 1.20596 0.164321 -0.180005 10.6041 0.278611 0.08296239
122.3941 1.18607 0.156333 -0.178415 10.6041 0.191706 0.100135665
136.62121 1.21635 0.152567 -0.181843 10.6041 0.14783 0.08484199499999999
151.65047 1.21138 0.148236 -0.181592 10.6041 0.379569 0.06625395
163.16635 1.20784 0.145264 -0.186569 10.6041 -0.00486285 0.1118964
180.45191 1.21513 0.144921 -0.182279 10.6041 0.0432002 0.10091004
202.08966 1.19779 0.148437 -0.1773 10.6041 0.00926254 0.10466599500000001
221.592 1.2081 0.152669 -0.180818 10.6041 -0.0338408 0.10227462
246.2544 1.21216 0.165069 -0.175805 10.6041 -0.111513 0.1200696
273.90247 1.19314 0.173185 -0.167702 10.6041 -0.404022 0.13600125
320.08345 1.20471 0.178174 -0.139439 10.6041 -0.118507 0.10545465
337.3163 1.19629 0.174145 -0.148333 10.6041 -0.0804759 0.077117355
351.80984 1.18728 0.173261 -0.1631 10.6041 -0.0738377 0.03307647
5.18469 1.21833 0.240322 -0.192415 10.6041 0.0628241 0.079893345
16.02975 1.22617 0.236936 -0.194124 10.6041 0.0492491 0.08105359499999999
26.65898 1.22956 0.239022 -0.18361 10.6041 0.297452 0.068195925
38.55565 1.21396 0.238002 -0.18166 10.6041 0.235944 0.08856393
59.39796 1.23477 0.236426 -0.184638 10.6041 0.285763 0.09605851500000001
89.88562 1.2406 0.235332 -0.203708 10.6041 0.0130705 0.16476075
272.03177 1.2347 0.244191 -0.196271 10.6041 0.136644 0.17865119999999998
312.71807 1.24445 0.239975 -0.173361 10.6041 -0.106074 0.14568645000000002
335.31897 1.24226 0.239658 -0.187564 10.6041 -0.163488 0.12512745
351.29188 1.22726 0.238182 -0.189811 10.6041 -0.082403 0.07423752
5.5788 1.16234 0.118025 -0.264322 10.6041 0.0584737 0.023751315
16.60844 1.17396 0.114201 -0.288485 10.6041 0.0973894 0.01967637
27.26878 1.18327 0.102673 -0.294449 10.6041 0.12513 0.01628319
37.97576 1.17841 0.0894498 -0.301005 10.6041 0.159234 0.014763735
48.05334 1.17243 0.0807988 -0.290144 10.6041 0.151797 0.016892925
58.24288 1.16058 0.077822 -0.27682 10.6041 0.243558 0.030800804999999997
68.98355 1.15752 0.0794614 -0.266789 10.6041 0.0223399 0.0945084
95.19579 1.17993 0.109139 -0.269775 10.6041 -0.00221551 0.10953494999999999
113.81348 1.17775 0.105193 -0.282053 10.6041 0.281879 0.07749199500000001
124.72432 1.19032 0.0990637 -0.282608 10.6041 0.0733999 0.065557905
135.3905 1.17825 0.0991781 -0.287712 10.6041 0.0198674 0.05943105
145.74958 1.16553 0.0977675 -0.286829 10.6041 0.0534143 0.048869205000000006
156.90621 1.16364 0.0980207 -0.290999 10.6041 0.0682335 0.045274635
167.17132 1.16575 0.0990926 -0.293541 10.6041 -0.0629471 0.046483815
178.06841 1.16598 0.0974128 -0.292064 10.6041 -0.0157314 0.054383595
188.69162 1.17028 0.100705 -0.299482 10.6041 -0.141388 0.06816159
199.44546 1.15603 0.102638 -0.287217 10.6041 -0.0911124 0.079622235
210.54938 1.16443 0.105614 -0.29216 10.6041 -0.0686843 0.084656775
220.91419 1.15963 0.10888 -0.292217 10.6041 -0.0931732 0.10635030000000001
235.78245 1.18945 0.100799 -0.317961 10.6041 -0.0423303 0.1252923
250.4897 1.1914 0.0938232 -0.313982 10.6041 0.00519163 0.08973174
260.98399 1.17674 0.0987415 -0.318627 10.6041 -0.328399 0.08295231
271.75446 1.16942 0.102587 -0.306225 10.6041 -0.199469 0.07556514
282.65383 1.15107 0.0992428 -0.301803 10.6041 -0.326399 0.074606595
294.1594 1.15937 0.0854947 -0.273451 10.6041 -0.187768 0.05259387
304.85423 1.16632 0.0812401 -0.27661 10.6041 -0.192162 0.0277179
315.20242 1.17431 0.0835805 -0.291959 10.6041 -0.13929 0.01871982
325.6864 1.1806 0.0941907 -0.297287 10.6041 -0.171694 0.01707594
336.30044 1.18051 0.107313 -0.295745 10.6041 -0.136432 0.018079844999999997
349.75521 1.16429 0.11663 -0.275533 10.6041 -0.0298932 0.017722425
5.22237 1.23047 0.150329 -0.336353 10.6041 0.066987 0.032134725
14.86419 1.2435 0.154073 -0.326971 10.6041 0.112146 0.047672415
37.03061 1.23258 0.17595 -0.309014 10.6041 0.2223 0.080333085
72.85273 1.19053 0.163564 -0.323208 10.6041 0.0895558 0.12927075
100.36502 1.21836 0.166943 -0.303842 10.6041 0.133169 0.1234842
112.87498 1.18751 0.160472 -0.305723 10.6041 0.229122 0.1083537
123.93249 1.19514 0.160234 -0.30405 10.6041 0.151947 0.11689229999999999
135.42545 1.21379 0.158525 -0.307527 10.6041 0.0154519 0.11832134999999999
146.1283 1.21661 0.153711 -0.310683 10.6041 0.023972 0.08970528
156.63234 1.22663 0.153274 -0.311731 10.6041 0.173589 0.08871975
166.87052 1.20748 0.151686 -0.315304 10.6041 -0.180139 0.1052184
177.90168 1.20037 0.153405 -0.322646 10.6041 0.0458699 0.08836621500000001
188.99815 1.20439 0.153378 -0.309154 10.6041 -0.0561159 0.11246445
200.08832 1.18909 0.154762 -0.320523 10.6041 -0.0842423 0.09317049
210.31619 1.2181 0.155232 -0.309865 10.6041 0.107171 0.101812095
222.98085 1.1904 0.161021 -0.314325 10.6041 -0.0153734 0.11524485
241.35618 1.20404 0.160814 -0.312265 10.6041 0.0282101 0.1319472
262.55046 1.19125 0.161629 -0.350276 10.6041 -0.231368 0.15714299999999998
279.51116 1.19104 0.159915 -0.342031 10.6041 -0.291731 0.1322769
297.75299 1.18958 0.157857 -0.32817 10.6041 -0.333396 0.11278679999999999
311.78702 1.18489 0.154655 -0.348686 10.6041 -0.308636 0.10031626499999999
327.05405 1.19651 0.153523 -0.369079 10.6041 -0.279221 0.0906591
352.40858 1.23062 0.147092 -0.342307 10.6041 -0.0272579 0.029123114999999998
5.19372 1.2123 0.234882 -0.330858 10.6041 -0.0168883 0.09310539
19.03584 1.24987 0.241202 -0.320014 10.6041 0.241084 0.079321515
48.52483 1.26973 0.248088 -0.326206 10.6041 0.108479 0.16552935000000002
115.64122 1.19305 0.231327 -0.355053 10.6041 0.103166 0.20698125
264.15131 1.2464 0.242437 -0.359478 10.6041 -0.35183 0.3108777
303.85671 1.20145 0.23765 -0.376674 10.6041 -0.00844682 0.1581006
349.93111 1.24102 0.240991 -0.330393 10.6041 -0.067066 0.07514514
14.86287 1.07899 0.100203 -0.677204 10.6041 0.0184197 0.059704364999999995
24.13642 1.15545 0.101123 -0.605954 10.6041 0.107098 0.01733424
33.87779 1.1817 0.0884375 -0.539581 10.6041 0.0659403 0.017041815
43.91939 1.17953 0.0835573 -0.496122 10.6041 0.0887407 0.031329585
55.03214 1.14377 0.0963899 -0.521142 10.6041 0.236076 0.05443305
66.39951 1.14956 0.107063 -0.569869 10.6041 0.243359 0.067843125
77.81741 1.17611 0.103671 -0.579818 10.6041 0.285523 0.07665063
102.69581 1.15759 0.103033 -0.595304 10.6041 -0.00907658 0.1205295
125.31217 1.15934 0.0987094 -0.519428 10.6041 -0.049887 0.10867605
139.17947 1.15978 0.0958013 -0.539456 10.6041 0.0369868 0.098951265
149.34661 1.17395 0.0962247 -0.546406 10.6041 0.189639 0.065310315
160.34568 1.16797 0.0992283 -0.547964 10.6041 0.0178736 0.068767755
170.76205 1.16625 0.0979716 -0.550906 10.6041 -0.166659 0.07839594
181.79378 1.16517 0.0971619 -0.565623 10.6041 0.280896 0.06387402
192.58544 1.16145 0.103037 -0.560152 10.6041 -0.0145401 0.1167474
204.77855 1.17117 0.105033 -0.558237 10.6041 -0.0101048 0.10204529999999999
225.53624 1.17547 0.100762 -0.55511 10.6041 -0.15438 0.10931865
245.22193 1.16017 0.0935493 -0.553584 10.6041 -0.102152 0.10806075000000001
257.35316 1.17736 0.0961437 -0.559525 10.6041 -0.156739 0.095780265
268.53558 1.16435 0.0978248 -0.559882 10.6041 -0.0585814 0.08212806
279.34443 1.1616 0.102275 -0.560881 10.6041 -0.0775793 0.073396575
289.64048 1.14741 0.105993 -0.570375 10.6041 -0.109989 0.07062867
300.84008 1.15525 0.102085 -0.527525 10.6041 -0.174642 0.076689375
312.36398 1.17527 0.083122 -0.49437 10.6041 -0.125972 0.04922316
322.87432 1.18182 0.0845107 -0.523626 10.6041 -0.138529 0.022721474999999998
332.91827 1.17039 0.097283 -0.590121 10.6041 -0.0688859 0.0161364
341.2147 1.12178 0.107828 -0.636108 10.6041 -0.100785 0.030079665000000002
5.96695 1.22913 0.160428 -0.497658 10.6041 0.0192736 0.038245934999999995
15.85179 1.22615 0.146828 -0.575049 10.6041 0.0503379 0.03211488
26.38774 1.21785 0.156225 -0.612999 10.6041 0.158211 0.07805154
38.33128 1.13591 0.161458 -0.631304 10.6041 -0.0543047 0.078864765
48.38457 1.18005 0.159885 -0.626027 10.6041 0.171522 0.067446855
58.62218 1.20597 0.157903 -0.614117 10.6041 0.23415 0.07495404
71.47247 1.18866 0.156862 -0.609171 10.6041 0.228971 0.099669465
95.00557 1.19865 0.166412 -0.606874 10.6041 0.139941 0.1322517
121.97985 1.17526 0.167617 -0.557114 10.6041 -0.0774756 0.13491975
141.77325 1.1982 0.164115 -0.5641 10.6041 0.291823 0.08543304
156.29028 1.20387 0.159002 -0.55621 10.6041 0.0315649 0.11628225
167.42457 1.22755 0.159884 -0.574394 10.6041 -0.0188872 0.1214451
178.71241 1.21566 0.15774 -0.575641 10.6041 -0.028082 0.12398085
190.709 1.20041 0.167692 -0.594555 10.6041 -0.160986 0.1149708
204.89658 1.19744 0.16505 -0.588704 10.6041 0.100387 0.09992094000000001
220.36129 1.19243 0.158671 -0.545768 10.6041 0.128846 0.10822140000000001
248.09932 1.19505 0.165294 -0.602608 10.6041 0.144881 0.1442301
266.87687 1.19181 0.161085 -0.60654 10.6041 0.198461 0.1076124
278.66719 1.18063 0.164418 -0.612102 10.6041 -0.225531 0.14963970000000001
290.19911 1.21705 0.160298 -0.593382 10.6041 -0.210363 0.13014015
300.66018 1.20037 0.161484 -0.577721 10.6041 -0.0701404 0.09062182499999999
311.37048 1.19264 0.159555 -0.559169 10.6041 -0.142176 0.08026368
321.7731 1.18503 0.17074 -0.556745 10.6041 -0.26477 0.071301405
333.96392 1.23589 0.160564 -0.581078 10.6041 -0.0884502 0.06977029500000001
344.14996 1.21776 0.146884 -0.580397 10.6041 -0.0709303 0.02804466
353.77508 1.22674 0.163489 -0.506383 10.6041 -0.00569041 0.038109119999999996
13.56816 1.24216 0.23729 -0.614597 10.6041 0.0690111 0.084829395
52.36811 1.19352 0.227067 -0.626021 10.6041 -0.0101473 0.18180855
271.60262 1.22956 0.239253 -0.657794 10.6041 -0.138076 0.21979649999999998
307.1283 1.22461 0.237553 -0.629447 10.6041 -0.294677 0.16648065
330.75364 1.22502 0.233944 -0.669069 10.6041 -0.122697 0.11530785
5.63519 1.16138 0.0915199 -1.0086 10.6041 0.0744695 0.02315523
15.80762 1.17489 0.0946136 -0.93586 10.6041 -0.0100643 0.028856415
25.56286 1.2006 0.088328 -0.947211 10.6041 0.117237 0.061571475
48.93724 1.18971 0.104255 -1.01744 10.6041 -0.0662802 0.14760375
81.80405 1.16412 0.0969952 -1.1011 10.6041 0.320182 0.088742325
117.70902 1.1571 0.100688 -1.37973 10.6041 0.151726 0.17168655
155.59758 1.16513 0.09682 -1.05021 10.6041 0.118918 0.13894545
185.65093 1.15437 0.0998131 -1.04696 10.6041 -0.0195084 0.12609765
229.65581 1.15153 0.101001 -1.26326 10.6041 -0.408619 0.2486274
263.84993 1.14439 0.0982814 -1.06927 10.6041 0.128651 0.12611655
289.63761 1.17096 0.106922 -0.989553 10.6041 0.151543 0.104456625
328.52082 1.19637 0.0906071 -1.02756 10.6041 -0.206049 0.13131720000000002
341.04281 1.1889 0.0953786 -0.905977 10.6041 -0.0174061 0.03224277
352.24127 1.15655 0.0930728 -1.00144 10.6041 -0.0321333 0.02039352
9.42166 1.2477 0.15307 -1.0633 10.6041 -0.0499286 0.05449773
17.92894 1.25032 0.151802 -1.04026 10.6041 0.101795 0.074112465
42.08776 1.21036 0.171353 -1.04893 10.6041 -0.125322 0.1112349
64.43541 1.18129 0.162531 -1.11257 10.6041 -0.111066 0.13757205
163.41501 1.18985 0.162837 -1.13458 10.6041 0.0150266 0.13356315000000002
199.87747 1.22548 0.158404 -1.21649 10.6041 -0.204731 0.1980657
235.79333 1.18359 0.16724 -1.08644 10.6041 0.296705 0.18471495
272.61676 1.18044 0.158923 -1.11202 10.6041 -0.068472 0.20218275
307.36894 1.22565 0.156269 -1.08396 10.6041 -0.0816408 0.17487645000000002
340.37589 1.24909 0.152429 -1.06795 10.6041 -0.030561 0.070757925
350.26171 1.23629 0.150607 -1.04361 10.6041 0.0350375 0.048766095
5.56356 1.55971 0.119462 -0.146889 10.6041 0.0192776 0.027193005
16.25476 1.56827 0.11794 -0.149001 10.6041 0.0742729 0.024301935
26.99668 1.57653 0.11477 -0.151686 10.6041 0.0847095 0.02253867
37.67232 1.5832 0.110147 -0.153927 10.6041 0.110276 0.027104805
48.1771 1.5741 0.104702 -0.156443 10.6041 0.193822 0.028642845
58.63822 1.55108 0.101216 -0.155785 10.6041 0.208435 0.04168731
69.13767 1.54144 0.100597 -0.15109 10.6041 0.020469 0.119994
91.45495 1.51495 0.115951 -0.152894 10.6041 0.374287 0.06406323
116.12995 1.55367 0.117481 -0.164445 10.6041 0.0208766 0.093330615
130.04939 1.55723 0.115671 -0.166858 10.6041 0.256696 0.067372725
144.33666 1.56462 0.114982 -0.168444 10.6041 0.255783 0.07040753999999999
156.25361 1.55664 0.114019 -0.165339 10.6041 -0.0495801 0.094309635
169.00421 1.53337 0.113913 -0.167603 10.6041 0.159925 0.080770515
183.43244 1.55329 0.114349 -0.167102 10.6041 0.0147037 0.098713335
201.06579 1.55058 0.114898 -0.166278 10.6041 0.0969284 0.080903865
223.55495 1.54779 0.11812 -0.165738 10.6041 -0.521007 0.17178315
291.07001 1.54481 0.0991286 -0.151087 10.6041 -0.302465 0.16105005
301.25892 1.56007 0.101551 -0.153954 10.6041 -0.165468 0.052492125
311.73029 1.57386 0.104883 -0.15526 10.6041 -0.194213 0.033566295
322.09338 1.58258 0.110167 -0.155015 10.6041 -0.17687 0.027036345000000003
332.87817 1.57685 0.114772 -0.155419 10.6041 -0.0843754 0.026025825
343.50195 1.56132 0.117903 -0.152581 10.6041 -0.120179 0.02854551
354.34804 1.55738 0.119291 -0.144884 10.6041 -0.0384128 0.027256425
5.47147 1.63274 0.157266 -0.174366 10.6041 0.0471181 0.04264092
15.85913 1.6201 0.163178 -0.170379 10.6041 0.0552729 0.05270958
26.92512 1.61072 0.173583 -0.168073 10.6041 0.168115 0.05389167
37.64831 1.59909 0.178931 -0.163998 10.6041 0.292582 0.053449935
48.43247 1.58336 0.173506 -0.160991 10.6041 0.267475 0.07063895999999999
59.34869 1.59834 0.167641 -0.156846 10.6041 0.159411 0.083797665
69.83954 1.59633 0.165954 -0.159026 10.6041 0.36865 0.06157053
80.80939 1.59643 0.164307 -0.167376 10.6041 0.353226 0.060502365
93.38467 1.59559 0.164071 -0.170859 10.6041 0.447105 0.05322954
107.38089 1.59698 0.160328 -0.170612 10.6041 0.444565 0.05967255
120.16243 1.61358 0.158144 -0.175888 10.6041 0.117028 0.1071147
131.54595 1.59617 0.153608 -0.175412 10.6041 0.0778702 0.08967588
141.93597 1.60367 0.151876 -0.177274 10.6041 -0.144068 0.1158024
153.3321 1.60254 0.151663 -0.179042 10.6041 0.0896505 0.10503255
165.55501 1.59805 0.148978 -0.180247 10.6041 -0.144689 0.11132415000000001
181.83675 1.60966 0.150014 -0.176137 10.6041 -0.00925932 0.1062747
199.44546 1.60322 0.150748 -0.179802 10.6041 -0.00935696 0.10317111000000001
217.82996 1.60276 0.154199 -0.180942 10.6041 0.0414421 0.10379617499999999
246.08938 1.58564 0.169035 -0.18185 10.6041 -0.166921 0.097931925
279.78847 1.60008 0.174855 -0.170263 10.6041 -0.477234 0.1385328
317.80021 1.60913 0.182276 -0.148336 10.6041 -0.176149 0.100038855
333.38924 1.63872 0.16765 -0.163023 10.6041 -0.224156 0.09186324000000001
343.97521 1.6423 0.159687 -0.166942 10.6041 -0.0713077 0.059662364999999995
354.87688 1.62937 0.155567 -0.174111 10.6041 -0.036556 0.045087315
5.77146 1.61394 0.257403 -0.198368 10.6041 0.0294403 0.072122505
16.08625 1.60239 0.251207 -0.198664 10.6041 0.210652 0.06246156
26.78836 1.59686 0.251754 -0.18762 10.6041 0.24699 0.06962886
37.58523 1.60658 0.257214 -0.198159 10.6041 0.249776 0.080757705
49.82819 1.60843 0.254436 -0.203456 10.6041 0.308395 0.08922963
68.16422 1.59887 0.260095 -0.2029 10.6041 0.255218 0.093231285
92.43929 1.60827 0.241402 -0.202879 10.6041 0.30215 0.092076285
273.44239 1.62498 0.251732 -0.205709 10.6041 -0.290641 0.20300175
308.3 1.60223 0.267385 -0.192987 10.6041 -0.224031 0.13788915
325.90928 1.59185 0.256447 -0.191418 10.6041 -0.145822 0.11032455
336.95533 1.61232 0.256517 -0.190041 10.6041 -0.281233 0.10781715
351.3847 1.61996 0.252511 -0.204015 10.6041 -0.0275351 0.058065945
5.95114 1.48328 0.125891 -0.241116 10.6041 -0.00345378 0.07079751000000001
16.90919 1.51174 0.124172 -0.259521 10.6041 0.0941391 0.04629996
27.59777 1.54869 0.120064 -0.288331 10.6041 0.156746 0.027173054999999998
37.93382 1.57597 0.112074 -0.300369 10.6041 0.179279 0.02115099
47.71392 1.56833 0.10452 -0.292301 10.6041 0.222575 0.02508933
58.32424 1.55214 0.100876 -0.281665 10.6041 0.360567 0.060690315
115.90822 1.57103 0.115145 -0.294277 10.6041 0.172105 0.076222125
131.25718 1.55165 0.1123 -0.293211 10.6041 0.0510688 0.11108475
142.45507 1.54205 0.111974 -0.289436 10.6041 0.126266 0.08980482000000001
153.05995 1.54085 0.111868 -0.301992 10.6041 0.052857 0.09009462
163.99599 1.55638 0.115283 -0.299706 10.6041 0.00338646 0.088829685
174.68223 1.53732 0.113641 -0.29859 10.6041 -0.22227 0.11463269999999999
184.61445 1.55494 0.114334 -0.299758 10.6041 0.00418913 0.10108392000000001
201.39581 1.55532 0.114816 -0.28726 10.6041 -0.060967 0.1168062
230.71349 1.56081 0.11403 -0.305551 10.6041 0.0768908 0.099876945
257.79262 1.55469 0.114531 -0.3198 10.6041 -0.180213 0.09963933
277.16776 1.52136 0.117396 -0.315608 10.6041 -0.285237 0.093691815
298.20276 1.55002 0.100969 -0.270762 10.6041 -0.210341 0.1211826
308.79274 1.57011 0.103718 -0.280262 10.6041 -0.208143 0.04171965
318.88997 1.57561 0.109509 -0.294835 10.6041 -0.147022 0.02493036
328.86402 1.56542 0.118347 -0.296659 10.6041 -0.11932 0.026070975
339.07299 1.51198 0.123228 -0.277345 10.6041 -0.146978 0.039841095
351.51992 1.48651 0.125252 -0.24287 10.6041 0.00824126 0.0658056
5.33205 1.59456 0.147913 -0.306927 10.6041 0.0145343 0.026969145
15.92622 1.61132 0.145839 -0.315641 10.6041 0.127105 0.02703918
26.05359 1.66231 0.143662 -0.312831 10.6041 0.145658 0.045123855000000004
41.72703 1.65758 0.160492 -0.299857 10.6041 0.312867 0.098570955
82.41883 1.60569 0.17125 -0.300359 10.6041 0.46651 0.05511639
100.63889 1.60293 0.161921 -0.299122 10.6041 0.202051 0.08546769000000001
113.72353 1.61206 0.159886 -0.295003 10.6041 0.127021 0.11799899999999999
126.2713 1.58405 0.164224 -0.298265 10.6041 0.297809 0.081354525
139.20353 1.57597 0.158917 -0.314634 10.6041 0.228745 0.07753220999999999
149.41765 1.6094 0.157115 -0.308411 10.6041 0.160265 0.076221285
160.25687 1.58967 0.1592 -0.309153 10.6041 0.0738126 0.08049972
170.70475 1.58753 0.155874 -0.313347 10.6041 0.0643592 0.08924391000000001
181.3738 1.58089 0.156546 -0.319728 10.6041 -0.154017 0.1176126
194.32952 1.5968 0.158289 -0.313771 10.6041 0.250391 0.07708071
208.62883 1.59391 0.156495 -0.311116 10.6041 -0.189025 0.10634085
222.45201 1.58041 0.161855 -0.306988 10.6041 -0.0077834 0.11710965
246.67724 1.60037 0.163415 -0.321453 10.6041 -0.453142 0.11753595
272.14063 1.58945 0.159272 -0.329352 10.6041 -0.227572 0.10578855
289.82325 1.58036 0.153307 -0.334318 10.6041 -0.307907 0.094400355
305.36817 1.58053 0.163585 -0.341426 10.6041 -0.298514 0.0988869
325.47383 1.68172 0.143708 -0.335765 10.6041 -0.139014 0.12663525
337.11748 1.65078 0.138323 -0.327451 10.6041 -0.0815662 0.038281215
350.92576 1.60412 0.146593 -0.312846 10.6041 -0.0472144 0.021589995
5.19883 1.60413 0.255674 -0.352464 10.6041 -0.0394466 0.07287819000000001
15.58205 1.5969 0.251917 -0.348461 10.6041 0.240088 0.071203545
26.80245 1.6038 0.254761 -0.343387 10.6041 0.117719 0.10972499999999999
40.85241 1.60681 0.270767 -0.338026 10.6041 -0.00701786 0.12302115000000001
69.6264 1.60013 0.262034 -0.33628 10.6041 0.429018 0.08886895500000001
97.20802 1.60453 0.248841 -0.343335 10.6041 0.0267452 0.14626920000000002
120.74513 1.58002 0.237419 -0.363678 10.6041 0.296616 0.1441251
267.49451 1.61819 0.25862 -0.369369 10.6041 -0.909066 0.34570409999999996
307.22914 1.61819 0.263816 -0.382624 10.6041 0.200898 0.16875705
341.21871 1.6236 0.266252 -0.334745 10.6041 -0.239627 0.09847782
354.62191 1.589 0.254431 -0.350178 10.6041 0.168898 0.05847282
25.92279 1.50893 0.117404 -0.629299 10.6041 0.0114797 0.045205230000000006
34.17086 1.57172 0.112037 -0.559785 10.6041 0.118245 0.023259705000000002
43.53551 1.57039 0.10538 -0.508706 10.6041 0.0422385 0.043847685
59.60423 1.53812 0.109939 -0.532032 10.6041 0.115717 0.1090278
91.73455 1.56038 0.116686 -0.578352 10.6041 0.0598101 0.14297954999999998
131.38724 1.56571 0.112943 -0.534755 10.6041 0.183319 0.08535345
150.97266 1.55285 0.115171 -0.570256 10.6041 -0.104811 0.1240239
166.06093 1.54565 0.113952 -0.56408 10.6041 0.114826 0.101798445
181.76971 1.56421 0.113903 -0.553428 10.6041 0.167965 0.08082354
209.18861 1.55365 0.114234 -0.567249 10.6041 -0.370768 0.1420608
245.21677 1.5551 0.111093 -0.567489 10.6041 -0.00981308 0.102051075
267.48535 1.54813 0.114487 -0.578397 10.6041 -0.0796155 0.09818088
286.26576 1.54254 0.119131 -0.581138 10.6041 -0.212765 0.104622
309.07062 1.55991 0.103145 -0.485656 10.6041 0.132532 0.07792333500000001
319.49559 1.57623 0.106971 -0.521621 10.6041 -0.156891 0.039249105
328.91387 1.55417 0.114246 -0.580486 10.6041 -0.0923461 0.026721975
336.71355 1.47757 0.121026 -0.629087 10.6041 0.0192161 0.08656221
5.41378 1.58961 0.17658 -0.538745 10.6041 0.00546565 0.038565765
16.57945 1.58336 0.159368 -0.581983 10.6041 0.0793285 0.032111100000000004
25.91471 1.63727 0.140137 -0.582071 10.6041 0.0828868 0.039979905
38.1563 1.62993 0.163119 -0.604961 10.6041 0.0186006 0.11660565
52.51932 1.56667 0.165259 -0.648179 10.6041 0.211066 0.07576128
63.6854 1.59195 0.161076 -0.621265 10.6041 0.14175 0.10028823
86.31208 1.60084 0.161212 -0.601439 10.6041 0.163601 0.10032813
119.45769 1.60411 0.169074 -0.54681 10.6041 0.262055 0.09693778500000001
144.88556 1.5933 0.161047 -0.566086 10.6041 0.154554 0.10097682
160.02597 1.58431 0.156552 -0.580001 10.6041 0.150699 0.099299445
170.79184 1.5887 0.160761 -0.574043 10.6041 -0.206212 0.1146558
183.03767 1.58543 0.165206 -0.57208 10.6041 0.100829 0.099717555
198.84271 1.58397 0.167809 -0.583168 10.6041 0.0368103 0.1067997
221.69341 1.61172 0.161368 -0.574093 10.6041 -0.12084 0.13041105
257.50213 1.61618 0.163197 -0.590491 10.6041 -0.307156 0.15038415
275.25122 1.5974 0.162401 -0.56878 10.6041 -0.218367 0.11176095000000001
285.78218 1.58738 0.156613 -0.602119 10.6041 -0.286412 0.1156827
298.61242 1.589 0.163293 -0.588699 10.6041 -0.421983 0.10516589999999999
313.17071 1.5661 0.173197 -0.579933 10.6041 -0.191015 0.09012948
326.91826 1.64715 0.153387 -0.56403 10.6041 -0.0916876 0.075195015
337.09055 1.60947 0.146228 -0.583732 10.6041 -0.136297 0.03182907
349.67213 1.57778 0.17032 -0.55664 10.6041 -0.0715832 0.027030465
11.47841 1.63133 0.255805 -0.663732 10.6041 0.166141 0.063886095
52.98903 1.58816 0.254179 -0.692777 10.6041 0.131621 0.12083295
89.71201 1.5714 0.253573 -0.592799 10.6041 0.0994853 0.2047164
129.4008 1.59503 0.252553 -0.626081 10.6041 0.240505 0.11464005
160.90145 1.61382 0.238455 -0.605707 10.6041 0.0638697 0.1166214
192.0079 1.61268 0.232857 -0.643641 10.6041 0.121149 0.092181915
230.2196 1.63142 0.263787 -0.66832 10.6041 0.0647358 0.13613145
266.86483 1.58306 0.239769 -0.610457 10.6041 0.0198262 0.16780994999999999
301.54826 1.62638 0.249215 -0.626185 10.6041 -0.42469 0.19684665
322.36611 1.60336 0.256235 -0.677493 10.6041 -0.078948 0.10233877499999999
346.2785 1.60519 0.255262 -0.677562 10.6041 -0.0289526 0.061399905000000005
5.23454 1.53944 0.109622 -1.17272 10.6041 -0.0812171 0.06218121
16.84794 1.54696 0.111359 -1.06002 10.6041 0.0134844 0.053149215
26.04002 1.56869 0.112323 -0.939426 10.6041 0.134068 0.056106435
46.26348 1.55556 0.11301 -1.09822 10.6041 0.0889999 0.13694835
270.12611 1.55096 0.114633 -1.18025 10.6041 -0.194226 0.18350535
330.3285 1.58338 0.110298 -0.921366 10.6041 0.0145344 0.08686608
340.00404 1.55793 0.112766 -0.994898 10.6041 -0.0111787 0.043118670000000005
352.65323 1.56641 0.110715 -1.16583 10.6041 0.0838811 0.044152079999999996
5.42182 1.58388 0.158771 -1.36134 10.6041 0.0914842 0.057921885000000006
16.22645 1.59444 0.160568 -1.07518 10.6041 0.0943404 0.043123289999999995
27.69328 1.63902 0.153956 -1.04549 10.6041 -0.0159364 0.094437735
50.18984 1.59191 0.168349 -1.03151 10.6041 0.0595019 0.098153685
75.82122 1.5752 0.164795 -1.14527 10.6041 0.103913 0.14353185000000002
151.57026 1.59789 0.173045 -1.24796 10.6041 0.0413233 0.12714765
184.01342 1.56614 0.175859 -1.14786 10.6041 -0.0228915 0.11798745
259.63582 1.5722 0.161432 -0.980445 10.6041 0.0690201 0.18191775
295.59007 1.61834 0.15842 -0.980372 10.6041 -0.472845 0.18501525
330.80177 1.61552 0.156076 -1.081 10.6041 -0.00895755 0.08969625
343.59305 1.59615 0.160727 -1.06034 10.6041 -0.0629843 0.044215605
354.68093 1.5986 0.159215 -1.36773 10.6041 -0.0296375 0.063205065
5.48087 2.04973 0.144721 -0.15523 10.6041 0.0115625 0.027460125
16.33125 2.04975 0.142852 -0.155184 10.6041 0.0812281 0.025891425
27.03971 2.06163 0.140409 -0.160115 10.6041 0.135234 0.02536821
37.49934 2.05264 0.135614 -0.161548 10.6041 0.141826 0.029346450000000003
47.98602 2.03076 0.131824 -0.162502 10.6041 0.20018 0.05240382
58.30361 2.00073 0.129152 -0.160431 10.6041 0.206926 0.0847434
75.80117 1.93511 0.142147 -0.157211 10.6041 0.31593 0.14695065
99.44313 1.98855 0.148177 -0.173349 10.6041 0.241934 0.11152680000000001
115.19546 2.02106 0.145557 -0.170486 10.6041 0.288218 0.09748756500000001
127.7037 2.00186 0.144133 -0.173659 10.6041 0.309019 0.104541255
138.72454 2.01693 0.143167 -0.176204 10.6041 0.20921 0.10072713
149.59871 1.98305 0.1412 -0.171212 10.6041 0.00675894 0.09365264999999999
160.2265 2.01363 0.143106 -0.175207 10.6041 0.010535 0.10739085000000001
170.66407 1.99092 0.142657 -0.175497 10.6041 0.0110256 0.1265754
183.70058 1.99575 0.141586 -0.169507 10.6041 -0.106631 0.11253375
198.05375 1.97694 0.141749 -0.174015 10.6041 0.0173457 0.1311702
215.56506 1.97742 0.145512 -0.168446 10.6041 -0.175744 0.1231335
297.13018 1.96767 0.126328 -0.156521 10.6041 -0.325209 0.1155882
308.49595 2.02049 0.130876 -0.158056 10.6041 -0.140118 0.059806635000000004
318.85961 2.0433 0.134113 -0.164457 10.6041 -0.202878 0.03316152
329.21467 2.06072 0.138789 -0.163199 10.6041 -0.106682 0.027996465
340.01378 2.06065 0.142523 -0.159641 10.6041 -0.056027 0.028552335
352.81767 2.04088 0.144043 -0.155143 10.6041 -0.0662251 0.024195885
5.35287 2.16698 0.200931 -0.186478 10.6041 0.0648763 0.049945245
16.10115 2.14375 0.205604 -0.185579 10.6041 0.110168 0.047601225
26.79225 2.10567 0.210579 -0.179247 10.6041 0.175357 0.053079915000000005
37.66212 2.08013 0.211121 -0.182034 10.6041 0.225664 0.061024949999999994
48.01936 2.08842 0.215463 -0.181409 10.6041 0.295923 0.07395265499999999
59.27707 2.09398 0.204858 -0.172419 10.6041 0.291252 0.086988195
70.11399 2.11909 0.20049 -0.175957 10.6041 0.367671 0.08363733000000001
80.7521 2.09219 0.197035 -0.174019 10.6041 0.277114 0.08175531000000001
92.08979 2.11493 0.198044 -0.181677 10.6041 0.210574 0.08867491499999999
102.58179 2.12561 0.195428 -0.184762 10.6041 0.440373 0.09896732999999999
112.671 2.10717 0.193422 -0.18849 10.6041 0.328443 0.09042810000000001
123.40881 2.13857 0.186195 -0.188305 10.6041 0.324793 0.10563104999999999
134.55971 2.12923 0.182351 -0.186537 10.6041 0.101154 0.12423705
145.89568 2.13139 0.179874 -0.192578 10.6041 0.159614 0.1266783
158.65087 2.13578 0.181674 -0.195436 10.6041 0.256973 0.11166224999999999
172.61442 2.10926 0.179633 -0.193166 10.6041 0.0249093 0.12999525
191.90591 2.10807 0.178255 -0.190964 10.6041 0.114744 0.1173144
212.55302 2.11838 0.183317 -0.192984 10.6041 -0.198741 0.11283510000000001
241.05137 2.10431 0.198236 -0.195189 10.6041 -0.35389 0.12325635
271.38089 2.08711 0.213912 -0.191946 10.6041 -0.274173 0.123669
299.83855 2.08632 0.223145 -0.176767 10.6041 -0.359348 0.11292225
319.12489 2.10983 0.216581 -0.17171 10.6041 -0.181301 0.14712704999999998
329.86899 2.16428 0.210826 -0.176821 10.6041 -0.112413 0.11432925
340.60565 2.14585 0.204803 -0.18227 10.6041 -0.0305879 0.05847072
352.93856 2.14858 0.202171 -0.184411 10.6041 -0.00307035 0.043772189999999996
5.61428 2.13305 0.309911 -0.235207 10.6041 0.0647052 0.089137125
16.53121 2.14849 0.307757 -0.237602 10.6041 0.18827 0.10089145499999999
26.987 2.08776 0.304439 -0.235275 10.6041 0.32429 0.09012160500000001
37.56254 2.11551 0.303591 -0.22735 10.6041 0.130206 0.1240575
48.1669 2.09475 0.305596 -0.230758 10.6041 0.361555 0.14268660000000002
59.34238 2.1052 0.311882 -0.247379 10.6041 0.112195 0.16943955
78.03857 2.13432 0.298177 -0.245341 10.6041 0.346127 0.1738191
266.8528 2.11173 0.309632 -0.257793 10.6041 -0.023685 0.21474285
298.37465 2.10954 0.313266 -0.246129 10.6041 -0.0354776 0.14628285
317.31033 2.11076 0.315791 -0.238182 10.6041 -0.339098 0.14180985000000002
329.40604 2.12348 0.311085 -0.228453 10.6041 -0.172048 0.1208697
340.522 2.10774 0.310786 -0.233133 10.6041 -0.123449 0.10560900000000001
352.55124 2.12306 0.30965 -0.239274 10.6041 -0.230803 0.07769034
5.55495 1.94443 0.152067 -0.270046 10.6041 0.047737 0.051858975
16.94672 1.97815 0.150589 -0.285511 10.6041 -0.00153711 0.040617465
27.38246 2.02737 0.146131 -0.300818 10.6041 0.118707 0.027051465
37.85767 2.05602 0.138727 -0.305321 10.6041 0.138681 0.0252756
47.40567 2.04061 0.13316 -0.299587 10.6041 0.204382 0.045438435
57.51694 2.02433 0.129517 -0.28135 10.6041 0.13789 0.17444595000000002
90.80694 2.01242 0.148022 -0.283778 10.6041 0.133922 0.1886745
110.76707 2.02601 0.143972 -0.292114 10.6041 0.247794 0.10880415
124.81427 2.00628 0.142126 -0.305384 10.6041 0.0342292 0.12227565
134.79978 2.04667 0.142952 -0.294064 10.6041 0.210784 0.086461935
146.03033 2.02375 0.142309 -0.30417 10.6041 0.0164021 0.09654099000000001
156.62432 2.01232 0.142538 -0.304185 10.6041 -0.0195501 0.09983211
167.64115 1.99307 0.141929 -0.30715 10.6041 0.0221407 0.102347385
177.91027 2.00951 0.142618 -0.306647 10.6041 -0.129795 0.1109199
190.32111 1.99763 0.145329 -0.305086 10.6041 -0.221869 0.1284591
203.97928 2.00152 0.145031 -0.302075 10.6041 0.123281 0.11758425
231.29619 2.03995 0.145261 -0.314929 10.6041 -0.128046 0.16650375
258.55523 2.04457 0.141354 -0.332344 10.6041 -0.223161 0.12091170000000001
282.12957 1.95628 0.141807 -0.327977 10.6041 -0.346933 0.1369158
305.58131 2.02447 0.130418 -0.2891 10.6041 -0.141654 0.08810266500000001
315.87965 2.04409 0.134526 -0.299221 10.6041 -0.130034 0.032237415
325.50076 2.05515 0.141638 -0.306113 10.6041 -0.147231 0.024779475
336.10163 2.0046 0.148093 -0.300938 10.6041 -0.0824522 0.029751435
349.80391 1.9541 0.15185 -0.279125 10.6041 -0.0196411 0.034881735
5.3561 2.14063 0.182153 -0.327071 10.6041 0.0336245 0.031975335
16.05835 2.16935 0.183907 -0.327696 10.6041 0.0512084 0.036037049999999994
26.47821 2.20387 0.186596 -0.324833 10.6041 0.190238 0.052965254999999996
36.94014 2.19865 0.198449 -0.315746 10.6041 0.100397 0.120393
58.56144 2.11147 0.213225 -0.298419 10.6041 0.52726 0.1161678
77.39571 2.12608 0.207245 -0.309791 10.6041 0.227806 0.1339212
88.26014 2.12003 0.208805 -0.312887 10.6041 0.143374 0.1254771
98.86616 2.12392 0.202534 -0.317259 10.6041 0.353145 0.11162235
109.44411 2.11549 0.200431 -0.320453 10.6041 0.183894 0.13156289999999998
120.05013 2.09422 0.201918 -0.323072 10.6041 -0.0198716 0.12571755
131.38037 2.10987 0.194773 -0.323731 10.6041 0.140342 0.10064859000000001
142.4459 2.10659 0.188639 -0.324487 10.6041 0.267886 0.0964404
152.97515 2.10728 0.189644 -0.324464 10.6041 -0.0334328 0.10793475
163.87109 2.11048 0.186758 -0.331576 10.6041 0.0462278 0.094531605
174.48398 2.11229 0.187184 -0.337037 10.6041 -0.0957902 0.1127049
184.99088 2.11488 0.191276 -0.339007 10.6041 0.0736069 0.1334088
196.01803 2.08704 0.188612 -0.330288 10.6041 -0.29044 0.12532065
207.43994 2.08371 0.191092 -0.335719 10.6041 -0.0374075 0.1603077
217.13783 2.12162 0.193281 -0.320988 10.6041 -0.111934 0.13913025
229.92453 2.08474 0.198202 -0.334243 10.6041 -0.094314 0.1585815
248.49008 2.11124 0.208281 -0.350392 10.6041 -0.347074 0.13648844999999998
270.56213 2.10852 0.194536 -0.342219 10.6041 -0.432958 0.1323819
288.54728 2.11592 0.19578 -0.343329 10.6041 -0.319723 0.12926865
301.51732 2.06845 0.199037 -0.347697 10.6041 -0.277074 0.12760965
320.45873 2.19215 0.186116 -0.347043 10.6041 -0.110461 0.17174114999999998
333.88428 2.26153 0.170397 -0.335911 10.6041 -0.0953551 0.063201075
343.79588 2.18553 0.175431 -0.333074 10.6041 -0.0872222 0.03759609
354.59327 2.13507 0.181745 -0.327674 10.6041 0.00879561 0.032836964999999996
5.16378 2.11727 0.310132 -0.400263 10.6041 0.0142212 0.08807441999999999
16.16996 2.12941 0.306192 -0.391297 10.6041 0.191896 0.09842574
26.81082 2.12014 0.304319 -0.369944 10.6041 0.137717 0.11582445000000001
38.94555 2.13642 0.317343 -0.386297 10.6041 0.228133 0.16809135
54.88053 2.12039 0.3222 -0.390263 10.6041 0.142231 0.17614065
80.13273 2.12115 0.314297 -0.385075 10.6041 0.0901484 0.18626265
103.67041 2.12891 0.309073 -0.403161 10.6041 -0.0644228 0.1834812
130.95924 2.15515 0.305138 -0.414512 10.6041 0.208191 0.1608852
171.5344 2.16001 0.292964 -0.402247 10.6041 0.244062 0.1487052
204.12366 2.12498 0.292566 -0.406616 10.6041 -0.170063 0.22847265
239.46083 2.17141 0.312121 -0.424474 10.6041 -0.124451 0.2334255
275.40878 2.10749 0.305758 -0.401244 10.6041 -0.468984 0.26184165000000004
314.85864 2.12903 0.309404 -0.386562 10.6041 -0.186317 0.1678803
339.31592 2.10282 0.311436 -0.378667 10.6041 -0.10054 0.13347810000000002
353.38031 2.12395 0.310744 -0.3957 10.6041 -0.189301 0.07552923
22.30868 1.90464 0.153395 -0.542516 10.6041 0.143483 0.079694265
31.214 2.02515 0.143699 -0.588216 10.6041 0.110566 0.03076584
40.33967 2.04763 0.135965 -0.538687 10.6041 0.1231 0.03779055
50.40499 2.03644 0.132531 -0.505383 10.6041 0.0859768 0.17740275
71.92969 1.95362 0.145409 -0.655247 10.6041 0.427264 0.16202025
116.54019 2.04335 0.14432 -0.539325 10.6041 0.177214 0.15982259999999998
138.93596 2.02057 0.141928 -0.550797 10.6041 0.207195 0.11406150000000001
152.98202 1.99208 0.141125 -0.575914 10.6041 -0.00457868 0.15134175000000002
164.09683 2.00555 0.141012 -0.5641 10.6041 -0.18475 0.1299942
175.86768 2.01609 0.143304 -0.561246 10.6041 -0.147564 0.1385286
194.29916 2.03188 0.144965 -0.57331 10.6041 0.0110658 0.14587965
228.20623 2.03222 0.13998 -0.565424 10.6041 -0.203964 0.14973945000000002
254.87283 2.04893 0.142708 -0.584993 10.6041 -0.0967734 0.12653865
269.69811 2.00712 0.142518 -0.583406 10.6041 -0.319454 0.103136145
282.05853 1.96272 0.146932 -0.595338 10.6041 -0.0596594 0.1301937
299.04042 1.97493 0.142798 -0.554348 10.6041 -0.112832 0.1162812
316.38042 2.04042 0.134166 -0.522932 10.6041 -0.132639 0.06323478
325.98835 2.03196 0.140408 -0.576549 10.6041 -0.0767849 0.029954295
334.46583 1.94339 0.149076 -0.582381 10.6041 -0.103113 0.04716285
5.55349 2.08791 0.198816 -0.564696 10.6041 0.059445 0.039220124999999995
16.25052 2.0944 0.185465 -0.577719 10.6041 0.0985114 0.03698982
26.37651 2.18961 0.171516 -0.594023 10.6041 0.191503 0.043688505
36.16469 2.25168 0.175842 -0.596479 10.6041 0.23245 0.14646345
53.513 2.01852 0.20192 -0.677719 10.6041 0.22749 0.1230768
69.30268 2.09126 0.193227 -0.655321 10.6041 0.123447 0.14765205
96.38583 2.09257 0.207357 -0.595921 10.6041 0.320186 0.15020879999999998
113.51153 2.07841 0.203742 -0.556074 10.6041 0.0643789 0.16098495000000002
126.6019 2.0857 0.200598 -0.575978 10.6041 0.109687 0.14376599999999998
138.89757 2.10102 0.204392 -0.587808 10.6041 -0.279175 0.16367505
149.35692 2.10672 0.198595 -0.584641 10.6041 0.207381 0.1296393
160.56569 2.11842 0.193851 -0.589842 10.6041 0.00158126 0.11757165
170.90701 2.1085 0.192235 -0.576302 10.6041 0.0331428 0.12224204999999999
181.54168 2.09645 0.199043 -0.592861 10.6041 -0.181048 0.1414812
192.79743 2.06932 0.209719 -0.588555 10.6041 -0.0623833 0.14208495
205.08222 2.09284 0.206964 -0.587386 10.6041 0.0783984 0.13510455000000002
224.8676 2.08449 0.200419 -0.594557 10.6041 0.0585793 0.1641444
251.72442 2.12178 0.195837 -0.607546 10.6041 -0.235465 0.1692033
268.23248 2.07621 0.187664 -0.607812 10.6041 -0.194625 0.14794605
279.13358 2.15002 0.191033 -0.593546 10.6041 -0.191281 0.12482085
289.91435 2.11634 0.195457 -0.616368 10.6041 -0.333938 0.1245069
300.48542 2.08893 0.195412 -0.606979 10.6041 -0.208042 0.10457296499999999
311.63404 2.06711 0.210065 -0.620697 10.6041 -0.226149 0.10064155500000001
322.71619 2.17815 0.195135 -0.604314 10.6041 -0.194264 0.09738329999999999
333.71125 2.1719 0.173299 -0.600671 10.6041 -0.185429 0.04249686
343.19312 2.09309 0.184386 -0.589306 10.6041 -0.14927 0.03261678
354.44029 2.09459 0.200369 -0.579038 10.6041 -0.0479698 0.038340015
4.65377 2.11638 0.307372 -0.633335 10.6041 -0.0605118 0.11763675
25.11137 2.15523 0.326826 -0.653242 10.6041 0.283842 0.15175965
65.37162 2.05361 0.295985 -0.666258 10.6041 -0.153186 0.34231575
104.50922 2.12709 0.318653 -0.679882 10.6041 0.0196028 0.20460825000000002
131.10707 2.13738 0.314356 -0.667171 10.6041 0.208456 0.1485897
157.74731 2.15888 0.296117 -0.680442 10.6041 0.124085 0.15457680000000001
191.30602 2.18402 0.29589 -0.679808 10.6041 -0.0680932 0.16346400000000003
228.05611 2.07337 0.305502 -0.658568 10.6041 0.0129501 0.15804390000000001
259.7401 2.11371 0.326867 -0.714517 10.6041 -0.042007 0.322224
300.88306 2.08261 0.305048 -0.702729 10.6041 -0.0964805 0.3438666
331.57469 2.1175 0.319772 -0.722673 10.6041 0.153155 0.1667631
355.89503 2.11418 0.319397 -0.638724 10.6041 -0.045866 0.11023635
4.8519 1.98825 0.138469 -1.37848 10.6041 -0.0221817 0.0918792
16.9199 1.9861 0.140095 -1.18859 10.6041 -0.0728331 0.073389015
26.56198 2.02031 0.14145 -0.980153 10.6041 0.209309 0.057808065
39.39658 2.03832 0.14007 -1.03259 10.6041 0.102643 0.13574295
73.69784 2.02176 0.143831 -1.33042 10.6041 0.178857 0.18550139999999998
152.43943 1.98713 0.141234 -1.07235 10.6041 -0.100104 0.19595939999999998
261.84744 2.0491 0.142368 -1.12232 10.6041 0.437292 0.15841560000000002
291.26424 2.02094 0.146706 -1.20933 10.6041 -0.349416 0.2572164
326.69423 2.07718 0.13997 -1.01422 10.6041 -0.0847949 0.09412221
335.96755 2.01267 0.141562 -1.02208 10.6041 -0.126924 0.049851795000000004
349.55525 2.00665 0.140956 -1.34799 10.6041 -0.0495358 0.05834514
6.09816 2.08646 0.206434 -1.46869 10.6041 -0.124612 0.079150995
16.464 2.09921 0.199999 -1.15934 10.6041 -0.00173656 0.050408190000000005
25.43572 2.17698 0.180848 -1.10294 10.6041 0.139566 0.096638955
42.787 2.0761 0.207302 -1.19319 10.6041 0.0395782 0.1139796
57.88478 2.09668 0.203384 -1.16317 10.6041 0.227816 0.1185576
77.43868 2.06482 0.201774 -1.22815 10.6041 0.041555 0.18652515
152.30708 2.06842 0.211126 -1.21367 10.6041 0.267255 0.15741075
172.17153 2.07382 0.211144 -1.29695 10.6041 0.0428675 0.1671684
201.25716 2.10655 0.21771 -1.15978 10.6041 -0.0383115 0.1822926
241.1545 2.07598 0.208551 -1.32442 10.6041 -0.15886 0.22172324999999998
271.99567 2.09202 0.201074 -1.2555 10.6041 -0.185727 0.2068584
289.47146 2.101 0.196506 -1.06662 10.6041 -0.216975 0.1480941
307.05324 2.12191 0.208404 -1.18464 10.6041 -0.0531877 0.14162505
328.42113 2.16347 0.190743 -1.13604 10.6041 -0.18064 0.12683055
340.34266 2.12789 0.189343 -1.10704 10.6041 -0.0779646 0.04872168
350.99395 2.09151 0.209887 -1.33884 10.6041 0.0452827 0.056521814999999996
17.42972 2.13253 0.30601 -1.3341 10.6041 0.108246 0.1423485
48.63495 2.11888 0.289359 -1.14897 10.6041 0.424005 0.27050625
124.81943 2.19873 0.309512 -1.18551 10.6041 -0.178966 0.26566575
157.44307 2.13794 0.279809 -1.13833 10.6041 0.168611 0.2692536
237.95682 2.15178 0.295669 -1.31341 10.6041 0.31287 0.21418635
264.75291 2.17046 0.302615 -1.52544 10.6041 -0.322592 0.4142628
308.72055 2.15767 0.317572 -1.21556 10.6041 -0.291079 0.2333457
343.145 2.13074 0.298602 -1.21149 10.6041 -0.073852 0.11081490000000001
5.33178 2.73728 0.181162 -0.17333 10.6041 0.00642873 0.030958725
16.24152 2.73276 0.179714 -0.175554 10.6041 0.146139 0.03039939
26.63429 2.70667 0.176519 -0.179421 10.6041 0.0164214 0.035906955000000004
36.93595 2.68434 0.174057 -0.179905 10.6041 0.103438 0.058977555
47.41913 2.62095 0.171998 -0.173829 10.6041 0.169256 0.10808595
67.61704 2.56192 0.191952 -0.175984 10.6041 0.313265 0.11313224999999999
86.3201 2.6276 0.193913 -0.181976 10.6041 0.372816 0.104692665
100.51513 2.67229 0.191549 -0.188642 10.6041 -0.074079 0.13231785
117.56292 2.68548 0.187338 -0.186256 10.6041 0.398464 0.09691017
131.295 2.6618 0.188151 -0.192357 10.6041 0.0549948 0.1092861
142.0603 2.67057 0.187555 -0.188838 10.6041 0.0379981 0.12953325
155.07676 2.64436 0.18463 -0.197125 10.6041 0.0246008 0.1092504
170.5999 2.65946 0.185083 -0.198054 10.6041 0.252805 0.100321725
191.97352 2.68197 0.186247 -0.193446 10.6041 0.0709555 0.11274795
220.34123 2.65433 0.187521 -0.187201 10.6041 -0.137818 0.12532065
306.79713 2.60651 0.168898 -0.172825 10.6041 0.0133442 0.15120419999999998
319.15583 2.66915 0.171349 -0.180733 10.6041 -0.198793 0.07778757
329.63981 2.69421 0.175058 -0.183656 10.6041 -0.0903145 0.044825655000000006
340.17364 2.72978 0.178899 -0.17753 10.6041 -0.0630041 0.036072015
352.82225 2.73802 0.181241 -0.174067 10.6041 -0.0186581 0.02744742
5.45759 2.77461 0.26923 -0.21288 10.6041 0.0808242 0.06088257
16.34053 2.75666 0.266732 -0.210026 10.6041 0.0498451 0.05572245
26.85052 2.75534 0.266115 -0.214552 10.6041 0.245789 0.05059509
37.61222 2.76163 0.263189 -0.20917 10.6041 0.174913 0.062863815
48.25628 2.75518 0.26365 -0.211026 10.6041 0.24937 0.068970615
59.39395 2.78365 0.256635 -0.202371 10.6041 0.292916 0.08699124
70.12832 2.81951 0.249598 -0.204611 10.6041 0.452921 0.074876025
80.84148 2.81523 0.246572 -0.211478 10.6041 0.456999 0.104422815
91.70304 2.84718 0.245703 -0.215705 10.6041 0.415593 0.09317994
104.92404 2.86217 0.239403 -0.210445 10.6041 0.347293 0.10156608
128.46459 2.85945 0.238598 -0.221201 10.6041 0.111778 0.11693325
161.19079 2.8105 0.252152 -0.239814 10.6041 0.0277534 0.1174236
198.20787 2.8624 0.254263 -0.238505 10.6041 -0.0252911 0.13224645000000002
233.57369 2.7921 0.247323 -0.233075 10.6041 -0.102826 0.16567425000000002
270.37821 2.77011 0.251303 -0.214653 10.6041 -0.428299 0.101941245
294.25164 2.78667 0.267904 -0.214464 10.6041 -0.24965 0.12648405
310.67147 2.77766 0.271115 -0.20765 10.6041 -0.429358 0.10191866999999999
322.40908 2.76762 0.271359 -0.210423 10.6041 -0.25328 0.093142455
333.45399 2.79367 0.268908 -0.210193 10.6041 -0.154128 0.07540333499999999
343.91792 2.77567 0.268514 -0.214666 10.6041 -0.168025 0.06626728500000001
354.63796 2.78433 0.267567 -0.213681 10.6041 -0.124973 0.059928644999999996
5.4813 2.81292 0.384578 -0.313099 10.6041 -0.0361733 0.12767055
16.29503 2.80543 0.380267 -0.317424 10.6041 0.261019 0.12872055000000002
29.2688 2.86749 0.379079 -0.311141 10.6041 0.397282 0.10580745
43.89481 2.79208 0.373879 -0.309638 10.6041 0.386272 0.11755275
65.31662 2.82525 0.383034 -0.31851 10.6041 0.218277 0.1378146
96.81612 2.82644 0.391167 -0.321806 10.6041 0.224581 0.1408155
239.39208 2.91324 0.404629 -0.323214 10.6041 -0.302817 0.21359099999999998
276.82972 2.78727 0.395749 -0.322635 10.6041 0.10111 0.25127235
311.29828 2.81472 0.385286 -0.31466 10.6041 0.0860263 0.1983261
331.14841 2.82763 0.379828 -0.303285 10.6041 -0.308334 0.1355676
343.86922 2.80588 0.382089 -0.315185 10.6041 -0.250907 0.15983625
354.83219 2.84254 0.383625 -0.310153 10.6041 -0.0129932 0.1453284
5.42176 2.68765 0.19356 -0.314778 10.6041 0.0583874 0.033543195
16.44211 2.72495 0.190759 -0.313135 10.6041 0.0440803 0.032420745
27.17378 2.74313 0.185028 -0.32404 10.6041 0.13747 0.026719350000000003
36.97732 2.71867 0.177281 -0.324122 10.6041 0.141181 0.03802932
47.09541 2.66649 0.171236 -0.317711 10.6041 0.169704 0.08646351
76.4807 2.6413 0.191846 -0.302586 10.6041 0.147465 0.13463415
97.20859 2.69327 0.189596 -0.316342 10.6041 0.144965 0.11308395
111.91699 2.66339 0.188174 -0.318831 10.6041 0.161405 0.10517535
126.52627 2.68598 0.189362 -0.325707 10.6041 0.261222 0.09190167
138.50796 2.67872 0.185896 -0.314915 10.6041 0.0637989 0.10130683500000001
149.64684 2.68086 0.18697 -0.319701 10.6041 -0.0629752 0.10836630000000001
160.04258 2.69032 0.18727 -0.316743 10.6041 0.0628149 0.1122513
170.27962 2.66565 0.184819 -0.321343 10.6041 0.00280114 0.1350363
183.52125 2.69726 0.18759 -0.322204 10.6041 -0.026756 0.11370555
200.2562 2.6232 0.185323 -0.323898 10.6041 -0.109882 0.11670435
220.52458 2.66935 0.190168 -0.320315 10.6041 -0.212612 0.1293936
250.13561 2.66704 0.185957 -0.341584 10.6041 -0.0928852 0.135471
274.10645 2.64997 0.187828 -0.350462 10.6041 -0.356052 0.11199300000000001
307.75167 2.64142 0.173277 -0.312595 10.6041 -0.227424 0.10965255
319.59185 2.70404 0.175369 -0.324595 10.6041 -0.19299 0.043491105
329.41464 2.74198 0.182026 -0.324144 10.6041 -0.124836 0.02983848
339.90206 2.73156 0.189277 -0.319004 10.6041 -0.0489565 0.030572115
352.32034 2.68861 0.192673 -0.315664 10.6041 0.032278 0.030387
5.27254 2.94445 0.244281 -0.362211 10.6041 0.115349 0.048873299999999995
16.12126 2.92406 0.251725 -0.369976 10.6041 0.0736026 0.050876385
26.6442 2.8522 0.264831 -0.362876 10.6041 0.30672 0.061202715000000005
37.57291 2.81151 0.271478 -0.354912 10.6041 0.226392 0.08209907999999999
48.42278 2.78847 0.272271 -0.35918 10.6041 0.250551 0.09201485999999999
61.59927 2.78608 0.268107 -0.349245 10.6041 0.406645 0.09379986
73.94593 2.8402 0.253743 -0.345152 10.6041 0.340779 0.092437695
83.99218 2.80535 0.25459 -0.350174 10.6041 0.245541 0.11237835
95.2783 2.81611 0.251235 -0.357343 10.6041 0.236361 0.095635155
106.26419 2.84305 0.245512 -0.347843 10.6041 0.370924 0.1117977
118.24073 2.80524 0.248873 -0.353305 10.6041 0.337187 0.1196244
131.48006 2.82452 0.254672 -0.371145 10.6041 0.109135 0.1288875
142.31813 2.8402 0.244183 -0.353401 10.6041 0.269338 0.10815525
154.741 2.82839 0.245962 -0.370314 10.6041 0.253529 0.10767014999999999
169.38179 2.83655 0.246012 -0.366176 10.6041 0.0682678 0.11089995000000001
183.89424 2.84559 0.252005 -0.380546 10.6041 0.20417 0.11462535
198.36658 2.79202 0.254393 -0.385413 10.6041 0.126958 0.11655105
213.93843 2.82904 0.251657 -0.370584 10.6041 -0.0576792 0.12617535
233.84986 2.82452 0.255805 -0.361451 10.6041 -0.29913 0.13169835000000002
259.69026 2.87758 0.258988 -0.374907 10.6041 -0.414196 0.1238769
285.35132 2.86784 0.254216 -0.370232 10.6041 -0.349038 0.13235144999999998
301.96881 2.82067 0.259414 -0.373394 10.6041 -0.159716 0.12772725000000001
322.59529 2.89501 0.268882 -0.36791 10.6041 -0.125003 0.13460265
337.43662 2.93935 0.251829 -0.361283 10.6041 -0.21333 0.09124090500000001
351.47867 2.93081 0.248336 -0.365864 10.6041 -0.0581009 0.038596845
4.97058 2.85933 0.373342 -0.460286 10.6041 0.196656 0.12924975
16.34849 2.82686 0.382685 -0.482441 10.6041 0.103918 0.13851705
29.0705 2.80303 0.375674 -0.459994 10.6041 0.174353 0.13013385
40.8029 2.86824 0.380764 -0.452738 10.6041 0.021188 0.15724485
56.8471 2.84124 0.37565 -0.46626 10.6041 0.107314 0.1809885
85.74084 2.80557 0.384365 -0.486404 10.6041 0.347264 0.16307865000000002
119.88626 2.91059 0.400532 -0.511006 10.6041 -0.0191113 0.1690458
153.94574 2.95765 0.393929 -0.515398 10.6041 0.604206 0.1146789
230.39836 2.78716 0.388439 -0.495315 10.6041 0.01462 0.193662
269.87802 2.80251 0.398171 -0.510627 10.6041 -0.608561 0.32394285
305.36817 2.81155 0.386121 -0.471921 10.6041 -0.507178 0.26496644999999996
330.65165 2.85991 0.386873 -0.475683 10.6041 -0.208043 0.1357461
344.24909 2.82105 0.38491 -0.471882 10.6041 -0.0911272 0.12031845
354.76916 2.81114 0.385662 -0.492988 10.6041 0.0323606 0.11385885000000001
8.25472 2.5434 0.202653 -0.492541 10.6041 0.0251759 0.082073985
20.64682 2.61956 0.1968 -0.56083 10.6041 0.0784711 0.052697295
31.01873 2.71861 0.185303 -0.600173 10.6041 0.133648 0.03207645
39.91115 2.71554 0.176928 -0.564599 10.6041 0.107609 0.05784345
56.49673 2.67001 0.180621 -0.603379 10.6041 0.412484 0.17581935
103.7724 2.74153 0.190032 -0.57725 10.6041 0.0957481 0.15517845
129.74228 2.72765 0.189437 -0.591481 10.6041 0.0806587 0.11156775000000001
147.97323 2.67656 0.189272 -0.575588 10.6041 0.117655 0.12890535
161.64343 2.67633 0.189005 -0.579274 10.6041 -0.00831978 0.1253406
177.39174 2.68586 0.187442 -0.586829 10.6041 -0.0198615 0.1383858
203.08145 2.66942 0.1905 -0.566777 10.6041 -0.0432112 0.14386995
246.07048 2.68932 0.184111 -0.583323 10.6041 -0.238416 0.11521964999999999
267.08542 2.68656 0.186329 -0.596926 10.6041 -0.145521 0.1054536
280.92808 2.66756 0.190192 -0.604086 10.6041 -0.249366 0.1158402
308.4587 2.65429 0.182126 -0.571964 10.6041 -0.0736565 0.11438699999999999
323.29602 2.72148 0.179499 -0.572843 10.6041 -0.155127 0.042523005
332.21411 2.70482 0.190381 -0.591326 10.6041 -0.156104 0.033574274999999994
342.74106 2.59472 0.199591 -0.537209 10.6041 -0.155465 0.05835837
353.96932 2.52705 0.203113 -0.49531 10.6041 -0.333651 0.103292385
5.37238 2.81153 0.240173 -0.619397 10.6041 0.0792092 0.04132527
16.16744 2.8929 0.235104 -0.625413 10.6041 0.0764758 0.04817694
26.0764 2.99682 0.230903 -0.622663 10.6041 0.14198 0.064374345
46.01711 2.87347 0.264926 -0.611622 10.6041 0.17364 0.14698845
79.97459 2.82407 0.261212 -0.625073 10.6041 0.350738 0.146811
102.22083 2.79973 0.262393 -0.597333 10.6041 0.255801 0.14044484999999998
117.88091 2.80149 0.259189 -0.628247 10.6041 -0.0571804 0.1561833
135.60765 2.81388 0.26475 -0.641607 10.6041 0.324094 0.12755819999999998
149.04809 2.79021 0.264682 -0.609886 10.6041 0.0155559 0.14804895
160.39495 2.80933 0.269733 -0.648664 10.6041 -0.0129524 0.15914745000000002
172.4815 2.77363 0.255403 -0.667762 10.6041 0.136396 0.13146735
187.28042 2.7629 0.262756 -0.611344 10.6041 -0.165102 0.11935559999999999
201.33622 2.76131 0.264672 -0.635275 10.6041 0.163303 0.1417857
217.60708 2.80536 0.257378 -0.639704 10.6041 0.215648 0.14108535
242.07238 2.7916 0.260282 -0.632082 10.6041 -0.305416 0.1469559
267.97064 2.86196 0.249182 -0.642802 10.6041 -0.275136 0.14295644999999998
286.08986 2.83444 0.24828 -0.652312 10.6041 -0.458816 0.12042975
300.78222 2.80047 0.248634 -0.638457 10.6041 -0.340309 0.1101492
311.28912 2.75549 0.25714 -0.660044 10.6041 -0.21507 0.1074612
324.9788 2.94699 0.242502 -0.653695 10.6041 -0.35309 0.1294419
337.18051 2.97211 0.225221 -0.65152 10.6041 -0.0796444 0.059983665
350.93378 2.83714 0.236214 -0.620906 10.6041 -0.0603141 0.032251275
5.08255 2.80337 0.381658 -0.735245 10.6041 0.177031 0.12059985000000001
21.17492 2.91466 0.384279 -0.727344 10.6041 0.105824 0.14511735
48.25817 2.87823 0.386225 -0.730371 10.6041 0.504912 0.23651775000000003
87.76568 2.81224 0.401559 -0.746805 10.6041 -0.176651 0.28661955
115.7094 2.82126 0.388486 -0.76089 10.6041 -0.181869 0.18893385000000001
146.00569 2.80848 0.375555 -0.764838 10.6041 -0.00967043 0.2014005
184.13546 2.90744 0.372653 -0.743894 10.6041 -0.43267 0.2356725
217.06907 2.75701 0.366234 -0.741594 10.6041 -0.221404 0.24328604999999998
254.72214 2.77741 0.391516 -0.746224 10.6041 -0.0850938 0.21018165
294.06944 2.8109 0.385929 -0.780089 10.6041 -0.221054 0.24701355
332.09952 2.85491 0.392085 -0.716768 10.6041 -0.0936543 0.1848126
353.08123 2.85935 0.378622 -0.724855 10.6041 -0.0694834 0.1295658
10.83245 2.6742 0.183195 -1.66981 10.6041 0.0692929 0.09361359
24.23812 2.67392 0.188704 -1.11419 10.6041 0.0545483 0.06093423
32.8259 2.76638 0.184629 -1.01254 10.6041 0.204003 0.08932035
63.86302 2.61927 0.183988 -1.15017 10.6041 0.201962 0.185724
164.93564 2.7317 0.190573 -1.45101 10.6041 -0.0302977 0.22873515
274.97219 2.67325 0.187734 -0.976462 10.6041 -0.0656326 0.1483797
317.52633 2.75926 0.186312 -1.15285 10.6041 -0.146145 0.1488984
333.48092 2.71044 0.186268 -1.06344 10.6041 0.0301089 0.056985285
342.22655 2.63671 0.188331 -1.52602 10.6041 0.168602 0.08492757
353.93322 2.68636 0.184326 -1.8222 10.6041 -0.0847305 0.12135164999999999
5.3111 2.7769 0.273907 -1.38495 10.6041 -0.145514 0.102304965
16.29194 2.81489 0.249717 -1.25355 10.6041 0.0833711 0.058896075000000006
25.71595 2.98037 0.229752 -1.12569 10.6041 0.169593 0.10473162
45.97362 2.79206 0.258293 -1.31382 10.6041 0.272393 0.121401
72.47229 2.76979 0.259385 -1.51496 10.6041 0.118556 0.15919365
108.89922 2.79701 0.259231 -1.33112 10.6041 0.0431 0.31357514999999997
141.33436 2.84216 0.272645 -1.3499 10.6041 0.231928 0.14455874999999999
163.70321 2.81186 0.274856 -1.30452 10.6041 -0.0295583 0.1540665
185.37018 2.80967 0.265515 -1.25191 10.6041 0.0267461 0.16790655
214.61567 2.78849 0.268441 -1.33347 10.6041 0.0870715 0.19194524999999998
252.40051 2.72034 0.271383 -1.63038 10.6041 0.0185462 0.18485564999999998
280.14141 2.90407 0.255774 -1.32821 10.6041 0.0961363 0.1734117
303.87447 2.77978 0.26102 -1.189 10.6041 -0.228615 0.14926695
322.29334 2.79853 0.264189 -1.404 10.6041 -0.104514 0.13029555
337.82508 2.90526 0.236066 -1.17522 10.6041 -0.125472 0.07508612999999999
348.76514 2.79955 0.264777 -1.3142 10.6041 -0.0531918 0.046859925000000004
13.8363 2.87581 0.38636 -1.59136 10.6041 -0.100172 0.17343899999999998
122.70579 2.90514 0.385435 -1.34145 10.6041 0.171526 0.26871809999999996
236.34165 2.86465 0.37566 -1.3552 10.6041 0.0126767 0.31950870000000003
310.39759 2.8826 0.394314 -1.37344 10.6041 -0.325731 0.2934477
339.03231 2.81043 0.378146 -1.47188 10.6041 -0.208727 0.15794415
5.27777 3.59454 0.245952 -0.218784 10.6041 0.0511268 0.05959338
15.92909 3.59232 0.250572 -0.220492 10.6041 0.1181 0.069865215
26.57648 3.55439 0.257913 -0.22286 10.6041 -0.0987349 0.08789056499999999
37.2379 3.61191 0.276278 -0.230707 10.6041 -0.0192093 0.12507705
48.33208 3.65321 0.288552 -0.235562 10.6041 0.364558 0.101708565
59.34869 3.60922 0.2811 -0.236788 10.6041 -0.0724256 0.13154925
70.29676 3.73132 0.28086 -0.244955 10.6041 0.383826 0.10375827
81.01509 3.72354 0.272365 -0.235979 10.6041 0.0906635 0.13102529999999998
94.43834 3.61621 0.261615 -0.232633 10.6041 0.363537 0.09808942500000001
118.72545 3.65412 0.256283 -0.239369 10.6041 0.353897 0.086441985
154.83783 3.70692 0.265014 -0.242554 10.6041 -0.0976375 0.1140573
187.7978 3.79085 0.272912 -0.250534 10.6041 0.0210035 0.13342245
223.98066 3.80553 0.283992 -0.253241 10.6041 -0.0340068 0.14318745
263.94504 3.73343 0.274831 -0.246456 10.6041 -0.193045 0.17288565
301.64796 3.6626 0.294325 -0.243591 10.6041 -0.361004 0.1388121
323.06626 3.53478 0.269155 -0.224856 10.6041 -0.186677 0.13490505000000003
333.35429 3.59233 0.256319 -0.225093 10.6041 -0.158087 0.1062621
344.07834 3.58338 0.251923 -0.219306 10.6041 -0.10079 0.06774200999999999
354.70728 3.60944 0.247949 -0.218566 10.6041 0.00285165 0.060039525
5.62245 4.03984 0.403687 -0.339799 10.6041 0.0470818 0.10546934999999999
16.28953 4.12049 0.408594 -0.351181 10.6041 0.251311 0.09786294000000001
27.03771 3.9869 0.409415 -0.351376 10.6041 0.322697 0.09887409
37.63141 3.97994 0.396169 -0.335099 10.6041 0.321751 0.13183065
48.64463 4.13633 0.396451 -0.335051 10.6041 0.250937 0.1462398
60.5095 4.11735 0.413267 -0.352689 10.6041 0.341578 0.11942280000000001
77.43066 4.05327 0.414491 -0.354331 10.6041 0.239653 0.11160765
95.23361 4.03989 0.410003 -0.343084 10.6041 -0.161205 0.1956633
119.08126 4.11293 0.413031 -0.356158 10.6041 0.141065 0.1323126
149.64053 4.08885 0.416409 -0.361159 10.6041 0.101678 0.15551969999999998
191.26191 4.13981 0.391981 -0.341754 10.6041 0.111447 0.14294910000000002
230.20757 4.18476 0.429622 -0.374345 10.6041 -0.371198 0.21894495
264.96319 4.1293 0.4391 -0.38912 10.6041 0.0557152 0.13188629999999998
285.56904 4.16894 0.431212 -0.378231 10.6041 -0.32379 0.14190645
304.93845 4.06827 0.415412 -0.353863 10.6041 -0.0766788 0.14162715
320.8535 4.06593 0.420983 -0.357535 10.6041 -0.0782862 0.1512336
333.2271 3.99981 0.401046 -0.33616 10.6041 -0.167092 0.13670580000000002
343.80504 3.99239 0.39286 -0.334421 10.6041 -0.204259 0.13228215000000001
354.38929 4.02114 0.393529 -0.334588 10.6041 -0.0364136 0.09386706
5.47135 3.83353 0.257263 -0.367132 10.6041 0.00693138 0.034170465
16.09438 3.76305 0.252209 -0.364953 10.6041 0.087272 0.03571302
26.42321 3.66942 0.24679 -0.362193 10.6041 0.170162 0.04131708
37.04642 3.58717 0.252162 -0.369196 10.6041 0.26366 0.076413225
47.98934 3.67632 0.287791 -0.377406 10.6041 0.28674 0.11292645000000001
64.44114 3.82094 0.28776 -0.372521 10.6041 0.47386 0.0775593
77.57562 3.81039 0.283625 -0.376041 10.6041 0.45042 0.10187341500000001
88.20284 3.71794 0.273514 -0.3676 10.6041 0.345713 0.09386517
98.89137 3.79996 0.270596 -0.377145 10.6041 0.29542 0.09695153999999999
111.17387 3.72272 0.263612 -0.372177 10.6041 0.275971 0.101326995
127.76214 3.74234 0.269651 -0.375504 10.6041 0.372968 0.0911967
144.0307 3.70642 0.269671 -0.394797 10.6041 0.337962 0.09373182
161.94022 3.76325 0.26774 -0.377462 10.6041 0.190433 0.11305245
181.62877 3.76312 0.273294 -0.392843 10.6041 0.0174803 0.10476795000000001
203.4046 3.69682 0.272455 -0.380097 10.6041 -0.133777 0.12375615
232.5819 3.76007 0.27695 -0.38217 10.6041 -0.16055 0.1163085
255.67497 3.68516 0.260791 -0.382781 10.6041 -0.246107 0.11596095
277.50466 3.78576 0.2758 -0.384913 10.6041 -0.00921451 0.14162505
297.79653 3.81826 0.28655 -0.408254 10.6041 -0.179358 0.11941439999999999
319.69555 3.58462 0.236877 -0.368889 10.6041 -0.194413 0.12481245
330.05348 3.67002 0.240151 -0.369486 10.6041 -0.11886 0.05209134
340.36959 3.72571 0.24711 -0.364439 10.6041 -0.0609675 0.03962994
352.81652 3.81845 0.257338 -0.367768 10.6041 -0.0363415 0.0307503
5.20478 3.94979 0.397752 -0.504114 10.6041 0.0409622 0.093507645
16.50617 3.98935 0.396308 -0.501315 10.6041 0.0499413 0.0912093
26.85923 4.04751 0.394819 -0.499357 10.6041 0.166798 0.093573165
37.54123 4.08778 0.393006 -0.499687 10.6041 0.200614 0.102269265
48.35649 4.04592 0.388934 -0.481603 10.6041 0.2559 0.11076555
61.29216 4.04401 0.400564 -0.50986 10.6041 0.213033 0.11838855000000001
75.2603 4.09941 0.42287 -0.529595 10.6041 0.13666 0.152649
91.14154 4.11193 0.410907 -0.520022 10.6041 0.0778052 0.17976209999999998
118.36391 4.06938 0.410838 -0.532219 10.6041 0.475538 0.13049925
153.58821 4.02596 0.379924 -0.504526 10.6041 -0.137962 0.1882482
193.44144 4.05173 0.381302 -0.494095 10.6041 0.06605 0.13032915
227.4843 4.11021 0.412862 -0.539906 10.6041 -0.192334 0.1716393
261.66581 4.13786 0.407378 -0.525217 10.6041 -0.264531 0.15493695
290.68498 4.11689 0.396058 -0.496055 10.6041 -0.259074 0.15358875
314.79562 4.00842 0.411225 -0.519297 10.6041 -0.198411 0.13180125
331.63542 4.07976 0.402362 -0.505882 10.6041 -0.317473 0.11099129999999999
343.95516 3.97587 0.398688 -0.505082 10.6041 -0.101644 0.08902120499999999
354.67692 3.99675 0.395907 -0.494432 10.6041 0.0899351 0.08269484999999999
5.55459 3.95234 0.282663 -0.632003 10.6041 0.0787965 0.041164305
16.46171 3.94007 0.273747 -0.639229 10.6041 0.0302982 0.040292385
26.87671 3.87067 0.257403 -0.634519 10.6041 0.0761432 0.03785082
36.19798 3.68389 0.241742 -0.621864 10.6041 0.178237 0.0699699
63.63327 3.73921 0.283559 -0.614114 10.6041 0.171662 0.1187718
91.1255 3.88028 0.280104 -0.618029 10.6041 0.173902 0.1160082
109.56156 3.80079 0.270093 -0.636799 10.6041 -0.0302342 0.13964055
131.8989 3.76247 0.275991 -0.630288 10.6041 0.342648 0.109389
151.12564 3.78063 0.283229 -0.646676 10.6041 0.113748 0.12088544999999999
165.03763 3.69353 0.273253 -0.668824 10.6041 -0.023495 0.12446385
183.57453 3.71966 0.281247 -0.650101 10.6041 -0.00157981 0.13204485000000002
205.78008 3.70393 0.283634 -0.650263 10.6041 0.145221 0.13626375
239.12795 3.70146 0.270109 -0.649205 10.6041 -0.126623 0.12917205
261.45554 3.79775 0.267569 -0.651344 10.6041 -0.222095 0.109116
275.74969 3.79567 0.263135 -0.640514 10.6041 0.0560238 0.1310001
287.83394 3.72755 0.271869 -0.672219 10.6041 -0.150521 0.12497730000000001
304.85365 3.77829 0.289723 -0.661014 10.6041 -0.297347 0.1062138
323.56474 3.72505 0.24494 -0.632044 10.6041 -0.136018 0.07979517
333.13542 3.85497 0.25641 -0.641817 10.6041 -0.153913 0.036232665
343.52945 3.96633 0.275325 -0.641071 10.6041 -0.150506 0.037429665
354.28788 3.97366 0.283567 -0.62997 10.6041 -0.0328286 0.04138617
4.82772 4.16946 0.414689 -0.796503 10.6041 0.144509 0.09676023
15.87248 4.04943 0.400755 -0.767034 10.6041 0.261773 0.113127
27.33513 4.06625 0.409173 -0.749145 10.6041 0.189717 0.1161048
37.585 4.15474 0.407461 -0.727776 10.6041 0.101756 0.14085855
51.62533 3.97766 0.41032 -0.738807 10.6041 0.140582 0.16006304999999998
73.35922 4.21701 0.407408 -0.773351 10.6041 0.300633 0.14546699999999999
96.65053 4.10894 0.427885 -0.806388 10.6041 0.342338 0.15114119999999998
115.28999 3.9975 0.427219 -0.831048 10.6041 -0.00876079 0.18847605
131.79232 3.99827 0.407538 -0.807665 10.6041 -0.075202 0.17618475
150.36991 4.08642 0.404713 -0.794351 10.6041 0.247526 0.11818485000000001
180.21299 4.03207 0.389276 -0.774683 10.6041 -0.257792 0.14615265000000002
207.96878 4.07035 0.390382 -0.799677 10.6041 -0.124568 0.17340224999999998
233.60578 4.09052 0.418698 -0.846566 10.6041 -0.0427096 0.1736868
261.8675 4.15803 0.419588 -0.809454 10.6041 -0.285722 0.1887606
300.77935 4.24921 0.37293 -0.753563 10.6041 -0.30796 0.1772337
331.68813 4.03237 0.411358 -0.775158 10.6041 -0.138556 0.13608735
352.5352 4.20181 0.399153 -0.764461 10.6041 0.118355 0.08145921
5.46676 3.74732 0.291523 -1.6362 10.6041 0.005892 0.097225275
17.0809 3.79482 0.286173 -1.35068 10.6041 0.00628953 0.064633065
26.53138 3.88083 0.264564 -1.22369 10.6041 0.0595455 0.052960425
40.37359 3.75046 0.264665 -1.27368 10.6041 0.149593 0.1167096
72.13539 3.7918 0.276859 -1.54837 10.6041 0.108571 0.12453735
109.56443 3.87291 0.28513 -1.86819 10.6041 0.544523 0.25036095
149.18102 3.86877 0.283777 -1.45902 10.6041 -0.155542 0.1736826
176.80561 3.81169 0.288916 -1.29807 10.6041 -0.348308 0.14483175
214.84027 3.90887 0.290646 -1.38702 10.6041 -0.409167 0.20483295
255.14498 3.83076 0.275961 -1.43161 10.6041 0.0493021 0.1546902
286.25086 3.78558 0.27628 -1.19148 10.6041 -0.215604 0.15857205
317.41633 3.83118 0.277786 -1.31489 10.6041 -0.247324 0.13219185
333.78802 3.94152 0.268516 -1.1711 10.6041 -0.0865828 0.055099695
342.61157 3.81528 0.287829 -1.40886 10.6041 -0.0885532 0.057834945
354.15725 3.7017 0.293177 -1.54782 10.6041 -0.0635241 0.08700972000000001
5.40719 4.20911 0.393126 -1.59886 10.6041 0.19314 0.09302328
19.40774 4.31462 0.377039 -1.70835 10.6041 0.252487 0.12770625
55.7131 4.0537 0.393757 -2.14793 10.6041 -0.301709 0.21512295
90.63677 4.1467 0.43676 -1.7991 10.6041 0.0253612 0.27000015
118.79478 4.14696 0.426665 -1.79023 10.6041 0.00452792 0.20157585
143.74995 3.98895 0.398245 -1.51478 10.6041 0.273953 0.14080499999999999
175.8969 4.0663 0.373545 -1.3609 10.6041 0.174142 0.14299425
209.25851 4.18811 0.403047 -1.44221 10.6041 -0.0537419 0.1963101
249.49504 4.07131 0.427946 -1.72938 10.6041 -0.298676 0.211554
281.93305 4.08602 0.41943 -2.02032 10.6041 0.0188647 0.223734
312.4591 4.15063 0.402418 -1.77711 10.6041 -0.28118 0.1621263
336.8035 4.30297 0.388276 -1.75965 10.6041 -0.0955593 0.100210635
353.10014 4.28656 0.393284 -1.697 10.6041 -0.0931545 0.090630435
8.6025 5.98186 0.463134 -0.436902 10.6041 0.102381 0.1276842
25.03757 6.00086 0.467317 -0.438873 10.6041 -0.0188744 0.16296525
43.86903 5.83519 0.447679 -0.405148 10.6041 0.216617 0.11845154999999999
64.31451 5.77463 0.437751 -0.388926 10.6041 0.21921 0.10260022499999999
91.99754 5.96274 0.451677 -0.413361 10.6041 0.360033 0.08989501500000001
128.299 6.05247 0.456161 -0.416813 10.6041 0.152528 0.16607535
237.71732 5.89103 0.447724 -0.413679 10.6041 -0.0803973 0.1850394
274.6244 5.92811 0.454031 -0.403674 10.6041 -0.458683 0.182427
307.1833 6.06687 0.471607 -0.454703 10.6041 -0.152424 0.11068995
345.12915 5.91282 0.451834 -0.406817 10.6041 -0.0109414 0.09377718
7.44759 5.60991 0.407591 -0.537989 10.6041 0.107154 0.1248618
23.97009 5.77978 0.446747 -0.590902 10.6041 0.0850094 0.11717895
46.72459 5.73156 0.446074 -0.578683 10.6041 0.231968 0.11143965
75.22879 5.83945 0.439927 -0.571031 10.6041 0.386031 0.09122778000000001
107.4737 5.78547 0.440572 -0.580561 10.6041 0.457585 0.13176765
217.48275 5.96252 0.425719 -0.56425 10.6041 -0.262862 0.1962723
254.26377 5.84531 0.426945 -0.562609 10.6041 -0.224471 0.17070375
288.09063 5.86309 0.446343 -0.592 10.6041 -0.302929 0.21348810000000001
325.50076 5.84381 0.45962 -0.603946 10.6041 -0.222589 0.1255758
350.19066 5.55721 0.411136 -0.54758 10.6041 0.00435166 0.10667265000000001
5.24824 5.58591 0.383518 -0.768816 10.6041 0.00696017 0.094667475
16.14526 5.53082 0.380277 -0.770629 10.6041 0.179663 0.10014962999999999
30.05393 5.68447 0.417488 -0.813947 10.6041 0.208626 0.1286397
62.17738 6.04242 0.449757 -0.836458 10.6041 0.240605 0.13378365
96.93586 5.97044 0.441947 -0.825188 10.6041 0.320318 0.12344115
130.35134 5.68685 0.417885 -0.850154 10.6041 -0.0554102 0.18499005000000002
167.16731 5.61928 0.415625 -0.810759 10.6041 -0.0350744 0.20651085
202.62481 5.90489 0.42863 -0.826349 10.6041 -0.119202 0.20534955
243.18105 5.94951 0.446608 -0.870683 10.6041 -0.567327 0.22671705
279.12728 5.89087 0.438287 -0.858338 10.6041 -0.302393 0.1842582
312.64416 5.66428 0.421967 -0.832813 10.6041 -0.0755033 0.132846
340.04472 5.46025 0.368057 -0.777653 10.6041 -0.00326229 0.11286555000000001
353.19525 5.51354 0.38889 -0.792361 10.6041 -0.166671 0.0813099
5.19162 5.92543 0.426687 -1.71004 10.6041 -0.114737 0.1321299
16.67456 5.95086 0.422386 -1.93187 10.6041 0.181528 0.07953603
30.68349 5.70193 0.406162 -1.87753 10.6041 0.287659 0.10454094000000001
71.9973 5.91085 0.455968 -2.06553 10.6041 0.187699 0.1420356
110.31042 5.95884 0.459958 -1.89823 10.6041 0.192555 0.2290491
142.86588 5.91615 0.469659 -1.65707 10.6041 0.0443024 0.2693061
181.45401 5.59063 0.435104 -1.62081 10.6041 0.469828 0.20108445000000003
217.34581 6.02032 0.437568 -1.38531 10.6041 -0.605469 0.347907
253.58424 5.93008 0.436502 -1.97401 10.6041 -0.19344 0.2095128
285.33298 6.00517 0.460761 -1.98649 10.6041 -0.207982 0.1717842
319.71847 5.91501 0.436069 -2.10958 10.6041 0.212485 0.12843179999999998
340.03498 5.82936 0.400098 -1.68036 10.6041 -0.234214 0.08753997
352.20461 5.81549 0.422162 -1.93471 10.6041 0.0970322 0.10735725
15.73233 7.40479 0.615449 -2.61065 10.6041 0.242551 0.17070164999999998
53.82492 6.98888 0.603464 -2.38356 10.6041 0.237649 0.23282805
273.29342 7.14306 0.626857 -2.75507 10.6041 0.355816 0.29207325
307.7809 6.87046 0.612411 -2.80396 10.6041 -0.179979 0.21069615
346.4206 7.43609 0.618028 -3.11817 10.6041 0.133889 0.1622754
17.28516 1.36679 0.10852 -0.139944 10.1998 0.129798 0.0594699
36.52451 1.3595 0.0997291 -0.149211 10.1998 -0.0121261 0.083625465
48.69213 1.34826 0.0933342 -0.15243 10.1998 -0.0650657 0.084847665
62.82941 1.34015 0.0909908 -0.149641 10.1998 0.504813 0.06911478
298.70754 1.34713 0.0914016 -0.144653 10.1998 -0.159961 0.089683965
311.61914 1.34466 0.0929709 -0.159054 10.1998 -0.124905 0.078037785
324.61898 1.35722 0.0998266 -0.149438 10.1998 -0.130172 0.078551235
344.7298 1.36916 0.110002 -0.150133 10.1998 0.119229 0.090740265
28.58103 1.36689 0.110013 -0.280132 10.1998 -0.02502 0.1141896
43.39651 1.35229 0.0953973 -0.294454 10.1998 0.196018 0.06028449
55.74089 1.34312 0.0922372 -0.259531 10.1998 0.328134 0.09394413
310.7895 1.35134 0.0928713 -0.279477 10.1998 -0.167878 0.08225080500000001
323.73605 1.36259 0.10228 -0.294731 10.1998 -0.248583 0.07934996999999999
5.64948 1.58525 0.12147 -0.135744 10.1998 -0.0606458 0.045964485
16.5276 1.59433 0.120994 -0.145201 10.1998 0.0630693 0.04210647
27.46152 1.60421 0.117918 -0.148405 10.1998 0.180689 0.031412325
37.65507 1.60027 0.11335 -0.152217 10.1998 0.115477 0.033262635
47.82576 1.59781 0.109986 -0.155441 10.1998 0.141207 0.041370315
58.39471 1.58925 0.107431 -0.154559 10.1998 0.0899433 0.09508820999999999
127.17429 1.58949 0.118214 -0.160352 10.1998 0.210126 0.083423445
145.29236 1.56715 0.117058 -0.161098 10.1998 -0.0998786 0.104727105
164.35294 1.58538 0.116366 -0.170438 10.1998 0.254379 0.07041531000000001
187.51362 1.57245 0.117677 -0.168185 10.1998 0.036488 0.12048750000000001
297.83779 1.56863 0.105699 -0.155284 10.1998 -0.20039 0.12161835
308.43464 1.58655 0.108377 -0.157575 10.1998 -0.122991 0.051616425
318.58115 1.60607 0.11211 -0.157372 10.1998 -0.160578 0.034248165000000004
329.16483 1.60655 0.116755 -0.153126 10.1998 -0.240773 0.036667679999999994
339.78173 1.59441 0.120068 -0.150085 10.1998 -0.0701983 0.05558259
352.19372 1.58344 0.121541 -0.142421 10.1998 -0.0620141 0.043571955
5.58413 1.68868 0.145422 -0.170424 10.1998 0.0732246 0.06043485
15.95172 1.68968 0.149063 -0.169978 10.1998 0.0725181 0.063708435
25.71813 1.72378 0.151091 -0.171763 10.1998 -0.135158 0.1263549
41.46335 1.71716 0.166442 -0.160086 10.1998 0.308131 0.12616485
90.68547 1.69089 0.174341 -0.162903 10.1998 0.277034 0.08725017
120.77721 1.68247 0.158769 -0.17683 10.1998 0.386755 0.065327325
145.39778 1.67679 0.152785 -0.173971 10.1998 0.144717 0.08601579
164.44003 1.6764 0.151942 -0.177809 10.1998 -0.0623008 0.1087548
194.18055 1.65257 0.152236 -0.177797 10.1998 -0.000776718 0.09301341
330.90834 1.74714 0.135179 -0.173618 10.1998 -0.132423 0.13518645
343.95115 1.71079 0.138698 -0.178743 10.1998 -0.20428 0.09577018500000001
354.70614 1.7035 0.141328 -0.170046 10.1998 0.0735508 0.06975202500000001
13.02322 1.70299 0.244465 -0.191201 10.1998 0.279535 0.07004697
40.10235 1.71575 0.2598 -0.197617 10.1998 0.261341 0.09336683999999999
79.24923 1.7192 0.248131 -0.196998 10.1998 0.620482 0.09246289499999999
334.62282 1.69874 0.265029 -0.187994 10.1998 -0.134158 0.11702775
354.38299 1.70983 0.241687 -0.210462 10.1998 -0.0391029 0.15907605
15.82693 1.50743 0.12524 -0.246792 10.1998 0.0553934 0.083752725
28.27037 1.57966 0.122736 -0.283912 10.1998 0.144641 0.043761375
38.0295 1.60703 0.11558 -0.302211 10.1998 0.178948 0.028188825
47.36785 1.59598 0.10988 -0.289109 10.1998 0.0881947 0.047596605
57.7742 1.59433 0.107752 -0.267865 10.1998 0.130596 0.1109451
138.65808 1.59859 0.116994 -0.28677 10.1998 0.156402 0.084403305
153.16193 1.59449 0.115194 -0.293486 10.1998 0.142621 0.09964584
164.8921 1.56785 0.112573 -0.294486 10.1998 0.109925 0.093315495
183.13164 1.57672 0.116799 -0.293796 10.1998 0.0251794 0.11202659999999999
301.28814 1.56492 0.105853 -0.267014 10.1998 -0.233708 0.12662684999999999
312.47113 1.59457 0.110239 -0.28483 10.1998 -0.10565 0.04485369
321.88654 1.6024 0.115551 -0.298455 10.1998 -0.128623 0.030782745
331.85429 1.57986 0.122996 -0.285341 10.1998 -0.100567 0.050349285
345.02086 1.50106 0.125349 -0.248112 10.1998 -0.258086 0.083770365
5.3285 1.65721 0.14944 -0.293006 10.1998 -0.0683897 0.053598825
16.22233 1.66341 0.1439 -0.301617 10.1998 -0.0164725 0.050242289999999995
26.50371 1.70324 0.137317 -0.307864 10.1998 0.257012 0.05068119
36.18068 1.73609 0.133437 -0.311715 10.1998 0.655418 0.086451435
126.12806 1.68269 0.16313 -0.301632 10.1998 0.135683 0.10258342499999999
147.47819 1.66944 0.15569 -0.305962 10.1998 -0.0876587 0.12088020000000001
162.20951 1.67814 0.159315 -0.308194 10.1998 0.0396971 0.11726925
175.74907 1.65894 0.151102 -0.313034 10.1998 -0.072587 0.11189745
197.57476 1.65961 0.157458 -0.301661 10.1998 -0.336625 0.10771845
327.32907 1.72468 0.135031 -0.31393 10.1998 -0.327082 0.17157105
336.6912 1.68377 0.139089 -0.314633 10.1998 -0.0402555 0.04651626
350.53386 1.65979 0.146652 -0.298283 10.1998 -0.0280145 0.03324489
25.88474 1.55912 0.117951 -0.661248 10.1998 0.163241 0.07042938
34.43419 1.59796 0.115169 -0.552733 10.1998 0.142182 0.034934235
43.68918 1.61244 0.111666 -0.507494 10.1998 0.172023 0.08249808
145.76734 1.62419 0.11677 -0.545116 10.1998 0.374767 0.097982745
171.91541 1.54416 0.113766 -0.558952 10.1998 -0.137749 0.10863825
254.19731 1.57342 0.111388 -0.572104 10.1998 0.2065 0.11390505
274.05832 1.55534 0.115927 -0.574042 10.1998 -0.142873 0.09627639
308.85748 1.58832 0.111484 -0.50085 10.1998 0.0935139 0.098964915
323.10293 1.59483 0.113305 -0.536078 10.1998 -0.262938 0.04685121
331.46124 1.55885 0.116043 -0.629595 10.1998 -0.0620986 0.045705555
10.27806 1.67422 0.174693 -0.53293 10.1998 0.0220792 0.072971745
23.86512 1.65552 0.145254 -0.572243 10.1998 0.000613912 0.05576571
32.29712 1.70765 0.137584 -0.563833 10.1998 0.197259 0.13090455
135.74115 1.67899 0.160049 -0.528666 10.1998 0.0275525 0.1874817
162.44442 1.66234 0.152557 -0.542693 10.1998 -0.0320458 0.10095834
192.82379 1.66297 0.158661 -0.580834 10.1998 0.0476292 0.1137549
274.4783 1.68764 0.149002 -0.620516 10.1998 -0.166888 0.12396825
295.98541 1.65763 0.153349 -0.622786 10.1998 -0.0637423 0.11277945
325.37471 1.7013 0.144389 -0.558375 10.1998 -0.336356 0.1213947
336.1933 1.66333 0.14681 -0.578094 10.1998 -0.0152803 0.043557255
348.66831 1.67026 0.174675 -0.555064 10.1998 0.0542667 0.058161285
6.98373 1.57425 0.114406 -1.13479 10.1998 0.198784 0.063145005
20.7527 1.59106 0.113925 -0.983088 10.1998 -0.092953 0.08051274
333.17725 1.61403 0.1161 -0.936701 10.1998 -0.121317 0.09954441
342.98743 1.57316 0.114075 -0.982745 10.1998 0.117809 0.05914818
354.62822 1.58908 0.11479 -1.15331 10.1998 0.0558603 0.07599154500000001
5.52077 2.0234 0.146895 -0.153039 10.1998 0.0144519 0.031298400000000004
16.5013 2.0326 0.145548 -0.155362 10.1998 0.0785324 0.027786465
27.07787 2.04187 0.143273 -0.160538 10.1998 0.130264 0.027864795
37.26059 2.02645 0.138996 -0.164275 10.1998 0.106946 0.037018695
47.44973 2.01948 0.136613 -0.164282 10.1998 0.329336 0.06011775
59.46729 1.98712 0.134454 -0.159362 10.1998 -0.272546 0.22254960000000001
112.31061 1.98966 0.147823 -0.166996 10.1998 0.24106 0.08085493499999999
135.4604 1.99981 0.146817 -0.170864 10.1998 0.108634 0.088004805
156.34872 1.97886 0.145513 -0.173778 10.1998 0.266575 0.07702453499999999
183.3952 1.98431 0.144367 -0.177492 10.1998 0.0349802 0.089339775
210.70007 1.98591 0.148928 -0.171245 10.1998 -0.127259 0.1352988
301.58321 1.93448 0.129211 -0.160286 10.1998 -0.0170134 0.16229955
312.39378 2.00478 0.135596 -0.163683 10.1998 -0.294424 0.07916937
322.5019 2.02773 0.13906 -0.167438 10.1998 -0.0965065 0.036466605
332.85238 2.04206 0.142866 -0.163157 10.1998 -0.106931 0.032412555
343.41314 2.02331 0.145114 -0.157457 10.1998 -0.0187838 0.03285891
354.43513 2.0237 0.146986 -0.154157 10.1998 -0.0955899 0.034225275
5.38666 2.18777 0.191893 -0.182097 10.1998 0.00293917 0.04658997
16.12246 2.16072 0.198173 -0.18183 10.1998 0.00804255 0.04784577
26.66637 2.17113 0.201515 -0.177965 10.1998 0.2125 0.053623815
37.48903 2.1366 0.209091 -0.174721 10.1998 0.242538 0.06481545
48.35907 2.12573 0.216902 -0.179444 10.1998 0.28868 0.08480535
59.55954 2.13717 0.214473 -0.177194 10.1998 0.0712511 0.10377717
72.43332 2.14073 0.20348 -0.173466 10.1998 0.42536 0.05587764
85.98378 2.11626 0.203002 -0.177788 10.1998 0.451736 0.053587485000000004
98.85012 2.12922 0.20059 -0.188483 10.1998 0.214882 0.08327319
109.69449 2.12026 0.193539 -0.188697 10.1998 0.200965 0.09255959999999999
122.32019 2.11876 0.190643 -0.184529 10.1998 0.333614 0.07281172500000001
134.78431 2.10149 0.181424 -0.184799 10.1998 0.0383853 0.10263676499999999
147.75722 2.14178 0.180408 -0.187104 10.1998 0.0736695 0.09484566
165.00669 2.13111 0.183704 -0.196907 10.1998 0.160882 0.08031775499999999
191.35587 2.12913 0.180076 -0.195277 10.1998 -0.0941306 0.09488513999999999
221.38803 2.14203 0.188278 -0.197735 10.1998 -0.304386 0.10921259999999999
255.62569 2.17441 0.215596 -0.191213 10.1998 -0.21955 0.15545879999999998
324.34854 2.25243 0.192733 -0.179604 10.1998 -0.0221449 0.10606679999999999
337.25041 2.22407 0.190675 -0.183328 10.1998 0.0447147 0.066557295
351.51877 2.20853 0.190953 -0.183321 10.1998 -0.00338804 0.040308975
5.64076 2.15874 0.308398 -0.236003 10.1998 0.0552195 0.099319395
15.8817 2.14229 0.300315 -0.227349 10.1998 0.0539578 0.07775901
27.50111 2.1485 0.305268 -0.230226 10.1998 0.0413396 0.1111971
38.69648 2.13098 0.303118 -0.24418 10.1998 0.313602 0.07615419000000001
53.75736 2.11736 0.307872 -0.235699 10.1998 0.103809 0.10511025
76.09739 2.15718 0.316971 -0.249953 10.1998 0.466141 0.086567775
297.33817 2.15463 0.317833 -0.245372 10.1998 -0.0434758 0.1408953
323.00095 2.18822 0.309828 -0.226227 10.1998 -0.162394 0.1125453
336.42649 2.13557 0.321698 -0.241255 10.1998 0.159152 0.09827359499999999
351.64139 2.15008 0.305946 -0.242834 10.1998 -0.073077 0.08233176
5.78899 1.91212 0.153261 -0.264514 10.1998 -0.033155 0.06944196000000001
16.98029 1.95007 0.151668 -0.277932 10.1998 0.0437502 0.0478443
27.39454 2.00816 0.148376 -0.298517 10.1998 0.0712709 0.031155915
37.49562 2.03474 0.141768 -0.306256 10.1998 0.160004 0.02774394
47.18772 2.02541 0.137748 -0.29632 10.1998 0.179854 0.056605605
114.36868 2.01813 0.146751 -0.295369 10.1998 -0.0053057 0.1075011
136.22415 2.00839 0.144763 -0.303447 10.1998 0.387993 0.06718572
153.17912 1.99067 0.142693 -0.30504 10.1998 0.0212293 0.09428663999999999
166.1337 1.97721 0.145027 -0.301062 10.1998 0.0517483 0.11163075
183.35337 2.01449 0.146366 -0.299132 10.1998 -0.0564642 0.1155525
256.2399 2.00862 0.143012 -0.345654 10.1998 -0.773884 0.14244300000000001
312.31299 2.03428 0.138227 -0.291735 10.1998 -0.188897 0.064635375
322.50935 2.03458 0.141915 -0.306378 10.1998 -0.126506 0.029511825
332.68508 1.99682 0.148382 -0.302286 10.1998 -0.172939 0.034075965
343.04015 1.94783 0.151919 -0.278798 10.1998 -0.101704 0.048632115
353.8192 1.91112 0.153129 -0.264581 10.1998 -0.11134 0.07330039499999999
5.41418 2.13954 0.182314 -0.324723 10.1998 0.0621024 0.03126648
16.11535 2.15209 0.178358 -0.324752 10.1998 0.0659078 0.03277974
26.37881 2.23378 0.176282 -0.327592 10.1998 0.20115 0.041863605
36.10757 2.27991 0.178427 -0.319098 10.1998 0.200399 0.1052394
62.28567 2.21399 0.222556 -0.299856 10.1998 0.176808 0.11391135
91.3564 2.15788 0.209741 -0.305728 10.1998 0.294433 0.08371345499999999
107.81175 2.12111 0.208298 -0.316467 10.1998 0.249741 0.089484675
122.12022 2.1049 0.199796 -0.326657 10.1998 0.199409 0.08696499
135.37274 2.12992 0.192709 -0.321122 10.1998 -0.201706 0.11443004999999999
145.9524 2.11313 0.193051 -0.337469 10.1998 0.057878 0.09348423
156.1585 2.11722 0.191123 -0.330856 10.1998 0.0113838 0.09228239999999999
167.10429 2.10221 0.190352 -0.330086 10.1998 0.00427523 0.08904672000000001
179.11692 2.10347 0.188553 -0.325312 10.1998 0.159279 0.09455607
194.32322 2.07513 0.199049 -0.337401 10.1998 0.0257898 0.10219376999999999
208.74743 2.10443 0.196453 -0.332137 10.1998 0.175598 0.090231855
227.36398 2.13991 0.206192 -0.317528 10.1998 -0.0598139 0.12948495
267.11751 2.18948 0.182387 -0.342514 10.1998 -0.37776 0.1785042
305.9354 2.25841 0.174395 -0.348476 10.1998 -0.149014 0.15340395
326.7246 2.28705 0.165752 -0.329038 10.1998 -0.347884 0.09219063000000001
336.8585 2.21749 0.169613 -0.333829 10.1998 -0.127391 0.044024715
351.0965 2.14112 0.177336 -0.326357 10.1998 -0.0341788 0.02605113
5.08007 2.13041 0.309667 -0.396866 10.1998 0.0756978 0.087155355
17.27743 2.16641 0.305765 -0.383705 10.1998 0.0478776 0.10723020000000001
41.96016 2.19025 0.316298 -0.37694 10.1998 0.3544 0.074508945
80.0657 2.1823 0.30762 -0.377983 10.1998 0.38048 0.1250907
117.55604 2.11484 0.310623 -0.396639 10.1998 -0.163878 0.17842334999999998
148.85615 2.15331 0.30791 -0.402588 10.1998 0.0435184 0.15266055
185.13527 2.17389 0.300003 -0.404397 10.1998 -0.344274 0.2038134
223.72054 2.13547 0.304701 -0.391237 10.1998 -0.55406 0.24459015
337.89498 2.19321 0.323255 -0.382282 10.1998 -0.195411 0.12949439999999998
354.67291 2.1284 0.309253 -0.394715 10.1998 -0.0631228 0.08441202
25.68358 1.94375 0.150912 -0.59397 10.1998 0.0485477 0.05742996
34.03598 2.01847 0.1435 -0.578801 10.1998 0.13168 0.031239075
43.42911 2.02657 0.138341 -0.515435 10.1998 0.21003 0.060929924999999996
141.51828 1.98706 0.143325 -0.568002 10.1998 0.107849 0.10300353
166.32335 1.99162 0.145269 -0.558695 10.1998 0.0599243 0.1118208
191.0608 1.9743 0.146894 -0.579816 10.1998 0.394992 0.09665502000000001
264.84516 1.99468 0.144637 -0.596117 10.1998 -0.131486 0.09921975
292.25374 1.95628 0.145811 -0.586579 10.1998 -0.371466 0.11711279999999999
319.91156 2.03631 0.140406 -0.538562 10.1998 -0.158364 0.059771985
328.86975 2.00772 0.146166 -0.586874 10.1998 -0.0250728 0.0330246
337.20514 1.89467 0.153975 -0.559372 10.1998 -0.39792 0.141771
5.5099 2.08816 0.205118 -0.569964 10.1998 0.0346211 0.044207625
16.63417 2.10929 0.18822 -0.578311 10.1998 0.138849 0.03690393
26.52548 2.18398 0.172808 -0.597047 10.1998 0.0495043 0.04466301
37.20839 2.25747 0.171328 -0.587439 10.1998 0.110256 0.11260095
62.47073 2.10711 0.198262 -0.737956 10.1998 0.0711478 0.1160964
112.45958 2.1364 0.204646 -0.563728 10.1998 0.100978 0.14003220000000002
134.23885 2.1184 0.19769 -0.587917 10.1998 0.141417 0.11033925
151.19038 2.11977 0.197957 -0.575408 10.1998 -0.0384936 0.11246025000000001
165.53553 2.09398 0.190458 -0.565155 10.1998 0.168335 0.094493175
183.69944 2.09835 0.204634 -0.592174 10.1998 0.148223 0.1063776
204.09272 2.09674 0.205276 -0.57328 10.1998 -0.0171806 0.11062799999999999
230.40581 2.16155 0.199204 -0.570891 10.1998 -0.385581 0.18610725
263.92441 2.16354 0.184323 -0.614148 10.1998 -0.209154 0.1271214
282.98958 2.12926 0.191574 -0.628401 10.1998 -0.379335 0.1058589
298.7528 2.06775 0.199004 -0.654427 10.1998 -0.159063 0.09626001
312.87793 2.08781 0.207691 -0.635228 10.1998 -0.223016 0.087682455
327.14229 2.23851 0.172565 -0.582676 10.1998 -0.150313 0.076004145
336.81152 2.13806 0.178205 -0.590735 10.1998 -0.0161398 0.033538575
349.80678 2.11109 0.197994 -0.577507 10.1998 -0.0622883 0.03002055
8.47748 2.1965 0.313831 -0.609302 10.1998 -0.20753 0.1231881
131.48637 2.16467 0.303212 -0.653881 10.1998 0.0774096 0.16593780000000002
156.14876 2.19036 0.314038 -0.662609 10.1998 -0.0693385 0.1875321
194.70653 2.1473 0.296161 -0.688178 10.1998 0.135925 0.118272
351.91469 2.16281 0.320514 -0.657593 10.1998 -0.281703 0.14556675000000002
9.86908 1.9953 0.143423 -1.34646 10.1998 -0.0800591 0.08478928499999999
23.82232 2.01691 0.143866 -1.0196 10.1998 0.0589381 0.07161126000000001
35.79422 2.03415 0.141617 -0.968902 10.1998 0.148787 0.14347305000000002
265.89711 2.03703 0.14548 -1.0066 10.1998 -0.207461 0.2038974
330.3159 2.03279 0.144354 -0.926613 10.1998 -0.0628537 0.083034525
339.24086 1.98217 0.14321 -1.08137 10.1998 -0.110957 0.071523165
352.23153 1.98647 0.142632 -1.31037 10.1998 0.0130041 0.091415205
11.22029 2.09693 0.203895 -1.25165 10.1998 -0.0278717 0.067758915
22.1973 2.17718 0.183298 -1.05438 10.1998 0.0187117 0.066922275
45.94033 2.12246 0.204704 -1.11044 10.1998 0.128113 0.088265625
66.7089 2.15078 0.197791 -1.14589 10.1998 0.11686 0.14014035
149.19592 2.08521 0.206158 -1.21752 10.1998 0.0650039 0.14135414999999998
182.82453 2.0888 0.211754 -1.31129 10.1998 0.0574452 0.1310799
262.11731 2.09109 0.202712 -1.32689 10.1998 -0.0104943 0.15515325000000002
285.24016 2.08923 0.202649 -1.10407 10.1998 0.0360523 0.13129934999999998
321.49006 2.1528 0.197374 -1.05293 10.1998 0.0759827 0.09681923999999999
340.19999 2.14677 0.188855 -1.10161 10.1998 -0.0183127 0.050766135000000004
350.82664 2.10534 0.207318 -1.33546 10.1998 0.0083249 0.0630357
5.37108 2.68519 0.184896 -0.180281 10.1998 0.0116763 0.03677667
16.23974 2.6795 0.183302 -0.181784 10.1998 0.0143155 0.03496311
26.4514 2.65978 0.180468 -0.18397 10.1998 0.0840181 0.04567353
36.6803 2.63922 0.178407 -0.18822 10.1998 0.0433752 0.09125655
57.4224 2.53115 0.18438 -0.177148 10.1998 0.0786783 0.1267287
93.77887 2.59738 0.195044 -0.188859 10.1998 0.253842 0.07741776
127.53869 2.62679 0.190334 -0.184097 10.1998 0.32266 0.06815402999999999
157.16519 2.63855 0.191681 -0.198219 10.1998 -0.0113255 0.099078945
190.03692 2.61088 0.187638 -0.196045 10.1998 -0.115091 0.1210083
323.02386 2.64424 0.17767 -0.185876 10.1998 -0.140645 0.11831085
333.26434 2.65685 0.180301 -0.185923 10.1998 -0.059704 0.054287205
343.75806 2.68668 0.183489 -0.180286 10.1998 -0.149684 0.041630295
354.59327 2.68311 0.185036 -0.180449 10.1998 -0.0756371 0.036662745000000004
5.76527 2.84627 0.260952 -0.217643 10.1998 0.0281924 0.055338990000000005
16.32913 2.7973 0.266002 -0.212808 10.1998 0.0725075 0.055706175000000004
27.26437 2.76677 0.268896 -0.216362 10.1998 0.208214 0.0542157
37.63359 2.77997 0.266032 -0.210971 10.1998 0.273676 0.05477682
48.39734 2.77052 0.261555 -0.206998 10.1998 0.247133 0.06990858
59.37161 2.76525 0.25822 -0.208778 10.1998 0.257047 0.07882959
70.22457 2.80099 0.254866 -0.212268 10.1998 0.249813 0.079162545
80.62605 2.78299 0.249736 -0.208659 10.1998 0.456992 0.06165810000000001
96.68777 2.7826 0.24401 -0.211906 10.1998 0.498534 0.0583737
120.98634 2.80633 0.248803 -0.223847 10.1998 0.342191 0.07193928
153.07427 2.8345 0.249565 -0.23565 10.1998 0.0419558 0.1078917
185.51571 2.80804 0.256624 -0.244342 10.1998 -0.151178 0.1146306
222.58723 2.78762 0.26631 -0.243037 10.1998 -0.113908 0.13247955
263.79722 2.76061 0.257863 -0.218092 10.1998 -0.580404 0.16247489999999998
294.19435 2.76687 0.276821 -0.220475 10.1998 -0.373527 0.09789706499999999
320.67875 2.76874 0.277485 -0.209057 10.1998 -0.360416 0.088064025
333.15032 2.81157 0.272557 -0.215599 10.1998 -0.364693 0.098499975
343.85203 2.81197 0.267033 -0.210471 10.1998 -0.114714 0.065986725
354.50388 2.85925 0.265936 -0.221089 10.1998 -0.255481 0.07368837
5.64873 2.83325 0.383648 -0.308571 10.1998 0.131694 0.10465077
18.23306 2.85241 0.381133 -0.306579 10.1998 0.0884076 0.11052509999999999
29.8279 2.86247 0.379809 -0.309798 10.1998 0.0388802 0.12242789999999999
46.38895 2.80087 0.384287 -0.317305 10.1998 0.207393 0.1081038
72.12736 2.86793 0.381611 -0.317673 10.1998 0.0553246 0.12901665
106.13699 2.85722 0.394057 -0.326117 10.1998 0.555882 0.1050903
219.89948 2.86793 0.377011 -0.320073 10.1998 -0.108496 0.18743025
252.7271 2.90465 0.401404 -0.322464 10.1998 0.0335076 0.1842477
289.46114 2.80504 0.399963 -0.322812 10.1998 -0.226327 0.18163215
316.74998 2.79946 0.381365 -0.302705 10.1998 0.0849847 0.1092063
337.40052 2.80918 0.385963 -0.309227 10.1998 -0.135714 0.11941439999999999
352.91164 2.81571 0.382131 -0.310418 10.1998 0.0439917 0.10872960000000001
5.46888 2.63882 0.195602 -0.311717 10.1998 0.14309 0.037661085000000004
16.58879 2.67208 0.193862 -0.31858 10.1998 0.0951029 0.035799225
27.03547 2.69878 0.188019 -0.322477 10.1998 0.139608 0.031110135
36.71978 2.67482 0.181855 -0.325861 10.1998 0.153944 0.042576029999999994
48.77028 2.60856 0.177672 -0.3235 10.1998 0.311101 0.12844125
99.87972 2.65415 0.192672 -0.31922 10.1998 0.265784 0.080613225
128.61699 2.64995 0.191403 -0.318842 10.1998 0.335962 0.0681891
148.88366 2.62139 0.190109 -0.317698 10.1998 -0.033104 0.10418835
168.32812 2.61833 0.190753 -0.321307 10.1998 0.0856304 0.091630455
197.96838 2.615 0.191939 -0.32564 10.1998 0.0240557 0.1078791
231.09852 2.71815 0.195167 -0.34073 10.1998 -0.444091 0.17498355
268.88852 2.65834 0.190905 -0.361293 10.1998 -0.12967 0.1072554
314.42148 2.63072 0.178778 -0.322963 10.1998 -0.318817 0.08664484500000001
326.40661 2.67908 0.183732 -0.333204 10.1998 -0.0442793 0.03844008
336.29529 2.6857 0.189842 -0.323663 10.1998 -0.10433 0.033347055
350.27087 2.66102 0.19531 -0.313129 10.1998 -0.0468691 0.031535805
5.21582 2.92166 0.23925 -0.358115 10.1998 0.0785074 0.045113564999999994
16.22513 2.91759 0.246932 -0.365969 10.1998 0.0920092 0.04838316
26.8857 2.92513 0.255145 -0.36312 10.1998 0.237835 0.05302416
36.96283 2.84 0.267561 -0.362746 10.1998 0.179849 0.07511889000000001
51.63885 2.8117 0.275331 -0.347989 10.1998 0.405792 0.066813915
72.3153 2.82223 0.261867 -0.345421 10.1998 0.427738 0.06404286
89.64383 2.83938 0.258788 -0.345231 10.1998 0.336794 0.0794913
104.17519 2.8135 0.253339 -0.353729 10.1998 0.34717 0.073849125
118.35876 2.84607 0.252069 -0.356445 10.1998 0.155353 0.09952908
135.79615 2.79928 0.254949 -0.36059 10.1998 0.243799 0.08316672
149.45489 2.84276 0.253263 -0.368302 10.1998 -0.0841826 0.1257207
161.98548 2.83123 0.250247 -0.359038 10.1998 0.0410112 0.11364255
176.74086 2.78728 0.256898 -0.364506 10.1998 0.107844 0.098671125
190.1051 2.82172 0.25931 -0.378198 10.1998 -0.0159166 0.10941105000000001
212.37597 2.78171 0.256713 -0.377501 10.1998 -0.0914631 0.12245625
240.3896 2.80358 0.266814 -0.366956 10.1998 -0.0687162 0.10854795
275.5652 2.89185 0.248767 -0.375033 10.1998 -0.29739 0.1142379
319.85885 3.03012 0.238204 -0.379187 10.1998 -0.170878 0.11141235000000001
336.85048 3.01426 0.235369 -0.363514 10.1998 -0.0327145 0.06966750000000001
351.52393 2.93959 0.241504 -0.358294 10.1998 0.00587702 0.035351925
7.15074 2.86272 0.384802 -0.485335 10.1998 -0.10564 0.10735935
25.78276 2.87108 0.377412 -0.466731 10.1998 0.336631 0.068764815
47.7295 2.86528 0.373835 -0.455236 10.1998 0.219809 0.100583595
79.98262 2.91218 0.379097 -0.466055 10.1998 0.129282 0.17066805
113.33048 2.83006 0.391277 -0.47304 10.1998 0.177901 0.1400238
144.67643 2.8719 0.38837 -0.493997 10.1998 -0.0185757 0.1858521
224.91458 2.77568 0.385242 -0.499069 10.1998 -0.316461 0.2659482
297.49458 2.80378 0.380862 -0.454223 10.1998 -0.241717 0.19575674999999998
329.70455 2.8624 0.38122 -0.461134 10.1998 -0.139862 0.126336
351.74853 2.85482 0.380076 -0.479556 10.1998 -0.159634 0.09550873500000001
14.92068 2.53161 0.2021 -0.525025 10.1998 0.15354 0.070547295
27.73815 2.65923 0.19205 -0.606507 10.1998 0.157046 0.03780861
36.45891 2.67746 0.183199 -0.577173 10.1998 0.0708785 0.05259513
134.22281 2.64277 0.190126 -0.583694 10.1998 0.231829 0.104286945
166.0638 2.6109 0.188418 -0.609658 10.1998 0.0930666 0.11335905
202.25296 2.65161 0.192291 -0.575611 10.1998 -0.0268148 0.14154315
246.4704 2.65055 0.187969 -0.59922 10.1998 -0.241036 0.159075
272.35549 2.64557 0.189564 -0.632621 10.1998 -0.125454 0.09826677
311.57101 2.63114 0.184109 -0.569023 10.1998 -0.136562 0.11227229999999999
326.74408 2.67818 0.185834 -0.584891 10.1998 -0.100586 0.0432894
335.63581 2.614 0.195709 -0.582413 10.1998 -0.00935985 0.044746379999999995
348.08905 2.52875 0.203369 -0.504511 10.1998 -0.259811 0.09409869
5.26398 2.82696 0.242509 -0.608022 10.1998 -0.034697 0.041512379999999995
15.9602 2.84335 0.234187 -0.615785 10.1998 0.0934845 0.0436569
26.40871 3.0125 0.225104 -0.620987 10.1998 -0.000849172 0.061771080000000006
45.35345 2.96754 0.243038 -0.637258 10.1998 0.438559 0.08871408
89.45074 2.89196 0.269012 -0.623956 10.1998 0.401293 0.097682025
119.1185 2.78453 0.258199 -0.601082 10.1998 0.235735 0.09941946
145.0477 2.77272 0.263712 -0.626002 10.1998 0.136015 0.1062579
161.63827 2.77986 0.251362 -0.627305 10.1998 0.10617 0.10538114999999999
182.47846 2.77223 0.263204 -0.644942 10.1998 0.0225519 0.11626544999999999
206.87501 2.74079 0.268368 -0.622779 10.1998 -0.0898755 0.1234611
239.16691 2.87135 0.258544 -0.614079 10.1998 -0.12863 0.13585215
274.00217 2.83578 0.249324 -0.665915 10.1998 -0.453458 0.10447794
299.82137 2.79833 0.251868 -0.654088 10.1998 -0.319984 0.11086004999999999
317.20089 2.85389 0.256758 -0.65915 10.1998 -0.12087 0.104070855
330.33481 3.02868 0.223134 -0.634441 10.1998 -0.141204 0.076788075
340.31172 2.87479 0.22744 -0.633615 10.1998 0.0147439 0.04194015
352.68761 2.80952 0.240315 -0.612291 10.1998 0.00049997 0.035636055
15.39767 2.89355 0.391229 -0.717932 10.1998 0.423499 0.071344665
51.69907 2.94353 0.402181 -0.732725 10.1998 0.0775368 0.19093095
92.06744 2.81257 0.401434 -0.740731 10.1998 0.674695 0.09637824
125.52703 2.8934 0.404296 -0.77419 10.1998 -0.442036 0.26339144999999997
158.78723 2.90668 0.372887 -0.759324 10.1998 -0.117168 0.2046324
197.46188 2.87296 0.378667 -0.775114 10.1998 0.0988903 0.1662339
235.54868 2.85315 0.385803 -0.758403 10.1998 0.34059 0.1374513
347.8782 2.90565 0.387531 -0.700193 10.1998 -0.11512 0.101449005
7.91776 2.81623 0.275222 -1.27546 10.1998 0.0763109 0.07123893
20.1939 2.90098 0.236056 -1.18929 10.1998 0.0580808 0.063302295
35.31592 2.87834 0.248325 -1.17695 10.1998 -0.0637202 0.11148375
65.79561 2.80984 0.263245 -1.49393 10.1998 0.0330118 0.13420365
143.68177 2.78172 0.268476 -1.1526 10.1998 0.0764736 0.15268679999999998
173.27733 2.75453 0.264756 -1.31685 10.1998 -0.185095 0.140931
207.33681 2.8257 0.277694 -1.23004 10.1998 0.217827 0.12590235
255.03612 2.88143 0.253484 -1.5499 10.1998 -0.392929 0.23974335
278.70844 2.82922 0.259159 -1.3662 10.1998 0.0457497 0.1320711
307.34029 2.80073 0.271738 -1.26952 10.1998 -0.129018 0.115458
332.06514 2.8913 0.241971 -1.21391 10.1998 0.00139381 0.077106855
343.12723 2.82199 0.249372 -1.2158 10.1998 -0.0868313 0.054263685000000006
354.59212 2.80156 0.278622 -1.28478 10.1998 -0.044697 0.10199059499999999
4.92792 3.53402 0.256867 -0.226441 10.1998 0.00909785 0.075457515
16.07977 3.54557 0.265326 -0.229585 10.1998 0.0765629 0.09619585500000001
26.41433 3.55665 0.274509 -0.237676 10.1998 -0.080779 0.1304415
38.76976 3.60305 0.293416 -0.242324 10.1998 0.0938286 0.096622365
55.27788 3.62381 0.296223 -0.242247 10.1998 0.254069 0.08778651000000001
76.38158 3.64783 0.278662 -0.245795 10.1998 0.292508 0.070927605
96.27181 3.67818 0.278519 -0.245363 10.1998 -0.0380433 0.11115405
124.32038 3.62031 0.271401 -0.252022 10.1998 0.246959 0.12761175
163.62586 3.72533 0.282729 -0.251906 10.1998 -0.136657 0.12798555
273.18169 3.76268 0.291317 -0.257856 10.1998 -0.214695 0.15978375
309.32444 3.5559 0.296254 -0.239778 10.1998 -0.312336 0.17284785000000003
334.73283 3.51432 0.261642 -0.227298 10.1998 -0.0767539 0.09665061
351.56576 3.51806 0.259002 -0.224577 10.1998 0.168548 0.05453028
5.40887 4.05461 0.404529 -0.338423 10.1998 3.35106e-05 0.08686891499999999
16.12315 4.01977 0.409185 -0.345942 10.1998 0.314291 0.08888922
27.53549 3.99438 0.408185 -0.343673 10.1998 0.0940388 0.08868531
37.65542 3.94218 0.393378 -0.331881 10.1998 0.226174 0.11650275
48.50374 4.05537 0.409489 -0.33701 10.1998 -0.0946389 0.14114729999999998
59.88383 4.09398 0.400502 -0.322876 10.1998 0.213834 0.116634
71.59165 4.13061 0.415415 -0.348218 10.1998 0.375281 0.08034158999999999
85.87262 4.0153 0.419762 -0.347673 10.1998 -0.0571195 0.18274725
104.29207 4.11475 0.421142 -0.351816 10.1998 0.182147 0.11569005
128.25603 4.16693 0.421735 -0.352786 10.1998 0.503252 0.08325848999999999
170.97061 4.17103 0.390402 -0.327795 10.1998 -0.192655 0.1614207
209.44873 4.08987 0.429376 -0.375542 10.1998 -0.150663 0.20708310000000002
241.22554 4.24203 0.427642 -0.365887 10.1998 -0.141813 0.1460235
274.21703 4.13597 0.435786 -0.370372 10.1998 -0.315948 0.13521795
297.71059 4.08348 0.431503 -0.36226 10.1998 -0.229825 0.13522425000000002
319.50991 4.00624 0.397967 -0.321181 10.1998 -0.171718 0.1350027
332.83519 4.02109 0.403253 -0.335177 10.1998 -0.203184 0.14201460000000002
344.04282 4.00268 0.396152 -0.324252 10.1998 0.0355288 0.09364929
354.56003 4.07962 0.405893 -0.339786 10.1998 0.0271083 0.1133601
5.43253 3.74768 0.260762 -0.375851 10.1998 0.0373978 0.039457635
16.00076 3.71437 0.257648 -0.371534 10.1998 0.0653471 0.04160268
26.1098 3.60894 0.253365 -0.377615 10.1998 0.0499035 0.05469261
37.06063 3.527 0.266543 -0.373827 10.1998 0.197284 0.11661300000000001
56.25901 3.66679 0.296078 -0.377277 10.1998 0.241219 0.07794601500000001
75.92321 3.80866 0.284931 -0.371355 10.1998 0.246178 0.08008475999999999
90.93299 3.77949 0.284063 -0.381352 10.1998 0.249966 0.08532373500000001
112.33869 3.73858 0.275149 -0.380318 10.1998 0.294239 0.07206244499999999
138.47588 3.67316 0.281431 -0.38091 10.1998 0.111382 0.10194953999999999
165.49256 3.70322 0.274374 -0.375194 10.1998 0.077052 0.08929662000000001
189.79743 3.67784 0.283255 -0.395887 10.1998 0.0419381 0.094415685
223.34697 3.66905 0.280889 -0.37489 10.1998 -0.176937 0.13609155
262.47254 3.72174 0.273064 -0.37454 10.1998 -0.160944 0.11850720000000001
292.21993 3.78541 0.286891 -0.40772 10.1998 -0.237468 0.1057875
326.22842 3.55638 0.24391 -0.370211 10.1998 -0.211262 0.10507350000000001
336.97424 3.67383 0.250208 -0.381202 10.1998 -0.129254 0.06013161
351.21683 3.74277 0.260636 -0.376956 10.1998 -0.140436 0.03296958
5.38512 3.95255 0.396172 -0.5003 10.1998 0.0498468 0.08819800500000001
16.54759 3.89531 0.403767 -0.510288 10.1998 -0.0354157 0.10461727500000001
27.18186 4.00158 0.395563 -0.492573 10.1998 0.282301 0.07578280500000001
39.3418 4.03254 0.38427 -0.488215 10.1998 0.332003 0.07276835999999999
53.57138 4.03193 0.397626 -0.49754 10.1998 0.113569 0.10272612
75.79601 4.12268 0.402378 -0.503236 10.1998 0.452099 0.07205646
105.14291 4.08774 0.404418 -0.515159 10.1998 0.276031 0.10170772500000001
133.27113 4.04315 0.41077 -0.534455 10.1998 0.28401 0.101663835
177.96356 4.18032 0.38316 -0.492217 10.1998 0.256107 0.1170393
205.07248 4.00042 0.414951 -0.525797 10.1998 0.0303533 0.14586705
242.42704 4.06439 0.39351 -0.481012 10.1998 -0.148224 0.14498085
282.64982 4.1419 0.412831 -0.514609 10.1998 -0.29156 0.14636054999999998
318.82179 4.07277 0.42548 -0.532595 10.1998 -0.203253 0.1068858
339.18299 3.98292 0.402114 -0.51595 10.1998 -0.126303 0.1193031
352.84116 4.01169 0.39906 -0.504119 10.1998 -0.0249437 0.07808409
5.32196 3.86099 0.287164 -0.638865 10.1998 0.0734173 0.04289922
16.40819 3.88793 0.278299 -0.626341 10.1998 0.021175 0.039892965
26.51528 3.79562 0.2629 -0.642614 10.1998 0.128221 0.041713665
37.81516 3.64484 0.256183 -0.612718 10.1998 0.255115 0.087351075
75.70778 3.75555 0.293568 -0.638461 10.1998 0.450857 0.09756579
110.63013 3.80166 0.284403 -0.644727 10.1998 0.300586 0.104272245
144.90045 3.73285 0.285831 -0.660097 10.1998 -0.111614 0.1115961
173.37932 3.78764 0.285106 -0.655051 10.1998 0.145767 0.10539165
210.65997 3.65512 0.287434 -0.657654 10.1998 0.11351 0.12216225
251.2758 3.73192 0.271771 -0.651497 10.1998 -0.229764 0.14668815
278.57724 3.74172 0.27702 -0.651162 10.1998 -0.0430121 0.09868929
310.30019 3.66622 0.276144 -0.665295 10.1998 -0.287994 0.09213477
330.40356 3.71378 0.254483 -0.64048 10.1998 -0.158315 0.052485195
339.77199 3.84409 0.271905 -0.639794 10.1998 -0.121095 0.041551335
352.17768 3.87164 0.286161 -0.641565 10.1998 0.00338064 0.036517215
4.79927 4.26018 0.400716 -0.776407 10.1998 0.0484245 0.100894185
15.73703 4.19769 0.409379 -0.793396 10.1998 0.242801 0.08194462500000001
27.17338 4.09038 0.407647 -0.766477 10.1998 0.0249318 0.113274
46.6186 4.11115 0.411609 -0.762544 10.1998 0.253094 0.095074875
83.15336 4.04358 0.407505 -0.769143 10.1998 0.115324 0.134085
113.11275 4.12114 0.414204 -0.771011 10.1998 0.0965134 0.13085835
139.42069 3.98508 0.400994 -0.773797 10.1998 -0.0613049 0.16592205
167.56323 3.99078 0.388752 -0.78881 10.1998 -0.00829656 0.13543634999999998
200.78733 4.07119 0.400502 -0.800276 10.1998 0.142732 0.1230411
236.84643 3.99076 0.427872 -0.828256 10.1998 -0.599993 0.20942565
272.33142 4.17039 0.411822 -0.805062 10.1998 -0.596868 0.2076942
307.56718 4.13014 0.395172 -0.784029 10.1998 -0.228192 0.1308951
341.3568 4.25808 0.416047 -0.781972 10.1998 -0.18235 0.10699710000000001
354.53139 4.20754 0.411121 -0.796572 10.1998 -0.0878935 0.09831013499999999
14.11384 3.72109 0.292437 -1.4571 10.1998 0.130053 0.056568855
26.28071 3.85351 0.270836 -1.17258 10.1998 0.179863 0.058970415
48.94767 3.7409 0.277242 -1.32154 10.1998 -0.0336346 0.12569655
158.04009 3.77585 0.291998 -1.41509 10.1998 -0.0455624 0.1766688
266.59955 3.78198 0.277737 -1.50179 10.1998 -0.337294 0.17606085
297.71575 3.74302 0.289498 -1.48222 10.1998 0.100837 0.10800299999999999
330.47346 3.81488 0.266433 -1.19783 10.1998 -0.313852 0.07929936
339.58005 3.7695 0.284418 -1.25979 10.1998 -0.0910101 0.060329115
351.41965 3.66001 0.292774 -1.78095 10.1998 0.0248133 0.09184623
6.95313 4.24985 0.379909 -1.38966 10.1998 -0.0031007 0.100904055
23.95686 4.4088 0.381812 -1.92134 10.1998 0.268048 0.09412336499999999
68.41976 4.21596 0.425329 -1.92825 10.1998 -0.0239659 0.19578825
104.81518 4.17538 0.439209 -1.7851 10.1998 -0.236754 0.21907095
139.57252 4.18823 0.419707 -1.48465 10.1998 -0.00386315 0.2068962
178.55829 4.18091 0.397672 -1.42844 10.1998 0.0167206 0.18164685000000003
209.80053 4.15144 0.421467 -1.62498 10.1998 0.191874 0.13141799999999998
247.27541 4.07838 0.418984 -1.73086 10.1998 -0.457244 0.31072859999999997
285.66186 4.17371 0.424083 -1.6501 10.1998 -0.329872 0.207312
319.99865 4.04591 0.40243 -1.65303 10.1998 -0.169693 0.1217559
348.54226 4.33069 0.375097 -1.61137 10.1998 -0.080988 0.08219946
11.54842 5.95892 0.469464 -0.439605 10.1998 0.0774504 0.1195929
29.68947 5.90404 0.469466 -0.451156 10.1998 -0.082027 0.12801915
51.53939 5.7664 0.445298 -0.388928 10.1998 0.245013 0.09689568000000001
73.15353 5.69052 0.447387 -0.395466 10.1998 0.163176 0.11328135
102.64081 5.76688 0.460628 -0.423708 10.1998 0.215279 0.101471895
137.67202 5.96922 0.469975 -0.460746 10.1998 0.00530533 0.1550661
283.62328 5.9076 0.465348 -0.423441 10.1998 -0.193446 0.1226505
320.14934 5.87924 0.465477 -0.429166 10.1998 -0.223748 0.1098132
349.72026 5.77409 0.460129 -0.400206 10.1998 -0.0914943 0.11528055
17.448 5.71743 0.459224 -0.603023 10.1998 0.0775522 0.1054137
49.01287 5.73007 0.456479 -0.600956 10.1998 0.413535 0.072884385
87.11594 5.9222 0.454361 -0.60573 10.1998 0.369131 0.07526484
117.79898 5.87162 0.472273 -0.645867 10.1998 0.349085 0.13507515
158.55805 5.98776 0.457234 -0.605554 10.1998 0.029331 0.1592283
267.99528 5.83135 0.444212 -0.591555 10.1998 -0.472629 0.16247594999999998
301.50013 5.80624 0.461837 -0.616441 10.1998 -0.152555 0.15951179999999998
342.7783 5.5987 0.451709 -0.598152 10.1998 -0.170389 0.140931
6.37559 5.53849 0.396205 -0.812003 10.1998 0.0513152 0.094343865
25.41303 5.59936 0.429388 -0.84066 10.1998 0.112426 0.09657144
64.41822 5.85014 0.45765 -0.844229 10.1998 0.0740115 0.14879024999999999
95.58884 5.98055 0.469867 -0.892812 10.1998 0.297 0.1299627
128.68059 5.78627 0.466482 -0.891138 10.1998 -0.130885 0.21072135
203.04364 6.04983 0.46449 -0.88094 10.1998 0.0112543 0.15931125
349.83485 5.49806 0.393503 -0.818696 10.1998 -0.200763 0.10081869
11.26865 5.89528 0.42962 -1.84477 10.1998 -0.0462211 0.09903537
36.02151 5.8143 0.447658 -2.3997 10.1998 -0.0349884 0.15136695
72.94727 6.13293 0.481677 -2.56913 10.1998 -0.162325 0.2511369
255.78383 5.76037 0.440237 -1.95673 10.1998 -0.322069 0.23093385
289.63761 6.04023 0.473094 -2.22563 10.1998 -0.125249 0.20783805
335.6467 5.91145 0.433561 -1.92996 10.1998 -0.050524 0.10223818500000001
352.70251 5.90068 0.446192 -1.94132 10.1998 0.239287 0.100537605