bin_number,xBmin,xBmax,Q2min,Q2max,t_abs_min,t_abs_max,phi_pass2,phi_pass1,pass1_normalized_y,pass1_yerr_stat_plus_31percent_norm,pass2_over_pass1,pass2_yerr_stat_plus_s_comb,pass1_xs,pass1_stat,pass1_norm_frac,pass2_xs,pass2_stat,pass2_s_comb,pass2_n_good_periods
1,0.062,0.09,1,1.2,0.11,0.15,135,134.347232539,1,0.35184057833,0.749613351821,0.294657571735,2.84672819236,0.473719799938,0.31,2.133945462,0.1665418631,0.385253861557,2
2,0.062,0.09,1,1.2,0.11,0.15,157.5,157.455343121,1,0.363376890418,0.895767967023,0.135200200459,2.35491814584,0.446458971851,0.31,2.10946024,0.2050536975,0.115461568844,2
3,0.062,0.09,1,1.2,0.11,0.15,180,179.982484657,1,0.386203026711,0.973182780737,0.0838259219296,2.01046153171,0.463073396909,0.31,1.956546544,0.1685287914,0,2
4,0.062,0.09,1,1.2,0.15,0.25,127.5,127.288217714,1,0.364573269684,0.543074346157,0.0514561931943,1.84607482216,0.35420431745,0.31,1.002555877,0.0949919827,0,2
5,0.062,0.09,1,1.2,0.15,0.25,142.5,142.407143918,1,0.326414431592,0.53765763416,0.0383238711434,1.77636755236,0.181558156957,0.31,0.9550775756,0.06807728118,0,2
6,0.062,0.09,1,1.2,0.15,0.25,157.5,157.423913913,1,0.324387207205,0.590068001261,0.11964527449,1.61923225028,0.154694403642,0.31,0.9554571375,0.06376458024,0.191467695779,2
7,0.062,0.09,1,1.2,0.15,0.25,172.5,172.457994164,1,0.338226060073,0.655255582492,0.0531998094725,1.38673250466,0.187577640856,0.31,0.9086642151,0.06625921888,0.035699931873,2
8,0.062,0.09,1,1.2,0.15,0.25,195,195.190100713,1,0.367826874705,0.620237193227,0.0482205401803,1.2772436667,0.252870408662,0.31,0.7921940269,0.06158937955,0,2
9,0.062,0.09,1,1.2,0.25,0.4,127.5,127.323868761,1,0.396572236026,0.713339312989,0.0747621195584,0.558831416188,0.138212847558,0.31,0.3986364185,0.04177942115,0,2
10,0.062,0.09,1,1.2,0.25,0.4,142.5,142.394786059,1,0.331694208281,0.866486555731,0.0687098837475,0.526511207223,0.0621217358209,0.31,0.4562148825,0.03617652384,0,2
11,0.062,0.09,1,1.2,0.25,0.4,157.5,157.400522859,1,0.327363479271,0.847299906595,0.0869612643185,0.508311407387,0.0534738951355,0.31,0.430692208,0.03892912656,0.0486183160218,2
12,0.062,0.09,1,1.2,0.25,0.4,172.5,172.445042782,1,0.336712737874,1.0185306707,0.0821219169856,0.449766863168,0.0591156357057,0.31,0.4581013448,0.036935717,0,2
13,0.062,0.09,1,1.2,0.25,0.4,195,195.190028695,1,0.403694417328,1.39569933231,0.229856420855,0.297807474059,0.0770102618706,0.31,0.4156496927,0.03535464199,0.141023041999,2
14,0.062,0.09,1,1.2,0.25,0.4,255,256.239046401,1,0.348133884034,0.694352558833,0.0637080106333,0.753929446274,0.119438228187,0.31,0.5234928402,0.04803134518,0,2
15,0.062,0.09,1,1.2,0.4,0.6,52.5,51.7464973348,1,0.335536182063,1.07185564266,0.063050728217,0.782057322959,0.100409976322,0.31,0.8382525545,0.04930928372,0,2
16,0.062,0.09,1,1.2,0.4,0.6,135,134.415135052,1,0.36077423556,0.967013905654,0.0845474988438,0.179076350182,0.0330482233872,0.31,0.1731693208,0.01514045751,0,2
17,0.062,0.09,1,1.2,0.4,0.6,172.5,172.242880279,1,0.334649662831,1.23856863268,0.238362841329,0.152525807869,0.0192269636604,0.31,0.1889136813,0.01303373582,0.179658158123,2
18,0.062,0.09,1,1.2,0.4,0.6,240,240.850935602,1,0.395166327407,1.0111129554,0.0978786011029,0.193859117276,0.0475079153258,0.31,0.196013465,0.01897465921,0,2
19,0.062,0.09,1,1.2,0.4,0.6,262.5,262.830799741,1,0.351633874704,0.797135453936,0.156738874972,0.298254912545,0.0495016741754,0.31,0.2377495651,0.02906158547,0.154015468446,2
20,0.062,0.09,1,1.2,0.4,0.6,307.5,308.235811863,1,0.350121461537,1.17341012061,0.0699382683951,0.648150583367,0.105481480082,0.31,0.7605464542,0.04533052946,0,2
21,0.062,0.09,1,1.2,0.4,0.6,322.5,323.472525447,1,0.327923393,0.984987420903,0.0461067048579,1.499868134,0.160378983356,0.31,1.477351245,0.06915397738,0,2
22,0.062,0.09,1,1.2,0.6,0.8,7.5,6.72779731375,1,0.391143491895,0.846430509718,0.0518231614758,4.26543407822,1.01740421958,0.31,3.610393541,0.221048279,0,2
23,0.062,0.09,1,1.2,0.6,0.8,22.5,21.4769391237,1,0.361346864374,0.810766033625,0.167544637131,1.39995178871,0.259922290771,0.31,1.135033359,0.04614228836,0.202611669438,2
24,0.062,0.09,1,1.2,0.6,0.8,37.5,36.6013888911,1,0.332704453542,0.830679229007,0.227499938449,0.767497567818,0.0927124780833,0.31,0.6375442879,0.02859397228,0.270174827769,2
25,0.062,0.09,1,1.2,0.6,0.8,150,149.681894796,1,0.387270985037,1.06660946874,0.147927568006,0.0836443550849,0.0194153694094,0.31,0.08921586114,0.01084581165,0.0667529701615,2
26,0.062,0.09,1,1.2,0.6,0.8,180,179.96533855,1,0.407318736907,1.05795805424,0.126802230012,0.0880690335567,0.0232689909074,0.31,0.09317334338,0.01116734985,0,2
27,0.062,0.09,1,1.2,0.6,0.8,240,240.804370315,1,0.39593086936,0.64508191992,0.206668737399,0.178529417805,0.0439709124857,0.31,0.1151660996,0.01407756217,0.296139936283,2
28,0.062,0.09,1,1.2,0.6,0.8,270,271.47647442,1,0.381946812232,0.869294426356,0.101495425883,0.142315674815,0.0317537390173,0.31,0.1237142229,0.0128556483,0.0532339445214,2
29,0.062,0.09,1,1.2,0.6,0.8,337.5,338.547818753,1,0.352614902353,0.797241545024,0.134217592918,1.39554009816,0.234505842889,0.31,1.112582544,0.04514925027,0.163388415618,2
30,0.062,0.09,1,1.2,0.6,0.8,352.5,353.229055847,1,0.38675266816,0.820730470423,0.0545774595677,4.33228078905,1.0018498974,0.31,3.55563485,0.2364448796,0,2
31,0.062,0.09,1.2,1.456,0.15,0.25,120,119.06617343,1,0.3666047821,1.21289131468,0.136793773649,1.12404610165,0.219977477021,0.31,1.363345754,0.153762508,0,2
32,0.062,0.09,1.2,1.456,0.15,0.25,142.5,142.388806086,1,0.341109942697,1.19755190447,0.125744466715,1.04344430278,0.148506697846,0.31,1.249578712,0.1312073474,0,2
33,0.062,0.09,1.2,1.456,0.15,0.25,157.5,157.401160017,1,0.33890867431,1.35676933623,0.137076884303,0.843430212817,0.115519428573,0.31,1.14434025,0.1156147857,0,2
34,0.062,0.09,1.2,1.456,0.15,0.25,180,179.984058302,1,0.347523232374,1.27667919252,0.113006772514,0.980302084765,0.1539804551,0.31,1.251531274,0.1071125554,0.0225895670193,2
35,0.062,0.09,1.2,1.456,0.25,0.4,120,119.118072012,1,0.3878474644,1.28171792945,0.144954850284,0.43051073081,0.100342858614,0.31,0.5517933225,0.06240461853,0,1
36,0.062,0.09,1.2,1.456,0.25,0.4,142.5,142.409745758,1,0.348996800554,1.45709327264,0.325260845843,0.342154586779,0.0548502369496,0.31,0.4985511466,0.05738416603,0.191262461911,2
37,0.062,0.09,1.2,1.456,0.25,0.4,157.5,157.406150688,1,0.336738324826,0.808890264335,0.352828836008,0.423720198415,0.0557199301278,0.31,0.3427431433,0.1495007044,0,2
38,0.062,0.09,1.2,1.456,0.25,0.4,180,180.016115121,1,0.354111421573,1.45823369131,0.354036838864,0.323872779661,0.0554332638777,0.31,0.472282199,0.04178543387,0.226089558234,2
39,0.062,0.09,1.2,1.456,0.25,0.4,255,256.236658473,1,0.360710133973,1.17509046467,0.135468882635,0.515136237508,0.0950029114229,0.31,0.6053316807,0.0697849305,0,2
40,0.062,0.09,1.2,1.456,0.4,0.6,37.5,36.5926075893,1,0.32768423327,0.95800989731,0.0482190805789,1.40829601321,0.14955120164,0.31,1.349161519,0.06790673894,0,2
41,0.062,0.09,1.2,1.456,0.4,0.6,52.5,51.7655293127,1,0.332932462817,1.20410650716,0.089468584164,0.741467551824,0.0900326796875,0.31,0.892805904,0.05075146951,0.0478495011327,2
42,0.062,0.09,1.2,1.456,0.4,0.6,135,134.387272988,1,0.366937156837,0.649026270058,0.180893826246,0.21892041918,0.0429792008446,0.31,0.1420851031,0.02331502749,0.22529152844,2
43,0.062,0.09,1.2,1.456,0.4,0.6,157.5,157.407663787,1,0.367691699865,0.745465855898,0.15230993695,0.183387194488,0.0362611653852,0.31,0.1367088919,0.02793169203,0,2
44,0.062,0.09,1.2,1.456,0.4,0.6,180,179.964850674,1,0.371220337143,0.81450145481,0.110265101178,0.198772425689,0.0405926868584,0.31,0.1619004299,0.02191766163,0,2
45,0.062,0.09,1.2,1.456,0.4,0.6,240,240.823814947,1,0.407372063534,0.857146310597,0.115534228046,0.196615467764,0.0519645412647,0.31,0.1685282228,0.02271581629,0,2
46,0.062,0.09,1.2,1.456,0.4,0.6,262.5,262.799592953,1,0.381885894071,1.06952891061,0.521852881274,0.261353863582,0.0582865033093,0.31,0.279525513,0.04819993811,0.456442500476,2
47,0.062,0.09,1.2,1.456,0.4,0.6,307.5,308.204977862,1,0.340294979047,1.21110669545,0.0698933717815,0.647070459147,0.0908222176284,0.31,0.7836713655,0.04522593617,0,2
48,0.09,0.118,1,1.2,0.11,0.15,127.5,126.070527204,1,0.3843313373,0.704167100901,0.0625437684375,1.12525692948,0.255635434429,0.31,0.7923689098,0.07037780883,0,2
49,0.09,0.118,1,1.2,0.11,0.15,180,179.969463301,1,0.380230683619,1.0813653449,0.413435564044,0.720397393144,0.158610783812,0.31,0.7790127755,0.05991524147,0.374511410272,2
50,0.09,0.118,1,1.2,0.15,0.25,120,119.27310603,1,0.38434716449,0.601060228072,0.142165270756,0.767488353504,0.174378256806,0.31,0.4613067248,0.04310898052,0.217280541483,2
51,0.09,0.118,1,1.2,0.15,0.25,142.5,142.382188143,1,0.358094479522,0.719756779966,0.317408931482,0.566218714076,0.101496431986,0.31,0.4075397584,0.05048800761,0.423236191141,2
52,0.09,0.118,1,1.2,0.15,0.25,157.5,157.448118232,1,0.355478898364,0.806594117624,0.248781314622,0.565300573036,0.0983448309903,0.31,0.4559681169,0.04129463855,0.294838533303,2
53,0.09,0.118,1,1.2,0.15,0.25,172.5,172.479472045,1,0.382895018414,0.656533298019,0.070648077287,0.588545891222,0.132270494331,0.31,0.386399975,0.04157963561,0,2
54,0.09,0.118,1,1.2,0.15,0.25,195,195.149006761,1,0.371335783768,1.18766362004,0.097002296507,0.381453814831,0.0779793339638,0.31,0.4530388186,0.03700189605,0,2
55,0.09,0.118,1,1.2,0.25,0.4,135,134.530616748,1,0.377410214194,1.35730454452,0.42775489045,0.199268209918,0.0428952164363,0.31,0.2704676469,0.02459209648,0.301748989655,2
56,0.09,0.118,1,1.2,0.25,0.4,157.5,157.476792876,1,0.381542246385,1.15288957144,0.269138688914,0.194215184912,0.0431990132846,0.31,0.2239086613,0.02368436992,0.208107604257,2
57,0.09,0.118,1,1.2,0.25,0.4,172.5,172.479790319,1,0.398940754517,1.07693793391,0.132486339225,0.184496208689,0.0463279221688,0.31,0.1986909658,0.02444322729,0,2
58,0.09,0.118,1,1.2,0.25,0.4,195,195.124973572,1,0.394161321969,1.14326574677,0.346973000168,0.170666611547,0.0415471199234,0.31,0.1951172911,0.02397200057,0.277513025841,2
59,0.09,0.118,1,1.2,0.25,0.4,270,271.342798555,1,0.390991482792,0.777836868929,0.0736059934278,0.433576423247,0.103309843592,0.31,0.3372517275,0.03191382336,0,2
60,0.09,0.118,1,1.2,0.4,0.6,142.5,141.798263531,1,0.392032743306,1.29461858218,0.201839665786,0.0979891208472,0.0235152804735,0.31,0.1268585367,0.01271806841,0.119398640295,2
61,0.09,0.118,1,1.2,0.4,0.6,187.5,187.607980044,1,0.404066454686,1.28483001216,0.506944624174,0.0780380969088,0.0202252255493,0.31,0.100265689,0.01317998625,0.372020989302,2
62,0.09,0.118,1,1.2,0.4,0.6,322.5,323.625058305,1,0.387559280214,1.01835679606,0.0771202404085,0.613278673659,0.142647875541,0.31,0.6245365052,0.04729619875,0,2
63,0.09,0.118,1,1.2,0.6,0.8,22.5,20.7629367661,1,0.442285283046,0.37994770907,0.111378160797,2.25892957823,0.712606436005,0.31,0.8582751182,0.04390276831,0.288643284495,2
64,0.09,0.118,1,1.2,0.6,0.8,37.5,36.2955941959,1,0.432515663451,0.560292232715,0.203680616911,0.626488867781,0.188956560998,0.31,0.3510168465,0.02943395499,0.353722391774,2
65,0.09,0.118,1,1.2,0.6,0.8,165,164.117783204,1,0.437382201502,0.549041582474,0.0748393610891,0.0607789640078,0.0187533579814,0.31,0.03337017858,0.004548658834,0,2
66,0.09,0.118,1.2,1.456,0.11,0.15,120,119.178122972,1,0.352525125712,0.592849274008,0.0542124784557,1.48642916106,0.249498647933,0.31,0.881228449,0.08058300887,0,2
67,0.09,0.118,1.2,1.456,0.11,0.15,142.5,142.399171992,1,0.36014233152,1.15621396374,0.269416020683,0.652185836834,0.11955208409,0.31,0.7540663715,0.0711131604,0.213078990915,2
68,0.09,0.118,1.2,1.456,0.11,0.15,165,164.790655298,1,0.348364841683,1.05542779474,0.419104074923,0.677372060852,0.107653288297,0.31,0.7149173004,0.0592528609,0.388348366475,2
69,0.09,0.118,1.2,1.456,0.11,0.15,195,195.148734038,1,0.381319805113,1.1116043013,0.152798755174,0.743222105054,0.165030110838,0.31,0.8261688888,0.07317207903,0.105120808705,2
70,0.09,0.118,1.2,1.456,0.11,0.15,307.5,307.946167968,1,0.418586272282,0.716977255106,0.0790931298762,5.746717069,1.61639601113,0.31,4.12026543,0.4545258395,0,2
71,0.09,0.118,1.2,1.456,0.15,0.25,105,103.887040799,1,0.387772115533,0.564755796739,0.0835968183561,1.06452939956,0.247985576263,0.31,0.6011991492,0.04283331001,0.129748740111,2
72,0.09,0.118,1.2,1.456,0.15,0.25,127.5,127.327501746,1,0.330924029489,0.580735371303,0.0467373339141,0.75686135617,0.087648052462,0.31,0.4395361607,0.03537368193,0,2
73,0.09,0.118,1.2,1.456,0.15,0.25,142.5,142.364389886,1,0.322012823328,0.689447971867,0.0472936345359,0.637792363518,0.0555731232338,0.31,0.4397246515,0.03016351895,0,2
74,0.09,0.118,1.2,1.456,0.15,0.25,157.5,157.425468426,1,0.323652080019,0.850942109238,0.0623693695745,0.449544301013,0.0418116533731,0.31,0.3825361757,0.02803779465,0,2
75,0.09,0.118,1.2,1.456,0.15,0.25,172.5,172.456605652,1,0.330190480911,0.653877211208,0.0541194936942,0.532844618114,0.0605798957262,0.31,0.3484149529,0.02883728095,0,2
76,0.09,0.118,1.2,1.456,0.15,0.25,187.5,187.514859755,1,0.337932293349,0.618876217711,0.0713531011761,0.542106452629,0.0729294077735,0.31,0.335496791,0.03204784458,0.0645608379652,2
77,0.09,0.118,1.2,1.456,0.15,0.25,202.5,202.548476235,1,0.361708524634,0.690572939382,0.0689477648893,0.518054347916,0.0965487879721,0.31,0.3577543138,0.03571868938,0,2
78,0.09,0.118,1.2,1.456,0.25,0.4,120,119.233481738,1,0.358475632074,1.09888770724,0.160204335399,0.218820154613,0.0393905324336,0.31,0.240458778,0.01974485331,0.120463575204,2
79,0.09,0.118,1.2,1.456,0.25,0.4,142.5,142.418269468,1,0.329759164075,0.738976169404,0.13876145722,0.212696350854,0.0239140195793,0.31,0.1571775346,0.01703889798,0.153322597526,2
80,0.09,0.118,1.2,1.456,0.25,0.4,157.5,157.448085818,1,0.326661001613,0.858586311848,0.173422899921,0.206984988286,0.0213178561055,0.31,0.1777144777,0.01552937406,0.182106113017,2
81,0.09,0.118,1.2,1.456,0.25,0.4,172.5,172.473395475,1,0.331184850906,0.994724947714,0.0883762596218,0.197789256067,0.0230519160524,0.31,0.1967459074,0.01708285617,0.0188279777112,2
82,0.09,0.118,1.2,1.456,0.25,0.4,187.5,187.522444064,1,0.350784444607,0.755763349671,0.0883336843689,0.205784867006,0.0337824090455,0.31,0.1555246604,0.01817773549,0,2
83,0.09,0.118,1.2,1.456,0.25,0.4,210,210.359438127,1,0.409243714207,1.42053596616,0.341885447375,0.125896512556,0.03363591468,0.31,0.1788405241,0.01574564831,0.223991518198,2
84,0.09,0.118,1.2,1.456,0.25,0.4,255,256.082444166,1,0.361168077181,0.676886845293,0.227766414616,0.351389777707,0.0651184894668,0.31,0.2378511181,0.01721313602,0.328616721685,2
85,0.09,0.118,1.2,1.456,0.25,0.4,277.5,277.917448977,1,0.34946745881,0.763521420674,0.0938475401536,0.382532422787,0.0617141168461,0.31,0.2920716989,0.02884571873,0.0731700100651,2
86,0.09,0.118,1.2,1.456,0.25,0.4,292.5,293.052487577,1,0.35357404405,0.920766358341,0.096258883728,0.527535412214,0.0897036773824,0.31,0.4857368604,0.04438332364,0.0507936986741,2
87,0.09,0.118,1.2,1.456,0.4,0.6,22.5,20.8308985245,1,0.335673138706,0.774658020263,0.0423143707739,2.28316860568,0.293957014111,0.31,1.768674872,0.09661084292,0,2
88,0.09,0.118,1.2,1.456,0.4,0.6,37.5,36.3965993646,1,0.320182879485,0.805398816828,0.0583561919101,0.776359982577,0.0621916019582,0.31,0.6252794114,0.02571504635,0.0596539051663,2
89,0.09,0.118,1.2,1.456,0.4,0.6,52.5,51.7416725837,1,0.336803528358,1.22510454788,0.0813603834217,0.315932927169,0.0415984420012,0.31,0.3870508659,0.02570442409,0,2
90,0.09,0.118,1.2,1.456,0.4,0.6,120,119.255049828,1,0.44320596931,0.862501272269,0.155899947475,0.108351897237,0.0343206291385,0.31,0.09345364922,0.01312790166,0.113747647925,2
91,0.09,0.118,1.2,1.456,0.4,0.6,142.5,142.415018584,1,0.354007885202,0.913397243906,0.111149763506,0.0939718204567,0.0160638451168,0.31,0.08583360181,0.01044494562,0,2
92,0.09,0.118,1.2,1.456,0.4,0.6,157.5,157.471954576,1,0.349742918786,1.07283757188,0.3475053985,0.075307905071,0.0121943263849,0.31,0.08079315002,0.009599667101,0.301332986326,2
93,0.09,0.118,1.2,1.456,0.4,0.6,172.5,172.477834969,1,0.350227281419,0.937297167545,0.288071993239,0.0918372011253,0.0149666883101,0.31,0.08607874849,0.01051135106,0.28204301812,2
94,0.09,0.118,1.2,1.456,0.4,0.6,187.5,187.519604793,1,0.41325434417,0.929358788858,0.246874100104,0.0707830587806,0.0193432309795,0.31,0.06578285778,0.01152463021,0.199679579562,2
95,0.09,0.118,1.2,1.456,0.4,0.6,202.5,202.53218777,1,0.443536265858,1.01513664961,0.14913459542,0.0931002993699,0.0295326739491,0.31,0.09450952598,0.01388447548,0,2
96,0.09,0.118,1.2,1.456,0.4,0.6,255,256.032061062,1,0.35051969523,1.21820574782,0.134603071497,0.0940624400311,0.0153883555218,0.31,0.1145874051,0.009465348626,0.0733846025578,2
97,0.09,0.118,1.2,1.456,0.4,0.6,277.5,277.901596555,1,0.338366225547,0.790994046837,0.0792053245118,0.175055608893,0.0237403434789,0.31,0.1384679445,0.01386533631,0,2
98,0.09,0.118,1.2,1.456,0.4,0.6,292.5,293.057090779,1,0.344488515731,0.708121216859,0.078512957037,0.244892121958,0.0367928204977,0.31,0.1734133074,0.01922720465,0,2
99,0.09,0.118,1.2,1.456,0.4,0.6,307.5,308.278437761,1,0.343925240634,0.89103119187,0.0645134614289,0.348361012759,0.0518865820698,0.31,0.3104005284,0.02247397476,0,2
100,0.09,0.118,1.2,1.456,0.4,0.6,322.5,323.573385045,1,0.31980927188,0.915257193885,0.0956595685723,0.72165578016,0.0567221919729,0.31,0.6605006443,0.02777405979,0.0956844598799,2
101,0.09,0.118,1.2,1.456,0.4,0.6,337.5,339.144843223,1,0.334635904828,0.733889862121,0.0385297036176,2.80577855654,0.353585865724,0.31,2.059132438,0.1081058162,0,2
102,0.09,0.118,1.2,1.456,0.6,0.8,22.5,20.9628128452,1,0.335263584515,0.604354664174,0.110728612626,1.07694157253,0.137501743641,0.31,0.6508546624,0.03029777319,0.177205639667,2
103,0.09,0.118,1.2,1.456,0.6,0.8,37.5,36.4426071641,1,0.329713787097,0.805929294204,0.219390016379,0.383637345141,0.043082288363,0.31,0.3091845748,0.01586698883,0.267338865104,2
104,0.09,0.118,1.2,1.456,0.6,0.8,52.5,51.7446031105,1,0.383945261174,0.764784699296,0.118233356674,0.187303659621,0.042429121886,0.31,0.143246973,0.01856893804,0.0842411551372,2
105,0.09,0.118,1.2,1.456,0.6,0.8,75,73.077853829,1,0.369714022092,0.503990036877,0.145469211685,0.128213913077,0.0258307152478,0.31,0.06461853478,0.01090809872,0.234124362646,2
106,0.09,0.118,1.2,1.456,0.6,0.8,150,149.740497721,1,0.383376597333,0.736555850878,0.198220455537,0.0462638748839,0.0104353105676,0.31,0.03407592773,0.00486842684,0.228062890948,2
107,0.09,0.118,1.2,1.456,0.6,0.8,187.5,187.644803631,1,0.444608257508,0.823583457693,0.149551486147,0.0278685395337,0.00888200140828,0.31,0.02295206815,0.004167781504,0,2
108,0.09,0.118,1.2,1.456,0.6,0.8,247.5,249.313015077,1,0.395564380114,0.946916393587,0.640030507078,0.0460062765362,0.0113039938767,0.31,0.04356409746,0.005449316571,0.664234779018,2
109,0.09,0.118,1.2,1.456,0.6,0.8,285,286.940740699,1,0.376432122505,0.90036387188,0.14937799515,0.0800891244664,0.0171025712945,0.31,0.0721093542,0.007364448086,0.130749041539,2
110,0.09,0.118,1.2,1.456,0.6,0.8,337.5,338.998508841,1,0.331558392835,0.595508786915,0.0864564181852,1.09159198081,0.128376822643,0.31,0.6500526163,0.02999335629,0.137653781538,2
111,0.09,0.118,1.456,1.912,0.11,0.15,22.5,21.9687986806,1,0.340656504671,1.36093398171,0.0818932674981,10.3609318082,1.46330892581,0.31,14.10054418,0.8484905601,0,4
112,0.09,0.118,1.456,1.912,0.11,0.15,37.5,36.94111165,1,0.330674661434,1.60621258008,0.256526406726,5.2518419197,0.604435025327,0.31,8.43557456,0.4032282395,0.15238765416,4
113,0.09,0.118,1.456,1.912,0.11,0.15,52.5,51.9958566202,1,0.334476084805,1.25764110887,0.176381454881,3.75518800609,0.471635039422,0.31,4.722678808,0.2167318679,0.132527007394,4
114,0.09,0.118,1.456,1.912,0.11,0.15,67.5,67.0720066412,1,0.328359930478,1.00210519103,0.0999405986078,3.20684942935,0.347173761279,0.31,3.21360046,0.1412347328,0.0895247542294,4
115,0.09,0.118,1.456,1.912,0.11,0.15,82.5,82.1647499922,1,0.342338529732,1.15619430487,0.0606894822943,1.89221016985,0.274831192933,0.31,2.187762622,0.1148372556,0,4
116,0.09,0.118,1.456,1.912,0.11,0.15,105,103.916324973,1,0.384153717455,1.36317479218,0.265762574949,1.16148059521,0.263515550824,0.31,1.583301069,0.1060123475,0.18310012956,4
117,0.09,0.118,1.456,1.912,0.11,0.15,142.5,142.408531342,1,0.346287774857,1.30218294827,0.434938576982,0.746266600319,0.115165217276,0.31,0.9717756418,0.08935332681,0.321101743745,4
118,0.09,0.118,1.456,1.912,0.11,0.15,180,179.983814329,1,0.368572716708,1.33934749457,0.310127038725,0.717563563522,0.143056059746,0.31,0.961066961,0.09261102073,0.210546952721,4
119,0.09,0.118,1.456,1.912,0.11,0.15,270,271.338084501,1,0.349898709824,1.26032689538,0.0752812318929,1.49173716509,0.242052947649,0.31,1.88007647,0.105085534,0.0210637668035,4
120,0.09,0.118,1.456,1.912,0.11,0.15,292.5,292.898389553,1,0.330374027444,1.06394984764,0.0609785733567,2.75855416731,0.315091591868,0.31,2.934963286,0.1393872559,0.0320832566629,4
121,0.09,0.118,1.456,1.912,0.11,0.15,307.5,307.99856633,1,0.325015241333,1.21392587501,0.204747305928,3.88449444737,0.379308642331,0.31,4.715488321,0.1821217443,0.164183919004,4
122,0.09,0.118,1.456,1.912,0.11,0.15,322.5,323.046143857,1,0.327189595292,1.31085001042,0.143753256052,6.13576825882,0.642149445904,0.31,8.043071886,0.3666781244,0.0997388638108,4
123,0.09,0.118,1.456,1.912,0.11,0.15,337.5,338.053833391,1,0.349674037242,1.92247972525,0.290745946257,7.69103227245,1.24423532726,0.31,14.78585361,0.9949615208,0.13543944326,4
124,0.09,0.118,1.456,1.912,0.15,0.25,37.5,36.7084237034,1,0.32287663438,1.37312294641,0.335879094528,3.82767572469,0.345538028531,0.31,5.255869369,0.213902356,0.241200246964,4
125,0.09,0.118,1.456,1.912,0.15,0.25,52.5,51.8523568192,1,0.321794482577,1.39814030381,0.129436471234,1.90084842112,0.164087254114,0.31,2.657652789,0.09104553081,0.0860058709876,4
126,0.09,0.118,1.456,1.912,0.15,0.25,67.5,67.0057859815,1,0.319294866159,1.10053978234,0.243791674001,1.43440546933,0.109703528685,0.31,1.578620283,0.06117097053,0.218104599875,4
127,0.09,0.118,1.456,1.912,0.15,0.25,82.5,82.1297004199,1,0.328715358911,0.834817538081,0.18818162711,1.36169752568,0.148878988049,0.31,1.136768976,0.05860697746,0.219441545824,4
128,0.09,0.118,1.456,1.912,0.15,0.25,97.5,97.179387562,1,0.469735768851,0.626862369995,0.168463885619,1.2099718203,0.427021825387,0.31,0.7584858029,0.06701162535,0.253803799949,4
129,0.09,0.118,1.456,1.912,0.15,0.25,112.5,112.251087644,1,0.365639640773,1.0389743656,0.155080607271,0.633807551374,0.122887335871,0.31,0.6585097986,0.09829125996,0,4
130,0.09,0.118,1.456,1.912,0.15,0.25,127.5,127.29511481,1,0.325706152853,1.0580925358,0.210783184869,0.543330058808,0.0542908760514,0.31,0.5748934797,0.04161265349,0.185595003729,4
131,0.09,0.118,1.456,1.912,0.15,0.25,142.5,142.37016911,1,0.320997466995,1.23067603201,0.122378807007,0.451436317965,0.0376059562637,0.31,0.5555718565,0.03422688202,0.0780577010655,4
132,0.09,0.118,1.456,1.912,0.15,0.25,157.5,157.441873482,1,0.320278781362,1.06396161232,0.279271165266,0.438849339198,0.0353225953597,0.31,0.4669188505,0.02950262581,0.254763720372,4
133,0.09,0.118,1.456,1.912,0.15,0.25,172.5,172.494720046,1,0.330419069647,1.13719332187,0.0840898459192,0.397633928027,0.0454708985417,0.31,0.4521866475,0.03343697574,0,4
134,0.09,0.118,1.456,1.912,0.15,0.25,195,195.1560333,1,0.344635272606,1.05768745751,0.0992484705885,0.425664156934,0.0640952857449,0.31,0.4502196399,0.04224651656,0,4
135,0.09,0.118,1.456,1.912,0.15,0.25,270,271.445858921,1,0.330265649288,0.939475537576,0.136265385433,0.95281743547,0.108535061846,0.31,0.8951486724,0.040337102,0.137866661692,4
136,0.09,0.118,1.456,1.912,0.15,0.25,292.5,292.973857842,1,0.322356452363,1.15688700793,0.227543577007,1.35084741231,0.119408205572,0.31,1.562777821,0.0602313054,0.192872998341,4
137,0.09,0.118,1.456,1.912,0.15,0.25,307.5,308.099240073,1,0.31831328851,1.33023349698,0.248877242416,1.99634341191,0.144281217955,0.31,2.655602878,0.08673355593,0.184220083197,4
138,0.09,0.118,1.456,1.912,0.15,0.25,337.5,338.512393385,1,0.361807200218,1.42536185767,0.317170545291,10.0734774912,1.87930300742,0.31,14.35835059,1.002279351,0.211286912785,4
139,0.09,0.118,1.456,1.912,0.25,0.4,37.5,36.5578312683,1,0.317536270083,1.29348322178,0.367617180995,1.76061550366,0.121077143115,0.31,2.277326614,0.07809785483,0.282130554373,4
140,0.09,0.118,1.456,1.912,0.25,0.4,52.5,51.757567385,1,0.316635367857,1.15481668602,0.232963089328,0.967162999566,0.0623648134293,0.31,1.11689597,0.03672395443,0.199034028764,4
141,0.09,0.118,1.456,1.912,0.25,0.4,112.5,112.235321607,1,0.443595710002,1.37848643775,0.55995394325,0.219443566085,0.0696287048664,0.31,0.3024999797,0.05490544307,0.363402902269,3
142,0.09,0.118,1.456,1.912,0.25,0.4,135,134.361009965,1,0.319760380898,1.18718356623,0.183243102095,0.173965812259,0.0136390763297,0.31,0.2065293534,0.01112383043,0.144648825149,4
143,0.09,0.118,1.456,1.912,0.25,0.4,157.5,157.430485883,1,0.322089718215,1.17997150601,0.0816971136444,0.177813554506,0.015543983117,0.31,0.2098149277,0.01452685417,0,4
144,0.09,0.118,1.456,1.912,0.25,0.4,180,180.006247935,1,0.323737070781,1.09340586425,0.0791190391988,0.182101817093,0.0169908812059,0.31,0.1991111947,0.01298666155,0.0313358278035,4
145,0.09,0.118,1.456,1.912,0.25,0.4,247.5,247.758157421,1,0.375981683192,1.04579640265,0.392645575667,0.250541888016,0.0533025885944,0.31,0.2620158052,0.0263822608,0.361697741971,4
146,0.09,0.118,1.456,1.912,0.25,0.4,262.5,262.795330866,1,0.362368100494,1.7846833161,0.347644090005,0.163903607806,0.0307556899671,0.31,0.2925160343,0.02981380613,0.16600086584,4
147,0.09,0.118,1.456,1.912,0.25,0.4,277.5,277.919412731,1,0.341988572782,1.03507538477,0.080895030414,0.433534300887,0.0626095940834,0.31,0.4487406833,0.03307060662,0.0260161359547,4
148,0.09,0.118,1.456,1.912,0.25,0.4,292.5,293.013607142,1,0.323761881525,1.15183871708,0.123097814373,0.536069806167,0.0500637423893,0.31,0.6174659578,0.02553034485,0.098548341525,4
149,0.09,0.118,1.456,1.912,0.25,0.4,307.5,308.200888618,1,0.316607603808,1.18539690223,0.138335277954,0.943152405662,0.0606878433799,0.31,1.11800994,0.03378343352,0.112719510227,4
150,0.09,0.118,1.456,1.912,0.25,0.4,322.5,323.452628514,1,0.317230644196,1.27037654019,0.194835558425,1.75999045028,0.118525676054,0.31,2.235850579,0.07490985701,0.149664078162,4
151,0.09,0.118,1.456,1.912,0.4,0.6,22.5,20.9703569485,1,0.351181001223,1.60486546223,0.793383151992,1.73778369255,0.286750610376,0.31,2.788909029,0.2446120573,0.486518356331,4
152,0.09,0.118,1.456,1.912,0.4,0.6,37.5,36.4934412194,1,0.314732067912,1.2263554887,0.121986249369,0.70290395366,0.0382180364312,0.31,0.8620101216,0.02595692556,0.0948032251709,4
153,0.09,0.118,1.456,1.912,0.4,0.6,52.5,51.7880542874,1,0.318512463316,1.36156054936,0.154970838852,0.332327434952,0.0243080862831,0.31,0.4524839249,0.01744312249,0.107091460979,4
154,0.09,0.118,1.456,1.912,0.4,0.6,67.5,66.976306229,1,0.365858993945,1.25989055041,0.195041736881,0.203223149437,0.039486421858,0.31,0.2560389256,0.01964419125,0.13445882546,4
155,0.09,0.118,1.456,1.912,0.4,0.6,127.5,127.354595714,1,0.385488120045,1.22167573836,0.158002208875,0.0736528936073,0.0168761733052,0.31,0.08997995318,0.01163731988,0,4
156,0.09,0.118,1.456,1.912,0.4,0.6,142.5,142.379340843,1,0.338629010219,1.14960375484,0.116598031976,0.0721732607352,0.00983507504361,0.31,0.08297065154,0.008415260163,0,4
157,0.09,0.118,1.456,1.912,0.4,0.6,157.5,157.461095569,1,0.34328725312,1.7796685686,0.164395225342,0.0470811707632,0.00694285867793,0.31,0.08378887978,0.007739919677,0,4
158,0.09,0.118,1.456,1.912,0.4,0.6,172.5,172.473519306,1,0.343916656836,1.05207745855,0.110491672554,0.0639607621884,0.00952535891925,0.31,0.06729167613,0.007067131592,0,4
159,0.09,0.118,1.456,1.912,0.4,0.6,195,195.152329432,1,0.41372759559,1.64411185607,0.219784871161,0.0479407273775,0.0131352801788,0.31,0.07881991827,0.01053664659,0,4
160,0.09,0.118,1.456,1.912,0.4,0.6,240,240.857259542,1,0.37319302722,1.62174304019,0.420705717202,0.0575295048585,0.0119535507305,0.31,0.09329807411,0.009276399043,0.23960530679,4
161,0.09,0.118,1.456,1.912,0.4,0.6,262.5,262.847688265,1,0.339404130425,1.42739578216,0.293242923134,0.0959041034104,0.0132525326557,0.31,0.1368931127,0.015032882,0.173625894614,3
162,0.09,0.118,1.456,1.912,0.4,0.6,277.5,277.94570148,1,0.340448083615,1.43497898047,0.155064598067,0.129208822515,0.0181835414045,0.31,0.1854119444,0.02003571413,0,4
163,0.09,0.118,1.456,1.912,0.4,0.6,292.5,293.023624568,1,0.346778876558,1.19606197186,0.132093656795,0.231416069161,0.0359668439153,0.31,0.27678796,0.01945481679,0.0851864103688,4
164,0.09,0.118,1.456,1.912,0.4,0.6,307.5,308.210716867,1,0.319312187514,1.31060638593,0.154446119657,0.33331024096,0.0255157057465,0.31,0.4368385303,0.01671017191,0.111461999883,4
165,0.09,0.118,1.456,1.912,0.4,0.6,322.5,323.518804723,1,0.315497669335,1.20719742507,0.112680051812,0.715555768891,0.0419609819548,0.31,0.8638170817,0.02544963,0.0885685839693,4
166,0.09,0.118,1.456,1.912,0.4,0.6,337.5,339.056913322,1,0.357115019251,1.75653608327,0.489228293621,1.73794676868,0.308117606827,0.31,3.05276621,0.2628519786,0.264875453917,4
167,0.09,0.118,1.456,1.912,0.6,0.8,22.5,21.2843748978,1,0.329651236914,0.849084650043,0.140173419584,0.696302037694,0.078066414627,0.31,0.591219372,0.03140509326,0.156308335302,4
168,0.09,0.118,1.456,1.912,0.6,0.8,37.5,36.5502748422,1,0.319669106217,1.0276688953,0.140051200844,0.3154192137,0.0246114671145,0.31,0.3241465149,0.01232002472,0.130873184977,4
169,0.09,0.118,1.456,1.912,0.6,0.8,52.5,51.8080964457,1,0.336871343876,0.920243237015,0.15328649681,0.186887373992,0.0246395976214,0.31,0.171981842,0.01202485979,0.15118670812,4
170,0.09,0.118,1.456,1.912,0.6,0.8,135,134.483586221,1,0.38232541842,1.18871475205,0.149487704582,0.0294858589831,0.00659803173409,0.31,0.03505027555,0.004407773377,0,4
171,0.09,0.118,1.456,1.912,0.6,0.8,157.5,157.430115141,1,0.386398599339,1.43505197154,0.203601596576,0.0295407906478,0.00681386865136,0.31,0.04239256986,0.00601455214,0,4
172,0.09,0.118,1.456,1.912,0.6,0.8,187.5,187.66286083,1,0.396778390122,1.35253381244,0.608590305503,0.0222162541695,0.00550197054577,0.31,0.03004823495,0.00451057731,0.424185585447,4
173,0.09,0.118,1.456,1.912,0.6,0.8,285,286.938422414,1,0.394650487022,1.24935893761,0.26015397755,0.054193902154,0.0132358559408,0.31,0.06770763602,0.009071567535,0.159401039787,4
174,0.09,0.118,1.456,1.912,0.6,0.8,307.5,308.210630926,1,0.360627923311,2.02686181183,0.410642759369,0.0903574525562,0.0166494484603,0.31,0.18314207,0.01291385988,0.189933715959,4
175,0.09,0.118,1.456,1.912,0.6,0.8,322.5,323.406985575,1,0.320493748203,1.09891119769,0.236714971893,0.275149990587,0.0223807797911,0.31,0.3023654057,0.01180819866,0.211839013143,4
176,0.09,0.118,1.456,1.912,0.6,0.8,337.5,338.719449664,1,0.326023982103,0.818439490635,0.192891020078,0.756547862225,0.076376258566,0.31,0.619188647,0.03345877299,0.229403167404,4
177,0.118,0.155,1.2,1.456,0.11,0.15,7.5,7.41796676435,1,0.49862562187,0.365808208968,0.0893568741997,3.73047898201,1.45693000929,0.31,1.364639835,0.3333439411,0,2
178,0.118,0.155,1.2,1.456,0.11,0.15,30,28.8134978045,1,0.453823581506,0.471834470546,0.0852725941645,2.77060979137,0.918304992622,0.31,1.307269204,0.1220580748,0.154738623515,2
179,0.118,0.155,1.2,1.456,0.11,0.15,142.5,141.628394337,1,0.396530053971,1.32624522032,0.429282436771,0.267193319735,0.0660654508893,0.31,0.3543638632,0.03129188469,0.311404445807,2
180,0.118,0.155,1.2,1.456,0.11,0.15,195,195.632911217,1,0.410593858046,1.36662940161,0.403790818976,0.274214473404,0.0738280477046,0.31,0.3747495617,0.03651404917,0.278936680775,2
181,0.118,0.155,1.2,1.456,0.15,0.25,105,104.184923553,1,0.375248754721,1.09447642397,0.221936764879,0.278820958786,0.058957038147,0.31,0.3051629659,0.02609241688,0.183870867552,2
182,0.118,0.155,1.2,1.456,0.15,0.25,127.5,127.391771542,1,0.380118081121,1.13532967015,0.168336236565,0.238233016814,0.0524057166886,0.31,0.2704730124,0.03124885549,0.0929306293105,2
183,0.118,0.155,1.2,1.456,0.15,0.25,142.5,142.392784723,1,0.349170466813,0.861023499967,0.104984449275,0.255124418565,0.0409949416112,0.31,0.2196681198,0.02181380683,0.0707510008139,2
184,0.118,0.155,1.2,1.456,0.15,0.25,157.5,157.465749411,1,0.356423111708,0.932056390334,0.355974678882,0.215638151709,0.0379286818306,0.31,0.2009869173,0.01897150218,0.37007583336,2
185,0.118,0.155,1.2,1.456,0.15,0.25,172.5,172.481788248,1,0.370985410504,0.845602916491,0.0920880751747,0.220071220748,0.0448482118681,0.31,0.1860928661,0.02026593512,0,2
186,0.118,0.155,1.2,1.456,0.15,0.25,187.5,187.522084985,1,0.364043177475,0.789033754985,0.296725072947,0.255494548904,0.0487636196367,0.31,0.2015938233,0.02581309683,0.353590967131,2
187,0.118,0.155,1.2,1.456,0.15,0.25,202.5,202.531342891,1,0.362345534699,0.897080386278,0.263291035566,0.234688826688,0.0440279532232,0.31,0.2105347433,0.02302215662,0.272366098245,2
188,0.118,0.155,1.2,1.456,0.15,0.25,225,225.424772553,1,0.418164051887,0.80984103273,0.209110853307,0.265225096925,0.0744338885947,0.31,0.2147901664,0.02011542923,0.240630300861,2
189,0.118,0.155,1.2,1.456,0.25,0.4,120,119.446285194,1,0.356121000431,0.750815408104,0.316469801371,0.197641540249,0.0346420953052,0.31,0.1483923137,0.01606720513,0.407357309003,2
190,0.118,0.155,1.2,1.456,0.25,0.4,142.5,142.461811847,1,0.37238227734,1.21243719985,0.503231758943,0.105435976986,0.0217537086994,0.31,0.1278345007,0.01534050698,0.397331667873,2
191,0.118,0.155,1.2,1.456,0.25,0.4,157.5,157.479596116,1,0.356141803909,0.934375590213,0.119003073097,0.127477120066,0.0223492458235,0.31,0.1191115093,0.01241993074,0.0731321043809,2
192,0.118,0.155,1.2,1.456,0.25,0.4,172.5,172.481553649,1,0.374665265577,1.09512050649,0.160337735763,0.103971598765,0.0218770824122,0.31,0.1138614299,0.01176698487,0.103711374504,2
193,0.118,0.155,1.2,1.456,0.25,0.4,187.5,187.529888712,1,0.427004975049,1.56766021536,0.303152186061,0.0717951718728,0.0210830099362,0.31,0.1125504346,0.01430780426,0.145722208381,2
194,0.118,0.155,1.2,1.456,0.25,0.4,210,210.225919835,1,0.357407958325,0.977892909443,0.224628031739,0.119776786363,0.0213056100184,0.31,0.1171288701,0.01294736308,0.201360246555,2
195,0.118,0.155,1.2,1.456,0.25,0.4,285,286.516686643,1,0.393541784378,0.980536830688,0.092157833289,0.263354469325,0.063846561736,0.31,0.2582287567,0.02427017728,0,2
196,0.118,0.155,1.2,1.456,0.4,0.6,37.5,36.5475406624,1,0.379591503213,0.713321091169,0.0562226245861,0.40261404402,0.0881988615828,0.31,0.2871930892,0.02263601825,0,2
197,0.118,0.155,1.2,1.456,0.4,0.6,135,134.656563758,1,0.371948011091,0.871970514789,0.406753613615,0.0774344857479,0.0159156263889,0.31,0.0675205884,0.009685138176,0.443875213605,2
198,0.118,0.155,1.2,1.456,0.4,0.6,157.5,157.439620334,1,0.393359601092,0.936397073188,0.197709924996,0.0676874187402,0.0163898310386,0.31,0.0633823008,0.007771564696,0.171887895764,2
199,0.118,0.155,1.2,1.456,0.4,0.6,172.5,172.502455547,1,0.412773626376,0.916908439691,0.1787358128,0.0580496776079,0.0158212867204,0.31,0.05322623932,0.01037555631,0,2
200,0.118,0.155,1.2,1.456,0.4,0.6,202.5,202.801710717,1,0.396944570855,1.48214531367,0.513306873578,0.0459358997071,0.0113884899488,0.31,0.06808367848,0.005896014584,0.335325038137,2
201,0.118,0.155,1.2,1.456,0.4,0.6,270,271.08592559,1,0.377466911423,1.20330086594,0.595385951336,0.0754854178543,0.016256774361,0.31,0.09083166867,0.012867336,0.474081308245,2
202,0.118,0.155,1.2,1.456,0.4,0.6,292.5,292.950763703,1,0.363116971932,0.881668192941,0.224858469214,0.144962756878,0.0274105888081,0.31,0.1278090519,0.01620090442,0.221306073334,2
203,0.118,0.155,1.2,1.456,0.4,0.6,322.5,323.51029202,1,0.366054802412,0.773126057899,0.20638994465,0.380739321605,0.0741182396235,0.31,0.2943594908,0.02331464847,0.254934589444,2
204,0.118,0.155,1.2,1.456,0.4,0.6,337.5,338.896173666,1,0.336171009789,0.512773512731,0.0233626268734,1.24798883311,0.162291088874,0.31,0.6399356178,0.02915629745,0,2
205,0.118,0.155,1.2,1.456,0.6,0.8,37.5,36.3971720868,1,0.394509098385,0.60939734928,0.0798399738207,0.233383088174,0.0569461567816,0.31,0.1422230353,0.01863329965,0,2
206,0.118,0.155,1.2,1.456,0.6,0.8,142.5,142.065432556,1,0.436917896812,0.753170668861,0.32205427321,0.0394177286071,0.0121363882464,0.31,0.02968827702,0.004691879964,0.397321027509,2
207,0.118,0.155,1.2,1.456,0.6,0.8,262.5,264.295199908,1,0.40737565279,0.944034096063,0.334358993895,0.0440750404922,0.011649069263,0.31,0.04160834101,0.00627805999,0.320434148181,2
208,0.118,0.155,1.456,1.912,0.11,0.15,7.5,7.39145572913,1,0.323806922042,0.849667998936,0.109036998942,2.65114044876,0.248004557149,0.31,2.2525892,0.0964085258,0.12098167437,4
209,0.118,0.155,1.456,1.912,0.11,0.15,22.5,22.2248219134,1,0.320428027076,0.949438772106,0.112828733122,2.00408112024,0.162492802133,0.31,1.902752318,0.07366151755,0.112354772329,4
210,0.118,0.155,1.456,1.912,0.11,0.15,37.5,37.1417318857,1,0.326461123992,1.27276020875,0.188938178972,1.26502245822,0.129483347783,0.31,1.610070248,0.06999824781,0.14193866926,4
211,0.118,0.155,1.456,1.912,0.11,0.15,52.5,52.1477790535,1,0.346764677084,1.27927908479,0.157763345644,1.01592280172,0.157863228079,0.31,1.299648792,0.08265395159,0.105658583926,4
212,0.118,0.155,1.456,1.912,0.11,0.15,67.5,67.1192983792,1,0.378942464934,0.638926249887,0.123969207132,1.2638740799,0.275447406732,0.31,0.8075223262,0.07992844137,0.166882070634,4
213,0.118,0.155,1.456,1.912,0.11,0.15,82.5,82.1818822265,1,0.40428408507,0.687369041293,0.0933269524712,0.813499392187,0.211111511496,0.31,0.5591742973,0.07592141911,0,4
214,0.118,0.155,1.456,1.912,0.11,0.15,97.5,97.2497671302,1,0.38474556271,0.878328597589,0.277855532875,0.526942622466,0.120079515571,0.31,0.4628287746,0.067254184,0.280996995861,4
215,0.118,0.155,1.456,1.912,0.11,0.15,112.5,112.276028122,1,0.374100326074,1.43203334769,0.362134031706,0.415302408189,0.0869669957036,0.31,0.5947268979,0.06021045267,0.231730796989,4
216,0.118,0.155,1.456,1.912,0.11,0.15,127.5,127.33144163,1,0.342771296488,1.08423459839,0.185407872642,0.472832925885,0.0691568251503,0.31,0.5126618175,0.04438460024,0.147467451059,4
217,0.118,0.155,1.456,1.912,0.11,0.15,142.5,142.404123214,1,0.344555674582,1.23404655848,0.251828996659,0.273550571637,0.0411405989893,0.31,0.3375741415,0.03038260827,0.183147787444,4
218,0.118,0.155,1.456,1.912,0.11,0.15,165,164.821712392,1,0.342155025025,1.4263964168,0.354548059172,0.213807569837,0.0309615665039,0.31,0.3049743515,0.02401103689,0.2357636202,4
219,0.118,0.155,1.456,1.912,0.11,0.15,285,286.345688356,1,0.385041674635,0.779562742114,0.331492038556,0.93312007758,0.21310528263,0.31,0.7274256464,0.08016605224,0.410699186634,4
220,0.118,0.155,1.456,1.912,0.11,0.15,307.5,307.852212486,1,0.334125228209,0.921510095379,0.0556563712864,1.28432380387,0.160101500296,0.31,1.183517351,0.07148080248,0,4
221,0.118,0.155,1.456,1.912,0.11,0.15,322.5,322.852112974,1,0.323376555504,0.95083733583,0.200531339723,1.56677296722,0.144214593326,0.31,1.489746234,0.06649486458,0.20612232154,4
222,0.118,0.155,1.456,1.912,0.11,0.15,337.5,337.78364113,1,0.324407939919,1.00644159459,0.169119979786,1.97924047924,0.189227309211,0.31,1.991989944,0.08908643842,0.161976946227,4
223,0.118,0.155,1.456,1.912,0.11,0.15,352.5,352.595967788,1,0.326784999285,0.962874162489,0.18635228027,2.47673879091,0.256057370778,0.31,2.384787789,0.1137694925,0.187565663374,4
224,0.118,0.155,1.456,1.912,0.15,0.25,7.5,7.2814077042,1,0.3186186259,0.859877863145,0.159389735793,2.35278356929,0.173178756208,0.31,2.023106508,0.0744108659,0.181677519147,4
225,0.118,0.155,1.456,1.912,0.15,0.25,22.5,21.989942466,1,0.316042151315,0.802546228211,0.134346938413,1.97633191366,0.121550701563,0.31,1.586097723,0.05227207987,0.164124730838,4
226,0.118,0.155,1.456,1.912,0.15,0.25,37.5,36.9563655667,1,0.316320831408,0.878339281138,0.193381140698,1.17059844536,0.0736535144895,0.31,1.028182597,0.03316429074,0.217791217303,4
227,0.118,0.155,1.456,1.912,0.15,0.25,52.5,51.999627232,1,0.322240910097,0.981697799065,0.0694284450873,0.741136974325,0.0651998552205,0.31,0.7275725365,0.03270402168,0.0546009242381,4
228,0.118,0.155,1.456,1.912,0.15,0.25,67.5,67.0992037763,1,0.346872284225,0.759294687955,0.0678328819599,0.623102734821,0.0969728473549,0.31,0.4731185966,0.04226685426,0,4
229,0.118,0.155,1.456,1.912,0.15,0.25,82.5,82.1581867946,1,0.406146299995,0.34325651215,0.0473239889359,0.99762526705,0.261778879383,0.31,0.3424413696,0.0472116071,0,4
230,0.118,0.155,1.456,1.912,0.15,0.25,97.5,97.2433393941,1,0.344253912478,0.471649492356,0.0466862928463,0.573064804225,0.0857890764268,0.31,0.270285724,0.02675427127,0,4
231,0.118,0.155,1.456,1.912,0.15,0.25,112.5,112.27003573,1,0.331838682744,0.787345568404,0.194819046141,0.273712221861,0.0324056213895,0.31,0.2155061049,0.05332435398,0,4
232,0.118,0.155,1.456,1.912,0.15,0.25,127.5,127.320119246,1,0.321823508023,1.03087581743,0.117322510481,0.239009810624,0.0206579296084,0.31,0.2463894339,0.01602726512,0.0933867437897,4
233,0.118,0.155,1.456,1.912,0.15,0.25,142.5,142.412586093,1,0.317242732692,0.833824349669,0.0578083095182,0.231431740602,0.015598827998,0.31,0.1929734206,0.01086545104,0.0404502885509,4
234,0.118,0.155,1.456,1.912,0.15,0.25,157.5,157.440941417,1,0.317111535063,0.854206242402,0.146470211162,0.232441813047,0.0155227379783,0.31,0.1985532477,0.01111480393,0.162074375145,4
235,0.118,0.155,1.456,1.912,0.15,0.25,172.5,172.470248637,1,0.322361303757,1.03862010386,0.0684191447174,0.200525911376,0.0177290425051,0.31,0.2082702429,0.01371981135,0,4
236,0.118,0.155,1.456,1.912,0.15,0.25,187.5,187.525710815,1,0.323803443959,0.824665417122,0.0620033038505,0.226663129821,0.0212007832942,0.31,0.1869212445,0.01405386291,0,4
237,0.118,0.155,1.456,1.912,0.15,0.25,202.5,202.563166675,1,0.330627618844,0.922449774404,0.161047636828,0.186530450193,0.0214425838197,0.31,0.1720649717,0.0133520647,0.156393675471,4
238,0.118,0.155,1.456,1.912,0.15,0.25,225,225.564920307,1,0.369087605361,1.1457379064,0.217370403941,0.171585393921,0.0343709402522,0.31,0.19659189,0.02276056385,0.150299698688,4
239,0.118,0.155,1.456,1.912,0.15,0.25,285,286.51518123,1,0.35712687286,1.0564350491,0.349506115612,0.429280940921,0.0761167323764,0.31,0.4535074319,0.03846069685,0.319780866288,4
240,0.118,0.155,1.456,1.912,0.15,0.25,307.5,307.971616579,1,0.32093574466,0.789816292826,0.0515226437766,0.884388628526,0.0734615177119,0.31,0.698504548,0.03148278388,0.0471590787231,4
241,0.118,0.155,1.456,1.912,0.15,0.25,322.5,323.017173652,1,0.31497892809,0.805302325449,0.138063277333,1.26192085244,0.070393527902,0.31,1.016227797,0.03258888304,0.168416871582,4
242,0.118,0.155,1.456,1.912,0.15,0.25,337.5,337.99420254,1,0.315740992456,0.954353808077,0.101194416055,1.59365678549,0.095518080768,0.31,1.520912422,0.04928450216,0.100961659312,4
243,0.118,0.155,1.456,1.912,0.15,0.25,352.5,352.700912217,1,0.320023620037,0.845825055587,0.114689832054,2.37590851291,0.188808015397,0.31,2.00960295,0.07459811065,0.130415135548,4
244,0.118,0.155,1.456,1.912,0.25,0.4,7.5,6.72597189008,1,0.325334145974,0.970265403224,0.0491320974183,2.40186795309,0.237071868571,0.31,2.330449378,0.09766237856,0.0284250030467,4
245,0.118,0.155,1.456,1.912,0.25,0.4,22.5,21.5971125111,1,0.315031759268,0.848452260432,0.111540866482,1.29701384193,0.072737032894,0.31,1.100454326,0.03401712776,0.127778006857,4
246,0.118,0.155,1.456,1.912,0.25,0.4,37.5,36.7345454903,1,0.314145370404,0.813901070304,0.171314558471,0.742008363589,0.0377427333142,0.31,0.6039214013,0.01807504999,0.208346989027,4
247,0.118,0.155,1.456,1.912,0.25,0.4,52.5,51.9079845784,1,0.320887536572,0.795363788317,0.101440476925,0.437400502525,0.0362510061539,0.31,0.3478925207,0.01764385736,0.117022336685,4
248,0.118,0.155,1.456,1.912,0.25,0.4,67.5,67.0046003038,1,0.385907045048,0.938887472164,0.144902431994,0.239791173357,0.0551124670282,0.31,0.2251369286,0.03474632419,0,3
249,0.118,0.155,1.456,1.912,0.25,0.4,105,103.994790909,1,0.344045166045,1.15415278609,0.297296399472,0.12615432684,0.0188249464283,0.31,0.1456013678,0.01538626471,0.234914502667,4
250,0.118,0.155,1.456,1.912,0.25,0.4,127.5,127.362121135,1,0.329077482986,0.91482998652,0.079094396024,0.102829767428,0.0113541897814,0.31,0.09407175475,0.008133258348,0,4
251,0.118,0.155,1.456,1.912,0.25,0.4,142.5,142.408989314,1,0.320501381035,1.16828045473,0.072683319562,0.0909561145781,0.00740113165267,0.31,0.1062622509,0.006610992342,0,4
252,0.118,0.155,1.456,1.912,0.25,0.4,157.5,157.462058061,1,0.319412913381,1.04622719762,0.298312185026,0.0887686003108,0.0068326508323,0.31,0.09287212394,0.006430463121,0.276596673245,4
253,0.118,0.155,1.456,1.912,0.25,0.4,172.5,172.484013843,1,0.321584456554,0.844368273214,0.0637955951559,0.097166747843,0.00831134320886,0.31,0.08204451909,0.006198810508,0,4
254,0.118,0.155,1.456,1.912,0.25,0.4,187.5,187.520323932,1,0.333454573488,1.42901636519,0.417310935925,0.0723594703453,0.00888931088985,0.31,0.1034028673,0.01011651733,0.27515036298,4
255,0.118,0.155,1.456,1.912,0.25,0.4,202.5,202.545836169,1,0.334250682043,0.940222773332,0.0924022873109,0.0996133906841,0.0124510834912,0.31,0.09365877845,0.009204505146,0,4
256,0.118,0.155,1.456,1.912,0.25,0.4,217.5,217.594990749,1,0.418583218393,0.828028018933,0.33382921797,0.0747785765991,0.0210328503128,0.31,0.06191875664,0.008666204259,0.378087739893,4
257,0.118,0.155,1.456,1.912,0.25,0.4,255,255.962577128,1,0.354174992791,1.06773961364,0.277824176142,0.123081788595,0.0210825579228,0.31,0.1314193014,0.01173676059,0.24439180282,4
258,0.118,0.155,1.456,1.912,0.25,0.4,277.5,277.857510039,1,0.339686439352,0.868186290538,0.184326659532,0.193176160725,0.0268277645862,0.31,0.1677128944,0.01563423877,0.190752489213,4
259,0.118,0.155,1.456,1.912,0.25,0.4,292.5,292.972790355,1,0.342057322778,1.0697669877,0.228454538807,0.2598318789,0.037566345385,0.31,0.2779595664,0.02254197695,0.197557649721,4
260,0.118,0.155,1.456,1.912,0.25,0.4,307.5,308.076101064,1,0.321236941437,0.985449416015,0.240216795297,0.377974475957,0.0318333786974,0.31,0.3724747266,0.01827022736,0.23877761328,4
261,0.118,0.155,1.456,1.912,0.25,0.4,322.5,323.240335263,1,0.314221795751,0.843493488269,0.122969449571,0.712946531969,0.0365994900571,0.31,0.6013657572,0.01781183664,0.142745375911,4
262,0.118,0.155,1.456,1.912,0.25,0.4,337.5,338.380117956,1,0.314488935183,0.853297984478,0.188322629544,1.42282973367,0.0753332967433,0.31,1.214097744,0.03762519973,0.218513093779,4
263,0.118,0.155,1.456,1.912,0.25,0.4,352.5,353.246751254,1,0.320629338704,1.09869763148,0.131774876032,2.28239465542,0.186866284482,0.31,2.507661602,0.09554210319,0.113724889891,4
264,0.118,0.155,1.456,1.912,0.4,0.6,22.5,21.0488836253,1,0.316790180676,0.567267090429,0.0805582718061,1.10353956851,0.0719928998398,0.31,0.6260016802,0.02137300369,0.13784590896,4
265,0.118,0.155,1.456,1.912,0.4,0.6,37.5,36.5241971672,1,0.314716033302,0.701368438939,0.107455060035,0.420530594086,0.0228258707834,0.31,0.2949468863,0.009585324092,0.14972125716,4
266,0.118,0.155,1.456,1.912,0.4,0.6,120,119.316825356,1,0.357463374115,1.24301335613,0.430148161142,0.0402536309955,0.00716470123316,0.31,0.05003580096,0.005784401912,0.326171600334,4
267,0.118,0.155,1.456,1.912,0.4,0.6,142.5,142.433773281,1,0.332569052918,1.0337983801,0.39606996943,0.0416752858386,0.00501874531669,0.31,0.04308384299,0.004170019774,0.370693626384,4
268,0.118,0.155,1.456,1.912,0.4,0.6,157.5,157.423505113,1,0.32609655012,1.09348159494,0.233908104233,0.0454655075678,0.00460055224485,0.31,0.04971569573,0.004692205185,0.191964397361,4
269,0.118,0.155,1.456,1.912,0.4,0.6,172.5,172.482872052,1,0.331290009589,1.27593565125,0.3159171333,0.0396551479773,0.00463355946019,0.31,0.05059741706,0.005188699213,0.225361409757,4
270,0.118,0.155,1.456,1.912,0.4,0.6,187.5,187.523617931,1,0.355780432039,1.40514066478,0.163667420425,0.032478131666,0.00567017541825,0.31,0.04563634352,0.00531561203,0,4
271,0.118,0.155,1.456,1.912,0.4,0.6,210,210.268386756,1,0.366754717499,1.35144908469,0.417290247075,0.0277962543876,0.0054475710931,0.31,0.03756522255,0.004235303975,0.287452455283,4
272,0.118,0.155,1.456,1.912,0.4,0.6,247.5,247.682223133,1,0.392367812335,1.40819838463,0.629239468336,0.0527591496345,0.0126899190913,0.31,0.07429534929,0.01090396357,0.422049829997,4
273,0.118,0.155,1.456,1.912,0.4,0.6,262.5,262.778930545,1,0.338179897421,0.755276888791,0.076639070558,0.0672617485242,0.00909045530325,0.31,0.05080124416,0.005154877891,0,4
274,0.118,0.155,1.456,1.912,0.4,0.6,277.5,277.866319535,1,0.32667415043,0.759296692194,0.0696798023283,0.0849983052653,0.00875771348862,0.31,0.06453893203,0.005351953806,0.0393040585606,4
275,0.118,0.155,1.456,1.912,0.4,0.6,292.5,293.019384775,1,0.327361386824,0.772552047773,0.125174738792,0.108482619458,0.0114115659536,0.31,0.08380846981,0.007016486145,0.138722082922,4
276,0.118,0.155,1.456,1.912,0.4,0.6,307.5,308.197015122,1,0.327611014131,0.895454790702,0.0613473711044,0.159681855728,0.0169209857256,0.31,0.1429878827,0.009796062062,0,4
277,0.118,0.155,1.456,1.912,0.4,0.6,322.5,323.507440322,1,0.314861887618,0.769233762776,0.0298550709282,0.37132710981,0.0204668559762,0.31,0.2856373499,0.009171432567,0.0218027960357,4
278,0.118,0.155,1.456,1.912,0.4,0.6,337.5,338.956394928,1,0.315735791066,0.549855418101,0.116394713163,1.36103835875,0.0815384638387,0.31,0.7483743158,0.02489411856,0.209052448771,4
279,0.118,0.155,1.456,1.912,0.6,0.8,22.5,20.8142029579,1,0.321187018306,0.725758619922,0.0609817267485,0.561175784235,0.0471558009233,0.31,0.4072781627,0.01692136274,0.0730340920761,4
280,0.118,0.155,1.456,1.912,0.6,0.8,37.5,36.4396726094,1,0.320531340753,0.917322709614,0.177684035285,0.162160724291,0.0132141991308,0.31,0.148753715,0.006864950286,0.188120462229,4
281,0.118,0.155,1.456,1.912,0.6,0.8,52.5,51.7658561237,1,0.346084827451,0.900256539672,0.115974974673,0.0892489491154,0.0137323677361,0.31,0.0803469501,0.007144078588,0.0932189560849,4
282,0.118,0.155,1.456,1.912,0.6,0.8,75,73.1588260694,1,0.37441440204,1.00059962961,0.110002308022,0.0359482090795,0.00754793790394,0.31,0.03596976469,0.003954385968,0,4
283,0.118,0.155,1.456,1.912,0.6,0.8,135,134.581818068,1,0.36271841821,0.886577781742,0.256365233844,0.0218099267974,0.00410725864661,0.31,0.01933619652,0.002601025476,0.255969824373,4
284,0.118,0.155,1.456,1.912,0.6,0.8,157.5,157.48643698,1,0.359801094589,0.99691029105,0.31725411015,0.0213789867968,0.0039046264304,0.31,0.02131293195,0.003695129594,0.266863510805,4
285,0.118,0.155,1.456,1.912,0.6,0.8,172.5,172.50132558,1,0.365669659489,0.769302064273,0.322664635772,0.0228978443944,0.00444090099337,0.31,0.01761535896,0.002929429191,0.385047871298,4
286,0.118,0.155,1.456,1.912,0.6,0.8,195,195.10379816,1,0.427590851832,1.13088179366,0.316196135813,0.0119313892713,0.00351386881857,0.31,0.0134929909,0.002157922574,0.229346051158,4
287,0.118,0.155,1.456,1.912,0.6,0.8,255,255.845702021,1,0.354943099684,1.06747253327,0.217567835971,0.0224164533833,0.00387516906564,0.31,0.02392894828,0.002872683065,0.164708150917,4
288,0.118,0.155,1.456,1.912,0.6,0.8,277.5,277.859699947,1,0.33749069005,0.878125393545,0.294644293486,0.0440998637036,0.00588365002746,0.31,0.03872521017,0.00448301787,0.314935136073,4
289,0.118,0.155,1.456,1.912,0.6,0.8,292.5,293.009169303,1,0.351040331606,1.02875688981,0.104409843124,0.0432245216732,0.00711950182103,0.31,0.04446752448,0.004513065527,0,4
290,0.118,0.155,1.456,1.912,0.6,0.8,307.5,308.266697571,1,0.384688771458,1.22167288846,0.164112510585,0.0609124501682,0.0138748682092,0.31,0.07441508894,0.009996495123,0,4
291,0.118,0.155,1.456,1.912,0.6,0.8,322.5,323.541379078,1,0.325613224154,0.87271601767,0.168702378547,0.164219254716,0.0163593798461,0.31,0.143316774,0.006596771022,0.187747213799,4
292,0.118,0.155,1.456,1.912,0.6,0.8,337.5,339.221075834,1,0.319046029485,0.747841576921,0.0752087473649,0.592025510433,0.0446591685372,0.31,0.4427412913,0.01725295539,0.0927110056531,4
293,0.118,0.155,1.456,1.912,0.8,1,37.5,36.4491216085,1,0.339615539244,0.741824856199,0.390800090712,0.0873301136766,0.0121130092911,0.31,0.06478364902,0.004749035092,0.521683865385,4
294,0.118,0.155,1.456,1.912,0.8,1,52.5,51.7697601255,1,0.378977242277,0.738291666337,0.132568957894,0.0472398334835,0.0102982566301,0.31,0.03487677538,0.006262535496,0,4
295,0.118,0.155,1.456,1.912,0.8,1,135,134.650939072,1,0.410079522664,0.667278924242,0.160645997157,0.0169380876563,0.0045470237132,0.31,0.01130242891,0.002017574129,0.161537731588,3
296,0.118,0.155,1.456,1.912,0.8,1,165,164.909819381,1,0.358399542983,0.533967290421,0.174649809518,0.018110256923,0.00325734166224,0.31,0.009670284818,0.00137371219,0.294620853607,4
297,0.118,0.155,1.456,1.912,0.8,1,247.5,248.940211169,1,0.376978399682,0.706135462885,0.330286167064,0.0155355467847,0.00333246400767,0.31,0.01097020052,0.002004227474,0.430581223969,4
298,0.118,0.155,1.456,1.912,0.8,1,277.5,277.841933351,1,0.389072607217,0.877192653225,0.13514634958,0.0218172183723,0.00512948247534,0.31,0.01913790367,0.002948517421,0,4
299,0.118,0.155,1.456,1.912,0.8,1,292.5,292.999244884,1,0.398887169682,0.524594219655,0.162502479218,0.0340094445603,0.00853704628471,0.31,0.01784115803,0.003354725907,0.246170244699,4
300,0.118,0.155,1.456,1.912,0.8,1,322.5,323.540794935,1,0.341887483015,1.14101078029,0.30848193221,0.0737048907451,0.0106265612063,0.31,0.0840980749,0.005957437148,0.260912853352,4
301,0.118,0.155,1.912,2.51,0.11,0.15,7.5,7.36327005445,1,0.316064777603,1.25820474563,0.163195627262,4.49425275069,0.276932909403,0.31,5.654690139,0.1858054337,0.125474037128,4
302,0.118,0.155,1.912,2.51,0.11,0.15,22.5,22.1446490478,1,0.315723409134,1.39967007421,0.129435493199,2.87097631794,0.171809908939,0.31,4.018419636,0.1199178882,0.0875283388228,4
303,0.118,0.155,1.912,2.51,0.11,0.15,37.5,37.0428219234,1,0.317727528213,1.43525621981,0.124027227788,2.01413760352,0.140279763374,0.31,2.890803523,0.08973906333,0.0806463564602,4
304,0.118,0.155,1.912,2.51,0.11,0.15,52.5,52.0901504023,1,0.321611881013,1.35636316222,0.0496806731768,1.45667426471,0.124749519467,0.31,1.975779312,0.07236855807,0,4
305,0.118,0.155,1.912,2.51,0.11,0.15,67.5,67.1552936273,1,0.331940297384,1.28923671786,0.0641768224664,1.10851917976,0.131556341098,0.31,1.429143629,0.0711412386,0,4
306,0.118,0.155,1.912,2.51,0.11,0.15,82.5,82.1820430408,1,0.362446512044,1.07154339739,0.147697592344,0.922096138159,0.173166301418,0.31,0.9880660286,0.05777077258,0.124820991756,4
307,0.118,0.155,1.912,2.51,0.11,0.15,195,195.168275037,1,0.384220875259,1.19137097026,0.137508926883,0.329693288156,0.0748379661147,0.31,0.3927870126,0.04095765958,0.0494851753934,4
308,0.118,0.155,1.912,2.51,0.11,0.15,270,271.273410048,1,0.406878824448,0.903036590979,0.0562970092745,0.994131020125,0.261987717762,0.31,0.8977366874,0.05596660326,0,4
309,0.118,0.155,1.912,2.51,0.11,0.15,292.5,292.87520481,1,0.332982968203,1.19143044414,0.092659700768,1.4119326741,0.171639318394,0.31,1.682219573,0.07498950584,0.0637281846394,4
310,0.118,0.155,1.912,2.51,0.11,0.15,307.5,307.897854615,1,0.318129930246,1.36668301692,0.0442201917708,1.5023052497,0.107356004173,0.31,2.053175071,0.06643222624,0,4
311,0.118,0.155,1.912,2.51,0.11,0.15,322.5,322.892993223,1,0.315800995341,1.30794658235,0.116718458014,2.16336998558,0.130346742796,0.31,2.829572379,0.0834074979,0.084228927943,4
312,0.118,0.155,1.912,2.51,0.11,0.15,337.5,337.859104896,1,0.316667039144,1.52236607374,0.0737487009719,2.93775443512,0.189889267601,0.31,4.472337685,0.1472705836,0.0355307857884,4
313,0.118,0.155,1.912,2.51,0.11,0.15,352.5,352.635266843,1,0.318606379575,1.34865832077,0.172870922769,3.9825486658,0.292927895666,0.31,5.371097396,0.2260822879,0.121071567877,4
314,0.118,0.155,1.912,2.51,0.15,0.25,7.5,7.1275361537,1,0.314682712682,1.26291076121,0.263513766517,4.66907236134,0.252527747078,0.31,5.89662173,0.1747549042,0.206540458012,4
315,0.118,0.155,1.912,2.51,0.15,0.25,22.5,21.8465284893,1,0.312621726322,1.1981345194,0.226165360272,2.90808141122,0.117493102858,0.31,3.484272724,0.08609557969,0.187140306172,4
316,0.118,0.155,1.912,2.51,0.15,0.25,37.5,36.8565408599,1,0.312351411806,1.19475924729,0.255699018887,1.58927884618,0.0607970195784,0.31,1.898805598,0.04550947216,0.212670922102,4
317,0.118,0.155,1.912,2.51,0.15,0.25,52.5,51.9765452347,1,0.31416642502,1.15362758178,0.154710676345,0.988589903719,0.0504136518456,0.31,1.14046458,0.032067889,0.13112709867,4
318,0.118,0.155,1.912,2.51,0.15,0.25,67.5,67.0656646568,1,0.318747974613,0.966936059262,0.114881035314,0.774414768823,0.0574335529411,0.31,0.7488095648,0.02685265522,0.113268207248,4
319,0.118,0.155,1.912,2.51,0.15,0.25,82.5,82.169028679,1,0.34663870312,0.826788206036,0.115095640343,0.657833426178,0.102035012544,0.31,0.5438889183,0.02772081468,0.129542225597,4
320,0.118,0.155,1.912,2.51,0.15,0.25,97.5,97.2106658753,1,0.351147002719,1.26981092802,0.104368441373,0.33598552492,0.0554164481393,0.31,0.4266380912,0.03506628556,0,4
321,0.118,0.155,1.912,2.51,0.15,0.25,112.5,112.264530453,1,0.331801162525,1.08204896262,0.17264584495,0.284037804959,0.0335982164592,0.31,0.3073428122,0.0258068901,0.135672661672,4
322,0.118,0.155,1.912,2.51,0.15,0.25,127.5,127.298178338,1,0.322007811752,1.25049070593,0.0738777971078,0.220848654924,0.019239240213,0.31,0.2761691904,0.01631581212,0,4
323,0.118,0.155,1.912,2.51,0.15,0.25,142.5,142.360288692,1,0.318267962538,1.05573591066,0.160939725365,0.257836718968,0.0185830276556,0.31,0.2722074833,0.0147085368,0.142545484234,4
324,0.118,0.155,1.912,2.51,0.15,0.25,157.5,157.44782091,1,0.319441245422,1.11190865802,0.207214939404,0.206141224682,0.0158912146599,0.31,0.2292102125,0.01396042077,0.176125842585,4
325,0.118,0.155,1.912,2.51,0.15,0.25,172.5,172.482297874,1,0.328393472691,1.33011880137,0.224752735,0.179784265326,0.0194817409673,0.31,0.2391344315,0.01626317515,0.154681462591,4
326,0.118,0.155,1.912,2.51,0.15,0.25,187.5,187.546643486,1,0.340832733062,1.27738366455,0.106553450603,0.178050680317,0.025222279996,0.31,0.2274390305,0.01897191437,0,4
327,0.118,0.155,1.912,2.51,0.15,0.25,210,210.343086538,1,0.34718604957,1.60459478782,0.29966105274,0.177661581394,0.027773314585,0.31,0.2850748475,0.02291929134,0.168560093079,4
328,0.118,0.155,1.912,2.51,0.15,0.25,292.5,292.958554408,1,0.318990996663,1.23570972086,0.288900672343,0.654991190596,0.0492562779944,0.31,0.8093789813,0.0289839938,0.231034513523,4
329,0.118,0.155,1.912,2.51,0.15,0.25,307.5,308.023508004,1,0.313488664789,1.17977352608,0.269318462253,1.04463011057,0.0487199060268,0.31,1.232426949,0.03262347132,0.226739843759,4
330,0.118,0.155,1.912,2.51,0.15,0.25,322.5,323.117297904,1,0.312167248351,1.10956880368,0.225541797457,1.75632120471,0.0644928929047,0.31,1.948759218,0.04550957766,0.201923828744,4
331,0.118,0.155,1.912,2.51,0.15,0.25,337.5,338.13357229,1,0.312938474526,1.25086896,0.188108136359,2.76714086583,0.118389942811,0.31,3.461330617,0.08867751452,0.148183596581,4
332,0.118,0.155,1.912,2.51,0.15,0.25,352.5,352.855723574,1,0.315064656146,1.34821988179,0.16135854691,4.21852528273,0.237354849969,0.31,5.687499658,0.1738678582,0.11571259415,4
333,0.118,0.155,1.912,2.51,0.25,0.4,22.5,21.3019673875,1,0.315027537236,0.684582144349,0.0945177227761,2.81010684529,0.157525206163,0.31,1.92374897,0.06106380411,0.134367938253,4
334,0.118,0.155,1.912,2.51,0.25,0.4,37.5,36.6749218263,1,0.312286227758,0.95631551764,0.168875650524,0.97703540146,0.0368523461165,0.31,0.9343541157,0.0228011699,0.174895613634,4
335,0.118,0.155,1.912,2.51,0.25,0.4,52.5,51.847441894,1,0.314281407322,1.02215999575,0.12827884865,0.487564921804,0.0252066961645,0.31,0.4983693584,0.01546166145,0.121602559381,4
336,0.118,0.155,1.912,2.51,0.25,0.4,75,73.1265764933,1,0.326013579848,0.912971471553,0.0375890078723,0.297717247766,0.0300456362168,0.31,0.2718073538,0.01119089597,0,4
337,0.118,0.155,1.912,2.51,0.25,0.4,105,103.870200316,1,0.337728816364,1.26191637966,0.0861304265644,0.126580981018,0.0169640964212,0.31,0.1597346133,0.01090247389,0,4
338,0.118,0.155,1.912,2.51,0.25,0.4,127.5,127.300405487,1,0.324397456176,1.05633981802,0.0821930263486,0.112498098692,0.0107514931277,0.31,0.1188362211,0.00924655919,0,4
339,0.118,0.155,1.912,2.51,0.25,0.4,142.5,142.377894264,1,0.320298412989,1.25807339916,0.152173216798,0.100877577321,0.00812742372697,0.31,0.1269113966,0.007516580989,0.105464884169,4
340,0.118,0.155,1.912,2.51,0.25,0.4,157.5,157.432941003,1,0.320502667155,1.47002175599,0.219487529135,0.078121728697,0.00635718880696,0.31,0.1148406408,0.007155196374,0.135687951733,4
341,0.118,0.155,1.912,2.51,0.25,0.4,172.5,172.462929404,1,0.329099710842,1.49639668758,0.363471890617,0.0652827049544,0.0072126664316,0.31,0.09768882345,0.007346665586,0.230962599554,4
342,0.118,0.155,1.912,2.51,0.25,0.4,187.5,187.522457686,1,0.341281104565,1.24872485727,0.513587588206,0.0873883435288,0.0124732258588,0.31,0.1091239968,0.01103259132,0.398669869085,4
343,0.118,0.155,1.912,2.51,0.25,0.4,202.5,202.547272912,1,0.368122863213,1.39274491018,0.144207302673,0.0727902067056,0.0144510913462,0.31,0.1013781899,0.01049687937,0,4
344,0.118,0.155,1.912,2.51,0.25,0.4,232.5,234.183484909,1,0.347382198156,1.12098979678,0.144594785732,0.104810135326,0.0164302688158,0.31,0.1174910923,0.01515499906,0,4
345,0.118,0.155,1.912,2.51,0.25,0.4,262.5,262.804969058,1,0.343313144142,1.83203270146,0.997584630167,0.0982490072675,0.0144942811363,0.31,0.1799953942,0.01632873267,0.536913438914,4
346,0.118,0.155,1.912,2.51,0.25,0.4,277.5,277.87055994,1,0.346722484479,1.49277076711,0.29477793938,0.143790236605,0.0223298789691,0.31,0.2146458618,0.01694106584,0.181011802554,4
347,0.118,0.155,1.912,2.51,0.25,0.4,292.5,293.006161174,1,0.324711652507,1.03477509863,0.135135574882,0.30987735231,0.0299439301754,0.31,0.3206533678,0.01385974151,0.123233787509,4
348,0.118,0.155,1.912,2.51,0.25,0.4,307.5,308.155661205,1,0.314446672155,1.04629936142,0.153229633729,0.484828832556,0.0255478096919,0.31,0.5072760979,0.01474332993,0.143536227579,4
349,0.118,0.155,1.912,2.51,0.25,0.4,322.5,323.335088907,1,0.312142970309,1.0026867122,0.132811546251,0.971495723184,0.035472685552,0.31,0.9741058526,0.02329454862,0.130279075221,4
350,0.118,0.155,1.912,2.51,0.25,0.4,337.5,338.699459426,1,0.314644983391,0.705167209903,0.0549856670663,2.70322432358,0.145609864428,0.31,1.906225154,0.05958384867,0.0714361599045,4
351,0.118,0.155,1.912,2.51,0.4,0.6,37.5,36.4819013384,1,0.313248567215,0.775264932521,0.113835642852,0.482402338236,0.0217063087995,0.31,0.3739896162,0.01040022915,0.144177108517,4
352,0.118,0.155,1.912,2.51,0.4,0.6,52.5,51.7979906863,1,0.317878347681,0.750054124698,0.0287962558824,0.261953826838,0.0184238365533,0.31,0.1964795483,0.007543289427,0,4
353,0.118,0.155,1.912,2.51,0.4,0.6,67.5,66.9807318873,1,0.390906752372,0.581433426869,0.0486414146746,0.163896861457,0.0390295140029,0.31,0.09529511381,0.007972175202,0,4
354,0.118,0.155,1.912,2.51,0.4,0.6,112.5,112.267319546,1,0.382373072943,0.671852081915,0.104108414592,0.0700637646397,0.015683827614,0.31,0.04707248614,0.007294227457,0,4
355,0.118,0.155,1.912,2.51,0.4,0.6,127.5,127.313579187,1,0.351765205913,0.864300513201,0.306940121699,0.043133750496,0.00717094678973,0.31,0.03728052269,0.003994464032,0.338582205495,4
356,0.118,0.155,1.912,2.51,0.4,0.6,142.5,142.385731893,1,0.33218588376,0.938746245652,0.0734529805002,0.0443406059335,0.00529261578456,0.31,0.04162457735,0.003256949663,0,4
357,0.118,0.155,1.912,2.51,0.4,0.6,157.5,157.433952227,1,0.330217882148,0.811850628365,0.159298784873,0.0411343490086,0.00467989769314,0.31,0.03339494709,0.003022754353,0.174092029274,4
358,0.118,0.155,1.912,2.51,0.4,0.6,172.5,172.482759118,1,0.3364862348,0.917524946686,0.0915634674275,0.0438888858286,0.00574307263957,0.31,0.04026914763,0.004018618568,0,4
359,0.118,0.155,1.912,2.51,0.4,0.6,187.5,187.501133125,1,0.357822624006,0.777136030977,0.0975482698024,0.0504942778173,0.00902379935178,0.31,0.03924092265,0.004925629436,0,4
360,0.118,0.155,1.912,2.51,0.4,0.6,217.5,218.593864979,1,0.381907415693,1.07249344124,0.159932462356,0.0371150697051,0.00827868033631,0.31,0.03980566883,0.003461542835,0.121141127865,4
361,0.118,0.155,1.912,2.51,0.4,0.6,247.5,247.725086775,1,0.361086536789,1.05940002068,0.0977145738779,0.0437267931428,0.00809636581107,0.31,0.04632416556,0.004272744959,0,4
362,0.118,0.155,1.912,2.51,0.4,0.6,262.5,262.813581098,1,0.335136855862,1.07199243095,0.0917153442081,0.0597061216123,0.00760326741388,0.31,0.06400451045,0.005475967495,0,4
363,0.118,0.155,1.912,2.51,0.4,0.6,277.5,277.921945332,1,0.331437872312,0.951369501967,0.144865760839,0.0932247558984,0.0109319942341,0.31,0.08869118959,0.007300618531,0.128103943226,4
364,0.118,0.155,1.912,2.51,0.4,0.6,292.5,293.019711061,1,0.345170475159,1.02821673696,0.0775781358189,0.116694019448,0.0177139280344,0.31,0.1199867439,0.00905290449,0,4
365,0.118,0.155,1.912,2.51,0.4,0.6,307.5,308.163272934,1,0.317849787622,0.833604961062,0.0313669630421,0.23607595227,0.0165732842678,0.31,0.196794085,0.00740498567,0,4
366,0.118,0.155,1.912,2.51,0.4,0.6,322.5,323.502809952,1,0.313654662121,0.826956242323,0.0991136607946,0.473838980524,0.0226217650692,0.31,0.3918441028,0.01072269091,0.116687844428,4
367,0.118,0.155,1.912,2.51,0.6,0.8,22.5,21.0143140219,1,0.325930408816,1.20144362576,0.279749238342,0.415897631804,0.0418605282205,0.31,0.4996775587,0.02926118499,0.225360055892,4
368,0.118,0.155,1.912,2.51,0.6,0.8,37.5,36.515544868,1,0.316496260016,1.18122374377,0.0426806750713,0.170051570128,0.010848547311,0.31,0.2008689523,0.00725791581,0,4
369,0.118,0.155,1.912,2.51,0.6,0.8,127.5,126.067365792,1,0.35405080764,1.55579513853,0.150946648258,0.0161407222957,0.00276058140137,0.31,0.02511165728,0.002436387931,0,4
370,0.118,0.155,1.912,2.51,0.6,0.8,157.5,157.456507706,1,0.402054395727,2.33440861484,1.55847049936,0.0084960336609,0.00217517937214,0.31,0.01983321417,0.002608427835,0.654525612336,4
371,0.118,0.155,1.912,2.51,0.6,0.8,187.5,187.669166934,1,0.352813779498,1.10482194482,0.126068502023,0.0148528191416,0.00250205263214,0.31,0.01640972053,0.00187247266,0,4
372,0.118,0.155,1.912,2.51,0.6,0.8,240,240.746134921,1,0.401896136181,2.69319084896,0.320410079415,0.0130914935656,0.00334846790305,0.31,0.03525789067,0.004194646493,0,4
373,0.118,0.155,1.912,2.51,0.6,0.8,262.5,262.800966212,1,0.376172390848,1.63210978182,0.205157950986,0.0162250716679,0.00345733654431,0.31,0.02648109818,0.003328702458,0,4
374,0.118,0.155,1.912,2.51,0.6,0.8,277.5,277.941627806,1,0.347757957947,1.47345062723,0.151362559819,0.0343270012889,0.00540969986983,0.31,0.05057914158,0.005195822786,0,4
375,0.118,0.155,1.912,2.51,0.6,0.8,292.5,293.005183827,1,0.376609994861,1.10422958037,0.170051417618,0.0499078580755,0.0106731765171,0.31,0.05510973318,0.008486902016,0,4
376,0.118,0.155,1.912,2.51,0.6,0.8,307.5,308.224667242,1,0.343627874997,1.49974979134,0.103704338584,0.0642852411096,0.00953073231391,0.31,0.09641177694,0.00666665841,0,4
377,0.118,0.155,1.912,2.51,0.6,0.8,322.5,323.469112065,1,0.317449701262,1.34301070056,0.0653008999527,0.150303447929,0.0102760883748,0.31,0.2018591389,0.007207907379,0.0330021261123,4
378,0.118,0.155,1.912,2.51,0.6,0.8,337.5,338.970153392,1,0.323782970555,1.071852559,0.213845348813,0.500064366874,0.0467377290071,0.31,0.5359952713,0.02940591508,0.191818634519,4
379,0.155,0.204,1.2,1.456,0.15,0.25,7.5,7.37643858713,1,0.459226235095,0.668972288538,0.0972296724189,0.615988110361,0.208699767165,0.31,0.4120789759,0.05924579437,0.02129798487,2
380,0.155,0.204,1.2,1.456,0.15,0.25,105,104.473019309,1,0.411500984215,1.06608221238,0.30191993684,0.267165474474,0.0722992720587,0.31,0.2848203601,0.0298169599,0.263145950556,2
381,0.155,0.204,1.2,1.456,0.15,0.25,142.5,142.069760959,1,0.484269269984,0.933089165166,0.303747400989,0.160031884491,0.0595388998346,0.31,0.1493240175,0.02204895874,0.290113725436,2
382,0.155,0.204,1.2,1.456,0.25,0.4,127.5,126.874356744,1,0.403821616007,0.998204266099,0.301928996935,0.141563873847,0.0366352146586,0.31,0.1413096628,0.01597012928,0.280565476891,2
383,0.155,0.204,1.2,1.456,0.25,0.4,187.5,187.685651663,1,0.456413688193,0.844823157119,0.12174602153,0.0940702381206,0.0315119087398,0.31,0.07947271556,0.01077314599,0.0489007579173,2
384,0.155,0.204,1.2,1.456,0.6,0.8,60,58.2690138951,1,0.583039230403,0.659254464943,0.386438983481,0.0800286987886,0.0395178719761,0.31,0.052759277,0.01289120399,0.532822633618,2
385,0.155,0.204,1.2,1.456,0.6,0.8,277.5,279.248696627,1,0.510952080412,0.92214086821,0.320614826152,0.0594676852642,0.0241538403534,0.31,0.05483758292,0.01064202147,0.288485850594,2
386,0.155,0.204,1.456,1.912,0.11,0.15,7.5,7.41933822587,1,0.337419865812,0.933732073581,0.136394613555,0.604603741665,0.0805557422774,0.31,0.5645379054,0.05224143619,0.113024139088,4
387,0.155,0.204,1.456,1.912,0.11,0.15,22.5,22.3042187533,1,0.335090384349,0.845796426003,0.0682624952706,0.557996806431,0.070989751287,0.31,0.4719517046,0.03809025436,0,4
388,0.155,0.204,1.456,1.912,0.11,0.15,37.5,37.2752926851,1,0.349275220697,1.01158374488,0.323652284433,0.431695800085,0.0694657160788,0.31,0.4366964541,0.0359659914,0.30916414384,4
389,0.155,0.204,1.456,1.912,0.11,0.15,52.5,52.2453644524,1,0.392473118488,1.05294408698,0.246728053246,0.445845847851,0.107313853366,0.31,0.4694507492,0.05359871785,0.204624798561,4
390,0.155,0.204,1.456,1.912,0.11,0.15,67.5,67.2470930456,1,0.419645500083,0.723180110036,0.29615406521,0.319344693936,0.090325643671,0.31,0.2309437309,0.06814066956,0.283984644859,4
391,0.155,0.204,1.456,1.912,0.11,0.15,90,89.0876140321,1,0.387701122498,1.54976035368,0.597011088945,0.105543765016,0.024574287777,0.31,0.1635675426,0.02063058389,0.363994687041,4
392,0.155,0.204,1.456,1.912,0.11,0.15,345,345.521754958,1,0.36853064858,0.881770837443,0.236187451292,0.625604582138,0.124674123544,0.31,0.5516398763,0.04634589709,0.254338866777,4
393,0.155,0.204,1.456,1.912,0.15,0.25,7.5,7.39084433914,1,0.324943775522,0.925855649,0.113262475167,0.557340338159,0.0542898047058,0.31,0.5160167005,0.03502834282,0.101770881023,4
394,0.155,0.204,1.456,1.912,0.15,0.25,22.5,22.2080698538,1,0.322444604919,0.734791279206,0.17034757066,0.507116829289,0.0449893611519,0.31,0.3726250237,0.02318931173,0.22332233011,4
395,0.155,0.204,1.456,1.912,0.15,0.25,37.5,37.1646784755,1,0.337912231942,0.756923434387,0.180246909237,0.457475730793,0.0615210064635,0.31,0.3462741013,0.0299785974,0.221835903756,4
396,0.155,0.204,1.456,1.912,0.15,0.25,52.5,52.1831432774,1,0.368938067616,0.90401490336,0.186176415382,0.36045225437,0.0721042348147,0.31,0.3258542099,0.0317804808,0.181385955045,4
397,0.155,0.204,1.456,1.912,0.15,0.25,67.5,67.2211551251,1,0.378301321316,1.03420927822,0.282865397556,0.261839616607,0.0567726557867,0.31,0.2707969609,0.03237650964,0.245992843741,4
398,0.155,0.204,1.456,1.912,0.15,0.25,82.5,82.2733270665,1,0.345179781812,0.86142893497,0.0758699913988,0.189607648489,0.0287860891775,0.31,0.1633335147,0.01438553066,0,4
399,0.155,0.204,1.456,1.912,0.15,0.25,97.5,97.3034746734,1,0.33305908844,1.11074290289,0.469069357519,0.152180300914,0.0185312598672,0.31,0.1690331892,0.01508916536,0.412759746254,4
400,0.155,0.204,1.456,1.912,0.15,0.25,112.5,112.324603268,1,0.336962853509,1.23108301374,0.28879591281,0.112178555921,0.0148160503052,0.31,0.1381011147,0.01333019897,0.213808185604,4
401,0.155,0.204,1.456,1.912,0.15,0.25,127.5,127.43192453,1,0.344098119574,1.11424421458,0.153046709016,0.122130036054,0.0182393413105,0.31,0.1360826861,0.01438840914,0.0876748934738,4
402,0.155,0.204,1.456,1.912,0.15,0.25,142.5,142.423935939,1,0.339147346406,0.684954149954,0.192259200027,0.119094743225,0.0163818802392,0.31,0.08157443861,0.02289706006,0,4
403,0.155,0.204,1.456,1.912,0.15,0.25,157.5,157.46323124,1,0.361953641111,1.42133518933,0.545451864595,0.0873438866719,0.0163196245922,0.31,0.1241449397,0.01614735172,0.361045784036,4
404,0.155,0.204,1.456,1.912,0.15,0.25,172.5,172.447709097,1,0.3913556324,1.14011233263,0.195082122824,0.0970469303181,0.0231816721783,0.31,0.1106444021,0.01893212118,0,4
405,0.155,0.204,1.456,1.912,0.15,0.25,187.5,187.530204276,1,0.390336785177,1.31321135237,0.494765777792,0.0922548760954,0.0218826555039,0.31,0.1211501506,0.01988619929,0.339123354474,4
406,0.155,0.204,1.456,1.912,0.15,0.25,202.5,202.524274424,1,0.363459840744,1.01682540622,0.35317535998,0.112791362016,0.021401564532,0.31,0.1146891225,0.01526045795,0.320833748174,4
407,0.155,0.204,1.456,1.912,0.15,0.25,232.5,233.548453965,1,0.353284855301,0.991486375708,0.111682859908,0.119059933946,0.0201736119595,0.31,0.1180463024,0.0116699949,0.0539906622943,4
408,0.155,0.204,1.456,1.912,0.15,0.25,330,331.291851968,1,0.412775819606,0.900237005781,0.106047944499,0.401877170097,0.109531898997,0.31,0.3617847003,0.04261824783,0,4
409,0.155,0.204,1.456,1.912,0.15,0.25,352.5,352.607662062,1,0.341551111207,0.911907220943,0.270528481946,0.554438700987,0.0794941393765,0.31,0.505596655,0.03458745244,0.288667103806,4
410,0.155,0.204,1.456,1.912,0.25,0.4,7.5,7.27364479202,1,0.322544937996,1.41567039377,0.566885759168,0.371536718019,0.033096471294,0.31,0.5259735319,0.02704910698,0.397120244886,4
411,0.155,0.204,1.456,1.912,0.25,0.4,90,89.1208598251,1,0.38247614763,1.40042884497,0.197005608626,0.0697227391312,0.0156197615727,0.31,0.09764173503,0.01204203588,0.0676721842755,4
412,0.155,0.204,1.456,1.912,0.25,0.4,112.5,112.384584794,1,0.358337765976,2.44694819398,0.674279610684,0.0428692659525,0.00770526067604,0.31,0.1048988729,0.01232153912,0.24927068809,4
413,0.155,0.204,1.456,1.912,0.25,0.4,127.5,127.401982022,1,0.343876363445,1.1246920054,0.301791788649,0.0679030378035,0.0101061424387,0.31,0.07637000376,0.008559609948,0.24380403061,4
414,0.155,0.204,1.456,1.912,0.25,0.4,142.5,142.443352848,1,0.339764359647,0.871819985944,0.101617285227,0.0656872022818,0.00913496693703,0.31,0.05726741577,0.00667495517,0,4
415,0.155,0.204,1.456,1.912,0.25,0.4,157.5,157.466596388,1,0.348729519975,1.0443547509,0.267809884033,0.0470728668275,0.00751874349019,0.31,0.04916077211,0.005837298044,0.227289139301,4
416,0.155,0.204,1.456,1.912,0.25,0.4,172.5,172.484510806,1,0.34768515839,0.899398278891,0.307548426852,0.0697402002674,0.0109793690526,0.31,0.06272421609,0.009636907633,0.305489989962,4
417,0.155,0.204,1.456,1.912,0.25,0.4,187.5,187.477670942,1,0.360602812491,0.903347446475,0.237122468376,0.0572783193132,0.0105514046626,0.31,0.05174222349,0.01358197646,0,3
418,0.155,0.204,1.456,1.912,0.25,0.4,202.5,202.528774656,1,0.35113958311,0.846732680561,0.240523995244,0.0604119494905,0.00996321205,0.31,0.05115277193,0.007345518473,0.245091775211,4
419,0.155,0.204,1.456,1.912,0.25,0.4,225,225.297961061,1,0.409590067438,2.24528873954,0.956750528971,0.027185533582,0.00727760457616,0.31,0.06103937243,0.00708280807,0.410011238579,4
420,0.155,0.204,1.456,1.912,0.25,0.4,352.5,352.729976344,1,0.321431272913,1.05775590676,0.240305948516,0.438493977425,0.0372540911832,0.31,0.4638195947,0.02253349178,0.221929334123,4
421,0.155,0.204,1.456,1.912,0.4,0.6,7.5,6.87056474265,1,0.320672989741,0.909956838258,0.148417483132,0.48412330517,0.0397192602483,0.31,0.4405313121,0.01933029347,0.157090618418,4
422,0.155,0.204,1.456,1.912,0.4,0.6,105,104.363634732,1,0.431365355026,1.74248988141,0.421893852161,0.0270459212204,0.00811269759112,0.31,0.04712724406,0.006979922645,0.191537781606,4
423,0.155,0.204,1.456,1.912,0.4,0.6,127.5,127.395177807,1,0.366259230806,1.24654727841,0.161729703071,0.0359474516097,0.00701167222462,0.31,0.04481019797,0.005813770675,0,4
424,0.155,0.204,1.456,1.912,0.4,0.6,142.5,142.433584282,1,0.381893100497,1.38641811891,0.194909309022,0.0279241328441,0.00622791680078,0.31,0.03871452373,0.005165647598,0.0442801971823,4
425,0.155,0.204,1.456,1.912,0.4,0.6,157.5,157.482710157,1,0.366170000958,0.711939461977,0.175019288079,0.0368187691229,0.00717545476165,0.31,0.02621273468,0.004411665828,0.179189598473,4
426,0.155,0.204,1.456,1.912,0.4,0.6,172.5,172.520498955,1,0.402149715871,1.31576827658,0.290955916645,0.0240458709129,0.00615989294175,0.31,0.03163879413,0.006996288413,0,4
427,0.155,0.204,1.456,1.912,0.4,0.6,187.5,187.480366435,1,0.442169542754,1.63973998016,0.332179523622,0.0227021164212,0.00715797063084,0.31,0.03722556793,0.007541178218,0,3
428,0.155,0.204,1.456,1.912,0.4,0.6,210,210.135605677,1,0.374372559175,1.05446840236,0.242139876872,0.0255935133283,0.00537188353972,0.31,0.02698755111,0.003884907307,0.178910058179,4
429,0.155,0.204,1.456,1.912,0.4,0.6,270,270.884960826,1,0.34810916341,0.952478719725,0.144793044365,0.0501609553059,0.00794382147353,0.31,0.04777724249,0.007262957427,0,4
430,0.155,0.204,1.456,1.912,0.4,0.6,292.5,292.896832913,1,0.357124023398,1.032778259,0.153979485664,0.0589466912762,0.0104516270529,0.31,0.06087886119,0.007745178766,0.0777363007605,4
431,0.155,0.204,1.456,1.912,0.4,0.6,307.5,308.022483308,1,0.361217225776,0.871020655582,0.188639819216,0.074146550172,0.0137477150375,0.31,0.06458317674,0.01071473286,0.139209241692,4
432,0.155,0.204,1.456,1.912,0.4,0.6,322.5,323.220526498,1,0.366581722526,1.11115931236,0.143430598514,0.112614982665,0.0220340528774,0.31,0.1251331867,0.01327969626,0.0734829129725,4
433,0.155,0.204,1.456,1.912,0.4,0.6,337.5,338.416984856,1,0.320888189295,0.826132882101,0.208133803488,0.291786613053,0.0241835132354,0.31,0.2410545156,0.01207456688,0.246907684895,4
434,0.155,0.204,1.456,1.912,0.4,0.6,352.5,353.154425398,1,0.317276525046,0.795377026189,0.105572296519,0.548217896221,0.0370377623254,0.31,0.43603992,0.01733472948,0.126638995326,4
435,0.155,0.204,1.456,1.912,0.6,0.8,22.5,21.0526700707,1,0.335675212456,0.534284446295,0.0834226041572,0.285470769096,0.0367557869154,0.31,0.1525225918,0.00908574502,0.144328798564,4
436,0.155,0.204,1.456,1.912,0.6,0.8,37.5,36.5488172603,1,0.406119729347,0.620449616844,0.0798697478263,0.0748751179609,0.0196443022964,0.31,0.04645623825,0.00598025679,0,4
437,0.155,0.204,1.456,1.912,0.6,0.8,52.5,51.8799385692,1,0.414124818082,1.34126986779,0.398626064742,0.0359214058758,0.00986363901073,0.31,0.04818029931,0.005450860635,0.274824828921,4
438,0.155,0.204,1.456,1.912,0.6,0.8,75,73.7254200593,1,0.453864390474,1.29188289941,0.165021633641,0.0245312008654,0.00813211657984,0.31,0.0316914389,0.004048178842,0,4
439,0.155,0.204,1.456,1.912,0.6,0.8,165,164.960801851,1,0.514693161259,1.75967029819,0.517931803031,0.0102750072208,0.0042216283629,0.31,0.01808062502,0.005321753016,0,4
440,0.155,0.204,1.456,1.912,0.6,0.8,202.5,202.690896916,1,0.524606139466,1.9184835658,0.445702942514,0.0098714888976,0.00417776993332,0.31,0.01893828922,0.003066755758,0.166583664225,3
441,0.155,0.204,1.456,1.912,0.6,0.8,255,255.478307871,1,0.377728970909,0.715197536213,0.133082265001,0.0286347026703,0.00618000143864,0.31,0.0204794688,0.003810771089,0,3
442,0.155,0.204,1.456,1.912,0.6,0.8,277.5,277.737514927,1,0.364954414006,1.08361564148,0.460786074739,0.0306854549411,0.0059097767897,0.31,0.03325123894,0.005543077833,0.391191578067,3
443,0.155,0.204,1.456,1.912,0.6,0.8,292.5,292.873682171,1,0.366743274951,0.978535113521,0.301563974521,0.0309154595497,0.00605821775859,0.31,0.03025186272,0.004426486475,0.271227628781,3
444,0.155,0.204,1.456,1.912,0.6,0.8,307.5,308.105921812,1,0.374575558828,0.849504291413,0.38625672011,0.0431138823785,0.009064876966,0.31,0.0366254281,0.005296239607,0.431077185912,4
445,0.155,0.204,1.456,1.912,0.6,0.8,322.5,323.491062318,1,0.36735493511,0.722033442894,0.26311500215,0.0714766157965,0.0140882655102,0.31,0.05160850699,0.006347855138,0.343022433904,4
446,0.155,0.204,1.456,1.912,0.6,0.8,337.5,338.954274009,1,0.325389040262,0.72348738605,0.0419869230966,0.245872609848,0.024312844857,0.31,0.1778857318,0.008759125159,0.0307141498022,4
447,0.155,0.204,1.456,1.912,0.8,1,127.5,126.991176456,1,0.540116750025,1.16602722524,0.27828247813,0.0122273296467,0.00540810385954,0.31,0.01425739926,0.003402651595,0,3
448,0.155,0.204,1.456,1.912,0.8,1,292.5,292.883102597,1,0.443681441958,1.19898759194,0.444323123296,0.017781277991,0.00564407067434,0.31,0.02131953168,0.003838534962,0.323903914217,4
449,0.155,0.204,1.912,2.51,0.11,0.15,7.5,7.41754544956,1,0.321188731742,1.11215088131,0.220669264642,0.738883111194,0.0620934498039,0.31,0.8217495033,0.0367881829,0.193300249886,4
450,0.155,0.204,1.912,2.51,0.11,0.15,22.5,22.2990655657,1,0.322067734845,0.98285918343,0.143564232849,0.670328614116,0.0585440076256,0.31,0.6588386343,0.02922950043,0.139167446096,4
451,0.155,0.204,1.912,2.51,0.11,0.15,37.5,37.2378472708,1,0.330547145247,1.24033066644,0.332203179128,0.421640732871,0.0483719789269,0.31,0.5229739312,0.03082665669,0.261267572824,4
452,0.155,0.204,1.912,2.51,0.11,0.15,52.5,52.2075158075,1,0.35365410356,1.45547606591,0.252903704079,0.376954911353,0.0641612528072,0.31,0.5486488514,0.04285811175,0.155211185876,4
453,0.155,0.204,1.912,2.51,0.11,0.15,67.5,67.2031828178,1,0.355904295886,1.19948011491,0.0970496215664,0.330315490082,0.0577512666207,0.31,0.396206862,0.03205699331,0,4
454,0.155,0.204,1.912,2.51,0.11,0.15,82.5,82.2292663012,1,0.359347626466,1.0737021986,0.268032528265,0.205479823631,0.037344631854,0.31,0.2206241384,0.01958177833,0.233322597975,4
455,0.155,0.204,1.912,2.51,0.11,0.15,300,301.201253165,1,0.373791833527,0.814538407097,0.0795202582081,0.465778615219,0.0972801076976,0.31,0.3793945713,0.03703883575,0,4
456,0.155,0.204,1.912,2.51,0.11,0.15,322.5,322.742874319,1,0.335429634709,1.07232004001,0.157574908362,0.449663226006,0.0576078787396,0.31,0.4821828885,0.03138580284,0.131745069324,4
457,0.155,0.204,1.912,2.51,0.11,0.15,337.5,337.684399153,1,0.330674014925,1.24423762772,0.253959514192,0.544041423935,0.0626127727104,0.31,0.6769168107,0.0368518693,0.196714248127,4
458,0.155,0.204,1.912,2.51,0.11,0.15,352.5,352.569774372,1,0.324824207781,1.25730310726,0.297358728942,0.669168789167,0.0649154636327,0.31,0.8413479979,0.04167585108,0.231259667067,4
459,0.155,0.204,1.912,2.51,0.15,0.25,7.5,7.36419676842,1,0.313595968992,1.05303678712,0.273698121092,0.683547290946,0.0323689182013,0.31,0.7198004431,0.01994586652,0.258431794863,4
460,0.155,0.204,1.912,2.51,0.15,0.25,22.5,22.1967802281,1,0.313182470628,0.885219072575,0.239153307527,0.616073689549,0.0274361063911,0.31,0.5453601801,0.01519469156,0.268722325363,4
461,0.155,0.204,1.912,2.51,0.15,0.25,37.5,37.1053305864,1,0.31543306098,0.983151917077,0.203706254239,0.423746349535,0.0247012355447,0.31,0.4166070359,0.0135722815,0.204619928266,4
462,0.155,0.204,1.912,2.51,0.15,0.25,52.5,52.1173493587,1,0.325633613201,1.11218889705,0.229880054129,0.273034075782,0.0272176083913,0.31,0.3036654676,0.01546294155,0.200320877175,4
463,0.155,0.204,1.912,2.51,0.15,0.25,67.5,67.1368076025,1,0.329477837647,0.664119395902,0.145264997818,0.332358866737,0.0370928658718,0.31,0.2207259698,0.01382912739,0.209568242806,4
464,0.155,0.204,1.912,2.51,0.15,0.25,82.5,82.2312556822,1,0.323993031124,0.870420188345,0.248868014465,0.193737582903,0.0182478633157,0.31,0.1686331034,0.009503157934,0.280308416504,4
465,0.155,0.204,1.912,2.51,0.15,0.25,97.5,97.2295357653,1,0.320521671691,0.849141302872,0.050448117289,0.151390835148,0.0123308202538,0.31,0.128552211,0.007637382608,0,4
466,0.155,0.204,1.912,2.51,0.15,0.25,112.5,112.296064875,1,0.321562445469,0.880290904702,0.131944501106,0.140399403697,0.0119977072543,0.31,0.1235923181,0.008385428406,0.133652333468,4
467,0.155,0.204,1.912,2.51,0.15,0.25,127.5,127.380701024,1,0.320144596525,0.888970039523,0.0528656554577,0.125059942807,0.00999898054535,0.31,0.1111745423,0.006611375848,0,4
468,0.155,0.204,1.912,2.51,0.15,0.25,142.5,142.37550204,1,0.319302413441,0.951372101457,0.0830004158204,0.100047689652,0.00765481292694,0.31,0.09518258075,0.005306531919,0.0671053804542,4
469,0.155,0.204,1.912,2.51,0.15,0.25,157.5,157.412982369,1,0.320856537916,1.00182531818,0.0815805579235,0.0903328423901,0.0074757824853,0.31,0.09049772857,0.007369403681,0,4
470,0.155,0.204,1.912,2.51,0.15,0.25,172.5,172.455228532,1,0.330044738948,0.903706428536,0.104871910501,0.0913083755569,0.0103422726986,0.31,0.08251596597,0.006531599181,0.084859704612,4
471,0.155,0.204,1.912,2.51,0.15,0.25,187.5,187.505010763,1,0.331988692648,0.73912332935,0.064656934173,0.103929428946,0.0123481510925,0.31,0.07681666554,0.006719758246,0,4
472,0.155,0.204,1.912,2.51,0.15,0.25,202.5,202.542907492,1,0.333323548055,0.879644031618,0.123425768313,0.0929430018977,0.0113848871018,0.31,0.0817567569,0.006398046087,0.116463098324,4
473,0.155,0.204,1.912,2.51,0.15,0.25,217.5,217.593212485,1,0.343881170318,0.734842581809,0.0702228905707,0.0982439314721,0.0146229283072,0.31,0.07219382425,0.006898972849,0,4
474,0.155,0.204,1.912,2.51,0.15,0.25,240,240.706788366,1,0.397915008456,1.21204862227,0.15168643203,0.0815428381125,0.0203426671947,0.31,0.09883388459,0.008318288462,0.092620659969,4
475,0.155,0.204,1.912,2.51,0.15,0.25,285,286.323633685,1,0.414666743185,0.755049427605,0.116757819705,0.222795448152,0.0613592206141,0.31,0.1682215756,0.019482856,0.102463648265,4
476,0.155,0.204,1.912,2.51,0.15,0.25,307.5,307.843639969,1,0.329503060062,0.920269496009,0.0608820605577,0.311308157385,0.0347666778557,0.31,0.2864874011,0.01895308209,0,4
477,0.155,0.204,1.912,2.51,0.15,0.25,322.5,322.915088495,1,0.316449195115,0.930476139892,0.223429189594,0.463837461378,0.029482309908,0.31,0.4315896906,0.01599716725,0.237245508785,4
478,0.155,0.204,1.912,2.51,0.15,0.25,337.5,337.793123652,1,0.313862108991,0.926377078154,0.24241437025,0.604263506299,0.0296608050045,0.31,0.5597758614,0.01654268198,0.260005944881,4
479,0.155,0.204,1.912,2.51,0.15,0.25,352.5,352.604294602,1,0.313772421369,0.972426467445,0.205418428198,0.679944006704,0.032983469214,0.31,0.6611955485,0.01964176873,0.209143957004,4
480,0.155,0.204,1.912,2.51,0.25,0.4,7.5,7.21741744379,1,0.313392784015,1.0420384451,0.227063737399,0.577361367161,0.0265525791907,0.31,0.6016327413,0.01585719091,0.216303516613,4
481,0.155,0.204,1.912,2.51,0.25,0.4,22.5,21.9447458809,1,0.312803577849,0.913233240522,0.207117937005,0.447372032107,0.0186939333379,0.31,0.4085550106,0.01049021657,0.225338175407,4
482,0.155,0.204,1.912,2.51,0.25,0.4,37.5,36.9355747142,1,0.31461069188,0.871716382848,0.146112262716,0.273991957361,0.0147036640781,0.31,0.238843278,0.007775825074,0.164422319512,4
483,0.155,0.204,1.912,2.51,0.25,0.4,52.5,51.9891545198,1,0.329647472529,1.08305943773,0.202024247712,0.139695020355,0.0156604636023,0.31,0.1512980102,0.01044485488,0.173285936894,4
484,0.155,0.204,1.912,2.51,0.25,0.4,67.5,67.0815848272,1,0.432687841131,0.608827060822,0.142958768042,0.125782005495,0.0379684120586,0.31,0.07657948871,0.009718407716,0.197561718595,4
485,0.155,0.204,1.912,2.51,0.25,0.4,82.5,82.1549510704,1,0.374999549821,1.19073158731,0.11780085229,0.0649313021879,0.0137010682624,0.31,0.07731575252,0.007648962738,0,4
486,0.155,0.204,1.912,2.51,0.25,0.4,97.5,97.2407330843,1,0.330207690889,1.09072034242,0.31321255927,0.0678152199176,0.00771340194462,0.31,0.07396743989,0.005418210531,0.277661306944,4
487,0.155,0.204,1.912,2.51,0.25,0.4,112.5,112.309597753,1,0.324794886257,1.03348409846,0.174358307574,0.0610486675836,0.00591627993335,0.31,0.06309282718,0.004724948731,0.15117693632,4
488,0.155,0.204,1.912,2.51,0.25,0.4,127.5,127.343211444,1,0.323382705118,1.16690722165,0.189371584244,0.0493533521615,0.00454382619146,0.31,0.05759078305,0.004051430721,0.146244688865,4
489,0.155,0.204,1.912,2.51,0.25,0.4,142.5,142.405126565,1,0.318421579988,0.957365981982,0.0581872746827,0.0496361676458,0.00361094253298,0.31,0.04751997838,0.002888193321,0,4
490,0.155,0.204,1.912,2.51,0.25,0.4,157.5,157.447564313,1,0.320081150235,1.11702271467,0.200941693565,0.0393467486586,0.00313589951675,0.31,0.043951212,0.002856911323,0.167735868917,4
491,0.155,0.204,1.912,2.51,0.25,0.4,172.5,172.457073764,1,0.324054743223,1.09187165454,0.127173568833,0.0400916515123,0.00378467666387,0.31,0.04377493787,0.003292949225,0.0889226058033,4
492,0.155,0.204,1.912,2.51,0.25,0.4,187.5,187.529483911,1,0.328640597074,0.846375448653,0.277593761847,0.049586472489,0.00541030046917,0.31,0.0419687729,0.005614146638,0.299459872785,4
493,0.155,0.204,1.912,2.51,0.25,0.4,202.5,202.539851868,1,0.329438848859,1.03996948824,0.0781466635553,0.0476850628609,0.00531639376587,0.31,0.04959101042,0.003726428564,0,4
494,0.155,0.204,1.912,2.51,0.25,0.4,217.5,217.595783872,1,0.340781662958,0.979005603478,0.142267178593,0.0426521134319,0.00603676470239,0.31,0.04175665805,0.006067995839,0,4
495,0.155,0.204,1.912,2.51,0.25,0.4,240,240.677472117,1,0.382184146054,1.30871442933,0.288179523891,0.0445761978492,0.00996402383702,0.31,0.05833751333,0.004835635879,0.204003382449,4
496,0.155,0.204,1.912,2.51,0.25,0.4,262.5,262.720770455,1,0.372760623843,1.07592367395,0.660335286273,0.0589187162389,0.0121963852695,0.31,0.06339204164,0.007725232696,0.601517622966,4
497,0.155,0.204,1.912,2.51,0.25,0.4,277.5,277.818066092,1,0.35617589501,1.20642498667,0.362303296642,0.0650283464922,0.0114052505203,0.31,0.07845182205,0.008001319781,0.282462366681,4
498,0.155,0.204,1.912,2.51,0.25,0.4,292.5,292.897996481,1,0.3588918231,1.01023049719,0.209676960192,0.100948065697,0.0182555138158,0.31,0.1019808146,0.01045882089,0.180445568603,4
499,0.155,0.204,1.912,2.51,0.25,0.4,307.5,308.007639106,1,0.329308120592,1.13936459639,0.415041589594,0.153900742796,0.0170988076854,0.31,0.1753490577,0.01048894201,0.359329730942,4
500,0.155,0.204,1.912,2.51,0.25,0.4,322.5,323.064840598,1,0.314254444634,0.921110373071,0.166527382678,0.261699516635,0.0134866839476,0.31,0.2410541394,0.008176965127,0.177578937964,4
501,0.155,0.204,1.912,2.51,0.25,0.4,337.5,338.058583171,1,0.312383339066,0.886924909214,0.171951534994,0.440719631548,0.0169740036523,0.31,0.3908852192,0.01005167577,0.192160857404,4
502,0.155,0.204,1.912,2.51,0.25,0.4,352.5,352.820869279,1,0.312794734961,1.03003733308,0.230784144638,0.597323617058,0.0249202541051,0.31,0.6152656255,0.0165103712,0.222441389785,4
503,0.155,0.204,1.912,2.51,0.4,0.6,22.5,21.4772153999,1,0.313714967102,0.611913255772,0.0831132260383,0.383544644419,0.0184623292583,0.31,0.2346960521,0.006565662109,0.132913010761,4
504,0.155,0.204,1.912,2.51,0.4,0.6,37.5,36.6973244394,1,0.314951265233,0.700361900054,0.0907727873041,0.168948954949,0.00939802684781,0.31,0.1183254111,0.00436001064,0.12426017248,4
505,0.155,0.204,1.912,2.51,0.4,0.6,105,104.117416994,1,0.336313348185,1.30372359177,0.118843526749,0.0269966166082,0.00352061842815,0.31,0.03519612597,0.003208373128,0,4
506,0.155,0.204,1.912,2.51,0.4,0.6,127.5,127.372596628,1,0.343341613608,1.41669594008,0.143419978308,0.019593389862,0.00289183192236,0.31,0.02775787587,0.002810083549,0,3
507,0.155,0.204,1.912,2.51,0.4,0.6,142.5,142.389075302,1,0.324222846405,0.987022833397,0.252574558882,0.0269005523495,0.0025549087796,0.31,0.0265514594,0.002113801798,0.243196299992,4
508,0.155,0.204,1.912,2.51,0.4,0.6,157.5,157.475176448,1,0.328929698827,1.53929931286,0.215042346079,0.0169508372556,0.00186418729672,0.31,0.02609241214,0.002152532883,0.112742278406,4
509,0.155,0.204,1.912,2.51,0.4,0.6,172.5,172.484852918,1,0.32976157574,1.15678109621,0.175932938311,0.0207328352086,0.00233119475733,0.31,0.02398335184,0.002166405665,0.122357832196,4
510,0.155,0.204,1.912,2.51,0.4,0.6,187.5,187.502172985,1,0.363769447655,2.0376107512,0.21992759469,0.0126287514212,0.00240371990258,0.31,0.02573247967,0.002777410924,0,4
511,0.155,0.204,1.912,2.51,0.4,0.6,202.5,202.538363689,1,0.351998805182,1.24546042836,0.221180568953,0.0188281669782,0.00313946113955,0.31,0.02344973691,0.002645705698,0.137144517209,4
512,0.155,0.204,1.912,2.51,0.4,0.6,225,225.401496529,1,0.362007529707,1.18456705509,0.274882359503,0.0205410426074,0.0038401011671,0.31,0.02433224235,0.002262217441,0.212614224721,4
513,0.155,0.204,1.912,2.51,0.4,0.6,247.5,247.669304514,1,0.38216122933,1.2339385438,0.136312933385,0.0211391885528,0.00472437006078,0.31,0.02608445954,0.002881544801,0,4
514,0.155,0.204,1.912,2.51,0.4,0.6,262.5,262.733280457,1,0.346317017343,1.35995154324,0.138798838945,0.0238752245854,0.00368603440663,0.31,0.03246914852,0.003313853452,0,4
515,0.155,0.204,1.912,2.51,0.4,0.6,277.5,277.830061456,1,0.326640812061,0.729913219982,0.340650089014,0.0431074293747,0.00443697131598,0.31,0.03146468258,0.002713458829,0.458662545674,4
516,0.155,0.204,1.912,2.51,0.4,0.6,292.5,292.946503336,1,0.327463913405,0.787406377117,0.0925596157664,0.0599284743575,0.00632312560054,0.31,0.04718806288,0.00554695656,0,4
517,0.155,0.204,1.912,2.51,0.4,0.6,307.5,308.092313177,1,0.326504412412,0.89048503604,0.116976900188,0.0872995825575,0.00894773080963,0.31,0.07773897192,0.004822769517,0.115791016018,4
518,0.155,0.204,1.912,2.51,0.4,0.6,322.5,323.275491004,1,0.315869852582,0.761833666557,0.027082649851,0.159665150596,0.00967755723329,0.31,0.1216382871,0.004324155367,0,4
519,0.155,0.204,1.912,2.51,0.4,0.6,337.5,338.557396866,1,0.312834785441,0.687904741096,0.115021888731,0.368791503306,0.0154962792339,0.31,0.2536934236,0.006792527228,0.165048517051,4
520,0.155,0.204,1.912,2.51,0.6,0.8,37.5,36.5270187894,1,0.320042218726,0.620870925563,0.0398924487148,0.0937687580671,0.00745860878344,0.31,0.05821829561,0.002891190374,0.0407693088623,4
521,0.155,0.204,1.912,2.51,0.6,0.8,52.5,51.839390502,1,0.35998730551,0.694924520494,0.168551898238,0.041071662689,0.00751632300844,0.31,0.0285417055,0.00692270671,0,4
522,0.155,0.204,1.912,2.51,0.6,0.8,75,73.330938589,1,0.386053081327,0.947672797985,0.0966481713368,0.0218739268913,0.00503276142748,0.31,0.0207293255,0.002114075034,0,4
523,0.155,0.204,1.912,2.51,0.6,0.8,120,119.44702388,1,0.381671244418,1.78806116574,0.359333001113,0.00808805490387,0.00180080390437,0.31,0.01446193688,0.001689496658,0.163517890465,4
524,0.155,0.204,1.912,2.51,0.6,0.8,142.5,142.425991824,1,0.389027266225,1.82511462315,0.787091600941,0.00716290981629,0.00168354612973,0.31,0.01307313145,0.001906297435,0.405855693244,4
525,0.155,0.204,1.912,2.51,0.6,0.8,157.5,157.461711088,1,0.353645337473,1.39708781014,0.178003686743,0.0107551369864,0.00183042904295,0.31,0.01502587078,0.001914454035,0,4
526,0.155,0.204,1.912,2.51,0.6,0.8,172.5,172.49867615,1,0.358211013196,1.1605183998,0.221212229393,0.0123326727973,0.00221353887268,0.31,0.0143122937,0.002187097561,0.113940418759,4
527,0.155,0.204,1.912,2.51,0.6,0.8,232.5,233.548821121,1,0.371197126118,1.31468987917,0.411491042967,0.0102999622759,0.00210299166528,0.31,0.01354125616,0.001638659135,0.288655040692,4
528,0.155,0.204,1.912,2.51,0.6,0.8,262.5,262.722152095,1,0.345329519075,0.994428259543,0.144937676912,0.01728345761,0.00262984018411,0.31,0.01718715867,0.002505024195,0,4
529,0.155,0.204,1.912,2.51,0.6,0.8,277.5,277.809775089,1,0.334484884823,0.89824884645,0.29763927991,0.0218233059552,0.00274142230632,0.31,0.0196027594,0.002052788116,0.314372421718,4
530,0.155,0.204,1.912,2.51,0.6,0.8,292.5,292.959759179,1,0.333950866543,0.772193488685,0.0785854719422,0.0270937851155,0.00336477991851,0.31,0.02092164445,0.00212917789,0,4
531,0.155,0.204,1.912,2.51,0.6,0.8,307.5,308.188354853,1,0.3383750874,0.873118290375,0.0793963754874,0.0438259246677,0.0059444660576,0.31,0.03826521642,0.003479619571,0,4
532,0.155,0.204,1.912,2.51,0.6,0.8,322.5,323.43905614,1,0.319970335939,0.729668279925,0.125603546116,0.0849041796313,0.00672889909533,0.31,0.06195188671,0.002947748211,0.165431170469,4
533,0.155,0.204,1.912,2.51,0.8,1,37.5,36.4686994871,1,0.329596857731,0.780759571003,0.181934371235,0.0498872433417,0.00558516344704,0.31,0.03894994271,0.002705516856,0.222428633268,4
534,0.155,0.204,1.912,2.51,0.8,1,52.5,51.7885094588,1,0.353028991529,0.870541695053,0.271659223306,0.029522178014,0.00498649327674,0.31,0.02570028689,0.003453352461,0.281646318169,4
535,0.155,0.204,1.912,2.51,0.8,1,67.5,67.0638582002,1,0.3811111696,1.10136916689,0.2434675824,0.014493460104,0.00321303122578,0.31,0.01596265008,0.002290214966,0.168173969822,4
536,0.155,0.204,1.912,2.51,0.8,1,142.5,141.932189383,1,0.380110029416,1.20260298805,0.476746074034,0.00557412210732,0.00122609951993,0.31,0.006703455902,0.0008666793051,0.374753306373,4
537,0.155,0.204,1.912,2.51,0.8,1,187.5,187.606906084,1,0.430697909369,1.56676878258,0.276805864424,0.00475061548185,0.00142043155951,0.31,0.007443116035,0.001314998225,0,4
538,0.155,0.204,1.912,2.51,0.8,1,232.5,233.398674832,1,0.459830033623,1.61734911267,0.222378738472,0.00496916813449,0.00168764289457,0.31,0.008036879673,0.001105037341,0,3
539,0.155,0.204,1.912,2.51,0.8,1,262.5,262.729241574,1,0.427810424141,1.83281406049,0.572190734992,0.00599063484216,0.00176618869767,0.31,0.01097971977,0.0018337309,0.26376420004,4
540,0.155,0.204,1.912,2.51,0.8,1,277.5,277.807329029,1,0.349825597922,0.773534845197,0.0986477623072,0.0150148159609,0.00243397294082,0.31,0.01161448334,0.001481177996,0,4
541,0.155,0.204,1.912,2.51,0.8,1,292.5,292.992792742,1,0.36523265035,1.21413911956,0.222783472202,0.0125014251707,0.00241426080884,0.31,0.01517846935,0.002785110907,0,4
542,0.155,0.204,1.912,2.51,0.8,1,307.5,308.190672556,1,0.385557590522,0.938260155542,0.145795961857,0.0229261352333,0.00525577115526,0.31,0.02151067921,0.003342537938,0,4
543,0.155,0.204,1.912,2.51,0.8,1,322.5,323.527710437,1,0.335407338376,0.945745548689,0.203864694709,0.0394283830378,0.00504900153013,0.31,0.03728921775,0.00264766501,0.203530140489,4
544,0.155,0.204,2.51,3.295,0.15,0.25,7.5,7.31652719096,1,0.312509858177,1.40317261819,0.192252436497,1.04479827143,0.0412981077437,0.31,1.466032326,0.04123404429,0.134094689158,4
545,0.155,0.204,2.51,3.295,0.15,0.25,22.5,22.0890190009,1,0.312351262226,1.28790850019,0.208714460143,0.816908739125,0.0312494129286,0.31,1.052103709,0.02964407077,0.15958869735,4
546,0.155,0.204,2.51,3.295,0.15,0.25,37.5,37.0526472396,1,0.313411486595,1.24347058716,0.147441199071,0.539534297575,0.0248815993155,0.31,0.6708950298,0.02051574105,0.114561253573,4
547,0.155,0.204,2.51,3.295,0.15,0.25,52.5,52.0635007185,1,0.317029512337,1.12134433923,0.122799766676,0.416506187674,0.0276520954659,0.31,0.4670468558,0.01716269657,0.10316172551,4
548,0.155,0.204,2.51,3.295,0.15,0.25,67.5,67.128173714,1,0.331215953018,0.958196423657,0.0957996181,0.319318323619,0.0372440818571,0.31,0.3059696757,0.01453710939,0.0879685657396,4
549,0.155,0.204,2.51,3.295,0.15,0.25,82.5,82.1788384054,1,0.336230294261,1.40684194602,0.16825252456,0.193409020303,0.0251809414372,0.31,0.2720959225,0.01716191367,0.101611868229,4
550,0.155,0.204,2.51,3.295,0.15,0.25,97.5,97.2281278283,1,0.330691551688,1.2859199909,0.10316555045,0.140204825709,0.0161429904796,0.31,0.1802921882,0.01446430802,0,4
551,0.155,0.204,2.51,3.295,0.15,0.25,112.5,112.245387315,1,0.331570769522,1.47687295717,0.338522556966,0.113389847709,0.013339184384,0.31,0.1674623997,0.01255132689,0.21661565986,4
552,0.155,0.204,2.51,3.295,0.15,0.25,127.5,127.329064414,1,0.326328291794,1.43857151737,0.148950023303,0.0937188268862,0.00955295730041,0.31,0.134821235,0.008920180882,0.0796431595123,4
553,0.155,0.204,2.51,3.295,0.15,0.25,142.5,142.372593889,1,0.325640660329,1.39022854011,0.0900662055955,0.0864359456972,0.0086184221953,0.31,0.1201657186,0.007784957656,0,4
554,0.155,0.204,2.51,3.295,0.15,0.25,157.5,157.42734927,1,0.328494820259,1.20352702589,0.0908455709704,0.0904503728275,0.00982910802293,0.31,0.1088594682,0.008217015764,0,4
555,0.155,0.204,2.51,3.295,0.15,0.25,172.5,172.460327092,1,0.34889761124,1.57720080201,0.256097550677,0.0715954207961,0.0114618752739,0.31,0.1129203551,0.009545124038,0.138637230037,4
556,0.155,0.204,2.51,3.295,0.15,0.25,187.5,187.512925769,1,0.360767618375,1.17878585183,0.11394913975,0.0906585842833,0.0167297084396,0.31,0.1068670565,0.01033046769,0,4
557,0.155,0.204,2.51,3.295,0.15,0.25,202.5,202.55841016,1,0.359924298456,1.05714550174,0.305631366997,0.10668923598,0.0195114459664,0.31,0.1127860459,0.01118726878,0.271561993312,4
558,0.155,0.204,2.51,3.295,0.15,0.25,292.5,292.843807527,1,0.344589673401,1.13350179258,0.286248061695,0.326568606528,0.0491396703435,0.31,0.3701661009,0.01851674965,0.24753036566,4
559,0.155,0.204,2.51,3.295,0.15,0.25,307.5,307.927357928,1,0.316038710165,1.1729094175,0.249341659925,0.434069494971,0.0266889785657,0.31,0.5091241985,0.01888069594,0.209324254173,4
560,0.155,0.204,2.51,3.295,0.15,0.25,322.5,322.919580393,1,0.313064885861,1.21883815217,0.200970174829,0.572381662042,0.0250126382681,0.31,0.6976406073,0.02120373068,0.16206126242,4
561,0.155,0.204,2.51,3.295,0.15,0.25,337.5,337.917817307,1,0.312599367071,1.37476514201,0.207695663966,0.757459687607,0.030471769064,0.31,1.041329175,0.02999869271,0.148305138187,4
562,0.155,0.204,2.51,3.295,0.15,0.25,352.5,352.662322893,1,0.312735459889,1.39346203296,0.195228388993,0.994385473175,0.041041360088,0.31,1.385638403,0.04116787724,0.136916683545,4
563,0.155,0.204,2.51,3.295,0.25,0.4,7.5,6.93016920667,1,0.31425115958,1.45865706664,0.133593599955,0.979998431221,0.0504845818232,0.31,1.429481637,0.04620020329,0.0856946434064,4
564,0.155,0.204,2.51,3.295,0.25,0.4,22.5,21.7237657948,1,0.312406973687,1.13165468892,0.174555871185,0.615455586159,0.0238215279411,0.31,0.6964831999,0.01991535234,0.151574827034,4
565,0.155,0.204,2.51,3.295,0.25,0.4,37.5,36.7995735162,1,0.312506164323,1.06877188594,0.147635609144,0.349270619588,0.0137955384006,0.31,0.3732906188,0.01104571882,0.13492927887,4
566,0.155,0.204,2.51,3.295,0.25,0.4,52.5,51.9526446082,1,0.316166230077,1.07364820498,0.0625579539113,0.223083592734,0.0138618857068,0.31,0.2395132989,0.009016348085,0.0444736430548,4
567,0.155,0.204,2.51,3.295,0.25,0.4,67.5,67.0358912233,1,0.356692071528,0.813831188411,0.0724336747236,0.167526763709,0.0295575487899,0.31,0.1363385052,0.01213457911,0,4
568,0.155,0.204,2.51,3.295,0.25,0.4,82.5,82.1593731226,1,0.375392889662,1.53330055248,0.490223345966,0.0696431186482,0.0147439304168,0.31,0.1067838323,0.01129065951,0.301727992131,4
569,0.155,0.204,2.51,3.295,0.25,0.4,97.5,97.2018900995,1,0.335874535345,1.05850161667,0.131222502395,0.0623393374282,0.00805884017605,0.31,0.06598628945,0.008180323855,0,4
570,0.155,0.204,2.51,3.295,0.25,0.4,112.5,112.324257282,1,0.330561151518,1.44039639451,0.265038685838,0.0547284239327,0.00628082880873,0.31,0.07883062451,0.006432605417,0.16492075094,4
571,0.155,0.204,2.51,3.295,0.25,0.4,127.5,127.354282479,1,0.326186464742,1.29987186793,0.294744515382,0.0414332369279,0.00420452635141,0.31,0.05385789908,0.005356513599,0.203773120765,4
572,0.155,0.204,2.51,3.295,0.25,0.4,142.5,142.383024631,1,0.322238983146,1.33046347451,0.200681365046,0.039585480067,0.00348216398753,0.31,0.05266703535,0.003959139006,0.130768585835,4
573,0.155,0.204,2.51,3.295,0.25,0.4,157.5,157.436060314,1,0.322380946614,1.33990774069,0.0898557346861,0.0399084594603,0.00353127286457,0.31,0.05347365375,0.003586003945,0,4
574,0.155,0.204,2.51,3.295,0.25,0.4,172.5,172.487884315,1,0.329956798888,1.21692594932,0.201020058646,0.0367565112445,0.00415389058202,0.31,0.04472995234,0.007388796046,0,4
575,0.155,0.204,2.51,3.295,0.25,0.4,187.5,187.521979254,1,0.35151132048,1.41477374841,0.363506980964,0.0303549932547,0.00503016296459,0.31,0.04294544759,0.004565937462,0.233907079259,4
576,0.155,0.204,2.51,3.295,0.25,0.4,202.5,202.540139969,1,0.343209601923,0.95467959571,0.100340135482,0.0488931357072,0.00720121879147,0.31,0.04667727903,0.004905943861,0,4
577,0.155,0.204,2.51,3.295,0.25,0.4,225,225.579552909,1,0.375779635012,1.28944250204,0.112159898235,0.0358857729577,0.00762184876055,0.31,0.04627264087,0.004024944643,0,4
578,0.155,0.204,2.51,3.295,0.25,0.4,247.5,247.713615297,1,0.386139592299,1.40389977442,0.129934961111,0.0405209311566,0.00932895197842,0.31,0.05688732611,0.005265085614,0,4
579,0.155,0.204,2.51,3.295,0.25,0.4,262.5,262.795705233,1,0.341699920525,0.999077413847,0.103100949116,0.0664232996665,0.00954714166051,0.31,0.06636201845,0.006848305239,0,4
580,0.155,0.204,2.51,3.295,0.25,0.4,277.5,277.857600958,1,0.358389365622,1.87259423611,0.377351413515,0.0583123395311,0.0104869741139,0.31,0.1091953509,0.0123804401,0.166591081004,4
581,0.155,0.204,2.51,3.295,0.25,0.4,292.5,292.954350173,1,0.355030216733,1.25245278301,0.110018383962,0.122489770298,0.0211969086488,0.31,0.1534126537,0.00888934688,0.0660209556895,4
582,0.155,0.204,2.51,3.295,0.25,0.4,307.5,308.064776027,1,0.316274848334,1.30812043006,0.196432246365,0.182283078776,0.0114269534198,0.31,0.2384482194,0.009103166136,0.145229770166,4
583,0.155,0.204,2.51,3.295,0.25,0.4,322.5,323.150341045,1,0.312355033865,1.14907370776,0.192597039349,0.343654884392,0.0131564949257,0.31,0.3948847922,0.01166768739,0.164985802168,4
584,0.155,0.204,2.51,3.295,0.25,0.4,337.5,338.256827928,1,0.312308905703,1.21767303924,0.160133264199,0.609404934238,0.0231000049303,0.31,0.7420559584,0.0210992262,0.128396992728,4
585,0.155,0.204,2.51,3.295,0.25,0.4,352.5,353.068128492,1,0.314053135228,1.54212253418,0.150877555808,0.957325135507,0.0481466188201,0.31,1.476312664,0.04794108572,0.0922911925728,4
586,0.155,0.204,2.51,3.295,0.4,0.6,37.5,36.6179196879,1,0.313390815463,0.854450615372,0.0270731617359,0.195103987171,0.0089701234914,0.31,0.1667067219,0.0052820818,0,4
587,0.155,0.204,2.51,3.295,0.4,0.6,52.5,51.8542239033,1,0.320369732736,0.882638549977,0.0421287013382,0.111137919857,0.00898553048019,0.31,0.09809461243,0.004682096233,0,4
588,0.155,0.204,2.51,3.295,0.4,0.6,112.5,112.282521701,1,0.362425194115,1.41421786974,0.790909210915,0.0219671309949,0.0041244434362,0.31,0.0310663092,0.003611331202,0.547040834387,4
589,0.155,0.204,2.51,3.295,0.4,0.6,127.5,127.327890238,1,0.361452804436,1.84838907366,0.317571335304,0.012198568749,0.00226736349259,0.31,0.02254770119,0.002334338432,0.137114450996,4
590,0.155,0.204,2.51,3.295,0.4,0.6,142.5,142.391871581,1,0.330692541805,1.28618195149,0.106289733622,0.019224271878,0.00221351084789,0.31,0.02472591152,0.002043342737,0,4
591,0.155,0.204,2.51,3.295,0.4,0.6,157.5,157.472566346,1,0.336483006888,1.36628389608,0.143076321348,0.0136634380699,0.0017878134338,0.31,0.0186681354,0.001954914456,0,4
592,0.155,0.204,2.51,3.295,0.4,0.6,172.5,172.480117081,1,0.345086470449,1.5912655556,0.146105940667,0.0144218133731,0.00218644736719,0.31,0.02294893487,0.002107112609,0,4
593,0.155,0.204,2.51,3.295,0.4,0.6,187.5,187.508404094,1,0.386529440912,1.80328056352,0.215327060481,0.0138056686761,0.0031874358704,0.31,0.02489549399,0.002972734054,0,4
594,0.155,0.204,2.51,3.295,0.4,0.6,202.5,202.564336482,1,0.398461326861,1.58762793087,0.558116888628,0.0151277362743,0.00378711718239,0.31,0.02401721664,0.003150606914,0.326148474941,4
595,0.155,0.204,2.51,3.295,0.4,0.6,232.5,233.995303338,1,0.338656800769,1.25693668465,0.0861216754384,0.02098923654,0.00286165966347,0.31,0.02638214139,0.001807628217,0,4
596,0.155,0.204,2.51,3.295,0.4,0.6,262.5,262.789646453,1,0.349317112926,1.55271633697,0.150325065012,0.0192198554297,0.00309448299644,0.31,0.02984298352,0.002889226017,0,4
597,0.155,0.204,2.51,3.295,0.4,0.6,277.5,277.895761567,1,0.337047766172,1.18284634201,0.113920670806,0.033160999512,0.00438693788239,0.31,0.03922436697,0.003777723309,0,4
598,0.155,0.204,2.51,3.295,0.4,0.6,292.5,292.993811255,1,0.356251692272,1.1941213014,0.11312330505,0.0481144439035,0.00844614332816,0.31,0.05745448237,0.005442864915,0,4
599,0.155,0.204,2.51,3.295,0.4,0.6,307.5,308.150103112,1,0.321547805221,0.94642458039,0.0916183367476,0.0887126064556,0.00757596883518,0.31,0.08395979134,0.004531500737,0.0803625629767,4
600,0.155,0.204,2.51,3.295,0.6,0.8,37.5,36.5449168137,1,0.31721855466,0.724278013447,0.0301981589973,0.0952418438904,0.00640858823469,0.31,0.06898157349,0.002876128345,0,4
601,0.155,0.204,2.51,3.295,0.6,0.8,112.5,110.51544015,1,0.361206512864,0.539919195484,0.094143170847,0.0148348744942,0.0027502651026,0.31,0.008009633502,0.001396602124,0,4
602,0.155,0.204,2.51,3.295,0.6,0.8,142.5,142.39600951,1,0.367572755556,0.820939288827,0.151564146736,0.0110304595337,0.00217861295298,0.31,0.009055337605,0.001398440805,0.101173694691,4
603,0.155,0.204,2.51,3.295,0.6,0.8,157.5,157.441929264,1,0.371994996836,1.3063948488,0.165616787905,0.0085870744747,0.00176568872957,0.31,0.01121810986,0.001422163692,0,4
604,0.155,0.204,2.51,3.295,0.6,0.8,180,179.993500191,1,0.354175927718,0.764398221955,0.100759323564,0.0115854658379,0.00198448538946,0.31,0.008855909487,0.001167343701,0,4
605,0.155,0.204,2.51,3.295,0.6,0.8,217.5,218.463234266,1,0.389672412714,0.664308695508,0.0796888879484,0.0118295591013,0.00279299345609,0.31,0.007858478975,0.0009426844097,0,4
606,0.155,0.204,2.51,3.295,0.6,0.8,247.5,247.701845534,1,0.394611756722,0.731186791478,0.109931898581,0.0124588211127,0.00304205631002,0.31,0.009109725435,0.001369621859,0,4
607,0.155,0.204,2.51,3.295,0.6,0.8,262.5,262.772443274,1,0.35770398644,0.878905735783,0.395251274866,0.0180335712633,0.00321848182813,0.31,0.01584980922,0.001674049643,0.437129430434,4
608,0.155,0.204,2.51,3.295,0.6,0.8,277.5,277.898638378,1,0.350072689558,0.62401502694,0.191118417087,0.0213409442803,0.00347083333563,0.31,0.01331706992,0.00407864749,0,4
609,0.155,0.204,2.51,3.295,0.6,0.8,292.5,293.0230043,1,0.382908717649,0.876255187276,0.212233527842,0.021999553509,0.00494471891831,0.31,0.01927722288,0.002751424283,0.195682625897,4
610,0.155,0.204,2.51,3.295,0.6,0.8,307.5,308.172756672,1,0.343361529431,0.776377601439,0.0760001500777,0.0442893045681,0.00653880847403,0.31,0.03438522405,0.002606535952,0.0619382795225,4
611,0.155,0.204,2.51,3.295,0.6,0.8,322.5,323.457794155,1,0.317693620935,0.826118581915,0.0342490917042,0.0873698605746,0.00607156840872,0.31,0.07217786532,0.002992338367,0,4
612,0.204,0.268,1.456,1.912,0.15,0.25,7.5,7.44943203344,1,0.335731673769,0.861040152433,0.159604892636,0.207540561256,0.0267524185178,0.31,0.1787007565,0.01918384023,0.15111254708,4
613,0.204,0.268,1.456,1.912,0.15,0.25,22.5,22.3349008696,1,0.329210734258,0.905022357183,0.128060892164,0.175998951668,0.0195031199998,0.31,0.1592829861,0.01180901614,0.120522988815,4
614,0.204,0.268,1.456,1.912,0.15,0.25,37.5,37.3009321687,1,0.332470142741,0.843040461929,0.0993148117387,0.17369982618,0.0208703039626,0.31,0.1464359817,0.01342795635,0.0739562555678,4
615,0.204,0.268,1.456,1.912,0.15,0.25,52.5,52.272573789,1,0.346682773737,1.24677831204,0.305223304179,0.111029848581,0.0172325141202,0.31,0.1384296072,0.02560516012,0.160369199621,4
616,0.204,0.268,1.456,1.912,0.15,0.25,67.5,67.3115730578,1,0.381415905902,1.87388101027,0.881046885269,0.0914856613417,0.020329195378,0.31,0.1714332435,0.02219433277,0.451996887931,4
617,0.204,0.268,1.456,1.912,0.15,0.25,82.5,82.3558001046,1,0.380216409762,1.06762595619,0.294199242364,0.081516692794,0.0179456214216,0.31,0.08702933709,0.02398214926,0,4
618,0.204,0.268,1.456,1.912,0.15,0.25,112.5,111.707179543,1,0.380723298773,1.75062233849,0.491252858415,0.0667210881136,0.0147467537351,0.31,0.1168034273,0.01229555184,0.260123545546,4
619,0.204,0.268,1.456,1.912,0.15,0.25,187.5,187.630734701,1,0.465656709508,4.02902397814,4.43065297467,0.10989056712,0.0381837971502,0.31,0.4427517299,0.4868869681,0,2
620,0.204,0.268,1.456,1.912,0.15,0.25,307.5,309.292109682,1,0.370396831236,0.64956993732,0.115917182631,0.167370174871,0.033928627203,0.31,0.108718634,0.01026676739,0.151417802602,4
621,0.204,0.268,1.456,1.912,0.15,0.25,337.5,337.626437452,1,0.349988613463,0.839729992172,0.183590977814,0.182729232885,0.0296855039093,0.31,0.1534432173,0.01319765029,0.201001938586,4
622,0.204,0.268,1.456,1.912,0.15,0.25,352.5,352.588911718,1,0.334419736747,0.870319733476,0.167642808912,0.199511687281,0.0250278329142,0.31,0.1736389585,0.01379627733,0.175471828048,4
623,0.204,0.268,1.456,1.912,0.25,0.4,7.5,7.38946222111,1,0.335214235142,1.13647488065,0.29904112707,0.14453049935,0.0184346277673,0.31,0.164255282,0.01269226072,0.251528789017,4
624,0.204,0.268,1.456,1.912,0.25,0.4,22.5,22.2039804675,1,0.346315614005,0.833319023523,0.288284967382,0.131498558183,0.0203013096266,0.31,0.1095802501,0.01013714516,0.333349755316,4
625,0.204,0.268,1.456,1.912,0.25,0.4,37.5,37.2103737525,1,0.3804489626,0.662827044777,0.0736419166522,0.135549745319,0.0298952230301,0.31,0.08984603711,0.009982143047,0,4
626,0.204,0.268,1.456,1.912,0.25,0.4,60,59.0278819431,1,0.457065530556,2.05959313931,0.45906503148,0.0441239119345,0.0148199142186,0.31,0.0908773063,0.009221720277,0.198452511544,3
627,0.204,0.268,1.456,1.912,0.25,0.4,82.5,82.3556757667,1,0.408488650231,1.25907030113,0.457952106279,0.0761888971047,0.0202672458495,0.31,0.09592717762,0.01983630316,0.299222259424,4
628,0.204,0.268,1.456,1.912,0.25,0.4,97.5,97.3849764887,1,0.381203846692,1.16281457938,0.197976764819,0.0579735404383,0.0128612927836,0.31,0.06741247804,0.01044436245,0.0705925017345,4
629,0.204,0.268,1.456,1.912,0.25,0.4,112.5,112.404755838,1,0.3907132359,1.24496593917,0.173848850285,0.0549482877704,0.0130676262339,0.31,0.06840874669,0.009552696654,0,4
630,0.204,0.268,1.456,1.912,0.25,0.4,127.5,127.460289773,1,0.463924067585,1.71000716704,0.734884119179,0.0525536312373,0.0181386587946,0.31,0.08986708607,0.01972987474,0.369444612206,4
631,0.204,0.268,1.456,1.912,0.25,0.4,150,149.900798749,1,0.510576438259,2.53399009992,1.00975744689,0.0349750429659,0.014189194292,0.31,0.08862641262,0.03531631009,0,4
632,0.204,0.268,1.456,1.912,0.25,0.4,217.5,217.785953283,1,0.390969298014,0.868408028472,0.345920982486,0.0615961234768,0.0146744916757,0.31,0.05349056815,0.02039157059,0.115528916857,3
633,0.204,0.268,1.456,1.912,0.25,0.4,345,345.823676553,1,0.341248843806,0.851513430828,0.109849209787,0.123197554263,0.0175748871683,0.31,0.1049043721,0.01000782992,0.0868396849614,4
634,0.204,0.268,1.456,1.912,0.4,0.6,97.5,96.6553683976,1,0.430056702584,0.958303338495,0.260932084516,0.0405822101915,0.0120965465106,0.31,0.03889006751,0.005755429896,0.228555609536,4
635,0.204,0.268,1.456,1.912,0.4,0.6,142.5,142.486908972,1,0.418329853682,5.58408065906,3.75702038406,0.0312169978629,0.00876858000369,0.31,0.174318234,0.1172828973,0,1
636,0.204,0.268,1.456,1.912,0.4,0.6,277.5,278.864717102,1,0.395554378247,0.902102790006,0.220166158625,0.0613536657941,0.0150739434486,0.31,0.05534731309,0.008070838005,0.19570578665,4
637,0.204,0.268,1.456,1.912,0.4,0.6,352.5,352.787810931,1,0.375653263185,0.732802345798,0.131137356361,0.145885565341,0.0309522877918,0.31,0.1069052845,0.01913104737,0,4
638,0.204,0.268,1.456,1.912,0.6,0.8,7.5,6.67317319186,1,0.360104857823,0.521051567899,0.0809862138189,0.257326352247,0.0471515054998,0.31,0.1340802993,0.01497536445,0.108089961251,4
639,0.204,0.268,1.456,1.912,0.6,0.8,127.5,127.216938843,1,0.408916194629,0.795480108031,0.670947359276,0.0252899605243,0.00674405316176,0.31,0.02011766053,0.01696823223,0,4
640,0.204,0.268,1.456,1.912,0.6,0.8,270,270.39467278,1,0.393506099912,0.639607217297,0.395159509876,0.0330260293798,0.0080047799366,0.31,0.02112368675,0.003918707273,0.589306043397,3
641,0.204,0.268,1.456,1.912,0.6,0.8,322.5,323.194327674,1,0.408375987575,0.696388155141,0.160308918699,0.0491056779291,0.0130542572654,0.31,0.03419661246,0.004540997526,0.188039542298,4
642,0.204,0.268,1.456,1.912,0.8,1,75,74.3071306373,1,0.508009421325,0.821453379798,0.242741798308,0.018949649174,0.00762646451935,0.31,0.01556625336,0.00352010108,0.190221233983,4
643,0.204,0.268,1.456,1.912,0.8,1,300,301.311138651,1,0.497098408326,0.411810370951,0.197677484878,0.0174677130384,0.00678788288418,0.31,0.007193385386,0.00345297358,0,4
644,0.204,0.268,1.912,2.51,0.15,0.25,7.5,7.43335590003,1,0.316785452809,0.817774221355,0.0452189753061,0.187481951982,0.0122266741451,0.31,0.1533179073,0.008477741757,0,4
645,0.204,0.268,1.912,2.51,0.15,0.25,22.5,22.3215609135,1,0.315460814772,0.84600503416,0.250066334331,0.172272038126,0.0100680083677,0.31,0.1457430115,0.006979838242,0.291679379828,4
646,0.204,0.268,1.912,2.51,0.15,0.25,37.5,37.2645044329,1,0.316989069551,0.94742460778,0.219513202572,0.132589269973,0.00877703935086,0.31,0.1256183371,0.006302312379,0.226197578702,4
647,0.204,0.268,1.912,2.51,0.15,0.25,52.5,52.2532578842,1,0.322156759641,1.05732391639,0.340966476081,0.103961273453,0.00911366160145,0.31,0.1099207408,0.006872220499,0.316362181452,4
648,0.204,0.268,1.912,2.51,0.15,0.25,67.5,67.2767869082,1,0.332086748953,1.20397335052,0.379076735792,0.0870074701857,0.0103614203397,0.31,0.1047546754,0.008124839221,0.305152200233,4
649,0.204,0.268,1.912,2.51,0.15,0.25,82.5,82.2836984485,1,0.330658028283,1.16289667456,0.481113298964,0.0683944821495,0.00786825879506,0.31,0.07953571585,0.009210767916,0.397181100114,4
650,0.204,0.268,1.912,2.51,0.15,0.25,97.5,97.3496599423,1,0.347462467515,1.47390010762,0.553387727326,0.0486854947149,0.00764070196423,0.31,0.0717575559,0.007467751415,0.360746979377,4
651,0.204,0.268,1.912,2.51,0.15,0.25,120,119.539403875,1,0.351596332026,1.18865080487,0.600755221769,0.0650064208541,0.0107840108864,0.31,0.07726993447,0.008634327468,0.492901857236,4
652,0.204,0.268,1.912,2.51,0.15,0.25,157.5,157.140013544,1,0.381128875747,0.789539419918,0.227705822915,0.0670738236927,0.0148715267408,0.31,0.05295742785,0.01527310022,0,4
653,0.204,0.268,1.912,2.51,0.15,0.25,247.5,248.774173899,1,0.43057098645,1.32807439832,0.242742368384,0.0506591156003,0.0151377858641,0.31,0.06727907447,0.006722742297,0.153045848818,4
654,0.204,0.268,1.912,2.51,0.15,0.25,285,285.866588515,1,0.413883160475,0.860011962311,0.0719992277014,0.0880946047964,0.0241577301342,0.31,0.07576241394,0.00634274351,0,4
655,0.204,0.268,1.912,2.51,0.15,0.25,307.5,307.751347691,1,0.387633823598,0.773923845932,0.0887388220177,0.106160463916,0.0247059785577,0.31,0.08216011452,0.008062866205,0.0592996605416,4
656,0.204,0.268,1.912,2.51,0.15,0.25,322.5,322.742031457,1,0.338791569212,0.708432049211,0.0492122683346,0.15312071203,0.0209275894388,0.31,0.1084756198,0.007535417568,0,4
657,0.204,0.268,1.912,2.51,0.15,0.25,337.5,337.654278051,1,0.325041985827,0.854821676542,0.140297160506,0.16067484666,0.0157036895677,0.31,0.1373483418,0.007789100762,0.154015443419,4
658,0.204,0.268,1.912,2.51,0.15,0.25,352.5,352.563149505,1,0.319665128391,1.00738087063,0.176875398173,0.153296235617,0.0119588694586,0.31,0.1544276953,0.00791312898,0.167935832384,4
659,0.204,0.268,1.912,2.51,0.25,0.4,7.5,7.40152433197,1,0.318451846859,1.20690747329,0.335881118637,0.11840190376,0.00862919927824,0.31,0.1429001425,0.00741006198,0.273425308375,4
660,0.204,0.268,1.912,2.51,0.25,0.4,22.5,22.1913972442,1,0.319738717077,0.972380481218,0.0782061372498,0.0990922608189,0.00776016238534,0.31,0.09635538026,0.005559007086,0.0560368637325,4
661,0.204,0.268,1.912,2.51,0.25,0.4,37.5,37.148505222,1,0.326788940678,1.02029603914,0.269196516449,0.0827013755154,0.00855110297475,0.31,0.08437988587,0.007405171377,0.248818359062,4
662,0.204,0.268,1.912,2.51,0.25,0.4,52.5,52.1511982413,1,0.33935360023,1.19271136519,0.167886299884,0.0633583452253,0.00874732252757,0.31,0.07556821843,0.005781199467,0.118155486332,4
663,0.204,0.268,1.912,2.51,0.25,0.4,67.5,67.2385698905,1,0.351762090562,1.73308970355,0.259285210247,0.0464501492883,0.0077219888802,0.31,0.08050227546,0.00685220271,0.123035169433,4
664,0.204,0.268,1.912,2.51,0.25,0.4,82.5,82.2824378627,1,0.340032284454,1.36549515811,0.394764553254,0.0364062261917,0.0050867138907,0.31,0.04971252559,0.004080401738,0.277203265396,4
665,0.204,0.268,1.912,2.51,0.25,0.4,97.5,97.3401105322,1,0.332716101496,1.36319466991,0.238763448695,0.0372983733302,0.00450678024432,0.31,0.05084494372,0.004031017879,0.156179650141,4
666,0.204,0.268,1.912,2.51,0.25,0.4,112.5,112.358300248,1,0.33960960745,1.33831713269,0.292749617653,0.0319127801601,0.00442595694646,0.31,0.04270942044,0.004400863259,0.192954764404,4
667,0.204,0.268,1.912,2.51,0.25,0.4,127.5,127.405611849,1,0.348533670924,1.16690280782,0.156308717558,0.0387011540527,0.00616500027783,0.31,0.04516048533,0.006049327758,0,4
668,0.204,0.268,1.912,2.51,0.25,0.4,142.5,142.437571526,1,0.389359543314,1.5694583401,0.8741459684,0.0210405737612,0.00495686865473,0.31,0.03302230397,0.00752197127,0.508264839688,4
669,0.204,0.268,1.912,2.51,0.25,0.4,157.5,157.458623628,1,0.407293993789,0.81045452042,0.21848873262,0.0313373382961,0.00827853937235,0.31,0.02539748748,0.006846855328,0,4
670,0.204,0.268,1.912,2.51,0.25,0.4,172.5,172.488225247,1,0.355734521499,1.79071507206,0.668863126922,0.0269823239966,0.00470816811196,0.31,0.04831765426,0.0180474816,0,3
671,0.204,0.268,1.912,2.51,0.25,0.4,187.5,187.511149141,1,0.369011392934,2.44287536132,1.09829289127,0.0219302301248,0.00438984971548,0.31,0.05357281884,0.02408581585,0,2
672,0.204,0.268,1.912,2.51,0.25,0.4,210,210.165172292,1,0.408050556752,1.68344637376,0.291905599158,0.0170110235683,0.00451370311089,0.31,0.02863714594,0.004965613027,0,4
673,0.204,0.268,1.912,2.51,0.25,0.4,240,240.406832665,1,0.40727659639,1.46997812897,0.179982409303,0.0257166976536,0.00679301717557,0.31,0.0378029831,0.004628553203,0,4
674,0.204,0.268,1.912,2.51,0.25,0.4,330,331.327899183,1,0.36452103367,0.84406132028,0.0602888251493,0.102623847947,0.0196801354763,0.31,0.08662082059,0.006187071225,0,4
675,0.204,0.268,1.912,2.51,0.25,0.4,352.5,352.607635879,1,0.321497045945,1.17119462308,0.276695354315,0.107932952055,0.00919671759328,0.31,0.1264104931,0.007180229999,0.229320675148,4
676,0.204,0.268,1.912,2.51,0.4,0.6,7.5,7.24234121519,1,0.319834565417,0.780161419729,0.0756800704162,0.136674265099,0.0107566634215,0.31,0.1066279887,0.004998969538,0.0849243403933,4
677,0.204,0.268,1.912,2.51,0.4,0.6,22.5,21.9756415647,1,0.34382067875,0.86004486223,0.0956266154545,0.0831314692755,0.0123619203784,0.31,0.07149679304,0.005536756593,0.0797853794212,4
678,0.204,0.268,1.912,2.51,0.4,0.6,90,89.2802040789,1,0.360909907634,1.40137758892,0.609241726199,0.0180690039645,0.00333939252277,0.31,0.02532149721,0.002748855658,0.420972954901,4
679,0.204,0.268,1.912,2.51,0.4,0.6,112.5,112.407221281,1,0.359604963709,1.27060518859,0.152759119546,0.0189427421722,0.00345234944615,0.31,0.02406874649,0.002893676616,0,4
680,0.204,0.268,1.912,2.51,0.4,0.6,127.5,127.435105908,1,0.374089501332,1.26408719996,0.332859725526,0.0193693866378,0.00405569957478,0.31,0.02448459372,0.003442688603,0.222637381631,4
681,0.204,0.268,1.912,2.51,0.4,0.6,142.5,142.435376805,1,0.368581781145,1.12162879097,0.277278410355,0.0147323772116,0.00293734672527,0.31,0.01652425844,0.004084970134,0,4
682,0.204,0.268,1.912,2.51,0.4,0.6,157.5,157.465192997,1,0.428107231344,2.43828995301,0.75791533909,0.00936947490669,0.00276638885946,0.31,0.02284549653,0.007101268751,0,3
683,0.204,0.268,1.912,2.51,0.4,0.6,172.5,172.495256763,1,0.397930405313,1.1725522292,0.436900340447,0.0111357803727,0.00277834054779,0.31,0.0130572841,0.004865226236,0,3
684,0.204,0.268,1.912,2.51,0.4,0.6,187.5,187.493181873,1,0.348364887631,2.11463527213,5.35146669381,0.0136272570877,0.00216575210349,0.31,0.0288166785,0.01677038474,2.46285568155,4
685,0.204,0.268,1.912,2.51,0.4,0.6,202.5,202.532934708,1,0.386491199547,2.00954412383,0.77429755962,0.0130699155438,0.00301672924658,0.31,0.02626457198,0.01012000371,0,4
686,0.204,0.268,1.912,2.51,0.4,0.6,217.5,217.527394999,1,0.459945257998,1.16491588747,0.252484569395,0.0163734082994,0.00556333720279,0.31,0.01907364346,0.004134032944,0,3
687,0.204,0.268,1.912,2.51,0.4,0.6,247.5,248.464894148,1,0.427604536734,1.27388110613,0.284072249819,0.0149084803979,0.0043909369999,0.31,0.0189916315,0.004235085568,0,4
688,0.204,0.268,1.912,2.51,0.4,0.6,277.5,277.715902633,1,0.406973669316,1.53481532484,0.624529640954,0.0205410716649,0.00541628633518,0.31,0.03152675158,0.004431859837,0.381855263108,4
689,0.204,0.268,1.912,2.51,0.4,0.6,292.5,292.788093287,1,0.376011682862,1.233430534,0.553435709278,0.0334477820215,0.00711776233207,0.31,0.04125551564,0.005330822492,0.429688147368,4
690,0.204,0.268,1.912,2.51,0.4,0.6,352.5,352.752425421,1,0.319406368691,0.970962707555,0.263814616224,0.127717905369,0.00982716736384,0.31,0.1240093232,0.005912869679,0.267487742806,4
691,0.204,0.268,1.912,2.51,0.6,0.8,7.5,6.88852159446,1,0.320724408638,0.647434349598,0.0565315722983,0.138880807661,0.0114221728897,0.31,0.08991620538,0.004168962881,0.0739893585025,4
692,0.204,0.268,1.912,2.51,0.6,0.8,22.5,21.6084257725,1,0.345538151479,0.676732950958,0.168662802745,0.0688124005401,0.0105029938638,0.31,0.04656761888,0.004118051491,0.233014836537,4
693,0.204,0.268,1.912,2.51,0.6,0.8,142.5,142.42877699,1,0.428318969371,0.843235733942,0.570487817755,0.00760633759556,0.00224814748798,0.31,0.006413935665,0.004339322936,0,3
694,0.204,0.268,1.912,2.51,0.6,0.8,157.5,157.494184805,1,0.418596829562,1.33875454167,1.14434769477,0.00687835823846,0.00193480411657,0.31,0.009208433331,0.007871233394,0,2
695,0.204,0.268,1.912,2.51,0.6,0.8,202.5,202.509188191,1,0.417534010437,0.968486019097,2.00898704144,0.00695542522264,0.00194546426324,0.31,0.006736232085,0.01397335914,0,1
696,0.204,0.268,1.912,2.51,0.6,0.8,232.5,233.05454767,1,0.497429784818,1.20287390282,0.302421078583,0.00941879322799,0.00366409688871,0.31,0.01132962057,0.002070797636,0.172633076985,4
697,0.204,0.268,1.912,2.51,0.6,0.8,262.5,262.622049101,1,0.532381913477,2.11713244121,0.809484356909,0.00705368847473,0.00305295584705,0.31,0.0149335927,0.002373146349,0.347760900247,4
698,0.204,0.268,1.912,2.51,0.6,0.8,277.5,277.708848632,1,0.392806384606,1.36982258307,0.270950886689,0.0113589555336,0.00274023721538,0.31,0.01555975381,0.002201332804,0.13823659446,4
699,0.204,0.268,1.912,2.51,0.6,0.8,292.5,292.81354849,1,0.362848074027,1.32612975444,0.227500285392,0.0166568224611,0.00314098054147,0.31,0.02208910788,0.002864644267,0.112301796724,4
700,0.204,0.268,1.912,2.51,0.6,0.8,307.5,307.976916183,1,0.38369934248,1.46830385603,0.385066971501,0.0143755550347,0.0032504393705,0.31,0.02110768289,0.002140746462,0.241848147165,4
701,0.204,0.268,1.912,2.51,0.6,0.8,322.5,323.195265706,1,0.367555459916,1.49402426897,0.351041238622,0.0231293835901,0.00456751253315,0.31,0.03455586041,0.002885377258,0.219626493684,4
702,0.204,0.268,1.912,2.51,0.6,0.8,337.5,338.391553856,1,0.328379530905,0.782601683408,0.0710070049626,0.0734520495019,0.00795629003446,0.31,0.05748369759,0.004042280813,0.057335192811,4
703,0.204,0.268,1.912,2.51,0.6,0.8,352.5,353.125158487,1,0.318459512075,0.713846844979,0.139571076755,0.139487061098,0.0101705685979,0.31,0.09957239848,0.00448752534,0.19025458581,4
704,0.204,0.268,1.912,2.51,0.8,1,7.5,6.0111548844,1,0.328713677156,0.577907166488,0.146194902222,0.206918106115,0.0226220089146,0.31,0.1195794564,0.00666109762,0.246763765626,4
705,0.204,0.268,1.912,2.51,0.8,1,22.5,21.2170210976,1,0.347739586593,0.662603585356,0.104903893099,0.0584572661785,0.00921009396314,0.31,0.03873399416,0.003108815021,0.136468635448,4
706,0.204,0.268,1.912,2.51,0.8,1,37.5,36.6468573855,1,0.420786737335,1.23496502568,0.174291148499,0.0198710705725,0.00565406088145,0.31,0.02454007718,0.003463351712,0,3
707,0.204,0.268,1.912,2.51,0.8,1,52.5,51.9782572173,1,0.427848002959,1.31225567933,0.314796691707,0.0102293091822,0.00301641347493,0.31,0.01342346907,0.003220152689,0,3
708,0.204,0.268,1.912,2.51,0.8,1,75,73.9805705865,1,0.403359524858,1.46025099183,0.29176970555,0.0115317957078,0.00297598329163,0.31,0.01683931612,0.003123660212,0.0742541461653,4
709,0.204,0.268,1.912,2.51,0.8,1,135,134.852474617,1,0.403247416721,1.69569327121,0.788935827042,0.00739287900877,0.00190656715446,0.31,0.01253605519,0.005832507115,0,4
710,0.204,0.268,1.912,2.51,0.8,1,225,225.139561158,1,0.569012247891,1.11322342434,0.963982164579,0.00665235452028,0.00317419058767,0.31,0.007405556879,0.00641275111,0,3
711,0.204,0.268,1.912,2.51,0.8,1,292.5,292.814350467,1,0.412795893084,1.00213708263,0.254592848691,0.00860763682982,0.00234627900921,0.31,0.008626032061,0.002191442781,0,4
712,0.204,0.268,1.912,2.51,0.8,1,307.5,308.011991747,1,0.473910511209,2.12501434066,0.607482708574,0.00645667391391,0.00231443772568,0.31,0.01372052466,0.001699943582,0.257628192616,4
713,0.204,0.268,1.912,2.51,0.8,1,322.5,323.329108919,1,0.352516432454,0.766077185104,0.302238792573,0.0244535356022,0.00410410435883,0.31,0.01873329572,0.003612296555,0.344194344889,4
714,0.204,0.268,1.912,2.51,0.8,1,337.5,338.823826098,1,0.333600512189,0.833460101663,0.0536774503593,0.0554609315284,0.00683527614036,0.31,0.04622447363,0.002977001399,0,4
715,0.204,0.268,1.912,2.51,0.8,1,352.5,353.982710846,1,0.324313445731,0.657097626147,0.105052070647,0.204749804514,0.0195095634809,0.31,0.1345406105,0.006674941211,0.151979916117,4
716,0.204,0.268,2.51,3.295,0.15,0.25,7.5,7.44620366182,1,0.315874014502,0.87088448311,0.166307549184,0.20004779667,0.0121295514192,0.31,0.174218522,0.007217702551,0.186415852809,4
717,0.204,0.268,2.51,3.295,0.15,0.25,22.5,22.3027265068,1,0.315241789697,0.955027272666,0.15009333541,0.165133467613,0.00945363642581,0.31,0.1577069652,0.006095314398,0.152334774648,4
718,0.204,0.268,2.51,3.295,0.15,0.25,37.5,37.2466428929,1,0.317511511531,0.957786988509,0.142809275586,0.129866519166,0.00891603404219,0.31,0.1243844623,0.005600779028,0.142141830208,4
719,0.204,0.268,2.51,3.295,0.15,0.25,52.5,52.2118079575,1,0.324753744217,1.00015721808,0.299876577522,0.117941493665,0.0114135404996,0.31,0.1179600362,0.006920908919,0.294032873943,4
720,0.204,0.268,2.51,3.295,0.15,0.25,67.5,67.2098905824,1,0.326165026495,1.03560882041,0.179426590139,0.081497939122,0.00826455990528,0.31,0.0843999846,0.00528324363,0.161553568931,4
721,0.204,0.268,2.51,3.295,0.15,0.25,82.5,82.253744623,1,0.326304335303,1.04495609891,0.274128071012,0.0644742426309,0.00656704873741,0.31,0.06737275306,0.005273063535,0.250387067729,4
722,0.204,0.268,2.51,3.295,0.15,0.25,97.5,97.3206968442,1,0.333372265227,1.05129287997,0.0775350867458,0.0510485453887,0.00625986463683,0.31,0.0536669723,0.00368241223,0.0270411312938,4
723,0.204,0.268,2.51,3.295,0.15,0.25,112.5,112.334138343,1,0.35128839873,1.09644395114,0.0989074702235,0.0505527418273,0.00835322514888,0.31,0.05542824799,0.005000043807,0,4
724,0.204,0.268,2.51,3.295,0.15,0.25,135,134.509107146,1,0.348242863589,0.780994833037,0.0693707933585,0.0513200049278,0.00814244757909,0.31,0.04008065868,0.003560109457,0,4
725,0.204,0.268,2.51,3.295,0.15,0.25,165,164.837531376,1,0.392389292538,0.965650234112,0.400181424792,0.0321289072316,0.00772894617094,0.31,0.03102528679,0.007751346613,0.330637592097,3
726,0.204,0.268,2.51,3.295,0.15,0.25,195,195.169042288,1,0.445927750952,0.656554613642,0.119228898533,0.0511428275612,0.0163937740685,0.31,0.03357805939,0.006097702998,0,4
727,0.204,0.268,2.51,3.295,0.15,0.25,225,225.454145325,1,0.502883158244,1.72675605238,1.18933751799,0.0261963363716,0.0103729378406,0.31,0.04523468238,0.006836327903,0.671984798042,4
728,0.204,0.268,2.51,3.295,0.15,0.25,285,286.066393616,1,0.491935283255,0.80455366709,0.203001022126,0.0774007628791,0.029564692599,0.31,0.06227306761,0.005541657329,0.236101132227,4
729,0.204,0.268,2.51,3.295,0.15,0.25,307.5,307.760106624,1,0.387543915989,0.846500404977,0.119442058671,0.106253342256,0.0247116783257,0.31,0.08994349725,0.008748524494,0.102218616046,4
730,0.204,0.268,2.51,3.295,0.15,0.25,322.5,322.701596527,1,0.328435689472,0.857487658371,0.127069539139,0.133454163781,0.0144783942662,0.31,0.1144352984,0.006850880886,0.135556992399,4
731,0.204,0.268,2.51,3.295,0.15,0.25,337.5,337.698047942,1,0.3192961514,0.935329855616,0.133669678569,0.16273684945,0.0124470099247,0.31,0.1522126339,0.00699902042,0.135312425565,4
732,0.204,0.268,2.51,3.295,0.15,0.25,352.5,352.519142381,1,0.316720332376,0.915883084881,0.17677085472,0.197282550014,0.0128032711046,0.31,0.1806877505,0.007458620942,0.188539977253,4
733,0.204,0.268,2.51,3.295,0.25,0.4,7.5,7.37385879011,1,0.313854010351,1.03421863876,0.18294873846,0.13651893614,0.00669407878274,0.31,0.1411904283,0.004586795907,0.173886970912,4
734,0.204,0.268,2.51,3.295,0.25,0.4,22.5,22.1949397707,1,0.313798571223,1.00882260607,0.195236268441,0.116641025084,0.00567784656828,0.31,0.1176701029,0.003932243172,0.190621827381,4
735,0.204,0.268,2.51,3.295,0.25,0.4,37.5,37.0980230263,1,0.316926704533,0.866750904708,0.155730400976,0.0956078965362,0.00630036165218,0.31,0.08286823082,0.003824932541,0.173641536914,4
736,0.204,0.268,2.51,3.295,0.25,0.4,52.5,52.1152387794,1,0.328886518984,1.10600881121,0.243139870034,0.0620004790152,0.00681056068071,0.31,0.06857307609,0.004014441126,0.211897069296,4
737,0.204,0.268,2.51,3.295,0.25,0.4,67.5,67.160276732,1,0.332877077455,0.993181816061,0.0718154274498,0.0446875796881,0.00541939835601,0.31,0.04438289155,0.003209257637,0,4
738,0.204,0.268,2.51,3.295,0.25,0.4,82.5,82.2610504244,1,0.323077093209,0.892955132548,0.223363367734,0.0437736909003,0.0039828786662,0.31,0.03908794196,0.002643402182,0.240824337169,4
739,0.204,0.268,2.51,3.295,0.25,0.4,97.5,97.26605574,1,0.323249954417,1.07495545204,0.0784467132314,0.0301581129603,0.00276247870751,0.31,0.03241862795,0.002365804839,0,4
740,0.204,0.268,2.51,3.295,0.25,0.4,112.5,112.319593295,1,0.333377363554,1.5625201422,0.417535683149,0.0202489886533,0.00248332745953,0.31,0.03163945263,0.002427923431,0.255964067377,4
741,0.204,0.268,2.51,3.295,0.25,0.4,127.5,127.359588677,1,0.336413657324,0.869916782534,0.21962482448,0.0222653939307,0.0029093764205,0.31,0.01936903985,0.001928357992,0.232007264251,4
742,0.204,0.268,2.51,3.295,0.25,0.4,142.5,142.421675006,1,0.330665251821,0.731768477669,0.0683268720939,0.0289782626707,0.00333432770043,0.31,0.02120537916,0.001979994047,0,4
743,0.204,0.268,2.51,3.295,0.25,0.4,157.5,157.464233652,1,0.348599852385,0.900734322929,0.109365577594,0.0180975267679,0.00288551186274,0.31,0.01630106352,0.001979246468,0,4
744,0.204,0.268,2.51,3.295,0.25,0.4,172.5,172.474752688,1,0.344315923898,0.850630073748,0.161050770629,0.0194961768127,0.00292140015338,0.31,0.01658403432,0.0031398743,0,4
745,0.204,0.268,2.51,3.295,0.25,0.4,187.5,187.5064688,1,0.344193038063,0.550993937088,0.134493240204,0.0254492521172,0.00380624577617,0.31,0.01402238362,0.003422752378,0,4
746,0.204,0.268,2.51,3.295,0.25,0.4,202.5,202.51980958,1,0.372254836929,0.845350229325,0.366869978475,0.0231560275859,0.00477225805727,0.31,0.01957495323,0.003099653246,0.404066320533,4
747,0.204,0.268,2.51,3.295,0.25,0.4,232.5,232.634766768,1,0.420421724668,0.967985285548,0.119425774984,0.0200731872272,0.00570072956715,0.31,0.01943054987,0.002397255941,0,3
748,0.204,0.268,2.51,3.295,0.25,0.4,255,255.831000108,1,0.381607257652,1.26221196791,0.0984199089754,0.0190796589181,0.00424598933156,0.31,0.02408257383,0.001877818294,0,4
749,0.204,0.268,2.51,3.295,0.25,0.4,277.5,277.787066948,1,0.397659613269,1.19970229907,0.151748268349,0.0332316540536,0.0082768281607,0.31,0.03986809177,0.005042845957,0,4
750,0.204,0.268,2.51,3.295,0.25,0.4,292.5,292.837058797,1,0.397384538392,0.851260788475,0.26124033853,0.0459218339071,0.0114173234105,0.31,0.03909145654,0.004506631326,0.28440952395,4
751,0.204,0.268,2.51,3.295,0.25,0.4,307.5,307.922792358,1,0.37293034992,0.928455922178,0.227673973409,0.0702168674276,0.0145565927036,0.31,0.0651932664,0.006040438781,0.227039583495,4
752,0.204,0.268,2.51,3.295,0.25,0.4,322.5,322.911906713,1,0.321684852554,0.847141214828,0.0883371281874,0.0839187715291,0.00720976264538,0.31,0.07109105006,0.004153745026,0.0863698282474,4
753,0.204,0.268,2.51,3.295,0.25,0.4,337.5,337.853834287,1,0.314819497302,0.937349933831,0.12814264064,0.114521560866,0.00628442309386,0.31,0.1073467775,0.004119548542,0.131210443318,4
754,0.204,0.268,2.51,3.295,0.25,0.4,352.5,352.641988528,1,0.313778434248,1.1110364793,0.359827254227,0.134763453396,0.00654249265886,0.31,0.1497271128,0.00548031921,0.321791328158,4
755,0.204,0.268,2.51,3.295,0.4,0.6,7.5,7.13806355254,1,0.314230235125,0.977718521048,0.0758533431428,0.125489324646,0.00644854055825,0.31,0.1226932369,0.003894296405,0.0707921602896,4
756,0.204,0.268,2.51,3.295,0.4,0.6,22.5,21.8516901167,1,0.314648825432,0.861613044182,0.0852903382694,0.0850064622566,0.00458080205358,0.31,0.07324267672,0.002465852055,0.0930880887958,4
757,0.204,0.268,2.51,3.295,0.4,0.6,37.5,36.8865131201,1,0.320676610614,0.712912796836,0.0433176456549,0.0543978275914,0.00446376806358,0.31,0.03878090741,0.00235638582,0,4
758,0.204,0.268,2.51,3.295,0.4,0.6,52.5,52.0135849998,1,0.381206083235,0.939328021213,0.114619575249,0.0325225818565,0.00721518282423,0.31,0.03054937246,0.003175796903,0.0638960640963,4
759,0.204,0.268,2.51,3.295,0.4,0.6,75,73.5711522177,1,0.36386607947,1.31976015172,0.124034787821,0.0143431026428,0.00273267251026,0.31,0.01892945532,0.001779043693,0,4
760,0.204,0.268,2.51,3.295,0.4,0.6,97.5,97.2812664136,1,0.339453984906,1.06669191044,0.0985694103326,0.0148962219216,0.00206026154588,0.31,0.01588967942,0.001468311811,0,4
761,0.204,0.268,2.51,3.295,0.4,0.6,112.5,112.334544111,1,0.344222176373,1.45249772254,0.223215870264,0.01030775336,0.00154234120643,0.31,0.01497198828,0.001494260876,0.116858494516,4
762,0.204,0.268,2.51,3.295,0.4,0.6,127.5,127.382467499,1,0.349197808061,1.15466831675,0.148821900106,0.0103053819156,0.00165654355665,0.31,0.01189929799,0.001533666518,0,4
763,0.204,0.268,2.51,3.295,0.4,0.6,142.5,142.421524444,1,0.339706435666,0.873716050968,0.114804727075,0.0109341002325,0.0015190319484,0.31,0.009553298876,0.001255286393,0,4
764,0.204,0.268,2.51,3.295,0.4,0.6,157.5,157.446868146,1,0.361134923834,1.08770700614,0.153730831905,0.0075667844673,0.00140176460517,0.31,0.008230444479,0.001163248071,0,4
765,0.204,0.268,2.51,3.295,0.4,0.6,172.5,172.504765262,1,0.378356063944,1.34107503095,0.218823160493,0.00661243180906,0.00143435384313,0.31,0.008867767193,0.001446953227,0,4
766,0.204,0.268,2.51,3.295,0.4,0.6,187.5,187.533078707,1,0.346866066925,0.699202404973,0.25074071377,0.0109554183989,0.00170482884776,0.31,0.007660054892,0.001573604863,0.293937733636,4
767,0.204,0.268,2.51,3.295,0.4,0.6,202.5,202.541287624,1,0.374673144606,1.01128211351,0.189092611529,0.00926838499839,0.00195032820525,0.31,0.00937295197,0.001752583124,0,4
768,0.204,0.268,2.51,3.295,0.4,0.6,225,225.346885289,1,0.43049131997,1.76592950896,0.40151730788,0.00547725737235,0.0016360667393,0.31,0.009672450422,0.001004798762,0.20224983818,4
769,0.204,0.268,2.51,3.295,0.4,0.6,247.5,247.640393498,1,0.403327244496,1.07389813906,0.204685346826,0.0111257575606,0.00287063661224,0.31,0.01194793034,0.002277279545,0,4
770,0.204,0.268,2.51,3.295,0.4,0.6,262.5,262.719459364,1,0.379151935293,1.5893241851,0.283725483086,0.00851416111126,0.0018586667225,0.31,0.01353176217,0.001761537378,0.122159465398,4
771,0.204,0.268,2.51,3.295,0.4,0.6,277.5,277.775041422,1,0.33795599356,1.06520613316,0.0950394036057,0.018712467277,0.0025184960583,0.31,0.01993263491,0.00177842173,0,4
772,0.204,0.268,2.51,3.295,0.4,0.6,292.5,292.889150793,1,0.342485737268,1.39599179572,0.472009074277,0.021009985825,0.00305884615472,0.31,0.02932976784,0.002717254058,0.325177296538,4
773,0.204,0.268,2.51,3.295,0.4,0.6,307.5,307.973590991,1,0.340114026751,1.01557704897,0.0778951430683,0.0290684764391,0.00406725548866,0.31,0.02952127752,0.002264293131,0,4
774,0.204,0.268,2.51,3.295,0.4,0.6,322.5,323.099936391,1,0.320419146169,0.989939382058,0.323939581181,0.0496196719822,0.00402146831791,0.31,0.04912046742,0.002928930876,0.321753273337,4
775,0.204,0.268,2.51,3.295,0.4,0.6,337.5,338.138557976,1,0.313980667714,0.990720548127,0.242126620662,0.0821728107829,0.00409535612338,0.31,0.08141029214,0.002845586942,0.241881991797,4
776,0.204,0.268,2.51,3.295,0.4,0.6,352.5,352.843395018,1,0.313567274238,0.950466518804,0.194431111179,0.133885013814,0.00631454225604,0.31,0.127253223,0.004261374838,0.201804296822,4
777,0.204,0.268,2.51,3.295,0.6,0.8,22.5,21.4691515533,1,0.316909773707,0.661203157207,0.026885263061,0.0690238147119,0.00454290222974,0.31,0.04563876421,0.001855723416,0,4
778,0.204,0.268,2.51,3.295,0.6,0.8,90,88.9794491516,1,0.440423169686,1.39910474993,0.183799082548,0.00579465431621,0.00181283394893,0.31,0.008107328378,0.001065052147,0,4
779,0.204,0.268,2.51,3.295,0.6,0.8,120,119.545569786,1,0.401538656953,1.70146970601,0.229139165352,0.00342779193506,0.000874814495485,0.31,0.005832284136,0.000785441383,0,4
780,0.204,0.268,2.51,3.295,0.6,0.8,142.5,142.454737516,1,0.398183214912,0.51234015704,0.355489786409,0.00476794548199,0.00119150826555,0.31,0.002442809937,0.001694955921,0,4
781,0.204,0.268,2.51,3.295,0.6,0.8,157.5,157.449074052,1,0.406324493874,0.950355646059,0.264764822352,0.0042710531745,0.00112191058904,0.31,0.004059019499,0.001130824635,0,4
782,0.204,0.268,2.51,3.295,0.6,0.8,172.5,172.481050044,1,0.403506457422,0.68989059833,0.285569613731,0.00665566059766,0.00171913872397,0.31,0.004591677672,0.001900654426,0,4
783,0.204,0.268,2.51,3.295,0.6,0.8,187.5,187.490234767,1,0.387221186312,0.425603520741,0.426900298691,0.00565127283442,0.00131129316404,0.31,0.002405201615,0.002412530061,0,1
784,0.204,0.268,2.51,3.295,0.6,0.8,202.5,202.55402852,1,0.420848205812,1.31750164662,0.675495818514,0.00488492113579,0.00139038631088,0.31,0.00643589164,0.003299743801,0,3
785,0.204,0.268,2.51,3.295,0.6,0.8,225,225.334983558,1,0.433195117695,0.694783370704,0.149755857571,0.0060215349912,0.00182202942667,0.31,0.004183662378,0.0009017601365,0,4
786,0.204,0.268,2.51,3.295,0.6,0.8,247.5,247.640054274,1,0.441545357452,1.57627650789,0.50732118721,0.00565498724266,0.00177806236809,0.31,0.008913823543,0.00146570155,0.276674446531,4
787,0.204,0.268,2.51,3.295,0.6,0.8,262.5,262.696207666,1,0.374445798508,1.59375405186,0.656102893452,0.0067414383841,0.00141585704138,0.31,0.01074419474,0.001715803613,0.379434490802,4
788,0.204,0.268,2.51,3.295,0.6,0.8,277.5,277.782747368,1,0.344575336692,1.08500162541,0.465789324004,0.00974238893516,0.00146564398947,0.31,0.01057050783,0.001354008625,0.409742817944,4
789,0.204,0.268,2.51,3.295,0.6,0.8,292.5,292.873914662,1,0.345786636755,1.08202963547,0.145440008075,0.0111978197018,0.0017154386643,0.31,0.01211637277,0.001414304706,0.0666484086764,4
790,0.204,0.268,2.51,3.295,0.6,0.8,307.5,308.064107297,1,0.346934295352,0.87560739769,0.0972001412353,0.0148144366119,0.00230760258285,0.31,0.01297163029,0.001439965331,0,4
791,0.204,0.268,2.51,3.295,0.6,0.8,322.5,323.256431942,1,0.327742991102,0.874942726266,0.0612756326378,0.0268594593503,0.00285715322188,0.31,0.02350048859,0.001645830364,0,4
792,0.204,0.268,2.51,3.295,0.6,0.8,337.5,338.516693586,1,0.315511490688,0.806090415418,0.117610339523,0.0666868807169,0.00391554832934,0.31,0.05375565538,0.002066906192,0.140744585904,4
793,0.204,0.268,2.51,3.295,0.8,1,22.5,21.1365154389,1,0.322448264561,0.512328647701,0.0259421854097,0.0576515092071,0.00511537631448,0.31,0.02953651975,0.001495606141,0,4
794,0.204,0.268,2.51,3.295,0.8,1,37.5,36.6308752893,1,0.342624958266,0.535670305311,0.0990004901974,0.0242275273453,0.00353521567371,0.31,0.01297796697,0.001186319883,0.160627341913,4
795,0.204,0.268,2.51,3.295,0.8,1,150,149.856567456,1,0.385564296725,0.616190032398,0.275600141123,0.00318954056162,0.000731231838376,0.31,0.001965363102,0.0008790378289,0,4
796,0.204,0.268,2.51,3.295,0.8,1,180,179.977699544,1,0.444982216717,0.421925803007,0.43803945407,0.00235684087679,0.000752379408365,0.31,0.0009944119795,0.001032389291,0,1
797,0.204,0.268,2.51,3.295,0.8,1,247.5,248.701937907,1,0.377834961226,1.0947928928,0.175477945193,0.00386766778158,0.000835445408296,0.31,0.004234295199,0.000678690395,0,4
798,0.204,0.268,2.51,3.295,0.8,1,277.5,277.770898835,1,0.347078289224,0.723793673191,0.128222092132,0.00921722553692,0.00143869461204,0.31,0.006671369528,0.001181851942,0,4
799,0.204,0.268,2.51,3.295,0.8,1,292.5,292.936856784,1,0.377516958651,0.887264836714,0.126331650229,0.00607191111501,0.00130819820377,0.31,0.005387393224,0.0007670745512,0,4
800,0.204,0.268,2.51,3.295,0.8,1,307.5,308.100336068,1,0.374253921884,0.917116220824,0.116669002097,0.00953139904357,0.00199855047101,0.31,0.00874140067,0.001112018815,0,4
801,0.204,0.268,2.51,3.295,0.8,1,322.5,323.386489193,1,0.333004527055,0.570384605319,0.0462492606044,0.0264016117889,0.00321102813391,0.31,0.01505907292,0.001221055024,0,4
802,0.204,0.268,2.51,3.295,0.8,1,337.5,338.861167257,1,0.318351997327,0.489667496408,0.0702780177716,0.0661228778661,0.00479014235799,0.31,0.03237822406,0.001477180093,0.136077607574,4
803,0.204,0.268,3.295,4.326,0.15,0.25,7.5,7.38590430395,1,0.314665501378,1.23550763948,0.278487481494,0.264603711344,0.0142846253098,0.31,0.3269199068,0.01376988378,0.221432929716,4
804,0.204,0.268,3.295,4.326,0.15,0.25,22.5,22.2252926114,1,0.315728472019,1.13279818879,0.215768160132,0.24149346645,0.0144583169826,0.31,0.2735633614,0.01218065525,0.185196220577,4
805,0.204,0.268,3.295,4.326,0.15,0.25,37.5,37.2147783474,1,0.32025064416,1.14780921387,0.408821502714,0.173594860706,0.01395304811,0.31,0.1992537806,0.00996263232,0.352648556109,4
806,0.204,0.268,3.295,4.326,0.15,0.25,52.5,52.1946549599,1,0.34069894098,1.10474612638,0.0681195569792,0.141420121845,0.0199877060569,0.31,0.1562333318,0.009633476048,0,4
807,0.204,0.268,3.295,4.326,0.15,0.25,67.5,67.2171459165,1,0.366567755558,1.5974873964,0.250558015239,0.0710324936245,0.013896236053,0.31,0.1134735133,0.01779776062,0,4
808,0.204,0.268,3.295,4.326,0.15,0.25,82.5,82.2362923517,1,0.361024090862,1.48229146032,0.154228715816,0.0661659864443,0.0122431024993,0.31,0.09807727667,0.01020469512,0,4
809,0.204,0.268,3.295,4.326,0.15,0.25,97.5,97.278996004,1,0.369746022371,1.37142728769,0.55351917107,0.07915214432,0.0159510957107,0.31,0.1085514106,0.01213401066,0.387820138028,4
810,0.204,0.268,3.295,4.326,0.15,0.25,120,119.315665795,1,0.402758591591,1.64501456524,0.265490032128,0.044611322222,0.0114707918422,0.31,0.07338627483,0.01184386137,0,4
811,0.204,0.268,3.295,4.326,0.15,0.25,157.5,156.908766652,1,0.406299079539,1.33482865306,0.213655513245,0.0415636847566,0.0109162206817,0.31,0.05548039734,0.008880310399,0,4
812,0.204,0.268,3.295,4.326,0.15,0.25,202.5,203.098632917,1,0.488923340737,0.696585610671,0.136472899561,0.0719691313631,0.0272102363974,0.31,0.05013266132,0.009821836036,0,4
813,0.204,0.268,3.295,4.326,0.15,0.25,300,301.271330224,1,0.339207661622,0.99536227134,0.499530698606,0.154003997855,0.0212066567786,0.31,0.1532897691,0.009152822637,0.49829352263,4
814,0.204,0.268,3.295,4.326,0.15,0.25,322.5,322.773683841,1,0.319010324183,1.11617829375,0.231645167214,0.192415377366,0.0144856795003,0.31,0.2147698676,0.0109698667,0.20115057049,4
815,0.204,0.268,3.295,4.326,0.15,0.25,337.5,337.722930881,1,0.316356112938,1.09136456668,0.421682594964,0.250198851912,0.0157867152427,0.31,0.2730581616,0.01265348288,0.383592148858,4
816,0.204,0.268,3.295,4.326,0.15,0.25,352.5,352.598930506,1,0.314979694266,1.22436749752,0.353527644287,0.265809318329,0.0148287483501,0.31,0.3254482899,0.01396668266,0.285536077739,4
817,0.204,0.268,3.295,4.326,0.25,0.4,7.5,7.31515639705,1,0.31314995476,1.44659199766,0.246759455512,0.212223890217,0.00940248638821,0.31,0.3070013813,0.01140779342,0.166483372623,4
818,0.204,0.268,3.295,4.326,0.25,0.4,22.5,22.0645937974,1,0.312919278211,1.26810639729,0.332682711625,0.170604428117,0.00727518309999,0.31,0.2163445667,0.008567859656,0.259339676674,4
819,0.204,0.268,3.295,4.326,0.25,0.4,37.5,37.020586068,1,0.314433829255,1.08236925794,0.312499916406,0.130219242708,0.00685185019648,0.31,0.1409453051,0.006383472521,0.285143981088,4
820,0.204,0.268,3.295,4.326,0.25,0.4,52.5,52.0545113015,1,0.325936211077,1.01293808649,0.359951372171,0.0881630403096,0.00887535785082,0.31,0.08930370135,0.005088750967,0.350755322166,4
821,0.204,0.268,3.295,4.326,0.25,0.4,67.5,67.14912354,1,0.348558458344,1.38997404503,0.694768777847,0.0422278089652,0.00672907772901,0.31,0.05869555844,0.004920307532,0.492763579618,4
822,0.204,0.268,3.295,4.326,0.25,0.4,82.5,82.1819366252,1,0.334576589798,1.43650671243,0.950787703546,0.0334648445941,0.0042119856915,0.31,0.04807247389,0.005646826025,0.65136806901,4
823,0.204,0.268,3.295,4.326,0.25,0.4,97.5,97.2157512609,1,0.332612194882,1.35840382094,0.159371505423,0.0306879331221,0.00369924827852,0.31,0.04168660561,0.003713661981,0.0763440624414,4
824,0.204,0.268,3.295,4.326,0.25,0.4,112.5,112.322843357,1,0.346466547898,1.28449658119,0.12988856318,0.025728623115,0.00398079828727,0.31,0.03304832843,0.003341853889,0,4
825,0.204,0.268,3.295,4.326,0.25,0.4,127.5,127.33275524,1,0.355168669786,1.25302329154,0.292967418607,0.0236573560765,0.00410063155845,0.31,0.02964321818,0.003741708574,0.196808769171,4
826,0.204,0.268,3.295,4.326,0.25,0.4,142.5,142.379085021,1,0.359491009679,1.00905105447,0.435579942769,0.0236774963012,0.00430994084278,0.31,0.02389180261,0.002899479768,0.414262594266,4
827,0.204,0.268,3.295,4.326,0.25,0.4,157.5,157.427504946,1,0.366732215777,0.754056662055,0.122822668018,0.0254045643305,0.00497777257075,0.31,0.01915648098,0.003044094367,0.0357682027765,4
828,0.204,0.268,3.295,4.326,0.25,0.4,172.5,172.482008478,1,0.384571132213,1.04075426899,0.180298025567,0.0202328320597,0.00460469012923,0.31,0.02105740634,0.003647939672,0,4
829,0.204,0.268,3.295,4.326,0.25,0.4,195,195.154825035,1,0.38863861109,1.15450653308,0.206848063522,0.01779819866,0.00417176906223,0.31,0.02054813663,0.003681522927,0,4
830,0.204,0.268,3.295,4.326,0.25,0.4,232.5,233.96115936,1,0.398527892801,1.75221144606,0.221094156318,0.0143948964474,0.00360518109047,0.31,0.02522290232,0.00243738399,0.0811376902012,4
831,0.204,0.268,3.295,4.326,0.25,0.4,262.5,262.739156021,1,0.401179666098,1.94472488708,0.261728206422,0.0183958578551,0.00468445109454,0.31,0.03577488259,0.004814714882,0,4
832,0.204,0.268,3.295,4.326,0.25,0.4,277.5,277.783913491,1,0.375834652483,1.78823545723,0.387433564973,0.0333129066641,0.00707863491623,0.31,0.05957132088,0.006130265624,0.190658082322,4
833,0.204,0.268,3.295,4.326,0.25,0.4,292.5,292.864828468,1,0.396038381015,1.75397637914,0.471440710769,0.0361176958501,0.00890185070782,0.31,0.06334958539,0.005638282556,0.253620462736,4
834,0.204,0.268,3.295,4.326,0.25,0.4,307.5,307.969891149,1,0.327197799628,1.21881851259,0.361299329521,0.0820520237978,0.00858940089945,0.31,0.1000065256,0.006146070909,0.289993501141,4
835,0.204,0.268,3.295,4.326,0.25,0.4,322.5,322.991628348,1,0.31432802938,1.09595941464,0.360116646228,0.133194841297,0.00692371083331,0.31,0.1459761403,0.006543550231,0.325513763505,4
836,0.204,0.268,3.295,4.326,0.25,0.4,337.5,337.958265203,1,0.312956302109,1.27434382105,0.411064344559,0.17610272094,0.00755734528038,0.31,0.2244154143,0.008988302406,0.320073211728,4
837,0.204,0.268,3.295,4.326,0.25,0.4,352.5,352.723796807,1,0.313018233762,1.45810517674,0.216007213204,0.212509590284,0.00921521238592,0.31,0.3098613337,0.01219219442,0.142821449488,4
838,0.204,0.268,3.295,4.326,0.4,0.6,7.5,6.64163999377,1,0.315518523895,1.29709302426,0.239750491487,0.223355606484,0.0131228573999,0.31,0.2897129991,0.01180161489,0.180292122225,4
839,0.204,0.268,3.295,4.326,0.4,0.6,22.5,21.6106427401,1,0.313453650177,1.00645811588,0.100849195351,0.135054278122,0.00626685439867,0.31,0.1359264743,0.005332532442,0.0922029537584,4
840,0.204,0.268,3.295,4.326,0.4,0.6,37.5,36.7883860494,1,0.314742189784,0.959325801701,0.126290547719,0.0719355491718,0.00391546590417,0.31,0.06900962838,0.0031395938,0.123533955447,4
841,0.204,0.268,3.295,4.326,0.4,0.6,52.5,51.9363900561,1,0.334666993885,0.810161722904,0.0582391304517,0.0471481646567,0.005945530651,0.31,0.03819763831,0.002745868112,0,4
842,0.204,0.268,3.295,4.326,0.4,0.6,75,73.3824245566,1,0.370819707125,1.27920977328,0.130140086369,0.0156564897707,0.00318590352211,0.31,0.02002793473,0.002037536931,0,4
843,0.204,0.268,3.295,4.326,0.4,0.6,97.5,97.21862826,1,0.35642630244,1.90116478485,0.488578474971,0.011091350754,0.00195093388786,0.31,0.02108648547,0.002345026805,0.231680179208,4
844,0.204,0.268,3.295,4.326,0.4,0.6,112.5,112.320699744,1,0.352209584008,1.58846930506,0.437137996857,0.0127685800131,0.00213474433267,0.31,0.02028249742,0.002329593181,0.250079594308,4
845,0.204,0.268,3.295,4.326,0.4,0.6,127.5,127.370292742,1,0.357199409655,1.1066212906,0.164302657106,0.0113348991173,0.00201147097053,0.31,0.01254344069,0.001862354043,0,4
846,0.204,0.268,3.295,4.326,0.4,0.6,150,149.715476175,1,0.364332483689,1.55009352908,0.183536362137,0.0062357935271,0.00119359927528,0.31,0.009666063195,0.001144494859,0,4
847,0.204,0.268,3.295,4.326,0.4,0.6,180,179.967178716,1,0.383659658296,1.40852209278,0.289796020294,0.00866495315378,0.00195863850387,0.31,0.01220477795,0.00251106894,0,4
848,0.204,0.268,3.295,4.326,0.4,0.6,217.5,218.434859904,1,0.373567063554,1.14771316375,0.132396350898,0.0109686363873,0.00228643720909,0.31,0.01258884837,0.001452207432,0,4
849,0.204,0.268,3.295,4.326,0.4,0.6,247.5,247.695863994,1,0.372665653437,1.37121327616,0.187011791967,0.0123444000975,0.00255322331805,0.31,0.0169268053,0.002308548383,0,4
850,0.204,0.268,3.295,4.326,0.4,0.6,262.5,262.781123388,1,0.354898425666,1.43785926926,0.189645750183,0.0113949825552,0.00196882390339,0.31,0.01638438129,0.002161010015,0,4
851,0.204,0.268,3.295,4.326,0.4,0.6,277.5,277.827314707,1,0.344190618599,1.33101522477,0.650303235294,0.0180465649176,0.00269898321222,0.31,0.02402025266,0.003136076993,0.470809419957,4
852,0.204,0.268,3.295,4.326,0.4,0.6,292.5,292.925208956,1,0.370740115252,1.74488199485,0.186104493241,0.0166447339452,0.00338458429864,0.31,0.02904309657,0.003097659776,0,4
853,0.204,0.268,3.295,4.326,0.4,0.6,307.5,308.005553922,1,0.336670194764,1.30000303437,0.333018451565,0.0320196459081,0.0042050488064,0.31,0.04162563684,0.002726165336,0.247653984323,4
854,0.204,0.268,3.295,4.326,0.4,0.6,322.5,323.168876334,1,0.315217067663,0.979070212029,0.0513113246127,0.0697940698128,0.00398609064822,0.31,0.06833329473,0.003349970203,0.0185275594963,4
855,0.204,0.268,3.295,4.326,0.4,0.6,337.5,338.373590859,1,0.313306754055,1.09411451657,0.286010462254,0.132028922304,0.00599405801671,0.31,0.1444547605,0.005738989964,0.258371557601,4
856,0.204,0.268,3.295,4.326,0.4,0.6,352.5,353.34259563,1,0.315194129252,1.3720987601,0.0578014300689,0.213420990541,0.0121618866977,0.31,0.2928346765,0.01233603846,0,4
857,0.204,0.268,3.295,4.326,0.6,0.8,37.5,36.651403057,1,0.319039926695,0.768970181162,0.146118146639,0.0430664996658,0.00324758955007,0.31,0.03311685405,0.001800956804,0.182069868263,4
858,0.204,0.268,3.295,4.326,0.6,0.8,52.5,51.8715911908,1,0.374922053914,0.758196659911,0.184673800197,0.0249082803691,0.00525243209209,0.31,0.01888537498,0.002130057213,0.215881790026,4
859,0.204,0.268,3.295,4.326,0.6,0.8,90,88.7525428584,1,0.409947244112,1.09608998193,0.171907707879,0.00752343245078,0.00201814225063,0.31,0.008246358939,0.001293336028,0,4
860,0.204,0.268,3.295,4.326,0.6,0.8,120,119.308282238,1,0.395864853643,1.47890851442,0.347087219771,0.00475293219119,0.00117011922386,0.31,0.007029151886,0.00164968202,0,4
861,0.204,0.268,3.295,4.326,0.6,0.8,157.5,157.000410256,1,0.3954354485,0.77907712235,0.135055411803,0.0054502412023,0.00133802249243,0.31,0.004246158232,0.00073608457,0,4
862,0.204,0.268,3.295,4.326,0.6,0.8,240,240.674398649,1,0.397609105043,1.40330126798,0.195466445017,0.0054852119959,0.00136572967283,0.31,0.007697404949,0.001072174889,0,4
863,0.204,0.268,3.295,4.326,0.6,0.8,262.5,262.743515021,1,0.357788822086,0.726543865874,0.113330985203,0.00984373049437,0.00175850031539,0.31,0.007151902008,0.001115599675,0,4
864,0.204,0.268,3.295,4.326,0.6,0.8,277.5,277.847646837,1,0.35214165163,0.626799949564,0.116369562908,0.0106296282644,0.00177561705162,0.31,0.00666265046,0.001236965195,0,4
865,0.204,0.268,3.295,4.326,0.6,0.8,292.5,292.964412963,1,0.367912694172,0.579139687991,0.333547361747,0.0142934393043,0.00283211255741,0.31,0.008277897979,0.001490705134,0.547058020339,4
866,0.204,0.268,3.295,4.326,0.6,0.8,307.5,308.119764724,1,0.368612248342,1.13004393716,0.704040731781,0.017445466722,0.00347926597713,0.31,0.0197141439,0.001828140853,0.61608071637,4
867,0.204,0.268,3.295,4.326,0.6,0.8,322.5,323.354982324,1,0.319224613742,0.780525368153,0.0408210146435,0.0429690568282,0.00327365393677,0.31,0.0335384389,0.001754040498,0,4
868,0.268,0.357,1.456,1.912,0.15,0.25,15,14.8192198646,1,0.358099985766,0.851745372328,0.10387781443,0.0741982590728,0.0133010804622,0.31,0.0631980238,0.007707552987,0,4
869,0.268,0.357,1.456,1.912,0.15,0.25,45,44.6881116142,1,0.381237533915,1.25907492227,0.313482206939,0.0542317114989,0.0120343158302,0.31,0.06828178794,0.008571856238,0.215013330965,4
870,0.268,0.357,1.456,1.912,0.15,0.25,315,315.264106378,1,0.401130859239,1.1508025232,0.150467227146,0.0501354692719,0.0127629944216,0.31,0.05769602454,0.007543745043,0,4
871,0.268,0.357,1.456,1.912,0.15,0.25,345,345.149118955,1,0.371006839208,1.50857565983,0.552726438269,0.0532619147979,0.0108562984642,0.31,0.08034962826,0.00784342772,0.353146447768,4
872,0.268,0.357,1.456,1.912,0.25,0.4,15,14.6551297637,1,0.378021166399,1.31113336668,0.1708233688,0.0425640846142,0.0092080195951,0.31,0.05580719156,0.006004460991,0.0734738361131,4
873,0.268,0.357,1.456,1.912,0.25,0.4,37.5,37.3573043829,1,0.381445138152,1.23916601659,0.14842725547,0.0562467865055,0.0125015228543,0.31,0.06969910638,0.00834855615,0,4
874,0.268,0.357,1.456,1.912,0.25,0.4,52.5,52.4005491927,1,0.48346676743,1.24944348283,0.328308197069,0.0281155001349,0.0104308170239,0.31,0.03512872841,0.009230549159,0,4
875,0.268,0.357,1.456,1.912,0.25,0.4,75,74.7343634997,1,0.384012696267,1.02158576972,0.208901835912,0.0567847878166,0.0128697119894,0.31,0.05801053117,0.01000759417,0.109792484766,4
876,0.268,0.357,1.456,1.912,0.25,0.4,337.5,337.598218356,1,0.399936118289,0.861978443854,0.278937228182,0.0604371707685,0.0152714695661,0.31,0.05209553841,0.008364152346,0.280962798668,4
877,0.268,0.357,1.456,1.912,0.25,0.4,352.5,352.526602906,1,0.383110135822,1.25213428688,0.437362103772,0.0489294393036,0.0110143826292,0.31,0.06126622859,0.007130140884,0.32933506373,4
878,0.268,0.357,1.456,1.912,0.4,0.6,7.5,7.37871662964,1,0.427588796651,0.916896488248,0.313684908766,0.0388552897591,0.0114430100875,0.31,0.03562627873,0.009028424288,0.229829159273,4
879,0.268,0.357,1.456,1.912,0.4,0.6,30,28.9944376668,1,0.502750962129,0.698930560934,0.21084946941,0.0350217802428,0.0138616599918,0.31,0.02447779251,0.007384323782,0,4
880,0.268,0.357,1.456,1.912,0.4,0.6,105,104.846295246,1,0.519610615911,1.80471249897,0.548221476393,0.0299476192141,0.0124883795612,0.31,0.05404684271,0.01641792802,0,2
881,0.268,0.357,1.456,1.912,0.4,0.6,345,345.853946421,1,0.42288436951,0.89436955692,0.14875496991,0.0391549596798,0.0112621528331,0.31,0.03501900394,0.005824494849,0,4
882,0.268,0.357,1.456,1.912,0.6,0.8,315,316.194793046,1,0.575119171909,0.497891106832,0.279653498795,0.0275021848394,0.013322589233,0.31,0.01369309325,0.005327843056,0.405079101958,4
883,0.268,0.357,1.912,2.51,0.15,0.25,7.5,7.51345254791,1,0.334579408367,1.40219231857,0.335819316897,0.0449815777727,0.00566185327995,0.31,0.06307282283,0.004656624801,0.227832211878,4
884,0.268,0.357,1.912,2.51,0.15,0.25,22.5,22.4138080133,1,0.329722617287,1.17586635225,0.0905674082916,0.0449814106073,0.0050525567141,0.31,0.05289212721,0.00407384978,0,4
885,0.268,0.357,1.912,2.51,0.15,0.25,37.5,37.3812292817,1,0.332837611855,1.12480581871,0.235665309707,0.0444222266,0.0053824041717,0.31,0.04996637896,0.004229528229,0.191655789847,4
886,0.268,0.357,1.912,2.51,0.15,0.25,52.5,52.3692901468,1,0.349404218199,1.6375886238,0.409715443628,0.0362719428108,0.00584679727901,0.31,0.05939852091,0.005425105324,0.232927708811,4
887,0.268,0.357,1.912,2.51,0.15,0.25,300,300.45566654,1,0.374639482177,1.66808133383,0.472120654837,0.0336865263404,0.00708657087076,0.31,0.05619186579,0.005179091932,0.26760467197,4
888,0.268,0.357,1.912,2.51,0.15,0.25,322.5,322.618482542,1,0.350742817549,1.43350234752,0.142048195599,0.0350118618968,0.00574456253838,0.31,0.05018958622,0.004973371807,0,4
889,0.268,0.357,1.912,2.51,0.15,0.25,337.5,337.598029394,1,0.331545341265,1.06047387583,0.228335388045,0.0457016683905,0.00537306904386,0.31,0.04846542541,0.004066565057,0.198292774594,4
890,0.268,0.357,1.912,2.51,0.15,0.25,352.5,352.542434522,1,0.336205425859,1.44178447414,0.487331776191,0.0418342150243,0.00544393003817,0.31,0.06031592171,0.004872403029,0.328210927755,4
891,0.268,0.357,1.912,2.51,0.25,0.4,7.5,7.42502246134,1,0.325778506966,1.43038568539,0.476643159457,0.0386606337402,0.00387217380712,0.31,0.05529961709,0.003866852504,0.325807724801,4
892,0.268,0.357,1.912,2.51,0.25,0.4,22.5,22.3593181179,1,0.323309930312,1.29734213181,0.288224223739,0.0372890143963,0.00342355212204,0.31,0.04837660943,0.003456694029,0.210360901749,4
893,0.268,0.357,1.912,2.51,0.25,0.4,37.5,37.3574924838,1,0.328687160779,1.5510336602,0.600295111781,0.0252297155852,0.00275631030462,0.31,0.03913213811,0.003259774562,0.377958095827,4
894,0.268,0.357,1.912,2.51,0.25,0.4,52.5,52.3392172715,1,0.332550326287,1.63245479299,0.359456211971,0.024778207356,0.00298263336902,0.31,0.04044930336,0.00392909555,0.197610202382,4
895,0.268,0.357,1.912,2.51,0.25,0.4,67.5,67.3693671493,1,0.347945747021,1.77055330576,0.559807654008,0.0221987967276,0.00350756743961,0.31,0.03930415293,0.00375597098,0.301389537897,4
896,0.268,0.357,1.912,2.51,0.25,0.4,97.5,97.4199465214,1,0.403512848792,1.9229207658,0.336594028277,0.0252871511998,0.00653185369077,0.31,0.04862518815,0.008511504086,0,4
897,0.268,0.357,1.912,2.51,0.25,0.4,112.5,112.453879029,1,0.528013522857,4.34841679163,1.88168837776,0.0180505323365,0.00771537863633,0.31,0.07849123791,0.03396547691,0,4
898,0.268,0.357,1.912,2.51,0.25,0.4,232.5,232.530240482,1,0.452569226005,6.65166103484,9.40790299527,0.0143775316314,0.00474063878363,0.31,0.09563446693,0.1352624229,0,1
899,0.268,0.357,1.912,2.51,0.25,0.4,255,255.217039975,1,0.489704190373,2.33573319051,1.68047417021,0.0164318780612,0.00622918158944,0.31,0.03838048297,0.02761334665,0,4
900,0.268,0.357,1.912,2.51,0.25,0.4,307.5,307.612345612,1,0.484760997647,3.00594115812,0.30176592577,0.0137056950994,0.00510789071624,0.31,0.041198513,0.00413591177,0,4
901,0.268,0.357,1.912,2.51,0.25,0.4,322.5,322.673835877,1,0.358053741679,1.66228625235,0.555789749026,0.0252639899359,0.00452659088697,0.31,0.04199598315,0.003465536486,0.324009272007,4
902,0.268,0.357,1.912,2.51,0.25,0.4,337.5,337.629781697,1,0.331412566488,1.48232384934,0.38463856917,0.0315703038582,0.00369983073936,0.31,0.04679741434,0.003136693037,0.250677195191,4
903,0.268,0.357,1.912,2.51,0.25,0.4,352.5,352.555292299,1,0.320805772862,1.13266413608,0.236692711684,0.0427748384773,0.00353153996262,0.31,0.04844952547,0.002895046714,0.200244585743,4
904,0.268,0.357,1.912,2.51,0.4,0.6,7.5,7.37619636114,1,0.327487660256,1.30068493551,0.440263281161,0.0311323198528,0.00328710236417,0.31,0.04049333944,0.002867191563,0.330997016137,4
905,0.268,0.357,1.912,2.51,0.4,0.6,22.5,22.2453793149,1,0.355810500978,1.58904122116,0.250053461988,0.0186474059801,0.00325668884764,0.31,0.02963149677,0.002413120979,0.134649373391,4
906,0.268,0.357,1.912,2.51,0.4,0.6,37.5,37.2205338425,1,0.385299817095,0.917053699247,0.572505296262,0.0164456449196,0.0037629974786,0.31,0.01508153951,0.007444240268,0.382223241263,4
907,0.268,0.357,1.912,2.51,0.4,0.6,52.5,52.2951688949,1,0.404621116199,1.88858950233,0.366857568591,0.017582332841,0.00457202349065,0.31,0.03320580923,0.003635698752,0.160451997585,4
908,0.268,0.357,1.912,2.51,0.4,0.6,67.5,67.3380979452,1,0.428218976498,1.70068757746,0.581044678459,0.0134680537293,0.00397869859222,0.31,0.02290495167,0.003605603331,0.303227432644,4
909,0.268,0.357,1.912,2.51,0.4,0.6,112.5,112.444202322,1,0.431224435597,3.09486982291,1.57784796228,0.0118274193244,0.00354535676135,0.31,0.03660432315,0.01866186948,0,3
910,0.268,0.357,1.912,2.51,0.4,0.6,247.5,247.554660036,1,0.478744865737,3.02657317447,1.91709475005,0.016314945565,0.00595208583604,0.31,0.04937837659,0.03127729649,0,3
911,0.268,0.357,1.912,2.51,0.4,0.6,330,331.024886863,1,0.437390432317,1.68184501784,0.544899956545,0.0170453084713,0.00525953122541,0.31,0.02866756713,0.002823277129,0.308658657336,4
912,0.268,0.357,1.912,2.51,0.4,0.6,352.5,352.609061958,1,0.336680695298,1.4417995844,0.15412611599,0.0232311527846,0.00305150637008,0.31,0.03349466643,0.002636384844,0.0723320018162,4
913,0.268,0.357,1.912,2.51,0.6,0.8,300,300.789278773,1,0.402929215714,1.12567078086,0.316575481664,0.0114912064255,0.0029577738735,0.31,0.01293531531,0.00192522478,0.238621174198,4
914,0.268,0.357,1.912,2.51,0.8,1,322.5,323.00998726,1,0.447682260018,1.51541538841,0.190653132774,0.00986620086769,0.00318663634908,0.31,0.01495139262,0.001881022104,0,4
915,0.268,0.357,2.51,3.295,0.15,0.25,7.5,7.46983126115,1,0.327158552188,0.832184513369,0.216396599796,0.0449102080723,0.0046957951783,0.31,0.03737357965,0.009718416323,0,4
916,0.268,0.357,2.51,3.295,0.15,0.25,22.5,22.4232266437,1,0.325172502114,1.16699019009,0.353787912617,0.0409102346921,0.00401611757337,0.31,0.04774184256,0.003837153554,0.292314585598,4
917,0.268,0.357,2.51,3.295,0.15,0.25,37.5,37.4013755712,1,0.334091231103,1.29996115883,0.262759383189,0.0296606761734,0.00369474302175,0.31,0.03855772697,0.002855508523,0.188072855409,4
918,0.268,0.357,2.51,3.295,0.15,0.25,52.5,52.3647695353,1,0.353927209341,1.44607561305,0.709667480619,0.0293930260814,0.00501962577452,0.31,0.04250453821,0.004053512992,0.481398755739,4
919,0.268,0.357,2.51,3.295,0.15,0.25,75,74.387786755,1,0.384633665991,1.39339558798,0.214604543201,0.0299776042858,0.00682562184548,0.31,0.04177066155,0.006433330074,0,4
920,0.268,0.357,2.51,3.295,0.15,0.25,112.5,111.513179014,1,0.408054775972,2.90275248153,1.10853473254,0.0222759747486,0.00591084921075,0.31,0.06466164098,0.02469369171,0,4
921,0.268,0.357,2.51,3.295,0.15,0.25,270,270.521039523,1,0.436480379721,1.05214032258,1.40620929814,0.0361501837386,0.0111078827802,0.31,0.03803506598,0.01386770193,1.28582938423,4
922,0.268,0.357,2.51,3.295,0.15,0.25,300,300.621796025,1,0.389709480867,0.752688313494,0.114651285421,0.0381011745046,0.00899812937194,0.31,0.02867830878,0.004368348633,0,4
923,0.268,0.357,2.51,3.295,0.15,0.25,322.5,322.626791675,1,0.35144147225,1.07662229212,0.246702382588,0.0386088134106,0.00639219114356,0.31,0.04156710919,0.003580142211,0.212341921192,4
924,0.268,0.357,2.51,3.295,0.15,0.25,337.5,337.569228499,1,0.333964224021,0.951567847769,0.147857615148,0.0422923517586,0.00525381034495,0.31,0.04024404214,0.002862979419,0.138141090723,4
925,0.268,0.357,2.51,3.295,0.15,0.25,352.5,352.563747861,1,0.331148095826,1.28760137984,0.416552427841,0.0384639158092,0.00447886846779,0.31,0.04952619107,0.003589624047,0.315286733036,4
926,0.268,0.357,2.51,3.295,0.25,0.4,7.5,7.44003547143,1,0.318172082222,1.13539191534,0.0728449404496,0.0309890005684,0.00222030813086,0.31,0.03518466071,0.002257391901,0,4
927,0.268,0.357,2.51,3.295,0.25,0.4,22.5,22.3094332508,1,0.317280025439,1.19086933037,0.345834467776,0.0304506699812,0.00205775672736,0.31,0.03626276897,0.001851608855,0.285880884075,4
928,0.268,0.357,2.51,3.295,0.25,0.4,37.5,37.2906995994,1,0.318949583275,1.19183912293,0.358813445952,0.0250615118059,0.00188025429472,0.31,0.02986929025,0.001682428822,0.295742513735,4
929,0.268,0.357,2.51,3.295,0.25,0.4,52.5,52.3151282766,1,0.323716662665,0.996288937588,0.178869799562,0.0230561633913,0.00214960584073,0.31,0.02297060053,0.003321444828,0.10642062565,4
930,0.268,0.357,2.51,3.295,0.25,0.4,67.5,67.3019675788,1,0.336232410161,1.14748866064,0.238192369422,0.0223978016965,0.00291621043665,0.31,0.02570122347,0.002238132408,0.188427314727,4
931,0.268,0.357,2.51,3.295,0.25,0.4,82.5,82.33825245,1,0.353635055231,1.14970071163,0.108986225215,0.0204412926184,0.00347849016345,0.31,0.02350136867,0.002227819321,0,4
932,0.268,0.357,2.51,3.295,0.25,0.4,105,104.499436602,1,0.348086794546,1.41878734935,0.611537000513,0.0157472174109,0.00249305938282,0.31,0.02234195285,0.004185656758,0.388184083839,4
933,0.268,0.357,2.51,3.295,0.25,0.4,240,240.360679274,1,0.375683628481,3.58030244748,1.43803484605,0.0098598881932,0.00209248545753,0.31,0.03530138183,0.0141788628,0,3
934,0.268,0.357,2.51,3.295,0.25,0.4,270,270.571312281,1,0.425652036048,1.30596989585,0.306472923612,0.0139911740677,0.00408100401356,0.31,0.01827205214,0.003031302342,0.165976238419,4
935,0.268,0.357,2.51,3.295,0.25,0.4,300,300.830130942,1,0.355710810243,1.18055897544,0.0977230364057,0.0214650242361,0.0037444121653,0.31,0.02534072702,0.001737511304,0.0463759370151,4
936,0.268,0.357,2.51,3.295,0.25,0.4,322.5,322.683649543,1,0.340120477767,1.18868173157,0.19858402959,0.0242044919812,0.00338706727564,0.31,0.02877143744,0.002126631688,0.149821450252,4
937,0.268,0.357,2.51,3.295,0.25,0.4,337.5,337.640520192,1,0.323199651275,0.928748168905,0.065324833693,0.029644936229,0.00271020462923,0.31,0.02753268024,0.001936550529,0,4
938,0.268,0.357,2.51,3.295,0.25,0.4,352.5,352.551172831,1,0.317938874197,1.07797657351,0.202369165722,0.03377610392,0.00238477657546,0.31,0.03640984877,0.001908573569,0.180263701563,4
939,0.268,0.357,2.51,3.295,0.4,0.6,7.5,7.38155792115,1,0.321725363745,1.34970315103,0.188660695229,0.0216973969926,0.00186738968043,0.31,0.02928504509,0.001965352094,0.122614755715,4
940,0.268,0.357,2.51,3.295,0.4,0.6,22.5,22.2384317401,1,0.326271980364,1.42549678633,0.294695312056,0.016781245801,0.00170752001769,0.31,0.02392161196,0.001386495731,0.198440471113,4
941,0.268,0.357,2.51,3.295,0.4,0.6,37.5,37.2120381689,1,0.335200793736,1.47229931224,0.329869485905,0.0145675627786,0.00185755402971,0.31,0.02144781266,0.001679398624,0.209922625797,4
942,0.268,0.357,2.51,3.295,0.4,0.6,60,58.9823939216,1,0.335862779892,1.43718152027,0.120186787643,0.0104686276144,0.00135299902039,0.31,0.01504531815,0.001258190724,0,4
943,0.268,0.357,2.51,3.295,0.4,0.6,120,119.71501821,1,0.347912573194,1.55367892316,1.03512418605,0.00776319837399,0.00122607322343,0.31,0.01206151769,0.008035874398,0,3
944,0.268,0.357,2.51,3.295,0.4,0.6,240,240.283766981,1,0.360415515427,1.53090532305,1.47459255485,0.0061400624222,0.00112882578322,0.31,0.009399854246,0.003608199655,0.883424557722,4
945,0.268,0.357,2.51,3.295,0.4,0.6,277.5,279.030866036,1,0.557479185571,2.71921602406,0.984827620407,0.00446265102979,0.00206772033014,0.31,0.01213491219,0.001225758838,0.347802153361,4
946,0.268,0.357,2.51,3.295,0.4,0.6,352.5,352.602254953,1,0.323543652337,1.16161084997,0.147492381733,0.0219971668916,0.00203761871219,0.31,0.02555214773,0.001649135919,0.109345999221,4
947,0.268,0.357,2.51,3.295,0.6,0.8,7.5,7.28152427442,1,0.332944189591,1.40916691328,0.368407023764,0.0172891762859,0.00209989365736,0.31,0.02436333518,0.001933707838,0.249096917038,4
948,0.268,0.357,2.51,3.295,0.6,0.8,22.5,22.075415653,1,0.384389401263,1.06134112629,0.304047667852,0.0137110265394,0.00311621235272,0.31,0.01455207635,0.001410484552,0.26957953565,4
949,0.268,0.357,2.51,3.295,0.6,0.8,45,43.4640530064,1,0.440442892143,1.27025360034,0.288382736486,0.01039694086,0.00325292917424,0.31,0.01320675156,0.001270825309,0.205626451951,4
950,0.268,0.357,2.51,3.295,0.6,0.8,75,74.2357503931,1,0.476225591074,1.46087129166,0.257935138072,0.0054744554641,0.00197908049155,0.31,0.007997474825,0.001412054426,0,4
951,0.268,0.357,2.51,3.295,0.6,0.8,105,104.641688201,1,0.480835372828,1.80269756203,0.644582385664,0.00328456627373,0.00120728546575,0.31,0.005921079614,0.001298182382,0.2824598334,4
952,0.268,0.357,2.51,3.295,0.6,0.8,285,285.789711599,1,0.375476626392,1.31433294879,0.397088987313,0.00712897294068,0.00151031118609,0.31,0.009369844027,0.001510879962,0.255492534484,4
953,0.268,0.357,2.51,3.295,0.6,0.8,315,316.510001589,1,0.381553479499,1.64755505656,0.294785596335,0.00810934957033,0.00180390759096,0.31,0.01336059989,0.001179973525,0.155606870303,4
954,0.268,0.357,2.51,3.295,0.6,0.8,345,346.417934139,1,0.331804787403,0.801757134151,0.372334114097,0.0217259123094,0.00257013198721,0.31,0.01741890519,0.001555826751,0.455727335067,4
955,0.268,0.357,2.51,3.295,0.8,1,285,285.769724925,1,0.408434008398,1.31089313479,0.280436217698,0.00386388208206,0.00102751906955,0.31,0.005065136495,0.0008004802494,0.144184755654,4
956,0.268,0.357,2.51,3.295,0.8,1,315,316.887049788,1,0.407976120143,1.82329501283,0.344688701283,0.00353616775213,0.000937881518538,0.31,0.006447477027,0.00121887707,0,4
957,0.268,0.357,3.295,4.326,0.25,0.4,7.5,7.3992629493,1,0.317971465172,1.10460501272,0.0617621093032,0.035386114086,0.00250364013417,0.31,0.039087679,0.001954991788,0.0249948313467,4
958,0.268,0.357,3.295,4.326,0.25,0.4,22.5,22.2926622437,1,0.317509182383,1.0785926961,0.265363202914,0.0287615281952,0.00197432355407,0.31,0.03102197424,0.001618443827,0.240432132295,4
959,0.268,0.357,3.295,4.326,0.25,0.4,37.5,37.2208636083,1,0.319274052044,1.06766478376,0.287699308097,0.0276121306316,0.00210937889167,0.31,0.02948049948,0.001615226878,0.26383705495,4
960,0.268,0.357,3.295,4.326,0.25,0.4,52.5,52.2146735815,1,0.329989358276,1.02404447967,0.100418197289,0.0218921237359,0.00247613145111,0.31,0.02241850846,0.001572695101,0.0685170561459,4
961,0.268,0.357,3.295,4.326,0.25,0.4,67.5,67.2493528462,1,0.346279972045,1.46166343862,0.425077105216,0.014457705845,0.00223088627564,0.31,0.02113230004,0.001621720107,0.280509378399,4
962,0.268,0.357,3.295,4.326,0.25,0.4,82.5,82.2766968538,1,0.359557148501,1.25752306789,0.403096972663,0.0121218568066,0.00220808673968,0.31,0.01524351456,0.001551337967,0.303963900548,4
963,0.268,0.357,3.295,4.326,0.25,0.4,105,104.342145541,1,0.344222558824,1.34095824683,0.52327378657,0.0109204632095,0.00163403011804,0.31,0.0146438852,0.002168317774,0.361040045996,3
964,0.268,0.357,3.295,4.326,0.25,0.4,127.5,127.402186829,1,0.351766722318,5.1967916902,9.46361547883,0.0088548817392,0.00147214444671,0.31,0.04601697584,0.03617867342,1.64259151973,2
965,0.268,0.357,3.295,4.326,0.25,0.4,142.5,142.43651614,1,0.350392378469,1.92338354948,2.22241972956,0.00974394004516,0.00159142194606,0.31,0.01874133399,0.0216551246,0,1
966,0.268,0.357,3.295,4.326,0.25,0.4,232.5,232.610129169,1,0.366276906176,3.74748281912,2.7545845849,0.0111375521769,0.00217278691529,0.31,0.04173778543,0.03067932954,0,4
967,0.268,0.357,3.295,4.326,0.25,0.4,262.5,264.203437886,1,0.418674021451,1.49912537962,0.364738436521,0.00632383040463,0.00177954808147,0.31,0.009480214656,0.001700544319,0.164373760208,4
968,0.268,0.357,3.295,4.326,0.25,0.4,337.5,337.708137954,1,0.322214943425,0.754488485226,0.0986739791644,0.0422134920461,0.00370961969236,0.31,0.03184959367,0.001738377423,0.118848750674,4
969,0.268,0.357,3.295,4.326,0.25,0.4,352.5,352.580367677,1,0.317395150427,0.989523025582,0.215172287504,0.0377289415555,0.0025699146888,0.31,0.0373336564,0.001951634383,0.211073447151,4
970,0.268,0.357,3.295,4.326,0.4,0.6,7.5,7.34986150544,1,0.316118865179,1.09924387568,0.236435474418,0.0246353585398,0.00152483455139,0.31,0.027080267,0.00126940183,0.209919137556,4
971,0.268,0.357,3.295,4.326,0.4,0.6,22.5,22.1727430211,1,0.316993137672,0.858320420633,0.0437775322016,0.0231423540353,0.00153240996006,0.31,0.01986355505,0.001013115149,0,4
972,0.268,0.357,3.295,4.326,0.4,0.6,37.5,37.1177420247,1,0.322669057877,0.970630029061,0.113223925195,0.0162219751075,0.0014523262536,0.31,0.01574553617,0.001021083507,0.0969628964116,4
973,0.268,0.357,3.295,4.326,0.4,0.6,52.5,52.1616518788,1,0.339532974267,1.0104115217,0.198010669486,0.0116866559777,0.0016186183329,0.31,0.01180833185,0.001084413724,0.17312067502,4
974,0.268,0.357,3.295,4.326,0.4,0.6,67.5,67.2013354138,1,0.356814353719,1.08312919349,0.139690280784,0.00838413731025,0.00148132505435,0.31,0.009081103883,0.001171182495,0,4
975,0.268,0.357,3.295,4.326,0.4,0.6,82.5,82.2601090481,1,0.364336723926,1.47255816535,0.152825138988,0.0058649687063,0.00112266667214,0.31,0.008636507558,0.0008963146577,0,4
976,0.268,0.357,3.295,4.326,0.4,0.6,105,104.321344965,1,0.342641000028,1.02332872976,0.197392081712,0.00677057734676,0.000988199451398,0.31,0.006928526316,0.0007834129114,0.156276718576,4
977,0.268,0.357,3.295,4.326,0.4,0.6,127.5,127.422593707,1,0.36165422473,1.24711171364,0.645600479379,0.00388327072869,0.000723308332868,0.31,0.004842872413,0.002507041444,0,3
978,0.268,0.357,3.295,4.326,0.4,0.6,255,255.667479105,1,0.408343048619,1.44617859148,0.323061825945,0.0042131179938,0.00111980242234,0.31,0.006092921046,0.001361097592,0,4
979,0.268,0.357,3.295,4.326,0.4,0.6,285,286.086689775,1,0.351419801212,1.11100926593,0.12342386383,0.0073472565624,0.00121609585101,0.31,0.00816287012,0.0008421201051,0.0412116508912,4
980,0.268,0.357,3.295,4.326,0.4,0.6,315,316.551179531,1,0.336750202179,1.19739242579,0.266798112463,0.0115433999767,0.00151832787428,0.31,0.0138219797,0.0009583875847,0.211752664547,4
981,0.268,0.357,3.295,4.326,0.4,0.6,337.5,337.839784922,1,0.319659151583,0.814846867252,0.0917493607655,0.0252679816509,0.00197057425055,0.31,0.02058953569,0.00133035334,0.0922130545852,4
982,0.268,0.357,3.295,4.326,0.4,0.6,352.5,352.65797315,1,0.315874359767,0.985644966836,0.139418703697,0.0274184831651,0.00166252152042,0.31,0.02702488993,0.001319943293,0.13274924341,4
983,0.268,0.357,3.295,4.326,0.6,0.8,7.5,7.22505352634,1,0.319340185047,1.07727075032,0.0723175571933,0.0208824448294,0.00160103864463,0.31,0.02249604701,0.001131207573,0.0444739193336,4
984,0.268,0.357,3.295,4.326,0.6,0.8,22.5,21.9011820619,1,0.321752212392,0.960298627542,0.121243536166,0.0167249880708,0.00144111625976,0.31,0.01606098309,0.0009475839981,0.111623024179,4
985,0.268,0.357,3.295,4.326,0.6,0.8,45,43.0158566061,1,0.337770864138,0.744016677274,0.067618682689,0.00959680079372,0.00128715806423,0.31,0.007140179839,0.0006489230277,0,4
986,0.268,0.357,3.295,4.326,0.6,0.8,75,73.8168922118,1,0.437141853804,1.37987213349,0.154593339491,0.00308647452517,0.000951280291771,0.31,0.004258940188,0.0004771484041,0,4
987,0.268,0.357,3.295,4.326,0.6,0.8,105,104.391020539,1,0.395576533716,1.02455967235,0.162312580499,0.00321591779758,0.000790231521228,0.31,0.003294899685,0.0005219839164,0,4
988,0.268,0.357,3.295,4.326,0.6,0.8,135,134.727626371,1,0.351731618318,1.65840778777,1.46731089606,0.00220413588742,0.000366278917642,0.31,0.003655356121,0.003234152604,0,3
989,0.268,0.357,3.295,4.326,0.6,0.8,240,240.428185568,1,0.439766971347,1.33492157136,0.615147296722,0.00256272145001,0.000799367782899,0.31,0.003421032145,0.0007992149021,0.397202590666,4
990,0.268,0.357,3.295,4.326,0.6,0.8,300,301.516078183,1,0.338339501156,1.08973733981,0.123352718939,0.00576360107572,0.000781252204221,0.31,0.006280811304,0.0005580405912,0.07013582174,3
991,0.268,0.357,3.295,4.326,0.6,0.8,322.5,323.021311986,1,0.354051989444,1.05998376249,0.107343545019,0.0089156574765,0.00152488530638,0.31,0.009450452157,0.0009570382797,0,4
992,0.268,0.357,3.295,4.326,0.6,0.8,337.5,338.060387937,1,0.320632990485,0.794099197918,0.0503678356057,0.0167354218652,0.00137041694603,0.31,0.01328958508,0.0008429269773,0,4
993,0.268,0.357,3.295,4.326,0.6,0.8,352.5,352.812339782,1,0.317708419212,0.924435998432,0.144439611238,0.0240179752819,0.00167069830867,0.31,0.02220308096,0.001196479773,0.146659324754,4
994,0.268,0.357,3.295,4.326,0.8,1,7.5,6.77034080437,1,0.322237129117,1.09267301073,0.0625090319197,0.0224585606573,0.00197543020066,0.31,0.02453986309,0.001403862885,0,4
995,0.268,0.357,3.295,4.326,0.8,1,127.5,126.789433426,1,0.365279813122,1.46116002428,0.562117979627,0.00178895615235,0.000345640689406,0.31,0.002613951215,0.001005604418,0,3
996,0.268,0.357,3.295,4.326,0.8,1,255,255.531603916,1,0.421840262399,0.872834513299,0.344564008002,0.00266249598932,0.000761721475923,0.31,0.002323918391,0.0005326746278,0.321402999026,4
997,0.268,0.357,3.295,4.326,0.8,1,285,286.141711474,1,0.378216803552,1.11126603126,0.159837390276,0.00234828871988,0.000508814888659,0.31,0.002609573486,0.0003753443406,0,4
998,0.268,0.357,3.295,4.326,0.8,1,337.5,338.346282129,1,0.323152846638,0.86873656305,0.0595427143207,0.0140570405338,0.0012827973591,0.31,0.01221186508,0.0008369943487,0,4
999,0.268,0.357,3.295,4.326,0.8,1,352.5,353.168209886,1,0.322093669281,0.944625874024,0.0652532716883,0.0218615137462,0.00191139301525,0.31,0.02065095153,0.001426535296,0,4
1000,0.268,0.357,4.326,5.761,0.25,0.4,7.5,7.40816305321,1,0.320926935266,1.23059659253,0.747390239354,0.0444803865071,0.00369323779845,0.31,0.05473741207,0.0040118199,0.602901196123,4
1001,0.268,0.357,4.326,5.761,0.25,0.4,22.5,22.2171502834,1,0.324859256131,0.809700056452,0.341083177295,0.0464765231028,0.00451409706655,0.31,0.03763204338,0.0026109081,0.415493559007,4
1002,0.268,0.357,4.326,5.761,0.25,0.4,45,43.7705254983,1,0.332436570202,0.74838367514,0.0512180100275,0.0377629298163,0.0045337653937,0.31,0.0282611602,0.001934142118,0,4
1003,0.268,0.357,4.326,5.761,0.25,0.4,75,73.9022135922,1,0.372758913861,1.71538273023,0.37025054999,0.0160111976097,0.00331432594417,0.31,0.02746533187,0.005928154721,0,4
1004,0.268,0.357,4.326,5.761,0.25,0.4,105,104.184817856,1,0.363455915499,1.6443371386,1.08861044436,0.0163602104146,0.00310414040542,0.31,0.02690170158,0.009450140948,0.561151648543,4
1005,0.268,0.357,4.326,5.761,0.25,0.4,232.5,233.734356484,1,0.400168854451,4.34144966489,4.96667543633,0.00802651976178,0.00203112366513,0.31,0.03484673153,0.03986511854,0,2
1006,0.268,0.357,4.326,5.761,0.25,0.4,315,316.245074131,1,0.344970665162,0.597714464638,0.106756381476,0.0434377110912,0.00657400157097,0.31,0.02596334823,0.002406019337,0.152685941229,4
1007,0.268,0.357,4.326,5.761,0.25,0.4,337.5,337.718253031,1,0.325758639917,0.968930028164,0.56172456688,0.0460646331238,0.00461076638358,0.31,0.04463340627,0.003378413233,0.574774401489,4
1008,0.268,0.357,4.326,5.761,0.25,0.4,352.5,352.593038163,1,0.320938223435,0.919289811156,0.482536158716,0.0567862974401,0.00471748325636,0.31,0.05220306465,0.003854926511,0.519680691107,4
1009,0.268,0.357,4.326,5.761,0.4,0.6,7.5,7.29512671906,1,0.316649659301,1.31340372886,0.409169424728,0.0382571096502,0.00246958658241,0.31,0.05024703047,0.00287531039,0.306233035152,4
1010,0.268,0.357,4.326,5.761,0.4,0.6,22.5,22.0504455791,1,0.317879874479,0.95917987247,0.0966433960916,0.0302711564675,0.00212925141265,0.31,0.029035484,0.001893441046,0.076807012185,4
1011,0.268,0.357,4.326,5.761,0.4,0.6,37.5,37.0405987431,1,0.323989715954,0.762289968168,0.0520361147685,0.0252155012694,0.00237472410718,0.31,0.01922152366,0.001312116718,0,4
1012,0.268,0.357,4.326,5.761,0.4,0.6,60,58.4461484855,1,0.357762502544,0.910345527979,0.139507437363,0.0114853916987,0.00205116388832,0.31,0.01045567497,0.001602297563,0,4
1013,0.268,0.357,4.326,5.761,0.4,0.6,90,88.9162935001,1,0.395734517139,1.45122418433,0.318460606433,0.00567520018957,0.00139598167801,0.31,0.008235987766,0.001807327694,0,4
1014,0.268,0.357,4.326,5.761,0.4,0.6,120,119.40551855,1,0.353250490285,1.79575193757,1.06783793497,0.00515982287148,0.000873914812593,0.31,0.009265761919,0.004764170575,0.298721578422,2
1015,0.268,0.357,4.326,5.761,0.4,0.6,247.5,249.161418532,1,0.408093746472,2.1900144258,0.689229243908,0.00414624632698,0.00110043991083,0.31,0.009080339269,0.002857714221,0,4
1016,0.268,0.357,4.326,5.761,0.4,0.6,285,286.31652764,1,0.377085531416,1.57947657438,0.669691446945,0.00831678751243,0.00178556407541,0.31,0.01313617105,0.001771703647,0.401972571652,3
1017,0.268,0.357,4.326,5.761,0.4,0.6,315,316.781703592,1,0.325581528664,0.756615413834,0.0927763940073,0.0195437563122,0.00194490639325,0.31,0.01478710727,0.001813199236,0,4
1018,0.268,0.357,4.326,5.761,0.4,0.6,337.5,337.961715199,1,0.317267508625,1.05153331799,0.340937755844,0.031289720846,0.00211261745001,0.31,0.03290218398,0.002079596016,0.318008834957,4
1019,0.268,0.357,4.326,5.761,0.4,0.6,352.5,352.739268245,1,0.316240739267,1.09284429192,0.0607377143473,0.0420584398253,0.00262931025865,0.31,0.04596332589,0.002554533504,0,4
1020,0.357,0.446,1.912,2.51,0.25,0.4,15,14.881407634,1,0.353587340362,2.04418507198,0.358950841321,0.0147038357055,0.00250069008637,0.31,0.03005736145,0.003756975824,0.123331229798,4
1021,0.357,0.446,1.912,2.51,0.25,0.4,45,44.8102005523,1,0.406760337732,3.08549507601,0.499485198253,0.00882909586595,0.00232515496606,0.31,0.02724213182,0.004410002699,0,4
1022,0.357,0.446,1.912,2.51,0.25,0.4,75,74.832023062,1,0.431600940576,2.102340737,0.492882726154,0.0161416120911,0.00484730681156,0.31,0.03393516866,0.007955921772,0,3
1023,0.357,0.446,1.912,2.51,0.25,0.4,262.5,262.507846713,1,0.436243488276,3.97563531051,5.62340386171,0.0207840654654,0.00637933298774,0.31,0.08262986456,0.116877194,0,1
1024,0.357,0.446,1.912,2.51,0.25,0.4,292.5,292.832439568,1,0.437121483794,2.41218909758,0.968857742674,0.0134591434157,0.00414784491445,0.31,0.03246599901,0.005403531889,0.365543745116,4
1025,0.357,0.446,1.912,2.51,0.25,0.4,322.5,322.53604954,1,0.416557124807,2.0337611453,0.322686923196,0.0127393896328,0.00354466135456,0.31,0.02590887565,0.004110834444,0,4
1026,0.357,0.446,1.912,2.51,0.25,0.4,337.5,337.565114221,1,0.384626076051,2.20706492387,1.14086438684,0.0118663293666,0.00270170074841,0.31,0.02618975932,0.004184732775,0.491598997881,4
1027,0.357,0.446,1.912,2.51,0.25,0.4,352.5,352.510128389,1,0.376684864812,2.55862116358,1.03876413301,0.0134306689045,0.0028740215357,0.31,0.0343639937,0.003778432692,0.390813049789,4
1028,0.357,0.446,1.912,2.51,0.4,0.6,7.5,7.46709595997,1,0.409576565985,1.2560185473,0.473992699461,0.010255373432,0.00274516565879,0.31,0.01288093924,0.004860972137,0,4
1029,0.357,0.446,1.912,2.51,0.4,0.6,22.5,22.3919626567,1,0.398998604752,1.53458564034,0.284465875447,0.0132038040415,0.0033167547492,0.31,0.02026236808,0.003210020081,0.0962507407953,4
1030,0.357,0.446,1.912,2.51,0.4,0.6,45,44.7261574253,1,0.380060663108,2.44988451591,0.807660899144,0.00863756830275,0.00189920677985,0.31,0.02116104484,0.002323261956,0.31085458087,4
1031,0.357,0.446,1.912,2.51,0.4,0.6,337.5,337.612237817,1,0.400359239367,1.80054148871,0.220469303514,0.0118557001013,0.00300367199203,0.31,0.02134667991,0.002613817944,0,4
1032,0.357,0.446,1.912,2.51,0.4,0.6,352.5,352.518135906,1,0.369983427622,1.36441533847,0.515248494653,0.0117091784367,0.00236478263658,0.31,0.01597618266,0.003551813894,0.305255530129,4
1033,0.357,0.446,1.912,2.51,0.6,0.8,105,104.939856883,1,0.383254379832,3.30942162789,4.05730617059,0.0118888973796,0.00267919724175,0.31,0.03934537412,0.0482368967,0,1
1034,0.357,0.446,2.51,3.295,0.25,0.4,7.5,7.49039489009,1,0.353339689116,1.5943494673,0.238158429374,0.0108972888418,0.00184769102684,0.31,0.01737408666,0.002595281195,0,4
1035,0.357,0.446,2.51,3.295,0.25,0.4,22.5,22.4387660083,1,0.357677485246,1.45923954309,0.556681617784,0.0101311322873,0.00180758205942,0.31,0.01478374885,0.001870755711,0.359888846861,4
1036,0.357,0.446,2.51,3.295,0.25,0.4,37.5,37.4269627142,1,0.360898549704,1.49385896493,0.509833755973,0.0113220118613,0.00209220741019,0.31,0.01691348892,0.001854940007,0.323184796733,4
1037,0.357,0.446,2.51,3.295,0.25,0.4,52.5,52.416384985,1,0.48233801517,3.47719032097,1.96828585642,0.0063075684232,0.00233081476407,0.31,0.02193261587,0.002792704604,0.551549308824,4
1038,0.357,0.446,2.51,3.295,0.25,0.4,67.5,67.4337464126,1,0.445346881987,6.14910091285,13.544728943,0.0100884233678,0.00322567529093,0.31,0.06203473334,0.01766759631,2.18422756628,4
1039,0.357,0.446,2.51,3.295,0.25,0.4,82.5,82.4406052831,1,0.382545629229,5.05229516221,9.17762148127,0.0104117651109,0.00233374921139,0.31,0.0526033105,0.09555523914,0,3
1040,0.357,0.446,2.51,3.295,0.25,0.4,277.5,277.540841653,1,0.392695885175,1.91573936037,1.41479414665,0.0136462549451,0.00328957002781,0.31,0.02614266772,0.01930664162,0,3
1041,0.357,0.446,2.51,3.295,0.25,0.4,292.5,292.588978409,1,0.473747353836,0.921323752639,0.48732028642,0.0132195445142,0.00473578176114,0.31,0.01217948036,0.006442152219,0,2
1042,0.357,0.446,2.51,3.295,0.25,0.4,315,315.284709348,1,0.40293636035,2.66575152695,1.06960493854,0.00606164475444,0.00156030210073,0.31,0.01615883876,0.001804191091,0.385391578087,3
1043,0.357,0.446,2.51,3.295,0.25,0.4,337.5,337.553611542,1,0.344831681009,1.67336341815,1.02042731933,0.0120463420625,0.00181931227419,0.31,0.02015790813,0.001978367998,0.601856629227,4
1044,0.357,0.446,2.51,3.295,0.25,0.4,352.5,352.527018371,1,0.357243780661,1.55645201577,0.678318943675,0.00870829926827,0.00154613686402,0.31,0.01355404995,0.001581418892,0.419902595017,4
1045,0.357,0.446,2.51,3.295,0.4,0.6,7.5,7.45723316226,1,0.348934394195,1.68278746678,0.195867654374,0.00642911513402,0.00102976707646,0.31,0.01081883437,0.001259255701,0,4
1046,0.357,0.446,2.51,3.295,0.4,0.6,22.5,22.3868550173,1,0.347210180928,1.48097667771,0.189405681022,0.00771041315629,0.00120575947158,0.31,0.01141894206,0.00117941747,0.0754218821249,4
1047,0.357,0.446,2.51,3.295,0.4,0.6,37.5,37.3976932758,1,0.341979142217,1.35746822799,0.509576599913,0.0083760869651,0.00120945978948,0.31,0.01137027193,0.001183071993,0.360679162178,4
1048,0.357,0.446,2.51,3.295,0.4,0.6,52.5,52.3896206347,1,0.380139675158,2.43492830659,0.84949467108,0.00587657992693,0.00129293002209,0.31,0.01430905081,0.001388444964,0.335113455802,4
1049,0.357,0.446,2.51,3.295,0.4,0.6,75,74.7273424026,1,0.406493327425,1.99256518874,0.555085299477,0.00518375845787,0.00136301135354,0.31,0.01032897665,0.002877428116,0,4
1050,0.357,0.446,2.51,3.295,0.4,0.6,97.5,97.4695555766,1,0.370265925476,3.9976190605,5.6542783761,0.0059576490755,0.00120628573549,0.31,0.0238164115,0.03368620634,0,1
1051,0.357,0.446,2.51,3.295,0.4,0.6,277.5,277.581525744,1,0.548955811343,4.82551208935,2.35543448976,0.00735143988309,0.00333055507533,0.31,0.03547446203,0.01731583505,0,3
1052,0.357,0.446,2.51,3.295,0.4,0.6,322.5,322.638510857,1,0.3940199774,1.94399522602,0.250720243248,0.00575326072323,0.00139925809239,0.31,0.01118431138,0.001442458928,0,4
1053,0.357,0.446,2.51,3.295,0.4,0.6,337.5,337.610630325,1,0.345398779934,1.3085892724,0.43664498001,0.00846949340312,0.00129004361994,0.31,0.01108308821,0.001249509282,0.31405318149,4
1054,0.357,0.446,2.51,3.295,0.4,0.6,352.5,352.540374236,1,0.337439253777,1.16631558164,0.149036409496,0.00777356853216,0.00103611054386,0.31,0.009066434104,0.001158544743,0,4
1055,0.357,0.446,2.51,3.295,0.6,0.8,7.5,7.4082439338,1,0.405672497806,1.90404219816,0.413413097912,0.00364048683411,0.000952599140223,0.31,0.006931640554,0.00150502494,0,4
1056,0.357,0.446,2.51,3.295,0.6,0.8,22.5,22.3090786023,1,0.491969571324,2.54109695404,0.354914740843,0.0031325553381,0.00119667738283,0.31,0.007960126828,0.001111790066,0,4
1057,0.357,0.446,2.51,3.295,0.6,0.8,37.5,37.3498584552,1,0.525825875655,2.49447820856,1.06866808124,0.00280762422136,0.00119247324079,0.31,0.007003557438,0.001012463638,0.403285631451,4
1058,0.357,0.446,2.51,3.295,0.6,0.8,52.5,52.3783485674,1,0.583794377269,3.46090319146,0.848451423191,0.00286595854124,0.00141775430697,0.31,0.009918805062,0.001294564908,0.207522526336,4
1059,0.357,0.446,2.51,3.295,0.6,0.8,337.5,337.677024852,1,0.404779376309,0.989770227196,0.294080839848,0.00771802045879,0.0020088562258,0.31,0.007639066863,0.001846748905,0.17273428653,4
1060,0.357,0.446,2.51,3.295,0.6,0.8,352.5,352.571599619,1,0.399157875539,1.98288684259,0.232733977674,0.00413332826008,0.00103932462749,0.31,0.008195922223,0.000961965927,0,4
1061,0.357,0.446,3.295,4.326,0.25,0.4,7.5,7.46457289142,1,0.344517123726,0.999173892762,0.184623857056,0.0102912591837,0.00154684330592,0.31,0.0102827575,0.001260695862,0.138242125835,4
1062,0.357,0.446,3.295,4.326,0.25,0.4,22.5,22.4224341005,1,0.368922072099,2.05315998486,1.56036398782,0.00697543250678,0.00139514745279,0.31,0.0143216789,0.001816904452,0.749318161596,4
1063,0.357,0.446,3.295,4.326,0.25,0.4,37.5,37.3972797007,1,0.386431805937,1.64142530355,0.997157685691,0.00765020168316,0.00176501842693,0.31,0.01255723462,0.001865275945,0.589054737409,4
1064,0.357,0.446,3.295,4.326,0.25,0.4,52.5,52.3937743325,1,0.389359412309,1.74115321591,1.60813827335,0.00970398114632,0.00228612186667,0.31,0.01689611798,0.003607247063,0.898591288934,4
1065,0.357,0.446,3.295,4.326,0.25,0.4,67.5,67.3964160129,1,0.359436640208,1.81995626,0.693530754067,0.00937493081291,0.00170548256739,0.31,0.01706196402,0.006501802836,0,3
1066,0.357,0.446,3.295,4.326,0.25,0.4,292.5,292.622174745,1,0.40393313282,1.47526488736,1.42088654678,0.00848465905835,0.00219721506409,0.31,0.01251711959,0.01205573791,0,2
1067,0.357,0.446,3.295,4.326,0.25,0.4,307.5,307.620036594,1,0.420672195713,0.996056637957,1.31745184739,0.0150854141596,0.00428980737797,0.31,0.01502592691,0.004715228779,1.28490282567,4
1068,0.357,0.446,3.295,4.326,0.25,0.4,322.5,322.595903927,1,0.432931027283,1.66683382799,1.14302748813,0.00743449435806,0.00224675874001,0.31,0.01239206669,0.002305150323,0.660035715564,4
1069,0.357,0.446,3.295,4.326,0.25,0.4,337.5,337.605816702,1,0.371518693572,1.40385692755,0.45765662247,0.00714532955114,0.00146306864205,0.31,0.01003102039,0.00129428262,0.299378406565,4
1070,0.357,0.446,3.295,4.326,0.25,0.4,352.5,352.541668869,1,0.346519334732,1.04263873513,0.23997871076,0.0091259205738,0.00141306413508,0.31,0.009515038284,0.001686883076,0.14678384887,4
1071,0.357,0.446,3.295,4.326,0.4,0.6,7.5,7.43293019244,1,0.331814668103,1.1944212503,0.108749678495,0.00594413920066,0.000703344499321,0.31,0.007099806176,0.000646423227,0,4
1072,0.357,0.446,3.295,4.326,0.4,0.6,22.5,22.3658832853,1,0.335710548971,1.31865489109,0.112364362139,0.00564996234143,0.000727981208247,0.31,0.007450350476,0.0006229042837,0.0164553942903,4
1073,0.357,0.446,3.295,4.326,0.4,0.6,37.5,37.3209143745,1,0.337402028476,1.18581473518,0.151489747759,0.00641103391994,0.000853898910135,0.31,0.00760229849,0.0007819935622,0.0757609631712,4
1074,0.357,0.446,3.295,4.326,0.4,0.6,52.5,52.3593018553,1,0.355262740474,1.00310155806,0.120793068879,0.00660977339104,0.00114697405277,0.31,0.006630273987,0.0007984148125,0,4
1075,0.357,0.446,3.295,4.326,0.4,0.6,82.5,82.4008765534,1,0.366518158035,6.67492839224,2.87953240449,0.00414838537028,0.000811171759645,0.31,0.02769017529,0.0119454101,0,2
1076,0.357,0.446,3.295,4.326,0.4,0.6,270,270.439530329,1,0.446351228753,2.25983840627,1.02088169132,0.00381982425206,0.00122668955716,0.31,0.00863218555,0.003899588643,0,3
1077,0.357,0.446,3.295,4.326,0.4,0.6,300,300.623426886,1,0.465927486362,1.48359539717,0.319826866586,0.00409014067891,0.00142268958718,0.31,0.006068113885,0.001042595497,0.130200896759,4
1078,0.357,0.446,3.295,4.326,0.4,0.6,322.5,322.655634283,1,0.408997651837,1.16987156036,0.159925991558,0.00432923791346,0.00115501503069,0.31,0.005064652313,0.000692357666,0,4
1079,0.357,0.446,3.295,4.326,0.4,0.6,337.5,337.632042013,1,0.352414766176,1.38644845204,0.376486032145,0.00464964769769,0.000779369828065,0.31,0.006446496853,0.0006799541351,0.250224936967,4
1080,0.357,0.446,3.295,4.326,0.4,0.6,352.5,352.558266002,1,0.332968070569,1.24747369203,0.235707868134,0.00568134537048,0.000690411713833,0.31,0.007087328885,0.0006316997025,0.166604622412,4
1081,0.357,0.446,3.295,4.326,0.6,0.8,7.5,7.38778299511,1,0.341302943428,1.55461931055,0.536699265714,0.00484603276114,0.000691943213911,0.31,0.00753373611,0.0007066881772,0.332240653716,4
1082,0.357,0.446,3.295,4.326,0.6,0.8,22.5,22.3277033221,1,0.362019557008,1.6971316469,0.396587233603,0.00351135867679,0.000656522288373,0.31,0.005959237934,0.0006061651689,0.210380822726,3
1083,0.357,0.446,3.295,4.326,0.6,0.8,37.5,37.2841413008,1,0.376639630475,1.64850601131,0.238127174713,0.00307487807337,0.000657746616291,0.31,0.005068954988,0.0007322120282,0,4
1084,0.357,0.446,3.295,4.326,0.6,0.8,60,59.3454099382,1,0.387286678411,1.22022469317,0.509002513119,0.00286054456489,0.000664059086381,0.31,0.003490507114,0.000564905812,0.38446328505,3
1085,0.357,0.446,3.295,4.326,0.6,0.8,82.5,82.3829232793,1,0.439955623617,1.57701440276,0.832493271502,0.0034131495512,0.00106554216412,0.31,0.005382586001,0.002841424036,0,3
1086,0.357,0.446,3.295,4.326,0.6,0.8,330,330.846956529,1,0.375189808075,1.07546698484,0.124173620783,0.00391226254206,0.000826843449065,0.31,0.0042075092,0.0004857998053,0,3
1087,0.357,0.446,3.295,4.326,0.6,0.8,352.5,352.585594799,1,0.354170428697,1.16133388843,0.194104644514,0.00381380747098,0.000653227319993,0.31,0.00442910386,0.0007402777434,0,4
1088,0.357,0.446,3.295,4.326,0.8,1,7.5,7.35042929162,1,0.392998458012,1.5508221669,0.291391286433,0.00308866334274,0.000746075488474,0.31,0.004789967578,0.0009000095848,0,4
1089,0.357,0.446,3.295,4.326,0.8,1,37.5,37.2129562609,1,0.546276058033,1.76814080986,0.484110744984,0.00193333225156,0.000869607455884,0.31,0.003418403653,0.0005979858829,0.210626561513,4
1090,0.357,0.446,3.295,4.326,0.8,1,270,270.344930195,1,0.566464510942,4.70195451651,3.29254878682,0.00203203647514,0.000963412563597,0.31,0.009554543082,0.006690579231,0,3
1091,0.357,0.446,3.295,4.326,0.8,1,345,345.863468091,1,0.405986354084,1.41721595808,0.161342320616,0.00269648878508,0.000706896349483,0.31,0.003821506937,0.0004350577581,0,4
1092,0.357,0.446,4.326,5.761,0.25,0.4,7.5,7.50425601936,1,0.339291499648,1.28662525906,0.463433510073,0.0118932087974,0.00164017317804,0.31,0.01530210285,0.005511711499,0,4
1093,0.357,0.446,4.326,5.761,0.25,0.4,22.5,22.4216273935,1,0.374684029517,1.97196455472,0.451660184932,0.00701887250805,0.00147710370052,0.31,0.0138409678,0.003170145255,0,4
1094,0.357,0.446,4.326,5.761,0.25,0.4,37.5,37.363553538,1,0.389677311822,1.58615470969,0.678249443139,0.00938470784034,0.00221583281307,0.31,0.01488559854,0.003886825632,0.338625018692,4
1095,0.357,0.446,4.326,5.761,0.25,0.4,52.5,52.3442982174,1,0.355990489908,3.41274720845,2.05262651681,0.0101999940265,0.00178512219268,0.31,0.03481000114,0.02093677821,0,4
1096,0.357,0.446,4.326,5.761,0.25,0.4,315,315.595051282,1,0.388246254063,0.745726459223,0.297521873455,0.0103194801456,0.00241209220267,0.31,0.00769550939,0.003070271066,0,4
1097,0.357,0.446,4.326,5.761,0.25,0.4,337.5,337.608778019,1,0.403902342225,1.24997166436,1.10472467908,0.00849414590965,0.00219926383583,0.31,0.0106174417,0.002661149204,0.847515155523,4
1098,0.357,0.446,4.326,5.761,0.25,0.4,352.5,352.554738544,1,0.346808967498,1.11922886169,0.23513309567,0.0103916890085,0.00161578099548,0.31,0.01163067826,0.002345122252,0.0589917065969,4
1099,0.357,0.446,4.326,5.761,0.4,0.6,7.5,7.42988669902,1,0.342042797099,1.31233291125,0.484143980652,0.00620191446714,0.000896456113283,0.31,0.008138976468,0.0009678375359,0.34922828137,4
1100,0.357,0.446,4.326,5.761,0.4,0.6,22.5,22.3279126589,1,0.34696252867,1.44317457247,0.491245979066,0.00521182829262,0.000812159326605,0.31,0.007521578068,0.001641143946,0.261265447279,4
1101,0.357,0.446,4.326,5.761,0.4,0.6,37.5,37.2803683062,1,0.376651882127,1.41952034836,0.356766003147,0.00443521306494,0.000948831303006,0.31,0.006295875195,0.0007853837772,0.218184642291,4
1102,0.357,0.446,4.326,5.761,0.4,0.6,52.5,52.2687066859,1,0.40088639667,2.08853185253,1.53967166144,0.00380633960185,0.000967513599176,0.31,0.0079496615,0.001446671704,0.71438903502,4
1103,0.357,0.446,4.326,5.761,0.4,0.6,67.5,67.2743568851,1,0.358760629905,3.58667037127,12.5922474723,0.0038283240049,0.000691319312407,0.31,0.01373093628,0.007296053773,3.47040311076,2
1104,0.357,0.446,4.326,5.761,0.4,0.6,82.5,82.2990482656,1,0.340190805165,3.31526297712,4.06125419046,0.00399399156007,0.000559583502563,0.31,0.01324113235,0.01622061496,0,1
1105,0.357,0.446,4.326,5.761,0.4,0.6,277.5,277.679768439,1,0.527555763626,9.27269595556,10.7299013966,0.0032490980589,0.00138693140166,0.31,0.03012789843,0.0348625018,0,1
1106,0.357,0.446,4.326,5.761,0.4,0.6,292.5,292.724731962,1,0.583661728759,3.42856166155,1.1989228017,0.00240276678859,0.00118824291454,0.31,0.008238034093,0.00288073189,0,3
1107,0.357,0.446,4.326,5.761,0.4,0.6,315,315.949555606,1,0.563053654497,2.83045484304,1.27441237872,0.00223808388273,0.00105196946468,0.31,0.006334795365,0.00111185183,0.414631839405,4
1108,0.357,0.446,4.326,5.761,0.4,0.6,337.5,337.689495543,1,0.399739961852,1.28444907973,0.143076544815,0.00520262839491,0.00131300196673,0.31,0.006682511254,0.0007443740947,0,4
1109,0.357,0.446,4.326,5.761,0.4,0.6,352.5,352.550806479,1,0.348822826973,1.27242130785,0.168180114857,0.0054926915424,0.000878442032189,0.31,0.006989017756,0.0007055704504,0.0853114066055,4
1110,0.357,0.446,4.326,5.761,0.6,0.8,7.5,7.38694475254,1,0.333264362549,1.07344217881,0.141947132276,0.00559596334258,0.000684565779217,0.31,0.006006943083,0.0007943309488,0,4
1111,0.357,0.446,4.326,5.761,0.6,0.8,22.5,22.2268171955,1,0.346561870065,1.03684997821,0.133056821482,0.00416565616122,0.000645409641716,0.31,0.0043191605,0.0005542689682,0,4
1112,0.357,0.446,4.326,5.761,0.6,0.8,45,43.7008578691,1,0.412356126079,1.93995770898,0.358500950944,0.00148024223451,0.000402499543207,0.31,0.002871607334,0.0005306682487,0,4
1113,0.357,0.446,4.326,5.761,0.6,0.8,75,74.0733178307,1,0.450485900596,2.28230959116,1.06537832607,0.00113640966723,0.000371447015131,0.31,0.002593638683,0.001210706229,0,2
1114,0.357,0.446,4.326,5.761,0.6,0.8,277.5,277.637649034,1,0.516720722881,2.80166241788,1.94359634754,0.00237995960522,0.0009838774466,0.31,0.006667843382,0.004625680796,0,2
1115,0.357,0.446,4.326,5.761,0.6,0.8,315,316.252487247,1,0.494443451444,1.44697009628,0.390453611145,0.00225959800372,0.000870383326652,0.31,0.003269570741,0.0004718874277,0.228001158457,4
1116,0.357,0.446,4.326,5.761,0.6,0.8,337.5,337.786722193,1,0.3600060445,0.767561256687,0.227635139639,0.00549271378964,0.00100539699208,0.31,0.004215994299,0.000826658654,0.22250228506,4
1117,0.357,0.446,4.326,5.761,0.6,0.8,352.5,352.58287393,1,0.332782617707,0.967178837602,0.108220819177,0.00602424798442,0.000729015419719,0.31,0.005826525163,0.0006519490518,0,4
1118,0.446,0.581,2.51,3.295,0.4,0.6,15,14.9155818416,1,0.458290242979,3.42783512502,0.88150773572,0.00225309705465,0.000760499349922,0.31,0.007723245224,0.001986122483,0,4
1119,0.446,0.581,2.51,3.295,0.4,0.6,75,74.8977830933,1,0.48390510635,2.86766931189,2.32646853807,0.00631111573602,0.00234502031482,0.31,0.01809819292,0.0146826122,0,3
1120,0.446,0.581,2.51,3.295,0.4,0.6,352.5,352.512992668,1,0.440374877621,2.70925932679,0.928564891244,0.00342106646283,0.00107003408305,0.31,0.009268556222,0.003176682208,0,4
1121,0.446,0.581,2.51,3.295,0.6,0.8,15,14.8352336932,1,0.464478394796,3.39499684938,1.06808033883,0.00179617713227,0.00062128045381,0.31,0.006098015705,0.001424398071,0.210747228472,4
1122,0.446,0.581,2.51,3.295,0.6,0.8,45,44.7815689301,1,0.545384533416,5.36833264529,2.39076356424,0.00185019372909,0.000830207902132,0.31,0.009932455396,0.001622570138,0.414301961035,3
1123,0.446,0.581,2.51,3.295,0.6,0.8,82.5,82.2820209815,1,0.492304298487,1.56575981714,1.27732969485,0.00332312483309,0.00127090962798,0.31,0.005203215331,0.004244726029,0,3
1124,0.446,0.581,2.51,3.295,0.6,0.8,352.5,352.527484528,1,0.511082449019,3.54403463252,0.793232985371,0.00198501827337,0.000806575408097,0.31,0.007034973507,0.001574581971,0,4
1125,0.446,0.581,3.295,4.326,0.4,0.6,15,14.8887751745,1,0.36417000595,2.80252733089,5.32862852843,0.00236589389295,0.00045212593326,0.31,0.006630482297,0.001231740464,1.89226852424,4
1126,0.446,0.581,3.295,4.326,0.4,0.6,45,44.815492686,1,0.398677302249,3.2138975223,4.27219659913,0.00200398484715,0.000502371427962,0.31,0.006440601935,0.001692422795,1.30305694072,3
1127,0.446,0.581,3.295,4.326,0.4,0.6,82.5,82.1732695196,1,0.375722338843,9.65494013272,11.826159789,0.00279523314583,0.000593401570627,0.31,0.02698780868,0.03305687383,0,1
1128,0.446,0.581,3.295,4.326,0.4,0.6,322.5,322.891694789,1,0.441793577447,2.11767338244,3.96736486067,0.00175762133805,0.000553250411229,0.31,0.003722067924,0.001032907142,1.85278730137,3
1129,0.446,0.581,3.295,4.326,0.4,0.6,352.5,352.518630551,1,0.459628111845,2.60064740907,2.93341960038,0.00160660260573,0.000545199596957,0.31,0.004178206904,0.001253569872,1.08732355396,4
1130,0.446,0.581,3.295,4.326,0.6,0.8,7.5,7.47279365709,1,0.394744607327,2.1217628732,1.13971631497,0.00205599241183,0.000502450663396,0.31,0.004362328367,0.00076126333,0.508018381341,4
1131,0.446,0.581,3.295,4.326,0.6,0.8,22.5,22.4887671647,1,0.587310178651,2.48171632492,0.803651100531,0.000944626557219,0.000471209842802,0.31,0.002344295148,0.0007591501723,0,4
1132,0.446,0.581,3.295,4.326,0.6,0.8,292.5,292.55830681,1,0.512280729911,2.51338116792,2.54621790011,0.0032580757545,0.00132876594917,0.31,0.008188786245,0.008295770806,0,2
1133,0.446,0.581,3.295,4.326,0.6,0.8,337.5,337.563063133,1,0.418547610571,1.24053399628,0.509483788564,0.00221853191872,0.000623885345343,0.31,0.002752164267,0.001130306047,0,4
1134,0.446,0.581,3.295,4.326,0.6,0.8,352.5,352.554242235,1,0.38022781329,1.54859973146,0.328293277154,0.00237572933616,0.000523055485645,0.31,0.003679053812,0.0007799359694,0,3
1135,0.446,0.581,3.295,4.326,0.8,1,7.5,7.45310169939,1,0.397978901975,1.84291269217,0.510658262602,0.00210451572745,0.000525232513319,0.31,0.003878438745,0.001074688345,0,4
1136,0.446,0.581,3.295,4.326,0.8,1,352.5,352.531514991,1,0.536399603151,6.9029140557,4.14549636452,0.000941972753033,0.000412348004293,0.31,0.006502356957,0.001007374439,0.580215676448,4
1137,0.446,0.581,4.326,5.761,0.4,0.6,7.5,7.4657703882,1,0.363382851891,5.08564665556,26.1694815938,0.00184486022318,0.00034978032687,0.31,0.009382307224,0.004611331125,5.1222270002,3
1138,0.446,0.581,4.326,5.761,0.4,0.6,22.5,22.4308542362,1,0.352496656981,2.55778487817,2.05530867913,0.00222907223694,0.000374018747935,0.31,0.00570148726,0.004581431515,0,3
1139,0.446,0.581,4.326,5.761,0.4,0.6,52.5,52.3744789657,1,0.417159473425,4.10769456132,5.81057748303,0.00158281560032,0.000441835330775,0.31,0.006501723033,0.009197072687,0,1
1140,0.446,0.581,4.326,5.761,0.4,0.6,315,315.31966375,1,0.373571346851,7.26956563923,6.31533938925,0.00312651336104,0.00065175282217,0.31,0.0227283941,0.01974499298,0,1
1141,0.446,0.581,4.326,5.761,0.4,0.6,345,345.140888547,1,0.37132461435,1.51604118571,0.622523344935,0.00189167785416,0.000386671027098,0.31,0.002867861537,0.0008575889912,0.281408590976,4
1142,0.446,0.581,4.326,5.761,0.6,0.8,7.5,7.46291394065,1,0.423193356784,1.85741879042,0.483216530347,0.00106966891433,0.000308154919404,0.31,0.001986823141,0.0005168817014,0,3
1143,0.446,0.581,4.326,5.761,0.6,0.8,22.5,22.3996186446,1,0.406451205647,2.74663999704,1.12673508627,0.00114188010128,0.000300170248092,0.31,0.003136333558,0.0007953456769,0.322450952166,4
1144,0.446,0.581,4.326,5.761,0.6,0.8,37.5,37.3920803463,1,0.388125340821,3.94936560427,4.56763832915,0.0012892274482,0.000301087140417,0.31,0.00509163054,0.001547871258,1.11588071634,4
1145,0.446,0.581,4.326,5.761,0.6,0.8,52.5,52.4072023365,1,0.45013169925,3.11344998333,3.30179211752,0.000866676241613,0.000282858678134,0.31,0.00269835313,0.002861584783,0,2
1146,0.446,0.581,4.326,5.761,0.6,0.8,307.5,307.583907315,1,0.488157713547,8.18403547104,8.23194033433,0.00150564086918,0.000567764281832,0.31,0.01232221828,0.0123943458,0,2
1147,0.446,0.581,4.326,5.761,0.6,0.8,330,330.353425791,1,0.462219971722,0.808088691141,0.393603235533,0.00120267865242,0.000412340445208,0.31,0.0009718710181,0.0004733782089,0,4
1148,0.446,0.581,4.326,5.761,0.6,0.8,352.5,352.516183987,1,0.433497825863,1.58157115349,0.420966444664,0.00131091193743,0.000397230901348,0.31,0.002073300505,0.000445790527,0.156891486948,4
1149,0.446,0.581,4.326,5.761,0.8,1,15,14.6447462272,1,0.417453397211,2.92411360981,0.541621309202,0.000737868706867,0.000206296450527,0.31,0.002157611928,0.0003977513665,0.0180118970613,3
1150,0.446,0.581,4.326,5.761,0.8,1,45,44.4956683725,1,0.525931016866,4.60819700635,1.34133407162,0.000505438375528,0.000214739010529,0.31,0.002329159609,0.0006779617142,0,4
1151,0.446,0.581,4.326,5.761,0.8,1,300,300.401227966,1,0.549443277373,2.79538302778,2.23074631504,0.000929855886354,0.000421818456526,0.31,0.002599303363,0.002074272592,0,4
1152,0.446,0.581,4.326,5.761,0.8,1,352.5,352.56296954,1,0.462875403098,1.31155670669,0.714902459812,0.000943076696333,0.000324168315351,0.31,0.001236898566,0.00067420785,0,3
