xBmin,xBmax,Q2min,Q2max,t_abs_min,t_abs_max,phi,pass2_xs,n_valid_periods,ref_value,ref_stat,s_obs,s_stat,s_comb,s_obs_percent,s_stat_percent,s_comb_percent,min_ratio,max_ratio,half_width
0.062,0.09,1,1.2,0.11,0.15,135,2.133945462,2,1.93287313424,0.16078407976,0.403652627083,0.120477821639,0.385253861557,40.3652627083,12.0477821639,38.5253861557,0.520291492073,1.30943599358,0.394572250755
0.062,0.09,1,1.2,0.11,0.15,157.5,2.10946024,2,2.10886096702,0.20505334918,0.1945097219,0.156533248972,0.115461568844,19.45097219,15.6533248972,11.5461568844,0.74063848989,1.0916497185,0.175505614305
0.062,0.09,1,1.2,0.11,0.15,180,1.956546544,2,1.96604569674,0.168125427585,0.0938877032594,0.14345168644,0,9.38877032594,14.345168644,0,0.872840613951,1.03821376959,0.0826865778193
0.062,0.09,1,1.2,0.15,0.25,127.5,1.002555877,2,1.00512388296,0.0906711637609,0.0140294378787,0.179111032011,0,1.40294378787,17.9111032011,0,0.98045688338,1.00342298805,0.0114830523338
0.062,0.09,1,1.2,0.15,0.25,142.5,0.9550775756,2,0.957591507574,0.0666180999475,0.0193038632143,0.128174459177,0,1.93038632143,12.8174459177,0,0.973331155015,1.00583532151,0.0162520832494
0.062,0.09,1,1.2,0.15,0.25,157.5,0.9554571375,2,0.954258918691,0.0637629347627,0.219463749555,0.107258840388,0.191467695779,21.9463749555,10.7258840388,19.1467695779,0.707763936361,1.10453113338,0.19838359851
0.062,0.09,1,1.2,0.15,0.25,172.5,0.9086642151,2,0.915646719336,0.0660385665987,0.127041185166,0.121922014389,0.035699931873,12.7041185166,12.1922014389,3.5699931873,0.827543601367,1.05037574841,0.11141607352
0.062,0.09,1,1.2,0.15,0.25,195,0.7921940269,2,0.792220773796,0.0605603565842,0.000275121067995,0.138356794568,0,0.0275121067995,13.8356794568,0,0.999620942664,1.00008774247,0.00023339990078
0.062,0.09,1,1.2,0.25,0.4,127.5,0.3986364185,2,0.403273534297,0.0398167517998,0.0624002835351,0.19684542126,0,6.24002835351,19.684542126,0,0.913045991827,1.01505294766,0.0510034779144
0.062,0.09,1,1.2,0.25,0.4,142.5,0.4562148825,2,0.460779777879,0.0352658651684,0.0682726736281,0.142864762311,0,6.82726736281,14.2864762311,0,0.905511634909,1.01985610211,0.0571722336021
0.062,0.09,1,1.2,0.25,0.4,157.5,0.430692208,2,0.446283958357,0.0366636188551,0.175597804525,0.168733068191,0.0486183160218,17.5597804525,16.8733068191,4.86183160218,0.754759258747,1.03906605608,0.142153398665
0.062,0.09,1,1.2,0.25,0.4,172.5,0.4581013448,2,0.459619505199,0.0369060559652,0.107947128825,0.132366371516,0,10.7947128825,13.2366371516,0,0.854651820161,1.04668052978,0.0960143548104
0.062,0.09,1,1.2,0.25,0.4,195,0.4156496927,2,0.418012947062,0.0353300636187,0.198081166148,0.139099424902,0.141023041999,19.8081166148,13.9099424902,14.1023041999,0.733447972736,1.08615284979,0.176352438526
0.062,0.09,1,1.2,0.25,0.4,255,0.5234928402,2,0.548015583192,0.0424480713958,0.179555391501,0.18188665352,0,17.9555391501,18.188665352,0,0.747652572238,1.02830287857,0.140325153168
0.062,0.09,1,1.2,0.4,0.6,52.5,0.8382525545,2,0.831210662758,0.0480098419204,0.0573270586708,0.108245512989,0,5.73270586708,10.8245512989,0,0.983520261744,1.07938010795,0.0479299231049
0.062,0.09,1,1.2,0.4,0.6,75,0.4362733644,2,0.419719254711,0.0332677968112,0.249178690961,0.118045645419,0.219443035038,24.9178690961,11.8045645419,21.9443035038,0.687686309027,1.16321825415,0.237765972564
0.062,0.09,1,1.2,0.4,0.6,135,0.1731693208,2,0.175949775128,0.0148641351826,0.124128162744,0.153820296304,0,12.4128162744,15.3820296304,0,0.828814764294,1.03887437007,0.105029802889
0.062,0.09,1,1.2,0.4,0.6,172.5,0.1889136813,2,0.193464856305,0.0128679994814,0.215165165259,0.118401835125,0.179658158123,21.5165165259,11.8401835125,17.9658158123,0.704403500476,1.07221361472,0.183905057123
0.062,0.09,1,1.2,0.4,0.6,240,0.196013465,2,0.196042853232,0.018901712242,0.00233710906298,0.163614878812,0,0.233710906298,16.3614878812,0,0.996823988116,1.000914935,0.00204547344313
0.062,0.09,1,1.2,0.4,0.6,262.5,0.2377495651,2,0.238603957302,0.0290567080973,0.251045134899,0.198249578148,0.154015468446,25.1045134899,19.8249578148,15.4015468446,0.663609945493,1.11352995526,0.224960004884
0.062,0.09,1,1.2,0.4,0.6,285,0.47435485,2,0.472457185101,0.0307221667626,0.141485034329,0.102878508216,0.0971289219864,14.1485034329,10.2878508216,9.71289219864,0.813016615078,1.07122670595,0.129105045438
0.062,0.09,1,1.2,0.4,0.6,307.5,0.7605464542,2,0.764607148044,0.0451318650943,0.0779644727209,0.100543624257,0,7.79644727209,10.0543624257,0,0.893941313979,1.03014088806,0.0680997870387
0.062,0.09,1,1.2,0.4,0.6,322.5,1.477351245,2,1.48402294321,0.0668166245702,0.0276012320165,0.0864094326183,0,2.76012320165,8.64094326183,0,0.961675408409,1.00740821821,0.0228664048998
0.062,0.09,1,1.2,0.6,0.8,7.5,3.610393541,2,3.64312379632,0.218400379036,0.0843052920343,0.106366820441,0,8.43052920343,10.6366820441,0,0.884251646692,1.02858466786,0.0721665105824
0.062,0.09,1,1.2,0.6,0.8,22.5,1.135033359,2,1.15516103074,0.0458421664484,0.213877268963,0.068498157543,0.202611669438,21.3877268963,6.8498157543,20.2611669438,0.708076445307,1.0791682422,0.185545898448
0.062,0.09,1,1.2,0.6,0.8,37.5,0.6375442879,2,0.632931490211,0.0285793025302,0.279485752783,0.0715391392774,0.270174827769,27.9485752783,7.15391392774,27.0174827769,0.630345364183,1.13992863265,0.254791634236
0.062,0.09,1,1.2,0.6,0.8,67.5,0.2502364687,2,0.230872594905,0.0180801995464,0.428091434337,0.115231686482,0.412291079922,42.8091434337,11.5231686482,41.2291079922,0.473398512911,1.29868951455,0.412645500819
0.062,0.09,1,1.2,0.6,0.8,150,0.08921586114,2,0.0885557899275,0.0108351083829,0.203871995565,0.192633931461,0.0667529701615,20.3871995565,19.2633931461,6.67529701615,0.73133138277,1.10461718438,0.186642900803
0.062,0.09,1,1.2,0.6,0.8,180,0.09317334338,2,0.0934031662214,0.0111548777242,0.0686276652524,0.19770662095,0,6.86276652524,19.770662095,0,0.907454880696,1.02923890848,0.0608920138908
0.062,0.09,1,1.2,0.6,0.8,240,0.1151660996,2,0.10526390494,0.0135543814015,0.349732208707,0.186047724915,0.296139936283,34.9732208707,18.6047724915,29.6139936283,0.587197005612,1.27243150229,0.342617248338
0.062,0.09,1,1.2,0.6,0.8,270,0.1237142229,2,0.124562239553,0.0128394116924,0.179039809969,0.170942682512,0.0532339445214,17.9039809969,17.0942682512,5.32339445214,0.758413982509,1.07580701327,0.15869651538
0.062,0.09,1,1.2,0.6,0.8,315,0.5131426802,2,0.510282553095,0.0217455465265,0.271501471492,0.0677445875138,0.262913902038,27.1501471492,6.77445875138,26.2913902038,0.640243913531,1.13417025115,0.246963168809
0.062,0.09,1,1.2,0.6,0.8,337.5,1.112582544,2,1.13616054286,0.0444804397254,0.177877095302,0.0703170439863,0.163388415618,17.7877095302,7.03170439863,16.3388415618,0.755238818925,1.05807311172,0.151417146398
0.062,0.09,1,1.2,0.6,0.8,352.5,3.55563485,2,3.49272453066,0.227750161092,0.10707879564,0.126272615714,0,10.707879564,12.6272615714,0,0.9719830325,1.14881796425,0.0884174658748
0.062,0.09,1.2,1.456,0.15,0.25,120,1.363345754,2,1.37406336345,0.148605319389,0.048029702535,0.207395588813,0,4.8029702535,20.7395588813,0,0.933315935142,1.01292053192,0.0398022983909
0.062,0.09,1.2,1.456,0.15,0.25,142.5,1.249578712,2,1.25073232672,0.129856413392,0.00924106290309,0.182785250025,0,0.924106290309,18.2785250025,0,0.987331738865,1.0032108639,0.00793956251695
0.062,0.09,1.2,1.456,0.15,0.25,157.5,1.14434025,2,1.14852584466,0.115272072821,0.0640830889232,0.169178593634,0,6.40830889232,16.9178593634,0,0.913081019355,1.02565882646,0.0562889035544
0.062,0.09,1.2,1.456,0.15,0.25,180,1.251531274,2,1.26673997827,0.106409685783,0.146790684035,0.145042119336,0.0225895670193,14.6790684035,14.5042119336,2.25895670193,0.799627826845,1.05427708599,0.127324629574
0.062,0.09,1.2,1.456,0.25,0.4,120,0.5517933225,1,0,0,0,0,0,0,0,0,0,0,0
0.062,0.09,1.2,1.456,0.25,0.4,142.5,0.4985511466,2,0.473781610177,0.0550135376949,0.297487558342,0.227854159567,0.191262461911,29.7487558342,22.7854159567,19.1262461911,0.925006156605,1.41397296794,0.24448340567
0.062,0.09,1.2,1.456,0.25,0.4,157.5,0.3427431433,2,0.426041483394,0.05129490278,0.544470697649,0.925738387193,0,54.4470697649,92.5738387193,0,0.230030651709,1.00662449155,0.38829691992
0.062,0.09,1.2,1.456,0.25,0.4,180,0.472282199,2,0.458026812532,0.0414171982405,0.264234154071,0.136759642567,0.226089558234,26.4234154071,13.6759642567,22.6089558234,0.662671736229,1.16077630054,0.249052282156
0.062,0.09,1.2,1.456,0.25,0.4,255,0.6053316807,2,0.600129865467,0.0672258199181,0.0515834660002,0.216857620235,0,5.15834660002,21.6857620235,0,0.986491764643,1.07168846146,0.0425983484093
0.062,0.09,1.2,1.456,0.4,0.6,37.5,1.349161519,2,1.35817229882,0.0664472925993,0.0487307436097,0.0901575741048,0,4.87307436097,9.01575741048,0,0.932675075986,1.01472159475,0.0410232593822
0.062,0.09,1.2,1.456,0.4,0.6,52.5,0.892805904,2,0.900334782314,0.0504541288189,0.107586591107,0.0963602606238,0.0478495011327,10.7586591107,9.63602606238,4.78495011327,0.853289367235,1.0403204589,0.0935155458324
0.062,0.09,1.2,1.456,0.4,0.6,135,0.1420851031,2,0.157313045078,0.0204659061145,0.38271345507,0.30937568732,0.22529152844,38.271345507,30.937568732,22.529152844,0.461929651632,1.05847629939,0.29827332388
0.062,0.09,1.2,1.456,0.4,0.6,157.5,0.1367088919,2,0.147402618279,0.0234967354475,0.266397129398,0.408600884198,0,26.6397129398,40.8600884198,0,0.624790782994,1.03395444857,0.204581832786
0.062,0.09,1.2,1.456,0.4,0.6,180,0.1619004299,2,0.16603285784,0.0213137545792,0.165473174771,0.241537734388,0,16.5473174771,24.1537734388,0,0.770757981069,1.04701956927,0.138130794099
0.062,0.09,1.2,1.456,0.4,0.6,240,0.1685282228,2,0.171098490326,0.0223087490375,0.118895602345,0.237105095826,0,11.8895602345,23.7105095826,0,0.836063530585,1.03737863707,0.100657553244
0.062,0.09,1.2,1.456,0.4,0.6,262.5,0.279525513,2,0.310300074306,0.0459924352233,0.543228567911,0.294546296452,0.456442500476,54.3228567911,29.4546296452,45.6442500476,0.243222906629,1.13222323902,0.444500166197
0.062,0.09,1.2,1.456,0.4,0.6,285,0.4144154845,2,0.415654040609,0.0359255911832,0.0621448619946,0.144545888099,0,6.21448619946,14.4545888099,0,0.915913022384,1.02556067174,0.0548238246803
0.062,0.09,1.2,1.456,0.4,0.6,307.5,0.7836713655,2,0.788927020147,0.0449823975486,0.0890392547209,0.0977574690307,0,8.90392547209,9.77574690307,0,0.878669599719,1.03368845099,0.0775094256356
0.09,0.118,1,1.2,0.11,0.15,127.5,0.7923689098,2,0.792380781447,0.0703777977767,0.0337943144686,0.143172304138,0,3.37943144686,14.3172304138,0,0.954910994456,1.01584591303,0.0304674592888
0.09,0.118,1,1.2,0.11,0.15,180,0.7790127755,2,0.74011124073,0.0592531947581,0.393364026733,0.120318166141,0.374511410272,39.3364026733,12.0318166141,37.4511410272,0.501312387087,1.24653839413,0.372613003524
0.09,0.118,1,1.2,0.15,0.25,120,0.4613067248,2,0.46527333726,0.0430707521413,0.265618472418,0.152781998882,0.217280541483,26.5618472418,15.2781998882,21.7280541483,0.642196395047,1.11438061926,0.236092112105
0.09,0.118,1,1.2,0.15,0.25,142.5,0.4075397584,2,0.465835883857,0.043694463642,0.481159879657,0.228879785694,0.423236191141,48.1159879657,22.8879785694,42.3236191141,0.323047687855,1.06903062121,0.372991466676
0.09,0.118,1,1.2,0.15,0.25,157.5,0.4559681169,2,0.44226392574,0.0410498036767,0.327162056716,0.141792985138,0.294838533303,32.7162056716,14.1792985138,29.4838533303,0.578266687866,1.19029197604,0.306012644087
0.09,0.118,1,1.2,0.15,0.25,172.5,0.386399975,2,0.385221714035,0.0413997564628,0.0451692596635,0.182990772257,0,4.51692596635,18.2990772257,0,0.982515292908,1.06143947473,0.0394620909106
0.09,0.118,1,1.2,0.15,0.25,195,0.4530388186,2,0.454445332072,0.0368654935502,0.0491951191501,0.137502840827,0,4.91951191501,13.7502840827,0,0.933167768423,1.01933319215,0.0430827118649
0.09,0.118,1,1.2,0.25,0.4,135,0.2704676469,2,0.285093923951,0.0239118109276,0.340551598677,0.157870005394,0.301748989655,34.0551598677,15.7870005394,30.1748989655,0.528188387227,1.09666739251,0.284239502641
0.09,0.118,1,1.2,0.25,0.4,157.5,0.2239086613,2,0.210235333089,0.0229128687936,0.261390155135,0.158164592282,0.208107604257,26.1390155135,15.8164592282,20.8107604257,0.687717861102,1.19781175933,0.255046949113
0.09,0.118,1,1.2,0.25,0.4,172.5,0.1986909658,2,0.199198046773,0.0244000775,0.057094150739,0.204261315902,0,5.7094150739,20.4261315902,0,0.922818663022,1.02371761623,0.0504494766027
0.09,0.118,1,1.2,0.25,0.4,195,0.1951172911,2,0.207589366732,0.0230536765139,0.351687152507,0.216033269955,0.277513025841,35.1687152507,21.6033269955,27.7513025841,0.511006739747,1.09084766318,0.289920461714
0.09,0.118,1,1.2,0.25,0.4,270,0.3372517275,2,0.341179916988,0.0303359785587,0.0613310844718,0.178462503909,0,6.13310844718,17.8462503909,0,0.914489582078,1.01452488457,0.0500176512458
0.09,0.118,1,1.2,0.4,0.6,60,0.2582594698,2,0.260400893951,0.0273769219575,0.254835583233,0.173540411459,0.186614308327,25.4835583233,17.3540411459,18.6614308327,0.656704364971,1.10968343509,0.226489535059
0.09,0.118,1,1.2,0.4,0.6,142.5,0.1268585367,2,0.127811665462,0.0127031830266,0.203381526725,0.164645103506,0.119398640295,20.3381526725,16.4645103506,11.9398640295,0.725674418801,1.08644979078,0.180387685988
0.09,0.118,1,1.2,0.4,0.6,187.5,0.100265689,2,0.109549581174,0.0124710931038,0.437984002155,0.231150102017,0.372020989302,43.7984002155,23.1150102017,37.2020989302,0.388805274594,1.1005036314,0.355849178402
0.09,0.118,1,1.2,0.4,0.6,262.5,0.1420369813,2,0.149727226734,0.0170745797791,0.26419550426,0.231990085899,0.12641148886,26.419550426,23.1990085899,12.641148886,0.631271609524,1.06031503129,0.214521710885
0.09,0.118,1,1.2,0.4,0.6,300,0.2462636954,2,0.245131452712,0.0247783334857,0.126559801157,0.159149790632,0,12.6559801157,15.9149790632,0,0.833211904228,1.06493456434,0.115861330057
0.09,0.118,1,1.2,0.4,0.6,322.5,0.6245365052,2,0.625855663638,0.047029997441,0.0276135602079,0.129032320795,0,2.76135602079,12.9032320795,0,0.962357806269,1.01039628135,0.0240192375389
0.09,0.118,1,1.2,0.6,0.8,22.5,0.8582751182,2,0.844470419109,0.0438097709983,0.299753726758,0.0808538868659,0.288643284495,29.9753726758,8.08538868659,28.8643284495,0.60752268024,1.16020657566,0.27634194771
0.09,0.118,1,1.2,0.6,0.8,37.5,0.3510168465,2,0.314429151745,0.0280499964542,0.376146558129,0.127932414774,0.353722391774,37.6146558129,12.7932414774,35.3722391774,0.567383090308,1.30954010376,0.371078506724
0.09,0.118,1,1.2,0.6,0.8,75,0.101735698,2,0.1018080905,0.0100148127883,0.13649944563,0.159098205051,0,13.649944563,15.9098205051,0,0.817606508693,1.06322034201,0.122806916657
0.09,0.118,1,1.2,0.6,0.8,165,0.03337017858,2,0.0327574855572,0.00436060249737,0.10639893637,0.26124076097,0,10.639893637,26.124076097,0,0.973184616822,1.14806215771,0.0874387704454
0.09,0.118,1,1.2,0.6,0.8,270,0.06870197064,2,0.0685232122676,0.00803649773728,0.180564295352,0.187180509059,0,18.0564295352,18.7180509059,0,0.760246314148,1.08789254594,0.163823115898
0.09,0.118,1.2,1.456,0.11,0.15,120,0.881228449,2,0.881247096129,0.0777520431624,0.000128000812481,0.170016438487,0,0.0128000812481,17.0016438487,0,0.999822193877,1.00003396172,0.000105883923374
0.09,0.118,1.2,1.456,0.11,0.15,142.5,0.7540663715,2,0.730303888429,0.0704041225503,0.25790806683,0.145306278483,0.213078990915,25.790806683,14.5306278483,21.3078990915,0.671949332977,1.15942365489,0.243737160955
0.09,0.118,1.2,1.456,0.11,0.15,165,0.7149173004,2,0.650678397287,0.0574195358466,0.408989071613,0.128287204955,0.388348366475,40.8989071613,12.8287204955,38.8348366475,0.50926819867,1.30614771036,0.398439755847
0.09,0.118,1.2,1.456,0.11,0.15,195,0.8261688888,2,0.814207343932,0.0728166803478,0.172875944281,0.137243242779,0.105120808705,17.2875944281,13.7243242779,10.5120808705,0.776274855183,1.0985862252,0.161155685008
0.09,0.118,1.2,1.456,0.11,0.15,307.5,4.12026543,2,4.01830961641,0.43412942484,0.14002134232,0.214145825436,0,14.002134232,21.4145825436,0,0.965675539076,1.19502252176,0.11467349134
0.09,0.118,1.2,1.456,0.15,0.25,105,0.6011991492,2,0.606345153985,0.0427433267417,0.175339845588,0.117937805179,0.129748740111,17.5339845588,11.7937805179,12.9748740111,0.762721618636,1.07202147346,0.154649927411
0.09,0.118,1.2,1.456,0.15,0.25,127.5,0.4395361607,2,0.441408036076,0.0345793163529,0.0305980096563,0.144860790052,0,3.05980096563,14.4860790052,0,0.957706256455,1.0091496255,0.0257216845233
0.09,0.118,1.2,1.456,0.15,0.25,142.5,0.4397246515,2,0.43628877253,0.0290837199571,0.0472983960283,0.128713931987,0,4.72983960283,12.8713931987,0,0.987521962808,1.06571586659,0.0390969518905
0.09,0.118,1.2,1.456,0.15,0.25,157.5,0.3825361757,2,0.384842469931,0.0277466630741,0.0598219719588,0.126984525388,0,5.98219719588,12.6984525388,0,0.917985165107,1.02075821562,0.0513865252542
0.09,0.118,1.2,1.456,0.15,0.25,172.5,0.3484149529,2,0.349993504653,0.0287879144161,0.102639647158,0.13708580529,0,10.2639647158,13.708580529,0,0.861273890209,1.04271838948,0.0907222496358
0.09,0.118,1.2,1.456,0.15,0.25,187.5,0.335496791,2,0.335301222151,0.0320475336473,0.166665950966,0.153653628049,0.0645608379652,16.6665950966,15.3653628049,6.45608379652,0.777910433868,1.07893860297,0.150514084548
0.09,0.118,1.2,1.456,0.15,0.25,202.5,0.3577543138,2,0.35844374613,0.0356859846865,0.0590111114351,0.164379666536,0,5.90111114351,16.4379666536,0,0.920497181671,1.02537566597,0.0524392421487
0.09,0.118,1.2,1.456,0.25,0.4,120,0.240458778,2,0.246577043396,0.0193495926447,0.187617051268,0.143835617896,0.120463575204,18.7617051268,14.3835617896,12.0463575204,0.740996036304,1.0575956825,0.1582998231
0.09,0.118,1.2,1.456,0.25,0.4,142.5,0.1571775346,2,0.16785942206,0.0151617877381,0.259494089556,0.20935463597,0.153322597526,25.9494089556,20.935463597,15.3322597526,0.635459906814,1.04224790514,0.203393999163
0.09,0.118,1.2,1.456,0.25,0.4,157.5,0.1777144777,2,0.174328086805,0.0154531488131,0.227286380255,0.136001699443,0.182106113017,22.7286380255,13.6001699443,18.2106113017,0.705917345022,1.12974432296,0.211913488969
0.09,0.118,1.2,1.456,0.25,0.4,172.5,0.1967459074,2,0.196613546224,0.0170825477526,0.140819435408,0.139555081039,0.0188279777112,14.0819435408,13.9555081039,1.88279777112,0.812429200164,1.06691353993,0.127242169883
0.09,0.118,1.2,1.456,0.25,0.4,187.5,0.1555246604,2,0.155818845377,0.0181689161539,0.078748106196,0.191219939899,0,7.8748106196,19.1219939899,0,0.894172949764,1.03468665301,0.0702568516246
0.09,0.118,1.2,1.456,0.25,0.4,210,0.1788405241,2,0.175713663759,0.015695665682,0.263226161628,0.13825994337,0.223991518198,26.3226161628,13.825994337,22.3991518198,0.657033813023,1.14474190451,0.243854045743
0.09,0.118,1.2,1.456,0.25,0.4,255,0.2378511181,2,0.246187395258,0.0170485045614,0.350353408563,0.121484818481,0.328616721685,35.0353408563,12.1484818481,32.8616721685,0.520062604204,1.12310612455,0.301521760171
0.09,0.118,1.2,1.456,0.25,0.4,277.5,0.2920716989,2,0.29614450697,0.028686208412,0.181619296756,0.166227911559,0.0731700100651,18.1619296756,16.6227911559,7.31700100651,0.752458199815,1.06851419612,0.158027998151
0.09,0.118,1.2,1.456,0.25,0.4,292.5,0.4857368604,2,0.484075989237,0.0443666023497,0.154160483917,0.1455522414,0.0507936986741,15.4160483917,14.55522414,5.07936986741,0.795838866967,1.0764796794,0.140320406218
0.09,0.118,1.2,1.456,0.4,0.6,22.5,1.768674872,2,1.75737040234,0.0924535056489,0.036052228046,0.103740832212,0,3.6052228046,10.3740832212,0,0.991034618931,1.05019111711,0.0295782490879
0.09,0.118,1.2,1.456,0.4,0.6,37.5,0.6252794114,2,0.635642248175,0.0247524340899,0.096267192878,0.0755564955713,0.0596539051663,9.6267192878,7.55564955713,5.96539051663,0.866181859813,1.02504895619,0.0794335481868
0.09,0.118,1.2,1.456,0.4,0.6,52.5,0.3870508659,2,0.388563042463,0.0255584436961,0.0507781300582,0.11298102966,0,5.07781300582,11.298102966,0,0.930775012227,1.01909811646,0.0441615521157
0.09,0.118,1.2,1.456,0.4,0.6,75,0.199059639,2,0.200764500287,0.0179105654525,0.162915699685,0.149741481441,0.0641795445583,16.2915699685,14.9741481441,6.41795445583,0.779311027479,1.06617724545,0.143433108985
0.09,0.118,1.2,1.456,0.4,0.6,120,0.09345364922,2,0.0941230272892,0.0131192663943,0.255926418439,0.229259251169,0.113747647925,25.5926418439,22.9259251169,11.3747647925,0.655683029514,1.11154589704,0.227931433762
0.09,0.118,1.2,1.456,0.4,0.6,142.5,0.08583360181,2,0.0853014605568,0.0104253795064,0.122050895991,0.19083660352,0,12.2050895991,19.083660352,0,0.839994002357,1.06473733963,0.112371668638
0.09,0.118,1.2,1.456,0.4,0.6,157.5,0.08079315002,2,0.0812480691497,0.00959771910438,0.357575891919,0.192507012426,0.301332986326,35.7575891919,19.2507012426,30.1332986326,0.520660097682,1.16110336747,0.320221634893
0.09,0.118,1.2,1.456,0.4,0.6,172.5,0.08607874849,2,0.0888681705047,0.0104255912003,0.348286823353,0.204341496646,0.28204301812,34.8286823353,20.4341496646,28.204301812,0.52362477753,1.12519612638,0.300785674423
0.09,0.118,1.2,1.456,0.4,0.6,187.5,0.06578285778,2,0.0696310337241,0.0111976526832,0.363207382715,0.303393586558,0.199679579562,36.3207382715,30.3393586558,19.9679579562,0.496658972019,1.10240612906,0.302873578519
0.09,0.118,1.2,1.456,0.4,0.6,202.5,0.09450952598,2,0.0948459775379,0.0138609640075,0.0811446280655,0.24351936432,0,8.11446280655,24.351936432,0,0.890333106602,1.0337945827,0.0717307380514
0.09,0.118,1.2,1.456,0.4,0.6,255,0.1145874051,2,0.115148504949,0.00945721042782,0.154095500218,0.135499532453,0.0733846025578,15.4095500218,13.5499532453,7.33846025578,0.792452748042,1.06644535032,0.136996301141
0.09,0.118,1.2,1.456,0.4,0.6,277.5,0.1384679445,2,0.137988009071,0.0138581903585,0.13306839351,0.159110058683,0,13.306839351,15.9110058683,0,0.824004194753,1.06663235879,0.121314082019
0.09,0.118,1.2,1.456,0.4,0.6,292.5,0.1734133074,2,0.170296872619,0.0182829271672,0.0977177328155,0.215290516476,0,9.77177328155,21.5290516476,0,0.976801235638,1.13623262438,0.0797156943706
0.09,0.118,1.2,1.456,0.4,0.6,307.5,0.3104005284,2,0.311067091506,0.0222827185815,0.023338276373,0.12500002777,0,2.3338276373,12.500002777,0,0.968065855318,1.00834030524,0.0201372249622
0.09,0.118,1.2,1.456,0.4,0.6,322.5,0.6605006443,2,0.671745880563,0.0271578805898,0.121382616216,0.0746875066994,0.0956844598799,12.1382616216,7.46875066994,9.56844598799,0.832242755298,1.03640035562,0.10207880016
0.09,0.118,1.2,1.456,0.4,0.6,337.5,2.059132438,2,2.03046316127,0.100605408705,0.0667921918455,0.104650237077,0,6.67921918455,10.4650237077,0,0.986205831852,1.09344578486,0.0536199765043
0.09,0.118,1.2,1.456,0.6,0.8,22.5,0.6508546624,2,0.661415588832,0.0300958366761,0.193859953036,0.0786119753048,0.177205639667,19.3859953036,7.86119753048,17.7205639667,0.735340228311,1.0715441684,0.168101970043
0.09,0.118,1.2,1.456,0.6,0.8,37.5,0.3091845748,2,0.30326821297,0.0158134232315,0.279229252836,0.0806157977347,0.267338865104,27.9229252836,8.06157977347,26.7338865104,0.636497383321,1.15428479817,0.258893707425
0.09,0.118,1.2,1.456,0.6,0.8,52.5,0.143246973,2,0.14088909813,0.0184949362451,0.219133073693,0.202293677032,0.0842411551372,21.9133073693,20.2293677032,8.42411551372,0.715447826965,1.1227545062,0.203653339619
0.09,0.118,1.2,1.456,0.6,0.8,75,0.06461853478,2,0.0708253256646,0.00998068381697,0.387564685948,0.308856226438,0.234124362646,38.7564685948,30.8856226438,23.4124362646,0.456742519381,1.07269168687,0.307974583743
0.09,0.118,1.2,1.456,0.6,0.8,150,0.03407592773,2,0.0346439943036,0.00485743045426,0.327413592372,0.234919088714,0.228062890948,32.7413592372,23.4919088714,22.8062890948,0.556724808951,1.13381489431,0.288545042681
0.09,0.118,1.2,1.456,0.6,0.8,187.5,0.02295206815,2,0.0233687541953,0.00415407669906,0.298799725836,0.300407990607,0,29.8799725836,30.0407990607,0,0.594421654826,1.1186117964,0.262095070786
0.09,0.118,1.2,1.456,0.6,0.8,247.5,0.04356409746,2,0.045040824694,0.00543845032012,0.694214048407,0.201805112297,0.664234779018,69.4214048407,20.1805112297,66.4234779018,0.0608587188983,1.28614671786,0.612643999482
0.09,0.118,1.2,1.456,0.6,0.8,285,0.0721093542,2,0.0711166516035,0.00734106546301,0.20645408891,0.159774775744,0.130749041539,20.645408891,15.9774775744,13.0749041539,0.731004854951,1.11352618022,0.191260662634
0.09,0.118,1.2,1.456,0.6,0.8,315,0.2384519612,2,0.229471620374,0.0115950672225,0.309958000912,0.0761582884374,0.300456115651,30.9958000912,7.61582884374,30.0456115651,0.605760578905,1.19163299171,0.292936206405
0.09,0.118,1.2,1.456,0.6,0.8,337.5,0.6500526163,2,0.661120204938,0.0296436637906,0.158932671814,0.0794419951803,0.137653781538,15.8932671814,7.94419951803,13.7653781538,0.78185115345,1.05413195996,0.136140403255
0.09,0.118,1.456,1.912,0.11,0.15,22.5,14.10054418,4,14.2627800341,0.757374146556,0.109900611199,0.123984597191,0,10.9900611199,12.3984597191,0,0.832792980865,1.10985911177,0.138533065453
0.09,0.118,1.456,1.912,0.11,0.15,37.5,8.43557456,4,7.90299660504,0.333290611968,0.181421824736,0.0984473531901,0.15238765416,18.1421824736,9.84473531901,15.238765416,0.818394688905,1.28584934903,0.233727330064
0.09,0.118,1.456,1.912,0.11,0.15,52.5,4.722678808,4,4.57617502453,0.185534250996,0.161861891103,0.0929293500613,0.132527007394,16.1861891103,9.29293500613,13.2527007394,0.783925820969,1.16250398149,0.18928908026
0.09,0.118,1.456,1.912,0.11,0.15,67.5,3.21360046,4,3.22229064686,0.130834051806,0.126551222277,0.089445683182,0.0895247542294,12.6551222277,8.9445683182,8.95247542294,0.803818846237,1.1298457737,0.163013463733
0.09,0.118,1.456,1.912,0.11,0.15,82.5,2.187762622,4,2.22908099884,0.106907479579,0.054064341825,0.109902602589,0,5.4064341825,10.9902602589,0,0.929358793635,1.07107839071,0.0708597985367
0.09,0.118,1.456,1.912,0.11,0.15,105,1.583301069,4,1.60941366295,0.0976017797382,0.23572473357,0.148460407421,0.18310012956,23.572473357,14.8460407421,18.310012956,0.792282940276,1.38681632348,0.2972666916
0.09,0.118,1.456,1.912,0.11,0.15,142.5,0.9717756418,4,0.883811777692,0.0794007328963,0.368838461402,0.181481351034,0.321101743745,36.8838461402,18.1481351034,32.1101743745,0.387031545329,1.3646718639,0.488820159286
0.09,0.118,1.456,1.912,0.11,0.15,180,0.961066961,4,0.993268104651,0.0824390714697,0.271147123393,0.170852987169,0.210546952721,27.1147123393,17.0852987169,21.0546952721,0.677725827446,1.37525874696,0.348766459758
0.09,0.118,1.456,1.912,0.11,0.15,270,1.88007647,4,1.94149235481,0.0912591463263,0.110650581177,0.108627201211,0.0210637668035,11.0650581177,10.8627201211,2.10637668035,0.836286357747,1.11076830545,0.137240973852
0.09,0.118,1.456,1.912,0.11,0.15,292.5,2.934963286,4,2.94842223898,0.12672501646,0.104596043283,0.0995539899368,0.0320832566629,10.4596043283,9.95539899368,3.20832566629,0.828973154755,1.11769720172,0.144362023482
0.09,0.118,1.456,1.912,0.11,0.15,307.5,4.715488321,4,4.62660348376,0.164577816704,0.181799059016,0.0780675258973,0.164183919004,18.1799059016,7.80675258973,16.4183919004,0.739100436206,1.17795308483,0.219426324314
0.09,0.118,1.456,1.912,0.11,0.15,322.5,8.043071886,4,7.78039674959,0.311656628571,0.13753162764,0.094694813201,0.0997388638108,13.753162764,9.4694813201,9.97388638108,0.811928150108,1.16503583978,0.176553844837
0.09,0.118,1.456,1.912,0.11,0.15,337.5,14.78585361,4,14.61836276,0.838247408133,0.195232175461,0.1406120889,0.13543944326,19.5232175461,14.06120889,13.543944326,0.751506588691,1.27654369415,0.262518552728
0.09,0.118,1.456,1.912,0.15,0.25,37.5,5.255869369,4,4.72844886438,0.177575496909,0.259083205773,0.0945861954928,0.241200246964,25.9083205773,9.45861954928,24.1200246964,0.714701527483,1.38989760649,0.337598039502
0.09,0.118,1.456,1.912,0.15,0.25,52.5,2.657652789,4,2.56414182169,0.0802142126663,0.116772714925,0.0789864362187,0.0860058709876,11.6772714925,7.89864362187,8.60058709876,0.8601099726,1.1643962634,0.152143145398
0.09,0.118,1.456,1.912,0.15,0.25,67.5,1.578620283,4,1.42058935755,0.0508783606651,0.236896508116,0.0924680435128,0.218104599875,23.6896508116,9.24680435128,21.8104599875,0.817280240647,1.39001714852,0.286368453936
0.09,0.118,1.456,1.912,0.15,0.25,82.5,1.136768976,4,1.01382257635,0.0493735851818,0.24387522646,0.106397998323,0.219441545824,24.387522646,10.6397998323,21.9441545824,0.803232958405,1.43846542582,0.317616233709
0.09,0.118,1.456,1.912,0.15,0.25,97.5,0.7584858029,4,0.745871299333,0.0596992989429,0.321954795493,0.198087156254,0.253803799949,32.1954795493,19.8087156254,25.3803799949,0.727308093615,1.57766447114,0.425178188762
0.09,0.118,1.456,1.912,0.15,0.25,112.5,0.6585097986,4,0.597281408163,0.0691979496294,0.275665294825,0.409055027222,0,27.5665294825,40.9055027222,0,0.688542209551,1.42416398112,0.367810885786
0.09,0.118,1.456,1.912,0.15,0.25,127.5,0.5748934797,4,0.528809050582,0.0345077168322,0.235253629477,0.144564050763,0.185595003729,23.5253629477,14.4564050763,18.5595003729,0.651306998662,1.31405639509,0.331374698215
0.09,0.118,1.456,1.912,0.15,0.25,142.5,0.5555718565,4,0.542486877505,0.0293195956047,0.152500347017,0.131008973528,0.0780577010655,15.2500347017,13.1008973528,7.80577010655,0.796666657058,1.16661914203,0.184976242488
0.09,0.118,1.456,1.912,0.15,0.25,157.5,0.4669188505,4,0.434354383395,0.0257422782206,0.297019854801,0.152696564886,0.254763720372,29.7019854801,15.2696564886,25.4763720372,0.769036751486,1.48383899976,0.357401124139
0.09,0.118,1.456,1.912,0.15,0.25,172.5,0.4521866475,4,0.463813412516,0.0306398736363,0.0652710246426,0.149009517529,0,6.52710246426,14.9009517529,0,0.936188578171,1.07758649731,0.0706989595711
0.09,0.118,1.456,1.912,0.15,0.25,195,0.4502196399,4,0.475238212516,0.033763315862,0.110189187956,0.173743436082,0,11.0189187956,17.3743436082,0,0.812217655134,1.06722032855,0.127501336707
0.09,0.118,1.456,1.912,0.15,0.25,270,0.8951486724,4,0.85458148189,0.035003476758,0.169625142024,0.0988204047783,0.137866661692,16.9625142024,9.88204047783,13.7866661692,0.783670636788,1.19800505592,0.207167209566
0.09,0.118,1.456,1.912,0.15,0.25,292.5,1.562777821,4,1.49622668479,0.0524689560588,0.212688397614,0.0896457527762,0.192872998341,21.2688397614,8.96457527762,19.2872998341,0.728103640359,1.25684420356,0.264370281603
0.09,0.118,1.456,1.912,0.15,0.25,307.5,2.655602878,4,2.50589311817,0.0757236112077,0.200170732962,0.0783025113341,0.184220083197,20.0170732962,7.83025113341,18.4220083197,0.745366501651,1.20292976709,0.228781632721
0.09,0.118,1.456,1.912,0.15,0.25,337.5,14.35835059,4,13.7048601377,0.843031543486,0.25883106279,0.149503710826,0.211286912785,25.883106279,14.9503710826,21.1286912785,0.749532761135,1.41026250949,0.330364874176
0.09,0.118,1.456,1.912,0.25,0.4,37.5,2.277326614,4,2.00785596554,0.0629177030158,0.294204735556,0.0834192826194,0.282130554373,29.4204735556,8.34192826194,28.2130554373,0.714205865169,1.45001690309,0.367905518961
0.09,0.118,1.456,1.912,0.25,0.4,52.5,1.11689597,4,1.02598472869,0.030803257316,0.213784757316,0.0780344658137,0.199034028764,21.3784757316,7.80344658137,19.9034028764,0.794870933936,1.32336910485,0.264249085457
0.09,0.118,1.456,1.912,0.25,0.4,75,0.5097816019,4,0.515915705259,0.0186067224919,0.0780384162761,0.0826788108043,0,7.80384162761,8.26788108043,0,0.892477825169,1.1050908592,0.106306517016
0.09,0.118,1.456,1.912,0.25,0.4,112.5,0.3024999797,3,0.22332453607,0.0315570584461,0.518858430835,0.37034092654,0.363402902269,51.8858430835,37.034092654,36.3402902269,0.904109055157,1.89284889533,0.494369920084
0.09,0.118,1.456,1.912,0.25,0.4,135,0.2065293534,4,0.195235281004,0.00959446550324,0.191649596166,0.125723049175,0.144648825149,19.1649596166,12.5723049175,14.4648825149,0.73288464546,1.23097732625,0.249046340395
0.09,0.118,1.456,1.912,0.25,0.4,157.5,0.2098149277,4,0.199822031349,0.0126170175762,0.123123729794,0.147293292344,0,12.3123729794,14.7293292344,0,0.884556260424,1.215507333,0.16547553629
0.09,0.118,1.456,1.912,0.25,0.4,180,0.1991111947,4,0.200131449296,0.0113617922265,0.131654234769,0.127870651162,0.0313358278035,13.1654234769,12.7870651162,3.13358278035,0.841227370772,1.13044710012,0.144609864676
0.09,0.118,1.456,1.912,0.25,0.4,247.5,0.2620158052,4,0.213605802423,0.0197408918955,0.421694213562,0.216796571017,0.361697741971,42.1694213562,21.6796571017,36.1697741971,0.668880082279,1.74749071357,0.539305315648
0.09,0.118,1.456,1.912,0.25,0.4,262.5,0.2925160343,4,0.278531155027,0.0244063768489,0.267709327029,0.210028560722,0.16600086584,26.7709327029,21.0028560722,16.600086584,0.587348926134,1.25289992915,0.332775501509
0.09,0.118,1.456,1.912,0.25,0.4,277.5,0.4487406833,4,0.429274173933,0.0276871625521,0.152990638183,0.150762382714,0.0260161359547,15.2990638183,15.0762382714,2.60161359547,0.790669388261,1.20882714361,0.209078877673
0.09,0.118,1.456,1.912,0.25,0.4,292.5,0.6174659578,4,0.622569770909,0.0236556137045,0.13360424018,0.0902126231569,0.098548341525,13.360424018,9.02126231569,9.8548341525,0.806140356714,1.14102341118,0.167441527233
0.09,0.118,1.456,1.912,0.25,0.4,307.5,1.11800994,4,1.08549795604,0.0300481532635,0.133267738368,0.0710957249344,0.112719510227,13.3267738368,7.10957249344,11.2719510227,0.826363300832,1.14330258025,0.15846963971
0.09,0.118,1.456,1.912,0.25,0.4,322.5,2.235850579,4,2.11025062983,0.0651813222801,0.168068606787,0.0764703883546,0.149664078162,16.8068606787,7.64703883546,14.9664078162,0.795703718441,1.25087413584,0.2275852087
0.09,0.118,1.456,1.912,0.4,0.6,22.5,2.788909029,4,2.14349391631,0.161341500447,0.527410724229,0.20362210338,0.486518356331,52.7410724229,20.362210338,48.6518356331,0.604460518473,1.93139695545,0.663468218489
0.09,0.118,1.456,1.912,0.4,0.6,37.5,0.8620101216,4,0.836746672383,0.0222407617622,0.116042013114,0.0669185871402,0.0948032251709,11.6042013114,6.69185871402,9.48032251709,0.839888346372,1.1613739283,0.160742790966
0.09,0.118,1.456,1.912,0.4,0.6,52.5,0.4524839249,4,0.458783122541,0.0161732049017,0.131869804743,0.0769484527999,0.107091460979,13.1869804743,7.69484527999,10.7091460979,0.800561409204,1.14681509356,0.173126842178
0.09,0.118,1.456,1.912,0.4,0.6,67.5,0.2560389256,4,0.265523283903,0.0189413097584,0.20709312456,0.157506782381,0.13445882546,20.709312456,15.7506782381,13.445882546,0.668576435521,1.18471700702,0.258070285749
0.09,0.118,1.456,1.912,0.4,0.6,127.5,0.08997995318,4,0.0874405077736,0.00910800787918,0.174377290839,0.237381192897,0,17.4377290839,23.7381192897,0,0.796645174115,1.17623244442,0.189793635153
0.09,0.118,1.456,1.912,0.4,0.6,142.5,0.08297065154,4,0.0777563968797,0.0072774205561,0.187722041469,0.1971150579,0,18.7722041469,19.71150579,0,0.68259115571,1.18846552629,0.252937185289
0.09,0.118,1.456,1.912,0.4,0.6,157.5,0.08378887978,4,0.0841430569239,0.00749673425426,0.0809711193295,0.191765218683,0,8.09711193295,19.1765218683,0,0.917982314808,1.13549845184,0.108758068515
0.09,0.118,1.456,1.912,0.4,0.6,172.5,0.06729167613,4,0.0684291318527,0.0066973753673,0.166248076526,0.222845400396,0,16.6248076526,22.2845400396,0,0.797149862539,1.21879026537,0.210820201417
0.09,0.118,1.456,1.912,0.4,0.6,195,0.07881991827,4,0.08528670695,0.00894182181845,0.134109306044,0.239749602629,0,13.4109306044,23.9749602629,0,0.805384115724,1.0977985258,0.146207205037
0.09,0.118,1.456,1.912,0.4,0.6,240,0.09329807411,4,0.0923101880001,0.00778256079051,0.307919039175,0.19339966816,0.23960530679,30.7919039175,19.339966816,23.960530679,0.410742501358,1.13074612089,0.360001809768
0.09,0.118,1.456,1.912,0.4,0.6,262.5,0.1368931127,3,0.12396326716,0.0118662830731,0.25663130512,0.188980621989,0.173625894614,25.663130512,18.8980621989,17.3625894614,0.765387443261,1.37266959397,0.303641075355
0.09,0.118,1.456,1.912,0.4,0.6,277.5,0.1854119444,4,0.182036766526,0.018224630084,0.0836753597945,0.242764605464,0,8.36753597945,24.2764605464,0,0.920338771654,1.1327772803,0.106219254325
0.09,0.118,1.456,1.912,0.4,0.6,292.5,0.27678796,4,0.287165263678,0.0188698446589,0.166019938506,0.14249875603,0.0851864103688,16.6019938506,14.249875603,8.51864103688,0.73054544764,1.17024696127,0.219850756813
0.09,0.118,1.456,1.912,0.4,0.6,307.5,0.4368385303,4,0.457394734474,0.0158782373893,0.139144684314,0.0832914506725,0.111461999883,13.9144684314,8.32914506725,11.1461999883,0.834167629058,1.19049992503,0.178166147985
0.09,0.118,1.456,1.912,0.4,0.6,322.5,0.8638170817,4,0.868695604539,0.0231648776817,0.111001743641,0.0669103357108,0.0885685839693,11.1001743641,6.69103357108,8.85685839693,0.822215354685,1.12740318379,0.152593914551
0.09,0.118,1.456,1.912,0.4,0.6,337.5,3.05276621,4,2.61434109156,0.185878371566,0.320812118174,0.18100113005,0.264875453917,32.0812118174,18.100113005,26.4875453917,0.769139886715,1.586039507,0.408449810144
0.09,0.118,1.456,1.912,0.6,0.8,22.5,0.591219372,4,0.570082325678,0.0270623456547,0.197845285289,0.121286690227,0.156308335302,19.7845285289,12.1286690227,15.6308335302,0.802447004573,1.31707396595,0.25731348069
0.09,0.118,1.456,1.912,0.6,0.8,37.5,0.3241465149,4,0.33856404627,0.0118046467699,0.152260090577,0.0778160949707,0.130873184977,15.2260090577,7.78160949707,13.0873184977,0.814990412124,1.19774565512,0.191377621498
0.09,0.118,1.456,1.912,0.6,0.8,52.5,0.171981842,4,0.177993680023,0.0118648846451,0.210322244573,0.146212262995,0.15118670812,21.0322244573,14.6212262995,15.118670812,0.724355945577,1.30559987675,0.290621965584
0.09,0.118,1.456,1.912,0.6,0.8,82.5,0.06436029911,4,0.0700987707345,0.00978020375747,0.487726552888,0.37782773141,0.30842080956,48.7726552888,37.782773141,30.842080956,0.29286730573,1.25547211724,0.481302405755
0.09,0.118,1.456,1.912,0.6,0.8,135,0.03505027555,4,0.0343579907248,0.00397967062795,0.246584369089,0.285077960166,0,24.6584369089,28.5077960166,0,0.695104516772,1.32968938248,0.317292432853
0.09,0.118,1.456,1.912,0.6,0.8,157.5,0.04239256986,4,0.0421928383051,0.0052419781323,0.0784458431002,0.288572645489,0,7.84458431002,28.8572645489,0,0.94755231921,1.12415260777,0.0883001442819
0.09,0.118,1.456,1.912,0.6,0.8,187.5,0.03004823495,4,0.0286052334267,0.00367505702416,0.555995086079,0.359440015639,0.424185585447,55.5995086079,35.9440015639,42.4185585447,0.201083946081,1.47874599829,0.638831026107
0.09,0.118,1.456,1.912,0.6,0.8,247.5,0.03565646268,4,0.0362445558368,0.00340076027858,0.123787651093,0.206526544182,0,12.3787651093,20.6526544182,0,0.783022502132,1.07217430764,0.144575902753
0.09,0.118,1.456,1.912,0.6,0.8,285,0.06770763602,4,0.0674023190908,0.00871859089699,0.319040968787,0.276366510777,0.159401039787,31.9040968787,27.6366510777,15.9401039787,0.623021895633,1.47994057053,0.428459337446
0.09,0.118,1.456,1.912,0.6,0.8,307.5,0.18314207,4,0.188831590485,0.0125093041718,0.235148491934,0.138636203067,0.189933715959,23.5148491934,13.8636203067,18.9933715959,0.780294935935,1.35020662033,0.284955842197
0.09,0.118,1.456,1.912,0.6,0.8,322.5,0.3023654057,4,0.312556230679,0.0114941436219,0.225887701389,0.0784186594454,0.211839013143,22.5887701389,7.84186594454,21.1839013143,0.749584659987,1.28897282171,0.26969408086
0.09,0.118,1.456,1.912,0.6,0.8,337.5,0.619188647,4,0.572675461733,0.0268844358461,0.261080495772,0.124648353611,0.229403167404,26.1080495772,12.4648353611,22.9403167404,0.776382771587,1.39595525165,0.309786240034
0.118,0.155,1.2,1.456,0.11,0.15,7.5,1.364639835,2,1.28653230996,0.321991802886,0.237683216033,0.362669213345,0,23.7683216033,36.2669213345,0,0.717147481769,1.18160692525,0.232229721739
0.118,0.155,1.2,1.456,0.11,0.15,30,1.307269204,2,1.27612632547,0.121017879501,0.211072970066,0.143554021487,0.154738623515,21.1072970066,14.3554021487,15.4738623515,0.730286790189,1.12789988991,0.198806549859
0.118,0.155,1.2,1.456,0.11,0.15,97.5,0.5641281232,2,0.554872974712,0.0453770071489,0.342896615995,0.127867978762,0.318163274544,34.2896615995,12.7867978762,31.8163274544,0.550065967005,1.18087438867,0.31540421083
0.118,0.155,1.2,1.456,0.11,0.15,142.5,0.3543638632,2,0.326695073349,0.0302664226623,0.339177889791,0.13442065338,0.311404445807,33.9177889791,13.442065338,31.1404445807,0.594995240386,1.25701055725,0.331007658431
0.118,0.155,1.2,1.456,0.11,0.15,195,0.3747495617,2,0.352929049223,0.0357267609913,0.316224267093,0.148970182308,0.278936680775,31.6224267093,14.8970182308,27.8936680775,0.610925895374,1.22049243821,0.304783271416
0.118,0.155,1.2,1.456,0.15,0.25,105,0.3051629659,2,0.317726877953,0.025173864009,0.239016567341,0.152710260066,0.183870867552,23.9016567341,15.2710260066,18.3870867552,0.667974163746,1.06337730656,0.197701571409
0.118,0.155,1.2,1.456,0.15,0.25,127.5,0.2704730124,2,0.287987856961,0.02760009269,0.243710554831,0.225296987711,0.0929306293105,24.3710554831,22.5296987711,9.29306293105,0.657476979752,1.0383099161,0.190416468176
0.118,0.155,1.2,1.456,0.15,0.25,142.5,0.2196681198,2,0.223597618353,0.0216096221434,0.18355618639,0.169372871045,0.0707510008139,18.355618639,16.9372871045,7.07510008139,0.748605619473,1.06470403823,0.15804920938
0.118,0.155,1.2,1.456,0.15,0.25,157.5,0.2009869173,2,0.19864350691,0.0189591198452,0.399657537335,0.150897397963,0.37007583336,39.9657537335,15.0897397963,37.007583336,0.472026943032,1.20173434366,0.364853700316
0.118,0.155,1.2,1.456,0.15,0.25,172.5,0.1860928661,2,0.188546341699,0.0201613995327,0.177349693581,0.183074017062,0,17.7349693581,18.3074017062,0,0.758420220255,1.06741689436,0.154498337053
0.118,0.155,1.2,1.456,0.15,0.25,187.5,0.2015938233,2,0.213810351815,0.0252441448495,0.415394587253,0.218004796006,0.353590967131,41.5394587253,21.8004796006,35.3590967131,0.42594381772,1.12475907111,0.349407626693
0.118,0.155,1.2,1.456,0.15,0.25,202.5,0.2105347433,2,0.213934863199,0.022973145483,0.326307918165,0.179704106753,0.272366098245,32.6307918165,17.9704106753,27.2366098245,0.558387592438,1.13391115115,0.287761779354
0.118,0.155,1.2,1.456,0.15,0.25,225,0.2147901664,2,0.224897777255,0.0195246091856,0.291381453418,0.164317405359,0.240630300861,29.1381453418,16.4317405359,24.0630300861,0.596041920184,1.0813890198,0.242673549806
0.118,0.155,1.2,1.456,0.25,0.4,120,0.1483923137,2,0.162231852932,0.0152472523332,0.449254704316,0.189446066605,0.407357309003,44.9254704316,18.9446066605,40.7357309003,0.373420988328,1.10515855093,0.365868781299
0.118,0.155,1.2,1.456,0.25,0.4,142.5,0.1278345007,2,0.140893286362,0.0143577732433,0.450554368322,0.212430658144,0.397331667873,45.0554368322,21.2430658144,39.7331667873,0.370144665631,1.09633657351,0.363095953938
0.118,0.155,1.2,1.456,0.25,0.4,157.5,0.1191115093,2,0.119445894821,0.0124175661961,0.184471846841,0.169356303649,0.0731321043809,18.4471846841,16.9356303649,7.31321043809,0.752746854507,1.0832202295,0.165236687495
0.118,0.155,1.2,1.456,0.25,0.4,172.5,0.1138614299,2,0.11477536775,0.0117504786082,0.199189098583,0.170059541904,0.103711374504,19.9189098583,17.0059541904,10.3711374504,0.731077615302,1.08386504037,0.176393712535
0.118,0.155,1.2,1.456,0.25,0.4,187.5,0.1125504346,2,0.111460176317,0.0142915568751,0.248708678294,0.201546631436,0.145722208381,24.8708678294,20.1546631436,14.5722208381,0.672564097932,1.12844354151,0.227939721787
0.118,0.155,1.2,1.456,0.25,0.4,210,0.1171288701,2,0.121823440203,0.0126572325523,0.278289798497,0.192091808921,0.201360246555,27.8289798497,19.2091808921,20.1360246555,0.615346227009,1.08325802555,0.233955899272
0.118,0.155,1.2,1.456,0.25,0.4,285,0.2582287567,2,0.267688632159,0.0228011796386,0.175197069912,0.175989599157,0,17.5197069912,17.5989599157,0,0.755221394235,1.03835962423,0.141569114999
0.118,0.155,1.2,1.456,0.25,0.4,315,0.3416273862,2,0.358165821004,0.0320824018216,0.19045743625,0.205796530833,0,19.045743625,20.5796530833,0,0.732524087209,1.03169709959,0.149586506188
0.118,0.155,1.2,1.456,0.4,0.6,15,1.29444669,2,1.32026535547,0.0514994915552,0.115655352535,0.0756501126034,0.0874826899054,11.5655352535,7.56501126034,8.74826899054,0.839238248138,1.0301327111,0.0954472314813
0.118,0.155,1.2,1.456,0.4,0.6,37.5,0.2871930892,2,0.288469713274,0.0225214664022,0.0608413356086,0.133582683768,0,6.08413356086,13.3582683768,0,0.91713724674,1.02317542577,0.0530190895135
0.118,0.155,1.2,1.456,0.4,0.6,60,0.1297567836,2,0.13618256049,0.011912527564,0.3216277981,0.163672567292,0.276867714309,32.16277981,16.3672567292,27.6867714309,0.554736308878,1.09289309119,0.269078391154
0.118,0.155,1.2,1.456,0.4,0.6,135,0.0675205884,2,0.0759642292084,0.00895247209059,0.510764674736,0.252696156886,0.443875213605,51.0764674736,25.2696156886,44.3875213605,0.284821586363,1.10139498303,0.408286698334
0.118,0.155,1.2,1.456,0.4,0.6,157.5,0.0633823008,2,0.0634565327579,0.00777143991378,0.262178992833,0.19797064321,0.171887895764,26.2178992833,19.797064321,17.1887895764,0.649752720769,1.12166549206,0.235956385643
0.118,0.155,1.2,1.456,0.4,0.6,172.5,0.05322623932,2,0.0590293368915,0.00849046352108,0.348373282667,0.385820413208,0,34.8373282667,38.5820413208,0,0.508943592493,1.03989351825,0.265474962878
0.118,0.155,1.2,1.456,0.4,0.6,202.5,0.06808367848,2,0.0690044233077,0.00588911385308,0.363909917134,0.141377319918,0.335325038137,36.3909917134,14.1377319918,33.5325038137,0.509150125541,1.15468437646,0.322767125459
0.118,0.155,1.2,1.456,0.4,0.6,270,0.09083166867,2,0.10530813029,0.0112472529715,0.538769544246,0.255967839738,0.474081308245,53.8769544246,25.5967839738,47.4081308245,0.242357218381,1.08076298085,0.419202881235
0.118,0.155,1.2,1.456,0.4,0.6,292.5,0.1278090519,2,0.134103301935,0.0157569982752,0.312736683599,0.220970258574,0.221306073334,31.2736683599,22.0970258574,22.1306073334,0.566769959677,1.0889954982,0.26111276926
0.118,0.155,1.2,1.456,0.4,0.6,322.5,0.2943594908,2,0.288448925614,0.0232308757338,0.283651611931,0.124364754075,0.254934589444,28.3651611931,12.4364754075,25.4934589444,0.631077281403,1.15751984511,0.263221281856
0.118,0.155,1.2,1.456,0.4,0.6,337.5,0.6399356178,2,0.646352211835,0.027616851318,0.0516465367628,0.0865318438521,0,5.16465367628,8.65318438521,0,0.927942531978,1.01193527635,0.0419963721837
0.118,0.155,1.2,1.456,0.6,0.8,37.5,0.1422230353,2,0.145304081424,0.0182891944778,0.16574601594,0.229370939264,0,16.574601594,22.9370939264,0,0.77139022801,1.05177891221,0.140194342103
0.118,0.155,1.2,1.456,0.6,0.8,67.5,0.0599918922,2,0.0614084073902,0.00693811855709,0.347774205634,0.192124271386,0.289888189564,34.7774205634,19.2124271386,28.9888189564,0.527124737893,1.13521384062,0.304044551365
0.118,0.155,1.2,1.456,0.6,0.8,142.5,0.02968827702,2,0.0300290685685,0.00468959722741,0.47271238037,0.256111295444,0.397321027509,47.271238037,25.6111295444,39.7321027509,0.364730901493,1.2081998117,0.421734455103
0.118,0.155,1.2,1.456,0.6,0.8,262.5,0.04160834101,2,0.0460160234093,0.00573643430289,0.421615689693,0.274010486068,0.320434148181,42.1615689693,27.4010486068,32.0434148181,0.408934868027,1.07849579197,0.33478046197
0.118,0.155,1.2,1.456,0.6,0.8,307.5,0.08903392747,2,0.0904302050301,0.00851618153804,0.32527564525,0.157429053694,0.28464071818,32.527564525,15.7429053694,28.464071818,0.559934021748,1.13397919828,0.287022588264
0.118,0.155,1.456,1.912,0.11,0.15,7.5,2.2525892,4,2.32772235914,0.0865155175644,0.146534885469,0.0826795447853,0.12098167437,14.6534885469,8.26795447853,12.098167437,0.768164383944,1.14191844941,0.186877032732
0.118,0.155,1.456,1.912,0.11,0.15,22.5,1.902752318,4,1.89194075396,0.0663649506407,0.13609197507,0.0767947316775,0.112354772329,13.609197507,7.67947316775,11.2354772329,0.736065117305,1.04896002892,0.15644745581
0.118,0.155,1.456,1.912,0.11,0.15,37.5,1.610070248,4,1.56394116494,0.0609989203788,0.165083896493,0.0842977286169,0.14193866926,16.5083896493,8.42977286169,14.193866926,0.695591798072,1.11031890133,0.207363551629
0.118,0.155,1.456,1.912,0.11,0.15,52.5,1.299648792,4,1.27117301636,0.070193200807,0.158288599488,0.117862395914,0.105658583926,15.8288599488,11.7862395914,10.5658583926,0.738788634917,1.1256889059,0.193450135493
0.118,0.155,1.456,1.912,0.11,0.15,67.5,0.8075223262,4,0.783164062756,0.0572794094829,0.238135173451,0.169878589986,0.166882070634,23.8135173451,16.9878589986,16.6882070634,0.581432390038,1.22601805377,0.322292831864
0.118,0.155,1.456,1.912,0.11,0.15,82.5,0.5591742973,4,0.503021713544,0.0523169889368,0.183977042994,0.254939525214,0,18.3977042994,25.4939525214,0,0.812508704883,1.31293005474,0.250210674929
0.118,0.155,1.456,1.912,0.11,0.15,97.5,0.4628287746,4,0.539205474244,0.0553714644181,0.376300108185,0.250284757301,0.280996995861,37.6300108185,25.0284757301,28.0996995861,0.480024680133,1.28010489409,0.400040106978
0.118,0.155,1.456,1.912,0.11,0.15,112.5,0.5947268979,4,0.542742806274,0.046977929407,0.297927493107,0.187247506996,0.231730796989,29.7927493107,18.7247506996,23.1730796989,0.504079901082,1.26056140071,0.378240749811
0.118,0.155,1.456,1.912,0.11,0.15,127.5,0.5126618175,4,0.466360875394,0.0338545704157,0.222620973927,0.166773645731,0.147467451059,22.2620973927,16.6773645731,14.7467451059,0.745154004624,1.35102263878,0.302934317079
0.118,0.155,1.456,1.912,0.11,0.15,142.5,0.3375741415,4,0.334002215413,0.0260050355197,0.245073810098,0.162843668438,0.183147787444,24.5073810098,16.2843668438,18.3147787444,0.588715354649,1.26243021945,0.336857432401
0.118,0.155,1.456,1.912,0.11,0.15,165,0.3049743515,4,0.315867139759,0.022293522443,0.278752078158,0.148722010703,0.2357636202,27.8752078158,14.8722010703,23.57636202,0.624011778022,1.28725834922,0.3316232856
0.118,0.155,1.456,1.912,0.11,0.15,285,0.7274256464,4,0.657233997877,0.0595234747595,0.461282469268,0.210018319563,0.410699186634,46.1282469268,21.0018319563,41.0699186634,0.152106961634,1.28139581613,0.564644427249
0.118,0.155,1.456,1.912,0.11,0.15,307.5,1.183517351,4,1.16829810296,0.0651911255915,0.068135206719,0.125374134994,0,6.8135206719,12.5374134994,0,0.94116481334,1.12044035823,0.0896377724439
0.118,0.155,1.456,1.912,0.11,0.15,322.5,1.489746234,4,1.46764817488,0.0598647845861,0.223018211709,0.0851511087254,0.20612232154,22.3018211709,8.51511087254,20.612232154,0.597585127696,1.19107782091,0.296746346606
0.118,0.155,1.456,1.912,0.11,0.15,337.5,1.991989944,4,1.95986448456,0.0770842265079,0.182349714167,0.0837549231248,0.161976946227,18.2349714167,8.37549231248,16.1976946227,0.658991138508,1.12384169791,0.232425279701
0.118,0.155,1.456,1.912,0.11,0.15,352.5,2.384787789,4,2.29346961224,0.0917806050698,0.207116665422,0.0878432411675,0.187565663374,20.7116665422,8.78432411675,18.7565663374,0.648864432324,1.15366280193,0.252399184803
0.118,0.155,1.456,1.912,0.15,0.25,7.5,2.023106508,4,1.91239093099,0.0592268096948,0.197518141869,0.0775028735227,0.181677519147,19.7518141869,7.75028735227,18.1677519147,0.733214772817,1.27889019205,0.272837709616
0.118,0.155,1.456,1.912,0.15,0.25,22.5,1.586097723,4,1.47747261634,0.0407559076583,0.177871735309,0.0685669523108,0.164124730838,17.7871735309,6.85669523108,16.4124730838,0.846755347723,1.30096212393,0.227103388103
0.118,0.155,1.456,1.912,0.15,0.25,37.5,1.028182597,4,0.928916761724,0.0264998317328,0.228654394079,0.0696406317991,0.217791217303,22.8654394079,6.96406317991,21.7791217303,0.841215964873,1.41819425193,0.28848914353
0.118,0.155,1.456,1.912,0.15,0.25,52.5,0.7275725365,4,0.705730258556,0.0282272078107,0.108233959787,0.093452282602,0.0546009242381,10.8233959787,9.3452282602,5.46009242381,0.857057263405,1.1597042585,0.151323497548
0.118,0.155,1.456,1.912,0.15,0.25,67.5,0.4731185966,4,0.453320057132,0.0276771579525,0.121798637264,0.158366194319,0,12.1798637264,15.8366194319,0,0.866037890279,1.20066389262,0.167313001171
0.118,0.155,1.456,1.912,0.15,0.25,82.5,0.3424413696,4,0.34191014655,0.0238620308823,0.12458644104,0.218433746054,0,12.458644104,21.8433746054,0,0.814961749489,1.09788234596,0.141460298234
0.118,0.155,1.456,1.912,0.15,0.25,97.5,0.270285724,4,0.270849621679,0.0190226922047,0.0799357528834,0.181489249724,0,7.99357528834,18.1489249724,0,0.843813973906,1.02482902202,0.0905075240571
0.118,0.155,1.456,1.912,0.15,0.25,112.5,0.2155061049,4,0.218366220807,0.0169893962848,0.116548901998,0.352973659529,0,11.6548901998,35.2973659529,0,0.80608672234,1.09935495432,0.14663411599
0.118,0.155,1.456,1.912,0.15,0.25,127.5,0.2463894339,4,0.234568324738,0.0127433204969,0.166543457919,0.137897206135,0.0933867437897,16.6543457919,13.7897206135,9.33867437897,0.817718993877,1.2452093437,0.213745174912
0.118,0.155,1.456,1.912,0.15,0.25,142.5,0.1929734206,4,0.183905814196,0.00905073320701,0.119058851254,0.111976712838,0.0404502885509,11.9058851254,11.1976712838,4.04502885509,0.860995487241,1.19105144695,0.165027979853
0.118,0.155,1.456,1.912,0.15,0.25,157.5,0.1985532477,4,0.195026967929,0.00978940294531,0.196579310058,0.111244424869,0.162074375145,19.6579310058,11.1244424869,16.2074375145,0.620290058778,1.06407897074,0.22189445598
0.118,0.155,1.456,1.912,0.15,0.25,172.5,0.2082702429,4,0.206807229484,0.0118133037759,0.116440416233,0.131004545012,0,11.6440416233,13.1004545012,0,0.806353567599,1.07223039085,0.132938411624
0.118,0.155,1.456,1.912,0.15,0.25,187.5,0.1869212445,4,0.190391268248,0.0126700108042,0.0676524141464,0.155183764631,0,6.76524141464,15.5183764631,0,0.922682218658,1.07886401562,0.0780908984788
0.118,0.155,1.456,1.912,0.15,0.25,202.5,0.1720649717,4,0.168061170577,0.0112287802334,0.210617258933,0.141069656671,0.156393675471,21.0617258933,14.1069656671,15.6393675471,0.66063928758,1.2130493052,0.276205008811
0.118,0.155,1.456,1.912,0.15,0.25,225,0.19659189,4,0.195700823013,0.0117593746652,0.233513581856,0.178713719355,0.150299698688,23.3513581856,17.8713719355,15.0299698688,0.668790135295,1.20399467142,0.267602268063
0.118,0.155,1.456,1.912,0.15,0.25,285,0.4535074319,4,0.377061792657,0.0233466779565,0.358799376652,0.162718131265,0.319780866288,35.8799376652,16.2718131265,31.9780866288,0.811868148036,1.68280147593,0.435466663946
0.118,0.155,1.456,1.912,0.15,0.25,307.5,0.698504548,4,0.665456120046,0.0266692680861,0.104050438332,0.0927497439951,0.0471590787231,10.4050438332,9.27497439951,4.71590787231,0.947756326227,1.19476410788,0.123503890827
0.118,0.155,1.456,1.912,0.15,0.25,322.5,1.016227797,4,0.941656800766,0.0271186105934,0.1825817362,0.0705113307233,0.168416871582,18.25817362,7.05113307233,16.8416871582,0.850995519544,1.32589080649,0.237447643471
0.118,0.155,1.456,1.912,0.15,0.25,337.5,1.520912422,4,1.48192579861,0.0415182904819,0.122648761495,0.0696380789887,0.100961659312,12.2648761495,6.96380789887,10.0961659312,0.826058424886,1.15963693163,0.16678925337
0.118,0.155,1.456,1.912,0.15,0.25,352.5,2.00960295,4,1.91666842535,0.0610759855214,0.150668741368,0.0754517199629,0.130415135548,15.0668741368,7.54517199629,13.0415135548,0.866853184425,1.23529280583,0.184219810704
0.118,0.155,1.456,1.912,0.25,0.4,7.5,2.330449378,4,2.30077976891,0.0762329604942,0.0855569304953,0.0806970108342,0.0284250030467,8.55569304953,8.06970108342,2.84250030467,0.900331937456,1.1041845288,0.101926295671
0.118,0.155,1.456,1.912,0.25,0.4,22.5,1.100454326,4,1.04081157426,0.0271439608021,0.145705484802,0.0700204917519,0.127778006857,14.5705484802,7.00204917519,12.7778006857,0.847532405499,1.24400548286,0.198236538682
0.118,0.155,1.456,1.912,0.25,0.4,37.5,0.6039214013,4,0.547943828745,0.0142462857552,0.218742415851,0.0666316490549,0.208346989027,21.8742415851,6.66316490549,20.8346989027,0.827599310022,1.39830010323,0.285350396606
0.118,0.155,1.456,1.912,0.25,0.4,52.5,0.3478925207,4,0.32014580873,0.0148342331347,0.161395215587,0.11114939645,0.117022336685,16.1395215587,11.114939645,11.7022336685,0.903662332947,1.29432457462,0.195331120836
0.118,0.155,1.456,1.912,0.25,0.4,67.5,0.2251369286,3,0.200195991009,0.0281783546837,0.211481208399,0.278822016841,0,21.1481208399,27.8822016841,0,0.874716212437,1.33684800805,0.231065897808
0.118,0.155,1.456,1.912,0.25,0.4,105,0.1456013678,4,0.130175209951,0.00851963046666,0.302201425472,0.190107543233,0.234914502667,30.2201425472,19.0107543233,23.4914502667,0.64512768116,1.47397578904,0.414424053938
0.118,0.155,1.456,1.912,0.25,0.4,127.5,0.09407175475,4,0.0915114367387,0.00696819787329,0.155584512184,0.18001210015,0,15.5584512184,18.001210015,0,0.714701825923,1.09082516238,0.188061668228
0.118,0.155,1.456,1.912,0.25,0.4,142.5,0.1062622509,4,0.10564928957,0.00580047709228,0.0975905665483,0.128110123531,0,9.75905665483,12.8110123531,0,0.827531814511,1.06809597546,0.120282080473
0.118,0.155,1.456,1.912,0.25,0.4,157.5,0.09287212394,4,0.0845969971284,0.00523322637198,0.306122086506,0.131167877916,0.276596673245,30.6122086506,13.1167877916,27.6596673245,0.49195212753,1.25450218096,0.381275026713
0.118,0.155,1.456,1.912,0.25,0.4,172.5,0.08204451909,4,0.0826323519189,0.0054950891093,0.114328681267,0.147717623534,0,11.4328681267,14.7717623534,0,0.782044647155,1.05349288806,0.135724120451
0.118,0.155,1.456,1.912,0.25,0.4,187.5,0.1034028673,4,0.0877822779851,0.00689564864901,0.334604674384,0.190401065836,0.27515036298,33.4604674384,19.0401065836,27.515036298,0.785891850764,1.61065577523,0.412381962235
0.118,0.155,1.456,1.912,0.25,0.4,202.5,0.09365877845,4,0.0872420186847,0.00712593347863,0.174909710093,0.189359708684,0,17.4909710093,18.9359708684,0,0.832008546276,1.29906084601,0.233526149866
0.118,0.155,1.456,1.912,0.25,0.4,217.5,0.06191875664,4,0.0787027790146,0.00786622811275,0.441945909466,0.228835853478,0.378087739893,44.1945909466,22.8835853478,37.8087739893,0.44140730626,1.49451090257,0.526551798156
0.118,0.155,1.456,1.912,0.25,0.4,255,0.1314193014,4,0.113831148533,0.00704338562571,0.299980738623,0.17395715064,0.24439180282,29.9980738623,17.395715064,24.439180282,0.787049185261,1.54470046439,0.378825639562
0.118,0.155,1.456,1.912,0.25,0.4,277.5,0.1677128944,4,0.145746725188,0.010905293097,0.267266896513,0.187203316826,0.190752489213,26.7266896513,18.7203316826,19.0752489213,0.844910777521,1.50386322449,0.329476223483
0.118,0.155,1.456,1.912,0.25,0.4,292.5,0.2779595664,4,0.245033186377,0.0161437679701,0.256006933311,0.162820529848,0.197557649721,25.6006933311,16.2820529848,19.7557649721,0.81865091813,1.47826522217,0.329807152022
0.118,0.155,1.456,1.912,0.25,0.4,307.5,0.3724747266,4,0.322034761638,0.0134998212721,0.260032639834,0.102967107251,0.23877761328,26.0032639834,10.2967107251,23.877761328,0.922945911144,1.508937058,0.292995573428
0.118,0.155,1.456,1.912,0.25,0.4,322.5,0.6013657572,4,0.565983403974,0.014780913166,0.157026610393,0.0654302225868,0.142745375911,15.7026610393,6.54302225868,14.2745375911,0.863114990952,1.27403853582,0.205461772436
0.118,0.155,1.456,1.912,0.25,0.4,337.5,1.214097744,4,1.09614551138,0.0276485780302,0.228565638454,0.0670393834184,0.218513093779,22.8565638454,6.70393834184,21.8513093779,0.833964805684,1.41811882625,0.292077010284
0.118,0.155,1.456,1.912,0.25,0.4,352.5,2.507661602,4,2.41548185617,0.0776032932577,0.138095260412,0.0783386901061,0.113724889891,13.8095260412,7.83386901061,11.3724889891,0.83283244412,1.20860644908,0.18788700248
0.118,0.155,1.456,1.912,0.4,0.6,22.5,0.6260016802,4,0.631481766991,0.0171060787784,0.15284639651,0.066034281318,0.13784590896,15.284639651,6.6034281318,13.784590896,0.799326130673,1.106005578,0.153339723665
0.118,0.155,1.456,1.912,0.4,0.6,37.5,0.2949468863,4,0.288964312386,0.00799810335419,0.162378729676,0.0628521837768,0.14972125716,16.2378729676,6.28521837768,14.972125716,0.706305634821,1.11511600356,0.204405184372
0.118,0.155,1.456,1.912,0.4,0.6,60,0.1263932463,4,0.122074847239,0.0063032368697,0.212958342031,0.123015109207,0.173834801888,21.2958342031,12.3015109207,17.3834801888,0.598736887681,1.12631300968,0.263788061
0.118,0.155,1.456,1.912,0.4,0.6,120,0.05003580096,4,0.0469850168358,0.00408651505392,0.384124995567,0.202889377137,0.326171600334,38.4124995567,20.2889377137,32.6171600334,0.344597201627,1.32492953525,0.490166166812
0.118,0.155,1.456,1.912,0.4,0.6,142.5,0.04308384299,4,0.0440089768124,0.00374597654372,0.424898204367,0.207664921045,0.370693626384,42.4898204367,20.7664921045,37.0693626384,0.200728027731,1.2287477664,0.514009869337
0.118,0.155,1.456,1.912,0.4,0.6,157.5,0.04971569573,4,0.0433733466948,0.00346047078327,0.271621346435,0.19216614162,0.191964397361,27.1621346435,19.216614162,19.1964397361,0.703511475025,1.4490759238,0.372782224387
0.118,0.155,1.456,1.912,0.4,0.6,172.5,0.05059741706,4,0.0426456462653,0.00362525516311,0.307043338595,0.208537398967,0.225361409757,30.7043338595,20.8537398967,22.5361409757,0.895903777194,1.59912502758,0.35161062519
0.118,0.155,1.456,1.912,0.4,0.6,187.5,0.04563634352,4,0.0414373374395,0.00406569996857,0.221217847664,0.230458401478,0,22.1217847664,23.0458401478,0,0.796333427025,1.39182707876,0.297746825867
0.118,0.155,1.456,1.912,0.4,0.6,210,0.03756522255,4,0.0399210044547,0.0035234108907,0.346187102963,0.192916034092,0.287452455283,34.6187102963,19.2916034092,28.7452455283,0.43802721622,1.33731893621,0.449645859997
0.118,0.155,1.456,1.912,0.4,0.6,247.5,0.07429534929,4,0.0560480801883,0.00577938666474,0.514626394471,0.294472862733,0.422049829997,51.4626394471,29.4472862733,42.2049829997,0.770625892357,1.98553873078,0.607456419214
0.118,0.155,1.456,1.912,0.4,0.6,262.5,0.05080124416,4,0.0492516232841,0.00436953238632,0.121805511697,0.19388715773,0,12.1805511697,19.388715773,0,0.826780339099,1.14263470882,0.157927184859
0.118,0.155,1.456,1.912,0.4,0.6,277.5,0.06453893203,4,0.0671262941593,0.00493709758733,0.188180753539,0.1840303969,0.0393040585606,18.8180753539,18.40303969,3.93040585606,0.64839201769,1.09740738279,0.224507682552
0.118,0.155,1.456,1.912,0.4,0.6,292.5,0.08380846981,4,0.0802753591102,0.0058016340931,0.211653192776,0.159853863645,0.138722082922,21.1653192776,15.9853863645,13.8722082922,0.73494666438,1.22349462772,0.244273981672
0.118,0.155,1.456,1.912,0.4,0.6,307.5,0.1429878827,4,0.146804713839,0.00863937333918,0.091247729512,0.131886396213,0,9.1247729512,13.1886396213,0,0.873409602779,1.09743948533,0.112014941278
0.118,0.155,1.456,1.912,0.4,0.6,322.5,0.2856373499,4,0.289058775764,0.0081434958205,0.0704659153005,0.0670080838718,0.0218027960357,7.04659153005,6.70080838718,2.18027960357,0.888001198446,1.05457499913,0.0832869003418
0.118,0.155,1.456,1.912,0.4,0.6,337.5,0.7483743158,4,0.684010321219,0.0175389010826,0.219857912698,0.0680777161686,0.209052448771,21.9857912698,6.80777161686,20.9052448771,0.838788420586,1.38182667714,0.271519128277
0.118,0.155,1.456,1.912,0.6,0.8,22.5,0.4072781627,4,0.427595686399,0.0144372969382,0.107370522907,0.0787048320234,0.0730340920761,10.7370522907,7.87048320234,7.30340920761,0.855333777991,1.09132815705,0.11799718953
0.118,0.155,1.456,1.912,0.6,0.8,37.5,0.148753715,4,0.14604898154,0.00592708653312,0.206955280062,0.0862622723796,0.188120462229,20.6955280062,8.62622723796,18.8120462229,0.64888941334,1.18768222189,0.269396404277
0.118,0.155,1.456,1.912,0.6,0.8,52.5,0.0803469501,4,0.0837651083309,0.00672415329051,0.198794624524,0.175583396043,0.0932189560849,19.8794624524,17.5583396043,9.32189560849,0.718471798213,1.224452402,0.252990301896
0.118,0.155,1.456,1.912,0.6,0.8,75,0.03596976469,4,0.0373842715657,0.00346253201717,0.112991473318,0.219649247268,0,11.2991473318,21.9649247268,0,0.843454080002,1.09125467025,0.123900295124
0.118,0.155,1.456,1.912,0.6,0.8,135,0.01933619652,4,0.0198466682053,0.00227855371834,0.365541371622,0.260959658525,0.255969824373,36.5541371622,26.0959658525,25.5969824373,0.641270916526,1.52061444661,0.439671765041
0.118,0.155,1.456,1.912,0.6,0.8,157.5,0.02131293195,4,0.0204425522523,0.00253961890127,0.404352488188,0.303784136033,0.266863510805,40.4352488188,30.3784136033,26.6863510805,0.223590626189,1.16529095027,0.470850162039
0.118,0.155,1.456,1.912,0.6,0.8,172.5,0.01761535896,4,0.0184698232501,0.00245216103004,0.498462380233,0.316548387006,0.385047871298,49.8462380233,31.6548387006,38.5047871298,0.0220291290117,1.19279057366,0.585380722327
0.118,0.155,1.456,1.912,0.6,0.8,195,0.0134929909,4,0.0136678004953,0.00191000793607,0.374309173203,0.295817081931,0.229346051158,37.4309173203,29.5817081931,22.9346051158,0.485286301353,1.38605284051,0.450383269577
0.118,0.155,1.456,1.912,0.6,0.8,255,0.02392894828,4,0.0252942160088,0.00243561567784,0.275032314629,0.220258936508,0.164708150917,27.5032314629,22.0258936508,16.4708150917,0.497722156149,1.17435520791,0.338316525882
0.118,0.155,1.456,1.912,0.6,0.8,277.5,0.03872521017,4,0.0340902069244,0.00375334071595,0.40010387421,0.246777167146,0.314935136073,40.010387421,24.6777167146,31.4935136073,0.344882662815,1.40382359972,0.529470468455
0.118,0.155,1.456,1.912,0.6,0.8,292.5,0.04446752448,4,0.0456467296677,0.00404652357638,0.117535221339,0.198688483908,0,11.7535221339,19.8688483908,0,0.812213952673,1.06383834819,0.125812197759
0.118,0.155,1.456,1.912,0.6,0.8,307.5,0.07441508894,4,0.0649788425438,0.00797052322381,0.241315076561,0.259587794671,0,24.1315076561,25.9587794671,0,0.679833015958,1.28843593149,0.304301457766
0.118,0.155,1.456,1.912,0.6,0.8,322.5,0.143316774,4,0.145456277394,0.00608028089784,0.206835176008,0.0867857923007,0.187747213799,20.6835176008,8.67857923007,18.7747213799,0.672411622668,1.22816524663,0.277876811981
0.118,0.155,1.456,1.912,0.6,0.8,337.5,0.4427412913,4,0.458251520279,0.0143364827258,0.118622490095,0.0739997607237,0.0927110056531,11.8622490095,7.39997607237,9.27110056531,0.835750198421,1.10103207948,0.132640940532
0.118,0.155,1.456,1.912,0.8,1,37.5,0.06478364902,4,0.0598629169403,0.00452338730034,0.543788812395,0.153467316008,0.521683865385,54.3788812395,15.3467316008,52.1683865385,0.39479606237,1.75876721652,0.681985577076
0.118,0.155,1.456,1.912,0.8,1,52.5,0.03487677538,4,0.0388280231494,0.00526495238923,0.21371935327,0.295335960408,0,21.371935327,29.5335960408,0,0.596922495664,1.09771001903,0.250393761681
0.118,0.155,1.456,1.912,0.8,1,82.5,0.02061488537,4,0.0206386403002,0.00202176595824,0.205844107002,0.215326606478,0,20.5844107002,21.5326606478,0,0.667107445051,1.22115496532,0.277023760133
0.118,0.155,1.456,1.912,0.8,1,135,0.01130242891,3,0.011410881534,0.0018491264253,0.348233396684,0.308499691798,0.161537731588,34.8233396684,30.8499691798,16.1537731588,0.588794598646,1.42048805973,0.415846730541
0.118,0.155,1.456,1.912,0.8,1,165,0.009670284818,4,0.00882488392796,0.0011555150991,0.400116739244,0.270724874445,0.294620853607,40.0116739244,27.0724874445,29.4620853607,0.478030106734,1.46121918829,0.49159454078
0.118,0.155,1.456,1.912,0.8,1,247.5,0.01097020052,4,0.012855741212,0.001684728107,0.529266311157,0.307770430175,0.430581223969,52.9266311157,30.7770430175,43.0581223969,0.279200272611,1.39149462291,0.55614717515
0.118,0.155,1.456,1.912,0.8,1,277.5,0.01913790367,4,0.0194614641932,0.0026996149352,0.0835847015617,0.295942380253,0,8.35847015617,29.5942380253,0,0.889769827599,1.10347783326,0.106854002831
0.118,0.155,1.456,1.912,0.8,1,292.5,0.01784115803,4,0.019872786361,0.00301766226644,0.407669456193,0.324953221461,0.246170244699,40.7669456193,32.4953221461,24.6170244699,0.59950999591,1.54283188341,0.471660943752
0.118,0.155,1.456,1.912,0.8,1,322.5,0.0840980749,4,0.0853018895033,0.00569484551507,0.294664201784,0.136936024363,0.260912853352,29.4664201784,13.6936024363,26.0912853352,0.724407821325,1.46113689305,0.368364535862
0.118,0.155,1.912,2.51,0.11,0.15,7.5,5.654690139,4,5.54186371626,0.166203458769,0.142147749925,0.0668000659846,0.125474037128,14.2147749925,6.68000659846,12.5474037128,0.740919555447,1.10535975182,0.182220098184
0.118,0.155,1.912,2.51,0.11,0.15,22.5,4.018419636,4,4.014836267,0.112372008664,0.108862700411,0.0647292626539,0.0875283388228,10.8862700411,6.47292626539,8.75283388228,0.812599793375,1.0819955042,0.134697855413
0.118,0.155,1.912,2.51,0.11,0.15,37.5,2.890803523,4,2.83168969857,0.0824030068159,0.105323888013,0.0677442733803,0.0806463564602,10.5323888013,6.77442733803,8.06463564602,0.823753258057,1.08618044786,0.131213594903
0.118,0.155,1.912,2.51,0.11,0.15,52.5,1.975779312,4,1.9649187476,0.0678700451451,0.0607382018158,0.0815529545018,0,6.07382018158,8.15529545018,0,0.888378253877,1.03367038484,0.0726460654796
0.118,0.155,1.912,2.51,0.11,0.15,67.5,1.429143629,4,1.42131913475,0.0601701143711,0.034865851733,0.166573328827,0,3.4865851733,16.6573328827,0,0.978563967791,1.06015180205,0.0407939171312
0.118,0.155,1.912,2.51,0.11,0.15,82.5,0.9880660286,4,1.01317989931,0.0571731404658,0.184495544497,0.135861421884,0.124820991756,18.4495544497,13.5861421884,12.4820991756,0.769803461491,1.19538968137,0.212793109938
0.118,0.155,1.912,2.51,0.11,0.15,195,0.3927870126,4,0.398881946731,0.0385912753574,0.209282399049,0.203347830006,0.0494851753934,20.9282399049,20.3347830006,4.94851753934,0.651996499293,1.17469453917,0.26134901994
0.118,0.155,1.912,2.51,0.11,0.15,270,0.8977366874,4,0.920135996768,0.0534664601131,0.127593103543,0.131683326788,0,12.7593103543,13.1683326788,0,0.885626460178,1.18376950888,0.149071524353
0.118,0.155,1.912,2.51,0.11,0.15,292.5,1.682219573,4,1.59307725582,0.0660979494747,0.118716586019,0.100161600819,0.0637281846394,11.8716586019,10.0161600819,6.37281846394,0.909022993524,1.20725847097,0.149117738724
0.118,0.155,1.912,2.51,0.11,0.15,307.5,2.053175071,4,2.04925889525,0.0626844628137,0.0616860491755,0.0735453304707,0,6.16860491755,7.35453304707,0,0.904003345452,1.04421125655,0.0701039555486
0.118,0.155,1.912,2.51,0.11,0.15,322.5,2.829572379,4,2.7783132663,0.0767066364821,0.107164579321,0.0662550734555,0.084228927943,10.7164579321,6.62550734555,8.4228927943,0.880829813068,1.1027325281,0.110951357516
0.118,0.155,1.912,2.51,0.11,0.15,337.5,4.472337685,4,4.4067617948,0.133151445805,0.0806533672489,0.0724053099562,0.0355307857884,8.06533672489,7.24053099562,3.55307857884,0.896972338661,1.09266585062,0.0978467559806
0.118,0.155,1.912,2.51,0.11,0.15,352.5,5.371097396,4,5.48142092242,0.194910683226,0.145765458743,0.081174161002,0.121071567877,14.5765458743,8.1174161002,12.1071567877,0.751098031929,1.09363743322,0.171269700647
0.118,0.155,1.912,2.51,0.15,0.25,7.5,5.89662173,4,5.3537563142,0.142817250038,0.219673454528,0.074816213673,0.206540458012,21.9673454528,7.4816213673,20.6540458012,0.796472820343,1.36018542097,0.281856300313
0.118,0.155,1.912,2.51,0.15,0.25,22.5,3.484272724,4,3.1691103219,0.0722063169903,0.196535919085,0.0600405970697,0.187140306172,19.6535919085,6.00405970697,18.7140306172,0.88402043111,1.37289487839,0.244437223642
0.118,0.155,1.912,2.51,0.15,0.25,37.5,1.898805598,4,1.69850876806,0.0373591867276,0.221297992786,0.0611872576895,0.212670922102,22.1297992786,6.11872576895,21.2670922102,0.878011433936,1.41036481709,0.266176691578
0.118,0.155,1.912,2.51,0.15,0.25,52.5,1.14046458,4,1.06854397512,0.0278117774627,0.148937989805,0.0706272525428,0.13112709867,14.8937989805,7.06272525428,13.112709867,0.917039143937,1.23751938787,0.160240121967
0.118,0.155,1.912,2.51,0.15,0.25,67.5,0.7488095648,4,0.708642409073,0.0243767182377,0.143775900548,0.0885540671301,0.113268207248,14.3775900548,8.85540671301,11.3268207248,0.916496750384,1.21514697085,0.149325110232
0.118,0.155,1.912,2.51,0.15,0.25,82.5,0.5438889183,4,0.505379207093,0.0241161200359,0.177872609936,0.121891251338,0.129542225597,17.7872609936,12.1891251338,12.9542225597,0.856855555239,1.27144128702,0.207292865891
0.118,0.155,1.912,2.51,0.15,0.25,97.5,0.4266380912,4,0.422189508664,0.0314064430863,0.124453923747,0.165343090959,0,12.4453923747,16.5343090959,0,0.783373054073,1.08630576788,0.151466356903
0.118,0.155,1.912,2.51,0.15,0.25,112.5,0.3073428122,4,0.287917664395,0.022756988016,0.243681432098,0.202419290643,0.135672661672,24.3681432098,20.2419290643,13.5672661672,0.828771448954,1.37965624386,0.275442397453
0.118,0.155,1.912,2.51,0.15,0.25,127.5,0.2761691904,4,0.267396574867,0.0150206586403,0.0822138684997,0.133202251627,0,8.22138684997,13.3202251627,0,0.948558451153,1.15094744034,0.101194494594
0.118,0.155,1.912,2.51,0.15,0.25,142.5,0.2722074833,4,0.257602972624,0.0132608911144,0.196541413735,0.135311907227,0.142545484234,19.6541413735,13.5311907227,14.2545484234,0.841819459967,1.32120737441,0.239693957221
0.118,0.155,1.912,2.51,0.15,0.25,157.5,0.2292102125,4,0.214860344747,0.0124739634765,0.224492250711,0.139199346992,0.176125842585,22.4492250711,13.9199346992,17.6125842585,0.689388142678,1.31740056656,0.31400621194
0.118,0.155,1.912,2.51,0.15,0.25,172.5,0.2391344315,4,0.220727321511,0.0141521453626,0.227291947524,0.166539108139,0.154681462591,22.7291947524,16.6539108139,15.4681462591,0.905992199021,1.35343285532,0.223720328149
0.118,0.155,1.912,2.51,0.15,0.25,187.5,0.2274390305,4,0.225491958171,0.0177986976412,0.0602255988285,0.181490569586,0,6.02255988285,18.1490569586,0,0.905090713013,1.05470292124,0.0748061041147
0.118,0.155,1.912,2.51,0.15,0.25,210,0.2850748475,4,0.246904303216,0.0159002264012,0.233377545372,0.161408096777,0.168560093079,23.3377545372,16.1408096777,16.8560093079,0.926907780542,1.45474464285,0.263918431154
0.118,0.155,1.912,2.51,0.15,0.25,262.5,0.4187111776,4,0.38438410259,0.016525795732,0.170390524702,0.107533424109,0.132172211935,17.0390524702,10.7533424109,13.2172211935,0.927281158867,1.30535456883,0.189036704979
0.118,0.155,1.912,2.51,0.15,0.25,292.5,0.8093789813,4,0.724499120605,0.0240993153239,0.249055519932,0.0930145449368,0.231034513523,24.9055519932,9.30145449368,23.1034513523,0.878396333827,1.3717221594,0.246662912787
0.118,0.155,1.912,2.51,0.15,0.25,307.5,1.232426949,4,1.10369131303,0.0272204195924,0.237812982817,0.0717220889853,0.226739843759,23.7812982817,7.17220889853,22.6739843759,0.897084970142,1.37327677504,0.238095902447
0.118,0.155,1.912,2.51,0.15,0.25,322.5,1.948759218,4,1.7609472496,0.0375138615995,0.210850067641,0.0607002340166,0.201923828744,21.0850067641,6.07002340166,20.1923828744,0.847799709129,1.3629258716,0.257563081236
0.118,0.155,1.912,2.51,0.15,0.25,337.5,3.461330617,4,3.22551939396,0.0753882788388,0.159426282199,0.0588078324725,0.148183596581,15.9426282199,5.88078324725,14.8183596581,0.910372290893,1.29613512194,0.192881415522
0.118,0.155,1.912,2.51,0.15,0.25,352.5,5.687499658,4,5.46277256005,0.151270146271,0.133335142329,0.0662484394907,0.11571259415,13.3335142329,6.62484394907,11.571259415,0.852685928948,1.20129126316,0.174302667104
0.118,0.155,1.912,2.51,0.25,0.4,22.5,1.92374897,4,1.79985339327,0.0524629695716,0.151720011563,0.0704572145225,0.134367938253,15.1720011563,7.04572145225,13.4367938253,0.884379197747,1.27277451129,0.194197656769
0.118,0.155,1.912,2.51,0.25,0.4,37.5,0.9343541157,4,0.854811970217,0.0192015274421,0.18544512252,0.0616556388175,0.174895613634,18.544512252,6.16556388175,17.4895613634,0.883909693155,1.33591005366,0.226000180251
0.118,0.155,1.912,2.51,0.25,0.4,52.5,0.4983693584,4,0.466971150546,0.013457859908,0.14183180453,0.0730005364931,0.121602559381,14.183180453,7.30005364931,12.1602559381,0.914055399142,1.26410244489,0.175023522876
0.118,0.155,1.912,2.51,0.25,0.4,75,0.2718073538,4,0.270501586207,0.0105954982701,0.0933937600046,0.100011551145,0,9.33937600046,10.0011551145,0,0.965279453481,1.18316143571,0.108940991116
0.118,0.155,1.912,2.51,0.25,0.4,105,0.1597346133,4,0.159994023533,0.00984280778986,0.0433833834292,0.151815686699,0,4.33833834292,15.1815686699,0,0.937038089233,1.0533153019,0.0581386063342
0.118,0.155,1.912,2.51,0.25,0.4,127.5,0.1188362211,4,0.111124418335,0.00778730807627,0.230850513314,0.240218131173,0,23.0850513314,24.0218131173,0,0.782149967776,1.35336170081,0.285605866519
0.118,0.155,1.912,2.51,0.25,0.4,142.5,0.1269113966,4,0.118350677025,0.00663419855629,0.172808742463,0.136894191546,0.105464884169,17.2808742463,13.6894191546,10.5464884169,0.877596560583,1.30154607284,0.211974756128
0.118,0.155,1.912,2.51,0.25,0.4,157.5,0.1148406408,4,0.104587458752,0.00617280293316,0.199575661222,0.146353080961,0.135687951733,19.9575661222,14.6353080961,13.5687951733,0.860766815203,1.36087337907,0.250053281934
0.118,0.155,1.912,2.51,0.25,0.4,172.5,0.09768882345,4,0.0847037145088,0.00611960335625,0.292332610678,0.179205560385,0.230962599554,29.2332610678,17.9205560385,23.0962599554,0.810917410982,1.55257243041,0.370827509716
0.118,0.155,1.912,2.51,0.25,0.4,187.5,0.1091239968,4,0.086260824697,0.00804565998549,0.456410758921,0.222200621832,0.398669869085,45.6410758921,22.2200621832,39.8669869085,0.763577019016,1.86685170662,0.551637343802
0.118,0.155,1.912,2.51,0.25,0.4,202.5,0.1013781899,4,0.102865906792,0.00997962545294,0.208125809175,0.222305582799,0,20.8125809175,22.2305582799,0,0.762803106558,1.25177641179,0.244486652617
0.118,0.155,1.912,2.51,0.25,0.4,232.5,0.1174910923,4,0.114005850164,0.00678373781879,0.0957104441279,0.202309465292,0,9.57104441279,20.2309465292,0,0.873220045519,1.13320155162,0.12999075305
0.118,0.155,1.912,2.51,0.25,0.4,262.5,0.1799953942,4,0.130001184264,0.0109088671598,0.592886226794,0.251471742022,0.536913438914,59.2886226794,25.1471742022,53.6913438914,0.858970896553,2.17342644069,0.657227772069
0.118,0.155,1.912,2.51,0.25,0.4,277.5,0.2146458618,4,0.196450203395,0.0148508008596,0.270491161879,0.200997999966,0.181011802554,27.0491161879,20.0997999966,18.1011802554,0.752197417698,1.39983356111,0.323818071708
0.118,0.155,1.912,2.51,0.25,0.4,292.5,0.3206533678,4,0.307535265486,0.0125613052326,0.161953641312,0.105082898468,0.123233787509,16.1953641312,10.5082898468,12.3233787509,0.809488658175,1.2067394834,0.198625412612
0.118,0.155,1.912,2.51,0.25,0.4,307.5,0.5072760979,4,0.481667595805,0.0131168635447,0.162146146628,0.075423631832,0.143536227579,16.2146146628,7.5423631832,14.3536227579,0.896017709845,1.25173402332,0.177858156737
0.118,0.155,1.912,2.51,0.25,0.4,322.5,0.9741058526,4,0.913979999324,0.0202188116127,0.142698617071,0.0582259209761,0.130279075221,14.2698617071,5.82259209761,13.0279075221,0.89994740772,1.26470964775,0.182381120017
0.118,0.155,1.912,2.51,0.25,0.4,337.5,1.906225154,4,1.82963353181,0.0522524416457,0.0995778322042,0.0693730475371,0.0714361599045,9.95778322042,6.93730475371,7.14361599045,0.928395974639,1.17873343678,0.12516873107
0.118,0.155,1.912,2.51,0.4,0.6,37.5,0.3739896162,4,0.346839124154,0.00890900742758,0.158832678176,0.0666391854395,0.144177108517,15.8832678176,6.66391854395,14.4177108517,0.907307996374,1.29829488527,0.195493444448
0.118,0.155,1.912,2.51,0.4,0.6,52.5,0.1964795483,4,0.19457047085,0.00701876110403,0.0721569359786,0.0828757496873,0,7.21569359786,8.28757496873,0,0.868368501459,1.05122361429,0.0914275564134
0.118,0.155,1.912,2.51,0.4,0.6,67.5,0.09529511381,4,0.0963994294243,0.00770024859384,0.100827350789,0.193327932806,0,10.0827350789,19.3327932806,0,0.906718029681,1.12447890042,0.108880435369
0.118,0.155,1.912,2.51,0.4,0.6,112.5,0.04707248614,4,0.0445095325793,0.0055669713788,0.228704975727,0.286665169807,0,22.8704975727,28.6665169807,0,0.661642690979,1.30561037001,0.321983839517
0.118,0.155,1.912,2.51,0.4,0.6,127.5,0.03728052269,4,0.0309408963474,0.00330039373435,0.437098093876,0.276435948806,0.338582205495,43.7098093876,27.6435948806,33.8582205495,0.611616251758,1.54876139081,0.468572569528
0.118,0.155,1.912,2.51,0.4,0.6,142.5,0.04162457735,4,0.0403890910608,0.00303053940789,0.186098225943,0.194185266727,0,18.6098225943,19.4185266727,0,0.891085187478,1.35031297208,0.229613892302
0.118,0.155,1.912,2.51,0.4,0.6,157.5,0.03339494709,4,0.0338717669312,0.00292283257461,0.250183454699,0.179676727343,0.174092029274,25.0183454699,17.9676727343,17.4092029274,0.691006299068,1.27586817357,0.29243093725
0.118,0.155,1.912,2.51,0.4,0.6,172.5,0.04026914763,4,0.0374343635636,0.00339237975677,0.137227191476,0.211410717275,0,13.7227191476,21.1410717275,0,0.87233175434,1.22866499659,0.178166621123
0.118,0.155,1.912,2.51,0.4,0.6,187.5,0.03924092265,4,0.0349097882306,0.00398494551679,0.234267962798,0.266641703373,0,23.4267962798,26.6641703373,0,0.874950681403,1.44329459884,0.28417195872
0.118,0.155,1.912,2.51,0.4,0.6,217.5,0.03980566883,4,0.0381070923112,0.00295171297792,0.212496138576,0.17458360762,0.121141127865,21.2496138576,17.458360762,12.1141127865,0.693643446321,1.22607930037,0.266217927024
0.118,0.155,1.912,2.51,0.4,0.6,247.5,0.04632416556,4,0.0446549487367,0.00384116091421,0.102604164155,0.193347082093,0,10.2604164155,19.3347082093,0,0.881969934222,1.16388067796,0.14095537187
0.118,0.155,1.912,2.51,0.4,0.6,262.5,0.06400451045,4,0.0592136289289,0.00446362096803,0.155734591774,0.185951916042,0,15.5734591774,18.5951916042,0,0.852854932614,1.26537449208,0.206259779732
0.118,0.155,1.912,2.51,0.4,0.6,277.5,0.08869118959,4,0.0794301023742,0.00612904526839,0.24097124041,0.204099285728,0.128103943226,24.097124041,20.4099285728,12.8103943226,0.862243000863,1.37180507444,0.254781036787
0.118,0.155,1.912,2.51,0.4,0.6,292.5,0.1199867439,4,0.116105561342,0.00822692374999,0.107797904381,0.210654833204,0,10.7797904381,21.0654833204,0,0.895022443357,1.1453652802,0.125171418423
0.118,0.155,1.912,2.51,0.4,0.6,307.5,0.196794085,4,0.192699317919,0.00672562050277,0.0769485918171,0.0859656247153,0,7.69485918171,8.59656247153,0,0.896619531226,1.09396811456,0.0986742916652
0.118,0.155,1.912,2.51,0.4,0.6,322.5,0.3918441028,4,0.371028332138,0.00940010976702,0.134198258408,0.0662806119647,0.116687844428,13.4198258408,6.62806119647,11.6687844428,0.866399000712,1.2321185605,0.182859779896
0.118,0.155,1.912,2.51,0.6,0.8,22.5,0.4996775587,4,0.435928882075,0.0230415099575,0.260404664039,0.130473883446,0.225360055892,26.0404664039,13.0473883446,22.5360055892,0.914810238774,1.50438634526,0.294788053244
0.118,0.155,1.912,2.51,0.6,0.8,37.5,0.2008689523,4,0.202594562902,0.00683009488721,0.0623966525494,0.0793662983174,0,6.23966525494,7.93662983174,0,0.886190108602,1.04622035984,0.0800151256175
0.118,0.155,1.912,2.51,0.6,0.8,60,0.08223526339,4,0.0832751385288,0.00478346640283,0.0812185148983,0.131402228774,0,8.12185148983,13.1402228774,0,0.903704966807,1.11122291568,0.103758974439
0.118,0.155,1.912,2.51,0.6,0.8,127.5,0.02511165728,4,0.0246571749569,0.0021540781734,0.180791839598,0.216814905601,0,18.0791839598,21.6814905601,0,0.660330758836,1.11884040805,0.229254824605
0.118,0.155,1.912,2.51,0.6,0.8,157.5,0.01983321417,4,0.0142394995544,0.00226609394507,0.732624958778,0.329143666231,0.654525612336,73.2624958778,32.9143666231,65.4525612336,0.0492671005972,1.96286337475,0.956798137074
0.118,0.155,1.912,2.51,0.6,0.8,187.5,0.01640972053,4,0.0164719556537,0.00180168373737,0.0337305613004,0.249973017191,0,3.37305613004,24.9973017191,0,0.965876598654,1.04151206394,0.0378177326418
0.118,0.155,1.912,2.51,0.6,0.8,240,0.03525789067,4,0.0318896805197,0.0032428913919,0.191478107523,0.23753325837,0,19.1478107523,23.753325837,0,0.866296634828,1.35555894683,0.244631156
0.118,0.155,1.912,2.51,0.6,0.8,262.5,0.02648109818,4,0.0268217499185,0.00325884331287,0.214494213643,0.270775141951,0,21.4494213643,27.0775141951,0,0.661115481423,1.23964194212,0.289263230347
0.118,0.155,1.912,2.51,0.6,0.8,277.5,0.05057914158,4,0.0484429006097,0.00466909179959,0.103889937559,0.227004964178,0,10.3889937559,22.7004964178,0,0.937744487804,1.18792890053,0.125092206365
0.118,0.155,1.912,2.51,0.6,0.8,292.5,0.05510973318,4,0.0558041895908,0.00836033739584,0.0975814610032,0.328825700936,0,9.75814610032,32.8825700936,0,0.892894695458,1.15084105926,0.128973181902
0.118,0.155,1.912,2.51,0.6,0.8,307.5,0.09641177694,4,0.0985134782748,0.00637640341076,0.0953541033483,0.169999795083,0,9.53541033483,16.9999795083,0,0.841437191354,1.06311805891,0.110840433778
0.118,0.155,1.912,2.51,0.6,0.8,322.5,0.2018591389,4,0.20532040266,0.00697463669482,0.0862035091092,0.0796360763399,0.0330021261123,8.62035091092,7.96360763399,3.30021261123,0.877516240791,1.09238605318,0.107434906196
0.118,0.155,1.912,2.51,0.6,0.8,337.5,0.5359952713,4,0.480393152492,0.0241482346762,0.225328934573,0.118231722507,0.191818634519,22.5328934573,11.8231722507,19.1818634519,0.815679479958,1.39917249239,0.291746506217
0.155,0.204,1.2,1.456,0.15,0.25,7.5,0.4120789759,2,0.395784179434,0.0580352446847,0.217220901094,0.216174271625,0.02129798487,21.7220901094,21.6174271625,2.129798487,0.731911576946,1.14999479047,0.209041606762
0.155,0.204,1.2,1.456,0.15,0.25,60,0.3290880775,2,0.33307553278,0.0234009723226,0.195585596108,0.11889875805,0.155295881269,19.5585596108,11.889875805,15.5295881269,0.734412927778,1.07727197343,0.171429522828
0.155,0.204,1.2,1.456,0.15,0.25,105,0.2848203601,2,0.296808176409,0.0292780315659,0.318530691761,0.17948818986,0.263145950556,31.8530691761,17.948818986,26.3145950556,0.560760341961,1.09996062221,0.269600140124
0.155,0.204,1.2,1.456,0.15,0.25,142.5,0.1493240175,2,0.161037739861,0.020979167711,0.390122336464,0.260824584197,0.290113725436,39.0122336464,26.0824584197,29.0113725436,0.456182991723,1.09302653559,0.318421771935
0.155,0.204,1.2,1.456,0.25,0.4,127.5,0.1413096628,2,0.148843404329,0.0155481496128,0.342139939587,0.195813052265,0.280565476891,34.2139939587,19.5813052265,28.0565476891,0.526228852956,1.0982872156,0.28602918132
0.155,0.204,1.2,1.456,0.25,0.4,187.5,0.07947271556,2,0.0850746911801,0.00955571674171,0.266460679965,0.261935125256,0.0489007579173,26.6460679965,26.1935125256,4.89007579173,0.625597942135,1.04272805872,0.20856505829
0.155,0.204,1.2,1.456,0.4,0.6,330,0.2006953272,2,0.200756594268,0.0171739876725,0.00570267762887,0.143766200125,0,0.570267762887,14.3766200125,0,0.992272131963,1.00230675527,0.00501731165381
0.155,0.204,1.2,1.456,0.6,0.8,60,0.052759277,2,0.0643482772495,0.0110617121793,0.682097699954,0.42586067368,0.532822633618,68.2097699954,42.586067368,53.2822633618,0.039992516894,1.09434074912,0.527174116115
0.155,0.204,1.2,1.456,0.6,0.8,277.5,0.05483758292,2,0.0610121295613,0.00976715389482,0.452479065334,0.348587461869,0.288485850594,45.2479065334,34.8587461869,28.8485850594,0.365944284858,1.08630155981,0.360178637477
0.155,0.204,1.2,1.456,0.6,0.8,315,0.06384761115,2,0.0695808121,0.0105655088386,0.410523801367,0.31305071992,0.265573037498,41.0523801367,31.305071992,26.5573037498,0.426514634342,1.09041083095,0.331948098304
0.155,0.204,1.456,1.912,0.11,0.15,7.5,0.5645379054,4,0.568762182331,0.0450753059691,0.206735686951,0.173104558699,0.113024139088,20.6735686951,17.3104558699,11.3024139088,0.630088892393,1.16937619494,0.269643651273
0.155,0.204,1.456,1.912,0.11,0.15,22.5,0.4719517046,4,0.486874316888,0.0318541729426,0.135560610254,0.147445110504,0,13.5560610254,14.7445110504,0,0.765640746019,1.09901516991,0.166687211946
0.155,0.204,1.456,1.912,0.11,0.15,37.5,0.4366964541,4,0.432088537806,0.0302397244848,0.344212602853,0.1513269577,0.30916414384,34.4212602853,15.13269577,30.916414384,0.464528635078,1.36914719771,0.452309281316
0.155,0.204,1.456,1.912,0.11,0.15,52.5,0.4694507492,4,0.429907491613,0.0384040051096,0.297164782754,0.215489210689,0.204624798561,29.7164782754,21.5489210689,20.4624798561,0.526824093831,1.31487618343,0.3940260448
0.155,0.204,1.456,1.912,0.11,0.15,67.5,0.2309437309,4,0.320915274173,0.0324222822823,0.430156331965,0.32309006703,0.283984644859,43.0156331965,32.309006703,28.3984644859,0.158012443286,1.11334584937,0.477666703041
0.155,0.204,1.456,1.912,0.11,0.15,90,0.1635675426,4,0.192881782089,0.0164948831798,0.408190399583,0.184735676354,0.363994687041,40.8190399583,18.4735676354,36.3994687041,0.469770899556,1.45989803573,0.495063568086
0.155,0.204,1.456,1.912,0.11,0.15,345,0.5516398763,4,0.517039304483,0.028897216747,0.29091024444,0.141210874819,0.254338866777,29.091024444,14.1210874819,25.4338866777,0.55365917159,1.28082448599,0.363582657198
0.155,0.204,1.456,1.912,0.15,0.25,7.5,0.5160167005,4,0.483455115903,0.025981745402,0.165291168732,0.130245377026,0.101770881023,16.5291168732,13.0245377026,10.1770881023,0.850818005166,1.28409009353,0.216636044184
0.155,0.204,1.456,1.912,0.15,0.25,22.5,0.3726250237,4,0.34935099832,0.016918598918,0.251134698699,0.114872859131,0.22332233011,25.1134698699,11.4872859131,22.332233011,0.73725415825,1.32685496143,0.294800401589
0.155,0.204,1.456,1.912,0.15,0.25,37.5,0.3462741013,4,0.331284942367,0.0170357886039,0.264107285387,0.143323026759,0.221835903756,26.4107285387,14.3323026759,22.1835903756,0.645314479651,1.32080275721,0.337744138778
0.155,0.204,1.456,1.912,0.15,0.25,52.5,0.3258542099,4,0.307598092035,0.0195184041446,0.246543863602,0.166982070871,0.181385955045,24.6543863602,16.6982070871,18.1385955045,0.599599788411,1.23649739465,0.318448803118
0.155,0.204,1.456,1.912,0.15,0.25,67.5,0.2707969609,4,0.217740759165,0.0161589649591,0.338309435624,0.23225157709,0.245992843741,33.8309435624,23.225157709,24.5992843741,0.678219871037,1.55494809377,0.438364111369
0.155,0.204,1.456,1.912,0.15,0.25,82.5,0.1633335147,4,0.17957598413,0.0115195064838,0.141856036403,0.153732870932,0,14.1856036403,15.3732870932,0,0.780403554959,1.08814754182,0.153871993429
0.155,0.204,1.456,1.912,0.15,0.25,97.5,0.1690331892,4,0.150843932096,0.0105195261985,0.468678183501,0.222010431203,0.412759746254,46.8678183501,22.2010431203,41.2759746254,0.329277986059,1.58927335404,0.629997683992
0.155,0.204,1.456,1.912,0.15,0.25,112.5,0.1381011147,4,0.146385000439,0.010930108441,0.271841809795,0.1678809975,0.213808185604,27.1841809795,16.78809975,21.3808185604,0.544676642423,1.24332038566,0.349321871618
0.155,0.204,1.456,1.912,0.15,0.25,127.5,0.1360826861,4,0.125604053274,0.0101632934218,0.215420250451,0.196771434306,0.0876748934738,21.5420250451,19.6771434306,8.76748934738,0.750448159935,1.32234964295,0.285950741507
0.155,0.204,1.456,1.912,0.15,0.25,142.5,0.08157443861,4,0.0882236206281,0.00841343206394,0.360418897534,0.376655974741,0,36.0418897534,37.6655974741,0,0.593072800657,1.43271102682,0.419819113082
0.155,0.204,1.456,1.912,0.15,0.25,157.5,0.1241449397,4,0.0968189155613,0.00923027745828,0.443144054911,0.256948623722,0.361045784036,44.3144054911,25.6948623722,36.1045784036,0.59843132702,1.77892228085,0.590245476917
0.155,0.204,1.456,1.912,0.15,0.25,172.5,0.1106444021,4,0.0935926951838,0.0107025947535,0.257070969024,0.319154170102,0,25.7070969024,31.9154170102,0,0.834833624425,1.48154619682,0.323356286199
0.155,0.204,1.456,1.912,0.15,0.25,187.5,0.1211501506,4,0.0953405591567,0.0123566553287,0.492056227874,0.356531459818,0.339123354474,49.2056227874,35.6531459818,33.9123354474,0.610947915087,1.88932952873,0.63919080682
0.155,0.204,1.456,1.912,0.15,0.25,202.5,0.1146891225,4,0.0999472345118,0.0104253970573,0.411575444023,0.25779847198,0.320833748174,41.1575444023,25.779847198,32.0833748174,0.522102154451,1.59368925191,0.535793548732
0.155,0.204,1.456,1.912,0.15,0.25,232.5,0.1180463024,4,0.119201952623,0.00746843191312,0.172725645558,0.164070585476,0.0539906622943,17.2725645558,16.4070585476,5.39906622943,0.730377895362,1.12581814934,0.197720126989
0.155,0.204,1.456,1.912,0.15,0.25,330,0.3617847003,4,0.348982129772,0.0186321315174,0.173693910207,0.187089000128,0,17.3693910207,18.7089000128,0,0.800067101665,1.23881374437,0.21937332135
0.155,0.204,1.456,1.912,0.15,0.25,352.5,0.505596655,4,0.444437271419,0.0222792313097,0.316570080723,0.129953527037,0.288667103806,31.6570080723,12.9953527037,28.8667103806,0.748052870631,1.53554026921,0.393743699288
0.155,0.204,1.456,1.912,0.25,0.4,7.5,0.5259735319,4,0.414433117679,0.0160067460564,0.411268576746,0.106945562418,0.397120244886,41.1268576746,10.6945562418,39.7120244886,0.832603774602,1.80369823649,0.485547230942
0.155,0.204,1.456,1.912,0.25,0.4,30,0.2915712777,4,0.259728105082,0.0107562253914,0.263716783647,0.111344500277,0.239058453594,26.3716783647,11.1344500277,23.9058453594,0.824257456975,1.4646868666,0.320214704811
0.155,0.204,1.456,1.912,0.25,0.4,90,0.09764173503,4,0.104972551885,0.00702047432494,0.221229515483,0.210625197914,0.0676721842755,22.1229515483,21.0625197914,6.76721842755,0.574171162818,1.04877839133,0.237303614255
0.155,0.204,1.456,1.912,0.25,0.4,112.5,0.1048988729,4,0.0898241304646,0.00758700339507,0.369784119631,0.273138095457,0.24927068809,36.9784119631,27.3138095457,24.927068809,0.583168211694,1.60428390517,0.510557846736
0.155,0.204,1.456,1.912,0.25,0.4,127.5,0.07637000376,4,0.0727082902686,0.00667732982674,0.332101018185,0.225500955515,0.24380403061,33.2101018185,22.5500955515,24.380403061,0.446209219611,1.30560808498,0.429699432686
0.155,0.204,1.456,1.912,0.25,0.4,142.5,0.05726741577,4,0.0551230191929,0.00545678940585,0.0989744189878,0.236173640493,0,9.89744189878,23.6173640493,0,0.857318201578,1.12453722887,0.133609513645
0.155,0.204,1.456,1.912,0.25,0.4,157.5,0.04916077211,4,0.050278835839,0.00475762236489,0.318245262416,0.222754784922,0.227289139301,31.8245262416,22.2754784922,22.7289139301,0.38628416939,1.15094864557,0.382332238092
0.155,0.204,1.456,1.912,0.25,0.4,172.5,0.06272421609,4,0.0567598970191,0.00589378891567,0.409838003551,0.273208812426,0.305489989962,40.9838003551,27.3208812426,30.5489989962,0.435530751433,1.52245886212,0.543464055346
0.155,0.204,1.456,1.912,0.25,0.4,187.5,0.05174222349,3,0.047861607412,0.00692945521155,0.379666042672,0.413830100628,0,37.9666042672,41.3830100628,0,0.512458041136,1.38081760629,0.434179782578
0.155,0.204,1.456,1.912,0.25,0.4,202.5,0.05115277193,4,0.0411439230212,0.00549687857617,0.440426461151,0.36593098995,0.245091775211,44.0426461151,36.593098995,24.5091775211,0.662573089979,1.79312392992,0.565275419969
0.155,0.204,1.456,1.912,0.25,0.4,225,0.06103937243,4,0.0596763851515,0.00498790582166,0.474159675637,0.23815579405,0.410011238579,47.4159675637,23.815579405,41.0011238579,0.347148926119,1.42836556275,0.540608318317
0.155,0.204,1.456,1.912,0.25,0.4,292.5,0.156697935,4,0.119501376739,0.00791082028968,0.725716421833,0.315170822687,0.653706109383,72.5716421833,31.5170822687,65.3706109383,0.331794046244,2.2869199348,0.977562944276
0.155,0.204,1.456,1.912,0.25,0.4,330,0.2883725107,4,0.221354688858,0.0112695737689,0.475647389145,0.154520742347,0.449848617854,47.5647389145,15.4520742347,44.9848617854,0.823811534512,1.93441452227,0.555301493878
0.155,0.204,1.456,1.912,0.25,0.4,352.5,0.4638195947,4,0.416941871837,0.0157654311108,0.241039013111,0.0940594306678,0.221929334123,24.1039013111,9.40594306678,22.1929334123,0.810794367356,1.42976717012,0.309486401381
0.155,0.204,1.456,1.912,0.4,0.6,7.5,0.4405313121,4,0.421506622276,0.0131449360732,0.176105736317,0.0795975374541,0.157090618418,17.6105736317,7.95975374541,15.7090618418,0.734026473486,1.20892667059,0.237450098553
0.155,0.204,1.456,1.912,0.4,0.6,30,0.1730047066,4,0.172383041427,0.00641682805019,0.124172145102,0.0915604900702,0.0838772810558,12.4172145102,9.15604900702,8.38772810558,0.799183667719,1.12159102079,0.161203676533
0.155,0.204,1.456,1.912,0.4,0.6,105,0.04712724406,4,0.0516138127089,0.00450437002962,0.327649406803,0.265833429041,0.191537781606,32.7649406803,26.5833429041,19.1537781606,0.481114303065,1.1642456615,0.341565679219
0.155,0.204,1.456,1.912,0.4,0.6,127.5,0.04481019797,4,0.042478386973,0.0049638627601,0.216030337086,0.274690835374,0,21.6030337086,27.4690835374,0,0.740070321407,1.27344762089,0.266688649741
0.155,0.204,1.456,1.912,0.4,0.6,142.5,0.03871452373,4,0.0401612324952,0.00406632086455,0.224887807459,0.220485351172,0.0442801971823,22.4887807459,22.0485351172,4.42801971823,0.668899878837,1.19023641756,0.260668269363
0.155,0.204,1.456,1.912,0.4,0.6,157.5,0.02621273468,4,0.0269768411198,0.00317219916022,0.333410237421,0.28116449672,0.179189598473,33.3410237421,28.116449672,17.9189598473,0.405010225307,1.23975640519,0.417373089941
0.155,0.204,1.456,1.912,0.4,0.6,172.5,0.03163879413,4,0.0270204192772,0.00341623334319,0.273902712548,0.398245688478,0,27.3902712548,39.8245688478,0,0.890408393119,1.51903125666,0.314311431769
0.155,0.204,1.456,1.912,0.4,0.6,187.5,0.03722556793,3,0.0372466015394,0.00525957823979,0.127180092741,0.311472231311,0,12.7180092741,31.1472231311,0,0.808572362452,1.0879860343,0.139706835924
0.155,0.204,1.456,1.912,0.4,0.6,210,0.02698755111,4,0.030474667739,0.00302320557486,0.314751897813,0.258959356385,0.178910058179,31.4751897813,25.8959356385,17.8910058179,0.554410873145,1.28338423555,0.364486681204
0.155,0.204,1.456,1.912,0.4,0.6,270,0.04777724249,4,0.0497711163966,0.00478739374775,0.0672172583903,0.27942819669,0,6.72172583903,27.942819669,0,0.910115600765,1.0543762911,0.0721303451664
0.155,0.204,1.456,1.912,0.4,0.6,292.5,0.06087886119,4,0.0644651859284,0.00637271461496,0.318507842728,0.308875886763,0.0777363007605,31.8507842728,30.8875886763,7.77363007605,0.365710042878,1.05337878162,0.34383436937
0.155,0.204,1.456,1.912,0.4,0.6,307.5,0.06458317674,4,0.0694902440939,0.00676584490387,0.309745079742,0.276699839992,0.139209241692,30.9745079742,27.6699839992,13.9209241692,0.404705171736,1.12097687662,0.358135852443
0.155,0.204,1.456,1.912,0.4,0.6,322.5,0.1251331867,4,0.114067042672,0.00858604379554,0.204157737239,0.190474783569,0.0734829129725,20.4157737239,19.0474783569,7.34829129725,0.834956086429,1.37249059354,0.268767253554
0.155,0.204,1.456,1.912,0.4,0.6,337.5,0.2410545156,4,0.216656680048,0.00826417024564,0.264741982186,0.0955244066797,0.246907684895,26.4741982186,9.55244066797,24.6907684895,0.781368794455,1.44435019742,0.331490701482
0.155,0.204,1.456,1.912,0.4,0.6,352.5,0.43603992,4,0.433949052221,0.0131902560449,0.146980628686,0.0746047590427,0.126638995326,14.6980628686,7.46047590427,12.6638995326,0.814428530932,1.12633380462,0.155952636844
0.155,0.204,1.456,1.912,0.6,0.8,7.5,0.5615989184,4,0.631328403383,0.0294165912692,0.243572378467,0.103467758839,0.220503801403,24.3572378467,10.3467758839,22.0503801403,0.73250600515,1.24955634924,0.258525172043
0.155,0.204,1.456,1.912,0.6,0.8,22.5,0.1525225918,4,0.163608338898,0.00704861281599,0.176153512364,0.100991374994,0.144328798564,17.6153512364,10.0991374994,14.4328798564,0.76730964965,1.12047310751,0.17658172893
0.155,0.204,1.456,1.912,0.6,0.8,37.5,0.04645623825,4,0.0486665452011,0.0054410614418,0.204663640318,0.234748930898,0,20.4663640318,23.4748930898,0,0.72790714717,1.20365011545,0.237871484141
0.155,0.204,1.456,1.912,0.6,0.8,52.5,0.04818029931,4,0.043935341818,0.00381040218115,0.34630206306,0.210704609081,0.274824828921,34.630206306,21.0704609081,27.4824828921,0.626494816269,1.44480407579,0.409154629762
0.155,0.204,1.456,1.912,0.6,0.8,75,0.0316914389,4,0.0336855494814,0.00322636496831,0.216065360828,0.220902836196,0,21.6065360828,22.0902836196,0,0.696043512752,1.23998900279,0.271972745021
0.155,0.204,1.456,1.912,0.6,0.8,165,0.01808062502,4,0.0175078652726,0.002533966524,0.3231664516,0.444715550425,0,32.31664516,44.4715550425,0,0.432459044269,1.2735739385,0.420557447116
0.155,0.204,1.456,1.912,0.6,0.8,202.5,0.01893828922,3,0.021049397666,0.00272841899175,0.296939946298,0.245811339284,0.166583664225,29.6939946298,24.5811339284,16.6583664225,0.537222634558,1.16186127831,0.312319321878
0.155,0.204,1.456,1.912,0.6,0.8,255,0.0204794688,3,0.0194537941714,0.00315393071646,0.101163823045,0.309814434913,0,10.1163823045,30.9814434913,0,0.927156818413,1.15656611105,0.114704646319
0.155,0.204,1.456,1.912,0.6,0.8,277.5,0.03325123894,3,0.0381204587403,0.00512697504147,0.517918374108,0.339423911191,0.391191578067,51.7918374108,33.9423911191,39.1191578067,0.163246739432,1.22586746105,0.531310360809
0.155,0.204,1.456,1.912,0.6,0.8,292.5,0.03025186272,3,0.0349204863094,0.00400026020456,0.342512924972,0.209166625346,0.271227628781,34.2512924972,20.9166625346,27.1227628781,0.453788972742,1.19045770358,0.368334365422
0.155,0.204,1.456,1.912,0.6,0.8,307.5,0.0366254281,4,0.0447186943594,0.0042835496158,0.531147568768,0.310306621898,0.431077185912,53.1147568768,31.0306621898,43.1077185912,0.00226996926127,1.19785330089,0.597791665816
0.155,0.204,1.456,1.912,0.6,0.8,322.5,0.05160850699,4,0.0601178864209,0.0057994737708,0.405221135563,0.215730801106,0.343022433904,40.5221135563,21.5730801106,34.3022433904,0.560704486581,1.45969234922,0.44949393132
0.155,0.204,1.456,1.912,0.6,0.8,337.5,0.1778857318,4,0.180384514522,0.00676466628416,0.0947715083241,0.0896564542682,0.0307141498022,9.47715083241,8.96564542682,3.07141498022,0.818803091782,1.04761973943,0.114408323823
0.155,0.204,1.456,1.912,0.6,0.8,352.5,0.6929446396,4,0.716518026024,0.0305556125994,0.227375132442,0.0961877132874,0.206027606562,22.7375132442,9.61877132874,20.6027606562,0.628496015793,1.19316562284,0.282334803525
0.155,0.204,1.456,1.912,0.8,1,45,0.03585908532,4,0.0355977025746,0.00304724664769,0.292392451584,0.220003835431,0.192591947232,29.2392451584,22.0003835431,19.2591947232,0.442965782046,1.14318872081,0.350111469382
0.155,0.204,1.456,1.912,0.8,1,82.5,0.01591496721,4,0.0167511849732,0.00235284173246,0.489206369523,0.33419235647,0.357265084858,48.9206369523,33.419235647,35.7265084858,0.046362680368,1.17893236876,0.566284844195
0.155,0.204,1.456,1.912,0.8,1,127.5,0.01425739926,3,0.0172288170898,0.00250597929279,0.277268406089,0.31098643924,0,27.7268406089,31.098643924,0,0.671147477491,1.17312483002,0.250988676266
0.155,0.204,1.456,1.912,0.8,1,292.5,0.02131953168,4,0.0188595537128,0.00289492754407,0.486672019927,0.363229829908,0.323903914217,48.6672019927,36.3229829908,32.3903914217,0.225027566115,1.46025414808,0.617613290983
0.155,0.204,1.456,1.912,0.8,1,315,0.03284574079,4,0.0347032188551,0.00319541533835,0.217105363509,0.198250459546,0.0884957295818,21.7105363509,19.8250459546,8.84957295818,0.746629557856,1.24882466353,0.251097552834
0.155,0.204,1.912,2.51,0.11,0.15,7.5,0.8217495033,4,0.800327301639,0.0332418343124,0.212107998539,0.0873201949051,0.193300249886,21.2107998539,8.73201949051,19.3300249886,0.598056651722,1.11336049735,0.257651922817
0.155,0.204,1.912,2.51,0.11,0.15,22.5,0.6588386343,4,0.66198342084,0.0277696613093,0.165932985095,0.0903669048357,0.139167446096,16.5932985095,9.03669048357,13.9167446096,0.695977901252,1.12545728102,0.214739689885
0.155,0.204,1.912,2.51,0.11,0.15,37.5,0.5229739312,4,0.54620223593,0.0297412730846,0.301554569352,0.150580256634,0.261267572824,30.1554569352,15.0580256634,26.1267572824,0.494465275009,1.23126128833,0.36839800666
0.155,0.204,1.912,2.51,0.11,0.15,52.5,0.5486488514,4,0.512012640455,0.0370981549099,0.219122683741,0.154674620765,0.155211185876,21.9122683741,15.4674620765,15.5211185876,0.671652383805,1.2353350252,0.281841320698
0.155,0.204,1.912,2.51,0.11,0.15,67.5,0.396206862,4,0.367915958191,0.0265332573154,0.149909118465,0.169658666054,0,14.9909118465,16.9658666054,0,0.924909057964,1.28349384197,0.179292392003
0.155,0.204,1.912,2.51,0.11,0.15,82.5,0.2206241384,4,0.206873269965,0.0170589630958,0.294111331805,0.179058763455,0.233322597975,29.4111331805,17.9058763455,23.3322597975,0.597519142616,1.3760719727,0.389276415041
0.155,0.204,1.912,2.51,0.11,0.15,300,0.3793945713,4,0.37884463779,0.0309169251801,0.160726827788,0.184673478295,0,16.0726827788,18.4673478295,0,0.693820935234,1.08511294392,0.195646004342
0.155,0.204,1.912,2.51,0.11,0.15,322.5,0.4821828885,4,0.479753662809,0.0290636321919,0.18378453175,0.128140512015,0.131745069324,18.378453175,12.8140512015,13.1745069324,0.652639157077,1.1121545486,0.229757695761
0.155,0.204,1.912,2.51,0.11,0.15,337.5,0.6769168107,4,0.64927827504,0.0317940197109,0.22233195055,0.103609849044,0.196714248127,22.233195055,10.3609849044,19.6714248127,0.584679687422,1.11244570004,0.263883006311
0.155,0.204,1.912,2.51,0.11,0.15,352.5,0.8413479979,4,0.814922281836,0.0360290491235,0.249741872828,0.0942866344262,0.231259667067,24.9741872828,9.42866344262,23.1259667067,0.530964227196,1.14775082698,0.308393299891
0.155,0.204,1.912,2.51,0.15,0.25,7.5,0.7198004431,4,0.627598532934,0.0154144016598,0.265838624887,0.0623151818242,0.258431794863,26.5838624887,6.23151818242,25.8431794863,0.904358514744,1.51292534681,0.304283416035
0.155,0.204,1.912,2.51,0.15,0.25,22.5,0.5453601801,4,0.471761830169,0.0121380721755,0.277234973528,0.0681728860959,0.268722325363,27.7234973528,6.81728860959,26.8722325363,0.86872950203,1.52596103471,0.328615766338
0.155,0.204,1.912,2.51,0.15,0.25,37.5,0.4166070359,4,0.378717406268,0.0114832654998,0.216422227559,0.0704930176533,0.204619928266,21.6422227559,7.04930176533,20.4619928266,0.845206970164,1.39042876637,0.272610898103
0.155,0.204,1.912,2.51,0.15,0.25,52.5,0.3036654676,4,0.272824703452,0.0125929376749,0.230651975498,0.114332322502,0.200320877175,23.0651975498,11.4332322502,20.0320877175,0.817064390723,1.39771723409,0.290326421683
0.155,0.204,1.912,2.51,0.15,0.25,67.5,0.2207259698,4,0.200725486703,0.0105584201707,0.243630226321,0.124245075494,0.209568242806,24.3630226321,12.4245075494,20.9568242806,0.763815276867,1.38130377539,0.308744249263
0.155,0.204,1.912,2.51,0.15,0.25,82.5,0.1686331034,4,0.144214343962,0.00726454902068,0.307273412643,0.125873514906,0.280308416504,30.7273412643,12.5873514906,28.0308416504,0.792304285837,1.57469930772,0.391197510943
0.155,0.204,1.912,2.51,0.15,0.25,97.5,0.128552211,4,0.12542501277,0.00650577788606,0.0598865944271,0.123691168608,0,5.98865944271,12.3691168608,0,0.935984373511,1.0978917758,0.080953701146
0.155,0.204,1.912,2.51,0.15,0.25,112.5,0.1235923181,4,0.118706817477,0.00694632219481,0.195796271979,0.143084708756,0.133652333468,19.5796271979,14.3084708756,13.3652333468,0.672811243004,1.15296023184,0.240074494419
0.155,0.204,1.912,2.51,0.15,0.25,127.5,0.1111745423,4,0.104987278115,0.00568603125783,0.129761767721,0.132882209437,0,12.9761767721,13.2882209437,0,0.932263051654,1.20158047113,0.13465870974
0.155,0.204,1.912,2.51,0.15,0.25,142.5,0.09518258075,4,0.0890255876048,0.00465965385541,0.140918931102,0.123915346334,0.0671053804542,14.0918931102,12.3915346334,6.71053804542,0.855173343174,1.20508118381,0.174953920317
0.155,0.204,1.912,2.51,0.15,0.25,157.5,0.09049772857,4,0.0949910602821,0.00578771469959,0.0957866380649,0.143198497603,0,9.57866380649,14.3198497603,0,0.847607484546,1.07508565329,0.113739084372
0.155,0.204,1.912,2.51,0.15,0.25,172.5,0.08251596597,4,0.0756903048561,0.00563487721221,0.188964688818,0.168838633473,0.084859704612,18.8964688818,16.8838633473,8.4859704612,0.846533762704,1.27746430938,0.21546527334
0.155,0.204,1.912,2.51,0.15,0.25,187.5,0.07681666554,4,0.0739228269903,0.00627443958478,0.144424810694,0.198501022981,0,14.4424810694,19.8501022981,0,0.827081046536,1.18714393379,0.180031443626
0.155,0.204,1.912,2.51,0.15,0.25,202.5,0.0817567569,4,0.076406914575,0.00558528710245,0.195973053125,0.157612766869,0.116463098324,19.5973053125,15.7612766869,11.6463098324,0.735096315594,1.23874241011,0.25182304726
0.155,0.204,1.912,2.51,0.15,0.25,217.5,0.07219382425,4,0.0666922334389,0.00562825418873,0.181202776618,0.190001842317,0,18.1202776618,19.0001842317,0,0.777997068092,1.28501302852,0.253507980213
0.155,0.204,1.912,2.51,0.15,0.25,240,0.09883388459,4,0.0893366191161,0.00590705045425,0.193188473247,0.169538194937,0.092620659969,19.3188473247,16.9538194937,9.2620659969,0.894207129622,1.36753319645,0.236663033414
0.155,0.204,1.912,2.51,0.15,0.25,285,0.1682215756,4,0.15625919947,0.0104841965196,0.225233182256,0.200577135222,0.102463648265,22.5233182256,20.0577135222,10.2463648265,0.762698474739,1.3650633737,0.301182449478
0.155,0.204,1.912,2.51,0.15,0.25,307.5,0.2864874011,4,0.274865332347,0.0168730593175,0.0878969847046,0.135246188404,0,8.78969847046,13.5246188404,0,0.915973476722,1.15200769226,0.118017107771
0.155,0.204,1.912,2.51,0.15,0.25,322.5,0.4315896906,4,0.380040147036,0.012923718033,0.25278405078,0.0872602136721,0.237245508785,25.278405078,8.72602136721,23.7245508785,0.852670063486,1.46593746646,0.306633701489
0.155,0.204,1.912,2.51,0.15,0.25,337.5,0.5597758614,4,0.485444034374,0.0131005010176,0.269659635305,0.0715068356126,0.260005944881,26.9659635305,7.15068356126,26.0005944881,0.894608537851,1.50685058669,0.306121024418
0.155,0.204,1.912,2.51,0.15,0.25,352.5,0.6611955485,4,0.58424932906,0.0153766077233,0.219570407839,0.0668578286147,0.209143957004,21.9570407839,6.68578286147,20.9143957004,0.907307345226,1.42704836331,0.259870509041
0.155,0.204,1.912,2.51,0.25,0.4,7.5,0.6016327413,4,0.535637034647,0.012265208857,0.224399163607,0.059730840679,0.216303516613,22.4399163607,5.9730840679,21.6303516613,0.900599025827,1.43016783297,0.264784403572
0.155,0.204,1.912,2.51,0.25,0.4,22.5,0.4085550106,4,0.367861992258,0.00851148965816,0.232637405853,0.0578175518878,0.225338175407,23.2637405853,5.78175518878,22.5338175407,0.845734145,1.42480765948,0.28953675724
0.155,0.204,1.912,2.51,0.25,0.4,37.5,0.238843278,4,0.220048949554,0.00658323108793,0.179134103806,0.0710937971455,0.164422319512,17.9134103806,7.10937971455,16.4422319512,0.871093394849,1.32636694786,0.227636776506
0.155,0.204,1.912,2.51,0.25,0.4,52.5,0.1512980102,4,0.136685655134,0.00832513671288,0.225073542884,0.143631764527,0.173285936894,22.5073542884,14.3631764527,17.3285936894,0.826316975175,1.4112330245,0.292458024662
0.155,0.204,1.912,2.51,0.25,0.4,67.5,0.07657948871,4,0.0789491744235,0.00776388071237,0.292886053535,0.216221200859,0.197561718595,29.2886053535,21.6221200859,19.7561718595,0.522313052684,1.30666084039,0.392173893851
0.155,0.204,1.912,2.51,0.25,0.4,82.5,0.07731575252,4,0.0787866603208,0.00581379685754,0.0958108502337,0.203326962178,0,9.58108502337,20.3326962178,0,0.874885312683,1.08859429808,0.106854492699
0.155,0.204,1.912,2.51,0.25,0.4,97.5,0.07396743989,4,0.0662268950964,0.00458513413122,0.31771634842,0.154427577458,0.277661306944,31.771634842,15.4427577458,27.7661306944,0.693087145233,1.52867080289,0.417791828829
0.155,0.204,1.912,2.51,0.25,0.4,112.5,0.06309282718,4,0.0592168455678,0.00391466944454,0.210027418073,0.145797977583,0.15117693632,21.0027418073,14.5797977583,15.117693632,0.708167790565,1.23663200864,0.264232109039
0.155,0.204,1.912,2.51,0.25,0.4,127.5,0.05759078305,4,0.0538908709041,0.00353715016158,0.211823837253,0.153237818463,0.146244688865,21.1823837253,15.3237818463,14.6244688865,0.696559822104,1.29229609731,0.297868137603
0.155,0.204,1.912,2.51,0.25,0.4,142.5,0.04751997838,4,0.0459670400577,0.00264982550537,0.110317394321,0.140057614094,0,11.0317394321,14.0057614094,0,0.892853974466,1.17427284642,0.140709435976
0.155,0.204,1.912,2.51,0.25,0.4,157.5,0.043951212,4,0.0406244965823,0.00251906017816,0.218483955815,0.139999704384,0.167735868917,21.8483955815,13.9999704384,16.7735868917,0.773552860313,1.33028435025,0.278365744966
0.155,0.204,1.912,2.51,0.25,0.4,172.5,0.04377493787,4,0.0395173996418,0.00276435854971,0.195560104842,0.174173834955,0.0889226058033,19.5560104842,17.4173834955,8.89226058033,0.873020950334,1.36983085352,0.248404951591
0.155,0.204,1.912,2.51,0.25,0.4,187.5,0.0419687729,4,0.0404323746673,0.00370022789436,0.405074493014,0.272780368578,0.299459872785,40.5074493014,27.2780368578,29.9459872785,0.263281293458,1.23833375536,0.487526230952
0.155,0.204,1.912,2.51,0.25,0.4,202.5,0.04959101042,4,0.0484759436909,0.00345202591173,0.137057399329,0.153655905803,0,13.7057399329,15.3655905803,0,0.826707202764,1.13831946299,0.155806130112
0.155,0.204,1.912,2.51,0.25,0.4,217.5,0.04175665805,4,0.0397945170397,0.00346288764799,0.082435577064,0.263110301335,0,8.2435577064,26.3110301335,0,0.975146080081,1.13233514117,0.078594530545
0.155,0.204,1.912,2.51,0.25,0.4,240,0.05833751333,4,0.0540957627431,0.00349612422444,0.260797382478,0.162474289217,0.204003382449,26.0797382478,16.2474289217,20.4003382449,0.652544229714,1.35751686927,0.35248631978
0.155,0.204,1.912,2.51,0.25,0.4,262.5,0.06339204164,4,0.0504503730417,0.00556105512259,0.674071296295,0.30421811542,0.601517622966,67.4071296295,30.421811542,60.1517622966,0.101218449441,1.99685241012,0.947816980342
0.155,0.204,1.912,2.51,0.25,0.4,277.5,0.07845182205,4,0.0711295061709,0.00598226782354,0.372139186607,0.242286164726,0.282462366681,37.2139186607,24.2286164726,28.2462366681,0.563594390683,1.53540853127,0.485907070294
0.155,0.204,1.912,2.51,0.25,0.4,292.5,0.1019808146,4,0.090391104947,0.00775913478653,0.278201943429,0.211744464152,0.180445568603,27.8201943429,21.1744464152,18.0445568603,0.775231816461,1.49719360527,0.360980894405
0.155,0.204,1.912,2.51,0.25,0.4,307.5,0.1753490577,4,0.143703305315,0.00742877469667,0.381899200308,0.129341190877,0.359329730942,38.1899200308,12.9341190877,35.9329730942,0.79216150422,1.73469823156,0.47126836367
0.155,0.204,1.912,2.51,0.25,0.4,322.5,0.2410541394,4,0.219945121261,0.00687529474149,0.193514682593,0.0769002806929,0.177578937964,19.3514682593,7.69002806929,17.7578937964,0.891388618106,1.36752733762,0.238069359756
0.155,0.204,1.912,2.51,0.25,0.4,337.5,0.3908852192,4,0.356980972438,0.00827961559768,0.201568885763,0.0608623084467,0.192160857404,20.1568885763,6.08623084467,19.2160857404,0.833861351678,1.36689506942,0.266516858869
0.155,0.204,1.912,2.51,0.25,0.4,352.5,0.6152656255,4,0.551577752113,0.0130750738783,0.230452983546,0.0602362493482,0.222441389785,23.0452983546,6.02362493482,22.2441389785,0.869702464,1.43001413614,0.280155836069
0.155,0.204,1.912,2.51,0.4,0.6,22.5,0.2346960521,4,0.224172613587,0.00561394089079,0.145476360118,0.0591396899198,0.132913010761,14.5476360118,5.91396899198,13.2913010761,0.779306733345,1.18689330932,0.203793287989
0.155,0.204,1.912,2.51,0.4,0.6,37.5,0.1183254111,4,0.112141926083,0.00380835683644,0.14692172268,0.0783926152813,0.12426017248,14.692172268,7.83926152813,12.426017248,0.840968183924,1.23865792618,0.198844871127
0.155,0.204,1.912,2.51,0.4,0.6,60,0.0624670354,4,0.060366127305,0.00389417226738,0.174073104182,0.148279841063,0.091184068421,17.4073104182,14.8279841063,9.1184068421,0.698694364754,1.15334727666,0.227326455955
0.155,0.204,1.912,2.51,0.4,0.6,105,0.03519612597,4,0.0333759392154,0.00228417172435,0.113706320807,0.184352130386,0,11.3706320807,18.4352130386,0,0.895353338738,1.18509390836,0.144870284812
0.155,0.204,1.912,2.51,0.4,0.6,127.5,0.02775787587,3,0.0262023117211,0.0024231174146,0.151442107917,0.171523221604,0,15.1442107917,17.1523221604,0,0.876086580235,1.23117760843,0.177545514095
0.155,0.204,1.912,2.51,0.4,0.6,142.5,0.0265514594,4,0.0262006084848,0.00193162237391,0.297044860226,0.170561451263,0.243196299992,29.7044860226,17.0561451263,24.3196299992,0.42271432728,1.12502525531,0.351155464016
0.155,0.204,1.912,2.51,0.4,0.6,157.5,0.02609241214,4,0.0243379319689,0.0018270385151,0.19809460101,0.162882318283,0.112742278406,19.809460101,16.2882318283,11.2742278406,0.684446242239,1.22921437401,0.272384065888
0.155,0.204,1.912,2.51,0.4,0.6,172.5,0.02398335184,4,0.0216637808334,0.00180738385604,0.227666655542,0.191991319976,0.122357832196,22.7666655542,19.1991319976,12.2357832196,0.810903640741,1.40661077558,0.297853567419
0.155,0.204,1.912,2.51,0.4,0.6,187.5,0.02573247967,4,0.0236824969731,0.00218342776279,0.160304238542,0.229840448539,0,16.0304238542,22.9840448539,0,0.900895974536,1.29036793691,0.194735981187
0.155,0.204,1.912,2.51,0.4,0.6,202.5,0.02344973691,4,0.0207654293453,0.0022021152392,0.272962555585,0.236008343392,0.137144517209,27.2962555585,23.6008343392,13.7144517209,0.724199335825,1.46749769356,0.371649178867
0.155,0.204,1.912,2.51,0.4,0.6,225,0.02433224235,4,0.0247899269491,0.00189063836366,0.283349127378,0.18730168027,0.212614224721,28.3349127378,18.730168027,21.2614224721,0.444722718733,1.09898716668,0.327132223973
0.155,0.204,1.912,2.51,0.4,0.6,247.5,0.02608445954,4,0.0264609353646,0.0024402086076,0.113782569099,0.211371552523,0,11.3782569099,21.1371552523,0,0.786444077023,1.06982083097,0.141688376973
0.155,0.204,1.912,2.51,0.4,0.6,262.5,0.03246914852,4,0.0302759807907,0.00295618891712,0.208943542356,0.219662459952,0,20.8943542356,21.9662459952,0,0.712593798006,1.28845418947,0.287930195731
0.155,0.204,1.912,2.51,0.4,0.6,277.5,0.03146468258,4,0.0281043113187,0.00233696697369,0.49539692648,0.187207862981,0.458662545674,49.539692648,18.7207862981,45.8662545674,0.171546494925,1.43726946738,0.632861486226
0.155,0.204,1.912,2.51,0.4,0.6,292.5,0.04718806288,4,0.04352388691,0.00360112951787,0.139437149012,0.217340408734,0,13.9437149012,21.7340408734,0,0.910551154633,1.21404442644,0.151746635903
0.155,0.204,1.912,2.51,0.4,0.6,307.5,0.07773897192,4,0.0732919458265,0.00397957643172,0.169350637907,0.123580253961,0.115791016018,16.9350637907,12.3580253961,11.5791016018,0.804160672027,1.23955080433,0.217695066151
0.155,0.204,1.912,2.51,0.4,0.6,322.5,0.1216382871,4,0.118399225789,0.00389337835748,0.0701806648155,0.0786935200744,0,7.01806648155,7.86935200744,0,0.952267893209,1.1268022186,0.0872671626956
0.155,0.204,1.912,2.51,0.4,0.6,337.5,0.2536934236,4,0.23628020368,0.00557157410021,0.175334627802,0.0591710970454,0.165048517051,17.5334627802,5.91710970454,16.5048517051,0.862669448078,1.30582702273,0.221578787324
0.155,0.204,1.912,2.51,0.6,0.8,37.5,0.05821829561,4,0.0594111219428,0.00272723723475,0.10926483986,0.101373905343,0.0407693088623,10.926483986,10.1373905343,4.07693088623,0.825271082193,1.08359850706,0.129163712434
0.155,0.204,1.912,2.51,0.6,0.8,52.5,0.0285417055,4,0.0286455103309,0.00305379365046,0.136476672643,0.353289441727,0,13.6476672643,35.3289441727,0,0.742883516271,1.08968736285,0.17340192329
0.155,0.204,1.912,2.51,0.6,0.8,75,0.0207293255,4,0.0205420645471,0.00187607226824,0.0874635039158,0.201542546474,0,8.74635039158,20.1542546474,0,0.874962643057,1.0706609888,0.0978491728711
0.155,0.204,1.912,2.51,0.6,0.8,120,0.01446193688,4,0.014015743796,0.00157005464576,0.285934778266,0.234564696661,0.163517890465,28.5934778266,23.4564696661,16.3517890465,0.473052885562,1.21550405943,0.371225586934
0.155,0.204,1.912,2.51,0.6,0.8,142.5,0.01307313145,4,0.010067285463,0.00142618383903,0.511981573156,0.312099803769,0.405855693244,51.1981573156,31.2099803769,40.5855693244,0.361497630256,1.77798041743,0.708241393589
0.155,0.204,1.912,2.51,0.6,0.8,157.5,0.01502587078,4,0.0137936099466,0.00172578305965,0.244166555697,0.267020266918,0,24.4166555697,26.7020266918,0,0.752225339138,1.35056245842,0.299168559643
0.155,0.204,1.912,2.51,0.6,0.8,172.5,0.0143122937,4,0.0119688085543,0.00161713089185,0.351338037844,0.332349210634,0.113940418759,35.1338037844,33.2349210634,11.3940418759,0.678943017858,1.58613623603,0.453596609084
0.155,0.204,1.912,2.51,0.6,0.8,232.5,0.01354125616,4,0.0140150485075,0.00125506548786,0.356668455361,0.209500965468,0.288655040692,35.6668455361,20.9500965468,28.8655040692,0.317269084343,1.18143405862,0.432082487139
0.155,0.204,1.912,2.51,0.6,0.8,262.5,0.01718715867,4,0.0166653309342,0.00200067247341,0.11768424993,0.298108634804,0,11.768424993,29.8108634804,0,0.82142755725,1.11858543546,0.148578939103
0.155,0.204,1.912,2.51,0.6,0.8,277.5,0.0196027594,4,0.0188448236872,0.00172005488346,0.400839088863,0.248680428711,0.314372421718,40.0839088863,24.8680428711,31.4372421718,0.258489820751,1.3037558105,0.522632994872
0.155,0.204,1.912,2.51,0.6,0.8,292.5,0.02092164445,4,0.0192885625046,0.00182431264124,0.184632970063,0.249172814169,0,18.4632970063,24.9172814169,0,0.90313127253,1.34214072686,0.219504727167
0.155,0.204,1.912,2.51,0.6,0.8,307.5,0.03826521642,4,0.0364012721541,0.00297436474651,0.112718089046,0.213765663755,0,11.2718089046,21.3765663755,0,0.905482384529,1.15813009396,0.126323854714
0.155,0.204,1.912,2.51,0.6,0.8,322.5,0.06195188671,4,0.0612161993445,0.00274278238914,0.190496407653,0.0944532115183,0.165431170469,19.0496407653,9.44532115183,16.5431170469,0.642584415583,1.12974760946,0.243581596941
0.155,0.204,1.912,2.51,0.8,1,37.5,0.03894994271,4,0.0389266250948,0.00257668245786,0.261033698406,0.136616597844,0.222428633268,26.1033698406,13.6616597844,22.2428633268,0.564399485866,1.23577042893,0.33568547153
0.155,0.204,1.912,2.51,0.8,1,52.5,0.02570028689,4,0.0244145606608,0.0027631776614,0.520274881925,0.437448630383,0.281646318169,52.0274881925,43.7448630383,28.1646318169,0.083824948826,1.44584870072,0.681011875946
0.155,0.204,1.912,2.51,0.8,1,67.5,0.01596265008,4,0.014983090684,0.00212383442428,0.358229881796,0.316300749423,0.168173969822,35.8229881796,31.6300749423,16.8173969822,0.382192087184,1.35919297557,0.488500444191
0.155,0.204,1.912,2.51,0.8,1,97.5,0.009671636397,4,0.00819405005614,0.00138671602122,0.315678047961,0.363363253556,0,31.5678047961,36.3363253556,0,0.624223933825,1.36177918289,0.368777624532
0.155,0.204,1.912,2.51,0.8,1,142.5,0.006703455902,4,0.00583950203475,0.000783949223175,0.465554315856,0.276225958908,0.374753306373,46.5554315856,27.6225958908,37.4753306373,0.192274984291,1.33175624218,0.569740628944
0.155,0.204,1.912,2.51,0.8,1,187.5,0.007443116035,4,0.00626399477519,0.000968646117565,0.31519139156,0.402039647481,0,31.519139156,40.2039647481,0,0.836467685087,1.57291279553,0.368222555219
0.155,0.204,1.912,2.51,0.8,1,232.5,0.008036879673,3,0.00783650002374,0.000989544748972,0.0824407789186,0.232401208565,0,8.24407789186,23.2401208565,0,0.92706108186,1.11938610214,0.0961625101407
0.155,0.204,1.912,2.51,0.8,1,262.5,0.01097971977,4,0.0109476835281,0.00170584595062,0.426363824226,0.334984413646,0.26376420004,42.6363824226,33.4984413646,26.376420004,0.277059267306,1.35821483804,0.540577785365
0.155,0.204,1.912,2.51,0.8,1,277.5,0.01161448334,4,0.0114097644009,0.00146427041219,0.182873921513,0.269880016374,0,18.2873921513,26.9880016374,0,0.702336202783,1.20811073442,0.25288726582
0.155,0.204,1.912,2.51,0.8,1,292.5,0.01517846935,4,0.0145438123862,0.00204421943029,0.32040130393,0.376699245143,0,32.040130393,37.6699245143,0,0.497600620375,1.28422868805,0.393314033838
0.155,0.204,1.912,2.51,0.8,1,307.5,0.02151067921,4,0.019226829819,0.00255215994888,0.218940135696,0.362501910767,0,21.8940135696,36.2501910767,0,0.842640847322,1.30720081764,0.232279985158
0.155,0.204,1.912,2.51,0.8,1,322.5,0.03728921775,4,0.0373666401605,0.00259049627049,0.251226496094,0.147276047789,0.203530140489,25.1226496094,14.7276047789,20.3530140489,0.735084198954,1.28079085314,0.272853327091
0.155,0.204,2.51,3.295,0.15,0.25,7.5,1.466032326,4,1.36283309881,0.0350279597217,0.151798739941,0.0711440214453,0.134094689158,15.1798739941,7.11440214453,13.4094689158,0.928586705226,1.26490392808,0.168158611425
0.155,0.204,2.51,3.295,0.15,0.25,22.5,1.052103709,4,0.969061255728,0.0251507948794,0.17632804695,0.0749868509783,0.15958869735,17.632804695,7.49868509783,15.958869735,0.909755761557,1.29044712252,0.190345680482
0.155,0.204,2.51,3.295,0.15,0.25,37.5,0.6708950298,4,0.631642181664,0.0177468565123,0.14233928146,0.0844759742552,0.114561253573,14.233928146,8.44759742552,11.4561253573,0.883047906855,1.2260347858,0.171493439473
0.155,0.204,2.51,3.295,0.15,0.25,52.5,0.4670468558,4,0.438657701844,0.0150093728226,0.142707782518,0.0986061335879,0.10316172551,14.2707782518,9.86061335879,10.316172551,0.929442272382,1.23197895814,0.151268342881
0.155,0.204,2.51,3.295,0.15,0.25,67.5,0.3059696757,4,0.291724558067,0.0128554073084,0.155291432396,0.127972498676,0.0879685657396,15.5291432396,12.7972498676,8.79685657396,0.887742012247,1.25411271997,0.183185353863
0.155,0.204,2.51,3.295,0.15,0.25,82.5,0.2720959225,4,0.248710732882,0.0144741406482,0.190564023717,0.16121313647,0.101611868229,19.0564023717,16.121313647,10.1611868229,0.84541034343,1.30587207571,0.230230866141
0.155,0.204,2.51,3.295,0.15,0.25,97.5,0.1802921882,4,0.169874045469,0.012105391499,0.118567804453,0.178880373746,0,11.8567804453,17.8880373746,0,0.881097600797,1.18981250692,0.154357453063
0.155,0.204,2.51,3.295,0.15,0.25,112.5,0.1674623997,4,0.148336123042,0.0105616081814,0.273102059338,0.166320145257,0.21661565986,27.3102059338,16.6320145257,21.661565986,0.763373267262,1.45007274754,0.34334974014
0.155,0.204,2.51,3.295,0.15,0.25,127.5,0.134821235,4,0.125028779037,0.00787322675869,0.190415348513,0.172959452162,0.0796431595123,19.0415348513,17.2959452162,7.96431595123,0.826027489792,1.25519475603,0.214583633117
0.155,0.204,2.51,3.295,0.15,0.25,142.5,0.1201657186,4,0.113364980811,0.00688521655852,0.127307392236,0.15880293248,0,12.7307392236,15.880293248,0,0.895380332393,1.23153897351,0.16807932056
0.155,0.204,2.51,3.295,0.15,0.25,157.5,0.1088594682,4,0.107917713839,0.00690620262458,0.156967396854,0.238431997879,0,15.6967396854,23.8431997879,0,0.719856766294,1.13235996069,0.206251597196
0.155,0.204,2.51,3.295,0.15,0.25,172.5,0.1129203551,4,0.100330110688,0.0079130500055,0.262538561467,0.222948906041,0.138637230037,26.2538561467,22.2948906041,13.8637230037,0.791252015924,1.36126483229,0.285006408184
0.155,0.204,2.51,3.295,0.15,0.25,187.5,0.1068670565,4,0.106231161816,0.00945834241229,0.100114084717,0.256618864817,0,10.0114084717,25.6618864817,0,0.921630270782,1.15198574512,0.115177737171
0.155,0.204,2.51,3.295,0.15,0.25,202.5,0.1127860459,4,0.0928334654441,0.00847621331769,0.364101616087,0.242536740773,0.271561993312,36.4101616087,24.2536740773,27.1561993312,0.782194179143,1.68576472128,0.45178527107
0.155,0.204,2.51,3.295,0.15,0.25,247.5,0.1577455251,4,0.140980277477,0.00651466647937,0.26445227616,0.127087641444,0.231913211695,26.445227616,12.7087641444,23.1913211695,0.843708849412,1.36719229419,0.261741722391
0.155,0.204,2.51,3.295,0.15,0.25,292.5,0.3701661009,4,0.34154185421,0.015880420887,0.287792801819,0.146810813142,0.24753036566,28.7792801819,14.6810813142,24.753036566,0.856131901247,1.51847557249,0.331171835621
0.155,0.204,2.51,3.295,0.15,0.25,307.5,0.5091241985,4,0.464823133691,0.0157719599452,0.235264905972,0.107391492199,0.209324254173,23.5264905972,10.7391492199,20.9324254173,0.849550132249,1.34710884639,0.248779357068
0.155,0.204,2.51,3.295,0.15,0.25,322.5,0.6976406073,4,0.651407688054,0.0180999439425,0.182723033165,0.0844029269157,0.16206126242,18.2723033165,8.44029269157,16.206126242,0.883462900045,1.26544522841,0.190991164184
0.155,0.204,2.51,3.295,0.15,0.25,337.5,1.041329175,4,0.967265523948,0.0257991932924,0.16617601258,0.0749670137091,0.148305138187,16.617601258,7.49670137091,14.8305138187,0.864388814963,1.28271490122,0.209163043126
0.155,0.204,2.51,3.295,0.15,0.25,352.5,1.385638403,4,1.28807837201,0.0349758914857,0.156686146002,0.0761864168737,0.136916683545,15.6686146002,7.61864168737,13.6916683545,0.922832748244,1.24228412864,0.159725690199
0.155,0.204,2.51,3.295,0.25,0.4,7.5,1.429481637,4,1.36062949816,0.0401426025758,0.11384533801,0.0749479090981,0.0856946434064,11.384533801,7.49479090981,8.56946434064,0.905097685053,1.20307901469,0.148990664817
0.155,0.204,2.51,3.295,0.25,0.4,22.5,0.6964831999,4,0.649066666015,0.0173422535069,0.169254845424,0.0753145039766,0.151574827034,16.9254845424,7.53145039766,15.1574827034,0.904773417506,1.24850115717,0.171863869831
0.155,0.204,2.51,3.295,0.25,0.4,37.5,0.3732906188,4,0.349453774723,0.00960315768856,0.157282031655,0.0808191016108,0.13492927887,15.7282031655,8.08191016108,13.492927887,0.926020489709,1.2242337698,0.149106640045
0.155,0.204,2.51,3.295,0.25,0.4,52.5,0.2395132989,4,0.236462928477,0.00836272521743,0.113468875538,0.104390041619,0.0444736430548,11.3468875538,10.4390041619,4.44736430548,0.940248453031,1.21768575884,0.138718652904
0.155,0.204,2.51,3.295,0.25,0.4,67.5,0.1363385052,4,0.134021968901,0.0083062258607,0.0891723744378,0.373810799517,0,8.91723744378,37.3810799517,0,0.874376635868,1.09333367657,0.109478520352
0.155,0.204,2.51,3.295,0.25,0.4,82.5,0.1067838323,4,0.0978163723563,0.00937050112229,0.425853301078,0.300518306937,0.301727992131,42.5853301078,30.0518306937,30.1727992131,0.33013801833,1.49839561792,0.584128799797
0.155,0.204,2.51,3.295,0.25,0.4,97.5,0.06598628945,4,0.0602730916403,0.00714832503781,0.215383612285,0.274061835208,0,21.5383612285,27.4061835208,0,0.857009946301,1.34506899785,0.244029525776
0.155,0.204,2.51,3.295,0.25,0.4,112.5,0.07883062451,4,0.0716114631048,0.00535926092124,0.276930383185,0.222467038099,0.16492075094,27.6930383185,22.2467038099,16.492075094,0.693880175123,1.4486499326,0.377384878737
0.155,0.204,2.51,3.295,0.25,0.4,127.5,0.05385789908,4,0.0512477825147,0.00404286769257,0.430723585379,0.379472426212,0.203773120765,43.0723585379,37.9472426212,20.3773120765,0.309527251163,1.45602620247,0.573249475654
0.155,0.204,2.51,3.295,0.25,0.4,142.5,0.05266703535,4,0.0491713113567,0.00348751233792,0.238709574197,0.199704375946,0.130768585835,23.8709574197,19.9704375946,13.0768585835,0.846986236708,1.41018926965,0.281601516473
0.155,0.204,2.51,3.295,0.25,0.4,157.5,0.05347365375,4,0.0504472451258,0.00323836769036,0.148700760185,0.166767233766,0,14.8700760185,16.6767233766,0,0.852506640804,1.191126922,0.169310140598
0.155,0.204,2.51,3.295,0.25,0.4,172.5,0.04472995234,4,0.0443221492011,0.00375540789962,0.0373660393279,0.285010626429,0,3.73660393279,28.5010626429,0,0.967416766399,1.06134128732,0.0469622604616
0.155,0.204,2.51,3.295,0.25,0.4,187.5,0.04294544759,4,0.0383016240804,0.00399774659303,0.321726424516,0.220896741725,0.233907079259,32.1726424516,22.0896741725,23.3907079259,0.563273077004,1.41781583115,0.427271377074
0.155,0.204,2.51,3.295,0.25,0.4,202.5,0.04667727903,4,0.0454572008146,0.00453179171842,0.0830222276173,0.271268780454,0,8.30222276173,27.1268780454,0,0.948469214281,1.14688096002,0.0992058728692
0.155,0.204,2.51,3.295,0.25,0.4,225,0.04627264087,4,0.0450189097736,0.00322072733177,0.256024565181,0.283113280888,0,25.6024565181,28.3113280888,0,0.602832892811,1.23635753175,0.316762319472
0.155,0.204,2.51,3.295,0.25,0.4,247.5,0.05688732611,4,0.0537300206748,0.00463117955511,0.236391385402,0.246990292277,0,23.6391385402,24.6990292277,0,0.820708487475,1.40849632812,0.29389392032
0.155,0.204,2.51,3.295,0.25,0.4,262.5,0.06636201845,4,0.0633302628029,0.005650635628,0.0923399252886,0.278315392897,0,9.23399252886,27.8315392897,0,0.956393165595,1.15735660056,0.100481717482
0.155,0.204,2.51,3.295,0.25,0.4,277.5,0.1091953509,4,0.102280953395,0.01042385469,0.308960326613,0.260199721657,0.166591081004,30.8960326613,26.0199721657,16.6591081004,0.685958952972,1.43895601199,0.376498529508
0.155,0.204,2.51,3.295,0.25,0.4,292.5,0.1534126537,4,0.146405413511,0.00792034871694,0.16372774385,0.149826591485,0.0660209556895,16.372774385,14.9826591485,6.60209556895,0.872060540922,1.26296820293,0.195453831001
0.155,0.204,2.51,3.295,0.25,0.4,307.5,0.2384482194,4,0.222103664426,0.00791949503844,0.178401499505,0.103611818261,0.145229770166,17.8401499505,10.3611818261,14.5229770166,0.915665635801,1.2413206739,0.162827519049
0.155,0.204,2.51,3.295,0.25,0.4,322.5,0.3948847922,4,0.366297070264,0.0099927022212,0.183453150241,0.0802168524445,0.164985802168,18.3453150241,8.02168524445,16.4985802168,0.874598779263,1.26215068132,0.19377595103
0.155,0.204,2.51,3.295,0.25,0.4,337.5,0.7420559584,4,0.698057787884,0.0184354351544,0.146793131122,0.0711507948162,0.128396992728,14.6793131122,7.11507948162,12.8396992728,0.857186188716,1.23746353883,0.190138675055
0.155,0.204,2.51,3.295,0.25,0.4,352.5,1.476312664,4,1.40347757353,0.0423864472576,0.119519981698,0.0759431484636,0.0922911925728,11.9519981698,7.59431484636,9.22911925728,0.902555794188,1.21392064122,0.155682423518
0.155,0.204,2.51,3.295,0.4,0.6,37.5,0.1667067219,4,0.164632470501,0.0048946713715,0.0374008899552,0.0801321299584,0,3.74008899552,8.01321299584,0,0.976788781765,1.04908331008,0.0361472641568
0.155,0.204,2.51,3.295,0.4,0.6,52.5,0.09809461243,4,0.0974403238108,0.00441013677486,0.118607780864,0.126008141165,0,11.8607780864,12.6008141165,0,0.965012580957,1.23367885695,0.134333137997
0.155,0.204,2.51,3.295,0.4,0.6,82.5,0.04251307623,4,0.0432200573212,0.00322226721296,0.0987574482638,0.171678037192,0,9.87574482638,17.1678037192,0,0.830384987999,1.08142593825,0.125520475128
0.155,0.204,2.51,3.295,0.4,0.6,112.5,0.0310663092,4,0.0244258684853,0.00289751682107,0.64429460644,0.340384878338,0.547040834387,64.429460644,34.0384878338,54.7040834387,0.763064534275,2.02746149803,0.632198481879
0.155,0.204,2.51,3.295,0.4,0.6,127.5,0.02254770119,4,0.0196870171508,0.00200087825757,0.284321150828,0.249074575451,0.137114450996,28.4321150828,24.9074575451,13.7114450996,0.863608799128,1.53392774125,0.33515947106
0.155,0.204,2.51,3.295,0.4,0.6,142.5,0.02472591152,4,0.0250004757249,0.00196063319778,0.1539766299,0.192709654779,0,15.39766299,19.2709654779,0,0.699524906342,1.06664216167,0.183558627663
0.155,0.204,2.51,3.295,0.4,0.6,157.5,0.0186681354,4,0.0173388603248,0.00165192646933,0.206124266589,0.357387307951,0,20.6124266589,35.7387307951,0,0.751744941468,1.27061010743,0.25943258298
0.155,0.204,2.51,3.295,0.4,0.6,172.5,0.02294893487,4,0.0225761509279,0.0019923572828,0.120156203754,0.222191725338,0,12.0156203754,22.2191725338,0,0.928143550553,1.22473656197,0.148296505711
0.155,0.204,2.51,3.295,0.4,0.6,187.5,0.02489549399,4,0.024305983046,0.00274028103498,0.0782015370726,0.256001336887,0,7.82015370726,25.6001336887,0,0.908669866106,1.11929826695,0.105314200424
0.155,0.204,2.51,3.295,0.4,0.6,202.5,0.02401721664,4,0.020041922945,0.00260536716494,0.517061671656,0.401223060889,0.326148474941,51.7061671656,40.1223060889,32.6148474941,0.709140074482,1.88499327503,0.587926600273
0.155,0.204,2.51,3.295,0.4,0.6,232.5,0.02638214139,4,0.0257850945836,0.00162424949779,0.143646914929,0.152608656944,0,14.3646914929,15.2608656944,0,0.809235507063,1.14825570308,0.169510098008
0.155,0.204,2.51,3.295,0.4,0.6,262.5,0.02984298352,4,0.0303498731011,0.00269645279829,0.165984574961,0.240344128064,0,16.5984574961,24.0344128064,0,0.716804017845,1.12602147845,0.2046087303
0.155,0.204,2.51,3.295,0.4,0.6,277.5,0.03922436697,4,0.0359874167319,0.00327227633906,0.186218603211,0.247742814538,0,18.6218603211,24.7742814538,0,0.820658552684,1.32130234394,0.250321895626
0.155,0.204,2.51,3.295,0.4,0.6,292.5,0.05745448237,4,0.0541558346189,0.00487295220778,0.214017243941,0.246051206997,0,21.4017243941,24.6051206997,0,0.916672852322,1.37998491623,0.231656031954
0.155,0.204,2.51,3.295,0.4,0.6,307.5,0.08395979134,4,0.0839476611854,0.0039810129878,0.158492498573,0.136607944775,0.0803625629767,15.8492498573,13.6607944775,8.03625629767,0.930739721115,1.29488586894,0.182073073915
0.155,0.204,2.51,3.295,0.6,0.8,37.5,0.06898157349,4,0.0695733723291,0.00271410321038,0.0635143811238,0.117239926216,0,6.35143811238,11.7239926216,0,0.903534591835,1.05589856723,0.0761819876996
0.155,0.204,2.51,3.295,0.6,0.8,60,0.02569856721,4,0.0278407500347,0.00194139080299,0.332149219094,0.895962708529,0,33.2149219094,89.5962708529,0,0.382025676992,1.17629091383,0.397132618417
0.155,0.204,2.51,3.295,0.6,0.8,112.5,0.008009633502,4,0.00900731348415,0.00107888201962,0.509838101504,0.513324314525,0,50.9838101504,51.3324314525,0,0.0933740108724,1.35866262805,0.632644308587
0.155,0.204,2.51,3.295,0.6,0.8,142.5,0.009055337605,4,0.00850417582422,0.00129359037567,0.324733003271,0.308569938451,0.101173694691,32.4733003271,30.8569938451,10.1173694691,0.572499887659,1.29487394753,0.361187029936
0.155,0.204,2.51,3.295,0.6,0.8,157.5,0.01121810986,4,0.0105124334528,0.00122979950766,0.34596567474,0.422581009214,0,34.596567474,42.2581009214,0,0.952356862466,1.6847332884,0.366188212965
0.155,0.204,2.51,3.295,0.6,0.8,180,0.008855909487,4,0.00803959149636,0.000980299234071,0.243513928045,0.319249311746,0,24.3513928045,31.9249311746,0,0.744304486081,1.30558278051,0.280639147215
0.155,0.204,2.51,3.295,0.6,0.8,217.5,0.007858478975,4,0.00778941491292,0.000916084664328,0.122434928096,0.276327314789,0,12.2434928096,27.6327314789,0,0.91783553167,1.18112543777,0.13164495305
0.155,0.204,2.51,3.295,0.6,0.8,247.5,0.009109725435,4,0.0092301785659,0.00134153909465,0.10304617769,0.342992356835,0,10.304617769,34.2992356835,0,0.895332609656,1.14917360637,0.126920498356
0.155,0.204,2.51,3.295,0.6,0.8,262.5,0.01584980922,4,0.0142103818322,0.0015221138977,0.559678350166,0.349510681801,0.437129430434,55.9678350166,34.9510681801,43.7129430434,0.74106330388,2.01711926945,0.638027982783
0.155,0.204,2.51,3.295,0.6,0.8,277.5,0.01331706992,4,0.0140128453402,0.00178565313358,0.109663928163,0.454667288968,0,10.9663928163,45.4667288968,0,0.841756078342,1.09483279431,0.126538357982
0.155,0.204,2.51,3.295,0.6,0.8,292.5,0.01927722288,4,0.0164098467574,0.00233472665219,0.381967395271,0.328035670274,0.195682625897,38.1967395271,32.8035670274,19.5682625897,0.702120642581,1.52509740157,0.411488379496
0.155,0.204,2.51,3.295,0.6,0.8,307.5,0.03438522405,4,0.035237086345,0.00257516252104,0.190723776392,0.180386275562,0.0619382795225,19.0723776392,18.0386275562,6.19382795225,0.70568396764,1.17952204995,0.236919041157
0.155,0.204,2.51,3.295,0.6,0.8,322.5,0.07217786532,4,0.0704962251959,0.00273841621552,0.0939840971363,0.10223361135,0,9.39840971363,10.223361135,0,0.905965706284,1.13584793338,0.114941113549
0.204,0.268,1.456,1.912,0.15,0.25,7.5,0.1787007565,4,0.173082853558,0.0119841626188,0.239670938007,0.186029988551,0.15111254708,23.9670938007,18.6029988551,15.111254708,0.556759074968,1.15891629457,0.301078609802
0.204,0.268,1.456,1.912,0.15,0.25,22.5,0.1592829861,4,0.151707167322,0.00862365429528,0.182363811868,0.136860399846,0.120522988815,18.2363811868,13.6860399846,12.0522988815,0.718516455908,1.21272944942,0.247106496758
0.204,0.268,1.456,1.912,0.15,0.25,37.5,0.1464359817,4,0.144048705427,0.0086440973272,0.178075699754,0.161992058773,0.0739562555678,17.8075699754,16.1992058773,7.39562555678,0.710557778335,1.17205213403,0.230747177849
0.204,0.268,1.456,1.912,0.15,0.25,52.5,0.1384296072,4,0.126372796264,0.0102199147903,0.340412782636,0.300270848394,0.160369199621,34.0412782636,30.0270848394,16.0369199621,0.52880062059,1.36453800895,0.417868694183
0.204,0.268,1.456,1.912,0.15,0.25,67.5,0.1714332435,4,0.135492263106,0.0118708821466,0.541859299222,0.298848311781,0.451996887931,54.1859299222,29.8848311781,45.1996887931,0.603846111983,1.92455151625,0.660352702134
0.204,0.268,1.456,1.912,0.15,0.25,82.5,0.08702933709,4,0.109635714162,0.0105770520032,0.328017267403,0.337557443222,0,32.8017267403,33.7557443222,0,0.558439811498,1.16560042662,0.303580307562
0.204,0.268,1.456,1.912,0.15,0.25,112.5,0.1168034273,4,0.108265526019,0.00851169931327,0.343969417012,0.225057105847,0.260123545546,34.3969417012,22.5057105847,26.0123545546,0.577625713833,1.41748007924,0.419927182704
0.204,0.268,1.456,1.912,0.15,0.25,187.5,0.4427517299,2,0.413818256852,0.299942567898,0.0765800578852,1.24731769671,0,7.65800578852,124.731769671,0,0.971373957153,1.10444884012,0.0665374414833
0.204,0.268,1.456,1.912,0.15,0.25,307.5,0.108718634,4,0.127156614005,0.0074025589175,0.224700901744,0.166021517581,0.151417802602,22.4700901744,16.6021517581,15.1417802602,0.645943728708,1.097387082,0.225721676648
0.204,0.268,1.456,1.912,0.15,0.25,337.5,0.1534432173,4,0.148981021018,0.00949990515651,0.250511929876,0.149514038455,0.201001938586,25.0511929876,14.9514038455,20.1001938586,0.702797133382,1.22070472841,0.258953797512
0.204,0.268,1.456,1.912,0.15,0.25,352.5,0.1736389585,4,0.159885115122,0.00963354035796,0.230844324402,0.149995798842,0.175471828048,23.0844324402,14.9995798842,17.5471828048,0.780438970224,1.36609352617,0.292827277975
0.204,0.268,1.456,1.912,0.25,0.4,7.5,0.164255282,4,0.147634040587,0.00892127186306,0.2941744493,0.152551220633,0.251528789017,29.41744493,15.2551220633,25.1528789017,0.72263746678,1.48470114026,0.38103183674
0.204,0.268,1.456,1.912,0.25,0.4,22.5,0.1095802501,4,0.101242534019,0.00682981522415,0.394274080301,0.21054688558,0.333349755316,39.4274080301,21.054688558,33.3349755316,0.501430614235,1.41508452537,0.456826955568
0.204,0.268,1.456,1.912,0.25,0.4,37.5,0.08984603711,4,0.100291380734,0.00738592379476,0.178398087898,0.181187992409,0,17.8398087898,18.1187992409,0,0.696912217069,1.10115401535,0.202120899141
0.204,0.268,1.456,1.912,0.25,0.4,60,0.0908773063,3,0.101870287761,0.00733111735879,0.28097979953,0.198912665272,0.198452511544,28.097979953,19.8912665272,19.8452511544,0.553481657797,1.07992033907,0.263219340638
0.204,0.268,1.456,1.912,0.25,0.4,82.5,0.09592717762,4,0.105637223998,0.00969396680178,0.430257686019,0.309172631136,0.299222259424,43.0257686019,30.9172631136,29.9222259424,0.167857661617,1.12869550228,0.480418920331
0.204,0.268,1.456,1.912,0.25,0.4,97.5,0.06741247804,4,0.0760923613323,0.0071758212088,0.317773934735,0.309833781721,0.0705925017345,31.7773934735,30.9833781721,7.05925017345,0.545210001814,1.25937200978,0.357081003983
0.204,0.268,1.456,1.912,0.25,0.4,112.5,0.06840874669,4,0.0704412931428,0.00755483232454,0.169733682738,0.299421201163,0,16.9733682738,29.9421201163,0,0.713152533247,1.10726962184,0.197058544295
0.204,0.268,1.456,1.912,0.25,0.4,127.5,0.08986708607,4,0.068540224466,0.0128039471432,0.607265535423,0.481956542672,0.369444612206,60.7265535423,48.1956542672,36.9444612206,0.358924263696,1.98952913946,0.81530243788
0.204,0.268,1.456,1.912,0.25,0.4,150,0.08862641262,4,0.0704363955581,0.0239358353408,0.331260620211,0.821497806459,0,33.1260620211,82.1497806459,0,0.739037601477,1.56613566219,0.413549030358
0.204,0.268,1.456,1.912,0.25,0.4,217.5,0.05349056815,3,0.0780838785085,0.0148482844604,0.5192109206,0.506194675436,0.115528916857,51.92109206,50.6194675436,11.5528916857,0.355209360239,1.20052148306,0.42265606141
0.204,0.268,1.456,1.912,0.25,0.4,345,0.1049043721,4,0.109817481772,0.00575615580356,0.170788280393,0.147062931547,0.0868396849614,17.0788280393,14.7062931547,8.68396849614,0.775964006872,1.13344515729,0.17874057521
0.204,0.268,1.456,1.912,0.4,0.6,22.5,0.0905026284,4,0.0943385226225,0.0050197977887,0.278956639777,0.137288284062,0.242834787325,27.8956639777,13.7288284062,24.2834787325,0.470043514858,1.11946142217,0.324708953654
0.204,0.268,1.456,1.912,0.4,0.6,97.5,0.03889006751,4,0.0440782694969,0.00413099887731,0.348440247837,0.263007489746,0.228555609536,34.8440247837,26.3007489746,22.8555609536,0.471754823575,1.14574994655,0.336997561486
0.204,0.268,1.456,1.912,0.4,0.6,142.5,0.174318234,1,0,0,0,0,0,0,0,0,0,0,0
0.204,0.268,1.456,1.912,0.4,0.6,277.5,0.05534731309,4,0.0506443694292,0.0047966025913,0.391056766466,0.338562608199,0.19570578665,39.1056766466,33.8562608199,19.570578665,0.553492361657,1.48897493008,0.467741284213
0.204,0.268,1.456,1.912,0.4,0.6,322.5,0.1198591671,4,0.0874482064426,0.00606878420745,0.635269634116,0.307413539819,0.555935628977,63.5269634116,30.7413539819,55.5935628977,0.552676102874,2.1813684598,0.814346178463
0.204,0.268,1.456,1.912,0.4,0.6,352.5,0.1069052845,4,0.116067823144,0.00896753441419,0.168748017566,0.245991732101,0,16.8748017566,24.5991732101,0,0.750042371276,1.10722408001,0.178590854368
0.204,0.268,1.456,1.912,0.6,0.8,7.5,0.1340802993,4,0.138644550882,0.0121324702981,0.217868483589,0.189164574956,0.108089961251,21.7868483589,18.9164574956,10.8089961251,0.743588013692,1.27195596349,0.264183974897
0.204,0.268,1.456,1.912,0.6,0.8,127.5,0.02011766053,4,0.0210126815959,0.00485850613058,0.856821283817,1.12728747637,0,85.6821283817,112.728747637,0,0.109036931319,2.18126267039,1.03611286954
0.204,0.268,1.456,1.912,0.6,0.8,270,0.02112368675,3,0.0232755496326,0.00310695740939,0.644948600241,0.26206313012,0.589306043397,64.4948600241,26.206313012,58.9306043397,0.381623048229,1.84873847145,0.733557711613
0.204,0.268,1.456,1.912,0.6,0.8,322.5,0.03419661246,4,0.0353569647719,0.00390234383968,0.30566314558,0.240979437086,0.188039542298,30.566314558,24.0979437086,18.8039542298,0.463055771208,1.27672937882,0.406836803804
0.204,0.268,1.456,1.912,0.6,0.8,345,0.09344095472,4,0.100810710075,0.00683037972774,0.11961688378,0.160045830035,0,11.961688378,16.0045830035,0,0.845806362507,1.10086947426,0.127531555878
0.204,0.268,1.456,1.912,0.8,1,75,0.01556625336,4,0.0193077588917,0.00267367107564,0.375840208087,0.324147719654,0.190221233983,37.5840208087,32.4147719654,19.0221233983,0.593364169516,1.34251275642,0.374574293452
0.204,0.268,1.456,1.912,0.8,1,300,0.007193385386,4,0.0108394162143,0.00295377387847,0.645262874953,0.654692954091,0,64.5262874953,65.4692954091,0,0.213084820006,1.57710659338,0.682010886687
0.204,0.268,1.456,1.912,0.8,1,330,0.04404354888,4,0.0476802232804,0.00378665427513,0.363995270868,0.168876493025,0.322448891016,36.3995270868,16.8876493025,32.2448891016,0.506007158946,1.3747042606,0.434348550828
0.204,0.268,1.912,2.51,0.15,0.25,7.5,0.1533179073,4,0.14595747962,0.00710466258126,0.113420975178,0.114303615413,0,11.3420975178,11.4303615413,0,0.913724691923,1.20059959898,0.143437453527
0.204,0.268,1.912,2.51,0.15,0.25,22.5,0.1457430115,4,0.128644411173,0.00560301488492,0.308897625086,0.101690128168,0.291679379828,30.8897625086,10.1690128168,29.1679379828,0.595282287521,1.46260480952,0.433661261
0.204,0.268,1.912,2.51,0.15,0.25,37.5,0.1256183371,4,0.118052794491,0.00516026812525,0.247604689279,0.100711158975,0.226197578702,24.7604689279,10.0711158975,22.6197578702,0.607034762275,1.26709442199,0.330029829856
0.204,0.268,1.912,2.51,0.15,0.25,52.5,0.1099207408,4,0.108307947875,0.00591846563882,0.348995657934,0.147353111281,0.316362181452,34.8995657934,14.7353111281,31.6362181452,0.360188964848,1.20079715064,0.420304092895
0.204,0.268,1.912,2.51,0.15,0.25,67.5,0.1047546754,4,0.0877123522479,0.00568429381993,0.34612284268,0.163349799258,0.305152200233,34.612284268,16.3349799258,30.5152200233,0.787333078411,1.65863977389,0.435653347741
0.204,0.268,1.912,2.51,0.15,0.25,82.5,0.07953571585,4,0.0652447617864,0.00505638827134,0.468645096557,0.248747663788,0.397181100114,46.8645096557,24.8747663788,39.7181100114,0.43913053256,1.74191865505,0.651394061245
0.204,0.268,1.912,2.51,0.15,0.25,97.5,0.0717575559,4,0.0582265228589,0.00507576468152,0.419184244881,0.213487817046,0.360746979377,41.9184244881,21.3487817046,36.0746979377,0.540515071564,1.69950746621,0.579496197321
0.204,0.268,1.912,2.51,0.15,0.25,120,0.07726993447,4,0.0591332405513,0.00591156406962,0.559288870366,0.264294910374,0.492901857236,55.9288870366,26.4294910374,49.2901857236,0.520614341325,2.00450709609,0.741946377384
0.204,0.268,1.912,2.51,0.15,0.25,157.5,0.05295742785,4,0.0488425164438,0.0140721987035,0.30101657028,0.628111544436,0,30.101657028,62.8111544436,0,0.736119680307,1.39335467816,0.328617498926
0.204,0.268,1.912,2.51,0.15,0.25,247.5,0.06727907447,4,0.0600780254222,0.00446179811391,0.24481212617,0.191075757958,0.153045848818,24.481212617,19.1075757958,15.3045848818,0.829470354091,1.42013390138,0.295331773645
0.204,0.268,1.912,2.51,0.15,0.25,285,0.07576241394,4,0.0735197250662,0.00500780238755,0.0777665179561,0.162836816188,0,7.77665179561,16.2836816188,0,0.942289145772,1.10698601765,0.0823484359408
0.204,0.268,1.912,2.51,0.15,0.25,307.5,0.08216011452,4,0.0886889567128,0.00692724023267,0.179622096724,0.169551313446,0.0592996605416,17.9622096724,16.9551313446,5.92996605416,0.78647138015,1.19814808223,0.205838351038
0.204,0.268,1.912,2.51,0.15,0.25,322.5,0.1084756198,4,0.109446403156,0.00652574599889,0.127292241011,0.136757735804,0,12.7292241011,13.6757735804,0,0.773271749273,1.09256571575,0.159646983237
0.204,0.268,1.912,2.51,0.15,0.25,337.5,0.1373483418,4,0.124041228188,0.00595300903722,0.195070252879,0.119714855998,0.154015443419,19.5070252879,11.9714855998,15.4015443419,0.896300355327,1.37288849109,0.238294067882
0.204,0.268,1.912,2.51,0.15,0.25,352.5,0.1544276953,4,0.141633492127,0.00640442124264,0.196881518224,0.102761317721,0.167935832384,19.6881518224,10.2761317721,16.7935832384,0.753223541961,1.30455947266,0.27566796535
0.204,0.268,1.912,2.51,0.25,0.4,7.5,0.1429001425,4,0.126015625154,0.00620478214006,0.298113515528,0.118786652787,0.273425308375,29.8113515528,11.8786652787,27.3425308375,0.686991269411,1.48520200469,0.399105367637
0.204,0.268,1.912,2.51,0.25,0.4,22.5,0.09635538026,4,0.0963147396666,0.00455675923064,0.126697748608,0.11363181511,0.0560368637325,12.6697748608,11.363181511,5.60368637325,0.810132360115,1.10921251482,0.149540077353
0.204,0.268,1.912,2.51,0.25,0.4,37.5,0.08437988587,4,0.0880638224167,0.0049150521525,0.295230461246,0.158903900019,0.248818359062,29.5230461246,15.8903900019,24.8818359062,0.415117972475,1.07892976597,0.331905896745
0.204,0.268,1.912,2.51,0.25,0.4,52.5,0.07556821843,4,0.069358533003,0.00450484422549,0.19153263385,0.150744919912,0.118155486332,19.153263385,15.0744919912,11.8155486332,0.852981801496,1.3355320427,0.241275120601
0.204,0.268,1.912,2.51,0.25,0.4,67.5,0.08050227546,4,0.078688652811,0.00554049271404,0.203589566902,0.162206839665,0.123035169433,20.3589566902,16.2206839665,12.3035169433,0.688336878382,1.16107221062,0.236367666119
0.204,0.268,1.912,2.51,0.25,0.4,82.5,0.04971252559,4,0.0486270391326,0.00355898244849,0.330440936544,0.179859840426,0.277203265396,33.0440936544,17.9859840426,27.7203265396,0.404480931614,1.20410037593,0.399809722158
0.204,0.268,1.912,2.51,0.25,0.4,97.5,0.05084494372,4,0.0479256839554,0.00341055600267,0.23548777202,0.176245305336,0.156179650141,23.548777202,17.6245305336,15.6179650141,0.618572803626,1.27459155381,0.328009375091
0.204,0.268,1.912,2.51,0.25,0.4,112.5,0.04270942044,4,0.0428909470063,0.00365666439507,0.278027020982,0.200168637128,0.192954764404,27.8027020982,20.0168637128,19.2954764404,0.454333612805,1.08734287315,0.316504630173
0.204,0.268,1.912,2.51,0.25,0.4,127.5,0.04516048533,4,0.0388419788335,0.00425900864908,0.265886085134,0.274214648792,0,26.5886085134,27.4214648792,0,0.894541321361,1.5098048779,0.307631778268
0.204,0.268,1.912,2.51,0.25,0.4,142.5,0.03302230397,4,0.0251289694331,0.00504953483676,0.70032455596,0.481789722201,0.508264839688,70.032455596,48.1789722201,50.8264839688,0.36168314762,2.16742979433,0.902873323353
0.204,0.268,1.912,2.51,0.25,0.4,157.5,0.02539748748,4,0.0249104561842,0.00580088341757,0.333617539988,0.71996738676,0,33.3617539988,71.996738676,0,0.831237452933,1.62367927833,0.396220912696
0.204,0.268,1.912,2.51,0.25,0.4,172.5,0.04831765426,3,0.0341046180731,0.0119700576876,0.681461227134,0.7937363401,0,68.1461227134,79.37363401,0,0.840934531755,2.16686908329,0.662967275767
0.204,0.268,1.912,2.51,0.25,0.4,187.5,0.05357281884,2,0.0503273845329,0.0209603932218,0.14568091872,0.676117594355,0,14.568091872,67.6117594355,0,0.933444443536,1.19497748091,0.130766518687
0.204,0.268,1.912,2.51,0.25,0.4,210,0.02863714594,4,0.0282009600091,0.00456452352437,0.34150542465,0.439097226339,0,34.150542465,43.9097226339,0,0.357419557942,1.22017143951,0.431375940786
0.204,0.268,1.912,2.51,0.25,0.4,240,0.0378029831,4,0.0363427077007,0.00336574224652,0.236992834257,0.242950170878,0,23.6992834257,24.2950170878,0,0.651423243556,1.30894235239,0.328759554417
0.204,0.268,1.912,2.51,0.25,0.4,292.5,0.07546024767,4,0.0564262343936,0.00333467469375,0.512860899244,0.23328254463,0.456733572605,51.2860899244,23.328254463,45.6733572605,0.859413890563,2.01160880962,0.57609745953
0.204,0.268,1.912,2.51,0.25,0.4,330,0.08662082059,4,0.0855582130258,0.00446002963947,0.0629415992477,0.130440428908,0,6.29415992477,13.0440428908,0,0.882686213973,1.03296013047,0.0751369582493
0.204,0.268,1.912,2.51,0.25,0.4,352.5,0.1264104931,4,0.115790286158,0.00548022641345,0.256863709144,0.115719458282,0.229320675148,25.6863709144,11.5719458282,22.9320675148,0.750504194036,1.38745884505,0.318477325505
0.204,0.268,1.912,2.51,0.4,0.6,7.5,0.1066279887,4,0.10198877481,0.00428329079142,0.129804295445,0.0981682816635,0.0849243403933,12.9804295445,9.81682816635,8.49243403933,0.843072489104,1.2034400965,0.1801838037
0.204,0.268,1.912,2.51,0.4,0.6,22.5,0.07149679304,4,0.0713934622116,0.00472534430954,0.165799455746,0.145340127825,0.0797853794212,16.5799455746,14.5340127825,7.97853794212,0.682623593958,1.09513966655,0.206258036294
0.204,0.268,1.912,2.51,0.4,0.6,52.5,0.05375814786,4,0.0458077827858,0.00300919400941,0.281382209733,0.225380093052,0.168462938388,28.1382209733,22.5380093052,16.8462938388,0.63411699614,1.3674128157,0.366647909778
0.204,0.268,1.912,2.51,0.4,0.6,90,0.02532149721,4,0.0256194790355,0.0021216625282,0.489503669401,0.249791139952,0.420972954901,48.9503669401,24.9791139952,42.0972954901,0.0486635202954,1.21399358382,0.582665031764
0.204,0.268,1.912,2.51,0.4,0.6,112.5,0.02406874649,4,0.0233972320212,0.00247620469124,0.0756637434487,0.251877146213,0,7.56637434487,25.1877146213,0,0.925167871157,1.12639854091,0.100615334877
0.204,0.268,1.912,2.51,0.4,0.6,127.5,0.02448459372,4,0.021010559879,0.00275371392028,0.359725591649,0.282551053065,0.222637381631,35.9725591649,28.2551053065,22.2637381631,0.560999572972,1.50720320412,0.473101815576
0.204,0.268,1.912,2.51,0.4,0.6,142.5,0.01652425844,4,0.0174978055063,0.00343528885753,0.366299697085,0.482314076648,0,36.6299697085,48.2314076648,0,0.301986161528,1.19875656822,0.448385203344
0.204,0.268,1.912,2.51,0.4,0.6,157.5,0.02284549653,3,0.0200238682718,0.00630931105605,0.400889767725,0.589921377455,0,40.0889767725,58.9921377455,0,0.689380400063,1.60745193502,0.459035767477
0.204,0.268,1.912,2.51,0.4,0.6,172.5,0.0130572841,3,0.0120166488893,0.00464313215854,0.422903987946,0.725803366047,0,42.2903987946,72.5803366047,0,0.73125356686,1.68140877262,0.475077602882
0.204,0.268,1.912,2.51,0.4,0.6,187.5,0.0288166785,4,0.012476581738,0.00775105356713,6.27566072786,5.77219710882,2.46285568155,627.566072786,577.219710882,246.285568155,0.696837478853,13.5276432555,6.41540288834
0.204,0.268,1.912,2.51,0.4,0.6,202.5,0.02626457198,4,0.0226275915682,0.00766540427099,0.584806850122,1.01520111969,0,58.4806850122,101.520111969,0,0.703138749965,2.08813324554,0.692497247785
0.204,0.268,1.912,2.51,0.4,0.6,217.5,0.01907364346,3,0.0187533781609,0.00358591225393,0.0451548571334,0.35239783119,0,4.51548571334,35.239783119,0,0.957359336324,1.06502292859,0.0538317961349
0.204,0.268,1.912,2.51,0.4,0.6,247.5,0.0189916315,4,0.0193111508807,0.00176350668159,0.261121552587,0.339063206146,0,26.1121552587,33.9063206146,0,0.518355144747,1.12901266241,0.305328758831
0.204,0.268,1.912,2.51,0.4,0.6,277.5,0.03152675158,4,0.0252778402472,0.00304685445936,0.481796241072,0.293792743185,0.381855263108,48.1796241072,29.3792743185,38.1855263108,0.702844754784,1.90385604503,0.600505645125
0.204,0.268,1.912,2.51,0.4,0.6,292.5,0.04125551564,4,0.0359431865166,0.00370202333192,0.501778792787,0.259133272472,0.429688147368,50.1778792787,25.9133272472,42.9688147368,0.431688889988,1.66916342551,0.618737267763
0.204,0.268,1.912,2.51,0.4,0.6,330,0.07781377131,4,0.0603760036485,0.00382997540194,0.425672613081,0.165411112475,0.392219756511,42.5672613081,16.5411112475,39.2219756511,0.860046180305,1.83757390346,0.48876386158
0.204,0.268,1.912,2.51,0.4,0.6,352.5,0.1240093232,4,0.108138012641,0.00450422076166,0.285975308929,0.10115426222,0.267487742806,28.5975308929,10.115426222,26.7487742806,0.821149956998,1.52471105926,0.35178055113
0.204,0.268,1.912,2.51,0.6,0.8,7.5,0.08991620538,4,0.087495970552,0.00351387271608,0.117919125213,0.0918177266073,0.0739893585025,11.7919125213,9.18177266073,7.39893585025,0.791093381253,1.07763204414,0.143269331444
0.204,0.268,1.912,2.51,0.6,0.8,22.5,0.04656761888,4,0.0429452095619,0.0033002053857,0.293948702123,0.179192425715,0.233014836537,29.3948702123,17.9192425715,23.3014836537,0.49774962209,1.30135309945,0.401801738682
0.204,0.268,1.912,2.51,0.6,0.8,45,0.01727546817,4,0.0283567116441,0.00306936632021,0.610941351291,0.904013892854,0,61.0941351291,90.4013892854,0,0.0916492275839,1.14915828425,0.528754528335
0.204,0.268,1.912,2.51,0.6,0.8,142.5,0.006413935665,3,0.0073965028653,0.00390378991799,0.59327785641,1.0747425984,0,59.327785641,107.47425984,0,0.326912786088,1.70013147957,0.68660934674
0.204,0.268,1.912,2.51,0.6,0.8,157.5,0.009208433331,2,0.0070693870314,0.00589627391746,0.548943181832,1.57682357744,0,54.8943181832,157.682357744,0,0.846157724486,1.76092692686,0.457384601188
0.204,0.268,1.912,2.51,0.6,0.8,202.5,0.006736232085,1,0,0,0,0,0,0,0,0,0,0,0
0.204,0.268,1.912,2.51,0.6,0.8,232.5,0.01132962057,4,0.010076967596,0.00153863635035,0.387786438255,0.347240755709,0.172633076985,38.7786438255,34.7240755709,17.2633076985,0.462056480647,1.44016475311,0.489054136232
0.204,0.268,1.912,2.51,0.6,0.8,262.5,0.0149335927,4,0.0130382959287,0.00192082001239,0.540779181382,0.414130992895,0.347760900247,54.0779181382,41.4130992895,34.7760900247,0.552685204907,1.9003269028,0.673820848946
0.204,0.268,1.912,2.51,0.6,0.8,277.5,0.01555975381,4,0.0140791972805,0.00173507092955,0.326561668997,0.295860047337,0.13823659446,32.6561668997,29.5860047337,13.823659446,0.702587628467,1.43938720485,0.36839978819
0.204,0.268,1.912,2.51,0.6,0.8,292.5,0.02208910788,4,0.0190624252942,0.0023707243627,0.320536009084,0.300219319119,0.112301796724,32.0536009084,30.0219319119,11.2301796724,0.792560037708,1.59144214977,0.399441056029
0.204,0.268,1.912,2.51,0.6,0.8,307.5,0.02110768289,4,0.0198472731397,0.00185735626406,0.311071754498,0.195640257001,0.241848147165,31.1071754498,19.5640257001,24.1848147165,0.42396552417,1.16314401165,0.369589243741
0.204,0.268,1.912,2.51,0.6,0.8,322.5,0.03455586041,4,0.0323837806548,0.00255046975434,0.272985741986,0.162127784786,0.219626493684,27.2985741986,16.2127784786,21.9626493684,0.569712619001,1.27114748796,0.350717434479
0.204,0.268,1.912,2.51,0.6,0.8,337.5,0.05748369759,4,0.0542785295603,0.00319167090857,0.145041318086,0.133227848506,0.057335192811,14.5041318086,13.3227848506,5.7335192811,0.80271380181,1.20857287018,0.202929534186
0.204,0.268,1.912,2.51,0.6,0.8,352.5,0.09957239848,4,0.0907056615774,0.00356817976712,0.211487968228,0.0923599116679,0.19025458581,21.1487968228,9.23599116679,19.025458581,0.821896457879,1.36768224213,0.272892892125
0.204,0.268,1.912,2.51,0.8,1,7.5,0.1195794564,4,0.117777461614,0.00597529517548,0.269127214288,0.107410900027,0.246763765626,26.9127214288,10.7410900027,24.6763765626,0.59720405913,1.28923520442,0.346015572644
0.204,0.268,1.912,2.51,0.8,1,22.5,0.03873399416,4,0.039581711843,0.00271826717551,0.200581231753,0.147000483232,0.136468635448,20.0581231753,14.7000483232,13.6468635448,0.675730449863,1.14507733672,0.234673443429
0.204,0.268,1.912,2.51,0.8,1,37.5,0.02454007718,3,0.0226313310195,0.00281731729508,0.225036893194,0.247393047084,0,22.5036893194,24.7393047084,0,0.830932637315,1.34891793875,0.258992650717
0.204,0.268,1.912,2.51,0.8,1,52.5,0.01342346907,3,0.0132453432755,0.00194285448652,0.0655746137876,0.360475942491,0,6.55746137876,36.0475942491,0,0.915166512327,1.05797673028,0.0714051089752
0.204,0.268,1.912,2.51,0.8,1,75,0.01683931612,4,0.0144989697122,0.00165192790108,0.337929348845,0.329670390827,0.0742541461653,33.7929348845,32.9670390827,7.42541461653,0.474245766731,1.37455667786,0.450155455562
0.204,0.268,1.912,2.51,0.8,1,135,0.01253605519,4,0.00732468048048,0.00327958481927,1.02938072025,1.5694546737,0,102.938072025,156.94546737,0,0.616007527704,2.59552068936,0.989756580826
0.204,0.268,1.912,2.51,0.8,1,225,0.007405556879,3,0.00522749039243,0.00467560373303,0.825752976086,1.98246149973,0,82.5752976086,198.246149973,0,0.665423421732,2.37579645062,0.855186514446
0.204,0.268,1.912,2.51,0.8,1,292.5,0.008626032061,4,0.00851256902404,0.00187931914994,0.445833283154,0.540957037533,0,44.5833283154,54.0957037533,0,0.15712152562,1.27735623867,0.560117356527
0.204,0.268,1.912,2.51,0.8,1,307.5,0.01372052466,4,0.0142077457124,0.00165537382255,0.373780783903,0.270813199059,0.257628192616,37.3780783903,27.0813199059,25.7628192616,0.397710400535,1.31461955246,0.458454575964
0.204,0.268,1.912,2.51,0.8,1,322.5,0.01873329572,4,0.0229198876731,0.00230300094225,0.424600264572,0.248627507772,0.344194344889,42.4600264572,24.8627507772,34.4194344889,0.298541159695,1.28070488341,0.491081861855
0.204,0.268,1.912,2.51,0.8,1,337.5,0.04622447363,4,0.045516123647,0.00255112441094,0.0985004206207,0.124929177103,0,9.85004206207,12.4929177103,0,0.819351032817,1.07010705125,0.125378009214
0.204,0.268,1.912,2.51,0.8,1,352.5,0.1345406105,4,0.140587286822,0.00643768389049,0.182964777128,0.101873523384,0.151979916117,18.2964777128,10.1873523384,15.1979916117,0.748789103764,1.18751698802,0.219363942126
0.204,0.268,2.51,3.295,0.15,0.25,7.5,0.174218522,4,0.157118699579,0.00605381880401,0.209391180805,0.0953613990079,0.186415852809,20.9391180805,9.53613990079,18.6415852809,0.916603516867,1.40231954879,0.24285801596
0.204,0.268,2.51,3.295,0.15,0.25,22.5,0.1577069652,4,0.144804357916,0.00527861241234,0.179029879545,0.0940521887199,0.152334774648,17.9029879545,9.40521887199,15.2334774648,0.866120810207,1.3263155071,0.230097348446
0.204,0.268,2.51,3.295,0.15,0.25,37.5,0.1243844623,4,0.115666287945,0.00477756829642,0.171949377391,0.0967589194346,0.142141830208,17.1949377391,9.67589194346,14.2141830208,0.835687304985,1.29624509236,0.230278893689
0.204,0.268,2.51,3.295,0.15,0.25,52.5,0.1179600362,4,0.103897484954,0.00543303797551,0.341647835593,0.17397675881,0.294032873943,34.1647835593,17.397675881,29.4032873943,0.633166693006,1.56429995271,0.46556662985
0.204,0.268,2.51,3.295,0.15,0.25,67.5,0.0843999846,4,0.0751438575078,0.00413356592214,0.214039523067,0.14040427985,0.161553568931,21.4039523067,14.040427985,16.1553568931,0.898361384402,1.40988245365,0.255760534625
0.204,0.268,2.51,3.295,0.15,0.25,82.5,0.06737275306,4,0.0593750980208,0.00343532354329,0.289942524834,0.146195020507,0.250387067729,28.9942524834,14.6195020507,25.0387067729,0.588564589953,1.40436706817,0.407901239111
0.204,0.268,2.51,3.295,0.15,0.25,97.5,0.0536669723,4,0.0497753722359,0.00319060070568,0.16744016527,0.165242204549,0.0270411312938,16.744016527,16.5242204549,2.70411312938,0.886972521889,1.27691807283,0.194972775472
0.204,0.268,2.51,3.295,0.15,0.25,112.5,0.05542824799,4,0.0552939429551,0.00467638826472,0.042660226356,0.197668362817,0,4.2660226356,19.7668362817,0,0.918008728392,1.02162985168,0.0518105616437
0.204,0.268,2.51,3.295,0.15,0.25,135,0.04008065868,4,0.0389697134787,0.00325309470692,0.145748099288,0.186485871554,0,14.5748099288,18.6485871554,0,0.743299158096,1.13651622443,0.196608533167
0.204,0.268,2.51,3.295,0.15,0.25,165,0.03102528679,3,0.0281329389953,0.00562176366761,0.584331782099,0.481790840784,0.330637592097,58.4331782099,48.1790840784,33.0637592097,0.389469633507,1.79018019085,0.700355278674
0.204,0.268,2.51,3.295,0.15,0.25,195,0.03357805939,4,0.0292530496882,0.00488793707513,0.257155847134,0.442438130326,0,25.7155847134,44.2438130326,0,0.876939427971,1.48440910855,0.303734840288
0.204,0.268,2.51,3.295,0.15,0.25,225,0.04523468238,4,0.0301646909434,0.00416562941453,0.818098186851,0.466605909231,0.671984798042,81.8098186851,46.6605909231,67.1984798042,0.515913502618,2.55691284902,1.0204996732
0.204,0.268,2.51,3.295,0.15,0.25,285,0.06227306761,4,0.0564625281994,0.00386882791908,0.2897261493,0.167921103348,0.236101132227,28.97261493,16.7921103348,23.6101132227,0.750774480914,1.46024396886,0.354734743975
0.204,0.268,2.51,3.295,0.15,0.25,307.5,0.08994349725,4,0.0784211284676,0.00658230508221,0.233697479105,0.210156765948,0.102218616046,23.3697479105,21.0156765948,10.2218616046,0.903026615452,1.45515837288,0.276065878712
0.204,0.268,2.51,3.295,0.15,0.25,322.5,0.1144352984,4,0.104077078568,0.00574831395396,0.192539706991,0.136732734121,0.135556992399,19.2539706991,13.6732734121,13.5556992399,0.916417077729,1.34760508874,0.215594005507
0.204,0.268,2.51,3.295,0.15,0.25,337.5,0.1522126339,4,0.140245546374,0.0057282943625,0.166589585033,0.0971732336057,0.135312425565,16.6589585033,9.71732336057,13.5312425565,0.911197462622,1.3138718709,0.20133720414
0.204,0.268,2.51,3.295,0.15,0.25,352.5,0.1806877505,4,0.164863597234,0.00616998478169,0.208109768409,0.0881042149109,0.188539977253,20.8109768409,8.81042149109,18.8539977253,0.832015716031,1.36767004835,0.267827166159
0.204,0.268,2.51,3.295,0.25,0.4,7.5,0.1411904283,4,0.130249843013,0.00391471788489,0.187911555467,0.071232534876,0.173886970912,18.7911555467,7.1232534876,17.3886970912,0.8709404908,1.33731078112,0.23318514516
0.204,0.268,2.51,3.295,0.25,0.4,22.5,0.1176701029,4,0.106614409375,0.0033769270258,0.208144015598,0.0835897730288,0.190621827381,20.8144015598,8.35897730288,19.0621827381,0.864317924192,1.37116074888,0.253421412344
0.204,0.268,2.51,3.295,0.25,0.4,37.5,0.08286823082,4,0.0771477073861,0.00339342765938,0.204779427764,0.10855059048,0.173641536914,20.4779427764,10.855059048,17.3641536914,0.794177571129,1.33924195288,0.272532190876
0.204,0.268,2.51,3.295,0.25,0.4,52.5,0.06857307609,4,0.0659955503775,0.00365513321023,0.246172174199,0.125301122795,0.211897069296,24.6172174199,12.5301122795,21.1897069296,0.564447345267,1.20092638741,0.318239521072
0.204,0.268,2.51,3.295,0.25,0.4,67.5,0.04438289155,4,0.0426315206399,0.00278936138672,0.145267512241,0.152565942673,0,14.5267512241,15.2565942673,0,0.792790377465,1.18795357472,0.197581598629
0.204,0.268,2.51,3.295,0.25,0.4,82.5,0.03908794196,4,0.0364418437472,0.00217759092937,0.304461347771,0.186280302001,0.240824337169,30.4461347771,18.6280302001,24.0824337169,0.531390415489,1.38031450738,0.424462045947
0.204,0.268,2.51,3.295,0.25,0.4,97.5,0.03241862795,4,0.0305828816188,0.00192608946618,0.172423885688,0.180759004749,0,17.2423885688,18.0759004749,0,0.764815988616,1.23380282082,0.234493416101
0.204,0.268,2.51,3.295,0.25,0.4,112.5,0.03163945263,4,0.0275901152872,0.00196512556089,0.327665233298,0.204565151783,0.255964067377,32.7665233298,20.4565151783,25.5964067377,0.745818933549,1.57594292439,0.415061995421
0.204,0.268,2.51,3.295,0.25,0.4,127.5,0.01936903985,4,0.0178242297482,0.00176557196634,0.317406616395,0.216609301429,0.232007264251,31.7406616395,21.6609301429,23.2007264251,0.615543023457,1.47223517261,0.428346074577
0.204,0.268,2.51,3.295,0.25,0.4,142.5,0.02120537916,4,0.0198109549237,0.00171918626604,0.158724464423,0.227049845387,0,15.8724464423,22.7049845387,0,0.906024635316,1.29014698526,0.192061174974
0.204,0.268,2.51,3.295,0.25,0.4,157.5,0.01630106352,4,0.0163471187489,0.00178710635742,0.208908019914,0.309086694831,0,20.8908019914,30.9086694831,0,0.594937614289,1.09949506308,0.252278724394
0.204,0.268,2.51,3.295,0.25,0.4,172.5,0.01658403432,4,0.014221149956,0.0023204716549,0.61562070709,0.618262442039,0,61.562070709,61.8262442039,0,0.866158826685,2.19280560549,0.663323389402
0.204,0.268,2.51,3.295,0.25,0.4,187.5,0.01402238362,4,0.0108133793886,0.0022062085333,0.450785443935,0.575782920926,0,45.0785443935,57.5782920926,0,0.826031567465,1.84463295174,0.509300692139
0.204,0.268,2.51,3.295,0.25,0.4,202.5,0.01957495323,4,0.015593647346,0.00243710045087,0.632949377719,0.487191259533,0.404066320533,63.2949377719,48.7191259533,40.4066320533,0.539302400934,1.84441217259,0.652554885829
0.204,0.268,2.51,3.295,0.25,0.4,232.5,0.01943054987,3,0.0187607062485,0.00210935976733,0.103884978024,0.205217058914,0,10.3884978024,20.5217058914,0,0.890045304201,1.13788565458,0.12392017519
0.204,0.268,2.51,3.295,0.25,0.4,255,0.02408257383,4,0.0222146962697,0.0015317107144,0.158974362069,0.16694808108,0,15.8974362069,16.694808108,0,0.920584274558,1.27753123317,0.178473479307
0.204,0.268,2.51,3.295,0.25,0.4,277.5,0.03986809177,4,0.0343568063162,0.0031623647455,0.250824145832,0.262094178256,0,25.0824145832,26.2094178256,0,0.783174409821,1.39710437455,0.306964982366
0.204,0.268,2.51,3.295,0.25,0.4,292.5,0.03909145654,4,0.0343604388033,0.00310809824513,0.366915148414,0.231814470692,0.28440952395,36.6915148414,23.1814470692,28.440952395,0.52609906624,1.53173882794,0.50281988085
0.204,0.268,2.51,3.295,0.25,0.4,307.5,0.0651932664,4,0.0546979334672,0.0040741820639,0.294780476157,0.18801211836,0.227039583495,29.4780476157,18.801211836,22.7039583495,0.793760025067,1.54667337242,0.376456673676
0.204,0.268,2.51,3.295,0.25,0.4,322.5,0.07109105006,4,0.0679531481896,0.00373472993827,0.154453183282,0.128047017125,0.0863698282474,15.4453183282,12.8047017125,8.63698282474,0.80064240097,1.20623938925,0.202798494141
0.204,0.268,2.51,3.295,0.25,0.4,337.5,0.1073467775,4,0.101531311056,0.00360250555033,0.158197930967,0.0883764953283,0.131210443318,15.8197930967,8.83764953283,13.1210443318,0.799913175505,1.22213322776,0.21111002613
0.204,0.268,2.51,3.295,0.25,0.4,352.5,0.1497271128,4,0.124328884952,0.00405655186205,0.333251968568,0.0866441900901,0.321791328158,33.3251968568,8.66441900901,32.1791328158,0.901204581247,1.64544534908,0.372120383915
0.204,0.268,2.51,3.295,0.4,0.6,7.5,0.1226932369,4,0.116939991651,0.00340349936352,0.100437157407,0.0712467025867,0.0707921602896,10.0437157407,7.12467025867,7.07921602896,0.929856434612,1.18196988514,0.126056725265
0.204,0.268,2.51,3.295,0.4,0.6,22.5,0.07324267672,4,0.070900288151,0.00224029185831,0.118892145786,0.0739591106886,0.0930880887958,11.8892145786,7.39591106886,9.30880887958,0.86005623701,1.1700011975,0.154972480247
0.204,0.268,2.51,3.295,0.4,0.6,37.5,0.03878090741,4,0.0390740259991,0.00206692402339,0.134046477881,0.18482654449,0,13.4046477881,18.482654449,0,0.77440597395,1.08900630821,0.157300167127
0.204,0.268,2.51,3.295,0.4,0.6,52.5,0.03054937246,4,0.0314977380653,0.00306002532699,0.223649910683,0.214328195862,0.0638960640963,22.3649910683,21.4328195862,6.38960640963,0.766194959776,1.26945630086,0.251630670544
0.204,0.268,2.51,3.295,0.4,0.6,75,0.01892945532,4,0.0178870388004,0.00132601419065,0.146046246958,0.201649971655,0,14.6046246958,20.1649971655,0,0.796746298199,1.19263594371,0.197944822757
0.204,0.268,2.51,3.295,0.4,0.6,97.5,0.01588967942,4,0.0146030480591,0.00129374258985,0.221714254689,0.235092017469,0,22.1714254689,23.5092017469,0,0.758988393736,1.36702739998,0.304019503123
0.204,0.268,2.51,3.295,0.4,0.6,112.5,0.01497198828,4,0.0141068975853,0.00134642460567,0.246451950375,0.216985382234,0.116858494516,24.6451950375,21.6985382234,11.6858494516,0.738075277507,1.35690793276,0.309416327624
0.204,0.268,2.51,3.295,0.4,0.6,127.5,0.01189929799,4,0.0107902991703,0.00115583316178,0.186440065474,0.274414046106,0,18.6440065474,27.4414046106,0,0.823430167299,1.26519436158,0.22088209714
0.204,0.268,2.51,3.295,0.4,0.6,142.5,0.009553298876,4,0.00926309328545,0.00110607984631,0.146041599442,0.327770208683,0,14.6041599442,32.7770208683,0,0.893853254183,1.25603952389,0.181093134853
0.204,0.268,2.51,3.295,0.4,0.6,157.5,0.008230444479,4,0.00782949919161,0.00104416313047,0.331288023953,0.375739242994,0,33.1288023953,37.5739242994,0,0.910241076037,1.65520154774,0.372480235853
0.204,0.268,2.51,3.295,0.4,0.6,172.5,0.008867767193,4,0.00860150157114,0.00133742953014,0.184014008118,0.385466582037,0,18.4014008118,38.5466582037,0,0.783209905187,1.20818163713,0.212485865972
0.204,0.268,2.51,3.295,0.4,0.6,187.5,0.007660054892,4,0.00694553958017,0.00148973102905,0.56362705334,0.480911700836,0.293937733636,56.362705334,48.0911700836,29.3937733636,0.114779677935,1.54625764723,0.715738984649
0.204,0.268,2.51,3.295,0.4,0.6,202.5,0.00937295197,4,0.0090812887867,0.00157779542994,0.151364325301,0.412853091106,0,15.1364325301,41.2853091106,0,0.801978484449,1.18325016332,0.190635839435
0.204,0.268,2.51,3.295,0.4,0.6,225,0.009672450422,4,0.00967500538323,0.000895513739237,0.315121302461,0.241653549986,0.20224983818,31.5121302461,24.1653549986,20.224983818,0.38373767124,1.11485066548,0.365556497119
0.204,0.268,2.51,3.295,0.4,0.6,247.5,0.01194793034,4,0.0105064777823,0.00146714810964,0.304576753358,0.370220004195,0,30.4576753358,37.0220004195,0,0.620640572141,1.44494504101,0.412152234433
0.204,0.268,2.51,3.295,0.4,0.6,262.5,0.01353176217,4,0.0111814895602,0.00131431452489,0.332514241062,0.30926167807,0.122159465398,33.2514241062,30.926167807,12.2159465398,0.871598444153,1.64112067459,0.384761115219
0.204,0.268,2.51,3.295,0.4,0.6,277.5,0.01993263491,4,0.0192196679599,0.00156963554543,0.154851116444,0.206031621399,0,15.4851116444,20.6031621399,0,0.787079929869,1.15624952972,0.184584799925
0.204,0.268,2.51,3.295,0.4,0.6,292.5,0.02932976784,4,0.0237724130118,0.00185983577077,0.380198784209,0.197004673372,0.325177296538,38.0198784209,19.7004673372,32.5177296538,0.897987264877,1.74570868971,0.423860712415
0.204,0.268,2.51,3.295,0.4,0.6,307.5,0.02952127752,4,0.0280415912115,0.00201966967611,0.118117124452,0.198315542444,0,11.8117124452,19.8315542444,0,0.927851671603,1.21235376957,0.142251048983
0.204,0.268,2.51,3.295,0.4,0.6,322.5,0.04912046742,4,0.0417698005547,0.00227563448105,0.347606820268,0.131549734296,0.321753273337,34.7606820268,13.1549734296,32.1753273337,0.70726059109,1.62210370675,0.457421557831
0.204,0.268,2.51,3.295,0.4,0.6,337.5,0.08141029214,4,0.0718322036135,0.00234678307353,0.256242518802,0.0845773639118,0.241881991797,25.6242518802,8.45773639118,24.1881991797,0.786486026573,1.46223379231,0.33787388287
0.204,0.268,2.51,3.295,0.4,0.6,352.5,0.127253223,4,0.115148222935,0.0035199900425,0.214975200079,0.0740902317007,0.201804296822,21.4975200079,7.40902317007,20.1804296822,0.865377866544,1.39766851887,0.266145326161
0.204,0.268,2.51,3.295,0.6,0.8,22.5,0.04563876421,4,0.0463764940391,0.0017546727867,0.0518195317513,0.0905387127608,0,5.18195317513,9.05387127608,0,0.929747981675,1.06485842048,0.067555219404
0.204,0.268,2.51,3.295,0.6,0.8,60,0.01328693119,4,0.0113579139258,0.00121470413675,0.300474143186,0.246135160501,0.172343243234,30.0474143186,24.6135160501,17.2343243234,0.770989790483,1.55349280028,0.391251504899
0.204,0.268,2.51,3.295,0.6,0.8,90,0.008107328378,4,0.00790480572967,0.000876509395495,0.0819142348881,0.259820518551,0,8.19142348881,25.9820518551,0,0.900617185983,1.12590326307,0.112643038545
0.204,0.268,2.51,3.295,0.6,0.8,120,0.005832284136,4,0.00566556386253,0.000690048819148,0.177242318445,0.381773887857,0,17.7242318445,38.1773887857,0,0.848512252557,1.2826321936,0.217059970524
0.204,0.268,2.51,3.295,0.6,0.8,142.5,0.002442809937,4,0.00198621250802,0.00107960016958,0.426304459109,1.66318557015,0,42.6304459109,166.318557015,0,0.710295331593,1.78411727279,0.5369109706
0.204,0.268,2.51,3.295,0.6,0.8,157.5,0.004059019499,4,0.00391928813259,0.00104442198857,0.109345143411,0.687682026954,0,10.9345143411,68.7682026954,0,0.926571250734,1.20575581997,0.139592284617
0.204,0.268,2.51,3.295,0.6,0.8,172.5,0.004591677672,4,0.00308918057904,0.00115410228129,2.46141486747,2.74917047706,0,246.141486747,274.917047706,0,0.656495622418,5.80399336369,2.57374887064
0.204,0.268,2.51,3.295,0.6,0.8,187.5,0.002405201615,1,0,0,0,0,0,0,0,0,0,0,0
0.204,0.268,2.51,3.295,0.6,0.8,202.5,0.00643589164,3,0.00318430764277,0.00179252068772,1.5733862944,1.61545422152,0,157.33862944,161.545422152,0,0.795889078982,3.71223556142,1.45817324122
0.204,0.268,2.51,3.295,0.6,0.8,225,0.004183662378,4,0.00455493842156,0.000760400631312,0.387560373289,0.397128342136,0,38.7560373289,39.7128342136,0,0.283041537268,1.14645894976,0.431708706246
0.204,0.268,2.51,3.295,0.6,0.8,247.5,0.008913823543,4,0.00697037495097,0.00102613586498,0.469133702114,0.378863670858,0.276674446531,46.9133702114,37.8863670858,27.6674446531,0.814772975908,1.89077153133,0.537999277711
0.204,0.268,2.51,3.295,0.6,0.8,262.5,0.01074419474,4,0.00946466047111,0.0011651723085,0.573198104275,0.429634186181,0.379434490802,57.3198104275,42.9634186181,37.9434490802,0.039824713792,1.58857424161,0.77437476391
0.204,0.268,2.51,3.295,0.6,0.8,277.5,0.01057050783,4,0.0103291168439,0.00117977679608,0.493881316821,0.275734615615,0.409742817944,49.3881316821,27.5734615615,40.9742817944,0.046714333451,1.21815647554,0.585721071045
0.204,0.268,2.51,3.295,0.6,0.8,292.5,0.01211637277,4,0.0109803729396,0.001181480014,0.27963468698,0.2715760442,0.0666484086764,27.963468698,27.15760442,6.66484086764,0.726494098778,1.38947977304,0.331492837131
0.204,0.268,2.51,3.295,0.6,0.8,307.5,0.01297163029,4,0.0120844447125,0.00117088459207,0.130462477745,0.23578116229,0,13.0462477745,23.578116229,0,0.877055490109,1.20472484308,0.163834676487
0.204,0.268,2.51,3.295,0.6,0.8,322.5,0.02350048859,4,0.0226878876999,0.00144183982562,0.142854771161,0.157378163934,0,14.2854771161,15.7378163934,0,0.79828531856,1.13233325375,0.167023967595
0.204,0.268,2.51,3.295,0.6,0.8,337.5,0.05375565538,4,0.0498877174287,0.00175595467752,0.16665481342,0.0892456630573,0.140744585904,16.665481342,8.92456630573,14.0744585904,0.844558193912,1.28039455907,0.217918182577
0.204,0.268,2.51,3.295,0.8,1,22.5,0.02953651975,4,0.0300792715793,0.00137136778979,0.0845117311271,0.104125757546,0,8.45117311271,10.4125757546,0,0.921153635218,1.1167010631,0.0977737139426
0.204,0.268,2.51,3.295,0.8,1,37.5,0.01297796697,4,0.0130830064972,0.00115179994749,0.245016260505,0.185018444869,0.160627341913,24.5016260505,18.5018444869,16.0627341913,0.605255690098,1.20045244978,0.29759837984
0.204,0.268,2.51,3.295,0.8,1,60,0.006380037897,4,0.00682630175127,0.000821560318037,0.276244365653,0.270769986114,0.0547226111854,27.6244365653,27.0769986114,5.47226111854,0.674070500201,1.33610024422,0.33101487201
0.204,0.268,2.51,3.295,0.8,1,105,0.004517687083,4,0.00446225590826,0.000539235021134,0.107248025124,0.247845014578,0,10.7248025124,24.7845014578,0,0.85067211519,1.10769353475,0.128510709782
0.204,0.268,2.51,3.295,0.8,1,150,0.001965363102,4,0.00199635279772,0.000865025577253,0.287202084118,1.05799816178,0,28.7202084118,105.799816178,0,0.62153760869,1.40339750879,0.390929950052
0.204,0.268,2.51,3.295,0.8,1,180,0.0009944119795,1,0,0,0,0,0,0,0,0,0,0,0
0.204,0.268,2.51,3.295,0.8,1,247.5,0.004234295199,4,0.00403258108271,0.000517498843816,0.157560847971,0.336063955678,0,15.7560847971,33.6063955678,0,0.784065733869,1.17445170174,0.195192983937
0.204,0.268,2.51,3.295,0.8,1,277.5,0.006671369528,4,0.00583279609359,0.000785766125669,0.361610352824,0.392651054523,0,36.1610352824,39.2651054523,0,0.515734351713,1.47620373897,0.480234693628
0.204,0.268,2.51,3.295,0.8,1,292.5,0.005387393224,4,0.00558189481167,0.000753485232201,0.300674914852,0.34609689096,0,30.0674914852,34.609689096,0,0.510784241766,1.25891586174,0.374065809989
0.204,0.268,2.51,3.295,0.8,1,307.5,0.00874140067,4,0.00837486222129,0.00102376198332,0.101311209538,0.273482274487,0,10.1311209538,27.3482274487,0,0.895159340167,1.13399163378,0.119416146806
0.204,0.268,2.51,3.295,0.8,1,322.5,0.01505907292,4,0.0153279766215,0.00118289661238,0.143968630006,0.1750464931,0,14.3968630006,17.50464931,0,0.762105834218,1.10252455672,0.17020936125
0.204,0.268,2.51,3.295,0.8,1,337.5,0.03237822406,4,0.0317649092521,0.00132481713701,0.163678425584,0.0909588462912,0.136077607574,16.3678425584,9.09588462912,13.6077607574,0.695413520772,1.08770326544,0.196144872336
0.204,0.268,3.295,4.326,0.15,0.25,7.5,0.3269199068,4,0.295704525646,0.0110945360205,0.26114160404,0.138428302735,0.221432929716,26.114160404,13.8428302735,22.1432929716,0.838608549729,1.40011271284,0.280752081554
0.204,0.268,3.295,4.326,0.15,0.25,22.5,0.2735633614,4,0.254921894074,0.00992055793612,0.236681422218,0.147378612789,0.185196220577,23.6681422218,14.7378612789,18.5196220577,0.906798323618,1.43360620094,0.263403938661
0.204,0.268,3.295,4.326,0.15,0.25,37.5,0.1992537806,4,0.187300925493,0.00833594466354,0.397876114516,0.184240056384,0.352648556109,39.7876114516,18.4240056384,35.2648556109,0.927351375031,1.7920888886,0.432368756786
0.204,0.268,3.295,4.326,0.15,0.25,52.5,0.1562333318,4,0.155156470326,0.00900641542184,0.0787019517493,0.164242381171,0,7.87019517493,16.4242381171,0,0.921726437188,1.13135029065,0.104811926733
0.204,0.268,3.295,4.326,0.15,0.25,67.5,0.1134735133,4,0.108798225686,0.0104460036693,0.208139201239,0.74606704585,0,20.8139201239,74.606704585,0,0.816597180237,1.33660962192,0.260006220842
0.204,0.268,3.295,4.326,0.15,0.25,82.5,0.09807727667,4,0.0899629036994,0.0091541525395,0.194196328063,0.247796553376,0,19.4196328063,24.7796553376,0,0.854444719646,1.34856179393,0.247058537142
0.204,0.268,3.295,4.326,0.15,0.25,97.5,0.1085514106,4,0.090533422354,0.00985008736412,0.52798703209,0.358281797744,0.387820138028,52.798703209,35.8281797744,38.7820138028,0.794254293832,1.90722338569,0.556484545928
0.204,0.268,3.295,4.326,0.15,0.25,120,0.07338627483,4,0.0624902087716,0.00725615931583,0.557766944335,0.680535559178,0,55.7766944335,68.0535559178,0,0.211781985693,1.77335274563,0.780785379968
0.204,0.268,3.295,4.326,0.15,0.25,157.5,0.05548039734,4,0.0524395814329,0.00793545994011,0.339011523184,0.446268887854,0,33.9011523184,44.6268887854,0,0.707918135988,1.55902421808,0.425553041047
0.204,0.268,3.295,4.326,0.15,0.25,202.5,0.05013266132,4,0.0466582744708,0.00844027266883,0.15204008579,0.467306974399,0,15.204008579,46.7306974399,0,0.842335646265,1.22870068772,0.193182520726
0.204,0.268,3.295,4.326,0.15,0.25,300,0.1532897691,4,0.136061347429,0.0068861656581,0.555569860885,0.24568564392,0.49829352263,55.5569860885,24.568564392,49.829352263,0.905967754468,2.09663075069,0.595331498112
0.204,0.268,3.295,4.326,0.15,0.25,322.5,0.2147698676,4,0.203161281158,0.00892446103973,0.27549174489,0.188239606604,0.20115057049,27.549174489,18.8239606604,20.115057049,0.922962154164,1.54034109904,0.308689472436
0.204,0.268,3.295,4.326,0.15,0.25,337.5,0.2730581616,4,0.243256939925,0.00976213833893,0.421871958757,0.175593316844,0.383592148858,42.1871958757,17.5593316844,38.3592148858,0.866909290501,1.80096449061,0.467027600055
0.204,0.268,3.295,4.326,0.15,0.25,352.5,0.3254482899,4,0.302333181746,0.0113079133157,0.325022524875,0.155270055019,0.285536077739,32.5022524875,15.5270055019,28.5536077739,0.896623843055,1.62868809125,0.366032124099
0.204,0.268,3.295,4.326,0.25,0.4,7.5,0.3070013813,4,0.28733961205,0.00973647726275,0.201728995181,0.11392047286,0.166483372623,20.1728995181,11.392047286,16.6483372623,0.867017083106,1.32138030253,0.227181609714
0.204,0.268,3.295,4.326,0.25,0.4,22.5,0.2163445667,4,0.198461190945,0.00695361456746,0.294534448514,0.139619029734,0.259339676674,29.4534448514,13.9619029734,25.9339676674,0.909725743557,1.54266158609,0.316467921264
0.204,0.268,3.295,4.326,0.25,0.4,37.5,0.1409453051,4,0.129821386372,0.00501477124553,0.332690945601,0.171394793778,0.285143981088,33.2690945601,17.1394793778,28.5143981088,0.940344386327,1.64677441887,0.353215016273
0.204,0.268,3.295,4.326,0.25,0.4,52.5,0.08930370135,4,0.0837784750071,0.00432975227497,0.405988612119,0.204444264145,0.350755322166,40.5988612119,20.4444264145,35.0755322166,0.890351317969,1.80143727476,0.455542978393
0.204,0.268,3.295,4.326,0.25,0.4,67.5,0.05869555844,4,0.0506199461172,0.00410318458234,0.569934678249,0.286373169261,0.492763579618,56.9934678249,28.6373169261,49.2763579618,0.865062708257,2.08648198588,0.610709638813
0.204,0.268,3.295,4.326,0.25,0.4,82.5,0.04807247389,4,0.0364520932146,0.00358153411321,0.73172159877,0.333370869725,0.65136806901,73.172159877,33.3370869725,65.136806901,0.729545739484,2.24676483344,0.75860954698
0.204,0.268,3.295,4.326,0.25,0.4,97.5,0.04168660561,4,0.0366778055233,0.00297665435061,0.296557026197,0.286561780279,0.0763440624414,29.6557026197,28.6561780279,7.63440624414,0.81974765314,1.45143708083,0.315844713846
0.204,0.268,3.295,4.326,0.25,0.4,112.5,0.03304832843,4,0.0325266331927,0.00311977265434,0.100928044827,0.272473039473,0,10.0928044827,27.2473039473,0,0.890051783979,1.16630483473,0.138126525373
0.204,0.268,3.295,4.326,0.25,0.4,127.5,0.02964321818,4,0.0275058347201,0.00321176578989,0.407431714037,0.356744880805,0.196808769171,40.7431714037,35.6744880805,19.6808769171,0.336209144937,1.45080720749,0.557299031279
0.204,0.268,3.295,4.326,0.25,0.4,142.5,0.02389180261,4,0.0197462468568,0.00238535630801,0.601617410898,0.436268279947,0.414262594266,60.1617410898,43.6268279947,41.4262594266,0.785273242175,2.07432488194,0.644525819884
0.204,0.268,3.295,4.326,0.25,0.4,157.5,0.01915648098,4,0.0161533018889,0.00257742166959,0.522276873015,0.52105063838,0.0357682027765,52.2276873015,52.105063838,3.57682027765,0.614159614007,1.68416842124,0.535004403617
0.204,0.268,3.295,4.326,0.25,0.4,172.5,0.02105740634,4,0.0186590328049,0.00328089957759,0.367798798361,0.378166460985,0,36.7798798361,37.8166460985,0,0.459055632923,1.41345812753,0.477201247304
0.204,0.268,3.295,4.326,0.25,0.4,195,0.02054813663,4,0.0185238118221,0.00282190663483,0.224457505792,0.66518667558,0,22.4457505792,66.518667558,0,0.77622314824,1.27899045388,0.25138365282
0.204,0.268,3.295,4.326,0.25,0.4,232.5,0.02522290232,4,0.0213649583306,0.00197485704513,0.289766180858,0.278174612066,0.0811376902012,28.9766180858,27.8174612066,8.11376902012,0.767185220603,1.46662613216,0.349720455776
0.204,0.268,3.295,4.326,0.25,0.4,262.5,0.03577488259,4,0.0346603008062,0.00368546510559,0.241056367891,0.505047712786,0,24.1056367891,50.5047712786,0,0.622563456118,1.27848352205,0.327960032966
0.204,0.268,3.295,4.326,0.25,0.4,277.5,0.05957132088,4,0.0500615082544,0.00486552493352,0.346847077635,0.289745389798,0.190658082322,34.6847077635,28.9745389798,19.0658082322,0.844564419536,1.5533499687,0.354392774581
0.204,0.268,3.295,4.326,0.25,0.4,292.5,0.06334958539,4,0.0537040285843,0.00470182333359,0.357925287191,0.252561224444,0.253620462736,35.7925287191,25.2561224444,25.3620462736,0.660119520538,1.41153609288,0.375708286173
0.204,0.268,3.295,4.326,0.25,0.4,307.5,0.1000065256,4,0.0918336345036,0.00518912608213,0.357963575557,0.209861122463,0.289993501141,35.7963575557,20.9861122463,28.9993501141,0.895272975467,1.69356363647,0.399145330501
0.204,0.268,3.295,4.326,0.25,0.4,322.5,0.1459761403,4,0.134722538359,0.00522590998057,0.366390919605,0.168175788204,0.325513763505,36.6390919605,16.8175788204,32.5513763505,0.914626436683,1.71680608989,0.401089826604
0.204,0.268,3.295,4.326,0.25,0.4,337.5,0.2244154143,4,0.204907265837,0.00724630799805,0.351310542193,0.144817941533,0.320073211728,35.1310542193,14.4817941533,32.0073211728,0.84776223376,1.65986685689,0.406052311566
0.204,0.268,3.295,4.326,0.25,0.4,352.5,0.3098613337,4,0.289500119291,0.0102100949335,0.189496263903,0.124542633662,0.142821449488,18.9496263903,12.4542633662,14.2821449488,0.881133694952,1.29033590319,0.204601104121
0.204,0.268,3.295,4.326,0.4,0.6,7.5,0.2897129991,4,0.283193558468,0.0108102602423,0.215755071075,0.118511608537,0.180292122225,21.5755071075,11.8511608537,18.0292122225,0.902593439565,1.41433401934,0.25587028989
0.204,0.268,3.295,4.326,0.4,0.6,22.5,0.1359264743,4,0.131432555909,0.00480056418066,0.146123547699,0.113360956729,0.0922029537584,14.6123547699,11.3360956729,9.22029537584,0.936867005655,1.27159730437,0.167365149357
0.204,0.268,3.295,4.326,0.4,0.6,37.5,0.06900962838,4,0.0669745040477,0.00271323482868,0.196296452447,0.152550513258,0.123533955447,19.6296452447,15.2550513258,12.3533955447,0.931561127284,1.38547781562,0.226958344166
0.204,0.268,3.295,4.326,0.4,0.6,52.5,0.03819763831,4,0.0374399190533,0.0024798694474,0.209239266275,0.227753692501,0,20.9239266275,22.7753692501,0,0.898670639541,1.37302435689,0.237176858672
0.204,0.268,3.295,4.326,0.4,0.6,75,0.02002793473,4,0.0201981702456,0.00186625545334,0.220475694169,0.250469495148,0,22.0475694169,25.0469495148,0,0.638111449863,1.19693639454,0.279412472337
0.204,0.268,3.295,4.326,0.4,0.6,97.5,0.02108648547,4,0.0178443478209,0.00191010517949,0.395458918851,0.320487208889,0.231680179208,39.5458918851,32.0487208889,23.1680179208,0.772668188739,1.53535051127,0.381341161263
0.204,0.268,3.295,4.326,0.4,0.6,112.5,0.02028249742,4,0.0166623204391,0.00183075429684,0.401737629997,0.314409478016,0.250079594308,40.1737629997,31.4409478016,25.0079594308,0.723195387104,1.53320340605,0.405004009475
0.204,0.268,3.295,4.326,0.4,0.6,127.5,0.01254344069,4,0.0117809798466,0.00155767328768,0.154129743423,0.493464880742,0,15.4129743423,49.3464880742,0,0.882950945971,1.21681046116,0.166929757593
0.204,0.268,3.295,4.326,0.4,0.6,150,0.009666063195,4,0.00979117408499,0.00103405509884,0.0881569148282,0.381468913492,0,8.81569148282,38.1468913492,0,0.920338886408,1.13920780625,0.109434459923
0.204,0.268,3.295,4.326,0.4,0.6,180,0.01220477795,4,0.0105243100935,0.00145012803641,0.384430963763,0.874341598451,0,38.4430963763,87.4341598451,0,0.54176822047,1.60662124071,0.532426510122
0.204,0.268,3.295,4.326,0.4,0.6,217.5,0.01258884837,4,0.0112025015883,0.00122765863396,0.281141059388,0.316846824476,0,28.1141059388,31.6846824476,0,0.831921610144,1.51996725247,0.344022821163
0.204,0.268,3.295,4.326,0.4,0.6,247.5,0.0169268053,4,0.0160323684957,0.00184981167382,0.121790743711,0.285614427287,0,12.1790743711,28.5614427287,0,0.912241296347,1.21097119151,0.149364947584
0.204,0.268,3.295,4.326,0.4,0.6,262.5,0.01638438129,4,0.0142393036023,0.00166231612669,0.251597868177,0.367122360905,0,25.1597868177,36.7122360905,0,0.865703857035,1.44328077229,0.288788457628
0.204,0.268,3.295,4.326,0.4,0.6,277.5,0.02402025266,4,0.0176820337554,0.00222368527983,0.572994199811,0.326589716766,0.470809419957,57.2994199811,32.6589716766,47.0809419957,0.863090731593,2.13162873747,0.634269002941
0.204,0.268,3.295,4.326,0.4,0.6,292.5,0.02904309657,4,0.0277117052281,0.00281116039544,0.249699460972,0.297430247698,0,24.9699460972,29.7430247698,0,0.808279911525,1.43633585203,0.314027970251
0.204,0.268,3.295,4.326,0.4,0.6,307.5,0.04162563684,4,0.0393995703914,0.00237230673376,0.333062684703,0.222706659063,0.247653984323,33.3062684703,22.2706659063,24.7653984323,0.892379999089,1.65480359512,0.381211798017
0.204,0.268,3.295,4.326,0.4,0.6,322.5,0.06833329473,4,0.0659522526393,0.00272099199116,0.180900782007,0.179949499776,0.0185275594963,18.0900782007,17.9949499776,1.85275594963,0.874779360238,1.32712641324,0.226173526499
0.204,0.268,3.295,4.326,0.4,0.6,337.5,0.1444547605,4,0.134355409069,0.00490543851879,0.288560372432,0.128496018462,0.258371557601,28.8560372432,12.8496018462,25.8371557601,0.843358450435,1.53123209721,0.343936823387
0.204,0.268,3.295,4.326,0.4,0.6,352.5,0.2928346765,4,0.28556467762,0.0113191414725,0.103085509271,0.110339635939,0,10.3085509271,11.0339635939,0,0.954630439494,1.18468115882,0.115025359662
0.204,0.268,3.295,4.326,0.6,0.8,37.5,0.03311685405,4,0.0319429097995,0.00158090086343,0.255810231498,0.179692619798,0.182069868263,25.5810231498,17.9692619798,18.2069868263,0.909721805947,1.49956603893,0.294922116493
0.204,0.268,3.295,4.326,0.6,0.8,52.5,0.01888537498,4,0.017745757067,0.00199753592333,0.417252927794,0.357064501859,0.215881790026,41.7252927794,35.7064501859,21.5881790026,0.74889741417,1.75400119265,0.502551889238
0.204,0.268,3.295,4.326,0.6,0.8,90,0.008246358939,4,0.00745559295717,0.0011175706594,0.300255482118,0.412699364798,0,30.0255482118,41.2699364798,0,0.645896007691,1.48008308573,0.41709353902
0.204,0.268,3.295,4.326,0.6,0.8,120,0.007029151886,4,0.0072624241949,0.000991826999504,0.253525370246,1.01870561437,0,25.3525370246,101.870561437,0,0.506819891984,1.09061770842,0.291898908217
0.204,0.268,3.295,4.326,0.6,0.8,157.5,0.004246158232,4,0.00434886966696,0.000716203324504,0.145455467412,0.399841886314,0,14.5455467412,39.9841886314,0,0.82333493096,1.17549279111,0.176078930076
0.204,0.268,3.295,4.326,0.6,0.8,240,0.007697404949,4,0.00709668411278,0.000935407955379,0.16498012226,0.325553403522,0,16.498012226,32.5553403522,0,0.890969887135,1.30866311413,0.208846613495
0.204,0.268,3.295,4.326,0.6,0.8,262.5,0.007151902008,4,0.00641456192858,0.000996387003603,0.280514435251,0.438037153296,0,28.0514435251,43.8037153296,0,0.724089589393,1.35342064036,0.314665525483
0.204,0.268,3.295,4.326,0.6,0.8,277.5,0.00666265046,4,0.00665191334507,0.00119176138214,0.0202760595025,0.473766639169,0,2.02760595025,47.3766639169,0,0.972815824456,1.02414621427,0.0256651949061
0.204,0.268,3.295,4.326,0.6,0.8,292.5,0.008277897979,4,0.00680218389272,0.00130022889441,0.828847876549,0.62266871195,0.547058020339,82.8847876549,62.266871195,54.7058020339,0.654187326774,2.32075102481,0.833281849021
0.204,0.268,3.295,4.326,0.6,0.8,307.5,0.0197141439,4,0.0173973140365,0.00156666848572,0.710576365575,0.354066833,0.61608071637,71.0576365575,35.4066833,61.608071637,0.793659971363,2.36565138295,0.785995705792
0.204,0.268,3.295,4.326,0.6,0.8,322.5,0.0335384389,4,0.0330018072164,0.00161067590218,0.148094050501,0.151132263048,0,14.8094050501,15.1132263048,0,0.945664714218,1.29000310137,0.172169193576
0.268,0.357,1.456,1.912,0.15,0.25,15,0.0631980238,4,0.0678227181496,0.00547711082469,0.124012041068,0.199976565887,0,12.4012041068,19.9976565887,0,0.81213573258,1.06867502966,0.128269648539
0.268,0.357,1.456,1.912,0.15,0.25,45,0.06828178794,4,0.0768807500874,0.00563024428861,0.299115827535,0.207941207531,0.215013330965,29.9115827535,20.7941207531,21.5013330965,0.450746785126,1.09910413574,0.324178675308
0.268,0.357,1.456,1.912,0.15,0.25,315,0.05769602454,4,0.0630594121732,0.0053254938839,0.167815098318,0.210432483609,0,16.7815098318,21.0432483609,0,0.781025381187,1.15307910261,0.186026860713
0.268,0.357,1.456,1.912,0.15,0.25,345,0.08034962826,4,0.0764033586417,0.00575371171572,0.40023984535,0.188360081319,0.353146447768,40.023984535,18.8360081319,35.3146447768,0.388011938441,1.36935097697,0.490669519265
0.268,0.357,1.456,1.912,0.25,0.4,15,0.05580719156,4,0.0569122586822,0.00441266489426,0.280516425772,0.270723217576,0.0734738361131,28.0516425772,27.0723217576,7.34738361131,0.51414670666,1.16379379616,0.324823544752
0.268,0.357,1.456,1.912,0.25,0.4,37.5,0.06969910638,4,0.066961947488,0.00640231723903,0.154094035944,0.231431775714,0,15.4094035944,23.1431775714,0,0.729887928196,1.11910191954,0.194606995672
0.268,0.357,1.456,1.912,0.25,0.4,52.5,0.03512872841,4,0.039803944718,0.00746854307144,0.452174707104,0.467590806157,0,45.2174707104,46.7590806157,0,0.341921921971,1.32423072797,0.491154403
0.268,0.357,1.456,1.912,0.25,0.4,75,0.05801053117,4,0.0590565704569,0.00657061227706,0.327647898908,0.308704965862,0.109792484766,32.7647898908,30.8704965862,10.9792484766,0.582264066368,1.28159851401,0.34966722382
0.268,0.357,1.456,1.912,0.25,0.4,337.5,0.05209553841,4,0.0524611156903,0.00687275338651,0.490985484616,0.402649539758,0.280962798668,49.0985484616,40.2649539758,28.0962798668,0.0410413260882,1.21104373695,0.585001205429
0.268,0.357,1.456,1.912,0.25,0.4,352.5,0.06126622859,4,0.0556492809798,0.00499855869392,0.421403530376,0.262905593724,0.32933506373,42.1403530376,26.2905593724,32.933506373,0.38386480443,1.50948392362,0.562809559595
0.268,0.357,1.456,1.912,0.4,0.6,7.5,0.03562627873,4,0.0466492643861,0.00527435208982,0.374300519844,0.295430933898,0.229829159273,37.4300519844,29.5430933898,22.9829159273,0.374634077942,1.29933093689,0.462348429473
0.268,0.357,1.456,1.912,0.4,0.6,30,0.02447779251,4,0.0316090409888,0.00472093355334,0.295543038977,0.418457085503,0,29.5543038977,41.8457085503,0,0.569634375379,1.14742988226,0.288897753438
0.268,0.357,1.456,1.912,0.4,0.6,105,0.05404684271,2,0.0477638046194,0.00980551011301,0.178991205826,0.427633633963,0,17.8991205826,42.7633633963,0,0.961653417393,1.25021039772,0.144278490164
0.268,0.357,1.456,1.912,0.4,0.6,345,0.03501900394,4,0.0391183431095,0.00436477901857,0.190449895313,0.275703469538,0,19.0449895313,27.5703469538,0,0.66431095758,1.11098373922,0.223336390822
0.268,0.357,1.456,1.912,0.6,0.8,315,0.01369309325,4,0.022307287936,0.00334141263108,0.562979706764,0.39096939955,0.405079101958,56.2979706764,39.096939955,40.5079101958,0.117220632132,1.30612942925,0.594454398561
0.268,0.357,1.912,2.51,0.15,0.25,7.5,0.06307282283,4,0.0539116992367,0.00364065552658,0.280490368916,0.163607243987,0.227832211878,28.0490368916,16.3607243987,22.7832211878,0.856438944491,1.53298488751,0.338272971511
0.268,0.357,1.912,2.51,0.15,0.25,22.5,0.05289212721,4,0.0486501134528,0.00322898467874,0.163484569735,0.163593006983,0,16.3484569735,16.3593006983,0,0.89808458458,1.30794078233,0.204928098876
0.268,0.357,1.912,2.51,0.15,0.25,37.5,0.04996637896,4,0.0460921648404,0.00308291862055,0.252757731118,0.164786312715,0.191655789847,25.2757731118,16.4786312715,19.1655789847,0.605342469086,1.30881013463,0.351733832771
0.268,0.357,1.912,2.51,0.15,0.25,52.5,0.05939852091,4,0.0531156078676,0.00410651931098,0.304553446675,0.196207758128,0.232927708811,30.4553446675,19.6207758128,23.2927708811,0.59370320676,1.44834089429,0.427318843767
0.268,0.357,1.912,2.51,0.15,0.25,300,0.05619186579,4,0.0475842032714,0.0037002494252,0.332231082419,0.196888881517,0.26760467197,33.2231082419,19.6888881517,26.760467197,0.723073264541,1.60121796167,0.439072348566
0.268,0.357,1.912,2.51,0.15,0.25,322.5,0.05018958622,4,0.0488913386367,0.00364877546469,0.0955641940336,0.188121471393,0,9.55641940336,18.8121471393,0,0.94046989328,1.16481823628,0.112174171498
0.268,0.357,1.912,2.51,0.15,0.25,337.5,0.04846542541,4,0.043872957616,0.00319799594087,0.278997001483,0.196263349559,0.198292774594,27.8997001483,19.6263349559,19.8292774594,0.679681674325,1.43783910563,0.379078715654
0.268,0.357,1.912,2.51,0.15,0.25,352.5,0.06031592171,4,0.0515708591877,0.00355600575251,0.364888523551,0.159440338439,0.328210927755,36.4888523551,15.9440338439,32.8210927755,0.489337698799,1.51256452071,0.511613410957
0.268,0.357,1.912,2.51,0.25,0.4,7.5,0.05529961709,4,0.048508968872,0.00282164091794,0.37282456859,0.181238752492,0.325807724801,37.282456859,18.1238752492,32.5807724801,0.552104391266,1.57651220523,0.512203906984
0.268,0.357,1.912,2.51,0.25,0.4,22.5,0.04837660943,4,0.0432220006156,0.00260813599513,0.258726445079,0.15062424904,0.210360901749,25.8726445079,15.062424904,21.0360901749,0.801360088074,1.46467866638,0.331659289155
0.268,0.357,1.912,2.51,0.25,0.4,37.5,0.03913213811,4,0.0392797438637,0.00249372417992,0.424174292007,0.192539626567,0.377958095827,42.4174292007,19.2539626567,37.7958095827,0.178422296065,1.18432442333,0.502951063633
0.268,0.357,1.912,2.51,0.25,0.4,52.5,0.04044930336,4,0.03814318433,0.00279588953842,0.305876486812,0.233475123083,0.197610202382,30.5876486812,23.3475123083,19.7610202382,0.473462315672,1.22851073378,0.377524209054
0.268,0.357,1.912,2.51,0.25,0.4,67.5,0.03930415293,4,0.0385045253907,0.00319006051058,0.38327821742,0.236783737606,0.301389537897,38.327821742,23.6783737606,30.1389537897,0.31647828499,1.27621495062,0.479868332814
0.268,0.357,1.912,2.51,0.25,0.4,97.5,0.04862518815,4,0.0427769689338,0.00623593372393,0.309554925653,0.364562334816,0,30.9554925653,36.4562334816,0,0.557523121774,1.41833044117,0.4304036597
0.268,0.357,1.912,2.51,0.25,0.4,112.5,0.07849123791,4,0.076408355634,0.0290893740805,0.255947283074,0.7861401476,0,25.5947283074,78.61401476,0,0.602648504839,1.31385706795,0.355604281555
0.268,0.357,1.912,2.51,0.25,0.4,232.5,0.09563446693,1,0,0,0,0,0,0,0,0,0,0,0
0.268,0.357,1.912,2.51,0.25,0.4,255,0.03838048297,4,0.0247397239972,0.00532680385192,0.765210155069,1.53041754007,0,76.5210155069,153.041754007,0,0.824447291422,2.47129579081,0.823424249693
0.268,0.357,1.912,2.51,0.25,0.4,307.5,0.041198513,4,0.0389984964045,0.00339334609498,0.207357738828,0.211244027255,0,20.7357738828,21.1244027255,0,0.659767772149,1.23701864527,0.288625436561
0.268,0.357,1.912,2.51,0.25,0.4,322.5,0.04199598315,4,0.0353656677572,0.00266642508523,0.375662849211,0.190106727738,0.324009272007,37.5662849211,19.0106727738,32.4009272007,0.745547669593,1.67361921896,0.464035774686
0.268,0.357,1.912,2.51,0.25,0.4,337.5,0.04679741434,4,0.041673257888,0.00252718580823,0.28595943051,0.137599926267,0.250677195191,28.595943051,13.7599926267,25.0677195191,0.708225673867,1.47393276511,0.382853545621
0.268,0.357,1.912,2.51,0.25,0.4,352.5,0.04844952547,4,0.0448214239082,0.00240324945688,0.238507965298,0.129569114341,0.200244585743,23.8507965298,12.9569114341,20.0244585743,0.678991405367,1.3435423525,0.332275473566
0.268,0.357,1.912,2.51,0.4,0.6,7.5,0.04049333944,4,0.035174017193,0.00219405768464,0.369489420951,0.164205382076,0.330997016137,36.9489420951,16.4205382076,33.0997016137,0.533470658385,1.57029982094,0.518414581278
0.268,0.357,1.912,2.51,0.4,0.6,22.5,0.02963149677,4,0.0292469154396,0.00211325811197,0.222598686562,0.177256090176,0.134649373391,22.2598686562,17.7256090176,13.4649373391,0.643626671979,1.16152423527,0.258948781647
0.268,0.357,1.912,2.51,0.4,0.6,37.5,0.01508153951,4,0.0238583126034,0.00314305932835,0.618405433827,0.486138534191,0.382223241263,61.8405433827,48.6138534191,38.2223241263,0.123031298306,1.12951499999,0.503241850841
0.268,0.357,1.912,2.51,0.4,0.6,52.5,0.03320580923,4,0.0336035804269,0.00297856951893,0.268063904539,0.214740339452,0.160451997585,26.8063904539,21.4740339452,16.0451997585,0.537260746344,1.24873040066,0.355734827156
0.268,0.357,1.912,2.51,0.4,0.6,67.5,0.02290495167,4,0.0254499890161,0.00282645270252,0.457822542712,0.343008170031,0.303227432644,45.7822542712,34.3008170031,30.3227432644,0.116655279227,1.17468138006,0.529013050418
0.268,0.357,1.912,2.51,0.4,0.6,112.5,0.03660432315,3,0.0231641292701,0.0110085242563,1.25498390312,1.44975532667,0,125.498390312,144.975532667,0,0.87681381731,3.16976776609,1.14647697439
0.268,0.357,1.912,2.51,0.4,0.6,247.5,0.04937837659,3,0.0407843423966,0.0144613992481,0.271935376348,1.12347877207,0,27.1935376348,112.347877207,0,0.920265732741,1.41370288135,0.246718574303
0.268,0.357,1.912,2.51,0.4,0.6,285,0.03194087507,4,0.0245022086226,0.00186032966316,0.554945834201,0.318176022794,0.454674496114,55.4945834201,31.8176022794,45.4674496114,0.457528701296,1.96748352699,0.754977412849
0.268,0.357,1.912,2.51,0.4,0.6,330,0.02866756713,4,0.0295915260407,0.00200272111135,0.357980165249,0.18132741647,0.308658657336,35.7980165249,18.132741647,30.8658657336,0.295918279813,1.10142732332,0.402754521755
0.268,0.357,1.912,2.51,0.4,0.6,352.5,0.03349466643,4,0.0331225096364,0.00220047312941,0.170222040748,0.154089664383,0.0723320018162,17.0222040748,15.4089664383,7.23320018162,0.736615386871,1.20906578063,0.236225196879
0.268,0.357,1.912,2.51,0.6,0.8,300,0.01293531531,4,0.0146421403149,0.00159498444042,0.36783221377,0.279929406657,0.238621174198,36.783221377,27.9929406657,23.8621174198,0.36315578902,1.12918837441,0.383016292693
0.268,0.357,1.912,2.51,0.8,1,322.5,0.01495139262,4,0.0139244969116,0.00157803452547,0.143451267034,0.235742373326,0,14.3451267034,23.5742373326,0,0.830380072145,1.22950226631,0.199561097083
0.268,0.357,2.51,3.295,0.15,0.25,7.5,0.03737357965,4,0.0350297310252,0.00294841961795,0.170999509938,0.393373350478,0,17.0999509938,39.3373350478,0,0.769224740283,1.1895813876,0.210178323656
0.268,0.357,2.51,3.295,0.15,0.25,22.5,0.04774184256,4,0.0404944711686,0.00263002289523,0.331556085668,0.156466037818,0.292314585598,33.1556085668,15.6466037818,29.2314585598,0.604052086966,1.53018274969,0.463065331361
0.268,0.357,2.51,3.295,0.15,0.25,37.5,0.03855772697,4,0.0340478897082,0.00228764973018,0.250097973071,0.164856292547,0.188072855409,25.0097973071,16.4856292547,18.8072855409,0.867628706895,1.4721324825,0.302251887803
0.268,0.357,2.51,3.295,0.15,0.25,52.5,0.04250453821,4,0.0326338616866,0.00295237866378,0.53036250515,0.222574987008,0.481398755739,53.036250515,22.2574987008,48.1398755739,0.6351949772,1.99079124603,0.677798134416
0.268,0.357,2.51,3.295,0.15,0.25,75,0.04177066155,4,0.0383886228665,0.00413785247698,0.200138273864,0.275588419832,0,20.0138273864,27.5588419832,0,0.701330717791,1.2532493345,0.275959308356
0.268,0.357,2.51,3.295,0.15,0.25,112.5,0.06466164098,4,0.0472326492904,0.0186429777174,0.593684102287,1.01006741865,0,59.3684102287,101.006741865,0,0.718496243591,2.12085846559,0.701181111002
0.268,0.357,2.51,3.295,0.15,0.25,270,0.03803506598,4,0.0161921012152,0.00592557948872,1.77128907899,1.21823962996,1.28582938423,177.128907899,121.823962996,128.582938423,0.588408218264,4.45805501896,1.93482340035
0.268,0.357,2.51,3.295,0.15,0.25,300,0.02867830878,4,0.0233924033893,0.00291163134063,0.346497645123,0.36456483873,0,34.6497645123,36.456483873,0,0.770626105405,1.52432447049,0.376849182543
0.268,0.357,2.51,3.295,0.15,0.25,322.5,0.04156710919,4,0.0351380184148,0.00274033951262,0.289051290859,0.196116183044,0.212341921192,28.9051290859,19.6116183044,21.2341921192,0.809607334545,1.52950939992,0.359951032687
0.268,0.357,2.51,3.295,0.15,0.25,337.5,0.04024404214,4,0.0378655282241,0.00251805850551,0.200191541009,0.144892001661,0.138141090723,20.0191541009,14.4892001661,13.8141090723,0.707357786784,1.22887742895,0.260759821085
0.268,0.357,2.51,3.295,0.15,0.25,352.5,0.04952619107,4,0.0420049450561,0.00279010416053,0.347822820304,0.146884275182,0.315286733036,34.7822820304,14.6884275182,31.5286733036,0.607119645698,1.5681492101,0.480514782201
0.268,0.357,2.51,3.295,0.25,0.4,7.5,0.03518466071,4,0.0342405077531,0.00182022248955,0.110033394272,0.130399709753,0,11.0033394272,13.0399709753,0,0.81360771928,1.0936704029,0.140031341812
0.268,0.357,2.51,3.295,0.25,0.4,22.5,0.03626276897,4,0.0318289622731,0.00155095184566,0.308696640634,0.116472039817,0.285880884075,30.8696640634,11.6472039817,28.5880884075,0.67212700359,1.4922431923,0.410058094355
0.268,0.357,2.51,3.295,0.25,0.4,37.5,0.02986929025,4,0.0259349759355,0.00134449901194,0.321515193559,0.126128447462,0.295742513735,32.1515193559,12.6128447462,29.5742513735,0.669281560282,1.54485557687,0.437787008294
0.268,0.357,2.51,3.295,0.25,0.4,52.5,0.02297060053,4,0.0243867189643,0.00164155575795,0.246124747153,0.221928009944,0.10642062565,24.6124747153,22.1928009944,10.642062565,0.530080226001,1.10793360844,0.288926691218
0.268,0.357,2.51,3.295,0.25,0.4,67.5,0.02570122347,4,0.0220420465058,0.00174630124091,0.28169975877,0.209403679901,0.188427314727,28.169975877,20.9403679901,18.8427314727,0.8846486507,1.54942973018,0.332390539739
0.268,0.357,2.51,3.295,0.25,0.4,82.5,0.02350136867,4,0.0220701299466,0.00195719310805,0.189219057134,0.205970442196,0,18.9219057134,20.5970442196,0,0.757367490833,1.28487235502,0.263752432092
0.268,0.357,2.51,3.295,0.25,0.4,105,0.02234195285,4,0.0191768183657,0.00264126914534,0.606637044434,0.46617767078,0.388184083839,60.6637044434,46.617767078,38.8184083839,0.0476378092224,1.68008380877,0.816222999774
0.268,0.357,2.51,3.295,0.25,0.4,240,0.03530138183,3,0.0336636481769,0.013726630178,0.402995777239,0.736800203274,0,40.2995777239,73.6800203274,0,0.726513243647,1.63740055,0.455443653179
0.268,0.357,2.51,3.295,0.25,0.4,270,0.01827205214,4,0.0163716444414,0.00162708943842,0.333526738519,0.289295650827,0.165976238419,33.3526738519,28.9295650827,16.5976238419,0.465623368029,1.37468819828,0.454532415123
0.268,0.357,2.51,3.295,0.25,0.4,300,0.02534072702,4,0.0236300395576,0.00142310503102,0.152242599738,0.145007177894,0.0463759370151,15.2242599738,14.5007177894,4.63759370151,0.828536280368,1.24357778151,0.20752075057
0.268,0.357,2.51,3.295,0.25,0.4,322.5,0.02877143744,4,0.0262692999477,0.00167665502713,0.2121559817,0.150212162009,0.149821450252,21.21559817,15.0212162009,14.9821450252,0.783101204102,1.34915078097,0.283024788433
0.268,0.357,2.51,3.295,0.25,0.4,337.5,0.02753268024,4,0.027774558421,0.00160518898131,0.0272222109305,0.139124475591,0,2.72222109305,13.9124475591,0,0.957513791108,1.02958488292,0.0360355459061
0.268,0.357,2.51,3.295,0.25,0.4,352.5,0.03640984877,4,0.0332404868993,0.00159990887176,0.213777214887,0.114916036756,0.180263701563,21.3777214887,11.4916036756,18.0263701563,0.773771182652,1.35509775884,0.290663288094
0.268,0.357,2.51,3.295,0.4,0.6,7.5,0.02928504509,4,0.0269322103785,0.0016189302378,0.19107077311,0.14653894369,0.122614755715,19.107077311,14.653894369,12.2614755715,0.808282309699,1.30907216543,0.250394927866
0.268,0.357,2.51,3.295,0.4,0.6,22.5,0.02392161196,4,0.0222024226213,0.00122303015935,0.231004880949,0.118256646522,0.198440471113,23.1004880949,11.8256646522,19.8440471113,0.628060501677,1.24766345153,0.309801474925
0.268,0.357,2.51,3.295,0.4,0.6,37.5,0.02144781266,4,0.020232668235,0.0013180390766,0.258777288683,0.151321433766,0.209922625797,25.8777288683,15.1321433766,20.9922625797,0.585588298705,1.22353881023,0.318975255762
0.268,0.357,2.51,3.295,0.4,0.6,60,0.01504531815,4,0.0149385474959,0.00107075317532,0.0979812946289,0.172509989185,0,9.79812946289,17.2509989185,0,0.821654549306,1.07558505902,0.126965254857
0.268,0.357,2.51,3.295,0.4,0.6,120,0.01206151769,3,0.0115459275079,0.00416247156863,0.314631861468,1.01852482738,0,31.4631861468,101.852482738,0,0.777936511365,1.49085560585,0.356459547245
0.268,0.357,2.51,3.295,0.4,0.6,240,0.009399854246,4,0.00775108261103,0.00330710001457,1.45147918889,1.15167394978,0.883424557722,145.147918889,115.167394978,88.3424557722,0.621486864705,3.86669636669,1.62260475099
0.268,0.357,2.51,3.295,0.4,0.6,277.5,0.01213491219,4,0.0104300413652,0.00085909166216,0.415902985737,0.228054720762,0.347802153361,41.5902985737,22.8054720762,34.7802153361,0.466618317667,1.62943808514,0.581409883738
0.268,0.357,2.51,3.295,0.4,0.6,322.5,0.01640779854,4,0.016057808948,0.00089921046234,0.207196840489,0.135669984991,0.156601998331,20.7196840489,13.5669984991,15.6601998331,0.642240338852,1.16486101812,0.261310339635
0.268,0.357,2.51,3.295,0.4,0.6,352.5,0.02555214773,4,0.023592082623,0.00140509589339,0.17604051968,0.137962737808,0.109345999221,17.604051968,13.7962737808,10.9345999221,0.87132086465,1.31999034412,0.224334739733
0.268,0.357,2.51,3.295,0.6,0.8,7.5,0.02436333518,4,0.0208909327979,0.0015125994432,0.297994959148,0.163559535337,0.249096917038,29.7994959148,16.3559535337,24.9096917038,0.71820866187,1.51363869033,0.39771501423
0.268,0.357,2.51,3.295,0.6,0.8,22.5,0.01455207635,4,0.0155628028272,0.00134435967419,0.348173968184,0.220345152158,0.26957953565,34.8173968184,22.0345152158,26.957953565,0.392745237722,1.2754907487,0.44137275549
0.268,0.357,2.51,3.295,0.6,0.8,45,0.01320675156,4,0.0122763482053,0.00103728711092,0.276229404752,0.184446323648,0.205626451951,27.6229404752,18.4446323648,20.5626451951,0.50402699773,1.18510138819,0.340537195231
0.268,0.357,2.51,3.295,0.6,0.8,75,0.007997474825,4,0.00806313307691,0.000883591985747,0.280686440873,0.284285660698,0,28.0686440873,28.4285660698,0,0.462399857653,1.16161997745,0.3496100599
0.268,0.357,2.51,3.295,0.6,0.8,105,0.005921079614,4,0.00649477566733,0.00111243436637,0.509934505506,0.424558173189,0.2824598334,50.9934505506,42.4558173189,28.24598334,0.183268640207,1.47604588966,0.646388624724
0.268,0.357,2.51,3.295,0.6,0.8,285,0.009369844027,4,0.00841939073971,0.000952639369517,0.39794802497,0.305100303836,0.255492534484,39.794802497,30.5100303836,25.5492534484,0.412946304369,1.4584046993,0.522729197464
0.268,0.357,2.51,3.295,0.6,0.8,315,0.01336059989,4,0.0121077998336,0.000916287273209,0.243584507061,0.187403078936,0.155606870303,24.3584507061,18.7403078936,15.5606870303,0.735081195456,1.39704638766,0.330982596102
0.268,0.357,2.51,3.295,0.6,0.8,345,0.01741890519,4,0.015238495613,0.00115629614397,0.497405040032,0.199309733635,0.455727335067,49.7405040032,19.9309733635,45.5727335067,0.227618110547,1.61262202544,0.692501957446
0.268,0.357,2.51,3.295,0.8,1,15,0.01465807741,4,0.0144189006569,0.000906203165773,0.212111545529,0.133483364436,0.164843862991,21.2111545529,13.3483364436,16.4843862991,0.595487218916,1.10614714599,0.255329963539
0.268,0.357,2.51,3.295,0.8,1,285,0.005065136495,4,0.00533929633665,0.000700378010916,0.321644252477,0.28751657585,0.144184755654,32.1644252477,28.751657585,14.4184755654,0.447835142542,1.17487384881,0.363519353136
0.268,0.357,2.51,3.295,0.8,1,315,0.006447477027,4,0.00666232210094,0.000858388971326,0.188482296917,0.331934979455,0,18.8482296917,33.1934979455,0,0.750635887193,1.19144340723,0.220403760018
0.268,0.357,2.51,3.295,0.8,1,345,0.01974739057,4,0.0174758711927,0.00102721293919,0.266581077181,0.138023603479,0.22806787497,26.6581077181,13.8023603479,22.806787497,0.716404630816,1.44786554679,0.365730457985
0.268,0.357,3.295,4.326,0.25,0.4,7.5,0.039087679,4,0.0368630372898,0.00173775393209,0.12929885308,0.126859969312,0.0249948313467,12.929885308,12.6859969312,2.49948313467,0.88808545787,1.21728549922,0.164600020674
0.268,0.357,3.295,4.326,0.25,0.4,22.5,0.03102197424,4,0.0274194753637,0.00137942873707,0.271350891132,0.125792272729,0.240432132295,27.1350891132,12.5792272729,24.0432132295,0.842942325607,1.50961564767,0.333336661033
0.268,0.357,3.295,4.326,0.25,0.4,37.5,0.02948049948,4,0.025459213499,0.00131290025614,0.301343706213,0.145595459096,0.26383705495,30.1343706213,14.5595459096,26.383705495,0.894920698586,1.57859539108,0.341837346245
0.268,0.357,3.295,4.326,0.25,0.4,52.5,0.02241850846,4,0.0204574490207,0.00131580329832,0.185667310149,0.172562345473,0.0685170561459,18.5667310149,17.2562345473,6.85170561459,0.840055443504,1.33152897179,0.245736764145
0.268,0.357,3.295,4.326,0.25,0.4,67.5,0.02113230004,4,0.0184439187697,0.00134235904731,0.350193917999,0.209643194102,0.280509378399,35.0193917999,20.9643194102,28.0509378399,0.852680393811,1.5419229674,0.344621286797
0.268,0.357,3.295,4.326,0.25,0.4,82.5,0.01524351456,4,0.0125426228086,0.00120995714265,0.404328308231,0.266622069605,0.303963900548,40.4328308231,26.6622069605,30.3963900548,0.683437046285,1.65867518679,0.487619070254
0.268,0.357,3.295,4.326,0.25,0.4,105,0.0146438852,3,0.0115075249267,0.00147988595943,0.460139673609,0.285269354149,0.361040045996,46.0139673609,28.5269354149,36.1040045996,0.878083459679,1.78492862894,0.453422584633
0.268,0.357,3.295,4.326,0.25,0.4,127.5,0.04601697584,2,0.0083630417247,0.00767224163871,5.46912494756,5.21662925569,1.64259151973,546.912494756,521.662925569,164.259151973,0.876565181225,8.73352566618,3.92848024248
0.268,0.357,3.295,4.326,0.25,0.4,142.5,0.01874133399,1,0,0,0,0,0,0,0,0,0,0,0
0.268,0.357,3.295,4.326,0.25,0.4,232.5,0.04173778543,4,0.0246650340018,0.0141276278238,1.26804039535,2.41286676,0,126.804039535,241.286676,0,0.877549926686,3.04520883225,1.08382945278
0.268,0.357,3.295,4.326,0.25,0.4,262.5,0.009480214656,4,0.00743730593573,0.00104236948703,0.452004166481,0.421057043013,0.164373760208,45.2004166481,42.1057043013,16.4373760208,0.864235447156,1.82729067991,0.481527616377
0.268,0.357,3.295,4.326,0.25,0.4,307.5,0.01892161661,4,0.0170814841461,0.000891065175518,0.208394941655,0.144534597136,0.150127285788,20.8394941655,14.4534597136,15.0127285788,0.857764385382,1.39156094556,0.266898280091
0.268,0.357,3.295,4.326,0.25,0.4,337.5,0.03184959367,4,0.0293573958615,0.00149523927466,0.177447108794,0.131766653151,0.118848750674,17.7447108794,13.1766653151,11.8848750674,0.846533692814,1.31058724458,0.232026775881
0.268,0.357,3.295,4.326,0.25,0.4,352.5,0.0373336564,4,0.0328467203297,0.00159149531999,0.248504561299,0.131158365704,0.211073447151,24.8504561299,13.1158365704,21.1073447151,0.844214543543,1.46959610505,0.312690780751
0.268,0.357,3.295,4.326,0.4,0.6,7.5,0.027080267,4,0.0243880733953,0.00108197018365,0.242582637855,0.121574223733,0.209919137556,24.2582637855,12.1574223733,20.9919137556,0.805365593322,1.34941969653,0.272027051603
0.268,0.357,3.295,4.326,0.4,0.6,22.5,0.01986355505,4,0.019482709413,0.00094729984967,0.0943570906237,0.121523388358,0,9.43570906237,12.1523388358,0,0.864131856771,1.09746796437,0.116668053802
0.268,0.357,3.295,4.326,0.4,0.6,37.5,0.01574553617,4,0.0145152854712,0.000890379062946,0.176697192265,0.147716263403,0.0969628964116,17.6697192265,14.7716263403,9.69628964116,0.927603806117,1.33569318484,0.204044689363
0.268,0.357,3.295,4.326,0.4,0.6,52.5,0.01180833185,4,0.0112776138296,0.0008906994073,0.326490591655,0.276812821813,0.17312067502,32.6490591655,27.6812821813,17.312067502,0.44653879935,1.33072532069,0.442093260669
0.268,0.357,3.295,4.326,0.4,0.6,67.5,0.009081103883,4,0.00891098035332,0.00086885084535,0.229759693939,0.304909036106,0,22.9759693939,30.4909036106,0,0.568053082523,1.1551138575,0.293530387487
0.268,0.357,3.295,4.326,0.4,0.6,82.5,0.008636507558,4,0.00780176198344,0.000699863784563,0.269230429749,0.318086430657,0,26.9230429749,31.8086430657,0,0.735459747577,1.45263948632,0.35858986937
0.268,0.357,3.295,4.326,0.4,0.6,105,0.006928526316,4,0.00572869373404,0.000592268069965,0.34752681151,0.310406945717,0.156276718576,34.752681151,31.0406945717,15.6276718576,0.835914567495,1.57091141712,0.367498424814
0.268,0.357,3.295,4.326,0.4,0.6,127.5,0.004842872413,3,0.00362142606891,0.00170457289911,1.4643101951,2.25228772656,0,146.43101951,225.228772656,0,0.905610762885,3.53255943282,1.31347433497
0.268,0.357,3.295,4.326,0.4,0.6,255,0.006092921046,4,0.00608750103315,0.000746766650321,0.503183861681,0.759676070209,0,50.3183861681,75.9676070209,0,0.0495950528889,1.26040448243,0.605404714772
0.268,0.357,3.295,4.326,0.4,0.6,285,0.00816287012,4,0.0077760037989,0.000601456555272,0.238783944275,0.235200705514,0.0412116508912,23.8783944275,23.5200705514,4.12116508912,0.95746738126,1.47261253931,0.257572579026
0.268,0.357,3.295,4.326,0.4,0.6,315,0.0138219797,4,0.0120600038237,0.000765221765275,0.268372511054,0.164877571994,0.211752664547,26.8372511054,16.4877571994,21.1752664547,0.867621650288,1.490870655,0.311624502358
0.268,0.357,3.295,4.326,0.4,0.6,337.5,0.02058953569,4,0.0183163352527,0.00104821137307,0.225939830444,0.206265749811,0.0922130545852,22.5939830444,20.6265749811,9.22130545852,0.902239120001,1.42818969511,0.262975287554
0.268,0.357,3.295,4.326,0.4,0.6,352.5,0.02702488993,4,0.0245988508249,0.00112725572407,0.196762450983,0.145234639432,0.13274924341,19.6762450983,14.5234639432,13.274924341,0.868199813561,1.34405850482,0.237929345629
0.268,0.357,3.295,4.326,0.6,0.8,7.5,0.02249604701,4,0.021318964283,0.00101329321348,0.125393535207,0.117241669942,0.0444739193336,12.5393535207,11.7241669942,4.44739193336,0.918068094217,1.23345102843,0.157691467107
0.268,0.357,3.295,4.326,0.6,0.8,22.5,0.01606098309,4,0.0146757419277,0.000807218725288,0.178851875177,0.139743671511,0.111623024179,17.8851875177,13.9743671511,11.1623024179,0.880718663063,1.33489212311,0.227086730022
0.268,0.357,3.295,4.326,0.6,0.8,45,0.007140179839,4,0.00701552867855,0.000579130912444,0.10918139554,0.195185064771,0,10.918139554,19.5185064771,0,0.83017865365,1.11921546882,0.144518407586
0.268,0.357,3.295,4.326,0.6,0.8,75,0.004258940188,4,0.00432343272257,0.000441097749221,0.109319729182,0.244442936179,0,10.9319729182,24.4442936179,0,0.798570509951,1.06364376112,0.132536625587
0.268,0.357,3.295,4.326,0.6,0.8,105,0.003294899685,4,0.00284499084439,0.000456461005018,0.358793822357,0.386132644939,0,35.8793822357,38.6132644939,0,0.679901482219,1.55099411258,0.435546315182
0.268,0.357,3.295,4.326,0.6,0.8,135,0.003655356121,3,0.00164860584415,0.0010641520716,1.46896022015,2.84116787607,0,146.896022015,284.116787607,0,0.76997100035,3.17731014821,1.20366957393
0.268,0.357,3.295,4.326,0.6,0.8,240,0.003421032145,4,0.00255078424956,0.000694333724832,0.767326164652,0.656520787887,0.397202590666,76.7326164652,65.6520787887,39.7202590666,0.565672596281,2.17423435007,0.804280876893
0.268,0.357,3.295,4.326,0.6,0.8,300,0.006280811304,3,0.0058690405655,0.000495878090735,0.169320095437,0.154111197606,0.07013582174,16.9320095437,15.4111197606,7.013582174,0.918530825581,1.2732990322,0.17738410331
0.268,0.357,3.295,4.326,0.6,0.8,322.5,0.009450452157,4,0.00922212831497,0.000849112838823,0.0735891823003,0.218335955245,0,7.35891823003,21.8335955245,0,0.916062301724,1.12078076958,0.102359233927
0.268,0.357,3.295,4.326,0.6,0.8,337.5,0.01328958508,4,0.0128628407733,0.00076970838971,0.12496895469,0.142524401121,0,12.496895469,14.2524401121,0,0.865963512753,1.15393061312,0.143983550185
0.268,0.357,3.295,4.326,0.6,0.8,352.5,0.02220308096,4,0.0204037003188,0.0010287776848,0.192561565124,0.124783808346,0.146659324754,19.2561565124,12.4783808346,14.6659324754,0.891357059544,1.35426837575,0.231455658102
0.268,0.357,3.295,4.326,0.8,1,7.5,0.02453986309,4,0.0248321324375,0.00132940431237,0.0594573493872,0.128705891498,0,5.94573493872,12.8705891498,0,0.895546450791,1.03520074785,0.0698271485287
0.268,0.357,3.295,4.326,0.8,1,30,0.007416680584,4,0.00748431216639,0.000439570644596,0.150639482879,0.136402167105,0.0639273228838,15.0639482879,13.6402167105,6.39273228838,0.704655184972,1.04201826923,0.168681542129
0.268,0.357,3.295,4.326,0.8,1,75,0.00302383071,4,0.00311776221222,0.000328409337801,0.177879171731,0.329884976025,0,17.7879171731,32.9884976025,0,0.70716769751,1.1697347324,0.231283517445
0.268,0.357,3.295,4.326,0.8,1,127.5,0.002613951215,3,0.00201531687928,0.000788542104658,0.832597520755,0.903278819213,0,83.2597520755,90.3278819213,0,0.787541694964,2.42300679322,0.817732549129
0.268,0.357,3.295,4.326,0.8,1,255,0.002323918391,4,0.00168408260611,0.000389597500716,0.615309559753,0.524696070636,0.321402999026,61.5309559753,52.4696070636,32.1402999026,0.182436001527,1.6615712245,0.739567611487
0.268,0.357,3.295,4.326,0.8,1,285,0.002609573486,4,0.00253855324455,0.000353315832185,0.112817498589,0.305289821486,0,11.2817498589,30.5289821486,0,0.843981005952,1.14625950637,0.15113925021
0.268,0.357,3.295,4.326,0.8,1,315,0.005992146166,4,0.00557792358946,0.000447893771,0.169496016785,0.22071635196,0,16.9496016785,22.071635196,0,0.85628672774,1.2231048704,0.183409071331
0.268,0.357,3.295,4.326,0.8,1,337.5,0.01221186508,4,0.0118986985296,0.000760840706604,0.106805173837,0.169201719234,0,10.6805173837,16.9201719234,0,0.946855432295,1.19694743795,0.125046002829
0.268,0.357,3.295,4.326,0.8,1,352.5,0.02065095153,4,0.0201937783996,0.00127086160424,0.0984159673461,0.151982399877,0,9.84159673461,15.1982399877,0,0.897234151107,1.12795719648,0.115361522688
0.268,0.357,4.326,5.761,0.25,0.4,7.5,0.05473741207,4,0.0475362925601,0.00292989392818,0.688602466372,0.332691304977,0.602901196123,68.8602466372,33.2691304977,60.2901196123,0.899652769217,2.35890733292,0.729627281853
0.268,0.357,4.326,5.761,0.25,0.4,22.5,0.03763204338,4,0.0345519095088,0.00216047559445,0.493117302452,0.265574427236,0.415493559007,49.3117302452,26.5574427236,41.5493559007,0.889186109444,1.9725347979,0.541674344228
0.268,0.357,4.326,5.761,0.25,0.4,45,0.0282611602,4,0.0267625572024,0.00168054942461,0.155802808322,0.218922019681,0,15.5802808322,21.8922019681,0,0.875270672486,1.2452023369,0.184965832209
0.268,0.357,4.326,5.761,0.25,0.4,75,0.02746533187,4,0.0215283059216,0.00364935857994,0.507956380937,1.12613471023,0,50.7956380937,112.613471023,0,0.811903132726,1.83321867284,0.510657770057
0.268,0.357,4.326,5.761,0.25,0.4,105,0.02690170158,4,0.0177791698656,0.00680655448703,2.25844823765,2.1876236581,0.561151648543,225.844823765,218.76236581,56.1151648543,0.482179629578,5.41279858664,2.46530947853
0.268,0.357,4.326,5.761,0.25,0.4,232.5,0.03484673153,2,0.0197764399374,0.0182481515003,0.973830865969,2.46921026036,0,97.3830865969,246.921026036,0,0.887859949796,2.37263167681,0.742385863505
0.268,0.357,4.326,5.761,0.25,0.4,277.5,0.01380101143,4,0.0107498207197,0.00283216676199,0.70596019194,3.27997338981,0,70.596019194,327.997338981,0,0.427157057472,2.27845805698,0.925650499755
0.268,0.357,4.326,5.761,0.25,0.4,315,0.02596334823,4,0.02506745848,0.00224815354465,0.312829384504,0.273037043567,0.152685941229,31.2829384504,27.3037043567,15.2685941229,0.647226945361,1.41955558512,0.386164319878
0.268,0.357,4.326,5.761,0.25,0.4,337.5,0.04463340627,4,0.0378964896654,0.00245725784383,0.667123980918,0.338657339073,0.574774401489,66.7123980918,33.8657339073,57.4774401489,0.837971684195,2.29606246484,0.729045390323
0.268,0.357,4.326,5.761,0.25,0.4,352.5,0.05220306465,4,0.0459027829823,0.00261819292557,0.627952195816,0.352499559604,0.519680691107,62.7952195816,35.2499559604,51.9680691107,0.84722334319,2.23914155357,0.695959105188
0.268,0.357,4.326,5.761,0.4,0.6,7.5,0.05024703047,4,0.0463740474757,0.00225146249367,0.379536595891,0.224208286648,0.306233035152,37.9536595891,22.4208286648,30.6233035152,0.902311093762,1.74442278199,0.421055844117
0.268,0.357,4.326,5.761,0.4,0.6,22.5,0.029035484,4,0.0265515497829,0.00146327859165,0.26559595953,0.254247707164,0.076807012185,26.559595953,25.4247707164,7.6807012185,0.863460351183,1.4599317888,0.298235718809
0.268,0.357,4.326,5.761,0.4,0.6,37.5,0.01922152366,4,0.0185055483471,0.00118289547029,0.10010328753,0.195252874925,0,10.010328753,19.5252874925,0,0.922706168429,1.14865821652,0.112976024044
0.268,0.357,4.326,5.761,0.4,0.6,60,0.01045567497,4,0.00980589839378,0.001155750487,0.290321986774,0.476988510397,0,29.0321986774,47.6988510397,0,0.797682000148,1.51899712824,0.360657564048
0.268,0.357,4.326,5.761,0.4,0.6,90,0.008235987766,4,0.00722868235605,0.00119477572753,0.277179114517,0.501101747694,0,27.7179114517,50.1101747694,0,0.815630070405,1.36529983749,0.274834883544
0.268,0.357,4.326,5.761,0.4,0.6,120,0.009265761919,2,0.00531362073712,0.00342619777691,1.30088815006,1.26612613809,0.298721578422,130.088815006,126.612613809,29.8721578422,0.672668108401,2.81037946041,1.068855676
0.268,0.357,4.326,5.761,0.4,0.6,247.5,0.009080339269,4,0.00636641103685,0.00174066035514,0.618229412908,0.886330313338,0,61.8229412908,88.6330313338,0,0.835159253813,2.19933252801,0.682086637097
0.268,0.357,4.326,5.761,0.4,0.6,285,0.01313617105,3,0.0100813778818,0.00126828490145,0.48401304348,0.269604669652,0.401972571652,48.401304348,26.9604669652,40.1972571652,0.791589923873,1.8064998221,0.507454949113
0.268,0.357,4.326,5.761,0.4,0.6,315,0.01478710727,4,0.0151095596285,0.000943846396633,0.2501279078,0.569723521824,0,25.01279078,56.9723521824,0,0.527486568105,1.09507383715,0.283793634523
0.268,0.357,4.326,5.761,0.4,0.6,337.5,0.03290218398,4,0.0297249546592,0.0015916292216,0.407523392125,0.254844454557,0.318008834957,40.7523392125,25.4844454557,31.8008834957,0.888107264845,1.78655820199,0.449225468571
0.268,0.357,4.326,5.761,0.4,0.6,352.5,0.04596332589,4,0.0438540868977,0.00222027077988,0.17328535913,0.176608845564,0,17.328535913,17.6608845564,0,0.920282318594,1.31174947421,0.195733577808
0.357,0.446,1.912,2.51,0.25,0.4,15,0.03005736145,4,0.0255908976561,0.00216192839048,0.271891600198,0.242310647753,0.123331229798,27.1891600198,24.2310647753,12.3331229798,0.797964578049,1.46727146561,0.334653443779
0.357,0.446,1.912,2.51,0.25,0.4,45,0.02724213182,4,0.0238810459978,0.00222319693188,0.237890184494,0.29707209809,0,23.7890184494,29.707209809,0,0.748648273265,1.38887909487,0.320115410804
0.357,0.446,1.912,2.51,0.25,0.4,75,0.03393516866,3,0.0311862588651,0.00498729852779,0.153608267131,0.38033365874,0,15.3608267131,38.033365874,0,0.9256724112,1.25517386293,0.164750725864
0.357,0.446,1.912,2.51,0.25,0.4,262.5,0.08262986456,1,0,0,0,0,0,0,0,0,0,0,0
0.357,0.446,1.912,2.51,0.25,0.4,292.5,0.03246599901,4,0.0250167289293,0.00309275720345,0.537307182133,0.393797890267,0.365543745116,53.7307182133,39.3797890267,36.5543745116,0.496283785345,1.94627543064,0.724995822645
0.357,0.446,1.912,2.51,0.25,0.4,322.5,0.02590887565,4,0.0250275269956,0.00316746653417,0.0843555644792,0.296644244739,0,8.43555644792,29.6644244739,0,0.926594718051,1.14087799825,0.107141640102
0.357,0.446,1.912,2.51,0.25,0.4,337.5,0.02618975932,4,0.0203559432047,0.00289450957049,0.637635453727,0.406090380496,0.491598997881,63.7635453727,40.6090380496,49.1598997881,0.599166093034,2.14473189038,0.772782898674
0.357,0.446,1.912,2.51,0.25,0.4,352.5,0.0343639937,4,0.02929828673,0.00279561454267,0.466211709315,0.254201727014,0.390813049789,46.6211709315,25.4201727014,39.0813049789,0.348729316637,1.65330132087,0.652286002116
0.357,0.446,1.912,2.51,0.4,0.6,7.5,0.01288093924,4,0.0152563435051,0.00259437242417,0.218835722767,0.498936184138,0,21.8835722767,49.8936184138,0,0.594190116325,1.11526473328,0.260537308475
0.357,0.446,1.912,2.51,0.4,0.6,22.5,0.02026236808,4,0.0192948290909,0.00266675202221,0.410544656245,0.399102379932,0.0962507407953,41.0544656245,39.9102379932,9.62507407953,0.263673093917,1.30696156163,0.521644233856
0.357,0.446,1.912,2.51,0.4,0.6,45,0.02116104484,4,0.0201417552587,0.0019759244922,0.420335065173,0.282932848157,0.31085458087,42.0335065173,28.2932848157,31.085458087,0.2633212858,1.39207144759,0.564375080895
0.357,0.446,1.912,2.51,0.4,0.6,337.5,0.02134667991,4,0.0214846355596,0.00210402885741,0.12211765554,0.234319280791,0,12.211765554,23.4319280791,0,0.840515835601,1.14759774964,0.153540957017
0.357,0.446,1.912,2.51,0.4,0.6,352.5,0.01597618266,4,0.0177880555565,0.00218172353038,0.509637704891,0.408104951663,0.305255530129,50.9637704891,40.8104951663,30.5255530129,0.0764077921659,1.35349767452,0.638544941177
0.357,0.446,1.912,2.51,0.6,0.8,105,0.03934537412,1,0,0,0,0,0,0,0,0,0,0,0
0.357,0.446,2.51,3.295,0.25,0.4,7.5,0.01737408666,4,0.0148132675504,0.00142251264173,0.28984164407,0.290263789466,0,28.984164407,29.0263789466,0,0.744847586293,1.46071456932,0.357933491512
0.357,0.446,2.51,3.295,0.25,0.4,22.5,0.01478374885,4,0.0122142495803,0.00132570998192,0.462122749264,0.289892140791,0.359888846861,46.2122749264,28.9892140791,35.9888846861,0.40829020213,1.70032056194,0.646015179904
0.357,0.446,2.51,3.295,0.25,0.4,37.5,0.01691348892,4,0.015023763553,0.00147298277565,0.439469034019,0.297799628983,0.323184796733,43.9469034019,29.7799628983,32.3184796733,0.370108157013,1.58099337068,0.605442606834
0.357,0.446,2.51,3.295,0.25,0.4,52.5,0.02193261587,4,0.0162021246564,0.0019517317147,0.627636160717,0.299533821421,0.551549308824,62.7636160717,29.9533821421,55.1549308824,0.421364843426,2.10929976437,0.843967460472
0.357,0.446,2.51,3.295,0.25,0.4,67.5,0.06203473334,4,0.0229311750609,0.00647721272499,2.4677159852,1.14837803982,2.18422756628,246.77159852,114.837803982,218.422756628,0.497747117175,5.88390036453,2.69307662368
0.357,0.446,2.51,3.295,0.25,0.4,82.5,0.0526033105,3,0.0571749836118,0.0504589917836,0.186925846405,2.0921896656,0,18.6925846405,209.21896656,0,0.731758328854,1.17631732956,0.222279500355
0.357,0.446,2.51,3.295,0.25,0.4,277.5,0.02614266772,3,0.024147752182,0.0176536269192,0.456041838301,1.53412926802,0,45.6041838301,153.412926802,0,0.737089096983,1.6399256068,0.45141825491
0.357,0.446,2.51,3.295,0.25,0.4,292.5,0.01217948036,2,0.00992063991838,0.00493442954401,0.758288156573,1.47661501691,0,75.8288156573,147.661501691,0,0.931233349966,2.07017428704,0.569470468537
0.357,0.446,2.51,3.295,0.25,0.4,315,0.01615883876,3,0.0127402279587,0.00124922235464,0.440969105489,0.214306051094,0.385391578087,44.0969105489,21.4306051094,38.5391578087,0.857822566867,1.75036326605,0.446270349591
0.357,0.446,2.51,3.295,0.25,0.4,337.5,0.02015790813,4,0.0142909903802,0.0013524432267,0.650130509265,0.24584197553,0.601856629227,65.0130509265,24.584197553,60.1856629227,0.794076744724,2.28197034022,0.743946797747
0.357,0.446,2.51,3.295,0.25,0.4,352.5,0.01355404995,4,0.0137703257547,0.00130793966545,0.50356109741,0.277948897322,0.419902595017,50.356109741,27.7948897322,41.9902595017,0.0112895791116,1.15361537214,0.571162896513
0.357,0.446,2.51,3.295,0.4,0.6,7.5,0.01081883437,4,0.0103173626291,0.0009812727033,0.110137839202,0.237448309802,0,11.0137839202,23.7448309802,0,0.903754094354,1.12924027669,0.112743091167
0.357,0.446,2.51,3.295,0.4,0.6,22.5,0.01141894206,4,0.0102933226633,0.000916254140489,0.226337888771,0.213401920306,0.0754218821249,22.6337888771,21.3401920306,7.54218821249,0.727824713272,1.35416358799,0.313169437358
0.357,0.446,2.51,3.295,0.4,0.6,37.5,0.01137027193,4,0.0117091796036,0.000986646927345,0.417028532646,0.209340246993,0.360679162178,41.7028532646,20.9340246993,36.0679162178,0.181593915029,1.15250726411,0.485456674542
0.357,0.446,2.51,3.295,0.4,0.6,52.5,0.01430905081,4,0.0116129610602,0.00107366599009,0.408983160655,0.234448709614,0.335113455802,40.8983160655,23.4448709614,33.5113455802,0.745638063118,1.74616536944,0.500263653162
0.357,0.446,2.51,3.295,0.4,0.6,75,0.01032897665,4,0.0117573126067,0.00152307164274,0.310760710495,0.40387603847,0,31.0760710495,40.387603847,0,0.573066798885,1.2871958122,0.357064506656
0.357,0.446,2.51,3.295,0.4,0.6,97.5,0.0238164115,1,0,0,0,0,0,0,0,0,0,0,0
0.357,0.446,2.51,3.295,0.4,0.6,277.5,0.03547446203,3,0.0211537790422,0.00564983615885,0.960136034074,1.15669346712,0,96.0136034074,115.669346712,0,0.944337047303,2.66207118207,0.858867067382
0.357,0.446,2.51,3.295,0.4,0.6,322.5,0.01118431138,4,0.0110016517261,0.00107719744556,0.145750966227,0.23567001225,0,14.5750966227,23.567001225,0,0.894929381523,1.25548552834,0.180278073409
0.357,0.446,2.51,3.295,0.4,0.6,337.5,0.01108308821,4,0.00899630691417,0.000983752937943,0.428389692448,0.291356015541,0.31405318149,42.8389692448,29.1356015541,31.405318149,0.73414876938,1.79679629699,0.531323763807
0.357,0.446,2.51,3.295,0.4,0.6,352.5,0.009066434104,4,0.00880398457301,0.000863258178242,0.0878733915443,0.245826593825,0,8.78733915443,24.5826593825,0,0.893559613804,1.08760934706,0.097024866629
0.357,0.446,2.51,3.295,0.6,0.8,7.5,0.006931640554,4,0.00763197781981,0.000951744374854,0.38527651407,0.406162171368,0,38.527651407,40.6162171368,0,0.311111544092,1.26861979484,0.478754125374
0.357,0.446,2.51,3.295,0.6,0.8,22.5,0.007960126828,4,0.00792624277068,0.000928180918201,0.164419776943,0.282258785829,0,16.4419776943,28.2258785829,0,0.82679374536,1.20842220055,0.190814227593
0.357,0.446,2.51,3.295,0.6,0.8,37.5,0.007003557438,4,0.00801503022234,0.000923745931915,0.50177798297,0.29856631367,0.403285631451,50.177798297,29.856631367,40.3285631451,0.112557843211,1.2144250568,0.550933606794
0.357,0.446,2.51,3.295,0.6,0.8,52.5,0.009918805062,4,0.00816523646525,0.00102125407926,0.367164087894,0.302892503212,0.207522526336,36.7164087894,30.2892503212,20.7522526336,0.734144878658,1.52916212079,0.397508621068
0.357,0.446,2.51,3.295,0.6,0.8,337.5,0.007639066863,4,0.00929494689116,0.00111570649152,0.363159636389,0.319449194331,0.17273428653,36.3159636389,31.9449194331,17.273428653,0.50478225319,1.20257373075,0.348895738779
0.357,0.446,2.51,3.295,0.6,0.8,352.5,0.008195922223,4,0.00778422508173,0.000887609576899,0.225427568761,0.278212347314,0,22.5427568761,27.8212347314,0,0.799838609191,1.35689306759,0.278527229202
0.357,0.446,3.295,4.326,0.25,0.4,7.5,0.0102827575,4,0.00914870897349,0.00114396372558,0.334339257736,0.304420521497,0.138242125835,33.4339257736,30.4420521497,13.8242125835,0.683300177229,1.43338481178,0.375042317276
0.357,0.446,3.295,4.326,0.25,0.4,22.5,0.0143216789,4,0.00931313975065,0.00127224257673,0.821048106607,0.335622237143,0.749318161596,82.1048106607,33.5622237143,74.9318161596,0.628012534397,2.5940154692,0.983001467401
0.357,0.446,3.295,4.326,0.25,0.4,37.5,0.01255723462,4,0.00880140291155,0.00133534433195,0.701289771924,0.380554674837,0.589054737409,70.1289771924,38.0554674837,58.9054737409,0.665421948734,2.35344799552,0.844013023395
0.357,0.446,3.295,4.326,0.25,0.4,52.5,0.01689611798,4,0.00988501223714,0.00203192069436,1.16826298658,0.746573573908,0.898591288934,116.826298658,74.6573573908,89.8591288934,0.72820961131,2.69699686156,0.984393625123
0.357,0.446,3.295,4.326,0.25,0.4,67.5,0.01706196402,3,0.0140017697152,0.00585782490438,0.554826369805,0.753283961168,0,55.4826369805,75.3283961168,0,0.654501075751,1.8815678572,0.613533390724
0.357,0.446,3.295,4.326,0.25,0.4,292.5,0.01251711959,2,0.00853356400077,0.00722325621553,0.635918169262,1.75803037135,0,63.5918169262,175.803037135,0,0.862691328539,1.88878015546,0.51304441346
0.357,0.446,3.295,4.326,0.25,0.4,307.5,0.01502592691,4,0.00692979702742,0.00260875226302,1.92219734748,1.4296388954,1.28490282567,192.219734748,142.96388954,128.490282567,0.635814369247,3.79553238225,1.5798590065
0.357,0.446,3.295,4.326,0.25,0.4,322.5,0.01239206669,4,0.00812298180903,0.0014076286635,0.806796720312,0.463976079217,0.660035715564,80.6796720312,46.3976079217,66.0035715564,0.634626676163,2.56413746081,0.964755392322
0.357,0.446,3.295,4.326,0.25,0.4,337.5,0.01003102039,4,0.00831035992233,0.00104506895856,0.421822351509,0.297164375246,0.299378406565,42.1822351509,29.7164375246,29.9378406565,0.704522700427,1.7334321479,0.514454723738
0.357,0.446,3.295,4.326,0.25,0.4,352.5,0.009515038284,4,0.00734474356324,0.00104114349206,0.425734999338,0.399630818847,0.14678384887,42.5734999338,39.9630818847,14.678384887,0.823367079045,1.81255228523,0.494592603094
0.357,0.446,3.295,4.326,0.4,0.6,7.5,0.007099806176,4,0.00700967412031,0.000579260354784,0.171741409247,0.203362268956,0,17.1741409247,20.3362268956,0,0.784373912629,1.184733868,0.200179977688
0.357,0.446,3.295,4.326,0.4,0.6,22.5,0.007450350476,4,0.0071268088608,0.000571600533925,0.190800939613,0.190090027502,0.0164553942903,19.0800939613,19.0090027502,1.64553942903,0.709813741578,1.24008128597,0.265133772198
0.357,0.446,3.295,4.326,0.4,0.6,37.5,0.00760229849,4,0.00657194780433,0.000561250001148,0.247200485055,0.235304815655,0.0757609631712,24.7200485055,23.5304815655,7.57609631712,0.838709485393,1.45751925307,0.30940488384
0.357,0.446,3.295,4.326,0.4,0.6,52.5,0.006630273987,4,0.00663708056214,0.000676475546788,0.214469314951,0.230708196805,0,21.4469314951,23.0708196805,0,0.585349576915,1.10402621219,0.259338317636
0.357,0.446,3.295,4.326,0.4,0.6,82.5,0.02769017529,2,0.0245940212028,0.0106872853097,0.308172239963,0.686244331162,0,30.8172239963,68.6244331162,0,0.843746850866,1.4068478983,0.281550523719
0.357,0.446,3.295,4.326,0.4,0.6,270,0.00863218555,3,0.0064349374898,0.00292833269227,0.515007834371,0.963739661824,0,51.5007834371,96.3739661824,0,0.703669637844,1.71181735758,0.504073859869
0.357,0.446,3.295,4.326,0.4,0.6,300,0.006068113885,4,0.00500086249407,0.000723384955844,0.419793815877,0.399092187761,0.130200896759,41.9793815877,39.9092187761,13.0200896759,0.627100856646,1.7043404351,0.538619789226
0.357,0.446,3.295,4.326,0.4,0.6,322.5,0.005064652313,4,0.00488597557882,0.000629797024448,0.159567392433,0.288752999947,0,15.9567392433,28.8752999947,0,0.760580426786,1.16698964025,0.203204606733
0.357,0.446,3.295,4.326,0.4,0.6,337.5,0.006446496853,4,0.00559863061475,0.000555663739333,0.347508623954,0.241142540093,0.250224936967,34.7508623954,24.1142540093,25.0224936967,0.586733781712,1.54491718622,0.479091702252
0.357,0.446,3.295,4.326,0.4,0.6,352.5,0.007087328885,4,0.00627639910477,0.000535758119283,0.277758846944,0.22224508284,0.166604622412,27.7758846944,22.224508284,16.6604622412,0.786278425993,1.45939716517,0.336559369591
0.357,0.446,3.295,4.326,0.6,0.8,7.5,0.00753373611,4,0.00651738076731,0.000610348962413,0.392109022179,0.208244167487,0.332240653716,39.2109022179,20.8244167487,33.2240653716,0.500729748885,1.45165201356,0.475461132338
0.357,0.446,3.295,4.326,0.6,0.8,22.5,0.005959237934,3,0.00517198919124,0.000506065638836,0.281844504986,0.187553284215,0.210380822726,28.1844504986,18.7553284215,21.0380822726,0.776655779522,1.39491829686,0.309131258667
0.357,0.446,3.295,4.326,0.6,0.8,37.5,0.005068954988,4,0.00420531912608,0.000494079073236,0.338321401777,0.378277301088,0,33.8321401777,37.8277301088,0,0.845092367416,1.63634162728,0.395624629931
0.357,0.446,3.295,4.326,0.6,0.8,60,0.003490507114,3,0.00291064601641,0.000509079303072,0.497557998961,0.315835312748,0.38446328505,49.7557998961,31.5835312748,38.446328505,0.764640225727,1.79861848761,0.516989130941
0.357,0.446,3.295,4.326,0.6,0.8,82.5,0.005382586001,3,0.00562667504349,0.00282541644461,0.445442342488,0.873909396439,0,44.5442342488,87.3909396439,0,0.407268450068,1.36153098709,0.477131268511
0.357,0.446,3.295,4.326,0.6,0.8,330,0.0042075092,3,0.00435393601302,0.000435952550906,0.147865609299,0.182225938232,0,14.7865609299,18.2225938232,0,0.79153745202,1.14450375272,0.17648315035
0.357,0.446,3.295,4.326,0.6,0.8,352.5,0.00442910386,4,0.00406084282137,0.000528917891224,0.162292990664,0.319540269749,0,16.2292990664,31.9540269749,0,0.881139415239,1.2974451947,0.208152889728
0.357,0.446,3.295,4.326,0.8,1,7.5,0.004789967578,4,0.00440414477672,0.000621555602934,0.144218817245,0.357710332278,0,14.4218817245,35.7710332278,0,0.938237110378,1.26830627652,0.165034583069
0.357,0.446,3.295,4.326,0.8,1,37.5,0.003418403653,4,0.00321967177591,0.000570310349854,0.420523390848,0.363973039984,0.210626561513,42.0523390848,36.3973039984,21.0626561513,0.467035734279,1.43800060386,0.485482434792
0.357,0.446,3.295,4.326,0.8,1,270,0.009554543082,3,0.00528971759528,0.00220858914558,1.04627307586,1.7972696717,0,104.627307586,179.72696717,0,0.754813119053,2.69919819968,0.972192540314
0.357,0.446,3.295,4.326,0.8,1,345,0.003821506937,4,0.00399055888017,0.000425255226786,0.187809013771,0.243370364531,0,18.7809013771,24.3370364531,0,0.712756503891,1.22149244514,0.254367970623
0.357,0.446,4.326,5.761,0.25,0.4,7.5,0.01530210285,4,0.0130829139143,0.0029599621573,0.508299428734,0.804983843083,0,50.8299428734,80.4983843083,0,0.593444468402,1.90275591303,0.654655722313
0.357,0.446,4.326,5.761,0.25,0.4,22.5,0.0138409678,4,0.0110513760686,0.00264463044539,0.510527591345,0.520300360224,0,51.0527591345,52.0300360224,0,0.547143766938,1.90565066643,0.679253449745
0.357,0.446,4.326,5.761,0.25,0.4,37.5,0.01488559854,4,0.00950105127065,0.00277923696355,0.889918067806,0.82297464367,0.338625018692,88.9918067806,82.297464367,33.8625018692,0.75629200278,2.74814905701,0.995928527112
0.357,0.446,4.326,5.761,0.25,0.4,52.5,0.03481000114,4,0.0132154060568,0.00795675503837,2.36229030144,3.16763195667,0,236.229030144,316.763195667,0,0.650890638476,4.33986025656,1.84448480904
0.357,0.446,4.326,5.761,0.25,0.4,315,0.00769550939,4,0.0046763221227,0.00209777898282,1.40697854506,2.00652189018,0,140.697854506,200.652189018,0,0.549687811608,3.52916372033,1.48973795436
0.357,0.446,4.326,5.761,0.25,0.4,337.5,0.0106174417,4,0.00549775119013,0.00161495498322,1.55788327225,1.30717954051,0.847515155523,155.788327225,130.717954051,84.7515155523,0.734054551477,3.23032431913,1.24813488383
0.357,0.446,4.326,5.761,0.25,0.4,352.5,0.01163067826,4,0.00831865724509,0.0017056135106,0.700319706717,0.697830688756,0.0589917065969,70.0319706717,69.7830688756,5.89917065969,0.706354638961,1.96784720631,0.630746283674
0.357,0.446,4.326,5.761,0.4,0.6,7.5,0.008138976468,4,0.00668863612917,0.000705892911426,0.558110636315,0.43534709125,0.34922828137,55.8110636315,43.534709125,34.922828137,0.415063005729,1.91399250053,0.7494647474
0.357,0.446,4.326,5.761,0.4,0.6,22.5,0.007521578068,4,0.00596465658767,0.000707863161787,0.631431907301,0.574844865695,0.261265447279,63.1431907301,57.4844865695,26.1265447279,0.132052200965,1.91629093679,0.892119367911
0.357,0.446,4.326,5.761,0.4,0.6,37.5,0.006295875195,4,0.00540362812832,0.000656177351532,0.375666652556,0.305811863261,0.218184642291,37.5666652556,30.5811863261,21.8184642291,0.590992010399,1.60064484465,0.504826417126
0.357,0.446,4.326,5.761,0.4,0.6,52.5,0.0079496615,4,0.0053210687913,0.000912332164784,0.880832038214,0.515279910521,0.71438903502,88.0832038214,51.5279910521,71.438903502,0.265679205898,2.59742128923,1.16587104167
0.357,0.446,4.326,5.761,0.4,0.6,67.5,0.01373093628,2,0.00301563938612,0.00346039428054,4.5666186388,2.96821630631,3.47040311076,456.66186388,296.821630631,347.040311076,0.430389555852,7.43300517071,3.50130780743
0.357,0.446,4.326,5.761,0.4,0.6,82.5,0.01324113235,1,0,0,0,0,0,0,0,0,0,0,0
0.357,0.446,4.326,5.761,0.4,0.6,277.5,0.03012789843,1,0,0,0,0,0,0,0,0,0,0,0
0.357,0.446,4.326,5.761,0.4,0.6,292.5,0.008238034093,3,0.00807056766367,0.00250137744695,0.150986831876,0.613719556828,0,15.0986831876,61.3719556828,0,0.752596110846,1.07799397707,0.162698933114
0.357,0.446,4.326,5.761,0.4,0.6,315,0.006334795365,4,0.00455889764277,0.000708618826879,0.632393555401,0.477495598581,0.414631839405,63.2393555401,47.7495598581,41.4631839405,0.766000632749,2.00509594518,0.619547656215
0.357,0.446,4.326,5.761,0.4,0.6,337.5,0.006682511254,4,0.00618773334627,0.000642252313112,0.246278227029,0.270800942163,0,24.6278227029,27.0800942163,0,0.686648310331,1.36916550987,0.34125859977
0.357,0.446,4.326,5.761,0.4,0.6,352.5,0.006989017756,4,0.00635046782021,0.000646359802313,0.304503206157,0.292308341418,0.0853114066055,30.4503206157,29.2308341418,8.53114066055,0.847251907312,1.43043015935,0.291589126018
0.357,0.446,4.326,5.761,0.6,0.8,7.5,0.006006943083,4,0.00567463408528,0.000534970305098,0.208944302392,0.568619077771,0,20.8944302392,56.8619077771,0,0.772472317708,1.32731168491,0.277419683603
0.357,0.446,4.326,5.761,0.6,0.8,22.5,0.0043191605,4,0.00406956303493,0.000458433608169,0.245361498533,0.402308785743,0,24.5361498533,40.2308785743,0,0.830831576751,1.43703588906,0.303102156156
0.357,0.446,4.326,5.761,0.6,0.8,45,0.002871607334,4,0.00247674721757,0.000281278746746,0.467778343237,0.962567091701,0,46.7778343237,96.2567091701,0,0.436543409569,1.68500365616,0.624230123297
0.357,0.446,4.326,5.761,0.6,0.8,75,0.002593638683,2,0.00222572560883,0.00109488692277,0.704057318518,1.1044804456,0,70.4057318518,110.44804456,0,0.875834059806,1.98791509494,0.556040517568
0.357,0.446,4.326,5.761,0.6,0.8,277.5,0.006667843382,2,0.0048640020301,0.00274629561942,0.503560218826,1.1825813585,0,50.3560218826,118.25813585,0,0.893675625771,1.70415972294,0.405242048585
0.357,0.446,4.326,5.761,0.6,0.8,315,0.003269570741,4,0.00281520779147,0.000366482486174,0.457534161365,0.396677426328,0.228001158457,45.7534161365,39.6677426328,22.8001158457,0.407616066734,1.68000892912,0.636196431192
0.357,0.446,4.326,5.761,0.6,0.8,337.5,0.004215994299,4,0.00348654014687,0.000479414979017,0.514162744624,0.463525685483,0.22250228506,51.4162744624,46.3525685483,22.250228506,0.894623643959,1.93013295919,0.517754657614
0.357,0.446,4.326,5.761,0.6,0.8,352.5,0.005826525163,4,0.00500020394731,0.000474626410319,0.286887349149,0.370506835205,0,28.6887349149,37.0506835205,0,0.878663558986,1.55851182034,0.339924130678
0.446,0.581,2.51,3.295,0.4,0.6,15,0.007723245224,4,0.00999243288112,0.0013081524256,0.363343162133,0.364591123299,0,36.3343162133,36.4591123299,0,0.297610830053,1.16389807451,0.433143622228
0.446,0.581,2.51,3.295,0.4,0.6,75,0.01809819292,3,0.0115710645966,0.00588496511488,0.819315743605,1.85153569833,0,81.9315743605,185.153569833,0,0.837352623098,2.30324521979,0.732946298346
0.446,0.581,2.51,3.295,0.4,0.6,352.5,0.009268556222,4,0.00928090078733,0.00163821579466,0.219415444434,0.549529667036,0,21.9415444434,54.9529667036,0,0.829808189795,1.39772934732,0.283960578762
0.446,0.581,2.51,3.295,0.6,0.8,15,0.006098015705,4,0.00689628076218,0.00129961010291,0.50481356216,0.458718146831,0.210747228472,50.481356216,45.8718146831,21.0747228472,0.0928383022065,1.25112999551,0.57914584665
0.446,0.581,2.51,3.295,0.6,0.8,45,0.009932455396,3,0.00781557405476,0.00115253355348,0.520658492451,0.315339738764,0.414301961035,52.0658492451,31.5339738764,41.4301961035,0.638788740152,1.81699505123,0.589103155538
0.446,0.581,2.51,3.295,0.6,0.8,82.5,0.005203215331,3,0.00534902576384,0.0033534681342,0.318130826276,1.17227239532,0,31.8130826276,117.227239532,0,0.743256978098,1.48749668132,0.37211985161
0.446,0.581,2.51,3.295,0.6,0.8,352.5,0.007034973507,4,0.00619299434173,0.00135506928486,0.437143505896,0.457889049384,0,43.7143505896,45.7889049384,0,0.481232544154,1.70169294504,0.610230200444
0.446,0.581,3.295,4.326,0.4,0.6,15,0.006630482297,4,0.00268297255741,0.000485280589471,2.03254733847,0.742003042652,1.89226852424,203.254733847,74.2003042652,189.226852424,0.743660180007,5.0565506056,2.1564452128
0.446,0.581,3.295,4.326,0.4,0.6,45,0.006440601935,3,0.00303586618235,0.000861473014804,1.54209424653,0.824680104302,1.30305694072,154.209424653,82.4680104302,130.305694072,0.704206184853,3.626066631,1.46093022307
0.446,0.581,3.295,4.326,0.4,0.6,82.5,0.02698780868,1,0,0,0,0,0,0,0,0,0,0,0
0.446,0.581,3.295,4.326,0.4,0.6,322.5,0.003722067924,3,0.00144975210562,0.000434796875248,2.11746327871,1.02509997199,1.85278730137,211.746327871,102.509997199,185.278730137,0.469354547625,4.52374775494,2.02719660366
0.446,0.581,3.295,4.326,0.4,0.6,352.5,0.004178206904,4,0.00190411851616,0.000476910650745,1.43057146042,0.929657029437,1.08732355396,143.057146042,92.9657029437,108.732355396,0.40055228833,3.38548524017,1.49246647592
0.446,0.581,3.295,4.326,0.6,0.8,7.5,0.004362328367,4,0.00307696282733,0.000511993720065,0.674075525554,0.44305207185,0.508018381341,67.4075525554,44.305207185,50.8018381341,0.781992362283,2.19784790506,0.70792777139
0.446,0.581,3.295,4.326,0.6,0.8,22.5,0.002344295148,4,0.00273921140303,0.000581273090363,0.248408585541,0.505675335757,0,24.8408585541,50.5675335757,0,0.545842794881,1.13101571371,0.292586459414
0.446,0.581,3.295,4.326,0.6,0.8,292.5,0.008188786245,2,0.0039561858196,0.00289595800458,1.3304157135,2.55082023266,0,133.04157135,255.082023266,0,0.91549041227,2.87959305995,0.982051323842
0.446,0.581,3.295,4.326,0.6,0.8,337.5,0.002752164267,4,0.00274789264525,0.000606618289141,0.345383285634,0.638790685459,0,34.5383285634,63.8790685459,0,0.741071306961,1.59905731892,0.428993005982
0.446,0.581,3.295,4.326,0.6,0.8,352.5,0.003679053812,3,0.00316148759646,0.00049631230016,0.241333424041,0.371491428564,0,24.1333424041,37.1491428564,0,0.880385867436,1.37157371892,0.245593925742
0.446,0.581,3.295,4.326,0.8,1,7.5,0.003878438745,4,0.00422070768005,0.000771414516716,0.409748143437,0.493130696154,0,40.9748143437,49.3130696154,0,0.465581100603,1.50438719886,0.519403049129
0.446,0.581,3.295,4.326,0.8,1,352.5,0.006502356957,4,0.0050163721691,0.000802236070035,0.724438429222,0.433775064449,0.580215676448,72.4438429222,43.3775064449,58.0215676448,0.153036656297,2.16102892181,1.00399613276
0.446,0.581,4.326,5.761,0.4,0.6,7.5,0.009382307224,3,0.00167774166059,0.000942117530722,6.40522318786,3.84573460404,5.1222270002,640.522318786,384.573460404,512.22270002,0.886391727003,12.0935860964,5.60359718472
0.446,0.581,4.326,5.761,0.4,0.6,22.5,0.00570148726,3,0.00276808920828,0.00176829467052,1.2310282874,2.28378063532,0,123.10282874,228.378063532,0,0.899215191316,3.12981662769,1.11530071819
0.446,0.581,4.326,5.761,0.4,0.6,52.5,0.006501723033,1,0,0,0,0,0,0,0,0,0,0,0
0.446,0.581,4.326,5.761,0.4,0.6,315,0.0227283941,1,0,0,0,0,0,0,0,0,0,0,0
0.446,0.581,4.326,5.761,0.4,0.6,345,0.002867861537,4,0.00154034037013,0.000474863951077,1.31083173615,1.28026913007,0.281408590976,131.083173615,128.026913007,28.1408590976,0.627274981385,2.84040623088,1.10656562475
0.446,0.581,4.326,5.761,0.6,0.8,7.5,0.001986823141,3,0.00188437991438,0.000419264574916,0.156439600521,0.430870572204,0,15.6439600521,43.0870572204,0,0.835679063963,1.17798171699,0.171151326513
0.446,0.581,4.326,5.761,0.6,0.8,22.5,0.003136333558,4,0.0030126128425,0.000680711465241,0.61701960882,0.52605948439,0.322450952166,61.701960882,52.605948439,32.2450952166,0.00175344956527,1.69167354666,0.844960048549
0.446,0.581,4.326,5.761,0.6,0.8,37.5,0.00509163054,4,0.00239525551055,0.000781696905025,1.5742885625,1.11049300084,1.11588071634,157.42885625,111.049300084,111.588071634,0.810918279259,4.08440191324,1.63674181699
0.446,0.581,4.326,5.761,0.6,0.8,52.5,0.00269835313,2,0.00270858579973,0.00257886481626,0.00951490254932,1.49546589757,0,0.951490254932,149.546589757,0,0.987478969012,1.00492854178,0.008724786382
0.446,0.581,4.326,5.761,0.6,0.8,307.5,0.01232221828,2,0.00553955568985,0.00454571117159,3.42309282769,5.87690110495,0,342.309282769,587.690110495,0,0.951868095064,5.84074501846,2.4444384617
0.446,0.581,4.326,5.761,0.6,0.8,330,0.0009718710181,4,0.000971711442868,0.000373667118262,0.556840699371,0.929450693996,0,55.6840699371,92.9450693996,0,0.682311796435,2.0621150535,0.689901628534
0.446,0.581,4.326,5.761,0.6,0.8,352.5,0.002073300505,4,0.00175885078683,0.000334205191712,0.64166607039,0.62219000893,0.156891486948,64.166607039,62.219000893,15.6891486948,0.031523405456,1.8290277692,0.898752181872
0.446,0.581,4.326,5.761,0.8,1,15,0.002157611928,3,0.00183910506875,0.000312781198627,0.337143825304,0.336662339006,0.0180118970613,33.7143825304,33.6662339006,1.80118970613,0.838108217517,1.55935700615,0.360624394314
0.446,0.581,4.326,5.761,0.8,1,45,0.002329159609,4,0.00210458479778,0.000541874846817,0.594222455932,0.903071767844,0,59.4222455932,90.3071767844,0,0.928168461571,2.18394216753,0.627886852977
0.446,0.581,4.326,5.761,0.8,1,300,0.002599303363,4,0.00123847805693,0.000869461476352,1.65605596437,3.04185910492,0,165.605596437,304.185910492,0,0.724045397396,3.59459724948,1.43527592604
0.446,0.581,4.326,5.761,0.8,1,352.5,0.001236898566,3,0.00149974706302,0.000343539277608,0.319378265732,0.652725205491,0,31.9378265732,65.2725205491,0,0.51364133806,1.22702980148,0.356694231709
