,xBQ2t_binnum,xBmin,xBmax,Q2min,Q2max,tmin,tmax,phimin,phimax,xB_binnum,Q2_binnum,t_binnum,phi_binnum,phi_binwidth,xB,Q2,t,phi,val,stat_err,syst_err_pointtopoint,syst_err_total,Syst. err (pi0 subtraction),Syst. err (Acceptance),Syst.err (exclusivity),Syst.err (fiducial),Syst.err (smearing),Syst.err (Frad),Syst.err (Fbin),Syst.err (Frad*Fbin)
5,1,0.062,0.09,1.0,1.2,0.11,0.15,150,165,0,0,0,10,1,0.07209300305298569,1.0910397415363369,0.1301280404223409,157.45534312137323,2.960254058962089,0.5564923577673614,0.4817046668474912,1.0561019139744372,0.025432361124480628,0.2674158092088681,0.21089021532869204,0.15855230195232464,0.2999114134291845,0.016720763063601533,0.00494544307794857,0.017916327039835256
6,1,0.062,0.09,1.0,1.2,0.11,0.15,165,195,0,0,0,11,2,0.07209300305298569,1.0910397415363369,0.1301280404223409,179.98248465696543,2.590011960447935,0.5940048210608363,0.45068293801124226,0.9377051382487874,0.028290776483790664,0.11248011570130421,0.17728298089345948,0.37823465851293275,0.12208159393520712,0.013098913645818859,0.006230727106839249,0.016381036584547638
18,2,0.062,0.09,1.0,1.2,0.15,0.25,120,135,0,0,1,8,1,0.06929405036191297,1.0928170652777671,0.2067495372694306,127.288217714368,2.1963906485898472,0.4259319480164401,0.5523263698004668,0.8895684029614517,0.009885607978774498,0.11839784327772497,0.13121036578881312,0.4864987487033022,0.19018875597672322,0.01669026640574238,0.016298576996242552,0.029659547514226173
19,2,0.062,0.09,1.0,1.2,0.15,0.25,135,150,0,0,1,9,1,0.06929405036191297,1.0928170652777671,0.2067495372694306,142.4071439182063,1.9759220914673308,0.20282482698446158,0.37370421178189767,0.7302061641423445,0.008051369106508893,0.052970222807069596,0.021957097139458016,0.34790728705244767,0.12206439011611464,0.007676586871469128,0.01372298160544223,0.019048858795337086
20,2,0.062,0.09,1.0,1.2,0.15,0.25,150,165,0,0,1,10,1,0.06929405036191297,1.0928170652777671,0.2067495372694306,157.4239139128426,1.8604726866442558,0.1807857653268117,0.1915898240109554,0.6209734649196386,0.01138805691606659,0.05030721057579983,0.13715295912441086,0.09956055738589988,0.07143360994904473,0.013480488205225228,0.01817149447923907,0.014837721333876902
21,2,0.062,0.09,1.0,1.2,0.15,0.25,165,180,0,0,1,11,1,0.06929405036191297,1.0928170652777671,0.2067495372694306,172.45799416402753,1.4731740144721288,0.19797301742001064,0.27272308406432066,0.5414203600399166,0.007322435586282727,0.07810556014783972,0.13477864686356358,0.20367484612379647,0.09149934032862977,0.008180694774103072,0.010264849072162494,0.014245284066373197
22,2,0.062,0.09,1.0,1.2,0.15,0.25,180,210,0,0,1,12,2,0.06929405036191297,1.0928170652777671,0.2067495372694306,195.19010071317825,1.436468349384113,0.2942003649704959,0.29447016893392897,0.5428677923589463,0.011150007603042482,0.21811502910178804,0.1577354916564267,0.035138372360619466,0.11313307010567769,0.008844096613260029,0.012093858749403108,0.009995484509042455
38,3,0.062,0.09,1.0,1.2,0.25,0.4,120,135,0,0,2,8,1,0.07583879789198403,1.0938788583219805,0.3144445417767074,127.32386876119497,0.5159698911326771,0.12426168390609486,0.12632693938761638,0.20686636798125774,0.0035770059775403363,0.04850524894621022,0.03686619995628808,0.08587062469423222,0.06913393470234014,0.00442938851987337,0.003311474528648165,0.008975503101397072
39,3,0.062,0.09,1.0,1.2,0.25,0.4,135,150,0,0,2,9,1,0.07583879789198403,1.0938788583219805,0.3144445417767074,142.39478605909915,0.5108184671609073,0.06039829109216559,0.12892486979144513,0.2071802411706905,0.004407750693018985,0.03489032038130357,0.02961541004494383,0.11609783529607196,0.030766091899229835,0.0039733397335398705,0.0030544340261719205,0.009084439715436595
40,3,0.062,0.09,1.0,1.2,0.25,0.4,150,165,0,0,2,10,1,0.07583879789198403,1.0938788583219805,0.3144445417767074,157.40052285894072,0.4829441265791783,0.050019763250444285,0.044186490876451504,0.15956909696788052,0.003179472275551185,0.017466945076875934,0.00041304845910009025,0.013836219709419383,0.036475385784165676,0.006996649259217653,0.006358110880951739,0.010732073831488788
41,3,0.062,0.09,1.0,1.2,0.25,0.4,165,180,0,0,2,11,1,0.07583879789198403,1.0938788583219805,0.3144445417767074,172.4450427824961,0.4338984244615835,0.05746668142735612,0.047233178539525085,0.14563027771824535,0.0033712013752182062,0.02786891058457576,0.022469020444017735,0.020295165980197327,0.017395318716906638,0.011157489177593724,0.005192234565560294,0.01495273299176752
42,3,0.062,0.09,1.0,1.2,0.25,0.4,180,210,0,0,2,12,2,0.07583879789198403,1.0938788583219805,0.3144445417767074,195.19002869476546,0.28916780344590537,0.07324086754170248,0.061057882999454166,0.11025731367863399,0.004071983911162005,0.01297651809867619,0.050551868750827636,0.014201239689748603,0.027064632999738908,0.002756754659548436,0.004432810250647802,0.0073097878970494745
45,3,0.062,0.09,1.0,1.2,0.25,0.4,240,270,0,0,2,16,2,0.07583879789198403,1.0938788583219805,0.3144445417767074,256.2390464008087,0.7325131793300858,0.11443633728902197,0.141468365035153,0.2722123470168749,0.004037481228349814,0.032567126995724956,0.09592157313434824,0.09212136853570328,0.03470196855713124,0.014387881244255536,0.004069452372651361,0.006697606669194821
52,4,0.062,0.09,1.0,1.2,0.4,0.6,30,45,0,0,3,2,1,0.08365409088717085,1.085272558508793,0.44571622950317413,36.48695884384105,1.4849709439119743,0.16671199569231873,0.40680201146036243,0.6227066617798656,0.0021453969657978427,0.1274793918760562,0.13690126987400547,0.33795193587214717,0.12433565317154872,0.02269907116548965,0.004311130380729795,0.028626126956402674
57,4,0.062,0.09,1.0,1.2,0.4,0.6,120,150,0,0,3,8,2,0.08365409088717085,1.085272558508793,0.44571622950317413,134.41513505245848,0.16013666652291023,0.03011932933380997,0.03452967695074995,0.061458623278899276,0.002142205422839466,0.011963337313309615,0.02267928251149969,0.01466811582923019,0.017625201553212348,0.003305420847852164,0.004530807121123871,0.002106394922609653
58,4,0.062,0.09,1.0,1.2,0.4,0.6,150,195,0,0,3,10,3,0.08365409088717085,1.085272558508793,0.44571622950317413,172.24288027876128,0.14514363636440253,0.017621157937409246,0.019892603068568434,0.050191780363103705,0.0022220361849498334,0.01211397775113676,0.008994357309659293,0.006195199881202981,0.011036776730526306,0.004589447825667862,0.0038413610255078976,0.0017147447331860458
61,4,0.062,0.09,1.0,1.2,0.4,0.6,225,255,0,0,3,15,2,0.08365409088717085,1.085272558508793,0.44571622950317413,240.85093560152168,0.17432855131643263,0.04404251799976054,0.05991344443817684,0.0815655948163272,0.0017558144012685237,0.013096272165100084,0.03774337466545279,0.04211945357109636,0.014545555068274717,0.0017115153693646394,0.00535535769369305,0.0022003915796349255
62,4,0.062,0.09,1.0,1.2,0.4,0.6,255,270,0,0,3,17,1,0.08365409088717085,1.085272558508793,0.44571622950317413,262.8307997405403,0.2780877866041593,0.045420326036668096,0.03434457563279148,0.09473446142815048,0.0030350129479892814,0.007839127067833452,0.019673539721865037,0.010450601322484186,0.024482784723800964,0.006139739093313272,0.008374542864771625,0.0036354748789038855
63,4,0.062,0.09,1.0,1.2,0.4,0.6,270,300,0,0,3,18,2,0.08365409088717085,1.085272558508793,0.44571622950317413,287.0722335874712,0.4144797504235703,0.0597280996234885,0.13405985880795188,0.187852734657412,0.0020930735359653476,0.023238774314079138,0.02263798961399218,0.12550292681492384,0.03304483224675732,0.0183349743021611,0.010193583842377214,0.008497058553914602
64,4,0.062,0.09,1.0,1.2,0.4,0.6,300,315,0,0,3,20,1,0.08365409088717085,1.085272558508793,0.44571622950317413,308.23581186344086,0.6360126570449145,0.10583302556364109,0.16445020273631603,0.26041941595169665,0.0008485499954738398,0.03361852713640862,0.09406334568928548,0.10566233885734366,0.07283962306248862,0.01689064226586205,0.007831806569230515,0.024390371730411066
65,4,0.062,0.09,1.0,1.2,0.4,0.6,315,330,0,0,3,21,1,0.08365409088717085,1.085272558508793,0.44571622950317413,323.4725254474463,1.5314151740263984,0.16771901510515877,0.5285177814760976,0.7181420884609319,0.0003138030994945203,0.09493548240147878,0.06404066636669803,0.4927759211236089,0.1408000397322116,0.06178982495535193,0.0034946772924326916,0.05970120994355947
68,5,0.062,0.09,1.0,1.2,0.6,0.8,0,15,0,0,4,0,1,0.07861374615148849,1.085719105168067,0.6810584336283481,6.727797313747681,3.417732672894211,0.767546345237449,1.0612408652779648,1.5177794709535233,0.0009845505711976526,0.07045455098923233,0.2981396179204233,0.5706553753715087,0.6686608220348119,0.5134012990940691,0.008260125977473127,0.5095343726409416
69,5,0.062,0.09,1.0,1.2,0.6,0.8,15,30,0,0,4,1,1,0.07861374615148849,1.085719105168067,0.6810584336283481,21.47693912368177,1.2506809203628348,0.2452241515541362,0.24142668978994145,0.46471160312788795,0.000547674030796227,0.14184611557668006,0.1589915882786872,0.009401792673455683,0.10466494055814039,0.04068653182997351,0.0033963112448681097,0.042950639820594515
70,5,0.062,0.09,1.0,1.2,0.6,0.8,30,45,0,0,4,2,1,0.07861374615148849,1.085719105168067,0.6810584336283481,36.60138889109008,0.6950024546719795,0.08125326145869181,0.16077245557979378,0.27301382544387776,0.00020941105518965244,0.07891679180591049,0.06038921902631827,0.10971092713600875,0.0598714784830011,0.019147141456439767,0.0009453937720893823,0.018760046584099414
71,5,0.062,0.09,1.0,1.2,0.6,0.8,45,90,0,0,4,3,3,0.07861374615148849,1.085719105168067,0.6810584336283481,62.34826969258608,0.1858211126028032,0.03405244380098398,0.03174118968697355,0.0669928334598522,0.0010165960406660597,0.016563682881982213,0.012299220168270895,0.016079154888662035,0.015932455380571052,0.010380246391914108,0.0020036369353746723,0.008274109709485049
75,5,0.062,0.09,1.0,1.2,0.6,0.8,135,165,0,0,4,9,2,0.07861374615148849,1.085719105168067,0.6810584336283481,149.68189479586002,0.055755090002817725,0.014860996159839409,0.01114944870720516,0.020920251307210536,0.0013527211990209415,0.0073479400760623845,0.004650369920170517,0.003695461315706504,0.004656191418175747,0.002259351103421117,0.00126969299575919,0.0033949425941996493
76,5,0.062,0.09,1.0,1.2,0.6,0.8,165,195,0,0,4,11,2,0.07861374615148849,1.085719105168067,0.6810584336283481,179.96533855034087,0.05628185251791221,0.01688042407591936,0.012848877636708658,0.022008843760403723,0.0014558706972279407,0.005623914549296433,0.0036218158810504748,0.009974293160304263,0.0029040095632170237,0.0021221293157265416,0.0012611411417712789,0.0032106597937338415
79,5,0.062,0.09,1.0,1.2,0.6,0.8,225,255,0,0,4,15,2,0.07861374615148849,1.085719105168067,0.6810584336283481,240.80437031454608,0.11513681172358353,0.031140748807567144,0.025529003494143738,0.04458665826166295,0.000951794441375576,0.014106664194632738,0.014416879621856608,0.011021562918293744,0.010199512265967192,0.0020095947838406256,0.0027932576333449676,0.004298233868533564
80,5,0.062,0.09,1.0,1.2,0.6,0.8,255,285,0,0,4,17,2,0.07861374615148849,1.085719105168067,0.6810584336283481,271.47647442035225,0.10617858131206183,0.02379051933709133,0.019695918411649745,0.039042615381378674,0.0018112121516085085,0.0025376351524681435,0.005644035512732482,0.013550676107255546,0.012704490083301927,0.002844566806904512,0.0023495290750205826,0.0011528626734084192
82,5,0.062,0.09,1.0,1.2,0.6,0.8,300,330,0,0,4,20,2,0.07861374615148849,1.085719105168067,0.6810584336283481,318.24501072457036,0.38924876158014526,0.04749105695393814,0.08049376753006421,0.1474847858900324,0.0004157972879971318,0.05464002452084841,0.008496776361787528,0.047813400727850223,0.03168893224679489,0.01080740157476189,0.0008657495044022078,0.011447118393474535
83,5,0.062,0.09,1.0,1.2,0.6,0.8,330,345,0,0,4,22,1,0.07861374615148849,1.085719105168067,0.6810584336283481,338.54781875311744,1.3212980453726626,0.2272652703813962,0.5004554362779745,0.6530186527099542,0.00023136926319230837,0.23215166541862417,0.33938893619151655,0.24531199126725087,0.13795216860334508,0.04546303719860041,0.0026550874735456155,0.04655717475021604
84,5,0.062,0.09,1.0,1.2,0.6,0.8,345,360,0,0,4,23,1,0.07861374615148849,1.085719105168067,0.6810584336283481,353.2290558470635,2.9456388262929183,0.6815165400401199,0.9771028957022002,1.3525314679039044,0.0,0.5062932666303546,0.5473281292044783,0.3486689231274668,0.2988327339817031,0.43009149827201326,0.005993138718867585,0.4335413418372795
90,6,0.062,0.09,1.2,1.456,0.15,0.25,105,135,0,1,1,7,2,0.07913447331268943,1.2961983764596745,0.2150181046162405,119.06617342982273,1.1718439065168387,0.22885409241623478,0.12417376785386668,0.39222200199045126,0.006694447550687316,0.07417121094044148,0.011314326524583149,0.052352450260105286,0.08302100652200192,0.014005644975546074,0.0030347982897230294,0.010566925086212563
91,6,0.062,0.09,1.2,1.456,0.15,0.25,135,150,0,1,1,9,1,0.07913447331268943,1.2961983764596745,0.2150181046162405,142.38880608630996,1.0849534026772751,0.15036522676498026,0.1261120786119333,0.3668202988400512,0.006549759345402994,0.019421498432095105,0.0004425414789894513,0.10302582811555112,0.06891752897452394,0.009471527725491652,0.005234770186144145,0.010955342129838968
92,6,0.062,0.09,1.2,1.456,0.15,0.25,150,165,0,1,1,10,1,0.07913447331268943,1.2961983764596745,0.2150181046162405,157.40116001737118,0.8815154793996469,0.11846628617773025,0.09311545042575227,0.2949547361898432,0.008855412476413301,0.04991359985062963,0.048883408416443015,0.012101489914234397,0.05763354337726657,0.00690078980298838,0.004925726419401262,0.015589814913660334
93,6,0.062,0.09,1.2,1.456,0.15,0.25,165,195,0,1,1,11,2,0.07913447331268943,1.2961983764596745,0.2150181046162405,179.9840583020744,1.0504137571924668,0.16204401219204675,0.3352611114701459,0.4728831544610395,0.00258708392178875,0.07774090199145496,0.10153945265293413,0.30483344920175376,0.05258143229606398,0.006649529262513807,0.005963388122362372,0.0187396050901028
108,7,0.062,0.09,1.2,1.456,0.25,0.4,105,135,0,1,2,7,2,0.08393846686260173,1.3011435101977855,0.30916417135946644,119.1180720124793,0.4624424116868753,0.10952882559988383,0.17492880542453795,0.2283774233558584,0.004542879439870805,0.011236735714250224,0.1678688418373256,0.030363250046524657,0.036445893704195764,0.007086333904534862,0.002836398774687682,0.004796540737698242
109,7,0.062,0.09,1.2,1.456,0.25,0.4,135,150,0,1,2,9,1,0.08393846686260173,1.3011435101977855,0.30916417135946644,142.40974575770497,0.34015606816488464,0.05468944194986083,0.05121712542357458,0.1195251218398284,0.0036249268936180464,0.005433915500013727,0.03988941427809972,0.012064456691485195,0.028209683209417715,0.003009209003921216,0.0022190354794143826,0.006929912735562673
110,7,0.062,0.09,1.2,1.456,0.25,0.4,150,165,0,1,2,10,1,0.08393846686260173,1.3011435101977855,0.30916417135946644,157.4061506879792,0.410755736499909,0.05434294744324794,0.03852601769778399,0.13598192521279795,0.0035098915507270918,0.01129238209756831,0.0009733682102496695,0.030491969283322904,0.017660752398389844,0.004680995575962542,0.003561666142132189,0.010089945281791845
111,7,0.062,0.09,1.2,1.456,0.25,0.4,165,195,0,1,2,11,2,0.08393846686260173,1.3011435101977855,0.30916417135946644,180.01611512095735,0.31066257354871146,0.05291424689279386,0.03655281598063294,0.1051871731610673,0.0038570532154829622,0.014651446461075497,0.01766735198162527,0.012183736764791503,0.023956766651957062,0.0032749459850622592,0.005848390945592842,0.008488885509446677
115,7,0.062,0.09,1.2,1.456,0.25,0.4,240,270,0,1,2,16,2,0.08393846686260173,1.3011435101977855,0.30916417135946644,256.2366584727425,0.531711905670696,0.09697301928370229,0.06039555344567327,0.17929099470033044,0.006784713912987376,0.028907285380774476,0.004514441025319247,0.04233462906724357,0.030643198149922325,0.009748041199638145,0.002054877767910423,0.0037885084340623064
116,7,0.062,0.09,1.2,1.456,0.25,0.4,270,300,0,1,2,18,2,0.08393846686260173,1.3011435101977855,0.30916417135946644,287.0619850600468,0.9573835213047412,0.1648080144420982,0.37342844822452137,0.4814970914914754,0.002835464084389518,0.009251754164043337,0.0022721611961909593,0.3724226845736662,0.01889403400608924,0.03303005661159133,0.0016304837022732615,0.017157153292639744
122,8,0.062,0.09,1.2,1.456,0.4,0.6,30,45,0,1,3,2,1,0.0855037185206304,1.2710736381752463,0.45481193427928235,36.59260758930902,1.3020328902998368,0.13771112118892634,0.18355135767338215,0.45229918330193536,0.0006528018687529766,0.0747238350021874,0.08572283512831706,0.10132982286579985,0.09206820983726491,0.049779364295458005,0.0040192788297612435,0.044881293530136264
123,8,0.062,0.09,1.2,1.456,0.4,0.6,45,60,0,1,3,3,1,0.0855037185206304,1.2710736381752463,0.45481193427928235,51.76552931265009,0.749329559603692,0.09102406094622445,0.2854380185738489,0.3715816987264514,0.0005419393733486456,0.038512232231032346,0.07020129116951983,0.2601934478971376,0.0809756057779573,0.0343166844836727,0.0015768574201138253,0.028380915702073756
128,8,0.062,0.09,1.2,1.456,0.4,0.6,120,150,0,1,3,8,2,0.0855037185206304,1.2710736381752463,0.45481193427928235,134.3872729880848,0.18270515460134118,0.0366095291754669,0.03548219844290533,0.06799834052634894,0.0012513208430628639,0.009835123482869607,0.03077277472141976,0.009770848081007252,0.009436387821248664,0.0020492171332841896,0.004791419986078212,0.005404849412865504
129,8,0.062,0.09,1.2,1.456,0.4,0.6,150,165,0,1,3,10,1,0.0855037185206304,1.2710736381752463,0.45481193427928235,157.40766378667604,0.1608066173061745,0.03182904040229368,0.02556753217803814,0.05709847544921678,0.0013905126050652332,0.009318997822669647,0.0008601419727311553,0.020416812766858437,0.010193524953064633,0.0029842014411711804,0.004118406208281867,0.006589948194962533
130,8,0.062,0.09,1.2,1.456,0.4,0.6,165,195,0,1,3,11,2,0.0855037185206304,1.2710736381752463,0.45481193427928235,179.96485067378617,0.16488541780069205,0.033358492411563016,0.030868296403723895,0.06077247387744426,0.0011450870689448378,0.008322943384952637,0.015818220999971065,0.019989724075875927,0.013204406580589809,0.0038352460137754786,0.004197979277894869,0.007622832446306281
133,8,0.062,0.09,1.2,1.456,0.4,0.6,225,255,0,1,3,15,2,0.0855037185206304,1.2710736381752463,0.45481193427928235,240.8238149469023,0.17832634340411607,0.047440435201464716,0.03423262449972906,0.06616123131287639,0.0011664183257028547,0.013122540022446675,0.007097666118548934,0.030121800438580548,0.005266249778403336,0.002086674580444732,0.004123309821329032,0.003588576189465363
134,8,0.062,0.09,1.2,1.456,0.4,0.6,255,270,0,1,3,17,1,0.0855037185206304,1.2710736381752463,0.45481193427928235,262.7995929527453,0.21837520523201495,0.050677884917525236,0.04278399278764121,0.08146989708297987,0.0015370048771210219,0.006478197699487872,0.0366053225222467,0.01542352763326524,0.014307381525415712,0.00564155647496462,0.004615351408793443,0.0018985788636204247
135,8,0.062,0.09,1.2,1.456,0.4,0.6,270,300,0,1,3,18,2,0.0855037185206304,1.2710736381752463,0.45481193427928235,287.008043694048,0.31921489816055043,0.07101401020102646,0.12495284908017329,0.16088642944601633,0.0013346461095252009,0.011881219980692475,0.07899880002209073,0.09270842103719582,0.02362624041603748,0.013518500762308849,0.004881691863051364,0.008741215730584836
145,9,0.09,0.118,1.0,1.2,0.11,0.15,105,150,1,0,0,7,3,0.10149034938795429,1.1010624151662087,0.12922865194603075,126.07052720366988,1.2765087437340616,0.287000732589728,0.19698169331298504,0.4506119684194548,0.009244190966895919,0.09958575651105757,0.045348631174984194,0.1560583021019561,0.045319459836668144,0.026357500323166194,0.0024744407576822616,0.018288359403218702
146,9,0.09,0.118,1.0,1.2,0.11,0.15,150,210,1,0,0,10,4,0.10149034938795429,1.1010624151662087,0.12922865194603075,179.96946330137018,0.8410876998563691,0.18487301671097334,0.16970497761861275,0.31639823873910383,0.00755584484667687,0.018989412369517285,0.10788824644846129,0.09294026889348984,0.08951831856853529,0.014113718833714761,0.0015296239388785007,0.009528598637330094
159,10,0.09,0.118,1.0,1.2,0.15,0.25,105,135,1,0,1,7,2,0.10133888392200839,1.100498402744619,0.19793600907234643,119.27310603047754,0.79612381009215,0.17579674291983446,0.15583494262484165,0.2969381065335565,0.006366608438689483,0.07177772140248245,0.051726002376221415,0.11466975544039523,0.055814322420962285,0.0167812412131983,0.0011640607126880596,0.012328164025825882
160,10,0.09,0.118,1.0,1.2,0.15,0.25,135,150,1,0,1,9,1,0.10133888392200839,1.100498402744619,0.19793600907234643,142.38218814280614,0.5852910849956601,0.1071776127544679,0.10587139731364993,0.2138668227364893,0.007606315479252808,0.09192988893572333,0.020155952732350126,0.038143384667500516,0.02845172564777755,0.00819031390263271,0.0004247860611153528,0.005395492328075732
161,10,0.09,0.118,1.0,1.2,0.15,0.25,150,165,1,0,1,10,1,0.10133888392200839,1.100498402744619,0.19793600907234643,157.44811823184483,0.6417799586218553,0.11409099656880782,0.13491997948114487,0.24437805418312378,0.004276740489579278,0.05851022054102318,0.07465578734656736,0.07333417244205155,0.06143564572417763,0.008086009953933845,0.0013868583551651784,0.005994868520248581
162,10,0.09,0.118,1.0,1.2,0.15,0.25,165,180,1,0,1,11,1,0.10133888392200839,1.100498402744619,0.19793600907234643,172.47947204547154,0.6670692258093868,0.14774690689309192,0.07387215447361882,0.22430059553998657,0.005238205099511159,0.04918403006883305,0.02245129537615984,0.033595959376418946,0.036738819954105266,0.008121000722898954,0.0032655480235886394,0.005300712969785319
163,10,0.09,0.118,1.0,1.2,0.15,0.25,180,210,1,0,1,12,2,0.10133888392200839,1.100498402744619,0.19793600907234643,195.1490067606076,0.39153533551951525,0.07880448295603942,0.07678572481370873,0.14611133244021943,0.005099369382256961,0.036218472342876694,0.008569953589264462,0.0632910259798278,0.021681325510270636,0.004799572777546855,0.00028502001559651814,0.002998045735888995
180,11,0.09,0.118,1.0,1.2,0.25,0.4,120,150,1,0,2,8,2,0.10042525115424204,1.100793600170748,0.3297615664152453,134.53061674758487,0.18765594623393755,0.04025077741601073,0.041611688397472486,0.07267147692948435,0.0009849906154831586,0.030292045928572257,0.020633319784848107,0.01280458526644734,0.01483196645476721,0.00219596403901956,0.0002205725307231586,0.0018099282118804977
181,11,0.09,0.118,1.0,1.2,0.25,0.4,150,165,1,0,2,10,1,0.10042525115424204,1.100793600170748,0.3297615664152453,157.47679287560788,0.2191248743550571,0.0478867858695622,0.049382240015615315,0.0853143586821047,0.0014595665412645315,0.03662724951214856,0.0015860859174868446,0.029472069849653976,0.014462643395050606,0.0015489659353312333,0.0010293599881244545,0.0038253449404384624
182,11,0.09,0.118,1.0,1.2,0.25,0.4,165,180,1,0,2,11,1,0.10042525115424204,1.100793600170748,0.3297615664152453,172.47979031889847,0.1539943944561238,0.041053099740004796,0.04721135298783523,0.06796533084190941,0.001473302141642457,0.020904329141352058,0.03957708661641171,0.012930501651533744,0.006961969983680614,0.0009373661114274507,0.0006239687394358217,0.0027816489416328818
183,11,0.09,0.118,1.0,1.2,0.25,0.4,180,210,1,0,2,12,2,0.10042525115424204,1.100793600170748,0.3297615664152453,195.12497357151088,0.17684514954285027,0.04259311685990785,0.044195000171292756,0.07145352255084571,0.0012779050077772124,0.02050439303812109,0.013542926389275912,0.03351294064455657,0.014724876868269118,0.001020506417576533,0.0002534458362319617,0.0027901291105093162
195,12,0.09,0.118,1.0,1.2,0.4,0.6,45,75,1,0,3,3,2,0.10134941380913423,1.0958710534494682,0.515895631307449,57.30662617518232,0.3424990562877382,0.08710462056724354,0.12967547949043784,0.16923360775847338,0.00226621821314931,0.02030687194991594,0.07112303719566773,0.08848688289732815,0.058305150143205024,0.00808319163785208,0.005600868604422639,0.010503322790983618
199,12,0.09,0.118,1.0,1.2,0.4,0.6,120,165,1,0,3,8,3,0.10134941380913423,1.0958710534494682,0.515895631307449,141.79826353136536,0.08549440754954322,0.02031405372237071,0.026810857210600343,0.03815221281914332,0.0015234953211317084,0.011740987893663164,0.004277286443968251,0.0211285262808762,0.01059480935984523,0.000476712209931592,0.0013425240325614818,0.0013001700495130137
200,12,0.09,0.118,1.0,1.2,0.4,0.6,165,210,1,0,3,11,3,0.10134941380913423,1.0958710534494682,0.515895631307449,187.60798004446372,0.0715109825204642,0.018856301701901772,0.02243987712629437,0.03192202902086578,0.0010831532823247076,0.0115256350384286,0.005096458751017699,0.017012929779303753,0.007178799673084573,0.0008173983579743544,0.0010394396515918784,0.0016080314513407417
203,12,0.09,0.118,1.0,1.2,0.4,0.6,240,285,1,0,3,16,3,0.10134941380913423,1.0958710534494682,0.515895631307449,264.9720464413455,0.14685613153021806,0.02762591611459387,0.04411807810600831,0.06418962780340191,0.001766997176877871,0.02410568278093185,0.02703274480110135,0.02144947420700835,0.013026756487142013,0.004212567594538228,0.002986882571699636,0.0012856805963987743
205,12,0.09,0.118,1.0,1.2,0.4,0.6,315,330,1,0,3,21,1,0.10134941380913423,1.0958710534494682,0.515895631307449,323.62505830505165,0.6013046851516656,0.13382080901616744,0.16061689362413797,0.24948627297141257,0.0005913004342180361,0.09507885863521137,0.06006907717547076,0.10291724114395367,0.05043481625606173,0.005703693987086306,0.002414081394866537,0.003677536364407906
209,13,0.09,0.118,1.0,1.2,0.6,0.8,15,30,1,0,4,1,1,0.10980292555352608,1.1028943375922498,0.6475288971493667,20.762936766147956,2.258080233145256,0.7078040086149121,0.8680216510933484,1.12580109694221,0.0025173707824591657,0.11532469228680944,0.6016245085011209,0.2773351144537002,0.545735504021368,0.02492118842197429,0.01340418981202323,0.058833746034062634
211,13,0.09,0.118,1.0,1.2,0.6,0.8,45,105,1,0,4,3,4,0.10980292555352608,1.1028943375922498,0.6475288971493667,67.29213752992888,0.08993935304501889,0.027197369870319878,0.02281337447884647,0.03654889486357721,0.0014743835933691473,0.013559731994477051,0.0010818468200103164,0.015657808607502773,0.009377644896432846,0.0046668923327402665,0.0005611145521273217,0.0003637714047247283
213,13,0.09,0.118,1.0,1.2,0.6,0.8,120,210,1,0,4,8,6,0.10980292555352608,1.1028943375922498,0.6475288971493667,164.11778320376123,0.036936823714622986,0.01370749267309124,0.011754583780518742,0.016604011333525202,0.0017008024464712323,0.004988443308453266,0.0007236237027716697,0.008326023779420058,0.006363398980696275,0.0005300501668662871,0.0005767696693784317,0.00023193624868048706
216,13,0.09,0.118,1.0,1.2,0.6,0.8,240,300,1,0,4,16,4,0.10980292555352608,1.1028943375922498,0.6475288971493667,275.0288355831758,0.07564255903308166,0.02109384818645398,0.013898417587547809,0.02774738238256362,0.00217157822497347,0.008977338504430386,0.0001890590079156598,0.008125848950111444,0.006379300518331043,0.002527700867880018,0.0005370284822778856,0.0010473840059266506
226,14,0.09,0.118,1.2,1.456,0.11,0.15,105,135,1,1,0,7,2,0.10070241243403057,1.3351047729410088,0.12924583000738427,119.17812297189072,1.5996603814586163,0.2641663429114399,0.2412876108159418,0.5622771022566797,0.00492972853979373,0.09131447709752158,0.028291955431390018,0.1851975474209942,0.12115031229009642,0.021995580802922944,0.012768334998097559,0.009006147973717826
227,14,0.09,0.118,1.2,1.456,0.11,0.15,135,150,1,1,0,9,1,0.10070241243403057,1.3351047729410088,0.12924583000738427,142.39917199151614,0.7739788516325214,0.1429542556596898,0.1797656721417588,0.3044645147692533,0.0031714025321132547,0.043522185608478856,0.1326247241064279,0.09303896881485471,0.06447583288908315,0.009550223700718272,0.005581582220663046,0.0029594352907498537
228,14,0.09,0.118,1.2,1.456,0.11,0.15,150,180,1,1,0,10,2,0.10070241243403057,1.3351047729410088,0.12924583000738427,164.790655298207,0.7719061227535557,0.12351539698217069,0.15693528531173725,0.2910131398166764,0.003942294465185049,0.04229248949896256,0.0756291470374573,0.10326055553963609,0.08012580669972484,0.010528100434501473,0.004999822443949821,0.004672505854145107
229,14,0.09,0.118,1.2,1.456,0.11,0.15,180,210,1,1,0,12,2,0.10070241243403057,1.3351047729410088,0.12924583000738427,195.14873403777327,0.8330226422411862,0.18282047754490935,0.10757050971079922,0.2855144715098605,0.004142546143471432,0.020325486413011372,0.06571229543051006,0.06589133342728973,0.0493523699058986,0.010843448392568369,0.004567304070883126,0.006760064057633331
243,15,0.09,0.118,1.2,1.456,0.15,0.25,90,120,1,1,1,6,2,0.10025516945075442,1.3368929438232016,0.19832151066702006,103.887040799363,1.2849709281261892,0.31302084978729405,0.3493913835909875,0.5371299536282458,0.0021627503624426668,0.04963858070525993,0.1108862099583709,0.311251467766431,0.10031053073463204,0.03253511913793459,0.010769419595992905,0.01924168449249178
244,15,0.09,0.118,1.2,1.456,0.15,0.25,120,135,1,1,1,8,1,0.10025516945075442,1.3368929438232016,0.19832151066702006,127.32750174623048,0.7441056664851535,0.0854869225798757,0.06936693248201721,0.24621835817374033,0.0017277857877454246,0.03059468803268303,0.030937664330634357,0.040918434143835364,0.03416158732101377,0.012354718750387792,0.0038114104736731483,0.008618571059610444
245,15,0.09,0.118,1.2,1.456,0.15,0.25,135,150,1,1,1,9,1,0.10025516945075442,1.3368929438232016,0.19832151066702006,142.36438988566945,0.6655080376863911,0.05817628019504094,0.07236955641403413,0.22334124582953022,0.001606861262427078,0.019406779382350206,0.013489161939337267,0.037722191690783655,0.056658426374425065,0.010001177035717906,0.0036981600505158847,0.00656118064407072
246,15,0.09,0.118,1.2,1.456,0.15,0.25,150,165,1,1,1,10,1,0.10025516945075442,1.3368929438232016,0.19832151066702006,157.42546842553458,0.46881470193072056,0.0436908509128309,0.08221270649048298,0.17003898077230692,0.0011231097285609255,0.0352327693770087,0.03722181963443218,0.05146635855085658,0.03824133603059454,0.0061709200383701,0.0020838087519949116,0.004435086725877473
247,15,0.09,0.118,1.2,1.456,0.15,0.25,165,180,1,1,1,11,1,0.10025516945075442,1.3368929438232016,0.19832151066702006,172.45660565177485,0.5726109863111318,0.06458938166118727,0.05018930406204553,0.1885981690264427,0.0012820754398051256,0.01770584440457747,0.011736517473110929,0.018695826770138722,0.04111027052789772,0.006796186466189342,0.0017377945665829162,0.0051469869659239356
248,15,0.09,0.118,1.2,1.456,0.15,0.25,180,195,1,1,1,12,1,0.10025516945075442,1.3368929438232016,0.19832151066702006,187.51485975541615,0.6029055664654459,0.08236223236188488,0.0939186335913324,0.2132150173905423,0.002130707679469186,0.014148714223250052,0.07310163066483981,0.028695410051844603,0.049263210302899936,0.006378593570668365,0.0020434566332812607,0.004673847775281372
249,15,0.09,0.118,1.2,1.456,0.15,0.25,195,210,1,1,1,13,1,0.10025516945075442,1.3368929438232016,0.19832151066702006,202.5484762347762,0.5546801857390693,0.10524759633486162,0.08182065913734007,0.19418406292322538,0.0015797985024432488,0.02881775241406771,0.006531020177106449,0.05905858347109913,0.0479362002364274,0.008401060369175664,0.002007180021202556,0.005762971879902695
262,16,0.09,0.118,1.2,1.456,0.25,0.4,105,135,1,1,2,7,2,0.09606433663482858,1.358778537173184,0.3438516123341082,119.23348173789775,0.22488369606702735,0.04048389526015974,0.05582188529500473,0.09062977769537854,0.0015381855523844213,0.00867499599860281,0.051835435315571055,0.011044170817844205,0.012885363211018325,0.005399988606391817,0.0024206892622397388,0.007971364941525998
263,16,0.09,0.118,1.2,1.456,0.25,0.4,135,150,1,1,2,9,1,0.09606433663482858,1.358778537173184,0.3438516123341082,142.41826946839228,0.20846621258924378,0.02367871234342696,0.02360433184876516,0.07026878701588213,0.0012012496243060953,0.008732106512319942,0.0010365739915172362,0.012177710690864884,0.01733385704418435,0.0028946717158879888,0.0026846469938492184,0.005444086138712299
264,16,0.09,0.118,1.2,1.456,0.25,0.4,150,165,1,1,2,10,1,0.09606433663482858,1.358778537173184,0.3438516123341082,157.4480858177146,0.20545162285842164,0.02132020084279056,0.025581380444316452,0.07006546066173033,0.0012108477467251866,0.012426837763408161,0.01715969578929859,0.0028722716331692653,0.013312831094216252,0.002170760051910876,0.002548319652830495,0.004310220494815525
265,16,0.09,0.118,1.2,1.456,0.25,0.4,165,180,1,1,2,11,1,0.09606433663482858,1.358778537173184,0.3438516123341082,172.4733954749139,0.19819362561872278,0.02307530099547695,0.02101705648595489,0.06634133024274796,0.0007791231595814752,0.012152269420935564,0.004582579679295637,0.004667084493523921,0.01527807223383452,0.0021413470533364035,0.002218306646993568,0.004150996625867897
266,16,0.09,0.118,1.2,1.456,0.25,0.4,180,195,1,1,2,12,1,0.09606433663482858,1.358778537173184,0.3438516123341082,187.52244406423785,0.205190374530678,0.03417696943019056,0.031711151477038985,0.07245374533908679,0.000981746797817502,0.011433781436150852,0.02576236064963963,0.0060981265694139315,0.012311541966697058,0.0022015006152019444,0.0024505626479889905,0.004630497143783098
267,16,0.09,0.118,1.2,1.456,0.25,0.4,195,225,1,1,2,13,2,0.09606433663482858,1.358778537173184,0.3438516123341082,210.35943812680094,0.11614362460928965,0.032174005754837795,0.0321816973597346,0.0489425518123037,0.0008332266001057081,0.005899885022013017,0.012898774412169212,0.026768013895112068,0.010407314243447756,0.0018391502250414348,0.0012745694767024936,0.0029902501779345042
269,16,0.09,0.118,1.2,1.456,0.25,0.4,240,270,1,1,2,16,2,0.09606433663482858,1.358778537173184,0.3438516123341082,256.0824441658099,0.36741952644590026,0.068027349600537,0.06106213405431671,0.13166682838266297,0.0006991572306780556,0.03707336321351463,0.008077699572654968,0.03745361209282255,0.02628534638808636,0.009988246385081988,0.0038113387789289444,0.013954189712970655
270,16,0.09,0.118,1.2,1.456,0.25,0.4,270,285,1,1,2,18,1,0.09606433663482858,1.358778537173184,0.3438516123341082,277.9174489770973,0.39892571653533904,0.06456992362580564,0.057693535464704515,0.13917566680857665,0.0015924641548970345,0.022529585137585777,0.016497820644175352,0.044391746915691845,0.01673400372453713,0.014425462256143171,0.0030309438906375103,0.01719283935171038
271,16,0.09,0.118,1.2,1.456,0.25,0.4,285,300,1,1,2,19,1,0.09606433663482858,1.358778537173184,0.3438516123341082,293.0524875770035,0.521663959767279,0.0867155293000556,0.1034498388917741,0.19527576447422318,0.0011676968223007366,0.05142535020501547,0.05221445178915284,0.056605675292496216,0.04153136632720664,0.008079543843969389,0.0004897489712915409,0.0200133247410521
276,17,0.09,0.118,1.2,1.456,0.4,0.6,15,30,1,1,3,1,1,0.10258471315957246,1.3173446950181324,0.49376310488378755,20.830898524529402,2.16796392051678,0.27972981926616597,0.7317235986604639,1.0045802077892092,0.0008992872614618276,0.3299403152449279,0.3592291799953387,0.4694183452098794,0.27681525263733797,0.022999522558220225,0.004313256095116216,0.023068025982738764
277,17,0.09,0.118,1.2,1.456,0.4,0.6,30,45,1,1,3,2,1,0.10258471315957246,1.3173446950181324,0.49376310488378755,36.39659936455301,0.7870125786028914,0.0634924291667398,0.15864283020901765,0.2959751687782016,0.0003016950952304123,0.06214494037656195,0.028696437846617857,0.12918830975628992,0.06119926170463902,0.008402611032816492,0.0012428638071478432,0.006856266216057845
278,17,0.09,0.118,1.2,1.456,0.4,0.6,45,60,1,1,3,3,1,0.10258471315957246,1.3173446950181324,0.49376310488378755,51.74167258373836,0.3106002549524254,0.04163014271519932,0.0467358665447064,0.1091264024301317,0.00039989589709705804,0.03461844074886703,0.012786562266240132,0.018498324758755992,0.021488254465481447,0.004933699513529837,0.000727082685900512,0.004267972777695541
279,17,0.09,0.118,1.2,1.456,0.4,0.6,60,90,1,1,3,4,2,0.10258471315957246,1.3173446950181324,0.49376310488378755,72.99038760115589,0.2708757211160562,0.07812662507441918,0.07770845888630497,0.11590769414350814,0.0007085400582445117,0.039896621015510024,0.006102789101489651,0.052359023998542524,0.039966785868475886,0.011882824102831181,0.003340883779317807,0.008384914040189087
281,17,0.09,0.118,1.2,1.456,0.4,0.6,105,135,1,1,3,7,2,0.10258471315957246,1.3173446950181324,0.49376310488378755,119.25504982761095,0.10709044693029687,0.03394361593649694,0.025786349137778747,0.04267241571405048,0.0010188713333752553,0.012804416443922878,0.01369945815314101,0.015572921746752257,0.00829751508641044,0.001801181671494768,0.001367577813893833,0.0009512205646990944
282,17,0.09,0.118,1.2,1.456,0.4,0.6,135,150,1,1,3,9,1,0.10258471315957246,1.3173446950181324,0.49376310488378755,142.41501858386872,0.07769059159312133,0.013963805264732952,0.01718223583518175,0.03006051356879204,0.0007635651061101743,0.005748677194047504,0.01172137951136349,0.008725854378679333,0.006905102415083518,0.0008763230976252331,0.0009392936374555867,0.0006222503459635643
283,17,0.09,0.118,1.2,1.456,0.4,0.6,150,165,1,1,3,10,1,0.10258471315957246,1.3173446950181324,0.49376310488378755,157.47195457579522,0.06829840638849821,0.011194484180321753,0.0076269302864125504,0.022986174765591696,0.0006931745542030385,0.004791809316129012,0.0026627135918845376,0.0016986645618703971,0.004945699793165055,0.0004904326708423192,0.0007280535944535618,0.0005410052668762057
284,17,0.09,0.118,1.2,1.456,0.4,0.6,165,180,1,1,3,11,1,0.10258471315957246,1.3173446950181324,0.49376310488378755,172.47783496860092,0.07328542251858831,0.012366542447592166,0.01091220872673424,0.02569907946436701,0.0006236840992843446,0.006904312859352158,0.0009257927390792197,0.004396210116890379,0.007039201507350672,0.0006135017337978006,0.0007394007689210888,0.001132990702358213
285,17,0.09,0.118,1.2,1.456,0.4,0.6,180,195,1,1,3,12,1,0.10258471315957246,1.3173446950181324,0.49376310488378755,187.51960479266947,0.06469338629711052,0.017412697059998018,0.01598786745057502,0.026028430710841658,0.0005803141159725858,0.003182979047627064,0.009954966503355983,0.010963468965604841,0.00501647979882006,0.0004743963948409081,0.0007458662144066545,0.0008244429098708412
289,17,0.09,0.118,1.2,1.456,0.4,0.6,240,270,1,1,3,16,2,0.10258471315957246,1.3173446950181324,0.49376310488378755,256.03206106237224,0.08415021388491317,0.014127146798720961,0.01962715186282089,0.03315129941699339,0.0006282862110233772,0.007225517983169947,0.015073947369405915,0.008819629681720469,0.005148213762856221,0.002052483137983941,0.0011350147678699366,0.001052793708089449
290,17,0.09,0.118,1.2,1.456,0.4,0.6,270,285,1,1,3,18,1,0.10258471315957246,1.3173446950181324,0.49376310488378755,277.90159655528083,0.14746269194677925,0.020447362490448595,0.03681502836516593,0.059558749684300076,0.0007447782010866303,0.012915657892206762,0.028766930970071304,0.005411465099952209,0.017734098038256603,0.006297711304568821,0.0018412611792989653,0.0040815309597369434
291,17,0.09,0.118,1.2,1.456,0.4,0.6,285,300,1,1,3,19,1,0.10258471315957246,1.3173446950181324,0.49376310488378755,293.05709077944994,0.23390369999398608,0.03468284882379098,0.028611290718464615,0.07958273961162539,0.001024870865074307,0.017417948253530928,0.010562337823615896,0.006845290432575452,0.01856456645956797,0.004691330936305245,0.0012415480133161412,0.0033326514497510873
292,17,0.09,0.118,1.2,1.456,0.4,0.6,300,315,1,1,3,20,1,0.10258471315957246,1.3173446950181324,0.49376310488378755,308.27843776111234,0.32558492700319724,0.04750994664699841,0.0746358496528146,0.12749807752514383,0.0002525596228379524,0.058907715044111936,0.026472613604408522,0.006492179274882167,0.0365928805680231,0.005718854485831729,0.0011851831533013042,0.0042826165208944755
293,17,0.09,0.118,1.2,1.456,0.4,0.6,315,330,1,1,3,21,1,0.10258471315957246,1.3173446950181324,0.49376310488378755,323.57338504472824,0.717955866960915,0.05714926556994157,0.17643887181143736,0.288250890290958,0.00020041272834931718,0.0710480901929384,0.07734989812032278,0.13149751576875504,0.052233551477012446,0.010271960103224067,0.001858710704267396,0.008936269260000263
294,17,0.09,0.118,1.2,1.456,0.4,0.6,330,345,1,1,3,22,1,0.10258471315957246,1.3173446950181324,0.49376310488378755,339.14484322300325,2.4525269604556024,0.2902465823107432,0.295390350389342,0.8327965080003402,0.00033433960673947454,0.1628482357905262,0.018193056082042088,0.16529038592302894,0.17978180784285017,0.029781633938063247,0.001889452327851558,0.027611628359209817
297,18,0.09,0.118,1.2,1.456,0.6,0.8,15,30,1,1,4,1,1,0.11002203579869696,1.2988444950316367,0.6521923553343896,20.96281284521566,0.9130261521536898,0.12314915926089856,0.17255273955449063,0.3373457546164962,0.0005049301627422972,0.06558766743473968,0.0960693229811941,0.08762540776944883,0.08991502349973043,0.012903756195748354,0.005293829324695743,0.02191375134422122
298,18,0.09,0.118,1.2,1.456,0.6,0.8,30,45,1,1,4,2,1,0.11002203579869696,1.2988444950316367,0.6521923553343896,36.44260716414014,0.3175182041071518,0.03623000773742803,0.07775718786305784,0.12731265319645677,0.0001617515486597923,0.04072364263252327,0.042663966323614404,0.043407469856635746,0.025657857619339603,0.005670362915964147,0.0018072502597989372,0.004999091128831186
299,18,0.09,0.118,1.2,1.456,0.6,0.8,45,60,1,1,4,3,1,0.11002203579869696,1.2988444950316367,0.6521923553343896,51.74460311054541,0.1355785435803331,0.03193503207858846,0.02740146233707821,0.05102627349064903,0.0003564751916580069,0.01713235964567243,0.016359682395270837,0.01067266062595656,0.008620561197676117,0.003131719810500434,0.0006510353553992251,0.001156005339747957
300,18,0.09,0.118,1.2,1.456,0.6,0.8,60,90,1,1,4,4,2,0.11002203579869696,1.2988444950316367,0.6521923553343896,73.07785382895833,0.0945496958575809,0.019891281363870368,0.02543089449886952,0.03934256475935204,0.000780232264767214,0.005879970281747675,0.012672007050726321,0.017856675052624428,0.011444992322901762,0.004125736324920028,0.0012771258659730626,0.0010578876175924641
304,18,0.09,0.118,1.2,1.456,0.6,0.8,135,165,1,1,4,9,2,0.11002203579869696,1.2988444950316367,0.6521923553343896,149.74049772138196,0.037111233812222456,0.008453287994375789,0.010741359577985594,0.01594369936586846,0.0006772833758532333,0.003376557487870482,0.009046915622538839,0.0024828908944816105,0.003916731675685925,0.0005085467243553526,7.060053904209103e-05,0.00040587664249507114
307,18,0.09,0.118,1.2,1.456,0.6,0.8,225,270,1,1,4,15,3,0.11002203579869696,1.2988444950316367,0.6521923553343896,249.31301507738573,0.04278681571682574,0.009216667823906854,0.009811274961887877,0.016756937666015527,0.0003779174229251394,0.006387080604590818,0.0030930868147684976,0.005014168855177816,0.004520136230364427,0.0007649809941507801,0.0005103256261088639,0.0004275386025779362
308,18,0.09,0.118,1.2,1.456,0.6,0.8,270,300,1,1,4,18,2,0.11002203579869696,1.2988444950316367,0.6521923553343896,286.9407406985632,0.07155568584578001,0.014543587392997631,0.014774980956979548,0.027100047584532584,0.0006904401286034578,0.004018954259723505,0.010964952470828949,0.005411687134686122,0.007178080809930199,0.003618354445551403,0.0010434606379501777,0.0007937108547948906
309,18,0.09,0.118,1.2,1.456,0.6,0.8,300,330,1,1,4,20,2,0.11002203579869696,1.2988444950316367,0.6521923553343896,318.6608068247681,0.21246366701450903,0.024391540601174988,0.037697935792920946,0.07727406742225566,0.00012011226896578792,0.03161203763958166,0.00664326865555909,0.004105814529418449,0.018666650237675084,0.004673929458064272,0.0006330056208420445,0.00351631197252091
310,18,0.09,0.118,1.2,1.456,0.6,0.8,330,345,1,1,4,22,1,0.11002203579869696,1.2988444950316367,0.6521923553343896,338.9985088406438,0.9831561895278204,0.11778389933560343,0.21286555734931287,0.3778142878276967,0.0004574812213946711,0.09225111095954719,0.1439742544494861,0.08824862195123924,0.08783470194759845,0.013974304906323053,0.0031193668004763715,0.023873178600542874
314,19,0.09,0.118,1.456,1.912,0.11,0.15,30,45,1,2,0,2,1,0.10441504727603955,1.6276413045397236,0.12938480338347264,36.941111649996984,6.585709054653008,0.778097898519775,2.6148999088617786,3.3480607053801412,0.0015736469511079087,0.07172604801657495,0.24120972166320695,2.585182713952751,0.3012056070858116,0.026430189875242326,0.005093846625635611,0.021859070237545734
315,19,0.09,0.118,1.456,1.912,0.11,0.15,45,60,1,2,0,3,1,0.10441504727603955,1.6276413045397236,0.12938480338347264,51.995856620185755,4.632256062144791,0.6120414796614474,1.7422371943474104,2.279981183989325,0.001889667263135998,0.4856027578145307,0.5626906804345114,1.4699452196970095,0.5676136522619661,0.0016626413194039806,0.0032021260679874633,0.005641199870882856
316,19,0.09,0.118,1.456,1.912,0.11,0.15,60,75,1,2,0,4,1,0.10441504727603955,1.6276413045397236,0.12938480338347264,67.07200664121001,3.81119943957724,0.4164268347679494,0.9810716080602829,1.5577646962560041,0.0016915692458913407,0.16753540476507503,0.26269722188821737,0.9153740105544041,0.16527553772391426,0.01339963713041069,0.006594669551425872,0.013968318778850864
317,19,0.09,0.118,1.456,1.912,0.11,0.15,75,90,1,2,0,5,1,0.10441504727603955,1.6276413045397236,0.12938480338347264,82.16474999220551,2.2957262080729834,0.33453071001359813,0.7116781891899077,1.018691604854139,0.0012995657969149292,0.10592183128269753,0.2566533660507771,0.6436157067899732,0.12284713374261146,0.028359793571309747,0.0003126381260330584,0.007821454746991292
318,19,0.09,0.118,1.456,1.912,0.11,0.15,90,120,1,2,0,6,2,0.10441504727603955,1.6276413045397236,0.12938480338347264,103.91632497334787,1.5493535902612754,0.367179202991765,0.4903101586192437,0.6945297913966388,0.002963715635606465,0.15779077182001838,0.4430553272476284,0.12421233158568121,0.06107445820417606,0.015327700419036855,0.0027537761606117915,0.00636589333198272
319,19,0.09,0.118,1.456,1.912,0.11,0.15,120,135,1,2,0,8,1,0.10441504727603955,1.6276413045397236,0.12938480338347264,127.32759125753574,0.9642927472140436,0.18235757271756464,0.21602634262015438,0.3746950247659387,0.004072393878190151,0.051001240403999955,0.14716730197836533,0.12655993633404608,0.0797892460387713,0.008089643824295898,0.0030707727405427316,0.0027773640902596748
320,19,0.09,0.118,1.456,1.912,0.11,0.15,135,150,1,2,0,9,1,0.10441504727603955,1.6276413045397236,0.12938480338347264,142.40853134173048,0.9160460743800903,0.14108405709486987,0.11605701454507408,0.31313530570269454,0.004369000710242434,0.025030750589473016,0.01095885598415448,0.051143583948588624,0.10038589291760419,0.008531433821311954,0.004096993826817213,0.003242496319901819
321,19,0.09,0.118,1.456,1.912,0.11,0.15,150,165,1,2,0,10,1,0.10441504727603955,1.6276413045397236,0.12938480338347264,157.40915216909394,0.5006392324753168,0.09735793622490438,0.1061380402740478,0.191126924468028,0.004371735816170323,0.021141498939485734,0.047254890898739,0.08635725687739217,0.03327514084755397,0.004338547134008654,0.001220234795395942,0.0011717568419069894
322,19,0.09,0.118,1.456,1.912,0.11,0.15,165,195,1,2,0,11,2,0.10441504727603955,1.6276413045397236,0.12938480338347264,179.9838143286405,0.8095859745784754,0.15989200899680003,0.1379445584355017,0.2917110122933948,0.00336890633248913,0.01295910761433797,0.028195209541679825,0.1261706651465726,0.046066008783985486,0.005191438865875065,0.0033526039113777515,0.003650952206542749
327,19,0.09,0.118,1.456,1.912,0.11,0.15,255,285,1,2,0,17,2,0.10441504727603955,1.6276413045397236,0.12938480338347264,271.3380845010303,1.8707573050981896,0.3065594073904235,0.33247707523407327,0.6806691388661666,0.0006717354419841018,0.12275962698296061,0.08679967922551038,0.27868655100695006,0.10105146497585468,0.021859415656103026,0.0024143149314101203,0.007671486892168214
328,19,0.09,0.118,1.456,1.912,0.11,0.15,285,300,1,2,0,19,1,0.10441504727603955,1.6276413045397236,0.12938480338347264,292.8983895527657,3.3983786307199306,0.39786478392112956,0.6900636176667736,1.280746975248543,0.0013917255228482845,0.2781529188505584,0.3041683714179398,0.5077259428894876,0.2192390647871779,0.03377120727019199,0.0027124110502631626,0.021142716938026065
329,19,0.09,0.118,1.456,1.912,0.11,0.15,300,315,1,2,0,20,1,0.10441504727603955,1.6276413045397236,0.12938480338347264,307.99856633041844,4.4214596558795085,0.42691660877822224,0.8886554055077578,1.6614025060777338,0.0035145988974029344,0.24194457858883983,0.7102634316993942,0.2983744174834295,0.37078761254339954,0.021367584362333505,0.006745521434521834,0.013191254322713817
331,19,0.09,0.118,1.456,1.912,0.11,0.15,330,345,1,2,0,22,1,0.10441504727603955,1.6276413045397236,0.12938480338347264,338.0538333914399,11.770109187933526,2.050350859013472,2.642781061754949,4.576955806500718,0.005237170527645434,0.055083318825594536,0.3439177031450601,2.4130086915507074,1.0198240795006341,0.03370177264910742,0.015912576248374905,0.01728164452509817
335,20,0.09,0.118,1.456,1.912,0.15,0.25,30,45,1,2,1,2,1,0.10329474983562209,1.6249156559103495,0.20138165294430946,36.70842370337694,4.192354612938166,0.38271262850408255,0.6711186919458008,1.4906463649670962,0.001806652789655844,0.051951982439355573,0.5078163460437737,0.40087930694514473,0.170421057629951,0.005869629533196665,0.005833194920386751,0.008545716797372784
336,20,0.09,0.118,1.456,1.912,0.15,0.25,45,60,1,2,1,3,1,0.10329474983562209,1.6249156559103495,0.20138165294430946,51.852356819207536,2.0472277747437038,0.17514817879733205,0.448019671534923,0.7894202800941987,0.0007147503853725627,0.07383591199668509,0.19209207983743493,0.37517000195405,0.13217982547534451,0.008826737326681761,0.0026016391736752124,0.012081785819934744
337,20,0.09,0.118,1.456,1.912,0.15,0.25,60,75,1,2,1,4,1,0.10329474983562209,1.6249156559103495,0.20138165294430946,67.00578598153749,1.6258709857857423,0.12805483801325435,0.4100069009668825,0.6592141893893341,0.0005136394886826859,0.1078053117079195,0.1341841634067023,0.36275145975838147,0.08288590780018028,0.013824996943386325,0.0022318453825690286,0.004395998708800732
338,20,0.09,0.118,1.456,1.912,0.15,0.25,75,90,1,2,1,5,1,0.10329474983562209,1.6249156559103495,0.20138165294430946,82.12970041989892,1.4039156682744593,0.15186829828656825,0.15316194199454922,0.47130802464260607,0.000904359753780433,0.06634674882565142,0.016424422882057213,0.08325802973169033,0.10881524646058825,0.013136685881676314,0.0015450205248275907,0.003667762963044271
340,20,0.09,0.118,1.456,1.912,0.15,0.25,105,120,1,2,1,7,1,0.10329474983562209,1.6249156559103495,0.20138165294430946,112.25108764434171,0.6784144087845952,0.12995138459914707,0.21566748776146732,0.3048028856762051,0.0015323466058184243,0.05156517263557092,0.11082008313762057,0.15534855632830893,0.08622452249513148,0.009929224599846156,0.001177385918974322,0.0014889939065387495
341,20,0.09,0.118,1.456,1.912,0.15,0.25,120,135,1,2,1,8,1,0.10329474983562209,1.6249156559103495,0.20138165294430946,127.29511481025193,0.579188558061524,0.0581188605926683,0.08857687609739844,0.20410738238382453,0.001547464272496771,0.01715531437062535,0.04094113343805551,0.06978985344193896,0.031648000985668605,0.007702521523472541,0.0016362512399535518,0.0008760738070310463
342,20,0.09,0.118,1.456,1.912,0.15,0.25,135,150,1,2,1,9,1,0.10329474983562209,1.6249156559103495,0.20138165294430946,142.37016911040038,0.4858254469532937,0.040702597995968426,0.0641356034231826,0.16704667043063912,0.0016086989093091174,0.008452677431383475,0.046611646656747996,0.014720872097047932,0.04057468203480688,0.007016003842435886,0.0014492547866582824,0.001919754395506498
343,20,0.09,0.118,1.456,1.912,0.15,0.25,150,165,1,2,1,10,1,0.10329474983562209,1.6249156559103495,0.20138165294430946,157.44187348247607,0.4806179021628423,0.03886769807277641,0.04586228640562443,0.15933381007564365,0.001604485113539577,0.004773994597764348,0.01115491935918445,0.028573282092484664,0.033641378386718795,0.0048792467242023295,0.002528877179794889,0.002318814836822327
344,20,0.09,0.118,1.456,1.912,0.15,0.25,165,180,1,2,1,11,1,0.10329474983562209,1.6249156559103495,0.20138165294430946,172.4947200462541,0.43685423776832566,0.049667831480334795,0.07743488589168962,0.15884835785063878,0.0012465677098156467,0.016142620259196588,0.022162249950653932,0.06716429927253413,0.026940309791835166,0.004007808509236822,0.001404296353996071,0.0024565670854620352
345,20,0.09,0.118,1.456,1.912,0.15,0.25,180,210,1,2,1,12,2,0.10329474983562209,1.6249156559103495,0.20138165294430946,195.15603329994204,0.49628032555169854,0.07601130434116171,0.1413163878813061,0.21165188230447451,0.002005042896824105,0.011826197655163656,0.08354441427301919,0.10957046940493002,0.028902847816167983,0.004739994339865023,0.0017009264461117716,0.0023897284572770554
349,20,0.09,0.118,1.456,1.912,0.15,0.25,255,285,1,2,1,17,2,0.10329474983562209,1.6249156559103495,0.20138165294430946,271.4458589207303,1.067677020206281,0.12466852818415834,0.250577375501485,0.42153673185643475,0.0008741586627477378,0.05994591510470928,0.09482697397686211,0.22077917094150581,0.03793308344105997,0.020554759143520517,0.0016757260012596465,0.00449756462210233
350,20,0.09,0.118,1.456,1.912,0.15,0.25,285,300,1,2,1,19,1,0.10329474983562209,1.6249156559103495,0.20138165294430946,292.9738578418575,1.2995083637647409,0.10800635344619253,0.13772753788648837,0.43496012650365323,0.0004672160460099979,0.05751921054400618,0.06333132347124432,0.0833035159040794,0.06846950736393692,0.019290886547656795,0.002538641464926141,0.0046680923913225685
351,20,0.09,0.118,1.456,1.912,0.15,0.25,300,315,1,2,1,20,1,0.10329474983562209,1.6249156559103495,0.20138165294430946,308.0992400734248,2.1384454137216395,0.1559496411816507,0.16955155256204865,0.6997830068068496,0.0006897464349059503,0.059234905290485,0.06437623455133293,0.1144913130588066,0.08801645030502817,0.02760855379037422,0.0032871762824665854,0.015460380203881872
352,20,0.09,0.118,1.456,1.912,0.15,0.25,315,330,1,2,1,21,1,0.10329474983562209,1.6249156559103495,0.20138165294430946,323.2460249476113,4.367296315460887,0.38468117458166473,1.4611361306440616,2.0143201034561353,0.0009488454920203637,0.6536387835862633,1.1092575270146343,0.405344020398422,0.559263625830698,0.013345309384104956,0.0013067802895462316,0.011932865076116551
353,20,0.09,0.118,1.456,1.912,0.15,0.25,330,345,1,2,1,22,1,0.10329474983562209,1.6249156559103495,0.20138165294430946,338.5123933849646,11.854679639541667,2.2329000259952614,2.6925894033974367,4.627705978663427,0.0,0.6439640523964106,1.0460758126492367,2.0289990452698374,1.2737081209802854,0.062272063532681596,0.018777511683072283,0.04363353690172112
356,21,0.09,0.118,1.456,1.912,0.25,0.4,30,45,1,2,2,2,1,0.10222326203133111,1.6326220623560515,0.3279602930770301,36.55783126830583,1.7024992433192623,0.11428352443530417,0.39922695644210154,0.6719734723784178,0.0007616048509915617,0.0804660941339619,0.0668847711601717,0.3711465596554946,0.10292791063810365,0.010669315123869472,0.004268921508339435,0.009449563869056512
357,21,0.09,0.118,1.456,1.912,0.25,0.4,45,60,1,2,2,3,1,0.10222326203133111,1.6326220623560515,0.3279602930770301,51.75756738497476,0.9558146171805232,0.06136693083955393,0.07902276079279892,0.3135804190982176,0.0005041820919754512,0.0474796348557667,0.0036948132837954914,0.034439850019007553,0.0510481990210798,0.00994504736114331,0.000813075536641542,0.013577675053833524
358,21,0.09,0.118,1.456,1.912,0.25,0.4,60,90,1,2,2,4,2,0.10222326203133111,1.6326220623560515,0.3279602930770301,72.98502674817694,0.5020071600650073,0.04402518418401743,0.06662539380220582,0.1727466681427842,0.0002158440376217727,0.05339997227979568,0.021085186990996777,0.018446073117598466,0.027143217594883473,0.01353264129277166,0.0018202247256499872,0.008108174015103773
360,21,0.09,0.118,1.456,1.912,0.25,0.4,105,120,1,2,2,7,1,0.10222326203133111,1.6326220623560515,0.3279602930770301,112.23532160719553,0.1902255944947687,0.06115586732754136,0.028405901959422476,0.06674117392065969,0.000889025472332882,0.00817788760953311,0.020413098281470896,0.012428219182597407,0.012641056899739994,0.0037222006354730177,0.0010681822372876483,0.002876720535883419
361,21,0.09,0.118,1.456,1.912,0.25,0.4,120,150,1,2,2,8,2,0.10222326203133111,1.6326220623560515,0.3279602930770301,134.3610099651161,0.17521556724158857,0.013852160261930771,0.01617093067397901,0.05793166037440131,0.0009086443646087354,0.002223807987553395,0.011040082351613295,0.005515444612314781,0.009925015060020317,0.0035445436139266862,0.001221498276898634,0.002217785105065009
362,21,0.09,0.118,1.456,1.912,0.25,0.4,150,165,1,2,2,10,1,0.10222326203133111,1.6326220623560515,0.3279602930770301,157.4304858828457,0.17477070563108454,0.015492039499617815,0.01732214989676749,0.05812866083283443,0.0006037782265476778,0.003246151234168028,0.006292344518129584,0.011361248203415983,0.010875032259715582,0.002039485684884339,0.0009017002497325153,0.0014889406099053732
363,21,0.09,0.118,1.456,1.912,0.25,0.4,165,195,1,2,2,11,2,0.10222326203133111,1.6326220623560515,0.3279602930770301,180.00624793459878,0.18926740856184787,0.017754172272052806,0.01717557379312164,0.06249669074625619,0.0007863877257492275,0.003956658373233429,0.00661191785211422,0.009440403495402152,0.01198698657351244,0.0019674081259219885,0.0008381510936560268,0.0014833276888821336
367,21,0.09,0.118,1.456,1.912,0.25,0.4,240,255,1,2,2,16,1,0.10222326203133111,1.6326220623560515,0.3279602930770301,247.7581574207188,0.24195416763176347,0.05276791716230195,0.05383968544579913,0.09380653926914817,0.001293269914432561,0.009896623070089774,0.012295755967471402,0.048730004310338956,0.01623104879670246,0.004752690684640085,0.0017997563298748575,0.00313849545186653
368,21,0.09,0.118,1.456,1.912,0.25,0.4,255,270,1,2,2,17,1,0.10222326203133111,1.6326220623560515,0.3279602930770301,262.7953308661201,0.16768876614677794,0.0322378379149981,0.050575045513346115,0.07343196928167875,0.00105638760168899,0.006711521982706394,0.030520247944819827,0.03883339015475557,0.007905280804160827,0.004504628294851724,0.0012527218928043461,0.0031086261387142634
369,21,0.09,0.118,1.456,1.912,0.25,0.4,270,285,1,2,2,18,1,0.10222326203133111,1.6326220623560515,0.3279602930770301,277.9194127308734,0.4142749751195649,0.060056513210778255,0.046140887442511616,0.13938607974455244,0.001050254452032012,0.03040509828366125,0.006621196804611647,0.021845107656166183,0.024909813173645344,0.012195263772373925,0.0037376235314757257,0.00786515670210121
370,21,0.09,0.118,1.456,1.912,0.25,0.4,285,300,1,2,2,19,1,0.10222326203133111,1.6326220623560515,0.3279602930770301,293.0136071417318,0.56304947158661,0.054176942108561506,0.11910119396281839,0.2148042326847389,0.00039203988259556684,0.05575218446541551,0.06551837103107604,0.07383278056917719,0.0352637173990181,0.01593944694017424,0.001071238762483679,0.009442904293372885
371,21,0.09,0.118,1.456,1.912,0.25,0.4,300,315,1,2,2,20,1,0.10222326203133111,1.6326220623560515,0.3279602930770301,308.2008886183065,0.9297319070385406,0.0598545524728858,0.1968741381487647,0.3548100885968182,0.000450836244140519,0.05582206821939711,0.0541908075465296,0.1756888118152359,0.04133837466179348,0.011575879095329197,0.0007504914424960834,0.011447981434979096
372,21,0.09,0.118,1.456,1.912,0.25,0.4,315,330,1,2,2,21,1,0.10222326203133111,1.6326220623560515,0.3279602930770301,323.4526285144931,1.7446158787091224,0.11355719298030552,0.6687905130282853,0.8683783849206125,0.00037452161002417045,0.014086632865101608,0.010077796263586574,0.6614266288610319,0.09702988240961098,0.011408471813630236,0.0013656561724781902,0.008979498889243848
377,22,0.09,0.118,1.456,1.912,0.4,0.6,30,45,1,2,3,2,1,0.10949628162459199,1.6054606516077123,0.4726731233144949,36.49344121940427,0.654847387161193,0.036110245192453545,0.1160017988104085,0.2380788645910397,0.0001879994373611891,0.05197247234636811,0.07534727962748024,0.031230444272439595,0.06215313165910456,0.008695227801527051,0.0017962148285811167,0.015481573883762775
378,22,0.09,0.118,1.456,1.912,0.4,0.6,45,60,1,2,3,3,1,0.10949628162459199,1.6054606516077123,0.4726731233144949,51.788054287381414,0.3267528058921314,0.024561073639828877,0.039655237350832026,0.11106116068048981,0.00014384732872251734,0.025123067462137934,0.010534783266525554,0.004977104351794308,0.027972697508210343,0.005652972638636929,0.0006941132917474602,0.004808701124269932
379,22,0.09,0.118,1.456,1.912,0.4,0.6,60,75,1,2,3,4,1,0.10949628162459199,1.6054606516077123,0.4726731233144949,66.9763062289855,0.20088991903071102,0.04080691925344333,0.033332131679700464,0.0719649275642075,0.00011322532045098568,0.022144763368608378,0.01209226508230217,0.01610665147890115,0.01348301883539626,0.004061110495608429,0.001308231668811629,0.0057609672876121456
383,22,0.09,0.118,1.456,1.912,0.4,0.6,120,135,1,2,3,8,1,0.10949628162459199,1.6054606516077123,0.4726731233144949,127.35459571425771,0.06472734313806502,0.0148562648895082,0.010067237359273692,0.022883608781422333,0.00015256482846120673,0.0039240079590227815,0.0002612666325673966,0.007920200612650526,0.004779231043862453,0.001003968786397783,0.0010467756298961747,0.0005378347237367089
384,22,0.09,0.118,1.456,1.912,0.4,0.6,135,150,1,2,3,9,1,0.10949628162459199,1.6054606516077123,0.4726731233144949,142.37934084308503,0.06964786404619157,0.009558202881625111,0.008295851813814436,0.023617352043776817,0.00039134605525403067,0.0029251781945881707,0.0026820108239472198,0.003154067232492149,0.0064826889628899044,0.0007239471020801878,0.001199905245774254,0.0009719875283592513
385,22,0.09,0.118,1.456,1.912,0.4,0.6,150,165,1,2,3,10,1,0.10949628162459199,1.6054606516077123,0.4726731233144949,157.461095569267,0.046229645730409066,0.006649615905138212,0.012035649956882217,0.018981107110504658,0.0002478748088078996,0.000898287066644682,0.010528399973944912,0.004335569564295527,0.0036859594308003025,0.00038780658077351476,0.0007331800283153713,0.0008705411684358667
386,22,0.09,0.118,1.456,1.912,0.4,0.6,165,180,1,2,3,11,1,0.10949628162459199,1.6054606516077123,0.4726731233144949,172.47351930629847,0.05788039916550312,0.008641796289488446,0.006171795610056336,0.019385091788519566,0.0003165285449827669,0.0012186173547959812,0.0031062829813962136,0.0008634320942656963,0.004932364901950585,0.000880679598918324,0.0008592619944620073,0.0013353314222312009
387,22,0.09,0.118,1.456,1.912,0.4,0.6,180,210,1,2,3,12,2,0.10949628162459199,1.6054606516077123,0.4726731233144949,195.15232943201315,0.05434304806949412,0.013208317742083085,0.006050936022553751,0.018283599367582972,0.0003853909583618529,0.001470903815362727,0.0020339757337149234,0.0019760543875187143,0.005016265763866954,0.0005970881257790312,0.0008975600609511068,0.001047364350494172
389,22,0.09,0.118,1.456,1.912,0.4,0.6,225,255,1,2,3,15,2,0.10949628162459199,1.6054606516077123,0.4726731233144949,240.8572595423874,0.06092361393473209,0.011923796578625228,0.006974922425754057,0.020561705733782715,0.00024468994672298926,0.004348546000431051,0.0011709934199609967,0.00044623945948623776,0.005281531165454171,0.0011207792939367132,0.0010682556622220883,0.000463563006436484
390,22,0.09,0.118,1.456,1.912,0.4,0.6,255,270,1,2,3,17,1,0.10949628162459199,1.6054606516077123,0.4726731233144949,262.847688264717,0.0916038172088174,0.013160039035872307,0.010713889044371707,0.030993833509948804,0.00045049884743562734,0.0040832161633851515,0.0007688806618712099,0.004819615529678483,0.008540060522886743,0.002805720186798607,0.001743947323700679,0.001076712564221025
391,22,0.09,0.118,1.456,1.912,0.4,0.6,270,285,1,2,3,18,1,0.10949628162459199,1.6054606516077123,0.4726731233144949,277.94570148001026,0.1362550296563828,0.01912165972258734,0.032156579802929734,0.05390196804735049,0.0003625524244261809,0.00735697294170467,0.025222459613245627,0.013126889274554507,0.012747774010310374,0.005801917006154119,0.0024379818525709345,0.002965753919426077
392,22,0.09,0.118,1.456,1.912,0.4,0.6,285,300,1,2,3,19,1,0.10949628162459199,1.6054606516077123,0.4726731233144949,293.0236245681958,0.19920327331954873,0.030695827376461766,0.03028843394387434,0.07012337929516288,0.0005585303818898824,0.011472209689402867,0.004997166083089585,0.02209860730066904,0.01623838794841455,0.004325753960639963,0.002421002320675962,0.00290866339973141
393,22,0.09,0.118,1.456,1.912,0.4,0.6,300,315,1,2,3,20,1,0.10949628162459199,1.6054606516077123,0.4726731233144949,308.2107168666168,0.3348607078300184,0.02611506200621325,0.04454760370314501,0.1152703267099076,8.11958868186318e-05,0.028818720066396766,0.019254841680952824,0.017181739090683656,0.021647322898930576,0.004481135305278464,0.00014518502984702387,0.004404100546721633
394,22,0.09,0.118,1.456,1.912,0.4,0.6,315,330,1,2,3,21,1,0.10949628162459199,1.6054606516077123,0.4726731233144949,323.51880472334864,0.6731016567462785,0.03931871594628503,0.1271283963661003,0.24865678999076407,0.00010802936654550797,0.053587513416915915,0.08662776352072006,0.04320642200034128,0.06187232367926438,0.009411801178359097,0.0016412665930757742,0.009520879471934035
395,22,0.09,0.118,1.456,1.912,0.4,0.6,330,345,1,2,3,22,1,0.10949628162459199,1.6054606516077123,0.4726731233144949,339.05691332243225,1.5925940142791168,0.2639712705344337,0.37743719888407873,0.6309682088998746,0.0006488384896073394,0.08033875036074188,0.15504512851906949,0.3055534908867013,0.13577337435770873,0.017550623650947637,0.008836046559368062,0.01295246870390553
398,23,0.09,0.118,1.456,1.912,0.6,0.8,15,30,1,2,4,1,1,0.10885793054817437,1.5993628961296746,0.674304774149222,21.28437489777098,0.585539587969099,0.06329488079503469,0.1137917833430294,0.2179636736000865,0.00019362885849828898,0.041134114998770704,0.07026511378329939,0.020670373737432756,0.07568405851574324,0.010492209929333883,0.0032744147800941167,0.01280584900271769
399,23,0.09,0.118,1.456,1.912,0.6,0.8,30,45,1,2,4,2,1,0.10885793054817437,1.5993628961296746,0.674304774149222,36.55027484222378,0.28912430905339925,0.021891625916014165,0.043641028944185256,0.10163962912213023,0.00011337081473141527,0.025472763246093745,0.00014670498439348748,0.017869048369175546,0.029957961603922865,0.005946953413182761,0.0004699293887204163,0.006233860083410651
400,23,0.09,0.118,1.456,1.912,0.6,0.8,45,60,1,2,4,3,1,0.10885793054817437,1.5993628961296746,0.674304774149222,51.80809644568319,0.16953254466031112,0.02166481012559623,0.03670183419502529,0.06514688347585137,5.723587710753994e-05,0.021225534459683195,0.019479639223604697,0.00928691241215633,0.020414277080235858,0.004378350881158303,0.00036345632163916724,0.0037486329632007436
403,23,0.09,0.118,1.456,1.912,0.6,0.8,120,150,1,2,4,8,2,0.10885793054817437,1.5993628961296746,0.674304774149222,134.48358622064114,0.026272914454145705,0.006028881422524665,0.005596442750934323,0.010044813423308973,0.00021237105872379887,0.0012945066233324752,5.352372041142599e-05,0.00501561514510042,0.0020776757046864327,0.00031894101721512873,0.0002058585892523658,0.00035117829346153134
404,23,0.09,0.118,1.456,1.912,0.6,0.8,150,165,1,2,4,10,1,0.10885793054817437,1.5993628961296746,0.674304774149222,157.43011514061934,0.033670307575612415,0.00675696147741001,0.006720120667239556,0.012626748076816255,0.00031915653338092164,0.0023960819917476705,0.005546499228819912,0.0019878002062169785,0.002062826641740827,0.00042877885674416817,0.0001922491393222554,0.0005888080071391049
405,23,0.09,0.118,1.456,1.912,0.6,0.8,165,210,1,2,4,11,3,0.10885793054817437,1.5993628961296746,0.674304774149222,187.66286082978732,0.01679068064661397,0.004581732873113011,0.0031112537889642316,0.006172345338483417,0.00037891271627616855,0.0006853733286731103,0.002252398370695048,0.0008041607114619627,0.0017892987184775816,0.0003171702225480662,0.00011068790587426921,0.0003808226871101675
407,23,0.09,0.118,1.456,1.912,0.6,0.8,225,270,1,2,4,15,3,0.10885793054817437,1.5993628961296746,0.674304774149222,249.63532270892605,0.03027325270239142,0.005270284665233406,0.004521342318589231,0.010621758384541281,0.0004005058200431038,0.0019136356994689549,0.0001433992713988851,0.0016388247245025548,0.003717817153777257,0.0005962538413186864,0.0003419522935784723,0.0003027468283836847
408,23,0.09,0.118,1.456,1.912,0.6,0.8,270,300,1,2,4,18,2,0.10885793054817437,1.5993628961296746,0.674304774149222,286.9384224144229,0.062096396947414687,0.013307001097983433,0.01253492363595664,0.02336239200754163,0.00038971175880777643,0.002294885895070317,0.005443989436603842,0.009518270771289961,0.004986055486999312,0.002957717999519291,0.00042798822834679164,0.0025711252890584096
409,23,0.09,0.118,1.456,1.912,0.6,0.8,300,315,1,2,4,20,1,0.10885793054817437,1.5993628961296746,0.674304774149222,308.21063092647313,0.09082125127385947,0.01650909209521462,0.02800590220538469,0.04019665198028574,0.0001365334674460752,0.017636720697002894,0.011561770162187096,0.0144264395587616,0.011305866489134729,0.0021956057613349306,8.753779289083213e-05,0.0019075364504424416
410,23,0.09,0.118,1.456,1.912,0.6,0.8,315,330,1,2,4,21,1,0.10885793054817437,1.5993628961296746,0.674304774149222,323.4069855753471,0.2533059834204458,0.0204873257492711,0.042965063120815765,0.09117924007572122,0.0001612615973893992,0.02352968162296327,0.022958731477108935,0.009921272726791162,0.025420231955670426,0.004372627115492835,0.0003027441075596605,0.004538890851014669
411,23,0.09,0.118,1.456,1.912,0.6,0.8,330,345,1,2,4,22,1,0.10885793054817437,1.5993628961296746,0.674304774149222,338.7194496644851,0.6560261527889224,0.06524219038795134,0.11918153978539281,0.2399690057257656,0.0002894772454053564,0.033344502341635975,0.06267105344548005,0.055260401014618925,0.07671776840866916,0.012264193486766883,0.004416411286641138,0.015010361163585858
519,29,0.118,0.155,1.2,1.456,0.11,0.15,0,15,2,1,0,0,1,0.1334890798073411,1.327997237771385,0.1291696900411274,7.4179667643541825,3.593388413063335,1.2192585452290765,1.095553227602023,1.5817071649452714,0.0019800331603132696,0.1653601412686478,0.4619065301835072,0.7997841651299913,0.563502568432898,0.047294990792563954,0.0027389474944722134,0.04838883764040484
520,29,0.118,0.155,1.2,1.456,0.11,0.15,15,45,2,1,0,1,2,0.1334890798073411,1.327997237771385,0.1291696900411274,28.813497804478626,3.0543786704777363,0.9461181329866734,1.0261322786256417,1.4118513142851081,0.0028220508542900367,0.16760366944147717,0.32732668794100517,0.9492944755317038,0.1205150822144905,0.04325976576528203,0.007476372491078252,0.04496501197123263
523,29,0.118,0.155,1.2,1.456,0.11,0.15,75,120,2,1,0,5,3,0.1334890798073411,1.327997237771385,0.1291696900411274,95.37693097012027,0.6405706682765601,0.17906716149926408,0.21782942387865992,0.2980110367034706,0.01112606836692604,0.03714272260662845,0.05168676423054995,0.19414840906425593,0.07341018012173992,0.01426782628123166,0.0016736097987731847,0.013860223052246604
524,29,0.118,0.155,1.2,1.456,0.11,0.15,120,165,2,1,0,8,3,0.1334890798073411,1.327997237771385,0.1291696900411274,141.6283943374687,0.2890254091861157,0.07136301634567536,0.047219216590339286,0.1031986707225046,0.005694451511841717,0.014310221909924562,0.020018889986334325,0.0367665047148489,0.014213775597743231,0.006910004907098352,0.00047012793348597204,0.00615483097236695
525,29,0.118,0.155,1.2,1.456,0.11,0.15,165,225,2,1,0,11,4,0.1334890798073411,1.327997237771385,0.1291696900411274,195.6329112168795,0.2918500249393863,0.0777227478594807,0.11348576730455065,0.14650841786167165,0.003202062937617628,0.004409527680394723,0.029375475179283447,0.10862886196460693,0.012405396117812894,0.006330855785471252,0.0021499377117845876,0.0056815660436018555
539,30,0.118,0.155,1.2,1.456,0.15,0.25,90,120,2,1,1,6,2,0.1334869574627197,1.3272411173553682,0.1968226316185193,104.18492355299621,0.30187422170082545,0.06285369100314689,0.05670137736022575,0.11135824775017572,0.0018789918365923934,0.019044245964179776,0.04467200981750838,0.01478318097363121,0.024878971029727807,0.007652736815974906,0.000914144770201127,0.003967137450080442
540,30,0.118,0.155,1.2,1.456,0.15,0.25,120,135,2,1,1,8,1,0.1334869574627197,1.3272411173553682,0.1968226316185193,127.39177154241052,0.2532550036860206,0.05501003925917867,0.03134465851511288,0.08629914091057614,0.0012042809211418538,0.019045144111708316,0.011773747499247669,0.01673103204551463,0.013737577285963764,0.004256534675902201,0.00012229251609618326,0.0033241867402973167
541,30,0.118,0.155,1.2,1.456,0.15,0.25,135,150,2,1,1,9,1,0.1334869574627197,1.3272411173553682,0.1968226316185193,142.39278472294268,0.26847350391931096,0.043652322940469515,0.03385711925029579,0.09171529279287274,0.0013018940289167532,0.01708944665473315,0.0029871853241123653,0.016273266116604037,0.023784680532541326,0.004364527748883884,0.00036290215005705263,0.00362034730430581
542,30,0.118,0.155,1.2,1.456,0.15,0.25,150,165,2,1,1,10,1,0.1334869574627197,1.3272411173553682,0.1968226316185193,157.46574941096668,0.219948174950808,0.038353210781940865,0.03728303137120001,0.079160573051619,0.0012815424950792435,0.012841293076878557,0.016510019439941445,0.025321881849298483,0.01724511122772202,0.0036357108144121366,0.00031313662216165953,0.003508698564898431
543,30,0.118,0.155,1.2,1.456,0.15,0.25,165,180,2,1,1,11,1,0.1334869574627197,1.3272411173553682,0.1968226316185193,172.481788248017,0.2586421370239854,0.05295389574594564,0.031061840920256847,0.08779442560434302,0.0011023277113372141,0.02079728456776267,0.0012385633849278392,0.00792451693790841,0.021212295681371313,0.0034575153902066075,0.00027692771351265337,0.004099060081049824
544,30,0.118,0.155,1.2,1.456,0.15,0.25,180,195,2,1,1,12,1,0.1334869574627197,1.3272411173553682,0.1968226316185193,187.52208498518172,0.2492097711745207,0.04698397595007889,0.024896743453003505,0.08294588162660099,0.0009224129317240451,0.016819449185702003,0.014875281030429387,0.00742308440599998,0.00660078521431642,0.0038988441212908427,0.00044450573377486697,0.0040195254395586
545,30,0.118,0.155,1.2,1.456,0.15,0.25,195,210,2,1,1,13,1,0.1334869574627197,1.3272411173553682,0.1968226316185193,202.53134289132726,0.23733891111647917,0.045702966395578956,0.05600176330183077,0.09388385991874404,0.0015638234215977474,0.019329252347107063,0.03201322784099359,0.03754926893205801,0.01769574259688497,0.003240909437126065,6.962418361163289e-05,0.003492605436576624
546,30,0.118,0.155,1.2,1.456,0.15,0.25,210,240,2,1,1,14,2,0.1334869574627197,1.3272411173553682,0.1968226316185193,225.4247725530417,0.29800938484064876,0.08000405767265902,0.11063955494374926,0.1455782492831341,0.0008373829934707843,0.022704441170448654,0.020044532417218694,0.10320524457620663,0.02557791347116249,0.006121213064033707,0.0008116079207392459,0.004193186570253447
558,31,0.118,0.155,1.2,1.456,0.25,0.4,105,135,2,1,2,7,2,0.13317413410867113,1.3259722455963519,0.323035819569014,119.44628519366132,0.2138719395453293,0.037088737208865595,0.05143629184551892,0.08518426276656199,0.0018250350583234646,0.013190151150251435,0.013109549897848403,0.04579998135296797,0.013947320784173205,0.0024445334732447303,0.0011661212369866265,0.0020868471371394467
559,31,0.118,0.155,1.2,1.456,0.25,0.4,135,150,2,1,2,9,1,0.13317413410867113,1.3259722455963519,0.323035819569014,142.4618118465173,0.10510338301908856,0.020881244314932094,0.026960818055281454,0.042899694884586344,0.0016621373884855703,0.006558625032108736,0.021509531117529998,0.0132738263981514,0.006323008707944761,0.0009538453723313534,0.0002692122298319067,0.0015075184692029096
560,31,0.118,0.155,1.2,1.456,0.25,0.4,150,165,2,1,2,10,1,0.13317413410867113,1.3259722455963519,0.323035819569014,157.47959611591034,0.12398164474095535,0.02181231254535908,0.029190020426803038,0.04900493283108225,0.0014743187233020993,0.010447461769595571,0.0038078661099587878,0.024868763349991076,0.010120653836202892,0.0008776636233360946,0.00024499130618631205,0.002313298608190947
561,31,0.118,0.155,1.2,1.456,0.25,0.4,165,180,2,1,2,11,1,0.13317413410867113,1.3259722455963519,0.323035819569014,172.48155364877942,0.09270078305956168,0.020395237992333396,0.017520592363348686,0.03425172363040835,0.0017212853832805587,0.011739829550555247,0.006743038979591839,0.009204082143669886,0.005739387688192014,0.0005808907452225992,0.00021968265859226565,0.0017494175295676949
562,31,0.118,0.155,1.2,1.456,0.25,0.4,180,195,2,1,2,12,1,0.13317413410867113,1.3259722455963519,0.323035819569014,187.52988871153667,0.0727970688883498,0.020843848960278598,0.012862653401462162,0.02645039222006005,0.00135425889916696,0.008414745844452065,0.0023044307075878187,0.007686757700431491,0.005169894204100713,0.0006052176606976047,6.856973556453204e-05,0.0012967022868180902
563,31,0.118,0.155,1.2,1.456,0.25,0.4,195,225,2,1,2,13,2,0.13317413410867113,1.3259722455963519,0.323035819569014,210.22591983536557,0.12035986256822233,0.021458106636129053,0.014811381836810326,0.040982934982532325,0.0014523148224645632,0.00836326689762232,0.0011187032818448252,0.00922978296437397,0.007532968624160851,0.0007913390791342113,0.0006685378833148028,0.0020341026219267092
567,31,0.118,0.155,1.2,1.456,0.25,0.4,270,300,2,1,2,18,2,0.13317413410867113,1.3259722455963519,0.323035819569014,286.51668664250025,0.2522771996235502,0.06053141719780994,0.08831475039625379,0.11922551387099817,0.0014876675847591645,0.03622472637550642,0.06909181251299376,0.039614924522688576,0.011310898794228046,0.0074263073744769105,0.0005089014075014391,0.003754190848543668
568,31,0.118,0.155,1.2,1.456,0.25,0.4,300,330,2,1,2,20,2,0.13317413410867113,1.3259722455963519,0.323035819569014,317.61239987933817,0.37150330918916435,0.09303151046514745,0.08686070620441426,0.14648045182897396,0.0015245620196792126,0.014503022685873834,0.023369079073048884,0.07910025652809223,0.021981171511017486,0.0030123112968475905,0.0012072368196118465,0.006781149269967052
570,32,0.118,0.155,1.2,1.456,0.4,0.6,0,30,2,1,3,0,2,0.13098728400168244,1.3271611503914216,0.5157529136813299,8.280981674696024,3.9367326814070753,0.527020872512762,1.0656853747355612,1.6425145560922387,0.002440720131918978,0.4495233454009121,0.06861014767447889,0.9088584505742189,0.3197538318127887,0.0067531237590416765,0.012191464921021343,0.025190757174772486
572,32,0.118,0.155,1.2,1.456,0.4,0.6,45,75,2,1,3,3,2,0.13098728400168244,1.3271611503914216,0.5157529136813299,57.70198734807052,0.15416919771832724,0.05199953782473046,0.04028905535810015,0.06339567939689301,0.0016865510569360656,0.019327176235253384,0.0071100509248006654,0.02683995707829811,0.02123676870365644,0.0031792086541330296,0.00012081642681678068,0.004988719360829779
576,32,0.118,0.155,1.2,1.456,0.4,0.6,120,150,2,1,3,8,2,0.13098728400168244,1.3271611503914216,0.5157529136813299,134.65656375778133,0.05673305074406842,0.012838428275060636,0.014653406512315505,0.023219772245378287,0.0015120608719362114,0.004899343521278471,0.0009013300180637608,0.012460424359174287,0.005646731826526169,0.0002571102666611922,9.890553167793272e-05,0.0006872234442787032
577,32,0.118,0.155,1.2,1.456,0.4,0.6,150,165,2,1,3,10,1,0.13098728400168244,1.3271611503914216,0.5157529136813299,157.43962033441687,0.0544957414598763,0.013779431006544237,0.019147013450267966,0.02580619068327031,0.0012797870166312028,0.005641481100952925,0.006407198077362003,0.01599538605906626,0.005946781146694362,0.00041081366593731354,0.0006252486408868687,0.0009355168927354658
578,32,0.118,0.155,1.2,1.456,0.4,0.6,165,180,2,1,3,11,1,0.13098728400168244,1.3271611503914216,0.5157529136813299,172.5024555465406,0.05368775625086602,0.01418225123264599,0.014802131937458773,0.022575286450225895,0.0011419344071759248,0.006494558431131617,0.004060970828890003,0.011691776114064247,0.004572581857243635,0.0007654163479747033,0.0005206968924067511,0.0012337701862865276
579,32,0.118,0.155,1.2,1.456,0.4,0.6,180,225,2,1,3,12,3,0.13098728400168244,1.3271611503914216,0.5157529136813299,202.80171071651966,0.03153574963050385,0.008870938759820078,0.012140457099338656,0.01573644265778836,0.0011063462994186798,0.0031185889133529716,0.006049748887102184,0.009644932951873292,0.002538244410719081,0.0002831038726732926,0.00010693080435052077,0.0006117366300009268
582,32,0.118,0.155,1.2,1.456,0.4,0.6,255,285,2,1,3,17,2,0.13098728400168244,1.3271611503914216,0.5157529136813299,271.0859255902984,0.07208669609167755,0.015670998325939774,0.016163732230181933,0.028019051660729617,0.0017199405260752327,0.008795916523213501,7.160286773472798e-05,0.012067775987070683,0.0058349691933876555,0.0019426934034892068,0.00011540631944403092,0.0011210205082313783
586,32,0.118,0.155,1.2,1.456,0.4,0.6,330,345,2,1,3,22,1,0.13098728400168244,1.3271611503914216,0.5157529136813299,338.8961736662418,1.1012028916661216,0.1305870127745248,0.323839279587217,0.4765559034201535,0.0009382819680878758,0.02179167195140071,0.04805528314484172,0.30047166105289064,0.10843828825432239,0.00546127986125223,0.0035562444100126238,0.0066880468402213105
589,33,0.118,0.155,1.2,1.456,0.6,0.8,30,45,2,1,4,2,1,0.134289046084151,1.3022304936691467,0.7045153919797874,36.39717208676327,0.2614408157849833,0.06582270399711654,0.0655687469277439,0.10577807536438623,0.0009289380486855448,0.059698155767145815,0.01885022629740116,0.002943661996905155,0.01916943282056664,0.0038274484665717485,0.0027389834246934514,0.0017505752484115217
590,33,0.118,0.155,1.2,1.456,0.6,0.8,45,90,2,1,4,3,3,0.134289046084151,1.3022304936691467,0.7045153919797874,62.99545641268252,0.06780740224840409,0.013228267181830266,0.014131882021181052,0.02575204863091276,0.0009175266329853488,0.00916205548934645,0.009638277589973905,0.0016458222619915616,0.004387190611762814,0.0028306495134411283,0.0017121489456407906,0.00026908412268165796
594,33,0.118,0.155,1.2,1.456,0.6,0.8,165,210,2,1,4,11,3,0.134289046084151,1.3022304936691467,0.7045153919797874,187.52634238937446,0.02057490734166934,0.007668262232896782,0.006802589617683705,0.009431125709135901,0.0008575592812345683,0.002105442335604029,0.0022199559788178883,0.005743746202219327,0.0016570393131198464,0.0003948727460754628,0.00028179150214847004,0.0006650758517717359
597,33,0.118,0.155,1.2,1.456,0.6,0.8,240,285,2,1,4,16,3,0.134289046084151,1.3022304936691467,0.7045153919797874,264.29519990817374,0.03712807709540076,0.010042627962179473,0.011737456342882256,0.016634863020757902,0.0014243777644371753,0.006509967201995886,0.006644640518554024,0.006649453233465105,0.0022337018923260215,0.0005902220787508035,0.0008434175516287672,5.879069272817506e-05
598,33,0.118,0.155,1.2,1.456,0.6,0.8,285,330,2,1,4,19,3,0.134289046084151,1.3022304936691467,0.7045153919797874,314.4675626041977,0.09847502603930212,0.021751868082208897,0.021913797422726113,0.038179778275685125,0.0016164182229570405,0.011337700928909103,0.008754462900194245,0.015335971918068151,0.006023560197909758,0.001917807290036741,0.001420478192568919,0.0009707288287100548
600,34,0.118,0.155,1.456,1.912,0.11,0.15,0,15,2,2,0,0,1,0.13245063036579374,1.6971314077433226,0.1291092977087795,7.3914557291330665,3.1336887485828746,0.2943316358572007,1.0164587559566967,1.4223342818738476,0.0006385939873730626,0.13927760810743076,0.15139373949730378,0.980510635773574,0.16976637592243274,0.024256742303203432,0.005406008382183699,0.025454842775305644
601,34,0.118,0.155,1.456,1.912,0.11,0.15,15,30,2,2,0,1,1,0.13245063036579374,1.6971314077433226,0.1291092977087795,22.224821913391743,2.525541462600832,0.21822780806758316,0.5230638817799623,0.957354641910353,0.0005389005075565541,0.16120327229500764,0.04757290691747266,0.47514125002676477,0.1385182221815563,0.017372463173339965,0.0024419962108316795,0.019983798048239923
602,34,0.118,0.155,1.456,1.912,0.11,0.15,30,45,2,2,0,2,1,0.13245063036579374,1.6971314077433226,0.1291092977087795,37.1417318857095,1.563631644363758,0.16059679531953494,0.3495942085752051,0.6071770247943039,0.0004681148314736562,0.08316210792536262,0.14313465043676046,0.29659762302908604,0.08128779411805968,0.017112971100870566,0.0018116513237096074,0.01531573467063893
603,34,0.118,0.155,1.456,1.912,0.11,0.15,45,60,2,2,0,3,1,0.13245063036579374,1.6971314077433226,0.1291092977087795,52.14777905352877,1.2617912835879896,0.1947179789711307,0.43782542019121007,0.5934432380720017,0.00010185934128937532,0.02550584306581665,0.1045385583810867,0.41603185700100176,0.08244793484021916,0.016091381118414544,0.001975313727813759,0.01523358041536282
604,34,0.118,0.155,1.456,1.912,0.11,0.15,60,75,2,2,0,4,1,0.13245063036579374,1.6971314077433226,0.1291092977087795,67.1192983792398,1.3268493947636013,0.27672906543196085,0.20444810781570014,0.4682505424831726,0.0003557155602781792,0.09551931836178028,0.01255210559178164,0.16336190976935885,0.07491970982815761,0.0145793993614815,0.00483559468573014,0.014742124560132701
606,34,0.118,0.155,1.456,1.912,0.11,0.15,90,105,2,2,0,6,1,0.13245063036579374,1.6971314077433226,0.1291092977087795,97.24976713023449,0.5937680699450882,0.13246275705390875,0.07817445200770624,0.20408082299596214,0.0015574984438910299,0.0016829048609255692,0.06310230790977792,0.024745044606156032,0.038279709686984624,0.009203514669884465,0.004805711572633377,0.006814125527947071
607,34,0.118,0.155,1.456,1.912,0.11,0.15,105,120,2,2,0,7,1,0.13245063036579374,1.6971314077433226,0.1291092977087795,112.27602812239984,0.5500113206739643,0.1160932004160685,0.10300517798028222,0.20273877367728801,0.0011653001832342966,0.026520079972853463,0.030550570695075652,0.08573839997690239,0.039776691540417144,0.009522006744499694,0.004610782535513764,0.006228830883113128
608,34,0.118,0.155,1.456,1.912,0.11,0.15,120,135,2,2,0,8,1,0.13245063036579374,1.6971314077433226,0.1291092977087795,127.33144162974007,0.5589735784461143,0.08130984326935245,0.06529446596047842,0.1890982622058303,0.0010208410864394656,0.012117507994977466,0.0353216778021839,0.04770412153358172,0.02295917327289976,0.011135264822607878,0.004183276859982394,0.008066188511614874
609,34,0.118,0.155,1.456,1.912,0.11,0.15,135,150,2,2,0,9,1,0.13245063036579374,1.6971314077433226,0.1291092977087795,142.40412321359912,0.33852325447333015,0.05096264553164694,0.04591687970820844,0.11687480302948676,0.0014473864325838658,0.005901790880851191,0.02075961328225074,0.03766968651559918,0.014183632114575882,0.005049123204074638,0.0016263806703853065,0.004504612444796214
610,34,0.118,0.155,1.456,1.912,0.11,0.15,150,180,2,2,0,10,2,0.13245063036579374,1.6971314077433226,0.1291092977087795,164.821712392259,0.24513969178684755,0.03501396635982734,0.01500520623690936,0.07926232359492233,0.0011949558287199988,0.008096472087645724,0.0010804779940029653,0.005282203661598977,0.010970187450016718,0.0038616432173805984,0.0015769823505640975,0.0029599516223963386
611,34,0.118,0.155,1.456,1.912,0.11,0.15,180,225,2,2,0,12,3,0.13245063036579374,1.6971314077433226,0.1291092977087795,203.1310673070702,0.24830135458072153,0.041608246496051104,0.03405504290519065,0.08587410298172685,0.0012330342631343685,0.017929763927035887,0.013292594561562853,0.01825365808427074,0.01779457947129745,0.003720745278456446,0.0014973095746358572,0.003195774883373719
615,34,0.118,0.155,1.456,1.912,0.11,0.15,270,300,2,2,0,18,2,0.13245063036579374,1.6971314077433226,0.1291092977087795,286.34568835573555,1.2109110633455502,0.28546389745271705,0.3884232080313827,0.5465113750495507,0.000284955107064899,0.1405625336705375,0.2605821559345218,0.24326822685165933,0.06187516340684524,0.014467651324960045,0.003620535669556684,0.014270789481985909
616,34,0.118,0.155,1.456,1.912,0.11,0.15,300,315,2,2,0,20,1,0.13245063036579374,1.6971314077433226,0.1291092977087795,307.85221248625413,1.4465540780168935,0.1847084586909143,0.5606354288670349,0.7247315460430123,0.0003426917974976337,0.13784048587316544,0.03429130368231505,0.5380686809139307,0.06673804555381735,0.013087963275316491,0.0031511500922361767,0.012814113487567547
617,34,0.118,0.155,1.456,1.912,0.11,0.15,315,330,2,2,0,21,1,0.13245063036579374,1.6971314077433226,0.1291092977087795,322.85211297394943,1.7748787447885868,0.16310554981774644,0.3095578689882114,0.6429326878214547,0.00039348193580136516,0.04834006159676689,0.01844419187479054,0.25034653993503475,0.1739652492537897,0.014139981460294774,0.001620127781151565,0.014548939824552291
618,34,0.118,0.155,1.456,1.912,0.11,0.15,330,345,2,2,0,22,1,0.13245063036579374,1.6971314077433226,0.1291092977087795,337.7836411299135,2.394316842479193,0.22755387174883715,0.3429427899794135,0.8339456632148311,0.00043375341673470614,0.044399441548248965,0.04103272269477552,0.3008030890417617,0.15169422334347124,0.025684812293761922,0.00285965357356384,0.02146947932414663
619,34,0.118,0.155,1.456,1.912,0.11,0.15,345,360,2,2,0,23,1,0.13245063036579374,1.6971314077433226,0.1291092977087795,352.5959677881359,2.9596050605666817,0.3124898355653659,0.8476297531685415,1.2654646567808212,0.0005791399637919744,0.16298292429226433,0.10413281422465362,0.8190864242180036,0.09781020180361702,0.02413652911316986,0.0038873852610098875,0.024482249266779377
620,35,0.118,0.155,1.456,1.912,0.15,0.25,0,15,2,2,1,0,1,0.13227318774200209,1.6976228252632117,0.19665540697460387,7.281407704204386,2.609660091864945,0.20728309661665736,0.6525278396067737,1.0546404159568454,0.0005248084245346003,0.1777470406546983,0.22984565243803162,0.5452803724800557,0.20976665841511358,0.001787765778990869,0.007065004054627707,0.006044504711093267
621,35,0.118,0.155,1.456,1.912,0.15,0.25,15,30,2,2,1,1,1,0.13227318774200209,1.6976228252632117,0.19665540697460387,21.98994246604936,2.040820828841978,0.12493942439360203,0.444055647884158,0.7854986020277491,0.0004275663568206946,0.12250285226649284,0.08647355719623516,0.3968955807144903,0.1309193310579191,0.004476249461904039,0.0028606505204611817,0.005885359962453381
622,35,0.118,0.155,1.456,1.912,0.15,0.25,30,45,2,2,1,2,1,0.13227318774200209,1.6976228252632117,0.19665540697460387,36.95636556673882,1.2536766555388696,0.0798190725896795,0.16453775237936538,0.4306958705297383,0.0004059075360398284,0.08120003923187222,0.0015062158999796479,0.13246444264001694,0.05374989170887657,0.00604573270557602,0.0011690609655171831,0.00639630493990902
623,35,0.118,0.155,1.456,1.912,0.15,0.25,45,60,2,2,1,3,1,0.13227318774200209,1.6976228252632117,0.19665540697460387,51.99962723195988,0.8024551156539333,0.07355463739637137,0.1619909218436107,0.30190886727874,0.00022942352713023977,0.06654419020675036,0.06096021252833882,0.12457494629524252,0.050651152148125565,0.004069141659417917,0.00248431335576807,0.0035032705320119806
624,35,0.118,0.155,1.456,1.912,0.15,0.25,60,75,2,2,1,4,1,0.13227318774200209,1.6976228252632117,0.19665540697460387,67.09920377628274,0.677792936286702,0.10894052304664767,0.11356360091581943,0.24331885937428718,0.00017224832154451403,0.09112771503199095,0.014804642220246564,0.05268592125827155,0.03953945947136645,0.0053645528416890135,0.0019685190769285483,0.005835130773286107
625,35,0.118,0.155,1.456,1.912,0.15,0.25,75,90,2,2,1,5,1,0.13227318774200209,1.6976228252632117,0.19665540697460387,82.1581867946203,0.8940134507565984,0.22790311103129227,0.28398444431983877,0.4015118359790593,0.001485806950785967,0.1258522764352265,0.06274335847959064,0.2217564087035373,0.10799039212002431,0.008551215927051976,0.004232979245069665,0.005621644314488785
626,35,0.118,0.155,1.456,1.912,0.15,0.25,90,105,2,2,1,6,1,0.13227318774200209,1.6976228252632117,0.19665540697460387,97.24333939405095,0.6220225721193107,0.09372442933571228,0.1281800607635453,0.2354367582699791,0.0019006241803808232,0.011919273046028954,0.01178422786774503,0.11863606769595278,0.04543040578861727,0.007966710389052983,0.002937435935523907,0.002672111563775428
627,35,0.118,0.155,1.456,1.912,0.15,0.25,105,120,2,2,1,7,1,0.13227318774200209,1.6976228252632117,0.19665540697460387,112.2700357303227,0.3108964869957884,0.03649765199696443,0.022498876252002566,0.10123777822241968,0.0014721919975036171,0.010775757580506085,3.527279696340581e-05,0.006611069412989819,0.01838412228050109,0.004284854481578925,0.0023954315900202765,0.0024963366987618457
628,35,0.118,0.155,1.456,1.912,0.15,0.25,120,135,2,2,1,8,1,0.13227318774200209,1.6976228252632117,0.19665540697460387,127.32011924562896,0.2560597549865971,0.021931416674537633,0.03477689520934566,0.08842215784340707,0.0013091141190246316,0.019705759162637233,0.005175927489610498,0.01933906310071175,0.02038572151768116,0.0037588091019535863,0.0024127373012343975,0.0017419780887982482
629,35,0.118,0.155,1.456,1.912,0.15,0.25,135,150,2,2,1,9,1,0.13227318774200209,1.6976228252632117,0.19665540697460387,142.41258609294752,0.2493903382374227,0.016871883631590597,0.026469083537433595,0.08348568041986099,0.0010992214873133555,0.012728388642104124,0.015579451518090313,0.008977608423475872,0.014558776875377181,0.002579447861034125,0.002328346912588064,0.0014551533569396688
630,35,0.118,0.155,1.456,1.912,0.15,0.25,150,165,2,2,1,10,1,0.13227318774200209,1.6976228252632117,0.19665540697460387,157.44094141666014,0.24633533022939347,0.016367738920200853,0.0182268623874303,0.08030448542155269,0.0008754077779776096,0.008431634637245588,0.003406770605840945,0.00483173686080291,0.014912460391885795,0.0033885959293302494,0.0023296630971956843,0.0017396749880802525
631,35,0.118,0.155,1.456,1.912,0.15,0.25,165,180,2,2,1,11,1,0.13227318774200209,1.6976228252632117,0.19665540697460387,172.47024863696518,0.21510005451588396,0.018998295475997858,0.024076739261900883,0.07241173585439668,0.0006793700768722346,0.007332722157726309,0.0010508141282347468,0.018325537149312763,0.013667528154631617,0.001602112758685796,0.002019117201739272,0.0013145978629268958
632,35,0.118,0.155,1.456,1.912,0.15,0.25,180,195,2,2,1,12,1,0.13227318774200209,1.6976228252632117,0.19665540697460387,187.52571081484615,0.2524049411221863,0.023722623660855736,0.02211300273619147,0.08313068810157072,0.0010431990688270722,0.009431608608177306,0.007728783960642768,0.011968391748433171,0.013933773231052252,0.0017586946629167552,0.0024739965064210674,0.001347162116126049
633,35,0.118,0.155,1.456,1.912,0.15,0.25,195,210,2,2,1,13,1,0.13227318774200209,1.6976228252632117,0.19665540697460387,202.5631666745439,0.19953536109984754,0.02323337726667655,0.018355860219833067,0.065955925562507,0.0013196040315205518,0.007202628243982181,0.005592281955832882,0.005060113265414946,0.01498664748695586,0.002527914653463107,0.0017015654403798235,0.0013566242509966736
634,35,0.118,0.155,1.456,1.912,0.15,0.25,210,240,2,2,1,14,2,0.13227318774200209,1.6976228252632117,0.19665540697460387,225.56492030712297,0.18949924505838078,0.03889910101162687,0.026903731246612755,0.06590522078408474,0.0021561869770548173,0.020387903519629377,0.007525226070672267,0.012624981280278155,0.00928615145881823,0.00208947699568808,0.0019335941741172322,0.0011149951237647514
637,35,0.118,0.155,1.456,1.912,0.15,0.25,270,300,2,2,1,18,2,0.13227318774200209,1.6976228252632117,0.19665540697460387,286.5151812295067,0.4002054452973673,0.06609608112395189,0.09695911976916283,0.1598295257466636,8.21374669691024e-05,0.06742005359313613,0.04240498869069929,0.05162358455677189,0.019554526929258072,0.003691996407547919,0.0012605935874523667,0.00316914208744917
638,35,0.118,0.155,1.456,1.912,0.15,0.25,300,315,2,2,1,20,1,0.13227318774200209,1.6976228252632117,0.19665540697460387,307.9716165786328,0.8992964498376845,0.07478029154744466,0.13546271869404297,0.31602169690176724,0.00026572862813603485,0.08443220756828751,0.051885895677967864,0.07417067796189133,0.05481936951947171,0.0047121519952870545,0.002569933068777384,0.004762452653758024
639,35,0.118,0.155,1.456,1.912,0.15,0.25,315,330,2,2,1,21,1,0.13227318774200209,1.6976228252632117,0.19665540697460387,323.0171736518922,1.3877364923329394,0.08047116628285716,0.1726356527062583,0.47320502139278026,0.0003022992662496009,0.054910606734619644,0.00915629260362202,0.13071395558324284,0.09795470809291205,0.0019203721711630536,0.0036209644563580563,0.004764635607962133
640,35,0.118,0.155,1.456,1.912,0.15,0.25,330,345,2,2,1,22,1,0.13227318774200209,1.6976228252632117,0.19665540697460387,337.99420253955134,1.647306376605518,0.09826509670802198,0.18971767574004225,0.5563476664286466,0.000586014497627826,0.04003869238132726,0.0802535886529805,0.14419719792736685,0.08436555552102538,0.003873192173199183,0.0043237185839423925,0.006191837162635831
641,35,0.118,0.155,1.456,1.912,0.15,0.25,345,360,2,2,1,23,1,0.13227318774200209,1.6976228252632117,0.19665540697460387,352.7009122166568,2.46209022419651,0.1952199035789752,0.42887018998634285,0.891606266207271,0.0007093866945434394,0.1467135016727868,0.13748195792783313,0.33835720469341113,0.17030033021329904,0.005944905120643321,0.0032535236112133984,0.003898187012006222
642,36,0.118,0.155,1.456,1.912,0.25,0.4,0,15,2,2,2,0,1,0.13116450203662927,1.7058084322207265,0.3244793730902442,6.7259718900835495,2.3437650541454644,0.2273406599410221,0.4230152574331019,0.85595227705527,0.0008299936269708626,0.15455106217930942,0.14866394567832045,0.2935704924993813,0.21607183718240827,0.0062833326953461895,0.005036210527511646,0.009140387117783626
643,36,0.118,0.155,1.456,1.912,0.25,0.4,15,30,2,2,2,1,1,0.13116450203662927,1.7058084322207265,0.3244793730902442,21.597112511115633,1.3481284851882114,0.07702159492482986,0.1639682578937468,0.45834781466745556,0.0004522822622915073,0.08525748708095056,0.07292358015454375,0.05027610400111011,0.10826392127600351,0.008062214515400333,0.0012475855692440545,0.0070664070052410865
644,36,0.118,0.155,1.456,1.912,0.25,0.4,30,45,2,2,2,2,1,0.13116450203662927,1.7058084322207265,0.3244793730902442,36.734545490328955,0.7537841467026675,0.0382251555158801,0.08598054417603783,0.2542944654420042,0.00021526915225546285,0.05554603279277708,0.013080576946442112,0.03729589514916247,0.052227827700499586,0.0020314305035612507,0.0010055015628585686,0.004173080689517926
645,36,0.118,0.155,1.456,1.912,0.25,0.4,45,60,2,2,2,3,1,0.13116450203662927,1.7058084322207265,0.3244793730902442,51.907984578403024,0.4300500341194351,0.03552018612614018,0.10615091152508467,0.17294531834187704,0.00014618095348630262,0.05309315281589938,0.006205754034651267,0.0904321264254162,0.01484988154821967,0.001575999199196795,0.0019896336940013037,0.003480218074423331
646,36,0.118,0.155,1.456,1.912,0.25,0.4,60,75,2,2,2,4,1,0.13116450203662927,1.7058084322207265,0.3244793730902442,67.00460030382887,0.2530307585740497,0.05935514695618276,0.05489674788202636,0.09729986183445785,6.42934053204132e-05,0.03949423026966733,0.0028287116058118653,0.037224856676886964,0.004144861901691472,0.0026269205875487684,0.0017803855062217496,0.0065561517401266575
648,36,0.118,0.155,1.456,1.912,0.25,0.4,90,120,2,2,2,6,2,0.13116450203662927,1.7058084322207265,0.3244793730902442,103.99479090904647,0.13434275824839528,0.02039040150996967,0.01839633760535306,0.04645043270635744,0.0008594345722085071,0.013563294418251692,0.008596162864028867,0.005611794807380409,0.006451399860344745,0.002477975226216278,7.869613556370549e-05,0.002591686116591967
649,36,0.118,0.155,1.456,1.912,0.25,0.4,120,135,2,2,2,8,1,0.13116450203662927,1.7058084322207265,0.3244793730902442,127.36212113529787,0.10768162091636534,0.012085861470732134,0.012614672046669587,0.03644073848260654,0.0005882114085966382,0.008937190900787526,0.0031862735620768363,0.0031518427827282895,0.007526536621923248,0.001415665498173317,0.0001877808444847381,0.0014749140063496694
650,36,0.118,0.155,1.456,1.912,0.25,0.4,135,150,2,2,2,9,1,0.13116450203662927,1.7058084322207265,0.3244793730902442,142.408989313838,0.09238456640131043,0.007535189965248954,0.01153689954636624,0.03151840728194769,0.0005898080353186219,0.00807341981019554,0.0014302168867124862,0.004109736063385411,0.00690563625706173,0.0008834638176996655,6.300809025300329e-05,0.0009740673612166768
651,36,0.118,0.155,1.456,1.912,0.25,0.4,150,165,2,2,2,10,1,0.13116450203662927,1.7058084322207265,0.3244793730902442,157.46205806118806,0.08548485798570948,0.006737598572666492,0.010619599758815356,0.02914413483681098,0.0005883873880222464,0.006909497456374238,0.005620131599009472,0.0017667905529738161,0.005453465481970147,0.0005481833539182028,9.992609762626858e-05,0.000490744748421487
652,36,0.118,0.155,1.456,1.912,0.25,0.4,165,180,2,2,2,11,1,0.13116450203662927,1.7058084322207265,0.3244793730902442,172.48401384286865,0.08903667725893655,0.007703079522682705,0.011462416303659927,0.030503669218827877,0.0005031172840876597,0.005487244689832732,0.007767165904937385,0.002871631177250547,0.00568747810653394,0.0002200770939638316,0.00014289849933449451,0.0003185391741712094
653,36,0.118,0.155,1.456,1.912,0.25,0.4,180,195,2,2,2,12,1,0.13116450203662927,1.7058084322207265,0.3244793730902442,187.5203239318747,0.07613315930749927,0.009492977328776433,0.00793318491931087,0.025439973541442923,0.0006132526487660037,0.0036420505761317755,0.0009482876597734533,0.004226634856609573,0.005519399653299419,0.0002564298736811534,3.757964691728022e-05,0.00025951401510074576
654,36,0.118,0.155,1.456,1.912,0.25,0.4,195,210,2,2,2,13,1,0.13116450203662927,1.7058084322207265,0.3244793730902442,202.54583616903346,0.08612922163006177,0.010808632789228292,0.009991943938945617,0.02911340205135496,0.0007062617380226701,0.002713814823157261,0.003764672594509132,0.0019857790300622504,0.008558921214545205,0.0006158831630311941,0.00010406877565055616,0.0007772623013977519
655,36,0.118,0.155,1.456,1.912,0.25,0.4,210,225,2,2,2,14,1,0.13116450203662927,1.7058084322207265,0.3244793730902442,217.59499074887935,0.06168495326756688,0.018818701294412994,0.021419453245506606,0.029023032765062108,0.0015698496693974254,0.004671882327215751,0.008036034568797834,0.018427331003233845,0.005486832518672274,0.000444842615623677,6.0445896004829334e-05,0.0005023487742284054
657,36,0.118,0.155,1.456,1.912,0.25,0.4,240,270,2,2,2,16,2,0.13116450203662927,1.7058084322207265,0.3244793730902442,255.96257712822188,0.13308989069913704,0.023260706607168842,0.01805000974406359,0.04594830620697661,0.0004148170620628677,0.01150897462019128,0.006423011668775321,0.007045587044515723,0.009774415775608038,0.002607811841322701,0.00015265387970483485,0.002596093662424011
658,36,0.118,0.155,1.456,1.912,0.25,0.4,270,285,2,2,2,18,1,0.13116450203662927,1.7058084322207265,0.3244793730902442,277.8575100394728,0.2104027270309366,0.030327621282641097,0.03180186163019834,0.07398418078210124,0.0007716951216805932,0.015583539635766985,0.014990345554067213,0.012212693017573181,0.019259566185900266,0.004845612047976735,0.00024299810713147334,0.004808842060729196
659,36,0.118,0.155,1.456,1.912,0.25,0.4,285,300,2,2,2,19,1,0.13116450203662927,1.7058084322207265,0.3244793730902442,292.9727903548759,0.2650296175144071,0.03962957913713697,0.023963483048938312,0.08748964822439743,0.0007935964128711887,0.016137461087158234,0.004593415588672739,0.005297872777878132,0.015285288241245084,0.002808480841970816,0.0013747058875161968,0.005513085784920859
660,36,0.118,0.155,1.456,1.912,0.25,0.4,300,315,2,2,2,20,1,0.13116450203662927,1.7058084322207265,0.3244793730902442,308.07610106354895,0.40975561625674556,0.036206848017961354,0.0604208237525886,0.1434391482257339,0.0001852676302351561,0.04276796992225958,0.018003656939410452,0.01670351483297679,0.03440042866562378,0.003520813017237342,0.0012988893979679695,0.00591724633838531
661,36,0.118,0.155,1.456,1.912,0.25,0.4,315,330,2,2,2,21,1,0.13116450203662927,1.7058084322207265,0.3244793730902442,323.2403352633661,0.7050627479977158,0.03540908342716271,0.08095034394244142,0.2380367299427064,0.00017310988986840906,0.04174246892039197,0.021635905372114857,0.05505195751994897,0.03605422317679724,0.0037057605400769894,0.0012341852023464712,0.003428858244959594
662,36,0.118,0.155,1.456,1.912,0.25,0.4,330,345,2,2,2,22,1,0.13116450203662927,1.7058084322207265,0.3244793730902442,338.3801179564719,1.4083777540451288,0.07314192604935507,0.17383323945374238,0.47974531184018737,0.0004183118474225341,0.08408226769266867,0.016402040463931757,0.053926995817567526,0.14120139315268163,0.006616487938688411,0.0009166513124072037,0.0057455353355698804
663,36,0.118,0.155,1.456,1.912,0.25,0.4,345,360,2,2,2,23,1,0.13116450203662927,1.7058084322207265,0.3244793730902442,353.24675125424216,2.2238950547180507,0.18393997165899223,0.47038381530557555,0.8484004528714012,0.0006896744118428279,0.24057963324629633,0.28625413747141537,0.21450934581600709,0.18734054543388437,0.015665060250546432,0.007725364797802857,0.018158400048805253
665,37,0.118,0.155,1.456,1.912,0.4,0.6,15,30,2,2,3,1,1,0.126030221063132,1.719354821820972,0.5231234268556334,21.048883625292905,1.0289607812357875,0.06610398712506826,0.1579110128509584,0.36284684733384537,0.0002996994042294384,0.07268667411000408,0.05112706862650324,0.09435506047693863,0.09005367614488687,0.002875544563904361,0.0038629476883629116,0.005091796888588165
666,37,0.118,0.155,1.456,1.912,0.4,0.6,30,45,2,2,3,2,1,0.126030221063132,1.719354821820972,0.5231234268556334,36.52419716715267,0.41643374234567254,0.022842307654264,0.044641154764177245,0.13954602790806706,0.00011892843127813543,0.02255480675019363,0.0031790956873075835,0.02111574155709658,0.031878729314826645,0.0027673259102080094,0.0005714548420454737,0.0034445135426845134
667,37,0.118,0.155,1.456,1.912,0.4,0.6,45,75,2,2,3,3,2,0.126030221063132,1.719354821820972,0.5231234268556334,57.49409886392084,0.17815188980489843,0.01903891184371727,0.034142297130587855,0.06606711605551695,0.00011238466010203025,0.03202062899780433,0.003356773615599373,0.0012455694982213136,0.008251063148864583,0.0023955832644489187,0.0011322656831336828,0.007711272661413251
670,37,0.118,0.155,1.456,1.912,0.4,0.6,105,135,2,2,3,7,2,0.126030221063132,1.719354821820972,0.5231234268556334,119.31682535550887,0.0390449082145646,0.006750483529451184,0.008963483378068182,0.015297468864595406,0.00034994362986051956,0.0020319338067038345,0.006700689570645233,0.005053457551794641,0.002306631205011251,0.00035969452474729713,0.0002564312264497313,0.0005793075729895006
671,37,0.118,0.155,1.456,1.912,0.4,0.6,135,150,2,2,3,9,1,0.126030221063132,1.719354821820972,0.5231234268556334,142.43377328103028,0.03418058805172712,0.0042868084830751324,0.005552610419331294,0.01219000365638688,0.0003045089975314434,0.0035316445478601297,0.002122564677943004,0.0022140617106441566,0.0029714938356773246,0.00022504371044884238,0.0001098367680612176,0.00017063950538640597
672,37,0.118,0.155,1.456,1.912,0.4,0.6,150,165,2,2,3,10,1,0.126030221063132,1.719354821820972,0.5231234268556334,157.4235051130597,0.04221423347092838,0.004203509633432626,0.006481832054653948,0.014887649083781566,0.00023434081667276978,0.004061714094808571,0.00014133139875607614,0.003565581108871352,0.0035628956366363087,0.0001456254836539811,7.419920609484698e-05,0.00018477351714276936
673,37,0.118,0.155,1.456,1.912,0.4,0.6,165,180,2,2,3,11,1,0.126030221063132,1.719354821820972,0.5231234268556334,172.48287205169197,0.040539761199574594,0.004430362531967713,0.006722141060742685,0.014520588461438668,0.00020481653025218501,0.0039212603611285205,0.0038476529915365226,0.0015734647801859047,0.003504478710816759,0.0004413591039508347,2.261806248241475e-05,0.00045535899833773773
674,37,0.118,0.155,1.456,1.912,0.4,0.6,180,195,2,2,3,12,1,0.126030221063132,1.719354821820972,0.5231234268556334,187.52361793148867,0.027999751947237295,0.005043918607660905,0.004432307417795439,0.009933294586295095,0.0002766538544217888,0.0026961963863647706,0.002905306803732606,0.00044492678817631935,0.0019056032048423654,0.00021726004151949072,3.6301146419618804e-05,0.00017101371838025193
675,37,0.118,0.155,1.456,1.912,0.4,0.6,195,225,2,2,3,13,2,0.126030221063132,1.719354821820972,0.5231234268556334,210.26838675587206,0.025588378047907163,0.005144357598168439,0.0043383742990723015,0.009209839213361276,0.0003412564833039888,0.0008646663793175616,0.0008201412261827165,0.0032077639702134944,0.002643517474387499,8.730496192887328e-05,9.15029174080709e-06,8.259338384848437e-05
677,37,0.118,0.155,1.456,1.912,0.4,0.6,240,255,2,2,3,16,1,0.126030221063132,1.719354821820972,0.5231234268556334,247.68222313294947,0.06069259514140734,0.013819673883065424,0.01804487923279349,0.02639923968244428,0.00023683939381879412,0.009172148889714552,0.009755710891900717,0.01003709972192702,0.006609406046501069,0.0007161568769968805,0.0005568850363938376,0.0013534194659316828
678,37,0.118,0.155,1.456,1.912,0.4,0.6,255,270,2,2,3,17,1,0.126030221063132,1.719354821820972,0.5231234268556334,262.7789305454724,0.06598338608474906,0.00886669556509418,0.009786791256576544,0.023122295915211782,0.0002499103972887232,0.005418817606545195,0.002664090377726302,0.004588216236261414,0.005807778651149067,0.0013676594866385895,0.000694249467122624,0.002115619296564551
679,37,0.118,0.155,1.456,1.912,0.4,0.6,270,285,2,2,3,18,1,0.126030221063132,1.719354821820972,0.5231234268556334,277.8663195347531,0.07837871761766832,0.008006712174649374,0.010241550555230874,0.02690947689002156,0.00027432139675596836,0.005407105379804009,0.0018838163158135437,0.0019095207031700617,0.007611258413322188,0.002257828716822743,0.0010130320866111996,0.0032328051435863013
680,37,0.118,0.155,1.456,1.912,0.4,0.6,285,300,2,2,3,19,1,0.126030221063132,1.719354821820972,0.5231234268556334,293.0193847750591,0.10580298394361524,0.010994535154186361,0.01616533868140337,0.03727853541719835,0.00045769947705642165,0.004203124868425852,0.0019648116126002213,0.009908995925981927,0.01087911124910757,0.0037363773064575524,0.0010225673628113606,0.0047998625718872895
681,37,0.118,0.155,1.456,1.912,0.4,0.6,300,315,2,2,3,20,1,0.126030221063132,1.719354821820972,0.5231234268556334,308.1970151217827,0.15440829921812116,0.016160460112462468,0.02062934382108177,0.05318656874009717,0.00026563056913238504,0.008118097065755926,0.009747085531007824,0.0017107860469115462,0.015855763089270825,0.001871391745303814,0.0004807888949205478,0.003202823524632532
682,37,0.118,0.155,1.456,1.912,0.4,0.6,315,330,2,2,3,21,1,0.126030221063132,1.719354821820972,0.5231234268556334,323.50744032192887,0.36961328728648596,0.020783927389649,0.043858057422414984,0.12527600683311016,0.00011872651059351827,0.03465949635331965,0.003963465120843287,0.006099309829973516,0.02569967590508995,0.002324127221553822,0.0011997582834684388,0.0029749688443646066
683,37,0.118,0.155,1.456,1.912,0.4,0.6,330,345,2,2,3,22,1,0.126030221063132,1.719354821820972,0.5231234268556334,338.9563949275395,1.2252196334508607,0.0711082755725738,0.22743584486495072,0.4506026662935875,0.0002640387946702578,0.08658711473027954,0.11625417829159557,0.13502695680677382,0.11144602257609021,0.006455219692690184,0.004562198932232672,0.007882664070690947
686,38,0.118,0.155,1.456,1.912,0.6,0.8,15,30,2,2,4,1,1,0.13541382863202991,1.6484215949214134,0.6929403919457915,20.814202957904932,0.5212438911972744,0.04400929052796173,0.07561640160508798,0.18194624456687203,0.0002298780245361364,0.04570688468128979,0.03702306275728982,0.005386615491378012,0.04706945024726803,0.004245565468918098,0.0006132043771284849,0.003662252253033776
687,38,0.118,0.155,1.456,1.912,0.6,0.8,30,45,2,2,4,2,1,0.13541382863202991,1.6484215949214134,0.6929403919457915,36.439672609435114,0.15760545176008522,0.012870795669156549,0.027046360322100043,0.0568796927488163,0.00015683776212972495,0.01867300227651506,0.009719908489628063,0.005553408669102974,0.015942731975118897,0.002039899773472328,6.280958826137016e-05,0.0018199788040553428
688,38,0.118,0.155,1.456,1.912,0.6,0.8,45,60,2,2,4,3,1,0.13541382863202991,1.6484215949214134,0.6929403919457915,51.765856123746865,0.07811572052186522,0.0116765426534173,0.011554714094239468,0.027360434290613616,0.0005537966150145527,0.005249242015559065,0.006067285100095983,0.0028864929887370975,0.0077145773673938265,0.0014074490781051672,0.0005988579144873824,0.000995836911107339
689,38,0.118,0.155,1.456,1.912,0.6,0.8,60,90,2,2,4,4,2,0.13541382863202991,1.6484215949214134,0.6929403919457915,73.1588260693745,0.030229658371966985,0.006312270736836885,0.008858568404073933,0.013060918162489816,0.00046146419421500527,0.003106382255477188,0.006035289798001058,0.004236773535844862,0.003702281320728275,0.0011519162678157256,0.00038231878513266774,0.000727883460635277
692,38,0.118,0.155,1.456,1.912,0.6,0.8,120,150,2,2,4,8,2,0.13541382863202991,1.6484215949214134,0.6929403919457915,134.5818180680491,0.01845575517704165,0.0033736776989295686,0.0028837890730090254,0.0065306868259834665,0.0003297223274838577,0.0018805773612584334,0.0007122366920014823,0.0007273017263715407,0.0018774899285349301,0.00020257431790871947,0.0001610855543838214,0.000331261308215753
693,38,0.118,0.155,1.456,1.912,0.6,0.8,150,165,2,2,4,10,1,0.13541382863202991,1.6484215949214134,0.6929403919457915,157.48643698010545,0.01788381962022933,0.0033130771632683266,0.004769913522798168,0.007415572183809929,0.00033011659291482735,0.002100973870919201,0.0031245326799952036,0.0026395054637090827,0.0011506121085451588,0.0002938679134264277,0.000137387630556973,0.0004188138705094218
694,38,0.118,0.155,1.456,1.912,0.6,0.8,165,180,2,2,4,11,1,0.13541382863202991,1.6484215949214134,0.6929403919457915,172.50132557966214,0.01819326955163789,0.0033828610646146665,0.003362139177734617,0.006683407863432218,0.0002586153095946938,0.0020893802914518896,0.0005601199793749938,0.002288249545507824,0.0010253072218954584,0.0004130681694931563,0.0001176543185609188,0.0005201083509336096
695,38,0.118,0.155,1.456,1.912,0.6,0.8,180,210,2,2,4,12,2,0.13541382863202991,1.6484215949214134,0.6929403919457915,195.10379815967278,0.011695598079105873,0.0029463996377479874,0.001749944196067448,0.004104911065183529,0.0002799136743030464,0.0007719289736660873,0.000993100339723175,0.000820276681018317,0.0007977495930590124,0.00023747176040131172,9.10839096128971e-05,0.00030425672136635796
698,38,0.118,0.155,1.456,1.912,0.6,0.8,240,270,2,2,4,16,2,0.13541382863202991,1.6484215949214134,0.6929403919457915,255.84570202060797,0.020796232968672078,0.0035335633509854495,0.0035234430294672366,0.007483884187864921,0.00035800555896593414,0.0024035622255586756,0.0006878945927578091,0.0008438118950038872,0.002306493871069509,0.0003019908631589284,0.0002428748705411851,6.511503160932742e-05
699,38,0.118,0.155,1.456,1.912,0.6,0.8,270,285,2,2,4,18,1,0.13541382863202991,1.6484215949214134,0.6929403919457915,277.8596999465213,0.04304542879483602,0.0056362669641377055,0.006446278306383136,0.015110453887040336,0.00027553020108654044,0.004968825700484789,0.00023574619819529552,0.0001019753736366638,0.004002465809330939,0.001354147225532038,0.000542224489751891,0.0008388387617306723
700,38,0.118,0.155,1.456,1.912,0.6,0.8,285,300,2,2,4,19,1,0.13541382863202991,1.6484215949214134,0.6929403919457915,293.00916930296836,0.04380988150945912,0.00701818140504798,0.006814197057647084,0.01548861908038092,0.000676184455942972,0.002525992526455008,0.002429568401971213,0.0022736088142677547,0.005309623020873369,0.00187167096435181,0.00037244595144637796,0.0005755185438535424
701,38,0.118,0.155,1.456,1.912,0.6,0.8,300,315,2,2,4,20,1,0.13541382863202991,1.6484215949214134,0.6929403919457915,308.26669757104065,0.05195861248770071,0.011778789050731086,0.007963147871807847,0.018317708438392786,0.0005318877691190221,0.004885865999145797,0.0032063191560305496,0.00350615681374623,0.00404693236540338,0.0009105995275436313,0.000353481190881382,0.0005530399304512516
702,38,0.118,0.155,1.456,1.912,0.6,0.8,315,330,2,2,4,21,1,0.13541382863202991,1.6484215949214134,0.6929403919457915,323.54137907822775,0.15737757683648726,0.015577299057217657,0.025904560354893854,0.056281480674310456,0.00011178987716775977,0.010339086088952502,0.011976270387252035,0.005659596294997347,0.01966790797801339,0.0013854405175356371,0.00022312810567503113,0.0013595448526655296
703,38,0.118,0.155,1.456,1.912,0.6,0.8,330,345,2,2,4,22,1,0.13541382863202991,1.6484215949214134,0.6929403919457915,339.22107583404494,0.553565230190874,0.041128985358499896,0.07615475099369616,0.19154066004455145,0.00031823256625717537,0.040784948429935276,0.028565118929966455,0.005641293750815978,0.05724904525987281,0.003423491478513654,0.0010611981667900923,0.0032847238361956685
706,39,0.118,0.155,1.456,1.912,0.8,1.0,30,45,2,2,5,2,1,0.1447106669365797,1.641594313246463,0.8546266984388382,36.44912160852447,0.07296116125862885,0.009570196543691688,0.0146990082272323,0.02743441506385346,0.00011819740645030297,0.010814564949299228,0.003575424024067832,0.001115941255873507,0.00918530879673716,0.0012637047237918037,0.0005024934392895954,0.0008325729186569297
707,39,0.118,0.155,1.456,1.912,0.8,1.0,45,60,2,2,5,3,1,0.1447106669365797,1.641594313246463,0.8546266984388382,51.769760125519475,0.040515723993194974,0.00792998243249927,0.008109503353533573,0.015206181705253775,0.0003981516132721786,0.003805717845790499,0.0008159776107824939,0.003917847472186091,0.0059209253889652555,0.0019405776479855185,6.885582659562657e-05,0.00022209429021509015
708,39,0.118,0.155,1.456,1.912,0.8,1.0,60,105,2,2,5,4,3,0.1447106669365797,1.641594313246463,0.8546266984388382,79.20746773396424,0.01461253201434247,0.003175610467762249,0.0034770926102163815,0.00579770498979219,0.00033640445249242634,0.0021082453733053293,0.0006614611096689935,0.0019072884459221196,0.00184268378715425,0.00046002751881975984,0.00019987321665187633,0.00024807852649440075
711,39,0.118,0.155,1.456,1.912,0.8,1.0,150,180,2,2,5,10,2,0.1447106669365797,1.641594313246463,0.8546266984388382,164.90981938051456,0.011227854238835612,0.0021999062949394996,0.0031708637992321214,0.0047709087432196125,0.00017485170355245966,0.001585818568303428,0.0005354667010085097,0.002363084895586107,0.0012721408160889151,0.00030766785960435544,0.00019708867008523087,0.00014052229671524056
714,39,0.118,0.155,1.456,1.912,0.8,1.0,225,270,2,2,5,15,3,0.1447106669365797,1.641594313246463,0.8546266984388382,248.94021116853375,0.0134352084552638,0.00273967550365391,0.004266968850380711,0.00603338410303675,0.00033647345502087976,0.0023015086036198176,0.001975770214925551,0.002409757604291458,0.0017546595070882633,8.302147357495745e-05,2.929417322386116e-06,8.623973682044773e-05
715,39,0.118,0.155,1.456,1.912,0.8,1.0,270,285,2,2,5,18,1,0.1447106669365797,1.641594313246463,0.8546266984388382,277.84193335070705,0.020451646441399754,0.004237363354935369,0.0030999687544940543,0.007195205038846019,0.00033349851032813603,0.0021997082693265948,0.0002671367809375602,0.0006922522867528603,0.0019816448152597203,0.0005552816238061718,0.00014196130667439526,0.00042705630801400567
716,39,0.118,0.155,1.456,1.912,0.8,1.0,285,300,2,2,5,19,1,0.1447106669365797,1.641594313246463,0.8546266984388382,292.9992448837354,0.02033112177105647,0.005772948891727498,0.004560030403600298,0.007903137755571487,0.000597572049654824,0.0007101024810889672,0.00011235067917187909,0.004046390002867986,0.001858758555607755,0.0009490462234088539,0.00019049563584268156,0.00030275616445638037
718,39,0.118,0.155,1.456,1.912,0.8,1.0,315,330,2,2,5,21,1,0.1447106669365797,1.641594313246463,0.8546266984388382,323.540794935403,0.0617917606822167,0.008784335889331618,0.01146113370985043,0.022720704199432992,7.124291838691039e-05,0.0076021291765101485,0.003778919300485071,0.0011901869639902854,0.007577028882701123,0.0010994169590663261,0.0004666768705478505,0.0006723091306718182
720,40,0.118,0.155,1.912,2.51,0.11,0.15,0,15,2,3,0,0,1,0.13728352562572282,2.1358704709315948,0.1291683304323734,7.363270054446014,5.265161341891729,0.3193399178056548,0.4731177896663695,1.73729151960664,0.0010086634799980191,0.1992568158654478,0.16959114889975288,0.19610143049089235,0.3418559311227183,0.01070058682017912,0.005911787709043633,0.007330781571237376
721,40,0.118,0.155,1.912,2.51,0.11,0.15,15,30,2,3,0,1,1,0.13728352562572282,2.1358704709315948,0.1291683304323734,22.144649047778938,3.3290609029611975,0.1983088243340866,0.392176828929053,1.127351771534484,0.0012875429204177067,0.19220163433110543,0.11616246975020846,0.21900204548775112,0.23463653810599236,0.018434674565345116,0.0035316877705077266,0.018698096744746522
722,40,0.118,0.155,1.912,2.51,0.11,0.15,30,45,2,3,0,2,1,0.13728352562572282,2.1358704709315948,0.1291683304323734,37.04282192337655,2.203552669799627,0.14835836177206016,0.1316435876548756,0.7118805975793402,0.0005461560198488523,0.05749600941893053,0.003629500764617876,0.061117038657973945,0.1009287683756206,0.011189932736468287,0.0027354095092273845,0.009426707230355394
723,40,0.118,0.155,1.912,2.51,0.11,0.15,45,60,2,3,0,3,1,0.13728352562572282,2.1358704709315948,0.1291683304323734,52.09015040226288,1.7792676165389834,0.1570616150435939,0.26382469602933317,0.6234678573875033,0.0009825152985351486,0.07367061831562298,0.1776701878179412,0.11235699010880758,0.14086132503077917,0.010245992051877456,0.003194647112613762,0.011934954572683528
724,40,0.118,0.155,1.912,2.51,0.11,0.15,60,75,2,3,0,4,1,0.13728352562572282,2.1358704709315948,0.1291683304323734,67.15529362733446,1.321510300778653,0.15729424013140544,0.11917062772429952,0.4361604049171637,0.0006348073294272427,0.01782790794854311,0.07243933877398957,0.04491464045720379,0.08075133294876341,0.009834975391210497,0.0007266292254062737,0.009891447195512144
725,40,0.118,0.155,1.912,2.51,0.11,0.15,75,90,2,3,0,5,1,0.13728352562572282,2.1358704709315948,0.1291683304323734,82.18204304084843,1.0790240134189908,0.200669008569827,0.17695489718525165,0.38558079934943246,0.0012911393586535682,0.0427168911658491,0.004441441707824936,0.16957004002086104,0.025405715530478594,0.0071165262043523525,0.0026173621325301273,0.008213437002163307
726,40,0.118,0.155,1.912,2.51,0.11,0.15,90,120,2,3,0,6,2,0.13728352562572282,2.1358704709315948,0.1291683304323734,103.9933752383355,0.41512332239798805,0.08532863754865301,0.06839443048624083,0.1484864296912571,0.0019911387114004264,0.019026822229391095,0.04136611948660313,0.03862192822735023,0.0329351812831781,0.004097456358670343,0.000687437766982153,0.00492728895905412
727,40,0.118,0.155,1.912,2.51,0.11,0.15,120,135,2,3,0,8,1,0.13728352562572282,2.1358704709315948,0.1291683304323734,127.34879189743357,0.37605227252789075,0.07215344065998669,0.03398670451008241,0.1241354656911652,0.003067748707599896,0.01324094624700189,0.009201722591041198,0.019444459595368474,0.022176830342693393,0.002754878887322597,0.0009888475427097569,0.003973893828435822
728,40,0.118,0.155,1.912,2.51,0.11,0.15,135,150,2,3,0,9,1,0.13728352562572282,2.1358704709315948,0.1291683304323734,142.40407385019412,0.2308765009287492,0.04766918947250538,0.07931262728179146,0.1079975785761796,0.0016892352533652629,0.009537153695217146,0.05497514498901734,0.05376839009514638,0.01671604816557984,0.0023162048030941113,0.0006559973728102753,0.00198731571011446
729,40,0.118,0.155,1.912,2.51,0.11,0.15,150,180,2,3,0,10,2,0.13728352562572282,2.1358704709315948,0.1291683304323734,164.8185141202927,0.23267835663729242,0.04103277716555903,0.01963566668044127,0.076437796811867,0.0024514225023663035,0.002882448085258242,0.006920288462680853,0.015686243569270893,0.008422071228198724,0.0017910029970471084,0.000745701793239727,0.00252220404448485
730,40,0.118,0.155,1.912,2.51,0.11,0.15,180,210,2,3,0,12,2,0.13728352562572282,2.1358704709315948,0.1291683304323734,195.16827503667724,0.3800056096125578,0.08495837535213903,0.10121857492598928,0.15748333536608772,0.0021209617068570718,0.014740608855558843,0.06580645279560703,0.07385041344351,0.014948887767722229,0.0037126974593042717,0.0011440801889180806,0.003946370641969449
734,40,0.118,0.155,1.912,2.51,0.11,0.15,255,285,2,3,0,17,2,0.13728352562572282,2.1358704709315948,0.1291683304323734,271.2734100478962,1.2956481883727111,0.3437154284409038,0.3141767793961081,0.5176086415740483,0.0,0.1105833833379678,0.0440181452684253,0.27239519063152073,0.10050786703398554,0.00967635624662968,0.0034104875875849423,0.015485338661548885
735,40,0.118,0.155,1.912,2.51,0.11,0.15,285,300,2,3,0,19,1,0.13728352562572282,2.1358704709315948,0.1291683304323734,292.87520480990344,1.4885557123348327,0.17264977972407122,0.1893965962191271,0.5091377394642682,0.0010945271339896435,0.04197911503442688,0.15684696277937127,0.07307666193782654,0.06374939898012683,0.009638410944987153,0.0008241745611310497,0.010122867541073796
736,40,0.118,0.155,1.912,2.51,0.11,0.15,300,315,2,3,0,20,1,0.13728352562572282,2.1358704709315948,0.1291683304323734,307.8978546151738,1.8352634895538846,0.13278309088544224,0.20822722427749712,0.6187639848619945,0.0012397524977758427,0.029029773541370846,0.0426324556735045,0.16119681026726648,0.12088744779357972,0.010391481754659905,0.0015318801821388836,0.009929715053926431
737,40,0.118,0.155,1.912,2.51,0.11,0.15,315,330,2,3,0,21,1,0.13728352562572282,2.1358704709315948,0.1291683304323734,322.89299322332164,2.5475093912439375,0.15448759675414866,0.1958165766407694,0.8321716771889534,0.0006463268060530127,0.01501982242727841,0.050790709900222365,0.08794320315096223,0.1658966652667113,0.019295961709993488,0.003409864962367683,0.016814046032645216
738,40,0.118,0.155,1.912,2.51,0.11,0.15,330,345,2,3,0,22,1,0.13728352562572282,2.1358704709315948,0.1291683304323734,337.8591048963735,3.529238585530156,0.2339464828210354,0.4019134296931836,1.190394260373999,0.0013911171484569116,0.15578958168114657,0.21931702231735992,0.17571764057950767,0.2411615020086897,0.013378574701063147,0.0036496758746525893,0.011249909348998794
739,40,0.118,0.155,1.912,2.51,0.11,0.15,345,360,2,3,0,23,1,0.13728352562572282,2.1358704709315948,0.1291683304323734,352.6352668432662,4.3782460237064145,0.3009610400434647,0.3949642714247683,1.4450661184174551,0.0008745656584994913,0.12597489400665085,0.016519657270276454,0.18897897636975355,0.3224638300252766,0.016378232632650053,0.003714374102116968,0.012548412503674665
740,41,0.118,0.155,1.912,2.51,0.15,0.25,0,15,2,3,1,0,1,0.13679761063125273,2.1355102558701367,0.19743181775840762,7.127536153695256,5.04169011173658,0.2762804296420295,0.5969902450897271,1.7083822760607186,0.0009104334082028756,0.18662538388254768,0.04530429347910881,0.3212137040519386,0.4642613009744384,0.03784668736579509,0.013380023600550985,0.028252640108626152
741,41,0.118,0.155,1.912,2.51,0.15,0.25,15,30,2,3,1,1,1,0.13679761063125273,2.1355102558701367,0.19743181775840762,21.846528489307822,3.0844433742541626,0.12798360185310267,0.3066324029086647,1.0261597131782703,0.0008451247153908046,0.17449438977474527,0.10783586913127965,0.13818501651355544,0.18084685777717172,0.007709241272497975,0.004765536249254962,0.01204843503820388
742,41,0.118,0.155,1.912,2.51,0.15,0.25,30,45,2,3,1,2,1,0.13679761063125273,2.1355102558701367,0.19743181775840762,36.85654085987477,1.700369994842721,0.06613954766134786,0.16450779839684362,0.5643568517960479,0.0004998271243149814,0.06233931978235473,0.09703004938980302,0.008214325691002373,0.11689768675697568,0.006133057208788681,0.0023744206221013903,0.005385194055759112
743,41,0.118,0.155,1.912,2.51,0.15,0.25,45,60,2,3,1,3,1,0.13679761063125273,2.1355102558701367,0.19743181775840762,51.97654523472476,1.0296407442824707,0.052043955178045394,0.09047085424293984,0.33918729012312415,0.00040654093468744435,0.05581372657360265,0.007489398621871877,0.021907940494349794,0.06727444971544352,0.0015794152373320982,0.0013332481770442035,0.0027816514781334625
744,41,0.118,0.155,1.912,2.51,0.15,0.25,60,75,2,3,1,4,1,0.13679761063125273,2.1355102558701367,0.19743181775840762,67.0656646568088,0.8105290197441873,0.059864069135500075,0.09587046519647242,0.2746120253179069,0.00040995880455032337,0.048971690072686036,0.018137361072516903,0.056847941833106395,0.05670169736116424,0.0035192069120938132,0.00017324764994803568,0.004125137721243745
745,41,0.118,0.155,1.912,2.51,0.15,0.25,75,90,2,3,1,5,1,0.13679761063125273,2.1355102558701367,0.19743181775840762,82.16902867896573,0.6783931170544004,0.10401380163260764,0.08804742592340255,0.2326838436413047,0.000910698575841527,0.0444762631917807,0.013952828772074544,0.059990785621191416,0.044449803951410835,0.0050434182584988985,0.0011012236333575386,0.0020052408401578245
746,41,0.118,0.155,1.912,2.51,0.15,0.25,90,105,2,3,1,6,1,0.13679761063125273,2.1355102558701367,0.19743181775840762,97.21066587533768,0.40833367274047583,0.0695081964396002,0.0848360254263537,0.15493226717397696,0.0016774213475476,0.03105620735985169,0.030829410767584775,0.0597955704437133,0.04123786003754157,0.004290863204609361,0.0009366702856346528,0.001823605972845834
747,41,0.118,0.155,1.912,2.51,0.15,0.25,105,120,2,3,1,7,1,0.13679761063125273,2.1355102558701367,0.19743181775840762,112.26453045320713,0.3163515320731517,0.037098479066813364,0.029020542953799494,0.10454654777022424,0.0012311481009997871,0.011301588422512113,0.00020568372188251187,0.022751306424881983,0.013924608308350262,0.003595184615934645,0.000589253665654836,0.0011795424712850373
748,41,0.118,0.155,1.912,2.51,0.15,0.25,120,135,2,3,1,8,1,0.13679761063125273,2.1355102558701367,0.19743181775840762,127.29817833813125,0.23908889784810639,0.020819822793636443,0.023455944333266657,0.07944937604815284,0.0012739099251098127,0.003525314069732674,0.01517865118269728,0.004944348129810622,0.016731699171591983,0.0021529042157521576,0.0007369242787339741,0.0011588146764450883
749,41,0.118,0.155,1.912,2.51,0.15,0.25,135,150,2,3,1,9,1,0.13679761063125273,2.1355102558701367,0.19743181775840762,142.36028869183318,0.28047441469081946,0.02026530883462282,0.029975482669603842,0.09395728275580456,0.0011404317174412934,0.010098464883289046,0.010180264085864355,0.019003663446098412,0.018117528742012643,0.0016630609148544282,0.0006665956371204521,0.0014926938153490739
750,41,0.118,0.155,1.912,2.51,0.15,0.25,150,165,2,3,1,10,1,0.13679761063125273,2.1355102558701367,0.19743181775840762,157.4478209103528,0.2281218062831331,0.0175543649443724,0.02556274826710759,0.07680486960611085,0.0007276669525377536,0.007614164110115773,0.016386343100106556,0.010833346617541111,0.014367725678674961,0.0013092995396876653,0.0010803240182565691,0.0016260148738760955
751,41,0.118,0.155,1.912,2.51,0.15,0.25,165,180,2,3,1,11,1,0.13679761063125273,2.1355102558701367,0.19743181775840762,172.48229787389994,0.19303138862765049,0.020982303842386255,0.022769845208532303,0.06537849849161677,0.0009178452009939317,0.004627526391864111,0.014558656104873148,0.008231317619496994,0.014648149800450374,0.0008689262528394254,0.0007513379673391025,0.0013899858239201537
752,41,0.118,0.155,1.912,2.51,0.15,0.25,180,195,2,3,1,12,1,0.13679761063125273,2.1355102558701367,0.19743181775840762,187.54664348646608,0.19212251257991728,0.026777425290444554,0.03459977028932494,0.07012660634564089,0.0007798403767834388,0.004991466393239205,0.030641663955347453,0.004632209603485617,0.014488936554994206,0.0009204363438825053,0.000512538300781012,0.0011502165223312522
753,41,0.118,0.155,1.912,2.51,0.15,0.25,195,225,2,3,1,13,2,0.13679761063125273,2.1355102558701367,0.19743181775840762,210.34308653808162,0.19985996079874413,0.031185300556572662,0.04531521346262915,0.07797296342342987,0.0011561247319063002,0.01887594673738549,0.004305525236611239,0.03789311328820594,0.015505340150252202,0.0019032133383971143,0.0006086320572505409,0.0009946990119524327
755,41,0.118,0.155,1.912,2.51,0.15,0.25,240,285,2,3,1,16,3,0.13679761063125273,2.1355102558701367,0.19743181775840762,265.32042415078536,0.30661836183642477,0.05294447551885139,0.06307363815401502,0.11599517590010665,0.0005356169039351032,0.02681119796971196,0.03464314580319478,0.04286423836369344,0.014765986262452537,0.003198771461477301,0.0007699382798118116,0.0019057219106873263
756,41,0.118,0.155,1.912,2.51,0.15,0.25,285,300,2,3,1,19,1,0.13679761063125273,2.1355102558701367,0.19743181775840762,292.9585544081887,0.7072122281689353,0.053982760359808014,0.05880727557254497,0.2321051774139471,0.00027160144187601733,0.03278755329498819,0.014739421542381302,0.025194988231395616,0.03880626182490003,0.0024304397602995776,0.0018892539052505167,0.00502337592097733
757,41,0.118,0.155,1.912,2.51,0.15,0.25,300,315,2,3,1,20,1,0.13679761063125273,2.1355102558701367,0.19743181775840762,308.02350800447147,1.0861122215904844,0.050379886020945876,0.08012839073978853,0.35401558096887475,0.0004237926817171892,0.04140848678259407,0.019051691369407164,0.02980456006677708,0.05875710990955829,0.0008384905878361874,0.0027757900073556965,0.0014282559132391306
758,41,0.118,0.155,1.912,2.51,0.15,0.25,315,330,2,3,1,21,1,0.13679761063125273,2.1355102558701367,0.19743181775840762,323.11729790413597,1.7974355447390038,0.06488765215939767,0.4007725241491516,0.6973359031300638,0.0005303599586804574,0.36986432712913886,0.01779981765385111,0.07427051603515537,0.13404927651466844,0.003228621777313458,0.004154279883416205,0.00406973632576087
759,41,0.118,0.155,1.912,2.51,0.15,0.25,330,345,2,3,1,22,1,0.13679761063125273,2.1355102558701367,0.19743181775840762,338.13357229029623,2.9023991523816424,0.123837986785384,0.2832481214222719,0.9640290671432814,0.0005776559242360251,0.16705881526795271,0.09972124735076876,0.04267408032029803,0.20118529025649476,0.008204173542994903,0.007006769774528299,0.008921408194943775
760,41,0.118,0.155,1.912,2.51,0.15,0.25,345,360,2,3,1,23,1,0.13679761063125273,2.1355102558701367,0.19743181775840762,352.85572357437803,4.567707745201459,0.2650321699922262,0.5026387463194522,1.5348324948419365,0.0008635241090190808,0.2469918754736864,0.32085715549877253,0.10119065919118403,0.27988885138602293,0.015492538725219654,0.00857393182146926,0.010646323553120143
762,42,0.118,0.155,1.912,2.51,0.25,0.4,15,30,2,3,2,1,1,0.13185448560680285,2.1259958777824024,0.3435378374401733,21.301967387513432,2.8015358571995534,0.15428520580587118,0.3437998497265905,0.9535876735023351,0.0005642059800922233,0.1747930382965334,0.07347672793697954,0.1554884357634786,0.2407839162755632,0.011989312453816518,0.005582498351592601,0.009645442717112753
763,42,0.118,0.155,1.912,2.51,0.25,0.4,30,45,2,3,2,2,1,0.13185448560680285,2.1259958777824024,0.3435378374401733,36.67492182626004,0.9760285430882645,0.03689700977434435,0.08918293264967674,0.3224560300741277,0.0001892577861240307,0.04231302570897447,0.036121743894767105,0.04660794487714523,0.051580242758769296,0.010779559084723032,0.003849962856589374,0.00505620036342568
764,42,0.118,0.155,1.912,2.51,0.25,0.4,45,60,2,3,2,3,1,0.13185448560680285,2.1259958777824024,0.3435378374401733,51.847441894022445,0.48146410880717044,0.02482441932998442,0.052850900002286254,0.1617380407527457,0.00015602417512128287,0.02623555740888168,0.025851731107500622,0.017504185634234542,0.03360528138253554,0.0010018856716399705,0.0006847247664884121,0.0009302484517940042
765,42,0.118,0.155,1.912,2.51,0.25,0.4,60,90,2,3,2,4,2,0.13185448560680285,2.1259958777824024,0.3435378374401733,73.12657649331379,0.3012915641079606,0.030301357852967354,0.041278026651044665,0.10418283894117969,8.929913577148418e-05,0.02286980014767721,0.027005473987147807,0.01652491113287989,0.013211508022304641,0.006174484346361588,0.0004961147741887957,0.0019817905112531767
766,42,0.118,0.155,1.912,2.51,0.25,0.4,90,120,2,3,2,6,2,0.13185448560680285,2.1259958777824024,0.3435378374401733,103.87020031568026,0.12219218336898946,0.01623482977026247,0.01862741444295434,0.043034903292110196,0.0005930194252795934,0.003907795248810849,0.009489794603289244,0.013920117880496298,0.006822543309352636,0.002012294980350939,0.0009961265255654316,0.0009924980890025428
767,42,0.118,0.155,1.912,2.51,0.25,0.4,120,135,2,3,2,8,1,0.13185448560680285,2.1259958777824024,0.3435378374401733,127.30040548749439,0.1088142070851148,0.010414318375550536,0.01122028822430347,0.0363236598345473,0.0004295237686075259,0.0007106214601680138,0.006811212711552444,0.006266403508017585,0.00627009919074211,0.0007623843284715029,0.0005427174634809626,0.0004804361767596681
768,42,0.118,0.155,1.912,2.51,0.25,0.4,135,150,2,3,2,9,1,0.13185448560680285,2.1259958777824024,0.3435378374401733,142.3778942642261,0.10148706685438373,0.008144182791435861,0.00479550174507585,0.03257588681885921,0.0003230689233294658,0.0014183112928558765,0.00029222064145760865,0.000618570023746465,0.00450502783731853,0.0005018284760432842,0.0003304510160868,0.000342868694656249
769,42,0.118,0.155,1.912,2.51,0.25,0.4,150,165,2,3,2,10,1,0.13185448560680285,2.1259958777824024,0.3435378374401733,157.43294100348606,0.07877276144502951,0.006581477742797419,0.00762874824528415,0.02614709011365577,0.00033025887011814425,0.0015040358471752361,0.003661455130506374,0.003799130840533164,0.00528453430511224,0.0004058880360288188,0.00046515311882628117,0.00024627911185555663
770,42,0.118,0.155,1.912,2.51,0.25,0.4,165,180,2,3,2,11,1,0.13185448560680285,2.1259958777824024,0.3435378374401733,172.46292940367306,0.06432485518560635,0.007239645864915503,0.007440802991932856,0.02173568808222539,0.0002886967822809172,0.0015367920198837235,0.0036798631032099907,0.005036563487784907,0.0037349723240206454,0.0003157730518386086,0.0003358620252332581,0.00024918092668736275
771,42,0.118,0.155,1.912,2.51,0.25,0.4,180,195,2,3,2,12,1,0.13185448560680285,2.1259958777824024,0.3435378374401733,187.52245768612804,0.09388743790310082,0.01349216198910702,0.013197615469287844,0.032599155743306116,0.00038215844735928515,0.0036004212556295947,0.009121947432211258,0.005701075377758173,0.006726234229132284,0.0005200344709826158,0.00044200065849050665,0.00033699177178593255
772,42,0.118,0.155,1.912,2.51,0.25,0.4,195,210,2,3,2,13,1,0.13185448560680285,2.1259958777824024,0.3435378374401733,202.54727291151528,0.06925219290473876,0.014051017130348531,0.006054676168055996,0.02280520727700197,0.0005575255546719665,0.001955046558896242,0.0006390286888042907,0.0035839776116527843,0.0043809973257542415,0.0002845488606136945,0.0002811502880277821,0.00028226043692269014
773,42,0.118,0.155,1.912,2.51,0.25,0.4,210,255,2,3,2,14,3,0.13185448560680285,2.1259958777824024,0.3435378374401733,234.18348490902878,0.1045089716874382,0.016541206763439658,0.017688022191267333,0.03760059967203923,0.00030289468060619847,0.0033591145777400852,0.004747052242913965,0.014418395099150032,0.00842209688193806,0.0010085383203132902,0.0008569065637752899,0.0003665992143215519
774,42,0.118,0.155,1.912,2.51,0.25,0.4,255,270,2,3,2,17,1,0.13185448560680285,2.1259958777824024,0.3435378374401733,262.80496905787817,0.09598624378814888,0.014482161363993095,0.01121488966584006,0.032472616884234036,0.0005351142646606811,0.004871501005570578,0.006759025429453067,0.00422454863227542,0.006092316757115816,0.0019166522258497168,0.0007854324360564481,0.001052768503499301
775,42,0.118,0.155,1.912,2.51,0.25,0.4,270,285,2,3,2,18,1,0.13185448560680285,2.1259958777824024,0.3435378374401733,277.8705599402639,0.1581823851725448,0.0251462613160719,0.040338039893092,0.06441518238404922,0.0008831132190767486,0.011535174535008836,0.02605572311055055,0.02744420711847976,0.007748849107665253,0.002795404681348448,0.00021244085563957733,0.0010897009850411312
776,42,0.118,0.155,1.912,2.51,0.25,0.4,285,300,2,3,2,19,1,0.13185448560680285,2.1259958777824024,0.3435378374401733,293.0061611741294,0.31857021223516047,0.0316548687053154,0.03595419812373345,0.10734284991365524,0.0001732655720521095,0.02725916835217817,0.002815795001076713,0.018170556692100433,0.014471782494625883,0.006269244259983098,0.00038083692015901296,0.0014428312268393222
777,42,0.118,0.155,1.912,2.51,0.25,0.4,300,315,2,3,2,20,1,0.13185448560680285,2.1259958777824024,0.3435378374401733,308.1556612048376,0.47823690764556676,0.02498983115512478,0.04366297970211068,0.15798810917255088,0.0002298423494512062,0.02796032401034174,0.009055721194212012,0.02055338588281076,0.024884470762834985,0.0020891779967922484,0.0014154630995059359,0.0009688175559001123
778,42,0.118,0.155,1.912,2.51,0.25,0.4,315,330,2,3,2,21,1,0.13185448560680285,2.1259958777824024,0.3435378374401733,323.33508890743843,0.9679109978932348,0.03589619853855786,0.09787605293440749,0.3225110976771342,0.0002513867982756776,0.05213116634820433,0.02308968563802085,0.05092667114057489,0.061011923890260125,0.004495264650574868,0.002890890792973122,0.003589674742738271
779,42,0.118,0.155,1.912,2.51,0.25,0.4,330,345,2,3,2,22,1,0.13185448560680285,2.1259958777824024,0.3435378374401733,338.69945942639316,2.7175166381946005,0.14572932178589657,0.38348779208892514,0.9441678163691026,0.0006588221600587262,0.1801416441665371,0.04666789025457781,0.2950432974383817,0.15844088098437595,0.01139878777599118,0.0078082198352801505,0.016717911363116598
782,43,0.118,0.155,1.912,2.51,0.4,0.6,30,45,2,3,3,2,1,0.13269635454527337,2.0982823131146673,0.4742424141053489,36.48190133838983,0.47580250128810414,0.021296947584523468,0.05450739967016731,0.1605949435023711,0.00013479436376517958,0.03718810193499853,0.01082402567266924,0.01302893962502568,0.035888023472761536,0.002504584061758953,0.0016382452563851394,0.0036359999255171035
783,43,0.118,0.155,1.912,2.51,0.4,0.6,45,60,2,3,3,3,1,0.13269635454527337,2.0982823131146673,0.4742424141053489,51.79799068633694,0.2468503191534606,0.01726058338860815,0.03204660370134244,0.08467099926378509,9.451302545433769e-05,0.021875416190356545,0.0037115371111411154,0.0015523197412744812,0.022042384920140767,0.003303830358926843,0.00023492516527511857,0.006811028211909242
784,43,0.118,0.155,1.912,2.51,0.4,0.6,60,75,2,3,3,4,1,0.13269635454527337,2.0982823131146673,0.4742424141053489,66.98073188726589,0.15113649153240424,0.034521635108220934,0.028078385696092896,0.055595592580014286,1.8552635260122905e-05,0.010749676386016122,0.013718736723380026,0.0209076642425161,0.004788442389453469,0.0044850030041008355,0.00037437604826211674,0.00495747060645742
787,43,0.118,0.155,1.912,2.51,0.4,0.6,105,120,2,3,3,7,1,0.13269635454527337,2.0982823131146673,0.4742424141053489,112.26731954563485,0.07870169845219736,0.017609441362641663,0.007924059708260897,0.026213264624641727,0.00032377950948195126,0.0013470107340095476,0.0015744282248036018,0.007089672161634447,0.0024186258573734233,0.0010801823340001002,0.00044289728101843274,0.001509776320955675
788,43,0.118,0.155,1.912,2.51,0.4,0.6,120,135,2,3,3,8,1,0.13269635454527337,2.0982823131146673,0.4742424141053489,127.31357918672138,0.0507091568228168,0.007978296890067588,0.005001179446732065,0.016858473855421184,0.0001860895620524597,0.0025082219273312354,0.0009751058657253511,0.002718806261870979,0.0031210593846572833,0.0005086059507131053,0.00031986349571336726,0.0007760403823558447
789,43,0.118,0.155,1.912,2.51,0.4,0.6,135,150,2,3,3,9,1,0.13269635454527337,2.0982823131146673,0.4742424141053489,142.38573189259978,0.042325392479178714,0.005155172659334062,0.0062010416488222884,0.014799598247211974,0.0002969000097251419,0.0013096539123185736,0.00400831605009087,0.003093433264572236,0.003293661551616824,0.00022145285721525656,0.0003061007623996234,0.00040674464744535157
790,43,0.118,0.155,1.912,2.51,0.4,0.6,150,165,2,3,3,10,1,0.13269635454527337,2.0982823131146673,0.4742424141053489,157.4339522267902,0.043010783257382175,0.004686768208831765,0.004679656477366096,0.01443502576871047,0.00026402972716038994,0.001024273017732989,0.001764786839013443,0.002923930155503562,0.003002219882334356,0.0004017142693005129,0.0002908131647203548,0.00032120627511362805
791,43,0.118,0.155,1.912,2.51,0.4,0.6,165,180,2,3,3,11,1,0.13269635454527337,2.0982823131146673,0.4742424141053489,172.48275911771992,0.04059445604639097,0.005282128665828648,0.0053649901168227355,0.013960327204834663,0.0002559580965655321,0.000251442637452988,0.003808895066668833,0.0015152703242552528,0.0034301745010499613,0.0002678169227059949,0.00024592151175472293,0.00029078877963692343
792,43,0.118,0.155,1.912,2.51,0.4,0.6,180,195,2,3,3,12,1,0.13269635454527337,2.0982823131146673,0.4742424141053489,187.50113312513514,0.045182419892323855,0.008391937794845431,0.009287296741767355,0.017088886612694535,0.00028976590756330726,0.0020979489938204162,0.007433656159640867,0.003319248735957459,0.003921420068694907,0.00048202116494947174,0.000273552256250839,0.00033813470939771063
793,43,0.118,0.155,1.912,2.51,0.4,0.6,195,240,2,3,3,13,3,0.13269635454527337,2.0982823131146673,0.4742424141053489,218.593864979118,0.04022105877715361,0.008481618562412157,0.012725939721831872,0.018028184026933236,0.000292808672068787,0.0012668970906107974,0.005480406524594639,0.010722236108381165,0.0038898492762180254,0.0003014436713525284,0.00017931931803045573,0.00035587415848188945
795,43,0.118,0.155,1.912,2.51,0.4,0.6,255,270,2,3,3,17,1,0.13269635454527337,2.0982823131146673,0.4742424141053489,262.81358109822656,0.06603751361096787,0.008362609962602774,0.008824220185851729,0.0227474493748553,0.0003759326912825456,0.0023671075226989525,0.004364563867867328,0.005642958783427884,0.004215430503383998,0.0015465528970399938,0.00029113166737111283,0.0018601297156330351
796,43,0.118,0.155,1.912,2.51,0.4,0.6,270,285,2,3,3,18,1,0.13269635454527337,2.0982823131146673,0.4742424141053489,277.92194533231844,0.09436502401313376,0.011368670079451528,0.01090007574951986,0.031881061170392556,0.00030779577991000857,0.0028917109444507364,0.0059933976198620845,0.002351470282876441,0.007601671029747705,0.0027460151582754393,0.00046375411348428694,0.0033345600836331207
797,43,0.118,0.155,1.912,2.51,0.4,0.6,285,300,2,3,3,19,1,0.13269635454527337,2.0982823131146673,0.4742424141053489,293.01971106074393,0.11777900216861535,0.018035821323492594,0.011866869366239898,0.03923130319490022,0.0002802204490595541,0.0028520532338410453,0.0006039137065831237,0.008222225835393376,0.007030979640159464,0.0035456676626167737,0.0002842682193124311,0.0038994196046491882
798,43,0.118,0.155,1.912,2.51,0.4,0.6,300,315,2,3,3,20,1,0.13269635454527337,2.0982823131146673,0.4742424141053489,308.1632729338013,0.24656296097409555,0.01747309638623445,0.027711183735079813,0.08304102055199951,9.347970393327119e-05,0.01601575704586555,0.0018515008397605043,0.01416294094629,0.016382607062952113,0.005859997219841626,0.0007647664733683932,0.0062441753663148025
799,43,0.118,0.155,1.912,2.51,0.4,0.6,315,330,2,3,3,21,1,0.13269635454527337,2.0982823131146673,0.4742424141053489,323.50280995233845,0.45649887436907516,0.021359927022072886,0.05437449591265442,0.1547973073753538,0.00012180030952460754,0.03133198969093312,0.01485109860584826,0.014397173869571574,0.038857772259982264,0.0038408208979448743,0.00040229391746796604,0.006092387233850382
802,44,0.118,0.155,1.912,2.51,0.6,0.8,15,30,2,3,4,1,1,0.14528612687466194,2.095819585159592,0.6704117169665025,21.014314021875062,0.3996478538715134,0.040279843045554466,0.05333641295357385,0.13763801754198868,5.8259159377150284e-05,0.014379061383030068,0.01959443695077104,0.015679353605761726,0.04451241537074564,0.0031746094292372366,0.0022294417698053063,0.0051839111988454
803,44,0.118,0.155,1.912,2.51,0.6,0.8,30,45,2,3,4,2,1,0.14528612687466194,2.095819585159592,0.6704117169665025,36.515544867982705,0.15433531210070628,0.00982984990292186,0.02442748798486397,0.054751000011430614,6.207601060557139e-05,0.011235222078910602,0.005881144028549681,0.008721050288285617,0.01882872767719702,0.0021176108442525175,0.00027773621666416675,0.002302724798959531
804,44,0.118,0.155,1.912,2.51,0.6,0.8,45,75,2,3,4,3,2,0.14528612687466194,2.095819585159592,0.6704117169665025,57.480792446735855,0.055124476444861716,0.006359245676821638,0.006953462637357627,0.018832133958600006,4.6664019080443266e-05,0.0032337319154289506,0.0015775610957758353,0.0037411573496716863,0.004554685200898585,0.0022476999539938554,0.00031966939884522423,0.000813221010793138
807,44,0.118,0.155,1.912,2.51,0.6,0.8,105,150,2,3,4,7,3,0.14528612687466194,2.095819585159592,0.6704117169665025,126.0673657924112,0.015640296566331,0.002558181546235044,0.0026902504792166294,0.005647546232932236,9.772327825677171e-05,0.00011714732214558742,0.001671339623649986,0.0017655970005743611,0.0011356572475974662,0.0001415319880118098,0.00026733838496516456,0.00011725193681070282
809,44,0.118,0.155,1.912,2.51,0.6,0.8,165,210,2,3,4,11,3,0.14528612687466194,2.095819585159592,0.6704117169665025,187.66916693392838,0.015015969596894179,0.0023592893964011355,0.0015216601329358034,0.0050043516147724775,9.32652481544469e-05,0.0002157683292086304,0.00017472781068127624,0.0005134022854587067,0.0013984616510020818,0.0002457354650001992,0.00018660383236183143,0.00010192388287466206
811,44,0.118,0.155,1.912,2.51,0.6,0.8,225,255,2,3,4,15,2,0.14528612687466194,2.095819585159592,0.6704117169665025,240.74613492064148,0.01212582819504298,0.003052972763693899,0.0026602430936928517,0.004679523627449948,0.00012441368150456166,0.0006994899617271018,0.001776997204397448,0.0012181615672691383,0.001386717769244084,8.806195963101946e-05,0.00019837427741341849,8.66343286046349e-05
812,44,0.118,0.155,1.912,2.51,0.6,0.8,255,270,2,3,4,17,1,0.14528612687466194,2.095819585159592,0.6704117169665025,262.80096621200903,0.01269109357404789,0.0030035690540013323,0.0034229380231197686,0.005286924957832808,0.00013201123835310707,0.0007147518385890682,0.0029150002839107366,0.0008496250039972088,0.0014019269492622534,0.0002509567983344712,0.00022542929009422823,6.0984248920440356e-05
813,44,0.118,0.155,1.912,2.51,0.6,0.8,270,285,2,3,4,18,1,0.14528612687466194,2.095819585159592,0.6704117169665025,277.9416278062392,0.032329031731597666,0.00514093517628263,0.003144286585599998,0.01073490679584735,0.00013068929594689307,0.0010406013902745058,0.0003854160842754254,0.0004225260058667658,0.0028733378412383825,0.0009483273806841772,0.0004557453051869163,0.0004510687900125552
814,44,0.118,0.155,1.912,2.51,0.6,0.8,285,300,2,3,4,19,1,0.14528612687466194,2.095819585159592,0.6704117169665025,293.00518382695014,0.03443799458650909,0.008246480475170192,0.006647798156638428,0.012796027753471986,0.0001634368895516486,0.0023354365743452734,0.002336114164510866,0.004860401690722689,0.0030813584598213444,0.0014052881383171789,0.00035584548492232666,0.0003695142473958549
815,44,0.118,0.155,1.912,2.51,0.6,0.8,300,315,2,3,4,20,1,0.14528612687466194,2.095819585159592,0.6704117169665025,308.2246672418685,0.060199213930844604,0.008504102153972485,0.01224637307694413,0.022699418780036118,4.4681308933786127e-05,0.006248481407427573,0.007034394452935318,0.004697581907578794,0.006226053187902059,0.001065192915149128,8.406309755451035e-05,0.0007838480878854811
816,44,0.118,0.155,1.912,2.51,0.6,0.8,315,330,2,3,4,21,1,0.14528612687466194,2.095819585159592,0.6704117169665025,323.4691120651881,0.15038544708240525,0.010018077840501535,0.023682322409887678,0.05329634130071711,5.03079820129679e-05,0.010702612703371715,0.008457182888835036,0.0072937741617887675,0.017785863667236838,0.0020857765482703338,0.0004424457397407144,0.002289959568752962
817,44,0.118,0.155,1.912,2.51,0.6,0.8,330,345,2,3,4,22,1,0.14528612687466194,2.095819585159592,0.6704117169665025,338.9701533922644,0.46476129887365714,0.044530804930219825,0.0742963493512093,0.1652054296588872,0.0001259167808073569,0.02203173365393074,0.053226300043553415,0.01440128349002023,0.04433708834770736,0.0079407539214616,0.001942721964873034,0.005321747687066213
983,52,0.155,0.204,1.2,1.456,0.15,0.25,0,15,3,1,1,0,1,0.17667067532105046,1.3233375388403599,0.1968513639316632,7.376438587129917,0.738391915842198,0.24961641948843835,0.19409176429644256,0.3043509349806927,0.012362986630023639,0.036206143637674146,0.022029970046070404,0.1763930325543824,0.06510967436391514,0.01765989232357202,0.0024994672948952476,0.019203996522664975
985,52,0.155,0.204,1.2,1.456,0.15,0.25,30,90,3,1,1,2,4,0.17667067532105046,1.3233375388403599,0.1968513639316632,55.58367598716357,0.609278124492519,0.19110136925911123,0.14481008660565822,0.24163720324323096,0.010766054824736953,0.1251208059820189,0.01929547946030881,0.06272703907196263,0.02412169491610106,0.02100980758846582,0.0008780091238203938,0.017606363414822433
986,52,0.155,0.204,1.2,1.456,0.15,0.25,90,120,3,1,1,6,2,0.17667067532105046,1.3233375388403599,0.1968513639316632,104.47301930917108,0.2612617143605235,0.07058184772678312,0.043317946913979805,0.09357750106302762,0.015379892154811912,0.027253653303544723,0.006858819421473363,0.021433692454503148,0.017703788751560135,0.009398424704381179,0.00213146103700716,0.008790398825334389
987,52,0.155,0.204,1.2,1.456,0.15,0.25,120,165,3,1,1,8,3,0.17667067532105046,1.3233375388403599,0.1968513639316632,142.06976095932598,0.18178208392599104,0.06465771689352806,0.061444707836975136,0.08429903006310453,0.006173049387519958,0.03197862816161037,0.05034783775705589,0.011232167273435062,0.003452371087000328,0.005984455902282433,0.002863294710510425,0.006459698811889756
1003,53,0.155,0.204,1.2,1.456,0.25,0.4,105,150,3,1,2,7,3,0.17665021161878244,1.3218317128604935,0.32162683210990417,126.87435674407774,0.17052822742169657,0.043868209710223316,0.053664836132401084,0.07623080886807826,0.008069249140844371,0.03273533772577463,0.024514579006888863,0.032316221737174605,0.00867873021497211,0.0041590927472676545,0.002384797498009174,0.004751461880770693
1004,53,0.155,0.204,1.2,1.456,0.25,0.4,150,225,3,1,2,10,5,0.17665021161878244,1.3218317128604935,0.32162683210990417,187.68565166267646,0.06975053003116226,0.026116268210616123,0.01865940462248861,0.0289581443274552,0.006444623335229779,0.0100917427999397,0.010035023827249594,0.008698098836083239,0.004938809130328885,0.0017958262385331476,0.0006259204594973258,0.002011585442149228
1013,54,0.155,0.204,1.2,1.456,0.4,0.6,0,30,3,1,3,0,2,0.17612459834416713,1.318768896941342,0.5014424789231227,11.303151645929951,0.8504947212417875,0.23534316752512938,0.16926100642152425,0.31868690490200724,0.002785314467339544,0.019756265331901637,0.04008257212363282,0.11790642150813059,0.11255676454033049,0.008736858162448933,0.015482697801450332,0.008582437508902563
1025,54,0.155,0.204,1.2,1.456,0.4,0.6,315,345,3,1,3,21,2,0.17612459834416713,1.318768896941342,0.5014424789231227,333.59820425295226,0.3457358597960435,0.10880061265957984,0.08883744233265753,0.14121233353930188,0.004087940729045809,0.010976004326901647,0.010695011061677034,0.036958228284666,0.07877882377935713,0.005233473013915108,0.0005062270801505847,0.008277092134923454
1062,57,0.155,0.204,1.456,1.912,0.11,0.15,0,15,3,2,0,0,1,0.17559815680974572,1.6817201393864734,0.12917559922316765,7.4193382258661975,0.7527989194510913,0.10162556274497188,0.1636714570313358,0.2896752464787686,0.0012201020726140814,0.0473210982698591,0.11160835943878386,0.0908709732044163,0.05874158745523055,0.018963576500683633,0.0009018605948114104,0.019571333417325455
1063,57,0.155,0.204,1.456,1.912,0.11,0.15,15,30,3,2,0,1,1,0.17559815680974572,1.6817201393864734,0.12917559922316765,22.304218753307126,0.6764427148451196,0.08788755684067315,0.11396732154709506,0.243128800273656,0.001204872730931275,0.055075423378414944,0.006810157079983976,0.05656267054988306,0.07977755360290752,0.017776466013817056,0.0012088406983535049,0.018537108834878056
1064,57,0.155,0.204,1.456,1.912,0.11,0.15,30,45,3,2,0,2,1,0.17559815680974572,1.6817201393864734,0.12917559922316765,37.275292685104056,0.5187330352599729,0.08334113895810744,0.09025907972180175,0.18780332178170941,0.0010696727589778892,0.013492133059520165,0.01920340580137782,0.07198022389997877,0.04669659453893081,0.014750932604151501,0.001583303654864356,0.015265131814783008
1065,57,0.155,0.204,1.456,1.912,0.11,0.15,45,60,3,2,0,3,1,0.17559815680974572,1.6817201393864734,0.12917559922316765,52.24536445244808,0.4602230655260338,0.10613305104950707,0.07732193206429117,0.1653131399465223,0.0011670024133122296,0.018277040679589976,0.02011904584450213,0.05343889555725815,0.0466439295468024,0.013938356723812608,0.0013837467051730787,0.0143917108044528
1066,57,0.155,0.204,1.456,1.912,0.11,0.15,60,75,3,2,0,4,1,0.17559815680974572,1.6817201393864734,0.12917559922316765,67.24709304557699,0.3582993441372664,0.09935784315182686,0.09856841433774093,0.1505195828196811,0.0012964559463957096,0.0179656049975342,0.035697874104720716,0.07755559035635987,0.044393416496289397,0.011504882461586508,0.0012490746855949677,0.011458852681450646
1067,57,0.155,0.204,1.456,1.912,0.11,0.15,75,105,3,2,0,5,2,0.17559815680974572,1.6817201393864734,0.12917559922316765,89.08761403206323,0.12214167208173317,0.028394304014038807,0.033976382494616306,0.05155747159834421,0.0015369124962033795,0.010757771685256422,0.0287821812207421,0.006540547508493175,0.012184882119767907,0.004141644797600029,0.0005343742436904394,0.004079061897084094
1068,57,0.155,0.204,1.456,1.912,0.11,0.15,105,150,3,2,0,7,3,0.17559815680974572,1.6817201393864734,0.12917559922316765,126.4012156037872,0.06801545623218927,0.023915338473551644,0.013273738349851443,0.025347553636819186,0.0012089347371012358,0.0061789691881924055,0.01050805510554013,0.003890072880091907,0.0024371356448058628,0.002287896378274617,0.00020259785710947348,0.0022493170271079966
1076,57,0.155,0.204,1.456,1.912,0.11,0.15,330,360,3,2,0,22,2,0.17559815680974572,1.6817201393864734,0.12917559922316765,345.5217549583966,0.8140731505251495,0.16481129877255185,0.2143298073122124,0.3357651935833461,0.001122412084474381,0.035847450608300455,0.057105714967949764,0.19776616986582046,0.04242171455070615,0.021881473208005882,0.002439947339481921,0.021882511000095653
1077,58,0.155,0.204,1.456,1.912,0.15,0.25,0,15,3,2,1,0,1,0.17579206573117478,1.6797702068060028,0.19629900819970666,7.390844339136362,0.5732227035160207,0.05195778617559846,0.07269007113225245,0.1959714320922787,0.003013867627474179,0.008067963843533539,0.046536845575289636,0.0481340197796897,0.02518713825897153,0.009486998745906184,0.0018346494756559483,0.009628977756177378
1078,58,0.155,0.204,1.456,1.912,0.15,0.25,15,30,3,2,1,1,1,0.17579206573117478,1.6797702068060028,0.19629900819970666,22.208069853824288,0.5698379683934308,0.0521312776484029,0.07585847089028822,0.19617715570243302,0.0026175608403953233,0.029496147804414705,0.029761508778902275,0.03126023839164668,0.053826587197948805,0.010549340706439838,0.002367416534864088,0.010834290345103838
1079,58,0.155,0.204,1.456,1.912,0.15,0.25,30,45,3,2,1,2,1,0.17579206573117478,1.6797702068060028,0.19629900819970666,37.16467847553587,0.5359973795345142,0.0723865560972665,0.07543222946818741,0.18614209349321176,0.004113654477436089,0.010457867818433839,0.041191389957605955,0.049050436496086286,0.03682747153279201,0.01039146252758004,0.0016242663713646802,0.010236869808635607
1080,58,0.155,0.204,1.456,1.912,0.15,0.25,45,60,3,2,1,3,1,0.17579206573117478,1.6797702068060028,0.19629900819970666,52.183143277361076,0.36348064035546823,0.06952254630378969,0.08905019256266361,0.14576458021679678,0.004804742763233458,0.048806920144845785,0.019643904981530725,0.0675713486611305,0.02254334196673467,0.007942623542783163,0.0013598313723728757,0.008047568487727134
1081,58,0.155,0.204,1.456,1.912,0.15,0.25,60,75,3,2,1,4,1,0.17579206573117478,1.6797702068060028,0.19629900819970666,67.2211551251065,0.30479929375695886,0.06528877615779372,0.03843359289078304,0.10412314059737428,0.004521838546420852,0.011415682832968425,0.011045286557389903,0.033764991814977045,0.0036060366295180258,0.008714364205381532,0.0005394536642135639,0.007162380647373525
1082,58,0.155,0.204,1.456,1.912,0.15,0.25,75,90,3,2,1,5,1,0.17579206573117478,1.6797702068060028,0.19629900819970666,82.27332706649524,0.20036322670741147,0.030252564912749948,0.031905287364952295,0.0711657544877361,0.005309386285598012,0.013245103272808027,0.00947415642194941,0.017340641057479345,0.02001820643997822,0.0062168885624719625,0.0009118314057518096,0.004810296990586876
1083,58,0.155,0.204,1.456,1.912,0.15,0.25,90,105,3,2,1,6,1,0.17579206573117478,1.6797702068060028,0.19629900819970666,97.30347467343078,0.16819126268593965,0.020077304364471193,0.03144556610689892,0.06196979276952336,0.004019713369099471,0.011490090584237351,0.004848196678215397,0.025037836240202137,0.013181110643852908,0.004229961801624308,0.0002990682634026327,0.004062439925995544
1084,58,0.155,0.204,1.456,1.912,0.15,0.25,105,120,3,2,1,7,1,0.17579206573117478,1.6797702068060028,0.19629900819970666,112.32460326805776,0.11974794012448346,0.015479640264248477,0.01943530316675421,0.04269829986269173,0.004353081488848942,0.006225903635577814,0.012477986050066718,0.009584338943647816,0.00797660081083703,0.0030181503489537906,0.0005641584732337576,0.002972198732883786
1085,58,0.155,0.204,1.456,1.912,0.15,0.25,120,135,3,2,1,8,1,0.17579206573117478,1.6797702068060028,0.19629900819970666,127.43192453018361,0.1319226288088004,0.019942746916040283,0.033320519736974925,0.053521210496686795,0.0029278135912859586,0.00895646953628138,0.009248424547222649,0.029068879115203505,0.008881791508794173,0.003505885428094717,0.00038593391527258595,0.003470920128266728
1086,58,0.155,0.204,1.456,1.912,0.15,0.25,135,150,3,2,1,9,1,0.17579206573117478,1.6797702068060028,0.19629900819970666,142.42393593857705,0.12051747356271683,0.01665070680198987,0.02365637385290794,0.04498527288140461,0.0022871165006224502,0.010710202099496776,0.011713184703014076,0.01579297430678605,0.006588758376518136,0.0028279561132417506,0.00041172949606135167,0.003107446328289025
1087,58,0.155,0.204,1.456,1.912,0.15,0.25,150,165,3,2,1,10,1,0.17579206573117478,1.6797702068060028,0.19629900819970666,157.4632312396746,0.09825352267055786,0.01860118320190436,0.014844798437221725,0.034546440811833334,0.0014735904393631295,0.010844099366390473,0.007197404461278918,0.004330615773254022,0.004749840712020764,0.0026405972027127404,0.00028707733771026904,0.0027357320859769363
1088,58,0.155,0.204,1.456,1.912,0.15,0.25,165,180,3,2,1,11,1,0.17579206573117478,1.6797702068060028,0.19629900819970666,172.44770909727612,0.10051984898693729,0.023936018212839864,0.02407692943768315,0.03997743763484455,0.0017950521098874987,0.010930262681681414,0.00926586451494065,0.016875672096380735,0.00885546965823821,0.0025247359712462334,0.0002386243094449282,0.0028181163917814704
1089,58,0.155,0.204,1.456,1.912,0.15,0.25,180,195,3,2,1,12,1,0.17579206573117478,1.6797702068060028,0.19629900819970666,187.53020427551868,0.09401450307778167,0.022329984368867573,0.023429158125854378,0.03794548730646488,0.0014210928616283118,0.010553342350402142,0.018791288381200654,0.003452086904860622,0.007984292705653177,0.002139431909625676,0.0004438500249760048,0.0025989532058931677
1090,58,0.155,0.204,1.456,1.912,0.15,0.25,195,210,3,2,1,13,1,0.17579206573117478,1.6797702068060028,0.19629900819970666,202.52427442352067,0.1124385931354617,0.022077879186695598,0.020592822055952198,0.041211757678203724,0.001764373964712868,0.010762677361860434,0.009379970258915052,0.011173955192993947,0.009117314309852938,0.002671836904171859,0.0003830006368390675,0.0030248212852060077
1091,58,0.155,0.204,1.456,1.912,0.15,0.25,210,255,3,2,1,14,3,0.17579206573117478,1.6797702068060028,0.19629900819970666,233.54845396542967,0.11659888286556447,0.02042997571778739,0.025523415677153265,0.04496484107398183,0.003741982429221717,0.005246159542040535,0.008673707505590537,0.020461038481423107,0.010335077589562766,0.0031470870172901596,0.00025521196729312026,0.0030362804505692197
1096,58,0.155,0.204,1.456,1.912,0.15,0.25,315,345,3,2,1,21,2,0.17579206573117478,1.6797702068060028,0.19629900819970666,331.29185196836085,0.365114530631332,0.08709735341827494,0.10268072049145789,0.15485703728588543,0.002014644014977556,0.016770459492405007,0.0676882754852635,0.07464508417393337,0.007432785620799546,0.00656889631131699,0.0016017955363047988,0.007013253664607818
1097,58,0.155,0.204,1.456,1.912,0.15,0.25,345,360,3,2,1,23,1,0.17579206573117478,1.6797702068060028,0.19629900819970666,352.6076620624381,0.6111930853330393,0.08975548298599631,0.10308324714290255,0.2197278212329214,0.0021646955239314637,0.04295622455011174,0.00573074291584487,0.0694450080096088,0.06176305216584902,0.009879981674507,0.002011490043053041,0.010300851544908687
1098,59,0.155,0.204,1.456,1.912,0.25,0.4,0,15,3,2,2,0,1,0.17576446963881692,1.6768843459554577,0.3204631234605448,7.273644792020506,0.36972113683605357,0.032596111996026855,0.07552336309059049,0.139579240775753,0.0007939381837867984,0.026873474988587914,0.021902502629289382,0.05875051687096434,0.03221848624971001,0.0033314395104637323,0.0015779030247985324,0.003404506786156349
1099,59,0.155,0.204,1.456,1.912,0.25,0.4,15,45,3,2,2,1,2,0.17576446963881692,1.6768843459554577,0.3204631234605448,27.8829650401085,0.253451881192237,0.027130817507247065,0.053569275434600244,0.09666838675828097,0.0006915498106052978,0.036248382119318245,0.007284870414967397,0.030924800925861935,0.023048281521032592,0.0035247524909367872,0.0024121495866961484,0.0038220273206212543
1102,59,0.155,0.204,1.456,1.912,0.25,0.4,75,105,3,2,2,5,2,0.17576446963881692,1.6768843459554577,0.3204631234605448,89.12085982507726,0.06391231382902927,0.014165918665204327,0.010441903940506855,0.02282050313995322,0.0026017144459210815,0.005340871279833139,0.006061313142278346,0.0027224621556429527,0.0053494912493798384,0.0013688940597245181,0.00011364901356721672,0.0009854745009669004
1103,59,0.155,0.204,1.456,1.912,0.25,0.4,105,120,3,2,2,7,1,0.17576446963881692,1.6768843459554577,0.3204631234605448,112.3845847943194,0.041020467678008606,0.007331864415416328,0.006376224910591658,0.01450063897965848,0.002160498066226741,0.003452692235257327,0.0025008145483337613,0.00203539693525071,0.0036357788218733546,0.0006119704745593017,6.112112123394427e-05,0.0006720169745663484
1104,59,0.155,0.204,1.456,1.912,0.25,0.4,120,135,3,2,2,8,1,0.17576446963881692,1.6768843459554577,0.3204631234605448,127.40198202181827,0.05772301346159844,0.009153659607354378,0.010646863907744913,0.021194632917336115,0.001739590447820469,0.004272229916671307,0.00684579151183422,0.0013612136003451412,0.006505470423789106,0.0009556137359108621,5.4294246875114846e-05,0.0010191557088742055
1105,59,0.155,0.204,1.456,1.912,0.25,0.4,135,150,3,2,2,9,1,0.17576446963881692,1.6768843459554577,0.3204631234605448,142.44335284810032,0.056721408299120965,0.007842218913983534,0.009293283886169915,0.02026493232217538,0.0011738426532193413,0.005698966215857313,0.002112808345735878,0.0050427474560728975,0.004598532776323831,0.0010135954689175339,5.777556294601053e-05,0.00121212135468357
1106,59,0.155,0.204,1.456,1.912,0.25,0.4,150,165,3,2,2,10,1,0.17576446963881692,1.6768843459554577,0.3204631234605448,157.46659638793463,0.03814208007149042,0.006652147404612164,0.011066042984021052,0.016404313173587117,0.0010051274023875126,0.005531659683695186,0.008643133795310707,0.0036143411169548396,0.0015437057604995863,0.0005939837316312458,3.440657039995352e-05,0.0008351744635706629
1107,59,0.155,0.204,1.456,1.912,0.25,0.4,165,180,3,2,2,11,1,0.17576446963881692,1.6768843459554577,0.3204631234605448,172.4845108062213,0.0550312527786883,0.00912799054665514,0.012662241926110053,0.02157767087914022,0.0010589600107734339,0.007415152463526043,0.0014242468463686677,0.009004303371305918,0.004419646579398707,0.0008814711899851969,0.0001083940381926399,0.0012598627166849168
1108,59,0.155,0.204,1.456,1.912,0.25,0.4,180,195,3,2,2,12,1,0.17576446963881692,1.6768843459554577,0.3204631234605448,187.47767094244375,0.047996823721039604,0.009506419989964628,0.015613688117369212,0.02181736346631367,0.001261123382651707,0.007493164225602928,0.005986125721099018,0.011479973718842872,0.004145945799046293,0.0009041112871951009,2.7359698773304482e-05,0.0011121825504809162
1109,59,0.155,0.204,1.456,1.912,0.25,0.4,195,210,3,2,2,13,1,0.17576446963881692,1.6768843459554577,0.3204631234605448,202.5287746557075,0.056829593903034076,0.009339122854275475,0.021189820536794128,0.027830722671243025,0.0009430238697468302,0.006897872769363962,0.009279780023412123,0.01746354404647256,0.00283361957047623,0.0009802191879872192,2.8200045393495607e-05,0.001191412524739137
1110,59,0.155,0.204,1.456,1.912,0.25,0.4,210,240,3,2,2,14,2,0.17576446963881692,1.6768843459554577,0.3204631234605448,225.29796106148737,0.02292480966155648,0.006505258658325163,0.007424654193500447,0.010397118634507978,0.0018661730229499068,0.001491826417439834,0.004457033611040356,0.005168091605279962,0.001625000627697628,0.00036486336852464233,8.330374871982095e-05,0.0004498839752426158
1113,59,0.155,0.204,1.456,1.912,0.25,0.4,270,315,3,2,2,18,3,0.17576446963881692,1.6768843459554577,0.3204631234605448,295.78965097752837,0.11732506944722074,0.037386450357439385,0.02132029585077836,0.0429193449001006,0.004009404564023994,0.0064978399121892,0.013813746670812057,0.008377031611394392,0.011469782459160383,0.0032436385106632483,0.00011542097993142323,0.0019255132609582964
1114,59,0.155,0.204,1.456,1.912,0.25,0.4,315,345,3,2,2,21,2,0.17576446963881692,1.6768843459554577,0.3204631234605448,332.0744866983096,0.26385775810400663,0.028444804129409956,0.04084092604185245,0.09319709177216122,0.00020241443219509294,0.028938482468163083,0.014796635654087653,0.013394917512917834,0.020526555802678443,0.0030537274997918308,0.0027049412179069423,0.0032864518580615846
1115,59,0.155,0.204,1.456,1.912,0.25,0.4,345,360,3,2,2,23,1,0.17576446963881692,1.6768843459554577,0.3204631234605448,352.7299763438347,0.4204239920316812,0.035210111504443906,0.1207514353265393,0.17999379280531463,0.0005042545810626636,0.01365241018320603,0.0023635856526805,0.11671808386335053,0.027298391182334337,0.0034706802724885307,0.0022781098087304263,0.0045129544550041555
1116,60,0.155,0.204,1.456,1.912,0.4,0.6,0,15,3,2,3,0,1,0.17525927646588438,1.6732023082744483,0.4985222424304478,6.8705647426490115,0.5200064246614847,0.04532282273469805,0.0622624927509996,0.17644640262402506,0.00034541714044946964,0.025783075252009045,0.006602281206233014,0.026655237015978363,0.049394768237243196,0.002144737073540117,0.0010612061331105778,0.004218627075420367
1117,60,0.155,0.204,1.456,1.912,0.4,0.6,15,45,3,2,3,1,2,0.17525927646588438,1.6732023082744483,0.4985222424304478,26.617752519276333,0.21611304061061845,0.020676328182535238,0.034659700495865815,0.07687063965992261,0.0001576237157008735,0.017468950165988855,0.00276947109679531,0.01731510573121003,0.024116096092256446,0.0025001942476737538,0.000329667857504539,0.002652701633364329
1122,60,0.155,0.204,1.456,1.912,0.4,0.6,120,135,3,2,3,8,1,0.17525927646588438,1.6732023082744483,0.4985222424304478,127.39517780663064,0.03474822826291515,0.0066161287621977405,0.006708842076984643,0.012911901741667106,0.0007111379569252324,0.0032907900053266905,0.004479592737446118,0.002573873165101863,0.0025308376452324415,0.00042012889492593867,8.192730610361421e-05,0.0007594949710462927
1123,60,0.155,0.204,1.456,1.912,0.4,0.6,135,150,3,2,3,9,1,0.17525927646588438,1.6732023082744483,0.4985222424304478,142.4335842816817,0.025369080178261352,0.005403451936783867,0.0072523568706102425,0.010838353766745657,0.0005933793096833803,0.0034019074645991083,0.005508227931880626,0.0013330677226606727,0.0028484892176199707,0.0003395221675223635,7.019207263281657e-05,0.0006633788134884051
1124,60,0.155,0.204,1.456,1.912,0.4,0.6,150,165,3,2,3,10,1,0.17525927646588438,1.6732023082744483,0.4985222424304478,157.48271015710756,0.02509186884966463,0.005379018072694424,0.008461755557757902,0.011621726565879956,0.0004943370635719004,0.004388750792800165,0.00010521954594535632,0.006903845957944276,0.0019717859358813856,0.00041186866820756146,6.854314459974002e-05,0.0007305508364991896
1125,60,0.155,0.204,1.456,1.912,0.4,0.6,165,180,3,2,3,11,1,0.17525927646588438,1.6732023082744483,0.4985222424304478,172.52049895508748,0.025375851793004053,0.005737567865519059,0.009245823425398043,0.012263487271865065,0.0004360425958707731,0.004510566871535564,0.000497218553175302,0.007784768173725867,0.0018604853629562838,0.0004613829083282711,4.5023520356539364e-05,0.0007991599161493674
1126,60,0.155,0.204,1.456,1.912,0.4,0.6,180,195,3,2,3,12,1,0.17525927646588438,1.6732023082744483,0.4985222424304478,187.48036643524026,0.02247297738144881,0.0061992568519435905,0.005731617149785912,0.009151962301855648,0.0006759308290131402,0.0029202085230615508,0.00022952958017349845,0.004171488847512478,0.0024345108287873404,0.00037520709083323776,3.5581187448936165e-05,0.0006972007167020365
1127,60,0.155,0.204,1.456,1.912,0.4,0.6,195,225,3,2,3,13,2,0.17525927646588438,1.6732023082744483,0.4985222424304478,210.13560567698138,0.020650200676804623,0.004446674507099611,0.004757832011108457,0.008100663531578185,0.0007210254157492863,0.0031669309097608835,0.0011178251073415445,0.002543921748077515,0.0020085605850045547,0.00030289193903396984,0.00014057445677985968,0.0005764112715711553
1130,60,0.155,0.204,1.456,1.912,0.4,0.6,255,285,3,2,3,17,2,0.17525927646588438,1.6732023082744483,0.4985222424304478,270.88496082597686,0.044066285654212216,0.00728728885559219,0.006761634782502752,0.015538820032429863,0.0009503626197541839,0.0036775410985312525,0.002229110674536338,0.0027073464851055905,0.004325861233199672,0.0008250180398802228,0.00027827163845743164,0.000529596537841138
1131,60,0.155,0.204,1.456,1.912,0.4,0.6,285,300,3,2,3,19,1,0.17525927646588438,1.6732023082744483,0.4985222424304478,292.89683291321086,0.052557906182568594,0.009253763784941822,0.010239731838074728,0.01957785687820755,0.0010818693772970554,0.003356699043054815,0.007945426548732211,0.000864240260723156,0.005245431752083738,0.001555027786421324,4.233462831116419e-05,0.0010114196780670517
1132,60,0.155,0.204,1.456,1.912,0.4,0.6,300,315,3,2,3,20,1,0.17525927646588438,1.6732023082744483,0.4985222424304478,308.0224833075477,0.07076950115937446,0.013545525829793986,0.01654700434653201,0.02790406926493578,0.000980224338751991,0.003953637281465737,0.013284108513761533,0.005589512617065448,0.006836797890111712,0.001324309646939108,0.00011119317632050173,0.0016611049468682351
1133,60,0.155,0.204,1.456,1.912,0.4,0.6,315,330,3,2,3,21,1,0.17525927646588438,1.6732023082744483,0.4985222424304478,323.22052649767124,0.11051272871042274,0.021452751477405257,0.028878096806416478,0.04544236643236823,0.00081457155561319,0.008027703216128508,0.0001258216948833386,0.025570863324802545,0.010514255189179403,0.0013737301669380078,0.0003354889382978508,0.0020982099412322984
1134,60,0.155,0.204,1.456,1.912,0.4,0.6,330,345,3,2,3,22,1,0.17525927646588438,1.6732023082744483,0.4985222424304478,338.4169848557333,0.2903055073485038,0.02492668882415375,0.02738696984560253,0.0961514945358752,0.00020747958907490523,0.013620956110786342,0.003431701841844406,0.018190578710009897,0.014796170980647944,0.0024557495854938983,0.001330784100432049,0.0016947616785670477
1135,60,0.155,0.204,1.456,1.912,0.4,0.6,345,360,3,2,3,23,1,0.17525927646588438,1.6732023082744483,0.4985222424304478,353.15442539810607,0.5153320678721827,0.035070052315619084,0.06703159125913948,0.17681099632789216,0.0003721721047681041,0.037380114436822494,0.01120316063158156,0.034869343535799006,0.04158489874655537,0.0026882579519672063,0.0009393537992610759,0.005013684157481416
1136,61,0.155,0.204,1.456,1.912,0.6,0.8,0,15,3,2,4,0,1,0.1726120316638788,1.668385919503199,0.7127590581095111,5.286431925089163,1.242848323082654,0.19823871362799214,0.24648723431646194,0.4652497164439261,0.0010084058279771436,0.10577205306193312,0.11309981249989681,0.12993449093070655,0.14056951165355475,0.0035615968315257877,0.017334582220446208,0.01152759568494527
1137,61,0.155,0.204,1.456,1.912,0.6,0.8,15,30,3,2,4,1,1,0.1726120316638788,1.668385919503199,0.7127590581095111,21.052670070660596,0.2811141979095175,0.03579734329020724,0.04715511736364367,0.10094187970349652,0.0003493280303055881,0.010086567212209475,0.0006718124787109366,0.034285574371338716,0.03066285383800213,0.0012971866659602415,0.001311591213247695,0.0023625574934803594
1139,61,0.155,0.204,1.456,1.912,0.6,0.8,45,60,3,2,4,3,1,0.1726120316638788,1.668385919503199,0.7127590581095111,51.87993856919624,0.028684842929905592,0.00859219980770927,0.009164735405025215,0.01292020917407178,0.0007862118884838411,0.0006441829752221901,0.007114160466537418,0.004508555360792686,0.003359278449958938,0.0010617948979646879,0.00023026277764514425,0.0008580046128246631
1142,61,0.155,0.204,1.456,1.912,0.6,0.8,105,150,3,2,4,7,3,0.1726120316638788,1.668385919503199,0.7127590581095111,126.88079656307697,0.013138489584796357,0.003457742286432499,0.004927373435565842,0.006455921154943744,0.00043291702979845125,0.0013630205759529593,0.0005219046315914658,0.00456147147557836,0.00099032814405922,0.0001782571310176125,7.716429266505333e-05,0.0004166658474747526
1146,61,0.155,0.204,1.456,1.912,0.6,0.8,240,270,3,2,4,16,2,0.1726120316638788,1.668385919503199,0.7127590581095111,255.4783078705464,0.020751620078989647,0.005043122820913698,0.004093329419596162,0.007756441166391858,0.000576402622420522,0.0023171985587521035,0.0015159851027656903,0.0024764699214872093,0.0015666714023550936,0.00020861658717955586,2.2837931790363043e-05,0.0004100282999010321
1147,61,0.155,0.204,1.456,1.912,0.6,0.8,270,285,3,2,4,18,1,0.1726120316638788,1.668385919503199,0.7127590581095111,277.7375149268761,0.028891392309296365,0.0053744055407456,0.007695320931241359,0.011973142005233965,0.0006564970374889871,0.004078433864793932,0.0017699350335658695,0.00485098857372625,0.003927509602115826,0.0005384139661022045,0.0004080645459714093,0.00025151788185557086
1148,61,0.155,0.204,1.456,1.912,0.6,0.8,285,300,3,2,4,19,1,0.1726120316638788,1.668385919503199,0.7127590581095111,292.87368217102687,0.026840395572145813,0.005173913311841877,0.003642923049036911,0.00926753231646196,0.0007073835284303698,0.0026313317614320834,0.00045302029152967,0.0013733071771078655,0.0018546886501623469,0.0007663331833344268,0.00024136819869383344,0.0005617117320422309
1149,61,0.155,0.204,1.456,1.912,0.6,0.8,300,315,3,2,4,20,1,0.1726120316638788,1.668385919503199,0.7127590581095111,308.1059218120416,0.04076838102382893,0.0081817778278704,0.01039253857325483,0.016599363961228283,0.0006817598752939612,0.004774941291986063,0.003061255819714144,0.007657636675251812,0.0038888907035852256,0.001584640710838589,0.00028271709639130985,0.0012672172579270826
1150,61,0.155,0.204,1.456,1.912,0.6,0.8,315,330,3,2,4,21,1,0.1726120316638788,1.668385919503199,0.7127590581095111,323.4910623178081,0.06685499851017332,0.01238698188405238,0.024239504320720417,0.03221930665417611,0.0006176828994047662,0.007131738773815283,0.01008174422640977,0.01779196112520168,0.010747906069455769,0.0009428764640948026,0.0004128551182729983,0.0016116474201225094
1151,61,0.155,0.204,1.456,1.912,0.6,0.8,330,345,3,2,4,22,1,0.1726120316638788,1.668385919503199,0.7127590581095111,338.95427400879305,0.21488269409300315,0.02066474983158232,0.03283399309158874,0.07571274940439267,0.00021793803481046358,0.015751801605820834,0.0030266069955371447,0.023731325880117688,0.01593913126192354,0.00148617841614247,0.0004864015123564606,0.0018741046405508404
1152,61,0.155,0.204,1.456,1.912,0.6,0.8,345,360,3,2,4,23,1,0.1726120316638788,1.668385919503199,0.7127590581095111,354.66763231136855,1.3504011108584835,0.1783348235081136,0.2710388939126822,0.5072251830022876,0.000952717003425934,0.09744843595825992,0.07507822451053103,0.13355706276129303,0.20008785886404998,0.013741089943761735,0.020888218548660378,0.021344708925933438
1154,62,0.155,0.204,1.456,1.912,0.8,1.0,30,60,3,2,5,2,2,0.17154185109509532,1.6553223316135512,0.9069308513919275,41.566479199603734,0.024903507896194547,0.004778000251244585,0.006251474255967486,0.010079430038488714,0.0004841989534696341,0.0013906577414957756,0.0017060030260527418,0.005027307418847871,0.002817099735443897,0.0008861706760105692,7.585223464439036e-05,0.0008900762127812233
1161,62,0.155,0.204,1.456,1.912,0.8,1.0,240,285,3,2,5,16,3,0.17154185109509532,1.6553223316135512,0.9069308513919275,263.80566049497395,0.00536956086339802,0.0019724566122359217,0.001809108425938907,0.00248578513418194,0.00042765240168985433,0.000821525975577186,0.000765691411553825,0.001223559893390173,0.0005712471634723631,4.726541222222864e-05,6.718295008414204e-05,7.332338895960375e-05
1163,62,0.155,0.204,1.456,1.912,0.8,1.0,300,330,3,2,5,20,2,0.17154185109509532,1.6553223316135512,0.9069308513919275,318.43572849144465,0.03230839092250467,0.008299730026121816,0.007275870209944707,0.012575988639634359,0.0006155029342252443,0.0029512681898857403,0.004859926383793883,0.0026462190265120747,0.0034531873368784465,0.0006449236147260634,5.262433788219389e-05,0.0011417517880614064
1165,63,0.155,0.204,1.912,2.51,0.11,0.15,0,15,3,3,0,0,1,0.17412023337179527,2.2265910348665785,0.12910827079122988,7.4175454495559645,0.8821862387158894,0.07512026316678501,0.09357770368259678,0.29530296824137053,0.0003494054557269299,0.037567583835289624,0.0454598178994812,0.027109170285960472,0.06500810287313855,0.020022365030417794,0.002175432011118894,0.01782654175386027
1166,63,0.155,0.204,1.912,2.51,0.11,0.15,15,30,3,3,0,1,1,0.17412023337179527,2.2265910348665785,0.12910827079122988,22.29906556569399,0.7851256295332668,0.06948123218115321,0.09425380625539789,0.2664929798269162,0.00019881943228108466,0.05003701746394998,0.05782038299546512,0.02623304308955482,0.046240470418280874,0.015928507119890585,0.0014260299422272555,0.014508170242700303
1167,63,0.155,0.204,1.912,2.51,0.11,0.15,30,45,3,3,0,2,1,0.17412023337179527,2.2265910348665785,0.12910827079122988,37.23784727076608,0.5138493293591313,0.057559816527852595,0.056879375801336715,0.1727725026272745,0.0006382175914296035,0.0053305572922780165,0.03902005131623508,0.02976978353869785,0.026187997352679213,0.010285380068734392,0.0008094266012845369,0.010574762730337812
1168,63,0.155,0.204,1.912,2.51,0.11,0.15,45,60,3,3,0,3,1,0.17412023337179527,2.2265910348665785,0.12910827079122988,52.20751580748459,0.45109114384068105,0.07564505640277194,0.05178739485897663,0.15229193432271293,0.0007399869537400673,0.008906708468134442,0.02308283805783195,0.03171444343377529,0.03126760418875651,0.009304235299497565,0.0006984156294074077,0.009261253858336066
1169,63,0.155,0.204,1.912,2.51,0.11,0.15,60,75,3,3,0,4,1,0.17412023337179527,2.2265910348665785,0.12910827079122988,67.2031828178057,0.4030698852981099,0.06835143926872227,0.050437359216022964,0.13755095555743793,0.0009792990437429048,0.01003695543659157,0.013645740204654451,0.026433200127165202,0.03819579313410428,0.010077914752349098,0.0011896348362420445,0.009919112651540905
1170,63,0.155,0.204,1.912,2.51,0.11,0.15,75,90,3,3,0,5,1,0.17412023337179527,2.2265910348665785,0.12910827079122988,82.22926630122014,0.2529641494562341,0.04630535232115214,0.04505879586887115,0.09208967344010702,0.0010128970874702466,0.010433536361181037,0.02561518832681954,0.020938124930292346,0.028097570978798843,0.006085885443847476,0.000542194977416396,0.006032743995820276
1171,63,0.155,0.204,1.912,2.51,0.11,0.15,90,105,3,3,0,6,1,0.17412023337179527,2.2265910348665785,0.12910827079122988,97.2754299014496,0.11965513954522215,0.027642961975541374,0.009729142891533205,0.03921518326395029,0.0010574925489642074,0.0019263200110706826,0.004476170268154831,0.0049373895610540924,0.006003877966233036,0.0030008432700159167,0.0006562453058624626,0.0030605155688490037
1172,63,0.155,0.204,1.912,2.51,0.11,0.15,105,135,3,3,0,7,2,0.17412023337179527,2.2265910348665785,0.12910827079122988,119.27988998778162,0.13434808104218202,0.023681090759407535,0.018976197567224427,0.0466846623281854,0.0005824177082407782,0.003278912753317699,0.003201709775739213,0.016717223461785405,0.006885577601048504,0.0034893665692506378,0.0014702573063557693,0.0034464344212822317
1173,63,0.155,0.204,1.912,2.51,0.11,0.15,135,165,3,3,0,9,2,0.17412023337179527,2.2265910348665785,0.12910827079122988,149.64739242703547,0.06366734873226916,0.0150948721709006,0.01642133986504999,0.0260432751842306,0.00048028093390962696,0.0001157774458574934,0.006766537740116518,0.014244500366662746,0.004220608640536842,0.0016484991472589926,0.0005779001857077672,0.0017061558516686633
1174,63,0.155,0.204,1.912,2.51,0.11,0.15,165,225,3,3,0,11,4,0.17412023337179527,2.2265910348665785,0.12910827079122988,195.7114678144658,0.05512196085241461,0.01647539243798925,0.015279830871969298,0.023232389097305205,0.0003212856261782726,0.0011432901423180093,0.013727999597501659,0.006357011014994839,0.0009799153690761091,0.0014601154024278206,0.00018271790609933992,0.0014943555629611295
1179,63,0.155,0.204,1.912,2.51,0.11,0.15,285,315,3,3,0,19,2,0.17412023337179527,2.2265910348665785,0.12910827079122988,301.2012531650473,0.5579992148875023,0.12116753831230777,0.055751585005819275,0.18572377717245175,0.00017147165148283263,0.009631086456855646,0.025571319443677767,0.029716510995154936,0.03639208706065415,0.011638017488991237,0.0020144773660862314,0.012413887277899464
1180,63,0.155,0.204,1.912,2.51,0.11,0.15,315,330,3,3,0,21,1,0.17412023337179527,2.2265910348665785,0.12910827079122988,322.7428743186146,0.5977289138720301,0.08073680208729099,0.06684815317006085,0.20120168218840614,0.00013198928990655254,0.011845020490606926,0.0029744629928251387,0.055312807180225874,0.033034778000622676,0.013506775414221314,0.0005383670254378673,0.012988572856530866
1181,63,0.155,0.204,1.912,2.51,0.11,0.15,330,345,3,3,0,22,1,0.17412023337179527,2.2265910348665785,0.12910827079122988,337.68439915337376,0.6372407885923245,0.07196794581912955,0.05472571940992138,0.20958752116843576,0.00017132787872112208,0.021304842771622284,0.021143738373330962,0.013338036325835334,0.04224594788012762,0.010953048854209358,0.0009051246342091614,0.011458520342882025
1182,63,0.155,0.204,1.912,2.51,0.11,0.15,345,360,3,3,0,23,1,0.17412023337179527,2.2265910348665785,0.12910827079122988,352.56977437165,0.8539929798622583,0.08641252934857412,0.07204164637255547,0.2805407132700414,0.00018561801672301308,0.04272707456043669,0.033612845464043126,0.014602606754500444,0.04257982501351448,0.013275981244550568,0.0011746010678777047,0.014431231933876845
1183,64,0.155,0.204,1.912,2.51,0.15,0.25,0,15,3,3,1,0,1,0.1741117042450645,2.226396291516359,0.19597463575381496,7.364196768422773,0.7040889308675361,0.032793762166215955,0.0650609255391611,0.23281565379851113,0.00016410376213617887,0.03948901646193798,0.018821275869519517,0.0067636390527757275,0.04714535134259774,0.0070390912676234684,0.0012113900257317114,0.0071304480242503545
1184,64,0.155,0.204,1.912,2.51,0.15,0.25,15,30,3,3,1,1,1,0.1741117042450645,2.226396291516359,0.19597463575381496,22.196780228108892,0.6560850298133809,0.02970932490746209,0.05726563499460024,0.21602783218358723,0.00019591993635905214,0.03125626520716261,0.01395082287499685,0.00508769727194591,0.045231487194704406,0.0059816862358865654,0.00035938398473419,0.005996907181841903
1185,64,0.155,0.204,1.912,2.51,0.15,0.25,30,45,3,3,1,2,1,0.1741117042450645,2.226396291516359,0.19597463575381496,37.10533058642446,0.45102748061710624,0.02640408230889575,0.03457646033445594,0.14731137613401468,0.0002083185724315123,0.02422163377214205,0.008516995163553451,0.00228765405659763,0.022340223333175726,0.004493255235708436,0.0011618835573229225,0.005651771736896617
1186,64,0.155,0.204,1.912,2.51,0.15,0.25,45,60,3,3,1,3,1,0.1741117042450645,2.226396291516359,0.19597463575381496,52.117349358745344,0.3063264265819017,0.031236657815369214,0.03622122529689915,0.10378119857177592,0.00024415908944016196,0.028495826224653787,0.00016566055594482946,0.007953814953677944,0.02054855222383793,0.003960527002301926,0.0008285927970900871,0.00379101858201226
1187,64,0.155,0.204,1.912,2.51,0.15,0.25,60,75,3,3,1,4,1,0.1741117042450645,2.226396291516359,0.19597463575381496,67.13680760247298,0.3641108874688205,0.04012305366460076,0.05389608068911318,0.12754758401333496,0.0006550821200202215,0.018000807629740215,0.024296457284079396,0.03944891047098395,0.019962892408817254,0.00555136083918095,0.0013547343604511156,0.005939516689908341
1188,64,0.155,0.204,1.912,2.51,0.15,0.25,75,90,3,3,1,5,1,0.1741117042450645,2.226396291516359,0.19597463575381496,82.23125568217857,0.20932705360430334,0.01947721972902939,0.03118646156297632,0.07341243792322649,0.0007053253601607831,0.005657247027011372,0.013419453055792794,0.018848318537319168,0.01984804328918867,0.0031863101362499513,0.0007164392392248169,0.0032875222615674255
1189,64,0.155,0.204,1.912,2.51,0.15,0.25,90,105,3,3,1,6,1,0.1741117042450645,2.226396291516359,0.19597463575381496,97.22953576533473,0.16883363067461418,0.013991372212711219,0.02541268596085192,0.05932165345268798,0.0008424814187484374,0.00495005043693188,0.014364534475386949,0.013214409637909898,0.015196763875274227,0.003573309832348919,0.0007705801199081675,0.0029478345309512538
1190,64,0.155,0.204,1.912,2.51,0.15,0.25,105,120,3,3,1,7,1,0.1741117042450645,2.226396291516359,0.19597463575381496,112.29606487487843,0.1496597787619702,0.012790017725056483,0.01901470858856339,0.05117870113756873,0.0005995219160988981,0.004552579645440467,0.00014261869409252766,0.012945382201034352,0.012932657244342156,0.0026650998556139436,0.002205619621128187,0.00236998964757805
1191,64,0.155,0.204,1.912,2.51,0.15,0.25,120,135,3,3,1,8,1,0.1741117042450645,2.226396291516359,0.19597463575381496,127.38070102392882,0.13093464658815404,0.01048727948572692,0.02239261058179389,0.047217736323631104,0.00043993038899644855,0.004730718698224003,0.007664829757346052,0.018673576533059472,0.008112939937574278,0.002618177706465335,0.001506187584490071,0.0023630277914498546
1192,64,0.155,0.204,1.912,2.51,0.15,0.25,135,150,3,3,1,9,1,0.1741117042450645,2.226396291516359,0.19597463575381496,142.37550203998694,0.09827907726624541,0.007542897313390883,0.014926254226447135,0.03458883983520261,0.0003455290670648707,0.0025582513826989573,0.005832849514488679,0.011780465997192142,0.006310283093685079,0.001956739654158015,0.0012989597800086854,0.001872922707199705
1193,64,0.155,0.204,1.912,2.51,0.15,0.25,150,165,3,3,1,10,1,0.1741117042450645,2.226396291516359,0.19597463575381496,157.4129823685101,0.09204256920925388,0.007676842929456706,0.01053598666815038,0.031063792611064105,0.0002862291303433629,0.0026263442110416955,0.003484589664965975,0.005414192198602521,0.007708363217153332,0.0020183946583679406,0.0010994132077174461,0.001775583920110417
1194,64,0.155,0.204,1.912,2.51,0.15,0.25,165,180,3,3,1,11,1,0.1741117042450645,2.226396291516359,0.19597463575381496,172.45522853210232,0.08900964739089146,0.01006561988497245,0.012151652555960603,0.030761410991206807,0.0002818876359205121,0.0022985390521696797,0.00010700753947431452,0.01012903751132228,0.006078407417724242,0.0016672276232942138,0.0011314382615576837,0.0016565111445524775
1195,64,0.155,0.204,1.912,2.51,0.15,0.25,180,195,3,3,1,12,1,0.1741117042450645,2.226396291516359,0.19597463575381496,187.5050107632022,0.1012529860896239,0.01224028290985518,0.01685669800541985,0.03629815643905249,0.00033186507503813633,0.00361094594141191,0.007086085558239053,0.013299404819128845,0.0063670559003860955,0.0018835769876995,0.0012801101850160072,0.0018365796213895538
1196,64,0.155,0.204,1.912,2.51,0.15,0.25,195,210,3,3,1,13,1,0.1741117042450645,2.226396291516359,0.19597463575381496,202.54290749192285,0.09558909938276627,0.012096692745421387,0.010534513568286247,0.03212481871612184,0.00027934628018830537,0.0024872177110856412,0.001832115990211675,0.00872413650157823,0.004711357408384177,0.00135068475286534,0.0011547482695182286,0.001745736092460274
1197,64,0.155,0.204,1.912,2.51,0.15,0.25,210,225,3,3,1,14,1,0.1741117042450645,2.226396291516359,0.19597463575381496,217.593212484625,0.10087202248366783,0.015413535605919942,0.015232749013804019,0.03546382362391561,0.00032789938143278573,0.0020423255381499333,0.0030101109388402463,0.009279512654574704,0.011372229527019868,0.0018583697938371413,0.001219392425965092,0.0018056310596751691
1198,64,0.155,0.204,1.912,2.51,0.15,0.25,225,255,3,3,1,15,2,0.1741117042450645,2.226396291516359,0.19597463575381496,240.70678836563326,0.08806123885994413,0.022485305744682226,0.016914677856374776,0.032676908420873355,0.000682247332080775,0.00769006419097503,0.009474305533821725,0.008817792885904287,0.00749372311651301,0.0020456259668673897,0.0012239149585851546,0.0016828414742977615
1200,64,0.155,0.204,1.912,2.51,0.15,0.25,270,300,3,3,1,18,2,0.1741117042450645,2.226396291516359,0.19597463575381496,286.3236336851091,0.2718015944128159,0.07900445529195106,0.07653580929769094,0.1153445515417948,7.798541917221062e-05,0.012934030538558721,0.0394132621503179,0.05793552898987678,0.027634956355829462,0.004143073199205971,0.001088733422895121,0.004100403845892296
1201,64,0.155,0.204,1.912,2.51,0.15,0.25,300,315,3,3,1,20,1,0.1741117042450645,2.226396291516359,0.19597463575381496,307.84363996899697,0.31492773051745077,0.033928296117758494,0.02524555767968521,0.10312384376537227,7.29408669400631e-05,0.012378508761644445,0.001222455453367197,0.013465892188829147,0.016809874042888674,0.004035089304974654,0.0004733758944943349,0.004325374886841065
1202,64,0.155,0.204,1.912,2.51,0.15,0.25,315,330,3,3,1,21,1,0.1741117042450645,2.226396291516359,0.19597463575381496,322.91508849500826,0.4778439881308024,0.02936279819306362,0.032696371281719636,0.15519334106506635,0.00010345914819845028,0.01119047123778055,0.006003676564217594,0.01771314859000915,0.023572764039363977,0.005689691040157324,0.000566007714949673,0.006191960510057416
1203,64,0.155,0.204,1.912,2.51,0.15,0.25,330,345,3,3,1,22,1,0.1741117042450645,2.226396291516359,0.19597463575381496,337.79312365167993,0.6393276644011003,0.03184018019904514,0.051187022498870596,0.20933386827523395,0.00014943592033134215,0.02419480126764154,0.0017895656777173023,0.006152518946826335,0.04435697472507711,0.005215771663524658,0.0003828011014326688,0.005109138024939386
1204,64,0.155,0.204,1.912,2.51,0.15,0.25,345,360,3,3,1,23,1,0.1741117042450645,2.226396291516359,0.19597463575381496,352.6042946023535,0.7222706693123472,0.035019388192783926,0.05920106587495291,0.23683129182237067,0.0001527251574254891,0.03176309849836668,0.014128744697719462,0.029669842030709884,0.03687296828412105,0.007444069845615239,0.00041076902087350167,0.007504112645573019
1205,65,0.155,0.204,1.912,2.51,0.25,0.4,0,15,3,3,2,0,1,0.17370289759141713,2.2282920983579393,0.32015530340825415,7.217417443785661,0.5802857766323262,0.026274648164978875,0.04695875001410822,0.19012448787987593,0.00015001118007552502,0.027116485515098324,0.018189466365370884,0.009949381617613419,0.03218995934443972,0.0031131664034948522,0.0024733992741652095,0.001938439840768809
1206,65,0.155,0.204,1.912,2.51,0.25,0.4,15,30,3,3,2,1,1,0.17370289759141713,2.2282920983579393,0.32015530340825415,21.944745880948798,0.43989894315986006,0.018164236054733496,0.044658964282244445,0.1466292626245556,0.00012590285479723045,0.029403750292628383,0.013535443071384243,0.009185417540354002,0.029282029874386852,0.001578719294813954,0.0009707990137555514,0.0021930161579169706
1207,65,0.155,0.204,1.912,2.51,0.25,0.4,30,45,3,3,2,2,1,0.17370289759141713,2.2282920983579393,0.32015530340825415,36.935574714182515,0.2768946256053734,0.014633781646113408,0.030465949260222537,0.09304028680866724,8.43245126288373e-05,0.0209039176418489,0.011482255040645704,0.0025565080706014855,0.018686444938936973,0.0020912763869551506,0.0007323261780544256,0.0019057917347954335
1208,65,0.155,0.204,1.912,2.51,0.25,0.4,45,60,3,3,2,3,1,0.17370289759141713,2.2282920983579393,0.32015530340825415,51.98915451984738,0.14740973332996604,0.01670321230566332,0.014603329499234634,0.04902633478621823,6.196318721148946e-05,0.011405613103554379,0.0014667531091301677,0.00556654786620231,0.0070180800148199746,0.0009383571335948258,0.0006252887888060716,0.0008798385274558001
1209,65,0.155,0.204,1.912,2.51,0.25,0.4,60,75,3,3,2,4,1,0.17370289759141713,2.2282920983579393,0.32015530340825415,67.08158482723992,0.12311955727254446,0.03525508189599653,0.02958300535489968,0.049021504171689836,0.000500185562414086,0.008999214252770197,0.022420245074716606,0.015321734639787688,0.007396581607438209,0.0023971941197880146,0.0005627043145450991,0.0013363390310830907
1210,65,0.155,0.204,1.912,2.51,0.25,0.4,75,90,3,3,2,5,1,0.17370289759141713,2.2282920983579393,0.32015530340825415,82.15495107043266,0.06580858998675886,0.013801819978924669,0.017208677375802586,0.027067984489950455,0.0004888455778208025,0.0021265746067387504,0.00037775716083396214,0.01599413865569269,0.005890366057658863,0.0010145032204425864,0.0006113563876082149,0.0008518822478339864
1211,65,0.155,0.204,1.912,2.51,0.25,0.4,90,105,3,3,2,6,1,0.17370289759141713,2.2282920983579393,0.32015530340825415,97.24073308427874,0.06850880425833948,0.007784452052046322,0.006048196062450155,0.02257601010917036,0.00046719205947393143,0.0024689740552876634,0.0031428922319029196,0.0006420901450237443,0.004429498417836498,0.0010630523464622633,0.0005013712551779885,0.0005967132765492123
1212,65,0.155,0.204,1.912,2.51,0.25,0.4,105,120,3,3,2,7,1,0.17370289759141713,2.2282920983579393,0.32015530340825415,112.30959775299486,0.057766384741244375,0.005591808961732908,0.004162836976109631,0.01880667060906872,0.0004008170751537524,0.0006983349605286959,0.0021857836850875455,0.00127624088492664,0.003186183130693541,0.00035002548761597034,0.0003684061128033296,0.00035025931560037305
1213,65,0.155,0.204,1.912,2.51,0.25,0.4,120,135,3,3,2,8,1,0.17370289759141713,2.2282920983579393,0.32015530340825415,127.3432114438146,0.04945447096173179,0.004610107760849122,0.006441883357190641,0.016971340773185007,0.00034076388167021254,0.00202782017655838,0.0009341418358764246,0.004192107208647555,0.00432057599397116,0.00024403180306839775,0.0003195776201811001,0.0003948743574002893
1214,65,0.155,0.204,1.912,2.51,0.25,0.4,135,150,3,3,2,9,1,0.17370289759141713,2.2282920983579393,0.32015530340825415,142.40512656531783,0.046712604522045766,0.003436114409911341,0.0048764247940212575,0.015611843814956417,0.0002669954226059754,0.002095713569001643,0.0002288961723209797,0.0027026180511370446,0.0034242841314856597,0.00042534180502724466,0.0003856367607352166,0.0004836912771341176
1215,65,0.155,0.204,1.912,2.51,0.25,0.4,150,165,3,3,2,10,1,0.17370289759141713,2.2282920983579393,0.32015530340825415,157.44756431285415,0.037515877798950284,0.003022889004485376,0.004394429979831548,0.012695653853012863,0.00019512120458663618,0.0020074884888798094,0.002405750292346968,0.002164526289439764,0.0021367918727952574,0.00032358251949842924,0.0003061026722059498,0.0004519341718998093
1216,65,0.155,0.204,1.912,2.51,0.25,0.4,165,180,3,3,2,11,1,0.17370289759141713,2.2282920983579393,0.32015530340825415,172.4570737635711,0.03599019599822021,0.003456166358396771,0.004642631598702231,0.012333626805350367,0.00020606363547181784,0.0016757113243336952,0.0007919899047474513,0.003368167803921111,0.0025520808182074627,0.0002360505612763628,0.0003101430426253733,0.0004675880982759033
1217,65,0.155,0.204,1.912,2.51,0.25,0.4,180,195,3,3,2,12,1,0.17370289759141713,2.2282920983579393,0.32015530340825415,187.5294839112989,0.04936323316898252,0.005383649442757647,0.008431549007216642,0.017796369594698054,0.00019590504091921522,0.00291370777558271,0.0008125325398431486,0.007419587895803938,0.0025378869010582897,0.0003919245587440158,0.00040226392691419517,0.0006415475665293406
1218,65,0.155,0.204,1.912,2.51,0.25,0.4,195,210,3,3,2,13,1,0.17370289759141713,2.2282920983579393,0.32015530340825415,202.53985186803337,0.043741849134733626,0.00491442097171682,0.0049221238997106224,0.01473400654945613,0.00024953237025926407,0.0018442150309985368,0.0018607553319523631,0.002992605425571459,0.00284365253672359,0.00033251703854947346,0.00036127568367919316,0.0005093631431218506
1219,65,0.155,0.204,1.912,2.51,0.25,0.4,210,225,3,3,2,14,1,0.17370289759141713,2.2282920983579393,0.32015530340825415,217.59578387182205,0.043579259813436334,0.006217496362154844,0.006241232073518551,0.015178456172038135,0.00028783128992678376,0.0017376060282518907,0.003910206473666608,0.003264685173770842,0.003113376787950198,0.0001890823772467298,0.0003746158263437821,0.00045810180129303966
1220,65,0.155,0.204,1.912,2.51,0.25,0.4,225,255,3,3,2,15,2,0.17370289759141713,2.2282920983579393,0.32015530340825415,240.67747211700606,0.03971719044128254,0.009203961989158302,0.007501034901107702,0.014672129553575807,0.0003043978235389467,0.0009550296905919608,0.0019003886612725882,0.006977873702075389,0.0016903993717311953,0.0003950068303145419,0.0002766328692717256,0.0003180194031666482
1221,65,0.155,0.204,1.912,2.51,0.25,0.4,255,270,3,3,2,17,1,0.17370289759141713,2.2282920983579393,0.32015530340825415,262.72077045505705,0.06241284222027263,0.01304889102182391,0.007951576057875538,0.021351255871280592,0.00040507316290030565,0.006318909457340298,0.004073904342076466,0.0017989405995227456,0.0016660579499179879,0.0010881384704951003,0.0004855627130378324,0.0007254156362576575
1222,65,0.155,0.204,1.912,2.51,0.25,0.4,270,285,3,3,2,18,1,0.17370289759141713,2.2282920983579393,0.32015530340825415,277.81806609202886,0.05976972481083392,0.010481817783647991,0.005513932086635575,0.01976106535242665,0.000337977775955518,0.003048358232062042,0.001066838880949746,0.0010713995219805072,0.004302995804188754,0.0007518594235854035,0.0005298252942236286,0.0004414919518370485
1223,65,0.155,0.204,1.912,2.51,0.25,0.4,285,300,3,3,2,19,1,0.17370289759141713,2.2282920983579393,0.32015530340825415,292.89799648130855,0.11856528344127343,0.023206566754778876,0.02244829787926873,0.043828420267209144,0.0003351379562069394,0.011878042774229488,0.00464543715984741,0.014829165126890908,0.01093664409600925,0.002320552576377984,0.0004997200963658172,0.0012772827528791612
1224,65,0.155,0.204,1.912,2.51,0.25,0.4,300,315,3,3,2,20,1,0.17370289759141713,2.2282920983579393,0.32015530340825415,308.0076391056498,0.15604605174426048,0.017176151116055888,0.013995571167939798,0.05148172738112733,0.0001356773056154389,0.004913444087924131,0.007748605391573174,0.006742910078989553,0.008015108625439934,0.0009834460631494653,0.0005312068511354042,0.0014021351772189278
1225,65,0.155,0.204,1.912,2.51,0.25,0.4,315,330,3,3,2,21,1,0.17370289759141713,2.2282920983579393,0.32015530340825415,323.06484059767854,0.2756367414945237,0.014646195592195621,0.028405914886788394,0.09200630175403789,8.003272823499413e-05,0.019711876434503714,0.004065565327195167,0.003420112417900036,0.01966690540998654,0.0014935658816520095,0.0007150728446010362,0.0018216377144238882
1226,65,0.155,0.204,1.912,2.51,0.25,0.4,330,345,3,3,2,22,1,0.17370289759141713,2.2282920983579393,0.32015530340825415,338.05858317062086,0.44114982110232653,0.016859884610438775,0.0425527918970015,0.14638151059562915,0.00010448752626597465,0.020881126712506866,0.013694746703305023,0.005878057908500422,0.033905473980252225,0.002339496833225972,0.0003311428841756767,0.001740376377015756
1227,65,0.155,0.204,1.912,2.51,0.25,0.4,345,360,3,3,2,23,1,0.17370289759141713,2.2282920983579393,0.32015530340825415,352.82086927924206,0.603905936700826,0.02602185780019912,0.06307410306410854,0.2018414396907786,0.0001444148782796084,0.042065870842148474,0.01358898550382251,0.015229989757402083,0.042318973357995227,0.0007426930780031554,0.0013026108073375437,0.0011293851725697422
1229,66,0.155,0.204,1.912,2.51,0.4,0.6,15,30,3,3,3,1,1,0.1706627798263688,2.2598437425728686,0.5061959042331071,21.477215399899197,0.39186507449070934,0.019054370397899985,0.04171579840477702,0.1312201201089593,0.00010502707675245428,0.01722759627021295,0.013267491102524023,0.012742543874550382,0.03319729561624205,0.001458641257315141,0.000435275852784931,0.0017168435657135591
1230,66,0.155,0.204,1.912,2.51,0.4,0.6,30,45,3,3,3,2,1,0.1706627798263688,2.2598437425728686,0.5061959042331071,36.697324439395196,0.1669261292511713,0.009500676273867779,0.01881159978791359,0.05623675235197463,4.13976405419264e-05,0.010861180467116286,0.004570851563565875,0.004273819219776018,0.013900197132860252,0.0008226186875605304,0.0005401735503610261,0.0018803288555101299
1231,66,0.155,0.204,1.912,2.51,0.4,0.6,45,75,3,3,3,3,2,0.1706627798263688,2.2598437425728686,0.5061959042331071,57.7664034731204,0.06579387373152305,0.009279458647067964,0.013473521211581772,0.024857147146375193,1.0413260076931726e-05,0.011229231745493045,0.0004583470572069691,0.006118553890952048,0.00395765725892261,0.0014654517981691267,3.030684230827406e-05,0.0014595153608414776
1233,66,0.155,0.204,1.912,2.51,0.4,0.6,90,120,3,3,3,6,2,0.1706627798263688,2.2598437425728686,0.5061959042331071,104.11741699354499,0.027637506090298487,0.003362448468458646,0.004805474106859664,0.010004300791581846,0.0003009248590832678,0.0008351634730324722,0.0029404139463091268,0.0027264898903225443,0.0024876213540363248,0.00024195025222818167,4.733013630091152e-05,0.00019101386195501135
1234,66,0.155,0.204,1.912,2.51,0.4,0.6,120,135,3,3,3,8,1,0.1706627798263688,2.2598437425728686,0.5061959042331071,127.37259662827661,0.02050855609725155,0.0028957389950501466,0.003341718228183781,0.007318689467086511,0.00022256920502554108,0.001396066478300378,0.0007861172767780423,0.002453510662807175,0.0015848058555923313,7.410704284753655e-05,0.00011247195265483515,0.00013869934548820634
1235,66,0.155,0.204,1.912,2.51,0.4,0.6,135,150,3,3,3,9,1,0.1706627798263688,2.2598437425728686,0.5061959042331071,142.38907530173654,0.022894497721295665,0.002233056912646969,0.0030367545128434435,0.00787759272241704,0.00016421825004764702,0.0018353400849379497,0.0004263455564983076,0.0015620227930508634,0.0017615032308110692,0.00015853344893257976,0.00019288566253249225,0.00031915159177444574
1236,66,0.155,0.204,1.912,2.51,0.4,0.6,150,165,3,3,3,10,1,0.1706627798263688,2.2598437425728686,0.5061959042331071,157.47517644792774,0.015766540194204835,0.0016776504592125084,0.002081704590906245,0.005421299102964234,0.00015160998849101902,0.001244009172101818,0.0007045881541102128,0.0008355499243479796,0.0012251862138562331,0.00011541771862687537,0.00015538226722485737,0.0002593842580086869
1237,66,0.155,0.204,1.912,2.51,0.4,0.6,165,180,3,3,3,11,1,0.1706627798263688,2.2598437425728686,0.5061959042331071,172.48485291783288,0.018396161177996397,0.0021183889650436267,0.0037367967513941723,0.0069336794702000186,0.00015690161390452515,0.0019056473852243426,0.0017129027438459552,0.0020187850707770196,0.0017755104518926536,0.00017366035722186977,0.00020818374925303269,0.0003815410218110094
1238,66,0.155,0.204,1.912,2.51,0.4,0.6,180,195,3,3,3,12,1,0.1706627798263688,2.2598437425728686,0.5061959042331071,187.50217298508693,0.012386377580010604,0.0022681589465969806,0.0029881800481987076,0.004939031768528666,0.00011841129485488491,0.0009431568214427849,0.0026560416686654807,0.0005890906596568334,0.0007366993746354575,0.00014375910917671907,0.00012915983933865438,0.0002852066904878918
1239,66,0.155,0.204,1.912,2.51,0.4,0.6,195,210,3,3,3,13,1,0.1706627798263688,2.2598437425728686,0.5061959042331071,202.53836368919397,0.017405796243660312,0.0028026748045615036,0.0029414036930021574,0.006260198664299255,0.0001823909868906671,0.000961716498570763,0.00022908540347662688,0.002252551899282954,0.0015752249455986765,0.00013833310598776238,0.0001583267729152635,0.0002930644625315873
1240,66,0.155,0.204,1.912,2.51,0.4,0.6,210,240,3,3,3,14,2,0.1706627798263688,2.2598437425728686,0.5061959042331071,225.40149652886572,0.01839550174173845,0.0034686502112612518,0.0039365438989434004,0.007043166428708335,0.00019171044848908847,0.0006352564589378134,0.003267802152241807,0.0016004085687132733,0.0013327545208492747,8.339348480033367e-05,0.00013548666803658927,0.0002000027444190941
1241,66,0.155,0.204,1.912,2.51,0.4,0.6,240,255,3,3,3,16,1,0.1706627798263688,2.2598437425728686,0.5061959042331071,247.6693045135799,0.02451824068271745,0.005297794133556932,0.0038709501633232496,0.008693616273277133,0.00010056658366512066,0.002214210106241272,0.0020654959663983395,0.001252810368216606,0.0020529058687359636,0.00022280590609475412,5.1062951451313914e-05,0.00014555144379852238
1242,66,0.155,0.204,1.912,2.51,0.4,0.6,255,270,3,3,3,17,1,0.1706627798263688,2.2598437425728686,0.5061959042331071,262.73328045650004,0.027391670302810787,0.004038535084369012,0.0037698734574947023,0.009478490183155965,0.00026831228377012463,0.0018187362973880337,0.0007299361150596175,0.0018820308823677776,0.002566478704222147,0.00041894894539020003,1.5655865897093792e-05,0.00041290770274267873
1243,66,0.155,0.204,1.912,2.51,0.4,0.6,270,285,3,3,3,18,1,0.1706627798263688,2.2598437425728686,0.5061959042331071,277.8300614564819,0.03949832693650648,0.004166197070700257,0.004357898110477054,0.013275900962378245,0.00022097367442572765,0.0018781115506073271,0.000914063688515742,0.0012246687765988472,0.0034660253430125014,0.0008732687575348231,0.00010104734786285164,0.0010327080238584242
1244,66,0.155,0.204,1.912,2.51,0.4,0.6,285,300,3,3,3,19,1,0.1706627798263688,2.2598437425728686,0.5061959042331071,292.94650333632325,0.060764983641415464,0.006509907317958974,0.007076303871367615,0.020549026828755187,0.0003018474499742576,0.0018045587121956644,0.0021501937071401037,0.003939567659544904,0.0049029174503270505,0.0013022329049823041,0.0002170808265462106,0.0015951196206042135
1245,66,0.155,0.204,1.912,2.51,0.4,0.6,300,315,3,3,3,20,1,0.1706627798263688,2.2598437425728686,0.5061959042331071,308.09231317697424,0.08959579614247946,0.009288636477242807,0.013237190548753797,0.03137479146360542,0.0001916955773645922,0.00859641397069712,0.006047021899928659,0.004142855651598063,0.006501554301771042,0.0007490557502821321,0.0001041560874858809,0.002299608255109278
1246,66,0.155,0.204,1.912,2.51,0.4,0.6,315,330,3,3,3,21,1,0.1706627798263688,2.2598437425728686,0.5061959042331071,323.27549100434493,0.14815458721227903,0.008788624075187093,0.023221063206642318,0.052456964883087036,8.041497550719266e-05,0.01329689646095449,0.013022340982382573,0.007982723722341897,0.011320133030453913,0.0005116782142493186,0.0007476617508189675,0.0009763195529094252
1247,66,0.155,0.204,1.912,2.51,0.4,0.6,330,345,3,3,3,22,1,0.1706627798263688,2.2598437425728686,0.5061959042331071,338.5573968658408,0.3658789753102029,0.015494011892435232,0.03978767006028919,0.12278744725110448,0.00010153868079182942,0.021359522673406597,0.002301940455027678,0.016951355540374136,0.02871113995645548,0.0013991520920001394,0.00022655616892555943,0.003137232502242193
1250,67,0.155,0.204,1.912,2.51,0.6,0.8,30,45,3,3,4,2,1,0.16524418543695357,2.289639711294165,0.7344374830144009,36.52701878940422,0.09274243962187986,0.007100579699288546,0.013250317015329261,0.03228868192725172,3.661347996657394e-05,0.008750495416719748,0.004916272757421887,0.002746932291051882,0.008117858769330999,0.0005903080194247505,0.00014852601308709202,0.0011761737056996157
1251,67,0.155,0.204,1.912,2.51,0.6,0.8,45,60,3,3,4,3,1,0.16524418543695357,2.289639711294165,0.7344374830144009,51.83939050198469,0.04669856198007463,0.007883952779868399,0.012666708646193453,0.019500344494461704,7.404003221430267e-05,0.0034226003602186974,0.002439886876264394,0.010477975887604938,0.005254771442791133,0.0006446320590762984,0.0006080440733925986,0.0023177970552318954
1252,67,0.155,0.204,1.912,2.51,0.6,0.8,60,90,3,3,4,4,2,0.16524418543695357,2.289639711294165,0.7344374830144009,73.33093858895708,0.015723878089844122,0.004028958648033786,0.0053301271034384414,0.007302864285568509,0.0001724334030419519,0.0007967507878902581,0.00031363063268350245,0.004979229734510261,0.00152309208154355,0.00042610782087118136,0.00028251422331486225,0.0007313052923857856
1254,67,0.155,0.204,1.912,2.51,0.6,0.8,105,135,3,3,4,7,2,0.16524418543695357,2.289639711294165,0.7344374830144009,119.44702387983871,0.006012092200707703,0.0014171726233444426,0.0015592146540296431,0.0024646611476662385,0.00011296446054298589,0.00042062151831684635,0.001184092295819558,0.0006305707727816764,0.0006643042723856702,4.152924767672907e-05,2.4540030642630962e-05,2.1741101818355654e-05
1255,67,0.155,0.204,1.912,2.51,0.6,0.8,135,150,3,3,4,9,1,0.16524418543695357,2.289639711294165,0.7344374830144009,142.4259918238557,0.008071118266402553,0.0015659591399901954,0.0016261904435706327,0.0030349361819655752,0.00010328765764671888,0.0009503633913256849,0.0002842606912887287,0.0009887936066086474,0.0008001143460710712,0.0001370180844651175,4.3249508451414495e-05,0.00017870797154975656
1256,67,0.155,0.204,1.912,2.51,0.6,0.8,150,165,3,3,4,10,1,0.16524418543695357,2.289639711294165,0.7344374830144009,157.4617110884589,0.0076351777863054365,0.0013109567429687918,0.0015068185967653876,0.002854237721958699,6.320176050254189e-05,0.0009255525757044917,0.00038275975688492955,0.0007822442336165167,0.000776937045124726,0.00013829685411190882,6.881129370093592e-05,0.00021867328604594096
1257,67,0.155,0.204,1.912,2.51,0.6,0.8,165,180,3,3,4,11,1,0.16524418543695357,2.289639711294165,0.7344374830144009,172.49867614965092,0.00996945082462931,0.0017561343574238515,0.0022496560726681975,0.0038832147774634654,7.788998502547644e-05,0.0011441555298569049,0.0008948017104059199,0.0014211047575289108,0.0009067697079245403,0.00020930747349663228,0.00011021609362653662,0.0003214865207085251
1258,67,0.155,0.204,1.912,2.51,0.6,0.8,180,210,3,3,4,12,2,0.16524418543695357,2.289639711294165,0.7344374830144009,195.12021681494662,0.006139226999454483,0.0013661552430056507,0.0023338184919887,0.003040696110159772,9.581665743655246e-05,0.0005115198895491627,0.00021919110507955642,0.0021597661172890205,0.0006524586686207472,0.00012676586920757106,6.599284710792064e-05,0.00019374877575784372
1259,67,0.155,0.204,1.912,2.51,0.6,0.8,210,255,3,3,4,14,3,0.16524418543695357,2.289639711294165,0.7344374830144009,233.54882112113805,0.00849467741600144,0.0017491294499770204,0.0018826961580312377,0.0032890960118015533,7.382024913036306e-05,0.00085074712282259,0.00022381165772204328,0.001444609894847534,0.0008203630555541805,6.0710693969530665e-05,1.251363187497406e-05,7.307378429447302e-05
1260,67,0.155,0.204,1.912,2.51,0.6,0.8,255,270,3,3,4,17,1,0.16524418543695357,2.289639711294165,0.7344374830144009,262.72215209487825,0.013689051323976619,0.0022562595355891716,0.0029182491878956547,0.00523496991651248,0.00010984401938248264,0.001023551879984949,0.0014889837771870302,0.0012500688220866043,0.0018879310352380076,0.0001717015856778894,0.00018093864290824648,0.0003352995981876868
1261,67,0.155,0.204,1.912,2.51,0.6,0.8,270,285,3,3,4,18,1,0.16524418543695357,2.289639711294165,0.7344374830144009,277.8097750888665,0.018897851009919114,0.00245546722660346,0.002811685746524724,0.006625993449447328,0.0001497542853257793,0.0012003607057137768,0.0007632866303355539,0.001140919357255263,0.00201990022712068,0.0002980780470642906,0.0003769310613301869,0.0006913639997022113
1262,67,0.155,0.204,1.912,2.51,0.6,0.8,285,300,3,3,4,19,1,0.16524418543695357,2.289639711294165,0.7344374830144009,292.9597591788605,0.02300180447042367,0.0029085800035854627,0.003454642234152601,0.008078711240486841,0.0001368519485222111,0.0009583903934283354,0.0003179037671658832,0.0019122614393321925,0.0024328854639937675,0.0006200000995728927,0.0004925224170997272,0.0011491623320982862
1263,67,0.155,0.204,1.912,2.51,0.6,0.8,300,315,3,3,4,20,1,0.16524418543695357,2.289639711294165,0.7344374830144009,308.1883548525997,0.044249555350774204,0.005851109896833876,0.0068779050680140424,0.015642004179576417,0.00015050202356359482,0.0033153437045252317,0.004536584492734578,0.0009628363997071899,0.003167293583481274,0.000590011392409154,0.0007016832136257294,0.0021799132895826035
1264,67,0.155,0.204,1.912,2.51,0.6,0.8,315,330,3,3,4,21,1,0.16524418543695357,2.289639711294165,0.7344374830144009,323.4390561400941,0.08250490136760692,0.006362166680175472,0.010979956589919168,0.028402534348427336,6.622226947455243e-05,0.0060908887290938175,0.0034549524618259337,0.001055216855521457,0.008333862096851304,0.0006660803737276022,0.0002685346176908979,0.0009760631344049503
1267,68,0.155,0.204,1.912,2.51,0.8,1.0,30,45,3,3,5,2,1,0.17502011088449906,2.1939986644204508,0.8983754222646826,36.46869948707527,0.04515527553799569,0.005001861518608933,0.009121150725639056,0.0169918916077437,4.805261408421467e-05,0.005046537009427322,0.005799503897084117,0.0009963159199020332,0.004753914221631304,0.0005045586509863286,0.0001924225300667794,0.0007063670628033671
1268,68,0.155,0.204,1.912,2.51,0.8,1.0,45,60,3,3,5,3,1,0.17502011088449906,2.1939986644204508,0.8983754222646826,51.78850945884617,0.022399002201846114,0.0038596624516543054,0.0038618443747614824,0.008092356110037401,0.00017108247049055228,0.0010979087204127575,0.0021248075996726937,0.0012568391663244289,0.0025493884391244335,0.000853189791473351,0.0001685013090777184,0.0010417944929947262
1270,68,0.155,0.204,1.912,2.51,0.8,1.0,75,120,3,3,5,5,3,0.17502011088449906,2.1939986644204508,0.8983754222646826,95.47803571209184,0.007622237307265972,0.0022379088700391803,0.0018619317226665714,0.0030533684442755737,0.00011901144583343747,0.0006361575414616601,0.0013764234654860498,0.0005469612624649033,0.0009242255507606358,5.5633567058049694e-05,4.2318480237591295e-05,5.343259077530253e-06
1271,68,0.155,0.204,1.912,2.51,0.8,1.0,120,165,3,3,5,8,3,0.17502011088449906,2.1939986644204508,0.8983754222646826,141.93218938250268,0.004372112941179609,0.0008959144618107842,0.0015793127468350418,0.002100324614103692,6.699169653133411e-05,0.0005585292052590503,4.080677434371561e-05,0.001378111317441989,0.0005229375928924627,0.00010415314718640607,2.2825895684032787e-05,0.00012670308526267416
1272,68,0.155,0.204,1.912,2.51,0.8,1.0,165,210,3,3,5,11,3,0.17502011088449906,2.1939986644204508,0.8983754222646826,187.60690608365425,0.003060913924462396,0.0009261742450513206,0.0008172099342844819,0.0012697390231707166,8.739996224534887e-05,0.0003861002871835557,0.00022240546892239056,0.0005714229864829804,0.0003519354511718462,9.378544632024961e-05,1.4959921064863504e-05,0.00010617394996083946
1273,68,0.155,0.204,1.912,2.51,0.8,1.0,210,255,3,3,5,14,3,0.17502011088449906,2.1939986644204508,0.8983754222646826,233.39867483198714,0.0032575679767416865,0.001211542603356528,0.0012652718951829507,0.001634186755008749,0.00010625505396390007,0.0005073221862971796,0.0009881695260310051,0.00016702589157367752,0.0005681394016854887,4.8085600311671525e-05,1.8364747959395424e-05,7.13301560194975e-05
1274,68,0.155,0.204,1.912,2.51,0.8,1.0,255,270,3,3,5,17,1,0.17502011088449906,2.1939986644204508,0.8983754222646826,262.72924157442003,0.004939754289089517,0.001402999721500483,0.0008449471509372943,0.0017814456871531425,0.00015172719603371912,0.0003933921899536298,0.00016767010007680098,0.0004471554169738952,0.0005548100722307129,1.3479081904961714e-05,2.169634638984548e-06,1.6783477195503607e-05
1275,68,0.155,0.204,1.912,2.51,0.8,1.0,270,285,3,3,5,18,1,0.17502011088449906,2.1939986644204508,0.8983754222646826,277.80732902923194,0.012117608659201591,0.0018904801902660865,0.0020994708408539377,0.004382777621955387,0.00011259158748902425,0.0009299167995686607,0.00010332175982119232,0.001067128160146848,0.0015243405485817854,0.0002178396512267151,3.39161252155167e-05,0.00023938188657677818
1276,68,0.155,0.204,1.912,2.51,0.8,1.0,285,300,3,3,5,19,1,0.17502011088449906,2.1939986644204508,0.8983754222646826,292.9927927417262,0.010714601656275342,0.0019923775132349667,0.002326180507878507,0.00412105672427019,0.0001524240309946306,0.0005937524341397214,0.001600270616081341,0.0006020158839813365,0.0014057323872562837,0.0003125140985482011,4.669445081591846e-05,0.00036873839388105236
1277,68,0.155,0.204,1.912,2.51,0.8,1.0,300,315,3,3,5,20,1,0.17502011088449906,2.1939986644204508,0.8983754222646826,308.19067255638146,0.020127646585608616,0.004288586340238274,0.0037089894816675,0.007388673705914664,0.00015188346253654442,0.00037324084244469316,0.00015654842941552528,0.0017605467868464458,0.003099242036294644,0.0007394122154632823,0.0001746633380909126,0.0009299957330523896
1278,68,0.155,0.204,1.912,2.51,0.8,1.0,315,330,3,3,5,21,1,0.17502011088449906,2.1939986644204508,0.8983754222646826,323.52771043691115,0.03285673549877208,0.004250244451079405,0.006352199211772331,0.012213495883315198,3.987682537387976e-05,0.004877607519152077,5.0313989051117025e-05,0.002429282890140165,0.003219409602365274,0.000394848134516846,0.00015181999788347182,0.0005378145668597334
1280,69,0.155,0.204,2.51,3.295,0.15,0.25,0,15,3,4,1,0,1,0.18031604842200374,2.8048465134218,0.1962626044206906,7.316527190963812,1.144680327414566,0.04546990476054989,0.12210235401559326,0.3833864563242597,0.00023795625527594627,0.07005203201460256,0.05017378863178781,0.041963737233902086,0.07499586473742144,0.011001925697697925,0.0043005554802076585,0.009944697460356809
1281,69,0.155,0.204,2.51,3.295,0.15,0.25,15,30,3,4,1,1,1,0.18031604842200374,2.8048465134218,0.1962626044206906,22.089019000944926,0.8631022541216805,0.03232863831161502,0.0735161076406138,0.28371527504984423,0.00019683841879207325,0.022841998024407537,0.027653956916710666,0.03517171759164178,0.053415168385110165,0.004203604356146764,0.0015329726334938087,0.005277423463111279
1282,69,0.155,0.204,2.51,3.295,0.15,0.25,30,45,3,4,1,2,1,0.18031604842200374,2.8048465134218,0.1962626044206906,37.05264723960275,0.6018061672685584,0.02785345849246978,0.057753316989533655,0.19960429708332408,0.0002003455479765785,0.02519410332579274,0.02062949667737691,0.015368442815510147,0.04480745036553103,0.006687537411232386,0.0009932834887920756,0.005584788856277786
1283,69,0.155,0.204,2.51,3.295,0.15,0.25,45,60,3,4,1,3,1,0.18031604842200374,2.8048465134218,0.1962626044206906,52.06350071850735,0.44299483031117026,0.028697152012613112,0.040596482633385444,0.14638753285180636,0.00017789736671695638,0.012295652848542145,0.025346905394992788,0.01725222403078583,0.02297749266814374,0.005748202393962678,0.0009592187865138012,0.005365599624653358
1284,69,0.155,0.204,2.51,3.295,0.15,0.25,60,75,3,4,1,4,1,0.18031604842200374,2.8048465134218,0.1962626044206906,67.1281737140147,0.32353630857729915,0.03567176889375822,0.05658561456281473,0.11727377733574104,0.0004256630355542515,0.023366577807905034,0.029391950901207834,0.0368646511427266,0.020497112885306253,0.0035203881416879215,0.0006634425902856699,0.0035682922654653427
1285,69,0.155,0.204,2.51,3.295,0.15,0.25,75,90,3,4,1,5,1,0.18031604842200374,2.8048465134218,0.1962626044206906,82.17883840542132,0.19763733245306803,0.025342049740849214,0.02972061004080074,0.06943035617744227,0.0005350156111769274,0.004708121185364626,0.02078236223032603,0.014000912300705578,0.015060771019032939,0.002318426528130405,0.00030592234238517043,0.002470438338593101
1286,69,0.155,0.204,2.51,3.295,0.15,0.25,90,105,3,4,1,6,1,0.18031604842200374,2.8048465134218,0.1962626044206906,97.22812782832987,0.1469139407862803,0.016819466442431052,0.013085824356998682,0.048444340561291516,0.0007010739975031195,0.003608076207746029,0.003607823567014151,0.00872896555123223,0.007979368535027866,0.0019617431021330856,7.810438949593889e-05,0.0022017101826188315
1287,69,0.155,0.204,2.51,3.295,0.15,0.25,105,120,3,4,1,7,1,0.18031604842200374,2.8048465134218,0.1962626044206906,112.24538731470805,0.12254040374790443,0.014504883615227422,0.012144115232905223,0.04075649695036996,0.000523650825269022,0.0011726254270995721,0.0003932494884091545,0.007629529431590319,0.009195596753679982,0.0015947959951423897,0.00032568747363881937,0.001704966289129633
1288,69,0.155,0.204,2.51,3.295,0.15,0.25,120,135,3,4,1,8,1,0.18031604842200374,2.8048465134218,0.1962626044206906,127.3290644140496,0.09415905835233902,0.009655209759016153,0.014066137710896308,0.03303835146903579,0.0004097897178508168,0.0006022947090246634,0.007834398714329378,0.010384772319289129,0.005076701073935199,0.001079718799093646,0.00019071512319317343,0.0015268760394575294
1289,69,0.155,0.204,2.51,3.295,0.15,0.25,135,150,3,4,1,9,1,0.18031604842200374,2.8048465134218,0.1962626044206906,142.37259388888094,0.08967389689804525,0.009042986347506879,0.011141191389343934,0.03057272914935798,0.0004637908001010615,0.003861463076223466,0.0005839002224648345,0.009003320950428273,0.004998323601421801,0.0008644970251487999,0.0001095905401170856,0.0016174610189894727
1290,69,0.155,0.204,2.51,3.295,0.15,0.25,150,165,3,4,1,10,1,0.18031604842200374,2.8048465134218,0.1962626044206906,157.42734927002635,0.08376885829991165,0.009145361485988669,0.0104011120087419,0.028557167973450905,0.000471930924487094,0.002361209699621594,0.008061110607514715,0.004468412344570356,0.003946128348041739,0.0010585485955304501,0.00022501463764190024,0.0013656349909133727
1291,69,0.155,0.204,2.51,3.295,0.15,0.25,165,180,3,4,1,11,1,0.18031604842200374,2.8048465134218,0.1962626044206906,172.4603270917149,0.07613839099270622,0.0125832394266342,0.011436475584531963,0.026741916625245145,0.000314864093108619,0.001043642575485943,0.005326913767395103,0.00886802654184494,0.004574544265341858,0.0006650186771914199,0.00017868521003210308,0.001288520199840802
1292,69,0.155,0.204,2.51,3.295,0.15,0.25,180,195,3,4,1,12,1,0.18031604842200374,2.8048465134218,0.1962626044206906,187.51292576920528,0.08444233335830895,0.015774043170819825,0.0246253340580073,0.03640267717456418,0.0004995686535331545,0.003569158841245693,0.007435079817713523,0.022368537664855546,0.005986957937007686,0.0009078846211119281,0.0003706557588568155,0.0013939366181743838
1293,69,0.155,0.204,2.51,3.295,0.15,0.25,195,210,3,4,1,13,1,0.18031604842200374,2.8048465134218,0.1962626044206906,202.55841015958325,0.09364048903250594,0.016919299521940292,0.019624152345320892,0.035622566937948554,0.00042248490216341856,0.0016180567871720078,0.008281549394033371,0.01699193143575264,0.004785630693412477,0.0013445820566185748,0.0001324335129336798,0.0014486885781385829
1294,69,0.155,0.204,2.51,3.295,0.15,0.25,210,285,3,4,1,14,5,0.18031604842200374,2.8048465134218,0.1962626044206906,253.25972614706598,0.07465299904356458,0.017259979188258123,0.019732276149728646,0.030840273419987376,0.0005913504514477979,0.003569997145746988,0.01824357697024962,0.005105876247189141,0.003964115476470743,0.0008825927858926688,6.483362771681052e-05,0.0012868032640047252
1295,69,0.155,0.204,2.51,3.295,0.15,0.25,285,300,3,4,1,19,1,0.18031604842200374,2.8048465134218,0.1962626044206906,292.84380752677646,0.35496982579171177,0.05292569541476171,0.04203961789915433,0.12028449722828066,0.00013069109339757055,0.012816063452830415,0.014818865815643954,0.03320683007286235,0.016315463927809876,0.0036795604174254576,0.0003634312502955289,0.0038176170300786615
1296,69,0.155,0.204,2.51,3.295,0.15,0.25,300,315,3,4,1,20,1,0.18031604842200374,2.8048465134218,0.1962626044206906,307.9273579275817,0.4534362697045363,0.027221563170872876,0.05041746437185291,0.15253405380440857,0.00020980660695910726,0.025100988572106495,0.018614954279761,0.02637616890979688,0.029233514870793738,0.003917759475632864,0.0007022892016577942,0.0038729661347689757
1297,69,0.155,0.204,2.51,3.295,0.15,0.25,315,330,3,4,1,21,1,0.18031604842200374,2.8048465134218,0.1962626044206906,322.9195803934519,0.6000617598407156,0.025646796354445354,0.06811203876405474,0.20232239076056113,0.00016571194229064926,0.03296534288492046,0.03003582601066194,0.02713565001100351,0.043428846645787986,0.005379980448329585,0.00033678137181797157,0.005286725449850836
1298,69,0.155,0.204,2.51,3.295,0.15,0.25,330,345,3,4,1,22,1,0.18031604842200374,2.8048465134218,0.1962626044206906,337.9178173066533,0.809785564485946,0.03235537067733388,0.07261353664581344,0.2671552328746617,0.00018817894537248296,0.027205823088207234,0.028642649960294024,0.023852575680731385,0.05559547156216644,0.009173811021074067,0.0009655251240512574,0.007233965815372023
1299,69,0.155,0.204,2.51,3.295,0.15,0.25,345,360,3,4,1,23,1,0.18031604842200374,2.8048465134218,0.1962626044206906,352.6623228932279,1.0916902346036474,0.04557356207069863,0.14984012612386158,0.3776016720608891,0.00017000917758879715,0.07164982073585076,0.1027839071208756,0.04882018246626103,0.06533728173561726,0.011547017580887537,0.0023879303186697645,0.010071520170436117
1300,70,0.155,0.204,2.51,3.295,0.25,0.4,0,15,3,4,2,0,1,0.17919892175273733,2.802928817535792,0.3220890964321366,6.930169206666385,1.0061918333674633,0.05113514193582127,0.10165072309414354,0.33523717703867895,0.0002010284683318144,0.06294567676837819,0.040210141478437704,0.031099394151124515,0.06129923120216947,0.005947912007468732,0.001329460840640122,0.005389557405577969
1301,70,0.155,0.204,2.51,3.295,0.25,0.4,15,30,3,4,2,1,1,0.17919892175273733,2.802928817535792,0.3220890964321366,21.723765794768862,0.6345922841508274,0.02452168858599256,0.0677839336984415,0.21257269223281258,0.00010875393438276572,0.03069176005013708,0.011160436708715235,0.013563295236046923,0.05781750983400402,0.0008756902164590816,0.0005147053606587248,0.0011326679331185748
1302,70,0.155,0.204,2.51,3.295,0.25,0.4,30,45,3,4,2,2,1,0.17919892175273733,2.802928817535792,0.3220890964321366,36.79957351619824,0.35832730802594887,0.014170910095362893,0.0367039185298702,0.11953915726860342,9.613259266139379e-05,0.019599748268630243,0.007494947649510784,0.009441691889345637,0.02857604793807443,0.0008503936034573958,0.00025630573973199996,0.0010525967969418502
1303,70,0.155,0.204,2.51,3.295,0.25,0.4,45,60,3,4,2,3,1,0.17919892175273733,2.802928817535792,0.3220890964321366,51.95264460823016,0.23426082432915074,0.014734012969837224,0.018267776101078857,0.07658571020621889,4.961729000500644e-05,0.0121428412638194,0.00059053209009966,0.004575471256354269,0.012696545894560346,0.002134149483807311,0.00016205656163355734,0.0019428445191333587
1304,70,0.155,0.204,2.51,3.295,0.25,0.4,60,75,3,4,2,4,1,0.17919892175273733,2.802928817535792,0.3220890964321366,67.0358912232833,0.16397304582034022,0.02807776612276567,0.021421087738751145,0.05629441366158054,7.463990144693979e-05,0.012882393332179514,0.012024525473874932,0.006225048506607106,0.010440934122432414,0.0010410074573291039,0.00044975677829658776,0.0007401511338580173
1305,70,0.155,0.204,2.51,3.295,0.25,0.4,75,90,3,4,2,5,1,0.17919892175273733,2.802928817535792,0.3220890964321366,82.15937312260664,0.06577497244565048,0.01377605207104424,0.010157010310756812,0.02322189010262082,0.00030814808293493995,0.0036697966450903495,0.004301079025306293,0.007118775810905461,0.0045053776249438585,0.0009373684724099071,9.640904832546081e-05,0.0003575170265598066
1306,70,0.155,0.204,2.51,3.295,0.25,0.4,90,105,3,4,2,6,1,0.17919892175273733,2.802928817535792,0.3220890964321366,97.20189009953474,0.06207424978293824,0.008157707919455163,0.005976809291786054,0.02059422489684601,0.0002038143493482136,0.001333649949764108,0.0048605091917146995,0.0009441401035167487,0.0030425639360419157,0.0006051470301516213,0.00020417440492780225,0.0003590840990067578
1307,70,0.155,0.204,2.51,3.295,0.25,0.4,105,120,3,4,2,7,1,0.17919892175273733,2.802928817535792,0.3220890964321366,112.32425728220564,0.055613296488662776,0.006601846451838158,0.005393805615683267,0.018462071905030797,0.00016386464762933512,0.0023132637620662698,0.002907656357106312,0.0021192592357587737,0.0032500631560627375,0.00036610204150045,0.00016053512423493262,0.00045438138867978775
1308,70,0.155,0.204,2.51,3.295,0.25,0.4,120,135,3,4,2,8,1,0.17919892175273733,2.802928817535792,0.3220890964321366,127.35428247888225,0.04227344652839796,0.004332991885180967,0.004642751947523022,0.014201667808911128,0.00014632544613637523,0.0014619160323206602,0.002181445404980014,0.003179732787038332,0.002088264013545378,0.00024084664355646402,0.00020619722637320507,0.00040778031137120096
1309,70,0.155,0.204,2.51,3.295,0.25,0.4,135,150,3,4,2,9,1,0.17919892175273733,2.802928817535792,0.3220890964321366,142.38302463093646,0.03451023569703798,0.003201295800126021,0.00551051068951077,0.012264293834337024,0.00013917026198806548,0.0008988910947840134,0.0013663806496396562,0.004701097018521762,0.0023238167518454533,8.795678309051716e-05,0.0001846146721716933,0.00041342586238308956
1310,70,0.155,0.204,2.51,3.295,0.25,0.4,150,165,3,4,2,10,1,0.17919892175273733,2.802928817535792,0.3220890964321366,157.43606031354943,0.03719113335742947,0.0033301194564230815,0.004121709598338481,0.012506464316446976,0.00017660533598268678,0.0007498881453279333,0.0013584214738631374,0.0031304071292690672,0.0021262317923526866,0.0001434930111614671,0.00022239217268303247,0.00047890396468625403
1311,70,0.155,0.204,2.51,3.295,0.25,0.4,165,180,3,4,2,11,1,0.17919892175273733,2.802928817535792,0.3220890964321366,172.4878843152317,0.0326198652037231,0.0038360617459629698,0.004585562703857744,0.011326212712525348,0.00016787397975960333,0.0003872436167181986,0.0010273289176105853,0.004258081496171948,0.001222322262504888,0.0001457310966685447,0.00023527414540225306,0.00041050161123422124
1312,70,0.155,0.204,2.51,3.295,0.25,0.4,180,195,3,4,2,12,1,0.17919892175273733,2.802928817535792,0.3220890964321366,187.52197925418852,0.02829612490150284,0.004886173713020702,0.002675794955804943,0.009373721723328695,0.00013782690569030356,0.00039889980545366706,0.0008991251375486154,0.0021582191931516647,0.0011845972280796603,6.19769643974741e-05,0.0003398440461819159,0.0003348949736170807
1313,70,0.155,0.204,2.51,3.295,0.25,0.4,195,210,3,4,2,13,1,0.17919892175273733,2.802928817535792,0.3220890964321366,202.54013996880195,0.04343018825626968,0.006549615555786782,0.004201524728747916,0.014414504413217724,0.00018051516801684,0.000500220115859657,0.002743184523041268,0.001438313553742176,0.002737636799903404,0.00011571203144661387,0.00047608040990270567,0.0005306050334933757
1314,70,0.155,0.204,2.51,3.295,0.25,0.4,210,240,3,4,2,14,2,0.17919892175273733,2.802928817535792,0.3220890964321366,225.57955290909334,0.029446339506901908,0.0066797354151994105,0.0038095862985790658,0.010095266971737871,0.0002514817473240537,0.0026514289524948234,0.0017935539221452413,0.0009972078295732946,0.0017678328771881413,9.627576438940821e-05,0.00010070624905199052,0.000288334871779719
1315,70,0.155,0.204,2.51,3.295,0.25,0.4,240,255,3,4,2,16,1,0.17919892175273733,2.802928817535792,0.3220890964321366,247.71361529702295,0.043552804475663655,0.010068073794995048,0.014682846238247574,0.020168940852100664,0.0001809599086363405,0.001107216362244854,0.013010371104422767,0.006555421758484528,0.0014062933611476709,0.00032583527738889485,0.00012250449678284165,0.00032607877981446934
1316,70,0.155,0.204,2.51,3.295,0.25,0.4,255,270,3,4,2,17,1,0.17919892175273733,2.802928817535792,0.3220890964321366,262.79570523259366,0.06951696443809448,0.01034267191962743,0.011262853813152583,0.024778495103099582,0.0002251247039869326,0.00214171743192917,0.0010551884433850636,0.009810577528124467,0.004971373900703911,0.0006156715271716903,0.00018192508934507384,0.00037259734147874975
1317,70,0.155,0.204,2.51,3.295,0.25,0.4,270,285,3,4,2,18,1,0.17919892175273733,2.802928817535792,0.3220890964321366,277.8576009580331,0.06184186308156809,0.011088898092730582,0.007106971826456742,0.020880762561673857,0.00014769554410612063,0.002566763764890455,0.0005182329039472792,0.006239080554212922,0.0021542613727761357,0.0007736504205554374,7.210104067185218e-05,0.00025184276169799526
1318,70,0.155,0.204,2.51,3.295,0.25,0.4,285,300,3,4,2,19,1,0.17919892175273733,2.802928817535792,0.3220890964321366,292.9543501733712,0.11561160845930672,0.018855646711627295,0.013291357900748221,0.0390377210411122,9.463233017131326e-05,0.0053258180225447685,0.0021714703541912466,0.010529910259504251,0.005674367942602421,0.0008597780551212084,5.6380170522901835e-05,0.0007029628996095483
1319,70,0.155,0.204,2.51,3.295,0.25,0.4,300,315,3,4,2,20,1,0.17919892175273733,2.802928817535792,0.3220890964321366,308.06477602735316,0.19810930425899345,0.012646620166490765,0.01655716489201086,0.06504019345828656,6.104412226480023e-05,0.007744315133640742,0.002836161962179535,0.004264075536501255,0.013596395478606162,0.0013450927390093732,0.0002872791247048672,0.001753123247199775
1320,70,0.155,0.204,2.51,3.295,0.25,0.4,315,330,3,4,2,21,1,0.17919892175273733,2.802928817535792,0.3220890964321366,323.1503410452887,0.3565114165523186,0.01364740039353991,0.025469488279293417,0.11601846079450903,9.487489201289356e-05,0.013391051990848368,0.003657016435124706,0.004687032888670893,0.020794927720217855,0.0016735120146468099,0.0004803506405676862,0.0012627324130578329
1321,70,0.155,0.204,2.51,3.295,0.25,0.4,330,345,3,4,2,22,1,0.17919892175273733,2.802928817535792,0.3220890964321366,338.2568279275904,0.6241873553408329,0.023569847248883176,0.05580853989235707,0.20588070615567367,0.00013877615797567734,0.036939017892571833,0.0021200496136036095,0.006558430134684395,0.04118629467313315,0.0012624743228298978,0.0009710386883204512,0.002502865983070517
1322,70,0.155,0.204,2.51,3.295,0.25,0.4,345,360,3,4,2,23,1,0.17919892175273733,2.802928817535792,0.3220890964321366,353.06812849231306,0.9895276587317419,0.04979488830322767,0.0998374308477913,0.32964577168193565,0.00021500715119104685,0.055133997019781195,0.03625732199982046,0.014852261887889934,0.07332425041185028,0.0033927379568865707,0.002182116068573166,0.004009982866589848
1324,71,0.155,0.204,2.51,3.295,0.4,0.6,30,45,3,4,3,2,1,0.17265344287264786,2.7859605310635485,0.5189324222617152,36.6179196879459,0.2023309911218712,0.009448941538993722,0.016993754098707233,0.06644756408788076,5.117735531291895e-05,0.010355634271820924,0.0006068845829582766,0.0024932203573179135,0.01322265885866185,0.001193712541724907,0.0009855206784137615,0.0003503343177515219
1325,71,0.155,0.204,2.51,3.295,0.4,0.6,45,60,3,4,3,3,1,0.17265344287264786,2.7859605310635485,0.5189324222617152,51.854223903343645,0.11005685091437224,0.008978027632176328,0.01224512320637585,0.03702528349815792,3.386054830409102e-05,0.00509004773503362,0.005349001329510949,0.002637020579217673,0.009392453907484874,0.000691871684823568,0.0001894298163699529,0.0004994263660608851
1326,71,0.155,0.204,2.51,3.295,0.4,0.6,60,105,3,4,3,4,3,0.17265344287264786,2.7859605310635485,0.5189324222617152,78.89093862612,0.04695319791018414,0.008828795207063452,0.00897763627989052,0.017401713825586692,0.00018778878715478738,0.002476761582083452,0.0028096865100062985,0.00751435759134384,0.0031298607867205988,0.0007818808237297421,0.00027822724018443937,0.0005219231472079496
1327,71,0.155,0.204,2.51,3.295,0.4,0.6,105,120,3,4,3,7,1,0.17265344287264786,2.7859605310635485,0.5189324222617152,112.28252170102145,0.021292993637098606,0.003983560576756549,0.002765200727446463,0.00730395366463403,0.00010528057388151312,0.00019906227366211173,0.002051508657819562,0.0014059921164646283,0.0011829628748024092,0.00021713797015006296,9.2734977550037e-05,0.0001035495398734878
1328,71,0.155,0.204,2.51,3.295,0.4,0.6,120,135,3,4,3,8,1,0.17265344287264786,2.7859605310635485,0.5189324222617152,127.32789023771198,0.01157087048041178,0.0021782914452489815,0.002383008075268517,0.004378835688580473,0.00012480167334329403,0.0003410545220037852,0.002137628655619644,0.0007508257562228083,0.0006393846500820525,4.901393158242833e-06,4.818532830158053e-05,6.946600501033929e-05
1329,71,0.155,0.204,2.51,3.295,0.4,0.6,135,150,3,4,3,9,1,0.17265344287264786,2.7859605310635485,0.5189324222617152,142.39187158070888,0.017111821119965558,0.001970823612428244,0.0015950444193500233,0.005662116109958206,7.67163169625736e-05,0.00024137079702173884,0.00032225638348305893,0.0007636021778706181,0.001326581773387081,8.601330225288818e-05,0.00010431146075895569,0.00018238634962435295
1330,71,0.155,0.204,2.51,3.295,0.4,0.6,150,165,3,4,3,10,1,0.17265344287264786,2.7859605310635485,0.5189324222617152,157.47256634550018,0.012166526774614618,0.0016128647287888536,0.001180462931867314,0.004039083700934554,9.284030360974424e-05,0.00020832354836372864,0.0003482906180250932,0.0007320030017060649,0.0008064199372278925,0.000114340400247855,6.035764674663941e-05,0.00018446367248306937
1331,71,0.155,0.204,2.51,3.295,0.4,0.6,165,180,3,4,3,11,1,0.17265344287264786,2.7859605310635485,0.5189324222617152,172.48011708104576,0.014161044569437956,0.0020314947292513707,0.0015541559851980414,0.004757009643829515,6.55657537674611e-05,0.00044937320621769937,0.000490050009966908,0.000990322728289171,0.0009607648565403509,0.00020066533413818678,7.302421551452858e-05,0.0002553594560531282
1332,71,0.155,0.204,2.51,3.295,0.4,0.6,180,195,3,4,3,12,1,0.17265344287264786,2.7859605310635485,0.5189324222617152,187.50840409439655,0.0148172133343062,0.003054972464097876,0.0016694388301161359,0.004991735251335334,7.483129113954985e-05,9.19827077506429e-05,4.297464169417912e-05,0.0014110470325987142,0.0008452780389455692,0.00014919145289289803,0.0001048774610602222,0.00025606631110462746
1333,71,0.155,0.204,2.51,3.295,0.4,0.6,195,210,3,4,3,13,1,0.17265344287264786,2.7859605310635485,0.5189324222617152,202.56433648178339,0.014129773451805909,0.0034183988243472736,0.0020432377754052975,0.004929440652346456,0.00010388444748320239,0.0002702203168573568,0.0009254035227614345,0.001564734609846363,0.0008669094206767633,9.940014139405231e-05,7.932389622809231e-05,0.00018631045575427004
1334,71,0.155,0.204,2.51,3.295,0.4,0.6,210,255,3,4,3,14,3,0.17265344287264786,2.7859605310635485,0.5189324222617152,233.99530333813317,0.021060557185833283,0.0027868632044862622,0.002311078054415406,0.007074614439888371,9.026716023913879e-05,0.00038522848596301445,0.0006154367725009978,0.0016498747079265778,0.0014378134490852803,4.562529226798074e-05,0.0001337556298412044,0.00012796929246009685
1335,71,0.155,0.204,2.51,3.295,0.4,0.6,255,270,3,4,3,17,1,0.17265344287264786,2.7859605310635485,0.5189324222617152,262.78964645282554,0.021267331460306203,0.003285147838082477,0.0038714761375715,0.007783292354114904,0.00016493329953484097,0.0005448181079398645,0.0029951637955791116,0.0018835250917689954,0.0014602089476038079,0.0001763934686807505,7.58790503421895e-05,0.00011582148081174749
1336,71,0.155,0.204,2.51,3.295,0.4,0.6,270,285,3,4,3,18,1,0.17265344287264786,2.7859605310635485,0.5189324222617152,277.89576156692243,0.02905464379735044,0.004079027836157132,0.004168280320973824,0.01012256201842033,0.00016885774655381593,0.0007398157061521243,0.0014550714008198338,0.0034194787779267335,0.0016853235089050824,0.0005284535644953243,0.00015007372928124257,0.00038514593693014175
1337,71,0.155,0.204,2.51,3.295,0.4,0.6,285,300,3,4,3,19,1,0.17265344287264786,2.7859605310635485,0.5189324222617152,292.99381125524184,0.04687023242807496,0.008589100685246497,0.0086407394439228,0.017207540183041308,0.00014263841188164175,0.0006876826917386209,0.006842635506751683,0.0038969671758149788,0.0034204565332706894,0.00046121568106270684,0.00010391672035149036,0.0006794028209169732
1338,71,0.155,0.204,2.51,3.295,0.4,0.6,300,315,3,4,3,20,1,0.17265344287264786,2.7859605310635485,0.5189324222617152,308.15010311195795,0.09679430738811672,0.008130148725969283,0.009984528740010223,0.032312385683770366,4.8984328269085746e-05,0.003526123380498165,0.0048286616134404214,0.0020578741071598126,0.007654250318447279,0.00069980256773214,0.00015762786356570573,0.0010566465093380308
1342,72,0.155,0.204,2.51,3.295,0.6,0.8,30,45,3,4,4,2,1,0.17729934612665307,2.817071898469502,0.6521716618595843,36.54491681366707,0.09381620654326189,0.006125403052402091,0.011906387942595313,0.03207712976279958,3.471759733796036e-05,0.005136107058748179,0.0010302674283324401,0.0053410049629133835,0.008892965020018278,0.0016459816942548913,0.0008756235098974645,0.002590108293889355
1343,72,0.155,0.204,2.51,3.295,0.6,0.8,45,75,3,4,4,3,2,0.17729934612665307,2.817071898469502,0.6521716618595843,57.57411850496929,0.04403292391301325,0.0058748499873802415,0.007619686660968242,0.015921638900866397,4.465522326625961e-05,0.00523276400957668,0.0005499865037624803,0.0013761561101353944,0.004875813612534113,0.0012053025175177568,0.0008776312584734269,0.002169323019860011
1345,72,0.155,0.204,2.51,3.295,0.6,0.8,90,135,3,4,4,6,3,0.17729934612665307,2.817071898469502,0.6521716618595843,110.51544015013953,0.010854245816063705,0.002112570897871952,0.0017963166583838622,0.003886174099733263,6.841203484987675e-05,0.0002742424584979398,0.0007713123325641896,0.001032445541549035,0.0011826126041420794,2.1218238232135536e-05,0.0002836304349193858,0.0002956777342416361
1347,72,0.155,0.204,2.51,3.295,0.6,0.8,150,165,3,4,4,10,1,0.17729934612665307,2.817071898469502,0.6521716618595843,157.4419292642372,0.00746348807490081,0.0014946436959550754,0.0014456415989888218,0.002775743252856268,4.710136037971879e-05,0.00032672900831721903,0.0006667361522714378,0.0010388547123485153,0.0006753105578392348,0.00015617441037559163,0.00017796150556418947,3.3296997729630123e-05
1348,72,0.155,0.204,2.51,3.295,0.6,0.8,165,195,3,4,4,11,2,0.17729934612665307,2.817071898469502,0.6521716618595843,179.99350019096858,0.00832166377548077,0.0014917077965477094,0.002056413508314344,0.0033480104628264952,4.571509228824798e-05,0.00042088718037706105,2.2302820021007546e-05,0.0017846636219387008,0.0009287049554356195,0.00017976002115776125,0.00019056849019243082,3.982556221959856e-05
1349,72,0.155,0.204,2.51,3.295,0.6,0.8,195,240,3,4,4,13,3,0.17729934612665307,2.817071898469502,0.6521716618595843,218.46323426633438,0.008653559822463491,0.0022151612167041813,0.0007915680825907667,0.002859164202513052,4.311246587200629e-05,0.00016652948716053417,6.630680878449496e-07,0.0004695425419962968,0.0006095436469066236,0.00012554124536325763,0.00020167394224380618,7.053494652331952e-05
1350,72,0.155,0.204,2.51,3.295,0.6,0.8,240,255,3,4,4,16,1,0.17729934612665307,2.817071898469502,0.6521716618595843,247.70184553433344,0.009199513232284347,0.0024523346596262334,0.0022025296298538543,0.0036581223061121666,5.955626688797878e-05,0.00018682046365422775,0.0019103145524305696,0.0005757177219308413,0.0008796601086314519,3.0254808133682093e-05,0.00026322826747840445,0.00024110878152361418
1351,72,0.155,0.204,2.51,3.295,0.6,0.8,255,270,3,4,4,17,1,0.17729934612665307,2.817071898469502,0.6521716618595843,262.7724432741193,0.01506296504073948,0.00285144967832177,0.003418579351479395,0.005878542080921663,7.933050858089859e-05,0.0006750451185973778,0.0028795403740183552,0.0005929426744237184,0.0014954273674809614,0.00014865547833010906,0.00044120505852518385,0.0005874255258855105
1352,72,0.155,0.204,2.51,3.295,0.6,0.8,270,285,3,4,4,18,1,0.17729934612665307,2.817071898469502,0.6521716618595843,277.89863837767484,0.024547995867239197,0.0036367618910889384,0.0028100726507169316,0.00828482836338574,6.982882816446144e-05,0.00032753823335940357,0.00021220147871039966,0.0005412377282878819,0.002465423352931269,0.00045275946250145267,0.0007066706039427229,0.0011696456247446462
1353,72,0.155,0.204,2.51,3.295,0.6,0.8,285,300,3,4,4,19,1,0.17729934612665307,2.817071898469502,0.6521716618595843,293.0230042999958,0.02859858917045169,0.0055866476159356785,0.010345257274580785,0.013764655439118154,9.7974275825531e-05,0.00937073276785265,0.0017902313562973308,0.002556015253827568,0.0026784893277673723,0.0008010687570426859,0.0007180531452007171,0.0015138259960123276
1354,72,0.155,0.204,2.51,3.295,0.6,0.8,300,315,3,4,4,20,1,0.17729934612665307,2.817071898469502,0.6521716618595843,308.17275667172424,0.050334593621144355,0.007360753596947542,0.008457033069116984,0.01808045318309978,1.387643466221215e-05,0.003942153691871525,0.0023728034673884085,0.0010318851195117587,0.006588972645457255,0.0006149558422535649,0.0008803473567057327,0.0024230345290686206
1355,72,0.155,0.204,2.51,3.295,0.6,0.8,315,330,3,4,4,21,1,0.17729934612665307,2.817071898469502,0.6521716618595843,323.45779415452813,0.0881286871077564,0.006102763960889935,0.00832819812338148,0.029192991724788866,3.9552228849133644e-05,0.005246123578600751,0.0010226089957463046,0.0013851212100115,0.0061690676307718136,0.0005506578913147175,0.00034795184050912816,0.0009021206371076951
1566,82,0.204,0.268,1.456,1.912,0.15,0.25,0,15,4,2,1,0,1,0.23262177515436597,1.6699792933769326,0.19685519752899458,7.449432033438844,0.2230701529639967,0.029164640618133193,0.03916261214438283,0.08092895949981205,0.0020003502040023204,0.01150869366451872,0.011737109286438018,0.02307506882712678,0.025446210168035385,0.00898233213167859,0.0012205978798708933,0.008917993691112413
1567,82,0.204,0.268,1.456,1.912,0.15,0.25,15,30,4,2,1,1,1,0.23262177515436597,1.6699792933769326,0.19685519752899458,22.33490086958438,0.17797479978898498,0.019428121342006607,0.030789256019347018,0.06434895974625797,0.0016827645862745536,0.012192229362339739,0.015849989725572916,0.01327493021223918,0.017814178298749553,0.007122722399856093,0.000656515705715073,0.007190635427272786
1568,82,0.204,0.268,1.456,1.912,0.15,0.25,30,45,4,2,1,2,1,0.23262177515436597,1.6699792933769326,0.19685519752899458,37.30093216870626,0.18252704743949974,0.021803158873370428,0.029112381851982973,0.06485184395701216,0.0021627404119282435,0.019810795258710986,0.0029723185983291187,0.013378326284402607,0.014181985576192702,0.00843438728865601,0.0008618285654967575,0.007838540381886519
1569,82,0.204,0.268,1.456,1.912,0.15,0.25,45,60,4,2,1,3,1,0.23262177515436597,1.6699792933769326,0.19685519752899458,52.27257378897629,0.12910586963915965,0.020172634827693006,0.02040860229831833,0.04578931204314144,0.0022429264959147096,0.009400198763295366,0.012381404890126044,0.006389182641877813,0.0097694996889469,0.00587967021316551,0.0004690641402703035,0.005792462831865629
1570,82,0.204,0.268,1.456,1.912,0.15,0.25,60,75,4,2,1,4,1,0.23262177515436597,1.6699792933769326,0.19685519752899458,67.31157305782325,0.10541438324596696,0.024200914205334195,0.023996562087776806,0.0411817012730585,0.002713280134636869,0.005853667110117996,0.00485470735319555,0.017006164757043862,0.013952724655210656,0.005276644923185057,0.0003562760725060009,0.0051721693489695355
1571,82,0.204,0.268,1.456,1.912,0.15,0.25,75,90,4,2,1,5,1,0.23262177515436597,1.6699792933769326,0.19685519752899458,82.35580010455784,0.07641304413669865,0.017310540504090637,0.027750534207824872,0.03685990543629813,0.0022544410718415672,0.006085852553568085,0.007474995501763535,0.024540423806078515,0.007464281047374472,0.0037094981912842748,0.00012808605029836917,0.0037614615619406765
1572,82,0.204,0.268,1.456,1.912,0.15,0.25,90,135,4,2,1,6,3,0.23262177515436597,1.6699792933769326,0.19685519752899458,111.70717954344428,0.06357621571948202,0.014289934360838676,0.016387756073540812,0.0259996433555884,0.00212637515903006,0.00843042789882853,0.009346643610340643,0.008919614635052019,0.003975515399746534,0.0031669321502715867,0.001095787883573965,0.0032001513310169704
1574,82,0.204,0.268,1.456,1.912,0.15,0.25,150,225,4,2,1,10,5,0.23262177515436597,1.6699792933769326,0.19685519752899458,187.63073470129282,0.0678886305740011,0.02448481384475327,0.01477126733256674,0.02612966323028863,0.004965688036346589,0.0032901202409703644,0.005753510961576445,0.011534020389023075,0.0018098398721197572,0.003479045394203699,0.0008281675893056167,0.003646279563294622
1578,82,0.204,0.268,1.456,1.912,0.15,0.25,285,330,4,2,1,19,3,0.23262177515436597,1.6699792933769326,0.19685519752899458,309.29210968216825,0.16748893343812962,0.033301106827739166,0.04715522969477672,0.07107237937575792,0.0023736303080903816,0.02511569066722329,0.0287090587764805,0.022504853106147714,0.014208210703180402,0.007680833381207514,0.0006786960237067208,0.007391341453981859
1579,82,0.204,0.268,1.456,1.912,0.15,0.25,330,345,4,2,1,22,1,0.23262177515436597,1.6699792933769326,0.19685519752899458,337.6264374524128,0.19522726530875217,0.031959429867764955,0.028364183066763384,0.06816411874321072,0.0022901761517390377,0.010849723420233371,0.006070851152854463,0.015366507532976791,0.01856678072663581,0.007774314550101759,0.000788146253465072,0.00799095375478987
1580,82,0.204,0.268,1.456,1.912,0.15,0.25,345,360,4,2,1,23,1,0.23262177515436597,1.6699792933769326,0.19685519752899458,352.5889117179733,0.215164625085418,0.027202548584278723,0.026622974268002305,0.07331680104662039,0.0013358052372163124,0.013086912383893881,0.01449278475139804,0.011001912634011584,0.011352331671721437,0.008428771634021339,0.0010164306405398464,0.008704756266414041
1581,83,0.204,0.268,1.456,1.912,0.25,0.4,0,15,4,2,2,0,1,0.23299549514698603,1.6670435570946824,0.32039370218925556,7.389462221109584,0.14322316733244841,0.018004983298751623,0.017433898559924332,0.04869925622982598,0.001109194465694567,0.0046141501571551466,0.011980116797434309,0.008718701084752192,0.006786890974972287,0.004096741833687403,0.0013287765852040621,0.003977346951253105
1582,83,0.204,0.268,1.456,1.912,0.25,0.4,15,30,4,2,2,1,1,0.23299549514698603,1.6670435570946824,0.32039370218925556,22.203980467450346,0.1346842666908495,0.02044933589637203,0.014502518794246138,0.04515308868826857,0.0010595312777663673,0.005272528415938735,0.008151701858921907,0.004555386077825446,0.008989491451704816,0.004226406208629493,0.0006001226643337603,0.0036589816721247846
1583,83,0.204,0.268,1.456,1.912,0.25,0.4,30,45,4,2,2,2,1,0.23299549514698603,1.6670435570946824,0.32039370218925556,37.21037375252265,0.1281263009651525,0.026846262478055927,0.030472672957736587,0.05082651736495622,0.0014933111978641235,0.012652757528498156,0.019250612300142265,0.0176923859508865,0.00811709897028832,0.004864253943690529,0.00029772122060646547,0.004094832783102021
1585,83,0.204,0.268,1.456,1.912,0.25,0.4,75,90,4,2,2,5,1,0.23299549514698603,1.6670435570946824,0.32039370218925556,82.35567576666273,0.07809904948920095,0.020103933568732944,0.020547426898175833,0.032202735784822106,0.0013867140075763196,0.011057934542082343,0.011903182349372498,0.011968703295531867,0.002391146748916941,0.0028934205753439815,0.0009126440561406504,0.0027097359034321156
1586,83,0.204,0.268,1.456,1.912,0.25,0.4,90,105,4,2,2,6,1,0.23299549514698603,1.6670435570946824,0.32039370218925556,97.38497648874389,0.05028920660013408,0.011503632932517247,0.012101202939392718,0.020033974672875356,0.0012945874005285043,0.0065311837513443785,0.0002986339398076462,0.008748666613271266,0.004689615476551064,0.0017964212029585136,0.000475699057194191,0.001867070376513798
1587,83,0.204,0.268,1.456,1.912,0.25,0.4,105,120,4,2,2,7,1,0.23299549514698603,1.6670435570946824,0.32039370218925556,112.40475583843231,0.04890892831499502,0.012586558968039957,0.01753206805672448,0.023412549062829965,0.0009666338897734497,0.007083212582525498,0.0096158714658009,0.011227523745732212,0.005884722579572757,0.0017935877292747104,0.00047119443643521607,0.0018857213933461097
1588,83,0.204,0.268,1.456,1.912,0.25,0.4,120,135,4,2,2,8,1,0.23299549514698603,1.6670435570946824,0.32039370218925556,127.46028977254554,0.04451143117473971,0.01667556191042192,0.012055663609689059,0.018575487850686145,0.002152302410094865,0.0025843001279140317,0.009295999324559436,0.006315347354593761,0.002127646181876147,0.0017163643795319594,0.00037075993492220613,0.001789390490560514
1589,83,0.204,0.268,1.456,1.912,0.25,0.4,135,165,4,2,2,9,2,0.23299549514698603,1.6670435570946824,0.32039370218925556,149.9007987493934,0.030058406168903564,0.011509788366769842,0.004962762244351523,0.010756470743118113,0.002064183103664373,0.0023573129775071363,0.0003075570157409888,0.003621340630955172,0.00043611714568881434,0.0011779799364254667,0.00022394377695600343,0.0011884171348822985
1590,83,0.204,0.268,1.456,1.912,0.25,0.4,165,195,4,2,2,11,2,0.23299549514698603,1.6670435570946824,0.32039370218925556,180.0426404531687,0.042261818369964586,0.008927344362127304,0.01061312984594101,0.01710764927483637,0.001682967425061278,0.00197667601110735,0.004632687388011428,0.00895199915566796,0.001170427487991762,0.0016351359942549746,0.0002847019317978164,0.0017114075777945165
1591,83,0.204,0.268,1.456,1.912,0.25,0.4,195,240,4,2,2,13,3,0.23299549514698603,1.6670435570946824,0.32039370218925556,217.7859532825498,0.04887364302393294,0.012333190495007576,0.010198404529544434,0.018568230914260197,0.002546385599021776,0.0018183303460092377,0.006142384397943908,0.006926334152090156,0.0022027837549849737,0.0019077620452868102,0.00034069638352773505,0.0019135837928786793
1598,83,0.204,0.268,1.456,1.912,0.25,0.4,330,360,4,2,2,22,2,0.23299549514698603,1.6670435570946824,0.32039370218925556,345.823676553076,0.11990300370885626,0.0172133890219025,0.0257571259108655,0.045962910495695286,0.0011521752098432566,0.0085026053995437,0.014084316679554194,0.017480452626261644,0.008451177278178795,0.003420545623964807,7.44085145884194e-05,0.0038014643438417806
1602,84,0.204,0.268,1.456,1.912,0.4,0.6,75,120,4,2,3,5,3,0.23291425082032688,1.6629504434573146,0.4961933731937978,96.6553683975594,0.027248061503210415,0.008873344800806267,0.007863582121295783,0.011690800233543523,0.000788707174769883,0.001352034412860937,0.006263005642697704,0.0017163368508022834,0.004056577331032275,0.0008338305315407419,0.0003177802279188083,0.0008712038847129054
1604,84,0.204,0.268,1.456,1.912,0.4,0.6,135,150,4,2,3,9,1,0.23291425082032688,1.6629504434573146,0.4961933731937978,142.48690897197574,0.022039639164127198,0.006596460039001129,0.004228799288718934,0.00817590417692657,0.0009804277612494464,0.0006436808516112662,0.002428798848241604,0.0029614280701207854,0.0010912647456135282,0.0007071941122880569,0.0001624432312179802,0.0008044880271154686
1605,84,0.204,0.268,1.456,1.912,0.4,0.6,150,180,4,2,3,10,2,0.23291425082032688,1.6629504434573146,0.4961933731937978,164.94717374603727,0.015516755992553763,0.005068828726848177,0.004193337662017021,0.006469421935641054,0.0008325144749092126,0.0011180417854433733,0.0016090485578419747,0.0033136942191226795,0.0013589949060839816,0.0005240841252801121,9.287949332808974e-05,0.00047382398488995204
1607,84,0.204,0.268,1.456,1.912,0.4,0.6,195,210,4,2,3,13,1,0.23291425082032688,1.6629504434573146,0.4961933731937978,202.51117576479004,0.020358551675854816,0.007541082537411395,0.0035537956665390074,0.007376155900581423,0.0009420245281909047,0.0004463703462526561,0.0010346877959473138,0.0025635629948108293,0.001859401065062919,0.000676056677456756,0.00016171014066611325,0.0006655828705589726
1610,84,0.204,0.268,1.456,1.912,0.4,0.6,255,300,4,2,3,17,3,0.23291425082032688,1.6629504434573146,0.4961933731937978,278.8647171016866,0.04391343279071347,0.012443877848196894,0.016485048094488797,0.021590194395752077,0.0008142063200972218,0.003147141949635867,0.011408226142280086,0.009209376507658545,0.006658717654625217,0.0014202982908433119,0.0007252951292032875,0.00137499677000754
1611,84,0.204,0.268,1.456,1.912,0.4,0.6,300,345,4,2,3,20,3,0.23291425082032688,1.6629504434573146,0.4961933731937978,326.88049335137225,0.09341644886852579,0.02955245186074616,0.034004263548737396,0.04512123169103475,0.0010943429188565244,0.027638747300266605,0.0012252071270514816,0.016938083513118173,0.009799701581849035,0.003089091580913291,0.0007494183692634679,0.002599623827615644
1612,84,0.204,0.268,1.456,1.912,0.4,0.6,345,360,4,2,3,23,1,0.23291425082032688,1.6629504434573146,0.4961933731937978,352.7878109313098,0.13730967467070243,0.029839946320961624,0.03221257851943381,0.05420432296901679,0.0003677453578292876,0.003749822581056302,0.015057913832894006,0.024573110329098275,0.013570908807562771,0.0030745764675961925,0.0009925230323653486,0.0029505461740162698
1613,85,0.204,0.268,1.456,1.912,0.6,0.8,0,15,4,2,4,0,1,0.23220908446980526,1.6555708446688655,0.7012697745229692,6.673173191857055,0.18870727527626951,0.03188107491513602,0.04817428794992487,0.0768781975825825,0.0002472283306403368,0.0228170153458275,0.028365925956435306,0.026372619568184846,0.01694356633420971,0.002066970861031131,0.0019847993738037425,0.003586007524690305
1617,85,0.204,0.268,1.456,1.912,0.6,0.8,105,150,4,2,4,7,3,0.23220908446980526,1.6555708446688655,0.7012697745229692,127.21693884293695,0.018002909475185843,0.0048030736111154,0.0044571313709882345,0.007248133896885902,0.0011453280699554019,0.0010351529199525073,0.0036454267184366034,0.0015867517386317167,0.0011946186888815834,0.0005285254497914382,7.567163374530985e-05,0.0004986694810855159
1618,85,0.204,0.268,1.456,1.912,0.6,0.8,150,165,4,2,4,10,1,0.23220908446980526,1.6555708446688655,0.7012697745229692,157.48526385649257,0.01280751647544631,0.0042416127104504325,0.00389049635299578,0.00562763420352805,0.0010053133361349856,0.001035933808773685,0.0025684797142875226,0.0023073525123255144,0.0009585773737323059,0.0004165365744802666,6.972703248484739e-05,0.00046077529494251086
1622,85,0.204,0.268,1.456,1.912,0.6,0.8,255,285,4,2,4,17,2,0.23220908446980526,1.6555708446688655,0.7012697745229692,270.3946727804083,0.02758054332531358,0.00649292012535936,0.007743258912921064,0.01168907443699525,0.0008292664704777814,0.0029837344670149146,0.004303841174904419,0.004720941459682358,0.0029838155160057064,0.0008004725373911167,0.0001829327460596453,0.0008088338430810012
1624,85,0.204,0.268,1.456,1.912,0.6,0.8,315,330,4,2,4,21,1,0.23220908446980526,1.6555708446688655,0.7012697745229692,323.194327673969,0.029335777149394154,0.009359201477359424,0.008340541958379246,0.01250244000612232,0.0009054955882482283,0.0018296094427417999,0.006512055362102795,0.0028049015263321344,0.0037994201772271145,0.000873260524287558,2.0759444405888e-05,0.0008290451685795804
1625,85,0.204,0.268,1.456,1.912,0.6,0.8,330,360,4,2,4,22,2,0.23220908446980526,1.6555708446688655,0.7012697745229692,348.7407320515871,0.1923356549901898,0.02612619963515751,0.04133102353122163,0.0737367630476076,0.0002577901185398438,0.017814341090746852,0.013420482160416804,0.031477902313575425,0.01401547083085253,0.0032723300600294644,0.002465059250689357,0.0048409920268645806
1626,86,0.204,0.268,1.456,1.912,0.8,1.0,0,30,4,2,5,0,2,0.229439924923219,1.6328795556332674,0.9136385538391968,7.558133599874019,0.2968525639745326,0.053620690619268024,0.07953622343593908,0.12332299746186655,0.0008099597888212728,0.03465229500414508,0.04706055914944777,0.02072647564611029,0.04941684728392526,0.004326995537954477,0.0028693410258041137,0.006185906472583877
1633,86,0.204,0.268,1.456,1.912,0.8,1.0,165,210,4,2,5,11,3,0.229439924923219,1.6328795556332674,0.9136385538391968,187.55204642509446,0.0074526363136710235,0.0027016713711029167,0.002131353732000704,0.003184528812191145,0.0010796693042146974,0.0009875150234838856,0.00045082224074954576,0.0013268373117730214,0.000634379593330415,0.00026991270190845527,0.00013447929226751006,0.00018873682667126088
1638,86,0.204,0.268,1.456,1.912,0.8,1.0,315,345,4,2,5,21,2,0.229439924923219,1.6328795556332674,0.9136385538391968,334.76372449499456,0.036775909430413825,0.009286975927383293,0.009642233463764386,0.015142654938389937,0.0009885422150328316,0.0015420915791133439,0.0032937246764460086,0.008473617404685089,0.0024819833990601444,0.0008909483006546873,4.259605969271852e-05,0.0008979689649658679
1639,86,0.204,0.268,1.456,1.912,0.8,1.0,345,360,4,2,5,23,1,0.229439924923219,1.6328795556332674,0.9136385538391968,354.82608687777383,0.4787061291591347,0.09100864214695842,0.09764809882505203,0.18064938036353773,0.0010692402467280759,0.06682656951574618,0.00043634639695556743,0.018329984737014672,0.06829321262708722,0.004949351194584767,0.003994138062093597,0.008250812483214848
1640,87,0.204,0.268,1.912,2.51,0.15,0.25,0,15,4,3,1,0,1,0.23122820460577037,2.2043437217885518,0.19632013338395868,7.433355900030797,0.21466900935832836,0.014134978071332014,0.025783106710167123,0.07286882537211983,0.00024934479446648644,0.01180852560944747,0.005399721184361036,0.012644404355346351,0.01702095718485993,0.006934061075135836,0.0009050080587088955,0.006820132540734578
1641,87,0.204,0.268,1.912,2.51,0.15,0.25,15,30,4,3,1,1,1,0.23122820460577037,2.2043437217885518,0.19632013338395868,22.321560913511004,0.17610712072751025,0.010090655376022486,0.01946062384260924,0.05920191472988147,0.00032009468653921566,0.010996037676984633,0.005451666467586372,0.001432457209207613,0.013701150444577362,0.00599342876100933,0.0005176722888337542,0.006181136684021474
1642,87,0.204,0.268,1.912,2.51,0.15,0.25,30,45,4,3,1,2,1,0.23122820460577037,2.2043437217885518,0.19632013338395868,37.26450443289524,0.14882476331348524,0.009889625761309605,0.01733240348582745,0.05032881344709793,0.0003592642120549546,0.007858440695046034,0.007331847348125371,0.0032552738389658225,0.012099445175727865,0.005269330714646665,0.000500552517925174,0.005270548624250792
1643,87,0.204,0.268,1.912,2.51,0.15,0.25,45,60,4,3,1,3,1,0.23122820460577037,2.2043437217885518,0.19632013338395868,52.25325788422882,0.11504810622490945,0.01013586646237338,0.014991240353329195,0.03948315061102765,0.00044703019845212426,0.00405010710950948,3.51270046761875e-05,0.010239518810109255,0.009218827609927168,0.004280473149654062,0.0005367117458543438,0.004277653780270687
1644,87,0.204,0.268,1.912,2.51,0.15,0.25,60,75,4,3,1,4,1,0.23122820460577037,2.2043437217885518,0.19632013338395868,67.27678690817199,0.09349595143751202,0.011218319031339713,0.017001977606431514,0.03420819677592785,0.000524040662013036,0.005010468841222446,0.014214823111496373,0.0026140658465091987,0.006456553662016678,0.0037379688796808186,0.00032559239738493055,0.0036202492143188793
1645,87,0.204,0.268,1.912,2.51,0.15,0.25,75,90,4,3,1,5,1,0.23122820460577037,2.2043437217885518,0.19632013338395868,82.2836984485376,0.06671768890944547,0.007942863228179034,0.014185217344191169,0.02549317178514507,0.00044437698406066343,0.0033297192794188614,0.009437789117495031,0.008579370457866168,0.004505641548839578,0.0025693355238323094,0.0002119962937698835,0.0026377306670699956
1646,87,0.204,0.268,1.912,2.51,0.15,0.25,90,105,4,3,1,6,1,0.23122820460577037,2.2043437217885518,0.19632013338395868,97.34965994228531,0.045183059278923285,0.007030728880224686,0.01042479385794712,0.01773297256196751,0.0003015557697447362,0.0005691195799268738,0.00931413240230557,0.0032806636187290533,0.0026583663767195363,0.0018864662395246346,0.0001834795370573045,0.00191801095470428
1647,87,0.204,0.268,1.912,2.51,0.15,0.25,105,135,4,3,1,7,2,0.23122820460577037,2.2043437217885518,0.19632013338395868,119.53940387459464,0.05970698198471904,0.010324798581509599,0.010447876433776718,0.02164483215076046,0.0005440525340043825,0.0016026504202847776,0.002670660300447861,0.009256452724271709,0.0026176119142241484,0.0024593461323646486,0.0001397843986464016,0.0025743746494086162
1648,87,0.204,0.268,1.912,2.51,0.15,0.25,135,180,4,3,1,9,3,0.23122820460577037,2.2043437217885518,0.19632013338395868,157.14001354424664,0.0394273146580694,0.008898806225153008,0.006302508269141012,0.014014811235318657,0.0005347265991814724,0.002224047990069169,0.003556830368806208,0.0041626146119275636,0.0012080535296597748,0.0016261998288592714,0.00011207409030853776,0.0017468521615092501
1650,87,0.204,0.268,1.912,2.51,0.15,0.25,225,270,4,3,1,15,3,0.23122820460577037,2.2043437217885518,0.19632013338395868,248.77417389888808,0.041305744867653094,0.01264572726283978,0.01254423941484468,0.01814766025419997,0.0003315853264313446,0.0003101839938708907,0.0010597522821491462,0.011656648194185243,0.004119054086507664,0.0017244349564003551,5.3179856433818444e-06,0.0017845590402356026
1652,87,0.204,0.268,1.912,2.51,0.15,0.25,300,315,4,3,1,20,1,0.23122820460577037,2.2043437217885518,0.19632013338395868,307.7513476914232,0.11017161955295879,0.026018771992865532,0.026278186422436206,0.043749507240986266,0.0005099964718915252,0.01116633635271444,0.011784514355827344,0.015778518806633193,0.012648544296579795,0.004178988102903133,0.0005371905633719492,0.004215899732263233
1653,87,0.204,0.268,1.912,2.51,0.15,0.25,315,330,4,3,1,21,1,0.23122820460577037,2.2043437217885518,0.19632013338395868,322.74203145739875,0.16857902410166653,0.0233892862469246,0.03164248119354716,0.062175889147085626,0.00044266756527967127,0.0005286582221558393,0.012819665321717017,0.023711249457237276,0.015396378053108449,0.00607070401254496,0.0006617513358695331,0.0060955356660734586
1654,87,0.204,0.268,1.912,2.51,0.15,0.25,330,345,4,3,1,22,1,0.23122820460577037,2.2043437217885518,0.19632013338395868,337.65427805138785,0.17687978099348292,0.01732577238864052,0.019313998683011452,0.05938579946457256,0.0003607175074107322,0.010840538878311896,0.0031187483278369023,0.008857375702361102,0.011669855869925482,0.005299182348758642,0.0008766500179561426,0.0055693727963772805
1655,87,0.204,0.268,1.912,2.51,0.15,0.25,345,360,4,3,1,23,1,0.23122820460577037,2.2043437217885518,0.19632013338395868,352.5631495054023,0.1635740154193174,0.012606151966335992,0.018265727302104313,0.05505143280223314,0.0002775272236902668,0.007046191844636163,0.004360585530573265,0.00809975613628124,0.013088542350538386,0.00520654340969805,0.0006261409893453641,0.005289636708227238
1656,88,0.204,0.268,1.912,2.51,0.25,0.4,0,15,4,3,2,0,1,0.2315720983383216,2.2008467594615144,0.3193501598567644,7.401524331965645,0.12078096956788212,0.008825649495170866,0.01269503501906993,0.04039336063655879,0.00030364820195962454,0.005227812148529504,0.005744145565485821,0.0038255466183596946,0.008913350285325593,0.0021953665452648947,0.0005004028467730267,0.0025814460151043846
1657,88,0.204,0.268,1.912,2.51,0.25,0.4,15,30,4,3,2,1,1,0.2315720983383216,2.2008467594615144,0.3193501598567644,22.191397244241767,0.09793173488687229,0.007554865745269946,0.008656526317902601,0.03227476629044318,0.00032059387059797494,0.0035042629128741397,0.0006052478900538317,0.0021776573397605807,0.007267618546980866,0.002216424556461325,0.0003749303488558255,0.0021508168350378386
1658,88,0.204,0.268,1.912,2.51,0.25,0.4,30,45,4,3,2,2,1,0.2315720983383216,2.2008467594615144,0.3193501598567644,37.14850522199407,0.0826629527613006,0.008524061551438157,0.014585663837813677,0.03002528032109124,0.0003622346268464232,0.005347443227233065,0.010601562298661667,0.0056330438930250375,0.006042703266405158,0.0021618587520743963,0.00030104614588981874,0.001837568272844185
1659,88,0.204,0.268,1.912,2.51,0.25,0.4,45,60,4,3,2,3,1,0.2315720983383216,2.2008467594615144,0.3193501598567644,52.15119824130146,0.060357565106283706,0.008007832539853054,0.005643538625433216,0.019976580562708828,0.00033793233160922656,0.0036835361885774556,0.0007498001512125466,0.0005767583194717229,0.003895439232577119,0.0016666356738105413,0.0003648211857083611,0.0014483072405090092
1660,88,0.204,0.268,1.912,2.51,0.25,0.4,60,75,4,3,2,4,1,0.2315720983383216,2.2008467594615144,0.3193501598567644,67.23856989054168,0.04705168819468983,0.007909885319017467,0.008440392062989133,0.017157947522544032,0.0003555510193397013,0.005076858327756112,0.00039627743372849724,0.004809848586870063,0.004544211667682953,0.001142160139605835,0.0001525296315626502,0.001182274188039997
1661,88,0.204,0.268,1.912,2.51,0.25,0.4,75,90,4,3,2,5,1,0.2315720983383216,2.2008467594615144,0.3193501598567644,82.28243786274126,0.03366723095586785,0.004775107859006533,0.006753862622748797,0.012643912480550197,0.00035977674464173214,0.001935186620205195,0.002403541840102955,0.005424244972608246,0.0023732698612349496,0.00107313628755164,7.968315712882402e-05,0.0009531091394586229
1662,88,0.204,0.268,1.912,2.51,0.25,0.4,90,105,4,3,2,6,1,0.2315720983383216,2.2008467594615144,0.3193501598567644,97.3401105322171,0.030676701725525654,0.00383155510665948,0.0036248689168348544,0.010392187270786562,0.00031777044610160557,0.0010156985220972803,0.0014006618326557693,0.0017417420080855619,0.0024769623750911063,0.000998628350461609,3.5253428588149355e-05,0.0009360511312015809
1663,88,0.204,0.268,1.912,2.51,0.25,0.4,105,120,4,3,2,7,1,0.2315720983383216,2.2008467594615144,0.3193501598567644,112.35830024828017,0.02826406711458492,0.004040303846253842,0.004291157753352795,0.00994676062940129,0.0002927796025971508,0.002383965490512826,0.0003844035711877569,0.00235647510632223,0.0024932967254518708,0.0008218829470642204,3.118662548587817e-05,0.0008530849401434333
1664,88,0.204,0.268,1.912,2.51,0.25,0.4,120,135,4,3,2,8,1,0.2315720983383216,2.2008467594615144,0.3193501598567644,127.40561184898641,0.029039069331326613,0.004880790664403698,0.0042655520413941925,0.010158515366594234,0.00047655712745929037,0.0008666743600764851,0.0014495190183879494,0.0036852857365087784,0.0008734419230537219,0.0008580240239090611,5.18698595764731e-05,0.0008782744094898433
1665,88,0.204,0.268,1.912,2.51,0.25,0.4,135,150,4,3,2,9,1,0.2315720983383216,2.2008467594615144,0.3193501598567644,142.43757152562168,0.0160680950074732,0.004169371549803463,0.002441953932966613,0.005655774725021984,0.0006084592893140396,0.0006052899783486338,0.00012042862191454258,0.0022069993472845924,0.0002988489293366717,0.0004574220787375715,5.185597644134088e-06,0.0005018769686215408
1666,88,0.204,0.268,1.912,2.51,0.25,0.4,150,165,4,3,2,10,1,0.2315720983383216,2.2008467594615144,0.3193501598567644,157.45862362823647,0.02346799284634505,0.006837505697143261,0.0031230591829377995,0.008078873533187803,0.0005217550960065783,0.000475407630875399,0.002701373469464443,0.0010158964017759535,0.0005952154273420671,0.000698950557553118,2.704889127362158e-05,0.0007559843509061744
1667,88,0.204,0.268,1.912,2.51,0.25,0.4,165,180,4,3,2,11,1,0.2315720983383216,2.2008467594615144,0.3193501598567644,172.48822524694748,0.019395345576259018,0.003486572025427422,0.002883815157358805,0.006799624176619506,0.00042683200068120876,0.0008999062983096811,0.0022920793471726407,0.0012370308162388557,0.00034211123803027765,0.000576089994348486,1.3050509192942922e-05,0.0006507379549579792
1668,88,0.204,0.268,1.912,2.51,0.25,0.4,180,195,4,3,2,12,1,0.2315720983383216,2.2008467594615144,0.3193501598567644,187.51114914144333,0.01651409400378557,0.003368333205763604,0.0041888000835109285,0.0067108470076481935,0.0004619641407220426,0.0012873883143998993,0.0037420000951418945,0.0011679045017515693,8.993796550891227e-05,0.0005027960526931498,1.2072436300304337e-05,0.0005482810642009058
1669,88,0.204,0.268,1.912,2.51,0.25,0.4,195,225,4,3,2,13,2,0.2315720983383216,2.2008467594615144,0.3193501598567644,210.16517229176054,0.01308805164859761,0.003514492312242968,0.0019097567086262775,0.004573154438955149,0.0005812436956952721,0.0002750909323711562,0.0010164123600142354,0.0011622985145648803,0.000819040613784343,0.00039498747038195004,3.678139847804254e-05,0.0004228380088249825
1670,88,0.204,0.268,1.912,2.51,0.25,0.4,225,255,4,3,2,15,2,0.2315720983383216,2.2008467594615144,0.3193501598567644,240.40683266502543,0.020268554387722095,0.005709861979185625,0.006476043821707769,0.009129556483002491,0.0005434896166613506,0.00016411293066491666,0.002134736399451345,0.0058556070812215075,0.0015401781602920456,0.0006309369489869166,4.9399354593672315e-05,0.0006320182062367155
1673,88,0.204,0.268,1.912,2.51,0.25,0.4,315,345,4,3,2,21,2,0.2315720983383216,2.2008467594615144,0.3193501598567644,331.32789918277,0.09942077241759817,0.018305279711878897,0.015449212429871559,0.03514291641967531,0.00028193638315283665,0.006860960451914578,0.00014902060237332833,0.012999848763618992,0.004281151310751154,0.0020944137711444866,0.00077336128028236,0.0020443499441075096
1674,88,0.204,0.268,1.912,2.51,0.25,0.4,345,360,4,3,2,23,1,0.2315720983383216,2.2008467594615144,0.3193501598567644,352.60763587886333,0.11132835481296399,0.009591593149882274,0.009935353216994623,0.03671530931816035,0.00030568018454948904,0.003618034793862863,0.0033162123059552397,0.003929463214391211,0.0072958604160474096,0.002225660873682637,0.00023031555856946326,0.0024207649575592317
1675,89,0.204,0.268,1.912,2.51,0.4,0.6,0,15,4,3,3,0,1,0.2315633745758742,2.196553161906966,0.4942209283900063,7.242341215191561,0.12753839927325525,0.00978577067457525,0.016727942848589628,0.043811236931532396,0.00021300641920426149,0.005153927223456778,0.003934177207049592,0.008465903116989878,0.012788914204179212,0.001333482582322555,0.00022666411941137262,0.001584342760196003
1676,89,0.204,0.268,1.912,2.51,0.4,0.6,15,30,4,3,3,1,1,0.2315633745758742,2.196553161906966,0.4942209283900063,21.975641564683848,0.08417826331274592,0.012086455916859465,0.011339454809590501,0.029031753689121313,0.000243589757088949,0.007114092591175001,0.0012993749107162102,0.003886567846716784,0.007775381095617413,0.0008295550365723291,0.00012655824486480406,0.000814401648671812
1677,89,0.204,0.268,1.912,2.51,0.4,0.6,30,75,4,3,3,2,3,0.2315633745758742,2.196553161906966,0.4942209283900063,48.6316640437905,0.03290851683810944,0.012480054540764954,0.01010155781070907,0.01453285172209168,0.00034796951968607537,0.0044887961673970205,0.008050115343999124,0.0039001522901313643,0.0011360815517887214,0.000909191899665867,0.00010625504000840308,0.0006818138703538692
1678,89,0.204,0.268,1.912,2.51,0.4,0.6,75,105,4,3,3,5,2,0.2315633745758742,2.196553161906966,0.4942209283900063,89.28020407888877,0.019244008289142883,0.0031522440146218708,0.0030393976402721063,0.006824002312511848,0.0004061900346598579,0.0015970922099487286,0.0011226217037155358,0.0008253821697853642,0.0020940863776397122,0.00046538615452468513,0.000135136820991633,0.0004421664522403065
1680,89,0.204,0.268,1.912,2.51,0.4,0.6,120,135,4,3,3,8,1,0.2315633745758742,2.196553161906966,0.4942209283900063,127.43510590805934,0.013656624374731582,0.00299501623033381,0.003684175590076978,0.00568968358722428,0.0004810047485945668,0.001054233293924379,0.00042420454927681985,0.003346438007254964,0.000858311134090385,0.0003119187124915,5.3807889303819775e-05,0.0003392366922940832
1681,89,0.204,0.268,1.912,2.51,0.4,0.6,135,150,4,3,3,9,1,0.2315633745758742,2.196553161906966,0.4942209283900063,142.43537680479412,0.010439965983772514,0.0021354696025919413,0.0021187378273533654,0.003933881162974831,0.0005089170875222346,0.0005748236660937302,0.0008466640414441935,0.0016559499871913155,0.0005988175018992734,0.00024469252641299037,6.503706858214232e-05,0.00028642341428397627
1682,89,0.204,0.268,1.912,2.51,0.4,0.6,150,165,4,3,3,10,1,0.2315633745758742,2.196553161906966,0.4942209283900063,157.4651929967187,0.006632895176640035,0.002066013375896434,0.00133439399814848,0.002493047955476631,0.0004288225470893067,0.0004790357601661543,0.0008387063380155177,0.0004981654276761518,0.0006163912922377875,0.00015934862881189662,4.503797786659485e-05,0.00018896551531649028
1683,89,0.204,0.268,1.912,2.51,0.4,0.6,165,180,4,3,3,11,1,0.2315633745758742,2.196553161906966,0.4942209283900063,172.4952567634326,0.007577925253073084,0.0020089117286088472,0.0020379824982383653,0.003153053851499435,0.00036374698274670554,0.00016462858507169912,0.0017376885652622825,0.000773785260960619,0.00057001251730492,0.0001949210992620182,4.9843075876475794e-05,0.00022525269107909248
1684,89,0.204,0.268,1.912,2.51,0.4,0.6,180,195,4,3,3,12,1,0.2315633745758742,2.196553161906966,0.4942209283900063,187.4931818727874,0.009799324929643378,0.0016037122403780245,0.0017196155365324305,0.0035547822730577993,0.00038437730777799947,0.0004673980526063709,0.001254094601216341,0.0009631548065853088,6.850063965415404e-05,0.00025392968123065307,5.594996111814838e-05,0.0002928445855525473
1685,89,0.204,0.268,1.912,2.51,0.4,0.6,195,210,4,3,3,13,1,0.2315633745758742,2.196553161906966,0.4942209283900063,202.53293470776757,0.010389867753356232,0.0023407309736135783,0.001796789159699669,0.0037562793787670676,0.00047830426831102523,0.0008350452188663006,0.0013478819282384878,0.0005745369584343152,0.000252829280597697,0.0002638002104172394,2.964257773161546e-05,0.0003026131847289927
1686,89,0.204,0.268,1.912,2.51,0.4,0.6,210,225,4,3,3,14,1,0.2315633745758742,2.196553161906966,0.4942209283900063,217.5273949994481,0.01152502950336023,0.004157578169424444,0.002847750860018962,0.0046366409931133945,0.0005302874906985414,0.0006814978850286152,0.0009491620229643979,0.0024485529488747293,0.0006087596133204099,0.00027859019111482053,6.42391596956975e-05,0.00031166073631096414
1687,89,0.204,0.268,1.912,2.51,0.4,0.6,225,270,4,3,3,15,3,0.2315633745758742,2.196553161906966,0.4942209283900063,248.4648941479715,0.012419806110661636,0.0037815319272339527,0.0029222690055555486,0.004907958527881347,0.0004982986279099339,0.000889886770011151,0.002419932531517381,0.0008427925132826408,0.0009203879827311421,0.0002690644444453416,8.785563109579431e-05,0.00029320545444367756
1688,89,0.204,0.268,1.912,2.51,0.4,0.6,270,285,4,3,3,18,1,0.2315633745758742,2.196553161906966,0.4942209283900063,277.7159026334485,0.019638957246352912,0.005206315005640892,0.0036829131715340386,0.007241606676390603,0.0004535764814273024,0.0008196645207291071,0.002378420305450319,0.0005356644949867366,0.002563240731443187,0.0004530330967198823,1.103861866600204e-05,0.00041502437291763026
1689,89,0.204,0.268,1.912,2.51,0.4,0.6,285,300,4,3,3,19,1,0.2315633745758742,2.196553161906966,0.4942209283900063,292.78809328666813,0.0315669230234405,0.007243243222404711,0.008284287680233888,0.01300279337005103,0.0003855081661857358,0.0008242846054391477,0.007427659766601486,0.0008797878902559207,0.003352663612726621,0.000917959252042854,3.249682677929584e-05,0.0007853986704741676
1691,89,0.204,0.268,1.912,2.51,0.4,0.6,315,345,4,3,3,21,2,0.2315633745758742,2.196553161906966,0.4942209283900063,332.17211251915654,0.06807356401521507,0.010825633202860258,0.013861144131122315,0.02567556744184772,0.00011227907451697835,0.002996057117341803,0.011909494610876842,0.004798517213582506,0.004014686895885881,0.0011202346783412297,0.00015263717364634604,0.0014706500519320767
1692,89,0.204,0.268,1.912,2.51,0.4,0.6,345,360,4,3,3,23,1,0.2315633745758742,2.196553161906966,0.4942209283900063,352.75242542116575,0.11987225489903297,0.009396429413225554,0.012078021877397106,0.03992862441264663,0.00016129844590674565,0.004196266470542205,0.0003199722743777941,0.001993092727382955,0.01101644118927697,0.0013623490220939873,0.0007201385248886971,0.0016754598286198765
1693,90,0.204,0.268,1.912,2.51,0.6,0.8,0,15,4,3,4,0,1,0.23092833934559173,2.1926693630338656,0.6983282234626073,6.888521594464259,0.12941919925486928,0.010202905270859125,0.013847456426027752,0.043359741403143776,8.67753973117527e-05,0.007514404598452146,0.006742565493306631,0.0033980756668652106,0.008798518294313941,0.0011416959770415025,0.0010828317325773335,0.0009247762903925021
1694,90,0.204,0.268,1.912,2.51,0.6,0.8,15,30,4,3,4,1,1,0.23092833934559173,2.1926693630338656,0.6983282234626073,21.608425772469868,0.06532040153314406,0.010024303277285219,0.01349219193938551,0.024741134535465323,4.910601236709339e-05,0.0038134748449070574,0.009301546575436538,0.0046389861401076775,0.007588470400231533,0.000795577072468018,0.0002417792231267322,0.0013676247357054443
1698,90,0.204,0.268,1.912,2.51,0.6,0.8,135,150,4,3,4,9,1,0.23092833934559173,2.1926693630338656,0.6983282234626073,142.42877698994428,0.004533240064584366,0.0015094130546787657,0.0013959869262252626,0.002005049897663452,0.0003443114244657358,0.00017145452157579877,0.0011368019759610748,0.0006386042055476256,0.0002639965975195944,0.00012042656344266929,5.202928299458367e-06,0.00017608015450755896
1699,90,0.204,0.268,1.912,2.51,0.6,0.8,150,165,4,3,4,10,1,0.23092833934559173,2.1926693630338656,0.6983282234626073,157.49418480507046,0.004325822675916472,0.0012719946885903057,0.0009206507697084734,0.0016534276341729685,0.0002736746189069832,0.00017699645788539704,0.0008036948465328074,0.00024571912320423065,5.111881616073718e-05,0.00011795834817572713,9.430444758238091e-06,0.00018015512595988248
1700,90,0.204,0.268,1.912,2.51,0.6,0.8,165,195,4,3,4,11,2,0.23092833934559173,2.1926693630338656,0.6983282234626073,180.02125623521863,0.003992501773632362,0.001024352244036019,0.0008697056965151184,0.0015372477607250056,0.0002970470025512116,0.00017965759845698748,0.0005025326970816718,0.0005916064440401144,7.281022800724074e-05,0.00011396097831961553,1.1669457896289492e-05,0.0001674383426053341
1701,90,0.204,0.268,1.912,2.51,0.6,0.8,195,210,4,3,4,13,1,0.23092833934559173,2.1926693630338656,0.6983282234626073,202.50918819103947,0.003934106859185598,0.0013232942934152203,0.0008622251695810068,0.0015177344092162579,0.00033147135544170077,0.00010430349167934552,0.0005496880957026482,0.0003878869232171703,0.0003792536586727464,0.00011029378142510374,1.194872368991656e-06,0.0001619665392214815
1704,90,0.204,0.268,1.912,2.51,0.6,0.8,270,285,4,3,4,18,1,0.23092833934559173,2.1926693630338656,0.6983282234626073,277.70884863150724,0.011920530123024268,0.002444052043279491,0.0018513949335805294,0.004213205419891383,0.0002567723131771884,0.0008099383060788134,3.5288768770509544e-05,0.0008071105058936081,0.0014166411896150196,0.00023776834267344208,2.732629417614828e-05,0.00021490973356373902
1705,90,0.204,0.268,1.912,2.51,0.6,0.8,285,300,4,3,4,19,1,0.23092833934559173,2.1926693630338656,0.6983282234626073,292.813548490038,0.017317356564395207,0.0029178857434407736,0.002388532361540311,0.0059944786648302205,0.0002619287715956479,0.0008829105153377927,0.0004033607885210687,0.0012612347787647198,0.0017306198521521263,0.00036060654757525155,5.582615352587077e-05,0.00032937974603276706
1706,90,0.204,0.268,1.912,2.51,0.6,0.8,300,315,4,3,4,20,1,0.23092833934559173,2.1926693630338656,0.6983282234626073,307.9769161825353,0.017087296104443622,0.0032456644191449246,0.003002924644840029,0.006200677789907405,0.00028440882343199115,0.0013130237602729774,0.0010114632710335903,0.0012536182783721896,0.002109301721457467,0.00045014116996087755,6.286351603244232e-05,0.0004109332793021268
1707,90,0.204,0.268,1.912,2.51,0.6,0.8,315,330,4,3,4,21,1,0.23092833934559173,2.1926693630338656,0.6983282234626073,323.19526570566217,0.02706712612770553,0.004927451169261161,0.00444328075506663,0.009674245417339359,0.00034498410335884617,0.000614836640472129,0.001284689681446889,0.002367271275238606,0.0033817876044948242,0.0004298633766896024,2.059102032300442e-05,0.0007448607065803292
1708,90,0.204,0.268,1.912,2.51,0.6,0.8,330,345,4,3,4,22,1,0.23092833934559173,2.1926693630338656,0.6983282234626073,338.3915538564646,0.06372173858574282,0.006842196157327521,0.0059434424146189175,0.021085888415616025,6.743211793401004e-05,0.0022901506709649805,0.0014317408863269653,0.0013695896011633375,0.0050252572919848495,0.0005930618424954691,0.00025780883263745697,0.0009467323052472381
1709,90,0.204,0.268,1.912,2.51,0.6,0.8,345,360,4,3,4,23,1,0.23092833934559173,2.1926693630338656,0.6983282234626073,353.12515848713764,0.13242251291150367,0.009664963168670219,0.017207979802849698,0.045427934987428975,6.720641301166832e-05,0.008457826395349836,0.0010470005997604461,0.006693045735277745,0.01334031573485603,0.0007153150388317948,0.000887766835146509,0.0008474252081399606
1710,91,0.204,0.268,1.912,2.51,0.8,1.0,0,15,4,3,5,0,1,0.2291463769093141,2.1867884646374325,0.9041515704500738,6.011154884404756,0.17857308511877773,0.019937182184797272,0.03429804073883766,0.06626211665644806,0.0001426255237691183,0.011254981725129376,0.02072538991209105,0.007467867711332746,0.02370655074626811,0.0008513674345557484,0.0014712129177190116,0.0015327293963332696
1711,91,0.204,0.268,1.912,2.51,0.8,1.0,15,30,4,3,5,1,1,0.2291463769093141,2.1867884646374325,0.9041515704500738,21.21702109760019,0.051552376062265676,0.007725202523606552,0.011678783803090518,0.02010676800212023,7.128484532696693e-05,0.0019671074200757095,0.0065930334168158,0.007434481394627352,0.0057624097495506356,0.0005311397920553077,0.00012633722232671546,0.0007579106965948548
1712,91,0.204,0.268,1.912,2.51,0.8,1.0,30,45,4,3,5,2,1,0.2291463769093141,2.1867884646374325,0.9041515704500738,36.64685738547315,0.016861656250847627,0.004637565365384827,0.003991467831214831,0.006677613354792267,0.00011509627944123256,0.0003125650729714997,0.003193930244168676,0.0019279172985575614,0.0012617378057027475,0.00033590786599725696,1.5629234588569462e-05,0.0005575244965088829
1713,91,0.204,0.268,1.912,2.51,0.8,1.0,45,60,4,3,5,3,1,0.2291463769093141,2.1867884646374325,0.9041515704500738,51.97825721725568,0.0069922819084968155,0.0022334116966082965,0.0015902047705741071,0.002730753575006297,0.00013717157040600615,0.00037739958382689866,0.0010721286452103436,0.00039420517635518383,0.0010106959218155792,0.00024372754274408628,3.2270504702917975e-05,0.00020283226428714782
1714,91,0.204,0.268,1.912,2.51,0.8,1.0,60,90,4,3,5,4,2,0.2291463769093141,2.1867884646374325,0.9041515704500738,73.98057058654958,0.007332298473645966,0.002099822547786332,0.0019615921051958484,0.003044184354318271,0.0001387220514450414,0.0005064171407585569,0.000565526190110521,0.0014857124289003555,0.001014558101000702,0.0001406680140900366,3.154681744702394e-05,0.0001251080563330004
1716,91,0.204,0.268,1.912,2.51,0.8,1.0,120,150,4,3,5,8,2,0.2291463769093141,2.1867884646374325,0.9041515704500738,134.85247461656877,0.0036993030874370504,0.0010646657684131484,0.0010553389567841576,0.001578973852302801,0.00014053368757773675,0.00017063582216357676,0.0005017628762039676,0.0008600273569132757,0.00021907881035364879,0.00010337944859164259,8.047371425271366e-06,0.0001595789736618047
1717,91,0.204,0.268,1.912,2.51,0.8,1.0,150,180,4,3,5,10,2,0.2291463769093141,2.1867884646374325,0.9041515704500738,164.96034563871882,0.0036606347093682996,0.0008423531920777936,0.0010365907241193678,0.0015573218587690808,0.0001411821436926017,0.0001549675959023853,0.0009453336580780014,0.0002199757068643763,0.00023615643901405388,0.00011907624150641047,1.4086846425999735e-05,0.00018099192097852272
1722,91,0.204,0.268,1.912,2.51,0.8,1.0,270,285,4,3,5,18,1,0.2291463769093141,2.1867884646374325,0.9041515704500738,277.6809266794012,0.004632716477974547,0.0014200430638476856,0.0011522427137601937,0.0018684263463116652,0.00014134842607795012,0.00041680099185325794,0.00033510429549966393,0.0005270598712789811,0.0008588577687039626,5.395864296040676e-05,3.0369354547530454e-05,7.897571405685819e-05
1723,91,0.204,0.268,1.912,2.51,0.8,1.0,285,300,4,3,5,19,1,0.2291463769093141,2.1867884646374325,0.9041515704500738,292.8143504670999,0.008571418449311525,0.0019104923010836027,0.0025102407069939174,0.003702287067268693,0.00016077754189375393,0.00045931505492146344,0.001923691646566497,0.0010323111854751983,0.0011279748653684073,0.00019512430920171894,8.775392334847507e-05,0.00016095166282027552
1724,91,0.204,0.268,1.912,2.51,0.8,1.0,300,315,4,3,5,20,1,0.2291463769093141,2.1867884646374325,0.9041515704500738,308.01199174656534,0.005606684722649749,0.0019960009078753803,0.002219675925033095,0.002845271186195317,0.00019771152350890467,0.000698695329225586,0.0017572723826331928,0.000392445097213788,0.0010637693918444688,0.0002003907992499669,3.7444763203148916e-05,0.000161466722404454
1725,91,0.204,0.268,1.912,2.51,0.8,1.0,315,330,4,3,5,21,1,0.2291463769093141,2.1867884646374325,0.9041515704500738,323.32910891932045,0.017929429704848936,0.0030056837202587223,0.002619681364382321,0.006266260117187431,0.00012966991061986517,0.0013057701581665343,0.0005534022957012951,0.00034214074863660296,0.0020850050086735693,0.000324529588143543,1.7820143064406298e-05,0.0006085393826652885
1726,91,0.204,0.268,1.912,2.51,0.8,1.0,330,345,4,3,5,22,1,0.2291463769093141,2.1867884646374325,0.9041515704500738,338.8238260984687,0.0453007117056628,0.005086873014010797,0.00966187854807246,0.017326481323320566,7.882200441320308e-05,0.002821187871399425,0.0073994299659083385,0.0009743116961447302,0.005409009895365954,0.0003617921318209242,0.0002487265788203348,0.0006544830126125038
1727,91,0.204,0.268,1.912,2.51,0.8,1.0,345,360,4,3,5,23,1,0.2291463769093141,2.1867884646374325,0.9041515704500738,353.98271084597235,0.16870416143130137,0.015716056699662126,0.019307860779430603,0.05693542356602099,0.0001466738410325595,0.006141911968873625,0.0037566767986724004,0.004953490346306802,0.017133532766108794,0.0010177160302359796,0.0010112680605834624,0.0016856036903365877
1728,92,0.204,0.268,2.51,3.295,0.15,0.25,0,15,4,4,1,0,1,0.2290739752968505,2.920590608995732,0.19596390944173875,7.446203661822578,0.21446059876446236,0.012804109985400491,0.020730342114838384,0.07117463896661837,9.786875437589329e-05,0.010147935714190736,0.003738108784772894,0.006919657617219631,0.015555489345627326,0.0044182012655805646,0.0005846941043143769,0.004788375406914538
1729,92,0.204,0.268,2.51,3.295,0.15,0.25,15,30,4,4,1,1,1,0.2290739752968505,2.920590608995732,0.19596390944173875,22.30272650683105,0.17950397704153034,0.01004273259932345,0.016623081790370798,0.059365299455766726,0.00011475898029850383,0.00454563563982801,0.0013328584282743497,0.01166222592015395,0.009828568336384758,0.004601161472442408,0.0002517785509317345,0.004611517610310708
1730,92,0.204,0.268,2.51,3.295,0.15,0.25,30,45,4,4,1,2,1,0.2290739752968505,2.920590608995732,0.19596390944173875,37.24664289288254,0.1399082590032062,0.009389499069669053,0.013167705168034671,0.04632990231289497,0.00014401963461114898,0.002143284474785972,0.0021961182181605737,0.008151218403855305,0.009086286815847753,0.0037840118620301607,0.00029144411585405017,0.003866283047313009
1731,92,0.204,0.268,2.51,3.295,0.15,0.25,45,60,4,4,1,3,1,0.2290739752968505,2.920590608995732,0.19596390944173875,52.21180795750763,0.12179789572135236,0.01170568289915728,0.01841058083701962,0.04282843365246821,0.0002255568406480187,0.006165658471431735,0.003842379375915844,0.015031391502010506,0.006894026709443025,0.0037314803738874424,0.0005265667670817185,0.0035565506401627266
1732,92,0.204,0.268,2.51,3.295,0.15,0.25,60,75,4,4,1,4,1,0.2290739752968505,2.920590608995732,0.19596390944173875,67.20989058235163,0.08373363704122937,0.00857208933497076,0.01435326346695845,0.030211756077448537,0.00017083201396569703,0.002863191806720656,0.010243563620454225,0.005246379917969373,0.007648954036416276,0.0022342087652117855,0.00037617935877010903,0.0026129534078666327
1733,92,0.204,0.268,2.51,3.295,0.15,0.25,75,90,4,4,1,5,1,0.2290739752968505,2.920590608995732,0.19596390944173875,82.25374462302706,0.06402701016721338,0.006655811681085722,0.00938184893954709,0.02238839513236077,0.00017399487859969,0.0005542218512289119,0.006598260123118272,0.004140226533559927,0.004787620059137413,0.0019686189591658497,0.0002326171478094928,0.0020203552197920523
1734,92,0.204,0.268,2.51,3.295,0.15,0.25,90,105,4,4,1,6,1,0.2290739752968505,2.920590608995732,0.19596390944173875,97.32069684421171,0.04951714950016916,0.006311249839497074,0.008575726136870585,0.017908012765406885,0.0001459676529260044,0.001578394855816273,0.002622114069252354,0.007258808374603559,0.002960923653189703,0.0014419330017085223,0.00023058058190410572,0.0016424347191389755
1735,92,0.204,0.268,2.51,3.295,0.15,0.25,105,120,4,4,1,7,1,0.2290739752968505,2.920590608995732,0.19596390944173875,112.33413834344361,0.04842458231044959,0.00822408701169261,0.008957751182833193,0.017793506127148643,0.00014368587857065213,0.0013436081290714747,6.965082931944646e-05,0.008515089379910561,0.001770098935959315,0.0016246792530789313,0.0002101849721337855,0.0016644906693541758
1736,92,0.204,0.268,2.51,3.295,0.15,0.25,120,150,4,4,1,8,2,0.2290739752968505,2.920590608995732,0.19596390944173875,134.50910714622316,0.042927990097736,0.007265270386635992,0.008885770940929323,0.016269926563084337,0.0001489410422499931,0.001737017159177443,0.0075954500082272705,0.0037992628843665998,0.0012446326348436302,0.0013516659681947806,0.00028552548477050267,0.0014977127500283712
1737,92,0.204,0.268,2.51,3.295,0.15,0.25,150,180,4,4,1,10,2,0.2290739752968505,2.920590608995732,0.19596390944173875,164.83753137644825,0.02418838042179723,0.00588050361635461,0.005760055598016808,0.009599660139977194,0.00023480072980106947,0.0007092983384924135,0.005150170154888947,0.0022937090102628163,0.0003729923739941643,0.0007261216354092854,0.0003312221406619044,0.0008339832237006197
1738,92,0.204,0.268,2.51,3.295,0.15,0.25,180,210,4,4,1,12,2,0.2290739752968505,2.920590608995732,0.19596390944173875,195.16904228830506,0.03950607167891285,0.01386917579141074,0.006113437810637201,0.01395328162198691,0.0002733868600444033,0.0028072672186502507,0.0020148960638814053,0.004453524951148015,0.0018999709212508915,0.0012622663179874456,0.0005098316431969109,0.001383854079024828
1741,92,0.204,0.268,2.51,3.295,0.15,0.25,270,300,4,4,1,18,2,0.2290739752968505,2.920590608995732,0.19596390944173875,286.066393616447,0.06656140538888777,0.025689629686579184,0.015368985207614256,0.026130203754713026,0.00022852957368127368,0.0032315708984124512,0.007021703100897459,0.012777534829197393,0.0029484030826214046,0.0019102562527876998,0.0003034139356394474,0.002108942528433569
1742,92,0.204,0.268,2.51,3.295,0.15,0.25,300,315,4,4,1,20,1,0.2290739752968505,2.920590608995732,0.19596390944173875,307.7601066237925,0.10864293560756033,0.024613099943164705,0.019326877348254834,0.03953842948774265,0.00017539478133140807,0.004118110200185096,0.01264996338981582,0.012864773355265594,0.00460447556244339,0.0034148118411433536,0.0004967293698744732,0.003132639563232338
1743,92,0.204,0.268,2.51,3.295,0.15,0.25,315,330,4,4,1,21,1,0.2290739752968505,2.920590608995732,0.19596390944173875,322.7015965272695,0.13836434944706263,0.014855151949547793,0.01862011872363294,0.04771241113795661,6.297074914090574e-05,0.00632382153603256,0.011627173267151047,0.011379172748290785,0.005459904608547772,0.0034495320660990012,0.00021867082797017123,0.003496691034837431
1744,92,0.204,0.268,2.51,3.295,0.15,0.25,330,345,4,4,1,22,1,0.2290739752968505,2.920590608995732,0.19596390944173875,337.6980479423483,0.18275342818477533,0.014075548143725154,0.011701934757331243,0.0591903833407444,0.00010982159058250286,0.0054283898817840135,0.00250717349248265,0.007049324332379884,0.005705130788115434,0.004198495383540937,0.00039810953111087116,0.004350676935883713
1745,92,0.204,0.268,2.51,3.295,0.15,0.25,345,360,4,4,1,23,1,0.2290739752968505,2.920590608995732,0.19596390944173875,352.5191423812367,0.2173854020787825,0.014020062298392416,0.01593001877914291,0.0708319367116513,5.945413054322911e-05,0.004538034138472188,0.005405614531157238,0.008991690188941807,0.010082002537255531,0.004037627582806762,0.0009086856498825906,0.004631444007398825
1746,93,0.204,0.268,2.51,3.295,0.25,0.4,0,15,4,4,2,0,1,0.2291096531479946,2.920327760982518,0.31865437863295115,7.373858790112942,0.14077600713701596,0.006784781099811221,0.009713462150869665,0.0457380985659454,5.116815151016046e-05,0.005391781357132455,0.001908310325496818,0.005214095276637533,0.005562089779226373,0.0019002284687846915,0.0002829191199381253,0.001874070972269024
1747,93,0.204,0.268,2.51,3.295,0.25,0.4,15,30,4,4,2,1,1,0.2291096531479946,2.920327760982518,0.31865437863295115,22.194939770741748,0.1246072933290935,0.006288427692691345,0.012257197586249362,0.04141669031927101,7.124506797077018e-05,0.006250278762379773,0.0051797585447852824,0.003813103819076209,0.00819790237989066,0.0015374172558274136,0.0004538971877615231,0.0016101457864568477
1748,93,0.204,0.268,2.51,3.295,0.25,0.4,30,45,4,4,2,2,1,0.2291096531479946,2.920327760982518,0.31865437863295115,37.09802302625687,0.10041829454094497,0.0066493711795208915,0.01152230331508969,0.0338999047534066,0.00010219578557982964,0.002039747125727086,0.008089957219193712,0.0021048395791980067,0.007537617780837555,0.0013185867772387819,0.0004417284888865456,0.0013780501068115338
1749,93,0.204,0.268,2.51,3.295,0.25,0.4,45,60,4,4,2,3,1,0.2291096531479946,2.920327760982518,0.31865437863295115,52.115238779380384,0.06555392805073987,0.007241479883335381,0.010394524923025615,0.023263949028762432,0.00015741187607975395,0.0037504567603468034,0.005094174860615008,0.007564598941226537,0.0031057583819738403,0.0011231585288693695,0.00020590041762575604,0.0010658021327199143
1750,93,0.204,0.268,2.51,3.295,0.25,0.4,60,75,4,4,2,4,1,0.2291096531479946,2.920327760982518,0.31865437863295115,67.1602767320277,0.046574775144384434,0.005814752354759132,0.005890796191404394,0.015917147395230445,0.00013999516201264133,0.0017216259329749255,0.0016699541026907907,0.003964802385432553,0.003553414606574769,0.0008564011701541126,0.0002746940247578944,0.0007633644236807257
1751,93,0.204,0.268,2.51,3.295,0.25,0.4,75,90,4,4,2,5,1,0.2291096531479946,2.920327760982518,0.31865437863295115,82.26105042440852,0.040020096192410155,0.003644660391854452,0.003251955437029895,0.013115474101703762,0.00014625191033104695,0.001820701873763855,0.0005258683550518905,0.0013595439303711269,0.0021502681052996677,0.0006669255027300229,0.00035970081049304325,0.0007002278771247459
1752,93,0.204,0.268,2.51,3.295,0.25,0.4,90,105,4,4,2,6,1,0.2291096531479946,2.920327760982518,0.31865437863295115,97.26605574003817,0.02749073792634622,0.002580413966104532,0.0027123773409197366,0.009139741360538385,0.00014180905750443148,0.0005833963058032498,0.0002447148560873553,0.001891514243759753,0.0017428982154244147,0.0005069146506137476,0.0002412336579174689,0.0005666781243829293
1753,93,0.204,0.268,2.51,3.295,0.25,0.4,105,120,4,4,2,7,1,0.2291096531479946,2.920327760982518,0.31865437863295115,112.31959329492663,0.01855288902247441,0.0023111738764101603,0.00256315903166427,0.006423843596049771,0.00012888628152280855,0.00019462432063453803,0.0015054645001414593,0.001501574531701422,0.0013503009201681101,0.0004268067110306383,0.00013636756593914774,0.0004133181721235151
1754,93,0.204,0.268,2.51,3.295,0.25,0.4,120,135,4,4,2,8,1,0.2291096531479946,2.920327760982518,0.31865437863295115,127.35958867740145,0.017381478597202387,0.002377891539595299,0.0028609679421985152,0.006215955183887341,0.000146727979156392,0.000817382193083797,0.0022722184488743204,0.0012437604767459446,0.00081152295842266,0.0003146034971252622,0.00015591946197960772,0.00035638252185344834
1755,93,0.204,0.268,2.51,3.295,0.25,0.4,135,150,4,4,2,9,1,0.2291096531479946,2.920327760982518,0.31865437863295115,142.42167500598362,0.024121002248713806,0.0028181146442505774,0.006581601329085918,0.01009775271659121,0.00010791134254185613,0.0013226521025973981,0.0019187517336861735,0.006000382651809053,0.0012536327848920669,0.0005091736689426537,0.00017607307830350111,0.0005464679950921458
1756,93,0.204,0.268,2.51,3.295,0.25,0.4,150,165,4,4,2,10,1,0.2291096531479946,2.920327760982518,0.31865437863295115,157.4642336520533,0.01291286842516355,0.002213308491418814,0.0027525668222426235,0.004938022195151193,9.488941405106278e-05,0.000857325334834452,0.001444211584797657,0.0021191676933019644,0.0004102985981725173,0.0002671187539021005,0.0001228850449536105,0.00029605679624360984
1757,93,0.204,0.268,2.51,3.295,0.25,0.4,165,180,4,4,2,11,1,0.2291096531479946,2.920327760982518,0.31865437863295115,172.4747526875635,0.015575529200375603,0.00237594038977653,0.0021152486268932336,0.005378458473728625,0.0001709357816767882,0.0002746867744503116,0.00019295488082100094,0.0018204400020824787,0.0009333213443169796,0.000356774887407773,0.0001221492194372762,0.00038377437262795657
1758,93,0.204,0.268,2.51,3.295,0.25,0.4,180,195,4,4,2,12,1,0.2291096531479946,2.920327760982518,0.31865437863295115,187.50646880040063,0.020009944351915998,0.0030674619679486714,0.003712729578294869,0.007358264340643612,0.0001962159633594104,0.0015153557492253115,0.0026583066111418164,0.001818858317461444,0.0009231595346236907,0.00036565847370000965,0.0001936638826082885,0.00047169272450689047
1759,93,0.204,0.268,2.51,3.295,0.25,0.4,195,210,4,4,2,13,1,0.2291096531479946,2.920327760982518,0.31865437863295115,202.51980958002767,0.019099231148922393,0.004088049063738599,0.006351024808257431,0.008780946870550617,0.00011267213465553171,0.00016769711909759633,0.0015122301440498051,0.006102649969114462,0.0007471002856803444,0.00042525331879775713,0.00019362886481801256,0.00045537159600768216
1761,93,0.204,0.268,2.51,3.295,0.25,0.4,225,240,4,4,2,15,1,0.2291096531479946,2.920327760982518,0.31865437863295115,232.63476676772225,0.015801723462694837,0.00466507705465195,0.0038754400870312355,0.006339399079844365,0.00020165731417361778,0.0004394581949245876,0.0031215246526785593,0.002010151680679556,0.0009415746069683986,0.0002970345992644306,0.00011813350877775593,0.0003377247601465318
1762,93,0.204,0.268,2.51,3.295,0.25,0.4,240,270,4,4,2,16,2,0.2291096531479946,2.920327760982518,0.31865437863295115,255.8310001078942,0.019264861053642758,0.004412559332448623,0.005865024779978637,0.00847399129333958,8.814806107816166e-05,0.00026686520112198633,0.005221144820525227,0.0024266548817972826,0.0010148570236003655,0.0003669287084869071,0.00019330216254744324,0.00037494882707213566
1763,93,0.204,0.268,2.51,3.295,0.25,0.4,270,285,4,4,2,18,1,0.2291096531479946,2.920327760982518,0.31865437863295115,277.78706694755266,0.038819646111863206,0.009474158725274538,0.01131040991515342,0.016727997030109694,7.725578199745092e-05,0.00040530573230122764,0.0011830660028520552,0.011167664368630438,0.0010723099540913964,0.0007592308079386876,0.0003504046616450361,0.0006992209959568196
1764,93,0.204,0.268,2.51,3.295,0.25,0.4,285,300,4,4,2,19,1,0.2291096531479946,2.920327760982518,0.31865437863295115,292.83705879742826,0.059528009414544295,0.014588787726001709,0.016775951438708445,0.025270974543776022,0.00013454228877469171,0.0013780466452078853,0.01034667137056288,0.013004533158948593,0.0014862970995853343,0.0009821962757607186,0.0003554340053441867,0.0010652991547972642
1765,93,0.204,0.268,2.51,3.295,0.25,0.4,300,315,4,4,2,20,1,0.2291096531479946,2.920327760982518,0.31865437863295115,307.9227923576833,0.06957754969177958,0.014521055194440195,0.00968915849874082,0.02412159150212384,2.5240505062460965e-05,0.003173985363292963,0.0025300363223989294,0.008552239075164043,0.001694767908391383,0.001151481152267247,0.00022757665765220172,0.0011793460007536796
1766,93,0.204,0.268,2.51,3.295,0.25,0.4,315,330,4,4,2,21,1,0.2291096531479946,2.920327760982518,0.31865437863295115,322.91190671285256,0.08480025549494657,0.007150850309581967,0.007389870531116744,0.02791888213230007,2.5124780403918465e-05,0.004763701779614114,0.003590206579850539,0.00227764915263113,0.003415520342516689,0.0010616950178863858,0.00025161725130604334,0.0014743311732273473
1767,93,0.204,0.268,2.51,3.295,0.25,0.4,330,345,4,4,2,22,1,0.2291096531479946,2.920327760982518,0.31865437863295115,337.8538342872304,0.11546141593605899,0.006247471414410428,0.011492600170392716,0.038416989148678915,3.6791776925890634e-05,0.007000210782819257,0.003462043971515339,0.0011591172446026882,0.008256795853753976,0.0008937368188895213,0.00047050272498324735,0.0012536247523690727
1768,93,0.204,0.268,2.51,3.295,0.25,0.4,345,360,4,4,2,23,1,0.2291096531479946,2.920327760982518,0.31865437863295115,352.6419885282677,0.13673661182016514,0.006575006239581555,0.010150534190063985,0.04458319984647934,5.003909050854206e-05,0.004896330391518734,0.0011541323215001201,0.0028399184670751644,0.008192847289212083,0.001517484757232679,0.0005883625986630585,0.0015927599036431842
1769,94,0.204,0.268,2.51,3.295,0.4,0.6,0,15,4,4,3,0,1,0.22843821827889496,2.922670853013787,0.4940455717597144,7.138063552541866,0.1221935489677675,0.006099721578187583,0.012108502335342254,0.04064076526426351,4.7504085487094465e-05,0.0065035572563838205,0.00395935856788303,0.004504568760270206,0.008124614209624228,0.0005098215071746145,0.0003698912988897661,0.0015298036277539841
1770,94,0.204,0.268,2.51,3.295,0.4,0.6,15,30,4,4,3,1,1,0.22843821827889496,2.922670853013787,0.4940455717597144,21.851690116738492,0.08530550107280811,0.00450453923138875,0.007944195920371927,0.028224585517254246,4.29894887576847e-05,0.004121354559332813,0.0008484621575333509,0.0004566026391110307,0.006697375187588912,0.0004111407319081356,0.0004303608505779266,0.0005827769000535895
1771,94,0.204,0.268,2.51,3.295,0.4,0.6,30,45,4,4,3,2,1,0.22843821827889496,2.922670853013787,0.4940455717597144,36.88651312005418,0.057031072957621325,0.004642271120453757,0.006367129080507554,0.019193575631032755,3.139158390439166e-05,0.0026925107116124508,0.0011632016978388622,0.0036996512125321494,0.004221445475774306,0.00047485615931827326,0.0003368383102289905,0.0006547321398678908
1772,94,0.204,0.268,2.51,3.295,0.4,0.6,45,60,4,4,3,3,1,0.22843821827889496,2.922670853013787,0.4940455717597144,52.013584999829696,0.02902358710349403,0.006674292354463023,0.006283424732453382,0.011153085422914774,7.075198752235378e-05,0.002199074595915207,0.0004413308744010437,0.004701749683460342,0.003474988333451522,0.0004557802937962802,3.7240103386214035e-05,0.0005135411395649355
1773,94,0.204,0.268,2.51,3.295,0.4,0.6,60,90,4,4,3,4,2,0.22843821827889496,2.922670853013787,0.4940455717597144,73.5711522177075,0.018801555005878406,0.003026334030480621,0.003504629750032118,0.006922045320698488,0.00011719898136404006,0.0005235081685224217,0.0008829062031020231,0.0031093884046094174,0.0012114730553365236,0.0002867632036060793,1.5838381735045304e-05,0.00028133023844900234
1774,94,0.204,0.268,2.51,3.295,0.4,0.6,90,105,4,4,3,6,1,0.22843821827889496,2.922670853013787,0.4940455717597144,97.28126641361595,0.015537912054758594,0.0019529517899787368,0.0023310141693001015,0.0054561149968566335,9.648087461126562e-05,0.0009185741270682449,0.0012928349863977795,0.0007082738516361849,0.0015374153119613921,0.00025248580201303855,3.4282838658409823e-05,0.00020933246039219714
1775,94,0.204,0.268,2.51,3.295,0.4,0.6,105,120,4,4,3,7,1,0.22843821827889496,2.922670853013787,0.4940455717597144,112.33454411053873,0.009076556841432572,0.0013266338640796074,0.0018070689310521293,0.0034014274625553194,9.692898174578061e-05,0.00023253248779344187,0.0014525909072423662,0.0005542994514380516,0.0008801012872264935,0.00011420555084433175,2.4598688547935144e-05,0.00010092093314445583
1776,94,0.204,0.268,2.51,3.295,0.4,0.6,120,135,4,4,3,8,1,0.22843821827889496,2.922670853013787,0.4940455717597144,127.38246749859643,0.00936314906915571,0.0014673228422319039,0.0016639040467546818,0.0034066812700494055,0.00010127533892530814,0.000548371685505442,0.0005069523967220017,0.0011117383423091115,0.0009721195888179641,0.00014094005156781774,4.187037313210211e-05,0.0001401039178684553
1777,94,0.204,0.268,2.51,3.295,0.4,0.6,135,150,4,4,3,9,1,0.22843821827889496,2.922670853013787,0.4940455717597144,142.42152444388975,0.009025053638126614,0.0012275412939739831,0.0019219814492385042,0.0034502535251368224,0.00010534185611442155,0.00042795681812523326,9.26048756383531e-05,0.0017492839974634748,0.0006326117678701839,0.00014719460115360426,4.328744355975436e-05,0.00017607081179402608
1778,94,0.204,0.268,2.51,3.295,0.4,0.6,150,165,4,4,3,10,1,0.22843821827889496,2.922670853013787,0.4940455717597144,157.4468681457867,0.006406603835587975,0.0011619319798260109,0.0009110777034794281,0.0022287470100146975,8.951391876053127e-05,0.00047185223020939455,3.792874091134482e-05,0.0005962497342844537,0.000472686249985749,0.00011069341174845946,3.504507372215465e-05,0.00013791550683266366
1779,94,0.204,0.268,2.51,3.295,0.4,0.6,165,180,4,4,3,11,1,0.22843821827889496,2.922670853013787,0.4940455717597144,172.50476526220123,0.004387237506935043,0.0010261812723487854,0.0009561523999028512,0.0016894943513166946,0.0001188420760379165,0.00018183216049665692,0.000594092777184269,0.0005901850749635667,0.00039592617031868337,7.591527166658947e-05,2.5247323238340774e-05,9.49676537385785e-05
1780,94,0.204,0.268,2.51,3.295,0.4,0.6,180,195,4,4,3,12,1,0.22843821827889496,2.922670853013787,0.4940455717597144,187.53307870687635,0.00814269330072472,0.0012819746480742333,0.0010675651662305926,0.0027969653687361946,0.000121696106337452,0.0003871769873986219,0.00021378139053942956,0.000881757259379809,0.00033893727162931354,0.00014731223052002405,5.422218494085305e-05,0.00019210049653943306
1781,94,0.204,0.268,2.51,3.295,0.4,0.6,195,210,4,4,3,13,1,0.22843821827889496,2.922670853013787,0.4940455717597144,202.54128762445367,0.00748004580041206,0.0015102077128226045,0.0013741256983582479,0.002743726150882779,0.00010007736632921844,0.00022909093629218003,0.00061359655625917,0.0011042518464201034,0.00045732620392681123,0.00011976252081045437,3.759718515584893e-05,0.0001438859533536693
1783,94,0.204,0.268,2.51,3.295,0.4,0.6,240,255,4,4,3,16,1,0.22843821827889496,2.922670853013787,0.4940455717597144,247.64039349849006,0.010539460782544752,0.0026805356304761105,0.0026753693898039525,0.004284200567761586,7.669757132532185e-05,0.0006490583910218,0.0008932552286118167,0.0023861595054708003,0.00047004902080964567,0.00012907634173927362,7.212366882112685e-06,0.00013354358293027647
1784,94,0.204,0.268,2.51,3.295,0.4,0.6,255,270,4,4,3,17,1,0.22843821827889496,2.922670853013787,0.4940455717597144,262.71945936376466,0.0072172264409000805,0.0017134484523690992,0.0023566272272996782,0.0032869658765134835,9.657307662832025e-05,0.00046151863456538186,0.001988682123382619,0.0009345964838096916,0.000705181497696069,9.01704770835347e-05,2.065411919195336e-05,7.588121747641547e-05
1785,94,0.204,0.268,2.51,3.295,0.4,0.6,270,285,4,4,3,18,1,0.22843821827889496,2.922670853013787,0.4940455717597144,277.7750414224107,0.020182776001530667,0.0026480055116612014,0.002401536519502065,0.006843045985540369,9.45328427013704e-05,0.0014187644976285457,0.000501556500594917,0.001189601811840763,0.001416038601222257,0.0002568163207990951,3.710595931595169e-05,0.0002714254635187707
1786,94,0.204,0.268,2.51,3.295,0.4,0.6,285,300,4,4,3,19,1,0.22843821827889496,2.922670853013787,0.4940455717597144,292.88915079295356,0.02107139447352384,0.003241895013161691,0.0049951478283633425,0.008349048684811951,0.00010452442624364631,0.0009641032985453294,0.0034552040749091847,0.00306858742854285,0.0016004638685282078,0.00031823240240987327,1.0237829508344514e-05,0.0003081115072679609
1787,94,0.204,0.268,2.51,3.295,0.4,0.6,300,315,4,4,3,20,1,0.22843821827889496,2.922670853013787,0.4940455717597144,307.9735909909695,0.029034823732562578,0.003968061425580675,0.0030262730393290018,0.009702266534495609,9.030454204984778e-05,0.00048291890478946003,0.00044142176786148154,0.0024241302016417684,0.0016285971704626087,0.0004602099754078357,6.521885857346867e-05,0.0004397428502649908
1788,94,0.204,0.268,2.51,3.295,0.4,0.6,315,330,4,4,3,21,1,0.22843821827889496,2.922670853013787,0.4940455717597144,323.09993639107955,0.056354204002767215,0.004641888125930636,0.005598118327980961,0.018747157802436538,1.974374652928125e-05,0.0024749689830300594,0.0012960498126541814,0.002542584919646816,0.004083233063507958,0.0004322867410909131,0.0002519775747209121,0.000629120092007536
1789,94,0.204,0.268,2.51,3.295,0.4,0.6,330,345,4,4,3,22,1,0.22843821827889496,2.922670853013787,0.4940455717597144,338.13855797642066,0.08260857457294112,0.004094288927207236,0.008071645490980611,0.027441235988961442,2.3920464972444412e-05,0.00341685726486545,0.002858105931857378,0.00045601177371641324,0.006694357753798048,0.000323042884466221,0.0003624164063828864,0.0005336976518937849
1790,94,0.204,0.268,2.51,3.295,0.4,0.6,345,360,4,4,3,23,1,0.22843821827889496,2.922670853013787,0.4940455717597144,352.8433950182816,0.1296264091584694,0.006091254186566364,0.00955957755419355,0.04225057651454544,3.8415245392834285e-05,0.006198919844204882,0.0005562928602116945,0.0006648084610908372,0.007110552341454237,0.0004016455968597601,0.0003166157446652078,0.001282986130815396
1792,95,0.204,0.268,2.51,3.295,0.6,0.8,15,30,4,4,4,1,1,0.2254464273564814,2.9530198883840892,0.70312102410202,21.469151553336346,0.06869949349397354,0.004545845127632128,0.008430421307482706,0.023383859372878422,2.9876302330784522e-05,0.004060258919072993,0.004438111051023807,0.00044431473965794656,0.005888591710310102,0.00047493339658019785,0.0001683969077558519,0.00012510283160613788
1794,95,0.204,0.268,2.51,3.295,0.6,0.8,45,75,4,4,4,3,2,0.2254464273564814,2.9530198883840892,0.70312102410202,57.97436752651676,0.012914419369102016,0.003847196448406041,0.0026710226031121023,0.004893448529090487,6.972827995364874e-05,0.0009075618834018383,0.0005573045354814974,0.0019575099284699737,0.0014173225787123642,0.0002671421050779029,0.00012326011868325624,0.0003931849229712769
1796,95,0.204,0.268,2.51,3.295,0.6,0.8,105,135,4,4,4,7,2,0.2254464273564814,2.9530198883840892,0.70312102410202,119.54556978552061,0.0029254518148773435,0.0006927274670546266,0.001155047280963352,0.0014821601981629083,4.910606743043744e-05,0.00027821084893861063,0.0005006785126979376,0.0008817174789221439,0.0004732001713752291,3.955278139190695e-05,1.0217810139933424e-05,4.794216339945807e-05
1797,95,0.204,0.268,2.51,3.295,0.6,0.8,135,150,4,4,4,9,1,0.2254464273564814,2.9530198883840892,0.70312102410202,142.45473751571367,0.0027909808160787248,0.000814661278943885,0.0005954207156293419,0.0010675705391420029,7.367807197169033e-05,0.00013578310874634114,0.0004431439074938192,0.00010854490143793794,0.00034161288170209516,5.467244951678303e-05,2.3719908568409487e-05,7.617373804927347e-05
1798,95,0.204,0.268,2.51,3.295,0.6,0.8,150,165,4,4,4,10,1,0.2254464273564814,2.9530198883840892,0.70312102410202,157.4490740515097,0.003217748647443784,0.0008339123375716033,0.0007308776132709985,0.0012561230759588384,8.015350738841792e-05,0.0001718695758696637,0.0006150524472345434,0.000240496670876032,0.00022930308236155785,6.841631175995821e-05,3.35571649449516e-05,9.7520688021883e-05
1799,95,0.204,0.268,2.51,3.295,0.6,0.8,165,180,4,4,4,11,1,0.2254464273564814,2.9530198883840892,0.70312102410202,172.4810500435476,0.00388857683236296,0.0010541326261336024,0.0006682612500398355,0.0014038366449085438,6.873339331792194e-05,0.00020571763876829063,0.00013331135834182745,0.0005648636282514062,0.00020975080224472538,9.348433073018024e-05,4.4482674445722685e-05,0.00013671443311082663
1800,95,0.204,0.268,2.51,3.295,0.6,0.8,180,195,4,4,4,12,1,0.2254464273564814,2.9530198883840892,0.70312102410202,187.4902347671248,0.003368711019372768,0.000843818600550846,0.0008695157544086093,0.0013783852592270454,7.116967693949641e-05,0.00016189280706297172,0.0008098114981984547,0.00018991619548277148,0.00014001521678551126,7.604721600548458e-05,4.228381620413915e-05,0.0001153956603074932
1801,95,0.204,0.268,2.51,3.295,0.6,0.8,195,210,4,4,4,13,1,0.2254464273564814,2.9530198883840892,0.70312102410202,202.55402852042906,0.0034740759890387954,0.0010124083356476592,0.0006296223482129009,0.0012700344999379788,9.09502648945497e-05,0.0002961424204931298,7.986674589811692e-05,0.00044047237013659007,0.00029611081463217225,7.740191673655459e-05,3.446178544394527e-05,0.00011124655937592291
1802,95,0.204,0.268,2.51,3.295,0.6,0.8,210,240,4,4,4,14,2,0.2254464273564814,2.9530198883840892,0.70312102410202,225.3349835576474,0.004136533029631478,0.001339235072862319,0.0007926669806668241,0.0015339760731296276,4.84899525421e-05,0.0001332209696865369,0.0005166637988985847,0.0003652648336319281,0.0004449377643037227,7.420659697494825e-05,2.7067436865925854e-05,9.946027394709287e-05
1804,95,0.204,0.268,2.51,3.295,0.6,0.8,255,270,4,4,4,17,1,0.2254464273564814,2.9530198883840892,0.70312102410202,262.69620766619175,0.0056600880491305995,0.0012061404751633627,0.001787052866185929,0.002534327109632644,7.71854566027706e-05,0.0003207973566682293,0.001510269864629246,0.00038604692900829913,0.0008071181661277331,4.604567718644099e-05,2.1156331991841586e-05,5.7466323091590505e-05
1805,95,0.204,0.268,2.51,3.295,0.6,0.8,270,285,4,4,4,18,1,0.2254464273564814,2.9530198883840892,0.70312102410202,277.7827473684918,0.00955823461001569,0.0013514205430106897,0.0012402966284545693,0.003278309685037353,7.160007739444717e-05,0.0005011556324785552,0.0002703771900546599,0.00012687716426822154,0.0010730285041699705,0.00011816736943397492,8.678624024403105e-05,0.00020361821390056683
1806,95,0.204,0.268,2.51,3.295,0.6,0.8,285,300,4,4,4,19,1,0.2254464273564814,2.9530198883840892,0.70312102410202,292.8739146617539,0.01130574090686777,0.0017220596662097863,0.0019402598584653751,0.004080283106756957,7.948120833321279e-05,0.0004896555417073966,0.001011711609252164,0.0010410957830394726,0.0011423639050499876,0.00020508731728600203,0.00012463699099066474,0.00032571829093554406
1807,95,0.204,0.268,2.51,3.295,0.6,0.8,300,315,4,4,4,20,1,0.2254464273564814,2.9530198883840892,0.70312102410202,308.06410729676816,0.015079264480064025,0.0022569955448176237,0.0032382640085994213,0.0057798311985235735,6.170180844440337e-05,0.001180780437838031,0.0016138579824054554,0.001958332287502569,0.00154996774221854,0.00032551118087353767,0.0001608355534146446,0.0004962875137228598
1808,95,0.204,0.268,2.51,3.295,0.6,0.8,315,330,4,4,4,21,1,0.2254464273564814,2.9530198883840892,0.70312102410202,323.25643194227644,0.027860417570231603,0.002917981195610518,0.004617486920677972,0.009978057676030746,3.568987995140292e-05,0.0021631307363876866,0.0008534832164078761,0.0027659367564378716,0.0028261145339727833,0.0003001756231339133,0.00017953161125209725,0.0005244177837944382
1809,95,0.204,0.268,2.51,3.295,0.6,0.8,330,345,4,4,4,22,1,0.2254464273564814,2.9530198883840892,0.70312102410202,338.5166935861837,0.06606730118648153,0.003863812559953856,0.005629159184621836,0.021717819331743608,3.6436067406639435e-05,0.0025386753054696515,0.0007199483085641834,0.00014106281284617992,0.004968061080170263,0.00033539467539492877,0.00012796625475866387,0.00014621235148870904
1812,96,0.204,0.268,2.51,3.295,0.8,1.0,15,30,4,4,5,1,1,0.21770719994440227,3.031040813340932,0.9023077159638989,21.136515438923148,0.052734242494597676,0.004602435156146115,0.01190845486235993,0.020545636672895023,3.368142131846675e-05,0.003422200683327736,0.006352775178651527,0.006158438464257027,0.007193502502157319,0.000518582545911401,0.00010020104014445629,0.0002609793414775392
1813,96,0.204,0.268,2.51,3.295,0.8,1.0,30,45,4,4,5,2,1,0.21770719994440227,3.031040813340932,0.9023077159638989,36.6308752892902,0.018117806167329848,0.002633354672087994,0.0038656494889751417,0.006930440232843332,1.5088993446508866e-05,0.0018691010124983244,0.002905657336047893,0.0007542463357273222,0.0014222022270437631,0.00016533423946662253,0.00022186357457044592,0.0006442735714531657
1814,96,0.204,0.268,2.51,3.295,0.8,1.0,45,75,4,4,5,3,2,0.21770719994440227,3.031040813340932,0.9023077159638989,57.939710401400596,0.00649600230864812,0.0014070985464418868,0.001032181780298977,0.0023062781271531697,6.319104249961318e-05,0.0003513166205892894,0.00011285787766796273,0.0004905644661228138,0.0007389985345759963,0.0001627818694562372,0.00021036972798202779,0.00037212030547546137
1816,96,0.204,0.268,2.51,3.295,0.8,1.0,135,165,4,4,5,9,2,0.21770719994440227,3.031040813340932,0.9023077159638989,149.85656745627355,0.0019137776877359964,0.00045687862687535455,0.00017676021785342048,0.0006327913890313885,5.67848667547549e-05,2.3851781548568283e-05,7.699548453178406e-05,0.0001057279409008862,5.7825141894178986e-05,5.6531819143255835e-05,2.8099441993731894e-05,8.366777683006372e-05
1817,96,0.204,0.268,2.51,3.295,0.8,1.0,165,195,4,4,5,11,2,0.21770719994440227,3.031040813340932,0.9023077159638989,179.97769954382002,0.001201770694619214,0.00044721561667731196,0.00031728921914415985,0.0004962374869870629,5.4205552566955605e-05,3.6520407314001825e-05,0.00021553884496192295,0.00019886899227447574,8.039292281064479e-05,3.8844624335487094e-05,2.5073546376347058e-05,6.2702270228577e-05
1820,96,0.204,0.268,2.51,3.295,0.8,1.0,270,285,4,4,5,18,1,0.21770719994440227,3.031040813340932,0.9023077159638989,277.77089883525923,0.006113265239829599,0.001014410338406269,0.0009523051420436928,0.0021619309399598086,5.0923173013933184e-05,0.0005010771650339782,5.661558665752739e-05,0.0002604161506380693,0.0007295217615176985,7.198324000243293e-05,0.00017858409450526765,0.0002235837471753063
1821,96,0.204,0.268,2.51,3.295,0.8,1.0,285,300,4,4,5,19,1,0.21770719994440227,3.031040813340932,0.9023077159638989,292.93685678434247,0.005348277415567179,0.001065113048140609,0.001997526039203008,0.002621711502728378,5.458479272112841e-05,0.0002332056017632982,0.0012883394854434672,0.0012592275966816985,0.000770916202133775,0.00011719114193880706,0.00018392590306367737,0.00030489566132367054
1822,96,0.204,0.268,2.51,3.295,0.8,1.0,300,315,4,4,5,20,1,0.21770719994440227,3.031040813340932,0.9023077159638989,308.10033606800886,0.00839996022430294,0.0016961908725075762,0.001813893919723393,0.0032252936483831702,6.616983859940081e-05,0.00037898926968524266,0.0008936813932762199,0.0011589836036775695,0.0008698832655791626,0.0001870778991087305,0.0002822580412517059,0.0004935519384182686
1823,96,0.204,0.268,2.51,3.295,0.8,1.0,315,330,4,4,5,21,1,0.21770719994440227,3.031040813340932,0.9023077159638989,323.38648919271463,0.020622376206426696,0.0025215568444537147,0.0028443241161342533,0.007138501775373416,3.457138705738231e-05,0.002138855360922676,0.000426590096433029,0.00046210608555478846,0.0016155390433856874,0.00021452983801661043,0.0003086705425762713,0.0007132984624174537
1824,96,0.204,0.268,2.51,3.295,0.8,1.0,330,345,4,4,5,22,1,0.21770719994440227,3.031040813340932,0.9023077159638989,338.8611672566287,0.05610084428649828,0.004031439663483325,0.006693758186067188,0.01902765024061534,2.818129672491922e-05,0.00325413540806014,0.0011955153196773584,0.0013392960983988928,0.005561632800096294,0.000284314895437946,8.082013942095452e-05,0.0002479453411317879
1826,97,0.204,0.268,3.295,4.326,0.15,0.25,0,15,4,5,1,0,1,0.23706045076779386,3.6810666244397554,0.19609702800763745,7.385904303951962,0.29218306246322473,0.016208993536450902,0.031023504247326587,0.09781493156131543,2.185045075392173e-05,0.012748059756024737,0.0030456525023986503,0.012016682823450486,0.0248263567264353,0.006507579274843041,0.0010597562620519325,0.0054698864015186545
1827,97,0.204,0.268,3.295,4.326,0.15,0.25,15,30,4,5,1,1,1,0.23706045076779386,3.6810666244397554,0.19609702800763745,22.22529261137619,0.24870212810860065,0.014320595465514816,0.020453382094513285,0.08156613379441528,5.997525888079425e-05,0.009191466695429678,0.00034503877771182803,0.006673295755137952,0.01634358268267683,0.00467579620604989,6.493973551588318e-05,0.004699953101906955
1828,97,0.204,0.268,3.295,4.326,0.15,0.25,30,45,4,5,1,2,1,0.23706045076779386,3.6810666244397554,0.19609702800763745,37.21477834735581,0.18146330897755122,0.014559969032066133,0.020196228274393525,0.061049898576682506,8.694908866407262e-05,0.002569721164483325,0.006779714352817373,0.01594013274667637,0.009283303074031881,0.0039155273648143986,8.739185517741853e-05,0.0038787285097577526
1829,97,0.204,0.268,3.295,4.326,0.15,0.25,45,60,4,5,1,3,1,0.23706045076779386,3.6810666244397554,0.19609702800763745,52.19465495991193,0.15554880138467694,0.021758121214104465,0.015392464147055805,0.05172815805861092,0.00012589390921245838,0.005025348363774351,0.0003911067088585591,0.010880175550083707,0.00883255146421,0.003865308044515844,0.00016269324010171392,0.003887521992022727
1831,97,0.204,0.268,3.295,4.326,0.15,0.25,75,90,4,5,1,5,1,0.23706045076779386,3.6810666244397554,0.19609702800763745,82.2362923517406,0.06975697817454082,0.013195022948037536,0.0194290594317518,0.029461496356991624,0.0001662361766679991,0.001379406024393432,0.011418823923440513,0.014595599925115992,0.00538992727587785,0.0017238213785188952,4.3316187432486154e-05,0.0017565767697832668
1832,97,0.204,0.268,3.295,4.326,0.15,0.25,90,105,4,5,1,6,1,0.23706045076779386,3.6810666244397554,0.19609702800763745,97.2789960039609,0.07113254554195789,0.014114958043783333,0.024161304702004525,0.03307257486233864,0.00013893283287706186,0.005278185414546554,0.00024060093191175614,0.023276440646234475,0.003187135713232449,0.0018332456295234085,0.00011341268141258524,0.001970200314701004
1833,97,0.204,0.268,3.295,4.326,0.15,0.25,105,135,4,5,1,7,2,0.23706045076779386,3.6810666244397554,0.19609702800763745,119.3156657953587,0.0449220538871627,0.011972794321931785,0.014506069248028091,0.02034299515269079,0.0001434181889982391,0.0009545344609635844,0.013298327939989056,0.0052973823242339416,0.0015927758066337661,0.0012451349725397386,8.26718336207285e-05,0.0014316493829447453
1834,97,0.204,0.268,3.295,4.326,0.15,0.25,135,180,4,5,1,9,3,0.23706045076779386,3.6810666244397554,0.19609702800763745,156.90876665156318,0.02636318361496646,0.007096223334240731,0.006426277496643571,0.010552444531377101,0.00023792962337212232,0.0009589957565169463,0.00438746306936938,0.0044923758515008835,0.0005867800109455291,0.0007312284983372323,2.6306731249886447e-05,0.0007383598984901204
1835,97,0.204,0.268,3.295,4.326,0.15,0.25,180,225,4,5,1,12,3,0.23706045076779386,3.6810666244397554,0.19609702800763745,203.09863291745532,0.04917410607633778,0.019170554998352265,0.018754665885259335,0.02440243321555533,0.0006569204125540474,0.0036080945011351673,0.015545387467667846,0.009400249679057835,0.0025143281906660937,0.0013833415119880253,6.298041956403289e-05,0.0013935531246524122
1837,97,0.204,0.268,3.295,4.326,0.15,0.25,285,315,4,5,1,19,2,0.23706045076779386,3.6810666244397554,0.19609702800763745,301.2713302236961,0.16407640456442865,0.023365588789088163,0.034477072073354695,0.06246826615778288,4.047468691617739e-05,0.006384884436470766,0.01886928681589723,0.027526100099998882,0.004238560178218324,0.0036581090942216354,0.0004045754408495556,0.004024741885363187
1838,97,0.204,0.268,3.295,4.326,0.15,0.25,315,330,4,5,1,21,1,0.23706045076779386,3.6810666244397554,0.19609702800763745,322.7736838412465,0.21374885867058416,0.01641774189385412,0.02988748836213502,0.07415270203660183,6.411106901438595e-05,0.007827744168630756,0.01754674861832075,0.020123124655444705,0.00990734417277955,0.004636717253595595,0.00033866056280350114,0.004582605161590546
1839,97,0.204,0.268,3.295,4.326,0.15,0.25,330,345,4,5,1,22,1,0.23706045076779386,3.6810666244397554,0.19609702800763745,337.7229308808246,0.27552059068256085,0.01758357214128258,0.023525575809325214,0.09058290895050411,6.598157210125896e-05,0.006726895224287452,0.014218585040066725,0.005920144121901191,0.015419748356753244,0.005553359243467347,0.0004274325178387825,0.005763014652300009
1840,97,0.204,0.268,3.295,4.326,0.15,0.25,345,360,4,5,1,23,1,0.23706045076779386,3.6810666244397554,0.19609702800763745,352.5989305058528,0.28849331063781997,0.01635888777629485,0.026646489522441495,0.09539062542582881,5.5195324557850846e-05,0.004104885347363062,0.0030451045347356606,0.017963750869919914,0.018156860589407763,0.005381509456342734,0.0006575161442878728,0.005616198022108056
1841,98,0.204,0.268,3.295,4.326,0.25,0.4,0,15,4,5,2,0,1,0.23661648493358975,3.6813189253383354,0.31913950249285383,7.315156397050887,0.21380025572914083,0.009449910310131052,0.019798928485847706,0.07070766480224305,6.344342522534613e-05,0.006865153393306827,0.007234500628543424,0.007491030597246968,0.01531653783606117,0.0014358263368669027,0.0005308264192330878,0.0013466042362536052
1842,98,0.204,0.268,3.295,4.326,0.25,0.4,15,30,4,5,2,1,1,0.23661648493358975,3.6813189253383354,0.31913950249285383,22.064593797433652,0.1773213711493774,0.007685853544443662,0.014963910577560292,0.05825227373400164,4.875914147098662e-05,0.00832159933767901,0.0009714659549849369,0.0065344160002671755,0.010413742945588295,0.002089796409295111,0.0007232102160602048,0.001605878600471262
1843,98,0.204,0.268,3.295,4.326,0.25,0.4,30,45,4,5,2,2,1,0.23661648493358975,3.6813189253383354,0.31913950249285383,37.02058606801926,0.13095339179815607,0.00695418873206588,0.010337690473734127,0.04284213225411494,3.828388312939816e-05,0.006883528534167936,0.001043757705178007,0.0033911551295417166,0.006718789399836359,0.001137797008343834,0.00020545238080445563,0.001323600897261976
1844,98,0.204,0.268,3.295,4.326,0.25,0.4,45,60,4,5,2,3,1,0.23661648493358975,3.6813189253383354,0.31913950249285383,52.05451130152736,0.09255001191422707,0.009738890723479112,0.015324441364608268,0.03313959195530456,9.618458329680013e-05,0.006416173789143348,0.00472162303354843,0.01135059514051453,0.006401842544902777,0.0012404819003502484,1.5381842193095127e-05,0.001244445051510265
1845,98,0.204,0.268,3.295,4.326,0.25,0.4,60,75,4,5,2,4,1,0.23661648493358975,3.6813189253383354,0.31913950249285383,67.14912353998209,0.03490648671337565,0.005623562777504415,0.003554982661596186,0.011638629576818499,8.977147952205931e-05,0.0010999335605574403,0.0017027114524270606,0.0019857097773355904,0.002065086502191927,0.0005360042321117028,4.525324524464223e-05,0.0005595865406759103
1846,98,0.204,0.268,3.295,4.326,0.25,0.4,75,90,4,5,2,5,1,0.23661648493358975,3.6813189253383354,0.31913950249285383,82.18193662517535,0.03014807765941922,0.00395053936838483,0.00416113451344806,0.01043704403508524,0.00014029855742584186,0.000586545279932033,0.003560393613943756,0.0011722378721751253,0.0016224642382466827,0.00048088633205693585,5.7531980022828754e-05,0.000518060680634775
1847,98,0.204,0.268,3.295,4.326,0.25,0.4,90,105,4,5,2,6,1,0.23661648493358975,3.6813189253383354,0.31913950249285383,97.21575126089989,0.027790882701527454,0.0034672575592555,0.005478780620343405,0.01038592433270935,0.00010848357732108038,0.0006985886400394209,0.0028068254950898075,0.004254739002610622,0.001808347210921888,0.0005078423225702887,7.671738731212338e-05,0.0005157997051558089
1848,98,0.204,0.268,3.295,4.326,0.25,0.4,105,120,4,5,2,7,1,0.23661648493358975,3.6813189253383354,0.31913950249285383,112.322843356991,0.023511345797816264,0.00385347669065086,0.005564016614924084,0.009310116881742003,6.132833414001751e-05,0.0006181087453885637,0.0010960185234006798,0.00525700185684251,0.0012423166866815498,0.0003699244852196379,6.897367902563154e-05,0.0004379331329856312
1849,98,0.204,0.268,3.295,4.326,0.25,0.4,120,135,4,5,2,8,1,0.23661648493358975,3.6813189253383354,0.31913950249285383,127.33275524020299,0.019682033527574392,0.003553649757663284,0.003339400663366844,0.007085149830431148,6.126274772429363e-05,0.0011414781169709486,0.0007673066242566295,0.0029066745483667575,0.000818476685146887,0.000316167373274899,7.413354654581708e-05,0.00037074371853398533
1850,98,0.204,0.268,3.295,4.326,0.25,0.4,135,150,4,5,2,9,1,0.23661648493358975,3.6813189253383354,0.31913950249285383,142.3790850206314,0.01774721608824663,0.003494168517939982,0.004938948071807331,0.007492744655653124,9.309036015583557e-05,0.0007771556419068501,0.0017020604187576935,0.004379579108588478,0.0012614926868857355,0.00024973006959450636,4.9472344371151776e-05,0.0003338932652140566
1851,98,0.204,0.268,3.295,4.326,0.25,0.4,150,165,4,5,2,10,1,0.23661648493358975,3.6813189253383354,0.31913950249285383,157.42750494598795,0.01971135472357154,0.0041363502014094165,0.006102804779606835,0.008741190221716905,0.00014808163685545386,0.0009434101124197765,0.0012533803364110242,0.0058213671789130545,0.0008605298317887189,0.0002995800618012194,4.8763300407821334e-05,0.0003639858180974723
1852,98,0.204,0.268,3.295,4.326,0.25,0.4,165,180,4,5,2,11,1,0.23661648493358975,3.6813189253383354,0.31913950249285383,172.4820084779855,0.016992076953901536,0.0038356666574543303,0.002584158572468158,0.00598177487031718,0.00014388264434204366,0.00025405685345149763,0.002170265659197116,0.001274098377799522,0.0003705010687150711,0.0002510501053841204,6.734894703968751e-05,0.0003492530283497317
1853,98,0.204,0.268,3.295,4.326,0.25,0.4,180,210,4,5,2,12,2,0.23661648493358975,3.6813189253383354,0.31913950249285383,195.15482503485373,0.013124719005572735,0.003273009656462141,0.0027288107547993705,0.004980949930105369,0.00020906455524092752,0.0006381149811575671,0.0024044550070394166,0.0008490082756830061,0.0006490009241312327,0.00019876022415714706,5.1794818129912055e-05,0.00026849261720679306
1854,98,0.204,0.268,3.295,4.326,0.25,0.4,210,255,4,5,2,14,3,0.23661648493358975,3.6813189253383354,0.31913950249285383,233.96115935994388,0.012672430940556503,0.003328933933402266,0.0033208616633634593,0.005216845769049332,8.653399065236862e-05,0.0007210488274741409,0.001061559929144357,0.00296972456286897,0.0007052916300550851,0.00021443611368924143,2.4702996783518222e-05,0.00023898304994087068
1856,98,0.204,0.268,3.295,4.326,0.25,0.4,270,285,4,5,2,18,1,0.23661648493358975,3.6813189253383354,0.31913950249285383,277.7839134912754,0.034423696632447105,0.007528089913804971,0.006228041555159584,0.01257912408589435,7.048898373126356e-05,9.141395272513208e-05,0.005774718466707969,0.0016261562201644471,0.0015773119304828944,0.0005232683338524909,9.020925543821351e-05,0.0005436046882184593
1858,98,0.204,0.268,3.295,4.326,0.25,0.4,300,315,4,5,2,20,1,0.23661648493358975,3.6813189253383354,0.31913950249285383,307.96989114947945,0.085035494902241,0.009324112948134072,0.010814844590949814,0.02908335921453129,4.5461160248870445e-05,0.0032092074643718283,0.0072750347334051835,0.006656672568219364,0.0028095953032760603,0.0009992211863110606,0.0002690335575659891,0.0012363407455060675
1859,98,0.204,0.268,3.295,4.326,0.25,0.4,315,330,4,5,2,21,1,0.23661648493358975,3.6813189253383354,0.31913950249285383,322.99162834807123,0.14039899844183398,0.007444618993255959,0.012130849362805129,0.04619626156287681,3.1097088009344736e-05,0.005646911516364822,0.002123759991622595,0.006914248037689547,0.007804797137398593,0.001436246029952663,0.000320883005289305,0.0014271961238307338
1860,98,0.204,0.268,3.295,4.326,0.25,0.4,330,345,4,5,2,22,1,0.23661648493358975,3.6813189253383354,0.31913950249285383,337.95826520330945,0.18210519940471556,0.007923320588767886,0.014353247293056842,0.059571316576236516,5.776787095031434e-05,0.006620283677882575,0.003954662611004772,0.0016855799908453485,0.011946209860947996,0.0012522745024633177,0.0003276697249618887,0.0009958656731018371
1861,98,0.204,0.268,3.295,4.326,0.25,0.4,345,360,4,5,2,23,1,0.23661648493358975,3.6813189253383354,0.31913950249285383,352.7237968073951,0.22175344371152647,0.009853189195203567,0.020384654920515846,0.0732958536210028,5.838301701392756e-05,0.011914159290920441,8.349117243162641e-05,0.0023216508013636622,0.01630276867081063,0.0010986869913323033,0.0004243499891864367,0.0015512112973731086
1862,99,0.204,0.268,3.295,4.326,0.4,0.6,0,15,4,5,3,0,1,0.23448727543357226,3.67541316656296,0.49754984483907666,6.641639993767373,0.23719336370651534,0.013833445608037396,0.028536038109462203,0.08053151715038279,9.733655496982245e-05,0.01986110238840351,0.006311237967409822,0.004821786775112292,0.018740393606996336,0.0016233762519918557,0.0024248193015940435,0.0023556110812327003
1863,99,0.204,0.268,3.295,4.326,0.4,0.6,15,30,4,5,3,1,1,0.23448727543357226,3.67541316656296,0.49754984483907666,21.61064274006232,0.13832661011860495,0.006381967193334161,0.011792292888400422,0.04547274976105138,4.052292150109237e-05,0.007643789180361416,0.0025167330627310623,0.002110272892543831,0.00834391571763502,0.0005298250683262203,0.0002525778412291581,0.0004699892890229072
1864,99,0.204,0.268,3.295,4.326,0.4,0.6,30,45,4,5,3,2,1,0.23448727543357226,3.67541316656296,0.49754984483907666,36.78838604944689,0.07355271202945977,0.003984833072576331,0.007536139377924398,0.024538051476602356,2.7662441652096893e-05,0.0032563885867468666,0.004046537922166013,0.0007490769939771856,0.00539438389972855,0.00042660729223105995,0.00015163078083888765,0.00039192056445816134
1865,99,0.204,0.268,3.295,4.326,0.4,0.6,45,60,4,5,3,3,1,0.23448727543357226,3.67541316656296,0.49754984483907666,51.936390056129326,0.046971682291685496,0.005775762633643367,0.005832689574902902,0.016013024699569674,2.8847170298940728e-05,0.0020896849913506405,0.001689834297942997,0.003963965896683264,0.003309964041668275,0.0005133362554490108,6.027974190767647e-05,0.00035808464524632967
1866,99,0.204,0.268,3.295,4.326,0.4,0.6,60,90,4,5,3,4,2,0.23448727543357226,3.67541316656296,0.49754984483907666,73.38242455663229,0.012317739170748942,0.002521807666909439,0.0037228368298453858,0.005399389684921545,0.00015153094659516023,0.0007004940421345768,0.002292497666605492,0.0027444060870080635,0.0007350311682520445,0.00018323824351063468,1.750994894345963e-05,0.0001352012970007249
1867,99,0.204,0.268,3.295,4.326,0.4,0.6,90,105,4,5,3,6,1,0.23448727543357226,3.67541316656296,0.49754984483907666,97.21862826002362,0.009897884277223783,0.0017299134176397668,0.0015344984584423674,0.0034971088657445412,0.0001452631775700815,0.00023772072495665563,0.0005681020486804382,0.0010750792287330688,0.0008902548807655486,8.15747054156094e-05,4.154736655860046e-05,7.735597349426001e-05
1868,99,0.204,0.268,3.295,4.326,0.4,0.6,105,120,4,5,3,7,1,0.23448727543357226,3.67541316656296,0.49754984483907666,112.32069974352295,0.011527815414526481,0.0018586776003620086,0.0012933011280555503,0.003881733656024101,8.665088813497411e-05,0.0003102900141297057,0.00010217449940466953,0.000888402202732351,0.0008708076083904276,8.487346866218514e-05,5.4473464256403e-05,0.00010409392666059561
1869,99,0.204,0.268,3.295,4.326,0.4,0.6,120,135,4,5,3,8,1,0.23448727543357226,3.67541316656296,0.49754984483907666,127.37029274237358,0.008637997304765898,0.0016393234251195895,0.002334620690911463,0.003601606399740061,6.70645870908906e-05,0.00023757556150983536,0.0019238248962455018,0.0011538439964767049,0.0005877872741889442,7.4229364158578e-05,4.6409730098610626e-05,0.00010752620539066647
1870,99,0.204,0.268,3.295,4.326,0.4,0.6,135,165,4,5,3,9,2,0.23448727543357226,3.67541316656296,0.49754984483907666,149.71547617530354,0.0058662663695028105,0.0010044151781964756,0.0009289552333488433,0.002081288292568569,3.6858164436953886e-05,0.00022527337052697822,0.0003299506395168256,0.0007564341651640927,0.00034513124383832446,6.622541170670639e-05,4.603020236126253e-05,0.00010332261898300818
1871,99,0.204,0.268,3.295,4.326,0.4,0.6,165,195,4,5,3,11,2,0.23448727543357226,3.67541316656296,0.49754984483907666,179.9671787161742,0.005958274546984692,0.0013646194051936094,0.0021407313995132505,0.002856781186052176,8.017102279394248e-05,0.000325977202545148,0.0007293763018811355,0.0019656161959859223,0.0002490902805156721,7.423604047925202e-05,4.5672432639958234e-05,0.000111173773308401
1873,99,0.204,0.268,3.295,4.326,0.4,0.6,240,255,4,5,3,16,1,0.23448727543357226,3.67541316656296,0.49754984483907666,247.69586399374742,0.011324476568879088,0.002342904439485962,0.0015977747519167788,0.003934428044625611,7.615272528556258e-05,0.0001848846967640606,0.001223756174366894,0.0006957129754534815,0.0007192625869140972,0.00012489057571426278,6.676435067321724e-05,0.00011818706251943628
1874,99,0.204,0.268,3.295,4.326,0.4,0.6,255,270,4,5,3,17,1,0.23448727543357226,3.67541316656296,0.49754984483907666,262.78112338794864,0.00958666314112487,0.0017327959644662127,0.0016388077524276507,0.0034568092939109064,0.0001063590774581411,0.00036035990403918806,0.001073234814634071,0.0009882420146595178,0.0006404880245023953,0.00011816570912973841,5.526711767563267e-05,7.641452223351403e-05
1875,99,0.204,0.268,3.295,4.326,0.4,0.6,270,285,4,5,3,18,1,0.23448727543357226,3.67541316656296,0.49754984483907666,277.8273147070941,0.015819602405450408,0.0024323178397523708,0.0022400003831868362,0.005499412135122149,8.395279690948899e-05,0.0004366016815848653,0.001646673002536192,0.0006587674337214536,0.0012885104524964117,0.00018405253050040056,8.478980361851221e-05,0.00011902487554918955
1876,99,0.204,0.268,3.295,4.326,0.4,0.6,285,300,4,5,3,19,1,0.23448727543357226,3.67541316656296,0.49754984483907666,292.92520895554145,0.01746574336222521,0.0034010115036514073,0.004128743531408171,0.006913426778151005,0.0001093338364647958,0.00023073638624925496,0.0037614049656940376,0.0007958973522818125,0.001471461683619525,0.00022152995934098156,5.876575239790472e-06,0.00018577024178260496
1877,99,0.204,0.268,3.295,4.326,0.4,0.6,300,315,4,5,3,20,1,0.23448727543357226,3.67541316656296,0.49754984483907666,308.0055539220398,0.034292068881736255,0.004166844222781615,0.0034265911659384684,0.011413836839715466,4.546812871169307e-05,0.0015818123433871444,0.0023313964178417637,0.0009400012016886676,0.0016905138294855382,0.0003910848000832291,1.4173771802742086e-05,0.0002459285548358885
1878,99,0.204,0.268,3.295,4.326,0.4,0.6,315,330,4,5,3,21,1,0.23448727543357226,3.67541316656296,0.49754984483907666,323.1688763337995,0.07365375033819588,0.004116347522548622,0.005772603792240719,0.02408619440177794,1.676250551609067e-05,0.002627099541567241,0.0006192068673365806,0.0013788059466428562,0.0048937157956801805,0.0004958936138298232,0.00013671105030289127,0.0004336407353486913
1879,99,0.204,0.268,3.295,4.326,0.4,0.6,330,345,4,5,3,22,1,0.23448727543357226,3.67541316656296,0.49754984483907666,338.37359085949777,0.1337037331125081,0.005946237775947302,0.013486224001791591,0.04454020655832504,4.790083401468635e-05,0.00888720116210141,0.0024600132693898703,0.003107116497789977,0.009330015352380242,0.00018371910157135654,0.0002865842188139877,0.00037225548871677716
1880,99,0.204,0.268,3.295,4.326,0.4,0.6,345,360,4,5,3,23,1,0.23448727543357226,3.67541316656296,0.49754984483907666,353.34259562993236,0.22092036009664331,0.012440266174881877,0.0249679869060615,0.07445116046838242,8.695763219622781e-05,0.016949506679728832,0.009127185852113145,0.0029255591113214563,0.015510944506587155,0.0014264078312829994,0.0020122650727031036,0.0019113384436076567
1882,100,0.204,0.268,3.295,4.326,0.6,0.8,30,45,4,5,4,2,1,0.22591089590220562,3.650951698394107,0.7183747725387092,36.65140305700607,0.043949974536510235,0.0032509797797780076,0.004788199629158782,0.01475229380556815,2.356207521477021e-05,0.0026152654138077397,0.00011541946234235479,0.001813073275704312,0.003569665033944791,0.00024489677495388886,9.662114005117325e-05,0.00020886005530086664
1883,100,0.204,0.268,3.295,4.326,0.6,0.8,45,60,4,5,4,3,1,0.22591089590220562,3.650951698394107,0.7183747725387092,51.87159119083748,0.029339865830226464,0.006050354312809177,0.0036343975353947504,0.009998969630309029,2.370868610228208e-05,0.00239798355983933,0.0013737796690802301,0.0005244694939212457,0.002251389885303779,0.00035825085647132106,7.3991874323791e-05,0.00047630131780909143
1885,100,0.204,0.268,3.295,4.326,0.6,0.8,75,105,4,5,4,5,2,0.22591089590220562,3.650951698394107,0.7183747725387092,88.752542858372,0.006931621668118169,0.0017394581795693788,0.0011734166264074817,0.0024939993761991337,9.456758921688383e-05,0.00013211308617054783,0.0009059120001498833,0.00048208977470392335,0.0005397426717654129,5.701633698219606e-05,3.4816385298428064e-05,7.810523700500152e-05
1886,100,0.204,0.268,3.295,4.326,0.6,0.8,105,135,4,5,4,7,2,0.22591089590220562,3.650951698394107,0.7183747725387092,119.30828223785052,0.003572149344427128,0.0008470212804852208,0.0007051935569706779,0.0013297583583922815,6.345830618078437e-05,0.0001477427261698758,1.5509683489044306e-05,0.000562816995332718,0.00039937973903773373,3.2569723492841225e-05,4.311726433781832e-06,3.010981750293022e-05
1889,100,0.204,0.268,3.295,4.326,0.6,0.8,225,255,4,5,4,15,2,0.22591089590220562,3.650951698394107,0.7183747725387092,240.6743986487534,0.005160746855994561,0.0011763133491151368,0.0015277826826406089,0.002240252206945522,4.743085227739491e-05,0.00029483907851596703,2.4941531341795057e-05,0.0014165475951126933,0.0004847307461852058,5.7255994702025954e-05,8.150613322153767e-06,5.241270748717313e-05
1890,100,0.204,0.268,3.295,4.326,0.6,0.8,255,270,4,5,4,17,1,0.22591089590220562,3.650951698394107,0.7183747725387092,262.7435150212673,0.009088928489728995,0.0015319096031288248,0.0020743909569741334,0.0035538657489430016,7.78814293148937e-05,0.0003265645630713156,0.0010942610965852082,0.0014906592996207142,0.0008742409295568993,7.214059998511146e-05,5.7605965719325676e-05,8.13524033564991e-05
1891,100,0.204,0.268,3.295,4.326,0.6,0.8,270,285,4,5,4,18,1,0.22591089590220562,3.650951698394107,0.7183747725387092,277.8476468366213,0.009310459422785036,0.001547365704508298,0.001027487629723709,0.0031294495896410078,7.488963437960936e-05,0.0003886369182821184,0.00014119612637130048,0.000544949945185413,0.0007424216793956192,0.00010209558692283255,5.1949220608607764e-05,0.00017603118686600834
1892,100,0.204,0.268,3.295,4.326,0.6,0.8,285,300,4,5,4,19,1,0.22591089590220562,3.650951698394107,0.7183747725387092,292.96441296338065,0.010911676944521527,0.002344277935371311,0.0012032392305057606,0.0036673400630902898,5.914339130794391e-05,0.0003193218111090108,0.0004918588042743654,0.0003819320342465836,0.0009426878222085662,0.00020495282164995017,5.6202059489114415e-05,0.0002566374753937558
1893,100,0.204,0.268,3.295,4.326,0.6,0.8,300,315,4,5,4,20,1,0.22591089590220562,3.650951698394107,0.7183747725387092,308.11976472404126,0.02135215832668371,0.003864086983902872,0.0030421072626460374,0.007430352969965941,4.161000047390634e-05,0.0015947848630436109,0.00031534836741300645,0.0007466684868171404,0.0024485958777006197,0.0002490056960147252,4.350135622077151e-05,0.00023825669262998814
1894,100,0.204,0.268,3.295,4.326,0.6,0.8,315,330,4,5,4,21,1,0.22591089590220562,3.650951698394107,0.7183747725387092,323.3549823238174,0.045099697831583574,0.003417171333462418,0.005037523004186985,0.015178932889406319,2.6205311790891144e-05,0.001986766251655693,0.0010183733517352442,0.0007607871258173536,0.004447447718526455,0.00025776324987700433,0.00019422160311607142,0.00018176528070268412
1968,104,0.268,0.357,1.456,1.912,0.15,0.25,0,30,5,2,1,0,2,0.30883635673150855,1.6636149722640274,0.1978573627000335,14.819219864602124,0.08400656016267569,0.01502834109966064,0.023305671141933257,0.03541896293396438,0.0012215215990729349,0.006804622241570031,0.010331876024130602,0.017657824181892434,0.004994743548867542,0.007089245000502619,0.00039905577054152446,0.007201765642735491
1969,104,0.268,0.357,1.456,1.912,0.15,0.25,30,60,5,2,1,2,2,0.30883635673150855,1.6636149722640274,0.1978573627000335,44.68811161423421,0.05510181715155302,0.012511635794481116,0.014672398294328865,0.02283256748493048,0.001676675926152715,0.004247920887555525,0.00947955765546164,0.008071977664310054,0.0042130264131012,0.004699788235734476,9.813483302436483e-05,0.00465346853060423
1981,104,0.268,0.357,1.456,1.912,0.15,0.25,300,330,5,2,1,20,2,0.30883635673150855,1.6636149722640274,0.1978573627000335,315.2641063779991,0.046073209425648444,0.011876035637674316,0.012698077181340271,0.01937036997219771,0.0011668420508354684,0.0062350867138796515,0.006597206893302024,0.005162329003270161,0.005980073946393261,0.003850824780169218,6.05572029597659e-05,0.003881916210676177
1982,104,0.268,0.357,1.456,1.912,0.15,0.25,330,360,5,2,1,22,2,0.30883635673150855,1.6636149722640274,0.1978573627000335,345.1491189553698,0.05558589248030174,0.011448272011511251,0.00868491974452431,0.019669154174012514,0.0011059257253501493,0.006308939729003863,4.662720188836515e-05,0.0030628631194868704,0.0017461130431873392,0.004418113873328495,0.0005188802654534253,0.00468719782070011
1984,105,0.268,0.357,1.456,1.912,0.25,0.4,30,45,5,2,2,2,1,0.3095174720514483,1.6616463424096857,0.3210649059600422,37.357304382886454,0.05129566460686459,0.012232385434159599,0.009539812983721833,0.01887418444579225,0.0005892459961172303,0.007588020125001636,0.00036081002811593166,0.0015301868821074134,0.00469039831221502,0.0029806036799093967,0.0004174423463526165,0.00293449815219323
1985,105,0.268,0.357,1.456,1.912,0.25,0.4,45,60,5,2,2,3,1,0.3095174720514483,1.6616463424096857,0.3210649059600422,52.40054919269001,0.030814384710987235,0.010565953319058005,0.009657076400111249,0.013746650433514963,0.0006989388009838453,0.0038865728819950708,0.008119337814902842,0.0016332821412036664,0.0023863522338388866,0.001892318391585362,0.0003105274260214532,0.0018382671986877956
1986,105,0.268,0.357,1.456,1.912,0.25,0.4,60,90,5,2,2,4,2,0.3095174720514483,1.6616463424096857,0.3210649059600422,74.73436349967784,0.04762426229685433,0.011731309399870023,0.013620282787171319,0.0203502152153106,0.0008097202653814264,0.006189777628138067,0.0002229589058356635,0.010489019574322894,0.005219425315684805,0.0030031398531245052,0.0006031750630616742,0.0030383328123027775
1994,105,0.268,0.357,1.456,1.912,0.25,0.4,330,345,5,2,2,22,1,0.3095174720514483,1.6616463424096857,0.3210649059600422,337.5982183560256,0.05624491683484989,0.014210022292507986,0.013206722833834212,0.02221022577836735,0.0005034717295803317,0.0021709761076875904,0.004092158995759547,0.008146830764470682,0.008740404293942716,0.0032807730596458597,9.881644629986037e-05,0.003152716764000058
1995,105,0.268,0.357,1.456,1.912,0.25,0.4,345,360,5,2,2,23,1,0.3095174720514483,1.6616463424096857,0.3210649059600422,352.5266029063257,0.04923667695141044,0.010890899746326439,0.012850886016721649,0.02023628450196412,0.00048518310794566573,0.004842735598113323,0.00755898545233234,0.00797686288026035,0.0036143471337464973,0.002789970589611026,6.431755468069046e-05,0.002761462114719911
1996,106,0.268,0.357,1.456,1.912,0.4,0.6,0,15,5,2,3,0,1,0.3097420024019398,1.6589216426641802,0.49552328995398787,7.378716629642212,0.04086164917868732,0.011615833883601438,0.008400446860437333,0.015455386263355573,0.0010504068343816242,0.00218781877514181,0.005316140094482569,0.003636342474193654,0.00449248307296309,0.0016961571544559391,9.935090658497476e-05,0.0017351846270074367
2000,106,0.268,0.357,1.456,1.912,0.4,0.6,120,150,5,2,3,8,2,0.3097420024019398,1.6589216426641802,0.49552328995398787,134.9516707385429,0.029585606919334737,0.009794259984345143,0.007769270003456606,0.012189820138426849,0.0021469101687717107,0.003369098824320298,0.0050991568066448,0.0029723132557965075,0.0025796755341368142,0.0016781963878634712,3.796048278665467e-05,0.001706087376144354
2010,106,0.268,0.357,1.456,1.912,0.4,0.6,330,360,5,2,3,22,2,0.3097420024019398,1.6589216426641802,0.49552328995398787,345.8539464214666,0.033864877040562305,0.010181644526633515,0.007380610687412733,0.01304119191251994,0.0012336631504899405,0.0033996549558177663,0.001209717516776477,0.0047982553928279876,0.003774100635383485,0.0014834785881045595,0.0003740655080758108,0.0016319707841923041
2042,109,0.268,0.357,1.912,2.51,0.15,0.25,0,15,5,3,1,0,1,0.307502440550429,2.190002523896599,0.1974927658268466,7.513452547911403,0.0493952096636429,0.006199335470171868,0.007719755372535508,0.017479493502105467,0.0002533371874831333,0.002188645357635656,0.004084401728784551,0.003350928251731833,0.0036621468603860122,0.0036181697013945575,5.925856381001241e-05,0.0036630448430698954
2043,109,0.268,0.357,1.912,2.51,0.15,0.25,15,30,5,3,1,1,1,0.307502440550429,2.190002523896599,0.1974927658268466,22.4138080132838,0.0466538909409194,0.0052928600450012605,0.009303726128853383,0.017491623721720778,0.00028157656961405435,0.004065965713209644,0.0030705871714689294,0.005832879044438678,0.0037725543646975595,0.0034479259822781188,0.0001293369262431235,0.0035021147005655185
2044,109,0.268,0.357,1.912,2.51,0.15,0.25,30,45,5,3,1,2,1,0.307502440550429,2.190002523896599,0.1974927658268466,37.38122928166069,0.04603736692757455,0.005738519563224714,0.007239748658549253,0.01631107734951773,0.00039822824800667833,0.0006857781666926828,0.0021692282960588693,0.004417661726026306,0.0038623863460853086,0.0035475827520471473,0.00016865774253778282,0.003556088918333801
2045,109,0.268,0.357,1.912,2.51,0.15,0.25,45,60,5,3,1,3,1,0.307502440550429,2.190002523896599,0.1974927658268466,52.36929014677228,0.03399520174698777,0.005894599845786559,0.008444118399274747,0.013703789927327077,0.0004300119777899032,0.0020672522720031738,0.005313940593195915,0.005083268181494524,0.0023679039175440115,0.0026384292910009237,0.000173051891079607,0.0026758445934125076
2054,109,0.268,0.357,1.912,2.51,0.15,0.25,285,315,5,3,1,19,2,0.307502440550429,2.190002523896599,0.1974927658268466,300.45566653960736,0.032583235242007486,0.00707679082605042,0.009620385062644662,0.014126810358144894,0.0003491055168367659,0.002638356174539455,0.0006111840118804151,0.008537704767910817,0.002336097564262294,0.0026026887406043367,0.00014458885691056683,0.0025972505381273176
2055,109,0.268,0.357,1.912,2.51,0.15,0.25,315,330,5,3,1,21,1,0.307502440550429,2.190002523896599,0.1974927658268466,322.6184825415741,0.03462294539572584,0.005790073233064949,0.0048155930672634465,0.012000938935954934,0.00032644640138262217,0.0011324011146326917,0.0007290548226139785,0.0015734871602564226,0.0034477622502099153,0.0026293032190728774,0.00010228324279687466,0.0026280391435893192
2056,109,0.268,0.357,1.912,2.51,0.15,0.25,330,345,5,3,1,22,1,0.307502440550429,2.190002523896599,0.1974927658268466,337.59802939411117,0.05317326786667475,0.006374851086331525,0.007259417487046897,0.018376555409748196,0.00028594773823775233,0.001188361678463766,0.001066640250841145,0.003343824763398801,0.004738082002852716,0.004003076776934779,0.0001167825142563009,0.004054240511440765
2057,109,0.268,0.357,1.912,2.51,0.15,0.25,345,360,5,3,1,23,1,0.307502440550429,2.190002523896599,0.1974927658268466,352.5424345216791,0.04536929518740767,0.006001848972686493,0.007185435176432639,0.016096967151840634,0.00028137494997546616,0.0029012757936925575,0.002107619213978541,0.0042094011669561665,0.0030404303507341134,0.003485940045880754,9.11998765731578e-05,0.0034247002683456627
2058,110,0.268,0.357,1.912,2.51,0.25,0.4,0,15,5,3,2,0,1,0.30853283076168203,2.186893412373205,0.3202028017262532,7.4250224613377425,0.03929542416598474,0.003924885426725295,0.006102631317309605,0.013888443356528847,0.00017530835462164826,0.0038603012058725187,0.0018778539680125406,0.0017276048852072573,0.0035255383560797624,0.001848885960574426,0.0001619574397109203,0.0018355042116500225
2059,110,0.268,0.357,1.912,2.51,0.25,0.4,15,30,5,3,2,1,1,0.30853283076168203,2.186893412373205,0.3202028017262532,22.359318117896727,0.03770802344139563,0.0034809675390565864,0.004232384995590654,0.012697977689781466,0.00020210293185541993,0.0010243462890682311,0.001038729622575551,0.0012622319196308404,0.0032750175756616714,0.0019326317299986058,9.564337340519967e-05,0.0018506817844418113
2060,110,0.268,0.357,1.912,2.51,0.25,0.4,30,45,5,3,2,2,1,0.30853283076168203,2.186893412373205,0.3202028017262532,37.35749248379746,0.02666879956249495,0.0029131888374013776,0.003346018915331681,0.009104206551187089,0.00023887534555500742,0.0015554404679746958,0.0005019496150366011,0.0014773378767806956,0.0021522507997600057,0.0013493233101967593,7.336284409345324e-05,0.0012855823498929067
2061,110,0.268,0.357,1.912,2.51,0.25,0.4,45,60,5,3,2,3,1,0.30853283076168203,2.186893412373205,0.3202028017262532,52.33921727153772,0.024922371367499994,0.0029939895234699443,0.003982644426105098,0.008858339347760143,0.0002265616235520367,0.0019241594655842315,0.0006005152782444153,0.002146549419219732,0.0023270871168278575,0.0013278774564392652,1.707671911250224e-05,0.0013130534447075418
2062,110,0.268,0.357,1.912,2.51,0.25,0.4,60,75,5,3,2,4,1,0.30853283076168203,2.186893412373205,0.3202028017262532,67.36936714932904,0.020559616584297204,0.003351710353824323,0.004578723772785342,0.007973218778216613,0.0002866726416782291,0.001142066210044936,0.0005141022473986417,0.003780878928471634,0.0019460961105142722,0.0010944216697841378,7.977279716076918e-05,0.0011097649714946526
2063,110,0.268,0.357,1.912,2.51,0.25,0.4,75,90,5,3,2,5,1,0.30853283076168203,2.186893412373205,0.3202028017262532,82.39448922930974,0.01786300701898007,0.005134363965668853,0.00500117480880913,0.0075614411589628805,0.00032028088266952394,0.0011046114804076882,0.00015596201987751486,0.004551752221280086,0.0013861493202784409,0.001001341477074482,0.00019013035690196994,0.0010123342966303892
2064,110,0.268,0.357,1.912,2.51,0.25,0.4,90,105,5,3,2,6,1,0.30853283076168203,2.186893412373205,0.3202028017262532,97.41994652139104,0.015727514676983825,0.005241275659917049,0.002139910162886765,0.005432523934201539,0.0005644870944820421,0.0010020029233945257,0.0010265913378644004,0.0010081162492084994,0.0005808251369761737,0.0009306929051838185,0.00015604946048178065,0.0009214195462753564
2066,110,0.268,0.357,1.912,2.51,0.25,0.4,120,135,5,3,2,8,1,0.30853283076168203,2.186893412373205,0.3202028017262532,127.48098428349005,0.01587202808281396,0.0038176830309650084,0.004362295733302978,0.00666506032623955,0.0002281132117936633,0.0010907727319650657,0.0030761379084529683,0.002728055970068673,0.0001772300516413327,0.0009267724336431693,0.00012084876596506157,0.0009227561843447591
2067,110,0.268,0.357,1.912,2.51,0.25,0.4,135,150,5,3,2,9,1,0.30853283076168203,2.186893412373205,0.3202028017262532,142.5090366479547,0.012732828248146175,0.0029774822857342206,0.001267312730773277,0.004236520508713928,0.0002532033582398035,0.0005604664008834493,0.0005921166881986494,0.0005229934904092372,9.295217288711313e-05,0.0007694267897014373,9.699699061649555e-05,0.000771415945219341
2068,110,0.268,0.357,1.912,2.51,0.25,0.4,150,165,5,3,2,10,1,0.30853283076168203,2.186893412373205,0.3202028017262532,157.4428567176664,0.012564942197481612,0.004721291888497031,0.003391035491639144,0.005227057778489863,0.0002686302164489653,0.0009506253328941394,0.0015481638072381025,0.002556675187939923,0.001046523315614075,0.0007391012087735874,0.0001022970917300804,0.0007488156630390151
2069,110,0.268,0.357,1.912,2.51,0.25,0.4,165,180,5,3,2,11,1,0.30853283076168203,2.186893412373205,0.3202028017262532,172.48483316794068,0.011110128568448266,0.0035613829114492426,0.0013506769000339765,0.003777094729613076,0.0001733288439582499,0.0010535296011060622,0.0003525458351499963,6.118910527658075e-05,0.0003336807439174483,0.0006615476598951171,7.002721808711477e-05,0.0006670720113925722
2070,110,0.268,0.357,1.912,2.51,0.25,0.4,180,195,5,3,2,12,1,0.30853283076168203,2.186893412373205,0.3202028017262532,187.5063647610463,0.01031387105522367,0.0030639821151245304,0.0013937879682785034,0.0035588242014177626,0.00022181879351256903,0.0007351773721632045,0.0008841515402032039,0.0002290542534309035,0.00031289001170815915,0.0006362890713988723,6.985876025065047e-05,0.0006487415497226407
2072,110,0.268,0.357,1.912,2.51,0.25,0.4,210,225,5,3,2,14,1,0.30853283076168203,2.186893412373205,0.3202028017262532,217.52797127862956,0.010069910903186464,0.0030066679604927667,0.00173148930797616,0.0036358470571143187,0.0002819588738210193,0.00027840560044415876,0.0011146174441782647,0.0010675257362608808,0.0002974567629756024,0.0006071515958633658,6.612780064119039e-05,0.0006087536188516049
2077,110,0.268,0.357,1.912,2.51,0.25,0.4,315,330,5,3,2,21,1,0.30853283076168203,2.186893412373205,0.3202028017262532,322.6738358773433,0.021030452608181288,0.004009779664850585,0.0039038435420303366,0.0077344267074125695,0.0001980339590576249,0.0015122822405107727,0.0025687054966346398,0.0011721099652044315,0.0019778762603132895,0.0009953544004751276,6.287084210342654e-05,0.0010147389697179351
2078,110,0.268,0.357,1.912,2.51,0.25,0.4,330,345,5,3,2,22,1,0.30853283076168203,2.186893412373205,0.3202028017262532,337.6297816965771,0.030561457609362016,0.0035429364254907793,0.004643259610081751,0.010756689502709225,0.00016608792516313237,0.0010887238702419837,0.001738570630426873,0.0019884680633006965,0.0033757243120735277,0.0014303012865752003,0.00018979967107800972,0.001405278347952049
2079,110,0.268,0.357,1.912,2.51,0.25,0.4,345,360,5,3,2,23,1,0.30853283076168203,2.186893412373205,0.3202028017262532,352.5552922992994,0.04213241541168414,0.003513154712312185,0.005074654683738113,0.014306797228924228,0.00018444521581512623,0.002470083094584103,0.00016702603882435041,0.0025731292427771065,0.0030874400140919883,0.001885628579994096,0.0002086795609718347,0.0018535403931669598
2080,111,0.268,0.357,1.912,2.51,0.4,0.6,0,15,5,3,3,0,1,0.3090769915126911,2.183029014147765,0.4942407321101049,7.3761963611424735,0.03161874849191537,0.003390980655739974,0.003952652582985463,0.010788732758235503,0.0002087453144800369,0.0013418239878799584,0.0010848411743685342,0.0014207530969113603,0.0030506883910247787,0.0011509840735266866,0.00013880418982542415,0.0011301667248208701
2081,111,0.268,0.357,1.912,2.51,0.4,0.6,15,30,5,3,3,1,1,0.3090769915126911,2.183029014147765,0.4942407321101049,22.24537931487238,0.021934624726127873,0.0034684792907022327,0.003561117254706758,0.007821683893975922,0.00023231299206105194,0.0013295322944119586,0.00018945489446843682,0.0024777903025605705,0.0020043451478886573,0.000902257363804887,7.892957329616411e-05,0.00081681897703191
2082,111,0.268,0.357,1.912,2.51,0.4,0.6,30,45,5,3,3,2,1,0.3090769915126911,2.183029014147765,0.4942407321101049,37.220533842506406,0.01573261665045994,0.0034138082713628132,0.002250194620782908,0.005478380758863522,0.00023260435588204378,0.0014493352918823212,0.0006077541485456605,0.0011213344770801118,0.0009291259708248095,0.0006561188888481955,6.578394253857618e-06,0.0006470448767321212
2083,111,0.268,0.357,1.912,2.51,0.4,0.6,45,60,5,3,3,3,1,0.3090769915126911,2.183029014147765,0.4942407321101049,52.29516889486562,0.01638443411869338,0.004138070881779124,0.002658879701984562,0.005842011010820324,0.0002643871857862598,0.0014225169350939612,0.00011437868408173338,0.000434680350802774,0.002066341686287063,0.0006917786615644119,6.305987585909785e-05,0.0007102033509879143
2084,111,0.268,0.357,1.912,2.51,0.4,0.6,60,75,5,3,3,4,1,0.3090769915126911,2.183029014147765,0.4942407321101049,67.33809794522453,0.011612004761894204,0.0034957417919751935,0.002637021271282909,0.004532712067193533,0.0002714561095581499,0.0013772691093435303,0.001228884234207137,0.0015535350721776779,0.0008989834930246966,0.0005196305890602826,5.2983741507455275e-05,0.0005015212497295708
2087,111,0.268,0.357,1.912,2.51,0.4,0.6,120,135,5,3,3,8,1,0.3090769915126911,2.183029014147765,0.4942407321101049,127.4747161556584,0.011462747219725053,0.002972866427711741,0.0028822390632052947,0.004642385132929579,0.00035823542460738966,0.0011126449256065516,0.002291473369980789,0.000938477627895652,0.0007157143574143359,0.000549769066946626,2.6178199624433377e-05,0.0005451175678182718
2088,111,0.268,0.357,1.912,2.51,0.4,0.6,135,150,5,3,3,9,1,0.3090769915126911,2.183029014147765,0.4942407321101049,142.48895492688493,0.007752778409306497,0.0016645043759785508,0.002412019910499709,0.003446218203297452,0.00034622973369282306,0.0005407518349878729,0.0022196034647741633,0.00038053933760306036,0.0004492366925313274,0.0003753142873395924,9.239240406370886e-06,0.00036371573913419853
2089,111,0.268,0.357,1.912,2.51,0.4,0.6,150,165,5,3,3,10,1,0.3090769915126911,2.183029014147765,0.4942407321101049,157.49923729858335,0.00869900170092015,0.0019303040201503925,0.0009994350738221258,0.0029371063459996787,0.0003984880421178617,0.00021239679558992158,0.0005364946875278606,0.0004106566061555076,0.00042477926907171664,0.0004109896133519578,1.536806882011902e-05,0.0003975707772713766
2090,111,0.268,0.357,1.912,2.51,0.4,0.6,165,180,5,3,3,11,1,0.3090769915126911,2.183029014147765,0.4942407321101049,172.49134147760662,0.010361755248703463,0.003616257903161941,0.0021271503069730455,0.003917543592913185,0.0002740128375432673,0.0013540125364927445,0.0010510576866788258,0.0010703323995251974,0.000328405917733256,0.0005091338698644453,1.8528320357871012e-05,0.0005080859094043631
2091,111,0.268,0.357,1.912,2.51,0.4,0.6,180,195,5,3,3,12,1,0.3090769915126911,2.183029014147765,0.4942407321101049,187.51276608525544,0.008782633188510617,0.0016655776369252715,0.0013524367032264877,0.003099060805553998,0.0003346451232759943,0.0005404870812045717,0.0009191747533287387,0.00039247190180464136,0.0005065476015576161,0.0004430362550379515,2.2744922426788653e-05,0.0004116606603087242
2092,111,0.268,0.357,1.912,2.51,0.4,0.6,195,210,5,3,3,13,1,0.3090769915126911,2.183029014147765,0.4942407321101049,202.51465473545983,0.007862984295933153,0.0027105489808740123,0.0016651392220885903,0.0030007896242588727,0.0003326678569376866,0.0002066463994078257,0.00041707073964895907,0.0013126047955070261,0.0007676280139560826,0.0003814426525367676,5.235250911536578e-06,0.00036494639694143057
2093,111,0.268,0.357,1.912,2.51,0.4,0.6,210,225,5,3,3,14,1,0.3090769915126911,2.183029014147765,0.4942407321101049,217.5197807676164,0.005682050703864436,0.002201802931670692,0.0010907617236136024,0.002108109689679114,0.0004722514308499558,0.00017391520726828705,0.0006252164302602767,0.0006603304965579859,0.0001863671035632503,0.00027577059477516325,1.3648783031553086e-05,0.0002735481270252821
2094,111,0.268,0.357,1.912,2.51,0.4,0.6,225,240,5,3,3,15,1,0.3090769915126911,2.183029014147765,0.4942407321101049,232.5166837349714,0.00689755228969985,0.0020126851263145553,0.001562449474317197,0.002690145553174651,0.0004729873851221765,0.00018486006757200408,0.001135676447125583,0.0008395820604086695,0.00027316800886644166,0.00033342417178169875,1.1256705172777103e-05,0.0003377547319324117
2097,111,0.268,0.357,1.912,2.51,0.4,0.6,315,345,5,3,3,21,2,0.3090769915126911,2.183029014147765,0.4942407321101049,331.02488686254156,0.018727681794526368,0.00545634890501456,0.007087269140329438,0.009251065344685427,0.00028450551881495487,0.00397828164822175,0.0024858162874396663,0.005042197006125682,0.001435479289624147,0.0007456277903583637,6.0704998050645865e-05,0.0008112222569856439
2098,111,0.268,0.357,1.912,2.51,0.4,0.6,345,360,5,3,3,23,1,0.3090769915126911,2.183029014147765,0.4942407321101049,352.6090619578254,0.02475373299471557,0.003181172152314773,0.0033146691707322306,0.008529438911018273,0.00023479245850950824,0.0010588673967992645,0.0016042497967603847,0.0010431602738100855,0.0023152931413065302,0.0009084660494923849,0.00011449365624721906,0.0008878744006800617
2099,112,0.268,0.357,1.912,2.51,0.6,0.8,0,30,5,3,4,0,2,0.3091014830075151,2.179304678889194,0.6965082157872576,13.4993732881417,0.024741713272356643,0.00379284626089595,0.007932522413875308,0.011163746718524176,0.00023808111426867635,0.007377354037590245,0.0007839038349217699,0.0009351144934672257,0.002495772026470047,0.0007042491692002427,0.0003332248591248992,0.0008515011963031563
2103,112,0.268,0.357,1.912,2.51,0.6,0.8,135,150,5,3,4,9,1,0.3091014830075151,2.179304678889194,0.6965082157872576,142.47668593785764,0.006929841134507563,0.0016564986323208937,0.0011686431635308308,0.0024912577854889232,0.000247349577145843,0.0007585798551809767,0.00018393833925587892,0.0007090503891511197,0.0003376345607825861,0.0003072604473975115,4.601086429711755e-05,0.0002802120090722638
2104,112,0.268,0.357,1.912,2.51,0.6,0.8,150,165,5,3,4,10,1,0.3091014830075151,2.179304678889194,0.6965082157872576,157.4803511066876,0.006047946187439439,0.0013765727108249525,0.000968311100077483,0.0021504920698844354,0.000250921975969737,0.00041476816702801656,0.00042276890552960336,0.0005768511092479295,0.00036116096652973024,0.0002750796527163289,3.522819712001099e-05,0.00024638166056135995
2110,112,0.268,0.357,1.912,2.51,0.6,0.8,285,315,5,3,4,19,2,0.3091014830075151,2.179304678889194,0.6965082157872576,300.78927877320007,0.010906205115639077,0.0029312490597056626,0.002736439489184262,0.004413350860146563,0.0002730299474263664,0.00021647357430129642,2.0122357226482246e-05,0.001977044612651039,0.0018145069264067892,0.00043567740814015734,0.00015677381875035926,0.0004063855580031569
2113,113,0.268,0.357,1.912,2.51,0.8,1.0,0,15,5,3,5,0,1,0.3084449266913106,2.1738002010806854,0.8989446776410039,6.947357925421521,0.021881346619843676,0.004627713289632577,0.0036296987821688976,0.0078381495103016,0.00016004968843533863,0.0015185783823332933,0.0007064184919742451,0.0017112026974084775,0.002676328079665097,0.0004261689917855564,0.0001851988017676145,0.0005030340900923549
2120,113,0.268,0.357,1.912,2.51,0.8,1.0,150,165,5,3,5,10,1,0.3084449266913106,2.1738002010806854,0.8989446776410039,157.50928402158726,0.004535784933244267,0.001265764535201547,0.0012617462408822829,0.001914621518177509,0.0003635207704788497,0.0005591964577535916,0.0009576154115118803,0.0003888586109219183,0.00022349522022406074,0.0002041199664907279,1.284797981110907e-05,0.00017019735112708967
2127,113,0.268,0.357,1.912,2.51,0.8,1.0,315,330,5,3,5,21,1,0.3084449266913106,2.1738002010806854,0.8989446776410039,323.00998726041456,0.007576701945325621,0.002446572144519511,0.0025728736606179586,0.00352224163163484,0.00032949167701694,0.00016509939079927303,0.002254717447604597,0.0009694273741234885,0.0006270433336296505,0.00035349885474849507,4.067708378607196e-05,0.00025909989377456656
2128,113,0.268,0.357,1.912,2.51,0.8,1.0,330,360,5,3,5,22,2,0.3084449266913106,2.1738002010806854,0.8989446776410039,347.7995970978692,0.022280220247219165,0.004789527006618469,0.00393648553072145,0.008095267446538738,0.00014245983110641337,0.0012243750168444126,0.0012053836510904005,0.0017445617239270454,0.002988513839398355,0.0005964228850437299,0.0003647571648437364,0.0007408569531595746
2129,114,0.268,0.357,2.51,3.295,0.15,0.25,0,15,5,4,1,0,1,0.3051205232849465,2.891069955683532,0.19718822135107159,7.469831261153904,0.045468428672188727,0.004765399315695732,0.00701518161820945,0.016049995225346437,0.00022846328369511415,0.0012039603500686507,0.0022729523367759127,0.003678314743473429,0.004395624635547871,0.0030421450146204576,0.0002829071109706241,0.0031133951766496235
2130,114,0.268,0.357,2.51,3.295,0.15,0.25,15,30,5,4,1,1,1,0.3051205232849465,2.891069955683532,0.19718822135107159,22.423226643700215,0.04182792916097945,0.004171913060781773,0.008667915498875208,0.015858378963457195,0.00016705802890617749,0.0006926854936299768,0.0010550218522912584,0.007638288626066868,0.002698355658996572,0.0026899918906405696,0.0002907913676603528,0.002808449752297566
2131,114,0.268,0.357,2.51,3.295,0.15,0.25,30,45,5,4,1,2,1,0.3051205232849465,2.891069955683532,0.19718822135107159,37.4013755712058,0.026481955402472793,0.003386109225595163,0.003300652856328807,0.009032387187704997,0.00020308766602783641,0.0003943633921306104,0.0015168891363410112,0.0009320344684838281,0.0020634969187594333,0.001758829724278665,0.00038344188371185114,0.0018082814373667426
2132,114,0.268,0.357,2.51,3.295,0.15,0.25,45,60,5,4,1,3,1,0.3051205232849465,2.891069955683532,0.19718822135107159,52.364769535268266,0.029765775434111626,0.005339909229490657,0.0029835936137472944,0.009910088702918676,0.0002685086689886455,0.0008025741174581423,1.0482511203771255e-05,0.0006645476128946112,0.001792303861368252,0.0020697504856278964,0.00025463871756588704,0.0021287372285787786
2133,114,0.268,0.357,2.51,3.295,0.15,0.25,60,90,5,4,1,4,2,0.3051205232849465,2.891069955683532,0.19718822135107159,74.38778675501743,0.0282839381781659,0.006583638512661011,0.006926428754972203,0.011340753596249071,0.00047414181763981737,0.0008269557668747693,0.004517255879204416,0.004698303378456569,0.0004595175208133028,0.002030824247330029,0.0001920907172582758,0.0020918741185706824
2134,114,0.268,0.357,2.51,3.295,0.15,0.25,90,135,5,4,1,6,3,0.3051205232849465,2.891069955683532,0.19718822135107159,111.51317901372633,0.014465247087387037,0.003820810409635296,0.004782280259512189,0.0066303635638176525,0.00038251000357698574,0.0006295092626285942,0.004432662393684971,0.0010719613706706961,0.00051991207890496,0.0011263520814032433,5.5425226652061604e-06,0.0011223649226333938
2136,114,0.268,0.357,2.51,3.295,0.15,0.25,150,180,5,4,1,10,2,0.3051205232849465,2.891069955683532,0.19718822135107159,164.89305101806752,0.011054692442395249,0.003872455716100826,0.0014397057513879303,0.003793549031943513,0.0002856646955412382,0.00011088524443617373,0.0004573592322280199,0.0009692123743244706,0.00028629637491680454,0.0008621892108074241,9.568395445558179e-05,0.0008650647875903638
2139,114,0.268,0.357,2.51,3.295,0.15,0.25,255,285,5,4,1,17,2,0.3051205232849465,2.891069955683532,0.19718822135107159,270.52103952346926,0.02440177552025434,0.007546466488091598,0.0033287450103365,0.008432138056668264,0.0005253777627331944,0.0012696677238352616,0.0018873611348916067,0.0009536661181236728,0.0011672793434733394,0.001828375384742414,0.00012875263680514905,0.0018325701179656498
2140,114,0.268,0.357,2.51,3.295,0.15,0.25,285,315,5,4,1,19,2,0.3051205232849465,2.891069955683532,0.19718822135107159,300.6217960251514,0.03685897622747081,0.008910178786344612,0.007818423761949531,0.014073792343797045,0.0001990737185621012,0.001119449195211504,0.0034966040132338016,0.005521846776577509,0.00313659852987146,0.0026890154861117757,0.00030561902263277155,0.002698086634706392
2141,114,0.268,0.357,2.51,3.295,0.15,0.25,315,330,5,4,1,21,1,0.3051205232849465,2.891069955683532,0.19718822135107159,322.62679167495594,0.03754884527039805,0.00658973759020053,0.005965205477339496,0.013330481420885302,0.00025350842586787536,0.0013229753571389446,0.0013227480489184775,0.003969884808238832,0.003076215718758061,0.0025559990091876747,0.0002571408100865048,0.002606989668057954
2142,114,0.268,0.357,2.51,3.295,0.15,0.25,330,345,5,4,1,22,1,0.3051205232849465,2.891069955683532,0.19718822135107159,337.56922849907045,0.04479922928906489,0.005726338967324651,0.007151313241386169,0.01591985820105469,0.00023185925631803367,0.002625748338665513,0.002242371196970477,0.004393251838072183,0.0032233934871601293,0.003051958894293917,0.0003299655369479739,0.0030779558399831428
2143,114,0.268,0.357,2.51,3.295,0.15,0.25,345,360,5,4,1,23,1,0.3051205232849465,2.891069955683532,0.19718822135107159,352.56374786139895,0.038674804013782205,0.0045680001106487185,0.007404298346093562,0.014338505232698924,0.00018924560987426526,0.0022489276649197442,0.001616790005204528,0.005353919094161015,0.0034315432015929936,0.002538989394927324,0.000252886765406275,0.0025838336097580893
2144,115,0.268,0.357,2.51,3.295,0.25,0.4,0,15,5,4,2,0,1,0.3063921169625321,2.8874990748941114,0.3192473504261036,7.440035471428149,0.031376919347219104,0.0022780529671163167,0.00407156488777354,0.010761753677506161,6.273167635025005e-05,0.0014547080594395144,0.002642604990059209,0.001663058394328097,0.0018290556279037314,0.0011144223190621683,0.000312141002263706,0.0011674592016584894
2145,115,0.268,0.357,2.51,3.295,0.25,0.4,15,30,5,4,2,1,1,0.3063921169625321,2.8874990748941114,0.3192473504261036,22.309433250817687,0.030227965245829932,0.0020694529357822974,0.0032346550890226962,0.010127488563301059,7.565639089343608e-05,0.0011612555419335947,0.0009275080188187224,0.0014843489332803613,0.0021780839037832656,0.0011165796700855473,0.00032629057902862075,0.0011406764875119461
2146,115,0.268,0.357,2.51,3.295,0.25,0.4,30,45,5,4,2,2,1,0.3063921169625321,2.8874990748941114,0.3192473504261036,37.290699599389335,0.024614210063483574,0.0018736815929792283,0.0031441782708179445,0.008423529790897378,7.162479169800849e-05,0.0010339029505681422,3.981848029942964e-05,0.0018730850405766228,0.0020526995557456733,0.0010726648920360094,9.458965598291343e-05,0.0010431505308154977
2147,115,0.268,0.357,2.51,3.295,0.25,0.4,45,60,5,4,2,3,1,0.3063921169625321,2.8874990748941114,0.3192473504261036,52.3151282766033,0.020294705783173404,0.001981703949486075,0.0023887882704166407,0.00687189155315787,8.735992913035451e-05,0.0004621115938670704,0.0010939217405315364,0.000995619198011451,0.0015771047885350712,0.0009132666623900306,7.575950544094395e-05,0.0008999714676584695
2148,115,0.268,0.357,2.51,3.295,0.25,0.4,60,75,5,4,2,4,1,0.3063921169625321,2.8874990748941114,0.3192473504261036,67.30196757882709,0.02168030190955736,0.002891365161048547,0.0046417266426834,0.008302091276931892,6.54170628085595e-05,0.000690261075676205,0.0012947748946067665,0.0041367214462144876,0.001157293704482115,0.000984354242134265,7.59842717785707e-05,0.0009678075278628298
2149,115,0.268,0.357,2.51,3.295,0.25,0.4,75,90,5,4,2,5,1,0.3063921169625321,2.8874990748941114,0.3192473504261036,82.33825244997193,0.016522172807792956,0.0029283143489156585,0.0035835103843589295,0.0063527844830151385,0.00011480140948107797,0.0002850600489511905,0.0013886509693433406,0.0029099966180704175,0.001326899348791093,0.00071739956564017,4.594591369448644e-05,0.0007681239262122296
2150,115,0.268,0.357,2.51,3.295,0.25,0.4,90,120,5,4,2,6,2,0.3063921169625321,2.8874990748941114,0.3192473504261036,104.49943660244833,0.011632789682282305,0.002030640877185726,0.0015694046283714158,0.004012895279216628,0.000120604042485089,0.00030134441420195615,0.0014081987995056477,0.00020444936964193294,3.4938290567874466e-05,0.0005607544525015432,1.6244607293265144e-05,0.0005758758622265912
2151,115,0.268,0.357,2.51,3.295,0.25,0.4,120,135,5,4,2,8,1,0.3063921169625321,2.8874990748941114,0.3192473504261036,127.43452975413697,0.013216407066207404,0.0018427184403588997,0.0012188292825665416,0.004369490269240214,7.518835410901494e-05,0.00026166685042617737,0.0009699672483708685,4.921463570172474e-05,0.00011790993215158015,0.0006528949560463511,2.23222755387542e-05,0.0006739886463856006
2152,115,0.268,0.357,2.51,3.295,0.25,0.4,135,150,5,4,2,9,1,0.3063921169625321,2.8874990748941114,0.3192473504261036,142.4156696072199,0.010632437471036479,0.0015549075624108955,0.001140993861424291,0.0035632937277791177,7.507300733668546e-05,0.0004326231716400217,0.0007715030772016773,0.0004582456340034017,2.6281038982320618e-05,0.000515517012604786,1.7196375173060634e-05,0.0005506100929992485
2153,115,0.268,0.357,2.51,3.295,0.25,0.4,150,180,5,4,2,10,2,0.3063921169625321,2.8874990748941114,0.3192473504261036,164.96311086384054,0.007479190959782684,0.0012647139805491278,0.0007450348108491364,0.0024886943629442515,5.836505347757494e-05,0.0003019907642074521,0.0003523717122403763,0.0003536144385059469,0.0002590921082557235,0.0003769052816054249,6.23346611694949e-05,0.0003796501718364961
2154,115,0.268,0.357,2.51,3.295,0.25,0.4,180,195,5,4,2,12,1,0.3063921169625321,2.8874990748941114,0.3192473504261036,187.51108587904235,0.008953057273123802,0.0015376575950775716,0.0007594512113377293,0.002942198637356584,7.154680212626184e-05,0.00016490969717691914,0.00033116725076179495,0.00040341571370824735,0.00020428811476411158,0.0004588321516347859,2.726126858891857e-05,0.0004798982906899457
2155,115,0.268,0.357,2.51,3.295,0.25,0.4,195,225,5,4,2,13,2,0.3063921169625321,2.8874990748941114,0.3192473504261036,210.1292784200347,0.005549266817451697,0.0013000830796492456,0.0007650461919400977,0.0019207643448650939,9.271876437553422e-05,0.0001440191917076912,0.00047038918983312024,0.0004640465644477504,0.00021032256036338548,0.00027238300524060717,4.998590435124499e-05,0.0002740740696767082
2156,115,0.268,0.357,2.51,3.295,0.25,0.4,225,255,5,4,2,15,2,0.3063921169625321,2.8874990748941114,0.3192473504261036,240.36067927415579,0.00730604262483807,0.00163471065332487,0.0018183872892612008,0.0029473727020524454,0.0001220313963362737,0.0005051781804676284,0.001558872777897874,0.0006526901884414316,0.00020176433230689741,0.00036145697986385945,2.219007148452766e-05,0.0003736816994239075
2157,115,0.268,0.357,2.51,3.295,0.25,0.4,255,285,5,4,2,17,2,0.3063921169625321,2.8874990748941114,0.3192473504261036,270.5713122805469,0.009263267040539876,0.0031656220074039736,0.0028112280950963056,0.004068460782623543,0.00013608339440417257,0.0002406962186573757,0.0019398131162783423,0.0019483314314920341,0.0002581270141401906,0.00043911387982821276,1.4822515434625265e-05,0.000448386211090463
2158,115,0.268,0.357,2.51,3.295,0.25,0.4,285,315,5,4,2,19,2,0.3063921169625321,2.8874990748941114,0.3192473504261036,300.83013094237106,0.01819605003777993,0.003306583759959484,0.0033804138333997785,0.006693381607471482,8.924162242194258e-05,0.0005240539298481725,0.0021301295680427497,0.0021655170923649313,0.001121626487806238,0.0008196506242477956,6.547629684882305e-05,0.0008121815464263891
2159,115,0.268,0.357,2.51,3.295,0.25,0.4,315,330,5,4,2,21,1,0.3063921169625321,2.8874990748941114,0.3192473504261036,322.6836495432664,0.02245738420533146,0.0031060684825651775,0.00400034642702064,0.008175520160265773,8.238936060555033e-05,0.0008055944523099007,0.0007924037457356766,0.002691192441602305,0.0025702517297877835,0.0009541442929149834,0.00023434626954942577,0.0009329451749019998
2160,115,0.268,0.357,2.51,3.295,0.25,0.4,330,345,5,4,2,22,1,0.3063921169625321,2.8874990748941114,0.3192473504261036,337.64052019186465,0.028842678882878406,0.0026799308430710232,0.0037780015016894686,0.009905956344737022,7.407989325089605e-05,0.0014034388811093256,0.0017795503729271876,0.0005753753914415939,0.002746001988808469,0.0011180733832964744,0.0002610209455541105,0.001122400788387327
2161,115,0.268,0.357,2.51,3.295,0.25,0.4,345,360,5,4,2,23,1,0.3063921169625321,2.8874990748941114,0.3192473504261036,352.55117283051976,0.032263793041813114,0.0022977214272031175,0.003542603328652587,0.010838678986893169,6.164988854264089e-05,0.0020768551814479333,1.4427046151140216e-05,0.001889629828888772,0.0017576824455447673,0.0012191670818357786,0.00019769106330993352,0.001254014984540796
2162,116,0.268,0.357,2.51,3.295,0.4,0.6,0,15,5,4,3,0,1,0.30707348450920535,2.881471050152832,0.4928193760767009,7.381557921147885,0.02341599760276477,0.001970606487100858,0.0032622144181753154,0.008118560197485363,7.130736647370221e-05,0.001952012015122134,0.0009043449305011516,0.0006868335336910716,0.0022828626086061755,0.0005293967991616529,8.736461045916221e-05,0.0005705834876321182
2163,116,0.268,0.357,2.51,3.295,0.4,0.6,15,30,5,4,3,1,1,0.30707348450920535,2.881471050152832,0.4928193760767009,22.23843174011515,0.018323995134984717,0.001802113683366168,0.002118479416572343,0.006191373353743011,7.253744020746122e-05,0.0006979247058137551,0.00023011770634679736,0.0003750804615322832,0.0018816100881810537,0.00047109896237251407,0.00015614852558303686,0.0005113691698580707
2164,116,0.268,0.357,2.51,3.295,0.4,0.6,30,45,5,4,3,2,1,0.30707348450920535,2.881471050152832,0.4928193760767009,37.2120381689197,0.016477574409815246,0.0019131096748378246,0.0025272622155006162,0.005809907818543211,8.009122013250505e-05,0.0010145258750601917,0.0008634577072950119,0.0015613138507173088,0.0013966001431542426,0.0004351566668133796,2.3841169004504172e-05,0.0004665027744835011
2165,116,0.268,0.357,2.51,3.295,0.4,0.6,45,75,5,4,3,3,2,0.30707348450920535,2.881471050152832,0.4928193760767009,58.9823939216263,0.010770837981966054,0.0012742276844615605,0.0014165739303472335,0.0037014140612613607,9.169766280485283e-05,0.00069151741469395,1.4704161002397663e-05,0.0005827428321679204,0.0010325485020387319,0.00035494370250473194,1.5672105224075172e-05,0.00033780922736691013
2167,116,0.268,0.357,2.51,3.295,0.4,0.6,105,135,5,4,3,7,2,0.30707348450920535,2.881471050152832,0.4928193760767009,119.7150182100805,0.005586898117604958,0.0008963061244484491,0.0008792696585280836,0.0019797466465903105,0.00010883999833016546,0.00021143693698177463,0.0008018188786688471,6.859337497354321e-05,0.00015900640267438822,0.00020072954564002727,2.0902422933996538e-05,0.00020895407983542543
2168,116,0.268,0.357,2.51,3.295,0.4,0.6,135,150,5,4,3,9,1,0.30707348450920535,2.881471050152832,0.4928193760767009,142.46211618844643,0.004939781503875041,0.0007371459935695806,0.0006170105031844575,0.0016853314544037947,0.00010283679574661983,9.319512471065552e-05,0.0005357618892811611,0.00011624514229512341,0.00015090976133700834,0.00019026434167012868,1.2522687151294183e-05,0.00019522738545231136
2170,116,0.268,0.357,2.51,3.295,0.4,0.6,165,195,5,4,3,11,2,0.30707348450920535,2.881471050152832,0.4928193760767009,179.97674757168312,0.004182556795697051,0.000560110336314591,0.0003966462962928272,0.001385887234146621,7.910400107249216e-05,0.00013085667806583657,0.00029846544795822394,7.132980664333602e-05,0.00010442277299091067,0.00016585927425507264,6.719193527325363e-06,0.000169922602154405
2171,116,0.268,0.357,2.51,3.295,0.4,0.6,195,225,5,4,3,13,2,0.30707348450920535,2.881471050152832,0.4928193760767009,210.1288567745968,0.005356880301676529,0.0008252112480906357,0.00044709382767946053,0.0017585326052137057,9.730891546747683e-05,0.00014276591257589557,0.00020536494471551587,0.0002373536308132563,0.00014966866260113427,0.0002155092893341079,1.6072611613238443e-05,0.00022165185490523594
2172,116,0.268,0.357,2.51,3.295,0.4,0.6,225,255,5,4,3,15,2,0.30707348450920535,2.881471050152832,0.4928193760767009,240.2837669813449,0.0038727938572799612,0.0008541271506888124,0.0008154097544437675,0.0014753744172450413,0.0001385402095667755,0.00019671185071062455,0.0006825871140807091,0.0003284551438240613,0.00010353336655871697,0.00014417035123167403,1.5203167398939938e-05,0.0001499233736304743
2173,116,0.268,0.357,2.51,3.295,0.4,0.6,255,300,5,4,3,17,3,0.30707348450920535,2.881471050152832,0.4928193760767009,279.03086603565987,0.005735418038303062,0.0019883724794599916,0.0015564088046749532,0.0023954524643305967,9.77780701375778e-05,0.00024084145141870485,0.00011566161111403546,0.00148091585813703,0.0003289672563271868,0.00019284999030892895,6.046675860952735e-05,0.00020033563997889266
2174,116,0.268,0.357,2.51,3.295,0.4,0.6,300,345,5,4,3,20,3,0.30707348450920535,2.881471050152832,0.4928193760767009,325.17888487192823,0.01676522475637101,0.002401346520681322,0.0027599637544608096,0.005995768903406994,7.989204648108111e-05,0.0015888010745407698,0.0009466926366133041,0.0019084864742010918,0.0005265422975722629,0.0004931220611772632,9.117727206742493e-05,0.0005205131802611003
2175,116,0.268,0.357,2.51,3.295,0.4,0.6,345,360,5,4,3,23,1,0.30707348450920535,2.881471050152832,0.4928193760767009,352.6022549534603,0.022236750866106852,0.002037820958267129,0.0034063273741663258,0.00783871445149704,6.57526240948351e-05,0.0010656205649801796,0.0018739864879016865,0.0018781008298637803,0.001747987073947001,0.0005506153869666068,0.0002261480900447708,0.0006071644663943273
2176,117,0.268,0.357,2.51,3.295,0.6,0.8,0,15,5,4,4,0,1,0.30720143998503846,2.876613391650073,0.6952491603238442,7.281524274422184,0.018074175125553302,0.002120135282151895,0.0022533270363326477,0.006164906126509902,6.909522455301243e-05,0.00040340436500783,0.000919593036259328,0.0017873968050012277,0.0008465099255086439,0.0003094348212710989,0.0001339776302373356,0.00039109558429414036
2177,117,0.268,0.357,2.51,3.295,0.6,0.8,15,30,5,4,4,1,1,0.30720143998503846,2.876613391650073,0.6952491603238442,22.075415652992174,0.011955161316582618,0.002826947903050547,0.0016635854782481461,0.0041441885027126,9.568803958241494e-05,0.0007667072915744933,0.0010323495696737352,0.0005199336588979273,0.0008706385397149025,0.000254251458472843,6.402476126549245e-05,0.00027646385128631364
2178,117,0.268,0.357,2.51,3.295,0.6,0.8,30,60,5,4,4,2,2,0.30720143998503846,2.876613391650073,0.6952491603238442,43.464053006351165,0.010061700645530858,0.0026292529783130156,0.002303498620662528,0.0039383719814628385,9.244471508190727e-05,0.0008184953636036177,0.001613223595932831,0.0013100469712784071,0.0004959032558508468,0.00025493323504216937,3.0861822212863924e-06,0.00025098153958672833
2179,117,0.268,0.357,2.51,3.295,0.6,0.8,60,90,5,4,4,4,2,0.30720143998503846,2.876613391650073,0.6952491603238442,74.23575039310717,0.004590665925192011,0.00160450086557065,0.001252240567815666,0.0019215528792683625,9.633545355450868e-05,0.0002922947944555745,0.0005256133227746983,0.001053165761253212,0.00026263414800126715,0.0001438682440089425,3.9338598875627964e-05,0.00013778785053572058
2180,117,0.268,0.357,2.51,3.295,0.6,0.8,90,120,5,4,4,6,2,0.30720143998503846,2.876613391650073,0.6952491603238442,104.6416882013008,0.0022096568013742915,0.0008485961810877386,0.0006173908449322957,0.0009345217016610117,0.0001331070565304312,9.908392170836172e-05,0.00021041732882251665,0.0005465109171110805,7.155922185738583e-05,6.837223705106271e-05,1.8803642872010284e-05,7.46055382909181e-05
2181,117,0.268,0.357,2.51,3.295,0.6,0.8,120,135,5,4,4,8,1,0.30720143998503846,2.876613391650073,0.6952491603238442,127.4600183307024,0.0037276443559322494,0.0010377233784869364,0.0004281148237171735,0.0012585378422919095,0.0001006364455474363,0.00020773838484402897,0.00016946637257691808,0.00021066142750699344,0.0001924920529893631,0.00012796790882785912,2.4938845958966734e-05,0.00014088680789426568
2182,117,0.268,0.357,2.51,3.295,0.6,0.8,135,150,5,4,4,9,1,0.30720143998503846,2.876613391650073,0.6952491603238442,142.46266980517737,0.0032904637763470665,0.0005741769914519699,0.000829638139227261,0.00133404092813153,8.230826883046165e-05,0.00016896808783087533,0.0007304626444039245,0.00030679361574850354,8.978355640139167e-05,0.000118978201024106,2.0940010151255944e-05,0.00013120781875972714
2183,117,0.268,0.357,2.51,3.295,0.6,0.8,150,165,5,4,4,10,1,0.30720143998503846,2.876613391650073,0.6952491603238442,157.50814120115132,0.002846371555775447,0.0005275077245915169,0.0005247095813160171,0.0010449767308502334,7.339558559186069e-05,3.6503399076885e-05,0.0004842432974585982,0.00011681781477954706,7.964125988334681e-05,0.00010655142921619483,2.0096833274765336e-05,0.00011882773807928698
2184,117,0.268,0.357,2.51,3.295,0.6,0.8,165,195,5,4,4,11,2,0.30720143998503846,2.876613391650073,0.6952491603238442,179.98244854822494,0.0022272783110807623,0.0004274874236109177,0.0002141586476967419,0.0007388533678834035,7.080625124759014e-05,0.00011984280873978259,9.808113880305138e-05,7.896764428981511e-05,4.553520074831152e-05,8.352529168775992e-05,1.4259265104472795e-05,9.251404877176773e-05
2185,117,0.268,0.357,2.51,3.295,0.6,0.8,195,210,5,4,4,13,1,0.30720143998503846,2.876613391650073,0.6952491603238442,202.51121970340336,0.002948893523297419,0.0005865604776948336,0.0003387169477254841,0.0009956275877094855,8.527051907019128e-05,7.848828174567808e-05,0.0002175045143721925,0.0001641499556580218,0.00011281306953845775,0.00010616670575101777,2.108725592001754e-05,0.0001196557082176893
2189,117,0.268,0.357,2.51,3.295,0.6,0.8,300,330,5,4,4,20,2,0.30720143998503846,2.876613391650073,0.6952491603238442,316.51000158918896,0.009176066766586695,0.0018771200322790392,0.0024421738316342434,0.003801513723405626,7.73631201738048e-05,0.0006704436304271549,0.0018176809928860506,0.0010444189691042373,0.00102630324925045,0.00024028428481586217,2.1737368650072947e-05,0.00024629205352529206
2190,117,0.268,0.357,2.51,3.295,0.6,0.8,330,360,5,4,4,22,2,0.30720143998503846,2.876613391650073,0.6952491603238442,346.4179341394465,0.0184729781737235,0.0022572244469223936,0.004161597231300099,0.007191427745996364,6.463456340743094e-05,0.0010767233127452404,0.001224846964372783,0.0031171933902952942,0.0021709964343767127,0.00029783031474871376,0.00021140263891972718,0.00047435277996276927
2191,118,0.268,0.357,2.51,3.295,0.8,1.0,0,30,5,4,5,0,2,0.3067638826674042,2.8722035485661723,0.8971294071198715,12.642862205402606,0.012902471470619754,0.0015376107010752968,0.002496986621008942,0.004797429180151625,3.3094634943595326e-05,0.0006278246059979218,0.001546338170089732,0.0009479116354543799,0.0015641059789604783,0.00016408606532920572,0.00019528743142169816,0.0003218034748305028
2198,118,0.268,0.357,2.51,3.295,0.8,1.0,150,180,5,4,5,10,2,0.3067638826674042,2.8722035485661723,0.8971294071198715,164.9265523077082,0.001302910262370602,0.00034619051265637245,0.0003069401208407375,0.000515098111605756,7.727136311526743e-05,7.251681676417536e-05,0.00027885065443663957,5.0968488430230726e-05,1.9985009691922837e-06,4.943474243445153e-05,2.7083619734564095e-06,5.121735264241444e-05
2203,118,0.268,0.357,2.51,3.295,0.8,1.0,270,300,5,4,5,18,2,0.3067638826674042,2.8722035485661723,0.8971294071198715,285.76972492529205,0.003548426833936261,0.0007784683304600534,0.000793215056328889,0.001363669955060217,7.201759449286151e-05,0.00020181141507636635,8.617966648413126e-05,0.0005871944877526175,0.0004924424723245334,9.002706326988923e-05,1.2717256387857805e-05,9.157884058294346e-05
2204,118,0.268,0.357,2.51,3.295,0.8,1.0,300,330,5,4,5,20,2,0.3067638826674042,2.8722035485661723,0.8971294071198715,316.88704978759654,0.003370904084613416,0.000780981728998687,0.0006151955211485023,0.001234440624575144,7.218802430350949e-05,0.00021606801209400966,0.00025330204308546397,0.0002571897463739576,0.00042867745577635413,0.00011180952032351907,6.68536051285238e-06,0.00011178631748124332
2205,118,0.268,0.357,2.51,3.295,0.8,1.0,330,360,5,4,5,22,2,0.3067638826674042,2.8722035485661723,0.8971294071198715,347.33455863426633,0.015678062796611766,0.0016694834074382357,0.0016358954247839674,0.005239533117847455,1.940971497082365e-05,0.00018200363678033695,0.00012409636235605103,0.0008072076580239918,0.0013563331925668428,0.00020889962730704812,0.00020236390601071353,0.00036881965838530455
2206,119,0.268,0.357,3.295,4.326,0.25,0.4,0,15,5,5,2,0,1,0.3029227049136789,3.828725387060053,0.318393984862222,7.399262949295468,0.03314221611245966,0.0023871726258593807,0.003496204802428485,0.011087907410211116,4.6703126827953254e-05,0.0011236394665059058,0.001936427711478999,0.001681753385774116,0.0018325692718371756,0.0010121942819322236,0.00022086963442491812,0.001011110438750627
2207,119,0.268,0.357,3.295,4.326,0.25,0.4,15,30,5,5,2,1,1,0.3029227049136789,3.828725387060053,0.318393984862222,22.29266224367373,0.027780454240205206,0.001986915961813702,0.0035848982032475546,0.009520686262599344,4.7322134127226976e-05,0.0011566646188922818,0.0020104575341383774,0.0012938901305656549,0.00223263607607564,0.0008643616693892349,0.00013104682059056843,0.0009003486479850795
2208,119,0.268,0.357,3.295,4.326,0.25,0.4,30,45,5,5,2,2,1,0.3029227049136789,3.828725387060053,0.318393984862222,37.22086360830518,0.02599665974119552,0.0020822383665862476,0.00379212954653038,0.009083107575090734,6.182222569407738e-05,0.0009522387974567322,0.0019434369858723542,0.0022094964032791397,0.002012980933413527,0.0008400782330093636,0.00012538484533908297,0.0008710636430540658
2209,119,0.268,0.357,3.295,4.326,0.25,0.4,45,60,5,5,2,3,1,0.3029227049136789,3.828725387060053,0.318393984862222,52.21467358148634,0.017493014989118535,0.002018490876625147,0.002158512408849086,0.005958541972084704,6.962769207481766e-05,0.00015788712336279305,0.0009544704643591403,0.0013624211038177965,0.0012313711203074862,0.0005595955452093318,0.0001093991499855317,0.0005881492094177045
2210,119,0.268,0.357,3.295,4.326,0.25,0.4,60,75,5,5,2,4,1,0.3029227049136789,3.828725387060053,0.318393984862222,67.24935284624509,0.012005498353146652,0.001955318250169173,0.0024351483881101103,0.004523085659090646,6.378283645098406e-05,0.0001254043531357029,0.001977273167851429,0.0008745559832825142,0.001014809490592557,0.000415983718941282,7.054100457127797e-05,0.000453715240769977
2211,119,0.268,0.357,3.295,4.326,0.25,0.4,75,90,5,5,2,5,1,0.3029227049136789,3.828725387060053,0.318393984862222,82.27669685378606,0.008337695202913513,0.0016422888268704475,0.0017041557316383443,0.0031482383984866424,6.322525940926606e-05,0.00024819514371532435,0.0012699476896325932,0.0009199011548024046,0.0005207614921848012,0.0003279370144790242,7.781689012448652e-05,0.0003291970445372803
2212,119,0.268,0.357,3.295,4.326,0.25,0.4,90,120,5,5,2,6,2,0.3029227049136789,3.828725387060053,0.318393984862222,104.34214554093404,0.008776076581777892,0.0013173059062621926,0.001361248484833415,0.003101045910723334,6.0428499533326404e-05,0.000148178092666995,0.0010466953525310977,0.0006138098284916726,0.00048098460159706557,0.00034615006516263536,9.413766110322026e-05,0.00035172323383923267
2213,119,0.268,0.357,3.295,4.326,0.25,0.4,120,135,5,5,2,8,1,0.3029227049136789,3.828725387060053,0.318393984862222,127.40218682921395,0.0066608296468264674,0.001103979862528113,0.000627367392513469,0.0022058337714364364,5.443286027508481e-05,0.00032102888773125147,0.00024376536636866195,0.0003579906980067188,0.00015091814678219566,0.00027901943188630746,6.249366631982042e-05,0.00027787079987846803
2214,119,0.268,0.357,3.295,4.326,0.25,0.4,135,150,5,5,2,9,1,0.3029227049136789,3.828725387060053,0.318393984862222,142.43651613961097,0.0070679491522676885,0.0011994644439051242,0.0007514010620646285,0.0023664545944447916,6.25046505532985e-05,0.00021703035075387392,0.000254453142559471,0.0005562543552385628,0.00021349613855444556,0.0002929781942417968,7.77095058704446e-05,0.00030634725545497114
2215,119,0.268,0.357,3.295,4.326,0.25,0.4,150,165,5,5,2,10,1,0.3029227049136789,3.828725387060053,0.318393984862222,157.4635780844179,0.0064935923790728645,0.0015309734583473437,0.0005543958852753276,0.0021348814857058765,5.28609658937043e-05,0.00017467100630928499,0.00030752794900186444,0.00027379228939207993,0.0001645105838785265,0.0002651352607603697,7.263296301395617e-05,0.0002783004960362037
2216,119,0.268,0.357,3.295,4.326,0.25,0.4,165,180,5,5,2,11,1,0.3029227049136789,3.828725387060053,0.318393984862222,172.4847192470127,0.006431480038813737,0.0010005473404339582,0.0004535484126150707,0.0020916855057799147,3.493705801313827e-05,0.0001283785824770781,0.00011849436341106297,0.00022882943799584343,0.0002052613617171811,0.00026446489746419655,6.478478705992366e-05,0.00028190149282424
2217,119,0.268,0.357,3.295,4.326,0.25,0.4,180,195,5,5,2,12,1,0.3029227049136789,3.828725387060053,0.318393984862222,187.5225865035972,0.006130148323530979,0.0010146663598850053,0.0009576224109413857,0.002169086627472709,4.220514746054815e-05,0.0001500687914656306,0.0007801355561985033,0.0003924467435416183,0.00024652973224593137,0.0002502785877784649,6.6087800405166e-05,0.0002633171544929259
2218,119,0.268,0.357,3.295,4.326,0.25,0.4,195,225,5,5,2,13,2,0.3029227049136789,3.828725387060053,0.318393984862222,210.25349069829363,0.005653445711133683,0.00113310614256014,0.000378308853680688,0.001834338754996445,4.475549192544152e-05,0.00010436261613289786,8.847580930505823e-05,0.00020228236769207424,0.00014912680753288016,0.0002252209233043061,6.1009758975916605e-05,0.00024338867934511687
2219,119,0.268,0.357,3.295,4.326,0.25,0.4,225,240,5,5,2,15,1,0.3029227049136789,3.828725387060053,0.318393984862222,232.61012916934513,0.008358576743644526,0.0016610285891604385,0.001514134047182391,0.003055323732952144,7.40603669949092e-05,0.0002971416825107806,0.001144313774652437,0.0008573751859214413,0.00020408423913632082,0.0003094016615200961,8.510994727088005e-05,0.0003355997533300394
2220,119,0.268,0.357,3.295,4.326,0.25,0.4,240,285,5,5,2,16,3,0.3029227049136789,3.828725387060053,0.318393984862222,264.20343788629594,0.004817177231853432,0.0014753163526118884,0.0005554930532875201,0.0016271547057343666,0.00010917577942053786,0.00019686544195948456,0.0004095199765180959,0.00020744321949721579,9.924413039812398e-05,0.0001845586550116343,2.7531941424037323e-05,0.00019315403516228982
2221,119,0.268,0.357,3.295,4.326,0.25,0.4,285,330,5,5,2,19,3,0.3029227049136789,3.828725387060053,0.318393984862222,309.90827280778404,0.020417649500108912,0.002700111950167792,0.0033184868941812857,0.0072824083461343146,5.5546447343185315e-05,0.0008867511510206096,0.0009424897243166488,0.002809964860247021,0.0009704457184184049,0.0007012989451692789,0.00022397669162458353,0.0007049737346468892
2222,119,0.268,0.357,3.295,4.326,0.25,0.4,330,345,5,5,2,22,1,0.3029227049136789,3.828725387060053,0.318393984862222,337.70813795389563,0.0383274112160898,0.0033265792393622276,0.005764732199787596,0.013464949375628945,2.5156974812713238e-05,0.000940417456394557,0.0037395327523477625,0.003011726201686324,0.0027808607402138143,0.0010581566724050906,0.00015554646468250076,0.0012487325948042317
2223,119,0.268,0.357,3.295,4.326,0.25,0.4,345,360,5,5,2,23,1,0.3029227049136789,3.828725387060053,0.318393984862222,352.5803676771068,0.03397060449091473,0.002373539698981249,0.0038294684540814746,0.011444956904338903,3.970451686418913e-05,0.0013252939974715786,0.0006247240427997285,0.0026822627353472695,0.0020869039425569676,0.0009526740556818804,0.00011276536427523282,0.0009832936671549711
2224,120,0.268,0.357,3.295,4.326,0.4,0.6,0,15,5,5,3,0,1,0.3030708811898889,3.825904435920231,0.49166416058053203,7.349861505440088,0.02698587058922667,0.0016679299730156356,0.002176372073654468,0.008839805214690591,1.8167532539221814e-05,0.0007311964703627166,0.0011542215174910478,0.0006158685401654701,0.00150620640082641,0.0004567350575206416,1.935697782333531e-05,0.00047057196408015894
2225,120,0.268,0.357,3.295,4.326,0.4,0.6,15,30,5,5,3,1,1,0.3030708811898889,3.825904435920231,0.49166416058053203,22.172743021125786,0.022251277012031837,0.001430005066021586,0.002254369181971878,0.007415503945469021,2.246237122859445e-05,0.0008697398548206722,0.000758304061461683,0.0006049232504841982,0.0018094599276296914,0.0002974771410424788,5.9460169249040364e-05,0.0003318524026379193
2226,120,0.268,0.357,3.295,4.326,0.4,0.6,30,45,5,5,3,2,1,0.3030708811898889,3.825904435920231,0.49166416058053203,37.11774202473885,0.01644645915560891,0.001423903286247884,0.002072343996921537,0.005617768394273149,2.7139387273389822e-05,0.0007882535723144318,0.0008231574739535528,0.0013638375303139166,0.0010071086130372588,0.00033127931919178555,3.958219643819989e-05,0.00034730477465261733
2227,120,0.268,0.357,3.295,4.326,0.4,0.6,45,60,5,5,3,3,1,0.3030708811898889,3.825904435920231,0.49166416058053203,52.161651878829176,0.011111690484983354,0.001452718352681235,0.001155021548353817,0.003712100467277316,4.427624712073042e-05,0.0005159479227775744,0.00024951104541015844,0.0005480283929265362,0.0007959883246471527,0.0002613393435690767,3.8593100998720246e-05,0.00026405271798291696
2228,120,0.268,0.357,3.295,4.326,0.4,0.6,60,75,5,5,3,4,1,0.3030708811898889,3.825904435920231,0.49166416058053203,67.20133541378823,0.00874759768563196,0.0014630489407858156,0.0011454044813309062,0.003004186330598819,4.211340826399296e-05,0.00027474365362792585,0.00019358666081146735,0.000902327413546509,0.0005808678498960983,0.00022694279350305295,5.147984999501348e-05,0.00021357854752738765
2229,120,0.268,0.357,3.295,4.326,0.4,0.6,75,90,5,5,3,5,1,0.3030708811898889,3.825904435920231,0.49166416058053203,82.26010904813587,0.0049748099856231345,0.0009248391658006783,0.0007051239411377865,0.0017296955535553852,3.0244606892924686e-05,0.00022582291826397254,5.839414370494081e-05,0.0005382683016549558,0.00036894030356686446,0.00013178491601548953,3.342227497912003e-05,0.00012660749395184483
2230,120,0.268,0.357,3.295,4.326,0.4,0.6,90,120,5,5,3,6,2,0.3030708811898889,3.825904435920231,0.49166416058053203,104.32134496463608,0.005082346961133227,0.0007504449729179337,0.001318772475259209,0.002083944217147819,4.2369954568677324e-05,8.378751233882978e-05,0.00047979598258100884,0.0011869003257621855,0.0002591407649532854,0.00014311922251979955,5.450181713085637e-05,0.00015573945219945776
2231,120,0.268,0.357,3.295,4.326,0.4,0.6,120,135,5,5,3,8,1,0.3030708811898889,3.825904435920231,0.49166416058053203,127.42259370702607,0.002710255500952319,0.0005268032978559641,0.0005226038090063388,0.0010067432896657875,3.757888431721772e-05,0.0001258090495699371,0.00042821621288508844,0.0002308308445375313,0.00010638755402436536,7.824531994949807e-05,2.6383676666396287e-05,8.890633424493217e-05
2232,120,0.268,0.357,3.295,4.326,0.4,0.6,135,150,5,5,3,9,1,0.3030708811898889,3.825904435920231,0.49166416058053203,142.4566390639336,0.003759526511529249,0.00048702412917660183,0.0002715421990561396,0.0012241044884197213,3.7472059552465725e-05,0.00015329302564492142,6.823330695063926e-05,5.267931681016889e-05,0.00015609787353330042,0.00011412766902982525,4.3568980050321605e-05,0.00013051750147448246
2233,120,0.268,0.357,3.295,4.326,0.4,0.6,150,165,5,5,3,10,1,0.3030708811898889,3.825904435920231,0.49166416058053203,157.4761139631675,0.00393479948624446,0.0006218717612973743,0.00028779018605756433,0.0012819742826426616,3.4938689786237525e-05,0.00014871708413639805,7.567696024427673e-06,0.00014424214227298532,0.00013474334487035238,0.00011306866327190843,4.916429146098187e-05,0.00014306248081019378
2234,120,0.268,0.357,3.295,4.326,0.4,0.6,165,180,5,5,3,11,1,0.3030708811898889,3.825904435920231,0.49166416058053203,172.47386317195986,0.002310281897399007,0.0004869524280785444,0.00019411214550576388,0.0007587385544505086,3.14754042432904e-05,3.6220931107638517e-05,3.0018508783087305e-05,0.0001408806128197924,8.590671963141346e-05,6.622740979742307e-05,3.099154591593349e-05,8.513780414361865e-05
2235,120,0.268,0.357,3.295,4.326,0.4,0.6,180,195,5,5,3,12,1,0.3030708811898889,3.825904435920231,0.49166416058053203,187.51399333574176,0.002824333899350357,0.00041334006473114546,0.0002711772061490105,0.000936801231878419,3.115959222278941e-05,8.532409465247483e-05,7.653811913062273e-05,0.00018667159309184852,0.00011771077715696164,8.269993081354678e-05,3.4332371943992115e-05,0.00010356525195561492
2236,120,0.268,0.357,3.295,4.326,0.4,0.6,195,210,5,5,3,13,1,0.3030708811898889,3.825904435920231,0.49166416058053203,202.527258838899,0.003495486118687941,0.0005708940324255992,0.00046245532672037343,0.0012022767582361832,3.0299988648142823e-05,0.00012248166141376802,0.0003398939922483944,0.00021642686676179385,0.00014127856821208594,0.00010544587257036178,3.8081176652854146e-05,0.00012496773206855042
2238,120,0.268,0.357,3.295,4.326,0.4,0.6,240,270,5,5,3,16,2,0.3030708811898889,3.825904435920231,0.49166416058053203,255.66747910462274,0.0027348168342665514,0.0008114423177676866,0.0004157644180295396,0.0009626827296113677,7.545476127717071e-05,5.805425769071113e-05,0.00024234568131253377,0.00022583835943352883,0.00021839397239039728,7.117949504118382e-05,2.8456540104119953e-05,7.978729501058362e-05
2239,120,0.268,0.357,3.295,4.326,0.4,0.6,270,300,5,5,3,18,2,0.3030708811898889,3.825904435920231,0.49166416058053203,286.0866897749474,0.006778038600257334,0.001120948558925822,0.0015458683257792304,0.0026496406799898548,2.7406657678536964e-05,0.0001674445626751566,0.0004646793564518626,0.0013143709166332353,0.0006225517620672314,0.00017753443648011418,5.657240531102025e-05,0.0001727760600779951
2240,120,0.268,0.357,3.295,4.326,0.4,0.6,300,330,5,5,3,20,2,0.3030708811898889,3.825904435920231,0.49166416058053203,316.5511795314786,0.013057217363639387,0.0016806277680976736,0.0018388464359804782,0.004535048608099225,1.1350980170579505e-05,0.0007477191343484412,0.0007142518311237996,0.0008252543463858561,0.0012497200483832362,0.00024166719237779486,4.780478051688089e-05,0.00026295028555421886
2241,120,0.268,0.357,3.295,4.326,0.4,0.6,330,345,5,5,3,22,1,0.3030708811898889,3.825904435920231,0.49166416058053203,337.8397849219253,0.02593740781160954,0.0020469313857959153,0.0031084783117286286,0.008801991603077824,7.824801174450174e-06,0.0008775882701195226,0.0006687285920035027,0.002234167371793427,0.001793632231752741,0.0005214493759504817,6.666027352679308e-05,0.00048641202430739044
2242,120,0.268,0.357,3.295,4.326,0.4,0.6,345,360,5,5,3,23,1,0.3030708811898889,3.825904435920231,0.49166416058053203,352.6579731502838,0.02908442369984772,0.0017551335994414787,0.003295566402209866,0.009804436739933083,1.6504705062045314e-05,0.000709919055053952,0.00199082099906063,0.0013887078167298997,0.0020638898651007052,0.0004731464970121893,2.4482499442573833e-05,0.0004527487333430071
2243,121,0.268,0.357,3.295,4.326,0.6,0.8,0,15,5,5,4,0,1,0.3025710012326033,3.826258455200445,0.6945883103224194,7.225053526335013,0.017510014728244774,0.0012917594462659224,0.0020459326770746666,0.005923754450637638,9.008548665452895e-06,0.0008445891880513001,0.0011838977130771804,0.0001548759224900849,0.0013915380095531526,0.00015627737176005627,0.00010754835557205076,0.0003323403228198756
2244,121,0.268,0.357,3.295,4.326,0.6,0.8,15,30,5,5,4,1,1,0.3025710012326033,3.826258455200445,0.6945883103224194,21.901182061936133,0.01610791880854136,0.0013399949987994474,0.0018831705310603946,0.00544978356203112,1.1885976361139304e-05,0.0007025803516956157,0.00014431916507971515,0.0009836108813942091,0.0013954038018439338,0.0001757397631823995,0.00012710827596130805,0.00034219974346073396
2245,121,0.268,0.357,3.295,4.326,0.6,0.8,30,60,5,5,4,2,2,0.3025710012326033,3.826258455200445,0.6945883103224194,43.01585660610412,0.008103306750300783,0.0010867595403329072,0.0014461181880913838,0.0029512843091812776,2.149546718865449e-05,0.000900762728596298,0.0007738712994997553,0.0005136623935539919,0.0006141952869307064,0.00013784072466515985,8.775000385055817e-05,0.00019864685339026034
2247,121,0.268,0.357,3.295,4.326,0.6,0.8,90,120,5,5,4,6,2,0.3025710012326033,3.826258455200445,0.6945883103224194,104.39102053914489,0.002164952153131385,0.000568916689246693,0.0007453408692373336,0.0010138932786650696,4.032917012853291e-05,0.00010100776571954264,0.00030889194148420564,0.0006592794164762878,0.00010553331155058437,4.445158534651261e-05,9.11088279748458e-06,5.0031393209911276e-05
2248,121,0.268,0.357,3.295,4.326,0.6,0.8,120,150,5,5,4,8,2,0.3025710012326033,3.826258455200445,0.6945883103224194,134.7276263707618,0.001318715237857801,0.00023707268130493907,0.0004397754911208954,0.0006072008622928102,2.7246812280242993e-05,4.32531667243886e-05,0.00042843142995849655,5.997538055509823e-05,4.465401072810143e-05,3.427963484563773e-05,9.266440283093044e-06,4.05553973767468e-05
2249,121,0.268,0.357,3.295,4.326,0.6,0.8,150,180,5,5,4,10,2,0.3025710012326033,3.826258455200445,0.6945883103224194,164.88700338450764,0.001063761189022296,0.00021471834639176447,9.77193823982089e-05,0.00035158493878665096,2.212588908873389e-05,9.453669833980074e-06,4.196221669280427e-05,6.817551392150239e-05,3.437650329127955e-05,3.0378449065043044e-05,9.295079736652504e-06,3.714402439451516e-05
2250,121,0.268,0.357,3.295,4.326,0.6,0.8,180,195,5,5,4,12,1,0.3025710012326033,3.826258455200445,0.6945883103224194,187.53222878321122,0.0008495283677783397,0.00024125488069730457,0.0002582781776938096,0.0003734355061420581,2.3359272840045043e-05,1.4590153632991133e-05,0.00023766787520562051,6.223703664227158e-05,6.822533309530121e-05,2.427359412574659e-05,8.638767338847566e-06,3.057654577375372e-05
2251,121,0.268,0.357,3.295,4.326,0.6,0.8,195,225,5,5,4,13,2,0.3025710012326033,3.826258455200445,0.6945883103224194,210.17090156190963,0.0012043214127120108,0.00025794069013379876,0.00013932276871881223,0.00040695043745580037,2.3581416739086928e-05,3.880360673124798e-05,4.6381595066671796e-05,0.0001106620292726184,3.672341735853468e-05,3.284523559119382e-05,1.0618603322607624e-05,4.003853526976375e-05
2252,121,0.268,0.357,3.295,4.326,0.6,0.8,225,255,5,5,4,15,2,0.3025710012326033,3.826258455200445,0.6945883103224194,240.42818556768702,0.0014059296461533723,0.0005163008140928171,0.0002620691981807846,0.0005176131337466674,4.5002927361150986e-05,6.963009835374546e-05,1.4093928316481586e-05,0.00020615073495912055,0.00013293876958993974,3.311967818504612e-05,8.798019633693034e-06,3.791002199460286e-05
2254,121,0.268,0.357,3.295,4.326,0.6,0.8,285,315,5,5,4,19,2,0.3025710012326033,3.826258455200445,0.6945883103224194,301.51607818283014,0.005782800777341171,0.0007357212957259462,0.001174477332221965,0.002179493902446379,1.749261436108289e-05,0.0002051890749316459,0.00036715980406867594,0.000987987784776832,0.00045757574670174904,0.0001152475653905666,2.261155408608112e-05,0.0001291770386449918
2255,121,0.268,0.357,3.295,4.326,0.6,0.8,315,330,5,5,4,21,1,0.3025710012326033,3.826258455200445,0.6945883103224194,323.02131198608413,0.007494588221134088,0.0012996415845490919,0.0007713653794403125,0.002501353041295968,1.079894837356391e-05,0.0003473720533040051,0.00010274015337896243,0.0004099675101526094,0.0005237080683850004,0.00011313787435918199,7.445572637470754e-05,0.00014601900050291688
2256,121,0.268,0.357,3.295,4.326,0.6,0.8,330,345,5,5,4,22,1,0.3025710012326033,3.826258455200445,0.6945883103224194,338.06038793738867,0.016065399052503967,0.0013136134248968377,0.0018678326270339849,0.00543182429683132,3.4009647329563223e-06,0.00012919008271483005,0.0003581183446453111,0.0007062363087490232,0.001650333726750504,0.00017217921409636537,0.0001043670219972436,0.0003485357892133121
2257,121,0.268,0.357,3.295,4.326,0.6,0.8,345,360,5,5,4,23,1,0.3025710012326033,3.826258455200445,0.6945883103224194,352.8123397823254,0.02322400076787625,0.0015886069616381166,0.008609105465920001,0.011335036211872478,8.281143386850612e-06,0.008287094172745764,0.0010198451128122633,0.000771730605475461,0.001882992535151558,0.00027403748567952663,0.00015477341302687895,0.0005092989780570485
2258,122,0.268,0.357,3.295,4.326,0.8,1.0,0,15,5,5,5,0,1,0.3009379420102334,3.835728279741328,0.8976987232235724,6.7703408043693365,0.02099967170041876,0.0018845603879084417,0.002669030873975912,0.007181551483641672,8.038682441661507e-06,0.001266979496195939,0.0009068042360020123,0.000526597726518322,0.0020823091718351356,0.00010543980536548255,0.00021497334616057045,0.0002877734645969276
2259,122,0.268,0.357,3.295,4.326,0.8,1.0,15,45,5,5,5,1,2,0.3009379420102334,3.835728279741328,0.8976987232235724,26.967121604181504,0.010488437391243962,0.0009970913966339285,0.0013556477141175804,0.003595331022783052,3.2835568307369416e-06,0.00024892875069539223,0.0005816844057919533,0.00043065268764957585,0.00110111236897286,8.200973905115222e-05,9.863281389801202e-05,0.0001988403522870204
2261,122,0.268,0.357,3.295,4.326,0.8,1.0,105,150,5,5,5,7,3,0.3009379420102334,3.835728279741328,0.8976987232235724,126.78943342616817,0.0010265314715612792,0.0002041750427220672,0.00019790895979404676,0.00038129590961240957,1.9916084768115423e-05,2.5352388271307552e-05,0.00017842108115865286,6.884370315802384e-05,2.3515623894162665e-05,2.6745761963719512e-05,6.811677386729098e-06,3.1655017133897126e-05
2262,122,0.268,0.357,3.295,4.326,0.8,1.0,150,180,5,5,5,10,2,0.3009379420102334,3.835728279741328,0.8976987232235724,164.92413907699282,0.0008426299899065155,0.00017528216889256315,0.00010013803404832748,0.0002856526645524289,1.438935598726141e-05,2.111409218847484e-05,7.35721384348276e-05,4.930543281198513e-05,1.8540943591702212e-05,2.7904693064005203e-05,8.4367012249821e-06,3.445454339374045e-05
2263,122,0.268,0.357,3.295,4.326,0.8,1.0,180,210,5,5,5,12,2,0.3009379420102334,3.835728279741328,0.8976987232235724,195.05558462571574,0.0006914769104006396,0.00015368382917258782,0.00021504180152539623,0.0003073093359053317,1.4263550409718065e-05,1.0130764543094308e-05,0.0002031286666956289,5.223573530112666e-05,3.319032766529284e-05,2.2944341422038363e-05,7.229928381638983e-06,2.907696710881215e-05
2264,122,0.268,0.357,3.295,4.326,0.8,1.0,210,240,5,5,5,14,2,0.3009379420102334,3.835728279741328,0.8976987232235724,225.22312593875117,0.0011398013746386653,0.0003328098569644818,0.0003772045289535795,0.0005227197658815139,1.7193169727849833e-05,2.6532760008620364e-05,0.00036451161953220205,4.046528869101099e-05,7.258139551472755e-05,3.2721392264880436e-05,7.76240176977977e-06,3.8851575082937405e-05
2265,122,0.268,0.357,3.295,4.326,0.8,1.0,240,270,5,5,5,16,2,0.3009379420102334,3.835728279741328,0.8976987232235724,255.5316039164267,0.0017548926697529502,0.0005008317929648487,0.0003965583354450349,0.0006838741757328989,2.2287062197821934e-05,7.206000078937459e-05,0.0003004874563069649,0.00022852340146556796,8.711721303436371e-05,3.7009295172255376e-05,2.697060971316048e-06,3.8263446442585275e-05
2267,122,0.268,0.357,3.295,4.326,0.8,1.0,300,330,5,5,5,20,2,0.3009379420102334,3.835728279741328,0.8976987232235724,317.28867075925024,0.004851103391416421,0.0006299721374472963,0.000913986425421736,0.0017909477718145567,1.595557555887491e-05,9.157976906567693e-05,0.0005985572046563214,0.00042143372692285023,0.0005108776471725328,8.771362126197209e-05,8.579070221802756e-05,0.0001727908202048048
2268,122,0.268,0.357,3.295,4.326,0.8,1.0,330,345,5,5,5,22,1,0.3009379420102334,3.835728279741328,0.8976987232235724,338.3462821292475,0.01227633078955774,0.001078646726576293,0.0011809363482615295,0.004072573121834247,2.7148674813812734e-06,0.0004183472908952085,0.00045622701205110064,6.791119663698695e-05,0.0009882423020763688,7.57682989001724e-05,8.403696930076474e-05,0.0001738130247522638
2269,122,0.268,0.357,3.295,4.326,0.8,1.0,345,360,5,5,5,23,1,0.3009379420102334,3.835728279741328,0.8976987232235724,353.1682098864412,0.018245055005219935,0.0015235326586550593,0.0020678504307285366,0.006150623657437999,9.45964989957377e-06,0.0008358481938046562,0.0005111103251921583,0.00044899582048183795,0.0017598981672635777,7.393333563864094e-05,0.0001742341477226009,0.0001311531369642898
2270,123,0.268,0.357,4.326,5.761,0.25,0.4,0,15,5,6,2,0,1,0.31374326902580174,4.855934417707326,0.3184449853687032,7.408163053205101,0.04510947217543937,0.004187632096353347,0.008569200390028594,0.016689620696489275,8.517486047943333e-06,0.0017986828688249896,0.0031360814863255135,0.0073371590902736985,0.0023024557668703967,0.0010946709843035027,0.00013583500156950947,0.0011070905794192199
2271,123,0.268,0.357,4.326,5.761,0.25,0.4,15,30,5,6,2,1,1,0.31374326902580174,4.855934417707326,0.3184449853687032,22.217150283363818,0.042280726612699014,0.004255147275747977,0.004019761444807488,0.014012592656165394,8.305902042588217e-06,0.0019674074943505813,0.0022915441911716466,0.002206337389997706,0.0010217936615198792,0.0010239125075279928,0.0001518051069098744,0.0010604523049192731
2272,123,0.268,0.357,4.326,5.761,0.25,0.4,30,60,5,6,2,2,2,0.31374326902580174,4.855934417707326,0.3184449853687032,43.77052549830947,0.030405425843200457,0.003958450478252753,0.004082837506062492,0.010481278256181047,2.337449051105258e-05,0.0009976263683762149,0.0003907910152578276,0.0031326819349182405,0.002212934912346144,0.0008862990641930884,6.244933121192828e-05,0.0009001459403755878
2273,123,0.268,0.357,4.326,5.761,0.25,0.4,60,90,5,6,2,4,2,0.31374326902580174,4.855934417707326,0.3184449853687032,73.90221359216252,0.01219969534022385,0.0025832001437545034,0.00332809143395353,0.005106697757627218,5.239299721956079e-05,0.00038967530237418133,0.002938032339944574,0.001342177874089892,0.0005726611656962555,0.00041511762599663095,1.8700337018163638e-05,0.0004002304815522602
2274,123,0.268,0.357,4.326,5.761,0.25,0.4,90,120,5,6,2,6,2,0.31374326902580174,4.855934417707326,0.3184449853687032,104.18481785582244,0.012700369996496142,0.0023753286794776997,0.00254314193092505,0.004767219741702438,3.671169382583179e-05,0.0002514475218321261,0.0019431497473314946,0.001483829831154652,0.0004813004258769543,0.0004296333122082636,2.874255710167711e-05,0.00044018776425734456
2275,123,0.268,0.357,4.326,5.761,0.25,0.4,120,150,5,6,2,8,2,0.31374326902580174,4.855934417707326,0.3184449853687032,134.56323306229547,0.01049484683559961,0.0019267570587269463,0.0017080155464726393,0.0037442620259911697,2.249803071106633e-05,0.0004361951246426321,0.0012336499524422887,0.0009659769862499987,0.00032526616355360837,0.00040114299885552683,2.070380379431086e-05,0.0004071153872871631
2276,123,0.268,0.357,4.326,5.761,0.25,0.4,150,180,5,6,2,10,2,0.31374326902580174,4.855934417707326,0.3184449853687032,164.8488532523073,0.00570355564637419,0.00113419544947432,0.00036469705718735835,0.0018471734016587123,1.5741326932300602e-05,6.779742795748004e-05,2.332392025224621e-05,0.00021257804814509733,0.0001828958802974616,0.0002140813199021639,4.723688232978206e-06,0.00022130370098799574
2277,123,0.268,0.357,4.326,5.761,0.25,0.4,180,210,5,6,2,12,2,0.31374326902580174,4.855934417707326,0.3184449853687032,195.1734816654037,0.007718769753518307,0.0014124294425288076,0.0006691763658508207,0.002540342460735123,1.9037772711566652e-05,0.00010325608113024392,0.00010226470479529288,0.00038487193706048103,0.0004335242433902238,0.0002857998058269032,6.956991399434293e-06,0.0003004080660410059
2278,123,0.268,0.357,4.326,5.761,0.25,0.4,210,255,5,6,2,14,3,0.31374326902580174,4.855934417707326,0.3184449853687032,233.73435648362613,0.006137651640146333,0.001555844833082985,0.0019455327081332528,0.0027535925801086395,3.4408524226402894e-05,8.416813147068586e-05,0.0018412299542937204,0.0005323995490990287,0.00023043684204771672,0.00021843545072635734,6.161836819686258e-06,0.00022394449062072177
2280,123,0.268,0.357,4.326,5.761,0.25,0.4,300,330,5,6,2,20,2,0.31374326902580174,4.855934417707326,0.3184449853687032,316.2450741306845,0.039060507809380925,0.006085712578597713,0.008089825350863483,0.014806640684552227,2.977773304695138e-06,0.0008809926840744727,0.0052177326184319976,0.005733505367957304,0.0017727568603749082,0.001222239871835679,3.924752985267779e-05,0.0011952543089636203
2281,123,0.268,0.357,4.326,5.761,0.25,0.4,330,345,5,6,2,22,1,0.31374326902580174,4.855934417707326,0.3184449853687032,337.71825303054965,0.04241649383696595,0.004371438676675055,0.004262158535608941,0.014125132365773441,2.9925254485659287e-06,0.0006750337364426039,0.0007652576525371313,0.003404134769281949,0.0020538321031450635,0.0010990190494662815,8.887682499360954e-05,0.0011481884740798206
2282,123,0.268,0.357,4.326,5.761,0.25,0.4,345,360,5,6,2,23,1,0.31374326902580174,4.855934417707326,0.3184449853687032,352.5930381631484,0.05263518584780149,0.004455587075665076,0.00692575961135857,0.018089387545527875,8.30991185999725e-06,0.002222095863941003,0.0016625900485224144,0.0057571868388577065,0.0023472235564387014,0.001303087959503708,5.863405928283769e-05,0.0012686617832518897
2283,124,0.268,0.357,4.326,5.761,0.4,0.6,0,15,5,6,3,0,1,0.3129754671026212,4.854075279671327,0.49208565368324114,7.295126719059284,0.03824875886736402,0.002432702726766099,0.0030505562403043396,0.012520843264411908,1.2067046775984827e-05,0.0015531512120863997,0.00040860036384687164,0.0011609128428379137,0.002245728992815776,0.00043332361260689354,0.0001742047628019384,0.0005792214419902284
2284,124,0.268,0.357,4.326,5.761,0.4,0.6,15,30,5,6,3,1,1,0.3129754671026212,4.854075279671327,0.49208565368324114,22.0504455790517,0.02983974044689388,0.0020904560922701864,0.0028875420652260154,0.009904055792340143,1.4723597597559883e-05,0.0010748780681458284,0.001241925597926507,0.0013032027931680701,0.0019421238582818887,0.0003920626023572926,3.99118352178836e-05,0.0004120166755468724
2285,124,0.268,0.357,4.326,5.761,0.4,0.6,30,45,5,6,3,2,1,0.3129754671026212,4.854075279671327,0.49208565368324114,37.04059874310974,0.024530728637878908,0.0022940298565107893,0.0042342544934224026,0.00886483848551401,2.1723995875568143e-05,0.0011295535406632927,0.0019689523825204146,0.0030275755480202162,0.0018405912315707324,0.0004671992853380301,3.94702650019445e-06,0.0004709402472800794
2286,124,0.268,0.357,4.326,5.761,0.4,0.6,45,75,5,6,3,3,2,0.3129754671026212,4.854075279671327,0.49208565368324114,58.446148485526074,0.008646517003439045,0.0016114566459965991,0.0019893556260449593,0.003390205633270851,3.5957901596399394e-05,0.00023455360654423246,0.0016017045585630205,0.0009620705094576599,0.0006147400800758093,0.00018821405652685226,3.816332328094327e-05,0.00017968004259047343
2288,124,0.268,0.357,4.326,5.761,0.4,0.6,105,135,5,6,3,7,2,0.3129754671026212,4.854075279671327,0.49208565368324114,119.40551854958011,0.0036343924937773213,0.0006154304693077807,0.0003114560225528976,0.0011951732827640358,4.1405612668620366e-05,0.0001902316038310573,6.375674266831159e-05,0.00013551742057684092,0.00016802337672846247,9.088659006127844e-05,3.78243671143115e-06,9.187283322703398e-05
2289,124,0.268,0.357,4.326,5.761,0.4,0.6,135,165,5,6,3,9,2,0.3129754671026212,4.854075279671327,0.49208565368324114,149.68365248782297,0.0032362372867382177,0.0005327922035638571,0.0003859542166028181,0.0010975662316749272,3.43648707856264e-05,0.00014629860022069354,0.0003345092380565382,5.493585127974525e-05,6.907498225090515e-05,8.15564550604897e-05,5.4071590779085125e-06,8.17967069562643e-05
2290,124,0.268,0.357,4.326,5.761,0.4,0.6,165,195,5,6,3,11,2,0.3129754671026212,4.854075279671327,0.49208565368324114,180.01381486823817,0.002105693596614908,0.00039628056898480485,0.000577243665270419,0.0008832595263181156,3.293698871341848e-05,8.76880540406141e-05,0.0005472356157761357,0.00010308767440448141,0.0001072551099464828,5.334669912942196e-05,1.6203360397902654e-06,5.327910143993874e-05
2291,124,0.268,0.357,4.326,5.761,0.4,0.6,195,225,5,6,3,13,2,0.3129754671026212,4.854075279671327,0.49208565368324114,210.2757739268722,0.002552419425136937,0.0006253431178759243,0.00040769017975928677,0.0009071388760829184,4.3189767696977436e-05,0.00016180334343523188,0.0003517857947766904,4.4138197142468315e-05,9.027840973739807e-05,6.341230220809313e-05,3.811205932429927e-06,6.568095289543597e-05
2292,124,0.268,0.357,4.326,5.761,0.4,0.6,225,270,5,6,3,15,3,0.3129754671026212,4.854075279671327,0.49208565368324114,249.16141853231397,0.0028752073667974672,0.0008206130002969531,0.0008754956945837198,0.0012648238575165387,6.740717693380733e-05,5.455679825346625e-05,0.00018679191702769635,0.0008381077930949997,0.00012838375918556872,7.254117851713008e-05,8.73765441820273e-06,7.193230679398497e-05
2293,124,0.268,0.357,4.326,5.761,0.4,0.6,270,300,5,6,3,18,2,0.3129754671026212,4.854075279671327,0.49208565368324114,286.316527640423,0.007806348929669081,0.0016367009067783096,0.002360325344157907,0.00342253306647021,4.1623042264155254e-05,0.0001066220084284486,0.0008115799794496704,0.002160159909292412,0.0004524303191756712,0.0001761062015920216,1.4248357578680168e-05,0.0001684900871813397
2294,124,0.268,0.357,4.326,5.761,0.4,0.6,300,330,5,6,3,20,2,0.3129754671026212,4.854075279671327,0.49208565368324114,316.7817035915675,0.017368961541635048,0.0017432212660266574,0.0017644732621488223,0.005789860302727165,9.780228139200918e-06,0.0008938196008225017,0.0006339925770191372,0.0010931246625388966,0.0007774097107420088,0.00035167833319556317,2.8875697094569372e-05,0.0003363373116962176
2295,124,0.268,0.357,4.326,5.761,0.4,0.6,330,345,5,6,3,22,1,0.3129754671026212,4.854075279671327,0.49208565368324114,337.9617151987169,0.030169658279283668,0.0020744563552631094,0.0035756802548485424,0.010224164829647974,1.2341669323497955e-05,0.001749303944982126,0.0006970588360721758,0.002331773864436848,0.0019065801369957116,0.0004301390103369665,0.00010479118653026611,0.0004088575321287101
2296,124,0.268,0.357,4.326,5.761,0.4,0.6,345,360,5,6,3,23,1,0.3129754671026212,4.854075279671327,0.49208565368324114,352.7392682453368,0.04016522690414493,0.00252929775656176,0.004878119593158702,0.013653187565923826,1.0362253541558162e-05,0.002192042420500354,0.0024077055647931476,0.0029818071537520787,0.002001826313239894,0.0005761886494991425,0.00017383494454932487,0.0005434747816639878
2297,125,0.357,0.446,1.912,2.51,0.25,0.4,0,30,6,3,2,0,2,0.39539222162970533,2.198591964998722,0.3215283542931096,14.881407634023496,0.017268485797775904,0.002948707524083673,0.005392577969498246,0.007690137233281032,0.00022176784767963698,0.0017138161986712402,0.0019679658836562093,0.004080242748818055,0.001781267149717175,0.001540457772067114,2.0009929276759578e-05,0.0015489890086268533
2298,125,0.357,0.446,1.912,2.51,0.25,0.4,30,60,6,3,2,2,2,0.39539222162970533,2.198591964998722,0.3215283542931096,44.81020055234654,0.010158138884351076,0.00261069480900331,0.0035532680264433883,0.004798638991649328,0.0003408555115235184,0.00047780004397898225,0.0024506970460758696,0.001957534305894276,0.0012461617257977476,0.0009433215908105317,9.520167299662358e-06,0.000943643305884918
2299,125,0.357,0.446,1.912,2.51,0.25,0.4,60,90,6,3,2,4,2,0.39539222162970533,2.198591964998722,0.3215283542931096,74.83202306204537,0.012887107390663491,0.004429333983944843,0.0029927294044616564,0.005069208414322159,0.000714779258140481,0.0006890674766278233,0.0017958760309438263,0.0016280439997610674,0.0006834174410761081,0.0012723421249495274,0.00010694100087405176,0.0012759108631372907
2305,125,0.357,0.446,1.912,2.51,0.25,0.4,240,255,6,3,2,16,1,0.39539222162970533,2.198591964998722,0.3215283542931096,247.499238334868,0.019995031120035187,0.0060962537552915076,0.003131536746974749,0.007078564725073588,0.000765000656945208,0.001283890776286326,0.0005991215290484881,0.0016789134571221468,0.0002877236647863178,0.0020791119586055884,0.000115721305736772,0.002076641268187691
2306,125,0.357,0.446,1.912,2.51,0.25,0.4,255,270,6,3,2,17,1,0.39539222162970533,2.198591964998722,0.3215283542931096,262.50784671294787,0.015073276402910424,0.005179439436445905,0.004778671796470842,0.0067629578735700375,0.0007033004169865236,0.0005900649598610319,0.0042594225600281,0.00035154423015677344,0.001179258060320056,0.001509516993416831,0.00011534940480174922,0.0015283921425910223
2307,125,0.357,0.446,1.912,2.51,0.25,0.4,270,315,6,3,2,18,3,0.39539222162970533,2.198591964998722,0.3215283542931096,292.832439568204,0.010682109977014567,0.003940659584904414,0.0023676455074303324,0.004136140840579478,0.0006067712673554145,0.0007907264007640389,0.0008143655285017568,0.0012744409083676653,0.001122929059675419,0.0010230257678797998,0.00012225680019748388,0.0010314868497005782
2309,125,0.357,0.446,1.912,2.51,0.25,0.4,330,345,6,3,2,22,1,0.39539222162970533,2.198591964998722,0.3215283542931096,337.5651142213335,0.012050503896184958,0.002967110439774126,0.0025325440310996475,0.0045881658458357235,0.0002885922836018429,0.000572319711646927,0.0007565825735659843,0.0018673026177333954,0.0008779575091050121,0.001093214878690686,1.8828566321306788e-05,0.0010830042780860612
2310,125,0.357,0.446,1.912,2.51,0.25,0.4,345,360,6,3,2,23,1,0.39539222162970533,2.198591964998722,0.3215283542931096,352.51012838925146,0.014134134370409918,0.003169441519699262,0.0030386152926471562,0.0054194253914361685,0.0002465696559549119,0.0010862640146186817,0.0013379219772697583,0.0013274158895810171,0.0016937776957937445,0.0012637427108875118,5.171960208956658e-06,0.0012535811693201175
2311,126,0.357,0.446,1.912,2.51,0.4,0.6,0,15,6,3,3,0,1,0.39588889172392283,2.1975167584419872,0.4949960027709268,7.467095959969567,0.01353498471894891,0.0031159495460545868,0.0036156411288541055,0.0056159424733759076,0.00021753508172505496,0.001538901212340313,0.0004945213419564587,0.0028669972233505976,0.0012341752390845505,0.0009314030437957228,3.8154418549092094e-05,0.0008184799095994472
2312,126,0.357,0.446,1.912,2.51,0.4,0.6,15,30,6,3,3,1,1,0.39588889172392283,2.1975167584419872,0.4949960027709268,22.391962656696997,0.015167291484807225,0.0035578736412230773,0.0030169248913665125,0.0056824562765860846,0.00022397028205344046,0.0010656451338351104,0.0017224025606780507,0.0006410646500318481,0.0019059687531699338,0.001003387382154875,5.20955668291017e-05,0.0009516943874093087
2313,126,0.357,0.446,1.912,2.51,0.4,0.6,30,60,6,3,3,2,2,0.39588889172392283,2.1975167584419872,0.4949960027709268,44.726157425256055,0.007192990749905837,0.0018377908562508584,0.0019917890842694537,0.0030302596176715983,0.00029372631916322256,0.000706847931227068,0.0008900609840169606,0.0007279477499455399,0.0013563568950961718,0.0004706939158587974,1.662826270907211e-05,0.0004685019732838332
2316,126,0.357,0.446,1.912,2.51,0.4,0.6,120,135,6,3,3,8,1,0.39588889172392283,2.1975167584419872,0.4949960027709268,127.50530423683858,0.016196020023829204,0.004095812576463998,0.002387109159032301,0.005669124735764492,0.0006204804417792285,0.0010317193898479499,0.0007097580985458912,0.0013957875246323813,0.00042270015869765796,0.0012665786370471871,2.629396838089661e-05,0.0012720827263127312
2317,126,0.357,0.446,1.912,2.51,0.4,0.6,135,165,6,3,3,9,2,0.39588889172392283,2.1975167584419872,0.4949960027709268,149.96715702507854,0.015193135003450589,0.0044185467275091065,0.003223641155350908,0.005378937819969537,0.0004768997702064993,0.0010643584532670416,0.0028387627703756646,0.0014513087353187578,0.00025147592207659094,0.0012027077068918152,7.905001506789874e-05,0.0012052078321352405
2326,126,0.357,0.446,1.912,2.51,0.4,0.6,330,345,6,3,3,22,1,0.39588889172392283,2.1975167584419872,0.4949960027709268,337.6122378168533,0.01351570274612719,0.0032026834684307014,0.004983854944294878,0.006576639217721275,0.0002575552559582951,0.001088687240087413,0.003713479158128311,0.0028211563870523967,0.0010528206032623234,0.0009048516386955535,2.7734527859544655e-05,0.0008543731318680864
2327,126,0.357,0.446,1.912,2.51,0.4,0.6,345,360,6,3,3,23,1,0.39588889172392283,2.1975167584419872,0.4949960027709268,352.5181359058895,0.013562998512485394,0.002734594190830484,0.0026813379219820404,0.005072675860546415,0.0002263228426048047,0.0008624984898319887,0.00048329532518517416,0.0019598237761194095,0.0012797586869984436,0.0009536736213956778,4.188633494662103e-05,0.0008259427801458291
2328,127,0.357,0.446,1.912,2.51,0.6,0.8,0,30,6,3,4,0,2,0.3960312174109584,2.1953504822893426,0.6962252279494081,14.39289444088655,0.008880002818865156,0.002519167855301668,0.002503343929755312,0.0037703021333727296,0.0003150903523413799,0.0020140729778031887,0.001105404702140189,0.00026242609404416125,0.0007584222934534468,0.00046067212657767594,7.526838628913044e-05,0.0004949419713775019
2330,127,0.357,0.446,1.912,2.51,0.6,0.8,90,120,6,3,4,6,2,0.3960312174109584,2.1953504822893426,0.6962252279494081,104.93985688261597,0.005362929416684319,0.0021208544532100213,0.0018487744622682125,0.002513373706966257,0.0009679258008265253,0.0003428060450282754,0.0013008275619943437,0.0004958508939295489,0.0005444382255021423,0.00035398048867998254,1.0244840867502091e-05,0.00035935669672168026
2332,127,0.357,0.446,1.912,2.51,0.6,0.8,135,165,6,3,4,9,2,0.3960312174109584,2.1953504822893426,0.6962252279494081,149.98861058027288,0.019048162040936324,0.005564226998600512,0.004010966067825296,0.006963686532271383,0.0008002715298255139,0.003073096117216531,0.0012743637467007665,0.0018963436128910756,0.0010539776270313517,0.0012899594669484053,3.448236484369196e-05,0.0013197654642357714
2349,128,0.357,0.446,1.912,2.51,0.8,1.0,120,150,6,3,5,8,2,0.3958782649464195,2.1925155346823737,0.8975940858927323,134.94976203906268,0.014272349749975422,0.0035778630312503393,0.005226075053167748,0.006916979641638879,0.0015910349632106495,0.002263422531227669,0.003969677103001917,0.0017300838049572084,0.0003014636218726092,0.0009258166175725238,0.0001256581557874819,0.0009027624619627524
2359,129,0.357,0.446,2.51,3.295,0.25,0.4,0,15,6,4,2,0,1,0.39793154564061106,2.8689115018993974,0.32144545594916646,7.490394890089297,0.009450120569849986,0.001739688211828204,0.0015817862418702237,0.0033917366396207303,9.563646982684316e-05,0.00046970832319473264,0.0011178740913104748,0.0001960984523197071,0.0005687506307942235,0.0008041088517037419,3.3140243244900125e-05,0.0008128352260306796
2360,129,0.357,0.446,2.51,3.295,0.25,0.4,15,30,6,4,2,1,1,0.39793154564061106,2.8689115018993974,0.32144545594916646,22.438766008265414,0.009805776497252403,0.0017844870906199876,0.0023941638509649837,0.003927361631043824,0.00010244662438745698,0.0004387281785977149,0.0019462248024354097,0.0005534418366542398,0.0008300478172400964,0.0008521996609909456,4.0305867946004816e-05,0.0008636982069243935
2361,129,0.357,0.446,2.51,3.295,0.25,0.4,30,45,6,4,2,2,1,0.39793154564061106,2.8689115018993974,0.32144545594916646,37.42696271416748,0.009007396564615659,0.0018428437349437194,0.001408519859679312,0.0031878002555751775,0.00011605641921419385,0.0004705593201417751,0.0007706947665142204,0.0006544458595395669,0.00027771244679728385,0.0007961710044378258,4.28023312457602e-05,0.0008060018731931661
2362,129,0.357,0.446,2.51,3.295,0.25,0.4,45,60,6,4,2,3,1,0.39793154564061106,2.8689115018993974,0.32144545594916646,52.41638498504922,0.005767660205602269,0.002070542497717384,0.0016009050956792346,0.002432296447725276,0.00011577278071229851,0.00020587489914471126,0.0001916201834670154,0.0014040486627828275,0.00046845238239670177,0.0005283479222658562,3.7649255226311654e-05,0.0005287634043432952
2363,129,0.357,0.446,2.51,3.295,0.25,0.4,60,75,6,4,2,4,1,0.39793154564061106,2.8689115018993974,0.32144545594916646,67.43374641264477,0.0075180362565295195,0.00252762689598722,0.001499719455069675,0.002818936650262309,0.00018932855829052568,0.0001828640249416648,0.0008094605276060786,0.0009149971219923703,0.00043343187038852543,0.0007155804761230925,1.1590979226632946e-05,0.0007067988568448037
2364,129,0.357,0.446,2.51,3.295,0.25,0.4,75,90,6,4,2,5,1,0.39793154564061106,2.8689115018993974,0.32144545594916646,82.44060528309954,0.007514379942557515,0.0018245073679815666,0.0008835429641996827,0.0025440820204057145,0.0002474310197654556,5.072770342066724e-05,0.00036196167883319907,0.00013536887127406954,0.00023069290422040244,0.0007130362641159196,1.9996030147216388e-05,0.000717141935629793
2365,129,0.357,0.446,2.51,3.295,0.25,0.4,90,105,6,4,2,6,1,0.39793154564061106,2.8689115018993974,0.32144545594916646,97.44508905091247,0.006624343568154033,0.0015616055438351048,0.0009604842868647596,0.0023120949764207552,0.00023294224888977905,0.00013153791110713276,0.00020320335645527914,0.00045384396555458534,0.00042926210475532103,0.0006455171828745323,5.3641076467136426e-05,0.0006476371269575881
2366,129,0.357,0.446,2.51,3.295,0.25,0.4,105,120,6,4,2,7,1,0.39793154564061106,2.8689115018993974,0.32144545594916646,112.46594635399157,0.0041478807271083055,0.0016166048452192826,0.00077294712932246,0.0015269855689948664,0.00021730242449401272,0.00019555564843606467,0.0001955633213006506,0.0005138557336516009,0.0002034844157263804,0.0004000608896278943,3.996239434968992e-05,0.0004102271009006269
2367,129,0.357,0.446,2.51,3.295,0.25,0.4,120,165,6,4,2,8,3,0.39793154564061106,2.8689115018993974,0.32144545594916646,142.34125329026804,0.006116871884499894,0.0016866433447130964,0.0007616225164699842,0.0019765511367085074,0.00019054090277706816,0.00034058799711419763,4.166989697634423e-05,0.00022450115727251093,0.00025282150180348047,0.0006173861080818339,4.942387264603454e-05,0.0006239148203594251
2369,129,0.357,0.446,2.51,3.295,0.25,0.4,195,225,6,4,2,13,2,0.39793154564061106,2.8689115018993974,0.32144545594916646,210.05356428817936,0.0064617425728535904,0.0017998379150190305,0.001144608016334142,0.0021489515620564162,0.00018775503400308229,9.788111678212297e-05,0.0008149316788978533,0.0005522570312371564,0.0004619048614997464,0.0006542056081288516,4.387467638407409e-05,0.0006630643210494204
2371,129,0.357,0.446,2.51,3.295,0.25,0.4,240,255,6,4,2,16,1,0.39793154564061106,2.8689115018993974,0.32144545594916646,247.56929626095246,0.006961584450412359,0.002277765841586909,0.0012499521293072083,0.0025391863146414276,0.0002269561943311036,0.00013087806636838287,0.0007041845218636611,0.0005157845429190099,0.000485312566915314,0.0007109716636226769,6.805822330370893e-05,0.0007044886940225393
2372,129,0.357,0.446,2.51,3.295,0.25,0.4,255,270,6,4,2,17,1,0.39793154564061106,2.8689115018993974,0.32144545594916646,262.54557446102035,0.007253523001802699,0.002183660400940499,0.0013591762765554475,0.0026740898319363815,0.0002543425757656615,0.00019643141166207927,0.0009176438650462354,0.0005954435101065439,0.00022108097081559178,0.0007050120286529161,7.123000686011608e-05,0.0007061052846245399
2373,129,0.357,0.446,2.51,3.295,0.25,0.4,270,285,6,4,2,18,1,0.39793154564061106,2.8689115018993974,0.32144545594916646,277.5408416529112,0.01069976122367671,0.002585262034785377,0.0013589801483572847,0.0036587957118096614,0.00022237466535652902,0.00042383010821766035,0.0001508381982264825,0.00035971713705893713,0.0006549902820328726,0.0010211743811003474,3.3243835247570225e-05,0.0010181275661278275
2376,129,0.357,0.446,2.51,3.295,0.25,0.4,330,345,6,4,2,22,1,0.39793154564061106,2.8689115018993974,0.32144545594916646,337.55361154232935,0.010118873371014697,0.0016843836489102806,0.0018558711380583265,0.003710151658117711,0.0001085802183728972,0.0002908906499129601,0.00036260512051997866,0.0014009528600716556,0.0006707787731486059,0.0008884688880112426,4.376091257968706e-05,0.0008965238953715675
2377,129,0.357,0.446,2.51,3.295,0.25,0.4,345,360,6,4,2,23,1,0.39793154564061106,2.8689115018993974,0.32144545594916646,352.5270183711463,0.00800846913503081,0.0014103418423382858,0.0012290168659595082,0.0028240542927060056,8.609707140454807e-05,0.00031012171073503106,0.0006441817874019744,0.00018360531873122326,0.0006932308287496912,0.0007086959344767994,3.0982129954250834e-05,0.0006911180835598858
2378,130,0.357,0.446,2.51,3.295,0.4,0.6,0,15,6,4,3,0,1,0.39914253110483056,2.8647444109262703,0.4941174217696232,7.457233162259724,0.006422935735164766,0.000986254990886119,0.0012113070998807937,0.0023718423276152148,0.00010777528390508223,0.00025307080570344286,0.0007362322338922181,0.0006400054121164853,0.0005608517947009958,0.0003555301480670246,4.89798390618166e-06,0.0003541256561190706
2379,130,0.357,0.446,2.51,3.295,0.4,0.6,15,30,6,4,3,1,1,0.39914253110483056,2.8647444109262703,0.4941174217696232,22.386855017337616,0.00804119324164867,0.001188797483698053,0.0011899632578464229,0.002816691935651699,0.00013298281590973804,0.00022357629873354066,0.0004733484189749376,0.00038199942656754127,0.0008659220318026145,0.0004524373594907943,2.9362755428098954e-06,0.00047805701703523574
2380,130,0.357,0.446,2.51,3.295,0.4,0.6,30,45,6,4,3,2,1,0.39914253110483056,2.8647444109262703,0.4941174217696232,37.3976932758228,0.00856049052893195,0.0011673662071022741,0.0016524152498266318,0.0031807587279565363,0.000142561939359738,0.00037979347962990455,0.0007782674028110562,0.0010577021849803687,0.0007591340359261391,0.0005076256922222879,1.3789756436024503e-05,0.0005149666176017512
2381,130,0.357,0.446,2.51,3.295,0.4,0.6,45,60,6,4,3,3,1,0.39914253110483056,2.8647444109262703,0.4941174217696232,52.38962063465018,0.004402229502528496,0.0010696718850443146,0.0010082089845077212,0.0017233489357632525,0.00015704074963227848,0.0002615584463495486,0.0006941527293502977,0.00011924673501025234,0.0005962006628721718,0.0002652232381575002,1.4303498027945227e-05,0.00026811884054639445
2382,130,0.357,0.446,2.51,3.295,0.4,0.6,60,90,6,4,3,4,2,0.39914253110483056,2.8647444109262703,0.4941174217696232,74.72734240260242,0.0026485304201434435,0.0010492331379954342,0.0009195882704609499,0.001246081245892993,0.00026493195662599515,4.94150231913966e-05,0.0007635593087013231,0.0002572702630627208,0.0003068023670060115,0.00017205568318936538,9.37321634968748e-06,0.00017225940453101897
2384,130,0.357,0.446,2.51,3.295,0.4,0.6,105,120,6,4,3,7,1,0.39914253110483056,2.8647444109262703,0.4941174217696232,112.45655467212107,0.004153289137048658,0.000878135200700873,0.0007607575503318426,0.0015223387261707924,0.0002806339642655751,0.00014057654641359406,0.0002409643069218801,0.0004883250487571862,0.0003229333296033908,0.00028514856972754795,8.294836059267879e-06,0.00028182224408860657
2386,130,0.357,0.446,2.51,3.295,0.4,0.6,135,150,6,4,3,9,1,0.39914253110483056,2.8647444109262703,0.4941174217696232,142.45963121239484,0.00489088105352867,0.0017617633076009867,0.0010898763434437982,0.001852396178356854,0.00023365425636959124,0.0002849745316983561,0.0009606012991022037,0.0002685602742199881,0.00013034206537003329,0.0003498419125010256,1.527114864315544e-05,0.0003590466895059359
2387,130,0.357,0.446,2.51,3.295,0.4,0.6,150,165,6,4,3,10,1,0.39914253110483056,2.8647444109262703,0.4941174217696232,157.49141192997317,0.0049608041052103735,0.001454367676687663,0.0011140117852371533,0.0018842456766192581,0.0001753976005027863,0.0001242907082552231,0.0009865505969662272,0.00043466888353730623,4.6061832867295996e-05,0.00034706037996416663,1.808282833030548e-05,0.0003500033128498123
2389,130,0.357,0.446,2.51,3.295,0.4,0.6,195,225,6,4,3,13,2,0.39914253110483056,2.8647444109262703,0.4941174217696232,210.04374221688758,0.006529205034903269,0.0010992705353601894,0.000613032900681084,0.0020806225033050555,0.00021910954264451322,0.0002539081416008175,0.00011387471441926286,0.00021991210629087154,0.00014285096156120545,0.0004656181531672949,2.9151058028796923e-05,0.0004629165184619875
2395,130,0.357,0.446,2.51,3.295,0.4,0.6,315,330,6,4,3,21,1,0.39914253110483056,2.8647444109262703,0.4941174217696232,322.63851085659314,0.006172682211962166,0.001336910178050067,0.0014344535305039258,0.0024286415667299755,0.00010968620786200306,0.0004658210406268056,0.0003435791010585384,0.0011265165434324723,0.0005470781093015695,0.0003734322772810144,5.7860158993934124e-06,0.0003771684585184338
2396,130,0.357,0.446,2.51,3.295,0.4,0.6,330,345,6,4,3,22,1,0.39914253110483056,2.8647444109262703,0.4941174217696232,337.61063032450704,0.008035088058994843,0.0011966026524674552,0.0010627133153085448,0.002763549748907653,0.00012147126128725808,0.00037901158896592487,0.0002078652485913542,0.00040799771830145895,0.0007206176660337111,0.0004579869976559896,4.7520838584265525e-06,0.000491929485123499
2397,130,0.357,0.446,2.51,3.295,0.4,0.6,345,360,6,4,3,23,1,0.39914253110483056,2.8647444109262703,0.4941174217696232,352.5403742355318,0.007674165380004108,0.0009969822965225244,0.0011011203533472993,0.002673724191525008,0.00010907622481672266,0.0002463640572038939,3.906366025800586e-05,0.0005689448886251055,0.0007946771238258667,0.00044681257011078106,7.279736597619726e-06,0.0004279452933213665
2398,131,0.357,0.446,2.51,3.295,0.6,0.8,0,15,6,4,4,0,1,0.399572923065311,2.8604732852935264,0.6955135438322342,7.40824393379828,0.005789410132092951,0.001051860141877056,0.0010036665104097792,0.0020942427569005683,7.761638045520847e-05,0.00020630872887801458,6.461763896266303e-05,0.0008491032977327618,0.0004126965718031721,0.00024966181452222943,2.8895193377127378e-06,0.0002515721767764932
2399,131,0.357,0.446,2.51,3.295,0.6,0.8,15,30,6,4,4,1,1,0.399572923065311,2.8604732852935264,0.6955135438322342,22.309078602301707,0.004635780671905224,0.001216814938523353,0.0010762552950319044,0.0018233326461892009,8.289489456090702e-05,0.00014614292267096354,0.0004241973084024955,0.0006611923795660174,0.0006841631784779803,0.00023489859381165744,2.3798530163567733e-06,0.00021189187963664274
2403,131,0.357,0.446,2.51,3.295,0.6,0.8,90,105,6,4,4,6,1,0.399572923065311,2.8604732852935264,0.6955135438322342,97.46298508961317,0.0027416725278735644,0.0008986846091558117,0.0007827848360147857,0.0011706556269173002,0.00020636354596021545,0.00014053759146116776,0.00066709175444364,0.00028339675433226375,2.2222617354078647e-05,0.00015860810941448463,1.7721158165286048e-06,0.00015683238774211758
2404,131,0.357,0.446,2.51,3.295,0.6,0.8,105,120,6,4,4,7,1,0.399572923065311,2.8604732852935264,0.6955135438322342,112.48334544882947,0.003172411221265954,0.0007479056151959353,0.0005451049446576242,0.0011452509264865546,0.00021385244304675363,0.0001443980145538464,0.00037651865922161225,0.00021459416187422477,8.949464861462945e-05,0.0001830685167861066,4.5858164140813565e-06,0.00018635852409491793
2405,131,0.357,0.446,2.51,3.295,0.6,0.8,120,135,6,4,4,8,1,0.399572923065311,2.8604732852935264,0.6955135438322342,127.48879596168729,0.0039025790576120807,0.0009241482769763912,0.0008981574760813041,0.001530316174372377,0.00022375728933473536,0.00014850489215464572,0.0007199542329189472,0.0003204799128289215,0.0002432116818504084,0.00023170426192256366,2.2326811253686786e-06,0.0002331789658249638
2407,131,0.357,0.446,2.51,3.295,0.6,0.8,150,165,6,4,4,10,1,0.399572923065311,2.8604732852935264,0.6955135438322342,157.52895592164938,0.003461731051034279,0.0009777958679085335,0.00042604330955447653,0.0010713098811760452,0.00016178526565609587,0.0002556612555056898,0.0002523599773120336,0.00010864142182997125,0.00012346654585677075,0.0002132366440146661,2.6021571788578827e-06,0.00021132365048516123
2408,131,0.357,0.446,2.51,3.295,0.6,0.8,165,195,6,4,4,11,2,0.399572923065311,2.8604732852935264,0.6955135438322342,180.01936479585825,0.003370748346820693,0.0008418056474868285,0.0006269773995614498,0.0010443089423786541,0.00019803061926681694,0.00024234056485817067,0.0003521404248147191,0.0005619463579606352,0.00025650836469829334,0.000205807107545146,1.1004023483849012e-05,0.00020481289111578822
2409,131,0.357,0.446,2.51,3.295,0.6,0.8,195,210,6,4,4,13,1,0.399572923065311,2.8604732852935264,0.6955135438322342,202.5015153573422,0.004288060271684278,0.001479680849800919,0.0011502814458820008,0.0016472561737464048,0.0001907914489721167,0.0002029516160908521,0.0006463432822318664,0.0009449778722698159,0.0005540127442326639,0.00025535640364603444,1.1155030969363137e-05,0.00026199997031848535
2410,131,0.357,0.446,2.51,3.295,0.6,0.8,210,225,6,4,4,14,1,0.399572923065311,2.8604732852935264,0.6955135438322342,217.51011714708284,0.0035151011617132973,0.0011070707867641895,0.0006604271177821397,0.0011635384299782266,0.0002713623944618603,0.00012468023539734924,0.00027749537034477915,0.0006037851994635641,0.00012877158289498092,0.0002118682580828443,1.8395359920856967e-06,0.0002112971084732109
2414,131,0.357,0.446,2.51,3.295,0.6,0.8,330,345,6,4,4,22,1,0.399572923065311,2.8604732852935264,0.6955135438322342,337.6770248522112,0.00925383925826292,0.0021258362646618062,0.002641582928695576,0.003950915476344649,9.157511570293702e-05,0.0003357634415150213,0.002076446548611413,0.0014498543678791514,0.0005222601218901932,0.0004445832185093222,1.7376710014027143e-05,0.0004127634752332331
2415,131,0.357,0.446,2.51,3.295,0.6,0.8,345,360,6,4,4,23,1,0.399572923065311,2.8604732852935264,0.6955135438322342,352.57159961877795,0.005035608906573794,0.001025635672240542,0.0010975705241603679,0.0019392412250858317,8.64736628812307e-05,0.0001656364807158781,6.499991095935783e-05,0.0008603788129761373,0.0006158747085184929,0.00021824696726977853,4.7460296479038795e-06,0.00021440515514776503
2416,132,0.357,0.446,2.51,3.295,0.8,1.0,0,15,6,4,5,0,1,0.3996791458208506,2.8575471947490496,0.896553759207935,7.350382198086074,0.004437290924889743,0.001082703199018654,0.000856024891792965,0.0016484735517879737,9.420960398022996e-05,0.0005228115614315264,4.3503390575216477e-05,0.0004019156789055802,0.0005099958392088506,0.000161734906488031,1.4541317183138483e-05,0.00016445887987142014
2422,132,0.357,0.446,2.51,3.295,0.8,1.0,120,135,6,4,5,8,1,0.3996791458208506,2.8575471947490496,0.896553759207935,127.49538873282317,0.0029615153003992468,0.0007464452730233514,0.0005873797372891544,0.0011086386552151691,0.00020335620231638846,0.0001852829013159748,0.00046725071435517966,0.00011778619076543473,0.00010499351019783944,0.00016644263340289176,2.5770644688362413e-05,0.00016158899483920895
2425,132,0.357,0.446,2.51,3.295,0.8,1.0,165,195,6,4,5,11,2,0.3996791458208506,2.8575471947490496,0.896553759207935,179.9896344263787,0.0028681201338849496,0.0008438663811040043,0.0006069157073819653,0.0009653464435507332,0.00018199435508811618,0.0003401492288193348,0.0005889415065017342,0.00014622851291434471,1.51784285349127e-06,0.0001651966594987147,3.150889315219646e-05,0.00015783524789172732
2433,133,0.357,0.446,3.295,4.326,0.25,0.4,0,15,6,5,2,0,1,0.3958283106789498,3.7870545675581084,0.32109153603328044,7.464572891416294,0.007304921422208238,0.001193613519088811,0.0013538329452882332,0.0026854582255298465,3.44839026070259e-05,0.00013628677763416252,0.0004187257896188387,0.001102140097278579,0.000290584606965234,0.000579922315453874,4.366566752509157e-05,0.0005819080028016481
2434,133,0.357,0.446,3.295,4.326,0.25,0.4,15,30,6,5,2,1,1,0.3958283106789498,3.7870545675581084,0.32109153603328044,22.42243410046385,0.0055710116952343396,0.001182840023477704,0.001172454186514386,0.0021220421579481387,4.798175630572549e-05,0.00013922300706017816,0.0006514820172373853,0.0007233484419291146,0.00045249236435954213,0.0004403360142481396,3.405040740678254e-05,0.0004478307691677637
2435,133,0.357,0.446,3.295,4.326,0.25,0.4,30,45,6,5,2,2,1,0.3958283106789498,3.7870545675581084,0.32109153603328044,37.39727970072039,0.007113122470180245,0.0016263169287320388,0.002291804068929611,0.003217521112992834,3.883309991809341e-05,0.00011839685898579696,0.0013877386973562581,0.001695764980536064,0.00030203834631939495,0.0005826812604458314,3.9620118712030315e-05,0.000586664589433769
2436,133,0.357,0.446,3.295,4.326,0.25,0.4,45,60,6,5,2,3,1,0.3958283106789498,3.7870545675581084,0.32109153603328044,52.39377433254075,0.007409098908403096,0.0017967510623583603,0.0016901972803664018,0.0028965670656358957,3.842019917656469e-05,0.0001327135807804862,0.0007534798754087618,0.0012957340978821136,0.00045362885107092134,0.0006243084100039484,5.569722568184587e-05,0.0006206769938908109
2437,133,0.357,0.446,3.295,4.326,0.25,0.4,60,75,6,5,2,4,1,0.3958283106789498,3.7870545675581084,0.32109153603328044,67.39641601290616,0.007217410269278825,0.0013418455791352145,0.0008669154279767767,0.002449951553363464,5.940748578976453e-05,0.00021379938523222408,0.00033775991938589454,0.0003204682419000481,0.0003259555813766885,0.0006030127053725089,5.835489825449837e-05,0.0006158524454201112
2438,133,0.357,0.446,3.295,4.326,0.25,0.4,75,90,6,5,2,5,1,0.3958283106789498,3.7870545675581084,0.32109153603328044,82.40622930721852,0.0063517676337625055,0.001039996700456686,0.0008265123759767984,0.0021794155916970313,5.755401183076645e-05,7.147457008172701e-05,0.00018791126115436918,0.0002947715717803698,0.0004917146137313398,0.0005531626696343412,1.6759325448191244e-05,0.000557420349683408
2439,133,0.357,0.446,3.295,4.326,0.25,0.4,90,105,6,5,2,6,1,0.3958283106789498,3.7870545675581084,0.32109153603328044,97.43954548998815,0.004291827356725496,0.0009493357156133814,0.0008406731371401826,0.0016010703865774547,6.55432221132794e-05,7.00310904288981e-05,0.0006006229962538128,0.0003564369338754369,0.0002537053633159159,0.0003745837454938118,7.514889808741338e-06,0.0003812733574258422
2440,133,0.357,0.446,3.295,4.326,0.25,0.4,105,120,6,5,2,7,1,0.3958283106789498,3.7870545675581084,0.32109153603328044,112.42362278527784,0.004948023108047783,0.0012835217427863933,0.0010667774995569226,0.0018989124861509459,5.021696875195333e-05,0.00014515336003827193,0.000821991299492834,0.0003920321206693626,0.0002903682144733199,0.0004488503053771336,8.279953223953206e-06,0.0004480517956944552
2441,133,0.357,0.446,3.295,4.326,0.25,0.4,120,150,6,5,2,8,2,0.3958283106789498,3.7870545675581084,0.32109153603328044,134.78358848618163,0.0027981011196637775,0.0010231406963158345,0.0004423369545229048,0.0009923983074213126,3.786233958945439e-05,3.369661648051126e-05,3.869822931308699e-05,0.0002718908175171053,0.00022335913985214724,0.00025383539689206825,3.058826229403057e-05,0.00026034878078761445
2444,133,0.357,0.446,3.295,4.326,0.25,0.4,210,240,6,5,2,14,2,0.3958283106789498,3.7870545675581084,0.32109153603328044,225.18382146125666,0.0031319898527345518,0.0008363503688801969,0.0006700695235250762,0.0011983780607665911,3.742901839725226e-05,8.037835504395105e-05,0.000555174834728572,8.635311791710507e-05,0.0002023931353514929,0.000289386382977099,3.3384821712298144e-05,0.0002919694053573806
2445,133,0.357,0.446,3.295,4.326,0.25,0.4,240,270,6,5,2,16,2,0.3958283106789498,3.7870545675581084,0.32109153603328044,255.29959004999236,0.0024954187631922183,0.0008519131874330448,0.0006255259602097475,0.0010094401840526313,4.73706033231433e-05,9.79646743315185e-05,0.0005470794430444043,0.00013752316587007808,0.00010458919925323006,0.00022300280491357606,4.251923956397163e-06,0.00022426376583637188
2446,133,0.357,0.446,3.295,4.326,0.25,0.4,270,285,6,5,2,18,1,0.3958283106789498,3.7870545675581084,0.32109153603328044,277.5992321906055,0.00427475803698897,0.0011971536480963254,0.000933506696702363,0.0016472372031754307,4.92094089925812e-05,5.997068958595226e-05,0.0005541946970785278,0.0006214879383260707,0.00017363355850752608,0.0003699550571966146,1.6152553711072504e-05,0.0003766816571730118
2447,133,0.357,0.446,3.295,4.326,0.25,0.4,285,300,6,5,2,19,1,0.3958283106789498,3.7870545675581084,0.32109153603328044,292.62217474462466,0.006496799750606049,0.001715158217189373,0.0011744930108340244,0.002373604386452347,5.095390654228794e-05,0.0002623495813927033,0.0008465032090407079,0.000463510180229347,0.0002482731328139571,0.0005569922187139225,5.293080334465466e-05,0.0005612141395932664
2448,133,0.357,0.446,3.295,4.326,0.25,0.4,300,315,6,5,2,20,1,0.3958283106789498,3.7870545675581084,0.32109153603328044,307.62003659422425,0.012100700715947939,0.0034437219760510103,0.0022622619319018207,0.004458420749179406,3.685726020549423e-05,0.0007797442157284275,0.0005120098682026646,0.0016274779634320273,0.0007670935457771192,0.0009778100212412687,7.747356562868947e-05,0.0010045886791984469
2449,133,0.357,0.446,3.295,4.326,0.25,0.4,315,330,6,5,2,21,1,0.3958283106789498,3.7870545675581084,0.32109153603328044,322.5959039269579,0.004979868176396386,0.0016562659667924624,0.001671494782683804,0.002300786222262183,3.108509879011627e-05,0.0003754248740962613,0.0008647746263998313,0.0012973284709840679,0.00022845647396390996,0.00041230921938102054,2.9832703887173945e-05,0.000410969600451594
2450,133,0.357,0.446,3.295,4.326,0.25,0.4,330,345,6,5,2,22,1,0.3958283106789498,3.7870545675581084,0.32109153603328044,337.6058167020073,0.005890237231307009,0.001261113264772558,0.001052505779634105,0.0021459212614264533,4.2976612160306715e-05,0.00021571271133537985,0.0003373101719247126,0.0007326554407205764,0.00043722407547433853,0.00046811813090517364,3.3348480540981146e-05,0.0004665430463130124
2451,133,0.357,0.446,3.295,4.326,0.25,0.4,345,360,6,5,2,23,1,0.3958283106789498,3.7870545675581084,0.32109153603328044,352.5416688690188,0.0066259420715657855,0.001099805501462342,0.001991717738644116,0.0028969514408203655,4.01993137434834e-05,0.00012059169609522318,0.0007421095911467096,0.001748154338939502,0.00025395735876477057,0.0005315356014939619,5.2142177574601924e-05,0.0005286933235263528
2452,134,0.357,0.446,3.295,4.326,0.4,0.6,0,15,6,5,3,0,1,0.39753900428690675,3.7808270590841393,0.4926814201690228,7.432930192436054,0.005975415623197252,0.0006773953229661713,0.0010303619592271337,0.0021588730047767267,5.5306743881003774e-05,0.00017754781817577562,0.0006040119773175996,0.0005418571984796308,0.0005394277007420181,0.00026755727731951016,2.3903632810963764e-05,0.0002786427224055014
2453,134,0.357,0.446,3.295,4.326,0.4,0.6,15,30,6,5,3,1,1,0.39753900428690675,3.7808270590841393,0.4926814201690228,22.365883285334668,0.004944698756703252,0.0006294483782305634,0.0006110852130671734,0.0016846259436955396,4.683033414708027e-05,9.205476511880471e-05,0.00012200014211379404,0.0003552155444458659,0.0004029383092557929,0.0002353353382591515,3.7804721399988255e-05,0.00024359100741667646
2454,134,0.357,0.446,3.295,4.326,0.4,0.6,30,45,6,5,3,2,1,0.39753900428690675,3.7808270590841393,0.4926814201690228,37.32091437449694,0.005340799874545407,0.0007357947437313788,0.001170025047619279,0.0020601366160580897,6.001103880266562e-05,6.083997467482457e-05,9.102459596667667e-05,0.0009835736558222341,0.0005643295883427022,0.0002644682557494648,2.0930121505325432e-05,0.00025977930437668176
2455,134,0.357,0.446,3.295,4.326,0.4,0.6,45,60,6,5,3,3,1,0.39753900428690675,3.7808270590841393,0.4926814201690228,52.359301855310726,0.006631617066346588,0.0011355922927239746,0.002199157522549551,0.0030445468757581444,7.206487160937871e-05,0.0002208858719906329,7.205516016380334e-05,0.0021133178252853778,0.0004449149102760706,0.00033213377246163624,1.6433237617818312e-05,0.00033623866621795433
2457,134,0.357,0.446,3.295,4.326,0.4,0.6,75,90,6,5,3,5,1,0.39753900428690675,3.7808270590841393,0.4926814201690228,82.40087655343602,0.002818631422666399,0.0005732537854904234,0.0003628441926727258,0.0009656457845889699,0.0001080461446228143,8.61939776203504e-05,4.5996758140660695e-05,0.00021349884687875113,0.0002010893670041414,0.00015905325277147442,3.887916107047984e-06,0.00015626306060716167
2458,134,0.357,0.446,3.295,4.326,0.4,0.6,90,105,6,5,3,6,1,0.39753900428690675,3.7808270590841393,0.4926814201690228,97.41093103554516,0.002743036522222764,0.00045938429152755217,0.00040418913370223884,0.0009601069948400112,0.00010685785773524292,0.00011568761583830335,0.00029162036589878575,0.00010835572170438617,0.000127343604119984,0.00015772074718507493,4.156712080746646e-06,0.00015989632841801823
2459,134,0.357,0.446,3.295,4.326,0.4,0.6,105,120,6,5,3,7,1,0.39753900428690675,3.7808270590841393,0.4926814201690228,112.42062416438527,0.002083277585307929,0.0005070263702130151,0.00040567480530575596,0.0007759150491874748,0.0001145627744951097,9.660970546246046e-05,0.0002906506185790592,0.00018204516634335018,9.824227154702221e-05,0.00012157095201220143,2.0637096690012846e-06,0.00012183683590037765
2460,134,0.357,0.446,3.295,4.326,0.4,0.6,120,135,6,5,3,8,1,0.39753900428690675,3.7808270590841393,0.4926814201690228,127.47495714356405,0.0024024604996575965,0.0007282328647797854,0.0006509067533670153,0.0010027326438344756,0.0001103660557953103,1.220879228444352e-05,0.0004364230680944218,0.0003912791921288515,0.00021481157945354558,0.0001516523384514043,6.282712880759795e-06,0.000147110045451181
2461,134,0.357,0.446,3.295,4.326,0.4,0.6,135,150,6,5,3,9,1,0.39753900428690675,3.7808270590841393,0.4926814201690228,142.45985561670955,0.0031229205250164187,0.0006661201515204943,0.0003037987629400482,0.0010369903614757744,7.847272209948575e-05,9.230325201051025e-05,4.1521774868298506e-06,0.00017024398467180095,0.00011328000258172758,0.0001890632989366109,6.5391341167457484e-06,0.0001891645210887971
2462,134,0.357,0.446,3.295,4.326,0.4,0.6,150,165,6,5,3,10,1,0.39753900428690675,3.7808270590841393,0.4926814201690228,157.48633393173392,0.0018174043830757396,0.0006498720870832788,0.0006086276297362141,0.00083866705297541,8.613100231736321e-05,9.59657268204359e-06,0.0004898325212535177,0.00033044705490469563,4.1697582190081847e-05,0.00010993868513604432,4.915234760742628e-06,0.00010975930292063299
2463,134,0.357,0.446,3.295,4.326,0.4,0.6,165,195,6,5,3,11,2,0.39753900428690675,3.7808270590841393,0.4926814201690228,180.02908370230628,0.0018399668488103512,0.00042380926922280354,0.0002617539174411536,0.0006254552922673093,7.308949170562633e-05,2.691420680343802e-05,0.00019842875350336702,5.1370637732701e-05,0.00010556431761800359,0.00011456853303184364,7.795835020426575e-06,0.00011504639160175463
2464,134,0.357,0.446,3.295,4.326,0.4,0.6,195,225,6,5,3,13,2,0.39753900428690675,3.7808270590841393,0.4926814201690228,210.09325886525386,0.00227504235138889,0.0005341618856774666,0.0002054311064981691,0.0007509454258776931,9.957617577355712e-05,6.392134432858587e-05,2.6022755737724587e-05,7.950621944127699e-05,3.938023693698391e-05,0.00014161340269548255,6.407706822550873e-06,0.00014018331094448923
2465,134,0.357,0.446,3.295,4.326,0.4,0.6,225,240,6,5,3,15,1,0.39753900428690675,3.7808270590841393,0.4926814201690228,232.5161551654673,0.0027133087657101543,0.0005713077248775163,0.0005283676464610289,0.001010573534333546,9.340382023784654e-05,9.960772248721807e-05,0.00044900521799557595,0.00013845424844216984,0.0001158639693753066,0.000163214200481717,2.263686309924394e-06,0.0001622549651453213
2467,134,0.357,0.446,3.295,4.326,0.4,0.6,255,285,6,5,3,17,2,0.39753900428690675,3.7808270590841393,0.4926814201690228,270.43953032911685,0.002684128627286008,0.0008900739106917727,0.00035918848041638986,0.0009247849640607448,0.00013175784989399953,0.00016566318928026218,3.0476438600880696e-05,0.0001973537590553223,0.0001453390163465746,0.00015120166041647618,1.270059513861187e-06,0.00015235219715182413
2468,134,0.357,0.446,3.295,4.326,0.4,0.6,285,315,6,5,3,19,2,0.39753900428690675,3.7808270590841393,0.4926814201690228,300.623426885798,0.0032116384235662994,0.001102539531580181,0.0012477533999114905,0.0016113943516080738,0.00010044905814436178,8.316787510637698e-05,0.00011685783574546603,0.0011992994847840153,0.0002446271655190367,0.00016245557529378582,5.368275361241732e-06,0.00016752367047879484
2470,134,0.357,0.446,3.295,4.326,0.4,0.6,330,345,6,5,3,22,1,0.39753900428690675,3.7808270590841393,0.4926814201690228,337.6320420133173,0.0045199129033611654,0.0007606419820693226,0.0015013420375124186,0.0020768514214120275,5.4984502073484764e-05,0.00010693106182398805,1.959077314269944e-06,0.0014529526285746155,0.00029038760190506043,0.0002003317002716535,4.02765517523779e-05,0.00021016714287653448
2471,134,0.357,0.446,3.295,4.326,0.4,0.6,345,360,6,5,3,23,1,0.39753900428690675,3.7808270590841393,0.4926814201690228,352.5582660024091,0.005573107311160482,0.0006437188664238985,0.0007497607144564054,0.001921694374213479,5.3925148273370866e-05,0.00025842891121016456,0.0003618842488174221,0.0003335734439016086,0.0004233058405170357,0.0002636318233927415,2.155551596626499e-05,0.0002665115729986964
2472,135,0.357,0.446,3.295,4.326,0.6,0.8,0,15,6,5,4,0,1,0.39810154425433303,3.7735877320556304,0.6945031725937202,7.387782995107707,0.0045889326641252596,0.0006033907517939245,0.001419827327224177,0.0020343463055892772,4.859046870255113e-05,0.0012980737438266913,9.759966540505585e-06,0.00012677775214969792,0.0005354632968341643,0.00013827786212351238,1.4073646092589796e-05,0.0001602010094476937
2473,135,0.357,0.446,3.295,4.326,0.6,0.8,15,30,6,5,4,1,1,0.39810154425433303,3.7735877320556304,0.6945031725937202,22.327703322093726,0.00314696128622098,0.000563282232926056,0.00044122522360736635,0.001092212764734057,4.817661884678596e-05,0.00010416206708764,4.7082588435015043e-05,0.0003111492111534062,0.0002634671230656181,0.00010779198115475048,8.735607633632387e-06,0.00011429544370748311
2474,135,0.357,0.446,3.295,4.326,0.6,0.8,30,45,6,5,4,2,1,0.39810154425433303,3.7735877320556304,0.6945031725937202,37.28414130081773,0.002901936059529468,0.0005790344971568512,0.00046015523665892766,0.0010298516609829654,4.7330983128314024e-05,0.00011271011163001236,0.00021266134154442962,4.9358947929695375e-05,0.00036739127414128796,0.0001096603334951139,7.971455499711407e-06,0.00011900231238815985
2476,135,0.357,0.446,3.295,4.326,0.6,0.8,75,90,6,5,4,5,1,0.39810154425433303,3.7735877320556304,0.6945031725937202,82.38292327934238,0.002054406978722856,0.0007119254941935395,0.0005426559289160851,0.0008484729717745884,9.306677095053846e-05,0.00010153324562085175,9.213644592385034e-05,0.0004973431074033501,0.00010855244349516317,8.847174942290134e-05,3.1712011182948092e-06,8.878124367480671e-05
2477,135,0.357,0.446,3.295,4.326,0.6,0.8,90,105,6,5,4,6,1,0.39810154425433303,3.7735877320556304,0.6945031725937202,97.41200402779467,0.0015702548552066508,0.0003999382466899726,0.0002484175862693538,0.0005570021084114657,9.313569850673692e-05,6.545145089956368e-05,7.150109185088594e-05,0.00011313512955466548,0.00015908641032043444,7.398771709834916e-05,1.6964156308058567e-06,7.438209988185746e-05
2480,135,0.357,0.446,3.295,4.326,0.6,0.8,135,150,6,5,4,9,1,0.39810154425433303,3.7735877320556304,0.6945031725937202,142.44470015859147,0.001463790620307999,0.000419026676691946,0.00021088564485656448,0.0005103459538757494,4.2563505424328345e-05,8.768833434946286e-05,7.784944847281797e-05,9.968575088626479e-05,0.00011749931143615038,7.459885583891065e-05,2.0033032829701676e-06,7.188870207709417e-05
2481,135,0.357,0.446,3.295,4.326,0.6,0.8,150,180,6,5,4,10,2,0.39810154425433303,3.7735877320556304,0.6945031725937202,164.9645805893526,0.0012051481636519421,0.00031079378541347104,0.0002205127732680373,0.00043943851640842004,4.0072479281788246e-05,4.8370310956637886e-05,0.0001933040821086968,6.226541600644396e-05,2.378992792389725e-05,6.158460372896558e-05,2.3906034122251974e-06,5.9300900949875005e-05
2482,135,0.357,0.446,3.295,4.326,0.6,0.8,180,195,6,5,4,12,1,0.39810154425433303,3.7735877320556304,0.6945031725937202,187.48342104645317,0.0013252154488855462,0.00034469378506613816,0.0002018882922741433,0.00044051122432739,4.446272757384791e-05,6.860103746392847e-05,0.0001814176801954631,2.324854987961273e-05,5.24859574273721e-05,6.747205817410133e-05,3.0119216012371377e-06,6.463906258556221e-05
2483,135,0.357,0.446,3.295,4.326,0.6,0.8,195,210,6,5,4,13,1,0.39810154425433303,3.7735877320556304,0.6945031725937202,202.50749628615176,0.0009451778816917239,0.00036050395517320976,0.00017073920146866696,0.00034166549686059455,3.9224133701235314e-05,4.948585056824334e-05,8.608753361147192e-05,0.00011328752579295787,6.0176931986767676e-05,4.837041741388509e-05,1.1657328819445867e-06,4.603318996981476e-05
2489,135,0.357,0.446,3.295,4.326,0.6,0.8,345,360,6,5,4,23,1,0.39810154425433303,3.7735877320556304,0.6945031725937202,352.5855947989956,0.0033632745963988416,0.0005587328944330046,0.0005115939680779026,0.0011840302492318378,4.458710947500047e-05,0.00010054230769499436,0.00026693790862312777,0.0001127795700020745,0.00039027524633263857,0.00010885119259600478,1.3596339359912824e-05,0.00011550660516082812
2490,136,0.357,0.446,3.295,4.326,0.8,1.0,0,15,6,5,5,0,1,0.39838869293784623,3.7674649658709756,0.8957113968407653,7.35042929162084,0.0025810576501503553,0.0005560201335374044,0.0003888836727038507,0.0009070496102176395,3.6255674801279976e-05,9.877074208157074e-05,0.00022015391727418085,0.00024346691559614904,0.00016457561609442052,7.532319562099367e-05,1.1247344533224083e-05,7.301614722147424e-05
2491,136,0.357,0.446,3.295,4.326,0.8,1.0,15,30,6,5,5,1,1,0.39838869293784623,3.7674649658709756,0.8957113968407653,22.240896946549125,0.002181401603584807,0.0006607816233292776,0.0004948436928591204,0.0008511894531015063,3.733445432732386e-05,0.00012817500688981113,0.00020862472592527868,0.0003795136313059089,0.00018663420999167742,7.010389508394376e-05,6.337589600059953e-06,6.826701647001066e-05
2492,136,0.357,0.446,3.295,4.326,0.8,1.0,30,45,6,5,5,2,1,0.39838869293784623,3.7674649658709756,0.8957113968407653,37.212956260898075,0.0030824841676953952,0.0008580870098554359,0.0011437191778387063,0.0015052760551874512,4.0369171641412976e-05,0.00015981795364202074,0.0009859613056641828,0.0004257060250663419,0.0003321738041087062,9.984380516214553e-05,1.4753481708319159e-06,0.00013129111641636213
2495,136,0.357,0.446,3.295,4.326,0.8,1.0,105,120,6,5,5,7,1,0.39838869293784623,3.7674649658709756,0.8957113968407653,112.46608689323332,0.0007650216837295301,0.0003037215354348143,0.00025846031295534644,0.00035467612656612705,6.82833641060738e-05,2.8972430231502557e-05,0.00021839644769145424,7.448655822616365e-05,8.32718249317854e-05,3.4920743543982445e-05,3.1171398983350675e-06,3.347030471504535e-05
2501,136,0.357,0.446,3.295,4.326,0.8,1.0,210,240,6,5,5,14,2,0.39838869293784623,3.7674649658709756,0.8957113968407653,225.05371821422335,0.0008725040643855912,0.00033693034905881396,0.00028227989492601564,0.00039549525899690996,6.22728367720555e-05,5.596578251209463e-05,0.00016519491198746378,0.00020446178441176644,4.675166058507365e-05,4.0855989616886384e-05,2.5867197213964097e-06,3.731174170098203e-05
2505,136,0.357,0.446,3.295,4.326,0.8,1.0,330,360,6,5,5,22,2,0.39838869293784623,3.7674649658709756,0.8957113968407653,345.863468090724,0.0020942468414722466,0.0005280484641631942,0.0004534375162850551,0.000804796087774346,3.59689599171249e-05,0.00032013236416705696,0.00018351655976222,0.00016175122406127994,0.00019291088916138983,6.355462040798193e-05,2.019551856081373e-05,6.907016114596634e-05
2506,137,0.357,0.446,4.326,5.761,0.25,0.4,0,15,6,6,2,0,1,0.39251757776279206,5.069394446596252,0.32058590081814015,7.5042560193649726,0.008787691215433458,0.0012116493309632893,0.0010471260544317516,0.0029800207947170915,4.397558150044606e-05,0.0002576145762227021,0.00047076978855574306,0.0004781109223495076,0.0004682747585455112,0.0005869460797778472,9.182012365786216e-05,0.0005988976163264721
2507,137,0.357,0.446,4.326,5.761,0.25,0.4,15,30,6,6,2,1,1,0.39251757776279206,5.069394446596252,0.32058590081814015,22.42162739351017,0.0059497118999116035,0.001194078964804051,0.0009785903301046527,0.002127399586274056,4.327326391028377e-05,0.0002238913610007774,0.00047129450094419794,0.00043649953319691254,0.0005635845797925496,0.0004157985696119603,4.8766103171597134e-05,0.00041876149487840407
2508,137,0.357,0.446,4.326,5.761,0.25,0.4,30,45,6,6,2,2,1,0.39251757776279206,5.069394446596252,0.32058590081814015,37.36355353795399,0.0067746351628209705,0.0016360567267563486,0.001245033309858646,0.00248522541720264,3.618431420806925e-05,0.00047019487205771316,0.0006435323072383858,0.0006539519552260153,0.0004956107822276534,0.0004727904903485462,5.732326688154582e-05,0.000490202389518556
2509,137,0.357,0.446,4.326,5.761,0.25,0.4,45,60,6,6,2,3,1,0.39251757776279206,5.069394446596252,0.32058590081814015,52.34429821736501,0.007744794080032764,0.0013326503659807805,0.0010128708830241476,0.0026593259760458966,3.267517197789897e-05,0.00010383089193146049,0.000526101332672423,0.00045617814229210454,0.0004532294679225227,0.0005659743095768346,7.548580853413157e-05,0.0005689998632310387
2510,137,0.357,0.446,4.326,5.761,0.25,0.4,60,75,6,6,2,4,1,0.39251757776279206,5.069394446596252,0.32058590081814015,67.35619242630428,0.005523934494553455,0.000866647939188887,0.0013085241088515184,0.0021881499551058285,4.381668168398285e-05,0.0001440478594975295,0.0011747598686484492,0.00016582688675194381,0.0003218423193688669,0.00042255602137037567,3.3631532169591885e-05,0.00042240250014950135
2511,137,0.357,0.446,4.326,5.761,0.25,0.4,75,90,6,6,2,5,1,0.39251757776279206,5.069394446596252,0.32058590081814015,82.3622360083639,0.005216166492347987,0.0008874192580637242,0.0006537372102894468,0.0017804354291471715,6.30611961442082e-05,1.9765920306022383e-05,0.00023714647865937042,0.00016089962362091675,0.00042104187556180306,0.00040147550220319953,1.964693183320901e-05,0.0004044768619511548
2512,137,0.357,0.446,4.326,5.761,0.25,0.4,90,120,6,6,2,6,2,0.39251757776279206,5.069394446596252,0.32058590081814015,104.50576117928709,0.0035738280872300025,0.0006878032760592135,0.00035956632124878427,0.0011902593420876127,2.0387352708991147e-05,9.685607606618868e-05,6.482163968082236e-05,6.854009903328391e-05,0.00016950446847500844,0.0002810662948807307,1.1707848708420366e-05,0.0002861115879784773
2513,137,0.357,0.446,4.326,5.761,0.25,0.4,120,150,6,6,2,8,2,0.39251757776279206,5.069394446596252,0.32058590081814015,134.7152090317046,0.0022422733978670214,0.0006355020172367112,0.0007863871010441521,0.0010607547902959347,1.2192017596639223e-05,7.755038751241415e-05,0.0007131669066651291,0.000234018016392929,0.00012642636661935858,0.00018293212465638354,1.7306228668124515e-06,0.00018134737344902588
2514,137,0.357,0.446,4.326,5.761,0.25,0.4,150,180,6,6,2,10,2,0.39251757776279206,5.069394446596252,0.32058590081814015,164.89445089228417,0.0029362605453072147,0.0008752482392432883,0.0004174296662263135,0.0010214198675156884,1.3941480258659666e-05,8.125401266065266e-05,0.00012864271535027938,0.0002819164560244319,0.0001166641530082029,0.0002379540250804712,6.911750633219926e-06,0.00024044663818269862
2515,137,0.357,0.446,4.326,5.761,0.25,0.4,180,210,6,6,2,12,2,0.39251757776279206,5.069394446596252,0.32058590081814015,195.10399478943066,0.002517387815321821,0.0007446313720020516,0.00028098320334136664,0.0008471947636786849,1.2558229797547196e-05,1.9372074175273366e-05,7.261536823640978e-05,0.00015484527940296731,8.483032131474781e-05,0.00020489652154006565,3.749786296074156e-06,0.00020487151704085105
2516,137,0.357,0.446,4.326,5.761,0.25,0.4,210,240,6,6,2,14,2,0.39251757776279206,5.069394446596252,0.32058590081814015,225.26833978165118,0.002629616214304305,0.0006622700745737192,0.00030813490973109997,0.0008899213722953011,2.2475297694467724e-05,3.2530385646411325e-05,0.00011525696349933866,0.0001216070164900207,0.00013887282843592387,0.00021187776955841237,3.853392795058147e-06,0.00021453592012935353
2517,137,0.357,0.446,4.326,5.761,0.25,0.4,240,270,6,6,2,16,2,0.39251757776279206,5.069394446596252,0.32058590081814015,255.51514530215286,0.004207719458451026,0.001063206483363239,0.0005284393890365599,0.001436622489859727,1.4458602763081822e-05,1.349182254889975e-05,0.00013716885220962748,0.0002763764144335363,0.0002711524378754845,0.000332283097860813,1.7203147757156853e-05,0.00033186480135488633
2518,137,0.357,0.446,4.326,5.761,0.25,0.4,270,285,6,6,2,18,1,0.39251757776279206,5.069394446596252,0.32058590081814015,277.6132750285181,0.005248255158166003,0.0013501042235582086,0.0010792530102257047,0.001985248663482576,2.6691103703413528e-05,6.28743767550084e-05,0.0009697592587375839,0.00016290748547325058,0.00018796049909788646,0.0003926649210205764,4.6430973263748044e-05,0.0003972662078007593
2519,137,0.357,0.446,4.326,5.761,0.25,0.4,285,300,6,6,2,19,1,0.39251757776279206,5.069394446596252,0.32058590081814015,292.6400298206064,0.005711878870361403,0.001421555190752359,0.0010328208028963937,0.002086945537794498,3.0329324325926206e-05,0.00018861515092160765,0.0005192807072473954,0.0006946153074956533,0.0003127645948725705,0.00043577867580988364,5.294687877146515e-05,0.0004245688374007972
2520,137,0.357,0.446,4.326,5.761,0.25,0.4,300,330,6,6,2,20,2,0.39251757776279206,5.069394446596252,0.32058590081814015,315.5950512821769,0.006830391148935971,0.0016418326890423121,0.0009624876810794675,0.002372568692725975,3.351959896899014e-05,0.0002330471695560939,0.0005339974571677039,0.000500298388307359,0.0002970898542455104,0.000491951793112644,6.463464334783504e-05,0.0004972261521445235
2521,137,0.357,0.446,4.326,5.761,0.25,0.4,330,345,6,6,2,22,1,0.39251757776279206,5.069394446596252,0.32058590081814015,337.60877801919287,0.006543311965653924,0.0016786393034601966,0.0009927821982553323,0.0023024590087478525,1.2051353683599926e-05,0.00012690009092206772,0.0006787407393051613,0.0005001206308962188,0.00021840000066114645,0.00045656192293031466,5.450732326212406e-05,0.0004591943249232462
2522,137,0.357,0.446,4.326,5.761,0.25,0.4,345,360,6,6,2,23,1,0.39251757776279206,5.069394446596252,0.32058590081814015,352.5547385436227,0.007208716270582498,0.0011518521149150925,0.000799204665926364,0.0024242124644247636,1.6617201482110374e-05,0.00022551026722050104,6.096996371675414e-05,0.00040405161673732104,0.00041911392674897534,0.00048389031840311513,6.227867162198364e-05,0.000494939952896209
2523,138,0.357,0.446,4.326,5.761,0.4,0.6,0,15,6,6,3,0,1,0.3943284280788386,5.062072863003024,0.4910628923079823,7.429886699015009,0.005376826943365395,0.000784096460176631,0.0008050876018603583,0.001887403317091069,1.2932081714508104e-05,8.016644503745138e-05,0.0002737932032241332,0.0005854380613956189,0.00042833713233684064,0.00019987493929658745,1.5054876621723088e-05,0.00020099504526457668
2524,138,0.357,0.446,4.326,5.761,0.4,0.6,15,30,6,6,3,1,1,0.3943284280788386,5.062072863003024,0.4910628923079823,22.32791265886585,0.004009618390051835,0.0006528090042045225,0.0010347948411441536,0.0016405332666541669,1.0424622460340628e-05,7.656318262714895e-05,0.000462852299383322,0.0008420484504301294,0.0003442454217647053,0.00016056381891438527,8.990092716528662e-06,0.00015181243443455108
2525,138,0.357,0.446,4.326,5.761,0.4,0.6,30,45,6,6,3,2,1,0.3943284280788386,5.062072863003024,0.4910628923079823,37.280368306218485,0.003876030951780605,0.0008085595509237159,0.0005146648216309234,0.001333883387319682,1.5245328701881496e-05,0.00010497141242121919,9.443397872593195e-05,0.000356981968331573,0.00030403511588536795,0.00015857724115535962,2.763462217936745e-06,0.00015759824684346267
2526,138,0.357,0.446,4.326,5.761,0.4,0.6,45,60,6,6,3,3,1,0.3943284280788386,5.062072863003024,0.4910628923079823,52.2687066859139,0.003075198061198889,0.0007736981716112559,0.0006367315805165156,0.0011656187846509993,2.073809012860252e-05,0.00011489995258426788,4.385407854976975e-05,0.0005971334468630412,0.00012174023140251763,0.00013435113269718668,1.4765319480278522e-06,0.0001359515378033161
2527,138,0.357,0.446,4.326,5.761,0.4,0.6,60,75,6,6,3,4,1,0.3943284280788386,5.062072863003024,0.4910628923079823,67.27435688505341,0.0026247967153219575,0.0004922247201163593,0.0007270759846217508,0.001105938432772396,2.886730741554759e-05,9.070980422864027e-05,0.0006489809081546747,0.00023134799837907694,0.00017732234112814976,0.00011493288552810766,1.2790419825504621e-06,0.0001159162164092106
2528,138,0.357,0.446,4.326,5.761,0.4,0.6,75,90,6,6,3,5,1,0.3943284280788386,5.062072863003024,0.4910628923079823,82.29904826563862,0.002917931610789031,0.0004100022523416282,0.00028834786229244523,0.0009702472202312004,2.6973569707179558e-05,6.586379427857056e-05,1.9587104248076074e-05,8.230709853342924e-05,0.00022962607406835773,0.00013621566369556638,1.1314405552385794e-05,0.00013488005714426982
2529,138,0.357,0.446,4.326,5.761,0.4,0.6,90,105,6,6,3,6,1,0.3943284280788386,5.062072863003024,0.4910628923079823,97.34154696970938,0.0013250410976087734,0.000324108765973232,0.00024271808454084546,0.00048568326954997895,3.3248775699627636e-05,5.782615998512764e-05,3.26413020524032e-05,0.00020509554030253687,8.352093897258411e-05,6.522556976343148e-05,3.37682694552104e-06,6.601015225326642e-05
2530,138,0.357,0.446,4.326,5.761,0.4,0.6,105,120,6,6,3,7,1,0.3943284280788386,5.062072863003024,0.4910628923079823,112.38345321834696,0.0015548668776926263,0.0004288026210976004,0.00021950671349724445,0.000540255399483857,3.292252349708777e-05,4.000492460761991e-05,0.0001649135813720224,5.3929191727083616e-05,9.824475264936852e-05,7.56426728167551e-05,6.906689412525604e-06,7.57761985036523e-05
2531,138,0.357,0.446,4.326,5.761,0.4,0.6,120,135,6,6,3,8,1,0.3943284280788386,5.062072863003024,0.4910628923079823,127.44355923038438,0.002005457065258987,0.0004749469427352764,0.00024362242664733097,0.0006817265102252875,2.0329473598970816e-05,6.373473302933781e-05,0.0001759590793638427,8.338804641624058e-05,8.022103459497789e-05,0.00010143881702535644,7.883854337640115e-06,0.00010259583221176741
2532,138,0.357,0.446,4.326,5.761,0.4,0.6,135,150,6,6,3,9,1,0.3943284280788386,5.062072863003024,0.4910628923079823,142.43364559596515,0.0019417602511947881,0.0004716508834512894,0.00019056108436738898,0.000645266826157921,1.4641546691111046e-05,4.096831093667399e-05,4.189636568693679e-05,9.243180586042709e-05,0.00011880267623906322,9.876332576428534e-05,9.25920124831011e-06,0.00010003863958894219
2533,138,0.357,0.446,4.326,5.761,0.4,0.6,150,180,6,6,3,10,2,0.3943284280788386,5.062072863003024,0.4910628923079823,164.8800036540501,0.0013519303995639155,0.0003384804344944459,0.0001423789939743409,0.00045222079623628863,1.7287817022955105e-05,7.522065099584723e-06,1.9091095611427654e-05,8.69352639984297e-05,8.360122261571224e-05,6.773543060633814e-05,6.821079188535789e-06,7.07456950167332e-05
2534,138,0.357,0.446,4.326,5.761,0.4,0.6,180,195,6,6,3,12,1,0.3943284280788386,5.062072863003024,0.4910628923079823,187.53607658868543,0.001666438289461973,0.0003195749292079913,0.0002016537406848974,0.0005662019439402383,1.4073358601022965e-05,2.274872241872567e-05,0.00014405197124437826,6.456057714775892e-05,8.622061911353392e-05,8.560981477538136e-05,7.026899343408903e-06,8.715293246271541e-05
2535,138,0.357,0.446,4.326,5.761,0.4,0.6,195,210,6,6,3,13,1,0.3943284280788386,5.062072863003024,0.4910628923079823,202.53072865758543,0.0015275499735638326,0.00041873516152434104,0.00026665429868116645,0.0005534525552428409,1.5409986107200027e-05,1.5276315154257316e-05,9.491022022791462e-05,0.0002222478837501867,7.607332306544407e-05,7.854140242824709e-05,6.314145926526043e-06,8.027738978854045e-05
2536,138,0.357,0.446,4.326,5.761,0.4,0.6,210,240,6,6,3,14,2,0.3943284280788386,5.062072863003024,0.4910628923079823,225.28281159613715,0.0016342227391832305,0.0003529443450419247,0.0002162258915519766,0.0005620994828927811,2.2856344383686952e-05,3.589690331275547e-05,0.0001196902031155058,0.00014053785819515439,6.02722769623939e-05,8.47841275687776e-05,7.713536410916142e-06,8.504854115898906e-05
2537,138,0.357,0.446,4.326,5.761,0.4,0.6,240,255,6,6,3,16,1,0.3943284280788386,5.062072863003024,0.4910628923079823,247.6130197258774,0.002083237551719287,0.0004988997581157846,0.00037652791505767626,0.0007610706756862167,2.7326704911813507e-05,7.945590842017267e-05,0.00032570061291182633,3.6581813757180354e-05,0.0001299821476587185,0.00010029348141233046,8.46471545265776e-06,0.00010197452414496088
2538,138,0.357,0.446,4.326,5.761,0.4,0.6,255,270,6,6,3,17,1,0.3943284280788386,5.062072863003024,0.4910628923079823,262.65102113664005,0.0016679397772491646,0.0006366395334837133,0.0003489005521204765,0.0006341582281415286,3.2011457645736745e-05,4.0415907970189715e-05,0.0002443502615379676,0.00018968416901729243,0.00013284309055946021,7.516335662299304e-05,8.013031328446216e-06,7.57561564063992e-05
2541,138,0.357,0.446,4.326,5.761,0.4,0.6,300,330,6,6,3,20,2,0.3943284280788386,5.062072863003024,0.4910628923079823,315.94955560589256,0.002428885737539288,0.0009202792858307138,0.0008774865321508019,0.0011681800884189607,2.654960419611145e-05,7.68572155316126e-05,0.0003041058622394207,0.0007974326016033885,0.00015729143419133563,0.00010182542599636291,1.7211847337360705e-06,0.00010124710477589006
2542,138,0.357,0.446,4.326,5.761,0.4,0.6,330,345,6,6,3,22,1,0.3943284280788386,5.062072863003024,0.4910628923079823,337.68949554280607,0.0050455185247271625,0.0012343976697873702,0.0012997543955482775,0.0020628685832731466,2.2834541851699135e-05,0.00011397102345517268,0.0011285170032622656,0.0005044972358088174,0.00033178448415518394,0.00019767758332063333,9.490321277017296e-06,0.000194169118917426
2543,138,0.357,0.446,4.326,5.761,0.4,0.6,345,360,6,6,3,23,1,0.3943284280788386,5.062072863003024,0.4910628923079823,352.55080647907346,0.00578555972645062,0.0008401533062766159,0.001864368722712362,0.002617228410601019,1.3147827860440557e-05,0.00020454168159685402,0.00047307812347285383,0.0017675546850184397,0.0002073318559073695,0.0002029447096642694,2.1428651620541233e-05,0.00020693379479191337
2544,139,0.357,0.446,4.326,5.761,0.6,0.8,0,15,6,6,4,0,1,0.3946232994832186,5.054448944113468,0.6932123931949724,7.3869447525395735,0.005148203290505593,0.0006373862948828659,0.0005288675435006223,0.0017179279639102766,9.497301685496377e-06,0.0001949542847818953,0.00020158390570130963,0.00028525999105293964,0.00032162976460499995,0.00013200404262106845,3.349793891114625e-05,0.0001270766212214959
2545,139,0.357,0.446,4.326,5.761,0.6,0.8,15,30,6,6,4,1,1,0.3946232994832186,5.054448944113468,0.6932123931949724,22.22681719546577,0.0032272350770776747,0.0005041558726816442,0.0005741576561360636,0.0011745139198273723,1.4890523788510798e-05,0.00014567749836970874,0.00026450626579009,0.00033381078747987355,0.0003452025640215349,8.147347985658021e-05,2.1207753501877794e-05,8.749477802996473e-05
2546,139,0.357,0.446,4.326,5.761,0.6,0.8,30,60,6,6,4,2,2,0.3946232994832186,5.054448944113468,0.6932123931949724,43.700857869140876,0.0014868124376770655,0.0003260542344768036,0.0002172761834490417,0.0004911530306105767,1.304036749971095e-05,3.3629683980080635e-05,4.655080458031731e-05,0.0001420932456294247,0.0001671336514582837,4.453120339168744e-05,1.1380645987748072e-05,5.1240102033721665e-05
2547,139,0.357,0.446,4.326,5.761,0.6,0.8,60,90,6,6,4,4,2,0.3946232994832186,5.054448944113468,0.6932123931949724,74.07331783069596,0.0006264001497475444,0.00023782027645448089,0.00012622944864588254,0.0002355527245341031,2.812018469930034e-05,3.080113134088512e-05,6.009368113816814e-05,7.904501041012132e-05,6.217200134207467e-05,2.1331806714153547e-05,4.511461884477196e-06,2.1672500817656567e-05
2548,139,0.357,0.446,4.326,5.761,0.6,0.8,90,105,6,6,4,6,1,0.3946232994832186,5.054448944113468,0.6932123931949724,97.34562896901241,0.0012186040302490364,0.0002581582767610336,0.00015499246405834328,0.000416783767977079,2.211937874085069e-05,4.9260134738721834e-05,0.00012349922444426266,4.511246810872792e-05,4.305187629499831e-05,4.604540672416713e-05,5.8440969099514156e-06,4.434161538333268e-05
2549,139,0.357,0.446,4.326,5.761,0.6,0.8,105,120,6,6,4,7,1,0.3946232994832186,5.054448944113468,0.6932123931949724,112.39232180210335,0.0008997666027544245,0.0002731816520100023,0.00010510346098182418,0.0003043871901670467,2.314923296141321e-05,2.8409661494277894e-05,7.804456048053645e-06,7.580382315888602e-05,5.2329785893139486e-05,3.631328890281335e-05,3.85720802287786e-06,3.4032426097842606e-05
2550,139,0.357,0.446,4.326,5.761,0.6,0.8,120,135,6,6,4,8,1,0.3946232994832186,5.054448944113468,0.6932123931949724,127.40844179724792,0.001169646271994442,0.00029917243777765175,8.92292151192777e-05,0.0003819190251827614,1.6069874132131796e-05,1.4049376930290518e-05,2.8159213073995042e-05,4.372414684559936e-06,6.75249940117856e-05,4.708252912594793e-05,3.3855272238573534e-06,4.620111337011598e-05
2551,139,0.357,0.446,4.326,5.761,0.6,0.8,135,150,6,6,4,9,1,0.3946232994832186,5.054448944113468,0.6932123931949724,142.43870982324222,0.0007717615553703485,0.00021403981435090067,9.269568647172975e-05,0.0002619732035142793,1.4548451048735376e-05,6.438386730095206e-06,2.3063572637724357e-06,8.21741888095626e-05,2.481299100768878e-05,3.1648166694420765e-05,1.7018465356964723e-06,3.107698385905662e-05
2552,139,0.357,0.446,4.326,5.761,0.6,0.8,150,165,6,6,4,10,1,0.3946232994832186,5.054448944113468,0.6932123931949724,157.49422228348246,0.0007934573630868796,0.00024121658557134252,7.10140021997472e-05,0.0002617316534542754,1.170882536232747e-05,5.1554373031459575e-06,8.759416574675082e-06,5.6799972176105646e-05,2.3062343419819976e-05,3.339301600932876e-05,1.5252430782055213e-06,3.231837683617119e-05
2553,139,0.357,0.446,4.326,5.761,0.6,0.8,165,195,6,6,4,11,2,0.3946232994832186,5.054448944113468,0.6932123931949724,179.9542736968088,0.0005534426361323534,0.00014984211795893924,6.669546333286602e-05,0.00018794383068240308,1.2889169975495648e-05,8.086863388635392e-06,5.142169319478874e-05,1.7785933926868305e-05,2.6951191939546224e-05,2.320992812816006e-05,1.0553848112767644e-06,2.3018689003282463e-05
2554,139,0.357,0.446,4.326,5.761,0.6,0.8,195,210,6,6,4,13,1,0.3946232994832186,5.054448944113468,0.6932123931949724,202.50629727208653,0.0004447889993039522,0.00016155434686682834,5.5148326551095085e-05,0.00015160187776646196,1.3773671598881132e-05,3.399036645207739e-06,1.2922495842974546e-05,4.81445842396851e-05,6.164295946108328e-06,1.796963990491243e-05,9.294056353632003e-07,1.780954819814057e-05
2556,139,0.357,0.446,4.326,5.761,0.6,0.8,240,255,6,6,4,16,1,0.3946232994832186,5.054448944113468,0.6932123931949724,247.60595630472142,0.0007700255901980198,0.0002701052409652488,0.00025039936253542133,0.0003499536005161002,2.065936836140476e-05,3.5830616534213515e-05,0.00019819751743745858,0.00013402210036149705,5.4279263034791864e-05,2.8926273718274707e-05,2.452439186669723e-06,2.826270469279809e-05
2557,139,0.357,0.446,4.326,5.761,0.6,0.8,255,270,6,6,4,17,1,0.3946232994832186,5.054448944113468,0.6932123931949724,262.6378991945519,0.0013022603535157958,0.0004517133555260648,0.00022416725439084863,0.00047031278915124356,2.5707311347334575e-05,6.786040972603754e-05,6.164466896063254e-05,0.00014116003951323552,0.00013728768781261306,5.138862498677219e-05,6.9982443877347515e-06,4.910117803738781e-05
2561,139,0.357,0.446,4.326,5.761,0.6,0.8,330,345,6,6,4,22,1,0.3946232994832186,5.054448944113468,0.6932123931949724,337.7867221930305,0.004239439453283095,0.000800568990833691,0.0010473459211151218,0.0017054553444027694,9.804616095096961e-06,0.0001472906157694806,0.00036611870130991316,0.0009081371229706203,0.00030954094274027085,0.0001006374702584986,2.8314737722687257e-05,0.00014342694895733298
2562,139,0.357,0.446,4.326,5.761,0.6,0.8,345,360,6,6,4,23,1,0.3946232994832186,5.054448944113468,0.6932123931949724,352.5828739304619,0.005426836384180676,0.000653103597161944,0.0012339157866410543,0.0021192294805026496,1.032081414734403e-05,6.79496350384776e-05,0.0004260328499638296,0.0010361540983285175,0.0004886307180955828,0.00010460688277291222,3.3145041113432356e-05,0.00015474240859439565
2563,140,0.446,0.581,2.51,3.295,0.4,0.6,0,30,7,4,3,0,2,0.4796120413661102,2.919617913235086,0.49575588197361875,14.915581841609855,0.0044366114937744875,0.0012468546428810459,0.0013289327370130794,0.0019365280574741032,0.00014804700820500224,0.0007487816273970039,7.042541266272677e-06,0.0008337015618635707,0.0005448081180979149,0.0004309084036058918,1.9885102440731706e-05,0.00043766037078159215
2565,140,0.446,0.581,2.51,3.295,0.4,0.6,60,90,7,4,3,4,2,0.4796120413661102,2.919617913235086,0.49575588197361875,74.8977830932616,0.007053183621047629,0.0026281666483283857,0.0014246310099615578,0.0026540648283902464,0.0003050590214621449,0.0002598005946946513,0.0001230939703735239,0.0008765889523082577,0.000735307756972742,0.0007367140000499095,1.1887667393300241e-05,0.0007380910137980681
2566,140,0.446,0.581,2.51,3.295,0.4,0.6,90,105,7,4,3,6,1,0.4796120413661102,2.919617913235086,0.49575588197361875,97.477266886114,0.008853634067922892,0.002648003471337479,0.0023389382782716475,0.003656766962900217,0.00033304028268482997,4.572728171362818e-05,0.0017715991069200692,0.0009047155456969856,0.0006918160377308511,0.0009596796842932806,2.0638944472760835e-05,0.0009601783225282872
2567,140,0.446,0.581,2.51,3.295,0.4,0.6,105,120,7,4,3,7,1,0.4796120413661102,2.919617913235086,0.49575588197361875,112.49525663428764,0.0056295908725421465,0.0019080908787180181,0.0012417530193205456,0.002176350406498055,0.000302484425882777,0.00022328128859242584,0.0007392973275512751,0.0004907011345812857,0.00047408939423171413,0.0006213293192657866,1.4234283016625627e-05,0.0006232899032775611
2578,140,0.446,0.581,2.51,3.295,0.4,0.6,345,360,7,4,3,23,1,0.4796120413661102,2.919617913235086,0.49575588197361875,352.51299266822343,0.00450875497908351,0.0014704839971288457,0.001769133796355666,0.0022757336605983506,0.00011355583626264223,0.00040175340326678284,0.0013315902950292921,0.0008835096176251368,0.0004513711584905111,0.00043709853311965917,5.114514096706757e-06,0.0004450570564014031
2579,141,0.446,0.581,2.51,3.295,0.6,0.8,0,30,7,4,4,0,2,0.48024515221701886,2.9203929413594616,0.6960002704438896,14.835233693188998,0.003310289241973883,0.00103578450026672,0.0010774345553917065,0.001505131832379489,0.00012304031204260856,0.0003260194241604601,0.0007854215197918126,0.0004929044148531963,0.00035210186168284287,0.00024195830673352044,1.3858547220418701e-05,0.00023583933281004724
2582,141,0.446,0.581,2.51,3.295,0.6,0.8,105,120,7,4,4,7,1,0.48024515221701886,2.9203929413594616,0.6960002704438896,112.48607611366562,0.004009597929346844,0.001377366535692222,0.0007230842737112131,0.0014640298370091095,0.00037332742294757503,0.00015224056717129077,0.000317080207809044,0.00027700718472713643,0.00025818595128797,0.00034027158943797224,1.270283360978314e-05,0.00034112679146323927
2583,141,0.446,0.581,2.51,3.295,0.6,0.8,120,135,7,4,4,8,1,0.48024515221701886,2.9203929413594616,0.6960002704438896,127.50505499221704,0.005933107835321742,0.001506256615458785,0.000778447348177867,0.002038205654365521,0.0004152060489150452,0.00031928758889610427,0.0001387050540161861,0.00017931186188432826,0.00011114124388794524,0.0005218240523823986,1.7191713146622795e-05,0.000517586161417986
2588,141,0.446,0.581,2.51,3.295,0.6,0.8,225,255,7,4,4,15,2,0.48024515221701886,2.9203929413594616,0.6960002704438896,240.020838893599,0.005518649447574695,0.002037674573073305,0.0012362035113119287,0.0021443137172823586,0.0003603007354702369,0.00010359385963968838,0.0008405521582600567,0.0005508505946188762,0.00039046664974221013,0.0004678988628186837,2.2058132516937752e-05,0.0004745759167256448
2593,141,0.446,0.581,2.51,3.295,0.6,0.8,345,360,7,4,4,23,1,0.48024515221701886,2.9203929413594616,0.6960002704438896,352.52748452818633,0.0044500459301832045,0.0014085439410465748,0.00102115318314957,0.0017432345314268697,0.0001299668351605108,0.0003473010066547978,0.00042188515391354715,0.00035069573054670396,0.0007158566497549406,0.0003382847786189181,9.470904593778021e-06,0.0003030167230974438
2594,142,0.446,0.581,3.295,4.326,0.4,0.6,0,30,7,5,3,0,2,0.4961324025485293,3.7651301054861537,0.5032728802306538,14.888775174490872,0.0018956475520097514,0.0003571645486346209,0.0003852271215413139,0.0007145760853430405,4.1996760690487084e-05,3.4313803083972866e-05,0.00030569697182546824,4.260725016277004e-05,8.049650461314154e-05,0.00020385985472741274,5.771652825946698e-06,0.00020907670022218887
2595,142,0.446,0.581,3.295,4.326,0.4,0.6,30,60,7,5,3,2,2,0.4961324025485293,3.7651301054861537,0.5032728802306538,44.81549268603865,0.001612285853723931,0.0003887295171994119,0.0004585513742732028,0.0006872356403369398,6.787674210251758e-05,4.596916960769934e-05,0.0003781016366184684,9.264113362336127e-05,0.0001391623990039449,0.0001807660988973122,3.934144910997952e-06,0.00018066417914420905
2596,142,0.446,0.581,3.295,4.326,0.4,0.6,60,105,7,5,3,4,3,0.4961324025485293,3.7651301054861537,0.5032728802306538,82.17326951956036,0.0020813261774686085,0.0004478983305090084,0.00033474376682284494,0.0007407471418626956,8.218522998443324e-05,2.6407596876357187e-06,3.51351821454492e-05,0.0001668734085788004,0.0001294390127875764,0.0002449717091970022,4.407503695727256e-06,0.0002438366876433931
2597,142,0.446,0.581,3.295,4.326,0.4,0.6,105,120,7,5,3,7,1,0.4961324025485293,3.7651301054861537,0.5032728802306538,112.48529318959562,0.002103638230685087,0.0006110709506858608,0.00035063060826705207,0.0007543254476720055,7.013109325328515e-05,6.370460943554295e-05,0.00014082298813472593,5.175927481128166e-05,0.00015849950693431732,0.00025490891650478616,7.975981973080377e-06,0.00025755183116196674
2604,142,0.446,0.581,3.295,4.326,0.4,0.6,255,285,7,5,3,17,2,0.4961324025485293,3.7651301054861537,0.5032728802306538,270.15969948713723,0.002008557038977887,0.0005518929894253061,0.0003704255905065123,0.0007374744346467218,0.0001010759491759253,4.210655312614599e-05,0.00023056559466705967,4.1688661586540744e-05,0.00011776517671797398,0.00023646279430318776,5.098551438935785e-06,0.00023761046691518362
2605,142,0.446,0.581,3.295,4.326,0.4,0.6,285,300,7,5,3,19,1,0.4961324025485293,3.7651301054861537,0.5032728802306538,292.53340508923964,0.0031903808192739872,0.0009563836039495942,0.001102971160614609,0.001497508163009004,8.999339782454774e-05,0.00012027118150690712,0.0009836928003078083,0.00017206107819806902,0.0002496735366555115,0.0003665094226943537,6.310829303748546e-06,0.00036658968545267635
2607,142,0.446,0.581,3.295,4.326,0.4,0.6,345,360,7,5,3,23,1,0.4961324025485293,3.7651301054861537,0.5032728802306538,352.51863055096754,0.0012275649249576589,0.0004546552670547615,0.0003398881142423187,0.0005171261694158443,4.246802726214324e-05,4.2403050483451784e-05,0.0002483245012849711,0.0001526570512960162,9.507335821396208e-05,0.0001333955085517548,3.438253187543181e-07,0.00013384394451171385
2608,143,0.446,0.581,3.295,4.326,0.6,0.8,0,15,7,5,4,0,1,0.5059379063918401,3.776634997118096,0.6955842914837291,7.472793657086941,0.0017814268622667194,0.00044006770052360086,0.00033477360907563673,0.000657234396954725,3.714848108645539e-05,0.00011657262960365308,0.00013458865871713777,0.000189452276667263,0.00016216323026870796,0.00013071581246557162,3.512841183286366e-05,0.00012961865711739437
2609,143,0.446,0.581,3.295,4.326,0.6,0.8,15,30,7,5,4,1,1,0.5059379063918401,3.776634997118096,0.6955842914837291,22.488767164697247,0.0011375401136818346,0.00044838142194511473,0.00020195969467183807,0.00041378899754128656,4.551676113358592e-05,3.182440318590806e-05,2.921102533533375e-06,9.475771337423833e-05,0.00014654943336377883,8.42326505258541e-05,1.9353593179329738e-05,8.508147028901504e-05
2613,143,0.446,0.581,3.295,4.326,0.6,0.8,90,105,7,5,4,6,1,0.5059379063918401,3.776634997118096,0.6955842914837291,97.46721295888305,0.001794518978605647,0.0004955972086124315,0.0004489328969911036,0.0007253575009902051,7.637763647739839e-05,6.755904662763252e-05,0.0003215106665856585,0.00018458090050300503,0.00016967839425256797,0.00015889856880571052,9.336175992549522e-06,0.00015783853404898303
2614,143,0.446,0.581,3.295,4.326,0.6,0.8,105,120,7,5,4,7,1,0.5059379063918401,3.776634997118096,0.6955842914837291,112.46087130007903,0.0011326535563389122,0.00037437047205661565,0.0002394090021080961,0.0004320093517863492,7.582178864080577e-05,3.246670144177191e-05,0.00013349950852217554,8.083681355462919e-05,0.00012573113340920723,0.0001017339543132883,6.840468402901736e-06,0.00010172813202601338
2615,143,0.446,0.581,3.295,4.326,0.6,0.8,120,135,7,5,4,8,1,0.5059379063918401,3.776634997118096,0.6955842914837291,127.49861919823226,0.0020109354417950807,0.0004565438205287004,0.0003274510602819574,0.0007024096146299812,7.570516469959986e-05,2.951376138165333e-05,0.00019846073286785345,0.00015699968587150424,9.459476669682465e-05,0.00018255470062776953,1.4280924627149582e-05,0.00018329623133815678
2624,143,0.446,0.581,3.295,4.326,0.6,0.8,330,345,7,5,4,22,1,0.5059379063918401,3.776634997118096,0.6955842914837291,337.5630631325025,0.002353810254625801,0.0006010101978834214,0.0006366014551861238,0.0009816976702425636,4.2108392365355e-05,0.00014356821695637748,0.00044310244993769475,0.00028625942827817657,0.0002725586133905839,0.00017728159364551922,1.7594880185860918e-05,0.000174080510009388
2625,143,0.446,0.581,3.295,4.326,0.6,0.8,345,360,7,5,4,23,1,0.5059379063918401,3.776634997118096,0.6955842914837291,352.5542422350388,0.002556622048525022,0.00047273934262282834,0.0006347186045801239,0.0010303987856815355,2.8690873027969044e-05,6.304960480404357e-05,0.00016061962811280707,0.0005556241345195159,0.00016934214294677348,0.00018321524151781307,2.2961095193832088e-05,0.00018675032253151122
2630,144,0.446,0.581,3.295,4.326,0.8,1.0,90,105,7,5,5,6,1,0.5064288392554906,3.773598871496828,0.896197754970839,97.48101518492076,0.0013918415498239255,0.00048424224495876916,0.0004191445757844917,0.0006090584933907862,8.965637594514747e-05,9.154857288124751e-05,0.00036940788079776554,9.287292871944013e-05,5.760611895933143e-05,0.00010360192893012587,1.3859473210669804e-06,0.00010419568244112527
2631,144,0.446,0.581,3.295,4.326,0.8,1.0,105,120,7,5,5,7,1,0.5064288392554906,3.773598871496828,0.896197754970839,112.50159151385427,0.0012164003234660763,0.00036701439589611996,0.0003022434041618682,0.0004904041494839693,9.517208353434339e-05,6.13789463318461e-05,0.00014938568839604048,0.00019294628963825727,0.00010174722780172905,9.211531391191359e-05,2.813003339860286e-06,9.289306687914135e-05
2633,144,0.446,0.581,3.295,4.326,0.8,1.0,135,150,7,5,5,9,1,0.5064288392554906,3.773598871496828,0.896197754970839,142.48347351217248,0.001924461588087449,0.0005241826428825999,0.00023451742259051348,0.0005982472452606469,0.00010877253865153666,9.301221789930083e-05,4.872768595223097e-05,0.00011388070662002633,9.463844849566708e-05,0.00015054772401431097,6.884677350701113e-06,0.00015166101840127194
2643,145,0.446,0.581,4.326,5.761,0.4,0.6,0,15,7,6,3,0,1,0.4923705574012144,4.998312381879096,0.503149656683549,7.465770388195978,0.0013272544912120968,0.00024669424437950366,0.00017589779228344347,0.00045662670849326456,1.0975620439201816e-05,3.0057558731651397e-05,2.6000046064554052e-05,7.784555578467529e-05,6.796520411666807e-05,0.00013773322902058954,1.263062436653038e-05,0.0001362384319047054
2644,145,0.446,0.581,4.326,5.761,0.4,0.6,15,30,7,6,3,1,1,0.4923705574012144,4.998312381879096,0.503149656683549,22.43085423619255,0.0016590814786868078,0.0002719087143684458,0.00024250592769654183,0.0005798822865156037,1.589958017966437e-05,2.968076938584748e-05,8.804479938169445e-05,4.332917071008563e-05,0.00013696434320756943,0.0001730147768628068,1.7521343399757598e-05,0.00017113399780250416
2645,145,0.446,0.581,4.326,5.761,0.4,0.6,30,45,7,6,3,2,1,0.4923705574012144,4.998312381879096,0.503149656683549,37.42670155795673,0.0014175073669828468,0.0002920157901116527,0.00031908325680665825,0.0005516812761194811,2.2786755464785024e-05,1.561648768860774e-05,0.00017132486694249678,0.00014100037732469903,0.00017414039960397262,0.00014560462953487326,1.443550195265149e-05,0.0001466042927379702
2646,145,0.446,0.581,4.326,5.761,0.4,0.6,45,60,7,6,3,3,1,0.4923705574012144,4.998312381879096,0.503149656683549,52.37447896568138,0.0012499350007854672,0.00033019990339173315,0.00023795625274639838,0.00046271501989592247,2.031166427662874e-05,1.80371978436387e-05,0.00010634434920894403,7.670612901982653e-05,0.0001457408317300363,0.0001327731063452594,9.737432464025835e-06,0.00013210576496931517
2647,145,0.446,0.581,4.326,5.761,0.4,0.6,60,75,7,6,3,4,1,0.4923705574012144,4.998312381879096,0.503149656683549,67.42539448679518,0.0012792833668437123,0.00040123164568659506,0.0002789018973475978,0.0004926970962930714,2.2924488729376728e-05,2.9755146775903418e-05,0.00020816723156528386,5.90206443280437e-05,0.00010249451692348329,0.00014003478170680173,1.0624420779658152e-05,0.00013803336063104792
2648,145,0.446,0.581,4.326,5.761,0.4,0.6,75,90,7,6,3,5,1,0.4923705574012144,4.998312381879096,0.503149656683549,82.42151300932255,0.0017037194786468138,0.00041948550409836823,0.0003995236812687705,0.0006724613865466774,2.4101649181275927e-05,3.381208194210931e-05,0.00029009103013498443,0.000134615291814343,0.00014483727661247884,0.00018787685772370637,3.518828505954586e-06,0.00018612658666745078
2649,145,0.446,0.581,4.326,5.761,0.4,0.6,90,105,7,6,3,6,1,0.4923705574012144,4.998312381879096,0.503149656683549,97.44176296370648,0.001686859756070249,0.00036924064445161074,0.00039396340184427725,0.0006648535263246042,1.86770580398008e-05,1.2352763643464654e-05,0.00028967358516443015,5.933485609235795e-05,0.00017790198692836914,0.00018756425415629227,2.426982832151257e-06,0.0001887464189951303
2650,145,0.446,0.581,4.326,5.761,0.4,0.6,105,120,7,6,3,7,1,0.4923705574012144,4.998312381879096,0.503149656683549,112.44291576186046,0.0008506333321923309,0.000293248411635996,0.0001785928495307685,0.00032377651066047713,2.0595806757944387e-05,2.6301684926775267e-05,8.585063945211935e-05,5.0396963390303835e-05,0.00010811235047295349,9.584381988942718e-05,3.0016610745580554e-06,9.581739653859125e-05
2651,145,0.446,0.581,4.326,5.761,0.4,0.6,120,150,7,6,3,8,2,0.4923705574012144,4.998312381879096,0.503149656683549,134.85831378944977,0.0015149062313809644,0.00033847284132225083,0.00043781932483406876,0.0006264906877861437,2.025099903090616e-05,2.2499307757469305e-05,0.0003528876722297519,0.00019311140924636308,0.0001670571453188596,0.00017267755157360302,6.524921701184185e-06,0.0001737134432270269
2653,145,0.446,0.581,4.326,5.761,0.4,0.6,195,240,7,6,3,13,3,0.4923705574012144,4.998312381879096,0.503149656683549,217.7241503523725,0.0007724189114507996,0.00027241385938540425,0.00015922953680806186,0.0002715842450645019,1.857353110059485e-05,9.772871295998625e-07,9.870883861101492e-05,9.211184142770399e-05,7.082688400877368e-05,8.771102934114792e-05,2.328729591099802e-06,8.894313721147258e-05
2654,145,0.446,0.581,4.326,5.761,0.4,0.6,240,270,7,6,3,16,2,0.4923705574012144,4.998312381879096,0.503149656683549,255.2060141601783,0.001198661242422803,0.0003660184405628512,0.00019133816004175677,0.00042595436378050483,1.88646305049947e-05,9.315672026181204e-06,9.364052676147062e-05,7.45987741250316e-05,6.0810780651579243e-05,0.00013414705593532404,3.7244177105859134e-06,0.000134670557517959
2655,145,0.446,0.581,4.326,5.761,0.4,0.6,270,300,7,6,3,18,2,0.4923705574012144,4.998312381879096,0.503149656683549,285.3005265516678,0.00097008635784139,0.00028516258936912815,0.00018377699871376167,0.00035865390581590407,2.291093145344324e-05,2.1292772446052878e-06,9.498999020600118e-06,0.000129536827044474,7.287376118459557e-05,0.0001038374961480796,4.17907151708577e-06,0.0001051852415610498
2656,145,0.446,0.581,4.326,5.761,0.4,0.6,300,330,7,6,3,20,2,0.4923705574012144,4.998312381879096,0.503149656683549,315.31966374971273,0.002316964690181774,0.0004767450177205393,0.000559429106829052,0.0009241658909783275,1.7552117529469742e-05,5.9798891882890654e-05,0.0004300924126869208,0.0001574609130067172,0.00019482909624801088,0.00024626425214711525,1.961156042209087e-05,0.000247679514588467
2657,145,0.446,0.581,4.326,5.761,0.4,0.6,330,360,7,6,3,22,2,0.4923705574012144,4.998312381879096,0.503149656683549,345.14088854708825,0.0012844332236133283,0.00027231296408456796,0.0002634205587851368,0.0004854743835526409,1.461732892713838e-05,4.162195984034208e-05,0.00011234287291196229,0.00016029376661639216,0.00010756951934173448,0.00013387572482393163,1.458003415866399e-05,0.00013250706676688225
2658,146,0.446,0.581,4.326,5.761,0.6,0.8,0,15,7,6,4,0,1,0.5074665536337396,4.989978899921956,0.6944282659387446,7.462913940652782,0.0006429532309978937,0.00020016141789309122,0.0001481679977210039,0.00025223585504244246,1.2671761073662994e-05,3.099058403756171e-05,7.891081464645301e-05,9.637233536438835e-05,5.7856151146497726e-05,4.4598130603778845e-05,1.0443475831287575e-06,4.439468215580395e-05
2659,146,0.446,0.581,4.326,5.761,0.6,0.8,15,30,7,6,4,1,1,0.5074665536337396,4.989978899921956,0.6944282659387446,22.399618644584873,0.0007846738424561946,0.00019737804484608538,0.00019187095160595603,0.00031444825046495297,1.4599536960927723e-05,3.252601708447196e-05,3.115919691242001e-05,0.00017212721001842136,4.003083332418863e-05,5.844493999779256e-05,8.945615660580268e-07,5.781205934526636e-05
2660,146,0.446,0.581,4.326,5.761,0.6,0.8,30,45,7,6,4,2,1,0.5074665536337396,4.989978899921956,0.6944282659387446,37.392080346254545,0.0008021265039378221,0.00020241263269428435,0.00015887752804204304,0.00030016133092425633,1.960417558393243e-05,3.6463291351110934e-05,0.00011047969473188145,7.735608953061676e-05,4.328926892832134e-05,5.958255606310885e-05,1.1598759456951987e-06,5.885987818880936e-05
2661,146,0.446,0.581,4.326,5.761,0.6,0.8,45,60,7,6,4,3,1,0.5074665536337396,4.989978899921956,0.6944282659387446,52.4072023365465,0.0005704801517841353,0.00018396952994714473,0.00010614025273726917,0.00020992983704306643,1.8479562819084466e-05,3.196990725166988e-05,1.859714683297063e-05,7.656246832189498e-05,4.28370332547837e-05,4.2518111461749344e-05,4.6631983450892957e-07,4.3122003612156335e-05
2662,146,0.446,0.581,4.326,5.761,0.6,0.8,60,75,7,6,4,4,1,0.5074665536337396,4.989978899921956,0.6944282659387446,67.39476260585172,0.00082558991534873,0.00023785422195869837,0.00012926988939088876,0.0002922587074077961,2.176772370748296e-05,2.6536088531668485e-05,5.6096081312576206e-05,6.903138769205097e-05,5.842740139047679e-05,6.529701903362827e-05,6.061781721146378e-07,6.486017618389163e-05
2663,146,0.446,0.581,4.326,5.761,0.6,0.8,75,90,7,6,4,5,1,0.5074665536337396,4.989978899921956,0.6944282659387446,82.44204439583362,0.0007899480873334356,0.00021914647852113022,0.0001927322226862397,0.00031630061551596593,2.1456172612102393e-05,5.96503680442773e-06,0.00016566684714754425,5.279034115257401e-05,4.8356492439732664e-05,6.406131743069038e-05,3.2307160969227782e-06,6.386772213295949e-05
2664,146,0.446,0.581,4.326,5.761,0.6,0.8,90,105,7,6,4,6,1,0.5074665536337396,4.989978899921956,0.6944282659387446,97.43877566014041,0.0006675752204824778,0.0001807017976221019,0.00015904435084916564,0.00026498460210148424,2.0002365485718742e-05,1.745238311110681e-05,0.00013555383540797783,4.1076932445972293e-05,3.8796006188803673e-05,5.4162551813841055e-05,4.909316578563073e-06,5.498307436444024e-05
2669,146,0.446,0.581,4.326,5.761,0.6,0.8,195,225,7,6,4,13,2,0.5074665536337396,4.989978899921956,0.6944282659387446,210.07389504788534,0.000772190017938035,0.00023976779313253865,0.00016725331622462653,0.00025987943482811755,2.4109841467607533e-05,8.085226417382765e-06,0.0001618559450539132,6.932996117818396e-05,7.935422388114077e-05,6.704647436559811e-05,7.870013761996059e-06,6.744772214050952e-05
2671,146,0.446,0.581,4.326,5.761,0.6,0.8,240,255,7,6,4,16,1,0.5074665536337396,4.989978899921956,0.6944282659387446,247.54314722464412,0.0008901855928312067,0.00028397377452997415,0.00015361603416278008,0.00032167383018948115,1.8723737453086803e-05,3.0515733754991376e-05,2.750048296341343e-05,0.00011576490742994246,5.113801605939034e-05,7.439524648152831e-05,8.71263751277561e-06,7.445274044055171e-05
2673,146,0.446,0.581,4.326,5.761,0.6,0.8,285,300,7,6,4,19,1,0.5074665536337396,4.989978899921956,0.6944282659387446,292.58304141705236,0.001304129583759751,0.00036931633998770304,0.00019761263286937307,0.0004587864439951374,3.199059811681384e-05,4.219342649347418e-05,1.5398253957236155e-05,0.00012630529814414856,9.84576275535803e-05,9.99458146986686e-05,2.791993686226068e-06,0.00010179896892768904
2674,146,0.446,0.581,4.326,5.761,0.6,0.8,300,315,7,6,4,20,1,0.5074665536337396,4.989978899921956,0.6944282659387446,307.5839073152087,0.0009232007698922484,0.00035424954388163515,0.0001931307624291492,0.0003510134177065042,2.9063002920614233e-05,6.017778686065431e-05,3.734518021431229e-05,0.00015470987691065097,5.208341851009014e-05,6.768989323429891e-05,9.953325463532531e-07,6.921687831453445e-05
2675,146,0.446,0.581,4.326,5.761,0.6,0.8,315,345,7,6,4,21,2,0.5074665536337396,4.989978899921956,0.6944282659387446,330.3534257912432,0.0008965544652613013,0.00028081485543029864,0.00027200827497028435,0.0003937152684027445,1.6459520578869152e-05,5.213987643227091e-05,0.0002291301484016637,0.0001042547881937137,5.872554845474422e-05,6.428475006382114e-05,1.5246728465293744e-06,6.465789442176463e-05
2676,146,0.446,0.581,4.326,5.761,0.6,0.8,345,360,7,6,4,23,1,0.5074665536337396,4.989978899921956,0.6944282659387446,352.516183987446,0.0008632083250857491,0.0002730958828449807,0.00019563255410714778,0.00033671990271403257,9.949416351558123e-06,3.330276598530963e-05,0.0001377980571573889,9.858940076475183e-05,7.027991482237975e-05,5.76165167916607e-05,1.7686743285806554e-06,5.845160555136464e-05
2677,147,0.446,0.581,4.326,5.761,0.8,1.0,0,30,7,6,5,0,2,0.5085350230675951,4.98064536986087,0.8954649427789656,14.644746227174837,0.0005024751142946653,0.00013509307010612807,0.00014944260961898936,0.00021859309814124505,7.0865139546053036e-06,7.995838554538771e-05,5.444758634840651e-05,0.0001016900502007774,4.3482010105845876e-05,2.5298576299944626e-05,3.7660292176240226e-07,2.6333254619041844e-05
2678,147,0.446,0.581,4.326,5.761,0.8,1.0,30,60,7,6,5,2,2,0.5085350230675951,4.98064536986087,0.8954649427789656,44.49566837253489,0.0003370273183498924,0.00013433935386225623,0.00011004185816320735,0.00015348845173184528,1.4487826101342418e-05,3.062035930477811e-05,9.57218973190358e-05,1.3102364684608884e-05,3.539896232746987e-05,1.9405314260210134e-05,1.8282389553410126e-06,1.934597938510326e-05
2688,147,0.446,0.581,4.326,5.761,0.8,1.0,240,255,7,6,5,16,1,0.5085350230675951,4.98064536986087,0.8954649427789656,247.52589477884933,0.0004715737922681973,0.00017742307356673114,9.375801867762988e-05,0.0001766534082369266,1.1182725457785172e-05,1.1916038541400175e-05,2.6009185742753028e-05,8.177481272340108e-05,1.3347626580033182e-05,3.1540531405834876e-05,2.5397104943569627e-06,3.1333111382403585e-05
