,Bin Name,xBmin,xBmax,xBavg,Q2min,Q2max,Q2avg,t_abs_min,t_abs_max,t_abs_avg,phimin,phimax,phiavg,tmin,tcol,P1,P2,maxP1P2,minP1P2,intP1P2,"raw yield, ep->epg, (FD, FD), exp, inbending","raw yield, ep->epg, (CD, FD), exp, inbending","raw yield, ep->epg, (CD, FT), exp, inbending","raw yield, ep->epg, (FD, FD), exp, outbending","raw yield, ep->epg, (CD, FD), exp, outbending","raw yield, ep->epg, (CD, FT), exp, outbending","raw yield, ep->eppi0, (FD, FD), exp, inbending","raw yield, ep->eppi0, (CD, FD), exp, inbending","raw yield, ep->eppi0, (CD, FT), exp, inbending","raw yield, ep->eppi0, (FD, FD), exp, outbending","raw yield, ep->eppi0, (CD, FD), exp, outbending","raw yield, ep->eppi0, (CD, FT), exp, outbending","contamination ratio, inbending","contamination ratio, outbending","signal yield, ep->epg, exp, inbending","signal yield, ep->epg, exp, outbending","signal yield, ep->epg, sim(KM15), inbending","signal yield, ep->epg, sim(KM15), outbending","signal yield, ep->epg, sim(pureBH), inbending","signal yield, ep->epg, sim(pureBH), outbending","signal yield, ep->epg, sim(VGG), inbending","signal yield, ep->epg, sim(VGG), outbending","acceptance, ep->epg, sim(KM15)","acceptance, ep->epg, sim(pureBH)","acceptance, ep->epg, sim(VGG)","acceptance corrected yield, ep->epg, exp","acceptance corrected yield, ep->epg, sim(KM15)","acceptance corrected yield, ep->epg, sim(pureBH)","acceptance corrected yield, ep->epg, sim(VGG)",Frad,Fbin,Frad*Fbin,bin_volume,bin_volume_cube,"cross sections, ep->epg, exp","cross sections, ep->epg, sim(KM15)","cross sections, ep->epg, sim(pureBH)","cross sections, ep->epg, sim(VGG)","cross sections, ep->epg, exp, stat. unc.","cross sections, ep->epg, exp, syst. unc. (up)","cross sections, ep->epg, exp, syst. unc. (down)",valid bin,cross section prefactor,BH2 prefactor,BH2 c0,BH2 c1,BH2 c2,Int prefactor,Int c0 (KM15),Int c1 (KM15),Int c2 (KM15),DVCS2 prefactor,DVCS2 c0 (KM15),DVCS2 c1 (KM15)
1,1,0,0.13,0.065,0,1.4,0.7,0,0.2,0.1,0,15,7.5,,,,,,,,,,,,,,,,,,,,,,,,,,,,,,,,,,,,,,,,,,,,,,,,,1,,,,,,,,,,,,
2,1,0,0.13,0.065,0,1.4,0.7,0,0.2,0.1,15,30,22.5,,,,,,,,,,,,,,,,,,,,,,,,,,,,,,,,,,,,,,,,,,,,,,,,,1,,,,,,,,,,,,
3,1,0,0.13,0.065,0,1.4,0.7,0,0.2,0.1,30,45,37.5,,,,,,,,,,,,,,,,,,,,,,,,,,,,,,,,,,,,,,,,,,,,,,,,,1,,,,,,,,,,,,
4,1,0,0.13,0.065,0,1.4,0.7,0,0.2,0.1,45,60,52.5,,,,,,,,,,,,,,,,,,,,,,,,,,,,,,,,,,,,,,,,,,,,,,,,,1,,,,,,,,,,,,
5,1,0,0.13,0.065,0,1.4,0.7,0,0.2,0.1,60,75,67.5,,,,,,,,,,,,,,,,,,,,,,,,,,,,,,,,,,,,,,,,,,,,,,,,,1,,,,,,,,,,,,
6,1,0,0.13,0.065,0,1.4,0.7,0,0.2,0.1,75,90,82.5,,,,,,,,,,,,,,,,,,,,,,,,,,,,,,,,,,,,,,,,,,,,,,,,,1,,,,,,,,,,,,
7,1,0,0.13,0.065,0,1.4,0.7,0,0.2,0.1,90,105,97.5,,,,,,,,,,,,,,,,,,,,,,,,,,,,,,,,,,,,,,,,,,,,,,,,,1,,,,,,,,,,,,
8,1,0,0.13,0.065,0,1.4,0.7,0,0.2,0.1,105,120,112.5,,,,,,,,,,,,,,,,,,,,,,,,,,,,,,,,,,,,,,,,,,,,,,,,,1,,,,,,,,,,,,
9,1,0,0.13,0.065,0,1.4,0.7,0,0.2,0.1,120,135,127.5,,,,,,,,,,,,,,,,,,,,,,,,,,,,,,,,,,,,,,,,,,,,,,,,,1,,,,,,,,,,,,
10,1,0,0.13,0.065,0,1.4,0.7,0,0.2,0.1,135,150,142.5,,,,,,,,,,,,,,,,,,,,,,,,,,,,,,,,,,,,,,,,,,,,,,,,,1,,,,,,,,,,,,
11,1,0,0.13,0.065,0,1.4,0.7,0,0.2,0.1,150,165,157.5,,,,,,,,,,,,,,,,,,,,,,,,,,,,,,,,,,,,,,,,,,,,,,,,,1,,,,,,,,,,,,
12,1,0,0.13,0.065,0,1.4,0.7,0,0.2,0.1,165,180,172.5,,,,,,,,,,,,,,,,,,,,,,,,,,,,,,,,,,,,,,,,,,,,,,,,,1,,,,,,,,,,,,
13,1,0,0.13,0.065,0,1.4,0.7,0,0.2,0.1,180,195,187.5,,,,,,,,,,,,,,,,,,,,,,,,,,,,,,,,,,,,,,,,,,,,,,,,,1,,,,,,,,,,,,
14,1,0,0.13,0.065,0,1.4,0.7,0,0.2,0.1,195,210,202.5,,,,,,,,,,,,,,,,,,,,,,,,,,,,,,,,,,,,,,,,,,,,,,,,,1,,,,,,,,,,,,
15,1,0,0.13,0.065,0,1.4,0.7,0,0.2,0.1,210,225,217.5,,,,,,,,,,,,,,,,,,,,,,,,,,,,,,,,,,,,,,,,,,,,,,,,,1,,,,,,,,,,,,
16,1,0,0.13,0.065,0,1.4,0.7,0,0.2,0.1,225,240,232.5,,,,,,,,,,,,,,,,,,,,,,,,,,,,,,,,,,,,,,,,,,,,,,,,,1,,,,,,,,,,,,
17,1,0,0.13,0.065,0,1.4,0.7,0,0.2,0.1,240,255,247.5,,,,,,,,,,,,,,,,,,,,,,,,,,,,,,,,,,,,,,,,,,,,,,,,,1,,,,,,,,,,,,
18,1,0,0.13,0.065,0,1.4,0.7,0,0.2,0.1,255,270,262.5,,,,,,,,,,,,,,,,,,,,,,,,,,,,,,,,,,,,,,,,,,,,,,,,,1,,,,,,,,,,,,
19,1,0,0.13,0.065,0,1.4,0.7,0,0.2,0.1,270,285,277.5,,,,,,,,,,,,,,,,,,,,,,,,,,,,,,,,,,,,,,,,,,,,,,,,,1,,,,,,,,,,,,
20,1,0,0.13,0.065,0,1.4,0.7,0,0.2,0.1,285,300,292.5,,,,,,,,,,,,,,,,,,,,,,,,,,,,,,,,,,,,,,,,,,,,,,,,,1,,,,,,,,,,,,
21,1,0,0.13,0.065,0,1.4,0.7,0,0.2,0.1,300,315,307.5,,,,,,,,,,,,,,,,,,,,,,,,,,,,,,,,,,,,,,,,,,,,,,,,,1,,,,,,,,,,,,
22,1,0,0.13,0.065,0,1.4,0.7,0,0.2,0.1,315,330,322.5,,,,,,,,,,,,,,,,,,,,,,,,,,,,,,,,,,,,,,,,,,,,,,,,,1,,,,,,,,,,,,
23,1,0,0.13,0.065,0,1.4,0.7,0,0.2,0.1,330,345,337.5,,,,,,,,,,,,,,,,,,,,,,,,,,,,,,,,,,,,,,,,,,,,,,,,,1,,,,,,,,,,,,
24,1,0,0.13,0.065,0,1.4,0.7,0,0.2,0.1,345,360,352.5,,,,,,,,,,,,,,,,,,,,,,,,,,,,,,,,,,,,,,,,,,,,,,,,,1,,,,,,,,,,,,
25,2,0.13,0.21,0.17,0,1.4,0.7,0,0.2,0.1,0,15,7.5,,,,,,,,,,,,,,,,,,,,,,,,,,,,,,,,,,,,,,,,,,,,,,,,,1,,,,,,,,,,,,
26,2,0.13,0.21,0.17,0,1.4,0.7,0,0.2,0.1,15,30,22.5,,,,,,,,,,,,,,,,,,,,,,,,,,,,,,,,,,,,,,,,,,,,,,,,,1,,,,,,,,,,,,
27,2,0.13,0.21,0.17,0,1.4,0.7,0,0.2,0.1,30,45,37.5,,,,,,,,,,,,,,,,,,,,,,,,,,,,,,,,,,,,,,,,,,,,,,,,,1,,,,,,,,,,,,
28,2,0.13,0.21,0.17,0,1.4,0.7,0,0.2,0.1,45,60,52.5,,,,,,,,,,,,,,,,,,,,,,,,,,,,,,,,,,,,,,,,,,,,,,,,,1,,,,,,,,,,,,
29,2,0.13,0.21,0.17,0,1.4,0.7,0,0.2,0.1,60,75,67.5,,,,,,,,,,,,,,,,,,,,,,,,,,,,,,,,,,,,,,,,,,,,,,,,,1,,,,,,,,,,,,
30,2,0.13,0.21,0.17,0,1.4,0.7,0,0.2,0.1,75,90,82.5,,,,,,,,,,,,,,,,,,,,,,,,,,,,,,,,,,,,,,,,,,,,,,,,,1,,,,,,,,,,,,
31,2,0.13,0.21,0.17,0,1.4,0.7,0,0.2,0.1,90,105,97.5,,,,,,,,,,,,,,,,,,,,,,,,,,,,,,,,,,,,,,,,,,,,,,,,,1,,,,,,,,,,,,
32,2,0.13,0.21,0.17,0,1.4,0.7,0,0.2,0.1,105,120,112.5,,,,,,,,,,,,,,,,,,,,,,,,,,,,,,,,,,,,,,,,,,,,,,,,,1,,,,,,,,,,,,
33,2,0.13,0.21,0.17,0,1.4,0.7,0,0.2,0.1,120,135,127.5,,,,,,,,,,,,,,,,,,,,,,,,,,,,,,,,,,,,,,,,,,,,,,,,,1,,,,,,,,,,,,
34,2,0.13,0.21,0.17,0,1.4,0.7,0,0.2,0.1,135,150,142.5,,,,,,,,,,,,,,,,,,,,,,,,,,,,,,,,,,,,,,,,,,,,,,,,,1,,,,,,,,,,,,
35,2,0.13,0.21,0.17,0,1.4,0.7,0,0.2,0.1,150,165,157.5,,,,,,,,,,,,,,,,,,,,,,,,,,,,,,,,,,,,,,,,,,,,,,,,,1,,,,,,,,,,,,
36,2,0.13,0.21,0.17,0,1.4,0.7,0,0.2,0.1,165,180,172.5,,,,,,,,,,,,,,,,,,,,,,,,,,,,,,,,,,,,,,,,,,,,,,,,,1,,,,,,,,,,,,
37,2,0.13,0.21,0.17,0,1.4,0.7,0,0.2,0.1,180,195,187.5,,,,,,,,,,,,,,,,,,,,,,,,,,,,,,,,,,,,,,,,,,,,,,,,,1,,,,,,,,,,,,
38,2,0.13,0.21,0.17,0,1.4,0.7,0,0.2,0.1,195,210,202.5,,,,,,,,,,,,,,,,,,,,,,,,,,,,,,,,,,,,,,,,,,,,,,,,,1,,,,,,,,,,,,
39,2,0.13,0.21,0.17,0,1.4,0.7,0,0.2,0.1,210,225,217.5,,,,,,,,,,,,,,,,,,,,,,,,,,,,,,,,,,,,,,,,,,,,,,,,,1,,,,,,,,,,,,
40,2,0.13,0.21,0.17,0,1.4,0.7,0,0.2,0.1,225,240,232.5,,,,,,,,,,,,,,,,,,,,,,,,,,,,,,,,,,,,,,,,,,,,,,,,,1,,,,,,,,,,,,
41,2,0.13,0.21,0.17,0,1.4,0.7,0,0.2,0.1,240,255,247.5,,,,,,,,,,,,,,,,,,,,,,,,,,,,,,,,,,,,,,,,,,,,,,,,,1,,,,,,,,,,,,
42,2,0.13,0.21,0.17,0,1.4,0.7,0,0.2,0.1,255,270,262.5,,,,,,,,,,,,,,,,,,,,,,,,,,,,,,,,,,,,,,,,,,,,,,,,,1,,,,,,,,,,,,
43,2,0.13,0.21,0.17,0,1.4,0.7,0,0.2,0.1,270,285,277.5,,,,,,,,,,,,,,,,,,,,,,,,,,,,,,,,,,,,,,,,,,,,,,,,,1,,,,,,,,,,,,
44,2,0.13,0.21,0.17,0,1.4,0.7,0,0.2,0.1,285,300,292.5,,,,,,,,,,,,,,,,,,,,,,,,,,,,,,,,,,,,,,,,,,,,,,,,,1,,,,,,,,,,,,
45,2,0.13,0.21,0.17,0,1.4,0.7,0,0.2,0.1,300,315,307.5,,,,,,,,,,,,,,,,,,,,,,,,,,,,,,,,,,,,,,,,,,,,,,,,,1,,,,,,,,,,,,
46,2,0.13,0.21,0.17,0,1.4,0.7,0,0.2,0.1,315,330,322.5,,,,,,,,,,,,,,,,,,,,,,,,,,,,,,,,,,,,,,,,,,,,,,,,,1,,,,,,,,,,,,
47,2,0.13,0.21,0.17,0,1.4,0.7,0,0.2,0.1,330,345,337.5,,,,,,,,,,,,,,,,,,,,,,,,,,,,,,,,,,,,,,,,,,,,,,,,,1,,,,,,,,,,,,
48,2,0.13,0.21,0.17,0,1.4,0.7,0,0.2,0.1,345,360,352.5,,,,,,,,,,,,,,,,,,,,,,,,,,,,,,,,,,,,,,,,,,,,,,,,,1,,,,,,,,,,,,
49,3,0.21,1,0.605,0,1.4,0.7,0,0.2,0.1,0,15,7.5,,,,,,,,,,,,,,,,,,,,,,,,,,,,,,,,,,,,,,,,,,,,,,,,,1,,,,,,,,,,,,
50,3,0.21,1,0.605,0,1.4,0.7,0,0.2,0.1,15,30,22.5,,,,,,,,,,,,,,,,,,,,,,,,,,,,,,,,,,,,,,,,,,,,,,,,,1,,,,,,,,,,,,
51,3,0.21,1,0.605,0,1.4,0.7,0,0.2,0.1,30,45,37.5,,,,,,,,,,,,,,,,,,,,,,,,,,,,,,,,,,,,,,,,,,,,,,,,,1,,,,,,,,,,,,
52,3,0.21,1,0.605,0,1.4,0.7,0,0.2,0.1,45,60,52.5,,,,,,,,,,,,,,,,,,,,,,,,,,,,,,,,,,,,,,,,,,,,,,,,,1,,,,,,,,,,,,
53,3,0.21,1,0.605,0,1.4,0.7,0,0.2,0.1,60,75,67.5,,,,,,,,,,,,,,,,,,,,,,,,,,,,,,,,,,,,,,,,,,,,,,,,,1,,,,,,,,,,,,
54,3,0.21,1,0.605,0,1.4,0.7,0,0.2,0.1,75,90,82.5,,,,,,,,,,,,,,,,,,,,,,,,,,,,,,,,,,,,,,,,,,,,,,,,,1,,,,,,,,,,,,
55,3,0.21,1,0.605,0,1.4,0.7,0,0.2,0.1,90,105,97.5,,,,,,,,,,,,,,,,,,,,,,,,,,,,,,,,,,,,,,,,,,,,,,,,,1,,,,,,,,,,,,
56,3,0.21,1,0.605,0,1.4,0.7,0,0.2,0.1,105,120,112.5,,,,,,,,,,,,,,,,,,,,,,,,,,,,,,,,,,,,,,,,,,,,,,,,,1,,,,,,,,,,,,
57,3,0.21,1,0.605,0,1.4,0.7,0,0.2,0.1,120,135,127.5,,,,,,,,,,,,,,,,,,,,,,,,,,,,,,,,,,,,,,,,,,,,,,,,,1,,,,,,,,,,,,
58,3,0.21,1,0.605,0,1.4,0.7,0,0.2,0.1,135,150,142.5,,,,,,,,,,,,,,,,,,,,,,,,,,,,,,,,,,,,,,,,,,,,,,,,,1,,,,,,,,,,,,
59,3,0.21,1,0.605,0,1.4,0.7,0,0.2,0.1,150,165,157.5,,,,,,,,,,,,,,,,,,,,,,,,,,,,,,,,,,,,,,,,,,,,,,,,,1,,,,,,,,,,,,
60,3,0.21,1,0.605,0,1.4,0.7,0,0.2,0.1,165,180,172.5,,,,,,,,,,,,,,,,,,,,,,,,,,,,,,,,,,,,,,,,,,,,,,,,,1,,,,,,,,,,,,
61,3,0.21,1,0.605,0,1.4,0.7,0,0.2,0.1,180,195,187.5,,,,,,,,,,,,,,,,,,,,,,,,,,,,,,,,,,,,,,,,,,,,,,,,,1,,,,,,,,,,,,
62,3,0.21,1,0.605,0,1.4,0.7,0,0.2,0.1,195,210,202.5,,,,,,,,,,,,,,,,,,,,,,,,,,,,,,,,,,,,,,,,,,,,,,,,,1,,,,,,,,,,,,
63,3,0.21,1,0.605,0,1.4,0.7,0,0.2,0.1,210,225,217.5,,,,,,,,,,,,,,,,,,,,,,,,,,,,,,,,,,,,,,,,,,,,,,,,,1,,,,,,,,,,,,
64,3,0.21,1,0.605,0,1.4,0.7,0,0.2,0.1,225,240,232.5,,,,,,,,,,,,,,,,,,,,,,,,,,,,,,,,,,,,,,,,,,,,,,,,,1,,,,,,,,,,,,
65,3,0.21,1,0.605,0,1.4,0.7,0,0.2,0.1,240,255,247.5,,,,,,,,,,,,,,,,,,,,,,,,,,,,,,,,,,,,,,,,,,,,,,,,,1,,,,,,,,,,,,
66,3,0.21,1,0.605,0,1.4,0.7,0,0.2,0.1,255,270,262.5,,,,,,,,,,,,,,,,,,,,,,,,,,,,,,,,,,,,,,,,,,,,,,,,,1,,,,,,,,,,,,
67,3,0.21,1,0.605,0,1.4,0.7,0,0.2,0.1,270,285,277.5,,,,,,,,,,,,,,,,,,,,,,,,,,,,,,,,,,,,,,,,,,,,,,,,,1,,,,,,,,,,,,
68,3,0.21,1,0.605,0,1.4,0.7,0,0.2,0.1,285,300,292.5,,,,,,,,,,,,,,,,,,,,,,,,,,,,,,,,,,,,,,,,,,,,,,,,,1,,,,,,,,,,,,
69,3,0.21,1,0.605,0,1.4,0.7,0,0.2,0.1,300,315,307.5,,,,,,,,,,,,,,,,,,,,,,,,,,,,,,,,,,,,,,,,,,,,,,,,,1,,,,,,,,,,,,
70,3,0.21,1,0.605,0,1.4,0.7,0,0.2,0.1,315,330,322.5,,,,,,,,,,,,,,,,,,,,,,,,,,,,,,,,,,,,,,,,,,,,,,,,,1,,,,,,,,,,,,
71,3,0.21,1,0.605,0,1.4,0.7,0,0.2,0.1,330,345,337.5,,,,,,,,,,,,,,,,,,,,,,,,,,,,,,,,,,,,,,,,,,,,,,,,,1,,,,,,,,,,,,
72,3,0.21,1,0.605,0,1.4,0.7,0,0.2,0.1,345,360,352.5,,,,,,,,,,,,,,,,,,,,,,,,,,,,,,,,,,,,,,,,,,,,,,,,,1,,,,,,,,,,,,
73,4,0,0.13,0.065,0,1.4,0.7,0.2,0.4,0.3,0,15,7.5,,,,,,,,,,,,,,,,,,,,,,,,,,,,,,,,,,,,,,,,,,,,,,,,,1,,,,,,,,,,,,
74,4,0,0.13,0.065,0,1.4,0.7,0.2,0.4,0.3,15,30,22.5,,,,,,,,,,,,,,,,,,,,,,,,,,,,,,,,,,,,,,,,,,,,,,,,,1,,,,,,,,,,,,
75,4,0,0.13,0.065,0,1.4,0.7,0.2,0.4,0.3,30,45,37.5,,,,,,,,,,,,,,,,,,,,,,,,,,,,,,,,,,,,,,,,,,,,,,,,,1,,,,,,,,,,,,
76,4,0,0.13,0.065,0,1.4,0.7,0.2,0.4,0.3,45,60,52.5,,,,,,,,,,,,,,,,,,,,,,,,,,,,,,,,,,,,,,,,,,,,,,,,,1,,,,,,,,,,,,
77,4,0,0.13,0.065,0,1.4,0.7,0.2,0.4,0.3,60,75,67.5,,,,,,,,,,,,,,,,,,,,,,,,,,,,,,,,,,,,,,,,,,,,,,,,,1,,,,,,,,,,,,
78,4,0,0.13,0.065,0,1.4,0.7,0.2,0.4,0.3,75,90,82.5,,,,,,,,,,,,,,,,,,,,,,,,,,,,,,,,,,,,,,,,,,,,,,,,,1,,,,,,,,,,,,
79,4,0,0.13,0.065,0,1.4,0.7,0.2,0.4,0.3,90,105,97.5,,,,,,,,,,,,,,,,,,,,,,,,,,,,,,,,,,,,,,,,,,,,,,,,,1,,,,,,,,,,,,
80,4,0,0.13,0.065,0,1.4,0.7,0.2,0.4,0.3,105,120,112.5,,,,,,,,,,,,,,,,,,,,,,,,,,,,,,,,,,,,,,,,,,,,,,,,,1,,,,,,,,,,,,
81,4,0,0.13,0.065,0,1.4,0.7,0.2,0.4,0.3,120,135,127.5,,,,,,,,,,,,,,,,,,,,,,,,,,,,,,,,,,,,,,,,,,,,,,,,,1,,,,,,,,,,,,
82,4,0,0.13,0.065,0,1.4,0.7,0.2,0.4,0.3,135,150,142.5,,,,,,,,,,,,,,,,,,,,,,,,,,,,,,,,,,,,,,,,,,,,,,,,,1,,,,,,,,,,,,
83,4,0,0.13,0.065,0,1.4,0.7,0.2,0.4,0.3,150,165,157.5,,,,,,,,,,,,,,,,,,,,,,,,,,,,,,,,,,,,,,,,,,,,,,,,,1,,,,,,,,,,,,
84,4,0,0.13,0.065,0,1.4,0.7,0.2,0.4,0.3,165,180,172.5,,,,,,,,,,,,,,,,,,,,,,,,,,,,,,,,,,,,,,,,,,,,,,,,,1,,,,,,,,,,,,
85,4,0,0.13,0.065,0,1.4,0.7,0.2,0.4,0.3,180,195,187.5,,,,,,,,,,,,,,,,,,,,,,,,,,,,,,,,,,,,,,,,,,,,,,,,,1,,,,,,,,,,,,
86,4,0,0.13,0.065,0,1.4,0.7,0.2,0.4,0.3,195,210,202.5,,,,,,,,,,,,,,,,,,,,,,,,,,,,,,,,,,,,,,,,,,,,,,,,,1,,,,,,,,,,,,
87,4,0,0.13,0.065,0,1.4,0.7,0.2,0.4,0.3,210,225,217.5,,,,,,,,,,,,,,,,,,,,,,,,,,,,,,,,,,,,,,,,,,,,,,,,,1,,,,,,,,,,,,
88,4,0,0.13,0.065,0,1.4,0.7,0.2,0.4,0.3,225,240,232.5,,,,,,,,,,,,,,,,,,,,,,,,,,,,,,,,,,,,,,,,,,,,,,,,,1,,,,,,,,,,,,
89,4,0,0.13,0.065,0,1.4,0.7,0.2,0.4,0.3,240,255,247.5,,,,,,,,,,,,,,,,,,,,,,,,,,,,,,,,,,,,,,,,,,,,,,,,,1,,,,,,,,,,,,
90,4,0,0.13,0.065,0,1.4,0.7,0.2,0.4,0.3,255,270,262.5,,,,,,,,,,,,,,,,,,,,,,,,,,,,,,,,,,,,,,,,,,,,,,,,,1,,,,,,,,,,,,
91,4,0,0.13,0.065,0,1.4,0.7,0.2,0.4,0.3,270,285,277.5,,,,,,,,,,,,,,,,,,,,,,,,,,,,,,,,,,,,,,,,,,,,,,,,,1,,,,,,,,,,,,
92,4,0,0.13,0.065,0,1.4,0.7,0.2,0.4,0.3,285,300,292.5,,,,,,,,,,,,,,,,,,,,,,,,,,,,,,,,,,,,,,,,,,,,,,,,,1,,,,,,,,,,,,
93,4,0,0.13,0.065,0,1.4,0.7,0.2,0.4,0.3,300,315,307.5,,,,,,,,,,,,,,,,,,,,,,,,,,,,,,,,,,,,,,,,,,,,,,,,,1,,,,,,,,,,,,
94,4,0,0.13,0.065,0,1.4,0.7,0.2,0.4,0.3,315,330,322.5,,,,,,,,,,,,,,,,,,,,,,,,,,,,,,,,,,,,,,,,,,,,,,,,,1,,,,,,,,,,,,
95,4,0,0.13,0.065,0,1.4,0.7,0.2,0.4,0.3,330,345,337.5,,,,,,,,,,,,,,,,,,,,,,,,,,,,,,,,,,,,,,,,,,,,,,,,,1,,,,,,,,,,,,
96,4,0,0.13,0.065,0,1.4,0.7,0.2,0.4,0.3,345,360,352.5,,,,,,,,,,,,,,,,,,,,,,,,,,,,,,,,,,,,,,,,,,,,,,,,,1,,,,,,,,,,,,
97,5,0.13,0.21,0.17,0,1.4,0.7,0.2,0.4,0.3,0,15,7.5,,,,,,,,,,,,,,,,,,,,,,,,,,,,,,,,,,,,,,,,,,,,,,,,,1,,,,,,,,,,,,
98,5,0.13,0.21,0.17,0,1.4,0.7,0.2,0.4,0.3,15,30,22.5,,,,,,,,,,,,,,,,,,,,,,,,,,,,,,,,,,,,,,,,,,,,,,,,,1,,,,,,,,,,,,
99,5,0.13,0.21,0.17,0,1.4,0.7,0.2,0.4,0.3,30,45,37.5,,,,,,,,,,,,,,,,,,,,,,,,,,,,,,,,,,,,,,,,,,,,,,,,,1,,,,,,,,,,,,
100,5,0.13,0.21,0.17,0,1.4,0.7,0.2,0.4,0.3,45,60,52.5,,,,,,,,,,,,,,,,,,,,,,,,,,,,,,,,,,,,,,,,,,,,,,,,,1,,,,,,,,,,,,
101,5,0.13,0.21,0.17,0,1.4,0.7,0.2,0.4,0.3,60,75,67.5,,,,,,,,,,,,,,,,,,,,,,,,,,,,,,,,,,,,,,,,,,,,,,,,,1,,,,,,,,,,,,
102,5,0.13,0.21,0.17,0,1.4,0.7,0.2,0.4,0.3,75,90,82.5,,,,,,,,,,,,,,,,,,,,,,,,,,,,,,,,,,,,,,,,,,,,,,,,,1,,,,,,,,,,,,
103,5,0.13,0.21,0.17,0,1.4,0.7,0.2,0.4,0.3,90,105,97.5,,,,,,,,,,,,,,,,,,,,,,,,,,,,,,,,,,,,,,,,,,,,,,,,,1,,,,,,,,,,,,
104,5,0.13,0.21,0.17,0,1.4,0.7,0.2,0.4,0.3,105,120,112.5,,,,,,,,,,,,,,,,,,,,,,,,,,,,,,,,,,,,,,,,,,,,,,,,,1,,,,,,,,,,,,
105,5,0.13,0.21,0.17,0,1.4,0.7,0.2,0.4,0.3,120,135,127.5,,,,,,,,,,,,,,,,,,,,,,,,,,,,,,,,,,,,,,,,,,,,,,,,,1,,,,,,,,,,,,
106,5,0.13,0.21,0.17,0,1.4,0.7,0.2,0.4,0.3,135,150,142.5,,,,,,,,,,,,,,,,,,,,,,,,,,,,,,,,,,,,,,,,,,,,,,,,,1,,,,,,,,,,,,
107,5,0.13,0.21,0.17,0,1.4,0.7,0.2,0.4,0.3,150,165,157.5,,,,,,,,,,,,,,,,,,,,,,,,,,,,,,,,,,,,,,,,,,,,,,,,,1,,,,,,,,,,,,
108,5,0.13,0.21,0.17,0,1.4,0.7,0.2,0.4,0.3,165,180,172.5,,,,,,,,,,,,,,,,,,,,,,,,,,,,,,,,,,,,,,,,,,,,,,,,,1,,,,,,,,,,,,
109,5,0.13,0.21,0.17,0,1.4,0.7,0.2,0.4,0.3,180,195,187.5,,,,,,,,,,,,,,,,,,,,,,,,,,,,,,,,,,,,,,,,,,,,,,,,,1,,,,,,,,,,,,
110,5,0.13,0.21,0.17,0,1.4,0.7,0.2,0.4,0.3,195,210,202.5,,,,,,,,,,,,,,,,,,,,,,,,,,,,,,,,,,,,,,,,,,,,,,,,,1,,,,,,,,,,,,
111,5,0.13,0.21,0.17,0,1.4,0.7,0.2,0.4,0.3,210,225,217.5,,,,,,,,,,,,,,,,,,,,,,,,,,,,,,,,,,,,,,,,,,,,,,,,,1,,,,,,,,,,,,
112,5,0.13,0.21,0.17,0,1.4,0.7,0.2,0.4,0.3,225,240,232.5,,,,,,,,,,,,,,,,,,,,,,,,,,,,,,,,,,,,,,,,,,,,,,,,,1,,,,,,,,,,,,
113,5,0.13,0.21,0.17,0,1.4,0.7,0.2,0.4,0.3,240,255,247.5,,,,,,,,,,,,,,,,,,,,,,,,,,,,,,,,,,,,,,,,,,,,,,,,,1,,,,,,,,,,,,
114,5,0.13,0.21,0.17,0,1.4,0.7,0.2,0.4,0.3,255,270,262.5,,,,,,,,,,,,,,,,,,,,,,,,,,,,,,,,,,,,,,,,,,,,,,,,,1,,,,,,,,,,,,
115,5,0.13,0.21,0.17,0,1.4,0.7,0.2,0.4,0.3,270,285,277.5,,,,,,,,,,,,,,,,,,,,,,,,,,,,,,,,,,,,,,,,,,,,,,,,,1,,,,,,,,,,,,
116,5,0.13,0.21,0.17,0,1.4,0.7,0.2,0.4,0.3,285,300,292.5,,,,,,,,,,,,,,,,,,,,,,,,,,,,,,,,,,,,,,,,,,,,,,,,,1,,,,,,,,,,,,
117,5,0.13,0.21,0.17,0,1.4,0.7,0.2,0.4,0.3,300,315,307.5,,,,,,,,,,,,,,,,,,,,,,,,,,,,,,,,,,,,,,,,,,,,,,,,,1,,,,,,,,,,,,
118,5,0.13,0.21,0.17,0,1.4,0.7,0.2,0.4,0.3,315,330,322.5,,,,,,,,,,,,,,,,,,,,,,,,,,,,,,,,,,,,,,,,,,,,,,,,,1,,,,,,,,,,,,
119,5,0.13,0.21,0.17,0,1.4,0.7,0.2,0.4,0.3,330,345,337.5,,,,,,,,,,,,,,,,,,,,,,,,,,,,,,,,,,,,,,,,,,,,,,,,,1,,,,,,,,,,,,
120,5,0.13,0.21,0.17,0,1.4,0.7,0.2,0.4,0.3,345,360,352.5,,,,,,,,,,,,,,,,,,,,,,,,,,,,,,,,,,,,,,,,,,,,,,,,,1,,,,,,,,,,,,
121,6,0.21,1,0.605,0,1.4,0.7,0.2,0.4,0.3,0,15,7.5,,,,,,,,,,,,,,,,,,,,,,,,,,,,,,,,,,,,,,,,,,,,,,,,,1,,,,,,,,,,,,
122,6,0.21,1,0.605,0,1.4,0.7,0.2,0.4,0.3,15,30,22.5,,,,,,,,,,,,,,,,,,,,,,,,,,,,,,,,,,,,,,,,,,,,,,,,,1,,,,,,,,,,,,
123,6,0.21,1,0.605,0,1.4,0.7,0.2,0.4,0.3,30,45,37.5,,,,,,,,,,,,,,,,,,,,,,,,,,,,,,,,,,,,,,,,,,,,,,,,,1,,,,,,,,,,,,
124,6,0.21,1,0.605,0,1.4,0.7,0.2,0.4,0.3,45,60,52.5,,,,,,,,,,,,,,,,,,,,,,,,,,,,,,,,,,,,,,,,,,,,,,,,,1,,,,,,,,,,,,
125,6,0.21,1,0.605,0,1.4,0.7,0.2,0.4,0.3,60,75,67.5,,,,,,,,,,,,,,,,,,,,,,,,,,,,,,,,,,,,,,,,,,,,,,,,,1,,,,,,,,,,,,
126,6,0.21,1,0.605,0,1.4,0.7,0.2,0.4,0.3,75,90,82.5,,,,,,,,,,,,,,,,,,,,,,,,,,,,,,,,,,,,,,,,,,,,,,,,,1,,,,,,,,,,,,
127,6,0.21,1,0.605,0,1.4,0.7,0.2,0.4,0.3,90,105,97.5,,,,,,,,,,,,,,,,,,,,,,,,,,,,,,,,,,,,,,,,,,,,,,,,,1,,,,,,,,,,,,
128,6,0.21,1,0.605,0,1.4,0.7,0.2,0.4,0.3,105,120,112.5,,,,,,,,,,,,,,,,,,,,,,,,,,,,,,,,,,,,,,,,,,,,,,,,,1,,,,,,,,,,,,
129,6,0.21,1,0.605,0,1.4,0.7,0.2,0.4,0.3,120,135,127.5,,,,,,,,,,,,,,,,,,,,,,,,,,,,,,,,,,,,,,,,,,,,,,,,,1,,,,,,,,,,,,
130,6,0.21,1,0.605,0,1.4,0.7,0.2,0.4,0.3,135,150,142.5,,,,,,,,,,,,,,,,,,,,,,,,,,,,,,,,,,,,,,,,,,,,,,,,,1,,,,,,,,,,,,
131,6,0.21,1,0.605,0,1.4,0.7,0.2,0.4,0.3,150,165,157.5,,,,,,,,,,,,,,,,,,,,,,,,,,,,,,,,,,,,,,,,,,,,,,,,,1,,,,,,,,,,,,
132,6,0.21,1,0.605,0,1.4,0.7,0.2,0.4,0.3,165,180,172.5,,,,,,,,,,,,,,,,,,,,,,,,,,,,,,,,,,,,,,,,,,,,,,,,,1,,,,,,,,,,,,
133,6,0.21,1,0.605,0,1.4,0.7,0.2,0.4,0.3,180,195,187.5,,,,,,,,,,,,,,,,,,,,,,,,,,,,,,,,,,,,,,,,,,,,,,,,,1,,,,,,,,,,,,
134,6,0.21,1,0.605,0,1.4,0.7,0.2,0.4,0.3,195,210,202.5,,,,,,,,,,,,,,,,,,,,,,,,,,,,,,,,,,,,,,,,,,,,,,,,,1,,,,,,,,,,,,
135,6,0.21,1,0.605,0,1.4,0.7,0.2,0.4,0.3,210,225,217.5,,,,,,,,,,,,,,,,,,,,,,,,,,,,,,,,,,,,,,,,,,,,,,,,,1,,,,,,,,,,,,
136,6,0.21,1,0.605,0,1.4,0.7,0.2,0.4,0.3,225,240,232.5,,,,,,,,,,,,,,,,,,,,,,,,,,,,,,,,,,,,,,,,,,,,,,,,,1,,,,,,,,,,,,
137,6,0.21,1,0.605,0,1.4,0.7,0.2,0.4,0.3,240,255,247.5,,,,,,,,,,,,,,,,,,,,,,,,,,,,,,,,,,,,,,,,,,,,,,,,,1,,,,,,,,,,,,
138,6,0.21,1,0.605,0,1.4,0.7,0.2,0.4,0.3,255,270,262.5,,,,,,,,,,,,,,,,,,,,,,,,,,,,,,,,,,,,,,,,,,,,,,,,,1,,,,,,,,,,,,
139,6,0.21,1,0.605,0,1.4,0.7,0.2,0.4,0.3,270,285,277.5,,,,,,,,,,,,,,,,,,,,,,,,,,,,,,,,,,,,,,,,,,,,,,,,,1,,,,,,,,,,,,
140,6,0.21,1,0.605,0,1.4,0.7,0.2,0.4,0.3,285,300,292.5,,,,,,,,,,,,,,,,,,,,,,,,,,,,,,,,,,,,,,,,,,,,,,,,,1,,,,,,,,,,,,
141,6,0.21,1,0.605,0,1.4,0.7,0.2,0.4,0.3,300,315,307.5,,,,,,,,,,,,,,,,,,,,,,,,,,,,,,,,,,,,,,,,,,,,,,,,,1,,,,,,,,,,,,
142,6,0.21,1,0.605,0,1.4,0.7,0.2,0.4,0.3,315,330,322.5,,,,,,,,,,,,,,,,,,,,,,,,,,,,,,,,,,,,,,,,,,,,,,,,,1,,,,,,,,,,,,
143,6,0.21,1,0.605,0,1.4,0.7,0.2,0.4,0.3,330,345,337.5,,,,,,,,,,,,,,,,,,,,,,,,,,,,,,,,,,,,,,,,,,,,,,,,,1,,,,,,,,,,,,
144,6,0.21,1,0.605,0,1.4,0.7,0.2,0.4,0.3,345,360,352.5,,,,,,,,,,,,,,,,,,,,,,,,,,,,,,,,,,,,,,,,,,,,,,,,,1,,,,,,,,,,,,
145,7,0,0.13,0.065,0,1.4,0.7,0.4,0.8,0.6,0,15,7.5,,,,,,,,,,,,,,,,,,,,,,,,,,,,,,,,,,,,,,,,,,,,,,,,,1,,,,,,,,,,,,
146,7,0,0.13,0.065,0,1.4,0.7,0.4,0.8,0.6,15,30,22.5,,,,,,,,,,,,,,,,,,,,,,,,,,,,,,,,,,,,,,,,,,,,,,,,,1,,,,,,,,,,,,
147,7,0,0.13,0.065,0,1.4,0.7,0.4,0.8,0.6,30,45,37.5,,,,,,,,,,,,,,,,,,,,,,,,,,,,,,,,,,,,,,,,,,,,,,,,,1,,,,,,,,,,,,
148,7,0,0.13,0.065,0,1.4,0.7,0.4,0.8,0.6,45,60,52.5,,,,,,,,,,,,,,,,,,,,,,,,,,,,,,,,,,,,,,,,,,,,,,,,,1,,,,,,,,,,,,
149,7,0,0.13,0.065,0,1.4,0.7,0.4,0.8,0.6,60,75,67.5,,,,,,,,,,,,,,,,,,,,,,,,,,,,,,,,,,,,,,,,,,,,,,,,,1,,,,,,,,,,,,
150,7,0,0.13,0.065,0,1.4,0.7,0.4,0.8,0.6,75,90,82.5,,,,,,,,,,,,,,,,,,,,,,,,,,,,,,,,,,,,,,,,,,,,,,,,,1,,,,,,,,,,,,
151,7,0,0.13,0.065,0,1.4,0.7,0.4,0.8,0.6,90,105,97.5,,,,,,,,,,,,,,,,,,,,,,,,,,,,,,,,,,,,,,,,,,,,,,,,,1,,,,,,,,,,,,
152,7,0,0.13,0.065,0,1.4,0.7,0.4,0.8,0.6,105,120,112.5,,,,,,,,,,,,,,,,,,,,,,,,,,,,,,,,,,,,,,,,,,,,,,,,,1,,,,,,,,,,,,
153,7,0,0.13,0.065,0,1.4,0.7,0.4,0.8,0.6,120,135,127.5,,,,,,,,,,,,,,,,,,,,,,,,,,,,,,,,,,,,,,,,,,,,,,,,,1,,,,,,,,,,,,
154,7,0,0.13,0.065,0,1.4,0.7,0.4,0.8,0.6,135,150,142.5,,,,,,,,,,,,,,,,,,,,,,,,,,,,,,,,,,,,,,,,,,,,,,,,,1,,,,,,,,,,,,
155,7,0,0.13,0.065,0,1.4,0.7,0.4,0.8,0.6,150,165,157.5,,,,,,,,,,,,,,,,,,,,,,,,,,,,,,,,,,,,,,,,,,,,,,,,,1,,,,,,,,,,,,
156,7,0,0.13,0.065,0,1.4,0.7,0.4,0.8,0.6,165,180,172.5,,,,,,,,,,,,,,,,,,,,,,,,,,,,,,,,,,,,,,,,,,,,,,,,,1,,,,,,,,,,,,
157,7,0,0.13,0.065,0,1.4,0.7,0.4,0.8,0.6,180,195,187.5,,,,,,,,,,,,,,,,,,,,,,,,,,,,,,,,,,,,,,,,,,,,,,,,,1,,,,,,,,,,,,
158,7,0,0.13,0.065,0,1.4,0.7,0.4,0.8,0.6,195,210,202.5,,,,,,,,,,,,,,,,,,,,,,,,,,,,,,,,,,,,,,,,,,,,,,,,,1,,,,,,,,,,,,
159,7,0,0.13,0.065,0,1.4,0.7,0.4,0.8,0.6,210,225,217.5,,,,,,,,,,,,,,,,,,,,,,,,,,,,,,,,,,,,,,,,,,,,,,,,,1,,,,,,,,,,,,
160,7,0,0.13,0.065,0,1.4,0.7,0.4,0.8,0.6,225,240,232.5,,,,,,,,,,,,,,,,,,,,,,,,,,,,,,,,,,,,,,,,,,,,,,,,,1,,,,,,,,,,,,
161,7,0,0.13,0.065,0,1.4,0.7,0.4,0.8,0.6,240,255,247.5,,,,,,,,,,,,,,,,,,,,,,,,,,,,,,,,,,,,,,,,,,,,,,,,,1,,,,,,,,,,,,
162,7,0,0.13,0.065,0,1.4,0.7,0.4,0.8,0.6,255,270,262.5,,,,,,,,,,,,,,,,,,,,,,,,,,,,,,,,,,,,,,,,,,,,,,,,,1,,,,,,,,,,,,
163,7,0,0.13,0.065,0,1.4,0.7,0.4,0.8,0.6,270,285,277.5,,,,,,,,,,,,,,,,,,,,,,,,,,,,,,,,,,,,,,,,,,,,,,,,,1,,,,,,,,,,,,
164,7,0,0.13,0.065,0,1.4,0.7,0.4,0.8,0.6,285,300,292.5,,,,,,,,,,,,,,,,,,,,,,,,,,,,,,,,,,,,,,,,,,,,,,,,,1,,,,,,,,,,,,
165,7,0,0.13,0.065,0,1.4,0.7,0.4,0.8,0.6,300,315,307.5,,,,,,,,,,,,,,,,,,,,,,,,,,,,,,,,,,,,,,,,,,,,,,,,,1,,,,,,,,,,,,
166,7,0,0.13,0.065,0,1.4,0.7,0.4,0.8,0.6,315,330,322.5,,,,,,,,,,,,,,,,,,,,,,,,,,,,,,,,,,,,,,,,,,,,,,,,,1,,,,,,,,,,,,
167,7,0,0.13,0.065,0,1.4,0.7,0.4,0.8,0.6,330,345,337.5,,,,,,,,,,,,,,,,,,,,,,,,,,,,,,,,,,,,,,,,,,,,,,,,,1,,,,,,,,,,,,
168,7,0,0.13,0.065,0,1.4,0.7,0.4,0.8,0.6,345,360,352.5,,,,,,,,,,,,,,,,,,,,,,,,,,,,,,,,,,,,,,,,,,,,,,,,,1,,,,,,,,,,,,
169,8,0.13,0.21,0.17,0,1.4,0.7,0.4,0.8,0.6,0,15,7.5,,,,,,,,,,,,,,,,,,,,,,,,,,,,,,,,,,,,,,,,,,,,,,,,,1,,,,,,,,,,,,
170,8,0.13,0.21,0.17,0,1.4,0.7,0.4,0.8,0.6,15,30,22.5,,,,,,,,,,,,,,,,,,,,,,,,,,,,,,,,,,,,,,,,,,,,,,,,,1,,,,,,,,,,,,
171,8,0.13,0.21,0.17,0,1.4,0.7,0.4,0.8,0.6,30,45,37.5,,,,,,,,,,,,,,,,,,,,,,,,,,,,,,,,,,,,,,,,,,,,,,,,,1,,,,,,,,,,,,
172,8,0.13,0.21,0.17,0,1.4,0.7,0.4,0.8,0.6,45,60,52.5,,,,,,,,,,,,,,,,,,,,,,,,,,,,,,,,,,,,,,,,,,,,,,,,,1,,,,,,,,,,,,
173,8,0.13,0.21,0.17,0,1.4,0.7,0.4,0.8,0.6,60,75,67.5,,,,,,,,,,,,,,,,,,,,,,,,,,,,,,,,,,,,,,,,,,,,,,,,,1,,,,,,,,,,,,
174,8,0.13,0.21,0.17,0,1.4,0.7,0.4,0.8,0.6,75,90,82.5,,,,,,,,,,,,,,,,,,,,,,,,,,,,,,,,,,,,,,,,,,,,,,,,,1,,,,,,,,,,,,
175,8,0.13,0.21,0.17,0,1.4,0.7,0.4,0.8,0.6,90,105,97.5,,,,,,,,,,,,,,,,,,,,,,,,,,,,,,,,,,,,,,,,,,,,,,,,,1,,,,,,,,,,,,
176,8,0.13,0.21,0.17,0,1.4,0.7,0.4,0.8,0.6,105,120,112.5,,,,,,,,,,,,,,,,,,,,,,,,,,,,,,,,,,,,,,,,,,,,,,,,,1,,,,,,,,,,,,
177,8,0.13,0.21,0.17,0,1.4,0.7,0.4,0.8,0.6,120,135,127.5,,,,,,,,,,,,,,,,,,,,,,,,,,,,,,,,,,,,,,,,,,,,,,,,,1,,,,,,,,,,,,
178,8,0.13,0.21,0.17,0,1.4,0.7,0.4,0.8,0.6,135,150,142.5,,,,,,,,,,,,,,,,,,,,,,,,,,,,,,,,,,,,,,,,,,,,,,,,,1,,,,,,,,,,,,
179,8,0.13,0.21,0.17,0,1.4,0.7,0.4,0.8,0.6,150,165,157.5,,,,,,,,,,,,,,,,,,,,,,,,,,,,,,,,,,,,,,,,,,,,,,,,,1,,,,,,,,,,,,
180,8,0.13,0.21,0.17,0,1.4,0.7,0.4,0.8,0.6,165,180,172.5,,,,,,,,,,,,,,,,,,,,,,,,,,,,,,,,,,,,,,,,,,,,,,,,,1,,,,,,,,,,,,
181,8,0.13,0.21,0.17,0,1.4,0.7,0.4,0.8,0.6,180,195,187.5,,,,,,,,,,,,,,,,,,,,,,,,,,,,,,,,,,,,,,,,,,,,,,,,,1,,,,,,,,,,,,
182,8,0.13,0.21,0.17,0,1.4,0.7,0.4,0.8,0.6,195,210,202.5,,,,,,,,,,,,,,,,,,,,,,,,,,,,,,,,,,,,,,,,,,,,,,,,,1,,,,,,,,,,,,
183,8,0.13,0.21,0.17,0,1.4,0.7,0.4,0.8,0.6,210,225,217.5,,,,,,,,,,,,,,,,,,,,,,,,,,,,,,,,,,,,,,,,,,,,,,,,,1,,,,,,,,,,,,
184,8,0.13,0.21,0.17,0,1.4,0.7,0.4,0.8,0.6,225,240,232.5,,,,,,,,,,,,,,,,,,,,,,,,,,,,,,,,,,,,,,,,,,,,,,,,,1,,,,,,,,,,,,
185,8,0.13,0.21,0.17,0,1.4,0.7,0.4,0.8,0.6,240,255,247.5,,,,,,,,,,,,,,,,,,,,,,,,,,,,,,,,,,,,,,,,,,,,,,,,,1,,,,,,,,,,,,
186,8,0.13,0.21,0.17,0,1.4,0.7,0.4,0.8,0.6,255,270,262.5,,,,,,,,,,,,,,,,,,,,,,,,,,,,,,,,,,,,,,,,,,,,,,,,,1,,,,,,,,,,,,
187,8,0.13,0.21,0.17,0,1.4,0.7,0.4,0.8,0.6,270,285,277.5,,,,,,,,,,,,,,,,,,,,,,,,,,,,,,,,,,,,,,,,,,,,,,,,,1,,,,,,,,,,,,
188,8,0.13,0.21,0.17,0,1.4,0.7,0.4,0.8,0.6,285,300,292.5,,,,,,,,,,,,,,,,,,,,,,,,,,,,,,,,,,,,,,,,,,,,,,,,,1,,,,,,,,,,,,
189,8,0.13,0.21,0.17,0,1.4,0.7,0.4,0.8,0.6,300,315,307.5,,,,,,,,,,,,,,,,,,,,,,,,,,,,,,,,,,,,,,,,,,,,,,,,,1,,,,,,,,,,,,
190,8,0.13,0.21,0.17,0,1.4,0.7,0.4,0.8,0.6,315,330,322.5,,,,,,,,,,,,,,,,,,,,,,,,,,,,,,,,,,,,,,,,,,,,,,,,,1,,,,,,,,,,,,
191,8,0.13,0.21,0.17,0,1.4,0.7,0.4,0.8,0.6,330,345,337.5,,,,,,,,,,,,,,,,,,,,,,,,,,,,,,,,,,,,,,,,,,,,,,,,,1,,,,,,,,,,,,
192,8,0.13,0.21,0.17,0,1.4,0.7,0.4,0.8,0.6,345,360,352.5,,,,,,,,,,,,,,,,,,,,,,,,,,,,,,,,,,,,,,,,,,,,,,,,,1,,,,,,,,,,,,
193,9,0.21,1,0.605,0,1.4,0.7,0.4,0.8,0.6,0,15,7.5,,,,,,,,,,,,,,,,,,,,,,,,,,,,,,,,,,,,,,,,,,,,,,,,,1,,,,,,,,,,,,
194,9,0.21,1,0.605,0,1.4,0.7,0.4,0.8,0.6,15,30,22.5,,,,,,,,,,,,,,,,,,,,,,,,,,,,,,,,,,,,,,,,,,,,,,,,,1,,,,,,,,,,,,
195,9,0.21,1,0.605,0,1.4,0.7,0.4,0.8,0.6,30,45,37.5,,,,,,,,,,,,,,,,,,,,,,,,,,,,,,,,,,,,,,,,,,,,,,,,,1,,,,,,,,,,,,
196,9,0.21,1,0.605,0,1.4,0.7,0.4,0.8,0.6,45,60,52.5,,,,,,,,,,,,,,,,,,,,,,,,,,,,,,,,,,,,,,,,,,,,,,,,,1,,,,,,,,,,,,
197,9,0.21,1,0.605,0,1.4,0.7,0.4,0.8,0.6,60,75,67.5,,,,,,,,,,,,,,,,,,,,,,,,,,,,,,,,,,,,,,,,,,,,,,,,,1,,,,,,,,,,,,
198,9,0.21,1,0.605,0,1.4,0.7,0.4,0.8,0.6,75,90,82.5,,,,,,,,,,,,,,,,,,,,,,,,,,,,,,,,,,,,,,,,,,,,,,,,,1,,,,,,,,,,,,
199,9,0.21,1,0.605,0,1.4,0.7,0.4,0.8,0.6,90,105,97.5,,,,,,,,,,,,,,,,,,,,,,,,,,,,,,,,,,,,,,,,,,,,,,,,,1,,,,,,,,,,,,
200,9,0.21,1,0.605,0,1.4,0.7,0.4,0.8,0.6,105,120,112.5,,,,,,,,,,,,,,,,,,,,,,,,,,,,,,,,,,,,,,,,,,,,,,,,,1,,,,,,,,,,,,
201,9,0.21,1,0.605,0,1.4,0.7,0.4,0.8,0.6,120,135,127.5,,,,,,,,,,,,,,,,,,,,,,,,,,,,,,,,,,,,,,,,,,,,,,,,,1,,,,,,,,,,,,
202,9,0.21,1,0.605,0,1.4,0.7,0.4,0.8,0.6,135,150,142.5,,,,,,,,,,,,,,,,,,,,,,,,,,,,,,,,,,,,,,,,,,,,,,,,,1,,,,,,,,,,,,
203,9,0.21,1,0.605,0,1.4,0.7,0.4,0.8,0.6,150,165,157.5,,,,,,,,,,,,,,,,,,,,,,,,,,,,,,,,,,,,,,,,,,,,,,,,,1,,,,,,,,,,,,
204,9,0.21,1,0.605,0,1.4,0.7,0.4,0.8,0.6,165,180,172.5,,,,,,,,,,,,,,,,,,,,,,,,,,,,,,,,,,,,,,,,,,,,,,,,,1,,,,,,,,,,,,
205,9,0.21,1,0.605,0,1.4,0.7,0.4,0.8,0.6,180,195,187.5,,,,,,,,,,,,,,,,,,,,,,,,,,,,,,,,,,,,,,,,,,,,,,,,,1,,,,,,,,,,,,
206,9,0.21,1,0.605,0,1.4,0.7,0.4,0.8,0.6,195,210,202.5,,,,,,,,,,,,,,,,,,,,,,,,,,,,,,,,,,,,,,,,,,,,,,,,,1,,,,,,,,,,,,
207,9,0.21,1,0.605,0,1.4,0.7,0.4,0.8,0.6,210,225,217.5,,,,,,,,,,,,,,,,,,,,,,,,,,,,,,,,,,,,,,,,,,,,,,,,,1,,,,,,,,,,,,
208,9,0.21,1,0.605,0,1.4,0.7,0.4,0.8,0.6,225,240,232.5,,,,,,,,,,,,,,,,,,,,,,,,,,,,,,,,,,,,,,,,,,,,,,,,,1,,,,,,,,,,,,
209,9,0.21,1,0.605,0,1.4,0.7,0.4,0.8,0.6,240,255,247.5,,,,,,,,,,,,,,,,,,,,,,,,,,,,,,,,,,,,,,,,,,,,,,,,,1,,,,,,,,,,,,
210,9,0.21,1,0.605,0,1.4,0.7,0.4,0.8,0.6,255,270,262.5,,,,,,,,,,,,,,,,,,,,,,,,,,,,,,,,,,,,,,,,,,,,,,,,,1,,,,,,,,,,,,
211,9,0.21,1,0.605,0,1.4,0.7,0.4,0.8,0.6,270,285,277.5,,,,,,,,,,,,,,,,,,,,,,,,,,,,,,,,,,,,,,,,,,,,,,,,,1,,,,,,,,,,,,
212,9,0.21,1,0.605,0,1.4,0.7,0.4,0.8,0.6,285,300,292.5,,,,,,,,,,,,,,,,,,,,,,,,,,,,,,,,,,,,,,,,,,,,,,,,,1,,,,,,,,,,,,
213,9,0.21,1,0.605,0,1.4,0.7,0.4,0.8,0.6,300,315,307.5,,,,,,,,,,,,,,,,,,,,,,,,,,,,,,,,,,,,,,,,,,,,,,,,,1,,,,,,,,,,,,
214,9,0.21,1,0.605,0,1.4,0.7,0.4,0.8,0.6,315,330,322.5,,,,,,,,,,,,,,,,,,,,,,,,,,,,,,,,,,,,,,,,,,,,,,,,,1,,,,,,,,,,,,
215,9,0.21,1,0.605,0,1.4,0.7,0.4,0.8,0.6,330,345,337.5,,,,,,,,,,,,,,,,,,,,,,,,,,,,,,,,,,,,,,,,,,,,,,,,,1,,,,,,,,,,,,
216,9,0.21,1,0.605,0,1.4,0.7,0.4,0.8,0.6,345,360,352.5,,,,,,,,,,,,,,,,,,,,,,,,,,,,,,,,,,,,,,,,,,,,,,,,,1,,,,,,,,,,,,
217,10,0,0.13,0.065,0,1.4,0.7,0.8,100,50.4,0,15,7.5,,,,,,,,,,,,,,,,,,,,,,,,,,,,,,,,,,,,,,,,,,,,,,,,,1,,,,,,,,,,,,
218,10,0,0.13,0.065,0,1.4,0.7,0.8,100,50.4,15,30,22.5,,,,,,,,,,,,,,,,,,,,,,,,,,,,,,,,,,,,,,,,,,,,,,,,,1,,,,,,,,,,,,
219,10,0,0.13,0.065,0,1.4,0.7,0.8,100,50.4,30,45,37.5,,,,,,,,,,,,,,,,,,,,,,,,,,,,,,,,,,,,,,,,,,,,,,,,,1,,,,,,,,,,,,
220,10,0,0.13,0.065,0,1.4,0.7,0.8,100,50.4,45,60,52.5,,,,,,,,,,,,,,,,,,,,,,,,,,,,,,,,,,,,,,,,,,,,,,,,,1,,,,,,,,,,,,
221,10,0,0.13,0.065,0,1.4,0.7,0.8,100,50.4,60,75,67.5,,,,,,,,,,,,,,,,,,,,,,,,,,,,,,,,,,,,,,,,,,,,,,,,,1,,,,,,,,,,,,
222,10,0,0.13,0.065,0,1.4,0.7,0.8,100,50.4,75,90,82.5,,,,,,,,,,,,,,,,,,,,,,,,,,,,,,,,,,,,,,,,,,,,,,,,,1,,,,,,,,,,,,
223,10,0,0.13,0.065,0,1.4,0.7,0.8,100,50.4,90,105,97.5,,,,,,,,,,,,,,,,,,,,,,,,,,,,,,,,,,,,,,,,,,,,,,,,,1,,,,,,,,,,,,
224,10,0,0.13,0.065,0,1.4,0.7,0.8,100,50.4,105,120,112.5,,,,,,,,,,,,,,,,,,,,,,,,,,,,,,,,,,,,,,,,,,,,,,,,,1,,,,,,,,,,,,
225,10,0,0.13,0.065,0,1.4,0.7,0.8,100,50.4,120,135,127.5,,,,,,,,,,,,,,,,,,,,,,,,,,,,,,,,,,,,,,,,,,,,,,,,,1,,,,,,,,,,,,
226,10,0,0.13,0.065,0,1.4,0.7,0.8,100,50.4,135,150,142.5,,,,,,,,,,,,,,,,,,,,,,,,,,,,,,,,,,,,,,,,,,,,,,,,,1,,,,,,,,,,,,
227,10,0,0.13,0.065,0,1.4,0.7,0.8,100,50.4,150,165,157.5,,,,,,,,,,,,,,,,,,,,,,,,,,,,,,,,,,,,,,,,,,,,,,,,,1,,,,,,,,,,,,
228,10,0,0.13,0.065,0,1.4,0.7,0.8,100,50.4,165,180,172.5,,,,,,,,,,,,,,,,,,,,,,,,,,,,,,,,,,,,,,,,,,,,,,,,,1,,,,,,,,,,,,
229,10,0,0.13,0.065,0,1.4,0.7,0.8,100,50.4,180,195,187.5,,,,,,,,,,,,,,,,,,,,,,,,,,,,,,,,,,,,,,,,,,,,,,,,,1,,,,,,,,,,,,
230,10,0,0.13,0.065,0,1.4,0.7,0.8,100,50.4,195,210,202.5,,,,,,,,,,,,,,,,,,,,,,,,,,,,,,,,,,,,,,,,,,,,,,,,,1,,,,,,,,,,,,
231,10,0,0.13,0.065,0,1.4,0.7,0.8,100,50.4,210,225,217.5,,,,,,,,,,,,,,,,,,,,,,,,,,,,,,,,,,,,,,,,,,,,,,,,,1,,,,,,,,,,,,
232,10,0,0.13,0.065,0,1.4,0.7,0.8,100,50.4,225,240,232.5,,,,,,,,,,,,,,,,,,,,,,,,,,,,,,,,,,,,,,,,,,,,,,,,,1,,,,,,,,,,,,
233,10,0,0.13,0.065,0,1.4,0.7,0.8,100,50.4,240,255,247.5,,,,,,,,,,,,,,,,,,,,,,,,,,,,,,,,,,,,,,,,,,,,,,,,,1,,,,,,,,,,,,
234,10,0,0.13,0.065,0,1.4,0.7,0.8,100,50.4,255,270,262.5,,,,,,,,,,,,,,,,,,,,,,,,,,,,,,,,,,,,,,,,,,,,,,,,,1,,,,,,,,,,,,
235,10,0,0.13,0.065,0,1.4,0.7,0.8,100,50.4,270,285,277.5,,,,,,,,,,,,,,,,,,,,,,,,,,,,,,,,,,,,,,,,,,,,,,,,,1,,,,,,,,,,,,
236,10,0,0.13,0.065,0,1.4,0.7,0.8,100,50.4,285,300,292.5,,,,,,,,,,,,,,,,,,,,,,,,,,,,,,,,,,,,,,,,,,,,,,,,,1,,,,,,,,,,,,
237,10,0,0.13,0.065,0,1.4,0.7,0.8,100,50.4,300,315,307.5,,,,,,,,,,,,,,,,,,,,,,,,,,,,,,,,,,,,,,,,,,,,,,,,,1,,,,,,,,,,,,
238,10,0,0.13,0.065,0,1.4,0.7,0.8,100,50.4,315,330,322.5,,,,,,,,,,,,,,,,,,,,,,,,,,,,,,,,,,,,,,,,,,,,,,,,,1,,,,,,,,,,,,
239,10,0,0.13,0.065,0,1.4,0.7,0.8,100,50.4,330,345,337.5,,,,,,,,,,,,,,,,,,,,,,,,,,,,,,,,,,,,,,,,,,,,,,,,,1,,,,,,,,,,,,
240,10,0,0.13,0.065,0,1.4,0.7,0.8,100,50.4,345,360,352.5,,,,,,,,,,,,,,,,,,,,,,,,,,,,,,,,,,,,,,,,,,,,,,,,,1,,,,,,,,,,,,
241,11,0.13,0.21,0.17,0,1.4,0.7,0.8,100,50.4,0,15,7.5,,,,,,,,,,,,,,,,,,,,,,,,,,,,,,,,,,,,,,,,,,,,,,,,,1,,,,,,,,,,,,
242,11,0.13,0.21,0.17,0,1.4,0.7,0.8,100,50.4,15,30,22.5,,,,,,,,,,,,,,,,,,,,,,,,,,,,,,,,,,,,,,,,,,,,,,,,,1,,,,,,,,,,,,
243,11,0.13,0.21,0.17,0,1.4,0.7,0.8,100,50.4,30,45,37.5,,,,,,,,,,,,,,,,,,,,,,,,,,,,,,,,,,,,,,,,,,,,,,,,,1,,,,,,,,,,,,
244,11,0.13,0.21,0.17,0,1.4,0.7,0.8,100,50.4,45,60,52.5,,,,,,,,,,,,,,,,,,,,,,,,,,,,,,,,,,,,,,,,,,,,,,,,,1,,,,,,,,,,,,
245,11,0.13,0.21,0.17,0,1.4,0.7,0.8,100,50.4,60,75,67.5,,,,,,,,,,,,,,,,,,,,,,,,,,,,,,,,,,,,,,,,,,,,,,,,,1,,,,,,,,,,,,
246,11,0.13,0.21,0.17,0,1.4,0.7,0.8,100,50.4,75,90,82.5,,,,,,,,,,,,,,,,,,,,,,,,,,,,,,,,,,,,,,,,,,,,,,,,,1,,,,,,,,,,,,
247,11,0.13,0.21,0.17,0,1.4,0.7,0.8,100,50.4,90,105,97.5,,,,,,,,,,,,,,,,,,,,,,,,,,,,,,,,,,,,,,,,,,,,,,,,,1,,,,,,,,,,,,
248,11,0.13,0.21,0.17,0,1.4,0.7,0.8,100,50.4,105,120,112.5,,,,,,,,,,,,,,,,,,,,,,,,,,,,,,,,,,,,,,,,,,,,,,,,,1,,,,,,,,,,,,
249,11,0.13,0.21,0.17,0,1.4,0.7,0.8,100,50.4,120,135,127.5,,,,,,,,,,,,,,,,,,,,,,,,,,,,,,,,,,,,,,,,,,,,,,,,,1,,,,,,,,,,,,
250,11,0.13,0.21,0.17,0,1.4,0.7,0.8,100,50.4,135,150,142.5,,,,,,,,,,,,,,,,,,,,,,,,,,,,,,,,,,,,,,,,,,,,,,,,,1,,,,,,,,,,,,
251,11,0.13,0.21,0.17,0,1.4,0.7,0.8,100,50.4,150,165,157.5,,,,,,,,,,,,,,,,,,,,,,,,,,,,,,,,,,,,,,,,,,,,,,,,,1,,,,,,,,,,,,
252,11,0.13,0.21,0.17,0,1.4,0.7,0.8,100,50.4,165,180,172.5,,,,,,,,,,,,,,,,,,,,,,,,,,,,,,,,,,,,,,,,,,,,,,,,,1,,,,,,,,,,,,
253,11,0.13,0.21,0.17,0,1.4,0.7,0.8,100,50.4,180,195,187.5,,,,,,,,,,,,,,,,,,,,,,,,,,,,,,,,,,,,,,,,,,,,,,,,,1,,,,,,,,,,,,
254,11,0.13,0.21,0.17,0,1.4,0.7,0.8,100,50.4,195,210,202.5,,,,,,,,,,,,,,,,,,,,,,,,,,,,,,,,,,,,,,,,,,,,,,,,,1,,,,,,,,,,,,
255,11,0.13,0.21,0.17,0,1.4,0.7,0.8,100,50.4,210,225,217.5,,,,,,,,,,,,,,,,,,,,,,,,,,,,,,,,,,,,,,,,,,,,,,,,,1,,,,,,,,,,,,
256,11,0.13,0.21,0.17,0,1.4,0.7,0.8,100,50.4,225,240,232.5,,,,,,,,,,,,,,,,,,,,,,,,,,,,,,,,,,,,,,,,,,,,,,,,,1,,,,,,,,,,,,
257,11,0.13,0.21,0.17,0,1.4,0.7,0.8,100,50.4,240,255,247.5,,,,,,,,,,,,,,,,,,,,,,,,,,,,,,,,,,,,,,,,,,,,,,,,,1,,,,,,,,,,,,
258,11,0.13,0.21,0.17,0,1.4,0.7,0.8,100,50.4,255,270,262.5,,,,,,,,,,,,,,,,,,,,,,,,,,,,,,,,,,,,,,,,,,,,,,,,,1,,,,,,,,,,,,
259,11,0.13,0.21,0.17,0,1.4,0.7,0.8,100,50.4,270,285,277.5,,,,,,,,,,,,,,,,,,,,,,,,,,,,,,,,,,,,,,,,,,,,,,,,,1,,,,,,,,,,,,
260,11,0.13,0.21,0.17,0,1.4,0.7,0.8,100,50.4,285,300,292.5,,,,,,,,,,,,,,,,,,,,,,,,,,,,,,,,,,,,,,,,,,,,,,,,,1,,,,,,,,,,,,
261,11,0.13,0.21,0.17,0,1.4,0.7,0.8,100,50.4,300,315,307.5,,,,,,,,,,,,,,,,,,,,,,,,,,,,,,,,,,,,,,,,,,,,,,,,,1,,,,,,,,,,,,
262,11,0.13,0.21,0.17,0,1.4,0.7,0.8,100,50.4,315,330,322.5,,,,,,,,,,,,,,,,,,,,,,,,,,,,,,,,,,,,,,,,,,,,,,,,,1,,,,,,,,,,,,
263,11,0.13,0.21,0.17,0,1.4,0.7,0.8,100,50.4,330,345,337.5,,,,,,,,,,,,,,,,,,,,,,,,,,,,,,,,,,,,,,,,,,,,,,,,,1,,,,,,,,,,,,
264,11,0.13,0.21,0.17,0,1.4,0.7,0.8,100,50.4,345,360,352.5,,,,,,,,,,,,,,,,,,,,,,,,,,,,,,,,,,,,,,,,,,,,,,,,,1,,,,,,,,,,,,
265,12,0.21,1,0.605,0,1.4,0.7,0.8,100,50.4,0,15,7.5,,,,,,,,,,,,,,,,,,,,,,,,,,,,,,,,,,,,,,,,,,,,,,,,,1,,,,,,,,,,,,
266,12,0.21,1,0.605,0,1.4,0.7,0.8,100,50.4,15,30,22.5,,,,,,,,,,,,,,,,,,,,,,,,,,,,,,,,,,,,,,,,,,,,,,,,,1,,,,,,,,,,,,
267,12,0.21,1,0.605,0,1.4,0.7,0.8,100,50.4,30,45,37.5,,,,,,,,,,,,,,,,,,,,,,,,,,,,,,,,,,,,,,,,,,,,,,,,,1,,,,,,,,,,,,
268,12,0.21,1,0.605,0,1.4,0.7,0.8,100,50.4,45,60,52.5,,,,,,,,,,,,,,,,,,,,,,,,,,,,,,,,,,,,,,,,,,,,,,,,,1,,,,,,,,,,,,
269,12,0.21,1,0.605,0,1.4,0.7,0.8,100,50.4,60,75,67.5,,,,,,,,,,,,,,,,,,,,,,,,,,,,,,,,,,,,,,,,,,,,,,,,,1,,,,,,,,,,,,
270,12,0.21,1,0.605,0,1.4,0.7,0.8,100,50.4,75,90,82.5,,,,,,,,,,,,,,,,,,,,,,,,,,,,,,,,,,,,,,,,,,,,,,,,,1,,,,,,,,,,,,
271,12,0.21,1,0.605,0,1.4,0.7,0.8,100,50.4,90,105,97.5,,,,,,,,,,,,,,,,,,,,,,,,,,,,,,,,,,,,,,,,,,,,,,,,,1,,,,,,,,,,,,
272,12,0.21,1,0.605,0,1.4,0.7,0.8,100,50.4,105,120,112.5,,,,,,,,,,,,,,,,,,,,,,,,,,,,,,,,,,,,,,,,,,,,,,,,,1,,,,,,,,,,,,
273,12,0.21,1,0.605,0,1.4,0.7,0.8,100,50.4,120,135,127.5,,,,,,,,,,,,,,,,,,,,,,,,,,,,,,,,,,,,,,,,,,,,,,,,,1,,,,,,,,,,,,
274,12,0.21,1,0.605,0,1.4,0.7,0.8,100,50.4,135,150,142.5,,,,,,,,,,,,,,,,,,,,,,,,,,,,,,,,,,,,,,,,,,,,,,,,,1,,,,,,,,,,,,
275,12,0.21,1,0.605,0,1.4,0.7,0.8,100,50.4,150,165,157.5,,,,,,,,,,,,,,,,,,,,,,,,,,,,,,,,,,,,,,,,,,,,,,,,,1,,,,,,,,,,,,
276,12,0.21,1,0.605,0,1.4,0.7,0.8,100,50.4,165,180,172.5,,,,,,,,,,,,,,,,,,,,,,,,,,,,,,,,,,,,,,,,,,,,,,,,,1,,,,,,,,,,,,
277,12,0.21,1,0.605,0,1.4,0.7,0.8,100,50.4,180,195,187.5,,,,,,,,,,,,,,,,,,,,,,,,,,,,,,,,,,,,,,,,,,,,,,,,,1,,,,,,,,,,,,
278,12,0.21,1,0.605,0,1.4,0.7,0.8,100,50.4,195,210,202.5,,,,,,,,,,,,,,,,,,,,,,,,,,,,,,,,,,,,,,,,,,,,,,,,,1,,,,,,,,,,,,
279,12,0.21,1,0.605,0,1.4,0.7,0.8,100,50.4,210,225,217.5,,,,,,,,,,,,,,,,,,,,,,,,,,,,,,,,,,,,,,,,,,,,,,,,,1,,,,,,,,,,,,
280,12,0.21,1,0.605,0,1.4,0.7,0.8,100,50.4,225,240,232.5,,,,,,,,,,,,,,,,,,,,,,,,,,,,,,,,,,,,,,,,,,,,,,,,,1,,,,,,,,,,,,
281,12,0.21,1,0.605,0,1.4,0.7,0.8,100,50.4,240,255,247.5,,,,,,,,,,,,,,,,,,,,,,,,,,,,,,,,,,,,,,,,,,,,,,,,,1,,,,,,,,,,,,
282,12,0.21,1,0.605,0,1.4,0.7,0.8,100,50.4,255,270,262.5,,,,,,,,,,,,,,,,,,,,,,,,,,,,,,,,,,,,,,,,,,,,,,,,,1,,,,,,,,,,,,
283,12,0.21,1,0.605,0,1.4,0.7,0.8,100,50.4,270,285,277.5,,,,,,,,,,,,,,,,,,,,,,,,,,,,,,,,,,,,,,,,,,,,,,,,,1,,,,,,,,,,,,
284,12,0.21,1,0.605,0,1.4,0.7,0.8,100,50.4,285,300,292.5,,,,,,,,,,,,,,,,,,,,,,,,,,,,,,,,,,,,,,,,,,,,,,,,,1,,,,,,,,,,,,
285,12,0.21,1,0.605,0,1.4,0.7,0.8,100,50.4,300,315,307.5,,,,,,,,,,,,,,,,,,,,,,,,,,,,,,,,,,,,,,,,,,,,,,,,,1,,,,,,,,,,,,
286,12,0.21,1,0.605,0,1.4,0.7,0.8,100,50.4,315,330,322.5,,,,,,,,,,,,,,,,,,,,,,,,,,,,,,,,,,,,,,,,,,,,,,,,,1,,,,,,,,,,,,
287,12,0.21,1,0.605,0,1.4,0.7,0.8,100,50.4,330,345,337.5,,,,,,,,,,,,,,,,,,,,,,,,,,,,,,,,,,,,,,,,,,,,,,,,,1,,,,,,,,,,,,
288,12,0.21,1,0.605,0,1.4,0.7,0.8,100,50.4,345,360,352.5,,,,,,,,,,,,,,,,,,,,,,,,,,,,,,,,,,,,,,,,,,,,,,,,,1,,,,,,,,,,,,
289,13,0,0.13,0.065,1.4,1.8,1.6,0,0.2,0.1,0,15,7.5,,,,,,,,,,,,,,,,,,,,,,,,,,,,,,,,,,,,,,,,,,,,,,,,,1,,,,,,,,,,,,
290,13,0,0.13,0.065,1.4,1.8,1.6,0,0.2,0.1,15,30,22.5,,,,,,,,,,,,,,,,,,,,,,,,,,,,,,,,,,,,,,,,,,,,,,,,,1,,,,,,,,,,,,
291,13,0,0.13,0.065,1.4,1.8,1.6,0,0.2,0.1,30,45,37.5,,,,,,,,,,,,,,,,,,,,,,,,,,,,,,,,,,,,,,,,,,,,,,,,,1,,,,,,,,,,,,
292,13,0,0.13,0.065,1.4,1.8,1.6,0,0.2,0.1,45,60,52.5,,,,,,,,,,,,,,,,,,,,,,,,,,,,,,,,,,,,,,,,,,,,,,,,,1,,,,,,,,,,,,
293,13,0,0.13,0.065,1.4,1.8,1.6,0,0.2,0.1,60,75,67.5,,,,,,,,,,,,,,,,,,,,,,,,,,,,,,,,,,,,,,,,,,,,,,,,,1,,,,,,,,,,,,
294,13,0,0.13,0.065,1.4,1.8,1.6,0,0.2,0.1,75,90,82.5,,,,,,,,,,,,,,,,,,,,,,,,,,,,,,,,,,,,,,,,,,,,,,,,,1,,,,,,,,,,,,
295,13,0,0.13,0.065,1.4,1.8,1.6,0,0.2,0.1,90,105,97.5,,,,,,,,,,,,,,,,,,,,,,,,,,,,,,,,,,,,,,,,,,,,,,,,,1,,,,,,,,,,,,
296,13,0,0.13,0.065,1.4,1.8,1.6,0,0.2,0.1,105,120,112.5,,,,,,,,,,,,,,,,,,,,,,,,,,,,,,,,,,,,,,,,,,,,,,,,,1,,,,,,,,,,,,
297,13,0,0.13,0.065,1.4,1.8,1.6,0,0.2,0.1,120,135,127.5,,,,,,,,,,,,,,,,,,,,,,,,,,,,,,,,,,,,,,,,,,,,,,,,,1,,,,,,,,,,,,
298,13,0,0.13,0.065,1.4,1.8,1.6,0,0.2,0.1,135,150,142.5,,,,,,,,,,,,,,,,,,,,,,,,,,,,,,,,,,,,,,,,,,,,,,,,,1,,,,,,,,,,,,
299,13,0,0.13,0.065,1.4,1.8,1.6,0,0.2,0.1,150,165,157.5,,,,,,,,,,,,,,,,,,,,,,,,,,,,,,,,,,,,,,,,,,,,,,,,,1,,,,,,,,,,,,
300,13,0,0.13,0.065,1.4,1.8,1.6,0,0.2,0.1,165,180,172.5,,,,,,,,,,,,,,,,,,,,,,,,,,,,,,,,,,,,,,,,,,,,,,,,,1,,,,,,,,,,,,
301,13,0,0.13,0.065,1.4,1.8,1.6,0,0.2,0.1,180,195,187.5,,,,,,,,,,,,,,,,,,,,,,,,,,,,,,,,,,,,,,,,,,,,,,,,,1,,,,,,,,,,,,
302,13,0,0.13,0.065,1.4,1.8,1.6,0,0.2,0.1,195,210,202.5,,,,,,,,,,,,,,,,,,,,,,,,,,,,,,,,,,,,,,,,,,,,,,,,,1,,,,,,,,,,,,
303,13,0,0.13,0.065,1.4,1.8,1.6,0,0.2,0.1,210,225,217.5,,,,,,,,,,,,,,,,,,,,,,,,,,,,,,,,,,,,,,,,,,,,,,,,,1,,,,,,,,,,,,
304,13,0,0.13,0.065,1.4,1.8,1.6,0,0.2,0.1,225,240,232.5,,,,,,,,,,,,,,,,,,,,,,,,,,,,,,,,,,,,,,,,,,,,,,,,,1,,,,,,,,,,,,
305,13,0,0.13,0.065,1.4,1.8,1.6,0,0.2,0.1,240,255,247.5,,,,,,,,,,,,,,,,,,,,,,,,,,,,,,,,,,,,,,,,,,,,,,,,,1,,,,,,,,,,,,
306,13,0,0.13,0.065,1.4,1.8,1.6,0,0.2,0.1,255,270,262.5,,,,,,,,,,,,,,,,,,,,,,,,,,,,,,,,,,,,,,,,,,,,,,,,,1,,,,,,,,,,,,
307,13,0,0.13,0.065,1.4,1.8,1.6,0,0.2,0.1,270,285,277.5,,,,,,,,,,,,,,,,,,,,,,,,,,,,,,,,,,,,,,,,,,,,,,,,,1,,,,,,,,,,,,
308,13,0,0.13,0.065,1.4,1.8,1.6,0,0.2,0.1,285,300,292.5,,,,,,,,,,,,,,,,,,,,,,,,,,,,,,,,,,,,,,,,,,,,,,,,,1,,,,,,,,,,,,
309,13,0,0.13,0.065,1.4,1.8,1.6,0,0.2,0.1,300,315,307.5,,,,,,,,,,,,,,,,,,,,,,,,,,,,,,,,,,,,,,,,,,,,,,,,,1,,,,,,,,,,,,
310,13,0,0.13,0.065,1.4,1.8,1.6,0,0.2,0.1,315,330,322.5,,,,,,,,,,,,,,,,,,,,,,,,,,,,,,,,,,,,,,,,,,,,,,,,,1,,,,,,,,,,,,
311,13,0,0.13,0.065,1.4,1.8,1.6,0,0.2,0.1,330,345,337.5,,,,,,,,,,,,,,,,,,,,,,,,,,,,,,,,,,,,,,,,,,,,,,,,,1,,,,,,,,,,,,
312,13,0,0.13,0.065,1.4,1.8,1.6,0,0.2,0.1,345,360,352.5,,,,,,,,,,,,,,,,,,,,,,,,,,,,,,,,,,,,,,,,,,,,,,,,,1,,,,,,,,,,,,
313,14,0.13,0.21,0.17,1.4,1.8,1.6,0,0.2,0.1,0,15,7.5,,,,,,,,,,,,,,,,,,,,,,,,,,,,,,,,,,,,,,,,,,,,,,,,,1,,,,,,,,,,,,
314,14,0.13,0.21,0.17,1.4,1.8,1.6,0,0.2,0.1,15,30,22.5,,,,,,,,,,,,,,,,,,,,,,,,,,,,,,,,,,,,,,,,,,,,,,,,,1,,,,,,,,,,,,
315,14,0.13,0.21,0.17,1.4,1.8,1.6,0,0.2,0.1,30,45,37.5,,,,,,,,,,,,,,,,,,,,,,,,,,,,,,,,,,,,,,,,,,,,,,,,,1,,,,,,,,,,,,
316,14,0.13,0.21,0.17,1.4,1.8,1.6,0,0.2,0.1,45,60,52.5,,,,,,,,,,,,,,,,,,,,,,,,,,,,,,,,,,,,,,,,,,,,,,,,,1,,,,,,,,,,,,
317,14,0.13,0.21,0.17,1.4,1.8,1.6,0,0.2,0.1,60,75,67.5,,,,,,,,,,,,,,,,,,,,,,,,,,,,,,,,,,,,,,,,,,,,,,,,,1,,,,,,,,,,,,
318,14,0.13,0.21,0.17,1.4,1.8,1.6,0,0.2,0.1,75,90,82.5,,,,,,,,,,,,,,,,,,,,,,,,,,,,,,,,,,,,,,,,,,,,,,,,,1,,,,,,,,,,,,
319,14,0.13,0.21,0.17,1.4,1.8,1.6,0,0.2,0.1,90,105,97.5,,,,,,,,,,,,,,,,,,,,,,,,,,,,,,,,,,,,,,,,,,,,,,,,,1,,,,,,,,,,,,
320,14,0.13,0.21,0.17,1.4,1.8,1.6,0,0.2,0.1,105,120,112.5,,,,,,,,,,,,,,,,,,,,,,,,,,,,,,,,,,,,,,,,,,,,,,,,,1,,,,,,,,,,,,
321,14,0.13,0.21,0.17,1.4,1.8,1.6,0,0.2,0.1,120,135,127.5,,,,,,,,,,,,,,,,,,,,,,,,,,,,,,,,,,,,,,,,,,,,,,,,,1,,,,,,,,,,,,
322,14,0.13,0.21,0.17,1.4,1.8,1.6,0,0.2,0.1,135,150,142.5,,,,,,,,,,,,,,,,,,,,,,,,,,,,,,,,,,,,,,,,,,,,,,,,,1,,,,,,,,,,,,
323,14,0.13,0.21,0.17,1.4,1.8,1.6,0,0.2,0.1,150,165,157.5,,,,,,,,,,,,,,,,,,,,,,,,,,,,,,,,,,,,,,,,,,,,,,,,,1,,,,,,,,,,,,
324,14,0.13,0.21,0.17,1.4,1.8,1.6,0,0.2,0.1,165,180,172.5,,,,,,,,,,,,,,,,,,,,,,,,,,,,,,,,,,,,,,,,,,,,,,,,,1,,,,,,,,,,,,
325,14,0.13,0.21,0.17,1.4,1.8,1.6,0,0.2,0.1,180,195,187.5,,,,,,,,,,,,,,,,,,,,,,,,,,,,,,,,,,,,,,,,,,,,,,,,,1,,,,,,,,,,,,
326,14,0.13,0.21,0.17,1.4,1.8,1.6,0,0.2,0.1,195,210,202.5,,,,,,,,,,,,,,,,,,,,,,,,,,,,,,,,,,,,,,,,,,,,,,,,,1,,,,,,,,,,,,
327,14,0.13,0.21,0.17,1.4,1.8,1.6,0,0.2,0.1,210,225,217.5,,,,,,,,,,,,,,,,,,,,,,,,,,,,,,,,,,,,,,,,,,,,,,,,,1,,,,,,,,,,,,
328,14,0.13,0.21,0.17,1.4,1.8,1.6,0,0.2,0.1,225,240,232.5,,,,,,,,,,,,,,,,,,,,,,,,,,,,,,,,,,,,,,,,,,,,,,,,,1,,,,,,,,,,,,
329,14,0.13,0.21,0.17,1.4,1.8,1.6,0,0.2,0.1,240,255,247.5,,,,,,,,,,,,,,,,,,,,,,,,,,,,,,,,,,,,,,,,,,,,,,,,,1,,,,,,,,,,,,
330,14,0.13,0.21,0.17,1.4,1.8,1.6,0,0.2,0.1,255,270,262.5,,,,,,,,,,,,,,,,,,,,,,,,,,,,,,,,,,,,,,,,,,,,,,,,,1,,,,,,,,,,,,
331,14,0.13,0.21,0.17,1.4,1.8,1.6,0,0.2,0.1,270,285,277.5,,,,,,,,,,,,,,,,,,,,,,,,,,,,,,,,,,,,,,,,,,,,,,,,,1,,,,,,,,,,,,
332,14,0.13,0.21,0.17,1.4,1.8,1.6,0,0.2,0.1,285,300,292.5,,,,,,,,,,,,,,,,,,,,,,,,,,,,,,,,,,,,,,,,,,,,,,,,,1,,,,,,,,,,,,
333,14,0.13,0.21,0.17,1.4,1.8,1.6,0,0.2,0.1,300,315,307.5,,,,,,,,,,,,,,,,,,,,,,,,,,,,,,,,,,,,,,,,,,,,,,,,,1,,,,,,,,,,,,
334,14,0.13,0.21,0.17,1.4,1.8,1.6,0,0.2,0.1,315,330,322.5,,,,,,,,,,,,,,,,,,,,,,,,,,,,,,,,,,,,,,,,,,,,,,,,,1,,,,,,,,,,,,
335,14,0.13,0.21,0.17,1.4,1.8,1.6,0,0.2,0.1,330,345,337.5,,,,,,,,,,,,,,,,,,,,,,,,,,,,,,,,,,,,,,,,,,,,,,,,,1,,,,,,,,,,,,
336,14,0.13,0.21,0.17,1.4,1.8,1.6,0,0.2,0.1,345,360,352.5,,,,,,,,,,,,,,,,,,,,,,,,,,,,,,,,,,,,,,,,,,,,,,,,,1,,,,,,,,,,,,
337,15,0.21,1,0.605,1.4,1.8,1.6,0,0.2,0.1,0,15,7.5,,,,,,,,,,,,,,,,,,,,,,,,,,,,,,,,,,,,,,,,,,,,,,,,,1,,,,,,,,,,,,
338,15,0.21,1,0.605,1.4,1.8,1.6,0,0.2,0.1,15,30,22.5,,,,,,,,,,,,,,,,,,,,,,,,,,,,,,,,,,,,,,,,,,,,,,,,,1,,,,,,,,,,,,
339,15,0.21,1,0.605,1.4,1.8,1.6,0,0.2,0.1,30,45,37.5,,,,,,,,,,,,,,,,,,,,,,,,,,,,,,,,,,,,,,,,,,,,,,,,,1,,,,,,,,,,,,
340,15,0.21,1,0.605,1.4,1.8,1.6,0,0.2,0.1,45,60,52.5,,,,,,,,,,,,,,,,,,,,,,,,,,,,,,,,,,,,,,,,,,,,,,,,,1,,,,,,,,,,,,
341,15,0.21,1,0.605,1.4,1.8,1.6,0,0.2,0.1,60,75,67.5,,,,,,,,,,,,,,,,,,,,,,,,,,,,,,,,,,,,,,,,,,,,,,,,,1,,,,,,,,,,,,
342,15,0.21,1,0.605,1.4,1.8,1.6,0,0.2,0.1,75,90,82.5,,,,,,,,,,,,,,,,,,,,,,,,,,,,,,,,,,,,,,,,,,,,,,,,,1,,,,,,,,,,,,
343,15,0.21,1,0.605,1.4,1.8,1.6,0,0.2,0.1,90,105,97.5,,,,,,,,,,,,,,,,,,,,,,,,,,,,,,,,,,,,,,,,,,,,,,,,,1,,,,,,,,,,,,
344,15,0.21,1,0.605,1.4,1.8,1.6,0,0.2,0.1,105,120,112.5,,,,,,,,,,,,,,,,,,,,,,,,,,,,,,,,,,,,,,,,,,,,,,,,,1,,,,,,,,,,,,
345,15,0.21,1,0.605,1.4,1.8,1.6,0,0.2,0.1,120,135,127.5,,,,,,,,,,,,,,,,,,,,,,,,,,,,,,,,,,,,,,,,,,,,,,,,,1,,,,,,,,,,,,
346,15,0.21,1,0.605,1.4,1.8,1.6,0,0.2,0.1,135,150,142.5,,,,,,,,,,,,,,,,,,,,,,,,,,,,,,,,,,,,,,,,,,,,,,,,,1,,,,,,,,,,,,
347,15,0.21,1,0.605,1.4,1.8,1.6,0,0.2,0.1,150,165,157.5,,,,,,,,,,,,,,,,,,,,,,,,,,,,,,,,,,,,,,,,,,,,,,,,,1,,,,,,,,,,,,
348,15,0.21,1,0.605,1.4,1.8,1.6,0,0.2,0.1,165,180,172.5,,,,,,,,,,,,,,,,,,,,,,,,,,,,,,,,,,,,,,,,,,,,,,,,,1,,,,,,,,,,,,
349,15,0.21,1,0.605,1.4,1.8,1.6,0,0.2,0.1,180,195,187.5,,,,,,,,,,,,,,,,,,,,,,,,,,,,,,,,,,,,,,,,,,,,,,,,,1,,,,,,,,,,,,
350,15,0.21,1,0.605,1.4,1.8,1.6,0,0.2,0.1,195,210,202.5,,,,,,,,,,,,,,,,,,,,,,,,,,,,,,,,,,,,,,,,,,,,,,,,,1,,,,,,,,,,,,
351,15,0.21,1,0.605,1.4,1.8,1.6,0,0.2,0.1,210,225,217.5,,,,,,,,,,,,,,,,,,,,,,,,,,,,,,,,,,,,,,,,,,,,,,,,,1,,,,,,,,,,,,
352,15,0.21,1,0.605,1.4,1.8,1.6,0,0.2,0.1,225,240,232.5,,,,,,,,,,,,,,,,,,,,,,,,,,,,,,,,,,,,,,,,,,,,,,,,,1,,,,,,,,,,,,
353,15,0.21,1,0.605,1.4,1.8,1.6,0,0.2,0.1,240,255,247.5,,,,,,,,,,,,,,,,,,,,,,,,,,,,,,,,,,,,,,,,,,,,,,,,,1,,,,,,,,,,,,
354,15,0.21,1,0.605,1.4,1.8,1.6,0,0.2,0.1,255,270,262.5,,,,,,,,,,,,,,,,,,,,,,,,,,,,,,,,,,,,,,,,,,,,,,,,,1,,,,,,,,,,,,
355,15,0.21,1,0.605,1.4,1.8,1.6,0,0.2,0.1,270,285,277.5,,,,,,,,,,,,,,,,,,,,,,,,,,,,,,,,,,,,,,,,,,,,,,,,,1,,,,,,,,,,,,
356,15,0.21,1,0.605,1.4,1.8,1.6,0,0.2,0.1,285,300,292.5,,,,,,,,,,,,,,,,,,,,,,,,,,,,,,,,,,,,,,,,,,,,,,,,,1,,,,,,,,,,,,
357,15,0.21,1,0.605,1.4,1.8,1.6,0,0.2,0.1,300,315,307.5,,,,,,,,,,,,,,,,,,,,,,,,,,,,,,,,,,,,,,,,,,,,,,,,,1,,,,,,,,,,,,
358,15,0.21,1,0.605,1.4,1.8,1.6,0,0.2,0.1,315,330,322.5,,,,,,,,,,,,,,,,,,,,,,,,,,,,,,,,,,,,,,,,,,,,,,,,,1,,,,,,,,,,,,
359,15,0.21,1,0.605,1.4,1.8,1.6,0,0.2,0.1,330,345,337.5,,,,,,,,,,,,,,,,,,,,,,,,,,,,,,,,,,,,,,,,,,,,,,,,,1,,,,,,,,,,,,
360,15,0.21,1,0.605,1.4,1.8,1.6,0,0.2,0.1,345,360,352.5,,,,,,,,,,,,,,,,,,,,,,,,,,,,,,,,,,,,,,,,,,,,,,,,,1,,,,,,,,,,,,
361,16,0,0.13,0.065,1.4,1.8,1.6,0.2,0.4,0.3,0,15,7.5,,,,,,,,,,,,,,,,,,,,,,,,,,,,,,,,,,,,,,,,,,,,,,,,,1,,,,,,,,,,,,
362,16,0,0.13,0.065,1.4,1.8,1.6,0.2,0.4,0.3,15,30,22.5,,,,,,,,,,,,,,,,,,,,,,,,,,,,,,,,,,,,,,,,,,,,,,,,,1,,,,,,,,,,,,
363,16,0,0.13,0.065,1.4,1.8,1.6,0.2,0.4,0.3,30,45,37.5,,,,,,,,,,,,,,,,,,,,,,,,,,,,,,,,,,,,,,,,,,,,,,,,,1,,,,,,,,,,,,
364,16,0,0.13,0.065,1.4,1.8,1.6,0.2,0.4,0.3,45,60,52.5,,,,,,,,,,,,,,,,,,,,,,,,,,,,,,,,,,,,,,,,,,,,,,,,,1,,,,,,,,,,,,
365,16,0,0.13,0.065,1.4,1.8,1.6,0.2,0.4,0.3,60,75,67.5,,,,,,,,,,,,,,,,,,,,,,,,,,,,,,,,,,,,,,,,,,,,,,,,,1,,,,,,,,,,,,
366,16,0,0.13,0.065,1.4,1.8,1.6,0.2,0.4,0.3,75,90,82.5,,,,,,,,,,,,,,,,,,,,,,,,,,,,,,,,,,,,,,,,,,,,,,,,,1,,,,,,,,,,,,
367,16,0,0.13,0.065,1.4,1.8,1.6,0.2,0.4,0.3,90,105,97.5,,,,,,,,,,,,,,,,,,,,,,,,,,,,,,,,,,,,,,,,,,,,,,,,,1,,,,,,,,,,,,
368,16,0,0.13,0.065,1.4,1.8,1.6,0.2,0.4,0.3,105,120,112.5,,,,,,,,,,,,,,,,,,,,,,,,,,,,,,,,,,,,,,,,,,,,,,,,,1,,,,,,,,,,,,
369,16,0,0.13,0.065,1.4,1.8,1.6,0.2,0.4,0.3,120,135,127.5,,,,,,,,,,,,,,,,,,,,,,,,,,,,,,,,,,,,,,,,,,,,,,,,,1,,,,,,,,,,,,
370,16,0,0.13,0.065,1.4,1.8,1.6,0.2,0.4,0.3,135,150,142.5,,,,,,,,,,,,,,,,,,,,,,,,,,,,,,,,,,,,,,,,,,,,,,,,,1,,,,,,,,,,,,
371,16,0,0.13,0.065,1.4,1.8,1.6,0.2,0.4,0.3,150,165,157.5,,,,,,,,,,,,,,,,,,,,,,,,,,,,,,,,,,,,,,,,,,,,,,,,,1,,,,,,,,,,,,
372,16,0,0.13,0.065,1.4,1.8,1.6,0.2,0.4,0.3,165,180,172.5,,,,,,,,,,,,,,,,,,,,,,,,,,,,,,,,,,,,,,,,,,,,,,,,,1,,,,,,,,,,,,
373,16,0,0.13,0.065,1.4,1.8,1.6,0.2,0.4,0.3,180,195,187.5,,,,,,,,,,,,,,,,,,,,,,,,,,,,,,,,,,,,,,,,,,,,,,,,,1,,,,,,,,,,,,
374,16,0,0.13,0.065,1.4,1.8,1.6,0.2,0.4,0.3,195,210,202.5,,,,,,,,,,,,,,,,,,,,,,,,,,,,,,,,,,,,,,,,,,,,,,,,,1,,,,,,,,,,,,
375,16,0,0.13,0.065,1.4,1.8,1.6,0.2,0.4,0.3,210,225,217.5,,,,,,,,,,,,,,,,,,,,,,,,,,,,,,,,,,,,,,,,,,,,,,,,,1,,,,,,,,,,,,
376,16,0,0.13,0.065,1.4,1.8,1.6,0.2,0.4,0.3,225,240,232.5,,,,,,,,,,,,,,,,,,,,,,,,,,,,,,,,,,,,,,,,,,,,,,,,,1,,,,,,,,,,,,
377,16,0,0.13,0.065,1.4,1.8,1.6,0.2,0.4,0.3,240,255,247.5,,,,,,,,,,,,,,,,,,,,,,,,,,,,,,,,,,,,,,,,,,,,,,,,,1,,,,,,,,,,,,
378,16,0,0.13,0.065,1.4,1.8,1.6,0.2,0.4,0.3,255,270,262.5,,,,,,,,,,,,,,,,,,,,,,,,,,,,,,,,,,,,,,,,,,,,,,,,,1,,,,,,,,,,,,
379,16,0,0.13,0.065,1.4,1.8,1.6,0.2,0.4,0.3,270,285,277.5,,,,,,,,,,,,,,,,,,,,,,,,,,,,,,,,,,,,,,,,,,,,,,,,,1,,,,,,,,,,,,
380,16,0,0.13,0.065,1.4,1.8,1.6,0.2,0.4,0.3,285,300,292.5,,,,,,,,,,,,,,,,,,,,,,,,,,,,,,,,,,,,,,,,,,,,,,,,,1,,,,,,,,,,,,
381,16,0,0.13,0.065,1.4,1.8,1.6,0.2,0.4,0.3,300,315,307.5,,,,,,,,,,,,,,,,,,,,,,,,,,,,,,,,,,,,,,,,,,,,,,,,,1,,,,,,,,,,,,
382,16,0,0.13,0.065,1.4,1.8,1.6,0.2,0.4,0.3,315,330,322.5,,,,,,,,,,,,,,,,,,,,,,,,,,,,,,,,,,,,,,,,,,,,,,,,,1,,,,,,,,,,,,
383,16,0,0.13,0.065,1.4,1.8,1.6,0.2,0.4,0.3,330,345,337.5,,,,,,,,,,,,,,,,,,,,,,,,,,,,,,,,,,,,,,,,,,,,,,,,,1,,,,,,,,,,,,
384,16,0,0.13,0.065,1.4,1.8,1.6,0.2,0.4,0.3,345,360,352.5,,,,,,,,,,,,,,,,,,,,,,,,,,,,,,,,,,,,,,,,,,,,,,,,,1,,,,,,,,,,,,
385,17,0.13,0.21,0.17,1.4,1.8,1.6,0.2,0.4,0.3,0,15,7.5,,,,,,,,,,,,,,,,,,,,,,,,,,,,,,,,,,,,,,,,,,,,,,,,,1,,,,,,,,,,,,
386,17,0.13,0.21,0.17,1.4,1.8,1.6,0.2,0.4,0.3,15,30,22.5,,,,,,,,,,,,,,,,,,,,,,,,,,,,,,,,,,,,,,,,,,,,,,,,,1,,,,,,,,,,,,
387,17,0.13,0.21,0.17,1.4,1.8,1.6,0.2,0.4,0.3,30,45,37.5,,,,,,,,,,,,,,,,,,,,,,,,,,,,,,,,,,,,,,,,,,,,,,,,,1,,,,,,,,,,,,
388,17,0.13,0.21,0.17,1.4,1.8,1.6,0.2,0.4,0.3,45,60,52.5,,,,,,,,,,,,,,,,,,,,,,,,,,,,,,,,,,,,,,,,,,,,,,,,,1,,,,,,,,,,,,
389,17,0.13,0.21,0.17,1.4,1.8,1.6,0.2,0.4,0.3,60,75,67.5,,,,,,,,,,,,,,,,,,,,,,,,,,,,,,,,,,,,,,,,,,,,,,,,,1,,,,,,,,,,,,
390,17,0.13,0.21,0.17,1.4,1.8,1.6,0.2,0.4,0.3,75,90,82.5,,,,,,,,,,,,,,,,,,,,,,,,,,,,,,,,,,,,,,,,,,,,,,,,,1,,,,,,,,,,,,
391,17,0.13,0.21,0.17,1.4,1.8,1.6,0.2,0.4,0.3,90,105,97.5,,,,,,,,,,,,,,,,,,,,,,,,,,,,,,,,,,,,,,,,,,,,,,,,,1,,,,,,,,,,,,
392,17,0.13,0.21,0.17,1.4,1.8,1.6,0.2,0.4,0.3,105,120,112.5,,,,,,,,,,,,,,,,,,,,,,,,,,,,,,,,,,,,,,,,,,,,,,,,,1,,,,,,,,,,,,
393,17,0.13,0.21,0.17,1.4,1.8,1.6,0.2,0.4,0.3,120,135,127.5,,,,,,,,,,,,,,,,,,,,,,,,,,,,,,,,,,,,,,,,,,,,,,,,,1,,,,,,,,,,,,
394,17,0.13,0.21,0.17,1.4,1.8,1.6,0.2,0.4,0.3,135,150,142.5,,,,,,,,,,,,,,,,,,,,,,,,,,,,,,,,,,,,,,,,,,,,,,,,,1,,,,,,,,,,,,
395,17,0.13,0.21,0.17,1.4,1.8,1.6,0.2,0.4,0.3,150,165,157.5,,,,,,,,,,,,,,,,,,,,,,,,,,,,,,,,,,,,,,,,,,,,,,,,,1,,,,,,,,,,,,
396,17,0.13,0.21,0.17,1.4,1.8,1.6,0.2,0.4,0.3,165,180,172.5,,,,,,,,,,,,,,,,,,,,,,,,,,,,,,,,,,,,,,,,,,,,,,,,,1,,,,,,,,,,,,
397,17,0.13,0.21,0.17,1.4,1.8,1.6,0.2,0.4,0.3,180,195,187.5,,,,,,,,,,,,,,,,,,,,,,,,,,,,,,,,,,,,,,,,,,,,,,,,,1,,,,,,,,,,,,
398,17,0.13,0.21,0.17,1.4,1.8,1.6,0.2,0.4,0.3,195,210,202.5,,,,,,,,,,,,,,,,,,,,,,,,,,,,,,,,,,,,,,,,,,,,,,,,,1,,,,,,,,,,,,
399,17,0.13,0.21,0.17,1.4,1.8,1.6,0.2,0.4,0.3,210,225,217.5,,,,,,,,,,,,,,,,,,,,,,,,,,,,,,,,,,,,,,,,,,,,,,,,,1,,,,,,,,,,,,
400,17,0.13,0.21,0.17,1.4,1.8,1.6,0.2,0.4,0.3,225,240,232.5,,,,,,,,,,,,,,,,,,,,,,,,,,,,,,,,,,,,,,,,,,,,,,,,,1,,,,,,,,,,,,
401,17,0.13,0.21,0.17,1.4,1.8,1.6,0.2,0.4,0.3,240,255,247.5,,,,,,,,,,,,,,,,,,,,,,,,,,,,,,,,,,,,,,,,,,,,,,,,,1,,,,,,,,,,,,
402,17,0.13,0.21,0.17,1.4,1.8,1.6,0.2,0.4,0.3,255,270,262.5,,,,,,,,,,,,,,,,,,,,,,,,,,,,,,,,,,,,,,,,,,,,,,,,,1,,,,,,,,,,,,
403,17,0.13,0.21,0.17,1.4,1.8,1.6,0.2,0.4,0.3,270,285,277.5,,,,,,,,,,,,,,,,,,,,,,,,,,,,,,,,,,,,,,,,,,,,,,,,,1,,,,,,,,,,,,
404,17,0.13,0.21,0.17,1.4,1.8,1.6,0.2,0.4,0.3,285,300,292.5,,,,,,,,,,,,,,,,,,,,,,,,,,,,,,,,,,,,,,,,,,,,,,,,,1,,,,,,,,,,,,
405,17,0.13,0.21,0.17,1.4,1.8,1.6,0.2,0.4,0.3,300,315,307.5,,,,,,,,,,,,,,,,,,,,,,,,,,,,,,,,,,,,,,,,,,,,,,,,,1,,,,,,,,,,,,
406,17,0.13,0.21,0.17,1.4,1.8,1.6,0.2,0.4,0.3,315,330,322.5,,,,,,,,,,,,,,,,,,,,,,,,,,,,,,,,,,,,,,,,,,,,,,,,,1,,,,,,,,,,,,
407,17,0.13,0.21,0.17,1.4,1.8,1.6,0.2,0.4,0.3,330,345,337.5,,,,,,,,,,,,,,,,,,,,,,,,,,,,,,,,,,,,,,,,,,,,,,,,,1,,,,,,,,,,,,
408,17,0.13,0.21,0.17,1.4,1.8,1.6,0.2,0.4,0.3,345,360,352.5,,,,,,,,,,,,,,,,,,,,,,,,,,,,,,,,,,,,,,,,,,,,,,,,,1,,,,,,,,,,,,
409,18,0.21,1,0.605,1.4,1.8,1.6,0.2,0.4,0.3,0,15,7.5,,,,,,,,,,,,,,,,,,,,,,,,,,,,,,,,,,,,,,,,,,,,,,,,,1,,,,,,,,,,,,
410,18,0.21,1,0.605,1.4,1.8,1.6,0.2,0.4,0.3,15,30,22.5,,,,,,,,,,,,,,,,,,,,,,,,,,,,,,,,,,,,,,,,,,,,,,,,,1,,,,,,,,,,,,
411,18,0.21,1,0.605,1.4,1.8,1.6,0.2,0.4,0.3,30,45,37.5,,,,,,,,,,,,,,,,,,,,,,,,,,,,,,,,,,,,,,,,,,,,,,,,,1,,,,,,,,,,,,
412,18,0.21,1,0.605,1.4,1.8,1.6,0.2,0.4,0.3,45,60,52.5,,,,,,,,,,,,,,,,,,,,,,,,,,,,,,,,,,,,,,,,,,,,,,,,,1,,,,,,,,,,,,
413,18,0.21,1,0.605,1.4,1.8,1.6,0.2,0.4,0.3,60,75,67.5,,,,,,,,,,,,,,,,,,,,,,,,,,,,,,,,,,,,,,,,,,,,,,,,,1,,,,,,,,,,,,
414,18,0.21,1,0.605,1.4,1.8,1.6,0.2,0.4,0.3,75,90,82.5,,,,,,,,,,,,,,,,,,,,,,,,,,,,,,,,,,,,,,,,,,,,,,,,,1,,,,,,,,,,,,
415,18,0.21,1,0.605,1.4,1.8,1.6,0.2,0.4,0.3,90,105,97.5,,,,,,,,,,,,,,,,,,,,,,,,,,,,,,,,,,,,,,,,,,,,,,,,,1,,,,,,,,,,,,
416,18,0.21,1,0.605,1.4,1.8,1.6,0.2,0.4,0.3,105,120,112.5,,,,,,,,,,,,,,,,,,,,,,,,,,,,,,,,,,,,,,,,,,,,,,,,,1,,,,,,,,,,,,
417,18,0.21,1,0.605,1.4,1.8,1.6,0.2,0.4,0.3,120,135,127.5,,,,,,,,,,,,,,,,,,,,,,,,,,,,,,,,,,,,,,,,,,,,,,,,,1,,,,,,,,,,,,
418,18,0.21,1,0.605,1.4,1.8,1.6,0.2,0.4,0.3,135,150,142.5,,,,,,,,,,,,,,,,,,,,,,,,,,,,,,,,,,,,,,,,,,,,,,,,,1,,,,,,,,,,,,
419,18,0.21,1,0.605,1.4,1.8,1.6,0.2,0.4,0.3,150,165,157.5,,,,,,,,,,,,,,,,,,,,,,,,,,,,,,,,,,,,,,,,,,,,,,,,,1,,,,,,,,,,,,
420,18,0.21,1,0.605,1.4,1.8,1.6,0.2,0.4,0.3,165,180,172.5,,,,,,,,,,,,,,,,,,,,,,,,,,,,,,,,,,,,,,,,,,,,,,,,,1,,,,,,,,,,,,
421,18,0.21,1,0.605,1.4,1.8,1.6,0.2,0.4,0.3,180,195,187.5,,,,,,,,,,,,,,,,,,,,,,,,,,,,,,,,,,,,,,,,,,,,,,,,,1,,,,,,,,,,,,
422,18,0.21,1,0.605,1.4,1.8,1.6,0.2,0.4,0.3,195,210,202.5,,,,,,,,,,,,,,,,,,,,,,,,,,,,,,,,,,,,,,,,,,,,,,,,,1,,,,,,,,,,,,
423,18,0.21,1,0.605,1.4,1.8,1.6,0.2,0.4,0.3,210,225,217.5,,,,,,,,,,,,,,,,,,,,,,,,,,,,,,,,,,,,,,,,,,,,,,,,,1,,,,,,,,,,,,
424,18,0.21,1,0.605,1.4,1.8,1.6,0.2,0.4,0.3,225,240,232.5,,,,,,,,,,,,,,,,,,,,,,,,,,,,,,,,,,,,,,,,,,,,,,,,,1,,,,,,,,,,,,
425,18,0.21,1,0.605,1.4,1.8,1.6,0.2,0.4,0.3,240,255,247.5,,,,,,,,,,,,,,,,,,,,,,,,,,,,,,,,,,,,,,,,,,,,,,,,,1,,,,,,,,,,,,
426,18,0.21,1,0.605,1.4,1.8,1.6,0.2,0.4,0.3,255,270,262.5,,,,,,,,,,,,,,,,,,,,,,,,,,,,,,,,,,,,,,,,,,,,,,,,,1,,,,,,,,,,,,
427,18,0.21,1,0.605,1.4,1.8,1.6,0.2,0.4,0.3,270,285,277.5,,,,,,,,,,,,,,,,,,,,,,,,,,,,,,,,,,,,,,,,,,,,,,,,,1,,,,,,,,,,,,
428,18,0.21,1,0.605,1.4,1.8,1.6,0.2,0.4,0.3,285,300,292.5,,,,,,,,,,,,,,,,,,,,,,,,,,,,,,,,,,,,,,,,,,,,,,,,,1,,,,,,,,,,,,
429,18,0.21,1,0.605,1.4,1.8,1.6,0.2,0.4,0.3,300,315,307.5,,,,,,,,,,,,,,,,,,,,,,,,,,,,,,,,,,,,,,,,,,,,,,,,,1,,,,,,,,,,,,
430,18,0.21,1,0.605,1.4,1.8,1.6,0.2,0.4,0.3,315,330,322.5,,,,,,,,,,,,,,,,,,,,,,,,,,,,,,,,,,,,,,,,,,,,,,,,,1,,,,,,,,,,,,
431,18,0.21,1,0.605,1.4,1.8,1.6,0.2,0.4,0.3,330,345,337.5,,,,,,,,,,,,,,,,,,,,,,,,,,,,,,,,,,,,,,,,,,,,,,,,,1,,,,,,,,,,,,
432,18,0.21,1,0.605,1.4,1.8,1.6,0.2,0.4,0.3,345,360,352.5,,,,,,,,,,,,,,,,,,,,,,,,,,,,,,,,,,,,,,,,,,,,,,,,,1,,,,,,,,,,,,
433,19,0,0.13,0.065,1.4,1.8,1.6,0.4,0.8,0.6,0,15,7.5,,,,,,,,,,,,,,,,,,,,,,,,,,,,,,,,,,,,,,,,,,,,,,,,,1,,,,,,,,,,,,
434,19,0,0.13,0.065,1.4,1.8,1.6,0.4,0.8,0.6,15,30,22.5,,,,,,,,,,,,,,,,,,,,,,,,,,,,,,,,,,,,,,,,,,,,,,,,,1,,,,,,,,,,,,
435,19,0,0.13,0.065,1.4,1.8,1.6,0.4,0.8,0.6,30,45,37.5,,,,,,,,,,,,,,,,,,,,,,,,,,,,,,,,,,,,,,,,,,,,,,,,,1,,,,,,,,,,,,
436,19,0,0.13,0.065,1.4,1.8,1.6,0.4,0.8,0.6,45,60,52.5,,,,,,,,,,,,,,,,,,,,,,,,,,,,,,,,,,,,,,,,,,,,,,,,,1,,,,,,,,,,,,
437,19,0,0.13,0.065,1.4,1.8,1.6,0.4,0.8,0.6,60,75,67.5,,,,,,,,,,,,,,,,,,,,,,,,,,,,,,,,,,,,,,,,,,,,,,,,,1,,,,,,,,,,,,
438,19,0,0.13,0.065,1.4,1.8,1.6,0.4,0.8,0.6,75,90,82.5,,,,,,,,,,,,,,,,,,,,,,,,,,,,,,,,,,,,,,,,,,,,,,,,,1,,,,,,,,,,,,
439,19,0,0.13,0.065,1.4,1.8,1.6,0.4,0.8,0.6,90,105,97.5,,,,,,,,,,,,,,,,,,,,,,,,,,,,,,,,,,,,,,,,,,,,,,,,,1,,,,,,,,,,,,
440,19,0,0.13,0.065,1.4,1.8,1.6,0.4,0.8,0.6,105,120,112.5,,,,,,,,,,,,,,,,,,,,,,,,,,,,,,,,,,,,,,,,,,,,,,,,,1,,,,,,,,,,,,
441,19,0,0.13,0.065,1.4,1.8,1.6,0.4,0.8,0.6,120,135,127.5,,,,,,,,,,,,,,,,,,,,,,,,,,,,,,,,,,,,,,,,,,,,,,,,,1,,,,,,,,,,,,
442,19,0,0.13,0.065,1.4,1.8,1.6,0.4,0.8,0.6,135,150,142.5,,,,,,,,,,,,,,,,,,,,,,,,,,,,,,,,,,,,,,,,,,,,,,,,,1,,,,,,,,,,,,
443,19,0,0.13,0.065,1.4,1.8,1.6,0.4,0.8,0.6,150,165,157.5,,,,,,,,,,,,,,,,,,,,,,,,,,,,,,,,,,,,,,,,,,,,,,,,,1,,,,,,,,,,,,
444,19,0,0.13,0.065,1.4,1.8,1.6,0.4,0.8,0.6,165,180,172.5,,,,,,,,,,,,,,,,,,,,,,,,,,,,,,,,,,,,,,,,,,,,,,,,,1,,,,,,,,,,,,
445,19,0,0.13,0.065,1.4,1.8,1.6,0.4,0.8,0.6,180,195,187.5,,,,,,,,,,,,,,,,,,,,,,,,,,,,,,,,,,,,,,,,,,,,,,,,,1,,,,,,,,,,,,
446,19,0,0.13,0.065,1.4,1.8,1.6,0.4,0.8,0.6,195,210,202.5,,,,,,,,,,,,,,,,,,,,,,,,,,,,,,,,,,,,,,,,,,,,,,,,,1,,,,,,,,,,,,
447,19,0,0.13,0.065,1.4,1.8,1.6,0.4,0.8,0.6,210,225,217.5,,,,,,,,,,,,,,,,,,,,,,,,,,,,,,,,,,,,,,,,,,,,,,,,,1,,,,,,,,,,,,
448,19,0,0.13,0.065,1.4,1.8,1.6,0.4,0.8,0.6,225,240,232.5,,,,,,,,,,,,,,,,,,,,,,,,,,,,,,,,,,,,,,,,,,,,,,,,,1,,,,,,,,,,,,
449,19,0,0.13,0.065,1.4,1.8,1.6,0.4,0.8,0.6,240,255,247.5,,,,,,,,,,,,,,,,,,,,,,,,,,,,,,,,,,,,,,,,,,,,,,,,,1,,,,,,,,,,,,
450,19,0,0.13,0.065,1.4,1.8,1.6,0.4,0.8,0.6,255,270,262.5,,,,,,,,,,,,,,,,,,,,,,,,,,,,,,,,,,,,,,,,,,,,,,,,,1,,,,,,,,,,,,
451,19,0,0.13,0.065,1.4,1.8,1.6,0.4,0.8,0.6,270,285,277.5,,,,,,,,,,,,,,,,,,,,,,,,,,,,,,,,,,,,,,,,,,,,,,,,,1,,,,,,,,,,,,
452,19,0,0.13,0.065,1.4,1.8,1.6,0.4,0.8,0.6,285,300,292.5,,,,,,,,,,,,,,,,,,,,,,,,,,,,,,,,,,,,,,,,,,,,,,,,,1,,,,,,,,,,,,
453,19,0,0.13,0.065,1.4,1.8,1.6,0.4,0.8,0.6,300,315,307.5,,,,,,,,,,,,,,,,,,,,,,,,,,,,,,,,,,,,,,,,,,,,,,,,,1,,,,,,,,,,,,
454,19,0,0.13,0.065,1.4,1.8,1.6,0.4,0.8,0.6,315,330,322.5,,,,,,,,,,,,,,,,,,,,,,,,,,,,,,,,,,,,,,,,,,,,,,,,,1,,,,,,,,,,,,
455,19,0,0.13,0.065,1.4,1.8,1.6,0.4,0.8,0.6,330,345,337.5,,,,,,,,,,,,,,,,,,,,,,,,,,,,,,,,,,,,,,,,,,,,,,,,,1,,,,,,,,,,,,
456,19,0,0.13,0.065,1.4,1.8,1.6,0.4,0.8,0.6,345,360,352.5,,,,,,,,,,,,,,,,,,,,,,,,,,,,,,,,,,,,,,,,,,,,,,,,,1,,,,,,,,,,,,
457,20,0.13,0.21,0.17,1.4,1.8,1.6,0.4,0.8,0.6,0,15,7.5,,,,,,,,,,,,,,,,,,,,,,,,,,,,,,,,,,,,,,,,,,,,,,,,,1,,,,,,,,,,,,
458,20,0.13,0.21,0.17,1.4,1.8,1.6,0.4,0.8,0.6,15,30,22.5,,,,,,,,,,,,,,,,,,,,,,,,,,,,,,,,,,,,,,,,,,,,,,,,,1,,,,,,,,,,,,
459,20,0.13,0.21,0.17,1.4,1.8,1.6,0.4,0.8,0.6,30,45,37.5,,,,,,,,,,,,,,,,,,,,,,,,,,,,,,,,,,,,,,,,,,,,,,,,,1,,,,,,,,,,,,
460,20,0.13,0.21,0.17,1.4,1.8,1.6,0.4,0.8,0.6,45,60,52.5,,,,,,,,,,,,,,,,,,,,,,,,,,,,,,,,,,,,,,,,,,,,,,,,,1,,,,,,,,,,,,
461,20,0.13,0.21,0.17,1.4,1.8,1.6,0.4,0.8,0.6,60,75,67.5,,,,,,,,,,,,,,,,,,,,,,,,,,,,,,,,,,,,,,,,,,,,,,,,,1,,,,,,,,,,,,
462,20,0.13,0.21,0.17,1.4,1.8,1.6,0.4,0.8,0.6,75,90,82.5,,,,,,,,,,,,,,,,,,,,,,,,,,,,,,,,,,,,,,,,,,,,,,,,,1,,,,,,,,,,,,
463,20,0.13,0.21,0.17,1.4,1.8,1.6,0.4,0.8,0.6,90,105,97.5,,,,,,,,,,,,,,,,,,,,,,,,,,,,,,,,,,,,,,,,,,,,,,,,,1,,,,,,,,,,,,
464,20,0.13,0.21,0.17,1.4,1.8,1.6,0.4,0.8,0.6,105,120,112.5,,,,,,,,,,,,,,,,,,,,,,,,,,,,,,,,,,,,,,,,,,,,,,,,,1,,,,,,,,,,,,
465,20,0.13,0.21,0.17,1.4,1.8,1.6,0.4,0.8,0.6,120,135,127.5,,,,,,,,,,,,,,,,,,,,,,,,,,,,,,,,,,,,,,,,,,,,,,,,,1,,,,,,,,,,,,
466,20,0.13,0.21,0.17,1.4,1.8,1.6,0.4,0.8,0.6,135,150,142.5,,,,,,,,,,,,,,,,,,,,,,,,,,,,,,,,,,,,,,,,,,,,,,,,,1,,,,,,,,,,,,
467,20,0.13,0.21,0.17,1.4,1.8,1.6,0.4,0.8,0.6,150,165,157.5,,,,,,,,,,,,,,,,,,,,,,,,,,,,,,,,,,,,,,,,,,,,,,,,,1,,,,,,,,,,,,
468,20,0.13,0.21,0.17,1.4,1.8,1.6,0.4,0.8,0.6,165,180,172.5,,,,,,,,,,,,,,,,,,,,,,,,,,,,,,,,,,,,,,,,,,,,,,,,,1,,,,,,,,,,,,
469,20,0.13,0.21,0.17,1.4,1.8,1.6,0.4,0.8,0.6,180,195,187.5,,,,,,,,,,,,,,,,,,,,,,,,,,,,,,,,,,,,,,,,,,,,,,,,,1,,,,,,,,,,,,
470,20,0.13,0.21,0.17,1.4,1.8,1.6,0.4,0.8,0.6,195,210,202.5,,,,,,,,,,,,,,,,,,,,,,,,,,,,,,,,,,,,,,,,,,,,,,,,,1,,,,,,,,,,,,
471,20,0.13,0.21,0.17,1.4,1.8,1.6,0.4,0.8,0.6,210,225,217.5,,,,,,,,,,,,,,,,,,,,,,,,,,,,,,,,,,,,,,,,,,,,,,,,,1,,,,,,,,,,,,
472,20,0.13,0.21,0.17,1.4,1.8,1.6,0.4,0.8,0.6,225,240,232.5,,,,,,,,,,,,,,,,,,,,,,,,,,,,,,,,,,,,,,,,,,,,,,,,,1,,,,,,,,,,,,
473,20,0.13,0.21,0.17,1.4,1.8,1.6,0.4,0.8,0.6,240,255,247.5,,,,,,,,,,,,,,,,,,,,,,,,,,,,,,,,,,,,,,,,,,,,,,,,,1,,,,,,,,,,,,
474,20,0.13,0.21,0.17,1.4,1.8,1.6,0.4,0.8,0.6,255,270,262.5,,,,,,,,,,,,,,,,,,,,,,,,,,,,,,,,,,,,,,,,,,,,,,,,,1,,,,,,,,,,,,
475,20,0.13,0.21,0.17,1.4,1.8,1.6,0.4,0.8,0.6,270,285,277.5,,,,,,,,,,,,,,,,,,,,,,,,,,,,,,,,,,,,,,,,,,,,,,,,,1,,,,,,,,,,,,
476,20,0.13,0.21,0.17,1.4,1.8,1.6,0.4,0.8,0.6,285,300,292.5,,,,,,,,,,,,,,,,,,,,,,,,,,,,,,,,,,,,,,,,,,,,,,,,,1,,,,,,,,,,,,
477,20,0.13,0.21,0.17,1.4,1.8,1.6,0.4,0.8,0.6,300,315,307.5,,,,,,,,,,,,,,,,,,,,,,,,,,,,,,,,,,,,,,,,,,,,,,,,,1,,,,,,,,,,,,
478,20,0.13,0.21,0.17,1.4,1.8,1.6,0.4,0.8,0.6,315,330,322.5,,,,,,,,,,,,,,,,,,,,,,,,,,,,,,,,,,,,,,,,,,,,,,,,,1,,,,,,,,,,,,
479,20,0.13,0.21,0.17,1.4,1.8,1.6,0.4,0.8,0.6,330,345,337.5,,,,,,,,,,,,,,,,,,,,,,,,,,,,,,,,,,,,,,,,,,,,,,,,,1,,,,,,,,,,,,
480,20,0.13,0.21,0.17,1.4,1.8,1.6,0.4,0.8,0.6,345,360,352.5,,,,,,,,,,,,,,,,,,,,,,,,,,,,,,,,,,,,,,,,,,,,,,,,,1,,,,,,,,,,,,
481,21,0.21,1,0.605,1.4,1.8,1.6,0.4,0.8,0.6,0,15,7.5,,,,,,,,,,,,,,,,,,,,,,,,,,,,,,,,,,,,,,,,,,,,,,,,,1,,,,,,,,,,,,
482,21,0.21,1,0.605,1.4,1.8,1.6,0.4,0.8,0.6,15,30,22.5,,,,,,,,,,,,,,,,,,,,,,,,,,,,,,,,,,,,,,,,,,,,,,,,,1,,,,,,,,,,,,
483,21,0.21,1,0.605,1.4,1.8,1.6,0.4,0.8,0.6,30,45,37.5,,,,,,,,,,,,,,,,,,,,,,,,,,,,,,,,,,,,,,,,,,,,,,,,,1,,,,,,,,,,,,
484,21,0.21,1,0.605,1.4,1.8,1.6,0.4,0.8,0.6,45,60,52.5,,,,,,,,,,,,,,,,,,,,,,,,,,,,,,,,,,,,,,,,,,,,,,,,,1,,,,,,,,,,,,
485,21,0.21,1,0.605,1.4,1.8,1.6,0.4,0.8,0.6,60,75,67.5,,,,,,,,,,,,,,,,,,,,,,,,,,,,,,,,,,,,,,,,,,,,,,,,,1,,,,,,,,,,,,
486,21,0.21,1,0.605,1.4,1.8,1.6,0.4,0.8,0.6,75,90,82.5,,,,,,,,,,,,,,,,,,,,,,,,,,,,,,,,,,,,,,,,,,,,,,,,,1,,,,,,,,,,,,
487,21,0.21,1,0.605,1.4,1.8,1.6,0.4,0.8,0.6,90,105,97.5,,,,,,,,,,,,,,,,,,,,,,,,,,,,,,,,,,,,,,,,,,,,,,,,,1,,,,,,,,,,,,
488,21,0.21,1,0.605,1.4,1.8,1.6,0.4,0.8,0.6,105,120,112.5,,,,,,,,,,,,,,,,,,,,,,,,,,,,,,,,,,,,,,,,,,,,,,,,,1,,,,,,,,,,,,
489,21,0.21,1,0.605,1.4,1.8,1.6,0.4,0.8,0.6,120,135,127.5,,,,,,,,,,,,,,,,,,,,,,,,,,,,,,,,,,,,,,,,,,,,,,,,,1,,,,,,,,,,,,
490,21,0.21,1,0.605,1.4,1.8,1.6,0.4,0.8,0.6,135,150,142.5,,,,,,,,,,,,,,,,,,,,,,,,,,,,,,,,,,,,,,,,,,,,,,,,,1,,,,,,,,,,,,
491,21,0.21,1,0.605,1.4,1.8,1.6,0.4,0.8,0.6,150,165,157.5,,,,,,,,,,,,,,,,,,,,,,,,,,,,,,,,,,,,,,,,,,,,,,,,,1,,,,,,,,,,,,
492,21,0.21,1,0.605,1.4,1.8,1.6,0.4,0.8,0.6,165,180,172.5,,,,,,,,,,,,,,,,,,,,,,,,,,,,,,,,,,,,,,,,,,,,,,,,,1,,,,,,,,,,,,
493,21,0.21,1,0.605,1.4,1.8,1.6,0.4,0.8,0.6,180,195,187.5,,,,,,,,,,,,,,,,,,,,,,,,,,,,,,,,,,,,,,,,,,,,,,,,,1,,,,,,,,,,,,
494,21,0.21,1,0.605,1.4,1.8,1.6,0.4,0.8,0.6,195,210,202.5,,,,,,,,,,,,,,,,,,,,,,,,,,,,,,,,,,,,,,,,,,,,,,,,,1,,,,,,,,,,,,
495,21,0.21,1,0.605,1.4,1.8,1.6,0.4,0.8,0.6,210,225,217.5,,,,,,,,,,,,,,,,,,,,,,,,,,,,,,,,,,,,,,,,,,,,,,,,,1,,,,,,,,,,,,
496,21,0.21,1,0.605,1.4,1.8,1.6,0.4,0.8,0.6,225,240,232.5,,,,,,,,,,,,,,,,,,,,,,,,,,,,,,,,,,,,,,,,,,,,,,,,,1,,,,,,,,,,,,
497,21,0.21,1,0.605,1.4,1.8,1.6,0.4,0.8,0.6,240,255,247.5,,,,,,,,,,,,,,,,,,,,,,,,,,,,,,,,,,,,,,,,,,,,,,,,,1,,,,,,,,,,,,
498,21,0.21,1,0.605,1.4,1.8,1.6,0.4,0.8,0.6,255,270,262.5,,,,,,,,,,,,,,,,,,,,,,,,,,,,,,,,,,,,,,,,,,,,,,,,,1,,,,,,,,,,,,
499,21,0.21,1,0.605,1.4,1.8,1.6,0.4,0.8,0.6,270,285,277.5,,,,,,,,,,,,,,,,,,,,,,,,,,,,,,,,,,,,,,,,,,,,,,,,,1,,,,,,,,,,,,
500,21,0.21,1,0.605,1.4,1.8,1.6,0.4,0.8,0.6,285,300,292.5,,,,,,,,,,,,,,,,,,,,,,,,,,,,,,,,,,,,,,,,,,,,,,,,,1,,,,,,,,,,,,
501,21,0.21,1,0.605,1.4,1.8,1.6,0.4,0.8,0.6,300,315,307.5,,,,,,,,,,,,,,,,,,,,,,,,,,,,,,,,,,,,,,,,,,,,,,,,,1,,,,,,,,,,,,
502,21,0.21,1,0.605,1.4,1.8,1.6,0.4,0.8,0.6,315,330,322.5,,,,,,,,,,,,,,,,,,,,,,,,,,,,,,,,,,,,,,,,,,,,,,,,,1,,,,,,,,,,,,
503,21,0.21,1,0.605,1.4,1.8,1.6,0.4,0.8,0.6,330,345,337.5,,,,,,,,,,,,,,,,,,,,,,,,,,,,,,,,,,,,,,,,,,,,,,,,,1,,,,,,,,,,,,
504,21,0.21,1,0.605,1.4,1.8,1.6,0.4,0.8,0.6,345,360,352.5,,,,,,,,,,,,,,,,,,,,,,,,,,,,,,,,,,,,,,,,,,,,,,,,,1,,,,,,,,,,,,
505,22,0,0.13,0.065,1.4,1.8,1.6,0.8,100,50.4,0,15,7.5,,,,,,,,,,,,,,,,,,,,,,,,,,,,,,,,,,,,,,,,,,,,,,,,,1,,,,,,,,,,,,
506,22,0,0.13,0.065,1.4,1.8,1.6,0.8,100,50.4,15,30,22.5,,,,,,,,,,,,,,,,,,,,,,,,,,,,,,,,,,,,,,,,,,,,,,,,,1,,,,,,,,,,,,
507,22,0,0.13,0.065,1.4,1.8,1.6,0.8,100,50.4,30,45,37.5,,,,,,,,,,,,,,,,,,,,,,,,,,,,,,,,,,,,,,,,,,,,,,,,,1,,,,,,,,,,,,
508,22,0,0.13,0.065,1.4,1.8,1.6,0.8,100,50.4,45,60,52.5,,,,,,,,,,,,,,,,,,,,,,,,,,,,,,,,,,,,,,,,,,,,,,,,,1,,,,,,,,,,,,
509,22,0,0.13,0.065,1.4,1.8,1.6,0.8,100,50.4,60,75,67.5,,,,,,,,,,,,,,,,,,,,,,,,,,,,,,,,,,,,,,,,,,,,,,,,,1,,,,,,,,,,,,
510,22,0,0.13,0.065,1.4,1.8,1.6,0.8,100,50.4,75,90,82.5,,,,,,,,,,,,,,,,,,,,,,,,,,,,,,,,,,,,,,,,,,,,,,,,,1,,,,,,,,,,,,
511,22,0,0.13,0.065,1.4,1.8,1.6,0.8,100,50.4,90,105,97.5,,,,,,,,,,,,,,,,,,,,,,,,,,,,,,,,,,,,,,,,,,,,,,,,,1,,,,,,,,,,,,
512,22,0,0.13,0.065,1.4,1.8,1.6,0.8,100,50.4,105,120,112.5,,,,,,,,,,,,,,,,,,,,,,,,,,,,,,,,,,,,,,,,,,,,,,,,,1,,,,,,,,,,,,
513,22,0,0.13,0.065,1.4,1.8,1.6,0.8,100,50.4,120,135,127.5,,,,,,,,,,,,,,,,,,,,,,,,,,,,,,,,,,,,,,,,,,,,,,,,,1,,,,,,,,,,,,
514,22,0,0.13,0.065,1.4,1.8,1.6,0.8,100,50.4,135,150,142.5,,,,,,,,,,,,,,,,,,,,,,,,,,,,,,,,,,,,,,,,,,,,,,,,,1,,,,,,,,,,,,
515,22,0,0.13,0.065,1.4,1.8,1.6,0.8,100,50.4,150,165,157.5,,,,,,,,,,,,,,,,,,,,,,,,,,,,,,,,,,,,,,,,,,,,,,,,,1,,,,,,,,,,,,
516,22,0,0.13,0.065,1.4,1.8,1.6,0.8,100,50.4,165,180,172.5,,,,,,,,,,,,,,,,,,,,,,,,,,,,,,,,,,,,,,,,,,,,,,,,,1,,,,,,,,,,,,
517,22,0,0.13,0.065,1.4,1.8,1.6,0.8,100,50.4,180,195,187.5,,,,,,,,,,,,,,,,,,,,,,,,,,,,,,,,,,,,,,,,,,,,,,,,,1,,,,,,,,,,,,
518,22,0,0.13,0.065,1.4,1.8,1.6,0.8,100,50.4,195,210,202.5,,,,,,,,,,,,,,,,,,,,,,,,,,,,,,,,,,,,,,,,,,,,,,,,,1,,,,,,,,,,,,
519,22,0,0.13,0.065,1.4,1.8,1.6,0.8,100,50.4,210,225,217.5,,,,,,,,,,,,,,,,,,,,,,,,,,,,,,,,,,,,,,,,,,,,,,,,,1,,,,,,,,,,,,
520,22,0,0.13,0.065,1.4,1.8,1.6,0.8,100,50.4,225,240,232.5,,,,,,,,,,,,,,,,,,,,,,,,,,,,,,,,,,,,,,,,,,,,,,,,,1,,,,,,,,,,,,
521,22,0,0.13,0.065,1.4,1.8,1.6,0.8,100,50.4,240,255,247.5,,,,,,,,,,,,,,,,,,,,,,,,,,,,,,,,,,,,,,,,,,,,,,,,,1,,,,,,,,,,,,
522,22,0,0.13,0.065,1.4,1.8,1.6,0.8,100,50.4,255,270,262.5,,,,,,,,,,,,,,,,,,,,,,,,,,,,,,,,,,,,,,,,,,,,,,,,,1,,,,,,,,,,,,
523,22,0,0.13,0.065,1.4,1.8,1.6,0.8,100,50.4,270,285,277.5,,,,,,,,,,,,,,,,,,,,,,,,,,,,,,,,,,,,,,,,,,,,,,,,,1,,,,,,,,,,,,
524,22,0,0.13,0.065,1.4,1.8,1.6,0.8,100,50.4,285,300,292.5,,,,,,,,,,,,,,,,,,,,,,,,,,,,,,,,,,,,,,,,,,,,,,,,,1,,,,,,,,,,,,
525,22,0,0.13,0.065,1.4,1.8,1.6,0.8,100,50.4,300,315,307.5,,,,,,,,,,,,,,,,,,,,,,,,,,,,,,,,,,,,,,,,,,,,,,,,,1,,,,,,,,,,,,
526,22,0,0.13,0.065,1.4,1.8,1.6,0.8,100,50.4,315,330,322.5,,,,,,,,,,,,,,,,,,,,,,,,,,,,,,,,,,,,,,,,,,,,,,,,,1,,,,,,,,,,,,
527,22,0,0.13,0.065,1.4,1.8,1.6,0.8,100,50.4,330,345,337.5,,,,,,,,,,,,,,,,,,,,,,,,,,,,,,,,,,,,,,,,,,,,,,,,,1,,,,,,,,,,,,
528,22,0,0.13,0.065,1.4,1.8,1.6,0.8,100,50.4,345,360,352.5,,,,,,,,,,,,,,,,,,,,,,,,,,,,,,,,,,,,,,,,,,,,,,,,,1,,,,,,,,,,,,
529,23,0.13,0.21,0.17,1.4,1.8,1.6,0.8,100,50.4,0,15,7.5,,,,,,,,,,,,,,,,,,,,,,,,,,,,,,,,,,,,,,,,,,,,,,,,,1,,,,,,,,,,,,
530,23,0.13,0.21,0.17,1.4,1.8,1.6,0.8,100,50.4,15,30,22.5,,,,,,,,,,,,,,,,,,,,,,,,,,,,,,,,,,,,,,,,,,,,,,,,,1,,,,,,,,,,,,
531,23,0.13,0.21,0.17,1.4,1.8,1.6,0.8,100,50.4,30,45,37.5,,,,,,,,,,,,,,,,,,,,,,,,,,,,,,,,,,,,,,,,,,,,,,,,,1,,,,,,,,,,,,
532,23,0.13,0.21,0.17,1.4,1.8,1.6,0.8,100,50.4,45,60,52.5,,,,,,,,,,,,,,,,,,,,,,,,,,,,,,,,,,,,,,,,,,,,,,,,,1,,,,,,,,,,,,
533,23,0.13,0.21,0.17,1.4,1.8,1.6,0.8,100,50.4,60,75,67.5,,,,,,,,,,,,,,,,,,,,,,,,,,,,,,,,,,,,,,,,,,,,,,,,,1,,,,,,,,,,,,
534,23,0.13,0.21,0.17,1.4,1.8,1.6,0.8,100,50.4,75,90,82.5,,,,,,,,,,,,,,,,,,,,,,,,,,,,,,,,,,,,,,,,,,,,,,,,,1,,,,,,,,,,,,
535,23,0.13,0.21,0.17,1.4,1.8,1.6,0.8,100,50.4,90,105,97.5,,,,,,,,,,,,,,,,,,,,,,,,,,,,,,,,,,,,,,,,,,,,,,,,,1,,,,,,,,,,,,
536,23,0.13,0.21,0.17,1.4,1.8,1.6,0.8,100,50.4,105,120,112.5,,,,,,,,,,,,,,,,,,,,,,,,,,,,,,,,,,,,,,,,,,,,,,,,,1,,,,,,,,,,,,
537,23,0.13,0.21,0.17,1.4,1.8,1.6,0.8,100,50.4,120,135,127.5,,,,,,,,,,,,,,,,,,,,,,,,,,,,,,,,,,,,,,,,,,,,,,,,,1,,,,,,,,,,,,
538,23,0.13,0.21,0.17,1.4,1.8,1.6,0.8,100,50.4,135,150,142.5,,,,,,,,,,,,,,,,,,,,,,,,,,,,,,,,,,,,,,,,,,,,,,,,,1,,,,,,,,,,,,
539,23,0.13,0.21,0.17,1.4,1.8,1.6,0.8,100,50.4,150,165,157.5,,,,,,,,,,,,,,,,,,,,,,,,,,,,,,,,,,,,,,,,,,,,,,,,,1,,,,,,,,,,,,
540,23,0.13,0.21,0.17,1.4,1.8,1.6,0.8,100,50.4,165,180,172.5,,,,,,,,,,,,,,,,,,,,,,,,,,,,,,,,,,,,,,,,,,,,,,,,,1,,,,,,,,,,,,
541,23,0.13,0.21,0.17,1.4,1.8,1.6,0.8,100,50.4,180,195,187.5,,,,,,,,,,,,,,,,,,,,,,,,,,,,,,,,,,,,,,,,,,,,,,,,,1,,,,,,,,,,,,
542,23,0.13,0.21,0.17,1.4,1.8,1.6,0.8,100,50.4,195,210,202.5,,,,,,,,,,,,,,,,,,,,,,,,,,,,,,,,,,,,,,,,,,,,,,,,,1,,,,,,,,,,,,
543,23,0.13,0.21,0.17,1.4,1.8,1.6,0.8,100,50.4,210,225,217.5,,,,,,,,,,,,,,,,,,,,,,,,,,,,,,,,,,,,,,,,,,,,,,,,,1,,,,,,,,,,,,
544,23,0.13,0.21,0.17,1.4,1.8,1.6,0.8,100,50.4,225,240,232.5,,,,,,,,,,,,,,,,,,,,,,,,,,,,,,,,,,,,,,,,,,,,,,,,,1,,,,,,,,,,,,
545,23,0.13,0.21,0.17,1.4,1.8,1.6,0.8,100,50.4,240,255,247.5,,,,,,,,,,,,,,,,,,,,,,,,,,,,,,,,,,,,,,,,,,,,,,,,,1,,,,,,,,,,,,
546,23,0.13,0.21,0.17,1.4,1.8,1.6,0.8,100,50.4,255,270,262.5,,,,,,,,,,,,,,,,,,,,,,,,,,,,,,,,,,,,,,,,,,,,,,,,,1,,,,,,,,,,,,
547,23,0.13,0.21,0.17,1.4,1.8,1.6,0.8,100,50.4,270,285,277.5,,,,,,,,,,,,,,,,,,,,,,,,,,,,,,,,,,,,,,,,,,,,,,,,,1,,,,,,,,,,,,
548,23,0.13,0.21,0.17,1.4,1.8,1.6,0.8,100,50.4,285,300,292.5,,,,,,,,,,,,,,,,,,,,,,,,,,,,,,,,,,,,,,,,,,,,,,,,,1,,,,,,,,,,,,
549,23,0.13,0.21,0.17,1.4,1.8,1.6,0.8,100,50.4,300,315,307.5,,,,,,,,,,,,,,,,,,,,,,,,,,,,,,,,,,,,,,,,,,,,,,,,,1,,,,,,,,,,,,
550,23,0.13,0.21,0.17,1.4,1.8,1.6,0.8,100,50.4,315,330,322.5,,,,,,,,,,,,,,,,,,,,,,,,,,,,,,,,,,,,,,,,,,,,,,,,,1,,,,,,,,,,,,
551,23,0.13,0.21,0.17,1.4,1.8,1.6,0.8,100,50.4,330,345,337.5,,,,,,,,,,,,,,,,,,,,,,,,,,,,,,,,,,,,,,,,,,,,,,,,,1,,,,,,,,,,,,
552,23,0.13,0.21,0.17,1.4,1.8,1.6,0.8,100,50.4,345,360,352.5,,,,,,,,,,,,,,,,,,,,,,,,,,,,,,,,,,,,,,,,,,,,,,,,,1,,,,,,,,,,,,
553,24,0.21,1,0.605,1.4,1.8,1.6,0.8,100,50.4,0,15,7.5,,,,,,,,,,,,,,,,,,,,,,,,,,,,,,,,,,,,,,,,,,,,,,,,,1,,,,,,,,,,,,
554,24,0.21,1,0.605,1.4,1.8,1.6,0.8,100,50.4,15,30,22.5,,,,,,,,,,,,,,,,,,,,,,,,,,,,,,,,,,,,,,,,,,,,,,,,,1,,,,,,,,,,,,
555,24,0.21,1,0.605,1.4,1.8,1.6,0.8,100,50.4,30,45,37.5,,,,,,,,,,,,,,,,,,,,,,,,,,,,,,,,,,,,,,,,,,,,,,,,,1,,,,,,,,,,,,
556,24,0.21,1,0.605,1.4,1.8,1.6,0.8,100,50.4,45,60,52.5,,,,,,,,,,,,,,,,,,,,,,,,,,,,,,,,,,,,,,,,,,,,,,,,,1,,,,,,,,,,,,
557,24,0.21,1,0.605,1.4,1.8,1.6,0.8,100,50.4,60,75,67.5,,,,,,,,,,,,,,,,,,,,,,,,,,,,,,,,,,,,,,,,,,,,,,,,,1,,,,,,,,,,,,
558,24,0.21,1,0.605,1.4,1.8,1.6,0.8,100,50.4,75,90,82.5,,,,,,,,,,,,,,,,,,,,,,,,,,,,,,,,,,,,,,,,,,,,,,,,,1,,,,,,,,,,,,
559,24,0.21,1,0.605,1.4,1.8,1.6,0.8,100,50.4,90,105,97.5,,,,,,,,,,,,,,,,,,,,,,,,,,,,,,,,,,,,,,,,,,,,,,,,,1,,,,,,,,,,,,
560,24,0.21,1,0.605,1.4,1.8,1.6,0.8,100,50.4,105,120,112.5,,,,,,,,,,,,,,,,,,,,,,,,,,,,,,,,,,,,,,,,,,,,,,,,,1,,,,,,,,,,,,
561,24,0.21,1,0.605,1.4,1.8,1.6,0.8,100,50.4,120,135,127.5,,,,,,,,,,,,,,,,,,,,,,,,,,,,,,,,,,,,,,,,,,,,,,,,,1,,,,,,,,,,,,
562,24,0.21,1,0.605,1.4,1.8,1.6,0.8,100,50.4,135,150,142.5,,,,,,,,,,,,,,,,,,,,,,,,,,,,,,,,,,,,,,,,,,,,,,,,,1,,,,,,,,,,,,
563,24,0.21,1,0.605,1.4,1.8,1.6,0.8,100,50.4,150,165,157.5,,,,,,,,,,,,,,,,,,,,,,,,,,,,,,,,,,,,,,,,,,,,,,,,,1,,,,,,,,,,,,
564,24,0.21,1,0.605,1.4,1.8,1.6,0.8,100,50.4,165,180,172.5,,,,,,,,,,,,,,,,,,,,,,,,,,,,,,,,,,,,,,,,,,,,,,,,,1,,,,,,,,,,,,
565,24,0.21,1,0.605,1.4,1.8,1.6,0.8,100,50.4,180,195,187.5,,,,,,,,,,,,,,,,,,,,,,,,,,,,,,,,,,,,,,,,,,,,,,,,,1,,,,,,,,,,,,
566,24,0.21,1,0.605,1.4,1.8,1.6,0.8,100,50.4,195,210,202.5,,,,,,,,,,,,,,,,,,,,,,,,,,,,,,,,,,,,,,,,,,,,,,,,,1,,,,,,,,,,,,
567,24,0.21,1,0.605,1.4,1.8,1.6,0.8,100,50.4,210,225,217.5,,,,,,,,,,,,,,,,,,,,,,,,,,,,,,,,,,,,,,,,,,,,,,,,,1,,,,,,,,,,,,
568,24,0.21,1,0.605,1.4,1.8,1.6,0.8,100,50.4,225,240,232.5,,,,,,,,,,,,,,,,,,,,,,,,,,,,,,,,,,,,,,,,,,,,,,,,,1,,,,,,,,,,,,
569,24,0.21,1,0.605,1.4,1.8,1.6,0.8,100,50.4,240,255,247.5,,,,,,,,,,,,,,,,,,,,,,,,,,,,,,,,,,,,,,,,,,,,,,,,,1,,,,,,,,,,,,
570,24,0.21,1,0.605,1.4,1.8,1.6,0.8,100,50.4,255,270,262.5,,,,,,,,,,,,,,,,,,,,,,,,,,,,,,,,,,,,,,,,,,,,,,,,,1,,,,,,,,,,,,
571,24,0.21,1,0.605,1.4,1.8,1.6,0.8,100,50.4,270,285,277.5,,,,,,,,,,,,,,,,,,,,,,,,,,,,,,,,,,,,,,,,,,,,,,,,,1,,,,,,,,,,,,
572,24,0.21,1,0.605,1.4,1.8,1.6,0.8,100,50.4,285,300,292.5,,,,,,,,,,,,,,,,,,,,,,,,,,,,,,,,,,,,,,,,,,,,,,,,,1,,,,,,,,,,,,
573,24,0.21,1,0.605,1.4,1.8,1.6,0.8,100,50.4,300,315,307.5,,,,,,,,,,,,,,,,,,,,,,,,,,,,,,,,,,,,,,,,,,,,,,,,,1,,,,,,,,,,,,
574,24,0.21,1,0.605,1.4,1.8,1.6,0.8,100,50.4,315,330,322.5,,,,,,,,,,,,,,,,,,,,,,,,,,,,,,,,,,,,,,,,,,,,,,,,,1,,,,,,,,,,,,
575,24,0.21,1,0.605,1.4,1.8,1.6,0.8,100,50.4,330,345,337.5,,,,,,,,,,,,,,,,,,,,,,,,,,,,,,,,,,,,,,,,,,,,,,,,,1,,,,,,,,,,,,
576,24,0.21,1,0.605,1.4,1.8,1.6,0.8,100,50.4,345,360,352.5,,,,,,,,,,,,,,,,,,,,,,,,,,,,,,,,,,,,,,,,,,,,,,,,,1,,,,,,,,,,,,
577,25,0,0.16,0.08,1.8,2.4,2.1,0,0.2,0.1,0,15,7.5,,,,,,,,,,,,,,,,,,,,,,,,,,,,,,,,,,,,,,,,,,,,,,,,,1,,,,,,,,,,,,
578,25,0,0.16,0.08,1.8,2.4,2.1,0,0.2,0.1,15,30,22.5,,,,,,,,,,,,,,,,,,,,,,,,,,,,,,,,,,,,,,,,,,,,,,,,,1,,,,,,,,,,,,
579,25,0,0.16,0.08,1.8,2.4,2.1,0,0.2,0.1,30,45,37.5,,,,,,,,,,,,,,,,,,,,,,,,,,,,,,,,,,,,,,,,,,,,,,,,,1,,,,,,,,,,,,
580,25,0,0.16,0.08,1.8,2.4,2.1,0,0.2,0.1,45,60,52.5,,,,,,,,,,,,,,,,,,,,,,,,,,,,,,,,,,,,,,,,,,,,,,,,,1,,,,,,,,,,,,
581,25,0,0.16,0.08,1.8,2.4,2.1,0,0.2,0.1,60,75,67.5,,,,,,,,,,,,,,,,,,,,,,,,,,,,,,,,,,,,,,,,,,,,,,,,,1,,,,,,,,,,,,
582,25,0,0.16,0.08,1.8,2.4,2.1,0,0.2,0.1,75,90,82.5,,,,,,,,,,,,,,,,,,,,,,,,,,,,,,,,,,,,,,,,,,,,,,,,,1,,,,,,,,,,,,
583,25,0,0.16,0.08,1.8,2.4,2.1,0,0.2,0.1,90,105,97.5,,,,,,,,,,,,,,,,,,,,,,,,,,,,,,,,,,,,,,,,,,,,,,,,,1,,,,,,,,,,,,
584,25,0,0.16,0.08,1.8,2.4,2.1,0,0.2,0.1,105,120,112.5,,,,,,,,,,,,,,,,,,,,,,,,,,,,,,,,,,,,,,,,,,,,,,,,,1,,,,,,,,,,,,
585,25,0,0.16,0.08,1.8,2.4,2.1,0,0.2,0.1,120,135,127.5,,,,,,,,,,,,,,,,,,,,,,,,,,,,,,,,,,,,,,,,,,,,,,,,,1,,,,,,,,,,,,
586,25,0,0.16,0.08,1.8,2.4,2.1,0,0.2,0.1,135,150,142.5,,,,,,,,,,,,,,,,,,,,,,,,,,,,,,,,,,,,,,,,,,,,,,,,,1,,,,,,,,,,,,
587,25,0,0.16,0.08,1.8,2.4,2.1,0,0.2,0.1,150,165,157.5,,,,,,,,,,,,,,,,,,,,,,,,,,,,,,,,,,,,,,,,,,,,,,,,,1,,,,,,,,,,,,
588,25,0,0.16,0.08,1.8,2.4,2.1,0,0.2,0.1,165,180,172.5,,,,,,,,,,,,,,,,,,,,,,,,,,,,,,,,,,,,,,,,,,,,,,,,,1,,,,,,,,,,,,
589,25,0,0.16,0.08,1.8,2.4,2.1,0,0.2,0.1,180,195,187.5,,,,,,,,,,,,,,,,,,,,,,,,,,,,,,,,,,,,,,,,,,,,,,,,,1,,,,,,,,,,,,
590,25,0,0.16,0.08,1.8,2.4,2.1,0,0.2,0.1,195,210,202.5,,,,,,,,,,,,,,,,,,,,,,,,,,,,,,,,,,,,,,,,,,,,,,,,,1,,,,,,,,,,,,
591,25,0,0.16,0.08,1.8,2.4,2.1,0,0.2,0.1,210,225,217.5,,,,,,,,,,,,,,,,,,,,,,,,,,,,,,,,,,,,,,,,,,,,,,,,,1,,,,,,,,,,,,
592,25,0,0.16,0.08,1.8,2.4,2.1,0,0.2,0.1,225,240,232.5,,,,,,,,,,,,,,,,,,,,,,,,,,,,,,,,,,,,,,,,,,,,,,,,,1,,,,,,,,,,,,
593,25,0,0.16,0.08,1.8,2.4,2.1,0,0.2,0.1,240,255,247.5,,,,,,,,,,,,,,,,,,,,,,,,,,,,,,,,,,,,,,,,,,,,,,,,,1,,,,,,,,,,,,
594,25,0,0.16,0.08,1.8,2.4,2.1,0,0.2,0.1,255,270,262.5,,,,,,,,,,,,,,,,,,,,,,,,,,,,,,,,,,,,,,,,,,,,,,,,,1,,,,,,,,,,,,
595,25,0,0.16,0.08,1.8,2.4,2.1,0,0.2,0.1,270,285,277.5,,,,,,,,,,,,,,,,,,,,,,,,,,,,,,,,,,,,,,,,,,,,,,,,,1,,,,,,,,,,,,
596,25,0,0.16,0.08,1.8,2.4,2.1,0,0.2,0.1,285,300,292.5,,,,,,,,,,,,,,,,,,,,,,,,,,,,,,,,,,,,,,,,,,,,,,,,,1,,,,,,,,,,,,
597,25,0,0.16,0.08,1.8,2.4,2.1,0,0.2,0.1,300,315,307.5,,,,,,,,,,,,,,,,,,,,,,,,,,,,,,,,,,,,,,,,,,,,,,,,,1,,,,,,,,,,,,
598,25,0,0.16,0.08,1.8,2.4,2.1,0,0.2,0.1,315,330,322.5,,,,,,,,,,,,,,,,,,,,,,,,,,,,,,,,,,,,,,,,,,,,,,,,,1,,,,,,,,,,,,
599,25,0,0.16,0.08,1.8,2.4,2.1,0,0.2,0.1,330,345,337.5,,,,,,,,,,,,,,,,,,,,,,,,,,,,,,,,,,,,,,,,,,,,,,,,,1,,,,,,,,,,,,
600,25,0,0.16,0.08,1.8,2.4,2.1,0,0.2,0.1,345,360,352.5,,,,,,,,,,,,,,,,,,,,,,,,,,,,,,,,,,,,,,,,,,,,,,,,,1,,,,,,,,,,,,
601,26,0.16,0.26,0.21,1.8,2.4,2.1,0,0.2,0.1,0,15,7.5,,,,,,,,,,,,,,,,,,,,,,,,,,,,,,,,,,,,,,,,,,,,,,,,,1,,,,,,,,,,,,
602,26,0.16,0.26,0.21,1.8,2.4,2.1,0,0.2,0.1,15,30,22.5,,,,,,,,,,,,,,,,,,,,,,,,,,,,,,,,,,,,,,,,,,,,,,,,,1,,,,,,,,,,,,
603,26,0.16,0.26,0.21,1.8,2.4,2.1,0,0.2,0.1,30,45,37.5,,,,,,,,,,,,,,,,,,,,,,,,,,,,,,,,,,,,,,,,,,,,,,,,,1,,,,,,,,,,,,
604,26,0.16,0.26,0.21,1.8,2.4,2.1,0,0.2,0.1,45,60,52.5,,,,,,,,,,,,,,,,,,,,,,,,,,,,,,,,,,,,,,,,,,,,,,,,,1,,,,,,,,,,,,
605,26,0.16,0.26,0.21,1.8,2.4,2.1,0,0.2,0.1,60,75,67.5,,,,,,,,,,,,,,,,,,,,,,,,,,,,,,,,,,,,,,,,,,,,,,,,,1,,,,,,,,,,,,
606,26,0.16,0.26,0.21,1.8,2.4,2.1,0,0.2,0.1,75,90,82.5,,,,,,,,,,,,,,,,,,,,,,,,,,,,,,,,,,,,,,,,,,,,,,,,,1,,,,,,,,,,,,
607,26,0.16,0.26,0.21,1.8,2.4,2.1,0,0.2,0.1,90,105,97.5,,,,,,,,,,,,,,,,,,,,,,,,,,,,,,,,,,,,,,,,,,,,,,,,,1,,,,,,,,,,,,
608,26,0.16,0.26,0.21,1.8,2.4,2.1,0,0.2,0.1,105,120,112.5,,,,,,,,,,,,,,,,,,,,,,,,,,,,,,,,,,,,,,,,,,,,,,,,,1,,,,,,,,,,,,
609,26,0.16,0.26,0.21,1.8,2.4,2.1,0,0.2,0.1,120,135,127.5,,,,,,,,,,,,,,,,,,,,,,,,,,,,,,,,,,,,,,,,,,,,,,,,,1,,,,,,,,,,,,
610,26,0.16,0.26,0.21,1.8,2.4,2.1,0,0.2,0.1,135,150,142.5,,,,,,,,,,,,,,,,,,,,,,,,,,,,,,,,,,,,,,,,,,,,,,,,,1,,,,,,,,,,,,
611,26,0.16,0.26,0.21,1.8,2.4,2.1,0,0.2,0.1,150,165,157.5,,,,,,,,,,,,,,,,,,,,,,,,,,,,,,,,,,,,,,,,,,,,,,,,,1,,,,,,,,,,,,
612,26,0.16,0.26,0.21,1.8,2.4,2.1,0,0.2,0.1,165,180,172.5,,,,,,,,,,,,,,,,,,,,,,,,,,,,,,,,,,,,,,,,,,,,,,,,,1,,,,,,,,,,,,
613,26,0.16,0.26,0.21,1.8,2.4,2.1,0,0.2,0.1,180,195,187.5,,,,,,,,,,,,,,,,,,,,,,,,,,,,,,,,,,,,,,,,,,,,,,,,,1,,,,,,,,,,,,
614,26,0.16,0.26,0.21,1.8,2.4,2.1,0,0.2,0.1,195,210,202.5,,,,,,,,,,,,,,,,,,,,,,,,,,,,,,,,,,,,,,,,,,,,,,,,,1,,,,,,,,,,,,
615,26,0.16,0.26,0.21,1.8,2.4,2.1,0,0.2,0.1,210,225,217.5,,,,,,,,,,,,,,,,,,,,,,,,,,,,,,,,,,,,,,,,,,,,,,,,,1,,,,,,,,,,,,
616,26,0.16,0.26,0.21,1.8,2.4,2.1,0,0.2,0.1,225,240,232.5,,,,,,,,,,,,,,,,,,,,,,,,,,,,,,,,,,,,,,,,,,,,,,,,,1,,,,,,,,,,,,
617,26,0.16,0.26,0.21,1.8,2.4,2.1,0,0.2,0.1,240,255,247.5,,,,,,,,,,,,,,,,,,,,,,,,,,,,,,,,,,,,,,,,,,,,,,,,,1,,,,,,,,,,,,
618,26,0.16,0.26,0.21,1.8,2.4,2.1,0,0.2,0.1,255,270,262.5,,,,,,,,,,,,,,,,,,,,,,,,,,,,,,,,,,,,,,,,,,,,,,,,,1,,,,,,,,,,,,
619,26,0.16,0.26,0.21,1.8,2.4,2.1,0,0.2,0.1,270,285,277.5,,,,,,,,,,,,,,,,,,,,,,,,,,,,,,,,,,,,,,,,,,,,,,,,,1,,,,,,,,,,,,
620,26,0.16,0.26,0.21,1.8,2.4,2.1,0,0.2,0.1,285,300,292.5,,,,,,,,,,,,,,,,,,,,,,,,,,,,,,,,,,,,,,,,,,,,,,,,,1,,,,,,,,,,,,
621,26,0.16,0.26,0.21,1.8,2.4,2.1,0,0.2,0.1,300,315,307.5,,,,,,,,,,,,,,,,,,,,,,,,,,,,,,,,,,,,,,,,,,,,,,,,,1,,,,,,,,,,,,
622,26,0.16,0.26,0.21,1.8,2.4,2.1,0,0.2,0.1,315,330,322.5,,,,,,,,,,,,,,,,,,,,,,,,,,,,,,,,,,,,,,,,,,,,,,,,,1,,,,,,,,,,,,
623,26,0.16,0.26,0.21,1.8,2.4,2.1,0,0.2,0.1,330,345,337.5,,,,,,,,,,,,,,,,,,,,,,,,,,,,,,,,,,,,,,,,,,,,,,,,,1,,,,,,,,,,,,
624,26,0.16,0.26,0.21,1.8,2.4,2.1,0,0.2,0.1,345,360,352.5,,,,,,,,,,,,,,,,,,,,,,,,,,,,,,,,,,,,,,,,,,,,,,,,,1,,,,,,,,,,,,
625,27,0.26,1,0.63,1.8,2.4,2.1,0,0.2,0.1,0,15,7.5,,,,,,,,,,,,,,,,,,,,,,,,,,,,,,,,,,,,,,,,,,,,,,,,,1,,,,,,,,,,,,
626,27,0.26,1,0.63,1.8,2.4,2.1,0,0.2,0.1,15,30,22.5,,,,,,,,,,,,,,,,,,,,,,,,,,,,,,,,,,,,,,,,,,,,,,,,,1,,,,,,,,,,,,
627,27,0.26,1,0.63,1.8,2.4,2.1,0,0.2,0.1,30,45,37.5,,,,,,,,,,,,,,,,,,,,,,,,,,,,,,,,,,,,,,,,,,,,,,,,,1,,,,,,,,,,,,
628,27,0.26,1,0.63,1.8,2.4,2.1,0,0.2,0.1,45,60,52.5,,,,,,,,,,,,,,,,,,,,,,,,,,,,,,,,,,,,,,,,,,,,,,,,,1,,,,,,,,,,,,
629,27,0.26,1,0.63,1.8,2.4,2.1,0,0.2,0.1,60,75,67.5,,,,,,,,,,,,,,,,,,,,,,,,,,,,,,,,,,,,,,,,,,,,,,,,,1,,,,,,,,,,,,
630,27,0.26,1,0.63,1.8,2.4,2.1,0,0.2,0.1,75,90,82.5,,,,,,,,,,,,,,,,,,,,,,,,,,,,,,,,,,,,,,,,,,,,,,,,,1,,,,,,,,,,,,
631,27,0.26,1,0.63,1.8,2.4,2.1,0,0.2,0.1,90,105,97.5,,,,,,,,,,,,,,,,,,,,,,,,,,,,,,,,,,,,,,,,,,,,,,,,,1,,,,,,,,,,,,
632,27,0.26,1,0.63,1.8,2.4,2.1,0,0.2,0.1,105,120,112.5,,,,,,,,,,,,,,,,,,,,,,,,,,,,,,,,,,,,,,,,,,,,,,,,,1,,,,,,,,,,,,
633,27,0.26,1,0.63,1.8,2.4,2.1,0,0.2,0.1,120,135,127.5,,,,,,,,,,,,,,,,,,,,,,,,,,,,,,,,,,,,,,,,,,,,,,,,,1,,,,,,,,,,,,
634,27,0.26,1,0.63,1.8,2.4,2.1,0,0.2,0.1,135,150,142.5,,,,,,,,,,,,,,,,,,,,,,,,,,,,,,,,,,,,,,,,,,,,,,,,,1,,,,,,,,,,,,
635,27,0.26,1,0.63,1.8,2.4,2.1,0,0.2,0.1,150,165,157.5,,,,,,,,,,,,,,,,,,,,,,,,,,,,,,,,,,,,,,,,,,,,,,,,,1,,,,,,,,,,,,
636,27,0.26,1,0.63,1.8,2.4,2.1,0,0.2,0.1,165,180,172.5,,,,,,,,,,,,,,,,,,,,,,,,,,,,,,,,,,,,,,,,,,,,,,,,,1,,,,,,,,,,,,
637,27,0.26,1,0.63,1.8,2.4,2.1,0,0.2,0.1,180,195,187.5,,,,,,,,,,,,,,,,,,,,,,,,,,,,,,,,,,,,,,,,,,,,,,,,,1,,,,,,,,,,,,
638,27,0.26,1,0.63,1.8,2.4,2.1,0,0.2,0.1,195,210,202.5,,,,,,,,,,,,,,,,,,,,,,,,,,,,,,,,,,,,,,,,,,,,,,,,,1,,,,,,,,,,,,
639,27,0.26,1,0.63,1.8,2.4,2.1,0,0.2,0.1,210,225,217.5,,,,,,,,,,,,,,,,,,,,,,,,,,,,,,,,,,,,,,,,,,,,,,,,,1,,,,,,,,,,,,
640,27,0.26,1,0.63,1.8,2.4,2.1,0,0.2,0.1,225,240,232.5,,,,,,,,,,,,,,,,,,,,,,,,,,,,,,,,,,,,,,,,,,,,,,,,,1,,,,,,,,,,,,
641,27,0.26,1,0.63,1.8,2.4,2.1,0,0.2,0.1,240,255,247.5,,,,,,,,,,,,,,,,,,,,,,,,,,,,,,,,,,,,,,,,,,,,,,,,,1,,,,,,,,,,,,
642,27,0.26,1,0.63,1.8,2.4,2.1,0,0.2,0.1,255,270,262.5,,,,,,,,,,,,,,,,,,,,,,,,,,,,,,,,,,,,,,,,,,,,,,,,,1,,,,,,,,,,,,
643,27,0.26,1,0.63,1.8,2.4,2.1,0,0.2,0.1,270,285,277.5,,,,,,,,,,,,,,,,,,,,,,,,,,,,,,,,,,,,,,,,,,,,,,,,,1,,,,,,,,,,,,
644,27,0.26,1,0.63,1.8,2.4,2.1,0,0.2,0.1,285,300,292.5,,,,,,,,,,,,,,,,,,,,,,,,,,,,,,,,,,,,,,,,,,,,,,,,,1,,,,,,,,,,,,
645,27,0.26,1,0.63,1.8,2.4,2.1,0,0.2,0.1,300,315,307.5,,,,,,,,,,,,,,,,,,,,,,,,,,,,,,,,,,,,,,,,,,,,,,,,,1,,,,,,,,,,,,
646,27,0.26,1,0.63,1.8,2.4,2.1,0,0.2,0.1,315,330,322.5,,,,,,,,,,,,,,,,,,,,,,,,,,,,,,,,,,,,,,,,,,,,,,,,,1,,,,,,,,,,,,
647,27,0.26,1,0.63,1.8,2.4,2.1,0,0.2,0.1,330,345,337.5,,,,,,,,,,,,,,,,,,,,,,,,,,,,,,,,,,,,,,,,,,,,,,,,,1,,,,,,,,,,,,
648,27,0.26,1,0.63,1.8,2.4,2.1,0,0.2,0.1,345,360,352.5,,,,,,,,,,,,,,,,,,,,,,,,,,,,,,,,,,,,,,,,,,,,,,,,,1,,,,,,,,,,,,
649,28,0,0.16,0.08,1.8,2.4,2.1,0.2,0.4,0.3,0,15,7.5,,,,,,,,,,,,,,,,,,,,,,,,,,,,,,,,,,,,,,,,,,,,,,,,,1,,,,,,,,,,,,
650,28,0,0.16,0.08,1.8,2.4,2.1,0.2,0.4,0.3,15,30,22.5,,,,,,,,,,,,,,,,,,,,,,,,,,,,,,,,,,,,,,,,,,,,,,,,,1,,,,,,,,,,,,
651,28,0,0.16,0.08,1.8,2.4,2.1,0.2,0.4,0.3,30,45,37.5,,,,,,,,,,,,,,,,,,,,,,,,,,,,,,,,,,,,,,,,,,,,,,,,,1,,,,,,,,,,,,
652,28,0,0.16,0.08,1.8,2.4,2.1,0.2,0.4,0.3,45,60,52.5,,,,,,,,,,,,,,,,,,,,,,,,,,,,,,,,,,,,,,,,,,,,,,,,,1,,,,,,,,,,,,
653,28,0,0.16,0.08,1.8,2.4,2.1,0.2,0.4,0.3,60,75,67.5,,,,,,,,,,,,,,,,,,,,,,,,,,,,,,,,,,,,,,,,,,,,,,,,,1,,,,,,,,,,,,
654,28,0,0.16,0.08,1.8,2.4,2.1,0.2,0.4,0.3,75,90,82.5,,,,,,,,,,,,,,,,,,,,,,,,,,,,,,,,,,,,,,,,,,,,,,,,,1,,,,,,,,,,,,
655,28,0,0.16,0.08,1.8,2.4,2.1,0.2,0.4,0.3,90,105,97.5,,,,,,,,,,,,,,,,,,,,,,,,,,,,,,,,,,,,,,,,,,,,,,,,,1,,,,,,,,,,,,
656,28,0,0.16,0.08,1.8,2.4,2.1,0.2,0.4,0.3,105,120,112.5,,,,,,,,,,,,,,,,,,,,,,,,,,,,,,,,,,,,,,,,,,,,,,,,,1,,,,,,,,,,,,
657,28,0,0.16,0.08,1.8,2.4,2.1,0.2,0.4,0.3,120,135,127.5,,,,,,,,,,,,,,,,,,,,,,,,,,,,,,,,,,,,,,,,,,,,,,,,,1,,,,,,,,,,,,
658,28,0,0.16,0.08,1.8,2.4,2.1,0.2,0.4,0.3,135,150,142.5,,,,,,,,,,,,,,,,,,,,,,,,,,,,,,,,,,,,,,,,,,,,,,,,,1,,,,,,,,,,,,
659,28,0,0.16,0.08,1.8,2.4,2.1,0.2,0.4,0.3,150,165,157.5,,,,,,,,,,,,,,,,,,,,,,,,,,,,,,,,,,,,,,,,,,,,,,,,,1,,,,,,,,,,,,
660,28,0,0.16,0.08,1.8,2.4,2.1,0.2,0.4,0.3,165,180,172.5,,,,,,,,,,,,,,,,,,,,,,,,,,,,,,,,,,,,,,,,,,,,,,,,,1,,,,,,,,,,,,
661,28,0,0.16,0.08,1.8,2.4,2.1,0.2,0.4,0.3,180,195,187.5,,,,,,,,,,,,,,,,,,,,,,,,,,,,,,,,,,,,,,,,,,,,,,,,,1,,,,,,,,,,,,
662,28,0,0.16,0.08,1.8,2.4,2.1,0.2,0.4,0.3,195,210,202.5,,,,,,,,,,,,,,,,,,,,,,,,,,,,,,,,,,,,,,,,,,,,,,,,,1,,,,,,,,,,,,
663,28,0,0.16,0.08,1.8,2.4,2.1,0.2,0.4,0.3,210,225,217.5,,,,,,,,,,,,,,,,,,,,,,,,,,,,,,,,,,,,,,,,,,,,,,,,,1,,,,,,,,,,,,
664,28,0,0.16,0.08,1.8,2.4,2.1,0.2,0.4,0.3,225,240,232.5,,,,,,,,,,,,,,,,,,,,,,,,,,,,,,,,,,,,,,,,,,,,,,,,,1,,,,,,,,,,,,
665,28,0,0.16,0.08,1.8,2.4,2.1,0.2,0.4,0.3,240,255,247.5,,,,,,,,,,,,,,,,,,,,,,,,,,,,,,,,,,,,,,,,,,,,,,,,,1,,,,,,,,,,,,
666,28,0,0.16,0.08,1.8,2.4,2.1,0.2,0.4,0.3,255,270,262.5,,,,,,,,,,,,,,,,,,,,,,,,,,,,,,,,,,,,,,,,,,,,,,,,,1,,,,,,,,,,,,
667,28,0,0.16,0.08,1.8,2.4,2.1,0.2,0.4,0.3,270,285,277.5,,,,,,,,,,,,,,,,,,,,,,,,,,,,,,,,,,,,,,,,,,,,,,,,,1,,,,,,,,,,,,
668,28,0,0.16,0.08,1.8,2.4,2.1,0.2,0.4,0.3,285,300,292.5,,,,,,,,,,,,,,,,,,,,,,,,,,,,,,,,,,,,,,,,,,,,,,,,,1,,,,,,,,,,,,
669,28,0,0.16,0.08,1.8,2.4,2.1,0.2,0.4,0.3,300,315,307.5,,,,,,,,,,,,,,,,,,,,,,,,,,,,,,,,,,,,,,,,,,,,,,,,,1,,,,,,,,,,,,
670,28,0,0.16,0.08,1.8,2.4,2.1,0.2,0.4,0.3,315,330,322.5,,,,,,,,,,,,,,,,,,,,,,,,,,,,,,,,,,,,,,,,,,,,,,,,,1,,,,,,,,,,,,
671,28,0,0.16,0.08,1.8,2.4,2.1,0.2,0.4,0.3,330,345,337.5,,,,,,,,,,,,,,,,,,,,,,,,,,,,,,,,,,,,,,,,,,,,,,,,,1,,,,,,,,,,,,
672,28,0,0.16,0.08,1.8,2.4,2.1,0.2,0.4,0.3,345,360,352.5,,,,,,,,,,,,,,,,,,,,,,,,,,,,,,,,,,,,,,,,,,,,,,,,,1,,,,,,,,,,,,
673,29,0.16,0.26,0.21,1.8,2.4,2.1,0.2,0.4,0.3,0,15,7.5,,,,,,,,,,,,,,,,,,,,,,,,,,,,,,,,,,,,,,,,,,,,,,,,,1,,,,,,,,,,,,
674,29,0.16,0.26,0.21,1.8,2.4,2.1,0.2,0.4,0.3,15,30,22.5,,,,,,,,,,,,,,,,,,,,,,,,,,,,,,,,,,,,,,,,,,,,,,,,,1,,,,,,,,,,,,
675,29,0.16,0.26,0.21,1.8,2.4,2.1,0.2,0.4,0.3,30,45,37.5,,,,,,,,,,,,,,,,,,,,,,,,,,,,,,,,,,,,,,,,,,,,,,,,,1,,,,,,,,,,,,
676,29,0.16,0.26,0.21,1.8,2.4,2.1,0.2,0.4,0.3,45,60,52.5,,,,,,,,,,,,,,,,,,,,,,,,,,,,,,,,,,,,,,,,,,,,,,,,,1,,,,,,,,,,,,
677,29,0.16,0.26,0.21,1.8,2.4,2.1,0.2,0.4,0.3,60,75,67.5,,,,,,,,,,,,,,,,,,,,,,,,,,,,,,,,,,,,,,,,,,,,,,,,,1,,,,,,,,,,,,
678,29,0.16,0.26,0.21,1.8,2.4,2.1,0.2,0.4,0.3,75,90,82.5,,,,,,,,,,,,,,,,,,,,,,,,,,,,,,,,,,,,,,,,,,,,,,,,,1,,,,,,,,,,,,
679,29,0.16,0.26,0.21,1.8,2.4,2.1,0.2,0.4,0.3,90,105,97.5,,,,,,,,,,,,,,,,,,,,,,,,,,,,,,,,,,,,,,,,,,,,,,,,,1,,,,,,,,,,,,
680,29,0.16,0.26,0.21,1.8,2.4,2.1,0.2,0.4,0.3,105,120,112.5,,,,,,,,,,,,,,,,,,,,,,,,,,,,,,,,,,,,,,,,,,,,,,,,,1,,,,,,,,,,,,
681,29,0.16,0.26,0.21,1.8,2.4,2.1,0.2,0.4,0.3,120,135,127.5,,,,,,,,,,,,,,,,,,,,,,,,,,,,,,,,,,,,,,,,,,,,,,,,,1,,,,,,,,,,,,
682,29,0.16,0.26,0.21,1.8,2.4,2.1,0.2,0.4,0.3,135,150,142.5,,,,,,,,,,,,,,,,,,,,,,,,,,,,,,,,,,,,,,,,,,,,,,,,,1,,,,,,,,,,,,
683,29,0.16,0.26,0.21,1.8,2.4,2.1,0.2,0.4,0.3,150,165,157.5,,,,,,,,,,,,,,,,,,,,,,,,,,,,,,,,,,,,,,,,,,,,,,,,,1,,,,,,,,,,,,
684,29,0.16,0.26,0.21,1.8,2.4,2.1,0.2,0.4,0.3,165,180,172.5,,,,,,,,,,,,,,,,,,,,,,,,,,,,,,,,,,,,,,,,,,,,,,,,,1,,,,,,,,,,,,
685,29,0.16,0.26,0.21,1.8,2.4,2.1,0.2,0.4,0.3,180,195,187.5,,,,,,,,,,,,,,,,,,,,,,,,,,,,,,,,,,,,,,,,,,,,,,,,,1,,,,,,,,,,,,
686,29,0.16,0.26,0.21,1.8,2.4,2.1,0.2,0.4,0.3,195,210,202.5,,,,,,,,,,,,,,,,,,,,,,,,,,,,,,,,,,,,,,,,,,,,,,,,,1,,,,,,,,,,,,
687,29,0.16,0.26,0.21,1.8,2.4,2.1,0.2,0.4,0.3,210,225,217.5,,,,,,,,,,,,,,,,,,,,,,,,,,,,,,,,,,,,,,,,,,,,,,,,,1,,,,,,,,,,,,
688,29,0.16,0.26,0.21,1.8,2.4,2.1,0.2,0.4,0.3,225,240,232.5,,,,,,,,,,,,,,,,,,,,,,,,,,,,,,,,,,,,,,,,,,,,,,,,,1,,,,,,,,,,,,
689,29,0.16,0.26,0.21,1.8,2.4,2.1,0.2,0.4,0.3,240,255,247.5,,,,,,,,,,,,,,,,,,,,,,,,,,,,,,,,,,,,,,,,,,,,,,,,,1,,,,,,,,,,,,
690,29,0.16,0.26,0.21,1.8,2.4,2.1,0.2,0.4,0.3,255,270,262.5,,,,,,,,,,,,,,,,,,,,,,,,,,,,,,,,,,,,,,,,,,,,,,,,,1,,,,,,,,,,,,
691,29,0.16,0.26,0.21,1.8,2.4,2.1,0.2,0.4,0.3,270,285,277.5,,,,,,,,,,,,,,,,,,,,,,,,,,,,,,,,,,,,,,,,,,,,,,,,,1,,,,,,,,,,,,
692,29,0.16,0.26,0.21,1.8,2.4,2.1,0.2,0.4,0.3,285,300,292.5,,,,,,,,,,,,,,,,,,,,,,,,,,,,,,,,,,,,,,,,,,,,,,,,,1,,,,,,,,,,,,
693,29,0.16,0.26,0.21,1.8,2.4,2.1,0.2,0.4,0.3,300,315,307.5,,,,,,,,,,,,,,,,,,,,,,,,,,,,,,,,,,,,,,,,,,,,,,,,,1,,,,,,,,,,,,
694,29,0.16,0.26,0.21,1.8,2.4,2.1,0.2,0.4,0.3,315,330,322.5,,,,,,,,,,,,,,,,,,,,,,,,,,,,,,,,,,,,,,,,,,,,,,,,,1,,,,,,,,,,,,
695,29,0.16,0.26,0.21,1.8,2.4,2.1,0.2,0.4,0.3,330,345,337.5,,,,,,,,,,,,,,,,,,,,,,,,,,,,,,,,,,,,,,,,,,,,,,,,,1,,,,,,,,,,,,
696,29,0.16,0.26,0.21,1.8,2.4,2.1,0.2,0.4,0.3,345,360,352.5,,,,,,,,,,,,,,,,,,,,,,,,,,,,,,,,,,,,,,,,,,,,,,,,,1,,,,,,,,,,,,
697,30,0.26,1,0.63,1.8,2.4,2.1,0.2,0.4,0.3,0,15,7.5,,,,,,,,,,,,,,,,,,,,,,,,,,,,,,,,,,,,,,,,,,,,,,,,,1,,,,,,,,,,,,
698,30,0.26,1,0.63,1.8,2.4,2.1,0.2,0.4,0.3,15,30,22.5,,,,,,,,,,,,,,,,,,,,,,,,,,,,,,,,,,,,,,,,,,,,,,,,,1,,,,,,,,,,,,
699,30,0.26,1,0.63,1.8,2.4,2.1,0.2,0.4,0.3,30,45,37.5,,,,,,,,,,,,,,,,,,,,,,,,,,,,,,,,,,,,,,,,,,,,,,,,,1,,,,,,,,,,,,
700,30,0.26,1,0.63,1.8,2.4,2.1,0.2,0.4,0.3,45,60,52.5,,,,,,,,,,,,,,,,,,,,,,,,,,,,,,,,,,,,,,,,,,,,,,,,,1,,,,,,,,,,,,
701,30,0.26,1,0.63,1.8,2.4,2.1,0.2,0.4,0.3,60,75,67.5,,,,,,,,,,,,,,,,,,,,,,,,,,,,,,,,,,,,,,,,,,,,,,,,,1,,,,,,,,,,,,
702,30,0.26,1,0.63,1.8,2.4,2.1,0.2,0.4,0.3,75,90,82.5,,,,,,,,,,,,,,,,,,,,,,,,,,,,,,,,,,,,,,,,,,,,,,,,,1,,,,,,,,,,,,
703,30,0.26,1,0.63,1.8,2.4,2.1,0.2,0.4,0.3,90,105,97.5,,,,,,,,,,,,,,,,,,,,,,,,,,,,,,,,,,,,,,,,,,,,,,,,,1,,,,,,,,,,,,
704,30,0.26,1,0.63,1.8,2.4,2.1,0.2,0.4,0.3,105,120,112.5,,,,,,,,,,,,,,,,,,,,,,,,,,,,,,,,,,,,,,,,,,,,,,,,,1,,,,,,,,,,,,
705,30,0.26,1,0.63,1.8,2.4,2.1,0.2,0.4,0.3,120,135,127.5,,,,,,,,,,,,,,,,,,,,,,,,,,,,,,,,,,,,,,,,,,,,,,,,,1,,,,,,,,,,,,
706,30,0.26,1,0.63,1.8,2.4,2.1,0.2,0.4,0.3,135,150,142.5,,,,,,,,,,,,,,,,,,,,,,,,,,,,,,,,,,,,,,,,,,,,,,,,,1,,,,,,,,,,,,
707,30,0.26,1,0.63,1.8,2.4,2.1,0.2,0.4,0.3,150,165,157.5,,,,,,,,,,,,,,,,,,,,,,,,,,,,,,,,,,,,,,,,,,,,,,,,,1,,,,,,,,,,,,
708,30,0.26,1,0.63,1.8,2.4,2.1,0.2,0.4,0.3,165,180,172.5,,,,,,,,,,,,,,,,,,,,,,,,,,,,,,,,,,,,,,,,,,,,,,,,,1,,,,,,,,,,,,
709,30,0.26,1,0.63,1.8,2.4,2.1,0.2,0.4,0.3,180,195,187.5,,,,,,,,,,,,,,,,,,,,,,,,,,,,,,,,,,,,,,,,,,,,,,,,,1,,,,,,,,,,,,
710,30,0.26,1,0.63,1.8,2.4,2.1,0.2,0.4,0.3,195,210,202.5,,,,,,,,,,,,,,,,,,,,,,,,,,,,,,,,,,,,,,,,,,,,,,,,,1,,,,,,,,,,,,
711,30,0.26,1,0.63,1.8,2.4,2.1,0.2,0.4,0.3,210,225,217.5,,,,,,,,,,,,,,,,,,,,,,,,,,,,,,,,,,,,,,,,,,,,,,,,,1,,,,,,,,,,,,
712,30,0.26,1,0.63,1.8,2.4,2.1,0.2,0.4,0.3,225,240,232.5,,,,,,,,,,,,,,,,,,,,,,,,,,,,,,,,,,,,,,,,,,,,,,,,,1,,,,,,,,,,,,
713,30,0.26,1,0.63,1.8,2.4,2.1,0.2,0.4,0.3,240,255,247.5,,,,,,,,,,,,,,,,,,,,,,,,,,,,,,,,,,,,,,,,,,,,,,,,,1,,,,,,,,,,,,
714,30,0.26,1,0.63,1.8,2.4,2.1,0.2,0.4,0.3,255,270,262.5,,,,,,,,,,,,,,,,,,,,,,,,,,,,,,,,,,,,,,,,,,,,,,,,,1,,,,,,,,,,,,
715,30,0.26,1,0.63,1.8,2.4,2.1,0.2,0.4,0.3,270,285,277.5,,,,,,,,,,,,,,,,,,,,,,,,,,,,,,,,,,,,,,,,,,,,,,,,,1,,,,,,,,,,,,
716,30,0.26,1,0.63,1.8,2.4,2.1,0.2,0.4,0.3,285,300,292.5,,,,,,,,,,,,,,,,,,,,,,,,,,,,,,,,,,,,,,,,,,,,,,,,,1,,,,,,,,,,,,
717,30,0.26,1,0.63,1.8,2.4,2.1,0.2,0.4,0.3,300,315,307.5,,,,,,,,,,,,,,,,,,,,,,,,,,,,,,,,,,,,,,,,,,,,,,,,,1,,,,,,,,,,,,
718,30,0.26,1,0.63,1.8,2.4,2.1,0.2,0.4,0.3,315,330,322.5,,,,,,,,,,,,,,,,,,,,,,,,,,,,,,,,,,,,,,,,,,,,,,,,,1,,,,,,,,,,,,
719,30,0.26,1,0.63,1.8,2.4,2.1,0.2,0.4,0.3,330,345,337.5,,,,,,,,,,,,,,,,,,,,,,,,,,,,,,,,,,,,,,,,,,,,,,,,,1,,,,,,,,,,,,
720,30,0.26,1,0.63,1.8,2.4,2.1,0.2,0.4,0.3,345,360,352.5,,,,,,,,,,,,,,,,,,,,,,,,,,,,,,,,,,,,,,,,,,,,,,,,,1,,,,,,,,,,,,
721,31,0,0.16,0.08,1.8,2.4,2.1,0.4,0.8,0.6,0,15,7.5,,,,,,,,,,,,,,,,,,,,,,,,,,,,,,,,,,,,,,,,,,,,,,,,,1,,,,,,,,,,,,
722,31,0,0.16,0.08,1.8,2.4,2.1,0.4,0.8,0.6,15,30,22.5,,,,,,,,,,,,,,,,,,,,,,,,,,,,,,,,,,,,,,,,,,,,,,,,,1,,,,,,,,,,,,
723,31,0,0.16,0.08,1.8,2.4,2.1,0.4,0.8,0.6,30,45,37.5,,,,,,,,,,,,,,,,,,,,,,,,,,,,,,,,,,,,,,,,,,,,,,,,,1,,,,,,,,,,,,
724,31,0,0.16,0.08,1.8,2.4,2.1,0.4,0.8,0.6,45,60,52.5,,,,,,,,,,,,,,,,,,,,,,,,,,,,,,,,,,,,,,,,,,,,,,,,,1,,,,,,,,,,,,
725,31,0,0.16,0.08,1.8,2.4,2.1,0.4,0.8,0.6,60,75,67.5,,,,,,,,,,,,,,,,,,,,,,,,,,,,,,,,,,,,,,,,,,,,,,,,,1,,,,,,,,,,,,
726,31,0,0.16,0.08,1.8,2.4,2.1,0.4,0.8,0.6,75,90,82.5,,,,,,,,,,,,,,,,,,,,,,,,,,,,,,,,,,,,,,,,,,,,,,,,,1,,,,,,,,,,,,
727,31,0,0.16,0.08,1.8,2.4,2.1,0.4,0.8,0.6,90,105,97.5,,,,,,,,,,,,,,,,,,,,,,,,,,,,,,,,,,,,,,,,,,,,,,,,,1,,,,,,,,,,,,
728,31,0,0.16,0.08,1.8,2.4,2.1,0.4,0.8,0.6,105,120,112.5,,,,,,,,,,,,,,,,,,,,,,,,,,,,,,,,,,,,,,,,,,,,,,,,,1,,,,,,,,,,,,
729,31,0,0.16,0.08,1.8,2.4,2.1,0.4,0.8,0.6,120,135,127.5,,,,,,,,,,,,,,,,,,,,,,,,,,,,,,,,,,,,,,,,,,,,,,,,,1,,,,,,,,,,,,
730,31,0,0.16,0.08,1.8,2.4,2.1,0.4,0.8,0.6,135,150,142.5,,,,,,,,,,,,,,,,,,,,,,,,,,,,,,,,,,,,,,,,,,,,,,,,,1,,,,,,,,,,,,
731,31,0,0.16,0.08,1.8,2.4,2.1,0.4,0.8,0.6,150,165,157.5,,,,,,,,,,,,,,,,,,,,,,,,,,,,,,,,,,,,,,,,,,,,,,,,,1,,,,,,,,,,,,
732,31,0,0.16,0.08,1.8,2.4,2.1,0.4,0.8,0.6,165,180,172.5,,,,,,,,,,,,,,,,,,,,,,,,,,,,,,,,,,,,,,,,,,,,,,,,,1,,,,,,,,,,,,
733,31,0,0.16,0.08,1.8,2.4,2.1,0.4,0.8,0.6,180,195,187.5,,,,,,,,,,,,,,,,,,,,,,,,,,,,,,,,,,,,,,,,,,,,,,,,,1,,,,,,,,,,,,
734,31,0,0.16,0.08,1.8,2.4,2.1,0.4,0.8,0.6,195,210,202.5,,,,,,,,,,,,,,,,,,,,,,,,,,,,,,,,,,,,,,,,,,,,,,,,,1,,,,,,,,,,,,
735,31,0,0.16,0.08,1.8,2.4,2.1,0.4,0.8,0.6,210,225,217.5,,,,,,,,,,,,,,,,,,,,,,,,,,,,,,,,,,,,,,,,,,,,,,,,,1,,,,,,,,,,,,
736,31,0,0.16,0.08,1.8,2.4,2.1,0.4,0.8,0.6,225,240,232.5,,,,,,,,,,,,,,,,,,,,,,,,,,,,,,,,,,,,,,,,,,,,,,,,,1,,,,,,,,,,,,
737,31,0,0.16,0.08,1.8,2.4,2.1,0.4,0.8,0.6,240,255,247.5,,,,,,,,,,,,,,,,,,,,,,,,,,,,,,,,,,,,,,,,,,,,,,,,,1,,,,,,,,,,,,
738,31,0,0.16,0.08,1.8,2.4,2.1,0.4,0.8,0.6,255,270,262.5,,,,,,,,,,,,,,,,,,,,,,,,,,,,,,,,,,,,,,,,,,,,,,,,,1,,,,,,,,,,,,
739,31,0,0.16,0.08,1.8,2.4,2.1,0.4,0.8,0.6,270,285,277.5,,,,,,,,,,,,,,,,,,,,,,,,,,,,,,,,,,,,,,,,,,,,,,,,,1,,,,,,,,,,,,
740,31,0,0.16,0.08,1.8,2.4,2.1,0.4,0.8,0.6,285,300,292.5,,,,,,,,,,,,,,,,,,,,,,,,,,,,,,,,,,,,,,,,,,,,,,,,,1,,,,,,,,,,,,
741,31,0,0.16,0.08,1.8,2.4,2.1,0.4,0.8,0.6,300,315,307.5,,,,,,,,,,,,,,,,,,,,,,,,,,,,,,,,,,,,,,,,,,,,,,,,,1,,,,,,,,,,,,
742,31,0,0.16,0.08,1.8,2.4,2.1,0.4,0.8,0.6,315,330,322.5,,,,,,,,,,,,,,,,,,,,,,,,,,,,,,,,,,,,,,,,,,,,,,,,,1,,,,,,,,,,,,
743,31,0,0.16,0.08,1.8,2.4,2.1,0.4,0.8,0.6,330,345,337.5,,,,,,,,,,,,,,,,,,,,,,,,,,,,,,,,,,,,,,,,,,,,,,,,,1,,,,,,,,,,,,
744,31,0,0.16,0.08,1.8,2.4,2.1,0.4,0.8,0.6,345,360,352.5,,,,,,,,,,,,,,,,,,,,,,,,,,,,,,,,,,,,,,,,,,,,,,,,,1,,,,,,,,,,,,
745,32,0.16,0.26,0.21,1.8,2.4,2.1,0.4,0.8,0.6,0,15,7.5,,,,,,,,,,,,,,,,,,,,,,,,,,,,,,,,,,,,,,,,,,,,,,,,,1,,,,,,,,,,,,
746,32,0.16,0.26,0.21,1.8,2.4,2.1,0.4,0.8,0.6,15,30,22.5,,,,,,,,,,,,,,,,,,,,,,,,,,,,,,,,,,,,,,,,,,,,,,,,,1,,,,,,,,,,,,
747,32,0.16,0.26,0.21,1.8,2.4,2.1,0.4,0.8,0.6,30,45,37.5,,,,,,,,,,,,,,,,,,,,,,,,,,,,,,,,,,,,,,,,,,,,,,,,,1,,,,,,,,,,,,
748,32,0.16,0.26,0.21,1.8,2.4,2.1,0.4,0.8,0.6,45,60,52.5,,,,,,,,,,,,,,,,,,,,,,,,,,,,,,,,,,,,,,,,,,,,,,,,,1,,,,,,,,,,,,
749,32,0.16,0.26,0.21,1.8,2.4,2.1,0.4,0.8,0.6,60,75,67.5,,,,,,,,,,,,,,,,,,,,,,,,,,,,,,,,,,,,,,,,,,,,,,,,,1,,,,,,,,,,,,
750,32,0.16,0.26,0.21,1.8,2.4,2.1,0.4,0.8,0.6,75,90,82.5,,,,,,,,,,,,,,,,,,,,,,,,,,,,,,,,,,,,,,,,,,,,,,,,,1,,,,,,,,,,,,
751,32,0.16,0.26,0.21,1.8,2.4,2.1,0.4,0.8,0.6,90,105,97.5,,,,,,,,,,,,,,,,,,,,,,,,,,,,,,,,,,,,,,,,,,,,,,,,,1,,,,,,,,,,,,
752,32,0.16,0.26,0.21,1.8,2.4,2.1,0.4,0.8,0.6,105,120,112.5,,,,,,,,,,,,,,,,,,,,,,,,,,,,,,,,,,,,,,,,,,,,,,,,,1,,,,,,,,,,,,
753,32,0.16,0.26,0.21,1.8,2.4,2.1,0.4,0.8,0.6,120,135,127.5,,,,,,,,,,,,,,,,,,,,,,,,,,,,,,,,,,,,,,,,,,,,,,,,,1,,,,,,,,,,,,
754,32,0.16,0.26,0.21,1.8,2.4,2.1,0.4,0.8,0.6,135,150,142.5,,,,,,,,,,,,,,,,,,,,,,,,,,,,,,,,,,,,,,,,,,,,,,,,,1,,,,,,,,,,,,
755,32,0.16,0.26,0.21,1.8,2.4,2.1,0.4,0.8,0.6,150,165,157.5,,,,,,,,,,,,,,,,,,,,,,,,,,,,,,,,,,,,,,,,,,,,,,,,,1,,,,,,,,,,,,
756,32,0.16,0.26,0.21,1.8,2.4,2.1,0.4,0.8,0.6,165,180,172.5,,,,,,,,,,,,,,,,,,,,,,,,,,,,,,,,,,,,,,,,,,,,,,,,,1,,,,,,,,,,,,
757,32,0.16,0.26,0.21,1.8,2.4,2.1,0.4,0.8,0.6,180,195,187.5,,,,,,,,,,,,,,,,,,,,,,,,,,,,,,,,,,,,,,,,,,,,,,,,,1,,,,,,,,,,,,
758,32,0.16,0.26,0.21,1.8,2.4,2.1,0.4,0.8,0.6,195,210,202.5,,,,,,,,,,,,,,,,,,,,,,,,,,,,,,,,,,,,,,,,,,,,,,,,,1,,,,,,,,,,,,
759,32,0.16,0.26,0.21,1.8,2.4,2.1,0.4,0.8,0.6,210,225,217.5,,,,,,,,,,,,,,,,,,,,,,,,,,,,,,,,,,,,,,,,,,,,,,,,,1,,,,,,,,,,,,
760,32,0.16,0.26,0.21,1.8,2.4,2.1,0.4,0.8,0.6,225,240,232.5,,,,,,,,,,,,,,,,,,,,,,,,,,,,,,,,,,,,,,,,,,,,,,,,,1,,,,,,,,,,,,
761,32,0.16,0.26,0.21,1.8,2.4,2.1,0.4,0.8,0.6,240,255,247.5,,,,,,,,,,,,,,,,,,,,,,,,,,,,,,,,,,,,,,,,,,,,,,,,,1,,,,,,,,,,,,
762,32,0.16,0.26,0.21,1.8,2.4,2.1,0.4,0.8,0.6,255,270,262.5,,,,,,,,,,,,,,,,,,,,,,,,,,,,,,,,,,,,,,,,,,,,,,,,,1,,,,,,,,,,,,
763,32,0.16,0.26,0.21,1.8,2.4,2.1,0.4,0.8,0.6,270,285,277.5,,,,,,,,,,,,,,,,,,,,,,,,,,,,,,,,,,,,,,,,,,,,,,,,,1,,,,,,,,,,,,
764,32,0.16,0.26,0.21,1.8,2.4,2.1,0.4,0.8,0.6,285,300,292.5,,,,,,,,,,,,,,,,,,,,,,,,,,,,,,,,,,,,,,,,,,,,,,,,,1,,,,,,,,,,,,
765,32,0.16,0.26,0.21,1.8,2.4,2.1,0.4,0.8,0.6,300,315,307.5,,,,,,,,,,,,,,,,,,,,,,,,,,,,,,,,,,,,,,,,,,,,,,,,,1,,,,,,,,,,,,
766,32,0.16,0.26,0.21,1.8,2.4,2.1,0.4,0.8,0.6,315,330,322.5,,,,,,,,,,,,,,,,,,,,,,,,,,,,,,,,,,,,,,,,,,,,,,,,,1,,,,,,,,,,,,
767,32,0.16,0.26,0.21,1.8,2.4,2.1,0.4,0.8,0.6,330,345,337.5,,,,,,,,,,,,,,,,,,,,,,,,,,,,,,,,,,,,,,,,,,,,,,,,,1,,,,,,,,,,,,
768,32,0.16,0.26,0.21,1.8,2.4,2.1,0.4,0.8,0.6,345,360,352.5,,,,,,,,,,,,,,,,,,,,,,,,,,,,,,,,,,,,,,,,,,,,,,,,,1,,,,,,,,,,,,
769,33,0.26,1,0.63,1.8,2.4,2.1,0.4,0.8,0.6,0,15,7.5,,,,,,,,,,,,,,,,,,,,,,,,,,,,,,,,,,,,,,,,,,,,,,,,,1,,,,,,,,,,,,
770,33,0.26,1,0.63,1.8,2.4,2.1,0.4,0.8,0.6,15,30,22.5,,,,,,,,,,,,,,,,,,,,,,,,,,,,,,,,,,,,,,,,,,,,,,,,,1,,,,,,,,,,,,
771,33,0.26,1,0.63,1.8,2.4,2.1,0.4,0.8,0.6,30,45,37.5,,,,,,,,,,,,,,,,,,,,,,,,,,,,,,,,,,,,,,,,,,,,,,,,,1,,,,,,,,,,,,
772,33,0.26,1,0.63,1.8,2.4,2.1,0.4,0.8,0.6,45,60,52.5,,,,,,,,,,,,,,,,,,,,,,,,,,,,,,,,,,,,,,,,,,,,,,,,,1,,,,,,,,,,,,
773,33,0.26,1,0.63,1.8,2.4,2.1,0.4,0.8,0.6,60,75,67.5,,,,,,,,,,,,,,,,,,,,,,,,,,,,,,,,,,,,,,,,,,,,,,,,,1,,,,,,,,,,,,
774,33,0.26,1,0.63,1.8,2.4,2.1,0.4,0.8,0.6,75,90,82.5,,,,,,,,,,,,,,,,,,,,,,,,,,,,,,,,,,,,,,,,,,,,,,,,,1,,,,,,,,,,,,
775,33,0.26,1,0.63,1.8,2.4,2.1,0.4,0.8,0.6,90,105,97.5,,,,,,,,,,,,,,,,,,,,,,,,,,,,,,,,,,,,,,,,,,,,,,,,,1,,,,,,,,,,,,
776,33,0.26,1,0.63,1.8,2.4,2.1,0.4,0.8,0.6,105,120,112.5,,,,,,,,,,,,,,,,,,,,,,,,,,,,,,,,,,,,,,,,,,,,,,,,,1,,,,,,,,,,,,
777,33,0.26,1,0.63,1.8,2.4,2.1,0.4,0.8,0.6,120,135,127.5,,,,,,,,,,,,,,,,,,,,,,,,,,,,,,,,,,,,,,,,,,,,,,,,,1,,,,,,,,,,,,
778,33,0.26,1,0.63,1.8,2.4,2.1,0.4,0.8,0.6,135,150,142.5,,,,,,,,,,,,,,,,,,,,,,,,,,,,,,,,,,,,,,,,,,,,,,,,,1,,,,,,,,,,,,
779,33,0.26,1,0.63,1.8,2.4,2.1,0.4,0.8,0.6,150,165,157.5,,,,,,,,,,,,,,,,,,,,,,,,,,,,,,,,,,,,,,,,,,,,,,,,,1,,,,,,,,,,,,
780,33,0.26,1,0.63,1.8,2.4,2.1,0.4,0.8,0.6,165,180,172.5,,,,,,,,,,,,,,,,,,,,,,,,,,,,,,,,,,,,,,,,,,,,,,,,,1,,,,,,,,,,,,
781,33,0.26,1,0.63,1.8,2.4,2.1,0.4,0.8,0.6,180,195,187.5,,,,,,,,,,,,,,,,,,,,,,,,,,,,,,,,,,,,,,,,,,,,,,,,,1,,,,,,,,,,,,
782,33,0.26,1,0.63,1.8,2.4,2.1,0.4,0.8,0.6,195,210,202.5,,,,,,,,,,,,,,,,,,,,,,,,,,,,,,,,,,,,,,,,,,,,,,,,,1,,,,,,,,,,,,
783,33,0.26,1,0.63,1.8,2.4,2.1,0.4,0.8,0.6,210,225,217.5,,,,,,,,,,,,,,,,,,,,,,,,,,,,,,,,,,,,,,,,,,,,,,,,,1,,,,,,,,,,,,
784,33,0.26,1,0.63,1.8,2.4,2.1,0.4,0.8,0.6,225,240,232.5,,,,,,,,,,,,,,,,,,,,,,,,,,,,,,,,,,,,,,,,,,,,,,,,,1,,,,,,,,,,,,
785,33,0.26,1,0.63,1.8,2.4,2.1,0.4,0.8,0.6,240,255,247.5,,,,,,,,,,,,,,,,,,,,,,,,,,,,,,,,,,,,,,,,,,,,,,,,,1,,,,,,,,,,,,
786,33,0.26,1,0.63,1.8,2.4,2.1,0.4,0.8,0.6,255,270,262.5,,,,,,,,,,,,,,,,,,,,,,,,,,,,,,,,,,,,,,,,,,,,,,,,,1,,,,,,,,,,,,
787,33,0.26,1,0.63,1.8,2.4,2.1,0.4,0.8,0.6,270,285,277.5,,,,,,,,,,,,,,,,,,,,,,,,,,,,,,,,,,,,,,,,,,,,,,,,,1,,,,,,,,,,,,
788,33,0.26,1,0.63,1.8,2.4,2.1,0.4,0.8,0.6,285,300,292.5,,,,,,,,,,,,,,,,,,,,,,,,,,,,,,,,,,,,,,,,,,,,,,,,,1,,,,,,,,,,,,
789,33,0.26,1,0.63,1.8,2.4,2.1,0.4,0.8,0.6,300,315,307.5,,,,,,,,,,,,,,,,,,,,,,,,,,,,,,,,,,,,,,,,,,,,,,,,,1,,,,,,,,,,,,
790,33,0.26,1,0.63,1.8,2.4,2.1,0.4,0.8,0.6,315,330,322.5,,,,,,,,,,,,,,,,,,,,,,,,,,,,,,,,,,,,,,,,,,,,,,,,,1,,,,,,,,,,,,
791,33,0.26,1,0.63,1.8,2.4,2.1,0.4,0.8,0.6,330,345,337.5,,,,,,,,,,,,,,,,,,,,,,,,,,,,,,,,,,,,,,,,,,,,,,,,,1,,,,,,,,,,,,
792,33,0.26,1,0.63,1.8,2.4,2.1,0.4,0.8,0.6,345,360,352.5,,,,,,,,,,,,,,,,,,,,,,,,,,,,,,,,,,,,,,,,,,,,,,,,,1,,,,,,,,,,,,
793,34,0,0.16,0.08,1.8,2.4,2.1,0.8,100,50.4,0,15,7.5,,,,,,,,,,,,,,,,,,,,,,,,,,,,,,,,,,,,,,,,,,,,,,,,,1,,,,,,,,,,,,
794,34,0,0.16,0.08,1.8,2.4,2.1,0.8,100,50.4,15,30,22.5,,,,,,,,,,,,,,,,,,,,,,,,,,,,,,,,,,,,,,,,,,,,,,,,,1,,,,,,,,,,,,
795,34,0,0.16,0.08,1.8,2.4,2.1,0.8,100,50.4,30,45,37.5,,,,,,,,,,,,,,,,,,,,,,,,,,,,,,,,,,,,,,,,,,,,,,,,,1,,,,,,,,,,,,
796,34,0,0.16,0.08,1.8,2.4,2.1,0.8,100,50.4,45,60,52.5,,,,,,,,,,,,,,,,,,,,,,,,,,,,,,,,,,,,,,,,,,,,,,,,,1,,,,,,,,,,,,
797,34,0,0.16,0.08,1.8,2.4,2.1,0.8,100,50.4,60,75,67.5,,,,,,,,,,,,,,,,,,,,,,,,,,,,,,,,,,,,,,,,,,,,,,,,,1,,,,,,,,,,,,
798,34,0,0.16,0.08,1.8,2.4,2.1,0.8,100,50.4,75,90,82.5,,,,,,,,,,,,,,,,,,,,,,,,,,,,,,,,,,,,,,,,,,,,,,,,,1,,,,,,,,,,,,
799,34,0,0.16,0.08,1.8,2.4,2.1,0.8,100,50.4,90,105,97.5,,,,,,,,,,,,,,,,,,,,,,,,,,,,,,,,,,,,,,,,,,,,,,,,,1,,,,,,,,,,,,
800,34,0,0.16,0.08,1.8,2.4,2.1,0.8,100,50.4,105,120,112.5,,,,,,,,,,,,,,,,,,,,,,,,,,,,,,,,,,,,,,,,,,,,,,,,,1,,,,,,,,,,,,
801,34,0,0.16,0.08,1.8,2.4,2.1,0.8,100,50.4,120,135,127.5,,,,,,,,,,,,,,,,,,,,,,,,,,,,,,,,,,,,,,,,,,,,,,,,,1,,,,,,,,,,,,
802,34,0,0.16,0.08,1.8,2.4,2.1,0.8,100,50.4,135,150,142.5,,,,,,,,,,,,,,,,,,,,,,,,,,,,,,,,,,,,,,,,,,,,,,,,,1,,,,,,,,,,,,
803,34,0,0.16,0.08,1.8,2.4,2.1,0.8,100,50.4,150,165,157.5,,,,,,,,,,,,,,,,,,,,,,,,,,,,,,,,,,,,,,,,,,,,,,,,,1,,,,,,,,,,,,
804,34,0,0.16,0.08,1.8,2.4,2.1,0.8,100,50.4,165,180,172.5,,,,,,,,,,,,,,,,,,,,,,,,,,,,,,,,,,,,,,,,,,,,,,,,,1,,,,,,,,,,,,
805,34,0,0.16,0.08,1.8,2.4,2.1,0.8,100,50.4,180,195,187.5,,,,,,,,,,,,,,,,,,,,,,,,,,,,,,,,,,,,,,,,,,,,,,,,,1,,,,,,,,,,,,
806,34,0,0.16,0.08,1.8,2.4,2.1,0.8,100,50.4,195,210,202.5,,,,,,,,,,,,,,,,,,,,,,,,,,,,,,,,,,,,,,,,,,,,,,,,,1,,,,,,,,,,,,
807,34,0,0.16,0.08,1.8,2.4,2.1,0.8,100,50.4,210,225,217.5,,,,,,,,,,,,,,,,,,,,,,,,,,,,,,,,,,,,,,,,,,,,,,,,,1,,,,,,,,,,,,
808,34,0,0.16,0.08,1.8,2.4,2.1,0.8,100,50.4,225,240,232.5,,,,,,,,,,,,,,,,,,,,,,,,,,,,,,,,,,,,,,,,,,,,,,,,,1,,,,,,,,,,,,
809,34,0,0.16,0.08,1.8,2.4,2.1,0.8,100,50.4,240,255,247.5,,,,,,,,,,,,,,,,,,,,,,,,,,,,,,,,,,,,,,,,,,,,,,,,,1,,,,,,,,,,,,
810,34,0,0.16,0.08,1.8,2.4,2.1,0.8,100,50.4,255,270,262.5,,,,,,,,,,,,,,,,,,,,,,,,,,,,,,,,,,,,,,,,,,,,,,,,,1,,,,,,,,,,,,
811,34,0,0.16,0.08,1.8,2.4,2.1,0.8,100,50.4,270,285,277.5,,,,,,,,,,,,,,,,,,,,,,,,,,,,,,,,,,,,,,,,,,,,,,,,,1,,,,,,,,,,,,
812,34,0,0.16,0.08,1.8,2.4,2.1,0.8,100,50.4,285,300,292.5,,,,,,,,,,,,,,,,,,,,,,,,,,,,,,,,,,,,,,,,,,,,,,,,,1,,,,,,,,,,,,
813,34,0,0.16,0.08,1.8,2.4,2.1,0.8,100,50.4,300,315,307.5,,,,,,,,,,,,,,,,,,,,,,,,,,,,,,,,,,,,,,,,,,,,,,,,,1,,,,,,,,,,,,
814,34,0,0.16,0.08,1.8,2.4,2.1,0.8,100,50.4,315,330,322.5,,,,,,,,,,,,,,,,,,,,,,,,,,,,,,,,,,,,,,,,,,,,,,,,,1,,,,,,,,,,,,
815,34,0,0.16,0.08,1.8,2.4,2.1,0.8,100,50.4,330,345,337.5,,,,,,,,,,,,,,,,,,,,,,,,,,,,,,,,,,,,,,,,,,,,,,,,,1,,,,,,,,,,,,
816,34,0,0.16,0.08,1.8,2.4,2.1,0.8,100,50.4,345,360,352.5,,,,,,,,,,,,,,,,,,,,,,,,,,,,,,,,,,,,,,,,,,,,,,,,,1,,,,,,,,,,,,
817,35,0.16,0.26,0.21,1.8,2.4,2.1,0.8,100,50.4,0,15,7.5,,,,,,,,,,,,,,,,,,,,,,,,,,,,,,,,,,,,,,,,,,,,,,,,,1,,,,,,,,,,,,
818,35,0.16,0.26,0.21,1.8,2.4,2.1,0.8,100,50.4,15,30,22.5,,,,,,,,,,,,,,,,,,,,,,,,,,,,,,,,,,,,,,,,,,,,,,,,,1,,,,,,,,,,,,
819,35,0.16,0.26,0.21,1.8,2.4,2.1,0.8,100,50.4,30,45,37.5,,,,,,,,,,,,,,,,,,,,,,,,,,,,,,,,,,,,,,,,,,,,,,,,,1,,,,,,,,,,,,
820,35,0.16,0.26,0.21,1.8,2.4,2.1,0.8,100,50.4,45,60,52.5,,,,,,,,,,,,,,,,,,,,,,,,,,,,,,,,,,,,,,,,,,,,,,,,,1,,,,,,,,,,,,
821,35,0.16,0.26,0.21,1.8,2.4,2.1,0.8,100,50.4,60,75,67.5,,,,,,,,,,,,,,,,,,,,,,,,,,,,,,,,,,,,,,,,,,,,,,,,,1,,,,,,,,,,,,
822,35,0.16,0.26,0.21,1.8,2.4,2.1,0.8,100,50.4,75,90,82.5,,,,,,,,,,,,,,,,,,,,,,,,,,,,,,,,,,,,,,,,,,,,,,,,,1,,,,,,,,,,,,
823,35,0.16,0.26,0.21,1.8,2.4,2.1,0.8,100,50.4,90,105,97.5,,,,,,,,,,,,,,,,,,,,,,,,,,,,,,,,,,,,,,,,,,,,,,,,,1,,,,,,,,,,,,
824,35,0.16,0.26,0.21,1.8,2.4,2.1,0.8,100,50.4,105,120,112.5,,,,,,,,,,,,,,,,,,,,,,,,,,,,,,,,,,,,,,,,,,,,,,,,,1,,,,,,,,,,,,
825,35,0.16,0.26,0.21,1.8,2.4,2.1,0.8,100,50.4,120,135,127.5,,,,,,,,,,,,,,,,,,,,,,,,,,,,,,,,,,,,,,,,,,,,,,,,,1,,,,,,,,,,,,
826,35,0.16,0.26,0.21,1.8,2.4,2.1,0.8,100,50.4,135,150,142.5,,,,,,,,,,,,,,,,,,,,,,,,,,,,,,,,,,,,,,,,,,,,,,,,,1,,,,,,,,,,,,
827,35,0.16,0.26,0.21,1.8,2.4,2.1,0.8,100,50.4,150,165,157.5,,,,,,,,,,,,,,,,,,,,,,,,,,,,,,,,,,,,,,,,,,,,,,,,,1,,,,,,,,,,,,
828,35,0.16,0.26,0.21,1.8,2.4,2.1,0.8,100,50.4,165,180,172.5,,,,,,,,,,,,,,,,,,,,,,,,,,,,,,,,,,,,,,,,,,,,,,,,,1,,,,,,,,,,,,
829,35,0.16,0.26,0.21,1.8,2.4,2.1,0.8,100,50.4,180,195,187.5,,,,,,,,,,,,,,,,,,,,,,,,,,,,,,,,,,,,,,,,,,,,,,,,,1,,,,,,,,,,,,
830,35,0.16,0.26,0.21,1.8,2.4,2.1,0.8,100,50.4,195,210,202.5,,,,,,,,,,,,,,,,,,,,,,,,,,,,,,,,,,,,,,,,,,,,,,,,,1,,,,,,,,,,,,
831,35,0.16,0.26,0.21,1.8,2.4,2.1,0.8,100,50.4,210,225,217.5,,,,,,,,,,,,,,,,,,,,,,,,,,,,,,,,,,,,,,,,,,,,,,,,,1,,,,,,,,,,,,
832,35,0.16,0.26,0.21,1.8,2.4,2.1,0.8,100,50.4,225,240,232.5,,,,,,,,,,,,,,,,,,,,,,,,,,,,,,,,,,,,,,,,,,,,,,,,,1,,,,,,,,,,,,
833,35,0.16,0.26,0.21,1.8,2.4,2.1,0.8,100,50.4,240,255,247.5,,,,,,,,,,,,,,,,,,,,,,,,,,,,,,,,,,,,,,,,,,,,,,,,,1,,,,,,,,,,,,
834,35,0.16,0.26,0.21,1.8,2.4,2.1,0.8,100,50.4,255,270,262.5,,,,,,,,,,,,,,,,,,,,,,,,,,,,,,,,,,,,,,,,,,,,,,,,,1,,,,,,,,,,,,
835,35,0.16,0.26,0.21,1.8,2.4,2.1,0.8,100,50.4,270,285,277.5,,,,,,,,,,,,,,,,,,,,,,,,,,,,,,,,,,,,,,,,,,,,,,,,,1,,,,,,,,,,,,
836,35,0.16,0.26,0.21,1.8,2.4,2.1,0.8,100,50.4,285,300,292.5,,,,,,,,,,,,,,,,,,,,,,,,,,,,,,,,,,,,,,,,,,,,,,,,,1,,,,,,,,,,,,
837,35,0.16,0.26,0.21,1.8,2.4,2.1,0.8,100,50.4,300,315,307.5,,,,,,,,,,,,,,,,,,,,,,,,,,,,,,,,,,,,,,,,,,,,,,,,,1,,,,,,,,,,,,
838,35,0.16,0.26,0.21,1.8,2.4,2.1,0.8,100,50.4,315,330,322.5,,,,,,,,,,,,,,,,,,,,,,,,,,,,,,,,,,,,,,,,,,,,,,,,,1,,,,,,,,,,,,
839,35,0.16,0.26,0.21,1.8,2.4,2.1,0.8,100,50.4,330,345,337.5,,,,,,,,,,,,,,,,,,,,,,,,,,,,,,,,,,,,,,,,,,,,,,,,,1,,,,,,,,,,,,
840,35,0.16,0.26,0.21,1.8,2.4,2.1,0.8,100,50.4,345,360,352.5,,,,,,,,,,,,,,,,,,,,,,,,,,,,,,,,,,,,,,,,,,,,,,,,,1,,,,,,,,,,,,
841,36,0.26,1,0.63,1.8,2.4,2.1,0.8,100,50.4,0,15,7.5,,,,,,,,,,,,,,,,,,,,,,,,,,,,,,,,,,,,,,,,,,,,,,,,,1,,,,,,,,,,,,
842,36,0.26,1,0.63,1.8,2.4,2.1,0.8,100,50.4,15,30,22.5,,,,,,,,,,,,,,,,,,,,,,,,,,,,,,,,,,,,,,,,,,,,,,,,,1,,,,,,,,,,,,
843,36,0.26,1,0.63,1.8,2.4,2.1,0.8,100,50.4,30,45,37.5,,,,,,,,,,,,,,,,,,,,,,,,,,,,,,,,,,,,,,,,,,,,,,,,,1,,,,,,,,,,,,
844,36,0.26,1,0.63,1.8,2.4,2.1,0.8,100,50.4,45,60,52.5,,,,,,,,,,,,,,,,,,,,,,,,,,,,,,,,,,,,,,,,,,,,,,,,,1,,,,,,,,,,,,
845,36,0.26,1,0.63,1.8,2.4,2.1,0.8,100,50.4,60,75,67.5,,,,,,,,,,,,,,,,,,,,,,,,,,,,,,,,,,,,,,,,,,,,,,,,,1,,,,,,,,,,,,
846,36,0.26,1,0.63,1.8,2.4,2.1,0.8,100,50.4,75,90,82.5,,,,,,,,,,,,,,,,,,,,,,,,,,,,,,,,,,,,,,,,,,,,,,,,,1,,,,,,,,,,,,
847,36,0.26,1,0.63,1.8,2.4,2.1,0.8,100,50.4,90,105,97.5,,,,,,,,,,,,,,,,,,,,,,,,,,,,,,,,,,,,,,,,,,,,,,,,,1,,,,,,,,,,,,
848,36,0.26,1,0.63,1.8,2.4,2.1,0.8,100,50.4,105,120,112.5,,,,,,,,,,,,,,,,,,,,,,,,,,,,,,,,,,,,,,,,,,,,,,,,,1,,,,,,,,,,,,
849,36,0.26,1,0.63,1.8,2.4,2.1,0.8,100,50.4,120,135,127.5,,,,,,,,,,,,,,,,,,,,,,,,,,,,,,,,,,,,,,,,,,,,,,,,,1,,,,,,,,,,,,
850,36,0.26,1,0.63,1.8,2.4,2.1,0.8,100,50.4,135,150,142.5,,,,,,,,,,,,,,,,,,,,,,,,,,,,,,,,,,,,,,,,,,,,,,,,,1,,,,,,,,,,,,
851,36,0.26,1,0.63,1.8,2.4,2.1,0.8,100,50.4,150,165,157.5,,,,,,,,,,,,,,,,,,,,,,,,,,,,,,,,,,,,,,,,,,,,,,,,,1,,,,,,,,,,,,
852,36,0.26,1,0.63,1.8,2.4,2.1,0.8,100,50.4,165,180,172.5,,,,,,,,,,,,,,,,,,,,,,,,,,,,,,,,,,,,,,,,,,,,,,,,,1,,,,,,,,,,,,
853,36,0.26,1,0.63,1.8,2.4,2.1,0.8,100,50.4,180,195,187.5,,,,,,,,,,,,,,,,,,,,,,,,,,,,,,,,,,,,,,,,,,,,,,,,,1,,,,,,,,,,,,
854,36,0.26,1,0.63,1.8,2.4,2.1,0.8,100,50.4,195,210,202.5,,,,,,,,,,,,,,,,,,,,,,,,,,,,,,,,,,,,,,,,,,,,,,,,,1,,,,,,,,,,,,
855,36,0.26,1,0.63,1.8,2.4,2.1,0.8,100,50.4,210,225,217.5,,,,,,,,,,,,,,,,,,,,,,,,,,,,,,,,,,,,,,,,,,,,,,,,,1,,,,,,,,,,,,
856,36,0.26,1,0.63,1.8,2.4,2.1,0.8,100,50.4,225,240,232.5,,,,,,,,,,,,,,,,,,,,,,,,,,,,,,,,,,,,,,,,,,,,,,,,,1,,,,,,,,,,,,
857,36,0.26,1,0.63,1.8,2.4,2.1,0.8,100,50.4,240,255,247.5,,,,,,,,,,,,,,,,,,,,,,,,,,,,,,,,,,,,,,,,,,,,,,,,,1,,,,,,,,,,,,
858,36,0.26,1,0.63,1.8,2.4,2.1,0.8,100,50.4,255,270,262.5,,,,,,,,,,,,,,,,,,,,,,,,,,,,,,,,,,,,,,,,,,,,,,,,,1,,,,,,,,,,,,
859,36,0.26,1,0.63,1.8,2.4,2.1,0.8,100,50.4,270,285,277.5,,,,,,,,,,,,,,,,,,,,,,,,,,,,,,,,,,,,,,,,,,,,,,,,,1,,,,,,,,,,,,
860,36,0.26,1,0.63,1.8,2.4,2.1,0.8,100,50.4,285,300,292.5,,,,,,,,,,,,,,,,,,,,,,,,,,,,,,,,,,,,,,,,,,,,,,,,,1,,,,,,,,,,,,
861,36,0.26,1,0.63,1.8,2.4,2.1,0.8,100,50.4,300,315,307.5,,,,,,,,,,,,,,,,,,,,,,,,,,,,,,,,,,,,,,,,,,,,,,,,,1,,,,,,,,,,,,
862,36,0.26,1,0.63,1.8,2.4,2.1,0.8,100,50.4,315,330,322.5,,,,,,,,,,,,,,,,,,,,,,,,,,,,,,,,,,,,,,,,,,,,,,,,,1,,,,,,,,,,,,
863,36,0.26,1,0.63,1.8,2.4,2.1,0.8,100,50.4,330,345,337.5,,,,,,,,,,,,,,,,,,,,,,,,,,,,,,,,,,,,,,,,,,,,,,,,,1,,,,,,,,,,,,
864,36,0.26,1,0.63,1.8,2.4,2.1,0.8,100,50.4,345,360,352.5,,,,,,,,,,,,,,,,,,,,,,,,,,,,,,,,,,,,,,,,,,,,,,,,,1,,,,,,,,,,,,
865,37,0,0.21,0.105,2.4,3.25,2.825,0,0.2,0.1,0,15,7.5,,,,,,,,,,,,,,,,,,,,,,,,,,,,,,,,,,,,,,,,,,,,,,,,,1,,,,,,,,,,,,
866,37,0,0.21,0.105,2.4,3.25,2.825,0,0.2,0.1,15,30,22.5,,,,,,,,,,,,,,,,,,,,,,,,,,,,,,,,,,,,,,,,,,,,,,,,,1,,,,,,,,,,,,
867,37,0,0.21,0.105,2.4,3.25,2.825,0,0.2,0.1,30,45,37.5,,,,,,,,,,,,,,,,,,,,,,,,,,,,,,,,,,,,,,,,,,,,,,,,,1,,,,,,,,,,,,
868,37,0,0.21,0.105,2.4,3.25,2.825,0,0.2,0.1,45,60,52.5,,,,,,,,,,,,,,,,,,,,,,,,,,,,,,,,,,,,,,,,,,,,,,,,,1,,,,,,,,,,,,
869,37,0,0.21,0.105,2.4,3.25,2.825,0,0.2,0.1,60,75,67.5,,,,,,,,,,,,,,,,,,,,,,,,,,,,,,,,,,,,,,,,,,,,,,,,,1,,,,,,,,,,,,
870,37,0,0.21,0.105,2.4,3.25,2.825,0,0.2,0.1,75,90,82.5,,,,,,,,,,,,,,,,,,,,,,,,,,,,,,,,,,,,,,,,,,,,,,,,,1,,,,,,,,,,,,
871,37,0,0.21,0.105,2.4,3.25,2.825,0,0.2,0.1,90,105,97.5,,,,,,,,,,,,,,,,,,,,,,,,,,,,,,,,,,,,,,,,,,,,,,,,,1,,,,,,,,,,,,
872,37,0,0.21,0.105,2.4,3.25,2.825,0,0.2,0.1,105,120,112.5,,,,,,,,,,,,,,,,,,,,,,,,,,,,,,,,,,,,,,,,,,,,,,,,,1,,,,,,,,,,,,
873,37,0,0.21,0.105,2.4,3.25,2.825,0,0.2,0.1,120,135,127.5,,,,,,,,,,,,,,,,,,,,,,,,,,,,,,,,,,,,,,,,,,,,,,,,,1,,,,,,,,,,,,
874,37,0,0.21,0.105,2.4,3.25,2.825,0,0.2,0.1,135,150,142.5,,,,,,,,,,,,,,,,,,,,,,,,,,,,,,,,,,,,,,,,,,,,,,,,,1,,,,,,,,,,,,
875,37,0,0.21,0.105,2.4,3.25,2.825,0,0.2,0.1,150,165,157.5,,,,,,,,,,,,,,,,,,,,,,,,,,,,,,,,,,,,,,,,,,,,,,,,,1,,,,,,,,,,,,
876,37,0,0.21,0.105,2.4,3.25,2.825,0,0.2,0.1,165,180,172.5,,,,,,,,,,,,,,,,,,,,,,,,,,,,,,,,,,,,,,,,,,,,,,,,,1,,,,,,,,,,,,
877,37,0,0.21,0.105,2.4,3.25,2.825,0,0.2,0.1,180,195,187.5,,,,,,,,,,,,,,,,,,,,,,,,,,,,,,,,,,,,,,,,,,,,,,,,,1,,,,,,,,,,,,
878,37,0,0.21,0.105,2.4,3.25,2.825,0,0.2,0.1,195,210,202.5,,,,,,,,,,,,,,,,,,,,,,,,,,,,,,,,,,,,,,,,,,,,,,,,,1,,,,,,,,,,,,
879,37,0,0.21,0.105,2.4,3.25,2.825,0,0.2,0.1,210,225,217.5,,,,,,,,,,,,,,,,,,,,,,,,,,,,,,,,,,,,,,,,,,,,,,,,,1,,,,,,,,,,,,
880,37,0,0.21,0.105,2.4,3.25,2.825,0,0.2,0.1,225,240,232.5,,,,,,,,,,,,,,,,,,,,,,,,,,,,,,,,,,,,,,,,,,,,,,,,,1,,,,,,,,,,,,
881,37,0,0.21,0.105,2.4,3.25,2.825,0,0.2,0.1,240,255,247.5,,,,,,,,,,,,,,,,,,,,,,,,,,,,,,,,,,,,,,,,,,,,,,,,,1,,,,,,,,,,,,
882,37,0,0.21,0.105,2.4,3.25,2.825,0,0.2,0.1,255,270,262.5,,,,,,,,,,,,,,,,,,,,,,,,,,,,,,,,,,,,,,,,,,,,,,,,,1,,,,,,,,,,,,
883,37,0,0.21,0.105,2.4,3.25,2.825,0,0.2,0.1,270,285,277.5,,,,,,,,,,,,,,,,,,,,,,,,,,,,,,,,,,,,,,,,,,,,,,,,,1,,,,,,,,,,,,
884,37,0,0.21,0.105,2.4,3.25,2.825,0,0.2,0.1,285,300,292.5,,,,,,,,,,,,,,,,,,,,,,,,,,,,,,,,,,,,,,,,,,,,,,,,,1,,,,,,,,,,,,
885,37,0,0.21,0.105,2.4,3.25,2.825,0,0.2,0.1,300,315,307.5,,,,,,,,,,,,,,,,,,,,,,,,,,,,,,,,,,,,,,,,,,,,,,,,,1,,,,,,,,,,,,
886,37,0,0.21,0.105,2.4,3.25,2.825,0,0.2,0.1,315,330,322.5,,,,,,,,,,,,,,,,,,,,,,,,,,,,,,,,,,,,,,,,,,,,,,,,,1,,,,,,,,,,,,
887,37,0,0.21,0.105,2.4,3.25,2.825,0,0.2,0.1,330,345,337.5,,,,,,,,,,,,,,,,,,,,,,,,,,,,,,,,,,,,,,,,,,,,,,,,,1,,,,,,,,,,,,
888,37,0,0.21,0.105,2.4,3.25,2.825,0,0.2,0.1,345,360,352.5,,,,,,,,,,,,,,,,,,,,,,,,,,,,,,,,,,,,,,,,,,,,,,,,,1,,,,,,,,,,,,
889,38,0.21,0.33,0.27,2.4,3.25,2.825,0,0.2,0.1,0,15,7.5,,,,,,,,,,,,,,,,,,,,,,,,,,,,,,,,,,,,,,,,,,,,,,,,,1,,,,,,,,,,,,
890,38,0.21,0.33,0.27,2.4,3.25,2.825,0,0.2,0.1,15,30,22.5,,,,,,,,,,,,,,,,,,,,,,,,,,,,,,,,,,,,,,,,,,,,,,,,,1,,,,,,,,,,,,
891,38,0.21,0.33,0.27,2.4,3.25,2.825,0,0.2,0.1,30,45,37.5,,,,,,,,,,,,,,,,,,,,,,,,,,,,,,,,,,,,,,,,,,,,,,,,,1,,,,,,,,,,,,
892,38,0.21,0.33,0.27,2.4,3.25,2.825,0,0.2,0.1,45,60,52.5,,,,,,,,,,,,,,,,,,,,,,,,,,,,,,,,,,,,,,,,,,,,,,,,,1,,,,,,,,,,,,
893,38,0.21,0.33,0.27,2.4,3.25,2.825,0,0.2,0.1,60,75,67.5,,,,,,,,,,,,,,,,,,,,,,,,,,,,,,,,,,,,,,,,,,,,,,,,,1,,,,,,,,,,,,
894,38,0.21,0.33,0.27,2.4,3.25,2.825,0,0.2,0.1,75,90,82.5,,,,,,,,,,,,,,,,,,,,,,,,,,,,,,,,,,,,,,,,,,,,,,,,,1,,,,,,,,,,,,
895,38,0.21,0.33,0.27,2.4,3.25,2.825,0,0.2,0.1,90,105,97.5,,,,,,,,,,,,,,,,,,,,,,,,,,,,,,,,,,,,,,,,,,,,,,,,,1,,,,,,,,,,,,
896,38,0.21,0.33,0.27,2.4,3.25,2.825,0,0.2,0.1,105,120,112.5,,,,,,,,,,,,,,,,,,,,,,,,,,,,,,,,,,,,,,,,,,,,,,,,,1,,,,,,,,,,,,
897,38,0.21,0.33,0.27,2.4,3.25,2.825,0,0.2,0.1,120,135,127.5,,,,,,,,,,,,,,,,,,,,,,,,,,,,,,,,,,,,,,,,,,,,,,,,,1,,,,,,,,,,,,
898,38,0.21,0.33,0.27,2.4,3.25,2.825,0,0.2,0.1,135,150,142.5,,,,,,,,,,,,,,,,,,,,,,,,,,,,,,,,,,,,,,,,,,,,,,,,,1,,,,,,,,,,,,
899,38,0.21,0.33,0.27,2.4,3.25,2.825,0,0.2,0.1,150,165,157.5,,,,,,,,,,,,,,,,,,,,,,,,,,,,,,,,,,,,,,,,,,,,,,,,,1,,,,,,,,,,,,
900,38,0.21,0.33,0.27,2.4,3.25,2.825,0,0.2,0.1,165,180,172.5,,,,,,,,,,,,,,,,,,,,,,,,,,,,,,,,,,,,,,,,,,,,,,,,,1,,,,,,,,,,,,
901,38,0.21,0.33,0.27,2.4,3.25,2.825,0,0.2,0.1,180,195,187.5,,,,,,,,,,,,,,,,,,,,,,,,,,,,,,,,,,,,,,,,,,,,,,,,,1,,,,,,,,,,,,
902,38,0.21,0.33,0.27,2.4,3.25,2.825,0,0.2,0.1,195,210,202.5,,,,,,,,,,,,,,,,,,,,,,,,,,,,,,,,,,,,,,,,,,,,,,,,,1,,,,,,,,,,,,
903,38,0.21,0.33,0.27,2.4,3.25,2.825,0,0.2,0.1,210,225,217.5,,,,,,,,,,,,,,,,,,,,,,,,,,,,,,,,,,,,,,,,,,,,,,,,,1,,,,,,,,,,,,
904,38,0.21,0.33,0.27,2.4,3.25,2.825,0,0.2,0.1,225,240,232.5,,,,,,,,,,,,,,,,,,,,,,,,,,,,,,,,,,,,,,,,,,,,,,,,,1,,,,,,,,,,,,
905,38,0.21,0.33,0.27,2.4,3.25,2.825,0,0.2,0.1,240,255,247.5,,,,,,,,,,,,,,,,,,,,,,,,,,,,,,,,,,,,,,,,,,,,,,,,,1,,,,,,,,,,,,
906,38,0.21,0.33,0.27,2.4,3.25,2.825,0,0.2,0.1,255,270,262.5,,,,,,,,,,,,,,,,,,,,,,,,,,,,,,,,,,,,,,,,,,,,,,,,,1,,,,,,,,,,,,
907,38,0.21,0.33,0.27,2.4,3.25,2.825,0,0.2,0.1,270,285,277.5,,,,,,,,,,,,,,,,,,,,,,,,,,,,,,,,,,,,,,,,,,,,,,,,,1,,,,,,,,,,,,
908,38,0.21,0.33,0.27,2.4,3.25,2.825,0,0.2,0.1,285,300,292.5,,,,,,,,,,,,,,,,,,,,,,,,,,,,,,,,,,,,,,,,,,,,,,,,,1,,,,,,,,,,,,
909,38,0.21,0.33,0.27,2.4,3.25,2.825,0,0.2,0.1,300,315,307.5,,,,,,,,,,,,,,,,,,,,,,,,,,,,,,,,,,,,,,,,,,,,,,,,,1,,,,,,,,,,,,
910,38,0.21,0.33,0.27,2.4,3.25,2.825,0,0.2,0.1,315,330,322.5,,,,,,,,,,,,,,,,,,,,,,,,,,,,,,,,,,,,,,,,,,,,,,,,,1,,,,,,,,,,,,
911,38,0.21,0.33,0.27,2.4,3.25,2.825,0,0.2,0.1,330,345,337.5,,,,,,,,,,,,,,,,,,,,,,,,,,,,,,,,,,,,,,,,,,,,,,,,,1,,,,,,,,,,,,
912,38,0.21,0.33,0.27,2.4,3.25,2.825,0,0.2,0.1,345,360,352.5,,,,,,,,,,,,,,,,,,,,,,,,,,,,,,,,,,,,,,,,,,,,,,,,,1,,,,,,,,,,,,
913,39,0.33,1,0.665,2.4,3.25,2.825,0,0.2,0.1,0,15,7.5,,,,,,,,,,,,,,,,,,,,,,,,,,,,,,,,,,,,,,,,,,,,,,,,,1,,,,,,,,,,,,
914,39,0.33,1,0.665,2.4,3.25,2.825,0,0.2,0.1,15,30,22.5,,,,,,,,,,,,,,,,,,,,,,,,,,,,,,,,,,,,,,,,,,,,,,,,,1,,,,,,,,,,,,
915,39,0.33,1,0.665,2.4,3.25,2.825,0,0.2,0.1,30,45,37.5,,,,,,,,,,,,,,,,,,,,,,,,,,,,,,,,,,,,,,,,,,,,,,,,,1,,,,,,,,,,,,
916,39,0.33,1,0.665,2.4,3.25,2.825,0,0.2,0.1,45,60,52.5,,,,,,,,,,,,,,,,,,,,,,,,,,,,,,,,,,,,,,,,,,,,,,,,,1,,,,,,,,,,,,
917,39,0.33,1,0.665,2.4,3.25,2.825,0,0.2,0.1,60,75,67.5,,,,,,,,,,,,,,,,,,,,,,,,,,,,,,,,,,,,,,,,,,,,,,,,,1,,,,,,,,,,,,
918,39,0.33,1,0.665,2.4,3.25,2.825,0,0.2,0.1,75,90,82.5,,,,,,,,,,,,,,,,,,,,,,,,,,,,,,,,,,,,,,,,,,,,,,,,,1,,,,,,,,,,,,
919,39,0.33,1,0.665,2.4,3.25,2.825,0,0.2,0.1,90,105,97.5,,,,,,,,,,,,,,,,,,,,,,,,,,,,,,,,,,,,,,,,,,,,,,,,,1,,,,,,,,,,,,
920,39,0.33,1,0.665,2.4,3.25,2.825,0,0.2,0.1,105,120,112.5,,,,,,,,,,,,,,,,,,,,,,,,,,,,,,,,,,,,,,,,,,,,,,,,,1,,,,,,,,,,,,
921,39,0.33,1,0.665,2.4,3.25,2.825,0,0.2,0.1,120,135,127.5,,,,,,,,,,,,,,,,,,,,,,,,,,,,,,,,,,,,,,,,,,,,,,,,,1,,,,,,,,,,,,
922,39,0.33,1,0.665,2.4,3.25,2.825,0,0.2,0.1,135,150,142.5,,,,,,,,,,,,,,,,,,,,,,,,,,,,,,,,,,,,,,,,,,,,,,,,,1,,,,,,,,,,,,
923,39,0.33,1,0.665,2.4,3.25,2.825,0,0.2,0.1,150,165,157.5,,,,,,,,,,,,,,,,,,,,,,,,,,,,,,,,,,,,,,,,,,,,,,,,,1,,,,,,,,,,,,
924,39,0.33,1,0.665,2.4,3.25,2.825,0,0.2,0.1,165,180,172.5,,,,,,,,,,,,,,,,,,,,,,,,,,,,,,,,,,,,,,,,,,,,,,,,,1,,,,,,,,,,,,
925,39,0.33,1,0.665,2.4,3.25,2.825,0,0.2,0.1,180,195,187.5,,,,,,,,,,,,,,,,,,,,,,,,,,,,,,,,,,,,,,,,,,,,,,,,,1,,,,,,,,,,,,
926,39,0.33,1,0.665,2.4,3.25,2.825,0,0.2,0.1,195,210,202.5,,,,,,,,,,,,,,,,,,,,,,,,,,,,,,,,,,,,,,,,,,,,,,,,,1,,,,,,,,,,,,
927,39,0.33,1,0.665,2.4,3.25,2.825,0,0.2,0.1,210,225,217.5,,,,,,,,,,,,,,,,,,,,,,,,,,,,,,,,,,,,,,,,,,,,,,,,,1,,,,,,,,,,,,
928,39,0.33,1,0.665,2.4,3.25,2.825,0,0.2,0.1,225,240,232.5,,,,,,,,,,,,,,,,,,,,,,,,,,,,,,,,,,,,,,,,,,,,,,,,,1,,,,,,,,,,,,
929,39,0.33,1,0.665,2.4,3.25,2.825,0,0.2,0.1,240,255,247.5,,,,,,,,,,,,,,,,,,,,,,,,,,,,,,,,,,,,,,,,,,,,,,,,,1,,,,,,,,,,,,
930,39,0.33,1,0.665,2.4,3.25,2.825,0,0.2,0.1,255,270,262.5,,,,,,,,,,,,,,,,,,,,,,,,,,,,,,,,,,,,,,,,,,,,,,,,,1,,,,,,,,,,,,
931,39,0.33,1,0.665,2.4,3.25,2.825,0,0.2,0.1,270,285,277.5,,,,,,,,,,,,,,,,,,,,,,,,,,,,,,,,,,,,,,,,,,,,,,,,,1,,,,,,,,,,,,
932,39,0.33,1,0.665,2.4,3.25,2.825,0,0.2,0.1,285,300,292.5,,,,,,,,,,,,,,,,,,,,,,,,,,,,,,,,,,,,,,,,,,,,,,,,,1,,,,,,,,,,,,
933,39,0.33,1,0.665,2.4,3.25,2.825,0,0.2,0.1,300,315,307.5,,,,,,,,,,,,,,,,,,,,,,,,,,,,,,,,,,,,,,,,,,,,,,,,,1,,,,,,,,,,,,
934,39,0.33,1,0.665,2.4,3.25,2.825,0,0.2,0.1,315,330,322.5,,,,,,,,,,,,,,,,,,,,,,,,,,,,,,,,,,,,,,,,,,,,,,,,,1,,,,,,,,,,,,
935,39,0.33,1,0.665,2.4,3.25,2.825,0,0.2,0.1,330,345,337.5,,,,,,,,,,,,,,,,,,,,,,,,,,,,,,,,,,,,,,,,,,,,,,,,,1,,,,,,,,,,,,
936,39,0.33,1,0.665,2.4,3.25,2.825,0,0.2,0.1,345,360,352.5,,,,,,,,,,,,,,,,,,,,,,,,,,,,,,,,,,,,,,,,,,,,,,,,,1,,,,,,,,,,,,
937,40,0,0.21,0.105,2.4,3.25,2.825,0.2,0.4,0.3,0,15,7.5,,,,,,,,,,,,,,,,,,,,,,,,,,,,,,,,,,,,,,,,,,,,,,,,,1,,,,,,,,,,,,
938,40,0,0.21,0.105,2.4,3.25,2.825,0.2,0.4,0.3,15,30,22.5,,,,,,,,,,,,,,,,,,,,,,,,,,,,,,,,,,,,,,,,,,,,,,,,,1,,,,,,,,,,,,
939,40,0,0.21,0.105,2.4,3.25,2.825,0.2,0.4,0.3,30,45,37.5,,,,,,,,,,,,,,,,,,,,,,,,,,,,,,,,,,,,,,,,,,,,,,,,,1,,,,,,,,,,,,
940,40,0,0.21,0.105,2.4,3.25,2.825,0.2,0.4,0.3,45,60,52.5,,,,,,,,,,,,,,,,,,,,,,,,,,,,,,,,,,,,,,,,,,,,,,,,,1,,,,,,,,,,,,
941,40,0,0.21,0.105,2.4,3.25,2.825,0.2,0.4,0.3,60,75,67.5,,,,,,,,,,,,,,,,,,,,,,,,,,,,,,,,,,,,,,,,,,,,,,,,,1,,,,,,,,,,,,
942,40,0,0.21,0.105,2.4,3.25,2.825,0.2,0.4,0.3,75,90,82.5,,,,,,,,,,,,,,,,,,,,,,,,,,,,,,,,,,,,,,,,,,,,,,,,,1,,,,,,,,,,,,
943,40,0,0.21,0.105,2.4,3.25,2.825,0.2,0.4,0.3,90,105,97.5,,,,,,,,,,,,,,,,,,,,,,,,,,,,,,,,,,,,,,,,,,,,,,,,,1,,,,,,,,,,,,
944,40,0,0.21,0.105,2.4,3.25,2.825,0.2,0.4,0.3,105,120,112.5,,,,,,,,,,,,,,,,,,,,,,,,,,,,,,,,,,,,,,,,,,,,,,,,,1,,,,,,,,,,,,
945,40,0,0.21,0.105,2.4,3.25,2.825,0.2,0.4,0.3,120,135,127.5,,,,,,,,,,,,,,,,,,,,,,,,,,,,,,,,,,,,,,,,,,,,,,,,,1,,,,,,,,,,,,
946,40,0,0.21,0.105,2.4,3.25,2.825,0.2,0.4,0.3,135,150,142.5,,,,,,,,,,,,,,,,,,,,,,,,,,,,,,,,,,,,,,,,,,,,,,,,,1,,,,,,,,,,,,
947,40,0,0.21,0.105,2.4,3.25,2.825,0.2,0.4,0.3,150,165,157.5,,,,,,,,,,,,,,,,,,,,,,,,,,,,,,,,,,,,,,,,,,,,,,,,,1,,,,,,,,,,,,
948,40,0,0.21,0.105,2.4,3.25,2.825,0.2,0.4,0.3,165,180,172.5,,,,,,,,,,,,,,,,,,,,,,,,,,,,,,,,,,,,,,,,,,,,,,,,,1,,,,,,,,,,,,
949,40,0,0.21,0.105,2.4,3.25,2.825,0.2,0.4,0.3,180,195,187.5,,,,,,,,,,,,,,,,,,,,,,,,,,,,,,,,,,,,,,,,,,,,,,,,,1,,,,,,,,,,,,
950,40,0,0.21,0.105,2.4,3.25,2.825,0.2,0.4,0.3,195,210,202.5,,,,,,,,,,,,,,,,,,,,,,,,,,,,,,,,,,,,,,,,,,,,,,,,,1,,,,,,,,,,,,
951,40,0,0.21,0.105,2.4,3.25,2.825,0.2,0.4,0.3,210,225,217.5,,,,,,,,,,,,,,,,,,,,,,,,,,,,,,,,,,,,,,,,,,,,,,,,,1,,,,,,,,,,,,
952,40,0,0.21,0.105,2.4,3.25,2.825,0.2,0.4,0.3,225,240,232.5,,,,,,,,,,,,,,,,,,,,,,,,,,,,,,,,,,,,,,,,,,,,,,,,,1,,,,,,,,,,,,
953,40,0,0.21,0.105,2.4,3.25,2.825,0.2,0.4,0.3,240,255,247.5,,,,,,,,,,,,,,,,,,,,,,,,,,,,,,,,,,,,,,,,,,,,,,,,,1,,,,,,,,,,,,
954,40,0,0.21,0.105,2.4,3.25,2.825,0.2,0.4,0.3,255,270,262.5,,,,,,,,,,,,,,,,,,,,,,,,,,,,,,,,,,,,,,,,,,,,,,,,,1,,,,,,,,,,,,
955,40,0,0.21,0.105,2.4,3.25,2.825,0.2,0.4,0.3,270,285,277.5,,,,,,,,,,,,,,,,,,,,,,,,,,,,,,,,,,,,,,,,,,,,,,,,,1,,,,,,,,,,,,
956,40,0,0.21,0.105,2.4,3.25,2.825,0.2,0.4,0.3,285,300,292.5,,,,,,,,,,,,,,,,,,,,,,,,,,,,,,,,,,,,,,,,,,,,,,,,,1,,,,,,,,,,,,
957,40,0,0.21,0.105,2.4,3.25,2.825,0.2,0.4,0.3,300,315,307.5,,,,,,,,,,,,,,,,,,,,,,,,,,,,,,,,,,,,,,,,,,,,,,,,,1,,,,,,,,,,,,
958,40,0,0.21,0.105,2.4,3.25,2.825,0.2,0.4,0.3,315,330,322.5,,,,,,,,,,,,,,,,,,,,,,,,,,,,,,,,,,,,,,,,,,,,,,,,,1,,,,,,,,,,,,
959,40,0,0.21,0.105,2.4,3.25,2.825,0.2,0.4,0.3,330,345,337.5,,,,,,,,,,,,,,,,,,,,,,,,,,,,,,,,,,,,,,,,,,,,,,,,,1,,,,,,,,,,,,
960,40,0,0.21,0.105,2.4,3.25,2.825,0.2,0.4,0.3,345,360,352.5,,,,,,,,,,,,,,,,,,,,,,,,,,,,,,,,,,,,,,,,,,,,,,,,,1,,,,,,,,,,,,
961,41,0.21,0.33,0.27,2.4,3.25,2.825,0.2,0.4,0.3,0,15,7.5,,,,,,,,,,,,,,,,,,,,,,,,,,,,,,,,,,,,,,,,,,,,,,,,,1,,,,,,,,,,,,
962,41,0.21,0.33,0.27,2.4,3.25,2.825,0.2,0.4,0.3,15,30,22.5,,,,,,,,,,,,,,,,,,,,,,,,,,,,,,,,,,,,,,,,,,,,,,,,,1,,,,,,,,,,,,
963,41,0.21,0.33,0.27,2.4,3.25,2.825,0.2,0.4,0.3,30,45,37.5,,,,,,,,,,,,,,,,,,,,,,,,,,,,,,,,,,,,,,,,,,,,,,,,,1,,,,,,,,,,,,
964,41,0.21,0.33,0.27,2.4,3.25,2.825,0.2,0.4,0.3,45,60,52.5,,,,,,,,,,,,,,,,,,,,,,,,,,,,,,,,,,,,,,,,,,,,,,,,,1,,,,,,,,,,,,
965,41,0.21,0.33,0.27,2.4,3.25,2.825,0.2,0.4,0.3,60,75,67.5,,,,,,,,,,,,,,,,,,,,,,,,,,,,,,,,,,,,,,,,,,,,,,,,,1,,,,,,,,,,,,
966,41,0.21,0.33,0.27,2.4,3.25,2.825,0.2,0.4,0.3,75,90,82.5,,,,,,,,,,,,,,,,,,,,,,,,,,,,,,,,,,,,,,,,,,,,,,,,,1,,,,,,,,,,,,
967,41,0.21,0.33,0.27,2.4,3.25,2.825,0.2,0.4,0.3,90,105,97.5,,,,,,,,,,,,,,,,,,,,,,,,,,,,,,,,,,,,,,,,,,,,,,,,,1,,,,,,,,,,,,
968,41,0.21,0.33,0.27,2.4,3.25,2.825,0.2,0.4,0.3,105,120,112.5,,,,,,,,,,,,,,,,,,,,,,,,,,,,,,,,,,,,,,,,,,,,,,,,,1,,,,,,,,,,,,
969,41,0.21,0.33,0.27,2.4,3.25,2.825,0.2,0.4,0.3,120,135,127.5,,,,,,,,,,,,,,,,,,,,,,,,,,,,,,,,,,,,,,,,,,,,,,,,,1,,,,,,,,,,,,
970,41,0.21,0.33,0.27,2.4,3.25,2.825,0.2,0.4,0.3,135,150,142.5,,,,,,,,,,,,,,,,,,,,,,,,,,,,,,,,,,,,,,,,,,,,,,,,,1,,,,,,,,,,,,
971,41,0.21,0.33,0.27,2.4,3.25,2.825,0.2,0.4,0.3,150,165,157.5,,,,,,,,,,,,,,,,,,,,,,,,,,,,,,,,,,,,,,,,,,,,,,,,,1,,,,,,,,,,,,
972,41,0.21,0.33,0.27,2.4,3.25,2.825,0.2,0.4,0.3,165,180,172.5,,,,,,,,,,,,,,,,,,,,,,,,,,,,,,,,,,,,,,,,,,,,,,,,,1,,,,,,,,,,,,
973,41,0.21,0.33,0.27,2.4,3.25,2.825,0.2,0.4,0.3,180,195,187.5,,,,,,,,,,,,,,,,,,,,,,,,,,,,,,,,,,,,,,,,,,,,,,,,,1,,,,,,,,,,,,
974,41,0.21,0.33,0.27,2.4,3.25,2.825,0.2,0.4,0.3,195,210,202.5,,,,,,,,,,,,,,,,,,,,,,,,,,,,,,,,,,,,,,,,,,,,,,,,,1,,,,,,,,,,,,
975,41,0.21,0.33,0.27,2.4,3.25,2.825,0.2,0.4,0.3,210,225,217.5,,,,,,,,,,,,,,,,,,,,,,,,,,,,,,,,,,,,,,,,,,,,,,,,,1,,,,,,,,,,,,
976,41,0.21,0.33,0.27,2.4,3.25,2.825,0.2,0.4,0.3,225,240,232.5,,,,,,,,,,,,,,,,,,,,,,,,,,,,,,,,,,,,,,,,,,,,,,,,,1,,,,,,,,,,,,
977,41,0.21,0.33,0.27,2.4,3.25,2.825,0.2,0.4,0.3,240,255,247.5,,,,,,,,,,,,,,,,,,,,,,,,,,,,,,,,,,,,,,,,,,,,,,,,,1,,,,,,,,,,,,
978,41,0.21,0.33,0.27,2.4,3.25,2.825,0.2,0.4,0.3,255,270,262.5,,,,,,,,,,,,,,,,,,,,,,,,,,,,,,,,,,,,,,,,,,,,,,,,,1,,,,,,,,,,,,
979,41,0.21,0.33,0.27,2.4,3.25,2.825,0.2,0.4,0.3,270,285,277.5,,,,,,,,,,,,,,,,,,,,,,,,,,,,,,,,,,,,,,,,,,,,,,,,,1,,,,,,,,,,,,
980,41,0.21,0.33,0.27,2.4,3.25,2.825,0.2,0.4,0.3,285,300,292.5,,,,,,,,,,,,,,,,,,,,,,,,,,,,,,,,,,,,,,,,,,,,,,,,,1,,,,,,,,,,,,
981,41,0.21,0.33,0.27,2.4,3.25,2.825,0.2,0.4,0.3,300,315,307.5,,,,,,,,,,,,,,,,,,,,,,,,,,,,,,,,,,,,,,,,,,,,,,,,,1,,,,,,,,,,,,
982,41,0.21,0.33,0.27,2.4,3.25,2.825,0.2,0.4,0.3,315,330,322.5,,,,,,,,,,,,,,,,,,,,,,,,,,,,,,,,,,,,,,,,,,,,,,,,,1,,,,,,,,,,,,
983,41,0.21,0.33,0.27,2.4,3.25,2.825,0.2,0.4,0.3,330,345,337.5,,,,,,,,,,,,,,,,,,,,,,,,,,,,,,,,,,,,,,,,,,,,,,,,,1,,,,,,,,,,,,
984,41,0.21,0.33,0.27,2.4,3.25,2.825,0.2,0.4,0.3,345,360,352.5,,,,,,,,,,,,,,,,,,,,,,,,,,,,,,,,,,,,,,,,,,,,,,,,,1,,,,,,,,,,,,
985,42,0.33,1,0.665,2.4,3.25,2.825,0.2,0.4,0.3,0,15,7.5,,,,,,,,,,,,,,,,,,,,,,,,,,,,,,,,,,,,,,,,,,,,,,,,,1,,,,,,,,,,,,
986,42,0.33,1,0.665,2.4,3.25,2.825,0.2,0.4,0.3,15,30,22.5,,,,,,,,,,,,,,,,,,,,,,,,,,,,,,,,,,,,,,,,,,,,,,,,,1,,,,,,,,,,,,
987,42,0.33,1,0.665,2.4,3.25,2.825,0.2,0.4,0.3,30,45,37.5,,,,,,,,,,,,,,,,,,,,,,,,,,,,,,,,,,,,,,,,,,,,,,,,,1,,,,,,,,,,,,
988,42,0.33,1,0.665,2.4,3.25,2.825,0.2,0.4,0.3,45,60,52.5,,,,,,,,,,,,,,,,,,,,,,,,,,,,,,,,,,,,,,,,,,,,,,,,,1,,,,,,,,,,,,
989,42,0.33,1,0.665,2.4,3.25,2.825,0.2,0.4,0.3,60,75,67.5,,,,,,,,,,,,,,,,,,,,,,,,,,,,,,,,,,,,,,,,,,,,,,,,,1,,,,,,,,,,,,
990,42,0.33,1,0.665,2.4,3.25,2.825,0.2,0.4,0.3,75,90,82.5,,,,,,,,,,,,,,,,,,,,,,,,,,,,,,,,,,,,,,,,,,,,,,,,,1,,,,,,,,,,,,
991,42,0.33,1,0.665,2.4,3.25,2.825,0.2,0.4,0.3,90,105,97.5,,,,,,,,,,,,,,,,,,,,,,,,,,,,,,,,,,,,,,,,,,,,,,,,,1,,,,,,,,,,,,
992,42,0.33,1,0.665,2.4,3.25,2.825,0.2,0.4,0.3,105,120,112.5,,,,,,,,,,,,,,,,,,,,,,,,,,,,,,,,,,,,,,,,,,,,,,,,,1,,,,,,,,,,,,
993,42,0.33,1,0.665,2.4,3.25,2.825,0.2,0.4,0.3,120,135,127.5,,,,,,,,,,,,,,,,,,,,,,,,,,,,,,,,,,,,,,,,,,,,,,,,,1,,,,,,,,,,,,
994,42,0.33,1,0.665,2.4,3.25,2.825,0.2,0.4,0.3,135,150,142.5,,,,,,,,,,,,,,,,,,,,,,,,,,,,,,,,,,,,,,,,,,,,,,,,,1,,,,,,,,,,,,
995,42,0.33,1,0.665,2.4,3.25,2.825,0.2,0.4,0.3,150,165,157.5,,,,,,,,,,,,,,,,,,,,,,,,,,,,,,,,,,,,,,,,,,,,,,,,,1,,,,,,,,,,,,
996,42,0.33,1,0.665,2.4,3.25,2.825,0.2,0.4,0.3,165,180,172.5,,,,,,,,,,,,,,,,,,,,,,,,,,,,,,,,,,,,,,,,,,,,,,,,,1,,,,,,,,,,,,
997,42,0.33,1,0.665,2.4,3.25,2.825,0.2,0.4,0.3,180,195,187.5,,,,,,,,,,,,,,,,,,,,,,,,,,,,,,,,,,,,,,,,,,,,,,,,,1,,,,,,,,,,,,
998,42,0.33,1,0.665,2.4,3.25,2.825,0.2,0.4,0.3,195,210,202.5,,,,,,,,,,,,,,,,,,,,,,,,,,,,,,,,,,,,,,,,,,,,,,,,,1,,,,,,,,,,,,
999,42,0.33,1,0.665,2.4,3.25,2.825,0.2,0.4,0.3,210,225,217.5,,,,,,,,,,,,,,,,,,,,,,,,,,,,,,,,,,,,,,,,,,,,,,,,,1,,,,,,,,,,,,
1000,42,0.33,1,0.665,2.4,3.25,2.825,0.2,0.4,0.3,225,240,232.5,,,,,,,,,,,,,,,,,,,,,,,,,,,,,,,,,,,,,,,,,,,,,,,,,1,,,,,,,,,,,,
1001,42,0.33,1,0.665,2.4,3.25,2.825,0.2,0.4,0.3,240,255,247.5,,,,,,,,,,,,,,,,,,,,,,,,,,,,,,,,,,,,,,,,,,,,,,,,,1,,,,,,,,,,,,
1002,42,0.33,1,0.665,2.4,3.25,2.825,0.2,0.4,0.3,255,270,262.5,,,,,,,,,,,,,,,,,,,,,,,,,,,,,,,,,,,,,,,,,,,,,,,,,1,,,,,,,,,,,,
1003,42,0.33,1,0.665,2.4,3.25,2.825,0.2,0.4,0.3,270,285,277.5,,,,,,,,,,,,,,,,,,,,,,,,,,,,,,,,,,,,,,,,,,,,,,,,,1,,,,,,,,,,,,
1004,42,0.33,1,0.665,2.4,3.25,2.825,0.2,0.4,0.3,285,300,292.5,,,,,,,,,,,,,,,,,,,,,,,,,,,,,,,,,,,,,,,,,,,,,,,,,1,,,,,,,,,,,,
1005,42,0.33,1,0.665,2.4,3.25,2.825,0.2,0.4,0.3,300,315,307.5,,,,,,,,,,,,,,,,,,,,,,,,,,,,,,,,,,,,,,,,,,,,,,,,,1,,,,,,,,,,,,
1006,42,0.33,1,0.665,2.4,3.25,2.825,0.2,0.4,0.3,315,330,322.5,,,,,,,,,,,,,,,,,,,,,,,,,,,,,,,,,,,,,,,,,,,,,,,,,1,,,,,,,,,,,,
1007,42,0.33,1,0.665,2.4,3.25,2.825,0.2,0.4,0.3,330,345,337.5,,,,,,,,,,,,,,,,,,,,,,,,,,,,,,,,,,,,,,,,,,,,,,,,,1,,,,,,,,,,,,
1008,42,0.33,1,0.665,2.4,3.25,2.825,0.2,0.4,0.3,345,360,352.5,,,,,,,,,,,,,,,,,,,,,,,,,,,,,,,,,,,,,,,,,,,,,,,,,1,,,,,,,,,,,,
1009,43,0,0.21,0.105,2.4,3.25,2.825,0.4,0.8,0.6,0,15,7.5,,,,,,,,,,,,,,,,,,,,,,,,,,,,,,,,,,,,,,,,,,,,,,,,,1,,,,,,,,,,,,
1010,43,0,0.21,0.105,2.4,3.25,2.825,0.4,0.8,0.6,15,30,22.5,,,,,,,,,,,,,,,,,,,,,,,,,,,,,,,,,,,,,,,,,,,,,,,,,1,,,,,,,,,,,,
1011,43,0,0.21,0.105,2.4,3.25,2.825,0.4,0.8,0.6,30,45,37.5,,,,,,,,,,,,,,,,,,,,,,,,,,,,,,,,,,,,,,,,,,,,,,,,,1,,,,,,,,,,,,
1012,43,0,0.21,0.105,2.4,3.25,2.825,0.4,0.8,0.6,45,60,52.5,,,,,,,,,,,,,,,,,,,,,,,,,,,,,,,,,,,,,,,,,,,,,,,,,1,,,,,,,,,,,,
1013,43,0,0.21,0.105,2.4,3.25,2.825,0.4,0.8,0.6,60,75,67.5,,,,,,,,,,,,,,,,,,,,,,,,,,,,,,,,,,,,,,,,,,,,,,,,,1,,,,,,,,,,,,
1014,43,0,0.21,0.105,2.4,3.25,2.825,0.4,0.8,0.6,75,90,82.5,,,,,,,,,,,,,,,,,,,,,,,,,,,,,,,,,,,,,,,,,,,,,,,,,1,,,,,,,,,,,,
1015,43,0,0.21,0.105,2.4,3.25,2.825,0.4,0.8,0.6,90,105,97.5,,,,,,,,,,,,,,,,,,,,,,,,,,,,,,,,,,,,,,,,,,,,,,,,,1,,,,,,,,,,,,
1016,43,0,0.21,0.105,2.4,3.25,2.825,0.4,0.8,0.6,105,120,112.5,,,,,,,,,,,,,,,,,,,,,,,,,,,,,,,,,,,,,,,,,,,,,,,,,1,,,,,,,,,,,,
1017,43,0,0.21,0.105,2.4,3.25,2.825,0.4,0.8,0.6,120,135,127.5,,,,,,,,,,,,,,,,,,,,,,,,,,,,,,,,,,,,,,,,,,,,,,,,,1,,,,,,,,,,,,
1018,43,0,0.21,0.105,2.4,3.25,2.825,0.4,0.8,0.6,135,150,142.5,,,,,,,,,,,,,,,,,,,,,,,,,,,,,,,,,,,,,,,,,,,,,,,,,1,,,,,,,,,,,,
1019,43,0,0.21,0.105,2.4,3.25,2.825,0.4,0.8,0.6,150,165,157.5,,,,,,,,,,,,,,,,,,,,,,,,,,,,,,,,,,,,,,,,,,,,,,,,,1,,,,,,,,,,,,
1020,43,0,0.21,0.105,2.4,3.25,2.825,0.4,0.8,0.6,165,180,172.5,,,,,,,,,,,,,,,,,,,,,,,,,,,,,,,,,,,,,,,,,,,,,,,,,1,,,,,,,,,,,,
1021,43,0,0.21,0.105,2.4,3.25,2.825,0.4,0.8,0.6,180,195,187.5,,,,,,,,,,,,,,,,,,,,,,,,,,,,,,,,,,,,,,,,,,,,,,,,,1,,,,,,,,,,,,
1022,43,0,0.21,0.105,2.4,3.25,2.825,0.4,0.8,0.6,195,210,202.5,,,,,,,,,,,,,,,,,,,,,,,,,,,,,,,,,,,,,,,,,,,,,,,,,1,,,,,,,,,,,,
1023,43,0,0.21,0.105,2.4,3.25,2.825,0.4,0.8,0.6,210,225,217.5,,,,,,,,,,,,,,,,,,,,,,,,,,,,,,,,,,,,,,,,,,,,,,,,,1,,,,,,,,,,,,
1024,43,0,0.21,0.105,2.4,3.25,2.825,0.4,0.8,0.6,225,240,232.5,,,,,,,,,,,,,,,,,,,,,,,,,,,,,,,,,,,,,,,,,,,,,,,,,1,,,,,,,,,,,,
1025,43,0,0.21,0.105,2.4,3.25,2.825,0.4,0.8,0.6,240,255,247.5,,,,,,,,,,,,,,,,,,,,,,,,,,,,,,,,,,,,,,,,,,,,,,,,,1,,,,,,,,,,,,
1026,43,0,0.21,0.105,2.4,3.25,2.825,0.4,0.8,0.6,255,270,262.5,,,,,,,,,,,,,,,,,,,,,,,,,,,,,,,,,,,,,,,,,,,,,,,,,1,,,,,,,,,,,,
1027,43,0,0.21,0.105,2.4,3.25,2.825,0.4,0.8,0.6,270,285,277.5,,,,,,,,,,,,,,,,,,,,,,,,,,,,,,,,,,,,,,,,,,,,,,,,,1,,,,,,,,,,,,
1028,43,0,0.21,0.105,2.4,3.25,2.825,0.4,0.8,0.6,285,300,292.5,,,,,,,,,,,,,,,,,,,,,,,,,,,,,,,,,,,,,,,,,,,,,,,,,1,,,,,,,,,,,,
1029,43,0,0.21,0.105,2.4,3.25,2.825,0.4,0.8,0.6,300,315,307.5,,,,,,,,,,,,,,,,,,,,,,,,,,,,,,,,,,,,,,,,,,,,,,,,,1,,,,,,,,,,,,
1030,43,0,0.21,0.105,2.4,3.25,2.825,0.4,0.8,0.6,315,330,322.5,,,,,,,,,,,,,,,,,,,,,,,,,,,,,,,,,,,,,,,,,,,,,,,,,1,,,,,,,,,,,,
1031,43,0,0.21,0.105,2.4,3.25,2.825,0.4,0.8,0.6,330,345,337.5,,,,,,,,,,,,,,,,,,,,,,,,,,,,,,,,,,,,,,,,,,,,,,,,,1,,,,,,,,,,,,
1032,43,0,0.21,0.105,2.4,3.25,2.825,0.4,0.8,0.6,345,360,352.5,,,,,,,,,,,,,,,,,,,,,,,,,,,,,,,,,,,,,,,,,,,,,,,,,1,,,,,,,,,,,,
1033,44,0.21,0.33,0.27,2.4,3.25,2.825,0.4,0.8,0.6,0,15,7.5,,,,,,,,,,,,,,,,,,,,,,,,,,,,,,,,,,,,,,,,,,,,,,,,,1,,,,,,,,,,,,
1034,44,0.21,0.33,0.27,2.4,3.25,2.825,0.4,0.8,0.6,15,30,22.5,,,,,,,,,,,,,,,,,,,,,,,,,,,,,,,,,,,,,,,,,,,,,,,,,1,,,,,,,,,,,,
1035,44,0.21,0.33,0.27,2.4,3.25,2.825,0.4,0.8,0.6,30,45,37.5,,,,,,,,,,,,,,,,,,,,,,,,,,,,,,,,,,,,,,,,,,,,,,,,,1,,,,,,,,,,,,
1036,44,0.21,0.33,0.27,2.4,3.25,2.825,0.4,0.8,0.6,45,60,52.5,,,,,,,,,,,,,,,,,,,,,,,,,,,,,,,,,,,,,,,,,,,,,,,,,1,,,,,,,,,,,,
1037,44,0.21,0.33,0.27,2.4,3.25,2.825,0.4,0.8,0.6,60,75,67.5,,,,,,,,,,,,,,,,,,,,,,,,,,,,,,,,,,,,,,,,,,,,,,,,,1,,,,,,,,,,,,
1038,44,0.21,0.33,0.27,2.4,3.25,2.825,0.4,0.8,0.6,75,90,82.5,,,,,,,,,,,,,,,,,,,,,,,,,,,,,,,,,,,,,,,,,,,,,,,,,1,,,,,,,,,,,,
1039,44,0.21,0.33,0.27,2.4,3.25,2.825,0.4,0.8,0.6,90,105,97.5,,,,,,,,,,,,,,,,,,,,,,,,,,,,,,,,,,,,,,,,,,,,,,,,,1,,,,,,,,,,,,
1040,44,0.21,0.33,0.27,2.4,3.25,2.825,0.4,0.8,0.6,105,120,112.5,,,,,,,,,,,,,,,,,,,,,,,,,,,,,,,,,,,,,,,,,,,,,,,,,1,,,,,,,,,,,,
1041,44,0.21,0.33,0.27,2.4,3.25,2.825,0.4,0.8,0.6,120,135,127.5,,,,,,,,,,,,,,,,,,,,,,,,,,,,,,,,,,,,,,,,,,,,,,,,,1,,,,,,,,,,,,
1042,44,0.21,0.33,0.27,2.4,3.25,2.825,0.4,0.8,0.6,135,150,142.5,,,,,,,,,,,,,,,,,,,,,,,,,,,,,,,,,,,,,,,,,,,,,,,,,1,,,,,,,,,,,,
1043,44,0.21,0.33,0.27,2.4,3.25,2.825,0.4,0.8,0.6,150,165,157.5,,,,,,,,,,,,,,,,,,,,,,,,,,,,,,,,,,,,,,,,,,,,,,,,,1,,,,,,,,,,,,
1044,44,0.21,0.33,0.27,2.4,3.25,2.825,0.4,0.8,0.6,165,180,172.5,,,,,,,,,,,,,,,,,,,,,,,,,,,,,,,,,,,,,,,,,,,,,,,,,1,,,,,,,,,,,,
1045,44,0.21,0.33,0.27,2.4,3.25,2.825,0.4,0.8,0.6,180,195,187.5,,,,,,,,,,,,,,,,,,,,,,,,,,,,,,,,,,,,,,,,,,,,,,,,,1,,,,,,,,,,,,
1046,44,0.21,0.33,0.27,2.4,3.25,2.825,0.4,0.8,0.6,195,210,202.5,,,,,,,,,,,,,,,,,,,,,,,,,,,,,,,,,,,,,,,,,,,,,,,,,1,,,,,,,,,,,,
1047,44,0.21,0.33,0.27,2.4,3.25,2.825,0.4,0.8,0.6,210,225,217.5,,,,,,,,,,,,,,,,,,,,,,,,,,,,,,,,,,,,,,,,,,,,,,,,,1,,,,,,,,,,,,
1048,44,0.21,0.33,0.27,2.4,3.25,2.825,0.4,0.8,0.6,225,240,232.5,,,,,,,,,,,,,,,,,,,,,,,,,,,,,,,,,,,,,,,,,,,,,,,,,1,,,,,,,,,,,,
1049,44,0.21,0.33,0.27,2.4,3.25,2.825,0.4,0.8,0.6,240,255,247.5,,,,,,,,,,,,,,,,,,,,,,,,,,,,,,,,,,,,,,,,,,,,,,,,,1,,,,,,,,,,,,
1050,44,0.21,0.33,0.27,2.4,3.25,2.825,0.4,0.8,0.6,255,270,262.5,,,,,,,,,,,,,,,,,,,,,,,,,,,,,,,,,,,,,,,,,,,,,,,,,1,,,,,,,,,,,,
1051,44,0.21,0.33,0.27,2.4,3.25,2.825,0.4,0.8,0.6,270,285,277.5,,,,,,,,,,,,,,,,,,,,,,,,,,,,,,,,,,,,,,,,,,,,,,,,,1,,,,,,,,,,,,
1052,44,0.21,0.33,0.27,2.4,3.25,2.825,0.4,0.8,0.6,285,300,292.5,,,,,,,,,,,,,,,,,,,,,,,,,,,,,,,,,,,,,,,,,,,,,,,,,1,,,,,,,,,,,,
1053,44,0.21,0.33,0.27,2.4,3.25,2.825,0.4,0.8,0.6,300,315,307.5,,,,,,,,,,,,,,,,,,,,,,,,,,,,,,,,,,,,,,,,,,,,,,,,,1,,,,,,,,,,,,
1054,44,0.21,0.33,0.27,2.4,3.25,2.825,0.4,0.8,0.6,315,330,322.5,,,,,,,,,,,,,,,,,,,,,,,,,,,,,,,,,,,,,,,,,,,,,,,,,1,,,,,,,,,,,,
1055,44,0.21,0.33,0.27,2.4,3.25,2.825,0.4,0.8,0.6,330,345,337.5,,,,,,,,,,,,,,,,,,,,,,,,,,,,,,,,,,,,,,,,,,,,,,,,,1,,,,,,,,,,,,
1056,44,0.21,0.33,0.27,2.4,3.25,2.825,0.4,0.8,0.6,345,360,352.5,,,,,,,,,,,,,,,,,,,,,,,,,,,,,,,,,,,,,,,,,,,,,,,,,1,,,,,,,,,,,,
1057,45,0.33,1,0.665,2.4,3.25,2.825,0.4,0.8,0.6,0,15,7.5,,,,,,,,,,,,,,,,,,,,,,,,,,,,,,,,,,,,,,,,,,,,,,,,,1,,,,,,,,,,,,
1058,45,0.33,1,0.665,2.4,3.25,2.825,0.4,0.8,0.6,15,30,22.5,,,,,,,,,,,,,,,,,,,,,,,,,,,,,,,,,,,,,,,,,,,,,,,,,1,,,,,,,,,,,,
1059,45,0.33,1,0.665,2.4,3.25,2.825,0.4,0.8,0.6,30,45,37.5,,,,,,,,,,,,,,,,,,,,,,,,,,,,,,,,,,,,,,,,,,,,,,,,,1,,,,,,,,,,,,
1060,45,0.33,1,0.665,2.4,3.25,2.825,0.4,0.8,0.6,45,60,52.5,,,,,,,,,,,,,,,,,,,,,,,,,,,,,,,,,,,,,,,,,,,,,,,,,1,,,,,,,,,,,,
1061,45,0.33,1,0.665,2.4,3.25,2.825,0.4,0.8,0.6,60,75,67.5,,,,,,,,,,,,,,,,,,,,,,,,,,,,,,,,,,,,,,,,,,,,,,,,,1,,,,,,,,,,,,
1062,45,0.33,1,0.665,2.4,3.25,2.825,0.4,0.8,0.6,75,90,82.5,,,,,,,,,,,,,,,,,,,,,,,,,,,,,,,,,,,,,,,,,,,,,,,,,1,,,,,,,,,,,,
1063,45,0.33,1,0.665,2.4,3.25,2.825,0.4,0.8,0.6,90,105,97.5,,,,,,,,,,,,,,,,,,,,,,,,,,,,,,,,,,,,,,,,,,,,,,,,,1,,,,,,,,,,,,
1064,45,0.33,1,0.665,2.4,3.25,2.825,0.4,0.8,0.6,105,120,112.5,,,,,,,,,,,,,,,,,,,,,,,,,,,,,,,,,,,,,,,,,,,,,,,,,1,,,,,,,,,,,,
1065,45,0.33,1,0.665,2.4,3.25,2.825,0.4,0.8,0.6,120,135,127.5,,,,,,,,,,,,,,,,,,,,,,,,,,,,,,,,,,,,,,,,,,,,,,,,,1,,,,,,,,,,,,
1066,45,0.33,1,0.665,2.4,3.25,2.825,0.4,0.8,0.6,135,150,142.5,,,,,,,,,,,,,,,,,,,,,,,,,,,,,,,,,,,,,,,,,,,,,,,,,1,,,,,,,,,,,,
1067,45,0.33,1,0.665,2.4,3.25,2.825,0.4,0.8,0.6,150,165,157.5,,,,,,,,,,,,,,,,,,,,,,,,,,,,,,,,,,,,,,,,,,,,,,,,,1,,,,,,,,,,,,
1068,45,0.33,1,0.665,2.4,3.25,2.825,0.4,0.8,0.6,165,180,172.5,,,,,,,,,,,,,,,,,,,,,,,,,,,,,,,,,,,,,,,,,,,,,,,,,1,,,,,,,,,,,,
1069,45,0.33,1,0.665,2.4,3.25,2.825,0.4,0.8,0.6,180,195,187.5,,,,,,,,,,,,,,,,,,,,,,,,,,,,,,,,,,,,,,,,,,,,,,,,,1,,,,,,,,,,,,
1070,45,0.33,1,0.665,2.4,3.25,2.825,0.4,0.8,0.6,195,210,202.5,,,,,,,,,,,,,,,,,,,,,,,,,,,,,,,,,,,,,,,,,,,,,,,,,1,,,,,,,,,,,,
1071,45,0.33,1,0.665,2.4,3.25,2.825,0.4,0.8,0.6,210,225,217.5,,,,,,,,,,,,,,,,,,,,,,,,,,,,,,,,,,,,,,,,,,,,,,,,,1,,,,,,,,,,,,
1072,45,0.33,1,0.665,2.4,3.25,2.825,0.4,0.8,0.6,225,240,232.5,,,,,,,,,,,,,,,,,,,,,,,,,,,,,,,,,,,,,,,,,,,,,,,,,1,,,,,,,,,,,,
1073,45,0.33,1,0.665,2.4,3.25,2.825,0.4,0.8,0.6,240,255,247.5,,,,,,,,,,,,,,,,,,,,,,,,,,,,,,,,,,,,,,,,,,,,,,,,,1,,,,,,,,,,,,
1074,45,0.33,1,0.665,2.4,3.25,2.825,0.4,0.8,0.6,255,270,262.5,,,,,,,,,,,,,,,,,,,,,,,,,,,,,,,,,,,,,,,,,,,,,,,,,1,,,,,,,,,,,,
1075,45,0.33,1,0.665,2.4,3.25,2.825,0.4,0.8,0.6,270,285,277.5,,,,,,,,,,,,,,,,,,,,,,,,,,,,,,,,,,,,,,,,,,,,,,,,,1,,,,,,,,,,,,
1076,45,0.33,1,0.665,2.4,3.25,2.825,0.4,0.8,0.6,285,300,292.5,,,,,,,,,,,,,,,,,,,,,,,,,,,,,,,,,,,,,,,,,,,,,,,,,1,,,,,,,,,,,,
1077,45,0.33,1,0.665,2.4,3.25,2.825,0.4,0.8,0.6,300,315,307.5,,,,,,,,,,,,,,,,,,,,,,,,,,,,,,,,,,,,,,,,,,,,,,,,,1,,,,,,,,,,,,
1078,45,0.33,1,0.665,2.4,3.25,2.825,0.4,0.8,0.6,315,330,322.5,,,,,,,,,,,,,,,,,,,,,,,,,,,,,,,,,,,,,,,,,,,,,,,,,1,,,,,,,,,,,,
1079,45,0.33,1,0.665,2.4,3.25,2.825,0.4,0.8,0.6,330,345,337.5,,,,,,,,,,,,,,,,,,,,,,,,,,,,,,,,,,,,,,,,,,,,,,,,,1,,,,,,,,,,,,
1080,45,0.33,1,0.665,2.4,3.25,2.825,0.4,0.8,0.6,345,360,352.5,,,,,,,,,,,,,,,,,,,,,,,,,,,,,,,,,,,,,,,,,,,,,,,,,1,,,,,,,,,,,,
1081,46,0,0.21,0.105,2.4,3.25,2.825,0.8,100,50.4,0,15,7.5,,,,,,,,,,,,,,,,,,,,,,,,,,,,,,,,,,,,,,,,,,,,,,,,,1,,,,,,,,,,,,
1082,46,0,0.21,0.105,2.4,3.25,2.825,0.8,100,50.4,15,30,22.5,,,,,,,,,,,,,,,,,,,,,,,,,,,,,,,,,,,,,,,,,,,,,,,,,1,,,,,,,,,,,,
1083,46,0,0.21,0.105,2.4,3.25,2.825,0.8,100,50.4,30,45,37.5,,,,,,,,,,,,,,,,,,,,,,,,,,,,,,,,,,,,,,,,,,,,,,,,,1,,,,,,,,,,,,
1084,46,0,0.21,0.105,2.4,3.25,2.825,0.8,100,50.4,45,60,52.5,,,,,,,,,,,,,,,,,,,,,,,,,,,,,,,,,,,,,,,,,,,,,,,,,1,,,,,,,,,,,,
1085,46,0,0.21,0.105,2.4,3.25,2.825,0.8,100,50.4,60,75,67.5,,,,,,,,,,,,,,,,,,,,,,,,,,,,,,,,,,,,,,,,,,,,,,,,,1,,,,,,,,,,,,
1086,46,0,0.21,0.105,2.4,3.25,2.825,0.8,100,50.4,75,90,82.5,,,,,,,,,,,,,,,,,,,,,,,,,,,,,,,,,,,,,,,,,,,,,,,,,1,,,,,,,,,,,,
1087,46,0,0.21,0.105,2.4,3.25,2.825,0.8,100,50.4,90,105,97.5,,,,,,,,,,,,,,,,,,,,,,,,,,,,,,,,,,,,,,,,,,,,,,,,,1,,,,,,,,,,,,
1088,46,0,0.21,0.105,2.4,3.25,2.825,0.8,100,50.4,105,120,112.5,,,,,,,,,,,,,,,,,,,,,,,,,,,,,,,,,,,,,,,,,,,,,,,,,1,,,,,,,,,,,,
1089,46,0,0.21,0.105,2.4,3.25,2.825,0.8,100,50.4,120,135,127.5,,,,,,,,,,,,,,,,,,,,,,,,,,,,,,,,,,,,,,,,,,,,,,,,,1,,,,,,,,,,,,
1090,46,0,0.21,0.105,2.4,3.25,2.825,0.8,100,50.4,135,150,142.5,,,,,,,,,,,,,,,,,,,,,,,,,,,,,,,,,,,,,,,,,,,,,,,,,1,,,,,,,,,,,,
1091,46,0,0.21,0.105,2.4,3.25,2.825,0.8,100,50.4,150,165,157.5,,,,,,,,,,,,,,,,,,,,,,,,,,,,,,,,,,,,,,,,,,,,,,,,,1,,,,,,,,,,,,
1092,46,0,0.21,0.105,2.4,3.25,2.825,0.8,100,50.4,165,180,172.5,,,,,,,,,,,,,,,,,,,,,,,,,,,,,,,,,,,,,,,,,,,,,,,,,1,,,,,,,,,,,,
1093,46,0,0.21,0.105,2.4,3.25,2.825,0.8,100,50.4,180,195,187.5,,,,,,,,,,,,,,,,,,,,,,,,,,,,,,,,,,,,,,,,,,,,,,,,,1,,,,,,,,,,,,
1094,46,0,0.21,0.105,2.4,3.25,2.825,0.8,100,50.4,195,210,202.5,,,,,,,,,,,,,,,,,,,,,,,,,,,,,,,,,,,,,,,,,,,,,,,,,1,,,,,,,,,,,,
1095,46,0,0.21,0.105,2.4,3.25,2.825,0.8,100,50.4,210,225,217.5,,,,,,,,,,,,,,,,,,,,,,,,,,,,,,,,,,,,,,,,,,,,,,,,,1,,,,,,,,,,,,
1096,46,0,0.21,0.105,2.4,3.25,2.825,0.8,100,50.4,225,240,232.5,,,,,,,,,,,,,,,,,,,,,,,,,,,,,,,,,,,,,,,,,,,,,,,,,1,,,,,,,,,,,,
1097,46,0,0.21,0.105,2.4,3.25,2.825,0.8,100,50.4,240,255,247.5,,,,,,,,,,,,,,,,,,,,,,,,,,,,,,,,,,,,,,,,,,,,,,,,,1,,,,,,,,,,,,
1098,46,0,0.21,0.105,2.4,3.25,2.825,0.8,100,50.4,255,270,262.5,,,,,,,,,,,,,,,,,,,,,,,,,,,,,,,,,,,,,,,,,,,,,,,,,1,,,,,,,,,,,,
1099,46,0,0.21,0.105,2.4,3.25,2.825,0.8,100,50.4,270,285,277.5,,,,,,,,,,,,,,,,,,,,,,,,,,,,,,,,,,,,,,,,,,,,,,,,,1,,,,,,,,,,,,
1100,46,0,0.21,0.105,2.4,3.25,2.825,0.8,100,50.4,285,300,292.5,,,,,,,,,,,,,,,,,,,,,,,,,,,,,,,,,,,,,,,,,,,,,,,,,1,,,,,,,,,,,,
1101,46,0,0.21,0.105,2.4,3.25,2.825,0.8,100,50.4,300,315,307.5,,,,,,,,,,,,,,,,,,,,,,,,,,,,,,,,,,,,,,,,,,,,,,,,,1,,,,,,,,,,,,
1102,46,0,0.21,0.105,2.4,3.25,2.825,0.8,100,50.4,315,330,322.5,,,,,,,,,,,,,,,,,,,,,,,,,,,,,,,,,,,,,,,,,,,,,,,,,1,,,,,,,,,,,,
1103,46,0,0.21,0.105,2.4,3.25,2.825,0.8,100,50.4,330,345,337.5,,,,,,,,,,,,,,,,,,,,,,,,,,,,,,,,,,,,,,,,,,,,,,,,,1,,,,,,,,,,,,
1104,46,0,0.21,0.105,2.4,3.25,2.825,0.8,100,50.4,345,360,352.5,,,,,,,,,,,,,,,,,,,,,,,,,,,,,,,,,,,,,,,,,,,,,,,,,1,,,,,,,,,,,,
1105,47,0.21,0.33,0.27,2.4,3.25,2.825,0.8,100,50.4,0,15,7.5,,,,,,,,,,,,,,,,,,,,,,,,,,,,,,,,,,,,,,,,,,,,,,,,,1,,,,,,,,,,,,
1106,47,0.21,0.33,0.27,2.4,3.25,2.825,0.8,100,50.4,15,30,22.5,,,,,,,,,,,,,,,,,,,,,,,,,,,,,,,,,,,,,,,,,,,,,,,,,1,,,,,,,,,,,,
1107,47,0.21,0.33,0.27,2.4,3.25,2.825,0.8,100,50.4,30,45,37.5,,,,,,,,,,,,,,,,,,,,,,,,,,,,,,,,,,,,,,,,,,,,,,,,,1,,,,,,,,,,,,
1108,47,0.21,0.33,0.27,2.4,3.25,2.825,0.8,100,50.4,45,60,52.5,,,,,,,,,,,,,,,,,,,,,,,,,,,,,,,,,,,,,,,,,,,,,,,,,1,,,,,,,,,,,,
1109,47,0.21,0.33,0.27,2.4,3.25,2.825,0.8,100,50.4,60,75,67.5,,,,,,,,,,,,,,,,,,,,,,,,,,,,,,,,,,,,,,,,,,,,,,,,,1,,,,,,,,,,,,
1110,47,0.21,0.33,0.27,2.4,3.25,2.825,0.8,100,50.4,75,90,82.5,,,,,,,,,,,,,,,,,,,,,,,,,,,,,,,,,,,,,,,,,,,,,,,,,1,,,,,,,,,,,,
1111,47,0.21,0.33,0.27,2.4,3.25,2.825,0.8,100,50.4,90,105,97.5,,,,,,,,,,,,,,,,,,,,,,,,,,,,,,,,,,,,,,,,,,,,,,,,,1,,,,,,,,,,,,
1112,47,0.21,0.33,0.27,2.4,3.25,2.825,0.8,100,50.4,105,120,112.5,,,,,,,,,,,,,,,,,,,,,,,,,,,,,,,,,,,,,,,,,,,,,,,,,1,,,,,,,,,,,,
1113,47,0.21,0.33,0.27,2.4,3.25,2.825,0.8,100,50.4,120,135,127.5,,,,,,,,,,,,,,,,,,,,,,,,,,,,,,,,,,,,,,,,,,,,,,,,,1,,,,,,,,,,,,
1114,47,0.21,0.33,0.27,2.4,3.25,2.825,0.8,100,50.4,135,150,142.5,,,,,,,,,,,,,,,,,,,,,,,,,,,,,,,,,,,,,,,,,,,,,,,,,1,,,,,,,,,,,,
1115,47,0.21,0.33,0.27,2.4,3.25,2.825,0.8,100,50.4,150,165,157.5,,,,,,,,,,,,,,,,,,,,,,,,,,,,,,,,,,,,,,,,,,,,,,,,,1,,,,,,,,,,,,
1116,47,0.21,0.33,0.27,2.4,3.25,2.825,0.8,100,50.4,165,180,172.5,,,,,,,,,,,,,,,,,,,,,,,,,,,,,,,,,,,,,,,,,,,,,,,,,1,,,,,,,,,,,,
1117,47,0.21,0.33,0.27,2.4,3.25,2.825,0.8,100,50.4,180,195,187.5,,,,,,,,,,,,,,,,,,,,,,,,,,,,,,,,,,,,,,,,,,,,,,,,,1,,,,,,,,,,,,
1118,47,0.21,0.33,0.27,2.4,3.25,2.825,0.8,100,50.4,195,210,202.5,,,,,,,,,,,,,,,,,,,,,,,,,,,,,,,,,,,,,,,,,,,,,,,,,1,,,,,,,,,,,,
1119,47,0.21,0.33,0.27,2.4,3.25,2.825,0.8,100,50.4,210,225,217.5,,,,,,,,,,,,,,,,,,,,,,,,,,,,,,,,,,,,,,,,,,,,,,,,,1,,,,,,,,,,,,
1120,47,0.21,0.33,0.27,2.4,3.25,2.825,0.8,100,50.4,225,240,232.5,,,,,,,,,,,,,,,,,,,,,,,,,,,,,,,,,,,,,,,,,,,,,,,,,1,,,,,,,,,,,,
1121,47,0.21,0.33,0.27,2.4,3.25,2.825,0.8,100,50.4,240,255,247.5,,,,,,,,,,,,,,,,,,,,,,,,,,,,,,,,,,,,,,,,,,,,,,,,,1,,,,,,,,,,,,
1122,47,0.21,0.33,0.27,2.4,3.25,2.825,0.8,100,50.4,255,270,262.5,,,,,,,,,,,,,,,,,,,,,,,,,,,,,,,,,,,,,,,,,,,,,,,,,1,,,,,,,,,,,,
1123,47,0.21,0.33,0.27,2.4,3.25,2.825,0.8,100,50.4,270,285,277.5,,,,,,,,,,,,,,,,,,,,,,,,,,,,,,,,,,,,,,,,,,,,,,,,,1,,,,,,,,,,,,
1124,47,0.21,0.33,0.27,2.4,3.25,2.825,0.8,100,50.4,285,300,292.5,,,,,,,,,,,,,,,,,,,,,,,,,,,,,,,,,,,,,,,,,,,,,,,,,1,,,,,,,,,,,,
1125,47,0.21,0.33,0.27,2.4,3.25,2.825,0.8,100,50.4,300,315,307.5,,,,,,,,,,,,,,,,,,,,,,,,,,,,,,,,,,,,,,,,,,,,,,,,,1,,,,,,,,,,,,
1126,47,0.21,0.33,0.27,2.4,3.25,2.825,0.8,100,50.4,315,330,322.5,,,,,,,,,,,,,,,,,,,,,,,,,,,,,,,,,,,,,,,,,,,,,,,,,1,,,,,,,,,,,,
1127,47,0.21,0.33,0.27,2.4,3.25,2.825,0.8,100,50.4,330,345,337.5,,,,,,,,,,,,,,,,,,,,,,,,,,,,,,,,,,,,,,,,,,,,,,,,,1,,,,,,,,,,,,
1128,47,0.21,0.33,0.27,2.4,3.25,2.825,0.8,100,50.4,345,360,352.5,,,,,,,,,,,,,,,,,,,,,,,,,,,,,,,,,,,,,,,,,,,,,,,,,1,,,,,,,,,,,,
1129,48,0.33,1,0.665,2.4,3.25,2.825,0.8,100,50.4,0,15,7.5,,,,,,,,,,,,,,,,,,,,,,,,,,,,,,,,,,,,,,,,,,,,,,,,,1,,,,,,,,,,,,
1130,48,0.33,1,0.665,2.4,3.25,2.825,0.8,100,50.4,15,30,22.5,,,,,,,,,,,,,,,,,,,,,,,,,,,,,,,,,,,,,,,,,,,,,,,,,1,,,,,,,,,,,,
1131,48,0.33,1,0.665,2.4,3.25,2.825,0.8,100,50.4,30,45,37.5,,,,,,,,,,,,,,,,,,,,,,,,,,,,,,,,,,,,,,,,,,,,,,,,,1,,,,,,,,,,,,
1132,48,0.33,1,0.665,2.4,3.25,2.825,0.8,100,50.4,45,60,52.5,,,,,,,,,,,,,,,,,,,,,,,,,,,,,,,,,,,,,,,,,,,,,,,,,1,,,,,,,,,,,,
1133,48,0.33,1,0.665,2.4,3.25,2.825,0.8,100,50.4,60,75,67.5,,,,,,,,,,,,,,,,,,,,,,,,,,,,,,,,,,,,,,,,,,,,,,,,,1,,,,,,,,,,,,
1134,48,0.33,1,0.665,2.4,3.25,2.825,0.8,100,50.4,75,90,82.5,,,,,,,,,,,,,,,,,,,,,,,,,,,,,,,,,,,,,,,,,,,,,,,,,1,,,,,,,,,,,,
1135,48,0.33,1,0.665,2.4,3.25,2.825,0.8,100,50.4,90,105,97.5,,,,,,,,,,,,,,,,,,,,,,,,,,,,,,,,,,,,,,,,,,,,,,,,,1,,,,,,,,,,,,
1136,48,0.33,1,0.665,2.4,3.25,2.825,0.8,100,50.4,105,120,112.5,,,,,,,,,,,,,,,,,,,,,,,,,,,,,,,,,,,,,,,,,,,,,,,,,1,,,,,,,,,,,,
1137,48,0.33,1,0.665,2.4,3.25,2.825,0.8,100,50.4,120,135,127.5,,,,,,,,,,,,,,,,,,,,,,,,,,,,,,,,,,,,,,,,,,,,,,,,,1,,,,,,,,,,,,
1138,48,0.33,1,0.665,2.4,3.25,2.825,0.8,100,50.4,135,150,142.5,,,,,,,,,,,,,,,,,,,,,,,,,,,,,,,,,,,,,,,,,,,,,,,,,1,,,,,,,,,,,,
1139,48,0.33,1,0.665,2.4,3.25,2.825,0.8,100,50.4,150,165,157.5,,,,,,,,,,,,,,,,,,,,,,,,,,,,,,,,,,,,,,,,,,,,,,,,,1,,,,,,,,,,,,
1140,48,0.33,1,0.665,2.4,3.25,2.825,0.8,100,50.4,165,180,172.5,,,,,,,,,,,,,,,,,,,,,,,,,,,,,,,,,,,,,,,,,,,,,,,,,1,,,,,,,,,,,,
1141,48,0.33,1,0.665,2.4,3.25,2.825,0.8,100,50.4,180,195,187.5,,,,,,,,,,,,,,,,,,,,,,,,,,,,,,,,,,,,,,,,,,,,,,,,,1,,,,,,,,,,,,
1142,48,0.33,1,0.665,2.4,3.25,2.825,0.8,100,50.4,195,210,202.5,,,,,,,,,,,,,,,,,,,,,,,,,,,,,,,,,,,,,,,,,,,,,,,,,1,,,,,,,,,,,,
1143,48,0.33,1,0.665,2.4,3.25,2.825,0.8,100,50.4,210,225,217.5,,,,,,,,,,,,,,,,,,,,,,,,,,,,,,,,,,,,,,,,,,,,,,,,,1,,,,,,,,,,,,
1144,48,0.33,1,0.665,2.4,3.25,2.825,0.8,100,50.4,225,240,232.5,,,,,,,,,,,,,,,,,,,,,,,,,,,,,,,,,,,,,,,,,,,,,,,,,1,,,,,,,,,,,,
1145,48,0.33,1,0.665,2.4,3.25,2.825,0.8,100,50.4,240,255,247.5,,,,,,,,,,,,,,,,,,,,,,,,,,,,,,,,,,,,,,,,,,,,,,,,,1,,,,,,,,,,,,
1146,48,0.33,1,0.665,2.4,3.25,2.825,0.8,100,50.4,255,270,262.5,,,,,,,,,,,,,,,,,,,,,,,,,,,,,,,,,,,,,,,,,,,,,,,,,1,,,,,,,,,,,,
1147,48,0.33,1,0.665,2.4,3.25,2.825,0.8,100,50.4,270,285,277.5,,,,,,,,,,,,,,,,,,,,,,,,,,,,,,,,,,,,,,,,,,,,,,,,,1,,,,,,,,,,,,
1148,48,0.33,1,0.665,2.4,3.25,2.825,0.8,100,50.4,285,300,292.5,,,,,,,,,,,,,,,,,,,,,,,,,,,,,,,,,,,,,,,,,,,,,,,,,1,,,,,,,,,,,,
1149,48,0.33,1,0.665,2.4,3.25,2.825,0.8,100,50.4,300,315,307.5,,,,,,,,,,,,,,,,,,,,,,,,,,,,,,,,,,,,,,,,,,,,,,,,,1,,,,,,,,,,,,
1150,48,0.33,1,0.665,2.4,3.25,2.825,0.8,100,50.4,315,330,322.5,,,,,,,,,,,,,,,,,,,,,,,,,,,,,,,,,,,,,,,,,,,,,,,,,1,,,,,,,,,,,,
1151,48,0.33,1,0.665,2.4,3.25,2.825,0.8,100,50.4,330,345,337.5,,,,,,,,,,,,,,,,,,,,,,,,,,,,,,,,,,,,,,,,,,,,,,,,,1,,,,,,,,,,,,
1152,48,0.33,1,0.665,2.4,3.25,2.825,0.8,100,50.4,345,360,352.5,,,,,,,,,,,,,,,,,,,,,,,,,,,,,,,,,,,,,,,,,,,,,,,,,1,,,,,,,,,,,,
1153,49,0,0.33,0.165,3.25,5,4.125,0,0.2,0.1,0,15,7.5,,,,,,,,,,,,,,,,,,,,,,,,,,,,,,,,,,,,,,,,,,,,,,,,,1,,,,,,,,,,,,
1154,49,0,0.33,0.165,3.25,5,4.125,0,0.2,0.1,15,30,22.5,,,,,,,,,,,,,,,,,,,,,,,,,,,,,,,,,,,,,,,,,,,,,,,,,1,,,,,,,,,,,,
1155,49,0,0.33,0.165,3.25,5,4.125,0,0.2,0.1,30,45,37.5,,,,,,,,,,,,,,,,,,,,,,,,,,,,,,,,,,,,,,,,,,,,,,,,,1,,,,,,,,,,,,
1156,49,0,0.33,0.165,3.25,5,4.125,0,0.2,0.1,45,60,52.5,,,,,,,,,,,,,,,,,,,,,,,,,,,,,,,,,,,,,,,,,,,,,,,,,1,,,,,,,,,,,,
1157,49,0,0.33,0.165,3.25,5,4.125,0,0.2,0.1,60,75,67.5,,,,,,,,,,,,,,,,,,,,,,,,,,,,,,,,,,,,,,,,,,,,,,,,,1,,,,,,,,,,,,
1158,49,0,0.33,0.165,3.25,5,4.125,0,0.2,0.1,75,90,82.5,,,,,,,,,,,,,,,,,,,,,,,,,,,,,,,,,,,,,,,,,,,,,,,,,1,,,,,,,,,,,,
1159,49,0,0.33,0.165,3.25,5,4.125,0,0.2,0.1,90,105,97.5,,,,,,,,,,,,,,,,,,,,,,,,,,,,,,,,,,,,,,,,,,,,,,,,,1,,,,,,,,,,,,
1160,49,0,0.33,0.165,3.25,5,4.125,0,0.2,0.1,105,120,112.5,,,,,,,,,,,,,,,,,,,,,,,,,,,,,,,,,,,,,,,,,,,,,,,,,1,,,,,,,,,,,,
1161,49,0,0.33,0.165,3.25,5,4.125,0,0.2,0.1,120,135,127.5,,,,,,,,,,,,,,,,,,,,,,,,,,,,,,,,,,,,,,,,,,,,,,,,,1,,,,,,,,,,,,
1162,49,0,0.33,0.165,3.25,5,4.125,0,0.2,0.1,135,150,142.5,,,,,,,,,,,,,,,,,,,,,,,,,,,,,,,,,,,,,,,,,,,,,,,,,1,,,,,,,,,,,,
1163,49,0,0.33,0.165,3.25,5,4.125,0,0.2,0.1,150,165,157.5,,,,,,,,,,,,,,,,,,,,,,,,,,,,,,,,,,,,,,,,,,,,,,,,,1,,,,,,,,,,,,
1164,49,0,0.33,0.165,3.25,5,4.125,0,0.2,0.1,165,180,172.5,,,,,,,,,,,,,,,,,,,,,,,,,,,,,,,,,,,,,,,,,,,,,,,,,1,,,,,,,,,,,,
1165,49,0,0.33,0.165,3.25,5,4.125,0,0.2,0.1,180,195,187.5,,,,,,,,,,,,,,,,,,,,,,,,,,,,,,,,,,,,,,,,,,,,,,,,,1,,,,,,,,,,,,
1166,49,0,0.33,0.165,3.25,5,4.125,0,0.2,0.1,195,210,202.5,,,,,,,,,,,,,,,,,,,,,,,,,,,,,,,,,,,,,,,,,,,,,,,,,1,,,,,,,,,,,,
1167,49,0,0.33,0.165,3.25,5,4.125,0,0.2,0.1,210,225,217.5,,,,,,,,,,,,,,,,,,,,,,,,,,,,,,,,,,,,,,,,,,,,,,,,,1,,,,,,,,,,,,
1168,49,0,0.33,0.165,3.25,5,4.125,0,0.2,0.1,225,240,232.5,,,,,,,,,,,,,,,,,,,,,,,,,,,,,,,,,,,,,,,,,,,,,,,,,1,,,,,,,,,,,,
1169,49,0,0.33,0.165,3.25,5,4.125,0,0.2,0.1,240,255,247.5,,,,,,,,,,,,,,,,,,,,,,,,,,,,,,,,,,,,,,,,,,,,,,,,,1,,,,,,,,,,,,
1170,49,0,0.33,0.165,3.25,5,4.125,0,0.2,0.1,255,270,262.5,,,,,,,,,,,,,,,,,,,,,,,,,,,,,,,,,,,,,,,,,,,,,,,,,1,,,,,,,,,,,,
1171,49,0,0.33,0.165,3.25,5,4.125,0,0.2,0.1,270,285,277.5,,,,,,,,,,,,,,,,,,,,,,,,,,,,,,,,,,,,,,,,,,,,,,,,,1,,,,,,,,,,,,
1172,49,0,0.33,0.165,3.25,5,4.125,0,0.2,0.1,285,300,292.5,,,,,,,,,,,,,,,,,,,,,,,,,,,,,,,,,,,,,,,,,,,,,,,,,1,,,,,,,,,,,,
1173,49,0,0.33,0.165,3.25,5,4.125,0,0.2,0.1,300,315,307.5,,,,,,,,,,,,,,,,,,,,,,,,,,,,,,,,,,,,,,,,,,,,,,,,,1,,,,,,,,,,,,
1174,49,0,0.33,0.165,3.25,5,4.125,0,0.2,0.1,315,330,322.5,,,,,,,,,,,,,,,,,,,,,,,,,,,,,,,,,,,,,,,,,,,,,,,,,1,,,,,,,,,,,,
1175,49,0,0.33,0.165,3.25,5,4.125,0,0.2,0.1,330,345,337.5,,,,,,,,,,,,,,,,,,,,,,,,,,,,,,,,,,,,,,,,,,,,,,,,,1,,,,,,,,,,,,
1176,49,0,0.33,0.165,3.25,5,4.125,0,0.2,0.1,345,360,352.5,,,,,,,,,,,,,,,,,,,,,,,,,,,,,,,,,,,,,,,,,,,,,,,,,1,,,,,,,,,,,,
1177,50,0.33,1,0.665,3.25,5,4.125,0,0.2,0.1,0,15,7.5,,,,,,,,,,,,,,,,,,,,,,,,,,,,,,,,,,,,,,,,,,,,,,,,,1,,,,,,,,,,,,
1178,50,0.33,1,0.665,3.25,5,4.125,0,0.2,0.1,15,30,22.5,,,,,,,,,,,,,,,,,,,,,,,,,,,,,,,,,,,,,,,,,,,,,,,,,1,,,,,,,,,,,,
1179,50,0.33,1,0.665,3.25,5,4.125,0,0.2,0.1,30,45,37.5,,,,,,,,,,,,,,,,,,,,,,,,,,,,,,,,,,,,,,,,,,,,,,,,,1,,,,,,,,,,,,
1180,50,0.33,1,0.665,3.25,5,4.125,0,0.2,0.1,45,60,52.5,,,,,,,,,,,,,,,,,,,,,,,,,,,,,,,,,,,,,,,,,,,,,,,,,1,,,,,,,,,,,,
1181,50,0.33,1,0.665,3.25,5,4.125,0,0.2,0.1,60,75,67.5,,,,,,,,,,,,,,,,,,,,,,,,,,,,,,,,,,,,,,,,,,,,,,,,,1,,,,,,,,,,,,
1182,50,0.33,1,0.665,3.25,5,4.125,0,0.2,0.1,75,90,82.5,,,,,,,,,,,,,,,,,,,,,,,,,,,,,,,,,,,,,,,,,,,,,,,,,1,,,,,,,,,,,,
1183,50,0.33,1,0.665,3.25,5,4.125,0,0.2,0.1,90,105,97.5,,,,,,,,,,,,,,,,,,,,,,,,,,,,,,,,,,,,,,,,,,,,,,,,,1,,,,,,,,,,,,
1184,50,0.33,1,0.665,3.25,5,4.125,0,0.2,0.1,105,120,112.5,,,,,,,,,,,,,,,,,,,,,,,,,,,,,,,,,,,,,,,,,,,,,,,,,1,,,,,,,,,,,,
1185,50,0.33,1,0.665,3.25,5,4.125,0,0.2,0.1,120,135,127.5,,,,,,,,,,,,,,,,,,,,,,,,,,,,,,,,,,,,,,,,,,,,,,,,,1,,,,,,,,,,,,
1186,50,0.33,1,0.665,3.25,5,4.125,0,0.2,0.1,135,150,142.5,,,,,,,,,,,,,,,,,,,,,,,,,,,,,,,,,,,,,,,,,,,,,,,,,1,,,,,,,,,,,,
1187,50,0.33,1,0.665,3.25,5,4.125,0,0.2,0.1,150,165,157.5,,,,,,,,,,,,,,,,,,,,,,,,,,,,,,,,,,,,,,,,,,,,,,,,,1,,,,,,,,,,,,
1188,50,0.33,1,0.665,3.25,5,4.125,0,0.2,0.1,165,180,172.5,,,,,,,,,,,,,,,,,,,,,,,,,,,,,,,,,,,,,,,,,,,,,,,,,1,,,,,,,,,,,,
1189,50,0.33,1,0.665,3.25,5,4.125,0,0.2,0.1,180,195,187.5,,,,,,,,,,,,,,,,,,,,,,,,,,,,,,,,,,,,,,,,,,,,,,,,,1,,,,,,,,,,,,
1190,50,0.33,1,0.665,3.25,5,4.125,0,0.2,0.1,195,210,202.5,,,,,,,,,,,,,,,,,,,,,,,,,,,,,,,,,,,,,,,,,,,,,,,,,1,,,,,,,,,,,,
1191,50,0.33,1,0.665,3.25,5,4.125,0,0.2,0.1,210,225,217.5,,,,,,,,,,,,,,,,,,,,,,,,,,,,,,,,,,,,,,,,,,,,,,,,,1,,,,,,,,,,,,
1192,50,0.33,1,0.665,3.25,5,4.125,0,0.2,0.1,225,240,232.5,,,,,,,,,,,,,,,,,,,,,,,,,,,,,,,,,,,,,,,,,,,,,,,,,1,,,,,,,,,,,,
1193,50,0.33,1,0.665,3.25,5,4.125,0,0.2,0.1,240,255,247.5,,,,,,,,,,,,,,,,,,,,,,,,,,,,,,,,,,,,,,,,,,,,,,,,,1,,,,,,,,,,,,
1194,50,0.33,1,0.665,3.25,5,4.125,0,0.2,0.1,255,270,262.5,,,,,,,,,,,,,,,,,,,,,,,,,,,,,,,,,,,,,,,,,,,,,,,,,1,,,,,,,,,,,,
1195,50,0.33,1,0.665,3.25,5,4.125,0,0.2,0.1,270,285,277.5,,,,,,,,,,,,,,,,,,,,,,,,,,,,,,,,,,,,,,,,,,,,,,,,,1,,,,,,,,,,,,
1196,50,0.33,1,0.665,3.25,5,4.125,0,0.2,0.1,285,300,292.5,,,,,,,,,,,,,,,,,,,,,,,,,,,,,,,,,,,,,,,,,,,,,,,,,1,,,,,,,,,,,,
1197,50,0.33,1,0.665,3.25,5,4.125,0,0.2,0.1,300,315,307.5,,,,,,,,,,,,,,,,,,,,,,,,,,,,,,,,,,,,,,,,,,,,,,,,,1,,,,,,,,,,,,
1198,50,0.33,1,0.665,3.25,5,4.125,0,0.2,0.1,315,330,322.5,,,,,,,,,,,,,,,,,,,,,,,,,,,,,,,,,,,,,,,,,,,,,,,,,1,,,,,,,,,,,,
1199,50,0.33,1,0.665,3.25,5,4.125,0,0.2,0.1,330,345,337.5,,,,,,,,,,,,,,,,,,,,,,,,,,,,,,,,,,,,,,,,,,,,,,,,,1,,,,,,,,,,,,
1200,50,0.33,1,0.665,3.25,5,4.125,0,0.2,0.1,345,360,352.5,,,,,,,,,,,,,,,,,,,,,,,,,,,,,,,,,,,,,,,,,,,,,,,,,1,,,,,,,,,,,,
1201,51,0,0.33,0.165,3.25,5,4.125,0.2,0.4,0.3,0,15,7.5,,,,,,,,,,,,,,,,,,,,,,,,,,,,,,,,,,,,,,,,,,,,,,,,,1,,,,,,,,,,,,
1202,51,0,0.33,0.165,3.25,5,4.125,0.2,0.4,0.3,15,30,22.5,,,,,,,,,,,,,,,,,,,,,,,,,,,,,,,,,,,,,,,,,,,,,,,,,1,,,,,,,,,,,,
1203,51,0,0.33,0.165,3.25,5,4.125,0.2,0.4,0.3,30,45,37.5,,,,,,,,,,,,,,,,,,,,,,,,,,,,,,,,,,,,,,,,,,,,,,,,,1,,,,,,,,,,,,
1204,51,0,0.33,0.165,3.25,5,4.125,0.2,0.4,0.3,45,60,52.5,,,,,,,,,,,,,,,,,,,,,,,,,,,,,,,,,,,,,,,,,,,,,,,,,1,,,,,,,,,,,,
1205,51,0,0.33,0.165,3.25,5,4.125,0.2,0.4,0.3,60,75,67.5,,,,,,,,,,,,,,,,,,,,,,,,,,,,,,,,,,,,,,,,,,,,,,,,,1,,,,,,,,,,,,
1206,51,0,0.33,0.165,3.25,5,4.125,0.2,0.4,0.3,75,90,82.5,,,,,,,,,,,,,,,,,,,,,,,,,,,,,,,,,,,,,,,,,,,,,,,,,1,,,,,,,,,,,,
1207,51,0,0.33,0.165,3.25,5,4.125,0.2,0.4,0.3,90,105,97.5,,,,,,,,,,,,,,,,,,,,,,,,,,,,,,,,,,,,,,,,,,,,,,,,,1,,,,,,,,,,,,
1208,51,0,0.33,0.165,3.25,5,4.125,0.2,0.4,0.3,105,120,112.5,,,,,,,,,,,,,,,,,,,,,,,,,,,,,,,,,,,,,,,,,,,,,,,,,1,,,,,,,,,,,,
1209,51,0,0.33,0.165,3.25,5,4.125,0.2,0.4,0.3,120,135,127.5,,,,,,,,,,,,,,,,,,,,,,,,,,,,,,,,,,,,,,,,,,,,,,,,,1,,,,,,,,,,,,
1210,51,0,0.33,0.165,3.25,5,4.125,0.2,0.4,0.3,135,150,142.5,,,,,,,,,,,,,,,,,,,,,,,,,,,,,,,,,,,,,,,,,,,,,,,,,1,,,,,,,,,,,,
1211,51,0,0.33,0.165,3.25,5,4.125,0.2,0.4,0.3,150,165,157.5,,,,,,,,,,,,,,,,,,,,,,,,,,,,,,,,,,,,,,,,,,,,,,,,,1,,,,,,,,,,,,
1212,51,0,0.33,0.165,3.25,5,4.125,0.2,0.4,0.3,165,180,172.5,,,,,,,,,,,,,,,,,,,,,,,,,,,,,,,,,,,,,,,,,,,,,,,,,1,,,,,,,,,,,,
1213,51,0,0.33,0.165,3.25,5,4.125,0.2,0.4,0.3,180,195,187.5,,,,,,,,,,,,,,,,,,,,,,,,,,,,,,,,,,,,,,,,,,,,,,,,,1,,,,,,,,,,,,
1214,51,0,0.33,0.165,3.25,5,4.125,0.2,0.4,0.3,195,210,202.5,,,,,,,,,,,,,,,,,,,,,,,,,,,,,,,,,,,,,,,,,,,,,,,,,1,,,,,,,,,,,,
1215,51,0,0.33,0.165,3.25,5,4.125,0.2,0.4,0.3,210,225,217.5,,,,,,,,,,,,,,,,,,,,,,,,,,,,,,,,,,,,,,,,,,,,,,,,,1,,,,,,,,,,,,
1216,51,0,0.33,0.165,3.25,5,4.125,0.2,0.4,0.3,225,240,232.5,,,,,,,,,,,,,,,,,,,,,,,,,,,,,,,,,,,,,,,,,,,,,,,,,1,,,,,,,,,,,,
1217,51,0,0.33,0.165,3.25,5,4.125,0.2,0.4,0.3,240,255,247.5,,,,,,,,,,,,,,,,,,,,,,,,,,,,,,,,,,,,,,,,,,,,,,,,,1,,,,,,,,,,,,
1218,51,0,0.33,0.165,3.25,5,4.125,0.2,0.4,0.3,255,270,262.5,,,,,,,,,,,,,,,,,,,,,,,,,,,,,,,,,,,,,,,,,,,,,,,,,1,,,,,,,,,,,,
1219,51,0,0.33,0.165,3.25,5,4.125,0.2,0.4,0.3,270,285,277.5,,,,,,,,,,,,,,,,,,,,,,,,,,,,,,,,,,,,,,,,,,,,,,,,,1,,,,,,,,,,,,
1220,51,0,0.33,0.165,3.25,5,4.125,0.2,0.4,0.3,285,300,292.5,,,,,,,,,,,,,,,,,,,,,,,,,,,,,,,,,,,,,,,,,,,,,,,,,1,,,,,,,,,,,,
1221,51,0,0.33,0.165,3.25,5,4.125,0.2,0.4,0.3,300,315,307.5,,,,,,,,,,,,,,,,,,,,,,,,,,,,,,,,,,,,,,,,,,,,,,,,,1,,,,,,,,,,,,
1222,51,0,0.33,0.165,3.25,5,4.125,0.2,0.4,0.3,315,330,322.5,,,,,,,,,,,,,,,,,,,,,,,,,,,,,,,,,,,,,,,,,,,,,,,,,1,,,,,,,,,,,,
1223,51,0,0.33,0.165,3.25,5,4.125,0.2,0.4,0.3,330,345,337.5,,,,,,,,,,,,,,,,,,,,,,,,,,,,,,,,,,,,,,,,,,,,,,,,,1,,,,,,,,,,,,
1224,51,0,0.33,0.165,3.25,5,4.125,0.2,0.4,0.3,345,360,352.5,,,,,,,,,,,,,,,,,,,,,,,,,,,,,,,,,,,,,,,,,,,,,,,,,1,,,,,,,,,,,,
1225,52,0.33,1,0.665,3.25,5,4.125,0.2,0.4,0.3,0,15,7.5,,,,,,,,,,,,,,,,,,,,,,,,,,,,,,,,,,,,,,,,,,,,,,,,,1,,,,,,,,,,,,
1226,52,0.33,1,0.665,3.25,5,4.125,0.2,0.4,0.3,15,30,22.5,,,,,,,,,,,,,,,,,,,,,,,,,,,,,,,,,,,,,,,,,,,,,,,,,1,,,,,,,,,,,,
1227,52,0.33,1,0.665,3.25,5,4.125,0.2,0.4,0.3,30,45,37.5,,,,,,,,,,,,,,,,,,,,,,,,,,,,,,,,,,,,,,,,,,,,,,,,,1,,,,,,,,,,,,
1228,52,0.33,1,0.665,3.25,5,4.125,0.2,0.4,0.3,45,60,52.5,,,,,,,,,,,,,,,,,,,,,,,,,,,,,,,,,,,,,,,,,,,,,,,,,1,,,,,,,,,,,,
1229,52,0.33,1,0.665,3.25,5,4.125,0.2,0.4,0.3,60,75,67.5,,,,,,,,,,,,,,,,,,,,,,,,,,,,,,,,,,,,,,,,,,,,,,,,,1,,,,,,,,,,,,
1230,52,0.33,1,0.665,3.25,5,4.125,0.2,0.4,0.3,75,90,82.5,,,,,,,,,,,,,,,,,,,,,,,,,,,,,,,,,,,,,,,,,,,,,,,,,1,,,,,,,,,,,,
1231,52,0.33,1,0.665,3.25,5,4.125,0.2,0.4,0.3,90,105,97.5,,,,,,,,,,,,,,,,,,,,,,,,,,,,,,,,,,,,,,,,,,,,,,,,,1,,,,,,,,,,,,
1232,52,0.33,1,0.665,3.25,5,4.125,0.2,0.4,0.3,105,120,112.5,,,,,,,,,,,,,,,,,,,,,,,,,,,,,,,,,,,,,,,,,,,,,,,,,1,,,,,,,,,,,,
1233,52,0.33,1,0.665,3.25,5,4.125,0.2,0.4,0.3,120,135,127.5,,,,,,,,,,,,,,,,,,,,,,,,,,,,,,,,,,,,,,,,,,,,,,,,,1,,,,,,,,,,,,
1234,52,0.33,1,0.665,3.25,5,4.125,0.2,0.4,0.3,135,150,142.5,,,,,,,,,,,,,,,,,,,,,,,,,,,,,,,,,,,,,,,,,,,,,,,,,1,,,,,,,,,,,,
1235,52,0.33,1,0.665,3.25,5,4.125,0.2,0.4,0.3,150,165,157.5,,,,,,,,,,,,,,,,,,,,,,,,,,,,,,,,,,,,,,,,,,,,,,,,,1,,,,,,,,,,,,
1236,52,0.33,1,0.665,3.25,5,4.125,0.2,0.4,0.3,165,180,172.5,,,,,,,,,,,,,,,,,,,,,,,,,,,,,,,,,,,,,,,,,,,,,,,,,1,,,,,,,,,,,,
1237,52,0.33,1,0.665,3.25,5,4.125,0.2,0.4,0.3,180,195,187.5,,,,,,,,,,,,,,,,,,,,,,,,,,,,,,,,,,,,,,,,,,,,,,,,,1,,,,,,,,,,,,
1238,52,0.33,1,0.665,3.25,5,4.125,0.2,0.4,0.3,195,210,202.5,,,,,,,,,,,,,,,,,,,,,,,,,,,,,,,,,,,,,,,,,,,,,,,,,1,,,,,,,,,,,,
1239,52,0.33,1,0.665,3.25,5,4.125,0.2,0.4,0.3,210,225,217.5,,,,,,,,,,,,,,,,,,,,,,,,,,,,,,,,,,,,,,,,,,,,,,,,,1,,,,,,,,,,,,
1240,52,0.33,1,0.665,3.25,5,4.125,0.2,0.4,0.3,225,240,232.5,,,,,,,,,,,,,,,,,,,,,,,,,,,,,,,,,,,,,,,,,,,,,,,,,1,,,,,,,,,,,,
1241,52,0.33,1,0.665,3.25,5,4.125,0.2,0.4,0.3,240,255,247.5,,,,,,,,,,,,,,,,,,,,,,,,,,,,,,,,,,,,,,,,,,,,,,,,,1,,,,,,,,,,,,
1242,52,0.33,1,0.665,3.25,5,4.125,0.2,0.4,0.3,255,270,262.5,,,,,,,,,,,,,,,,,,,,,,,,,,,,,,,,,,,,,,,,,,,,,,,,,1,,,,,,,,,,,,
1243,52,0.33,1,0.665,3.25,5,4.125,0.2,0.4,0.3,270,285,277.5,,,,,,,,,,,,,,,,,,,,,,,,,,,,,,,,,,,,,,,,,,,,,,,,,1,,,,,,,,,,,,
1244,52,0.33,1,0.665,3.25,5,4.125,0.2,0.4,0.3,285,300,292.5,,,,,,,,,,,,,,,,,,,,,,,,,,,,,,,,,,,,,,,,,,,,,,,,,1,,,,,,,,,,,,
1245,52,0.33,1,0.665,3.25,5,4.125,0.2,0.4,0.3,300,315,307.5,,,,,,,,,,,,,,,,,,,,,,,,,,,,,,,,,,,,,,,,,,,,,,,,,1,,,,,,,,,,,,
1246,52,0.33,1,0.665,3.25,5,4.125,0.2,0.4,0.3,315,330,322.5,,,,,,,,,,,,,,,,,,,,,,,,,,,,,,,,,,,,,,,,,,,,,,,,,1,,,,,,,,,,,,
1247,52,0.33,1,0.665,3.25,5,4.125,0.2,0.4,0.3,330,345,337.5,,,,,,,,,,,,,,,,,,,,,,,,,,,,,,,,,,,,,,,,,,,,,,,,,1,,,,,,,,,,,,
1248,52,0.33,1,0.665,3.25,5,4.125,0.2,0.4,0.3,345,360,352.5,,,,,,,,,,,,,,,,,,,,,,,,,,,,,,,,,,,,,,,,,,,,,,,,,1,,,,,,,,,,,,
1249,53,0,0.33,0.165,3.25,5,4.125,0.4,0.8,0.6,0,15,7.5,,,,,,,,,,,,,,,,,,,,,,,,,,,,,,,,,,,,,,,,,,,,,,,,,1,,,,,,,,,,,,
1250,53,0,0.33,0.165,3.25,5,4.125,0.4,0.8,0.6,15,30,22.5,,,,,,,,,,,,,,,,,,,,,,,,,,,,,,,,,,,,,,,,,,,,,,,,,1,,,,,,,,,,,,
1251,53,0,0.33,0.165,3.25,5,4.125,0.4,0.8,0.6,30,45,37.5,,,,,,,,,,,,,,,,,,,,,,,,,,,,,,,,,,,,,,,,,,,,,,,,,1,,,,,,,,,,,,
1252,53,0,0.33,0.165,3.25,5,4.125,0.4,0.8,0.6,45,60,52.5,,,,,,,,,,,,,,,,,,,,,,,,,,,,,,,,,,,,,,,,,,,,,,,,,1,,,,,,,,,,,,
1253,53,0,0.33,0.165,3.25,5,4.125,0.4,0.8,0.6,60,75,67.5,,,,,,,,,,,,,,,,,,,,,,,,,,,,,,,,,,,,,,,,,,,,,,,,,1,,,,,,,,,,,,
1254,53,0,0.33,0.165,3.25,5,4.125,0.4,0.8,0.6,75,90,82.5,,,,,,,,,,,,,,,,,,,,,,,,,,,,,,,,,,,,,,,,,,,,,,,,,1,,,,,,,,,,,,
1255,53,0,0.33,0.165,3.25,5,4.125,0.4,0.8,0.6,90,105,97.5,,,,,,,,,,,,,,,,,,,,,,,,,,,,,,,,,,,,,,,,,,,,,,,,,1,,,,,,,,,,,,
1256,53,0,0.33,0.165,3.25,5,4.125,0.4,0.8,0.6,105,120,112.5,,,,,,,,,,,,,,,,,,,,,,,,,,,,,,,,,,,,,,,,,,,,,,,,,1,,,,,,,,,,,,
1257,53,0,0.33,0.165,3.25,5,4.125,0.4,0.8,0.6,120,135,127.5,,,,,,,,,,,,,,,,,,,,,,,,,,,,,,,,,,,,,,,,,,,,,,,,,1,,,,,,,,,,,,
1258,53,0,0.33,0.165,3.25,5,4.125,0.4,0.8,0.6,135,150,142.5,,,,,,,,,,,,,,,,,,,,,,,,,,,,,,,,,,,,,,,,,,,,,,,,,1,,,,,,,,,,,,
1259,53,0,0.33,0.165,3.25,5,4.125,0.4,0.8,0.6,150,165,157.5,,,,,,,,,,,,,,,,,,,,,,,,,,,,,,,,,,,,,,,,,,,,,,,,,1,,,,,,,,,,,,
1260,53,0,0.33,0.165,3.25,5,4.125,0.4,0.8,0.6,165,180,172.5,,,,,,,,,,,,,,,,,,,,,,,,,,,,,,,,,,,,,,,,,,,,,,,,,1,,,,,,,,,,,,
1261,53,0,0.33,0.165,3.25,5,4.125,0.4,0.8,0.6,180,195,187.5,,,,,,,,,,,,,,,,,,,,,,,,,,,,,,,,,,,,,,,,,,,,,,,,,1,,,,,,,,,,,,
1262,53,0,0.33,0.165,3.25,5,4.125,0.4,0.8,0.6,195,210,202.5,,,,,,,,,,,,,,,,,,,,,,,,,,,,,,,,,,,,,,,,,,,,,,,,,1,,,,,,,,,,,,
1263,53,0,0.33,0.165,3.25,5,4.125,0.4,0.8,0.6,210,225,217.5,,,,,,,,,,,,,,,,,,,,,,,,,,,,,,,,,,,,,,,,,,,,,,,,,1,,,,,,,,,,,,
1264,53,0,0.33,0.165,3.25,5,4.125,0.4,0.8,0.6,225,240,232.5,,,,,,,,,,,,,,,,,,,,,,,,,,,,,,,,,,,,,,,,,,,,,,,,,1,,,,,,,,,,,,
1265,53,0,0.33,0.165,3.25,5,4.125,0.4,0.8,0.6,240,255,247.5,,,,,,,,,,,,,,,,,,,,,,,,,,,,,,,,,,,,,,,,,,,,,,,,,1,,,,,,,,,,,,
1266,53,0,0.33,0.165,3.25,5,4.125,0.4,0.8,0.6,255,270,262.5,,,,,,,,,,,,,,,,,,,,,,,,,,,,,,,,,,,,,,,,,,,,,,,,,1,,,,,,,,,,,,
1267,53,0,0.33,0.165,3.25,5,4.125,0.4,0.8,0.6,270,285,277.5,,,,,,,,,,,,,,,,,,,,,,,,,,,,,,,,,,,,,,,,,,,,,,,,,1,,,,,,,,,,,,
1268,53,0,0.33,0.165,3.25,5,4.125,0.4,0.8,0.6,285,300,292.5,,,,,,,,,,,,,,,,,,,,,,,,,,,,,,,,,,,,,,,,,,,,,,,,,1,,,,,,,,,,,,
1269,53,0,0.33,0.165,3.25,5,4.125,0.4,0.8,0.6,300,315,307.5,,,,,,,,,,,,,,,,,,,,,,,,,,,,,,,,,,,,,,,,,,,,,,,,,1,,,,,,,,,,,,
1270,53,0,0.33,0.165,3.25,5,4.125,0.4,0.8,0.6,315,330,322.5,,,,,,,,,,,,,,,,,,,,,,,,,,,,,,,,,,,,,,,,,,,,,,,,,1,,,,,,,,,,,,
1271,53,0,0.33,0.165,3.25,5,4.125,0.4,0.8,0.6,330,345,337.5,,,,,,,,,,,,,,,,,,,,,,,,,,,,,,,,,,,,,,,,,,,,,,,,,1,,,,,,,,,,,,
1272,53,0,0.33,0.165,3.25,5,4.125,0.4,0.8,0.6,345,360,352.5,,,,,,,,,,,,,,,,,,,,,,,,,,,,,,,,,,,,,,,,,,,,,,,,,1,,,,,,,,,,,,
1273,54,0.33,1,0.665,3.25,5,4.125,0.4,0.8,0.6,0,15,7.5,,,,,,,,,,,,,,,,,,,,,,,,,,,,,,,,,,,,,,,,,,,,,,,,,1,,,,,,,,,,,,
1274,54,0.33,1,0.665,3.25,5,4.125,0.4,0.8,0.6,15,30,22.5,,,,,,,,,,,,,,,,,,,,,,,,,,,,,,,,,,,,,,,,,,,,,,,,,1,,,,,,,,,,,,
1275,54,0.33,1,0.665,3.25,5,4.125,0.4,0.8,0.6,30,45,37.5,,,,,,,,,,,,,,,,,,,,,,,,,,,,,,,,,,,,,,,,,,,,,,,,,1,,,,,,,,,,,,
1276,54,0.33,1,0.665,3.25,5,4.125,0.4,0.8,0.6,45,60,52.5,,,,,,,,,,,,,,,,,,,,,,,,,,,,,,,,,,,,,,,,,,,,,,,,,1,,,,,,,,,,,,
1277,54,0.33,1,0.665,3.25,5,4.125,0.4,0.8,0.6,60,75,67.5,,,,,,,,,,,,,,,,,,,,,,,,,,,,,,,,,,,,,,,,,,,,,,,,,1,,,,,,,,,,,,
1278,54,0.33,1,0.665,3.25,5,4.125,0.4,0.8,0.6,75,90,82.5,,,,,,,,,,,,,,,,,,,,,,,,,,,,,,,,,,,,,,,,,,,,,,,,,1,,,,,,,,,,,,
1279,54,0.33,1,0.665,3.25,5,4.125,0.4,0.8,0.6,90,105,97.5,,,,,,,,,,,,,,,,,,,,,,,,,,,,,,,,,,,,,,,,,,,,,,,,,1,,,,,,,,,,,,
1280,54,0.33,1,0.665,3.25,5,4.125,0.4,0.8,0.6,105,120,112.5,,,,,,,,,,,,,,,,,,,,,,,,,,,,,,,,,,,,,,,,,,,,,,,,,1,,,,,,,,,,,,
1281,54,0.33,1,0.665,3.25,5,4.125,0.4,0.8,0.6,120,135,127.5,,,,,,,,,,,,,,,,,,,,,,,,,,,,,,,,,,,,,,,,,,,,,,,,,1,,,,,,,,,,,,
1282,54,0.33,1,0.665,3.25,5,4.125,0.4,0.8,0.6,135,150,142.5,,,,,,,,,,,,,,,,,,,,,,,,,,,,,,,,,,,,,,,,,,,,,,,,,1,,,,,,,,,,,,
1283,54,0.33,1,0.665,3.25,5,4.125,0.4,0.8,0.6,150,165,157.5,,,,,,,,,,,,,,,,,,,,,,,,,,,,,,,,,,,,,,,,,,,,,,,,,1,,,,,,,,,,,,
1284,54,0.33,1,0.665,3.25,5,4.125,0.4,0.8,0.6,165,180,172.5,,,,,,,,,,,,,,,,,,,,,,,,,,,,,,,,,,,,,,,,,,,,,,,,,1,,,,,,,,,,,,
1285,54,0.33,1,0.665,3.25,5,4.125,0.4,0.8,0.6,180,195,187.5,,,,,,,,,,,,,,,,,,,,,,,,,,,,,,,,,,,,,,,,,,,,,,,,,1,,,,,,,,,,,,
1286,54,0.33,1,0.665,3.25,5,4.125,0.4,0.8,0.6,195,210,202.5,,,,,,,,,,,,,,,,,,,,,,,,,,,,,,,,,,,,,,,,,,,,,,,,,1,,,,,,,,,,,,
1287,54,0.33,1,0.665,3.25,5,4.125,0.4,0.8,0.6,210,225,217.5,,,,,,,,,,,,,,,,,,,,,,,,,,,,,,,,,,,,,,,,,,,,,,,,,1,,,,,,,,,,,,
1288,54,0.33,1,0.665,3.25,5,4.125,0.4,0.8,0.6,225,240,232.5,,,,,,,,,,,,,,,,,,,,,,,,,,,,,,,,,,,,,,,,,,,,,,,,,1,,,,,,,,,,,,
1289,54,0.33,1,0.665,3.25,5,4.125,0.4,0.8,0.6,240,255,247.5,,,,,,,,,,,,,,,,,,,,,,,,,,,,,,,,,,,,,,,,,,,,,,,,,1,,,,,,,,,,,,
1290,54,0.33,1,0.665,3.25,5,4.125,0.4,0.8,0.6,255,270,262.5,,,,,,,,,,,,,,,,,,,,,,,,,,,,,,,,,,,,,,,,,,,,,,,,,1,,,,,,,,,,,,
1291,54,0.33,1,0.665,3.25,5,4.125,0.4,0.8,0.6,270,285,277.5,,,,,,,,,,,,,,,,,,,,,,,,,,,,,,,,,,,,,,,,,,,,,,,,,1,,,,,,,,,,,,
1292,54,0.33,1,0.665,3.25,5,4.125,0.4,0.8,0.6,285,300,292.5,,,,,,,,,,,,,,,,,,,,,,,,,,,,,,,,,,,,,,,,,,,,,,,,,1,,,,,,,,,,,,
1293,54,0.33,1,0.665,3.25,5,4.125,0.4,0.8,0.6,300,315,307.5,,,,,,,,,,,,,,,,,,,,,,,,,,,,,,,,,,,,,,,,,,,,,,,,,1,,,,,,,,,,,,
1294,54,0.33,1,0.665,3.25,5,4.125,0.4,0.8,0.6,315,330,322.5,,,,,,,,,,,,,,,,,,,,,,,,,,,,,,,,,,,,,,,,,,,,,,,,,1,,,,,,,,,,,,
1295,54,0.33,1,0.665,3.25,5,4.125,0.4,0.8,0.6,330,345,337.5,,,,,,,,,,,,,,,,,,,,,,,,,,,,,,,,,,,,,,,,,,,,,,,,,1,,,,,,,,,,,,
1296,54,0.33,1,0.665,3.25,5,4.125,0.4,0.8,0.6,345,360,352.5,,,,,,,,,,,,,,,,,,,,,,,,,,,,,,,,,,,,,,,,,,,,,,,,,1,,,,,,,,,,,,
1297,55,0,0.33,0.165,3.25,5,4.125,0.8,100,50.4,0,15,7.5,,,,,,,,,,,,,,,,,,,,,,,,,,,,,,,,,,,,,,,,,,,,,,,,,1,,,,,,,,,,,,
1298,55,0,0.33,0.165,3.25,5,4.125,0.8,100,50.4,15,30,22.5,,,,,,,,,,,,,,,,,,,,,,,,,,,,,,,,,,,,,,,,,,,,,,,,,1,,,,,,,,,,,,
1299,55,0,0.33,0.165,3.25,5,4.125,0.8,100,50.4,30,45,37.5,,,,,,,,,,,,,,,,,,,,,,,,,,,,,,,,,,,,,,,,,,,,,,,,,1,,,,,,,,,,,,
1300,55,0,0.33,0.165,3.25,5,4.125,0.8,100,50.4,45,60,52.5,,,,,,,,,,,,,,,,,,,,,,,,,,,,,,,,,,,,,,,,,,,,,,,,,1,,,,,,,,,,,,
1301,55,0,0.33,0.165,3.25,5,4.125,0.8,100,50.4,60,75,67.5,,,,,,,,,,,,,,,,,,,,,,,,,,,,,,,,,,,,,,,,,,,,,,,,,1,,,,,,,,,,,,
1302,55,0,0.33,0.165,3.25,5,4.125,0.8,100,50.4,75,90,82.5,,,,,,,,,,,,,,,,,,,,,,,,,,,,,,,,,,,,,,,,,,,,,,,,,1,,,,,,,,,,,,
1303,55,0,0.33,0.165,3.25,5,4.125,0.8,100,50.4,90,105,97.5,,,,,,,,,,,,,,,,,,,,,,,,,,,,,,,,,,,,,,,,,,,,,,,,,1,,,,,,,,,,,,
1304,55,0,0.33,0.165,3.25,5,4.125,0.8,100,50.4,105,120,112.5,,,,,,,,,,,,,,,,,,,,,,,,,,,,,,,,,,,,,,,,,,,,,,,,,1,,,,,,,,,,,,
1305,55,0,0.33,0.165,3.25,5,4.125,0.8,100,50.4,120,135,127.5,,,,,,,,,,,,,,,,,,,,,,,,,,,,,,,,,,,,,,,,,,,,,,,,,1,,,,,,,,,,,,
1306,55,0,0.33,0.165,3.25,5,4.125,0.8,100,50.4,135,150,142.5,,,,,,,,,,,,,,,,,,,,,,,,,,,,,,,,,,,,,,,,,,,,,,,,,1,,,,,,,,,,,,
1307,55,0,0.33,0.165,3.25,5,4.125,0.8,100,50.4,150,165,157.5,,,,,,,,,,,,,,,,,,,,,,,,,,,,,,,,,,,,,,,,,,,,,,,,,1,,,,,,,,,,,,
1308,55,0,0.33,0.165,3.25,5,4.125,0.8,100,50.4,165,180,172.5,,,,,,,,,,,,,,,,,,,,,,,,,,,,,,,,,,,,,,,,,,,,,,,,,1,,,,,,,,,,,,
1309,55,0,0.33,0.165,3.25,5,4.125,0.8,100,50.4,180,195,187.5,,,,,,,,,,,,,,,,,,,,,,,,,,,,,,,,,,,,,,,,,,,,,,,,,1,,,,,,,,,,,,
1310,55,0,0.33,0.165,3.25,5,4.125,0.8,100,50.4,195,210,202.5,,,,,,,,,,,,,,,,,,,,,,,,,,,,,,,,,,,,,,,,,,,,,,,,,1,,,,,,,,,,,,
1311,55,0,0.33,0.165,3.25,5,4.125,0.8,100,50.4,210,225,217.5,,,,,,,,,,,,,,,,,,,,,,,,,,,,,,,,,,,,,,,,,,,,,,,,,1,,,,,,,,,,,,
1312,55,0,0.33,0.165,3.25,5,4.125,0.8,100,50.4,225,240,232.5,,,,,,,,,,,,,,,,,,,,,,,,,,,,,,,,,,,,,,,,,,,,,,,,,1,,,,,,,,,,,,
1313,55,0,0.33,0.165,3.25,5,4.125,0.8,100,50.4,240,255,247.5,,,,,,,,,,,,,,,,,,,,,,,,,,,,,,,,,,,,,,,,,,,,,,,,,1,,,,,,,,,,,,
1314,55,0,0.33,0.165,3.25,5,4.125,0.8,100,50.4,255,270,262.5,,,,,,,,,,,,,,,,,,,,,,,,,,,,,,,,,,,,,,,,,,,,,,,,,1,,,,,,,,,,,,
1315,55,0,0.33,0.165,3.25,5,4.125,0.8,100,50.4,270,285,277.5,,,,,,,,,,,,,,,,,,,,,,,,,,,,,,,,,,,,,,,,,,,,,,,,,1,,,,,,,,,,,,
1316,55,0,0.33,0.165,3.25,5,4.125,0.8,100,50.4,285,300,292.5,,,,,,,,,,,,,,,,,,,,,,,,,,,,,,,,,,,,,,,,,,,,,,,,,1,,,,,,,,,,,,
1317,55,0,0.33,0.165,3.25,5,4.125,0.8,100,50.4,300,315,307.5,,,,,,,,,,,,,,,,,,,,,,,,,,,,,,,,,,,,,,,,,,,,,,,,,1,,,,,,,,,,,,
1318,55,0,0.33,0.165,3.25,5,4.125,0.8,100,50.4,315,330,322.5,,,,,,,,,,,,,,,,,,,,,,,,,,,,,,,,,,,,,,,,,,,,,,,,,1,,,,,,,,,,,,
1319,55,0,0.33,0.165,3.25,5,4.125,0.8,100,50.4,330,345,337.5,,,,,,,,,,,,,,,,,,,,,,,,,,,,,,,,,,,,,,,,,,,,,,,,,1,,,,,,,,,,,,
1320,55,0,0.33,0.165,3.25,5,4.125,0.8,100,50.4,345,360,352.5,,,,,,,,,,,,,,,,,,,,,,,,,,,,,,,,,,,,,,,,,,,,,,,,,1,,,,,,,,,,,,
1321,56,0.33,1,0.665,3.25,5,4.125,0.8,100,50.4,0,15,7.5,,,,,,,,,,,,,,,,,,,,,,,,,,,,,,,,,,,,,,,,,,,,,,,,,1,,,,,,,,,,,,
1322,56,0.33,1,0.665,3.25,5,4.125,0.8,100,50.4,15,30,22.5,,,,,,,,,,,,,,,,,,,,,,,,,,,,,,,,,,,,,,,,,,,,,,,,,1,,,,,,,,,,,,
1323,56,0.33,1,0.665,3.25,5,4.125,0.8,100,50.4,30,45,37.5,,,,,,,,,,,,,,,,,,,,,,,,,,,,,,,,,,,,,,,,,,,,,,,,,1,,,,,,,,,,,,
1324,56,0.33,1,0.665,3.25,5,4.125,0.8,100,50.4,45,60,52.5,,,,,,,,,,,,,,,,,,,,,,,,,,,,,,,,,,,,,,,,,,,,,,,,,1,,,,,,,,,,,,
1325,56,0.33,1,0.665,3.25,5,4.125,0.8,100,50.4,60,75,67.5,,,,,,,,,,,,,,,,,,,,,,,,,,,,,,,,,,,,,,,,,,,,,,,,,1,,,,,,,,,,,,
1326,56,0.33,1,0.665,3.25,5,4.125,0.8,100,50.4,75,90,82.5,,,,,,,,,,,,,,,,,,,,,,,,,,,,,,,,,,,,,,,,,,,,,,,,,1,,,,,,,,,,,,
1327,56,0.33,1,0.665,3.25,5,4.125,0.8,100,50.4,90,105,97.5,,,,,,,,,,,,,,,,,,,,,,,,,,,,,,,,,,,,,,,,,,,,,,,,,1,,,,,,,,,,,,
1328,56,0.33,1,0.665,3.25,5,4.125,0.8,100,50.4,105,120,112.5,,,,,,,,,,,,,,,,,,,,,,,,,,,,,,,,,,,,,,,,,,,,,,,,,1,,,,,,,,,,,,
1329,56,0.33,1,0.665,3.25,5,4.125,0.8,100,50.4,120,135,127.5,,,,,,,,,,,,,,,,,,,,,,,,,,,,,,,,,,,,,,,,,,,,,,,,,1,,,,,,,,,,,,
1330,56,0.33,1,0.665,3.25,5,4.125,0.8,100,50.4,135,150,142.5,,,,,,,,,,,,,,,,,,,,,,,,,,,,,,,,,,,,,,,,,,,,,,,,,1,,,,,,,,,,,,
1331,56,0.33,1,0.665,3.25,5,4.125,0.8,100,50.4,150,165,157.5,,,,,,,,,,,,,,,,,,,,,,,,,,,,,,,,,,,,,,,,,,,,,,,,,1,,,,,,,,,,,,
1332,56,0.33,1,0.665,3.25,5,4.125,0.8,100,50.4,165,180,172.5,,,,,,,,,,,,,,,,,,,,,,,,,,,,,,,,,,,,,,,,,,,,,,,,,1,,,,,,,,,,,,
1333,56,0.33,1,0.665,3.25,5,4.125,0.8,100,50.4,180,195,187.5,,,,,,,,,,,,,,,,,,,,,,,,,,,,,,,,,,,,,,,,,,,,,,,,,1,,,,,,,,,,,,
1334,56,0.33,1,0.665,3.25,5,4.125,0.8,100,50.4,195,210,202.5,,,,,,,,,,,,,,,,,,,,,,,,,,,,,,,,,,,,,,,,,,,,,,,,,1,,,,,,,,,,,,
1335,56,0.33,1,0.665,3.25,5,4.125,0.8,100,50.4,210,225,217.5,,,,,,,,,,,,,,,,,,,,,,,,,,,,,,,,,,,,,,,,,,,,,,,,,1,,,,,,,,,,,,
1336,56,0.33,1,0.665,3.25,5,4.125,0.8,100,50.4,225,240,232.5,,,,,,,,,,,,,,,,,,,,,,,,,,,,,,,,,,,,,,,,,,,,,,,,,1,,,,,,,,,,,,
1337,56,0.33,1,0.665,3.25,5,4.125,0.8,100,50.4,240,255,247.5,,,,,,,,,,,,,,,,,,,,,,,,,,,,,,,,,,,,,,,,,,,,,,,,,1,,,,,,,,,,,,
1338,56,0.33,1,0.665,3.25,5,4.125,0.8,100,50.4,255,270,262.5,,,,,,,,,,,,,,,,,,,,,,,,,,,,,,,,,,,,,,,,,,,,,,,,,1,,,,,,,,,,,,
1339,56,0.33,1,0.665,3.25,5,4.125,0.8,100,50.4,270,285,277.5,,,,,,,,,,,,,,,,,,,,,,,,,,,,,,,,,,,,,,,,,,,,,,,,,1,,,,,,,,,,,,
1340,56,0.33,1,0.665,3.25,5,4.125,0.8,100,50.4,285,300,292.5,,,,,,,,,,,,,,,,,,,,,,,,,,,,,,,,,,,,,,,,,,,,,,,,,1,,,,,,,,,,,,
1341,56,0.33,1,0.665,3.25,5,4.125,0.8,100,50.4,300,315,307.5,,,,,,,,,,,,,,,,,,,,,,,,,,,,,,,,,,,,,,,,,,,,,,,,,1,,,,,,,,,,,,
1342,56,0.33,1,0.665,3.25,5,4.125,0.8,100,50.4,315,330,322.5,,,,,,,,,,,,,,,,,,,,,,,,,,,,,,,,,,,,,,,,,,,,,,,,,1,,,,,,,,,,,,
1343,56,0.33,1,0.665,3.25,5,4.125,0.8,100,50.4,330,345,337.5,,,,,,,,,,,,,,,,,,,,,,,,,,,,,,,,,,,,,,,,,,,,,,,,,1,,,,,,,,,,,,
1344,56,0.33,1,0.665,3.25,5,4.125,0.8,100,50.4,345,360,352.5,,,,,,,,,,,,,,,,,,,,,,,,,,,,,,,,,,,,,,,,,,,,,,,,,1,,,,,,,,,,,,
1345,57,0,0.55,0.275,5,100,52.5,0,0.2,0.1,0,15,7.5,,,,,,,,,,,,,,,,,,,,,,,,,,,,,,,,,,,,,,,,,,,,,,,,,1,,,,,,,,,,,,
1346,57,0,0.55,0.275,5,100,52.5,0,0.2,0.1,15,30,22.5,,,,,,,,,,,,,,,,,,,,,,,,,,,,,,,,,,,,,,,,,,,,,,,,,1,,,,,,,,,,,,
1347,57,0,0.55,0.275,5,100,52.5,0,0.2,0.1,30,45,37.5,,,,,,,,,,,,,,,,,,,,,,,,,,,,,,,,,,,,,,,,,,,,,,,,,1,,,,,,,,,,,,
1348,57,0,0.55,0.275,5,100,52.5,0,0.2,0.1,45,60,52.5,,,,,,,,,,,,,,,,,,,,,,,,,,,,,,,,,,,,,,,,,,,,,,,,,1,,,,,,,,,,,,
1349,57,0,0.55,0.275,5,100,52.5,0,0.2,0.1,60,75,67.5,,,,,,,,,,,,,,,,,,,,,,,,,,,,,,,,,,,,,,,,,,,,,,,,,1,,,,,,,,,,,,
1350,57,0,0.55,0.275,5,100,52.5,0,0.2,0.1,75,90,82.5,,,,,,,,,,,,,,,,,,,,,,,,,,,,,,,,,,,,,,,,,,,,,,,,,1,,,,,,,,,,,,
1351,57,0,0.55,0.275,5,100,52.5,0,0.2,0.1,90,105,97.5,,,,,,,,,,,,,,,,,,,,,,,,,,,,,,,,,,,,,,,,,,,,,,,,,1,,,,,,,,,,,,
1352,57,0,0.55,0.275,5,100,52.5,0,0.2,0.1,105,120,112.5,,,,,,,,,,,,,,,,,,,,,,,,,,,,,,,,,,,,,,,,,,,,,,,,,1,,,,,,,,,,,,
1353,57,0,0.55,0.275,5,100,52.5,0,0.2,0.1,120,135,127.5,,,,,,,,,,,,,,,,,,,,,,,,,,,,,,,,,,,,,,,,,,,,,,,,,1,,,,,,,,,,,,
1354,57,0,0.55,0.275,5,100,52.5,0,0.2,0.1,135,150,142.5,,,,,,,,,,,,,,,,,,,,,,,,,,,,,,,,,,,,,,,,,,,,,,,,,1,,,,,,,,,,,,
1355,57,0,0.55,0.275,5,100,52.5,0,0.2,0.1,150,165,157.5,,,,,,,,,,,,,,,,,,,,,,,,,,,,,,,,,,,,,,,,,,,,,,,,,1,,,,,,,,,,,,
1356,57,0,0.55,0.275,5,100,52.5,0,0.2,0.1,165,180,172.5,,,,,,,,,,,,,,,,,,,,,,,,,,,,,,,,,,,,,,,,,,,,,,,,,1,,,,,,,,,,,,
1357,57,0,0.55,0.275,5,100,52.5,0,0.2,0.1,180,195,187.5,,,,,,,,,,,,,,,,,,,,,,,,,,,,,,,,,,,,,,,,,,,,,,,,,1,,,,,,,,,,,,
1358,57,0,0.55,0.275,5,100,52.5,0,0.2,0.1,195,210,202.5,,,,,,,,,,,,,,,,,,,,,,,,,,,,,,,,,,,,,,,,,,,,,,,,,1,,,,,,,,,,,,
1359,57,0,0.55,0.275,5,100,52.5,0,0.2,0.1,210,225,217.5,,,,,,,,,,,,,,,,,,,,,,,,,,,,,,,,,,,,,,,,,,,,,,,,,1,,,,,,,,,,,,
1360,57,0,0.55,0.275,5,100,52.5,0,0.2,0.1,225,240,232.5,,,,,,,,,,,,,,,,,,,,,,,,,,,,,,,,,,,,,,,,,,,,,,,,,1,,,,,,,,,,,,
1361,57,0,0.55,0.275,5,100,52.5,0,0.2,0.1,240,255,247.5,,,,,,,,,,,,,,,,,,,,,,,,,,,,,,,,,,,,,,,,,,,,,,,,,1,,,,,,,,,,,,
1362,57,0,0.55,0.275,5,100,52.5,0,0.2,0.1,255,270,262.5,,,,,,,,,,,,,,,,,,,,,,,,,,,,,,,,,,,,,,,,,,,,,,,,,1,,,,,,,,,,,,
1363,57,0,0.55,0.275,5,100,52.5,0,0.2,0.1,270,285,277.5,,,,,,,,,,,,,,,,,,,,,,,,,,,,,,,,,,,,,,,,,,,,,,,,,1,,,,,,,,,,,,
1364,57,0,0.55,0.275,5,100,52.5,0,0.2,0.1,285,300,292.5,,,,,,,,,,,,,,,,,,,,,,,,,,,,,,,,,,,,,,,,,,,,,,,,,1,,,,,,,,,,,,
1365,57,0,0.55,0.275,5,100,52.5,0,0.2,0.1,300,315,307.5,,,,,,,,,,,,,,,,,,,,,,,,,,,,,,,,,,,,,,,,,,,,,,,,,1,,,,,,,,,,,,
1366,57,0,0.55,0.275,5,100,52.5,0,0.2,0.1,315,330,322.5,,,,,,,,,,,,,,,,,,,,,,,,,,,,,,,,,,,,,,,,,,,,,,,,,1,,,,,,,,,,,,
1367,57,0,0.55,0.275,5,100,52.5,0,0.2,0.1,330,345,337.5,,,,,,,,,,,,,,,,,,,,,,,,,,,,,,,,,,,,,,,,,,,,,,,,,1,,,,,,,,,,,,
1368,57,0,0.55,0.275,5,100,52.5,0,0.2,0.1,345,360,352.5,,,,,,,,,,,,,,,,,,,,,,,,,,,,,,,,,,,,,,,,,,,,,,,,,1,,,,,,,,,,,,
1369,58,0.55,1,0.775,5,100,52.5,0,0.2,0.1,0,15,7.5,,,,,,,,,,,,,,,,,,,,,,,,,,,,,,,,,,,,,,,,,,,,,,,,,1,,,,,,,,,,,,
1370,58,0.55,1,0.775,5,100,52.5,0,0.2,0.1,15,30,22.5,,,,,,,,,,,,,,,,,,,,,,,,,,,,,,,,,,,,,,,,,,,,,,,,,1,,,,,,,,,,,,
1371,58,0.55,1,0.775,5,100,52.5,0,0.2,0.1,30,45,37.5,,,,,,,,,,,,,,,,,,,,,,,,,,,,,,,,,,,,,,,,,,,,,,,,,1,,,,,,,,,,,,
1372,58,0.55,1,0.775,5,100,52.5,0,0.2,0.1,45,60,52.5,,,,,,,,,,,,,,,,,,,,,,,,,,,,,,,,,,,,,,,,,,,,,,,,,1,,,,,,,,,,,,
1373,58,0.55,1,0.775,5,100,52.5,0,0.2,0.1,60,75,67.5,,,,,,,,,,,,,,,,,,,,,,,,,,,,,,,,,,,,,,,,,,,,,,,,,1,,,,,,,,,,,,
1374,58,0.55,1,0.775,5,100,52.5,0,0.2,0.1,75,90,82.5,,,,,,,,,,,,,,,,,,,,,,,,,,,,,,,,,,,,,,,,,,,,,,,,,1,,,,,,,,,,,,
1375,58,0.55,1,0.775,5,100,52.5,0,0.2,0.1,90,105,97.5,,,,,,,,,,,,,,,,,,,,,,,,,,,,,,,,,,,,,,,,,,,,,,,,,1,,,,,,,,,,,,
1376,58,0.55,1,0.775,5,100,52.5,0,0.2,0.1,105,120,112.5,,,,,,,,,,,,,,,,,,,,,,,,,,,,,,,,,,,,,,,,,,,,,,,,,1,,,,,,,,,,,,
1377,58,0.55,1,0.775,5,100,52.5,0,0.2,0.1,120,135,127.5,,,,,,,,,,,,,,,,,,,,,,,,,,,,,,,,,,,,,,,,,,,,,,,,,1,,,,,,,,,,,,
1378,58,0.55,1,0.775,5,100,52.5,0,0.2,0.1,135,150,142.5,,,,,,,,,,,,,,,,,,,,,,,,,,,,,,,,,,,,,,,,,,,,,,,,,1,,,,,,,,,,,,
1379,58,0.55,1,0.775,5,100,52.5,0,0.2,0.1,150,165,157.5,,,,,,,,,,,,,,,,,,,,,,,,,,,,,,,,,,,,,,,,,,,,,,,,,1,,,,,,,,,,,,
1380,58,0.55,1,0.775,5,100,52.5,0,0.2,0.1,165,180,172.5,,,,,,,,,,,,,,,,,,,,,,,,,,,,,,,,,,,,,,,,,,,,,,,,,1,,,,,,,,,,,,
1381,58,0.55,1,0.775,5,100,52.5,0,0.2,0.1,180,195,187.5,,,,,,,,,,,,,,,,,,,,,,,,,,,,,,,,,,,,,,,,,,,,,,,,,1,,,,,,,,,,,,
1382,58,0.55,1,0.775,5,100,52.5,0,0.2,0.1,195,210,202.5,,,,,,,,,,,,,,,,,,,,,,,,,,,,,,,,,,,,,,,,,,,,,,,,,1,,,,,,,,,,,,
1383,58,0.55,1,0.775,5,100,52.5,0,0.2,0.1,210,225,217.5,,,,,,,,,,,,,,,,,,,,,,,,,,,,,,,,,,,,,,,,,,,,,,,,,1,,,,,,,,,,,,
1384,58,0.55,1,0.775,5,100,52.5,0,0.2,0.1,225,240,232.5,,,,,,,,,,,,,,,,,,,,,,,,,,,,,,,,,,,,,,,,,,,,,,,,,1,,,,,,,,,,,,
1385,58,0.55,1,0.775,5,100,52.5,0,0.2,0.1,240,255,247.5,,,,,,,,,,,,,,,,,,,,,,,,,,,,,,,,,,,,,,,,,,,,,,,,,1,,,,,,,,,,,,
1386,58,0.55,1,0.775,5,100,52.5,0,0.2,0.1,255,270,262.5,,,,,,,,,,,,,,,,,,,,,,,,,,,,,,,,,,,,,,,,,,,,,,,,,1,,,,,,,,,,,,
1387,58,0.55,1,0.775,5,100,52.5,0,0.2,0.1,270,285,277.5,,,,,,,,,,,,,,,,,,,,,,,,,,,,,,,,,,,,,,,,,,,,,,,,,1,,,,,,,,,,,,
1388,58,0.55,1,0.775,5,100,52.5,0,0.2,0.1,285,300,292.5,,,,,,,,,,,,,,,,,,,,,,,,,,,,,,,,,,,,,,,,,,,,,,,,,1,,,,,,,,,,,,
1389,58,0.55,1,0.775,5,100,52.5,0,0.2,0.1,300,315,307.5,,,,,,,,,,,,,,,,,,,,,,,,,,,,,,,,,,,,,,,,,,,,,,,,,1,,,,,,,,,,,,
1390,58,0.55,1,0.775,5,100,52.5,0,0.2,0.1,315,330,322.5,,,,,,,,,,,,,,,,,,,,,,,,,,,,,,,,,,,,,,,,,,,,,,,,,1,,,,,,,,,,,,
1391,58,0.55,1,0.775,5,100,52.5,0,0.2,0.1,330,345,337.5,,,,,,,,,,,,,,,,,,,,,,,,,,,,,,,,,,,,,,,,,,,,,,,,,1,,,,,,,,,,,,
1392,58,0.55,1,0.775,5,100,52.5,0,0.2,0.1,345,360,352.5,,,,,,,,,,,,,,,,,,,,,,,,,,,,,,,,,,,,,,,,,,,,,,,,,1,,,,,,,,,,,,
1393,59,0,0.55,0.275,5,100,52.5,0.2,0.4,0.3,0,15,7.5,,,,,,,,,,,,,,,,,,,,,,,,,,,,,,,,,,,,,,,,,,,,,,,,,1,,,,,,,,,,,,
1394,59,0,0.55,0.275,5,100,52.5,0.2,0.4,0.3,15,30,22.5,,,,,,,,,,,,,,,,,,,,,,,,,,,,,,,,,,,,,,,,,,,,,,,,,1,,,,,,,,,,,,
1395,59,0,0.55,0.275,5,100,52.5,0.2,0.4,0.3,30,45,37.5,,,,,,,,,,,,,,,,,,,,,,,,,,,,,,,,,,,,,,,,,,,,,,,,,1,,,,,,,,,,,,
1396,59,0,0.55,0.275,5,100,52.5,0.2,0.4,0.3,45,60,52.5,,,,,,,,,,,,,,,,,,,,,,,,,,,,,,,,,,,,,,,,,,,,,,,,,1,,,,,,,,,,,,
1397,59,0,0.55,0.275,5,100,52.5,0.2,0.4,0.3,60,75,67.5,,,,,,,,,,,,,,,,,,,,,,,,,,,,,,,,,,,,,,,,,,,,,,,,,1,,,,,,,,,,,,
1398,59,0,0.55,0.275,5,100,52.5,0.2,0.4,0.3,75,90,82.5,,,,,,,,,,,,,,,,,,,,,,,,,,,,,,,,,,,,,,,,,,,,,,,,,1,,,,,,,,,,,,
1399,59,0,0.55,0.275,5,100,52.5,0.2,0.4,0.3,90,105,97.5,,,,,,,,,,,,,,,,,,,,,,,,,,,,,,,,,,,,,,,,,,,,,,,,,1,,,,,,,,,,,,
1400,59,0,0.55,0.275,5,100,52.5,0.2,0.4,0.3,105,120,112.5,,,,,,,,,,,,,,,,,,,,,,,,,,,,,,,,,,,,,,,,,,,,,,,,,1,,,,,,,,,,,,
1401,59,0,0.55,0.275,5,100,52.5,0.2,0.4,0.3,120,135,127.5,,,,,,,,,,,,,,,,,,,,,,,,,,,,,,,,,,,,,,,,,,,,,,,,,1,,,,,,,,,,,,
1402,59,0,0.55,0.275,5,100,52.5,0.2,0.4,0.3,135,150,142.5,,,,,,,,,,,,,,,,,,,,,,,,,,,,,,,,,,,,,,,,,,,,,,,,,1,,,,,,,,,,,,
1403,59,0,0.55,0.275,5,100,52.5,0.2,0.4,0.3,150,165,157.5,,,,,,,,,,,,,,,,,,,,,,,,,,,,,,,,,,,,,,,,,,,,,,,,,1,,,,,,,,,,,,
1404,59,0,0.55,0.275,5,100,52.5,0.2,0.4,0.3,165,180,172.5,,,,,,,,,,,,,,,,,,,,,,,,,,,,,,,,,,,,,,,,,,,,,,,,,1,,,,,,,,,,,,
1405,59,0,0.55,0.275,5,100,52.5,0.2,0.4,0.3,180,195,187.5,,,,,,,,,,,,,,,,,,,,,,,,,,,,,,,,,,,,,,,,,,,,,,,,,1,,,,,,,,,,,,
1406,59,0,0.55,0.275,5,100,52.5,0.2,0.4,0.3,195,210,202.5,,,,,,,,,,,,,,,,,,,,,,,,,,,,,,,,,,,,,,,,,,,,,,,,,1,,,,,,,,,,,,
1407,59,0,0.55,0.275,5,100,52.5,0.2,0.4,0.3,210,225,217.5,,,,,,,,,,,,,,,,,,,,,,,,,,,,,,,,,,,,,,,,,,,,,,,,,1,,,,,,,,,,,,
1408,59,0,0.55,0.275,5,100,52.5,0.2,0.4,0.3,225,240,232.5,,,,,,,,,,,,,,,,,,,,,,,,,,,,,,,,,,,,,,,,,,,,,,,,,1,,,,,,,,,,,,
1409,59,0,0.55,0.275,5,100,52.5,0.2,0.4,0.3,240,255,247.5,,,,,,,,,,,,,,,,,,,,,,,,,,,,,,,,,,,,,,,,,,,,,,,,,1,,,,,,,,,,,,
1410,59,0,0.55,0.275,5,100,52.5,0.2,0.4,0.3,255,270,262.5,,,,,,,,,,,,,,,,,,,,,,,,,,,,,,,,,,,,,,,,,,,,,,,,,1,,,,,,,,,,,,
1411,59,0,0.55,0.275,5,100,52.5,0.2,0.4,0.3,270,285,277.5,,,,,,,,,,,,,,,,,,,,,,,,,,,,,,,,,,,,,,,,,,,,,,,,,1,,,,,,,,,,,,
1412,59,0,0.55,0.275,5,100,52.5,0.2,0.4,0.3,285,300,292.5,,,,,,,,,,,,,,,,,,,,,,,,,,,,,,,,,,,,,,,,,,,,,,,,,1,,,,,,,,,,,,
1413,59,0,0.55,0.275,5,100,52.5,0.2,0.4,0.3,300,315,307.5,,,,,,,,,,,,,,,,,,,,,,,,,,,,,,,,,,,,,,,,,,,,,,,,,1,,,,,,,,,,,,
1414,59,0,0.55,0.275,5,100,52.5,0.2,0.4,0.3,315,330,322.5,,,,,,,,,,,,,,,,,,,,,,,,,,,,,,,,,,,,,,,,,,,,,,,,,1,,,,,,,,,,,,
1415,59,0,0.55,0.275,5,100,52.5,0.2,0.4,0.3,330,345,337.5,,,,,,,,,,,,,,,,,,,,,,,,,,,,,,,,,,,,,,,,,,,,,,,,,1,,,,,,,,,,,,
1416,59,0,0.55,0.275,5,100,52.5,0.2,0.4,0.3,345,360,352.5,,,,,,,,,,,,,,,,,,,,,,,,,,,,,,,,,,,,,,,,,,,,,,,,,1,,,,,,,,,,,,
1417,60,0.55,1,0.775,5,100,52.5,0.2,0.4,0.3,0,15,7.5,,,,,,,,,,,,,,,,,,,,,,,,,,,,,,,,,,,,,,,,,,,,,,,,,1,,,,,,,,,,,,
1418,60,0.55,1,0.775,5,100,52.5,0.2,0.4,0.3,15,30,22.5,,,,,,,,,,,,,,,,,,,,,,,,,,,,,,,,,,,,,,,,,,,,,,,,,1,,,,,,,,,,,,
1419,60,0.55,1,0.775,5,100,52.5,0.2,0.4,0.3,30,45,37.5,,,,,,,,,,,,,,,,,,,,,,,,,,,,,,,,,,,,,,,,,,,,,,,,,1,,,,,,,,,,,,
1420,60,0.55,1,0.775,5,100,52.5,0.2,0.4,0.3,45,60,52.5,,,,,,,,,,,,,,,,,,,,,,,,,,,,,,,,,,,,,,,,,,,,,,,,,1,,,,,,,,,,,,
1421,60,0.55,1,0.775,5,100,52.5,0.2,0.4,0.3,60,75,67.5,,,,,,,,,,,,,,,,,,,,,,,,,,,,,,,,,,,,,,,,,,,,,,,,,1,,,,,,,,,,,,
1422,60,0.55,1,0.775,5,100,52.5,0.2,0.4,0.3,75,90,82.5,,,,,,,,,,,,,,,,,,,,,,,,,,,,,,,,,,,,,,,,,,,,,,,,,1,,,,,,,,,,,,
1423,60,0.55,1,0.775,5,100,52.5,0.2,0.4,0.3,90,105,97.5,,,,,,,,,,,,,,,,,,,,,,,,,,,,,,,,,,,,,,,,,,,,,,,,,1,,,,,,,,,,,,
1424,60,0.55,1,0.775,5,100,52.5,0.2,0.4,0.3,105,120,112.5,,,,,,,,,,,,,,,,,,,,,,,,,,,,,,,,,,,,,,,,,,,,,,,,,1,,,,,,,,,,,,
1425,60,0.55,1,0.775,5,100,52.5,0.2,0.4,0.3,120,135,127.5,,,,,,,,,,,,,,,,,,,,,,,,,,,,,,,,,,,,,,,,,,,,,,,,,1,,,,,,,,,,,,
1426,60,0.55,1,0.775,5,100,52.5,0.2,0.4,0.3,135,150,142.5,,,,,,,,,,,,,,,,,,,,,,,,,,,,,,,,,,,,,,,,,,,,,,,,,1,,,,,,,,,,,,
1427,60,0.55,1,0.775,5,100,52.5,0.2,0.4,0.3,150,165,157.5,,,,,,,,,,,,,,,,,,,,,,,,,,,,,,,,,,,,,,,,,,,,,,,,,1,,,,,,,,,,,,
1428,60,0.55,1,0.775,5,100,52.5,0.2,0.4,0.3,165,180,172.5,,,,,,,,,,,,,,,,,,,,,,,,,,,,,,,,,,,,,,,,,,,,,,,,,1,,,,,,,,,,,,
1429,60,0.55,1,0.775,5,100,52.5,0.2,0.4,0.3,180,195,187.5,,,,,,,,,,,,,,,,,,,,,,,,,,,,,,,,,,,,,,,,,,,,,,,,,1,,,,,,,,,,,,
1430,60,0.55,1,0.775,5,100,52.5,0.2,0.4,0.3,195,210,202.5,,,,,,,,,,,,,,,,,,,,,,,,,,,,,,,,,,,,,,,,,,,,,,,,,1,,,,,,,,,,,,
1431,60,0.55,1,0.775,5,100,52.5,0.2,0.4,0.3,210,225,217.5,,,,,,,,,,,,,,,,,,,,,,,,,,,,,,,,,,,,,,,,,,,,,,,,,1,,,,,,,,,,,,
1432,60,0.55,1,0.775,5,100,52.5,0.2,0.4,0.3,225,240,232.5,,,,,,,,,,,,,,,,,,,,,,,,,,,,,,,,,,,,,,,,,,,,,,,,,1,,,,,,,,,,,,
1433,60,0.55,1,0.775,5,100,52.5,0.2,0.4,0.3,240,255,247.5,,,,,,,,,,,,,,,,,,,,,,,,,,,,,,,,,,,,,,,,,,,,,,,,,1,,,,,,,,,,,,
1434,60,0.55,1,0.775,5,100,52.5,0.2,0.4,0.3,255,270,262.5,,,,,,,,,,,,,,,,,,,,,,,,,,,,,,,,,,,,,,,,,,,,,,,,,1,,,,,,,,,,,,
1435,60,0.55,1,0.775,5,100,52.5,0.2,0.4,0.3,270,285,277.5,,,,,,,,,,,,,,,,,,,,,,,,,,,,,,,,,,,,,,,,,,,,,,,,,1,,,,,,,,,,,,
1436,60,0.55,1,0.775,5,100,52.5,0.2,0.4,0.3,285,300,292.5,,,,,,,,,,,,,,,,,,,,,,,,,,,,,,,,,,,,,,,,,,,,,,,,,1,,,,,,,,,,,,
1437,60,0.55,1,0.775,5,100,52.5,0.2,0.4,0.3,300,315,307.5,,,,,,,,,,,,,,,,,,,,,,,,,,,,,,,,,,,,,,,,,,,,,,,,,1,,,,,,,,,,,,
1438,60,0.55,1,0.775,5,100,52.5,0.2,0.4,0.3,315,330,322.5,,,,,,,,,,,,,,,,,,,,,,,,,,,,,,,,,,,,,,,,,,,,,,,,,1,,,,,,,,,,,,
1439,60,0.55,1,0.775,5,100,52.5,0.2,0.4,0.3,330,345,337.5,,,,,,,,,,,,,,,,,,,,,,,,,,,,,,,,,,,,,,,,,,,,,,,,,1,,,,,,,,,,,,
1440,60,0.55,1,0.775,5,100,52.5,0.2,0.4,0.3,345,360,352.5,,,,,,,,,,,,,,,,,,,,,,,,,,,,,,,,,,,,,,,,,,,,,,,,,1,,,,,,,,,,,,
1441,61,0,0.55,0.275,5,100,52.5,0.4,0.8,0.6,0,15,7.5,,,,,,,,,,,,,,,,,,,,,,,,,,,,,,,,,,,,,,,,,,,,,,,,,1,,,,,,,,,,,,
1442,61,0,0.55,0.275,5,100,52.5,0.4,0.8,0.6,15,30,22.5,,,,,,,,,,,,,,,,,,,,,,,,,,,,,,,,,,,,,,,,,,,,,,,,,1,,,,,,,,,,,,
1443,61,0,0.55,0.275,5,100,52.5,0.4,0.8,0.6,30,45,37.5,,,,,,,,,,,,,,,,,,,,,,,,,,,,,,,,,,,,,,,,,,,,,,,,,1,,,,,,,,,,,,
1444,61,0,0.55,0.275,5,100,52.5,0.4,0.8,0.6,45,60,52.5,,,,,,,,,,,,,,,,,,,,,,,,,,,,,,,,,,,,,,,,,,,,,,,,,1,,,,,,,,,,,,
1445,61,0,0.55,0.275,5,100,52.5,0.4,0.8,0.6,60,75,67.5,,,,,,,,,,,,,,,,,,,,,,,,,,,,,,,,,,,,,,,,,,,,,,,,,1,,,,,,,,,,,,
1446,61,0,0.55,0.275,5,100,52.5,0.4,0.8,0.6,75,90,82.5,,,,,,,,,,,,,,,,,,,,,,,,,,,,,,,,,,,,,,,,,,,,,,,,,1,,,,,,,,,,,,
1447,61,0,0.55,0.275,5,100,52.5,0.4,0.8,0.6,90,105,97.5,,,,,,,,,,,,,,,,,,,,,,,,,,,,,,,,,,,,,,,,,,,,,,,,,1,,,,,,,,,,,,
1448,61,0,0.55,0.275,5,100,52.5,0.4,0.8,0.6,105,120,112.5,,,,,,,,,,,,,,,,,,,,,,,,,,,,,,,,,,,,,,,,,,,,,,,,,1,,,,,,,,,,,,
1449,61,0,0.55,0.275,5,100,52.5,0.4,0.8,0.6,120,135,127.5,,,,,,,,,,,,,,,,,,,,,,,,,,,,,,,,,,,,,,,,,,,,,,,,,1,,,,,,,,,,,,
1450,61,0,0.55,0.275,5,100,52.5,0.4,0.8,0.6,135,150,142.5,,,,,,,,,,,,,,,,,,,,,,,,,,,,,,,,,,,,,,,,,,,,,,,,,1,,,,,,,,,,,,
1451,61,0,0.55,0.275,5,100,52.5,0.4,0.8,0.6,150,165,157.5,,,,,,,,,,,,,,,,,,,,,,,,,,,,,,,,,,,,,,,,,,,,,,,,,1,,,,,,,,,,,,
1452,61,0,0.55,0.275,5,100,52.5,0.4,0.8,0.6,165,180,172.5,,,,,,,,,,,,,,,,,,,,,,,,,,,,,,,,,,,,,,,,,,,,,,,,,1,,,,,,,,,,,,
1453,61,0,0.55,0.275,5,100,52.5,0.4,0.8,0.6,180,195,187.5,,,,,,,,,,,,,,,,,,,,,,,,,,,,,,,,,,,,,,,,,,,,,,,,,1,,,,,,,,,,,,
1454,61,0,0.55,0.275,5,100,52.5,0.4,0.8,0.6,195,210,202.5,,,,,,,,,,,,,,,,,,,,,,,,,,,,,,,,,,,,,,,,,,,,,,,,,1,,,,,,,,,,,,
1455,61,0,0.55,0.275,5,100,52.5,0.4,0.8,0.6,210,225,217.5,,,,,,,,,,,,,,,,,,,,,,,,,,,,,,,,,,,,,,,,,,,,,,,,,1,,,,,,,,,,,,
1456,61,0,0.55,0.275,5,100,52.5,0.4,0.8,0.6,225,240,232.5,,,,,,,,,,,,,,,,,,,,,,,,,,,,,,,,,,,,,,,,,,,,,,,,,1,,,,,,,,,,,,
1457,61,0,0.55,0.275,5,100,52.5,0.4,0.8,0.6,240,255,247.5,,,,,,,,,,,,,,,,,,,,,,,,,,,,,,,,,,,,,,,,,,,,,,,,,1,,,,,,,,,,,,
1458,61,0,0.55,0.275,5,100,52.5,0.4,0.8,0.6,255,270,262.5,,,,,,,,,,,,,,,,,,,,,,,,,,,,,,,,,,,,,,,,,,,,,,,,,1,,,,,,,,,,,,
1459,61,0,0.55,0.275,5,100,52.5,0.4,0.8,0.6,270,285,277.5,,,,,,,,,,,,,,,,,,,,,,,,,,,,,,,,,,,,,,,,,,,,,,,,,1,,,,,,,,,,,,
1460,61,0,0.55,0.275,5,100,52.5,0.4,0.8,0.6,285,300,292.5,,,,,,,,,,,,,,,,,,,,,,,,,,,,,,,,,,,,,,,,,,,,,,,,,1,,,,,,,,,,,,
1461,61,0,0.55,0.275,5,100,52.5,0.4,0.8,0.6,300,315,307.5,,,,,,,,,,,,,,,,,,,,,,,,,,,,,,,,,,,,,,,,,,,,,,,,,1,,,,,,,,,,,,
1462,61,0,0.55,0.275,5,100,52.5,0.4,0.8,0.6,315,330,322.5,,,,,,,,,,,,,,,,,,,,,,,,,,,,,,,,,,,,,,,,,,,,,,,,,1,,,,,,,,,,,,
1463,61,0,0.55,0.275,5,100,52.5,0.4,0.8,0.6,330,345,337.5,,,,,,,,,,,,,,,,,,,,,,,,,,,,,,,,,,,,,,,,,,,,,,,,,1,,,,,,,,,,,,
1464,61,0,0.55,0.275,5,100,52.5,0.4,0.8,0.6,345,360,352.5,,,,,,,,,,,,,,,,,,,,,,,,,,,,,,,,,,,,,,,,,,,,,,,,,1,,,,,,,,,,,,
1465,62,0.55,1,0.775,5,100,52.5,0.4,0.8,0.6,0,15,7.5,,,,,,,,,,,,,,,,,,,,,,,,,,,,,,,,,,,,,,,,,,,,,,,,,1,,,,,,,,,,,,
1466,62,0.55,1,0.775,5,100,52.5,0.4,0.8,0.6,15,30,22.5,,,,,,,,,,,,,,,,,,,,,,,,,,,,,,,,,,,,,,,,,,,,,,,,,1,,,,,,,,,,,,
1467,62,0.55,1,0.775,5,100,52.5,0.4,0.8,0.6,30,45,37.5,,,,,,,,,,,,,,,,,,,,,,,,,,,,,,,,,,,,,,,,,,,,,,,,,1,,,,,,,,,,,,
1468,62,0.55,1,0.775,5,100,52.5,0.4,0.8,0.6,45,60,52.5,,,,,,,,,,,,,,,,,,,,,,,,,,,,,,,,,,,,,,,,,,,,,,,,,1,,,,,,,,,,,,
1469,62,0.55,1,0.775,5,100,52.5,0.4,0.8,0.6,60,75,67.5,,,,,,,,,,,,,,,,,,,,,,,,,,,,,,,,,,,,,,,,,,,,,,,,,1,,,,,,,,,,,,
1470,62,0.55,1,0.775,5,100,52.5,0.4,0.8,0.6,75,90,82.5,,,,,,,,,,,,,,,,,,,,,,,,,,,,,,,,,,,,,,,,,,,,,,,,,1,,,,,,,,,,,,
1471,62,0.55,1,0.775,5,100,52.5,0.4,0.8,0.6,90,105,97.5,,,,,,,,,,,,,,,,,,,,,,,,,,,,,,,,,,,,,,,,,,,,,,,,,1,,,,,,,,,,,,
1472,62,0.55,1,0.775,5,100,52.5,0.4,0.8,0.6,105,120,112.5,,,,,,,,,,,,,,,,,,,,,,,,,,,,,,,,,,,,,,,,,,,,,,,,,1,,,,,,,,,,,,
1473,62,0.55,1,0.775,5,100,52.5,0.4,0.8,0.6,120,135,127.5,,,,,,,,,,,,,,,,,,,,,,,,,,,,,,,,,,,,,,,,,,,,,,,,,1,,,,,,,,,,,,
1474,62,0.55,1,0.775,5,100,52.5,0.4,0.8,0.6,135,150,142.5,,,,,,,,,,,,,,,,,,,,,,,,,,,,,,,,,,,,,,,,,,,,,,,,,1,,,,,,,,,,,,
1475,62,0.55,1,0.775,5,100,52.5,0.4,0.8,0.6,150,165,157.5,,,,,,,,,,,,,,,,,,,,,,,,,,,,,,,,,,,,,,,,,,,,,,,,,1,,,,,,,,,,,,
1476,62,0.55,1,0.775,5,100,52.5,0.4,0.8,0.6,165,180,172.5,,,,,,,,,,,,,,,,,,,,,,,,,,,,,,,,,,,,,,,,,,,,,,,,,1,,,,,,,,,,,,
1477,62,0.55,1,0.775,5,100,52.5,0.4,0.8,0.6,180,195,187.5,,,,,,,,,,,,,,,,,,,,,,,,,,,,,,,,,,,,,,,,,,,,,,,,,1,,,,,,,,,,,,
1478,62,0.55,1,0.775,5,100,52.5,0.4,0.8,0.6,195,210,202.5,,,,,,,,,,,,,,,,,,,,,,,,,,,,,,,,,,,,,,,,,,,,,,,,,1,,,,,,,,,,,,
1479,62,0.55,1,0.775,5,100,52.5,0.4,0.8,0.6,210,225,217.5,,,,,,,,,,,,,,,,,,,,,,,,,,,,,,,,,,,,,,,,,,,,,,,,,1,,,,,,,,,,,,
1480,62,0.55,1,0.775,5,100,52.5,0.4,0.8,0.6,225,240,232.5,,,,,,,,,,,,,,,,,,,,,,,,,,,,,,,,,,,,,,,,,,,,,,,,,1,,,,,,,,,,,,
1481,62,0.55,1,0.775,5,100,52.5,0.4,0.8,0.6,240,255,247.5,,,,,,,,,,,,,,,,,,,,,,,,,,,,,,,,,,,,,,,,,,,,,,,,,1,,,,,,,,,,,,
1482,62,0.55,1,0.775,5,100,52.5,0.4,0.8,0.6,255,270,262.5,,,,,,,,,,,,,,,,,,,,,,,,,,,,,,,,,,,,,,,,,,,,,,,,,1,,,,,,,,,,,,
1483,62,0.55,1,0.775,5,100,52.5,0.4,0.8,0.6,270,285,277.5,,,,,,,,,,,,,,,,,,,,,,,,,,,,,,,,,,,,,,,,,,,,,,,,,1,,,,,,,,,,,,
1484,62,0.55,1,0.775,5,100,52.5,0.4,0.8,0.6,285,300,292.5,,,,,,,,,,,,,,,,,,,,,,,,,,,,,,,,,,,,,,,,,,,,,,,,,1,,,,,,,,,,,,
1485,62,0.55,1,0.775,5,100,52.5,0.4,0.8,0.6,300,315,307.5,,,,,,,,,,,,,,,,,,,,,,,,,,,,,,,,,,,,,,,,,,,,,,,,,1,,,,,,,,,,,,
1486,62,0.55,1,0.775,5,100,52.5,0.4,0.8,0.6,315,330,322.5,,,,,,,,,,,,,,,,,,,,,,,,,,,,,,,,,,,,,,,,,,,,,,,,,1,,,,,,,,,,,,
1487,62,0.55,1,0.775,5,100,52.5,0.4,0.8,0.6,330,345,337.5,,,,,,,,,,,,,,,,,,,,,,,,,,,,,,,,,,,,,,,,,,,,,,,,,1,,,,,,,,,,,,
1488,62,0.55,1,0.775,5,100,52.5,0.4,0.8,0.6,345,360,352.5,,,,,,,,,,,,,,,,,,,,,,,,,,,,,,,,,,,,,,,,,,,,,,,,,1,,,,,,,,,,,,
1489,63,0,0.55,0.275,5,100,52.5,0.8,100,50.4,0,15,7.5,,,,,,,,,,,,,,,,,,,,,,,,,,,,,,,,,,,,,,,,,,,,,,,,,1,,,,,,,,,,,,
1490,63,0,0.55,0.275,5,100,52.5,0.8,100,50.4,15,30,22.5,,,,,,,,,,,,,,,,,,,,,,,,,,,,,,,,,,,,,,,,,,,,,,,,,1,,,,,,,,,,,,
1491,63,0,0.55,0.275,5,100,52.5,0.8,100,50.4,30,45,37.5,,,,,,,,,,,,,,,,,,,,,,,,,,,,,,,,,,,,,,,,,,,,,,,,,1,,,,,,,,,,,,
1492,63,0,0.55,0.275,5,100,52.5,0.8,100,50.4,45,60,52.5,,,,,,,,,,,,,,,,,,,,,,,,,,,,,,,,,,,,,,,,,,,,,,,,,1,,,,,,,,,,,,
1493,63,0,0.55,0.275,5,100,52.5,0.8,100,50.4,60,75,67.5,,,,,,,,,,,,,,,,,,,,,,,,,,,,,,,,,,,,,,,,,,,,,,,,,1,,,,,,,,,,,,
1494,63,0,0.55,0.275,5,100,52.5,0.8,100,50.4,75,90,82.5,,,,,,,,,,,,,,,,,,,,,,,,,,,,,,,,,,,,,,,,,,,,,,,,,1,,,,,,,,,,,,
1495,63,0,0.55,0.275,5,100,52.5,0.8,100,50.4,90,105,97.5,,,,,,,,,,,,,,,,,,,,,,,,,,,,,,,,,,,,,,,,,,,,,,,,,1,,,,,,,,,,,,
1496,63,0,0.55,0.275,5,100,52.5,0.8,100,50.4,105,120,112.5,,,,,,,,,,,,,,,,,,,,,,,,,,,,,,,,,,,,,,,,,,,,,,,,,1,,,,,,,,,,,,
1497,63,0,0.55,0.275,5,100,52.5,0.8,100,50.4,120,135,127.5,,,,,,,,,,,,,,,,,,,,,,,,,,,,,,,,,,,,,,,,,,,,,,,,,1,,,,,,,,,,,,
1498,63,0,0.55,0.275,5,100,52.5,0.8,100,50.4,135,150,142.5,,,,,,,,,,,,,,,,,,,,,,,,,,,,,,,,,,,,,,,,,,,,,,,,,1,,,,,,,,,,,,
1499,63,0,0.55,0.275,5,100,52.5,0.8,100,50.4,150,165,157.5,,,,,,,,,,,,,,,,,,,,,,,,,,,,,,,,,,,,,,,,,,,,,,,,,1,,,,,,,,,,,,
1500,63,0,0.55,0.275,5,100,52.5,0.8,100,50.4,165,180,172.5,,,,,,,,,,,,,,,,,,,,,,,,,,,,,,,,,,,,,,,,,,,,,,,,,1,,,,,,,,,,,,
1501,63,0,0.55,0.275,5,100,52.5,0.8,100,50.4,180,195,187.5,,,,,,,,,,,,,,,,,,,,,,,,,,,,,,,,,,,,,,,,,,,,,,,,,1,,,,,,,,,,,,
1502,63,0,0.55,0.275,5,100,52.5,0.8,100,50.4,195,210,202.5,,,,,,,,,,,,,,,,,,,,,,,,,,,,,,,,,,,,,,,,,,,,,,,,,1,,,,,,,,,,,,
1503,63,0,0.55,0.275,5,100,52.5,0.8,100,50.4,210,225,217.5,,,,,,,,,,,,,,,,,,,,,,,,,,,,,,,,,,,,,,,,,,,,,,,,,1,,,,,,,,,,,,
1504,63,0,0.55,0.275,5,100,52.5,0.8,100,50.4,225,240,232.5,,,,,,,,,,,,,,,,,,,,,,,,,,,,,,,,,,,,,,,,,,,,,,,,,1,,,,,,,,,,,,
1505,63,0,0.55,0.275,5,100,52.5,0.8,100,50.4,240,255,247.5,,,,,,,,,,,,,,,,,,,,,,,,,,,,,,,,,,,,,,,,,,,,,,,,,1,,,,,,,,,,,,
1506,63,0,0.55,0.275,5,100,52.5,0.8,100,50.4,255,270,262.5,,,,,,,,,,,,,,,,,,,,,,,,,,,,,,,,,,,,,,,,,,,,,,,,,1,,,,,,,,,,,,
1507,63,0,0.55,0.275,5,100,52.5,0.8,100,50.4,270,285,277.5,,,,,,,,,,,,,,,,,,,,,,,,,,,,,,,,,,,,,,,,,,,,,,,,,1,,,,,,,,,,,,
1508,63,0,0.55,0.275,5,100,52.5,0.8,100,50.4,285,300,292.5,,,,,,,,,,,,,,,,,,,,,,,,,,,,,,,,,,,,,,,,,,,,,,,,,1,,,,,,,,,,,,
1509,63,0,0.55,0.275,5,100,52.5,0.8,100,50.4,300,315,307.5,,,,,,,,,,,,,,,,,,,,,,,,,,,,,,,,,,,,,,,,,,,,,,,,,1,,,,,,,,,,,,
1510,63,0,0.55,0.275,5,100,52.5,0.8,100,50.4,315,330,322.5,,,,,,,,,,,,,,,,,,,,,,,,,,,,,,,,,,,,,,,,,,,,,,,,,1,,,,,,,,,,,,
1511,63,0,0.55,0.275,5,100,52.5,0.8,100,50.4,330,345,337.5,,,,,,,,,,,,,,,,,,,,,,,,,,,,,,,,,,,,,,,,,,,,,,,,,1,,,,,,,,,,,,
1512,63,0,0.55,0.275,5,100,52.5,0.8,100,50.4,345,360,352.5,,,,,,,,,,,,,,,,,,,,,,,,,,,,,,,,,,,,,,,,,,,,,,,,,1,,,,,,,,,,,,
1513,64,0.55,1,0.775,5,100,52.5,0.8,100,50.4,0,15,7.5,,,,,,,,,,,,,,,,,,,,,,,,,,,,,,,,,,,,,,,,,,,,,,,,,1,,,,,,,,,,,,
1514,64,0.55,1,0.775,5,100,52.5,0.8,100,50.4,15,30,22.5,,,,,,,,,,,,,,,,,,,,,,,,,,,,,,,,,,,,,,,,,,,,,,,,,1,,,,,,,,,,,,
1515,64,0.55,1,0.775,5,100,52.5,0.8,100,50.4,30,45,37.5,,,,,,,,,,,,,,,,,,,,,,,,,,,,,,,,,,,,,,,,,,,,,,,,,1,,,,,,,,,,,,
1516,64,0.55,1,0.775,5,100,52.5,0.8,100,50.4,45,60,52.5,,,,,,,,,,,,,,,,,,,,,,,,,,,,,,,,,,,,,,,,,,,,,,,,,1,,,,,,,,,,,,
1517,64,0.55,1,0.775,5,100,52.5,0.8,100,50.4,60,75,67.5,,,,,,,,,,,,,,,,,,,,,,,,,,,,,,,,,,,,,,,,,,,,,,,,,1,,,,,,,,,,,,
1518,64,0.55,1,0.775,5,100,52.5,0.8,100,50.4,75,90,82.5,,,,,,,,,,,,,,,,,,,,,,,,,,,,,,,,,,,,,,,,,,,,,,,,,1,,,,,,,,,,,,
1519,64,0.55,1,0.775,5,100,52.5,0.8,100,50.4,90,105,97.5,,,,,,,,,,,,,,,,,,,,,,,,,,,,,,,,,,,,,,,,,,,,,,,,,1,,,,,,,,,,,,
1520,64,0.55,1,0.775,5,100,52.5,0.8,100,50.4,105,120,112.5,,,,,,,,,,,,,,,,,,,,,,,,,,,,,,,,,,,,,,,,,,,,,,,,,1,,,,,,,,,,,,
1521,64,0.55,1,0.775,5,100,52.5,0.8,100,50.4,120,135,127.5,,,,,,,,,,,,,,,,,,,,,,,,,,,,,,,,,,,,,,,,,,,,,,,,,1,,,,,,,,,,,,
1522,64,0.55,1,0.775,5,100,52.5,0.8,100,50.4,135,150,142.5,,,,,,,,,,,,,,,,,,,,,,,,,,,,,,,,,,,,,,,,,,,,,,,,,1,,,,,,,,,,,,
1523,64,0.55,1,0.775,5,100,52.5,0.8,100,50.4,150,165,157.5,,,,,,,,,,,,,,,,,,,,,,,,,,,,,,,,,,,,,,,,,,,,,,,,,1,,,,,,,,,,,,
1524,64,0.55,1,0.775,5,100,52.5,0.8,100,50.4,165,180,172.5,,,,,,,,,,,,,,,,,,,,,,,,,,,,,,,,,,,,,,,,,,,,,,,,,1,,,,,,,,,,,,
1525,64,0.55,1,0.775,5,100,52.5,0.8,100,50.4,180,195,187.5,,,,,,,,,,,,,,,,,,,,,,,,,,,,,,,,,,,,,,,,,,,,,,,,,1,,,,,,,,,,,,
1526,64,0.55,1,0.775,5,100,52.5,0.8,100,50.4,195,210,202.5,,,,,,,,,,,,,,,,,,,,,,,,,,,,,,,,,,,,,,,,,,,,,,,,,1,,,,,,,,,,,,
1527,64,0.55,1,0.775,5,100,52.5,0.8,100,50.4,210,225,217.5,,,,,,,,,,,,,,,,,,,,,,,,,,,,,,,,,,,,,,,,,,,,,,,,,1,,,,,,,,,,,,
1528,64,0.55,1,0.775,5,100,52.5,0.8,100,50.4,225,240,232.5,,,,,,,,,,,,,,,,,,,,,,,,,,,,,,,,,,,,,,,,,,,,,,,,,1,,,,,,,,,,,,
1529,64,0.55,1,0.775,5,100,52.5,0.8,100,50.4,240,255,247.5,,,,,,,,,,,,,,,,,,,,,,,,,,,,,,,,,,,,,,,,,,,,,,,,,1,,,,,,,,,,,,
1530,64,0.55,1,0.775,5,100,52.5,0.8,100,50.4,255,270,262.5,,,,,,,,,,,,,,,,,,,,,,,,,,,,,,,,,,,,,,,,,,,,,,,,,1,,,,,,,,,,,,
1531,64,0.55,1,0.775,5,100,52.5,0.8,100,50.4,270,285,277.5,,,,,,,,,,,,,,,,,,,,,,,,,,,,,,,,,,,,,,,,,,,,,,,,,1,,,,,,,,,,,,
1532,64,0.55,1,0.775,5,100,52.5,0.8,100,50.4,285,300,292.5,,,,,,,,,,,,,,,,,,,,,,,,,,,,,,,,,,,,,,,,,,,,,,,,,1,,,,,,,,,,,,
1533,64,0.55,1,0.775,5,100,52.5,0.8,100,50.4,300,315,307.5,,,,,,,,,,,,,,,,,,,,,,,,,,,,,,,,,,,,,,,,,,,,,,,,,1,,,,,,,,,,,,
1534,64,0.55,1,0.775,5,100,52.5,0.8,100,50.4,315,330,322.5,,,,,,,,,,,,,,,,,,,,,,,,,,,,,,,,,,,,,,,,,,,,,,,,,1,,,,,,,,,,,,
1535,64,0.55,1,0.775,5,100,52.5,0.8,100,50.4,330,345,337.5,,,,,,,,,,,,,,,,,,,,,,,,,,,,,,,,,,,,,,,,,,,,,,,,,1,,,,,,,,,,,,
1536,64,0.55,1,0.775,5,100,52.5,0.8,100,50.4,345,360,352.5,,,,,,,,,,,,,,,,,,,,,,,,,,,,,,,,,,,,,,,,,,,,,,,,,1,,,,,,,,,,,,
