selection,variable,bin_label,x_center,x_low,x_high,pair_label,numerator_period,denominator_period,n_rows,mean_acc_num,mean_acc_den,sem_acc_num,sem_acc_den,ratio,ratio_err,mean_gen_num,mean_gen_den,mean_reco_num,mean_reco_den,mean_reco_cc_num,mean_reco_cc_den,abs_log_ratio,percent_deviation,gen_ratio,reco_ratio,reco_cc_ratio
all_data,xB,0.09-0.118,0.104,0.09,0.118,Fa18 Inb / Sp18 Inb,Fa18 Inb,Sp18 Inb,69,0.06617380481748436,0.043312320683341884,0.00472621034597635,0.0033075502781922663,1.527828658761642,0.1597484494100438,81585.2463768116,42785.159420289856,3294.449275362319,1245.6521739130435,3957.6701257166815,1437.264592825991,0.423847550138509,52.78286587616421,1.906858534179534,2.644758580570099,2.753612762375922
all_data,xB,0.118-0.155,0.1365,0.118,0.155,Fa18 Inb / Sp18 Inb,Fa18 Inb,Sp18 Inb,175,0.07260988100972211,0.046727514314528686,0.003910765390631325,0.002681332099546261,1.5538999254481205,0.12229126705212982,89559.13714285714,47180.817142857144,4964.48,1863.8742857142856,5963.9024745794395,2150.5847077037097,0.4407678518332805,55.38999254481205,1.8982108103741435,2.6635272765177294,2.7731539488846297
all_data,xB,0.155-0.204,0.1795,0.155,0.204,Fa18 Inb / Sp18 Inb,Fa18 Inb,Sp18 Inb,240,0.06687869998951304,0.04245293214200926,0.0033308426974459605,0.002251670529473063,1.5753611497504383,0.11461898687861213,56727.13333333333,29866.295833333334,3482.608333333333,1290.0208333333333,4183.708355590817,1488.4582603290194,0.45448454742089156,57.53611497504383,1.899369565275015,2.699652783385281,2.8107663258666187
all_data,xB,0.204-0.268,0.236,0.204,0.268,Fa18 Inb / Sp18 Inb,Fa18 Inb,Sp18 Inb,278,0.05951659040984611,0.0373577687709766,0.002643071270177594,0.0017898732010908599,1.5931516353322681,0.10407666163802946,37525.67985611511,19776.233812949642,2163.3489208633096,777.1294964028777,2598.8627172469082,896.6714245050513,0.4657142149302678,59.31516353322681,1.8975139660587437,2.7837688967885876,2.898344528690027
all_data,xB,0.268-0.357,0.3125,0.268,0.357,Fa18 Inb / Sp18 Inb,Fa18 Inb,Sp18 Inb,232,0.06110445601105656,0.04029620928533117,0.002447721789871352,0.0017125949093540545,1.5163822378027036,0.08856120659918645,23939.775862068964,12616.603448275862,1173.4224137931035,400.2715517241379,1409.6495176431515,461.8433145758532,0.416327391193065,51.638223780270366,1.8974818349656923,2.9315658550768338,3.052224581702006
all_data,xB,0.357-0.446,0.40149999999999997,0.357,0.446,Fa18 Inb / Sp18 Inb,Fa18 Inb,Sp18 Inb,196,0.07369425626374333,0.05599936233177297,0.0026057918794021263,0.002463198920282592,1.3159838468719602,0.07426953365377573,8030.0459183673465,4243.311224489796,432.3673469387755,158.46428571428572,519.4092211743377,182.84005106264132,0.27458455841439017,31.598384687196024,1.8924008854271248,2.7284844972471745,2.8407847085778117
all_data,xB,0.446-0.581,0.5135,0.446,0.581,Fa18 Inb / Sp18 Inb,Fa18 Inb,Sp18 Inb,86,0.09301494476554535,0.0827451878702907,0.004449995790268647,0.004161784204872322,1.1241130410067262,0.07803124294455807,3527.1046511627906,1858.5581395348838,267.0581395348837,117.67441860465117,320.8208511725605,135.77568352046825,0.11699431670532832,12.411304100672616,1.8977639580570083,2.2694664031620553,2.3628741380940763
all_data,xB,0.062-0.09,0.076,0.062,0.09,Fa18 Out / Sp18 Out,Fa18 Out,Sp18 Out,52,0.10331222322151537,0.08204865518988269,0.00633906956899154,0.005392209380615953,1.2591580322970932,0.11321170096306617,55171.17307692308,49140.019230769234,4080.173076923077,2761.75,4899.584227866347,3550.0732395757123,0.23044326926368106,25.915803229709322,1.1227340554717857,1.4773868296996748,1.3801360978265118
all_data,xB,0.09-0.118,0.104,0.09,0.118,Fa18 Out / Sp18 Out,Fa18 Out,Sp18 Out,139,0.1020217933839146,0.08250115450772944,0.004107788345037739,0.003506889948116179,1.236610493424747,0.07240283150215192,72799.71942446043,64806.482014388486,4820.884892086331,3322.5107913669067,5789.051380005,4270.899483525439,0.21237416381289997,23.661049342474705,1.1233400913244647,1.450976443662048,1.355464206623377
all_data,xB,0.118-0.155,0.1365,0.118,0.155,Fa18 Out / Sp18 Out,Fa18 Out,Sp18 Out,212,0.1029446919918354,0.0834284176593797,0.003629702742054473,0.003062892886279832,1.2339283769247125,0.06280940335436827,88928.4103773585,79396.38679245283,6894.88679245283,4824.495283018868,8279.569994783546,6201.615496948382,0.2102028824087071,23.392837692471247,1.1200561381945877,1.4291415760569344,1.335066644950442
all_data,xB,0.155-0.204,0.1795,0.155,0.204,Fa18 Out / Sp18 Out,Fa18 Out,Sp18 Out,250,0.09437768942229559,0.076330772538224,0.002978133632982685,0.002534960093322897,1.2364304235887862,0.0566423583605974,58962.16,52653.752,5054.48,3516.028,6069.558820464088,4519.654897218936,0.21222853756382315,23.643042358878617,1.119809277788979,1.4375539671470192,1.3429252804675087
all_data,xB,0.204-0.268,0.236,0.204,0.268,Fa18 Out / Sp18 Out,Fa18 Out,Sp18 Out,278,0.08105435083911289,0.06796508285399472,0.0024534887970127043,0.0021247068726917002,1.1925881266596416,0.051895396361109195,38306.712230215824,34215.94244604316,2895.7805755395684,2004.6726618705036,3477.333085578324,2576.8931912781845,0.1761258418126346,19.258812665964165,1.1195574194872346,1.4445154217036098,1.3494284890610873
all_data,xB,0.268-0.357,0.3125,0.268,0.357,Fa18 Out / Sp18 Out,Fa18 Out,Sp18 Out,228,0.06672959635895052,0.059648368598103324,0.0023098967938432018,0.0022297128375158843,1.1187162017549692,0.05699513320323714,24256.798245614034,21705.71052631579,1366.2587719298247,951.25,1640.6411698539318,1222.7780100099508,0.1121817794287598,11.871620175496922,1.1175307169145803,1.4362772898079628,1.3417326419213087
all_data,xB,0.357-0.446,0.40149999999999997,0.357,0.446,Fa18 Out / Sp18 Out,Fa18 Out,Sp18 Out,185,0.06070347833057019,0.05923573889535845,0.0026408494050021423,0.002876043975302212,1.0247779374847428,0.06680697143418957,8061.264864864865,7223.697297297297,376.31891891891894,276.75135135135133,451.89412434745935,355.74819098342283,0.0244759427628111,2.4777937484742774,1.115947212777166,1.3597726518096058,1.2702640120199986
all_data,xB,0.446-0.581,0.5135,0.446,0.581,Fa18 Out / Sp18 Out,Fa18 Out,Sp18 Out,79,0.07618374225366227,0.08603099863196444,0.00454906112261093,0.005265495941313556,0.8855382764946371,0.07571997037218592,3657.3164556962024,3286.0,251.1772151898734,215.9493670886076,301.6205192137314,277.5906831553939,0.12155959683842008,-11.446172350536287,1.1129995300353628,1.1631301289566236,1.086565715337376
all_data,Q2,1.456-1.912,1.684,1.456,1.912,Fa18 Inb / Sp18 Inb,Fa18 Inb,Sp18 Inb,297,0.03778007943863794,0.02408894118933247,0.001812957894327657,0.0012271504486820618,1.5683578261782816,0.10976154111845488,70625.72727272728,37188.84175084175,2051.289562289562,768.4646464646464,2464.2441699071255,886.6737042111268,0.45002910136415125,56.83578261782816,1.8991106995454814,2.669334980765355,2.779200689276742
all_data,Q2,1.912-2.51,2.211,1.912,2.51,Fa18 Inb / Sp18 Inb,Fa18 Inb,Sp18 Inb,341,0.06199982072706296,0.040259146300129445,0.002367966437250868,0.0016210885669362594,1.5400182672741776,0.08546882931453664,47646.07624633431,25091.390029325514,3074.539589442815,1136.9736070381232,3693.4894018453456,1311.8685477339993,0.4317942782215355,54.00182672741776,1.8989014235818762,2.704143324357506,2.815441690575735
all_data,Q2,2.51-3.295,2.9025,2.51,3.295,Fa18 Inb / Sp18 Inb,Fa18 Inb,Sp18 Inb,299,0.07450117226049806,0.05097762226321936,0.00251489474676849,0.001856354587792815,1.461448552382779,0.07256730355425353,29995.90635451505,15798.38795986622,2376.735785953177,870.1705685618729,2855.207480998649,1004.0245375917315,0.37942810302193813,46.14485523827789,1.8986688028370873,2.731344717715744,2.8437626513065037
all_data,Q2,3.295-4.326,3.8104999999999998,3.295,4.326,Fa18 Inb / Sp18 Inb,Fa18 Inb,Sp18 Inb,216,0.08862371433334532,0.0630035100881638,0.002720873154682719,0.0023257844834679393,1.4066472520234183,0.06753819471701959,22279.699074074073,11736.13425925926,1892.736111111111,689.5925925925926,2273.7715887236113,795.6691583452513,0.3412090374054774,40.664725202341835,1.8983848158090417,2.744716418712068,2.8576847108820473
all_data,Q2,4.326-5.761,5.0435,4.326,5.761,Fa18 Inb / Sp18 Inb,Fa18 Inb,Sp18 Inb,123,0.10331398251649106,0.07680372874271787,0.0034426762891059137,0.0032177928763806726,1.3451688376039521,0.07200973293673835,14437.28455284553,7586.3983739837395,1106.9674796747968,380.0162601626016,1329.816232779969,438.4722532247731,0.296519534992659,34.51688376039521,1.9030485668081625,2.9129476701895514,3.0328401010548505
all_data,Q2,1-1.2,1.1,1.0,1.2,Fa18 Out / Sp18 Out,Fa18 Out,Sp18 Out,57,0.09342659824991754,0.0738465471882228,0.004687866558815262,0.003826176568789793,1.2651451124964366,0.09125082151716568,59718.80701754386,53278.61403508772,4141.403508771929,2784.5789473684213,4973.1114171526315,3579.4185587164566,0.23518682903631874,26.514511249643657,1.1208776372864133,1.4872638151221322,1.3893629190255803
all_data,Q2,1.2-1.456,1.3279999999999998,1.2,1.456,Fa18 Out / Sp18 Out,Fa18 Out,Sp18 Out,112,0.0901598774726241,0.07202983563714822,0.0038241021635787723,0.0032940666312068173,1.2517018354283957,0.0780726724717643,53794.357142857145,48032.84821428572,3071.473214285714,2112.4285714285716,3688.3096460129195,2715.4073112847145,0.22450409369924834,25.170183542839574,1.1199493501378055,1.4540009805910596,1.3582896498381694
all_data,Q2,1.456-1.912,1.684,1.456,1.912,Fa18 Out / Sp18 Out,Fa18 Out,Sp18 Out,297,0.08153860407706416,0.06692887847151192,0.0024478084233514794,0.0020699392080712055,1.2182873213955143,0.052509761287127935,79441.26936026936,70954.11111111111,4893.026936026936,3452.296296296296,5875.681533676873,4437.731400945865,0.19744603752403614,21.828732139551434,1.1196147498186217,1.417325315117445,1.3240282033348212
all_data,Q2,1.912-2.51,2.211,1.912,2.51,Fa18 Out / Sp18 Out,Fa18 Out,Sp18 Out,338,0.08599096823672692,0.07283164689931412,0.002790805647123781,0.002335837047286976,1.1806813644569216,0.053871935890271914,47770.54437869822,42610.769230769234,4230.792899408284,2941.378698224852,5080.452659849601,3780.975759581226,0.16609169933632492,18.06813644569216,1.1210908707135734,1.4383706871752369,1.3436882389355236
all_data,Q2,2.51-3.295,2.9025,2.51,3.295,Fa18 Out / Sp18 Out,Fa18 Out,Sp18 Out,289,0.0840949181445908,0.07301780077891563,0.0029178663577572694,0.002544274287454788,1.1517043412361134,0.05663349478221517,30672.681660899652,27384.647058823528,2851.667820069204,1971.9723183391004,3424.361273629922,2534.858751341068,0.14124288110136535,15.170434123611344,1.120068540412928,1.4460993156694155,1.3509081213374363
all_data,Q2,3.295-4.326,3.8104999999999998,3.295,4.326,Fa18 Out / Sp18 Out,Fa18 Out,Sp18 Out,211,0.08418469643487261,0.07508378153736493,0.0031006851796510056,0.0028184385772899475,1.1212101296866444,0.05896367635322777,22601.488151658767,20166.431279620854,2036.7109004739336,1402.516587677725,2445.73855484731,1802.855655281154,0.11440857495074142,12.121012968664434,1.120748031135219,1.4521831102520522,1.356591442960473
all_data,Q2,4.326-5.761,5.0435,4.326,5.761,Fa18 Out / Sp18 Out,Fa18 Out,Sp18 Out,119,0.07728185911268078,0.07593696821470795,0.0037848823192169873,0.004178956969228616,1.0177106214481755,0.07497334490472041,14611.285714285714,13059.789915966387,810.2857142857143,580.0084033613446,973.0134067675688,745.5679592654037,0.01755561587954889,1.7710621448175479,1.1187994453434913,1.3970240941162835,1.305063334167771
all_data,t,0.11-0.15,0.13,0.11,0.15,Fa18 Inb / Sp18 Inb,Fa18 Inb,Sp18 Inb,59,0.055976387870207804,0.03738509750959712,0.005154126142008924,0.0036060238697072896,1.4972914770608292,0.19966218150117182,94208.67796610169,49631.20338983051,4539.542372881356,1686.915254237288,5453.41868455022,1946.404957008983,0.4036577939399186,49.72914770608292,1.8981743647466174,2.6910316694799454,2.801790380214826
all_data,t,0.15-0.25,0.2,0.15,0.25,Fa18 Inb / Sp18 Inb,Fa18 Inb,Sp18 Inb,197,0.06266442172323161,0.040339845288968196,0.003680884274677074,0.0025123882828705663,1.5534125447022613,0.132988911966345,81975.6497461929,43148.36040609137,4863.187817258883,1799.5837563451776,5842.218693135977,2076.4046890346153,0.44045415261278825,55.34125447022613,1.899855497976701,2.7023959291206654,2.8136223752471903
all_data,t,0.25-0.4,0.325,0.25,0.4,Fa18 Inb / Sp18 Inb,Fa18 Inb,Sp18 Inb,324,0.06527860482078265,0.04207205880224691,0.0024595726766113764,0.0016914884601493601,1.5515904540734378,0.08549311661883831,48628.20987654321,25613.88888888889,2808.5061728395062,1041.8858024691358,3373.8995653270317,1202.1538636685855,0.43928050425322446,55.159045407343775,1.8985094410102543,2.6955988517971035,2.806545540710554
all_data,t,0.4-0.6,0.5,0.4,0.6,Fa18 Inb / Sp18 Inb,Fa18 Inb,Sp18 Inb,330,0.07385009760167952,0.05109463323171309,0.002487283919746127,0.0019002882907389258,1.4453591880534864,0.072521390265369,28641.51818181818,15084.963636363636,1607.7727272727273,585.0030303030303,1931.4409055419237,674.9911088816949,0.3683578637226297,44.53591880534864,1.8986799618644936,2.7483152120424137,2.861431624991146
all_data,t,0.6-0.8,0.7,0.6,0.8,Fa18 Inb / Sp18 Inb,Fa18 Inb,Sp18 Inb,250,0.07328954267331599,0.05229457171039968,0.002804791667243259,0.0023251673804253812,1.4014751488774713,0.08221705553673647,18252.316,9606.844,788.68,278.48,947.4528256035578,321.31718002201717,0.3375253596620502,40.14751488774713,1.8999284260262788,2.832088480321746,2.948652871715844
all_data,t,0.8-1,0.9,0.8,1.0,Fa18 Inb / Sp18 Inb,Fa18 Inb,Sp18 Inb,116,0.06032871818955293,0.047084664411120254,0.002942161337167672,0.0032459275369225576,1.2812816857478706,0.10819710070411476,11226.681034482759,5913.646551724138,428.5431034482759,151.11206896551724,514.8151015049802,174.35687973028425,0.2478608939385929,28.12816857478706,1.898436258624485,2.8359290318900108,2.9526514944598508
all_data,t,0.11-0.15,0.13,0.11,0.15,Fa18 Out / Sp18 Out,Fa18 Out,Sp18 Out,74,0.07873023070503918,0.06270186873136757,0.004721307098496031,0.0039367820270623,1.2556281383309582,0.10901735607084391,93067.56756756757,83091.08108108108,6126.824324324324,4116.0675675675675,7357.2594251333785,5290.971783796838,0.22763595600132658,25.56281383309582,1.1200668754899379,1.4885140303819244,1.3905308373906613
all_data,t,0.15-0.25,0.2,0.15,0.25,Fa18 Out / Sp18 Out,Fa18 Out,Sp18 Out,226,0.09062755844441484,0.07400487040037554,0.0033711078871078632,0.0028330266615125372,1.2246161361287236,0.06536660914722033,80116.81415929203,71496.9203539823,6424.920353982301,4464.216814159292,7715.221349237586,5738.497926171149,0.20262743662746457,22.461613612872355,1.1205631482115943,1.4392043714373788,1.3444670449476577
all_data,t,0.25-0.4,0.325,0.25,0.4,Fa18 Out / Sp18 Out,Fa18 Out,Sp18 Out,350,0.07654008071195378,0.06306359276806538,0.0026938811368718714,0.002223667579214533,1.2136967995694774,0.060466650059829506,49854.30285714286,44534.88,3827.577142857143,2676.982857142857,4596.260071942775,3441.1098774111265,0.19367090820611,21.369679956947742,1.1194439696961767,1.429810106046893,1.3356911681648218
all_data,t,0.4-0.6,0.5,0.4,0.6,Fa18 Out / Sp18 Out,Fa18 Out,Sp18 Out,377,0.08755688960435126,0.07606704399948741,0.0023245110306233793,0.0019784041760555968,1.1510489300062887,0.04277938081141573,36741.185676392575,32793.98143236074,2726.3289124668436,1930.7267904509283,3273.8508606525547,2481.839960789502,0.1406736397017697,15.104893000628872,1.1203636786882112,1.4120739018854653,1.3191224705766704
all_data,t,0.6-0.8,0.7,0.6,0.8,Fa18 Out / Sp18 Out,Fa18 Out,Sp18 Out,281,0.08941454489659306,0.07947738262805587,0.00255935896799611,0.002405848401708115,1.1250313226222088,0.046869817421374936,24633.88612099644,21966.701067615657,1671.4519572953736,1147.0106761565837,2007.1255540395457,1474.4172741669859,0.11781087759964526,12.503132262220884,1.1214194632671937,1.4572244112810646,1.361300894398113
all_data,t,0.8-1,0.9,0.8,1.0,Fa18 Out / Sp18 Out,Fa18 Out,Sp18 Out,115,0.07597174392571548,0.07221889838624329,0.002783410421447485,0.003544524752718759,1.0519648682454434,0.0644295415432319,11526.504347826087,10309.04347826087,617.6608695652174,426.46086956521737,741.7041869639435,548.1912992736709,0.05065971855393478,5.196486824544344,1.1180963948917793,1.448341251554758,1.3530024791467294
all_data,phi,0-30,15.0,0.0,30.0,Fa18 Inb / Sp18 Inb,Fa18 Inb,Sp18 Inb,127,0.07008672130220285,0.0457328209415222,0.003783231453389362,0.0025748734104330036,1.532525653552436,0.11953443057575283,100754.07086614173,53128.637795275594,5235.3385826771655,1925.3858267716535,6289.288853714236,2221.5582602438158,0.426917128363448,53.25256535524361,1.8964173569513423,2.7191114164662777,2.831025846256216
all_data,phi,0-45,22.5,0.0,45.0,Fa18 Inb / Sp18 Inb,Fa18 Inb,Sp18 Inb,68,0.09294956556814044,0.061599618494761456,0.007938041299900252,0.005449634976310501,1.5089308641748331,0.185544107967318,68543.58823529411,36095.720588235294,5493.426470588235,2033.8088235294117,6599.333610341676,2346.659422152919,0.4114013630799684,50.89308641748331,1.8989394620268247,2.701053514486728,2.812224708895841
all_data,phi,30-75,52.5,30.0,75.0,Fa18 Inb / Sp18 Inb,Fa18 Inb,Sp18 Inb,66,0.0650579517743382,0.04390569368207576,0.005896776137921333,0.004384580606089849,1.4817657191667994,0.1998359516789451,40191.13636363636,21116.227272727272,2609.8939393939395,982.7575757575758,3135.3037827812104,1133.9302387525863,0.3932344301443369,48.17657191667995,1.9033294084471872,2.6556843760599427,2.764988246746374
all_data,phi,45-90,67.5,45.0,90.0,Fa18 Inb / Sp18 Inb,Fa18 Inb,Sp18 Inb,10,0.042630240237135,0.025620641718232993,0.007633885314501449,0.004922730708324164,1.6639021264950238,0.4370215878466158,34551.3,18142.4,995.5,335.0,1195.9087182234,386.53136780871,0.5091655224570328,66.39021264950237,1.9044503483552342,2.9716417910447763,3.0939499813511686
all_data,phi,60-105,82.5,60.0,105.0,Fa18 Inb / Sp18 Inb,Fa18 Inb,Sp18 Inb,54,0.05102674981614945,0.033137007519415,0.005322484981739034,0.003860882379737831,1.5398719931560758,0.24080818931767387,31943.75925925926,16806.722222222223,1535.5555555555557,566.1851851851852,1844.685360326902,653.2786091426741,0.4316992916435453,53.98719931560758,1.9006537287218628,2.712108327336953,2.8237345207854925
all_data,phi,75-105,90.0,75.0,105.0,Fa18 Inb / Sp18 Inb,Fa18 Inb,Sp18 Inb,43,0.05818274489808349,0.03817775220917838,0.006000483873620854,0.004837581266860186,1.5239960849265421,0.248986103237018,24197.74418604651,12726.720930232557,1095.0,377.3720930232558,1315.4395243141698,435.4213471316046,0.4213358883153163,52.39960849265422,1.9013337621448372,2.90164540580514,3.021072652913783
all_data,phi,90-120,105.0,90.0,120.0,Fa18 Inb / Sp18 Inb,Fa18 Inb,Sp18 Inb,51,0.061087061136869215,0.04151588480398725,0.005779420330004543,0.005080719559083608,1.4714141689448546,0.2276076887606729,16950.450980392157,8911.450980392157,647.9019607843137,217.62745098039215,778.3341069372767,251.1039889557784,0.38622395803664317,47.14141689448545,1.902097763617641,2.977115055410397,3.099648516831599
all_data,phi,75-135,105.0,75.0,135.0,Fa18 Inb / Sp18 Inb,Fa18 Inb,Sp18 Inb,43,0.06914038719462162,0.050615528039918596,0.0066699141254012604,0.005805188245288922,1.365991620992142,0.204718878120062,12124.651162790698,6369.209302325581,450.09302325581393,151.13953488372093,540.7033355328837,174.38857059279067,0.31188062715624376,36.59916209921421,1.9036352217791996,2.9779966148638253,3.1005663599104967
all_data,phi,105-150,127.5,105.0,150.0,Fa18 Inb / Sp18 Inb,Fa18 Inb,Sp18 Inb,60,0.06992365751443233,0.0521103644609915,0.004863541684669596,0.00459693615384433,1.341837813603768,0.15073955708513567,9245.533333333333,4841.4,467.8666666666667,157.18333333333334,562.0550734631717,181.36205620919165,0.29404017700144325,34.183781360376805,1.9096817724900512,2.9765666419255647,3.0990775314924224
all_data,phi,120-165,142.5,120.0,165.0,Fa18 Inb / Sp18 Inb,Fa18 Inb,Sp18 Inb,62,0.07910549194640161,0.054864911211562915,0.005377381342221341,0.0043054537127115225,1.4418230194771542,0.14969320377504494,9010.322580645161,4726.241935483871,579.0,194.2741935483871,695.5611731301066,224.1584172005979,0.36590829865167457,44.182301947715416,1.9064454811331377,2.980323785803238,3.102989313614101
all_data,phi,135-180,157.5,135.0,180.0,Fa18 Inb / Sp18 Inb,Fa18 Inb,Sp18 Inb,57,0.08342537799059332,0.058575678606904734,0.005448771527560762,0.0039736086602935854,1.4242323772371863,0.13411767150141474,7899.0526315789475,4148.035087719299,510.9298245614035,170.49122807017545,613.787475232121,196.71703756831002,0.35363298593842335,42.42323772371863,1.9042878048367857,2.996810043218769,3.1201541199449143
all_data,phi,120-180,150.0,120.0,180.0,Fa18 Inb / Sp18 Inb,Fa18 Inb,Sp18 Inb,45,0.07306127831645289,0.047567463863043544,0.005914437738359303,0.004646653367717804,1.5359506768494373,0.19486395715753324,9554.68888888889,4995.2444444444445,501.7111111111111,165.51111111111112,602.7128998566621,190.97085422496667,0.42914952278374996,53.59506768494373,1.912757022234481,3.031283566058002,3.1560465197828402
all_data,phi,150-210,180.0,150.0,210.0,Fa18 Inb / Sp18 Inb,Fa18 Inb,Sp18 Inb,22,0.06076896182366864,0.049557839451168186,0.008465352476782477,0.006752174797557204,1.226222985034433,0.23893794347679945,7759.636363636364,4110.818181818182,264.22727272727275,106.5909090909091,317.4200894494137,122.98725339373044,0.2039387011017998,22.622298503443304,1.887613613746434,2.478891257995736,2.580918596768947
all_data,phi,165-225,195.0,165.0,225.0,Fa18 Inb / Sp18 Inb,Fa18 Inb,Sp18 Inb,37,0.0681746080279786,0.04798850149968089,0.007059378551723912,0.006481605820351286,1.4206446523118033,0.24178130478842114,8785.135135135135,4606.810810810811,342.4594594594595,119.45945945945945,411.40156022661887,137.8353082465235,0.3511107490964691,42.06446523118033,1.9069884776946002,2.8667420814479643,2.9847327615853847
all_data,phi,180-210,195.0,180.0,210.0,Fa18 Inb / Sp18 Inb,Fa18 Inb,Sp18 Inb,37,0.06318363585588647,0.04762836889312487,0.006452018612064018,0.006524607491369741,1.326596675978274,0.22666482274646418,10166.216216216217,5337.108108108108,352.0810810810811,123.32432432432432,422.9601550840459,142.2946858662027,0.28261677243625166,32.659667597827394,1.9048173674375737,2.854920008766163,2.9724241106357843
all_data,phi,180-225,202.5,180.0,225.0,Fa18 Inb / Sp18 Inb,Fa18 Inb,Sp18 Inb,25,0.04884566538823361,0.0373131317995464,0.006393248306862361,0.00530436032119515,1.3090743937186051,0.2529605583425264,11907.24,6262.72,328.88,121.12,395.08835685484803,139.751281400036,0.26932031779460425,30.907439371860512,1.9012888968371568,2.715323645970938,2.827082176970624
all_data,phi,195-255,225.0,195.0,255.0,Fa18 Inb / Sp18 Inb,Fa18 Inb,Sp18 Inb,29,0.04670547745256724,0.035052013138073455,0.005420819781153327,0.005034797269885878,1.332462054849449,0.24606455376932793,17017.0,8953.965517241379,512.9655172413793,179.48275862068965,616.2329826387861,207.091690112669,0.2870283999915685,33.2462054849449,1.9004987195039764,2.8580211335254564,2.9756528729063065
all_data,phi,225-270,247.5,225.0,270.0,Fa18 Inb / Sp18 Inb,Fa18 Inb,Sp18 Inb,30,0.054806027419350006,0.043688842030839996,0.005353238596939158,0.005973573481435069,1.254462807246353,0.21079342963373848,10514.0,5553.2,310.53333333333336,104.76666666666667,373.04823770181673,120.88239691775335,0.22670743891282666,25.446280724635308,1.8933227688539942,2.9640470887686927,3.0860426928466134
all_data,phi,240-270,255.0,240.0,270.0,Fa18 Inb / Sp18 Inb,Fa18 Inb,Sp18 Inb,32,0.06597047178300938,0.04931067756924375,0.006405360534126298,0.005657874724249563,1.3378536867673616,0.20108982716639903,13432.625,7116.0625,465.6875,169.28125,559.4372086564094,195.32093464738125,0.2910666035348424,33.78536867673616,1.8876485415916457,2.7509691711279305,2.8641948169374585
all_data,phi,255-285,270.0,255.0,285.0,Fa18 Inb / Sp18 Inb,Fa18 Inb,Sp18 Inb,38,0.06740876158411,0.045005341429915524,0.005458387275144724,0.0043002754627391605,1.4977946937494553,0.18759379469230922,21476.815789473683,11287.263157894737,912.5,322.55263157894734,1096.199603595421,372.1692832074579,0.40399382213053653,49.77946937494553,1.9027478573893255,2.8289956759402792,2.945432772280585
all_data,phi,240-300,270.0,240.0,300.0,Fa18 Inb / Sp18 Inb,Fa18 Inb,Sp18 Inb,35,0.06279800212370885,0.036575489824524854,0.00496050477797109,0.003036565871798736,1.7169422043283504,0.19675498669862682,15416.285714285714,8075.257142857143,636.9428571428572,203.34285714285716,765.1687753562627,234.6220677778,0.5405449205033426,71.69422043283504,1.9090767565119553,3.1323591400871154,3.261282208461821
all_data,phi,270-300,285.0,270.0,300.0,Fa18 Inb / Sp18 Inb,Fa18 Inb,Sp18 Inb,54,0.057262718770126286,0.038140565140815555,0.00442454713619795,0.0036439369710774033,1.5013599971240972,0.18447856697546144,30408.0,15958.055555555555,1368.351851851852,507.6111111111111,1643.8211041955367,585.694379381276,0.4063713620853483,50.13599971240972,1.9054953088826612,2.6956696216847256,2.806619223377317
all_data,phi,270-315,292.5,270.0,315.0,Fa18 Inb / Sp18 Inb,Fa18 Inb,Sp18 Inb,53,0.06881272960536301,0.04723453646396565,0.007883989649857861,0.005674001626159274,1.4568308436319464,0.2418358718442493,47973.3962264151,25211.528301886792,3315.7169811320755,1266.7169811320755,3983.2193318899426,1461.5696935623184,0.3762634213872177,45.68308436319464,1.902835704840029,2.6175673260247856,2.7253023577558917
all_data,phi,285-330,307.5,285.0,330.0,Fa18 Inb / Sp18 Inb,Fa18 Inb,Sp18 Inb,65,0.08440301019840216,0.05660863773354216,0.008295530165060542,0.0058685417145983255,1.490991721010645,0.21299319961532867,60794.56923076923,31977.907692307694,5348.953846153846,2008.1076923076923,6425.7765323855065,2317.0048149704753,0.39944148312509614,49.09917210106449,1.9011428082079742,2.663678779103174,2.773311687083131
all_data,phi,300-345,322.5,300.0,345.0,Fa18 Inb / Sp18 Inb,Fa18 Inb,Sp18 Inb,66,0.06536937135298182,0.04324971176474545,0.005641595100031366,0.0038334404072362955,1.511440624357339,0.18698199776217575,107457.93939393939,56604.84848484849,5373.409090909091,1998.439393939394,6455.154975789711,2305.8492908127837,0.4130632518705837,51.14406243573391,1.898387545771858,2.6888026262917277,2.7994695930514815
all_data,phi,330-360,345.0,330.0,360.0,Fa18 Inb / Sp18 Inb,Fa18 Inb,Sp18 Inb,67,0.06315004874875092,0.04095554458438433,0.004384535207090523,0.0029366210975806883,1.5419169587316144,0.15389733325784008,107281.50746268657,56647.253731343284,4579.3432835820895,1690.6716417910447,5501.232101028701,1950.739170796267,0.4330264207283783,54.191695873161436,1.893851870939456,2.7085941293312734,2.8200756838153653
all_data,phi,0-30,15.0,0.0,30.0,Fa18 Out / Sp18 Out,Fa18 Out,Sp18 Out,135,0.08790440823804903,0.07374130425456674,0.003399964608788056,0.002945255275414399,1.1920647339595323,0.06627729112160087,114663.23703703703,102502.72592592593,7670.34074074074,5414.614814814815,9210.756457424066,6960.180739269296,0.175686874181616,19.20647339595323,1.118635977738767,1.4165995187236737,1.3233501833446704
all_data,phi,0-45,22.5,0.0,45.0,Fa18 Out / Sp18 Out,Fa18 Out,Sp18 Out,76,0.1193179319253737,0.09946847007123816,0.00796045396542582,0.0066800436721817045,1.1995553147637597,0.1135541425154965,72509.21052631579,64692.42105263158,7625.75,5320.8421052631575,9157.210667600104,6839.641231066657,0.18195091708534278,19.955531476375967,1.120830065508365,1.4331847946506293,1.3388437139080782
all_data,phi,30-75,52.5,30.0,75.0,Fa18 Out / Sp18 Out,Fa18 Out,Sp18 Out,70,0.08890118113178427,0.07445719814650142,0.006608712866726289,0.005849787670825739,1.1939904179158471,0.12914252996006598,42247.671428571426,37670.014285714286,3824.714285714286,2672.557142857143,4592.8222742226,3435.4208723048087,0.17730098974210037,19.399041791584715,1.121519920543092,1.4311066447864271,1.3369023607117156
all_data,phi,45-90,67.5,45.0,90.0,Fa18 Out / Sp18 Out,Fa18 Out,Sp18 Out,16,0.06573339787943125,0.050834413975418755,0.00459110897468565,0.0033725541705192474,1.2930885346925998,0.12456513201951634,46301.0625,41329.5625,2506.1875,1591.0,3009.4989882958125,2045.1404088590623,0.2570335697523274,29.308853469259976,1.1202891997707451,1.575227844123193,1.4715366119897577
all_data,phi,60-105,82.5,60.0,105.0,Fa18 Out / Sp18 Out,Fa18 Out,Sp18 Out,58,0.0706147569886276,0.05839469931295689,0.004520200456408962,0.004207902816722408,1.2092665570581893,0.1165556573424398,34420.5,30615.96551724138,2383.2758620689656,1619.7241379310344,2861.903307605396,2082.0636616499482,0.19001402463316613,20.92665570581893,1.12426635640859,1.4714084986800648,1.3745512975032943
all_data,phi,75-105,90.0,75.0,105.0,Fa18 Out / Sp18 Out,Fa18 Out,Sp18 Out,43,0.07579435480570465,0.06361707121024186,0.004327831552339228,0.0042902625789925574,1.1914153444005504,0.10527939598201289,25368.0,22666.976744186046,1728.1162790697674,1155.1162790697674,2075.169632567058,1484.8365677275535,0.1751419654316364,19.14153444005504,1.1191611605860385,1.496053956110328,1.3975744386083995
all_data,phi,90-120,105.0,90.0,120.0,Fa18 Out / Sp18 Out,Fa18 Out,Sp18 Out,55,0.07056949279195945,0.0630436258453411,0.004602953244277969,0.0048754873252278225,1.1193755410750144,0.11324590800227906,20589.927272727273,18385.01818181818,1098.5272727272727,730.3818181818182,1319.1418103752274,938.8644690497927,0.11277097720515282,11.937554107501436,1.1199296660522007,1.5040452067411814,1.4050396557346625
all_data,phi,75-135,105.0,75.0,135.0,Fa18 Out / Sp18 Out,Fa18 Out,Sp18 Out,43,0.06844705817726644,0.06472938871721066,0.005170822022282291,0.00611820631970136,1.0574340270120193,0.12794955177998615,12720.255813953489,11351.883720930233,629.1395348837209,417.95348837209303,755.4880844832977,537.2555424842981,0.055845244187983666,5.743402701201927,1.1205414120389814,1.5052860004451367,1.406198772729046
all_data,phi,105-150,127.5,105.0,150.0,Fa18 Out / Sp18 Out,Fa18 Out,Sp18 Out,73,0.07266020474483713,0.06809666177176753,0.003705960729318859,0.003740667200183505,1.0670156635337684,0.07998278594420202,15039.698630136987,13421.315068493152,939.1917808219179,624.4520547945206,1127.807362457512,802.6977565394485,0.0648656521872821,6.701566353376842,1.1205830839515145,1.504025446967204,1.4050211966701642
all_data,phi,120-165,142.5,120.0,165.0,Fa18 Out / Sp18 Out,Fa18 Out,Sp18 Out,78,0.09011864906630936,0.0768334626881464,0.005133555910334605,0.0043134459214564415,1.1729088591527521,0.09380826727546974,14013.794871794871,12497.21794871795,1106.3974358974358,731.8333333333334,1328.5925191099736,940.7303095843571,0.15948686772060988,17.29088591527521,1.1213531627039042,1.5118161273934445,1.412299046362167
all_data,phi,135-180,157.5,135.0,180.0,Fa18 Out / Sp18 Out,Fa18 Out,Sp18 Out,69,0.10246245688793144,0.08598803095280876,0.006109949179044792,0.00490838041713146,1.1915897567670093,0.09836382866093053,10981.608695652174,9783.95652173913,977.536231884058,650.768115942029,1173.8524355729596,836.525562984621,0.17528834561914408,19.15897567670093,1.1224098013162631,1.50212680667216,1.4032475366141801
all_data,phi,120-180,150.0,120.0,180.0,Fa18 Out / Sp18 Out,Fa18 Out,Sp18 Out,55,0.09080235382985763,0.07747054795687637,0.005522644828462076,0.004937412137107387,1.1720886998295448,0.10325694841424264,12405.2,11064.054545454546,925.1636363636363,633.0,1110.961980157102,813.6856560694531,0.15878737073946592,17.20886998295448,1.121216453609806,1.4615539279046388,1.36534541548103
all_data,phi,150-210,180.0,150.0,210.0,Fa18 Out / Sp18 Out,Fa18 Out,Sp18 Out,24,0.07437099842871708,0.070834012075975,0.007635359567017553,0.007950896258529155,1.0499334465051673,0.15971289577817477,17184.333333333332,15310.166666666666,1044.8333333333333,719.5416666666666,1254.6646488361987,924.9300681061554,0.04872677787977053,4.993344650516729,1.1224132112648457,1.45208176501245,1.3564967688910716
all_data,phi,165-225,195.0,165.0,225.0,Fa18 Out / Sp18 Out,Fa18 Out,Sp18 Out,45,0.07238608231221691,0.06470716867928203,0.004629150796949866,0.004901836655900959,1.118671760635905,0.11090321052688577,11454.355555555556,10220.755555555555,588.0,408.3777777777778,706.0865977176646,524.9465087445342,0.1121420535342639,11.86717606359049,1.1206955780612,1.4398432823638243,1.3450638988081782
all_data,phi,180-210,195.0,180.0,210.0,Fa18 Out / Sp18 Out,Fa18 Out,Sp18 Out,45,0.07016498085057755,0.06326809827153866,0.0046400657039703565,0.005007695228849792,1.1090104297024757,0.11438445200520594,16236.644444444444,14428.68888888889,827.0222222222222,568.0666666666667,993.111066540949,730.2175329507422,0.10346811292497693,10.901042970247566,1.1253028303179928,1.4558541642217266,1.3600208454703602
all_data,phi,180-225,202.5,180.0,225.0,Fa18 Out / Sp18 Out,Fa18 Out,Sp18 Out,25,0.04907210372902725,0.046080489833448396,0.006457972860985392,0.006227412738312581,1.064921486433665,0.20087928035468955,14292.92,12730.76,623.8,445.84,749.0762239054017,573.1020740948943,0.0629010747852828,6.492148643366491,1.12270752099639,1.3991566481248878,1.3070555102918184
all_data,phi,195-255,225.0,195.0,255.0,Fa18 Out / Sp18 Out,Fa18 Out,Sp18 Out,27,0.06621782539885666,0.06126260121243963,0.005534850747324507,0.006424203230783434,1.0808849785733692,0.14494689875211092,19549.814814814814,17383.25925925926,985.4074074074074,681.4814814814815,1183.3043599696184,876.0058552268036,0.07778013019604824,8.088497857336918,1.1246345994869478,1.445978260869565,1.3507950351122404
all_data,phi,225-270,247.5,225.0,270.0,Fa18 Out / Sp18 Out,Fa18 Out,Sp18 Out,34,0.06526725154428538,0.06343864695359706,0.005306444733101119,0.006003382368462843,1.0288247728868787,0.1283584751008158,11937.70588235294,10655.85294117647,639.0,435.05882352941177,767.3288026222599,559.2434822312398,0.028417153611468026,2.882477288687868,1.1202956673907463,1.4687669010275826,1.3720835861346339
all_data,phi,240-270,255.0,240.0,270.0,Fa18 Out / Sp18 Out,Fa18 Out,Sp18 Out,36,0.07751435436775835,0.07122750887062196,0.006424085784132849,0.0067075288363884445,1.0882642899747603,0.13651764425323487,17901.805555555555,15943.305555555555,1047.6666666666667,678.25,1258.0669935529168,871.8519687663473,0.08458403251476722,8.826428997476032,1.1228415270080268,1.5446615063275588,1.442982339459594
all_data,phi,255-285,270.0,255.0,285.0,Fa18 Out / Sp18 Out,Fa18 Out,Sp18 Out,45,0.08528618311617155,0.07219681802515823,0.004660949656185828,0.004362566426976385,1.1813011355493825,0.09624525901512307,23621.266666666666,20953.533333333333,1546.0666666666666,1031.2888888888888,1856.5594430480708,1325.6634694359202,0.16661648824283304,18.130113554938255,1.1273166339487692,1.4991596276504051,1.400475675653981
all_data,phi,240-300,270.0,240.0,300.0,Fa18 Out / Sp18 Out,Fa18 Out,Sp18 Out,39,0.08008337144537436,0.061685932137146154,0.004918461762177387,0.0033752648686831855,1.2982436784342537,0.10678763933542137,17132.25641025641,15234.48717948718,1029.4615384615386,657.1538461538462,1236.2057741042563,844.7340575774358,0.2610123344327306,29.82436784342537,1.1245706014525074,1.566545709937961,1.4634259895350967
all_data,phi,270-300,285.0,270.0,300.0,Fa18 Out / Sp18 Out,Fa18 Out,Sp18 Out,61,0.07759568098344918,0.06392533187133771,0.004278464005536821,0.0038275345028029152,1.2138486999117304,0.09880172970852145,33032.688524590165,29453.918032786885,2293.6721311475408,1564.4262295081967,2754.30467918623,2010.9813316430818,0.19379605547316117,21.38486999117304,1.121504055515451,1.466142722414335,1.3696321471745398
all_data,phi,270-315,292.5,270.0,315.0,Fa18 Out / Sp18 Out,Fa18 Out,Sp18 Out,58,0.09724267807577412,0.0803722884678207,0.008456364446072834,0.007173614277337896,1.2099030639734485,0.1507711918463119,51478.74137931035,45914.98275862069,4817.189655172414,3344.6206896551726,5784.614037724775,4299.320505788983,0.1905402439808409,20.99030639734485,1.1211752305328928,1.4402798111223374,1.345471692546732
all_data,phi,285-330,307.5,285.0,330.0,Fa18 Out / Sp18 Out,Fa18 Out,Sp18 Out,74,0.10580844044290134,0.0884176428522027,0.008440589051103028,0.007036381107614378,1.1966892243414449,0.1348430090574807,66688.55405405405,59488.27027027027,7111.527027027027,4994.7027027027025,8539.71755627958,6420.407496873499,0.17955876407901653,19.668922434144488,1.1210370338735867,1.4238138784874785,1.3300896493623038
all_data,phi,300-345,322.5,300.0,345.0,Fa18 Out / Sp18 Out,Fa18 Out,Sp18 Out,71,0.08735799440511423,0.07372393397880816,0.005397206365086035,0.004576475533856378,1.1849339785669217,0.10377818986506533,118779.77464788733,106023.49295774648,8296.211267605633,5842.450704225352,9962.319027023801,7510.13954869652,0.1696870587454783,18.493397856692173,1.1203156143443096,1.4199882356911773,1.3265158340170773
all_data,phi,330-360,345.0,330.0,360.0,Fa18 Out / Sp18 Out,Fa18 Out,Sp18 Out,68,0.08221152182026766,0.06915417707810734,0.0039279784877878495,0.003365195138954031,1.188814982606365,0.08107366792391558,114136.23529411765,102177.58823529411,7100.073529411765,5026.573529411765,8525.963880833631,6461.375639909,0.1729569980364989,18.881498260636498,1.1170378677492878,1.412507643202158,1.3195276603595993
all_data,e_theta,8.61-10.2,9.417941441249999,8.606989904999999,10.2288929775,Fa18 Inb / Sp18 Inb,Fa18 Inb,Sp18 Inb,128,0.0207121413459335,0.014510693473776039,0.0011689758801528818,0.0010860307305581448,1.427370882264505,0.13379974498739658,35509.09375,18716.7734375,417.1796875,142.3359375,501.16406363342037,164.23076003055365,0.3558342082046216,42.7370882264505,1.8971802949142793,2.9309512047862123,3.0515846333548193
all_data,e_theta,10.2-11.3,10.77017045475,10.2288929775,11.311447932,Fa18 Inb / Sp18 Inb,Fa18 Inb,Sp18 Inb,127,0.03383714840435276,0.02236539454202984,0.0015150554153587515,0.0013046331215082812,1.5129242786557953,0.11125388263427274,37596.31496062992,19809.377952755905,866.0393700787401,304.3070866141732,1040.3857689621252,351.117117680252,0.41404438639968427,51.292427865579526,1.8979048736560389,2.845938882707584,2.963073335289685
all_data,e_theta,11.3-12.2,11.737590077250001,11.311447932,12.1637322225,Fa18 Inb / Sp18 Inb,Fa18 Inb,Sp18 Inb,127,0.04908084891350229,0.036888117943944254,0.0019193475886597428,0.002264986789289056,1.3305327473764397,0.09685889037192982,33883.984251968504,17895.48031496063,987.4645669291339,350.25984251968504,1186.2556348838668,404.13855527646615,0.2855794239673193,33.05327473764397,1.8934381003253362,2.8192343142324034,2.93526964798586
all_data,e_theta,12.2-13.3,12.742468750250001,12.1637322225,13.321205278000003,Fa18 Inb / Sp18 Inb,Fa18 Inb,Sp18 Inb,127,0.0561708339363471,0.03673386879377622,0.002670502688596633,0.00207698655909627,1.52912926900485,0.11296144116074376,50223.03937007874,26439.141732283464,1751.976377952756,646.4724409448819,2104.674861391044,745.9160502958946,0.4246984681769099,52.91292690048499,1.8995714716697476,2.710055784268349,2.8215974982119616
all_data,e_theta,13.3-14.5,13.911300922750002,13.321205278000003,14.5013965675,Fa18 Inb / Sp18 Inb,Fa18 Inb,Sp18 Inb,127,0.06728182023808671,0.049176084052265125,0.002837405974657934,0.0026767051654171597,1.3681817398591258,0.09420814532756104,37052.370078740154,19532.76377952756,1957.0472440944882,743.4645669291339,2351.0294939104156,857.8279879774298,0.3134826611506909,36.81817398591258,1.896934325165752,2.632334251217962,2.740677066801734
all_data,e_theta,14.5-15.5,14.983016912250001,14.5013965675,15.464637257000003,Fa18 Inb / Sp18 Inb,Fa18 Inb,Sp18 Inb,127,0.07081671199665444,0.04864966967155157,0.0029258014422981586,0.0027785454283786176,1.4556463070511925,0.10260885850548249,51064.7874015748,26870.527559055117,2387.236220472441,878.7086614173228,2867.8218066501527,1013.8760023975487,0.3754499992830896,45.56463070511925,1.9004013705851652,2.71675508082727,2.828572527477238
all_data,e_theta,15.5-16.9,16.171626057750004,15.464637257000003,16.8786148585,Fa18 Inb / Sp18 Inb,Fa18 Inb,Sp18 Inb,127,0.07683108187966566,0.04964804351210685,0.0033476899436630583,0.002339570428167552,1.5475147950377968,0.09932000033662841,53879.850393700784,28355.133858267716,3639.283464566929,1349.5039370078741,4371.924483537426,1557.091351149234,0.4366502861369194,54.75147950377968,1.9001797227626431,2.6967564634423846,2.8077507978646614
all_data,e_theta,16.9-18,17.46262909675,16.8786148585,18.046643335000002,Fa18 Inb / Sp18 Inb,Fa18 Inb,Sp18 Inb,127,0.10433095309684014,0.07474011005981401,0.004609045478299977,0.003651415041700526,1.3959165033787717,0.09194434477509586,37758.370078740154,19877.43307086614,3415.228346456693,1288.2047244094488,4102.763791310411,1486.362788488311,0.3335511912181535,39.59165033787717,1.8995596636711436,2.651153408882532,2.7602707919532095
all_data,e_theta,18-20.5,19.283283142000002,18.046643335000002,20.519922949,Fa18 Inb / Sp18 Inb,Fa18 Inb,Sp18 Inb,127,0.10009239707393858,0.06747740151014171,0.004080728619267458,0.0030604618429690106,1.4833469403663224,0.09046313019842411,40079.4094488189,21101.259842519685,3553.968503937008,1309.6929133858268,4269.434372827676,1511.1563976731707,0.3943009807486317,48.33469403663224,1.899384669348399,2.713589168585531,2.825276311175741
all_data,e_theta,20.5-27.6,24.0716347645,20.519922949,27.62334658,Fa18 Inb / Sp18 Inb,Fa18 Inb,Sp18 Inb,128,0.10080528720754836,0.06511224002291703,0.004439628760534821,0.0031701409012041366,1.5481772270784837,0.10164017078811548,37429.4609375,19658.6328125,3928.140625,1413.8046875,4718.932817523773,1631.2831632064376,0.4370782563911083,54.81772270784837,1.9039707030745479,2.7784181646377517,2.8927735686600697
all_data,e_theta,7.91-9.56,8.73810977125,7.9129319,9.5632876425,Fa18 Out / Sp18 Out,Fa18 Out,Sp18 Out,142,0.06333366673768473,0.052925627584465146,0.0024238860267766058,0.002027520962117512,1.1966540526441405,0.06479957622908053,56695.042253521126,50716.464788732395,2501.676056338028,1740.3661971830986,3004.0815224686535,2237.142197403657,0.17952937281062212,19.665405264414048,1.1178823778371276,1.4374423385073563,1.3428209999145684
all_data,e_theta,9.56-10.3,9.93798469625,9.5632876425,10.31268175,Fa18 Out / Sp18 Out,Fa18 Out,Sp18 Out,141,0.06240413328650851,0.053428111977055326,0.002005284372217532,0.0018135484960797902,1.168001843548354,0.054594051160470426,43071.36170212766,38500.41843971631,2394.326241134752,1684.645390070922,2875.172907193398,2165.51625507859,0.15529446278522965,16.80018435483539,1.1187245086587434,1.4212642347443534,1.327707838927791
all_data,e_theta,10.3-11.3,10.799692435,10.31268175,11.28670312,Fa18 Out / Sp18 Out,Fa18 Out,Sp18 Out,142,0.08455689474489521,0.07163828636993316,0.0033227564938448735,0.0028441915241558036,1.1803310635914936,0.06593437228169446,48182.25352112676,43075.16901408451,3228.06338028169,2240.669014084507,3876.3474309532116,2880.253138641509,0.16579496149298542,18.033106359149365,1.118562146682985,1.4406694429166338,1.3458356763675006
all_data,e_theta,11.3-12.2,11.731874805,11.28670312,12.17704649,Fa18 Out / Sp18 Out,Fa18 Out,Sp18 Out,141,0.07273448561810199,0.06314461289851177,0.002833742780796316,0.0026662942650500527,1.1518715893468758,0.06617857985782642,39916.73758865248,35707.46808510638,2256.978723404255,1572.4893617021276,2710.2422243710225,2021.346031499443,0.14138808847989007,15.187158934687584,1.117882049030012,1.4352902972654822,1.3408106193280294
all_data,e_theta,12.2-13.3,12.73539273125,12.17704649,13.2937389725,Fa18 Out / Sp18 Out,Fa18 Out,Sp18 Out,142,0.07585320845492415,0.06517500076333421,0.0031757324139654857,0.0030147316662876883,1.1638390113774608,0.07261127534793274,49770.281690140844,44412.288732394365,2970.1830985915494,2074.387323943662,3566.677684836686,2666.507441746854,0.15172403336728532,16.383901137746083,1.120642126552653,1.4318363134541676,1.3375839980780708
all_data,e_theta,13.3-14.6,13.94962360625,13.2937389725,14.605508240000002,Fa18 Out / Sp18 Out,Fa18 Out,Sp18 Out,142,0.08968068564800596,0.07866014588704695,0.003697592900803635,0.003320787199980271,1.1401032204641992,0.06727799968039173,46279.866197183095,41281.42957746479,3675.154929577465,2575.894366197183,4413.227279440595,3311.166346486867,0.1311188025743608,14.01032204641992,1.121081965205171,1.4267490848249071,1.3328316422770514
all_data,e_theta,14.6-15.9,15.23068199875,14.605508240000002,15.855855757499999,Fa18 Out / Sp18 Out,Fa18 Out,Sp18 Out,141,0.08863448183582036,0.07538385335711985,0.003565764356444077,0.003116246482634724,1.175775419915557,0.0678221049459623,53635.95035460993,47788.87943262411,4298.290780141844,3024.8794326241136,5161.50597440925,3888.311225382167,0.16192786177988572,17.5775419915557,1.1223521244148318,1.420979207892935,1.3274415743050365
all_data,e_theta,15.9-17.5,16.686516921249996,15.855855757499999,17.517178084999998,Fa18 Out / Sp18 Out,Fa18 Out,Sp18 Out,141,0.1090036614723895,0.09633470765294865,0.0042457814082972134,0.0037631571378437135,1.1315097551869,0.06241906535555011,42619.19858156028,38015.02127659575,4523.54609929078,3155.326241134752,5431.998766783632,4055.9932111087905,0.12355280751862978,13.15097551869,1.1211146844155295,1.4336223114805315,1.3392524306762046
all_data,e_theta,17.5-20.1,18.81697724,17.517178084999998,20.116776395000002,Fa18 Out / Sp18 Out,Fa18 Out,Sp18 Out,142,0.1053286766459845,0.08806982897438541,0.005098249927297618,0.004313854157432939,1.1959677664029382,0.08235808153264824,38755.07042253521,34539.457746478874,4440.140845070423,3051.0352112676055,5331.843439938495,3921.932997743459,0.1789557039971389,19.59677664029382,1.1220520804640048,1.4552899385339082,1.3594937606038269
all_data,e_theta,20.1-26.8,23.4346608825,20.116776395000002,26.75254537,Fa18 Out / Sp18 Out,Fa18 Out,Sp18 Out,142,0.09557558907124016,0.08078681852235958,0.004790129342479143,0.0041235543283528,1.183059202223534,0.08462982019016456,36570.112676056335,32582.49295774648,3704.823943661972,2535.788732394366,4448.854648849069,3259.612825232022,0.16810362788908242,18.3059202223534,1.1223853473545153,1.46101443560078,1.3648414358942758
all_data,p_theta,10.8-27.2,19.024808000750003,10.834263575,27.215352426500004,Fa18 Inb / Sp18 Inb,Fa18 Inb,Sp18 Inb,128,0.08720456340254992,0.08165192134376914,0.0038618914214059823,0.003507773998381034,1.0680038138404995,0.06589478450845879,3097.1640625,1628.859375,190.6171875,91.1484375,228.99121685024298,105.16934394182242,0.06579131154333068,6.800381384049947,1.901431216246031,2.0912831061969657,2.177357091596163
all_data,p_theta,27.2-34.3,30.741839163750004,27.215352426500004,34.268325901000004,Fa18 Inb / Sp18 Inb,Fa18 Inb,Sp18 Inb,127,0.08587418751906702,0.06186485545415189,0.003547525424837408,0.0029190276870150163,1.3880932378918829,0.08705127405554584,5613.220472440945,2951.015748031496,382.1023622047244,140.5748031496063,459.025159431678,162.1987192265103,0.3279310341022131,38.80932378918829,1.9021316562560868,2.7181426090853074,2.8300171642579373
all_data,p_theta,34.3-41.4,37.847135733500004,34.268325901000004,41.425945566,Fa18 Inb / Sp18 Inb,Fa18 Inb,Sp18 Inb,127,0.052150971650479924,0.033062046536609366,0.002248785973814078,0.0016348147512843126,1.577366712394332,0.10348760418472351,10073.72440944882,5304.425196850394,398.8031496062992,131.28346456692913,479.08805973778664,151.47814068576852,0.4557568189280548,57.7366712394332,1.899117064640725,3.037725664247586,3.1627537647931883
all_data,p_theta,41.4-45.3,43.376826365,41.425945566,45.327707164,Fa18 Inb / Sp18 Inb,Fa18 Inb,Sp18 Inb,127,0.048179094900546365,0.0289233906314335,0.00240778354917464,0.0014669917612615045,1.6657485118008972,0.11860876756952611,17692.75590551181,9307.748031496063,609.3228346456693,196.40944881889763,731.9884381367672,226.62212806737065,0.5102745790492728,66.57485118008972,1.900863221226241,3.1023091725465046,3.229995430627852
all_data,p_theta,45.3-47.9,46.62499648575,45.327707164,47.922285807499996,Fa18 Inb / Sp18 Inb,Fa18 Inb,Sp18 Inb,127,0.06732453534305553,0.04046267103742936,0.003344241686804498,0.0020030346413067142,1.6638677975751535,0.11668477543466514,20664.24409448819,10878.669291338583,1225.4015748031495,401.9133858267717,1472.0928444313952,463.73770377408425,0.5091448906701878,66.38677975751534,1.8995194670492208,3.0489195384283834,3.1744083615606637
all_data,p_theta,47.9-50.9,49.425012759750004,47.922285807499996,50.927739712000005,Fa18 Inb / Sp18 Inb,Fa18 Inb,Sp18 Inb,127,0.06500234227134259,0.0402048851378737,0.0032571795953288433,0.0021465727433579735,1.6167772162121974,0.11838363582278251,27950.76377952756,14729.259842519685,1807.7716535433071,642.6062992125984,2171.7025424710637,741.4551993946191,0.480434795105581,61.67772162121974,1.8976353244065056,2.8131869478379143,2.9289733813239267
all_data,p_theta,50.9-53.5,52.2105615775,50.927739712000005,53.493383443,Fa18 Inb / Sp18 Inb,Fa18 Inb,Sp18 Inb,127,0.07257166821173813,0.04513078675283064,0.0044136292937544406,0.0029474861998307436,1.6080302036211762,0.14350398544137288,35591.220472440946,18732.370078740158,2389.3228346456694,854.488188976378,2870.328486794,985.9298163031347,0.4750099539268724,60.80302036211762,1.8999849096956676,2.7962034647991154,2.911290884331555
all_data,p_theta,53.5-56.3,54.8899563465,53.493383443,56.28652925,Fa18 Inb / Sp18 Inb,Fa18 Inb,Sp18 Inb,127,0.06714835748191471,0.042534282408977234,0.004601035637795194,0.0031534739505115544,1.578687911935772,0.1593750128235374,48440.58267716535,25512.188976377955,3459.6535433070867,1261.8425196850394,4156.132430408214,1455.9454181885035,0.4565940665526257,57.868791193577195,1.8987231053367108,2.741747475882037,2.854593570945331
all_data,p_theta,56.3-59.5,57.88579799875001,56.28652925,59.48506674750001,Fa18 Inb / Sp18 Inb,Fa18 Inb,Sp18 Inb,127,0.06409141770639237,0.04204171921505441,0.004776592141430135,0.0033188927664723504,1.5244718556476717,0.1655043250983922,69115.70866141732,36378.59842519685,3834.0708661417325,1409.4173228346456,4605.925439582796,1626.220912265179,0.4216480259098503,52.447185564767175,1.89990026151051,2.720323359181211,2.8322876706628723
all_data,p_theta,59.5-63.1,61.31476446375,59.48506674750001,63.14446218,Fa18 Inb / Sp18 Inb,Fa18 Inb,Sp18 Inb,128,0.07013006044597946,0.049023080275824145,0.00490397074041212,0.003432342449466563,1.4305518961966222,0.14155839285815083,175406.078125,92395.2109375,8571.71875,3282.7578125,10297.331173563874,3787.7279625389842,0.3580603112118311,43.055189619662215,1.8984325739962002,2.61113345534076,2.718603678882309
all_data,p_theta,18.4-31.6,25.01294252625,18.439844495000003,31.5860405575,Fa18 Out / Sp18 Out,Fa18 Out,Sp18 Out,142,0.07322657272131029,0.08411222703968972,0.003770084780310395,0.004111549981035762,0.870581784581178,0.061806083096844634,2393.274647887324,2133.8028169014083,127.09859154929578,116.15492957746478,152.62348993498395,149.31058464291522,0.13859357291629892,-12.941821541882204,1.1216006600660067,1.094216078574027,1.0221880136628743
all_data,p_theta,31.6-36.7,34.14781830375,31.5860405575,36.70959605,Fa18 Out / Sp18 Out,Fa18 Out,Sp18 Out,141,0.06836769610999312,0.06771049032648489,0.0034234656224106153,0.0036161643397747017,1.0097061146705528,0.07392032322969935,6755.397163120568,6042.297872340426,308.58156028368796,248.51063829787233,370.5532381278277,319.446353497217,0.009659312937851978,0.9706114670552823,1.1180178974698463,1.2417237442922375,1.1599858131767842
all_data,p_theta,36.7-43.9,40.29176941875001,36.70959605,43.873942787500006,Fa18 Out / Sp18 Out,Fa18 Out,Sp18 Out,142,0.05460482378696238,0.04593522262648507,0.001961347753478068,0.0017140894927550618,1.1887353683027246,0.0615692286926574,14203.55633802817,12679.323943661971,525.556338028169,362.88028169014086,631.1025282779183,466.4620538416447,0.17289002632871597,18.873536830272464,1.120214011499258,1.4482912534689203,1.3529557722441576
all_data,p_theta,43.9-46.8,45.346211853750006,43.873942787500006,46.81848092,Fa18 Out / Sp18 Out,Fa18 Out,Sp18 Out,141,0.07399379272638809,0.05976635803567106,0.0023990920570658076,0.001927963507498555,1.2380508894690472,0.05662433641435896,18379.31914893617,16420.7304964539,1008.3617021276596,678.9929078014185,1210.868509395156,872.8069346778269,0.2135382796122748,23.805088946904718,1.1192753667630824,1.4850842925484133,1.3873268660979594
all_data,p_theta,46.8-49.8,48.307805110000004,46.81848092,49.7971293,Fa18 Out / Sp18 Out,Fa18 Out,Sp18 Out,142,0.0837529180976655,0.06784406906289085,0.0026639400832729116,0.002209931066350062,1.234491374920736,0.05620310348818616,26489.795774647886,23652.3661971831,1972.8450704225352,1340.7957746478874,2369.046706801056,1723.5170451027955,0.2106590430802178,23.449137492073604,1.1199638781934094,1.4713986333531168,1.3745420815723697
all_data,p_theta,49.8-52.5,51.143253105,49.7971293,52.48937691,Fa18 Out / Sp18 Out,Fa18 Out,Sp18 Out,141,0.09721692791947163,0.07820138028484326,0.003562633447409689,0.002952529550816953,1.2431612788081938,0.06540990904499634,31323.113475177306,27968.98581560284,2751.482269503546,1872.709219858156,3304.0557046841636,2407.2616590638722,0.2176575537563816,24.316127880819383,1.1199231063181179,1.4692522684925695,1.372537003712772
all_data,p_theta,52.5-55.2,53.8385527525,52.48937691,55.187728595,Fa18 Out / Sp18 Out,Fa18 Out,Sp18 Out,142,0.09123912452530775,0.07257028042952747,0.0031109143185668645,0.0025942170281681733,1.257251921658336,0.06210939680796769,36941.535211267605,32976.211267605635,2775.2535211267605,1879.3661971830986,3332.600878464415,2415.818826460922,0.22892832453036055,25.725192165833597,1.1202480148942195,1.4766965189043353,1.3794912275547342
all_data,p_theta,55.2-57.8,56.4702492925,55.187728595,57.75276999,Fa18 Out / Sp18 Out,Fa18 Out,Sp18 Out,141,0.10135710851745318,0.08150641135745815,0.004525647495305568,0.0037962336758254234,1.2435476771629281,0.0802351609508203,58551.41134751773,52261.73758865248,5423.120567375887,3722.872340425532,6512.232568762739,4785.541584175065,0.2179683246304047,24.354767716292812,1.1203494956170557,1.456703338572177,1.3608141219162184
all_data,p_theta,57.8-60.4,59.082122301249996,57.75276999,60.4114746125,Fa18 Out / Sp18 Out,Fa18 Out,Sp18 Out,142,0.10504324976932887,0.08493277816989014,0.004748338798565902,0.0040260438028509446,1.236781040639127,0.08101045407053431,86513.97183098592,77210.3661971831,7336.880281690141,5048.957746478874,8810.327952314929,6490.149283431809,0.21251206936671266,23.67810406391271,1.1204968463696037,1.4531474910454256,1.357492342249526
all_data,p_theta,60.4-63.2,61.79672591125,60.4114746125,63.18197721,Fa18 Out / Sp18 Out,Fa18 Out,Sp18 Out,142,0.098360725419565,0.08295998337336613,0.004839228649059999,0.004173286932428536,1.185640611532996,0.083426443053545,173492.14788732395,154869.61971830987,11735.964788732394,8363.718309859154,14092.86981056683,10751.086287741575,0.17028322896509898,18.564061153299605,1.12024648993706,1.4031994328285822,1.3108321739204687
all_data,g_theta,2.58-3.52,3.046953793,2.57618408,3.5177235060000003,Fa18 Inb / Sp18 Inb,Fa18 Inb,Sp18 Inb,128,0.10451269733824547,0.07118811656298188,0.006195161361319431,0.004235047136155012,1.468119995080647,0.12329490237733497,181128.15625,95401.0703125,11520.5546875,4338.359375,13839.810938773047,5005.707412730953,0.3839826673699016,46.811999508064694,1.898596689289633,2.655509535214565,2.7648062097226114
all_data,g_theta,3.52-4.43,3.9740416520000004,3.5177235060000003,4.4303597980000005,Fa18 Inb / Sp18 Inb,Fa18 Inb,Sp18 Inb,127,0.08690283658805638,0.05906812641741749,0.004085015239747872,0.0027825658329196524,1.471230625700551,0.09790891677023791,74810.8188976378,39379.92125984252,5220.007874015748,1968.3464566929133,6270.871849050772,2271.1273081410236,0.38609921090788635,47.1230625700551,1.899719870032492,2.6519761580926473,2.7611274042509057
all_data,g_theta,4.43-7.01,5.717695529500001,4.4303597980000005,7.005031261000002,Fa18 Inb / Sp18 Inb,Fa18 Inb,Sp18 Inb,127,0.052252238623430626,0.032004279526044496,0.0026144630075238826,0.001683747740010016,1.6326641123387486,0.11853821107648306,50023.2125984252,26328.944881889765,2001.6377952755906,693.1259842519685,2404.596775584953,799.746073900752,0.49021310534783025,63.26641123387486,1.8999322921152613,2.8878412305315417,3.0067003190857324
all_data,g_theta,7.01-8.27,7.638138144000001,7.005031261000002,8.271245027,Fa18 Inb / Sp18 Inb,Fa18 Inb,Sp18 Inb,127,0.06166988226024796,0.03564756473951992,0.002974394556181707,0.0017299441836933376,1.729988646093374,0.11836579425255646,27971.826771653545,14729.582677165354,1193.4330708661416,385.1023622047244,1433.6886128221968,444.34072480426073,0.5481148455363444,72.9988646093374,1.8990237119899587,3.099002208227693,3.2265523567612666
all_data,g_theta,8.27-9.71,8.989690126,8.271245027,9.708135225,Fa18 Inb / Sp18 Inb,Fa18 Inb,Sp18 Inb,127,0.06497903021869937,0.0390321508405804,0.0030693009732975537,0.0018672624866207647,1.6647565870529195,0.11192003270920889,23954.866141732284,12591.992125984252,989.1574803149606,329.53543307086613,1188.2893565088032,380.2262139890527,0.5096789187828177,66.47565870529195,1.9023889073358082,3.001672600415761,3.1252168124920914
all_data,g_theta,9.71-11.4,10.559296573000001,9.708135225,11.410457921000003,Fa18 Inb / Sp18 Inb,Fa18 Inb,Sp18 Inb,127,0.06278893412827512,0.038939478789032596,0.002849576473046821,0.0018657842617317902,1.6124749503827407,0.10641723587982968,18570.43307086614,9780.622047244095,744.5748031496063,255.10236220472441,894.4686071882442,294.343477594733,0.47777023492076426,61.24749503827407,1.8986965226919046,2.9187295512068645,3.038859955374292
all_data,g_theta,11.4-13.3,12.341257980250003,11.410457921000003,13.272058039500001,Fa18 Inb / Sp18 Inb,Fa18 Inb,Sp18 Inb,127,0.05141745983731079,0.033377834459741657,0.0027437982682477265,0.0020450796551890697,1.540467219325671,0.12516438337410746,16496.629921259842,8710.669291338583,495.3543307086614,173.89763779527559,595.0764065336606,200.64743819622993,0.4320857595848628,54.046721932567095,1.893841835743115,2.848539732850351,2.9657812324106803
all_data,g_theta,13.3-15.8,14.56046646975,13.272058039500001,15.848874900000002,Fa18 Inb / Sp18 Inb,Fa18 Inb,Sp18 Inb,127,0.06624412250665236,0.0470032467176656,0.0040390169153405155,0.0034039028755716797,1.4093520582644201,0.13342018346373552,10883.787401574804,5733.03937007874,353.3937007874016,128.13385826771653,424.5370243463401,147.84404626518585,0.34313006562656173,40.935205826442015,1.8984323495802753,2.7580040557979477,2.871519246604316
all_data,g_theta,15.8-20.6,18.209934142250003,15.848874900000002,20.570993384500003,Fa18 Inb / Sp18 Inb,Fa18 Inb,Sp18 Inb,127,0.06906228361343549,0.051307224030302315,0.004177523073478158,0.003600618914674189,1.3460537949324045,0.12471058136220362,6803.094488188976,3587.51968503937,234.2755905511811,90.15748031496064,281.4386953360607,104.02595278908636,0.2971771969412843,34.60537949324045,1.8963225530327141,2.5985152838427945,2.7054661629168675
all_data,g_theta,20.6-30.2,25.38975279225,20.570993384500003,30.2085122,Fa18 Inb / Sp18 Inb,Fa18 Inb,Sp18 Inb,128,0.059792824855365315,0.057348454744619776,0.003177831342251439,0.003585802819997429,1.0426231207384862,0.08556002052565614,2958.671875,1551.921875,93.9375,42.75,112.84849343856172,49.32601783231773,0.04173976914519936,4.2623120738486175,1.9064567119398326,2.1973684210526314,2.287808714301379
all_data,g_theta,2.62-3.6,3.1107727912500005,2.6238195600000003,3.5977260225000003,Fa18 Out / Sp18 Out,Fa18 Out,Sp18 Out,142,0.1335833004168305,0.11219676912115416,0.006360012458640137,0.005254329961979923,1.1906162847932136,0.07951293646251804,195924.5985915493,174810.18309859154,16139.5,11400.61971830986,19380.756197052044,14654.851082299154,0.17447105944742017,19.061628479321357,1.1207848142407664,1.4156686565099006,1.3224805962348583
all_data,g_theta,3.6-4.8,4.19637346125,3.5977260225000003,4.795020900000001,Fa18 Out / Sp18 Out,Fa18 Out,Sp18 Out,141,0.11522621980928155,0.09678688372665958,0.0037289108153852023,0.003150119430859718,1.1905148236273146,0.054641667278035155,75378.68085106384,67304.27659574468,7237.602836879432,5117.77304964539,8691.112861778765,6578.607458950745,0.17438583846517225,19.051482362731463,1.1199686656438954,1.414209416218823,1.321117412158979
all_data,g_theta,4.8-7.16,5.978423875000001,4.795020900000001,7.161826850000001,Fa18 Out / Sp18 Out,Fa18 Out,Sp18 Out,142,0.06810141728060211,0.05193498791167607,0.0019362569123785114,0.0015142324753458873,1.3112820474016418,0.05340101322652011,53260.55633802817,47514.06338028169,2827.711267605634,1836.281690140845,3395.5935854967256,2360.4361323395633,0.2710053207741456,31.12820474016418,1.1209429913782383,1.5399114867767074,1.4385449955518002
all_data,g_theta,7.16-8.29,7.72493648,7.161826850000001,8.28804611,Fa18 Out / Sp18 Out,Fa18 Out,Sp18 Out,141,0.08424783984048363,0.06515656978166835,0.0026143542572882234,0.0020292092536678143,1.2930060640513732,0.05684654933846411,36355.80141843972,32482.021276595744,2260.950354609929,1470.0070921985816,2715.0114685300214,1889.6108771603544,0.2569697896869774,29.30060640513732,1.1192592083127273,1.5380540451872187,1.436809822247664
all_data,g_theta,8.29-9.5,8.89200771375,8.28804611,9.495969317500002,Fa18 Out / Sp18 Out,Fa18 Out,Sp18 Out,142,0.0878595260441514,0.07018785842185585,0.002817371308399348,0.0023118929730572488,1.2517767035443947,0.057544056085687204,25743.830985915494,22998.105633802817,1751.338028169014,1175.225352112676,2103.054948578021,1510.6856424384578,0.22456390496973122,25.177670354439474,1.1193891964769909,1.4902146426816552,1.3921195048781934
all_data,g_theta,9.5-11,10.23269961375,9.495969317500002,10.969429909999999,Fa18 Out / Sp18 Out,Fa18 Out,Sp18 Out,141,0.08379020444652908,0.06818689491065107,0.002655137461851136,0.0021286928942849154,1.228831501365825,0.054661865014343614,23776.78014184397,21240.255319148935,1521.8439716312057,1036.645390070922,1827.4721635825533,1332.5489483909646,0.20606371895981349,22.883150136582508,1.119420637114859,1.468046823154337,1.3714109082365809
all_data,g_theta,11-12.9,11.922947505,10.969429909999999,12.8764651,Fa18 Out / Sp18 Out,Fa18 Out,Sp18 Out,142,0.07535840270819434,0.06278152375180611,0.002631359888653594,0.0022969018765692227,1.2003277111608242,0.060705865315183356,18640.23943661972,16660.485915492958,1045.3521126760563,723.5140845070423,1255.2876133615598,930.0363862995615,0.18259461214496903,20.032771116082415,1.1188292785197667,1.444826210105218,1.3497188194497542
all_data,g_theta,12.9-14.9,13.91307684,12.8764651,14.94968858,Fa18 Out / Sp18 Out,Fa18 Out,Sp18 Out,141,0.07542911745352404,0.06846420082065326,0.002773176340849572,0.0030343927647776183,1.1017307811876147,0.06344313353076153,12650.794326241135,11310.354609929078,671.581560283688,483.43971631205676,806.4536377393582,621.4343803120767,0.09688238069184248,10.17307811876147,1.1185143846095964,1.3891733294212572,1.2977293553252833
all_data,g_theta,14.9-18.9,16.932265405,14.94968858,18.914842229999998,Fa18 Out / Sp18 Out,Fa18 Out,Sp18 Out,142,0.06215038305009248,0.05956156622367747,0.003007415059765299,0.003214897656068316,1.0434645525722572,0.07564175193183602,9109.570422535211,8145.37323943662,362.13380281690144,265.16901408450707,434.86024617278366,340.85975228234616,0.04254647721424975,4.346455257225723,1.118373603609757,1.3656716417910448,1.2757746940230525
all_data,g_theta,18.9-29.8,24.375859509999998,18.914842229999998,29.83687679,Fa18 Out / Sp18 Out,Fa18 Out,Sp18 Out,142,0.06154158386964761,0.07036229750999197,0.003338140676189602,0.003924934979369679,0.8746386352848732,0.06805231811039661,4436.140845070423,3959.0774647887324,162.6267605633803,137.44366197183098,195.28669398650382,176.6760446511552,0.13394446617351438,-12.536136471512682,1.1204986223494235,1.1832248808730852,1.1053377064904024
FD-FD,xB,0.155-0.204,0.1795,0.155,0.204,Fa18 Inb / Sp18 Inb,Fa18 Inb,Sp18 Inb,15,0.00165081616400096,0.00140023673155498,0.00042699260756378266,0.00040556958297379694,1.1789550486707405,0.4578173306944919,19664.733333333334,10347.533333333333,8.266666666666667,4.266666666666667,10.977247583625335,4.774271524169333,0.16462849417083758,17.895504867074052,1.9004271549419187,1.9375000000000002,2.299250792095501
FD-FD,xB,0.204-0.268,0.236,0.204,0.268,Fa18 Inb / Sp18 Inb,Fa18 Inb,Sp18 Inb,90,0.020269638494679637,0.01149922786529716,0.002345425183221169,0.0014833088518850866,1.7626956115766852,0.30545047932625746,11713.177777777777,6170.388888888889,74.6,23.177777777777777,99.06080682323098,25.935235415139,0.5668442348376111,76.26956115766852,1.8982884205029396,3.218600191754554,3.8195453111409536
FD-FD,xB,0.268-0.357,0.3125,0.268,0.357,Fa18 Inb / Sp18 Inb,Fa18 Inb,Sp18 Inb,132,0.05482292588797592,0.03398794599358262,0.0042486265861203035,0.002729781549414736,1.6130108567998556,0.18002611861976642,14731.598484848484,7732.893939393939,248.13636363636363,85.90151515151516,329.49850380691527,96.12120882909736,0.4781025299324817,61.301085679985555,1.9050563217737684,2.888614516271276,3.427947981727536
FD-FD,xB,0.357-0.446,0.40149999999999997,0.357,0.446,Fa18 Inb / Sp18 Inb,Fa18 Inb,Sp18 Inb,160,0.07464084975713944,0.05269288756079371,0.004031166918491677,0.0031872589114223444,1.4165260856320232,0.11486572040390815,7046.6875,3722.09375,276.28125,106.04375,366.87189725355347,118.65976311118239,0.3482074556727162,41.65260856320232,1.8932052692117172,2.605351564802263,3.091796980159147
FD-FD,xB,0.446-0.581,0.5135,0.446,0.581,Fa18 Inb / Sp18 Inb,Fa18 Inb,Sp18 Inb,81,0.09656010668517466,0.07859929512125222,0.006097886558277537,0.004710204963786251,1.228511102246082,0.10695313839226622,3503.8518518518517,1844.6172839506173,229.41975308641975,107.27160493827161,304.64485042800936,120.03369581453383,0.20580295017560912,22.851110224608195,1.8995007161310185,2.138681091034641,2.5379944219889845
FD-FD,xB,0.062-0.09,0.076,0.062,0.09,Fa18 Out / Sp18 Out,Fa18 Out,Sp18 Out,4,8.70506637307e-05,2.7668413094e-05,3.340288728850645e-05,6.433657745652954e-06,3.146210931395168,1.4116225493624401,53185.75,47621.75,3.0,1.0,3.7531450787875,1.12253783855,1.1461988498758426,214.6210931395168,1.1168373694792821,3.0,3.3434463854113794
FD-FD,xB,0.09-0.118,0.104,0.09,0.118,Fa18 Out / Sp18 Out,Fa18 Out,Sp18 Out,6,0.00010521514184751663,2.931047471758333e-05,4.061396742466402e-05,4.5973008424881335e-06,3.589677166995803,1.495668998339926,47512.166666666664,42206.5,3.1666666666666665,1.0,3.961653138721666,1.1225378385500002,1.2780622728287259,258.9677166995803,1.1257073357579204,3.1666666666666665,3.5291934068244823
FD-FD,xB,0.118-0.155,0.1365,0.118,0.155,Fa18 Out / Sp18 Out,Fa18 Out,Sp18 Out,10,0.0001144537361257,6.2710243661e-05,2.8535260068885017e-05,1.9623485718514517e-05,1.8251202585723596,0.7302302338506406,36731.9,32832.9,2.7,1.1,3.377830570914,1.2347916224050002,0.6016458799716098,82.51202585723595,1.11875283633185,2.4545454545454546,2.7355470426135615
FD-FD,xB,0.155-0.204,0.1795,0.155,0.204,Fa18 Out / Sp18 Out,Fa18 Out,Sp18 Out,42,0.003432879460822162,0.003697830044496677,0.0010105495165741178,0.001156543791566465,0.9283497130786662,0.3987329330745488,30759.214285714286,27525.309523809523,29.11904761904762,27.476190476190474,36.429336756802854,30.84306346875,0.07434677119461056,-7.1650286921333795,1.1174884067736794,1.0597920277296362,1.1811192747994321
FD-FD,xB,0.204-0.268,0.236,0.204,0.268,Fa18 Out / Sp18 Out,Fa18 Out,Sp18 Out,92,0.033385987237179934,0.02856880885322366,0.004109545151991529,0.003615592988869414,1.1686167039271822,0.20631425648814442,16088.554347826086,14348.184782608696,132.4673913043478,108.3695652173913,165.7231125911513,121.64893750375323,0.15582074500077078,16.86167039271822,1.1212954524621732,1.2223671013039117,1.3623062888324713
FD-FD,xB,0.268-0.357,0.3125,0.268,0.357,Fa18 Out / Sp18 Out,Fa18 Out,Sp18 Out,130,0.04636605199978204,0.03913415803266207,0.004206378494732048,0.0036135911123065124,1.1847974846190406,0.15336937549140903,15100.761538461538,13485.076923076924,169.93846153846152,134.46153846153845,212.60123353986592,150.93816475272885,0.1695718609265249,18.479748461904055,1.119812784502527,1.2638443935926773,1.4085319898261333
FD-FD,xB,0.357-0.446,0.40149999999999997,0.357,0.446,Fa18 Out / Sp18 Out,Fa18 Out,Sp18 Out,151,0.048307516766385346,0.04288048947659968,0.0036931239266692253,0.003428580254109199,1.1265616917163983,0.12462498482769115,7082.417218543046,6337.87417218543,151.4503311258278,120.72847682119205,189.47168831514176,135.52228342227914,0.11917024345315849,12.656169171639831,1.1174752016417646,1.254470652770159,1.3980851232026512
FD-FD,xB,0.446-0.581,0.5135,0.446,0.581,Fa18 Out / Sp18 Out,Fa18 Out,Sp18 Out,74,0.07089540307706509,0.07065127324581394,0.005638067171431376,0.005412754032685937,1.003455420122462,0.11080761612767419,3642.0,3272.7027027027025,206.44594594594594,187.8108108108108,258.27386202078435,210.82474162388712,0.003449463875297741,0.34554201224619163,1.1128416880006606,1.09922290977119,1.225064288144827
FD-FD,Q2,1.456-1.912,1.684,1.456,1.912,Fa18 Inb / Sp18 Inb,Fa18 Inb,Sp18 Inb,27,0.007799854673783945,0.004349190630590352,0.0015059522135765155,0.0008519040649495025,1.793403724114343,0.4932522425571748,13550.111111111111,7129.185185185185,46.629629629629626,15.37037037037037,61.919151916589634,17.198981619181854,0.584115336100144,79.3403724114343,1.9006535472341133,3.033734939759036,3.600163851999924
FD-FD,Q2,1.912-2.51,2.211,1.912,2.51,Fa18 Inb / Sp18 Inb,Fa18 Inb,Sp18 Inb,85,0.03188301938891446,0.021021567788243812,0.0026112084993788307,0.0020045776920885653,1.516681329864695,0.1906482924842625,8801.588235294117,4638.105882352941,92.89411764705882,34.576470588235296,123.35343489609096,38.690029438042465,0.4165246122906702,51.66813298646951,1.8976686730638013,2.68662810479755,3.1882486699480803
FD-FD,Q2,2.51-3.295,2.9025,2.51,3.295,Fa18 Inb / Sp18 Inb,Fa18 Inb,Sp18 Inb,124,0.04779445719115261,0.03562213410472301,0.003588508439574523,0.0030550881553832055,1.3417067335338486,0.1529354115304751,8064.169354838709,4240.217741935484,120.31451612903226,44.03225806451613,159.7647860628174,49.27077089582767,0.2939424852600011,34.17067335338486,1.9018290676642822,2.7324175824175825,3.242587504884088
FD-FD,Q2,3.295-4.326,3.8104999999999998,3.295,4.326,Fa18 Inb / Sp18 Inb,Fa18 Inb,Sp18 Inb,127,0.07100261644788429,0.050416295548263775,0.004830456597958341,0.003845113762687328,1.408326726026769,0.14393253313558815,8747.795275590552,4615.165354330708,210.48031496062993,79.41732283464567,279.4953059035884,88.86559287542016,0.3424022805513964,40.83267260267689,1.895445689152162,2.6503073567321036,3.1451464718792823
FD-FD,Q2,4.326-5.761,5.0435,4.326,5.761,Fa18 Inb / Sp18 Inb,Fa18 Inb,Sp18 Inb,115,0.09552228540870727,0.06622149801660505,0.005592620622024141,0.004162036407035378,1.4424663933871602,0.12390104128029161,12870.391304347826,6761.730434782608,448.4782608695652,176.04347826086956,595.5310772707353,196.987351236694,0.3663544216501553,44.24663933871602,1.9034167996615223,2.5475426031118795,3.023194502245798
FD-FD,Q2,1-1.2,1.1,1.0,1.2,Fa18 Out / Sp18 Out,Fa18 Out,Sp18 Out,6,8.154894882348334e-05,2.638196132435e-05,2.1740605585177875e-05,4.34027181946443e-06,3.0910874222310136,0.9683496137649341,53986.666666666664,48167.166666666664,3.0,1.0,3.7531450787883327,1.1225378385500002,1.1285229455811545,209.10874222310136,1.1208188150296017,3.0,3.3434463854121206
FD-FD,Q2,1.2-1.456,1.3279999999999998,1.2,1.456,Fa18 Out / Sp18 Out,Fa18 Out,Sp18 Out,11,0.0007380070417568728,0.0003999265741135909,0.0005858347542338234,0.00033227735157980343,1.8453563467059257,2.120501207985012,37131.72727272727,33221.0,29.727272727272727,16.0,37.19025578067454,17.96060541684091,0.6126724006890357,84.53563467059257,1.11771852962666,1.8579545454545454,2.0706571364127173
FD-FD,Q2,1.456-1.912,1.684,1.456,1.912,Fa18 Out / Sp18 Out,Fa18 Out,Sp18 Out,48,0.019035150102168764,0.0168221155961856,0.004646946294806343,0.003988592355487855,1.131555064719979,0.3850865166827391,30898.291666666668,27626.979166666668,127.72916666666667,108.77083333333333,159.79536443073835,122.09937614729063,0.12359285014815281,13.155506471997903,1.1184100686602392,1.1742961118559663,1.3087320301946046
FD-FD,Q2,1.912-2.51,2.211,1.912,2.51,Fa18 Out / Sp18 Out,Fa18 Out,Sp18 Out,99,0.03312614897686109,0.030649861069772685,0.003870713203571417,0.00358037741829488,1.0807927938548,0.17857374952209426,15448.484848484848,13800.878787878788,91.24242424242425,79.45454545454545,114.14868517400019,89.19073371754645,0.07769484022378617,8.07927938548001,1.119384141106517,1.1483600305110604,1.279826731053607
FD-FD,Q2,2.51-3.295,2.9025,2.51,3.295,Fa18 Out / Sp18 Out,Fa18 Out,Sp18 Out,110,0.04035847546710548,0.03774384257723239,0.004060697591298193,0.003968925771169282,1.0692730975793725,0.15561852472427248,6867.009090909091,6133.954545454545,91.21818181818182,76.39090909090909,114.11835672891807,85.75168597578318,0.06697906955569977,6.92730975793725,1.1195076585622505,1.194097346185886,1.3308001519777213
FD-FD,Q2,3.295-4.326,3.8104999999999998,3.295,4.326,Fa18 Out / Sp18 Out,Fa18 Out,Sp18 Out,123,0.04874945960785341,0.04319810840100469,0.004290480437278132,0.003946359637548585,1.1285091271894583,0.1431545178930547,8134.918699186992,7256.991869918699,140.1788617886179,111.82113821138212,175.37053509059106,125.52345879199187,0.12089740513770288,12.850912718945828,1.1209766863467807,1.2535989530318452,1.3971136294228639
FD-FD,Q2,4.326-5.761,5.0435,4.326,5.761,Fa18 Out / Sp18 Out,Fa18 Out,Sp18 Out,112,0.06382766299578421,0.05592496692213252,0.004957101985386635,0.004494015859726008,1.1413089092150033,0.12754643601823681,12842.57142857143,11484.36607142857,276.08035714285717,226.13392857142858,345.38987792008913,253.8438914013763,0.1321757697460232,14.130890921500328,1.1182655924319476,1.2208710072254907,1.3606389187201708
FD-FD,t,0.15-0.25,0.2,0.15,0.25,Fa18 Inb / Sp18 Inb,Fa18 Inb,Sp18 Inb,22,0.001530007563583518,0.0006051072072548319,0.00032278763809077054,0.00016572929459185318,2.5284900679412634,0.8741463142477419,37047.86363636364,19485.363636363636,31.363636363636363,7.2272727272727275,41.64754856688682,8.087100557628636,0.9276223134863905,152.84900679412635,1.9013175390386259,4.339622641509433,5.149873959165786
FD-FD,t,0.25-0.4,0.325,0.25,0.4,Fa18 Inb / Sp18 Inb,Fa18 Inb,Sp18 Inb,140,0.04327807211051388,0.023725092092026973,0.0034640997472453728,0.002057464029621627,1.8241476974101127,0.21527563106627054,16154.978571428572,8497.807142857142,360.39285714285717,119.57142857142857,478.5630992209275,133.79682809361512,0.6011128628311839,82.41476974101127,1.9010761599841306,3.0140382317801677,3.576789569974603
FD-FD,t,0.4-0.6,0.5,0.4,0.6,Fa18 Inb / Sp18 Inb,Fa18 Inb,Sp18 Inb,152,0.06737553944036004,0.04687635365218748,0.004613722388608459,0.0033657207252214137,1.437303335073204,0.14260795734756831,7752.815789473684,4086.467105263158,232.93421052631578,98.22368421052632,309.3116733440891,109.90934496684315,0.36276867394611617,43.73033350732041,1.8971927559354287,2.371466845277964,2.8142436244834372
FD-FD,t,0.6-0.8,0.7,0.6,0.8,Fa18 Inb / Sp18 Inb,Fa18 Inb,Sp18 Inb,108,0.07847087057938816,0.06023861600410087,0.005430717582405573,0.004226989650426041,1.3026672222025502,0.12838720102257642,3009.472222222222,1579.1851851851852,111.86111111111111,51.00925925925926,148.53956995721916,57.07782514463268,0.2644138719728399,30.266722220255016,1.9057120409024813,2.1929569794881103,2.6024041662559227
FD-FD,t,0.8-1,0.9,0.8,1.0,Fa18 Inb / Sp18 Inb,Fa18 Inb,Sp18 Inb,56,0.0721613258474291,0.06024904124165402,0.006219113162780631,0.005724224603764472,1.1977174135932864,0.15363672589965316,2228.7321428571427,1181.6607142857142,66.92857142857143,32.267857142857146,88.8739716520125,36.106760508533576,0.18041759006015917,19.771741359328644,1.8861015822163116,2.0741560597675703,2.4614219165689972
FD-FD,t,0.15-0.25,0.2,0.15,0.25,Fa18 Out / Sp18 Out,Fa18 Out,Sp18 Out,21,0.00010382253704319051,3.08968564313281e-05,1.589494642973995e-05,3.90487529008956e-06,3.3602945100239667,0.6670988236334642,65214.19047619047,58239.09523809524,4.142857142857143,1.0476190476190477,5.182914632610476,1.175992021338095,1.2120286219267662,236.02945100239668,1.1197665453005303,3.9545454545454546,4.407270235314292
FD-FD,t,0.25-0.4,0.325,0.25,0.4,Fa18 Out / Sp18 Out,Fa18 Out,Sp18 Out,154,0.01277032874663645,0.00932310346601387,0.001077421944764296,0.0008116649696759816,1.3697508338493698,0.1660594345914984,20233.14935064935,18079.396103896102,129.32467532467533,91.33116883116882,161.79142292012855,102.52269285198116,0.3146288501964654,36.97508338493698,1.11912749930232,1.4159971560611448,1.578103524394522
FD-FD,t,0.4-0.6,0.5,0.4,0.6,Fa18 Out / Sp18 Out,Fa18 Out,Sp18 Out,161,0.04803409075419993,0.04129809542022297,0.0034908144727207177,0.002937009014629937,1.1631066824132152,0.1182664755639014,10167.32298136646,9097.354037267081,210.11801242236024,177.1614906832298,262.86779476239803,198.8704768258441,0.15109459969345443,16.310668241321522,1.1176132026648933,1.1860253129053746,1.3218040151459887
FD-FD,t,0.6-0.8,0.7,0.6,0.8,Fa18 Out / Sp18 Out,Fa18 Out,Sp18 Out,114,0.06849405939564322,0.06462220860628029,0.004830085370817341,0.0044366763427725435,1.0599151727071527,0.10431645729814334,4345.017543859649,3870.5087719298244,128.97368421052633,117.37719298245614,161.35231606257722,131.7603405056101,0.05818887917377565,5.991517270715274,1.122595968615577,1.0987968014348706,1.2245893980192557
FD-FD,t,0.8-1,0.9,0.8,1.0,Fa18 Out / Sp18 Out,Fa18 Out,Sp18 Out,58,0.07371325247622156,0.07108275881695325,0.0064839727717884935,0.0062376602878227135,1.0370060715572695,0.12884674256155693,3315.7758620689656,2950.6724137931033,88.96551724137932,82.08620689655173,111.3001644054357,92.14487326442587,0.03633778415529322,3.7006071557269538,1.1237356768474749,1.0838059231253938,1.2078823320537906
FD-FD,phi,0-30,15.0,0.0,30.0,Fa18 Inb / Sp18 Inb,Fa18 Inb,Sp18 Inb,20,0.03977459924207185,0.023802358176393708,0.01173821236594174,0.007451055738062553,1.6710360774891126,0.7189106193134162,16806.6,8888.05,334.4,116.15,444.0473699954675,129.968352546607,0.5134438397387237,67.10360774891126,1.890920955665191,2.8790357296599223,3.4165807390397664
FD-FD,phi,0-45,22.5,0.0,45.0,Fa18 Inb / Sp18 Inb,Fa18 Inb,Sp18 Inb,10,0.04268344889920343,0.02784638962391811,0.01935480524679722,0.013975373385030705,1.5328180592051086,1.0367722499042706,31517.2,16604.7,284.3,103.8,377.519938067801,116.149074423972,0.4271079100055473,53.28180592051086,1.8980890952561624,2.7389210019267827,3.2503051784103127
FD-FD,phi,30-75,52.5,30.0,75.0,Fa18 Inb / Sp18 Inb,Fa18 Inb,Sp18 Inb,13,0.050221912530393764,0.03265081409511869,0.01574781179885697,0.011390841660187246,1.5381519243007775,0.7215096478446972,16526.53846153846,8677.692307692309,318.38461538461536,119.61538461538461,422.7806552288169,133.84601358315385,0.4305816466346211,53.81519243007775,1.9044854179594004,2.6617363344051443,3.1587093549570535
FD-FD,phi,45-90,67.5,45.0,90.0,Fa18 Inb / Sp18 Inb,Fa18 Inb,Sp18 Inb,3,0.0003458042768506667,0.00019087137472916668,0.00019251671892555589,6.532176832266303e-05,1.8117136597425314,1.1839515228011044,22711.666666666668,11884.333333333334,3.6666666666666665,1.6666666666666667,4.868940460476667,1.8649498141299998,0.5942731707089611,81.17136597425313,1.9110593778924634,2.1999999999999997,2.610762189731111
FD-FD,phi,60-105,82.5,60.0,105.0,Fa18 Inb / Sp18 Inb,Fa18 Inb,Sp18 Inb,15,0.05359426265195047,0.03054475495097367,0.016236024240921233,0.010433118296280859,1.75461426153108,0.8010799440572182,13532.6,7154.333333333333,318.53333333333336,100.6,422.9781367300433,112.56837078076732,0.5622490387602035,75.46142615310801,1.8915249499138054,3.166335321404904,3.7575220623368075
FD-FD,phi,75-105,90.0,75.0,105.0,Fa18 Inb / Sp18 Inb,Fa18 Inb,Sp18 Inb,15,0.06947213713190627,0.045178915041137774,0.01685488588992906,0.012281232385493883,1.5377114981324416,0.5602756778054513,8643.6,4560.066666666667,309.53333333333336,117.4,411.0271010548907,131.36706490717665,0.43029527099899717,53.77114981324416,1.8954986038215818,2.6365701306076095,3.128844367081814
FD-FD,phi,90-120,105.0,90.0,120.0,Fa18 Inb / Sp18 Inb,Fa18 Inb,Sp18 Inb,26,0.07539735240310384,0.04932219099863423,0.011189006164626153,0.008992570324300411,1.5286699734241662,0.35936554875550564,6519.115384615385,3451.6153846153848,267.2307692307692,97.34615384615384,354.85382852525385,108.92741491288615,0.42439805892978555,52.866997342416624,1.8887143143678544,2.7451600158040304,3.2577090791059846
FD-FD,phi,75-135,105.0,75.0,135.0,Fa18 Inb / Sp18 Inb,Fa18 Inb,Sp18 Inb,23,0.08602119685818153,0.06170777713372278,0.013421255709343945,0.009793250899388036,1.3940090026540863,0.31024116008969504,5512.739130434783,2875.913043478261,127.47826086956522,51.26086956521739,169.2774715034274,57.35936950062347,0.33218377046244707,39.40090026540864,1.916865721283222,2.48685326547922,2.9511738531503107
FD-FD,phi,105-150,127.5,105.0,150.0,Fa18 Inb / Sp18 Inb,Fa18 Inb,Sp18 Inb,39,0.0637306746962706,0.04847823833129988,0.008654132191117134,0.007264343722996371,1.314624394160854,0.26584623027621423,5638.358974358975,2955.3076923076924,115.1025641025641,44.0,152.8438722174774,49.2346750929936,0.2735509930123499,31.462439416085395,1.907875443573926,2.615967365967366,3.1043948584770504
FD-FD,phi,120-165,142.5,120.0,165.0,Fa18 Inb / Sp18 Inb,Fa18 Inb,Sp18 Inb,37,0.06863318150533493,0.048089937037389605,0.008856411094833618,0.006867014250398583,1.4271838503754557,0.27467912736665206,5775.216216216216,3043.7837837837837,185.78378378378378,72.02702702702703,246.70095866344053,80.59607439971782,0.35570316717942885,42.71838503754557,1.8973805718344876,2.5793621013133206,3.060955021703939
FD-FD,phi,135-180,157.5,135.0,180.0,Fa18 Inb / Sp18 Inb,Fa18 Inb,Sp18 Inb,36,0.05928522978112283,0.04564837257484183,0.00815565127207303,0.0064419247159980325,1.298736985287328,0.25595174152221833,5712.194444444444,3001.0555555555557,119.91666666666667,47.611111111111114,159.2364846052558,53.27539969024334,0.26139224242811837,29.873698528732806,1.9033951017234676,2.5186697782963825,2.9889308298219635
FD-FD,phi,120-180,150.0,120.0,180.0,Fa18 Inb / Sp18 Inb,Fa18 Inb,Sp18 Inb,27,0.061901526249942114,0.03959355355406222,0.010735205670773124,0.007609586766468117,1.5634243631458822,0.40472416167224107,6954.555555555556,3638.296296296296,225.33333333333334,79.48148148148148,299.218522843933,88.9373844693652,0.4468785201199772,56.34243631458822,1.9114868579107032,2.8350419384902144,3.3643728633261065
FD-FD,phi,150-210,180.0,150.0,210.0,Fa18 Inb / Sp18 Inb,Fa18 Inb,Sp18 Inb,19,0.06405130138953212,0.04841001662959632,0.010799872407880405,0.007596497984359501,1.3231001732474768,0.3047561496828858,5254.263157894737,2764.157894736842,171.89473684210526,77.47368421052632,228.25779249657893,86.69071978096422,0.2799775990067962,32.310017324747676,1.9008549286924732,2.21875,2.633013003852119
FD-FD,phi,165-225,195.0,165.0,225.0,Fa18 Inb / Sp18 Inb,Fa18 Inb,Sp18 Inb,22,0.07772362921395032,0.05246197486056781,0.013580517460584937,0.010562577029231851,1.4815231302390413,0.39494993635094955,6351.545454545455,3346.2727272727275,171.77272727272728,63.90909090909091,228.09577686138,71.51234832720728,0.3930707006257996,48.15231302390413,1.8980955744519004,2.6877667140825037,3.1895998690704395
FD-FD,phi,180-210,195.0,180.0,210.0,Fa18 Inb / Sp18 Inb,Fa18 Inb,Sp18 Inb,22,0.07845254642849138,0.056618482335604174,0.011643313358960464,0.010056231436465531,1.385634923300602,0.3207165244551657,5440.045454545455,2858.318181818182,182.4090909090909,70.27272727272727,242.21972811443183,78.63306579932409,0.3261584629690027,38.5634923300602,1.9032329882480161,2.5957309184993536,3.080380062155912
FD-FD,phi,180-225,202.5,180.0,225.0,Fa18 Inb / Sp18 Inb,Fa18 Inb,Sp18 Inb,20,0.0552729430921101,0.0383442013282046,0.009120212345089015,0.006495641598623185,1.44149418106287,0.3408870060955771,9078.25,4770.45,221.35,85.5,293.9290829801535,95.6719254648425,0.3656802013645302,44.14941810628701,1.9030175350333827,2.588888888888889,3.072260556605673
FD-FD,phi,195-255,225.0,195.0,255.0,Fa18 Inb / Sp18 Inb,Fa18 Inb,Sp18 Inb,18,0.046221082827564444,0.03540434288495839,0.010465129664133774,0.008205403065402501,1.3055201441742212,0.42299154267635236,11475.166666666666,6030.555555555556,239.11111111111111,100.27777777777777,317.5139354837111,112.207813816715,0.266601539274862,30.552014417422125,1.902837402118839,2.384487534626039,2.8296954078648375
FD-FD,phi,225-270,247.5,225.0,270.0,Fa18 Inb / Sp18 Inb,Fa18 Inb,Sp18 Inb,23,0.054327186658743865,0.043217893844010605,0.008496468976851076,0.007859585268229819,1.2570530821060095,0.3015148640280463,7797.04347826087,4128.869565217391,154.30434782608697,59.0,204.8996406432413,66.01922342010913,0.2287701579177632,25.705308210600954,1.8884208752790534,2.6153279292557112,3.1036360324836822
FD-FD,phi,240-270,255.0,240.0,270.0,Fa18 Inb / Sp18 Inb,Fa18 Inb,Sp18 Inb,19,0.07546230559902889,0.05657389427454568,0.010878803862872894,0.008434445100991885,1.3338715067557527,0.2766287124879732,6291.578947368421,3339.842105263158,215.52631578947367,99.84210526315789,286.1958543396353,111.72030939167266,0.28808562108189284,33.38715067557527,1.883795325968766,2.158671586715867,2.561717344840862
FD-FD,phi,255-285,270.0,255.0,285.0,Fa18 Inb / Sp18 Inb,Fa18 Inb,Sp18 Inb,13,0.06847810219689462,0.052546311719918234,0.012235894796970756,0.010464246558592,1.3031952187604687,0.34867666558294935,9756.076923076924,5108.615384615385,246.69230769230768,103.84615384615384,327.5809522395769,116.20071918794613,0.26481910945341003,30.319521876046874,1.9097301692465218,2.3755555555555556,2.819095738209148
FD-FD,phi,240-300,270.0,240.0,300.0,Fa18 Inb / Sp18 Inb,Fa18 Inb,Sp18 Inb,8,0.05748078091133625,0.038059463104638126,0.014508805439408105,0.009812435926740732,1.51028880132393,0.5449232783354202,14358.625,7553.125,393.625,149.125,522.6918242062,166.8663846191975,0.41230089169405304,51.028880132393,1.9010177906495656,2.6395641240569994,3.1323973693025393
FD-FD,phi,270-300,285.0,270.0,300.0,Fa18 Inb / Sp18 Inb,Fa18 Inb,Sp18 Inb,11,0.06519089360378073,0.04593877073571573,0.015697937550691467,0.012577584086520547,1.4190822383738095,0.5174213614724015,12579.454545454546,6590.727272727273,317.8181818181818,135.45454545454547,422.0284921444491,151.56955762096,0.35001035165981714,41.90822383738095,1.9086595492289442,2.3463087248322143,2.7843882291973405
FD-FD,phi,270-315,292.5,270.0,315.0,Fa18 Inb / Sp18 Inb,Fa18 Inb,Sp18 Inb,7,0.03207881874933128,0.0246885725105968,0.014261286468112092,0.011934431813229021,1.2993387420662919,0.8533374582954734,14383.142857142857,7567.0,143.28571428571428,62.285714285714285,190.26807591659284,69.69583876805142,0.2618554751071268,29.933874206629184,1.9007721497479657,2.30045871559633,2.729977560781028
FD-FD,phi,285-330,307.5,285.0,330.0,Fa18 Inb / Sp18 Inb,Fa18 Inb,Sp18 Inb,10,0.02739674655064662,0.01694688003785027,0.013963720223683383,0.0098942822734997,1.616624799931134,1.25290965557238,34912.5,18300.9,383.6,137.2,509.379698356278,153.52266869912,0.48034051899613633,61.66247999311341,1.9076930642755272,2.795918367346939,3.317944526841057
FD-FD,phi,300-345,322.5,300.0,345.0,Fa18 Inb / Sp18 Inb,Fa18 Inb,Sp18 Inb,10,0.0198695999827029,0.012244839751639338,0.00743753221046759,0.0048186944658216695,1.6226917122408857,0.881314453085673,20341.0,10783.3,221.1,83.2,293.597109766716,93.09829472132601,0.4840863211619373,62.26917122408857,1.8863427707659066,2.657451923076923,3.1536250008182134
FD-FD,phi,330-360,345.0,330.0,360.0,Fa18 Inb / Sp18 Inb,Fa18 Inb,Sp18 Inb,12,0.026665744641851414,0.01583890086547279,0.010038656835044986,0.006550741704070359,1.6835602967867582,0.9415561291931118,19606.416666666668,10305.75,274.9166666666667,94.75,365.05987679821993,106.02239693319335,0.5209107753047535,68.35602967867582,1.9024735382351277,2.9014951627088834,3.4432335747724214
FD-FD,phi,0-30,15.0,0.0,30.0,Fa18 Out / Sp18 Out,Fa18 Out,Sp18 Out,27,0.023971629632534526,0.01906629320708189,0.008422591891630265,0.007015719941976203,1.2572779287601965,0.6396683837852094,25948.333333333332,23264.88888888889,181.14814814814815,136.77777777777777,226.62509358441366,153.53823102837407,0.2289490099892006,25.72779287601965,1.1153431016696596,1.3243975088004334,1.4760173545475657
FD-FD,phi,0-45,22.5,0.0,45.0,Fa18 Out / Sp18 Out,Fa18 Out,Sp18 Out,11,0.03280251931823812,0.02686594525188931,0.01694853159622316,0.014708248114383014,1.2209702286924495,0.9191266608373043,31821.454545454544,28431.545454545456,196.63636363636363,152.8181818181818,246.00160016406636,171.54419150931818,0.1996458121060376,22.097022869244952,1.1192305601652452,1.2867340868530637,1.4340421438909734
FD-FD,phi,30-75,52.5,30.0,75.0,Fa18 Out / Sp18 Out,Fa18 Out,Sp18 Out,14,0.04081311493256751,0.03460195865017474,0.013582553191259554,0.01248236055893453,1.1795030259757102,0.578905793795899,18261.64285714286,16290.0,236.71428571428572,189.78571428571428,296.1410188356064,213.0416455019857,0.1650931853355619,17.95030259757102,1.1210339384372534,1.2472713586751978,1.3900616385956621
FD-FD,phi,45-90,67.5,45.0,90.0,Fa18 Out / Sp18 Out,Fa18 Out,Sp18 Out,6,0.00018690320072823336,0.00029724672052008336,0.00011010847671719924,0.00022495224029592126,0.6287813719230094,0.6030364939536614,41843.333333333336,37393.166666666664,2.8333333333333335,3.1666666666666665,3.5446370188566667,3.5547031554083333,0.4639716631103378,-37.12186280769906,1.1190101578274108,0.8947368421052633,0.9971682202109193
FD-FD,phi,60-105,82.5,60.0,105.0,Fa18 Out / Sp18 Out,Fa18 Out,Sp18 Out,15,0.043499636203076404,0.03467304553544433,0.012488794461343707,0.010928587898890976,1.2545663506428688,0.5348803906343074,11736.4,10507.2,227.2,170.46666666666667,284.238187300146,191.35528354482662,0.22678997553560679,25.456635064286882,1.1169864473884574,1.3328118889323426,1.485395030827883
FD-FD,phi,75-105,90.0,75.0,105.0,Fa18 Out / Sp18 Out,Fa18 Out,Sp18 Out,15,0.05232892499759287,0.0445458222276101,0.013023740443316936,0.011360577686270568,1.1747212730795369,0.4186086289795255,11208.6,10075.333333333334,217.0,181.33333333333334,271.4774940322467,203.5535280571067,0.16103090505594206,17.472127307953688,1.1124793224376364,1.196691176470588,1.333690929474256
FD-FD,phi,90-120,105.0,90.0,120.0,Fa18 Out / Sp18 Out,Fa18 Out,Sp18 Out,30,0.0556633307878691,0.04843940377506641,0.009570638983395862,0.008646216327642451,1.1491332768327986,0.28479804293510264,9792.833333333334,8731.833333333334,144.56666666666666,114.36666666666666,180.85989118550168,128.380910802205,0.1390079859020892,14.913327683279864,1.121509419556794,1.264062955406587,1.408775573061251
FD-FD,phi,75-135,105.0,75.0,135.0,Fa18 Out / Sp18 Out,Fa18 Out,Sp18 Out,25,0.05310342495196384,0.05132573891222773,0.010467546297345235,0.010296719086910577,1.0346353715973995,0.29099058371818703,6986.76,6227.6,68.68,59.0,85.9220013370384,66.229732474458,0.03404906667229538,3.463537159739949,1.1219024985548205,1.1640677966101696,1.2973327556498113
FD-FD,phi,105-150,127.5,105.0,150.0,Fa18 Out / Sp18 Out,Fa18 Out,Sp18 Out,40,0.04424359842851973,0.046113458788292885,0.0061174216953302765,0.006467472347804222,0.9594508759718569,0.188961017685773,6199.75,5531.15,94.775,85.45,118.568108280664,95.92085830406499,0.041394162373048916,-4.054912402814315,1.1208790215416324,1.1091281451141017,1.236103495913352
FD-FD,phi,120-165,142.5,120.0,165.0,Fa18 Out / Sp18 Out,Fa18 Out,Sp18 Out,39,0.04211900065910516,0.03631127897216619,0.007383632502995548,0.006272670330970718,1.1599426363194418,0.2854804774645021,6939.589743589743,6195.076923076923,103.76923076923077,85.25641025641026,129.82032593027898,95.70354649176667,0.14837055244675304,15.994263631944182,1.1201781397966954,1.217142857142857,1.3564839620802074
FD-FD,phi,135-180,157.5,135.0,180.0,Fa18 Out / Sp18 Out,Fa18 Out,Sp18 Out,33,0.04321533106315686,0.03876823489791631,0.00799473395149396,0.007047017070639062,1.1147097921004283,0.28910667468706697,6426.363636363636,5734.636363636364,114.21212121212122,93.18181818181819,142.8848868883591,104.60011677395907,0.10859409489125461,11.470979210042831,1.120622691460186,1.225691056910569,1.3660107779528912
FD-FD,phi,120-180,150.0,120.0,180.0,Fa18 Out / Sp18 Out,Fa18 Out,Sp18 Out,28,0.04741228858780693,0.03902395124709857,0.009750395157578176,0.00814687642472519,1.2149535624312782,0.356036730473416,6852.428571428572,6116.714285714285,155.28571428571428,124.60714285714286,194.26993812564788,139.87623281078035,0.19470585584093028,21.495356243127816,1.1202793283041783,1.2462023502436228,1.3888702478029231
FD-FD,phi,150-210,180.0,150.0,210.0,Fa18 Out / Sp18 Out,Fa18 Out,Sp18 Out,15,0.05977212691990539,0.05537852941529783,0.01220614385057577,0.011552340985750618,1.0793375618853807,0.31508353079122314,7415.466666666666,6629.2,215.66666666666666,188.66666666666666,269.80942955285803,211.78547220655335,0.0763474843239898,7.933756188538066,1.1186065689173152,1.1431095406360423,1.2739751539223343
FD-FD,phi,165-225,195.0,165.0,225.0,Fa18 Out / Sp18 Out,Fa18 Out,Sp18 Out,24,0.055076094847808836,0.04641946195699787,0.009966303874329424,0.008838382302036164,1.1864871440955156,0.3116599101014146,6821.541666666667,6060.5,152.79166666666666,124.0,191.14976394320794,139.19469198019166,0.17099696168581544,18.64871440955156,1.1255740725462695,1.2321908602150538,1.3732546925741238
FD-FD,phi,180-210,195.0,180.0,210.0,Fa18 Out / Sp18 Out,Fa18 Out,Sp18 Out,23,0.06206241562822042,0.05272820974404387,0.010514666663903136,0.009271598740494364,1.177024896720127,0.2874020585382735,6986.217391304348,6196.695652173913,128.1304347826087,104.91304347826087,160.2973702490609,117.76886106186087,0.16298998074782042,17.70248967201269,1.1274101204007747,1.2213012847078324,1.3611184552838709
FD-FD,phi,180-225,202.5,180.0,225.0,Fa18 Out / Sp18 Out,Fa18 Out,Sp18 Out,18,0.031804541907301906,0.02848109975844927,0.00865034414649764,0.007635051762545009,1.116689389701909,0.4264517397126595,8779.444444444445,7795.111111111111,150.88888888888889,123.88888888888889,188.7692969256267,139.0699655537361,0.11036840594861173,11.6689389701909,1.1262757283767604,1.2179372197309417,1.3573692649883269
FD-FD,phi,195-255,225.0,195.0,255.0,Fa18 Out / Sp18 Out,Fa18 Out,Sp18 Out,17,0.03914007734662979,0.036002702783965175,0.011412988253911668,0.010924942544764045,1.0871427509620732,0.45751444672279024,13692.0,12231.470588235294,134.11764705882354,110.76470588235294,167.78766234569179,124.33757352864704,0.08355292514869857,8.714275096207324,1.1194075071536778,1.210833775889538,1.349452603778165
FD-FD,phi,225-270,247.5,225.0,270.0,Fa18 Out / Sp18 Out,Fa18 Out,Sp18 Out,22,0.04743279686775337,0.04808432039672727,0.008453709097070805,0.008983165627264634,0.986450395397119,0.25469963067119195,6084.909090909091,5429.590909090909,138.04545454545453,118.95454545454545,172.70153945861364,133.5309783402568,0.013642238212895898,-1.3549604602881016,1.1206938409891922,1.1604891096675582,1.2933443730079204
FD-FD,phi,240-270,255.0,240.0,270.0,Fa18 Out / Sp18 Out,Fa18 Out,Sp18 Out,22,0.05274709548570757,0.05072780570686994,0.011431590767456359,0.01096718027231992,1.039806369518644,0.3183073223266987,12663.636363636364,11318.681818181818,108.9090909090909,96.04545454545455,136.25053952682134,107.81465694799998,0.03903451266389599,3.9806369518643914,1.1188260759564839,1.133932796971131,1.2637478371102757
FD-FD,phi,255-285,270.0,255.0,285.0,Fa18 Out / Sp18 Out,Fa18 Out,Sp18 Out,16,0.053133466565744,0.050419011512662495,0.012844941850555723,0.012216582742545326,1.0538379268383669,0.36070244872804297,12769.9375,11352.125,181.0,162.5,226.43975308677938,182.4123987643375,0.052438668692345564,5.383792683836686,1.1248940176398692,1.113846153846154,1.2413616323269876
FD-FD,phi,240-300,270.0,240.0,300.0,Fa18 Out / Sp18 Out,Fa18 Out,Sp18 Out,8,0.040909645935066255,0.03541353976466375,0.011325155527941586,0.009785985225319246,1.1551978764880944,0.4518544548218729,14365.25,12763.875,233.625,192.25,292.27617301044995,215.807899461025,0.14427165093459526,15.519787648809436,1.1254615075750898,1.2152145643693109,1.354334914247359
FD-FD,phi,270-300,285.0,270.0,300.0,Fa18 Out / Sp18 Out,Fa18 Out,Sp18 Out,13,0.04122644011195682,0.03852283011373345,0.011961332000646889,0.011701739888848817,1.0701820190843023,0.4495408534830278,13418.153846153846,11992.23076923077,178.84615384615384,162.76923076923077,223.74518738910695,182.71462049009233,0.06782874530026985,7.018201908430233,1.1189039057338404,1.0987712665406426,1.2245609398358983
FD-FD,phi,270-315,292.5,270.0,315.0,Fa18 Out / Sp18 Out,Fa18 Out,Sp18 Out,6,0.0377582573647415,0.032010093048969186,0.017342031878668625,0.015692443870770977,1.179573495990116,0.7924047270739398,14745.166666666666,13253.833333333334,163.33333333333334,128.83333333333334,204.33789873376165,144.620291533175,0.1651529290647463,17.957349599011607,1.1125209059014372,1.2677878395860285,1.4129268899094136
FD-FD,phi,285-330,307.5,285.0,330.0,Fa18 Out / Sp18 Out,Fa18 Out,Sp18 Out,12,0.013788519962220342,0.011636368782204441,0.007881731645973151,0.007430430665015213,1.1849504102437176,1.0155331826582996,42917.333333333336,38377.25,183.5,148.83333333333334,229.567373985715,167.07104830418749,0.16970092581584995,18.495041024371762,1.1183014242378841,1.2329227323628218,1.3740703510026464
FD-FD,phi,300-345,322.5,300.0,345.0,Fa18 Out / Sp18 Out,Fa18 Out,Sp18 Out,14,0.011470069764789795,0.009168486141462071,0.00548098457805096,0.0047203554310474,1.2510320229333627,0.8787622140265217,44547.0,39747.5,124.28571428571429,98.0,155.48743897826574,110.008708177925,0.22396882902554968,25.103202293336267,1.1207497326875904,1.2682215743440235,1.4134102795460948
FD-FD,phi,330-360,345.0,330.0,360.0,Fa18 Out / Sp18 Out,Fa18 Out,Sp18 Out,16,0.01568551148390113,0.013398418836880116,0.006953867652093211,0.006243812102471372,1.1706986977243632,0.7529953725057017,42934.25,38566.375,147.4375,122.875,184.45144251801372,137.9318369118,0.15760074811230398,17.06986977243632,1.1132560423425848,1.1998982706002035,1.3372651785675886
FD-FD,e_theta,8.47-9.99,9.228313615,8.470035085,9.986592145,Fa18 Inb / Sp18 Inb,Fa18 Inb,Sp18 Inb,44,0.01607910376015734,0.011401985418606863,0.0022303578448121765,0.0020332010364848404,1.4102020981291472,0.31858988149254147,8779.5,4625.613636363636,58.18181818181818,20.84090909090909,77.25922052988138,23.320349721212267,0.3437330261255137,41.02020981291472,1.8980184447272352,2.791712104689204,3.312952912520267
FD-FD,e_theta,9.99-11,10.49363581,9.986592145,11.000679475,Fa18 Inb / Sp18 Inb,Fa18 Inb,Sp18 Inb,44,0.03770464170772277,0.02462549008020002,0.0032372474482642594,0.002760975000640602,1.5311224907576142,0.21622020935214326,5398.159090909091,2834.75,115.29545454545455,44.06818181818182,153.10001005796616,49.310968494474764,0.42600112050168315,53.11224907576142,1.9042804800808153,2.6162970603403815,3.1047861101150516
FD-FD,e_theta,11-11.7,11.34920944,11.000679475,11.697739405,Fa18 Inb / Sp18 Inb,Fa18 Inb,Sp18 Inb,50,0.054535017150636696,0.04489967772067785,0.004276228425381751,0.004752929632900871,1.2145970732774645,0.16000515315861535,3876.64,2054.34,98.62,39.02,130.9567931488642,43.662205048344184,0.19441239486001263,21.459707327746447,1.8870488818793383,2.5274218349564324,2.9993169837360405
FD-FD,e_theta,11.7-12.6,12.16179256,11.697739405,12.625845715,Fa18 Inb / Sp18 Inb,Fa18 Inb,Sp18 Inb,37,0.04294701618402262,0.02947678190425772,0.006621287668045763,0.005230009122545463,1.4569777774085717,0.34246778122097526,9941.297297297297,5232.1621621621625,134.0810810810811,45.86486486486486,178.04530927105975,51.32140272284757,0.37636427480338847,45.69777774085717,1.9000361588925045,2.9233942251031237,3.4692214129953323
FD-FD,e_theta,12.6-13.7,13.159188275,12.625845715,13.692530835,Fa18 Inb / Sp18 Inb,Fa18 Inb,Sp18 Inb,43,0.07733075070966801,0.060305748620213845,0.007160564217371352,0.006212167900266535,1.2823114293244602,0.17761489059105778,4790.3488372093025,2509.860465116279,164.37209302325581,69.44186046511628,218.26852753493534,77.70335086026348,0.24866425358714025,28.23114293244602,1.908611615581335,2.3670462156731413,2.8089976187443306
FD-FD,e_theta,13.7-14.7,14.200609392499999,13.692530835,14.70868795,Fa18 Inb / Sp18 Inb,Fa18 Inb,Sp18 Inb,47,0.06051042961823081,0.0415208408533638,0.00731450819916845,0.005380324892215634,1.4573507755281545,0.2582568664232238,5336.617021276596,2829.723404255319,151.91489361702128,60.148936170212764,201.7267014767653,67.3048483983851,0.3766202501437416,45.735077552815454,1.8859147198808994,2.525645560665016,2.9972090611172892
FD-FD,e_theta,14.7-16.4,15.549860657499998,14.70868795,16.391033365,Fa18 Inb / Sp18 Inb,Fa18 Inb,Sp18 Inb,34,0.06543117036062474,0.0485346482051869,0.00874840886603435,0.008453791179949138,1.3481331951558702,0.2960238298112172,10929.764705882353,5778.617647058823,230.05882352941177,84.20588235294117,305.49346750163556,94.22384678561822,0.29872081707159354,34.81331951558702,1.891415105383437,2.732099196646874,3.2422096732763017
FD-FD,e_theta,16.4-17.4,16.911912344999998,16.391033365,17.432791324999997,Fa18 Inb / Sp18 Inb,Fa18 Inb,Sp18 Inb,55,0.09977373272280793,0.06859667051259508,0.007622184234477943,0.005620444285076806,1.4544981844926193,0.16293909730844022,7177.472727272727,3777.109090909091,275.58181818181816,109.9090909090909,365.9431267413898,122.98496319714835,0.3746609507520097,45.449818449261926,1.9002556067410863,2.5073614557485526,2.9755111293953287
FD-FD,e_theta,17.4-20.4,18.9078004125,17.432791324999997,20.3828095,Fa18 Inb / Sp18 Inb,Fa18 Inb,Sp18 Inb,50,0.09704521097745655,0.06689104329079543,0.00989955482298615,0.007183966801435122,1.4507952963982325,0.21489565430630053,7938.12,4176.3,339.64,140.36,451.00552854465377,157.0586135466506,0.37211188634679754,45.07952963982325,1.9007542561597586,2.4197777144485606,2.871574620201859
FD-FD,e_theta,20.4-28.3,24.359791585,20.3828095,28.33677367,Fa18 Inb / Sp18 Inb,Fa18 Inb,Sp18 Inb,50,0.06804496626766057,0.041844059518341144,0.00745258346564209,0.004869053361340829,1.6261559478433256,0.2598578829638606,21166.86,11113.1,601.82,214.96,799.1524767066537,240.53376722703854,0.4862189154093901,62.615594784332565,1.9046764629131385,2.7996836620766654,3.3224128400747075
FD-FD,e_theta,7.24-8.92,8.0807066065,7.24075414,8.920659073,Fa18 Out / Sp18 Out,Fa18 Out,Sp18 Out,32,0.026569498472210983,0.023239025523573407,0.006516625134862121,0.005553854008995368,1.1433137953766255,0.391526732082616,23624.4375,21125.4375,180.0625,151.875,225.26689524950658,170.4854342297922,0.13393088377185444,14.331379537662547,1.1182934081246838,1.18559670781893,1.3213263424362465
FD-FD,e_theta,8.92-9.97,9.4457527675,8.920659073,9.970846461999999,Fa18 Out / Sp18 Out,Fa18 Out,Sp18 Out,32,0.020867343279462824,0.021254798986024444,0.004283485758411897,0.004510388996768079,0.9817709070400344,0.2898601598626641,14777.28125,13211.5,66.4375,57.6875,83.11652539061687,64.75640156139374,0.018397290064458362,-1.8229092959965554,1.1185165386216553,1.1516793066088842,1.2835260049435637
FD-FD,e_theta,9.97-10.9,10.421775857,9.970846461999999,10.872705252,Fa18 Out / Sp18 Out,Fa18 Out,Sp18 Out,47,0.04806015482001214,0.04323303728421386,0.0059307504883709585,0.005271175612388007,1.1116534446577238,0.19284495884444114,9099.234042553191,8143.063829787234,130.68085106382978,114.12765957446808,163.48806435395787,128.11261629752343,0.10584849676762675,11.165344465772375,1.1174214316321944,1.145041014168531,1.2761277466559575
FD-FD,e_theta,10.9-11.6,11.234138337,10.872705252,11.595571421999999,Fa18 Out / Sp18 Out,Fa18 Out,Sp18 Out,46,0.041665288374426214,0.04233897819205151,0.006270905722444726,0.006819607525205178,0.9840881890306986,0.21693807559841696,11445.173913043478,10240.652173913044,79.15217391304348,66.78260869565217,99.02319733229413,74.96600521793913,0.01603976294710718,-1.5911810969301388,1.117621584902456,1.1852213541666667,1.32090801749962
FD-FD,e_theta,11.6-12.8,12.204744636,11.595571421999999,12.81391785,Fa18 Out / Sp18 Out,Fa18 Out,Sp18 Out,39,0.04461657095732276,0.040032284950580026,0.008167278989484262,0.007397364935957182,1.1145147226145609,0.2898907441665093,9982.48717948718,8913.48717948718,108.84615384615384,92.82051282051282,136.17180221752437,104.19453783467436,0.1084190838189488,11.451472261456086,1.1199306150863284,1.1726519337016574,1.3068996230261933
FD-FD,e_theta,12.8-13.9,13.38128537,12.81391785,13.94865289,Fa18 Out / Sp18 Out,Fa18 Out,Sp18 Out,54,0.042929557861267474,0.0441475326897542,0.005176180419524009,0.005886822946186083,0.9724112593778226,0.17481442931945612,7490.37037037037,6690.537037037037,117.83333333333333,104.11111111111111,147.41519837235222,116.86866163570278,0.02797645765016757,-2.758874062217742,1.1195469554843906,1.1318036286019209,1.2613749170146877
FD-FD,e_theta,13.9-15.2,14.5813868235,13.94865289,15.214120757,Fa18 Out / Sp18 Out,Fa18 Out,Sp18 Out,47,0.046122962611133876,0.03854072964062908,0.006460363673414182,0.005737257501631003,1.1967329897800305,0.24461138317344444,6394.808510638298,5685.893617021276,120.04255319148936,92.2127659574468,150.1790392518266,103.5123189845851,0.1795953355107784,19.67329897800305,1.124679591523629,1.3017997231195202,1.450832526263768
FD-FD,e_theta,15.2-17.2,16.2131497275,15.214120757,17.212178698,Fa18 Out / Sp18 Out,Fa18 Out,Sp18 Out,47,0.06758827805299525,0.05857033534658825,0.007535658581019878,0.006703001509453154,1.1539677492546967,0.1843755923895975,7346.468085106383,6547.829787234043,209.10638297872342,176.59574468085106,261.6021974064866,198.23540553115743,0.1432062207757118,15.39677492546967,1.1219699234438567,1.184096385542169,1.3196542600729795
FD-FD,e_theta,17.2-19.8,18.484428283,17.212178698,19.756677868000004,Fa18 Out / Sp18 Out,Fa18 Out,Sp18 Out,53,0.06609997701439144,0.057007073278265374,0.008085825494886617,0.006916453706051156,1.1595048335798857,0.1997716163230923,8727.33962264151,7793.301886792453,219.03773584905662,183.58490566037736,274.0268001234009,206.08100319038866,0.14799304638081529,15.950483357988565,1.1198513479160868,1.19311408016444,1.329704319569137
FD-FD,e_theta,19.8-26.6,23.195291389,19.756677868000004,26.63390491,Fa18 Out / Sp18 Out,Fa18 Out,Sp18 Out,63,0.0502725572915496,0.04164388149934697,0.005840270931522564,0.005236981369813701,1.2072015259273547,0.2066770626798734,16686.238095238095,14932.555555555555,288.25396825396825,220.3968253968254,360.6196541310182,247.4037760042143,0.1883048924927002,20.720152592735474,1.117440215317337,1.3078862081382787,1.4576158050428274
FD-FD,p_theta,10.8-23.2,17.018476315,10.834263575,23.202689055,Fa18 Inb / Sp18 Inb,Fa18 Inb,Sp18 Inb,64,0.10326839048400391,0.08643601537447312,0.006371578591291653,0.005128939014464085,1.1947379808822358,0.10227256909378338,2831.625,1485.578125,168.921875,81.203125,224.3101505038906,90.86385172524406,0.17792689848180504,19.47379808822358,1.9060761277701233,2.0802385991918415,2.46864012745315
FD-FD,p_theta,23.2-27.2,25.2224358775,23.202689055,27.2421827,Fa18 Inb / Sp18 Inb,Fa18 Inb,Sp18 Inb,64,0.08951470330811719,0.07193469598960812,0.005600565563249898,0.004322227811662765,1.2443884286526867,0.10794485773044145,3362.703125,1772.140625,212.296875,101.09375,281.90750299657975,113.12086216322969,0.21864418726192264,24.438842865268672,1.8975374062089458,2.1,2.492091181110311
FD-FD,p_theta,27.2-31.3,29.256799810000004,27.2421827,31.271416920000004,Fa18 Inb / Sp18 Inb,Fa18 Inb,Sp18 Inb,65,0.1035961128619406,0.06815760533342675,0.005508077082342419,0.004089076075870331,1.5199494224474115,0.12184504475176777,4892.030769230769,2563.153846153846,356.5076923076923,136.4923076923077,473.4040166043831,152.73078231642924,0.4186770595989194,51.99494224474115,1.908598181327091,2.6119251577998197,3.0995979292738753
FD-FD,p_theta,31.3-33.7,32.4817259125,31.271416920000004,33.692034905,Fa18 Inb / Sp18 Inb,Fa18 Inb,Sp18 Inb,60,0.0809322792315703,0.04716235531348702,0.005627119560556912,0.003713149982161478,1.716035568911167,0.18024788397437572,8019.55,4226.083333333333,451.73333333333335,155.26666666666668,599.8534647308568,173.738724684163,0.540016728654663,71.60355689111671,1.8976317709463058,2.9094031773293256,3.452618095484017
FD-FD,p_theta,33.7-35.1,34.40545824,33.692034905,35.118881575,Fa18 Inb / Sp18 Inb,Fa18 Inb,Sp18 Inb,62,0.04679506398639517,0.028183948997726128,0.00416346120181573,0.003045508538352061,1.6603444744443223,0.23240461260835663,8580.661290322581,4526.693548387097,227.5,77.85483870967742,302.0956240251453,87.11722018838161,0.5070250955657448,66.03444744443223,1.895569293260409,2.9221048270147087,3.4676912712767467
FD-FD,p_theta,35.1-36.4,35.7603209575,35.118881575,36.40176034,Fa18 Inb / Sp18 Inb,Fa18 Inb,Sp18 Inb,57,0.028074922296292788,0.016637810398962213,0.002731909690843592,0.0017191692141282874,1.687416890989692,0.23950448234529279,12699.140350877193,6682.859649122807,170.87719298245614,57.14035087719298,226.9066032778514,63.93833204858754,0.5231988927678513,68.7416890989692,1.9002554322002083,2.9904820386859075,3.5488351980377315
FD-FD,p_theta,36.4-38.4,37.420940395,36.40176034,38.44012045,Fa18 Inb / Sp18 Inb,Fa18 Inb,Sp18 Inb,58,0.00630136596309793,0.003873550573358562,0.0011082995811088152,0.0009271381339365833,1.6267674433986623,0.4831897029924931,14836.258620689656,7806.0344827586205,50.58620689655172,17.051724137931036,67.17306259114103,19.08036585695948,0.4865948821869576,62.67674433986623,1.9006140254003314,2.966632962588473,3.520533258886121
FD-FD,p_theta,38.4-45.8,42.108864705,38.44012045,45.77760896,Fa18 Inb / Sp18 Inb,Fa18 Inb,Sp18 Inb,21,0.0010947707403499477,0.000422062672462981,0.00026786630804428324,9.511143265323913e-05,2.5938582390177367,0.8628216140051117,21228.809523809523,11190.904761904761,15.238095238095237,2.857142857142857,20.23455775784571,3.1970568242204758,0.9531464348318032,159.38582390177368,1.8969699032802998,5.333333333333333,6.329120459965366
FD-FD,p_theta,45.8-52.5,49.153762764999996,45.77760896,52.52991657,Fa18 Inb / Sp18 Inb,Fa18 Inb,Sp18 Inb,3,0.000125213901059,7.0011360864e-05,3.423164153005004e-05,1.665585059609876e-05,1.7884797483401766,0.6481529177410449,35384.333333333336,18722.333333333332,3.6666666666666665,1.0,4.86894046048,1.11896988848,0.5813659563876193,78.84797483401766,1.8899531753520753,3.6666666666666665,4.35127031621372
FD-FD,p_theta,18.4-27.1,22.7518324675,18.439844495000003,27.06382044,Fa18 Out / Sp18 Out,Fa18 Out,Sp18 Out,67,0.05866529585249114,0.06404644236197417,0.00521407360987706,0.005712898707210887,0.915980555499552,0.11534037694361297,1366.7164179104477,1214.641791044776,53.23880597014925,54.97014925373134,66.60432087578747,61.706072528034326,0.08776014215389229,-8.401944450044796,1.1252012140425898,0.968503937007874,1.0793803291487685
FD-FD,p_theta,27.1-31.2,29.122823386,27.06382044,31.181826332,Fa18 Out / Sp18 Out,Fa18 Out,Sp18 Out,64,0.09071485786343875,0.08229708719144765,0.00516848441403138,0.004359864094586408,1.1022851592840563,0.08575703785914071,3053.09375,2725.453125,184.84375,167.484375,231.24847021900732,188.00754830339142,0.09738544248731609,10.228515928405635,1.1202151018465967,1.103647728332867,1.2299956693538558
FD-FD,p_theta,31.2-33.6,32.4102919535,31.181826332,33.638757575,Fa18 Out / Sp18 Out,Fa18 Out,Sp18 Out,64,0.08714164801717048,0.07325471703318656,0.006377684631933438,0.005513114191633979,1.1895704679016468,0.12487891291957616,5122.15625,4583.71875,300.4375,250.34375,375.861841535875,281.0203320195117,0.17359229062166812,18.95704679016468,1.1174673947872564,1.2000998626888029,1.3374898493457699
FD-FD,p_theta,33.6-35.1,34.382127623,33.638757575,35.125497671,Fa18 Out / Sp18 Out,Fa18 Out,Sp18 Out,63,0.0603549016847598,0.050820719191975006,0.004458256377197677,0.003993137455088672,1.1876042418205353,0.1280747589560092,7104.873015873016,6350.142857142857,274.95238095238096,224.36507936507937,343.9787251572746,251.85829123657936,0.17193803565970742,18.760424182053526,1.1188524692607842,1.2254686947293951,1.365762959275235
FD-FD,p_theta,35.1-36,35.578405352999994,35.125497671,36.031313035,Fa18 Out / Sp18 Out,Fa18 Out,Sp18 Out,63,0.026924814859774555,0.021535432387363124,0.0021035162667885823,0.0018295537925595256,1.2502565249432323,0.1443006367324745,10296.460317460318,9223.57142857143,183.93650793650792,139.53968253968253,230.11346652366308,156.63857363007384,0.2233487502140612,25.025652494323225,1.1163203317931112,1.3181663064497782,1.4690727908893728
FD-FD,p_theta,36-37.1,36.575783269,36.031313035,37.120253503,Fa18 Out / Sp18 Out,Fa18 Out,Sp18 Out,60,0.01290630639875535,0.01042739223070505,0.00170436113961254,0.0014266732133301865,1.2377309794438114,0.2353595272598903,15045.083333333334,13435.966666666667,137.0,101.53333333333333,171.3936252645995,113.97500854078334,0.21327984809935907,23.77309794438114,1.1197618829063285,1.3493105712409719,1.503782517403982
FD-FD,p_theta,37.1-40.7,38.894083774,37.120253503,40.667914045,Fa18 Out / Sp18 Out,Fa18 Out,Sp18 Out,48,0.0036188702450190165,0.0025825020008611523,0.000709591025969026,0.00043065673479025747,1.4013039462553294,0.36070014275596135,17037.416666666668,15201.3125,32.958333333333336,23.208333333333332,41.232468851646665,26.052232336343753,0.33740319332889035,40.13039462553294,1.1207858970511044,1.4201077199281869,1.5826846743618959
FD-FD,p_theta,40.7-50.2,45.4292219705,40.667914045,50.190529896,Fa18 Out / Sp18 Out,Fa18 Out,Sp18 Out,9,0.0004560020202428667,0.00028150670378476674,0.00020422034640025775,0.00013914622815743908,1.6198620285487584,1.0804527053828632,36249.88888888889,32419.333333333332,10.333333333333334,5.777777777777778,12.927499715824444,6.485774178277778,0.4823409780548351,61.98620285487584,1.1181565184012285,1.7884615384615385,1.9932084220757116
FD-FD,p_theta,50.2-55.5,52.838397050000005,50.190529896,55.48626420400001,Fa18 Out / Sp18 Out,Fa18 Out,Sp18 Out,8,0.0001095135044117,4.2638586892749996e-05,3.0752413228388397e-05,1.4916836615345287e-05,2.568413082899823,1.1521971493207017,44522.5,39856.25,3.0,1.0,3.7531450787875,1.12253783855,0.9432882307185156,156.8413082899823,1.1170769954524071,3.0,3.3434463854113794
FD-FD,p_theta,55.5-63.6,59.530544097,55.48626420400001,63.57482399,Fa18 Out / Sp18 Out,Fa18 Out,Sp18 Out,14,0.00010517495149540714,2.789481321663571e-05,1.9844903831687104e-05,3.931071900253871e-06,3.7704124662388363,0.8879439306016835,73029.71428571429,65251.07142857143,4.571428571428571,1.2142857142857142,5.71907821529,1.3630816610964285,1.327184402965764,277.04124662388364,1.1192109598638227,3.764705882352941,4.195697424826124
FD-FD,g_theta,5.5-7.39,6.445202235,5.50383258,7.38657189,Fa18 Inb / Sp18 Inb,Fa18 Inb,Sp18 Inb,7,0.0007742347164367001,0.0002933485854721571,0.0005426447463907509,0.00020586389855491017,2.639299300491039,2.617721227822463,54878.0,28874.714285714286,41.0,9.285714285714286,54.443606967214286,10.390434678718568,0.9705134654483699,163.9299300491039,1.9005556022817789,4.415384615384615,5.239781457721334
FD-FD,g_theta,7.39-9.49,8.436699815,7.38657189,9.48682774,Fa18 Inb / Sp18 Inb,Fa18 Inb,Sp18 Inb,17,0.020036574389653474,0.009705238007471237,0.006973318002680315,0.0032707057752045157,2.0645113879978028,1.000162160501687,26717.70588235294,13982.29411764706,373.88235294117646,111.11764705882354,496.47570427980764,124.3373011372288,0.7248935824333245,106.45113879978028,1.9108241936230272,3.3647432503970354,3.9929747528608206
FD-FD,g_theta,9.49-11.4,10.425436325,9.48682774,11.36404491,Fa18 Inb / Sp18 Inb,Fa18 Inb,Sp18 Inb,37,0.06327838782543119,0.036646627982689736,0.00813893824063561,0.004911100342505105,1.7267178812555724,0.3207361809276837,16381.594594594595,8605.45945945946,598.3513513513514,207.27027027027026,794.546482956971,231.92919120893728,0.5462224281222301,72.67178812555724,1.9036281179138321,2.8868170556787067,3.425814917110587
FD-FD,g_theta,11.4-13.4,12.388779925000001,11.36404491,13.41351494,Fa18 Inb / Sp18 Inb,Fa18 Inb,Sp18 Inb,38,0.058216287209429174,0.038306656620359966,0.009546215062293466,0.006555976913360136,1.5197433643553024,0.3602124988226178,13463.605263157895,7127.473684210527,342.0263157894737,136.44736842105263,454.17430022633744,152.680496625074,0.4185414813633034,51.97433643553025,1.8889729881407746,2.5066538090646096,2.974671357937871
FD-FD,g_theta,13.4-14.8,14.103842637500001,13.41351494,14.794170335,Fa18 Inb / Sp18 Inb,Fa18 Inb,Sp18 Inb,53,0.0780211616749519,0.050176760758009906,0.007809406272263721,0.005643188720020785,1.554926234701133,0.23410465802513625,7934.207547169812,4182.7169811320755,320.22641509433964,121.64150943396227,425.2263679001782,136.11318624553115,0.4414281070147713,55.4926234701133,1.8969027985781564,2.632542267721421,3.124064461566002
FD-FD,g_theta,14.8-16.9,15.864044185,14.794170335,16.933918034999998,Fa18 Inb / Sp18 Inb,Fa18 Inb,Sp18 Inb,58,0.07911557916862208,0.05349041249829179,0.00835453697939054,0.00601492772196566,1.4790609283700817,0.2281587024002349,5542.482758620689,2917.4655172413795,215.5,89.12068965517241,286.16090979096583,99.72336816445205,0.3914073785326683,47.906092837008174,1.8997594747448479,2.4180692590443025,2.869547178942682
FD-FD,g_theta,16.9-18.5,17.7141280325,16.933918034999998,18.494338030000005,Fa18 Inb / Sp18 Inb,Fa18 Inb,Sp18 Inb,56,0.06308749797509566,0.041729266569417715,0.007500133985031943,0.005551678395813029,1.5118285836667649,0.2697387946056864,6642.875,3509.5714285714284,195.85714285714286,74.42857142857143,260.07730018128626,83.28333027092357,0.4133199007396461,51.182858366676484,1.8927880897138438,2.6314779270633397,3.122801397773669
FD-FD,g_theta,18.5-20.8,19.631337727500004,18.494338030000005,20.768337425,Fa18 Inb / Sp18 Inb,Fa18 Inb,Sp18 Inb,60,0.06768000585747895,0.046356132075176824,0.00713142737491611,0.005417156483486998,1.460001143920306,0.22973081509970247,5385.283333333334,2839.116666666667,138.38333333333333,54.68333333333333,183.75823928797416,61.189003401532844,0.378437219226997,46.000114392030596,1.8968164980891944,2.530630905211826,3.003125219773899
FD-FD,g_theta,20.8-23.4,22.0717396125,20.768337425,23.3751418,Fa18 Inb / Sp18 Inb,Fa18 Inb,Sp18 Inb,63,0.05911149533118062,0.046427716729782596,0.005685108304659904,0.005430982698335549,1.2731941067707426,0.19281003652410644,4852.793650793651,2556.5555555555557,102.71428571428571,43.01587301587302,136.39356588642082,48.13346663130603,0.24152878773989406,27.319410677074263,1.8981764899449285,2.387822878228782,2.833653493756678
FD-FD,g_theta,23.4-30.2,26.791827,23.3751418,30.2085122,Fa18 Inb / Sp18 Inb,Fa18 Inb,Sp18 Inb,65,0.05964771397172415,0.05448653203436723,0.003933759084418473,0.004364155973016243,1.0947239940707094,0.11358130864865211,2538.476923076923,1327.0307692307692,73.73846153846154,37.04615384615385,97.91677605767536,41.45353063772493,0.0905022712865526,9.472399407070942,1.9128998226230913,1.9904485049833884,2.362085317011957
FD-FD,g_theta,5.35-7.65,6.502383424,5.35486355,7.649903298,Fa18 Out / Sp18 Out,Fa18 Out,Sp18 Out,12,0.00025104727691383335,0.00014039767375521666,0.00011598721148301449,7.197416831482918e-05,1.7881156446476048,1.2340088038528043,73349.08333333333,65513.333333333336,13.083333333333334,7.75,16.367882704695834,8.699668248758334,0.5811623528743209,78.81156446476048,1.1196054238322986,1.6881720430107527,1.8814375717179734
FD-FD,g_theta,7.65-9.55,8.599940533,7.649903298,9.549977768,Fa18 Out / Sp18 Out,Fa18 Out,Sp18 Out,23,0.010370096279843448,0.006943007007869583,0.0028789202386157887,0.0019325206464314208,1.4936030264825335,0.587168310939887,37078.608695652176,33134.65217391304,195.47826086956522,131.3913043478261,244.55275759746826,147.4917107868696,0.4011913395438943,49.36030264825335,1.119028155208589,1.4877564526803442,1.6580779780285761
FD-FD,g_theta,9.55-11.3,10.4086320325,9.549977768,11.267286297,Fa18 Out / Sp18 Out,Fa18 Out,Sp18 Out,33,0.024744052062280364,0.018566952057989236,0.004497130831240155,0.003402797994868703,1.3326932705485801,0.3439797829816007,20081.21212121212,17962.60606060606,256.1515151515151,191.6969696969697,320.45793283820484,215.1871020202197,0.28720191010372426,33.26932705485801,1.1179453612386676,1.3362314258615238,1.489206043622882
FD-FD,g_theta,11.3-13.1,12.1997585795,11.267286297,13.132230861999998,Fa18 Out / Sp18 Out,Fa18 Out,Sp18 Out,39,0.04684518686917464,0.03886986024839386,0.007845466922300362,0.00688915613540629,1.2051802236955644,0.29387901717497156,12480.205128205129,11172.948717948719,235.0,189.94871794871796,293.9963645049721,213.22462328146665,0.18662911899198664,20.518022369556444,1.1170019162583622,1.2371760259179265,1.3788105706576061
FD-FD,g_theta,13.1-14.5,13.8037056585,13.132230861999998,14.475180455,Fa18 Out / Sp18 Out,Fa18 Out,Sp18 Out,54,0.059538032398583546,0.04926100006400869,0.0075583167968716475,0.006434247909881107,1.2086241107817766,0.22014398638970956,8539.925925925925,7625.074074074074,232.25925925925927,189.61111111111111,290.5675652970505,212.84564683171854,0.1894826140941566,20.862411078177658,1.1199794051788203,1.2249243090145523,1.3651562511249338
FD-FD,g_theta,14.5-16.5,15.465730715500001,14.475180455,16.456280976000002,Fa18 Out / Sp18 Out,Fa18 Out,Sp18 Out,55,0.0555001396342075,0.04911526098937782,0.006979625357096294,0.006240392561822717,1.1299978563935666,0.20200903765371123,7467.527272727273,6660.0,159.52727272727273,136.6727272727273,199.57633285616657,153.4203078614391,0.12221573572560622,12.999785639356665,1.1212503412503414,1.1672209658108288,1.3008469063718284
FD-FD,g_theta,16.5-18.1,17.2977615825,16.456280976000002,18.139242189,Fa18 Out / Sp18 Out,Fa18 Out,Sp18 Out,55,0.04576922183797807,0.03912197935576253,0.006338778092170127,0.005589620507836723,1.1699106893791769,0.23279294903619444,6574.854545454546,5880.418181818181,119.32727272727273,96.6,149.2841888005031,108.43715520395635,0.1569274120321357,16.991068937917685,1.1180930236872455,1.2352719744024092,1.376688539271606
FD-FD,g_theta,18.1-19.9,19.027942326,18.139242189,19.916642463,Fa18 Out / Sp18 Out,Fa18 Out,Sp18 Out,58,0.04353811036718857,0.03863621320024751,0.005719806332255327,0.0050935924928602475,1.126873126554485,0.20973071708200736,5720.086206896552,5130.017241379311,119.22413793103448,102.74137931034483,149.1551621827802,115.33108586069741,0.11944665246001712,12.68731265544849,1.1150228035800107,1.160429602282262,1.293278053090883
FD-FD,g_theta,19.9-22.6,21.234465708499997,19.916642463,22.552288953999998,Fa18 Out / Sp18 Out,Fa18 Out,Sp18 Out,64,0.060845941569286674,0.05552210730475682,0.006286833958369098,0.005890387296355778,1.0958867471529443,0.16229144907728002,7638.34375,6807.96875,130.96875,112.3125,163.84823984574842,126.07503099218047,0.0915638502969636,9.588674715294431,1.1219710357806798,1.166110183639399,1.2996089594926274
FD-FD,g_theta,22.6-29.8,26.194582871999998,22.552288953999998,29.83687679,Fa18 Out / Sp18 Out,Fa18 Out,Sp18 Out,67,0.05488492525475791,0.059108479522387916,0.004318565563665182,0.004818639771535788,0.9285457128696688,0.10520469625414428,2983.6567164179105,2668.2985074626868,120.46268656716418,112.95522388059702,150.70464642226253,126.79651286784926,0.0741356663698675,-7.1454287130331195,1.1181870049671097,1.0664640591966172,1.1885551346300112
CD-FD,xB,0.09-0.118,0.104,0.09,0.118,Fa18 Inb / Sp18 Inb,Fa18 Inb,Sp18 Inb,38,0.04667360842680222,0.0257306820804024,0.00638735928075972,0.0036423973787859517,1.8139281454319025,0.3571512757113711,28032.342105263157,14701.473684210527,665.0526315789474,207.21052631578948,834.6461454685574,242.24617366106185,0.5954947397903787,81.39281454319025,1.9067708930003435,3.209550419100838,3.445446146184957
CD-FD,xB,0.118-0.155,0.1365,0.118,0.155,Fa18 Inb / Sp18 Inb,Fa18 Inb,Sp18 Inb,128,0.04505520987909287,0.025153370020299985,0.0037065566250479394,0.002096102869328185,1.7912196195870032,0.20975042298456037,43018.3984375,22650.546875,627.3515625,198.6875,787.3310150668012,232.2820538370299,0.5828967395625432,79.12196195870031,1.8992211832633732,3.1574787669078326,3.3895473286076423
CD-FD,xB,0.155-0.204,0.1795,0.155,0.204,Fa18 Inb / Sp18 Inb,Fa18 Inb,Sp18 Inb,228,0.042069966189492575,0.024088231520700984,0.002594644826477527,0.0015088693088020405,1.746494596472905,0.15352695337528335,47385.86403508772,24943.894736842107,645.5438596491229,205.71052631578948,810.1624873021709,240.49255010264778,0.5576106913423597,74.64945964729051,1.8996978833902327,3.1381177774934974,3.3687633440469353
CD-FD,xB,0.204-0.268,0.236,0.204,0.268,Fa18 Inb / Sp18 Inb,Fa18 Inb,Sp18 Inb,261,0.03447644872251567,0.019508078023013124,0.0018407410764588962,0.0010411698076621119,1.7672908977421962,0.13341715772455143,36429.45977011494,19199.74712643678,692.8582375478927,223.48275862068965,869.5423938886175,261.2697536058931,0.5694478078253136,76.72908977421962,1.8973926859668888,3.1002760205043804,3.328140291356728
CD-FD,xB,0.268-0.357,0.3125,0.268,0.357,Fa18 Inb / Sp18 Inb,Fa18 Inb,Sp18 Inb,167,0.031797762866925816,0.019031899402817753,0.002068069697735514,0.0012945604199815857,1.6707613987397403,0.15723600746225702,31128.63473053892,16410.580838323353,805.2395209580839,274.5748502994012,1010.581765161098,321.0006173489734,0.5132794499144181,67.07613987397403,1.896863678209655,2.93267762899638,3.1482237433283555
CD-FD,xB,0.357-0.446,0.40149999999999997,0.357,0.446,Fa18 Inb / Sp18 Inb,Fa18 Inb,Sp18 Inb,98,0.03725570526242824,0.02264305252874679,0.0027994361704333152,0.0017444094630551551,1.6453481797619716,0.17706634140212538,12452.081632653062,6586.081632653061,395.1326530612245,137.12244897959184,495.8945054364659,160.30743794215408,0.4979520212504083,64.53481797619716,1.8906661543514773,2.881604405417473,3.0933967369337303
CD-FD,xB,0.446-0.581,0.5135,0.446,0.581,Fa18 Inb / Sp18 Inb,Fa18 Inb,Sp18 Inb,33,0.029127607009024732,0.016889989932477274,0.003992403311004644,0.0022127151586692566,1.7245485121939652,0.3269829404330691,6099.090909090909,3229.030303030303,132.36363636363637,43.333333333333336,166.117377249867,50.66023613096363,0.5449652841640399,72.45485121939652,1.8888304960678692,3.0545454545454547,3.2790486175475153
CD-FD,xB,0.062-0.09,0.076,0.062,0.09,Fa18 Out / Sp18 Out,Fa18 Out,Sp18 Out,43,0.08723124908595112,0.06530722560504812,0.006728428277773664,0.005129856797879747,1.3357059387806594,0.14704645977220213,39803.395348837206,35485.90697674418,2124.6976744186045,1345.6511627906978,2663.507268450291,1772.9483622553025,0.2894599451845394,33.570593878065935,1.1216676912026655,1.578936453346698,1.5023039165461882
CD-FD,xB,0.09-0.118,0.104,0.09,0.118,Fa18 Out / Sp18 Out,Fa18 Out,Sp18 Out,113,0.07765276313302522,0.05933396685745283,0.004826170436298534,0.0038291037858805437,1.3087404609164672,0.11725789232931198,40253.008849557526,35850.80530973451,1651.3274336283187,1055.725663716814,2070.093394941164,1390.9601078155197,0.26906519447802757,30.874046091646722,1.1227923194971492,1.564163390529519,1.48824785362983
CD-FD,xB,0.118-0.155,0.1365,0.118,0.155,Fa18 Out / Sp18 Out,Fa18 Out,Sp18 Out,182,0.06716076850712463,0.05142307169350326,0.0036074943460710648,0.0028617420176172584,1.3060434994514272,0.10101597368210852,55597.13736263736,49667.17582417582,1311.6263736263736,836.510989010989,1644.246342294634,1102.1361471570137,0.2670023376896273,30.604349945142715,1.1193939747944173,1.567972675621531,1.4918722578294943
CD-FD,xB,0.155-0.204,0.1795,0.155,0.204,Fa18 Out / Sp18 Out,Fa18 Out,Sp18 Out,242,0.06385618752965924,0.04876752714835471,0.0025976736425548626,0.0020720091705126566,1.3093997433046713,0.07702179440041255,51797.85950413223,46248.35123966942,1396.0619834710744,888.7272727272727,1750.094276918592,1170.9331558154208,0.26956882098441265,30.939974330467134,1.1199936455183885,1.5708553414670436,1.4946150155769153
CD-FD,xB,0.204-0.268,0.236,0.204,0.268,Fa18 Out / Sp18 Out,Fa18 Out,Sp18 Out,264,0.04926997007620601,0.03825262504613871,0.002130326287750968,0.0016835457149442555,1.288015398074737,0.07946647132756131,37146.128787878784,33178.943181818184,1203.594696969697,796.0492424242424,1508.8185308640218,1048.8262037415468,0.2531025826376709,28.80153980747371,1.1195693782143907,1.5119601060159786,1.4385782177080568
CD-FD,xB,0.268-0.357,0.3125,0.268,0.357,Fa18 Out / Sp18 Out,Fa18 Out,Sp18 Out,172,0.04353877083431697,0.03515543191748692,0.0024688596838584884,0.002026284432683114,1.2384649671352788,0.1001363477616727,30685.517441860466,27464.267441860466,1158.0581395348838,796.3604651162791,1451.734196858348,1049.2362518858881,0.21387268301937276,23.846496713527877,1.1172887646400587,1.4541883861170735,1.3836104063779855
CD-FD,xB,0.357-0.446,0.40149999999999997,0.357,0.446,Fa18 Out / Sp18 Out,Fa18 Out,Sp18 Out,97,0.04392739698204124,0.036183852920674525,0.0031405568514577585,0.002573160543856828,1.2140055145134159,0.12241943918506981,12587.577319587628,11289.824742268042,462.82474226804123,326.8659793814433,580.1941047385945,430.65879095976754,0.19392523505978695,21.400551451341588,1.1149488682903042,1.415946508547278,1.347224570629505
CD-FD,xB,0.446-0.581,0.5135,0.446,0.581,Fa18 Out / Sp18 Out,Fa18 Out,Sp18 Out,37,0.027699691766697513,0.022367367493308376,0.003981983883131184,0.003284478266734834,1.2383974902269748,0.25448495159185847,5803.486486486487,5224.8378378378375,123.27027027027027,85.32432432432432,154.53081386671244,112.41815505704164,0.21381819722576714,23.839749022697475,1.1107495900558146,1.4447260057016156,1.3746072757403158
CD-FD,Q2,1.456-1.912,1.684,1.456,1.912,Fa18 Inb / Sp18 Inb,Fa18 Inb,Sp18 Inb,232,0.026534574223740323,0.014923166936433807,0.0017540338361881952,0.0009879514123290083,1.778079300242774,0.16634761653637278,45237.85775862069,23823.80172413793,483.7155172413793,155.48706896551724,607.0666783320628,181.77719144084284,0.5755337369085851,77.8079300242774,1.8988513370973175,3.1109694231142404,3.339619638306631
CD-FD,Q2,1.912-2.51,2.211,1.912,2.51,Fa18 Inb / Sp18 Inb,Fa18 Inb,Sp18 Inb,267,0.04146927328899234,0.02382525216638586,0.0022175379508449933,0.0012801148988797633,1.74055968009857,0.13194241138830679,37597.56928838951,19815.14606741573,768.8539325842696,249.77153558052436,964.9175731188122,292.00349933771093,0.5542067167355481,74.05596800985701,1.8974157021338043,3.078228793354226,3.304472635798298
CD-FD,Q2,2.51-3.295,2.9025,2.51,3.295,Fa18 Inb / Sp18 Inb,Fa18 Inb,Sp18 Inb,232,0.048365721229150845,0.028136155002481816,0.0024012312631776192,0.0014071996122082292,1.71898829903676,0.12113996196940861,31520.07327586207,16606.030172413793,789.7413793103449,261.50431034482756,991.131478711864,305.72007949233523,0.541735919534474,71.898829903676,1.8981100810128435,3.0199937365046403,3.24195741528555
CD-FD,Q2,3.295-4.326,3.8104999999999998,3.295,4.326,Fa18 Inb / Sp18 Inb,Fa18 Inb,Sp18 Inb,154,0.04039344830942461,0.023475111256218095,0.0026326629555876286,0.0015453834947960839,1.720692518495527,0.15939900410712285,26845.902597402597,14145.62987012987,582.9025974025974,191.37662337662337,731.5472234883882,223.73503685082545,0.5427268368251311,72.0692518495527,1.8978230622371097,3.0458401194353963,3.269703457202122
CD-FD,Q2,4.326-5.761,5.0435,4.326,5.761,Fa18 Inb / Sp18 Inb,Fa18 Inb,Sp18 Inb,68,0.020348682138714252,0.011317151419535336,0.0024399330907587695,0.001357164249777434,1.7980392224485882,0.30491768754064796,22397.735294117647,11765.25,303.9117647058824,93.47058823529412,381.4115919996597,109.27481703000235,0.5866967502990312,79.80392224485881,1.9037194529752999,3.2514159848961612,3.4903887498154296
CD-FD,Q2,1-1.2,1.1,1.0,1.2,Fa18 Out / Sp18 Out,Fa18 Out,Sp18 Out,50,0.08388348775024877,0.06323492281285398,0.00570318100732436,0.004426451618124829,1.326537362882611,0.1294483167532249,45133.74,40321.66,2496.26,1588.88,3129.2953976434496,2093.41192703884,0.2825720607143378,32.65373628826109,1.119342308823595,1.5710815165399528,1.494830213406628
CD-FD,Q2,1.2-1.456,1.3279999999999998,1.2,1.456,Fa18 Out / Sp18 Out,Fa18 Out,Sp18 Out,104,0.080834029613328,0.06185139803290636,0.004134278362242006,0.0033081853057472734,1.3069070737952027,0.09671636357961766,38118.028846153844,34020.91346153846,1737.125,1107.6923076923076,2177.6486694620444,1459.4282062915531,0.26766333325843733,30.690707379520266,1.1204293173740698,1.5682378472222223,1.4921245595187647
CD-FD,Q2,1.456-1.912,1.684,1.456,1.912,Fa18 Out / Sp18 Out,Fa18 Out,Sp18 Out,259,0.058728105608358123,0.0450070343332608,0.002630871172928193,0.002047002913092475,1.3048650389514171,0.08330122280671311,59389.277992277996,53073.45945945946,1625.3397683397684,1063.4401544401544,2037.5154257458769,1401.1242529309473,0.26609961699856954,30.486503895141716,1.1190014481276263,1.528379158482524,1.454200383359072
CD-FD,Q2,1.912-2.51,2.211,1.912,2.51,Fa18 Out / Sp18 Out,Fa18 Out,Sp18 Out,274,0.059396581792006534,0.046452707585835966,0.0025503882311308634,0.0020429191376109906,1.2786462808922967,0.07859051069471357,39162.98175182482,34969.062043795624,1249.7445255474452,821.2335766423357,1566.6716576097301,1082.007555150809,0.2458019252324798,27.86462808922967,1.1199322905137314,1.521789367961674,1.4479304235462287
CD-FD,Q2,2.51-3.295,2.9025,2.51,3.295,Fa18 Out / Sp18 Out,Fa18 Out,Sp18 Out,233,0.05847471198688462,0.04602728956542305,0.0025722035905550557,0.002057982359618617,1.2704357032314242,0.07968532770691845,31722.549356223175,28326.78111587983,991.9442060085837,653.3476394849786,1243.4948437187445,860.8112261468276,0.239359915044844,27.04357032314242,1.1198783662164742,1.5182487026210338,1.4445616018332956
CD-FD,Q2,3.295-4.326,3.8104999999999998,3.295,4.326,Fa18 Out / Sp18 Out,Fa18 Out,Sp18 Out,158,0.04376255271405748,0.03421647609572423,0.0027834724217675154,0.0021893631658768463,1.2789906415735826,0.11539039290096381,26363.506329113923,23535.354430379746,634.7088607594936,416.7721518987342,795.6669244462732,549.1137113201934,0.2460712055829016,27.899064157358254,1.12016610614895,1.522915717539863,1.4490021065642493
CD-FD,Q2,4.326-5.761,5.0435,4.326,5.761,Fa18 Out / Sp18 Out,Fa18 Out,Sp18 Out,72,0.018870868455699793,0.014539252886226725,0.002297636999752687,0.0017955378642397287,1.2979255951711577,0.22509075677762463,21442.75,19160.5,286.68055555555554,184.69444444444446,359.3808910504771,243.3421988178786,0.2607672939664394,29.79255951711577,1.1191122361107486,1.5521882989923295,1.4768539644841616
CD-FD,t,0.11-0.15,0.13,0.11,0.15,Fa18 Inb / Sp18 Inb,Fa18 Inb,Sp18 Inb,37,0.019331925084826295,0.01062667371620919,0.0027063604914792224,0.0014776720888281974,1.8191887321560196,0.3589577457164986,67118.48648648648,35371.59459459459,696.2702702702703,216.83783783783784,873.8245210839586,253.50129385363087,0.5983906501493169,81.91887321560196,1.8975250410888564,3.2110183223233206,3.4470219374442177
CD-FD,t,0.15-0.25,0.2,0.15,0.25,Fa18 Inb / Sp18 Inb,Fa18 Inb,Sp18 Inb,174,0.03768647158523835,0.02160167626972484,0.00258555284562764,0.0014741616088001191,1.7446086643774334,0.16882194024659097,63972.75862068965,33693.5459770115,1187.9827586206898,383.1666666666667,1490.9274593968617,447.9533956349347,0.5565302694023521,74.46086643774335,1.898665063758416,3.1004334718243314,3.3283093150429246
CD-FD,t,0.25-0.4,0.325,0.25,0.4,Fa18 Inb / Sp18 Inb,Fa18 Inb,Sp18 Inb,250,0.038001422779968895,0.022811295112444386,0.0022192388598719485,0.0013333802350883796,1.6659037811157749,0.13764775565564313,37954.124,19986.456,771.656,259.924,968.4341891832084,303.87256652540657,0.5103677876444915,66.59037811157748,1.8989921975161583,2.9687754882196336,3.1869747251509075
CD-FD,t,0.4-0.6,0.5,0.4,0.6,Fa18 Inb / Sp18 Inb,Fa18 Inb,Sp18 Inb,246,0.039711591253143184,0.02320735194445502,0.0022955573049748307,0.001363876420254778,1.7111642615749427,0.1410576040239013,27262.040650406503,14373.90243902439,491.2479674796748,160.84959349593495,616.5199610630582,188.0464243401404,0.5371739935603336,71.11642615749427,1.8966345963495268,3.054082741540095,3.278551896035472
CD-FD,t,0.6-0.8,0.7,0.6,0.8,Fa18 Inb / Sp18 Inb,Fa18 Inb,Sp18 Inb,171,0.04122606449682616,0.022361774369433162,0.00258733462701802,0.001392003600698437,1.8435954059700668,0.16296534703044402,16210.04678362573,8533.508771929824,291.4327485380117,90.16959064327486,365.75033114731826,105.41567893432924,0.6117176899811303,84.35954059700667,1.8995758036772818,3.232051365198781,3.469600868151403
CD-FD,t,0.8-1,0.9,0.8,1.0,Fa18 Inb / Sp18 Inb,Fa18 Inb,Sp18 Inb,75,0.032822326428305286,0.01797685434916636,0.002912525599252782,0.001633264702006617,1.8258103331536062,0.23187433249645964,12295.346666666666,6474.386666666666,201.22666666666666,61.28,252.54100761915115,71.64136777165265,0.6020239066539184,82.58103331536061,1.8990751247479813,3.2837249782419495,3.52507239147209
CD-FD,t,0.11-0.15,0.13,0.11,0.15,Fa18 Out / Sp18 Out,Fa18 Out,Sp18 Out,62,0.038595972978346375,0.028329327346738053,0.003930532178353631,0.00296786786562135,1.3624034381737786,0.19905203512911698,72591.51612903226,64869.22580645161,1620.774193548387,1003.983870967742,2031.792050704201,1322.7882596789711,0.3092503739786729,36.24034381737786,1.1190439723393866,1.6143428598968625,1.53599189880722
CD-FD,t,0.15-0.25,0.2,0.15,0.25,Fa18 Out / Sp18 Out,Fa18 Out,Sp18 Out,216,0.0633166669893435,0.04951158483791039,0.0028971580259130178,0.002305851453428026,1.2788252930425839,0.08349287189167215,66673.93981481482,59560.055555555555,2214.189814814815,1462.851851851852,2775.694037082869,1927.3648822803796,0.24594191674003274,27.882529304258384,1.1194405242389958,1.513611793300757,1.4401497415470084
CD-FD,t,0.25-0.4,0.325,0.25,0.4,Fa18 Out / Sp18 Out,Fa18 Out,Sp18 Out,298,0.059324964629419025,0.046912763815141256,0.002547123818622397,0.002022046105190164,1.2645804639263587,0.07693419375258541,41714.45302013423,37262.8355704698,1417.5302013422818,939.255033557047,1777.0066960494753,1237.5054691224657,0.23474041810169605,26.45804639263587,1.1194653434585173,1.5092069253799596,1.435958660699559
CD-FD,t,0.4-0.6,0.5,0.4,0.6,Fa18 Out / Sp18 Out,Fa18 Out,Sp18 Out,296,0.058273219788959864,0.04592896087825055,0.0025409106036045053,0.0020334471718202055,1.2687685215311475,0.078841701230567,31764.412162162163,28362.277027027027,954.1925675675676,620.8141891891892,1196.169633834108,817.9471250966733,0.23804676195255772,26.87685215311475,1.119952820850497,1.5370018665549274,1.4624045945423827
CD-FD,t,0.6-0.8,0.7,0.6,0.8,Fa18 Out / Sp18 Out,Fa18 Out,Sp18 Out,203,0.05640089936534285,0.042118638115785215,0.002793964449988777,0.002096105979305748,1.3390959890558507,0.0940298840813976,18381.842364532018,16406.379310344826,554.2413793103449,343.13300492610836,694.793409924775,452.09123726964816,0.2919947512612577,33.90959890558507,1.1204082276058063,1.615237739749627,1.5368433463141158
CD-FD,t,0.8-1,0.9,0.8,1.0,Fa18 Out / Sp18 Out,Fa18 Out,Sp18 Out,75,0.04716672665105893,0.0344075068227977,0.0036455782220415475,0.002599650262535356,1.3708266307690515,0.14816642212880454,12895.68,11508.946666666667,330.48,199.10666666666665,414.2875914420986,262.3308687584307,0.31541393800283274,37.082663076905156,1.1204917681432764,1.6598138351302487,1.5792559732022933
CD-FD,phi,0-30,15.0,0.0,30.0,Fa18 Inb / Sp18 Inb,Fa18 Inb,Sp18 Inb,107,0.03397608378703764,0.02031785174685147,0.0028079007830922017,0.0017322211169592604,1.6722281573051982,0.19855584700420384,68327.5046728972,36044.44859813084,1040.2429906542056,345.5420560747664,1305.512919238178,403.96712662896766,0.5141569630714223,67.22281573051983,1.895645718837282,3.0104670976117704,3.2317305869228674
CD-FD,phi,0-45,22.5,0.0,45.0,Fa18 Inb / Sp18 Inb,Fa18 Inb,Sp18 Inb,53,0.03151644373509086,0.018528101432934065,0.004396848074095271,0.0026800423036430457,1.7010077286747665,0.34183832616317894,55371.54716981132,29203.0,883.6037735849056,291.7358490566038,1108.929502305367,341.06323848622225,0.5312208570099672,70.10077286747665,1.8960910581040071,3.0287802354158577,3.2513897048161753
CD-FD,phi,30-75,52.5,30.0,75.0,Fa18 Inb / Sp18 Inb,Fa18 Inb,Sp18 Inb,60,0.025251577775220864,0.014808026453217101,0.002851241379885041,0.0017383069458754632,1.7052628758462853,0.27775236444215373,35112.96666666667,18446.333333333332,510.48333333333335,169.56666666666666,640.6604925096979,198.23740092170618,0.5337192782330463,70.52628758462853,1.9035201214333473,3.01051700412817,3.231784161469745
CD-FD,phi,45-90,67.5,45.0,90.0,Fa18 Inb / Sp18 Inb,Fa18 Inb,Sp18 Inb,10,0.025897877985582997,0.01408386871115,0.005931929343577173,0.0033470926575824797,1.8388326756468565,0.606936950083335,34551.3,18142.4,461.5,141.2,579.1860340723999,165.07443096227,0.609130954884967,83.88326756468565,1.9044503483552342,3.268413597733711,3.5086356542084993
CD-FD,phi,60-105,82.5,60.0,105.0,Fa18 Inb / Sp18 Inb,Fa18 Inb,Sp18 Inb,47,0.024513506755697554,0.01396578052480179,0.0029337634595341063,0.0017563040230995175,1.7552550473039503,0.3047183772090572,29480.617021276597,15535.72340425532,505.0425531914894,161.0212765957447,633.8322717674444,188.24713602573982,0.5626141724581315,75.52550473039503,1.8976018209233627,3.13649577167019,3.367022123942315
CD-FD,phi,75-105,90.0,75.0,105.0,Fa18 Inb / Sp18 Inb,Fa18 Inb,Sp18 Inb,36,0.034473850194643885,0.0191614224246435,0.004621974623856076,0.0025245568953646243,1.7991279264480426,0.3381876241060937,24749.583333333332,13013.666666666666,697.6944444444445,216.33333333333334,875.6118705786978,252.91148653065804,0.587302062194549,79.91279264480427,1.9018147588432672,3.225089881869543,3.462127729309581
CD-FD,phi,90-120,105.0,90.0,120.0,Fa18 Inb / Sp18 Inb,Fa18 Inb,Sp18 Inb,34,0.03940308598320429,0.022495282405079326,0.005430804283236041,0.003108795134757457,1.7516155286989092,0.34187854963723247,23795.147058823528,12501.117647058823,686.2058823529412,220.2941176470588,861.193637176782,257.5419696522179,0.5605385213425003,75.16155286989093,1.9034415746356794,3.1149532710280377,3.343896291310225
CD-FD,phi,75-135,105.0,75.0,135.0,Fa18 Inb / Sp18 Inb,Fa18 Inb,Sp18 Inb,26,0.04733142660089907,0.02776696007709881,0.0054951141948563695,0.00323752510041649,1.7045951904521348,0.2804750350514982,18724.80769230769,9845.461538461539,629.5769230769231,204.30769230769232,790.1238596327372,238.85252159260077,0.5333276575909538,70.45951904521348,1.9018720066254657,3.0815135542168672,3.3079988202109645
CD-FD,phi,105-150,127.5,105.0,150.0,Fa18 Inb / Sp18 Inb,Fa18 Inb,Sp18 Inb,39,0.052069483069756665,0.030580591072528394,0.006145863002572071,0.0035903937539619618,1.702697078230528,0.2834675495837656,13226.102564102564,6926.102564102564,603.9230769230769,197.82051282051282,757.9280862573382,231.26847440852683,0.5322135104804165,70.2697078230528,1.9096024700316159,3.0528839922229425,3.2772650409691706
CD-FD,phi,120-165,142.5,120.0,165.0,Fa18 Inb / Sp18 Inb,Fa18 Inb,Sp18 Inb,38,0.07156759533868028,0.041778718983206745,0.007829643988755398,0.004718616703846254,1.7130155514688563,0.26935747814841915,11870.473684210527,6211.3421052631575,762.6578947368421,246.8421052631579,957.1414981724606,288.5787539930863,0.538255297799814,71.30155514688563,1.9110964237748433,3.0896588486140724,3.3167427779364225
CD-FD,phi,135-180,157.5,135.0,180.0,Fa18 Inb / Sp18 Inb,Fa18 Inb,Sp18 Inb,37,0.07964121052819872,0.04502773705234808,0.008339812790506723,0.004785665855651284,1.7687144800461527,0.2638985357882357,11012.351351351352,5786.459459459459,669.6216216216217,216.32432432432432,840.3802629598243,252.9009542571038,0.5702530002550604,76.87144800461527,1.9031242556013808,3.0954522738630685,3.3229620086979907
CD-FD,phi,120-180,150.0,120.0,180.0,Fa18 Inb / Sp18 Inb,Fa18 Inb,Sp18 Inb,33,0.05613165703479076,0.031876943710975186,0.0071672263067145345,0.004241174608367764,1.760885784525971,0.32471791275414214,10552.09090909091,5517.969696969697,499.09090909090907,160.66666666666666,626.3629128443741,187.83256780859725,0.5658169691062894,76.0885784525971,1.912314037332572,3.106374952847982,3.334687483390221
CD-FD,phi,150-210,180.0,150.0,210.0,Fa18 Inb / Sp18 Inb,Fa18 Inb,Sp18 Inb,6,0.04083589679420667,0.02395114005588833,0.01396599117085332,0.008058846626493059,1.7049667238769814,0.8179899462982081,14221.666666666666,7613.833333333333,422.6666666666667,145.5,530.4499033614267,170.10148516300498,0.533545593757331,70.49667238769814,1.8678720749512947,2.904925544100802,3.118431934048705
CD-FD,phi,165-225,195.0,165.0,225.0,Fa18 Inb / Sp18 Inb,Fa18 Inb,Sp18 Inb,23,0.04418366002013956,0.025775612670060864,0.004576823160274231,0.0029827079819569695,1.7141652687643072,0.2662250082756619,10117.826086956522,5287.782608695652,385.9130434782609,131.0,484.3238248084435,153.14979076521217,0.538926238376858,71.41652687643072,1.9134345784786917,2.9459010952539,3.1624191086943174
CD-FD,phi,180-210,195.0,180.0,210.0,Fa18 Inb / Sp18 Inb,Fa18 Inb,Sp18 Inb,23,0.03504255308140147,0.021037417077199694,0.004381602035068968,0.002728883127856894,1.6657250722751755,0.3001094602380395,14263.695652173914,7500.521739130435,391.0,131.1304347826087,490.70799419766865,153.3022797701313,0.510260507482964,66.57250722751755,1.901693795214246,2.9817639257294433,3.2009177876118966
CD-FD,phi,180-225,202.5,180.0,225.0,Fa18 Inb / Sp18 Inb,Fa18 Inb,Sp18 Inb,11,0.020824124304231816,0.013084986463563725,0.004827771196184654,0.0032792474504438006,1.591451726925235,0.5433212397372812,19228.545454545456,10126.727272727272,344.0,119.81818181818181,431.722634281709,140.07732423906,0.464646635470526,59.14517269252351,1.8987916763919064,2.8710166919575113,3.082030847083563
CD-FD,phi,195-255,225.0,195.0,255.0,Fa18 Inb / Sp18 Inb,Fa18 Inb,Sp18 Inb,21,0.02991219776707619,0.017339602418277998,0.004884930642769745,0.002791562708108069,1.7250797939602804,0.3955992793557099,21471.190476190477,11293.095238095239,502.9047619047619,161.9047619047619,631.14932733195,189.28000312663477,0.5452733067817626,72.50797939602805,1.901267103792878,3.1061764705882355,3.3344744130719906
CD-FD,phi,225-270,247.5,225.0,270.0,Fa18 Inb / Sp18 Inb,Fa18 Inb,Sp18 Inb,17,0.03154398285143765,0.017027573823959644,0.00614443948271077,0.0033537529954414023,1.8525236288831612,0.513173366410178,16889.941176470587,8924.941176470587,338.8235294117647,105.05882352941177,425.22612405276476,122.82241863785532,0.6165488332393696,85.25236288831613,1.8924428567662335,3.22508398656215,3.46212140070742
CD-FD,phi,240-270,255.0,240.0,270.0,Fa18 Inb / Sp18 Inb,Fa18 Inb,Sp18 Inb,18,0.046885564741558326,0.026227211766921114,0.008240761820308758,0.004318161206563035,1.7876686686417964,0.4305294400534905,20953.38888888889,11104.5,566.3888888888889,181.38888888888889,710.8223928454539,212.05855252242947,0.5809123512137201,78.76686686417965,1.886927721994587,3.1225114854517613,3.352010019828227
CD-FD,phi,255-285,270.0,255.0,285.0,Fa18 Inb / Sp18 Inb,Fa18 Inb,Sp18 Inb,30,0.05483393305471091,0.029613161279281975,0.008016840568544853,0.004289415417538353,1.8516744138719816,0.3810856663502646,23266.8,12242.266666666666,525.1,158.06666666666666,659.0045211081219,184.79295364077905,0.6160903183239921,85.16744138719817,1.9005304028665715,3.3220160269928303,3.5661777579959444
CD-FD,phi,240-300,270.0,240.0,300.0,Fa18 Inb / Sp18 Inb,Fa18 Inb,Sp18 Inb,33,0.054863423721805936,0.02858108857186658,0.006434443839530002,0.0032874187981448717,1.9195708233384094,0.31532793335363013,15843.39393939394,8299.121212121212,535.7575757575758,161.84848484848484,672.3798602974537,189.21421061223575,0.6521016315420004,91.95708233384094,1.9090447692526775,3.310241527803782,3.5535378559667943
CD-FD,phi,270-300,285.0,270.0,300.0,Fa18 Inb / Sp18 Inb,Fa18 Inb,Sp18 Inb,47,0.033064948411308345,0.018403362715995315,0.0037035652508378425,0.002057370959391006,1.796679711288301,0.284328143803722,27574.063829787236,14466.212765957447,428.8510638297872,132.72340425531914,538.2113691598922,155.16459230031126,0.5859403566837496,79.6679711288301,1.9061010836696515,3.2311638345623597,3.468648105736766
CD-FD,phi,270-315,292.5,270.0,315.0,Fa18 Inb / Sp18 Inb,Fa18 Inb,Sp18 Inb,45,0.01919692952286698,0.010706289479191427,0.0028445683133333064,0.0015542353634873506,1.7930516039359692,0.3719500752413075,38686.11111111111,20317.28888888889,365.9555555555556,115.08888888888889,459.2770246348677,134.5483912421809,0.5839189749874033,79.30516039359692,1.9040980970776942,3.17976443328828,3.41347094821959
CD-FD,phi,285-330,307.5,285.0,330.0,Fa18 Inb / Sp18 Inb,Fa18 Inb,Sp18 Inb,51,0.020524092639780472,0.011899442918393658,0.002463015917095574,0.0014590150631349004,1.7247944110102158,0.29591749186755173,43341.82352941176,22814.352941176472,477.3333333333333,157.49019607843138,599.0569886536368,184.11901203808213,0.5451078613575181,72.47944110102158,1.89976124421159,3.030876494023904,3.25364003435849
CD-FD,phi,300-345,322.5,300.0,345.0,Fa18 Inb / Sp18 Inb,Fa18 Inb,Sp18 Inb,50,0.02365957735750688,0.014339746032626112,0.003387722464209495,0.0021248383867965037,1.6499300129636938,0.33997787601746626,62177.1,32867.8,647.98,221.78,813.2198620972976,259.27908851820683,0.5007328706272488,64.99300129636939,1.8917329422717672,2.921724231220128,3.1364652920715295
CD-FD,phi,330-360,345.0,330.0,360.0,Fa18 Inb / Sp18 Inb,Fa18 Inb,Sp18 Inb,58,0.03539579289156452,0.021157467234561616,0.003985213032466047,0.0024688719689949117,1.672969287824017,0.2712746769435147,68290.86206896552,36066.53448275862,998.948275862069,334.2586206896552,1253.6877359475309,390.7758612216641,0.5146000642892735,67.2969287824017,1.8934689192722836,2.9885490276989737,3.2082015814082943
CD-FD,phi,0-30,15.0,0.0,30.0,Fa18 Out / Sp18 Out,Fa18 Out,Sp18 Out,111,0.04588287695918618,0.03651886463593745,0.0034692988312352733,0.002854118934957368,1.2564157570778858,0.13662810669781184,74354.72972972973,66610.18918918919,1655.7477477477478,1098.7027027027027,2075.6346721438954,1447.5840479502763,0.22826303005379528,25.641575707788576,1.1162666047763978,1.5070025255010004,1.4338612497719319
CD-FD,phi,0-45,22.5,0.0,45.0,Fa18 Out / Sp18 Out,Fa18 Out,Sp18 Out,63,0.0419439612103387,0.032369012859489586,0.00481492504214578,0.0038721820779569977,1.295806004106858,0.21483879413633536,59399.5873015873,53029.1746031746,1529.5396825396826,986.2222222222222,1917.4210575356326,1299.3865884842055,0.25913289853653504,29.580600410685797,1.1201303385557755,1.5509077448013908,1.4756355610630034
CD-FD,phi,30-75,52.5,30.0,75.0,Fa18 Out / Sp18 Out,Fa18 Out,Sp18 Out,66,0.037836533399860234,0.028839090348234897,0.0034354729652148687,0.0026624301020312427,1.3119877549180752,0.16988722576429002,37758.42424242424,33684.40909090909,881.0151515151515,572.2272727272727,1104.4348981636467,753.9319506218093,0.27154335733663226,31.198775491807517,1.1209466118440732,1.5396245399422777,1.4648999783770382
CD-FD,phi,45-90,67.5,45.0,90.0,Fa18 Out / Sp18 Out,Fa18 Out,Sp18 Out,16,0.05356129913929375,0.03936769569495625,0.005392121730741607,0.004141771883498495,1.3605393506980386,0.19811358146603392,46301.0625,41329.5625,2009.5,1231.25,2519.0962085543124,1622.2203282605,0.3078812025259604,36.053935069803856,1.1202891997707451,1.6320812182741116,1.5528693388126436
CD-FD,phi,60-105,82.5,60.0,105.0,Fa18 Out / Sp18 Out,Fa18 Out,Sp18 Out,57,0.04147899460832866,0.03146298466195387,0.003854724361707842,0.002937405344340528,1.3183426510227587,0.17366413405479958,34955.47368421053,31090.842105263157,1017.561403508772,634.0701754385965,1275.6083968898504,835.4124086415,0.2763753803061203,31.83426510227587,1.1243012835053816,1.6048088096950917,1.5269205768252498
CD-FD,phi,75-105,90.0,75.0,105.0,Fa18 Out / Sp18 Out,Fa18 Out,Sp18 Out,38,0.056625551158479136,0.043021755394965236,0.005384386468438135,0.004243929357130418,1.3162073615691174,0.18033820453636534,27924.157894736843,24945.13157894737,1271.5526315789473,812.3421052631579,1594.0101583415362,1070.2926917034483,0.2747543900717391,31.620736156911743,1.1194231550297231,1.565292040558489,1.4893217254474134
CD-FD,phi,90-120,105.0,90.0,120.0,Fa18 Out / Sp18 Out,Fa18 Out,Sp18 Out,37,0.06219433236791136,0.04815618241558109,0.0052697712800413386,0.004011744793326844,1.2915129324659294,0.15346383156113755,28977.783783783783,25878.72972972973,1401.1081081081081,910.5135135135135,1756.420066140565,1199.6373854033486,0.25581434702737793,29.151293246592935,1.1197529433020752,1.5388108878268871,1.4641258162774011
CD-FD,phi,75-135,105.0,75.0,135.0,Fa18 Out / Sp18 Out,Fa18 Out,Sp18 Out,27,0.06445299377695311,0.049809510446144144,0.0056009795222155805,0.004486132068462033,1.2939897059747663,0.16194782485664164,19164.962962962964,17116.37037037037,936.6666666666666,609.8518518518518,1174.1992777696703,803.5038142549007,0.25773024084982205,29.398970597476627,1.1196861570686067,1.5358921413822422,1.461348729076688
CD-FD,phi,105-150,127.5,105.0,150.0,Fa18 Out / Sp18 Out,Fa18 Out,Sp18 Out,52,0.072289517461427,0.05631094483556688,0.0054510484249169384,0.004443288181194721,1.283756073930548,0.14011324247973678,20360.25,18169.384615384617,1242.6346153846155,809.4423076923077,1557.7587201953688,1066.472094288721,0.24979021364616472,28.375607393054803,1.1205800543602509,1.5351737901214038,1.4606652424734181
CD-FD,phi,120-165,142.5,120.0,165.0,Fa18 Out / Sp18 Out,Fa18 Out,Sp18 Out,60,0.09478728073491378,0.07464636451093677,0.006590250038052728,0.005283055166115446,1.2698177782124416,0.12598095736954198,17271.35,15396.433333333332,1368.7166666666667,895.2,1715.8143645605778,1179.4612287176851,0.2388734084535259,26.981777821244158,1.1217760390393445,1.5289507000297884,1.4547441855515826
CD-FD,phi,135-180,157.5,135.0,180.0,Fa18 Out / Sp18 Out,Fa18 Out,Sp18 Out,54,0.11013687461635345,0.08480549341998368,0.007612782962306166,0.006035156013981765,1.298699767843113,0.1288408341154104,13358.148148148148,11906.018518518518,1178.1666666666667,774.574074074074,1476.942116468563,1020.5318243303059,0.2613635853729097,29.86997678431129,1.1219660146984485,1.5210509957682838,1.4472278877121376
CD-FD,phi,120-180,150.0,120.0,180.0,Fa18 Out / Sp18 Out,Fa18 Out,Sp18 Out,44,0.08817482936987814,0.07008176383864873,0.006998251094086714,0.005726213139069181,1.25817080707166,0.14331773079318175,14078.65909090909,12549.113636363636,1056.4318181818182,711.8863636363636,1324.336097426118,937.9382988852432,0.2296589257479629,25.817080707165996,1.1218847401391985,1.483989400759825,1.4119650503664427
CD-FD,phi,150-210,180.0,150.0,210.0,Fa18 Out / Sp18 Out,Fa18 Out,Sp18 Out,14,0.06889345960414707,0.054785972364817796,0.011481161351733455,0.00901522862847451,1.2575018135187603,0.29450904143609313,26064.5,23211.14285714286,1559.0714285714287,1031.142857142857,1954.4418634388273,1358.571292750165,0.22912706515275336,25.750181351876034,1.1229304890508254,1.5119839290662234,1.438600884523651
CD-FD,phi,165-225,195.0,165.0,225.0,Fa18 Out / Sp18 Out,Fa18 Out,Sp18 Out,32,0.06480018751139074,0.05240406876017762,0.005303723782332654,0.004356158194756418,1.236548784178244,0.14425271321696723,14774.90625,13198.3125,711.78125,481.28125,892.2843733235009,634.1069866891469,0.2123242606408119,23.65487841782441,1.1194541915869927,1.4789299396143107,1.4071511465003275
CD-FD,phi,180-210,195.0,180.0,210.0,Fa18 Out / Sp18 Out,Fa18 Out,Sp18 Out,33,0.05644838361430939,0.045292082650547995,0.005153071373858322,0.00421198284283625,1.2463190100980357,0.1624130753559654,21052.0,18712.696969696968,1037.5454545454545,701.4848484848485,1300.6602740719939,924.2338933434279,0.22019441496184822,24.63190100980357,1.12501153810652,1.4790703702103762,1.4072847614004274
CD-FD,phi,180-225,202.5,180.0,225.0,Fa18 Out / Sp18 Out,Fa18 Out,Sp18 Out,16,0.04414921621836637,0.03619126148857187,0.00823043462751487,0.006841002559674826,1.219886083061995,0.3238642504992577,19787.0,17617.75,804.1875,557.25,1008.1242509159295,734.1988044043006,0.1987574798461432,21.98860830619951,1.1231286628542236,1.443135935397039,1.3730943783460405
CD-FD,phi,195-255,225.0,195.0,255.0,Fa18 Out / Sp18 Out,Fa18 Out,Sp18 Out,21,0.057092167956495236,0.046294062484712385,0.006375526632983398,0.0051735533667141165,1.2332503325960795,0.19483540752784081,24011.761904761905,21339.428571428572,1157.3333333333333,786.2380952380952,1450.8255844901523,1035.899631226219,0.20965323082239348,23.325033259607952,1.125229845044273,1.4719883713887711,1.4005464822617761
CD-FD,phi,225-270,247.5,225.0,270.0,Fa18 Out / Sp18 Out,Fa18 Out,Sp18 Out,21,0.06048162152456761,0.0461334877079181,0.007728673403588645,0.005961690752558399,1.3110134206087105,0.23826109817571958,17979.47619047619,16066.809523809523,889.2380952380952,579.6666666666666,1114.7431272534286,763.7336448986571,0.2708004416541929,31.10134206087105,1.1190445846658152,1.5340507680933213,1.4595967255067681
CD-FD,phi,240-270,255.0,240.0,270.0,Fa18 Out / Sp18 Out,Fa18 Out,Sp18 Out,22,0.07916478511499409,0.059604593876439085,0.007525003876520904,0.005567523954324919,1.3281658336453641,0.17700234020437947,26909.363636363636,23966.81818181818,1569.4545454545455,986.9090909090909,1967.4580716362136,1300.2915650088999,0.28379891799099655,32.81658336453641,1.1227758074610732,1.5902726602800297,1.5130899288904849
CD-FD,phi,255-285,270.0,255.0,285.0,Fa18 Out / Sp18 Out,Fa18 Out,Sp18 Out,37,0.07821334492738,0.05859334411689352,0.006975177006790698,0.005134487092988417,1.3348503333645652,0.1668947292420914,27995.783783783783,24828.486486486487,1156.3783783783783,731.3243243243244,1449.6284591319647,963.5485770319218,0.2888191757281581,33.48503333645652,1.1275670709538084,1.5812114268819983,1.5044684758887246
CD-FD,phi,240-300,270.0,240.0,300.0,Fa18 Out / Sp18 Out,Fa18 Out,Sp18 Out,37,0.07738253973413833,0.05595577911304558,0.006668956498367264,0.004690200578959694,1.3829231039354308,0.1662560842437455,17613.567567567567,15658.405405405405,973.5405405405405,603.5945945945946,1220.42412766801,795.2596315771493,0.3241994502224663,38.29231039354308,1.124863427120569,1.6129046702189584,1.534623510623417
CD-FD,phi,270-300,285.0,270.0,300.0,Fa18 Out / Sp18 Out,Fa18 Out,Sp18 Out,59,0.0500519821072087,0.03708742205991448,0.004377018079440707,0.0032264222302872897,1.349567571085153,0.16647092234076055,33974.898305084746,30290.084745762713,1010.8305084745763,641.3050847457627,1267.1705903898107,844.9446863689443,0.29978422342295946,34.95675710851529,1.1216508170990673,1.5762084731876207,1.4997083369271607
CD-FD,phi,270-315,292.5,270.0,315.0,Fa18 Out / Sp18 Out,Fa18 Out,Sp18 Out,55,0.03250986178495946,0.02440906126081566,0.003949781793585328,0.002995844943340016,1.3318767746774502,0.2300135163985993,47893.05454545454,42752.58181818182,915.8909090909091,585.8,1148.1549223880959,771.814552929966,0.2865890563353286,33.187677467745026,1.120237714511234,1.5634873832210807,1.4876046558457143
CD-FD,phi,285-330,307.5,285.0,330.0,Fa18 Out / Sp18 Out,Fa18 Out,Sp18 Out,63,0.030843946631538045,0.02381075488646437,0.0031652460593639417,0.002534804672439952,1.295378780664859,0.19154125405757103,55657.69841269841,49724.23809523809,954.031746031746,621.7142857142857,1195.968028996191,819.1330376900814,0.2588031471051581,29.537878066485888,1.1193273249576154,1.5345179738562094,1.4600412557754565
CD-FD,phi,300-345,322.5,300.0,345.0,Fa18 Out / Sp18 Out,Fa18 Out,Sp18 Out,55,0.03480225762589539,0.02824368439494991,0.004088753523854858,0.00345426668659911,1.2322137982861108,0.20897067151276258,75971.14545454546,67898.05454545455,1431.9272727272728,954.7454545454545,1795.0547716606288,1257.9147083678708,0.20881238762532087,23.221379828611077,1.1189001800292577,1.4998000418959838,1.4270083334900272
CD-FD,phi,330-360,345.0,330.0,360.0,Fa18 Out / Sp18 Out,Fa18 Out,Sp18 Out,60,0.04816659274613027,0.03855290559808438,0.004582557035282621,0.0037798554029673252,1.2493634915165401,0.17068365423999896,79879.96666666666,71576.66666666667,1887.9333333333334,1256.2,2366.7010211499364,1655.0929351149498,0.2226342148376382,24.936349151654014,1.1160056815535788,1.5028923207557183,1.429950530835638
CD-FD,e_theta,8.61-10.2,9.41622288125,8.606989904999999,10.2254558575,Fa18 Inb / Sp18 Inb,Fa18 Inb,Sp18 Inb,92,0.01597422309797041,0.009579066375588316,0.0013258390844399042,0.0008257537631364037,1.6676179568689253,0.19955684986737837,55118.5,29045.880434782608,500.7173913043478,166.3913043478261,628.4041604778267,194.52514080919462,0.5113962350577534,66.76179568689253,1.897635712016334,3.0092761954533573,3.2304521557664074
CD-FD,e_theta,10.2-11.2,10.70377680375,10.2254558575,11.18209775,Fa18 Inb / Sp18 Inb,Fa18 Inb,Sp18 Inb,91,0.0238982036444368,0.014121169894138152,0.0017874008136710834,0.0011192752361233358,1.6923671213924845,0.18443216406216173,41293.97802197802,21776.604395604394,558.3076923076923,185.98901098901098,700.6804292516446,217.436474179908,0.5261282124666532,69.23671213924845,1.8962542218158314,3.001831610044313,3.222460407778219
CD-FD,e_theta,11.2-11.9,11.56319736875,11.18209775,11.9442969875,Fa18 Inb / Sp18 Inb,Fa18 Inb,Sp18 Inb,94,0.03459335207707313,0.02014823553225895,0.0025471012031395963,0.0015356398922666545,1.716942013194475,0.18195041902081183,34890.063829787236,18402.712765957447,705.3297872340426,231.85106382978722,885.1942842494399,271.05299171145987,0.5405448091810828,71.6942013194475,1.8959196001977046,3.0421675690557035,3.265760981497459
CD-FD,e_theta,11.9-12.9,12.429244911249999,11.9442969875,12.914192835,Fa18 Inb / Sp18 Inb,Fa18 Inb,Sp18 Inb,91,0.03419524748226612,0.01959991819692721,0.0029634183736424397,0.0017612743576722657,1.7446627653592504,0.2178056593723192,33853.28571428572,17823.31868131868,701.8351648351648,230.71428571428572,880.8085063777351,269.72400445538847,0.556561279303938,74.46627653592503,1.8993817211925115,3.0420100023815193,3.265591833979382
CD-FD,e_theta,12.9-13.7,13.312391949999999,12.914192835,13.710591065,Fa18 Inb / Sp18 Inb,Fa18 Inb,Sp18 Inb,92,0.04374108569777187,0.025496058308804637,0.003315090717495699,0.0020119846061283273,1.7156018851222432,0.18771000163001875,30605.108695652172,16143.010869565218,728.8478260869565,241.70652173913044,914.7096031062248,282.57483382383367,0.5397639724722039,71.56018851222431,1.8958736349086325,3.0154247425462066,3.2370526091381673
CD-FD,e_theta,13.7-14.8,14.2410767925,13.710591065,14.771562520000002,Fa18 Inb / Sp18 Inb,Fa18 Inb,Sp18 Inb,94,0.03778809512705173,0.021731441838903288,0.003273787485915085,0.0019419433129268919,1.7388673704753486,0.21642496679432593,36363.6914893617,19141.797872340427,759.8510638297872,250.40425531914894,953.6189038898168,292.7432008308053,0.5532339647668655,73.88673704753485,1.899700944074152,3.034497408445917,3.257527078966979
CD-FD,e_theta,14.8-16.1,15.436041863750003,14.771562520000002,16.1005212075,Fa18 Inb / Sp18 Inb,Fa18 Inb,Sp18 Inb,93,0.05215793039869491,0.030011897833664685,0.0036842164341208974,0.002121939111798545,1.7379084351069851,0.17368971784691062,26919.559139784946,14168.935483870968,700.1075268817204,226.31182795698925,878.6403075164689,264.5771686969157,0.5526823413972253,73.79084351069851,1.899899902178854,3.093552525300518,3.3209226323038794
CD-FD,e_theta,16.1-17.5,16.82269974375,16.1005212075,17.54487828,Fa18 Inb / Sp18 Inb,Fa18 Inb,Sp18 Inb,92,0.05513867102041154,0.031065658286324266,0.004340522728883549,0.002473186477745241,1.774907536554109,0.19871722809267522,28096.206521739132,14773.826086956522,825.0760869565217,265.39130434782606,1035.476807393597,310.2642956622413,0.5737483294883473,77.4907536554109,1.9017556018575743,3.108903997378768,3.337402407787307
CD-FD,e_theta,17.5-19.7,18.62065759625,17.54487828,19.6964369125,Fa18 Inb / Sp18 Inb,Fa18 Inb,Sp18 Inb,95,0.050752420108292964,0.02896374450889946,0.0044270590846759,0.0025344524724074417,1.7522741264582924,0.21650210875798515,23545.336842105262,12374.505263157895,611.7894736842105,194.8736842105263,767.8004744317631,227.8233890264994,0.5609144451483026,75.22741264582923,1.9027295509102755,3.1394155458326582,3.370156495839222
CD-FD,e_theta,19.7-27.3,23.505642896250002,19.6964369125,27.31484888,Fa18 Inb / Sp18 Inb,Fa18 Inb,Sp18 Inb,88,0.04224332152068751,0.023797652367693864,0.003876723168452497,0.002227916046215869,1.7751045719969536,0.23271147906859427,22714.545454545456,11938.818181818182,525.5113636363636,163.64772727272728,659.5207856215103,191.31767321376844,0.5738593349931299,77.51045719969537,1.902579058380988,3.2112353308798,3.4472548957073923
CD-FD,e_theta,7.67-8.92,8.291476970249999,7.665800675,8.9171532655,Fa18 Out / Sp18 Out,Fa18 Out,Sp18 Out,114,0.061038354426283976,0.04765192924900655,0.0032154629836662193,0.002549631930665682,1.2809209488104096,0.09617948592491694,56657.5350877193,50664.93859649123,2143.3070175438597,1419.938596491228,2686.8358206822527,1870.8249795814247,0.24757931047990855,28.092094881040964,1.1182789648469658,1.5094364100251432,1.4361770074736766
CD-FD,e_theta,8.92-10,9.47746553775,8.9171532655,10.03777781,Fa18 Out / Sp18 Out,Fa18 Out,Sp18 Out,113,0.04620287391265247,0.035695844008212935,0.003054085328929157,0.002410053493504854,1.294348829573047,0.1222997644721742,68042.09734513274,60891.75221238938,1491.1238938053098,962.9557522123894,1869.263273137039,1268.7320986430823,0.25800773438140845,29.434882957304698,1.1174271534805418,1.5484864079989709,1.4733317420882068
CD-FD,e_theta,10-10.9,10.45680007625,10.03777781,10.8758223425,Fa18 Out / Sp18 Out,Fa18 Out,Sp18 Out,113,0.06903218093288185,0.05371163783189161,0.004138367726952598,0.0032827586362034196,1.2852369378297672,0.11003041863116857,39656.29203539823,35407.097345132745,1653.8761061946902,1082.4070796460178,2073.288394392841,1426.1139232932064,0.25094308876607413,28.52369378297672,1.120009687573263,1.5279612793511674,1.4538027856885152
CD-FD,e_theta,10.9-11.6,11.23594920925,10.8758223425,11.596076076000001,Fa18 Out / Sp18 Out,Fa18 Out,Sp18 Out,114,0.06350851433164811,0.049169750157412255,0.003383627777643284,0.0026205698377773146,1.2916175926933058,0.09733592142695864,41077.254385964916,36712.51754385965,1537.780701754386,1010.9912280701755,1927.7519459447797,1332.0207284209457,0.255895380661888,29.161759269330577,1.1188896086162115,1.521062358463554,1.4472386989277923
CD-FD,e_theta,11.6-12.7,12.132414203,11.596076076000001,12.66875233,Fa18 Out / Sp18 Out,Fa18 Out,Sp18 Out,112,0.04691927782337397,0.035489931050156374,0.004155223534795251,0.003222247052935278,1.3220447725599973,0.16767827823450404,40269.03571428572,35964.21428571428,1010.8571428571429,632.2767857142857,1267.203979079862,833.0495471049726,0.2791796081479906,32.204477255999734,1.1196973578894895,1.5987573254254044,1.5211627969592805
CD-FD,e_theta,12.7-13.5,13.094488444500001,12.66875233,13.520224559,Fa18 Out / Sp18 Out,Fa18 Out,Sp18 Out,113,0.06970752281341422,0.05437497651032538,0.003692347145872474,0.002898546828292244,1.281977984858114,0.09633897077476207,28675.575221238938,25602.41592920354,1209.9823008849557,800.1238938053098,1516.8259898363885,1054.1947172859752,0.24840418585345836,28.19779848581141,1.1200339569723958,1.5122436790762492,1.4388480277547375
CD-FD,e_theta,13.5-14.9,14.213353255500001,13.520224559,14.906481952000002,Fa18 Out / Sp18 Out,Fa18 Out,Sp18 Out,115,0.06270345375539679,0.048498255480681825,0.004298739096973387,0.00336529735184717,1.2929012215784397,0.12611584998881145,39271.495652173915,35017.617391304346,1204.9913043478261,780.5217391304348,1510.56930884442,1028.3681070995638,0.2568887021139051,29.290122157843967,1.1214782323233077,1.5438279857397506,1.468899412978558
CD-FD,e_theta,14.9-16.5,15.697780021500002,14.906481952000002,16.489078091,Fa18 Out / Sp18 Out,Fa18 Out,Sp18 Out,112,0.05859322298563861,0.0456390591733928,0.00403223743792592,0.0032444725630838248,1.2838394140210054,0.12702620817793156,26589.95535714286,23706.910714285714,926.1696428571429,603.5892857142857,1161.0402765854178,795.2526369186046,0.24985513048441105,28.383941402100543,1.1216119922837449,1.5344368509807405,1.4599640701402066
CD-FD,e_theta,16.5-19.1,17.794683039250003,16.489078091,19.100287987500003,Fa18 Out / Sp18 Out,Fa18 Out,Sp18 Out,114,0.05611427014509886,0.044261615094298684,0.004172471235844951,0.003375558122837395,1.2677863206199835,0.13503609377915948,27699.429824561405,24686.28947368421,786.780701754386,515.6929824561404,986.3032011709254,679.4457984014617,0.2372723249532608,26.77863206199835,1.1220572396710016,1.5256765721478507,1.451628965093919
CD-FD,e_theta,19.1-28.3,23.69274772875,19.100287987500003,28.28520747,Fa18 Out / Sp18 Out,Fa18 Out,Sp18 Out,111,0.0491246631397844,0.03743760405895973,0.004149089262749486,0.003177727506371472,1.312174333122893,0.1571231257670001,21556.126126126128,19229.414414414416,574.5045045045046,367.0450450450451,720.1951326668798,483.5962911343661,0.2716855575505463,31.2174333122893,1.1209975333397362,1.565215256982966,1.48924866850721
CD-FD,p_theta,35.3-40.9,38.11746719625,35.29477314,40.9401612525,Fa18 Inb / Sp18 Inb,Fa18 Inb,Sp18 Inb,75,0.007872843527914333,0.004436161022447307,0.0010606967312616403,0.0005440863774646938,1.7746974215041238,0.3233375850570812,7084.7733333333335,3721.16,35.85333333333333,11.333333333333334,44.99620789079226,13.249600218868267,0.5736299416380297,77.46974215041237,1.903915266565623,3.1635294117647055,3.3960426841192404
CD-FD,p_theta,40.9-42.9,41.935459998750005,40.9401612525,42.930758745000006,Fa18 Inb / Sp18 Inb,Fa18 Inb,Sp18 Inb,92,0.0308318746306813,0.017880843372156695,0.0023108493982712678,0.0014143580073899629,1.724296443348495,0.18789425527446144,15116.532608695652,7957.945652173913,293.1304347826087,95.18478260869566,367.88094038481637,111.27885145451971,0.5448191083578391,72.42964433484951,1.8995521293320456,3.0795934680826766,3.305937611471227
CD-FD,p_theta,42.9-45,43.974435157500004,42.930758745000006,45.01811157,Fa18 Inb / Sp18 Inb,Fa18 Inb,Sp18 Inb,95,0.04294461424799705,0.024975300700572318,0.0024787108279623934,0.0014764524807276756,1.7194833713058342,0.14206532407334388,18798.157894736843,9890.347368421053,483.8,157.96842105263158,607.1727048408137,184.67809642533373,0.5420238801867401,71.94833713058341,1.9006569935811952,3.0626374358632638,3.287735343786677
CD-FD,p_theta,45-46.6,45.8084243125,45.01811157,46.598737055,Fa18 Inb / Sp18 Inb,Fa18 Inb,Sp18 Inb,94,0.0561488589459802,0.03271543893524469,0.0035527521026539055,0.0020892513882191043,1.7162801653714157,0.15429200229254283,22851.042553191488,12030.255319148937,704.2553191489362,232.09574468085106,883.8458185745511,271.3390437812534,0.5401592542726996,71.62801653714158,1.8994644707846526,3.034331026263923,3.2573484680187974
CD-FD,p_theta,46.6-48.8,47.703924776250005,46.598737055,48.8091124975,Fa18 Inb / Sp18 Inb,Fa18 Inb,Sp18 Inb,95,0.060166839404691794,0.03471423355608389,0.003831453806905695,0.0022438194961242187,1.7332037392525743,0.1572650098759627,22330.0,11767.357894736842,858.7473684210527,284.29473684210524,1077.7345234792708,332.3639653663632,0.5499715683083466,73.32037392525743,1.8976222359980641,3.0206235189573465,3.2426334855262944
CD-FD,p_theta,48.8-50.9,49.84259797125,48.8091124975,50.876083445,Fa18 Inb / Sp18 Inb,Fa18 Inb,Sp18 Inb,94,0.04541097123694998,0.02664697066583662,0.0033629034639174006,0.0019608673369227534,1.7041701214904024,0.1779136613911045,29871.255319148935,15733.446808510638,841.8936170212766,281.8829787234043,1056.582936410266,329.54442146375635,0.5330782599791872,70.41701214904023,1.8985830430361121,2.986677737102313,3.2061927545827693
CD-FD,p_theta,50.9-52.9,51.89576602,50.876083445,52.91544859500001,Fa18 Inb / Sp18 Inb,Fa18 Inb,Sp18 Inb,95,0.054278859784067636,0.03096391679282964,0.0038668681974210572,0.0022270059506611572,1.7529713746239324,0.1774584740609522,30661.494736842105,16133.378947368421,921.0631578947368,301.8,1155.9413164703483,352.82905994594006,0.5613122764412154,75.29713746239324,1.9005004988024174,3.0518991315266297,3.2762077949232977
CD-FD,p_theta,52.9-54.9,53.908969760000005,52.91544859500001,54.902490925,Fa18 Inb / Sp18 Inb,Fa18 Inb,Sp18 Inb,94,0.040090793210126076,0.023061405795454883,0.003591677968575095,0.0020701301948028426,1.7384366575791088,0.22047360624714607,42001.01063829787,22134.042553191488,930.063829787234,305.47872340425533,1167.2372286207715,357.1297906301746,0.5529862367022685,73.84366575791088,1.8975752186869173,3.0446108305763535,3.268383817998266
CD-FD,p_theta,54.9-57.3,56.084581818749996,54.902490925,57.2666727125,Fa18 Inb / Sp18 Inb,Fa18 Inb,Sp18 Inb,94,0.02870500518924928,0.015804629707966446,0.0029378133436082686,0.0016295541934079779,1.8162402865269474,0.2638577103419787,49089.074468085106,25863.468085106382,710.8297872340426,224.10638297872342,892.0968263670977,261.9988218497684,0.5967685877955272,81.62402865269473,1.8980081985351884,3.171840881040539,3.4049650302573924
CD-FD,p_theta,57.3-62.3,59.788489426249996,57.2666727125,62.31030614,Fa18 Inb / Sp18 Inb,Fa18 Inb,Sp18 Inb,94,0.017595759256872002,0.00961505320499083,0.0024248330756887855,0.0013163351055647302,1.8300220375003928,0.35548421981545764,90281.09574468085,47556.67021276596,708.7234042553191,221.12765957446808,889.453299599077,258.5164488259568,0.6043280091307625,83.00220375003929,1.8983897598542565,3.205041855094775,3.4406062114751204
CD-FD,p_theta,35.4-41.6,38.5012540865,35.43858554,41.563922633,Fa18 Out / Sp18 Out,Fa18 Out,Sp18 Out,107,0.01023120968428803,0.008237679466829167,0.001074746737756542,0.0008253618377775283,1.242001430801751,0.18029728142827217,8832.794392523365,7905.598130841122,61.21495327102804,41.88785046728972,76.73866966501046,55.188891399103355,0.2167241355249158,24.200143080175106,1.1172835054776042,1.461401160196341,1.3904731136936233
CD-FD,p_theta,41.6-43.8,42.6713581555,41.563922633,43.778793678,Fa18 Out / Sp18 Out,Fa18 Out,Sp18 Out,112,0.04411072548882509,0.03513530742287142,0.00230087180964434,0.0018595970623773237,1.2554529538600563,0.09329323239183296,16979.196428571428,15154.80357142857,435.14285714285717,290.0982142857143,545.492272509384,382.2158135280696,0.22749642687840743,25.545295386005627,1.120383800987193,1.4999846111230803,1.4271839447828694
CD-FD,p_theta,43.8-46,44.89304774,43.778793678,46.007301802,Fa18 Out / Sp18 Out,Fa18 Out,Sp18 Out,114,0.0649715804444242,0.051898543203970623,0.002904342941165337,0.0023745691182130413,1.2518960347128472,0.08007908363811096,20047.90350877193,17890.464912280702,764.6228070175439,514.8070175438596,958.5262075799735,678.2785047638755,0.22465922986321218,25.189603471284716,1.1205915333709568,1.4852610414394767,1.4131749728876617
CD-FD,p_theta,46-48.3,47.1540155305,46.007301802,48.30072925899999,Fa18 Out / Sp18 Out,Fa18 Out,Sp18 Out,115,0.08108109463783764,0.06360498496032313,0.003085798013485809,0.002439266073760577,1.274760063042482,0.06887438736026592,22985.15652173913,20517.043478260868,1155.6260869565217,769.6260869565217,1448.6853914693565,1014.0126565852521,0.24275797505217708,27.4760063042482,1.1202957456367135,1.5015422508954095,1.4286659856375863
CD-FD,p_theta,48.3-50.5,49.39421117325,48.30072925899999,50.4876930875,Fa18 Out / Sp18 Out,Fa18 Out,Sp18 Out,114,0.07126487559820685,0.05632832596450498,0.003444759943148324,0.002789330728224602,1.2651694219195164,0.08754983226024189,27671.342105263157,24750.122807017542,1182.3157894736842,796.938596491228,1482.1434299955006,1049.9979627233324,0.23520604358277133,26.516942191951642,1.1180284769099142,1.4835720025096035,1.4115679102379703
CD-FD,p_theta,50.5-52.7,51.59022535925,50.4876930875,52.692757631,Fa18 Out / Sp18 Out,Fa18 Out,Sp18 Out,114,0.07537306386577901,0.05865053426685467,0.003861865930461135,0.003063055729219952,1.2851215220451075,0.09402229358988709,32069.85087719298,28625.622807017542,1426.7543859649122,950.5175438596491,1788.5700742575991,1252.3442696588274,0.25085328356066094,28.512152204510755,1.1203197601461823,1.5010289869784696,1.428177632612839
CD-FD,p_theta,52.7-54.9,53.810471273,52.692757631,54.928184914999996,Fa18 Out / Sp18 Out,Fa18 Out,Sp18 Out,114,0.07718128949442353,0.05923034971281884,0.004001556780144856,0.0031894669584377026,1.303069961069632,0.09740561149813383,37184.73684210526,33198.09649122807,1644.0964912280701,1081.8245614035088,2061.0287322957515,1425.3464325850175,0.2647229890034246,30.30699610696319,1.1200864137475648,1.5197440970420342,1.4459844183689832
CD-FD,p_theta,54.9-56.9,55.9336877735,54.928184914999996,56.939190632,Fa18 Out / Sp18 Out,Fa18 Out,Sp18 Out,113,0.058342869148453685,0.044324436720929075,0.004179483701837752,0.003302876599119868,1.3162687100974573,0.13605675400863027,50071.08849557522,44679.77876106195,1677.3274336283187,1088.1238938053098,2102.686826850698,1433.6460509215708,0.27480099906394323,31.626871009745727,1.1206655423104233,1.5414857105678361,1.4666708184346176
CD-FD,p_theta,56.9-59.3,58.13942454425,56.939190632,59.3396584565,Fa18 Out / Sp18 Out,Fa18 Out,Sp18 Out,114,0.05653774529091913,0.04237209948275331,0.004176703611036804,0.0032243459243716664,1.334315409929868,0.1415132779426003,65173.84210526316,58205.570175438595,2023.719298245614,1289.1315789473683,2536.9214289064125,1698.4815863315685,0.28841835877387,33.4315409929868,1.119718300307365,1.569831451881792,1.4936408197310702
CD-FD,p_theta,59.3-63,61.176205423249996,59.3396584565,63.01275239,Fa18 Out / Sp18 Out,Fa18 Out,Sp18 Out,114,0.04083640323001045,0.029857103056170897,0.0037813314624795566,0.0028391816009166447,1.3677282472175525,0.18153608245452393,106964.71929824562,95604.28947368421,2107.7894736842104,1313.5877192982457,2642.3112573216645,1730.7035136642949,0.3131511497721231,36.77282472175525,1.118827616282724,1.6046050390987583,1.5267266960863144
CD-FD,g_theta,5.46-6.21,5.83099307125,5.45656356,6.2054225825,Fa18 Inb / Sp18 Inb,Fa18 Inb,Sp18 Inb,93,0.0057391821407787305,0.0028187580180153607,0.0008973542761210913,0.0004513626880612836,2.036067695097712,0.45567983623492747,91402.60215053764,48140.98924731183,263.0,74.43010752688173,330.0670140000423,87.01492667456978,0.7110203472012122,103.6067695097712,1.8986440366021669,3.5335163247616292,3.7932229171952496
CD-FD,g_theta,6.21-6.75,6.4761927437499995,6.2054225825,6.746962905,Fa18 Inb / Sp18 Inb,Fa18 Inb,Sp18 Inb,94,0.02349559266333756,0.012548181844854662,0.002161840163883301,0.0011466301369480031,1.8724300423628182,0.24280947127955232,53861.77659574468,28338.787234042553,735.7553191489362,223.10638297872342,923.3785597950884,260.8297394775393,0.6272370751574124,87.24300423628182,1.9006380248708072,3.297777989700553,3.5401582720002787
CD-FD,g_theta,6.75-7.41,7.0805208,6.746962905,7.414078695,Fa18 Inb / Sp18 Inb,Fa18 Inb,Sp18 Inb,95,0.04379214411671102,0.02417784318548114,0.003429076974332677,0.001850876461914581,1.8112510607649372,0.19834425247888507,49317.42105263158,25981.947368421053,1235.2,395.69473684210527,1550.1854589079578,462.59974163528017,0.5940178003061031,81.12510607649372,1.8981418272201143,3.121598254901439,3.351029668603111
CD-FD,g_theta,7.41-8.07,7.7421624025,7.414078695,8.07024611,Fa18 Inb / Sp18 Inb,Fa18 Inb,Sp18 Inb,94,0.05720697790425128,0.03241194599895674,0.0036026728116088855,0.0020484414772209995,1.7649967054151152,0.15747347166721623,28673.574468085106,15115.734042553191,1093.8297872340424,355.6808510638298,1372.7647593025936,415.82021312658054,0.5681488237631867,76.49967054151152,1.8969356292830002,3.075312556080636,3.3013420607446706
CD-FD,g_theta,8.07-9.06,8.56379703625,8.07024611,9.0573479625,Fa18 Inb / Sp18 Inb,Fa18 Inb,Sp18 Inb,95,0.06464762779672167,0.037332243657759154,0.003954316476257004,0.002336532845727412,1.7316834313355092,0.15154583928816587,26493.115789473683,13920.431578947368,1044.042105263158,346.7473684210526,1310.2808371650697,405.37623604609684,0.5490940170694285,73.16834313355092,1.90318207012638,3.0109589872802895,3.232258629526751
CD-FD,g_theta,9.06-10,9.54164940375,9.0573479625,10.025950845,Fa18 Inb / Sp18 Inb,Fa18 Inb,Sp18 Inb,89,0.055025428468371135,0.03239952121382314,0.0038492741554501386,0.0022630956229356897,1.6983407904464567,0.1678919773008958,21425.191011235955,11271.8202247191,726.2696629213483,244.91011235955057,911.4739885902075,286.3200951460724,0.529651768838817,69.83407904464568,1.9007747270711888,2.965453961554342,3.1834090727205133
CD-FD,g_theta,10-11.3,10.668977077500001,10.025950845,11.312003310000001,Fa18 Inb / Sp18 Inb,Fa18 Inb,Sp18 Inb,95,0.05154184282627553,0.03043485818152051,0.0033667299815348184,0.0019391420170478788,1.6935134876879696,0.15453051711829138,16989.905263157896,8970.115789473684,592.4947368421052,203.68421052631578,743.5854319399313,238.12362003257547,0.5268053576301384,69.35134876879697,1.8940564048342978,2.908888888888889,3.1226865769897514
CD-FD,g_theta,11.3-12.6,11.96404468,11.312003310000001,12.61608605,Fa18 Inb / Sp18 Inb,Fa18 Inb,Sp18 Inb,92,0.039733571732273106,0.024235318878328308,0.0027711277617805358,0.001723667080169432,1.6394903624644954,0.16331170215639643,16385.684782608696,8644.032608695652,424.2608695652174,147.56521739130434,532.4506402070052,172.5158944098749,0.4943854389470727,63.949036246449545,1.8956065443488912,2.8750736593989394,3.086385993756454
CD-FD,g_theta,12.6-14.5,13.558568335,12.61608605,14.501050620000001,Fa18 Inb / Sp18 Inb,Fa18 Inb,Sp18 Inb,94,0.03128467094019688,0.017606757600879024,0.0020566013045504546,0.001216816736398964,1.7768558896179147,0.1694809895473836,14326.212765957447,7531.436170212766,288.0531914893617,94.6063829787234,361.50896117122267,110.60265464302189,0.5748454483138187,77.68558896179147,1.9021886984342224,3.044754301135725,3.268537833364119
CD-FD,g_theta,14.5-22.9,18.677595574999998,14.501050620000001,22.85414053,Fa18 Inb / Sp18 Inb,Fa18 Inb,Sp18 Inb,81,0.015246372714075224,0.00908281639568442,0.0014749222307466187,0.000934038020983865,1.6785952781473525,0.23699520533144444,11247.987654320988,5952.222222222223,134.5679012345679,45.65432098765432,168.88374654277024,53.37366188384221,0.5179572996919156,67.85952781473526,1.8897123182544127,2.947539210383991,3.164177622107213
CD-FD,g_theta,5.42-6.13,5.77892408075,5.42361849,6.1342296715,Fa18 Out / Sp18 Out,Fa18 Out,Sp18 Out,112,0.0050173951122251675,0.0032465726667152027,0.0005791976915672231,0.0003826667416033805,1.5454436500574733,0.254968976364651,108177.5,96556.89285714286,271.57142857142856,150.01785714285714,340.4401871438955,197.65443042374687,0.43531102127018306,54.54436500574733,1.120349845557375,1.8102606832519939,1.7224009925506525
CD-FD,g_theta,6.13-6.72,6.42875251475,6.1342296715,6.723275358,Fa18 Out / Sp18 Out,Fa18 Out,Sp18 Out,114,0.026846292807317,0.01852580012702387,0.002056127360592194,0.001460847834424799,1.4491300037376469,0.15929842330611935,67842.45614035087,60586.70175438596,1136.3245614035088,665.7368421052631,1424.4891238210657,877.1344881503464,0.3709633789396857,44.91300037376469,1.1197582006589368,1.7068674730545237,1.6240258969008858
CD-FD,g_theta,6.72-7.36,7.04318628725,6.723275358,7.3630972165,Fa18 Out / Sp18 Out,Fa18 Out,Sp18 Out,114,0.059311199786136755,0.04292310382971896,0.0028645783823685912,0.002131881226380588,1.381801279363005,0.0957289883867712,55336.087719298244,49418.87719298246,2184.0263157894738,1353.798245614035,2737.8812697125873,1783.6824644862454,0.32338792293911756,38.1801279363005,1.1197358350172317,1.6132583439705055,1.5349600190755814
CD-FD,g_theta,7.36-8.1,7.73356377925,7.3630972165,8.104030342,Fa18 Out / Sp18 Out,Fa18 Out,Sp18 Out,114,0.08098917806006474,0.061389054511052636,0.003470332851135769,0.002621174950533521,1.3192771692791465,0.07980443190431363,38565.833333333336,34459.429824561405,2172.3859649122805,1406.8070175438597,2723.289001107342,1853.5236075525963,0.27708398758022285,31.927716927914652,1.1191663219524612,1.5441961390731778,1.4692496982561711
CD-FD,g_theta,8.1-8.96,8.531586982250001,8.104030342,8.959143622500001,Fa18 Out / Sp18 Out,Fa18 Out,Sp18 Out,113,0.08651382786942641,0.06750649775926038,0.003684448014064251,0.0029371800293242906,1.2815629715816306,0.07802623638763426,27283.353982300883,24368.185840707964,1775.7079646017698,1186.9469026548672,2226.0160244468666,1563.8492540528248,0.24808040457813554,28.156297158163056,1.1196300849250347,1.4960298229263747,1.423421099366189
CD-FD,g_theta,8.96-9.97,9.464046378750002,8.959143622500001,9.968949135,Fa18 Out / Sp18 Out,Fa18 Out,Sp18 Out,113,0.08165615462242586,0.0645033778986421,0.0038805155276332376,0.003099382392807178,1.2659205964490248,0.0855522204055486,25871.318584070796,23117.37168141593,1612.3893805309735,1093.1681415929204,2021.2809033129347,1440.2920458872645,0.23579960173053446,26.592059644902477,1.1191288932239976,1.4749692377436694,1.4033826744268125
CD-FD,g_theta,9.97-11.1,10.546391936500001,9.968949135,11.123834738,Fa18 Out / Sp18 Out,Fa18 Out,Sp18 Out,114,0.0823038015313463,0.06553690772724241,0.003467231660088014,0.0027710685241878114,1.2558389522112625,0.07495706269328593,20291.90350877193,18125.254385964912,1298.9561403508771,883.4736842105264,1628.3630197739717,1164.0113462006793,0.22780383706303217,25.58389522112625,1.119537584227493,1.4702827753286467,1.3989236660698638
CD-FD,g_theta,11.1-12.6,11.8645012655,11.123834738,12.605167793000001,Fa18 Out / Sp18 Out,Fa18 Out,Sp18 Out,114,0.06916841935905284,0.05492773982992093,0.0034554809533507386,0.0027295492572678736,1.2592620700073762,0.08873278213735797,17345.456140350878,15511.973684210527,941.438596491228,647.061403508772,1180.1813381472627,852.5288628667178,0.23052589067402238,25.926207000737623,1.118197883355529,1.4549447569985765,1.3843300673466692
CD-FD,g_theta,12.6-14.7,13.649422235000001,12.605167793000001,14.693676677000001,Fa18 Out / Sp18 Out,Fa18 Out,Sp18 Out,114,0.05667900196172243,0.04579910203093701,0.0028925044291838874,0.0022955539678104248,1.2375570578531456,0.08852310372090705,14874.166666666666,13292.894736842105,690.2543859649123,476.92105263157896,865.2984357409059,628.3622550692423,0.21313932175387412,23.75570578531456,1.1189561762978506,1.4473137265721276,1.3770694034535134
CD-FD,g_theta,14.7-25.9,20.2727661985,14.693676677000001,25.85185572,Fa18 Out / Sp18 Out,Fa18 Out,Sp18 Out,109,0.033265136308360845,0.02671474216654698,0.0024231250259646128,0.0019283101418287043,1.2451977301887072,0.12769343063225644,14306.302752293577,12802.587155963303,433.0642201834862,297.8532110091743,542.8865066556651,392.43332689287763,0.2192943367348811,24.519773018870715,1.1174540409693567,1.4539518265262121,1.3833853280352426
CD-FT,xB,0.09-0.118,0.104,0.09,0.118,Fa18 Inb / Sp18 Inb,Fa18 Inb,Sp18 Inb,46,0.061105709896630944,0.04395295154075413,0.0067034308820268325,0.0048129523298380385,1.3902527078294709,0.2154907026822332,112699.58695652174,59098.84782608696,4391.608695652174,1697.304347826087,5173.770099332757,1956.7381690744876,0.32948553481208465,39.02527078294709,1.9069675823151118,2.5874020185460322,2.644078896759031
CD-FT,xB,0.118-0.155,0.1365,0.118,0.155,Fa18 Inb / Sp18 Inb,Fa18 Inb,Sp18 Inb,95,0.07410518362067012,0.05257967691660873,0.0064252640362299,0.004512825880775862,1.40938834101626,0.17194652525928047,149374.28421052633,78715.27368421052,8298.621052631579,3165.7157894736843,9776.635498125923,3649.597036405282,0.3431558095736461,40.938834101626,1.8976531138008261,2.621404321962606,2.6788260184898514
CD-FT,xB,0.155-0.204,0.1795,0.155,0.204,Fa18 Inb / Sp18 Inb,Fa18 Inb,Sp18 Inb,99,0.06770189813175448,0.04790010194936157,0.00696180687517127,0.004862919290182709,1.4133977878236403,0.20423871920283324,112122.52525252526,59058.393939393936,6952.414141414141,2652.8888888888887,8190.664263560025,3058.384286736501,0.34599658412809725,41.339778782364036,1.8985027829843466,2.620695563441417,2.6781017346580756
CD-FT,xB,0.204-0.268,0.236,0.204,0.268,Fa18 Inb / Sp18 Inb,Fa18 Inb,Sp18 Inb,92,0.06679445999158647,0.04662164849245771,0.006517120589142821,0.004516361097342719,1.4326919392906547,0.1969842808770944,72663.64130434782,38308.717391304344,4495.684782608696,1691.554347826087,5296.382514069394,1950.1092786895358,0.35955514966464464,43.26919392906547,1.8967912854436015,2.657724115329996,2.7159413946425293
CD-FT,xB,0.268-0.357,0.3125,0.268,0.357,Fa18 Inb / Sp18 Inb,Fa18 Inb,Sp18 Inb,48,0.051732417007482566,0.03300576157592972,0.006469990712269073,0.003994567079156476,1.5673753471336267,0.2727818584166187,45785.75,24124.979166666668,2183.1041666666665,743.0833333333334,2571.922920274962,856.6639937019012,0.4494024670030609,56.73753471336267,1.8978565611887401,2.937899517775036,3.0022540216274463
CD-FT,xB,0.357-0.446,0.40149999999999997,0.357,0.446,Fa18 Inb / Sp18 Inb,Fa18 Inb,Sp18 Inb,11,0.012188164732748126,0.008308757748288364,0.003866780818959895,0.0027020555824592853,1.4669057760480422,0.6664512791767047,17173.18181818182,9068.90909090909,160.0,59.0,188.49657910385451,68.01817960533182,0.3831552680919675,46.69057760480422,1.8936325908699054,2.711864406779661,2.7712676257669
CD-FT,xB,0.062-0.09,0.076,0.062,0.09,Fa18 Out / Sp18 Out,Fa18 Out,Sp18 Out,21,0.08265455216996327,0.07223178533979334,0.01689900772711303,0.014570678911974335,1.1442961264371228,0.32865936428268594,93354.80952380953,83206.04761904762,5748.476190476191,4083.0476190476193,6747.755758766715,5215.05821543962,0.13478971124196595,14.429612643712275,1.1219714455279408,1.4078885986191454,1.293898453288482
CD-FT,xB,0.09-0.118,0.104,0.09,0.118,Fa18 Out / Sp18 Out,Fa18 Out,Sp18 Out,68,0.08291439192133099,0.07197838734260849,0.008566255476948347,0.007360689227829884,1.1519345595597805,0.1674529928168854,121581.0,108191.45588235294,7107.573529411765,5037.10294117647,8343.110178204104,6433.622021160883,0.1414427547224906,15.193455955978052,1.1237578698654986,1.4110439298966786,1.2967983121735636
CD-FT,xB,0.118-0.155,0.1365,0.118,0.155,Fa18 Out / Sp18 Out,Fa18 Out,Sp18 Out,106,0.09319025110733545,0.08018964191833489,0.007426275756869806,0.0062550353381270705,1.1621232976977298,0.12959042506620908,156952.35849056602,140140.62264150943,11535.27358490566,8212.594339622641,13540.494242702813,10489.50724480351,0.1502487609742511,16.212329769772982,1.1199633306329908,1.4045833883761136,1.2908608504380183
CD-FT,xB,0.155-0.204,0.1795,0.155,0.204,Fa18 Out / Sp18 Out,Fa18 Out,Sp18 Out,100,0.08448736800822632,0.07341421645201156,0.0077114431311144285,0.00652278130273143,1.1508311617471654,0.14658973101852094,115907.2,103511.86,9242.43,6627.66,10849.076901592936,8465.15543214846,0.14048443066299032,15.083116174716537,1.1197480172803387,1.3945238590995919,1.2816157941283586
CD-FT,xB,0.204-0.268,0.236,0.204,0.268,Fa18 Out / Sp18 Out,Fa18 Out,Sp18 Out,100,0.06954632235654969,0.05991705053613616,0.006591007800777636,0.005573432625069202,1.1607100438731723,0.15413510001990374,72362.89,64656.12,4747.87,3371.6,5573.210373113195,4306.36424545414,0.14903192464454323,16.071004387317235,1.1191962957257564,1.4081949222920869,1.2941799753693284
CD-FT,xB,0.268-0.357,0.3125,0.268,0.357,Fa18 Out / Sp18 Out,Fa18 Out,Sp18 Out,51,0.04305513735349602,0.03641312255238676,0.005331678050373446,0.004517737574535142,1.1824071745441094,0.2072685707495832,46809.13725490196,41895.470588235294,1765.686274509804,1223.7450980392157,2072.6222623536987,1563.0241237829807,0.16755233897426872,18.240717454410937,1.1172839592842878,1.4428546249859802,1.326033444280655
CD-FT,xB,0.357-0.446,0.40149999999999997,0.357,0.446,Fa18 Out / Sp18 Out,Fa18 Out,Sp18 Out,12,0.011383753806324594,0.00963489142400084,0.003988245972585395,0.0032846633223700145,1.1815134499561957,0.5775701799747374,16526.0,14847.666666666666,150.16666666666666,104.41666666666667,176.27071178504252,133.365820371,0.16679620137706455,18.151344995619567,1.1130368408055138,1.4381484437350358,1.3217083004827528
CD-FT,Q2,1.456-1.912,1.684,1.456,1.912,Fa18 Inb / Sp18 Inb,Fa18 Inb,Sp18 Inb,120,0.04190443724742402,0.030106525824168996,0.003493768713373459,0.0025127345174228567,1.391872230364882,0.16420052315765055,136693.23333333334,71989.73333333334,4129.675,1597.8416666666667,4865.185064442339,1842.0725671904768,0.33064976916842737,39.187223036488206,1.8987878827166096,2.584533302736504,2.6411473419110214
CD-FT,Q2,1.912-2.51,2.211,1.912,2.51,Fa18 Inb / Sp18 Inb,Fa18 Inb,Sp18 Inb,109,0.0725909455821728,0.05139601878574131,0.006043694083583639,0.004256811412316779,1.4123846028772866,0.16586639325506186,113276.38532110091,59640.40366972477,7659.688073394495,2918.1284403669724,9023.906242731939,3364.1658367521777,0.3452794836230437,41.238460287728664,1.8993229145194963,2.6248632402318943,2.682360704145242
CD-FT,Q2,2.51-3.295,2.9025,2.51,3.295,Fa18 Inb / Sp18 Inb,Fa18 Inb,Sp18 Inb,76,0.07948593961780569,0.055801463204557984,0.008345180354541933,0.005813311969429385,1.424441852473021,0.21068226528849454,81896.84210526316,43153.39473684211,6740.3026315789475,2553.25,7940.77492610895,2943.5155436837613,0.35378005451792427,42.44418524730209,1.8978076372597386,2.639891366524605,2.6977180205990017
CD-FT,Q2,3.295-4.326,3.8104999999999998,3.295,4.326,Fa18 Inb / Sp18 Inb,Fa18 Inb,Sp18 Inb,60,0.082090514793333,0.05723996375890219,0.008487021446711353,0.0058530093738605226,1.4341468687699153,0.20854168952366522,58894.433333333334,31015.916666666668,4870.566666666667,1823.2,5738.032218524531,2101.877034855892,0.36057015587990865,43.414686876991524,1.8988454852481655,2.671438496416557,2.7299561883827996
CD-FT,Q2,4.326-5.761,5.0435,4.326,5.761,Fa18 Inb / Sp18 Inb,Fa18 Inb,Sp18 Inb,26,0.0541673586614152,0.03206236721133092,0.010321241123221674,0.006133429491032423,1.6894372865354845,0.456152219449048,39938.61538461538,20971.26923076923,2456.153846153846,774.5769230769231,2893.603735954731,892.971394440962,0.5243955069422628,68.94372865354845,1.9044443588572644,3.1709618153830874,3.240421534181674
CD-FT,Q2,1-1.2,1.1,1.0,1.2,Fa18 Out / Sp18 Out,Fa18 Out,Sp18 Out,20,0.06372445389423395,0.05585772231756601,0.01392592670969423,0.011725864377689712,1.1408351656722322,0.3457029430550258,103889.95,92703.6,5556.0,3963.5,6521.820697075822,5062.3664393384,0.13176059565181145,14.08351656722322,1.1206679136516813,1.401791346032547,1.2882948666845535
CD-FT,Q2,1.2-1.456,1.3279999999999998,1.2,1.456,Fa18 Out / Sp18 Out,Fa18 Out,Sp18 Out,33,0.060142466590901375,0.05378577593949517,0.011740161286251632,0.010410138742241018,1.118185348084538,0.3073814430074803,118787.75757575757,106126.51515151515,4935.0,3673.060606060606,5792.86989562025,4691.403744610485,0.11170714639858914,11.818534808453807,1.119303290098296,1.3435661779871464,1.2347839177719753
CD-FT,Q2,1.456-1.912,1.684,1.456,1.912,Fa18 Out / Sp18 Out,Fa18 Out,Sp18 Out,127,0.06740416639483542,0.05930000099828284,0.0054691797787894784,0.0047361361799575325,1.1366638323798215,0.12941262424841427,149694.62992125985,133690.48031496062,8076.40157480315,5863.535433070866,9480.353302453144,7489.180015698914,0.12809750911671852,13.66638323798215,1.1197104653120786,1.3773945202499367,1.2658733376124367
CD-FT,Q2,1.912-2.51,2.211,1.912,2.51,Fa18 Out / Sp18 Out,Fa18 Out,Sp18 Out,116,0.08691389988539398,0.07470897739243272,0.007313099610337348,0.006183419716042927,1.1633662100452937,0.1373077389133328,108013.08620689655,96306.81896551725,9295.163793103447,6562.801724137931,10910.977611334032,8382.315427346066,0.15131770793081778,16.336621004529373,1.1215518004552798,1.4163407922131657,1.3016663123578696
CD-FT,Q2,2.51-3.295,2.9025,2.51,3.295,Fa18 Out / Sp18 Out,Fa18 Out,Sp18 Out,77,0.08861621428154103,0.07589172683143527,0.009243580572104755,0.007789605884743747,1.1676663317777494,0.17087796127194393,81495.7012987013,72743.27272727272,7568.1558441558445,5315.0,8883.757275573465,6788.565062459481,0.15500716874538567,16.766633177774935,1.1203194225841744,1.4239239593896227,1.3086355060070531
CD-FT,Q2,3.295-4.326,3.8104999999999998,3.295,4.326,Fa18 Out / Sp18 Out,Fa18 Out,Sp18 Out,60,0.0875921386020879,0.07414533631172712,0.008912477078963024,0.007446155668716702,1.181357357849545,0.16889067692812287,58638.61666666667,52317.6,5202.366666666667,3605.1833333333334,6106.713930963715,4604.707736675434,0.1666640806480243,18.13573578495451,1.1208200809415316,1.443024164281983,1.3261892567741376
CD-FT,Q2,4.326-5.761,5.0435,4.326,5.761,Fa18 Out / Sp18 Out,Fa18 Out,Sp18 Out,25,0.040294725629637006,0.0334201927787248,0.007586877950430826,0.006280279555573374,1.205699975952518,0.3207355659687968,37819.16,33762.96,1793.88,1215.64,2105.7170108115806,1552.6719158104802,0.18706029119629747,20.5699975952518,1.1201375708764874,1.4756671382975222,1.3561892820817951
CD-FT,t,0.11-0.15,0.13,0.11,0.15,Fa18 Inb / Sp18 Inb,Fa18 Inb,Sp18 Inb,43,0.0596745675922379,0.04223243624453395,0.006605440610549405,0.004584941162098071,1.413003200826745,0.21907815310466539,114280.3953488372,60211.51162790698,5628.372093023256,2127.9767441860463,6630.805534113131,2453.239057323298,0.345717368969991,41.3003200826745,1.8979824996765278,2.6449406030403377,2.7028778603206858
CD-FT,t,0.15-0.25,0.2,0.15,0.25,Fa18 Inb / Sp18 Inb,Fa18 Inb,Sp18 Inb,78,0.0757969816987626,0.05409952410610691,0.007495516451944105,0.005253843243751411,1.4010655907083371,0.1941894976838289,153391.83333333334,80745.33333333333,9619.884615384615,3688.25641025641,11333.22088358655,4252.008253277401,0.3372330833241796,40.10655907083371,1.8996990538152878,2.608247243503288,2.665380735056435
CD-FT,t,0.25-0.4,0.325,0.25,0.4,Fa18 Inb / Sp18 Inb,Fa18 Inb,Sp18 Inb,90,0.07148437189871928,0.05082291331842008,0.006825916341086357,0.0048462820907721966,1.4065382566884599,0.1898087587718103,126206.36666666667,66476.58888888889,7403.355555555556,2842.766666666667,8721.919975696608,3277.2849781264335,0.34113154849856003,40.65382566884599,1.8985084640490812,2.6042783047813356,2.6613248569804804
CD-FT,t,0.4-0.6,0.5,0.4,0.6,Fa18 Inb / Sp18 Inb,Fa18 Inb,Sp18 Inb,84,0.06694919547881206,0.04613769987440145,0.0068295273664857725,0.004689547831716613,1.4510735398831063,0.20896136606483584,80073.79761904762,42169.130952380954,4453.797619047619,1649.3690476190477,5247.035095072455,1901.4759341775036,0.3723036548252675,45.10735398831063,1.8988723696836463,2.7003038680014724,2.7594538541146965
CD-FT,t,0.6-0.8,0.7,0.6,0.8,Fa18 Inb / Sp18 Inb,Fa18 Inb,Sp18 Inb,69,0.05530525857472658,0.03749430984624421,0.007288605955550369,0.004917145260159364,1.475030712700703,0.2742404626200666,52610.92753623189,27700.27536231884,1959.1159420289855,705.6086956521739,2308.041582126394,813.4613388468575,0.3886788117449729,47.50307127007029,1.8992925827661422,2.776490644319839,2.8373094969678783
CD-FT,t,0.8-1,0.9,0.8,1.0,Fa18 Inb / Sp18 Inb,Fa18 Inb,Sp18 Inb,27,0.035707387043219525,0.02412539691968689,0.005887768848677232,0.003934528369306199,1.4800745936777298,0.3432552359731354,35296.22222222222,18584.74074074074,1142.7037037037037,412.037037037037,1346.2233692340362,475.01710490249803,0.3920924876395304,48.007459367772974,1.8992044449050194,2.773303370786517,2.8340524064083166
CD-FT,t,0.11-0.15,0.13,0.11,0.15,Fa18 Out / Sp18 Out,Fa18 Out,Sp18 Out,47,0.07342890963864807,0.06186292961969108,0.007836175990831284,0.006490880054928249,1.1869614014412198,0.17763883268285333,120659.5744680851,107676.82978723405,7505.276595744681,5156.127659574468,8809.947487293011,6585.645924247703,0.17139659735763813,18.696140144121976,1.1205713866809093,1.4556033308849623,1.337749947177641
CD-FT,t,0.15-0.25,0.2,0.15,0.25,Fa18 Out / Sp18 Out,Fa18 Out,Sp18 Out,87,0.08274023540538829,0.0718393729583321,0.008245247792216573,0.00702991443425943,1.1517393874439694,0.16085789049106783,149888.0459770115,133716.14942528735,11185.505747126437,7964.448275862069,13129.92492600046,10172.563557345173,0.14127331050358807,15.173938744396942,1.120941985102256,1.4044294544578133,1.2907193798282934
CD-FT,t,0.25-0.4,0.325,0.25,0.4,Fa18 Out / Sp18 Out,Fa18 Out,Sp18 Out,97,0.08015355327202706,0.06952559601147716,0.0077248676365288165,0.006583906221624127,1.1528639504046172,0.1557686848816256,126135.74226804124,112725.98969072165,9247.268041237114,6628.494845360825,10854.755958014694,8466.221735449917,0.1422492381449614,15.28639504046172,1.1189588365035517,1.395078107016878,1.282125167188034
CD-FT,t,0.4-0.6,0.5,0.4,0.6,Fa18 Out / Sp18 Out,Fa18 Out,Sp18 Out,113,0.07828067948226004,0.06856679396673986,0.006979713088911626,0.005992675326969577,1.1416704056519278,0.1425423828796764,95224.08849557523,84970.62831858407,6294.938053097345,4562.743362831859,7389.211173774387,5827.747917570956,0.13249245806430243,14.167040565192778,1.1206706409013172,1.379638860334762,1.2679359639931473
CD-FT,t,0.6-0.8,0.7,0.6,0.8,Fa18 Out / Sp18 Out,Fa18 Out,Sp18 Out,85,0.0765186480661337,0.06487257371527362,0.007714044211374819,0.006418302070148433,1.1795223109533903,0.16660820139999558,65632.11764705883,58508.376470588235,4028.035294117647,2814.7764705882355,4728.244051425934,3595.163350306259,0.16510953528939973,17.952231095339034,1.1217559195143902,1.4310320326345,1.3151680718549694
CD-FT,t,0.8-1,0.9,0.8,1.0,Fa18 Out / Sp18 Out,Fa18 Out,Sp18 Out,29,0.04184900631001614,0.03632869255853517,0.00655466996926736,0.005630596374375643,1.15195464969146,0.2538326645433799,34207.48275862069,30602.103448275862,1416.2413793103449,1011.6206896551724,1662.4320265725455,1292.088969004276,0.14146019491154085,15.19546496914601,1.1178147546765436,1.399972730681392,1.2866234961000151
CD-FT,phi,0-30,15.0,0.0,30.0,Fa18 Inb / Sp18 Inb,Fa18 Inb,Sp18 Inb,76,0.06059378559077293,0.04169574095682429,0.0056594314516073855,0.0038661564788439336,1.4532368102899877,0.19125964701689682,149143.63157894736,78621.40789473684,7193.776315789473,2700.3684210526317,8475.01391478213,3113.1210892157433,0.37379335154918175,45.32368102899878,1.8969850015739986,2.6639980899292492,2.7223528002623096
CD-FT,phi,0-45,22.5,0.0,45.0,Fa18 Inb / Sp18 Inb,Fa18 Inb,Sp18 Inb,42,0.10113625881227808,0.06975742295160887,0.011623445277881117,0.007897630883399108,1.4498279112523536,0.2338961824462261,94777.69047619047,49919.78571428572,7709.5952380952385,2899.9523809523807,9082.702054106232,3343.2115575343023,0.37144486749430106,44.98279112523535,1.8985997059091464,2.6585247705216837,2.716759588138341
CD-FT,phi,30-75,52.5,30.0,75.0,Fa18 Inb / Sp18 Inb,Fa18 Inb,Sp18 Inb,36,0.06131390109014618,0.043937529442588476,0.010429060648375165,0.007477396488382464,1.395479032799574,0.3357676519609324,56527.583333333336,29700.13888888889,3817.722222222222,1475.861111111111,4497.672367859011,1701.4472225107338,0.33323774901542064,39.54790327995741,1.9032767336478973,2.5867760817601777,2.6434392488660556
CD-FT,phi,45-90,67.5,45.0,90.0,Fa18 Inb / Sp18 Inb,Fa18 Inb,Sp18 Inb,7,0.024831198609491716,0.016645262869480853,0.009586462078673483,0.006698615300292528,1.4917877118672487,0.8319298457809639,37733.71428571428,19801.85714285714,760.7142857142857,276.14285714285717,896.2002533278572,318.35143142178146,0.3999752073869209,49.178771186724866,1.9055644131502818,2.7547853078116913,2.8151287064278603
CD-FT,phi,60-105,82.5,60.0,105.0,Fa18 Inb / Sp18 Inb,Fa18 Inb,Sp18 Inb,20,0.04529071662190225,0.03342824871628015,0.009941919549041433,0.007104562398970675,1.3548635768000874,0.4139676035411105,57873.95,30433.05,2718.6,1074.85,3202.7924996976844,1239.1413618446536,0.30370076793461026,35.48635768000874,1.901680902834254,2.52928315578918,2.5846869439737143
CD-FT,phi,75-105,90.0,75.0,105.0,Fa18 Inb / Sp18 Inb,Fa18 Inb,Sp18 Inb,11,0.032942496420528454,0.023795721574095933,0.012040545118287258,0.008561783703162785,1.3843873705594925,0.7100303964006256,46082.181818181816,24199.363636363636,1571.4545454545455,607.0,1851.336287721517,699.7802545835074,0.32525771005576765,38.43873705594925,1.9042724639641162,2.5888872248015575,2.645596636366067
CD-FT,phi,90-120,105.0,90.0,120.0,Fa18 Inb / Sp18 Inb,Fa18 Inb,Sp18 Inb,3,0.017831808212633332,0.013322206370679998,0.007015727659390996,0.0052703729243685936,1.3385026261024022,0.7468076725100441,55423.666666666664,28961.0,907.0,358.6666666666667,1068.5399827919998,413.4890466404667,0.2915515459504973,33.85026261024022,1.9137345625726552,2.5288104089219328,2.5842038416101194
CD-FT,phi,255-285,270.0,255.0,285.0,Fa18 Inb / Sp18 Inb,Fa18 Inb,Sp18 Inb,5,0.0353154725534732,0.025782640410963602,0.010365560251617926,0.007612235119091995,1.3697383972533679,0.5702465577520628,92502.2,48676.6,3139.8,1233.0,3699.00974418752,1421.4646687010722,0.31461977069663694,36.97383972533679,1.9003422589087982,2.54647201946472,2.6022523286264003
CD-FT,phi,240-300,270.0,240.0,300.0,Fa18 Inb / Sp18 Inb,Fa18 Inb,Sp18 Inb,5,0.009051007320172801,0.00705712843656976,0.005966586061799462,0.0041272931798303205,1.2825340223752824,1.1302366497903555,35585.2,18584.0,286.4,116.6,337.408876595438,134.422368508258,0.24883782587878342,28.253402237528235,1.914829961256995,2.4562607204116635,2.5100649567464655
CD-FT,phi,270-300,285.0,270.0,300.0,Fa18 Inb / Sp18 Inb,Fa18 Inb,Sp18 Inb,23,0.04065836613648268,0.02970181771337567,0.009336361595915927,0.00675500319426473,1.3688847776536226,0.4424122161315353,52210.95652173913,27392.130434782608,2183.2608695652175,855.7391304347826,2572.1075325279526,986.5392859186367,0.3139963774271933,36.88847776536226,1.906056801461543,2.5513159231785387,2.607202337748649
CD-FT,phi,270-315,292.5,270.0,315.0,Fa18 Inb / Sp18 Inb,Fa18 Inb,Sp18 Inb,35,0.07331085082168674,0.05280484558457243,0.01144267419765293,0.00818427654707787,1.3883356727986607,0.3053850278818267,58576.31428571429,30775.314285714285,4521.228571428572,1757.7428571428572,5326.4757441299425,2026.4147348675585,0.32810567203834784,38.83356727986607,1.9033538940300947,2.5721786056793614,2.628522015991987
CD-FT,phi,285-330,307.5,285.0,330.0,Fa18 Inb / Sp18 Inb,Fa18 Inb,Sp18 Inb,45,0.09228770375497428,0.06451418358859108,0.011464063617014278,0.008086868117622652,1.4305025441148846,0.2524483147577527,76038.57777777778,39970.11111111111,7099.333333333333,2691.5777777777776,8363.750295317064,3102.9867917060783,0.3580258119859184,43.05025441148847,1.9023859495011552,2.637610323560737,2.695387011531081
CD-FT,phi,300-345,322.5,300.0,345.0,Fa18 Inb / Sp18 Inb,Fa18 Inb,Sp18 Inb,44,0.06688344157625946,0.045874256618621774,0.007981394248412483,0.00550878127077096,1.4579733058629971,0.2468267184812702,145349.02272727274,76515.11363636363,7272.25,2726.659090909091,8567.464046173553,3143.430301154498,0.37704732468291785,45.79733058629971,1.899611930500956,2.667091762313187,2.7255142393413183
CD-FT,phi,330-360,345.0,330.0,360.0,Fa18 Inb / Sp18 Inb,Fa18 Inb,Sp18 Inb,37,0.05233017362210906,0.036094197154083484,0.0067939887378039064,0.004611520618731948,1.4498223467532851,0.2640872451303187,167536.54054054053,88469.1081081081,6634.945945945946,2506.7027027027025,7816.653833429471,2889.8534686389253,0.3714410294458654,44.98223467532851,1.8937292815907338,2.646881873463579,2.7048616541485027
CD-FT,phi,0-30,15.0,0.0,30.0,Fa18 Out / Sp18 Out,Fa18 Out,Sp18 Out,87,0.07149215675970888,0.061787564945968994,0.005637047174382075,0.004849331050436342,1.1570638335112609,0.12872463234796205,162393.8735632184,145114.06896551725,9731.494252873563,6957.6551724137935,11423.15706117135,8886.640605851517,0.14588561826376767,15.706383351126085,1.1190773900896354,1.3986744113818235,1.2854302956338342
CD-FT,phi,0-45,22.5,0.0,45.0,Fa18 Out / Sp18 Out,Fa18 Out,Sp18 Out,52,0.11633130286036736,0.09996286412764452,0.012133977061930284,0.010091275146142881,1.16374519553403,0.16892576949438756,92840.42307692308,82815.71153846153,9249.038461538461,6549.365384615385,10856.834137235464,8365.153909934694,0.15164342116584234,16.37451955340301,1.1210484261045786,1.4122037660724613,1.2978642418451596
CD-FT,phi,30-75,52.5,30.0,75.0,Fa18 Out / Sp18 Out,Fa18 Out,Sp18 Out,40,0.08013871228785374,0.06952985592902525,0.012683932065471373,0.010889242976183818,1.1525798697132037,0.25663570798961743,57984.75,51660.1,5154.725,3666.225,6050.790531445573,4682.67299080245,0.14200279475703553,15.25798697132037,1.122428140866936,1.4060034504156185,1.292165936705453
CD-FT,phi,45-90,67.5,45.0,90.0,Fa18 Out / Sp18 Out,Fa18 Out,Sp18 Out,9,0.024890924006680113,0.021721823599021223,0.009399267031521935,0.007921161456548226,1.1458947676843159,0.6015403836090998,43991.666666666664,39285.77777777778,878.2222222222222,637.2222222222222,1030.88694483703,813.88984286,0.13618578832090875,14.589476768431586,1.1197860690326156,1.378204010462075,1.2666172871927046
CD-FT,phi,60-105,82.5,60.0,105.0,Fa18 Out / Sp18 Out,Fa18 Out,Sp18 Out,21,0.05596146975356381,0.04927195439461046,0.011964685983553044,0.010304722856532248,1.1357672014667448,0.3396889811119477,62228.42857142857,55264.42857142857,3654.904761904762,2630.5714285714284,4290.250813902523,3359.8881080500946,0.127308371011973,13.576720146674482,1.1260123406686295,1.3893957496108034,1.2769028836476233
CD-FT,phi,75-105,90.0,75.0,105.0,Fa18 Out / Sp18 Out,Fa18 Out,Sp18 Out,11,0.03935559676620736,0.033878220120849636,0.014666660396005681,0.012575299383353679,1.1616784065343146,0.6110318834666189,49135.454545454544,43800.545454545456,2062.6363636363635,1461.6363636363637,2421.1923194567953,1866.869906342,0.1498658615486758,16.167840653431465,1.1218000606053058,1.411182982958079,1.296926106758532
CD-FT,phi,90-120,105.0,90.0,120.0,Fa18 Out / Sp18 Out,Fa18 Out,Sp18 Out,4,0.0175610767639359,0.015859350359583677,0.008933617597178341,0.007885613004089837,1.1073011419615864,0.7876814175392521,66942.25,59650.5,1047.0,762.0,1229.004008251385,973.2618208085,0.10192565102419004,10.730114196158635,1.1222412217835558,1.374015748031496,1.262768128755361
CD-FT,phi,105-150,127.5,105.0,150.0,Fa18 Out / Sp18 Out,Fa18 Out,Sp18 Out,2,0.0008436241588019,0.00089764549303805,0.0007994693385581,0.00087086434559195,0.9398188542635949,1.2745831768148161,56589.5,50568.0,43.0,37.5,50.47485420702,47.89674315,0.0620681305189225,-6.01811457364051,1.119077282075621,1.1466666666666667,1.0538264376128046
CD-FT,phi,240-270,255.0,240.0,270.0,Fa18 Out / Sp18 Out,Fa18 Out,Sp18 Out,3,0.0022536612885783332,0.002190011968601,0.0016020217887553962,0.0014232944086328035,1.0290634575928792,0.9911570821401666,93626.66666666667,83037.0,257.0,196.66666666666666,301.6752914235,251.19180852,0.02864912413691798,2.9063457592879205,1.1275294948838068,1.3067796610169493,1.20097583277474
CD-FT,phi,255-285,270.0,255.0,285.0,Fa18 Out / Sp18 Out,Fa18 Out,Sp18 Out,5,0.0480587760621482,0.041598154320503206,0.015031102298256879,0.01283704155163901,1.1553102979489798,0.5076187946757129,100711.8,89209.6,4770.4,3349.4,5599.656849048029,4278.009373508799,0.14436896412501626,15.531029794897977,1.1289345541287037,1.4242550904639635,1.3089398269492853
CD-FT,phi,240-300,270.0,240.0,300.0,Fa18 Out / Sp18 Out,Fa18 Out,Sp18 Out,7,0.008937373385307456,0.008674469786230857,0.00603302240250136,0.0058665602886604756,1.0303077427849148,0.9844987337260773,32442.285714285714,28739.14285714286,318.14285714285717,250.85714285714286,373.4468449143629,320.40640370085714,0.0298575370186971,3.030774278491477,1.1288536291966158,1.2682232346241458,1.165541139630362
CD-FT,phi,270-300,285.0,270.0,300.0,Fa18 Out / Sp18 Out,Fa18 Out,Sp18 Out,28,0.048468609869776705,0.042250161006214496,0.010865171936551392,0.009319236906828468,1.1471816607431993,0.36077763280589836,55253.96428571428,49213.53571428572,2782.1071428571427,1981.2142857142858,3265.731451721708,2530.498980479357,0.13730820463292867,14.718166074319928,1.1227391709162475,1.404243429354292,1.2905484163060497
CD-FT,phi,270-315,292.5,270.0,315.0,Fa18 Out / Sp18 Out,Fa18 Out,Sp18 Out,40,0.09063539856152732,0.07779178117998924,0.013068773806987294,0.011113599173697366,1.165102497805281,0.23649252500026346,61991.7,55248.2,5700.3,4024.85,6691.204917120541,5140.725511128051,0.15280906409630635,16.510249780528106,1.122058275201726,1.416276382970794,1.3016071180295836
CD-FT,phi,285-330,307.5,285.0,330.0,Fa18 Out / Sp18 Out,Fa18 Out,Sp18 Out,54,0.10513512611244166,0.09052036864016341,0.012045830664075526,0.010114441844806855,1.1614526950323727,0.1858776126970011,80863.70370370371,72082.96296296296,8590.611111111111,6086.185185185185,10083.949846106749,7773.558628746075,0.14967154491927856,16.14526950323727,1.1218143702729366,1.4114935464044254,1.2972115253388594
CD-FT,phi,300-345,322.5,300.0,345.0,Fa18 Out / Sp18 Out,Fa18 Out,Sp18 Out,51,0.08074644050291575,0.06958840669219497,0.008094959735862444,0.006961677735201488,1.1603432862039111,0.16433729610935827,154939.96078431373,138297.72549019608,9969.901960784313,7077.0392156862745,11703.008091369418,9039.123455369332,0.1487158977204213,16.034328620391115,1.120336290673829,1.4087673753009593,1.2947060795389083
CD-FT,phi,330-360,345.0,330.0,360.0,Fa18 Out / Sp18 Out,Fa18 Out,Sp18 Out,42,0.06000602034299628,0.05203974438807961,0.007233453967129045,0.006272505064992603,1.1530806126853583,0.19656357882946268,165350.04761904763,147967.54761904763,8739.42857142857,6296.785714285715,10258.636813847583,8042.547414073952,0.14243715444169006,15.308061268535834,1.117475083419997,1.387919006295729,1.27554570531914
CD-FT,e_theta,9.37-12.2,10.786989622250001,9.365926219999999,12.208053024500002,Fa18 Inb / Sp18 Inb,Fa18 Inb,Sp18 Inb,38,0.019463422862224446,0.013331415140141314,0.002880115944474333,0.0019260780380309464,1.4599667520381585,0.30193560362566063,173319.97368421053,91459.68421052632,2820.0526315789475,1051.3947368421052,3322.314212157621,1212.1009499427496,0.37841366288434225,45.996675203815855,1.8950423367442888,2.6822015868645663,2.7409550436492456
CD-FT,e_theta,12.2-13.8,12.98637319625,12.208053024500002,13.764693368,Fa18 Inb / Sp18 Inb,Fa18 Inb,Sp18 Inb,37,0.04239714058111059,0.030121454067690137,0.0055131150678203985,0.003960323798186446,1.4075396388844323,0.2602834108528737,165117.8918918919,86991.45945945945,5429.675675675676,2098.891891891892,6396.720565678897,2419.7085707611136,0.34184324325286325,40.75396388844324,1.8980931337155187,2.586924889581375,2.6435913163157596
CD-FT,e_theta,13.8-15.3,14.52717643275,13.764693368,15.2896594975,Fa18 Inb / Sp18 Inb,Fa18 Inb,Sp18 Inb,38,0.05177702177612633,0.03677266429960313,0.005900600830071057,0.004194872180843729,1.4080301974933356,0.22704057505422254,163511.6052631579,86063.15789473684,7275.368421052632,2804.184210526316,8571.137869300115,3232.8051742047232,0.3421917045892002,40.80301974933356,1.899902458414873,2.5944687919368614,2.651300467374633
CD-FT,e_theta,15.3-16.1,15.67830794025,15.2896594975,16.066956383,Fa18 Inb / Sp18 Inb,Fa18 Inb,Sp18 Inb,38,0.07477358357541779,0.05285065453555363,0.007415208149757846,0.005254429135051234,1.4148090356216154,0.19867292204509931,109085.34210526316,57462.15789473684,7057.815789473684,2693.2105263157896,8314.838326634661,3104.869106677583,0.34699456482979535,41.480903562161544,1.898385756850504,2.6205956498798146,2.6779996324972593
CD-FT,e_theta,16.1-17.2,16.62425223025,16.066956383,17.1815480775,Fa18 Inb / Sp18 Inb,Fa18 Inb,Sp18 Inb,39,0.0877287706916454,0.06230353884673555,0.009762133589245959,0.006759918821467874,1.4080864797657,0.21884134557029966,88093.51282051283,46352.666666666664,8058.0,3061.897435897436,9493.158965116356,3529.909995391156,0.3422316761378412,40.80864797657,1.9005058210353845,2.6317014755388812,2.6893487305656927
CD-FT,e_theta,17.2-18.4,17.77626554575,17.1815480775,18.370983014000004,Fa18 Inb / Sp18 Inb,Fa18 Inb,Sp18 Inb,38,0.08101468267384611,0.05761298039974959,0.011575024965052791,0.00819002860151147,1.4061880172093688,0.2834149777694849,86365.05263157895,45439.47368421053,6584.789473684211,2531.3684210526317,7757.564311923274,2918.2893544153276,0.34088250934807357,40.61880172093688,1.9006613771934904,2.6012766134397873,2.6582574137777657
CD-FT,e_theta,18.4-19.9,19.158209026250002,18.370983014000004,19.9454350385,Fa18 Inb / Sp18 Inb,Fa18 Inb,Sp18 Inb,39,0.07159656244684334,0.051005202191363716,0.008947201344133212,0.006219154104839502,1.4037109818371858,0.24508360982558564,83617.69230769231,44041.10256410256,6332.051282051282,2407.6923076923076,7459.812533607134,2775.7092850691183,0.33911943102058384,40.37109818371858,1.8986284956418917,2.6299254526091587,2.6875338039665695
CD-FT,e_theta,19.9-22.1,21.024752637250003,19.9454350385,22.104070236000002,Fa18 Inb / Sp18 Inb,Fa18 Inb,Sp18 Inb,39,0.09380063636737648,0.06570007018442554,0.013107158207937394,0.009136955963324872,1.4277098350743054,0.28146645038423634,63042.666666666664,33167.692307692305,6178.179487179487,2334.4615384615386,7278.535615143123,2691.2851560123017,0.35607164654346385,42.770983507430536,1.9007251418587752,2.646511576819999,2.704483246185546
CD-FT,e_theta,22.1-24.9,23.4995139235,22.104070236000002,24.894957611,Fa18 Inb / Sp18 Inb,Fa18 Inb,Sp18 Inb,39,0.08695930444826007,0.06070588190423037,0.012462938846843729,0.008578891734067002,1.432469173011062,0.28831958230695914,60949.05128205128,32052.48717948718,5450.615384615385,2039.7435897435898,6421.389712568164,2351.5194209504634,0.3593996496621594,43.246917301106194,1.9015389021372795,2.67220615964802,2.730740667228976
CD-FT,e_theta,24.9-29.7,27.317595703000002,24.894957611,29.740233795,Fa18 Inb / Sp18 Inb,Fa18 Inb,Sp18 Inb,36,0.05149166391023386,0.03211666696507223,0.008050988252959844,0.004931630981929163,1.6032692298435725,0.35135256738475173,39249.63888888889,20607.36111111111,2252.777777777778,743.3333333333334,2654.005653702036,856.9522063276495,0.47204481326373793,60.326922984357246,1.9046416800900436,3.030642750373692,3.0970287888929198
CD-FT,e_theta,7.96-11,9.4698820485,7.96411335,10.975650747,Fa18 Out / Sp18 Out,Fa18 Out,Sp18 Out,38,0.05149335465509578,0.04714949681369499,0.0074420231371459585,0.0066673033741586635,1.0921294634079546,0.22082447056956397,181442.7894736842,162269.6052631579,7381.894736842105,5593.605263157895,8665.117688686558,7144.412655251947,0.08812942652986899,9.212946340795458,1.1181563496098517,1.3197024798054169,1.2128523514549123
CD-FT,e_theta,11-12.1,11.546303307,10.975650747,12.116955867000001,Fa18 Out / Sp18 Out,Fa18 Out,Sp18 Out,39,0.06482383538792257,0.05679813822205103,0.008458153515617446,0.007308881644015132,1.1413021168844524,0.20915359993781113,167059.5128205128,149505.3076923077,8529.02564102564,6186.794871794872,10011.658738575512,7902.061997231077,0.13216981837675942,14.130211688445238,1.1174152637064425,1.378585490187952,1.2669678802929727
CD-FT,e_theta,12.1-13.7,12.885322915500002,12.116955867000001,13.653689964000002,Fa18 Out / Sp18 Out,Fa18 Out,Sp18 Out,44,0.07208990937521363,0.06376484189334354,0.008648546986330628,0.007694716583318434,1.130558897892275,0.19237645485303836,161669.77272727274,144393.20454545456,9568.818181818182,6899.818181818182,11232.202387459845,8812.768512971545,0.12271211035470064,13.055889789227493,1.1196494546693128,1.3868217871353659,1.2745373228545749
CD-FT,e_theta,13.7-15,14.338443925000002,13.653689964000002,15.023197886000002,Fa18 Out / Sp18 Out,Fa18 Out,Sp18 Out,42,0.08103531585033023,0.07007106477822797,0.011399601601430508,0.009728349101354724,1.1564733047343245,0.22857424686799446,141322.19047619047,125967.57142857143,8815.5,6275.4047619047615,10347.932029353431,8015.2386678217135,0.14537511961648086,15.647330473432453,1.1218934275979568,1.4047699446440565,1.2910323021192915
CD-FT,e_theta,15-15.9,15.442512348000001,15.023197886000002,15.86182681,Fa18 Out / Sp18 Out,Fa18 Out,Sp18 Out,44,0.08580670667553603,0.07506813721955785,0.009424881879707287,0.00826688132845399,1.1430509648130767,0.17778769624666776,103545.93181818182,92231.36363636363,8436.431818181818,6045.25,9902.96897790992,7721.274307399773,0.13370097245649218,14.305096481307666,1.1226759286182477,1.395547217763007,1.282556296234586
CD-FT,e_theta,15.9-17.2,16.5516058235,15.86182681,17.241384837000002,Fa18 Out / Sp18 Out,Fa18 Out,Sp18 Out,44,0.10677570973701775,0.09201708576735874,0.012019343408190938,0.010020554633469061,1.1603900389431192,0.18174139889593846,104843.36363636363,93431.38636363637,10499.977272727272,7378.977272727273,12325.228419026524,9424.77277710291,0.1487561890703216,16.03900389431192,1.1221428656566401,1.4229583429583428,1.3077480710166456
CD-FT,e_theta,17.2-18.9,18.060147954500003,17.241384837000002,18.878911072,Fa18 Out / Sp18 Out,Fa18 Out,Sp18 Out,44,0.09412683800914406,0.0803845400001859,0.012490126031556815,0.01054570541090593,1.1709569776592164,0.21849840461679218,70979.70454545454,63362.454545454544,7205.159090909091,5045.159090909091,8457.659410509128,6443.911710085408,0.1578213441107812,17.095697765921635,1.1202170915669876,1.4281331789699396,1.3125039247933814
CD-FT,e_theta,18.9-21,19.937547616,18.878911072,20.99618416,Fa18 Out / Sp18 Out,Fa18 Out,Sp18 Out,45,0.09973443239319714,0.08503583225562242,0.012595717735189436,0.010488733436729765,1.1728518407791897,0.2070466197944361,82178.22222222222,73220.6,8317.222222222223,5793.422222222222,9763.03672265045,7399.628163662135,0.1594382537476882,17.28518407791897,1.122337459980145,1.4356319810973364,1.3193955840368397
CD-FT,e_theta,21-23.5,22.249485829500003,20.99618416,23.502787499000004,Fa18 Out / Sp18 Out,Fa18 Out,Sp18 Out,44,0.08729739537836037,0.07340627777354995,0.011943613002442935,0.010016488220702438,1.1892360984119497,0.2297958623898637,57149.295454545456,50908.318181818184,5210.977272727273,3592.2272727272725,6116.8213515539655,4588.159653820862,0.173311166887915,18.923609841194967,1.1225924857788019,1.4506257196725254,1.3331753498290073
CD-FT,e_theta,23.5-28,25.771384519500003,23.502787499000004,28.03998154,Fa18 Out / Sp18 Out,Fa18 Out,Sp18 Out,45,0.06613419719162911,0.05574571701679935,0.008775168959162232,0.0073614195944716465,1.1863547682362596,0.2220863164783394,47674.066666666666,42507.13333333333,3540.3555555555554,2441.4444444444443,4155.789081575262,3118.3263325472894,0.17088538589249744,18.635476823625964,1.1215544998721783,1.4501069494379466,1.332698581992377
CD-FT,p_theta,42.1-49,45.56928489475,42.0966416,49.0419281895,Fa18 Inb / Sp18 Inb,Fa18 Inb,Sp18 Inb,34,0.04730166336759712,0.028773044197436922,0.008398657778143,0.004989740351423875,1.643957554265694,0.4080174829511523,42792.14705882353,22469.91176470588,2219.294117647059,722.9117647058823,2614.558432511241,833.409190688081,0.49710647772750416,64.3957554265694,1.9044198974576463,3.06993775173929,3.1371845447883815
CD-FT,p_theta,49-51.7,50.36335697775,49.0419281895,51.684785766,Fa18 Inb / Sp18 Inb,Fa18 Inb,Sp18 Inb,38,0.0750759683686292,0.05258498253821947,0.009322263893281356,0.006472175390912098,1.4277073937233502,0.24961297461513798,47192.07894736842,24898.184210526317,3755.9473684210525,1410.0,4424.895189008708,1625.519207518184,0.3560699365650197,42.77073937233502,1.8954024337010413,2.6637924598730867,2.7221426658898515
CD-FT,p_theta,51.7-54.2,52.91914357775,51.684785766,54.1535013895,Fa18 Inb / Sp18 Inb,Fa18 Inb,Sp18 Inb,39,0.07022984543560082,0.048546034636529616,0.01082736262575579,0.007424929068820529,1.4466649225095454,0.3141663082472559,68352.92307692308,35954.02564102564,4619.205128205128,1726.4615384615386,5441.902280285293,1990.3520509291168,0.3692608538049139,44.66649225095453,1.9011201627149201,2.675533178874829,2.7341405646026073
CD-FT,p_theta,54.2-56,55.055528355250004,54.1535013895,55.957555321,Fa18 Inb / Sp18 Inb,Fa18 Inb,Sp18 Inb,38,0.08751161503431437,0.06137669610681564,0.011341798713416569,0.00782601005789962,1.425811758945372,0.25922841481352865,73502.1052631579,38725.65789473684,7008.710526315789,2655.5263157894738,8256.987238373818,3061.4248456613145,0.3547413069288302,42.5811758945372,1.8980208280243958,2.6392924388068573,2.697105973408334
CD-FT,p_theta,56-57.8,56.859192178,55.957555321,57.760829035,Fa18 Inb / Sp18 Inb,Fa18 Inb,Sp18 Inb,39,0.0715422766182513,0.05017472229103139,0.011778368640085458,0.008303522339444199,1.4258629316028981,0.33284772086743875,74213.33333333333,39134.53846153846,5704.871794871795,2149.5897435897436,6720.930109748984,2478.155614531285,0.3547771964766115,42.58629316028981,1.896364087857339,2.6539351575732995,2.712069440005757
CD-FT,p_theta,57.8-59,58.3711135175,57.760829035,58.981398,Fa18 Inb / Sp18 Inb,Fa18 Inb,Sp18 Inb,38,0.051929221304626794,0.036763598595863554,0.007917606822614071,0.00543042116814678,1.4125173619556817,0.29985871823603616,83785.44736842105,44130.71052631579,3467.2368421052633,1326.8947368421052,4084.7642729951467,1529.7112631851967,0.3453734756129574,41.25173619556817,1.8985746290773762,2.6130458926659,2.67028449832406
CD-FT,p_theta,59-59.9,59.422585426249995,58.981398,59.8637728525,Fa18 Inb / Sp18 Inb,Fa18 Inb,Sp18 Inb,39,0.08362442178652885,0.05903503606722285,0.010284489207147664,0.007251462663351114,1.4165219055902025,0.24621876432847142,102757.07692307692,54081.35897435898,6972.076923076923,2642.6153846153848,8213.829057804833,3046.54047218008,0.3482045047577768,41.652190559020255,1.9000461318251276,2.6383245036968037,2.6961168357389593
CD-FT,p_theta,59.9-61.2,60.53908917925,59.8637728525,61.214405506000006,Fa18 Inb / Sp18 Inb,Fa18 Inb,Sp18 Inb,39,0.07636491739604352,0.05447899890137585,0.011489852888031058,0.008180024730639756,1.401731289781739,0.2979567763699128,157452.5128205128,82889.30769230769,11315.102564102564,4319.5641025641025,13330.363284637704,4979.811643136709,0.337708108175644,40.173128978173914,1.8995515489765002,2.6195010180276976,2.6768810228013176
CD-FT,p_theta,61.2-62.1,61.652910635750004,61.214405506000006,62.0914157655,Fa18 Inb / Sp18 Inb,Fa18 Inb,Sp18 Inb,38,0.05321647136897201,0.03760429382091968,0.006399295697316651,0.004450294653488406,1.4151700766513822,0.23876465296966137,150968.57894736843,79457.68421052632,5470.605263157895,2065.9736842105262,6444.939860827883,2381.758798517562,0.3472497193856433,41.517007665138216,1.8999871497308067,2.6479549594303693,2.705958245998419
CD-FT,p_theta,62.1-63.6,62.85403283775,62.0914157655,63.61664991,Fa18 Inb / Sp18 Inb,Fa18 Inb,Sp18 Inb,39,0.04517930170723813,0.03356861288282613,0.005727184322834433,0.0043525181526154555,1.345879314851049,0.24405116216051875,220801.41025641025,116340.28205128205,6635.589743589743,2632.923076923077,7817.412293773212,3035.3666903938124,0.29704756513062325,34.5879314851049,1.8978930286509226,2.5202368431303803,2.575442472408159
CD-FT,p_theta,42.1-49.8,45.966258322,42.11526273,49.817253914,Fa18 Out / Sp18 Out,Fa18 Out,Sp18 Out,41,0.05452673107088317,0.04583598709634634,0.007940817949959331,0.006676696891660449,1.1896052539736748,0.24503228044770997,49959.365853658535,44571.51219512195,3124.512195121951,2151.878048780488,3667.6580817899858,2748.478671801073,0.17362153274255113,18.960525397367476,1.120881105288733,1.4519931540231448,1.3344320694279124
CD-FT,p_theta,49.8-52.8,51.297215439999995,49.817253914,52.77717696599999,Fa18 Out / Sp18 Out,Fa18 Out,Sp18 Out,40,0.09854182158736924,0.08341838199662374,0.01090152636602018,0.009050695738405789,1.1812962470472947,0.18304520282576225,51773.7,46242.95,5119.45,3547.3,6009.383543489035,4530.7764526952,0.1666123499989462,18.129624704729473,1.1196020150098556,1.4431962337552504,1.3263473945871385
CD-FT,p_theta,52.8-55.3,54.034337409,52.77717696599999,55.291497852000006,Fa18 Out / Sp18 Out,Fa18 Out,Sp18 Out,43,0.06469868868552942,0.055528022789014767,0.009788172061826871,0.00823047320203395,1.165153834692794,0.2467761305047918,58114.51162790698,51874.3023255814,3409.0697674418607,2404.813953488372,4001.681383559016,3071.5401667664646,0.1528531252468376,16.51538346927941,1.1202948092325142,1.4176022899803689,1.3028256725588416
CD-FT,p_theta,55.3-57,56.1466027165,55.291497852000006,57.001707581,Fa18 Out / Sp18 Out,Fa18 Out,Sp18 Out,41,0.09560620202398554,0.0824793546207436,0.012207937069738183,0.010347336543977003,1.159153129454053,0.20749587457288732,83453.51219512195,74519.73170731707,8693.048780487805,6142.048780487805,10204.194646733085,7844.910209434051,0.1476896776786287,15.91531294540529,1.119884764519726,1.4153337251413687,1.3007407827895634
CD-FT,p_theta,57-58.5,57.7614264155,57.001707581,58.52114525,Fa18 Out / Sp18 Out,Fa18 Out,Sp18 Out,42,0.07089567547946836,0.05992655120122522,0.011770014407415366,0.009730374494129185,1.183042809211735,0.27472791229114996,88863.54761904762,79243.45238095238,5717.738095238095,3970.0714285714284,6711.674343047258,5070.759773371714,0.16808977133368463,18.30428092117351,1.121399244341954,1.440210383644291,1.3236032947749852
CD-FT,p_theta,58.5-59.6,59.071193347,58.52114525,59.621241444,Fa18 Out / Sp18 Out,Fa18 Out,Sp18 Out,45,0.09844886210411513,0.08553704655949715,0.011026657724704118,0.009281289831001753,1.1509499809025658,0.1794834308564739,81305.15555555555,72488.33333333333,7440.422222222222,5331.688888888889,8733.819230358018,6809.8808871164865,0.14058767171688932,15.094998090256585,1.121630913786893,1.395509448746697,1.2825215851985607
CD-FT,p_theta,59.6-61,60.3021303325,59.621241444,60.983019221,Fa18 Out / Sp18 Out,Fa18 Out,Sp18 Out,43,0.10826514828202,0.09276225219592975,0.012620096825308874,0.010692629722480028,1.1671250505361328,0.19133288350670366,143114.32558139536,127690.95348837209,13417.767441860466,9428.93023255814,15750.229195621536,12043.067987418744,0.15454350312162665,16.71250505361328,1.1207867250707606,1.4230423930308502,1.3078253159473665
CD-FT,p_theta,61-61.9,61.4269830975,60.983019221,61.870946974,Fa18 Out / Sp18 Out,Fa18 Out,Sp18 Out,45,0.09042040938301797,0.07820986866033962,0.010539585355968216,0.008924267590838466,1.1561253193725198,0.18858326905807948,160013.2,142601.24444444446,11415.244444444445,8114.066666666667,13399.599978390315,10363.663120944311,0.14507417213618434,15.612531937251983,1.1221024095784733,1.4068462724541468,1.2929405193913113
CD-FT,p_theta,61.9-62.6,62.253477331499994,61.870946974,62.636007688999996,Fa18 Out / Sp18 Out,Fa18 Out,Sp18 Out,44,0.06313804517803939,0.05559288709535149,0.008138437306255429,0.007133393767423092,1.1357216449245862,0.20656301847170486,145297.1590909091,129625.40909090909,7466.931818181818,5344.795454545455,8764.937090615935,6826.621202015683,0.12726825939774508,13.572164492458615,1.1209002934679964,1.397047254976166,1.2839348824610233
CD-FT,p_theta,62.6-64.2,63.4285640345,62.636007688999996,64.22112038,Fa18 Out / Sp18 Out,Fa18 Out,Sp18 Out,45,0.07091821273076061,0.06452004582539879,0.00959010215700919,0.008597417837346405,1.0991655666624331,0.20867529743984728,220687.13333333333,197359.44444444444,10832.866666666667,8100.311111111111,12715.985247538136,10346.093885973642,0.09455131617872047,9.916556666243315,1.1181989995693138,1.3373395809214461,1.229061459105585
CD-FT,g_theta,2.58-3.07,2.8228055207500002,2.57618408,3.0694269615,Fa18 Inb / Sp18 Inb,Fa18 Inb,Sp18 Inb,39,0.05347366505225949,0.036866302869154884,0.008821694376578593,0.006146665795302027,1.4504753905496603,0.3402111690589394,281421.0,148114.61538461538,9130.74358974359,3409.871794871795,10756.96207088036,3931.0724097422567,0.3718913582510857,45.04753905496604,1.9000218126295125,2.677738090762116,2.7363937749459177
CD-FT,g_theta,3.07-3.26,3.1627702382500003,3.0694269615,3.256113515,Fa18 Inb / Sp18 Inb,Fa18 Inb,Sp18 Inb,39,0.11831191112549487,0.08210874021405128,0.010905387414280246,0.007513935782671173,1.4409173836678613,0.18715657722003992,166416.89743589744,87614.10256410256,14120.76923076923,5304.051282051282,16635.729339470512,6114.778182010257,0.3652799827352647,44.091738366786124,1.8994304862523597,2.6622610679789998,2.720577728953931
CD-FT,g_theta,3.26-3.41,3.335459117,3.256113515,3.414804719,Fa18 Inb / Sp18 Inb,Fa18 Inb,Sp18 Inb,39,0.11624109294167692,0.08014966502033591,0.009128396783548933,0.006277375524216673,1.4503004212454755,0.1608530702364902,119428.82051282052,63060.743589743586,10777.25641025641,4078.25641025641,12696.724784113845,4701.619948973129,0.3717707220380522,45.030042124547556,1.8938695250692354,2.6426137363880997,2.7005000238028405
CD-FT,g_theta,3.41-3.6,3.5086565035,3.414804719,3.602508288,Fa18 Inb / Sp18 Inb,Fa18 Inb,Sp18 Inb,39,0.12016415819372818,0.08437089078317847,0.008625876815693517,0.006186512968570918,1.4242371637693556,0.1461460541647528,97479.79487179487,51400.94871794872,9494.71794871795,3637.5897435897436,11185.761580558717,4193.597161188205,0.35363634671311334,42.42371637693556,1.8964590596701547,2.610167341011941,2.6673428921793163
CD-FT,g_theta,3.6-3.78,3.6906501252500004,3.602508288,3.7787919625,Fa18 Inb / Sp18 Inb,Fa18 Inb,Sp18 Inb,39,0.08717640317580001,0.061539075903112805,0.00768211337340385,0.005482802978426857,1.4166024090620186,0.17751816027342338,79026.20512820513,41621.61538461538,5515.615384615385,2108.4358974358975,6497.966447826333,2430.71138234241,0.34826133493033323,41.660240906201864,1.8986818362993094,2.6159748993664036,2.673277664732215
CD-FT,g_theta,3.78-3.94,3.85913465375,3.7787919625,3.9394773450000002,Fa18 Inb / Sp18 Inb,Fa18 Inb,Sp18 Inb,39,0.06273544296463077,0.043930105811192305,0.005873636364897603,0.004068785019086606,1.428074023637961,0.18807309801046038,61990.53846153846,32663.05128205128,3361.6666666666665,1288.8461538461538,3960.391667212718,1485.846935185923,0.35632669985537246,42.8074023637961,1.8978795926393737,2.6082761364766736,2.6654102609278234
CD-FT,g_theta,3.94-4.06,4.00071082575,3.9394773450000002,4.0619443065,Fa18 Inb / Sp18 Inb,Fa18 Inb,Sp18 Inb,39,0.050345774709645644,0.03560905996259135,0.005272984345688402,0.0038127926129193235,1.4138473400459255,0.21176710980596247,55949.743589743586,29424.74358974359,1968.3076923076924,750.2820512820513,2318.8704163987436,864.9630393012974,0.34631459845352125,41.38473400459255,1.901452205321703,2.6234236697310416,2.6808895999439333
CD-FT,g_theta,4.06-4.19,4.12839574475,4.0619443065,4.194847182999999,Fa18 Inb / Sp18 Inb,Fa18 Inb,Sp18 Inb,39,0.027345136873314094,0.019689328765937177,0.0042731462537264125,0.003030921218142317,1.3888303252176668,0.3046452314702478,63025.282051282054,33167.769230769234,1460.6923076923076,566.7179487179487,1720.8468945201842,653.3410715504076,0.32846190023975197,38.88303252176668,1.9001965918411678,2.577459053479323,2.633918131668253
CD-FT,g_theta,4.19-4.3,4.2489286565,4.194847182999999,4.3030101300000005,Fa18 Inb / Sp18 Inb,Fa18 Inb,Sp18 Inb,39,0.010743699838093946,0.008050189842743872,0.0023393638069810936,0.0017533870551321698,1.3345896243400892,0.4110271770759235,52070.48717948718,27346.28205128205,461.79487179487177,185.97435897435898,544.0422098814433,214.40063306270312,0.2886238470978569,33.458962434008924,1.9041157800479136,2.4831104370605264,2.5375028147530423
CD-FT,g_theta,4.3-9.59,6.946302375,4.3030101300000005,9.58959462,Fa18 Inb / Sp18 Inb,Fa18 Inb,Sp18 Inb,30,0.0032618896699546994,0.002697299390759177,0.0009536048322678009,0.0007833748049987577,1.2093168749193295,0.49834444984038784,39531.2,20782.733333333334,113.56666666666666,50.06666666666667,133.793301043099,57.71938178942599,0.19005563399878253,20.931687491932948,1.9021174628938764,2.2683089214380825,2.3179960854606647
CD-FT,g_theta,2.62-3.07,2.845390828,2.6238195600000003,3.066962096,Fa18 Out / Sp18 Out,Fa18 Out,Sp18 Out,45,0.07865537013330089,0.06643083550166311,0.010236567936126637,0.008631208718188158,1.1840189806333496,0.21773984687796885,289744.7555555556,258240.33333333334,13606.2,9537.622222222222,15971.417704924224,12181.89444905689,0.1689145672736489,18.401898063334965,1.121996520898061,1.426581980600802,1.311078319691131
CD-FT,g_theta,3.07-3.29,3.178379171,3.066962096,3.289796246,Fa18 Out / Sp18 Out,Fa18 Out,Sp18 Out,44,0.14772881685443637,0.12525438362785912,0.010211428199062402,0.008359646876882433,1.1794303127413936,0.11332581389526962,175057.22727272726,156253.20454545456,18892.045454545456,13274.65909090909,22176.121860246363,16955.011650163862,0.16503153608660165,17.943031274139365,1.1203432773233304,1.4231661487625946,1.307939051757127
CD-FT,g_theta,3.29-3.47,3.3779383540000003,3.289796246,3.4660804620000003,Fa18 Out / Sp18 Out,Fa18 Out,Sp18 Out,45,0.15195496395529112,0.13114724786685775,0.009332053063595736,0.007715874538952468,1.1586591897800067,0.09854049017461167,132544.48888888888,118505.11111111111,15024.755555555555,10756.933333333332,17636.56618983267,13739.25527862378,0.14726346570501497,15.865918978000671,1.1184706519925065,1.3967508294392041,1.2836624571109412
CD-FT,g_theta,3.47-3.69,3.580264518,3.4660804620000003,3.694448574,Fa18 Out / Sp18 Out,Fa18 Out,Sp18 Out,44,0.1298318189677386,0.11312821244696361,0.00793887046324029,0.006780931632592526,1.1476519973176975,0.09826896491354656,103770.68181818182,92793.59090909091,11284.59090909091,8146.863636363636,13246.234440050228,10405.552935175909,0.13771811371669326,14.765199731769751,1.1182957874735666,1.3851454268513819,1.27299668961093
CD-FT,g_theta,3.69-3.83,3.761911247,3.694448574,3.82937392,Fa18 Out / Sp18 Out,Fa18 Out,Sp18 Out,44,0.11163365507627727,0.09665159832348182,0.008442965943992053,0.00713732385969999,1.155010957011308,0.12208889683473487,75542.75,67507.61363636363,7043.522727272727,5038.545454545455,8267.925180528204,6435.464466288818,0.14410983051863657,15.501095701130808,1.119025631789007,1.3979277930138567,1.2847441274578466
CD-FT,g_theta,3.83-3.99,3.908961756,3.82937392,3.988549592,Fa18 Out / Sp18 Out,Fa18 Out,Sp18 Out,45,0.06870899494156002,0.060556157994459986,0.006199262883419505,0.00532780083559188,1.134632665233582,0.14298720953821473,67919.57777777778,60625.933333333334,4127.4,3008.822222222222,4844.881703581556,3843.007604313866,0.12630895558367158,13.463266523358207,1.1203056850991895,1.3717659918609717,1.260700524803298
CD-FT,g_theta,3.99-4.1,4.0420942175,3.988549592,4.095638843,Fa18 Out / Sp18 Out,Fa18 Out,Sp18 Out,44,0.05840663943650523,0.0507880885381675,0.006050330198194069,0.0051702190977240174,1.1500066475747035,0.16702454649658716,65195.068181818184,58136.86363636364,2819.931818181818,2033.7954545454545,3310.131334801819,2597.6580934939543,0.13976772285819386,15.00066475747035,1.121406696267663,1.3865365919072044,1.274275218548704
CD-FT,g_theta,4.1-4.21,4.1547982139999995,4.095638843,4.213957585,Fa18 Out / Sp18 Out,Fa18 Out,Sp18 Out,45,0.03025193254605712,0.026690987504240225,0.003916155183302362,0.0033156793175555285,1.1334137615272266,0.20335046554087674,64903.97777777778,57867.86666666667,1403.3555555555556,1023.0666666666667,1647.3062108668958,1306.7083028976444,0.12523410648947003,13.341376152722662,1.1215892604377635,1.3717146704895955,1.2606533586830133
CD-FT,g_theta,4.21-4.33,4.2720274805,4.213957585,4.330097375999999,Fa18 Out / Sp18 Out,Fa18 Out,Sp18 Out,44,0.008563382619545364,0.007823700008116932,0.001495663990403824,0.0013806513631830137,1.0945438361211481,0.27176278811933546,50376.454545454544,44913.931818181816,353.1136363636364,264.04545454545456,414.4967282320555,337.2511284343636,0.09033768845435325,9.454383612114814,1.1216220113924966,1.337321397830952,1.229044748215648
CD-FT,g_theta,4.33-16.8,10.588387713,4.330097375999999,16.84667805,Fa18 Out / Sp18 Out,Fa18 Out,Sp18 Out,29,0.0027158867875206037,0.002469068817721121,0.0006858351944250306,0.0005914882296968526,1.0999639896741673,0.38287374160809556,50061.206896551725,44735.137931034486,101.65517241379311,77.34482758620689,119.32627923194104,98.78840909006895,0.09527744260862081,9.99639896741673,1.1190578415948582,1.3143111903700404,1.2078975694724163
